# https://github.com/mikedh/trimesh
mtllib material.mtl
usemtl material_0
v -0.59568000 0.30155000 0.15341000
v -0.59981000 0.30713000 0.15341000
v -0.59568000 0.30713000 0.15817000
v -0.59568000 0.34225000 0.15818000
v -0.59981000 0.34225000 0.15342000
v -0.59568000 0.34784000 0.15342000
v -0.59568000 0.30167000 -0.21359000
v -0.59568000 0.30726000 -0.21835000
v -0.59981000 0.30726000 -0.21359000
v -0.59568000 0.34796000 -0.21357000
v -0.59981000 0.34238000 -0.21358000
v -0.59568000 0.34238000 -0.21834000
v 0.59569000 0.30155000 0.15341000
v 0.59569000 0.30713000 0.15817000
v 0.59982000 0.30713000 0.15341000
v 0.59569000 0.34784000 0.15342000
v 0.59982000 0.34225000 0.15342000
v 0.59569000 0.34225000 0.15818000
v 0.59569000 0.30167000 -0.21359000
v 0.59982000 0.30726000 -0.21359000
v 0.59569000 0.30726000 -0.21835000
v 0.59569000 0.34796000 -0.21357000
v 0.59569000 0.34238000 -0.21834000
v 0.59982000 0.34238000 -0.21358000
v 0.59569000 0.30713000 0.15817000
v -0.59568000 0.30713000 0.15817000
v -0.59568000 0.34225000 0.15818000
v 0.59569000 0.34225000 0.15818000
v 0.59982000 0.30726000 -0.21359000
v 0.59982000 0.30713000 0.15341000
v 0.59982000 0.34225000 0.15342000
v 0.59982000 0.34238000 -0.21358000
v 0.59569000 0.34796000 -0.21357000
v 0.59569000 0.34784000 0.15342000
v -0.59568000 0.34784000 0.15342000
v -0.59568000 0.34796000 -0.21357000
v -0.59981000 0.30713000 0.15341000
v -0.59981000 0.30726000 -0.21359000
v -0.59981000 0.34238000 -0.21358000
v -0.59981000 0.34225000 0.15342000
v -0.59568000 0.30726000 -0.21835000
v 0.59569000 0.30726000 -0.21835000
v 0.59569000 0.34238000 -0.21834000
v -0.59568000 0.34238000 -0.21834000
v -0.59568000 0.30167000 -0.21359000
v -0.59981000 0.30726000 -0.21359000
v -0.59981000 0.30713000 0.15341000
v -0.59568000 0.30155000 0.15341000
v -0.59568000 0.30713000 0.15817000
v -0.59981000 0.30713000 0.15341000
v -0.59981000 0.34225000 0.15342000
v -0.59568000 0.34225000 0.15818000
v -0.59568000 0.34784000 0.15342000
v -0.59981000 0.34225000 0.15342000
v -0.59981000 0.34238000 -0.21358000
v -0.59568000 0.34796000 -0.21357000
v -0.59568000 0.34238000 -0.21834000
v -0.59981000 0.34238000 -0.21358000
v -0.59981000 0.30726000 -0.21359000
v -0.59568000 0.30726000 -0.21835000
v 0.59569000 0.30167000 -0.21359000
v 0.59569000 0.30726000 -0.21835000
v -0.59568000 0.30726000 -0.21835000
v -0.59568000 0.30167000 -0.21359000
v -0.59568000 0.34796000 -0.21357000
v -0.59568000 0.34238000 -0.21834000
v 0.59569000 0.34238000 -0.21834000
v 0.59569000 0.34796000 -0.21357000
v 0.59982000 0.34238000 -0.21358000
v 0.59569000 0.34238000 -0.21834000
v 0.59569000 0.30726000 -0.21835000
v 0.59982000 0.30726000 -0.21359000
v 0.59569000 0.30155000 0.15341000
v 0.59982000 0.30713000 0.15341000
v 0.59982000 0.30726000 -0.21359000
v 0.59569000 0.30167000 -0.21359000
v 0.59569000 0.34796000 -0.21357000
v 0.59982000 0.34238000 -0.21358000
v 0.59982000 0.34225000 0.15342000
v 0.59569000 0.34784000 0.15342000
v 0.59569000 0.34225000 0.15818000
v 0.59982000 0.34225000 0.15342000
v 0.59982000 0.30713000 0.15341000
v 0.59569000 0.30713000 0.15817000
v -0.59568000 0.30155000 0.15341000
v -0.59568000 0.30713000 0.15817000
v 0.59569000 0.30713000 0.15817000
v 0.59569000 0.30155000 0.15341000
v 0.59569000 0.34784000 0.15342000
v 0.59569000 0.34225000 0.15818000
v -0.59568000 0.34225000 0.15818000
v -0.59568000 0.34784000 0.15342000
v -0.59568000 0.30167000 -0.21359000
v -0.59568000 0.30155000 0.15341000
v 0.59569000 0.30155000 0.15341000
v 0.59569000 0.30167000 -0.21359000
v -0.55039000 -0.35025000 0.15072000
v -0.55039000 -0.34973000 0.15451000
v -0.54710000 -0.34973000 0.15072000
v -0.55039000 0.30491000 0.15474000
v -0.55039000 0.30543000 0.15095000
v -0.54710000 0.30491000 0.15095000
v -0.55039000 -0.35024000 0.10767000
v -0.54710000 -0.34971000 0.10767000
v -0.55039000 -0.34971000 0.10388000
v -0.55039000 0.30544000 0.10790000
v -0.55039000 0.30492000 0.10411000
v -0.54710000 0.30492000 0.10790000
v -0.59245000 -0.35025000 0.15072000
v -0.59573000 -0.34973000 0.15072000
v -0.59245000 -0.34973000 0.15451000
v -0.59245000 0.30543000 0.15095000
v -0.59245000 0.30491000 0.15474000
v -0.59573000 0.30491000 0.15095000
v -0.59245000 -0.35024000 0.10767000
v -0.59245000 -0.34971000 0.10388000
v -0.59573000 -0.34971000 0.10767000
v -0.59245000 0.30544000 0.10790000
v -0.59573000 0.30492000 0.10790000
v -0.59245000 0.30492000 0.10411000
v -0.55039000 -0.35014000 -0.16767000
v -0.55039000 -0.34962000 -0.16388000
v -0.54710000 -0.34962000 -0.16767000
v -0.55039000 0.30502000 -0.16365000
v -0.55039000 0.30554000 -0.16744000
v -0.54710000 0.30502000 -0.16744000
v -0.55039000 -0.35013000 -0.21072000
v -0.54710000 -0.34961000 -0.21072000
v -0.55039000 -0.34960000 -0.21451000
v -0.55039000 0.30555000 -0.21049000
v -0.55039000 0.30503000 -0.21428000
v -0.54710000 0.30503000 -0.21049000
v -0.59245000 -0.35014000 -0.16767000
v -0.59573000 -0.34962000 -0.16767000
v -0.59245000 -0.34962000 -0.16388000
v -0.59245000 0.30554000 -0.16744000
v -0.59245000 0.30502000 -0.16365000
v -0.59573000 0.30502000 -0.16744000
v -0.59245000 -0.35013000 -0.21072000
v -0.59245000 -0.34960000 -0.21451000
v -0.59573000 -0.34961000 -0.21072000
v -0.59245000 0.30555000 -0.21049000
v -0.59573000 0.30503000 -0.21049000
v -0.59245000 0.30503000 -0.21428000
v 0.55021000 -0.35025000 0.15072000
v 0.54692000 -0.34973000 0.15072000
v 0.55021000 -0.34973000 0.15451000
v 0.55021000 0.30491000 0.15474000
v 0.54692000 0.30491000 0.15095000
v 0.55021000 0.30543000 0.15095000
v 0.55021000 -0.35024000 0.10767000
v 0.55021000 -0.34971000 0.10388000
v 0.54692000 -0.34971000 0.10767000
v 0.55021000 0.30544000 0.10790000
v 0.54692000 0.30492000 0.10790000
v 0.55021000 0.30492000 0.10411000
v 0.59227000 -0.35025000 0.15072000
v 0.59227000 -0.34973000 0.15451000
v 0.59556000 -0.34973000 0.15072000
v 0.59227000 0.30543000 0.15095000
v 0.59556000 0.30491000 0.15095000
v 0.59227000 0.30491000 0.15474000
v 0.59227000 -0.35024000 0.10767000
v 0.59556000 -0.34971000 0.10767000
v 0.59227000 -0.34971000 0.10388000
v 0.59227000 0.30544000 0.10790000
v 0.59227000 0.30492000 0.10411000
v 0.59556000 0.30492000 0.10790000
v 0.55021000 -0.35014000 -0.16767000
v 0.54692000 -0.34962000 -0.16767000
v 0.55021000 -0.34962000 -0.16388000
v 0.55021000 0.30502000 -0.16365000
v 0.54692000 0.30502000 -0.16744000
v 0.55021000 0.30554000 -0.16744000
v 0.55021000 -0.35013000 -0.21072000
v 0.55021000 -0.34960000 -0.21451000
v 0.54692000 -0.34961000 -0.21072000
v 0.55021000 0.30555000 -0.21049000
v 0.54692000 0.30503000 -0.21049000
v 0.55021000 0.30503000 -0.21428000
v 0.59227000 -0.35014000 -0.16767000
v 0.59227000 -0.34962000 -0.16388000
v 0.59556000 -0.34962000 -0.16767000
v 0.59227000 0.30554000 -0.16744000
v 0.59556000 0.30502000 -0.16744000
v 0.59227000 0.30502000 -0.16365000
v 0.59227000 -0.35013000 -0.21072000
v 0.59556000 -0.34961000 -0.21072000
v 0.59227000 -0.34960000 -0.21451000
v 0.59227000 0.30555000 -0.21049000
v 0.59227000 0.30503000 -0.21428000
v 0.59556000 0.30503000 -0.21049000
v -0.54710000 -0.34973000 0.15072000
v -0.54710000 0.30491000 0.15095000
v -0.54710000 0.30492000 0.10790000
v -0.54710000 -0.34971000 0.10767000
v -0.59245000 -0.34973000 0.15451000
v -0.59245000 0.30491000 0.15474000
v -0.55039000 0.30491000 0.15474000
v -0.55039000 -0.34973000 0.15451000
v -0.59573000 -0.34971000 0.10767000
v -0.59573000 0.30492000 0.10790000
v -0.59573000 0.30491000 0.15095000
v -0.59573000 -0.34973000 0.15072000
v -0.55039000 -0.35024000 0.10767000
v -0.59245000 -0.35024000 0.10767000
v -0.59245000 -0.35025000 0.15072000
v -0.55039000 -0.35025000 0.15072000
v -0.59245000 0.30544000 0.10790000
v -0.55039000 0.30544000 0.10790000
v -0.55039000 0.30543000 0.15095000
v -0.59245000 0.30543000 0.15095000
v -0.55039000 -0.34971000 0.10388000
v -0.55039000 0.30492000 0.10411000
v -0.59245000 0.30492000 0.10411000
v -0.59245000 -0.34971000 0.10388000
v -0.54710000 -0.34971000 0.10767000
v -0.55039000 -0.35024000 0.10767000
v -0.55039000 -0.35025000 0.15072000
v -0.54710000 -0.34973000 0.15072000
v -0.54710000 -0.34973000 0.15072000
v -0.55039000 -0.34973000 0.15451000
v -0.55039000 0.30491000 0.15474000
v -0.54710000 0.30491000 0.15095000
v -0.54710000 0.30491000 0.15095000
v -0.55039000 0.30543000 0.15095000
v -0.55039000 0.30544000 0.10790000
v -0.54710000 0.30492000 0.10790000
v -0.54710000 0.30492000 0.10790000
v -0.55039000 0.30492000 0.10411000
v -0.55039000 -0.34971000 0.10388000
v -0.54710000 -0.34971000 0.10767000
v -0.59245000 -0.34971000 0.10388000
v -0.59245000 -0.35024000 0.10767000
v -0.55039000 -0.35024000 0.10767000
v -0.55039000 -0.34971000 0.10388000
v -0.55039000 0.30492000 0.10411000
v -0.55039000 0.30544000 0.10790000
v -0.59245000 0.30544000 0.10790000
v -0.59245000 0.30492000 0.10411000
v -0.59245000 0.30492000 0.10411000
v -0.59573000 0.30492000 0.10790000
v -0.59573000 -0.34971000 0.10767000
v -0.59245000 -0.34971000 0.10388000
v -0.59573000 -0.34973000 0.15072000
v -0.59245000 -0.35025000 0.15072000
v -0.59245000 -0.35024000 0.10767000
v -0.59573000 -0.34971000 0.10767000
v -0.59573000 0.30492000 0.10790000
v -0.59245000 0.30544000 0.10790000
v -0.59245000 0.30543000 0.15095000
v -0.59573000 0.30491000 0.15095000
v -0.59573000 0.30491000 0.15095000
v -0.59245000 0.30491000 0.15474000
v -0.59245000 -0.34973000 0.15451000
v -0.59573000 -0.34973000 0.15072000
v -0.55039000 -0.34973000 0.15451000
v -0.55039000 -0.35025000 0.15072000
v -0.59245000 -0.35025000 0.15072000
v -0.59245000 -0.34973000 0.15451000
v -0.59245000 0.30491000 0.15474000
v -0.59245000 0.30543000 0.15095000
v -0.55039000 0.30543000 0.15095000
v -0.55039000 0.30491000 0.15474000
v -0.54710000 -0.34962000 -0.16767000
v -0.54710000 0.30502000 -0.16744000
v -0.54710000 0.30503000 -0.21049000
v -0.54710000 -0.34961000 -0.21072000
v -0.59245000 -0.34962000 -0.16388000
v -0.59245000 0.30502000 -0.16365000
v -0.55039000 0.30502000 -0.16365000
v -0.55039000 -0.34962000 -0.16388000
v -0.59573000 -0.34961000 -0.21072000
v -0.59573000 0.30503000 -0.21049000
v -0.59573000 0.30502000 -0.16744000
v -0.59573000 -0.34962000 -0.16767000
v -0.55039000 -0.35013000 -0.21072000
v -0.59245000 -0.35013000 -0.21072000
v -0.59245000 -0.35014000 -0.16767000
v -0.55039000 -0.35014000 -0.16767000
v -0.59245000 0.30555000 -0.21049000
v -0.55039000 0.30555000 -0.21049000
v -0.55039000 0.30554000 -0.16744000
v -0.59245000 0.30554000 -0.16744000
v -0.55039000 -0.34960000 -0.21451000
v -0.55039000 0.30503000 -0.21428000
v -0.59245000 0.30503000 -0.21428000
v -0.59245000 -0.34960000 -0.21451000
v -0.54710000 -0.34961000 -0.21072000
v -0.55039000 -0.35013000 -0.21072000
v -0.55039000 -0.35014000 -0.16767000
v -0.54710000 -0.34962000 -0.16767000
v -0.54710000 -0.34962000 -0.16767000
v -0.55039000 -0.34962000 -0.16388000
v -0.55039000 0.30502000 -0.16365000
v -0.54710000 0.30502000 -0.16744000
v -0.54710000 0.30502000 -0.16744000
v -0.55039000 0.30554000 -0.16744000
v -0.55039000 0.30555000 -0.21049000
v -0.54710000 0.30503000 -0.21049000
v -0.54710000 0.30503000 -0.21049000
v -0.55039000 0.30503000 -0.21428000
v -0.55039000 -0.34960000 -0.21451000
v -0.54710000 -0.34961000 -0.21072000
v -0.59245000 -0.34960000 -0.21451000
v -0.59245000 -0.35013000 -0.21072000
v -0.55039000 -0.35013000 -0.21072000
v -0.55039000 -0.34960000 -0.21451000
v -0.55039000 0.30503000 -0.21428000
v -0.55039000 0.30555000 -0.21049000
v -0.59245000 0.30555000 -0.21049000
v -0.59245000 0.30503000 -0.21428000
v -0.59245000 0.30503000 -0.21428000
v -0.59573000 0.30503000 -0.21049000
v -0.59573000 -0.34961000 -0.21072000
v -0.59245000 -0.34960000 -0.21451000
v -0.59573000 -0.34962000 -0.16767000
v -0.59245000 -0.35014000 -0.16767000
v -0.59245000 -0.35013000 -0.21072000
v -0.59573000 -0.34961000 -0.21072000
v -0.59573000 0.30503000 -0.21049000
v -0.59245000 0.30555000 -0.21049000
v -0.59245000 0.30554000 -0.16744000
v -0.59573000 0.30502000 -0.16744000
v -0.59573000 0.30502000 -0.16744000
v -0.59245000 0.30502000 -0.16365000
v -0.59245000 -0.34962000 -0.16388000
v -0.59573000 -0.34962000 -0.16767000
v -0.55039000 -0.34962000 -0.16388000
v -0.55039000 -0.35014000 -0.16767000
v -0.59245000 -0.35014000 -0.16767000
v -0.59245000 -0.34962000 -0.16388000
v -0.59245000 0.30502000 -0.16365000
v -0.59245000 0.30554000 -0.16744000
v -0.55039000 0.30554000 -0.16744000
v -0.55039000 0.30502000 -0.16365000
v 0.55021000 -0.35024000 0.10767000
v 0.55021000 -0.35025000 0.15072000
v 0.59227000 -0.35025000 0.15072000
v 0.59227000 -0.35024000 0.10767000
v 0.59227000 -0.34973000 0.15451000
v 0.55021000 -0.34973000 0.15451000
v 0.55021000 0.30491000 0.15474000
v 0.59227000 0.30491000 0.15474000
v 0.59556000 -0.34971000 0.10767000
v 0.59556000 -0.34973000 0.15072000
v 0.59556000 0.30491000 0.15095000
v 0.59556000 0.30492000 0.10790000
v 0.59227000 0.30544000 0.10790000
v 0.59227000 0.30543000 0.15095000
v 0.55021000 0.30543000 0.15095000
v 0.55021000 0.30544000 0.10790000
v 0.54692000 -0.34973000 0.15072000
v 0.54692000 -0.34971000 0.10767000
v 0.54692000 0.30492000 0.10790000
v 0.54692000 0.30491000 0.15095000
v 0.55021000 -0.34971000 0.10388000
v 0.59227000 -0.34971000 0.10388000
v 0.59227000 0.30492000 0.10411000
v 0.55021000 0.30492000 0.10411000
v 0.55021000 -0.35024000 0.10767000
v 0.54692000 -0.34971000 0.10767000
v 0.54692000 -0.34973000 0.15072000
v 0.55021000 -0.35025000 0.15072000
v 0.55021000 -0.34973000 0.15451000
v 0.54692000 -0.34973000 0.15072000
v 0.54692000 0.30491000 0.15095000
v 0.55021000 0.30491000 0.15474000
v 0.55021000 0.30543000 0.15095000
v 0.54692000 0.30491000 0.15095000
v 0.54692000 0.30492000 0.10790000
v 0.55021000 0.30544000 0.10790000
v 0.55021000 0.30492000 0.10411000
v 0.54692000 0.30492000 0.10790000
v 0.54692000 -0.34971000 0.10767000
v 0.55021000 -0.34971000 0.10388000
v 0.59227000 -0.35024000 0.10767000
v 0.59227000 -0.34971000 0.10388000
v 0.55021000 -0.34971000 0.10388000
v 0.55021000 -0.35024000 0.10767000
v 0.55021000 0.30544000 0.10790000
v 0.55021000 0.30492000 0.10411000
v 0.59227000 0.30492000 0.10411000
v 0.59227000 0.30544000 0.10790000
v 0.59556000 0.30492000 0.10790000
v 0.59227000 0.30492000 0.10411000
v 0.59227000 -0.34971000 0.10388000
v 0.59556000 -0.34971000 0.10767000
v 0.59227000 -0.35025000 0.15072000
v 0.59556000 -0.34973000 0.15072000
v 0.59556000 -0.34971000 0.10767000
v 0.59227000 -0.35024000 0.10767000
v 0.59227000 0.30544000 0.10790000
v 0.59556000 0.30492000 0.10790000
v 0.59556000 0.30491000 0.15095000
v 0.59227000 0.30543000 0.15095000
v 0.59227000 0.30491000 0.15474000
v 0.59556000 0.30491000 0.15095000
v 0.59556000 -0.34973000 0.15072000
v 0.59227000 -0.34973000 0.15451000
v 0.55021000 -0.35025000 0.15072000
v 0.55021000 -0.34973000 0.15451000
v 0.59227000 -0.34973000 0.15451000
v 0.59227000 -0.35025000 0.15072000
v 0.59227000 0.30543000 0.15095000
v 0.59227000 0.30491000 0.15474000
v 0.55021000 0.30491000 0.15474000
v 0.55021000 0.30543000 0.15095000
v 0.59227000 -0.34962000 -0.16388000
v 0.55021000 -0.34962000 -0.16388000
v 0.55021000 0.30502000 -0.16365000
v 0.59227000 0.30502000 -0.16365000
v 0.59556000 -0.34961000 -0.21072000
v 0.59556000 -0.34962000 -0.16767000
v 0.59556000 0.30502000 -0.16744000
v 0.59556000 0.30503000 -0.21049000
v 0.59227000 0.30555000 -0.21049000
v 0.59227000 0.30554000 -0.16744000
v 0.55021000 0.30554000 -0.16744000
v 0.55021000 0.30555000 -0.21049000
v 0.54692000 -0.34962000 -0.16767000
v 0.54692000 -0.34961000 -0.21072000
v 0.54692000 0.30503000 -0.21049000
v 0.54692000 0.30502000 -0.16744000
v 0.55021000 -0.34960000 -0.21451000
v 0.59227000 -0.34960000 -0.21451000
v 0.59227000 0.30503000 -0.21428000
v 0.55021000 0.30503000 -0.21428000
v 0.55021000 -0.35013000 -0.21072000
v 0.54692000 -0.34961000 -0.21072000
v 0.54692000 -0.34962000 -0.16767000
v 0.55021000 -0.35014000 -0.16767000
v 0.55021000 -0.34962000 -0.16388000
v 0.54692000 -0.34962000 -0.16767000
v 0.54692000 0.30502000 -0.16744000
v 0.55021000 0.30502000 -0.16365000
v 0.55021000 0.30554000 -0.16744000
v 0.54692000 0.30502000 -0.16744000
v 0.54692000 0.30503000 -0.21049000
v 0.55021000 0.30555000 -0.21049000
v 0.55021000 0.30503000 -0.21428000
v 0.54692000 0.30503000 -0.21049000
v 0.54692000 -0.34961000 -0.21072000
v 0.55021000 -0.34960000 -0.21451000
v 0.59227000 -0.35013000 -0.21072000
v 0.59227000 -0.34960000 -0.21451000
v 0.55021000 -0.34960000 -0.21451000
v 0.55021000 -0.35013000 -0.21072000
v 0.55021000 0.30555000 -0.21049000
v 0.55021000 0.30503000 -0.21428000
v 0.59227000 0.30503000 -0.21428000
v 0.59227000 0.30555000 -0.21049000
v 0.59556000 0.30503000 -0.21049000
v 0.59227000 0.30503000 -0.21428000
v 0.59227000 -0.34960000 -0.21451000
v 0.59556000 -0.34961000 -0.21072000
v 0.59227000 -0.35014000 -0.16767000
v 0.59556000 -0.34962000 -0.16767000
v 0.59556000 -0.34961000 -0.21072000
v 0.59227000 -0.35013000 -0.21072000
v 0.59227000 0.30555000 -0.21049000
v 0.59556000 0.30503000 -0.21049000
v 0.59556000 0.30502000 -0.16744000
v 0.59227000 0.30554000 -0.16744000
v 0.59227000 0.30502000 -0.16365000
v 0.59556000 0.30502000 -0.16744000
v 0.59556000 -0.34962000 -0.16767000
v 0.59227000 -0.34962000 -0.16388000
v 0.55021000 -0.35014000 -0.16767000
v 0.55021000 -0.34962000 -0.16388000
v 0.59227000 -0.34962000 -0.16388000
v 0.59227000 -0.35014000 -0.16767000
v 0.59227000 0.30554000 -0.16744000
v 0.59227000 0.30502000 -0.16365000
v 0.55021000 0.30502000 -0.16365000
v 0.55021000 0.30554000 -0.16744000
v 0.55021000 -0.35013000 -0.21072000
v 0.55021000 -0.35014000 -0.16767000
v 0.59227000 -0.35014000 -0.16767000
v 0.59227000 -0.35013000 -0.21072000
v -0.57027000 -0.31656000 0.10362000
v -0.57027000 0.30299000 0.10383000
v -0.57027000 0.30308000 -0.16466000
v -0.57027000 -0.31647000 -0.16488000
v -0.57027000 -0.31647000 -0.16488000
v -0.57027000 0.30308000 -0.16466000
v -0.59459000 0.30308000 -0.16466000
v -0.59459000 -0.31647000 -0.16488000
v -0.59459000 -0.31647000 -0.16488000
v -0.59459000 0.30308000 -0.16466000
v -0.59459000 0.30299000 0.10383000
v -0.59459000 -0.31656000 0.10362000
v -0.59459000 -0.31656000 0.10362000
v -0.59459000 0.30299000 0.10383000
v -0.57027000 0.30299000 0.10383000
v -0.57027000 -0.31656000 0.10362000
v -0.57027000 -0.31647000 -0.16488000
v -0.59459000 -0.31647000 -0.16488000
v -0.59459000 -0.31656000 0.10362000
v -0.57027000 -0.31656000 0.10362000
v -0.59459000 0.30308000 -0.16466000
v -0.57027000 0.30308000 -0.16466000
v -0.57027000 0.30299000 0.10383000
v -0.59459000 0.30299000 0.10383000
v 0.57115000 -0.31656000 0.10362000
v 0.57115000 -0.31647000 -0.16488000
v 0.57115000 0.30308000 -0.16466000
v 0.57115000 0.30299000 0.10383000
v 0.57115000 -0.31647000 -0.16488000
v 0.59547000 -0.31647000 -0.16488000
v 0.59547000 0.30308000 -0.16466000
v 0.57115000 0.30308000 -0.16466000
v 0.59547000 -0.31647000 -0.16488000
v 0.59547000 -0.31656000 0.10362000
v 0.59547000 0.30299000 0.10383000
v 0.59547000 0.30308000 -0.16466000
v 0.59547000 -0.31656000 0.10362000
v 0.57115000 -0.31656000 0.10362000
v 0.57115000 0.30299000 0.10383000
v 0.59547000 0.30299000 0.10383000
v 0.57115000 -0.31647000 -0.16488000
v 0.57115000 -0.31656000 0.10362000
v 0.59547000 -0.31656000 0.10362000
v 0.59547000 -0.31647000 -0.16488000
v 0.59547000 0.30308000 -0.16466000
v 0.59547000 0.30299000 0.10383000
v 0.57115000 0.30299000 0.10383000
v 0.57115000 0.30308000 -0.16466000
v -0.55187000 -0.31646000 -0.18782000
v -0.55187000 0.30309000 -0.18761000
v 0.55170000 0.30309000 -0.18761000
v 0.55170000 -0.31646000 -0.18782000
v 0.55170000 -0.31646000 -0.18782000
v 0.55170000 0.30309000 -0.18761000
v 0.55170000 0.30310000 -0.21566000
v 0.55170000 -0.31645000 -0.21587000
v 0.55170000 -0.31645000 -0.21587000
v 0.55170000 0.30310000 -0.21566000
v -0.55187000 0.30310000 -0.21566000
v -0.55187000 -0.31645000 -0.21587000
v -0.55187000 -0.31645000 -0.21587000
v -0.55187000 0.30310000 -0.21566000
v -0.55187000 0.30309000 -0.18761000
v -0.55187000 -0.31646000 -0.18782000
v 0.55170000 -0.31646000 -0.18782000
v 0.55170000 -0.31645000 -0.21587000
v -0.55187000 -0.31645000 -0.21587000
v -0.55187000 -0.31646000 -0.18782000
v 0.55170000 0.30310000 -0.21566000
v 0.55170000 0.30309000 -0.18761000
v -0.55187000 0.30309000 -0.18761000
v -0.55187000 0.30310000 -0.21566000
v -0.55187000 -0.31657000 0.12464000
v 0.55170000 -0.31657000 0.12464000
v 0.55170000 0.30298000 0.12485000
v -0.55187000 0.30298000 0.12485000
v 0.55170000 -0.31657000 0.12464000
v 0.55170000 -0.31658000 0.15269000
v 0.55170000 -0.00680000 0.15280000
v 0.55170000 0.30297000 0.15290000
v 0.55170000 0.30298000 0.12485000
v -0.54187000 -0.01680000 0.15279000
v -0.54187000 -0.01672000 -0.08816000
v -0.54187000 -0.30650000 -0.08826000
v -0.54187000 -0.30658000 0.15269000
v -0.55187000 0.30298000 0.12485000
v -0.55187000 0.30297000 0.15290000
v -0.55187000 -0.00680000 0.15280000
v -0.55187000 -0.31658000 0.15269000
v -0.55187000 -0.31657000 0.12464000
v -0.00009000 -0.31658000 0.15269000
v 0.55170000 -0.31658000 0.15269000
v 0.55170000 -0.31657000 0.12464000
v -0.55187000 -0.31657000 0.12464000
v -0.55187000 -0.31658000 0.15269000
v -0.55187000 0.30298000 0.12485000
v 0.55170000 0.30298000 0.12485000
v 0.55170000 0.30297000 0.15290000
v -0.00009000 0.30297000 0.15290000
v -0.55187000 0.30297000 0.15290000
v 0.54170000 -0.30658000 0.15269000
v 0.54170000 -0.30650000 -0.08826000
v 0.54170000 -0.01672000 -0.08816000
v 0.54170000 -0.01680000 0.15279000
v 0.00991000 0.29297000 0.15290000
v 0.00991000 0.29306000 -0.08805000
v 0.00991000 0.00328000 -0.08815000
v 0.00991000 0.00320000 0.15280000
v -0.01009000 0.00320000 0.15280000
v -0.01009000 0.00328000 -0.08815000
v -0.01009000 0.29306000 -0.08805000
v -0.01009000 0.29297000 0.15290000
v -0.01009000 -0.30658000 0.15269000
v -0.55187000 -0.31658000 0.15269000
v -0.54187000 -0.30658000 0.15269000
v -0.00009000 -0.31658000 0.15269000
v -0.01009000 -0.01680000 0.15279000
v -0.00009000 -0.00680000 0.15280000
v 0.00991000 -0.30658000 0.15269000
v 0.00991000 -0.01680000 0.15279000
v 0.54170000 -0.30658000 0.15269000
v 0.55170000 -0.31658000 0.15269000
v 0.54170000 -0.01680000 0.15279000
v 0.55170000 -0.00680000 0.15280000
v 0.54170000 0.00320000 0.15280000
v 0.54170000 0.29297000 0.15290000
v 0.55170000 0.30297000 0.15290000
v 0.00991000 0.29297000 0.15290000
v -0.00009000 0.30297000 0.15290000
v 0.00991000 0.00320000 0.15280000
v -0.01009000 0.29297000 0.15290000
v -0.01009000 0.00320000 0.15280000
v -0.55187000 -0.00680000 0.15280000
v -0.54187000 0.00320000 0.15280000
v -0.54187000 -0.30658000 0.15269000
v -0.55187000 -0.31658000 0.15269000
v -0.55187000 -0.00680000 0.15280000
v -0.54187000 -0.01680000 0.15279000
v -0.00009000 -0.00680000 0.15280000
v -0.01009000 -0.01680000 0.15279000
v -0.54187000 0.00320000 0.15280000
v -0.55187000 0.30297000 0.15290000
v -0.54187000 0.29297000 0.15290000
v -0.00009000 0.30297000 0.15290000
v -0.01009000 0.29297000 0.15290000
v -0.01009000 0.00328000 -0.08815000
v -0.54187000 0.00328000 -0.08815000
v -0.54187000 0.29306000 -0.08805000
v -0.01009000 0.29306000 -0.08805000
v -0.01009000 -0.30650000 -0.08826000
v -0.54187000 -0.30650000 -0.08826000
v -0.54187000 -0.01672000 -0.08816000
v -0.01009000 -0.01672000 -0.08816000
v 0.54170000 -0.30650000 -0.08826000
v 0.00991000 -0.30650000 -0.08826000
v 0.00991000 -0.01672000 -0.08816000
v 0.54170000 -0.01672000 -0.08816000
v 0.54170000 0.00328000 -0.08815000
v 0.00991000 0.00328000 -0.08815000
v 0.00991000 0.29306000 -0.08805000
v 0.54170000 0.29306000 -0.08805000
v 0.00991000 -0.30658000 0.15269000
v 0.00991000 -0.30650000 -0.08826000
v 0.54170000 -0.30650000 -0.08826000
v 0.54170000 -0.30658000 0.15269000
v -0.01009000 0.29297000 0.15290000
v -0.01009000 0.29306000 -0.08805000
v -0.54187000 0.29306000 -0.08805000
v -0.54187000 0.29297000 0.15290000
v -0.54187000 -0.30658000 0.15269000
v -0.54187000 -0.30650000 -0.08826000
v -0.01009000 -0.30650000 -0.08826000
v -0.01009000 -0.30658000 0.15269000
v 0.54170000 0.00320000 0.15280000
v 0.54170000 0.00328000 -0.08815000
v 0.54170000 0.29306000 -0.08805000
v 0.54170000 0.29297000 0.15290000
v 0.54170000 -0.01680000 0.15279000
v 0.54170000 -0.01672000 -0.08816000
v 0.00991000 -0.01672000 -0.08816000
v 0.00991000 -0.01680000 0.15279000
v -0.54187000 0.29297000 0.15290000
v -0.54187000 0.29306000 -0.08805000
v -0.54187000 0.00328000 -0.08815000
v -0.54187000 0.00320000 0.15280000
v -0.01009000 -0.01680000 0.15279000
v -0.01009000 -0.01672000 -0.08816000
v -0.54187000 -0.01672000 -0.08816000
v -0.54187000 -0.01680000 0.15279000
v 0.54170000 0.29297000 0.15290000
v 0.54170000 0.29306000 -0.08805000
v 0.00991000 0.29306000 -0.08805000
v 0.00991000 0.29297000 0.15290000
v 0.00991000 -0.01680000 0.15279000
v 0.00991000 -0.01672000 -0.08816000
v 0.00991000 -0.30650000 -0.08826000
v 0.00991000 -0.30658000 0.15269000
v -0.54187000 0.00320000 0.15280000
v -0.54187000 0.00328000 -0.08815000
v -0.01009000 0.00328000 -0.08815000
v -0.01009000 0.00320000 0.15280000
v -0.01009000 -0.30658000 0.15269000
v -0.01009000 -0.30650000 -0.08826000
v -0.01009000 -0.01672000 -0.08816000
v -0.01009000 -0.01680000 0.15279000
v 0.00991000 0.00320000 0.15280000
v 0.00991000 0.00328000 -0.08815000
v 0.54170000 0.00328000 -0.08815000
v 0.54170000 0.00320000 0.15280000
v -0.54255600 0.30103300 0.16088150
v -0.54843600 0.29516300 0.16087150
v -0.54255600 0.29516300 0.15500150
v -0.00940600 0.30103300 0.16088150
v -0.00940600 0.29516300 0.15500150
v -0.00352600 0.29516300 0.16087150
v -0.54843600 0.00100300 0.16077150
v -0.54255600 -0.00487700 0.16077150
v -0.54255600 0.00100300 0.15490150
v -0.00940600 -0.00487700 0.16077150
v -0.00352600 0.00100300 0.16077150
v -0.00940600 0.00100300 0.15490150
v -0.00940600 0.30103300 0.17411150
v -0.00352600 0.29516300 0.17410150
v -0.00940600 0.29515300 0.17998150
v -0.54255600 0.30103300 0.17411150
v -0.54255600 0.29515300 0.17998150
v -0.54843600 0.29516300 0.17410150
v -0.54843600 0.00099300 0.17400150
v -0.54255600 0.00099300 0.17988150
v -0.54255600 -0.00487700 0.17400150
v -0.00940600 -0.00487700 0.17400150
v -0.00940600 0.00099300 0.17988150
v -0.00352600 0.00099300 0.17400150
v -0.54843600 0.29516300 0.16087150
v -0.54843600 0.29516300 0.17410150
v -0.54843600 0.00099300 0.17400150
v -0.54843600 0.00100300 0.16077150
v -0.00352600 0.00100300 0.16077150
v -0.00352600 0.00099300 0.17400150
v -0.00352600 0.29516300 0.17410150
v -0.00352600 0.29516300 0.16087150
v -0.00940600 0.00099300 0.17988150
v -0.54255600 0.00099300 0.17988150
v -0.54255600 0.29515300 0.17998150
v -0.00940600 0.29515300 0.17998150
v -0.00940600 0.30103300 0.16088150
v -0.00940600 0.30103300 0.17411150
v -0.54255600 0.30103300 0.17411150
v -0.54255600 0.30103300 0.16088150
v -0.03715600 0.28524300 -0.06002850
v -0.03715600 0.02851300 -0.06011850
v -0.51480600 0.02851300 -0.06011850
v -0.51480600 0.28524300 -0.06002850
v -0.54255600 -0.00487700 0.16077150
v -0.54255600 -0.00487700 0.17400150
v -0.00940600 -0.00487700 0.17400150
v -0.00940600 -0.00487700 0.16077150
v -0.00940600 0.29516300 0.15500150
v -0.00940600 0.30103300 0.16088150
v -0.54255600 0.30103300 0.16088150
v -0.54255600 0.29516300 0.15500150
v -0.54255600 0.29516300 0.15500150
v -0.54843600 0.29516300 0.16087150
v -0.54843600 0.00100300 0.16077150
v -0.54255600 0.00100300 0.15490150
v -0.00940600 -0.00487700 0.16077150
v -0.00940600 0.00100300 0.15490150
v -0.54255600 0.00100300 0.15490150
v -0.54255600 -0.00487700 0.16077150
v -0.00352600 0.29516300 0.16087150
v -0.00940600 0.29516300 0.15500150
v -0.00940600 0.00100300 0.15490150
v -0.00352600 0.00100300 0.16077150
v -0.00940600 0.30103300 0.17411150
v -0.00940600 0.29515300 0.17998150
v -0.54255600 0.29515300 0.17998150
v -0.54255600 0.30103300 0.17411150
v -0.54843600 0.29516300 0.17410150
v -0.54255600 0.29515300 0.17998150
v -0.54255600 0.00099300 0.17988150
v -0.54843600 0.00099300 0.17400150
v -0.00940600 0.00099300 0.17988150
v -0.00940600 -0.00487700 0.17400150
v -0.54255600 -0.00487700 0.17400150
v -0.54255600 0.00099300 0.17988150
v -0.00940600 0.29515300 0.17998150
v -0.00352600 0.29516300 0.17410150
v -0.00352600 0.00099300 0.17400150
v -0.00940600 0.00099300 0.17988150
v -0.54843600 0.29516300 0.16087150
v -0.54255600 0.30103300 0.16088150
v -0.54255600 0.30103300 0.17411150
v -0.54843600 0.29516300 0.17410150
v -0.00352600 0.29516300 0.17410150
v -0.00940600 0.30103300 0.17411150
v -0.00940600 0.30103300 0.16088150
v -0.00352600 0.29516300 0.16087150
v -0.54255600 -0.00487700 0.16077150
v -0.54843600 0.00100300 0.16077150
v -0.54843600 0.00099300 0.17400150
v -0.54255600 -0.00487700 0.17400150
v -0.00352600 0.00100300 0.16077150
v -0.00940600 -0.00487700 0.16077150
v -0.00940600 -0.00487700 0.17400150
v -0.00352600 0.00099300 0.17400150
v -0.01940600 0.28516300 0.15500150
v -0.54255600 0.29516300 0.15500150
v -0.53255600 0.28516300 0.15500150
v -0.00940600 0.29516300 0.15500150
v -0.01940600 0.01100300 0.15490150
v -0.00940600 0.00100300 0.15490150
v -0.53255600 0.28516300 0.15500150
v -0.54255600 0.29516300 0.15500150
v -0.54255600 0.00100300 0.15490150
v -0.53255600 0.01100300 0.15490150
v -0.00940600 0.00100300 0.15490150
v -0.01940600 0.01100300 0.15490150
v -0.01940600 0.01108300 -0.07786850
v -0.01940600 0.28524300 -0.07777850
v -0.53255600 0.28524300 -0.07777850
v -0.53255600 0.01108300 -0.07786850
v -0.53255600 0.01100300 0.15490150
v -0.53255600 0.01108300 -0.07786850
v -0.53255600 0.28524300 -0.07777850
v -0.53255600 0.28516300 0.15500150
v -0.01940600 0.01100300 0.15490150
v -0.01940600 0.01108300 -0.07786850
v -0.53255600 0.01108300 -0.07786850
v -0.53255600 0.01100300 0.15490150
v -0.01940600 0.28516300 0.15500150
v -0.01940600 0.28524300 -0.07777850
v -0.01940600 0.01108300 -0.07786850
v -0.01940600 0.01100300 0.15490150
v -0.51480600 0.28524300 -0.06002850
v -0.51480600 0.02851300 -0.06011850
v -0.51480600 0.02844300 0.13716150
v -0.51480600 0.28517300 0.13725150
v -0.03715600 0.28517300 0.13725150
v -0.53255600 0.28516300 0.15500150
v -0.51480600 0.28517300 0.13725150
v -0.01940600 0.28516300 0.15500150
v -0.03715600 0.28524300 -0.06002850
v -0.01940600 0.28524300 -0.07777850
v -0.51480600 0.28524300 -0.06002850
v -0.01940600 0.28524300 -0.07777850
v -0.03715600 0.28524300 -0.06002850
v -0.53255600 0.28524300 -0.07777850
v -0.51480600 0.28517300 0.13725150
v -0.53255600 0.28516300 0.15500150
v -0.51480600 0.02844300 0.13716150
v -0.51480600 0.02851300 -0.06011850
v -0.03715600 0.02851300 -0.06011850
v -0.03715600 0.02844300 0.13716150
v -0.51480600 0.28517300 0.13725150
v -0.51480600 0.02844300 0.13716150
v -0.03715600 0.02844300 0.13716150
v -0.03715600 0.28517300 0.13725150
v -0.03715600 0.28517300 0.13725150
v -0.03715600 0.02844300 0.13716150
v -0.03715600 0.02851300 -0.06011850
v -0.03715600 0.28524300 -0.06002850
v -0.41547600 0.24946300 0.17267150
v -0.41639600 0.25007300 0.20305150
v -0.41639600 0.25007300 0.17267150
v -0.41547600 0.24946300 0.20305150
v -0.41486600 0.24854300 0.17267150
v -0.41486600 0.24854300 0.20305150
v -0.41464600 0.24745300 0.17267150
v -0.41464600 0.24745300 0.20305150
v -0.41486600 0.24637300 0.17267150
v -0.41486600 0.24637300 0.20305150
v -0.41547600 0.24545300 0.17267150
v -0.41547600 0.24545300 0.20305150
v -0.41639600 0.24484300 0.17267150
v -0.41639600 0.24484300 0.20305150
v -0.41639600 0.25007300 0.17267150
v -0.41639600 0.25007300 0.20305150
v -0.41747600 0.25029300 0.20305150
v -0.41747600 0.25029300 0.17267150
v -0.41856600 0.25007300 0.20305150
v -0.41856600 0.25007300 0.17267150
v -0.41856600 0.25007300 0.17267150
v -0.41856600 0.25007300 0.20305150
v -0.41948600 0.24946300 0.20305150
v -0.41948600 0.24946300 0.17267150
v -0.42009600 0.24854300 0.20305150
v -0.42009600 0.24854300 0.17267150
v -0.42031600 0.24746300 0.20305150
v -0.42030600 0.24746300 0.17267150
v -0.42009600 0.24637300 0.20305150
v -0.42009600 0.24637300 0.17267150
v -0.41948600 0.24545300 0.20305150
v -0.41948600 0.24545300 0.17267150
v -0.41856600 0.24484300 0.20305150
v -0.41856600 0.24484300 0.17267150
v -0.41856600 0.24484300 0.17267150
v -0.41856600 0.24484300 0.20305150
v -0.41747600 0.24462300 0.20305150
v -0.41747600 0.24462300 0.17267150
v -0.41639600 0.24484300 0.20305150
v -0.41639600 0.24484300 0.17267150
v -0.13332600 0.24946300 0.17267150
v -0.13423600 0.25007300 0.20305150
v -0.13423600 0.25007300 0.17267150
v -0.13332600 0.24946300 0.20305150
v -0.13270600 0.24854300 0.17267150
v -0.13270600 0.24854300 0.20305150
v -0.13249600 0.24745300 0.17267150
v -0.13249600 0.24745300 0.20305150
v -0.13270600 0.24637300 0.17267150
v -0.13270600 0.24637300 0.20305150
v -0.13332600 0.24545300 0.17267150
v -0.13332600 0.24545300 0.20305150
v -0.13423600 0.24484300 0.17267150
v -0.13423600 0.24484300 0.20305150
v -0.13423600 0.25007300 0.17267150
v -0.13423600 0.25007300 0.20305150
v -0.13532600 0.25029300 0.20305150
v -0.13532600 0.25029300 0.17267150
v -0.13640600 0.25007300 0.20305150
v -0.13640600 0.25007300 0.17267150
v -0.13640600 0.25007300 0.17267150
v -0.13640600 0.25007300 0.20305150
v -0.13732600 0.24946300 0.20305150
v -0.13732600 0.24946300 0.17267150
v -0.13793600 0.24854300 0.20305150
v -0.13793600 0.24854300 0.17267150
v -0.13815600 0.24745300 0.20305150
v -0.13815600 0.24745300 0.17267150
v -0.13793600 0.24637300 0.20305150
v -0.13793600 0.24637300 0.17267150
v -0.13732600 0.24545300 0.20305150
v -0.13732600 0.24545300 0.17267150
v -0.13640600 0.24484300 0.20305150
v -0.13640600 0.24484300 0.17267150
v -0.13640600 0.24484300 0.17267150
v -0.13640600 0.24484300 0.20305150
v -0.13532600 0.24462300 0.20305150
v -0.13532600 0.24462300 0.17267150
v -0.13423600 0.24484300 0.20305150
v -0.13423600 0.24484300 0.17267150
v -0.42754600 0.24929300 0.20201150
v -0.12441600 0.24929300 0.20201150
v -0.12441600 0.25084300 0.20305150
v -0.42754600 0.25084300 0.20305150
v -0.12441600 0.25188300 0.20460150
v -0.42754600 0.25188300 0.20460150
v -0.12441600 0.25224300 0.20644150
v -0.42754600 0.25224300 0.20644150
v -0.12441600 0.25188300 0.20827150
v -0.42754600 0.25188300 0.20827150
v -0.12441600 0.25084300 0.20982150
v -0.42754600 0.25084300 0.20982150
v -0.12441600 0.24929300 0.21086150
v -0.42754600 0.24929300 0.21086150
v -0.42754600 0.24929300 0.21086150
v -0.12441600 0.24929300 0.21086150
v -0.12441600 0.24745300 0.21122150
v -0.42754600 0.24746300 0.21122150
v -0.12441600 0.24562300 0.21086150
v -0.42754600 0.24562300 0.21086150
v -0.42754600 0.24562300 0.21086150
v -0.12441600 0.24562300 0.21086150
v -0.12441600 0.24407300 0.20982150
v -0.42754600 0.24407300 0.20982150
v -0.12441600 0.24303300 0.20827150
v -0.42754600 0.24303300 0.20827150
v -0.12441600 0.24267300 0.20644150
v -0.42754600 0.24267300 0.20644150
v -0.12441600 0.24303300 0.20460150
v -0.42754600 0.24303300 0.20460150
v -0.12441600 0.24407300 0.20305150
v -0.42754600 0.24407300 0.20305150
v -0.12441600 0.24562300 0.20201150
v -0.42754600 0.24562300 0.20201150
v -0.42754600 0.24562300 0.20201150
v -0.12441600 0.24562300 0.20201150
v -0.12441600 0.24745300 0.20165150
v -0.42754600 0.24746300 0.20165150
v -0.12441600 0.24929300 0.20201150
v -0.42754600 0.24929300 0.20201150
v -0.41639600 0.25007300 0.17267150
v -0.41747600 0.25029300 0.17267150
v -0.41747600 0.24745300 0.17267150
v -0.41547600 0.24946300 0.17267150
v -0.41856600 0.25007300 0.17267150
v -0.41486600 0.24854300 0.17267150
v -0.41948600 0.24946300 0.17267150
v -0.41464600 0.24745300 0.17267150
v -0.42009600 0.24854300 0.17267150
v -0.41486600 0.24637300 0.17267150
v -0.42030600 0.24746300 0.17267150
v -0.41547600 0.24545300 0.17267150
v -0.42009600 0.24637300 0.17267150
v -0.41639600 0.24484300 0.17267150
v -0.41948600 0.24545300 0.17267150
v -0.41747600 0.24462300 0.17267150
v -0.41856600 0.24484300 0.17267150
v -0.13423600 0.25007300 0.17267150
v -0.13532600 0.25029300 0.17267150
v -0.13532600 0.24745300 0.17267150
v -0.13332600 0.24946300 0.17267150
v -0.13640600 0.25007300 0.17267150
v -0.13270600 0.24854300 0.17267150
v -0.13732600 0.24946300 0.17267150
v -0.13249600 0.24745300 0.17267150
v -0.13793600 0.24854300 0.17267150
v -0.13270600 0.24637300 0.17267150
v -0.13815600 0.24745300 0.17267150
v -0.13332600 0.24545300 0.17267150
v -0.13793600 0.24637300 0.17267150
v -0.13423600 0.24484300 0.17267150
v -0.13732600 0.24545300 0.17267150
v -0.13532600 0.24462300 0.17267150
v -0.13640600 0.24484300 0.17267150
v -0.42847600 0.25099300 0.20497150
v -0.42847600 0.25128300 0.20644150
v -0.42847600 0.24745300 0.20644150
v -0.42847600 0.25016300 0.20373150
v -0.42847600 0.25099300 0.20790150
v -0.42847600 0.24892300 0.20290150
v -0.42847600 0.25016300 0.20914150
v -0.42847600 0.24745300 0.20261150
v -0.42847600 0.24892300 0.20997150
v -0.42847600 0.24599300 0.20290150
v -0.42847600 0.24746300 0.21027150
v -0.42847600 0.24475300 0.20373150
v -0.42847600 0.24599300 0.20997150
v -0.42847600 0.24392300 0.20497150
v -0.42847600 0.24475300 0.20914150
v -0.42847600 0.24363300 0.20644150
v -0.42847600 0.24392300 0.20790150
v -0.12348600 0.24745300 0.20644150
v -0.12348600 0.25128300 0.20644150
v -0.12348600 0.25099300 0.20497150
v -0.12348600 0.25016300 0.20373150
v -0.12348600 0.25099300 0.20790150
v -0.12348600 0.24892300 0.20290150
v -0.12348600 0.25016300 0.20914150
v -0.12348600 0.24745300 0.20261150
v -0.12348600 0.24892300 0.20997150
v -0.12348600 0.24599300 0.20290150
v -0.12348600 0.24745300 0.21027150
v -0.12348600 0.24475300 0.20373150
v -0.12348600 0.24599300 0.20997150
v -0.12348600 0.24392300 0.20497150
v -0.12348600 0.24475300 0.20914150
v -0.12348600 0.24363300 0.20644150
v -0.12348600 0.24392300 0.20790150
v -0.42847600 0.24892300 0.20290150
v -0.42847600 0.24745300 0.20261150
v -0.42754600 0.24746300 0.20165150
v -0.42754600 0.24929300 0.20201150
v -0.42754600 0.24562300 0.20201150
v -0.42847600 0.25016300 0.20373150
v -0.42847600 0.24599300 0.20290150
v -0.42754600 0.25084300 0.20305150
v -0.42754600 0.24407300 0.20305150
v -0.42847600 0.25099300 0.20497150
v -0.42847600 0.24475300 0.20373150
v -0.42754600 0.25188300 0.20460150
v -0.42754600 0.24303300 0.20460150
v -0.42847600 0.25128300 0.20644150
v -0.42847600 0.24392300 0.20497150
v -0.42754600 0.25224300 0.20644150
v -0.42754600 0.24267300 0.20644150
v -0.42847600 0.25099300 0.20790150
v -0.42847600 0.24363300 0.20644150
v -0.42754600 0.25188300 0.20827150
v -0.42754600 0.24303300 0.20827150
v -0.42847600 0.25016300 0.20914150
v -0.42847600 0.24392300 0.20790150
v -0.42754600 0.25084300 0.20982150
v -0.42754600 0.24407300 0.20982150
v -0.42847600 0.24892300 0.20997150
v -0.42847600 0.24475300 0.20914150
v -0.42754600 0.24929300 0.21086150
v -0.42754600 0.24562300 0.21086150
v -0.42847600 0.24746300 0.21027150
v -0.42847600 0.24599300 0.20997150
v -0.42754600 0.24746300 0.21122150
v -0.12348600 0.24892300 0.20290150
v -0.12348600 0.25016300 0.20373150
v -0.12441600 0.25084300 0.20305150
v -0.12441600 0.24929300 0.20201150
v -0.12441600 0.25188300 0.20460150
v -0.12348600 0.24745300 0.20261150
v -0.12348600 0.25099300 0.20497150
v -0.12441600 0.24745300 0.20165150
v -0.12441600 0.25224300 0.20644150
v -0.12348600 0.24599300 0.20290150
v -0.12348600 0.25128300 0.20644150
v -0.12441600 0.24562300 0.20201150
v -0.12441600 0.25188300 0.20827150
v -0.12348600 0.24475300 0.20373150
v -0.12348600 0.25099300 0.20790150
v -0.12441600 0.24407300 0.20305150
v -0.12441600 0.25084300 0.20982150
v -0.12348600 0.24392300 0.20497150
v -0.12348600 0.25016300 0.20914150
v -0.12441600 0.24303300 0.20460150
v -0.12441600 0.24929300 0.21086150
v -0.12348600 0.24363300 0.20644150
v -0.12348600 0.24892300 0.20997150
v -0.12441600 0.24267300 0.20644150
v -0.12441600 0.24745300 0.21122150
v -0.12348600 0.24392300 0.20790150
v -0.12348600 0.24745300 0.21027150
v -0.12441600 0.24303300 0.20827150
v -0.12441600 0.24562300 0.21086150
v -0.12348600 0.24475300 0.20914150
v -0.12348600 0.24599300 0.20997150
v -0.12441600 0.24407300 0.20982150
v -0.54843600 -0.30877400 0.16077150
v -0.54255600 -0.31465400 0.16077150
v -0.54255600 -0.30877400 0.15490150
v -0.54843600 -0.01461400 0.16087150
v -0.54255600 -0.01461400 0.15500150
v -0.54255600 -0.00874400 0.16088150
v -0.00940600 -0.31465400 0.16077150
v -0.00352600 -0.30877400 0.16077150
v -0.00940600 -0.30877400 0.15490150
v -0.00940600 -0.00874400 0.16088150
v -0.00940600 -0.01461400 0.15500150
v -0.00352600 -0.01461400 0.16087150
v -0.54843600 -0.01461400 0.17410150
v -0.54255600 -0.00874400 0.17411150
v -0.54255600 -0.01462400 0.17998150
v -0.54843600 -0.30878400 0.17400150
v -0.54255600 -0.30878400 0.17988150
v -0.54255600 -0.31465400 0.17400150
v -0.00940600 -0.31465400 0.17400150
v -0.00940600 -0.30878400 0.17988150
v -0.00352600 -0.30878400 0.17400150
v -0.00940600 -0.00874400 0.17411150
v -0.00352600 -0.01461400 0.17410150
v -0.00940600 -0.01462400 0.17998150
v -0.54255600 -0.31465400 0.16077150
v -0.54255600 -0.31465400 0.17400150
v -0.00940600 -0.31465400 0.17400150
v -0.00940600 -0.31465400 0.16077150
v -0.00940600 -0.30878400 0.17988150
v -0.54255600 -0.30878400 0.17988150
v -0.54255600 -0.01462400 0.17998150
v -0.00940600 -0.01462400 0.17998150
v -0.53255600 -0.29877400 0.15490150
v -0.53255600 -0.29869400 -0.07786850
v -0.53255600 -0.02453400 -0.07777850
v -0.53255600 -0.02461400 0.15500150
v -0.00940600 -0.00874400 0.16088150
v -0.00940600 -0.00874400 0.17411150
v -0.54255600 -0.00874400 0.17411150
v -0.54255600 -0.00874400 0.16088150
v -0.54843600 -0.01461400 0.16087150
v -0.54843600 -0.01461400 0.17410150
v -0.54843600 -0.30878400 0.17400150
v -0.54843600 -0.30877400 0.16077150
v -0.00352600 -0.30877400 0.16077150
v -0.00352600 -0.30878400 0.17400150
v -0.00352600 -0.01461400 0.17410150
v -0.00352600 -0.01461400 0.16087150
v -0.54255600 -0.01461400 0.15500150
v -0.54843600 -0.01461400 0.16087150
v -0.54843600 -0.30877400 0.16077150
v -0.54255600 -0.30877400 0.15490150
v -0.54255600 -0.30877400 0.15490150
v -0.54255600 -0.31465400 0.16077150
v -0.00940600 -0.31465400 0.16077150
v -0.00940600 -0.30877400 0.15490150
v -0.00940600 -0.01461400 0.15500150
v -0.00940600 -0.00874400 0.16088150
v -0.54255600 -0.00874400 0.16088150
v -0.54255600 -0.01461400 0.15500150
v -0.00352600 -0.01461400 0.16087150
v -0.00940600 -0.01461400 0.15500150
v -0.00940600 -0.30877400 0.15490150
v -0.00352600 -0.30877400 0.16077150
v -0.54843600 -0.01461400 0.17410150
v -0.54255600 -0.01462400 0.17998150
v -0.54255600 -0.30878400 0.17988150
v -0.54843600 -0.30878400 0.17400150
v -0.54255600 -0.31465400 0.17400150
v -0.54255600 -0.30878400 0.17988150
v -0.00940600 -0.30878400 0.17988150
v -0.00940600 -0.31465400 0.17400150
v -0.00940600 -0.00874400 0.17411150
v -0.00940600 -0.01462400 0.17998150
v -0.54255600 -0.01462400 0.17998150
v -0.54255600 -0.00874400 0.17411150
v -0.00940600 -0.01462400 0.17998150
v -0.00352600 -0.01461400 0.17410150
v -0.00352600 -0.30878400 0.17400150
v -0.00940600 -0.30878400 0.17988150
v -0.00940600 -0.00874400 0.16088150
v -0.00352600 -0.01461400 0.16087150
v -0.00352600 -0.01461400 0.17410150
v -0.00940600 -0.00874400 0.17411150
v -0.00940600 -0.31465400 0.17400150
v -0.00352600 -0.30878400 0.17400150
v -0.00352600 -0.30877400 0.16077150
v -0.00940600 -0.31465400 0.16077150
v -0.54255600 -0.31465400 0.16077150
v -0.54843600 -0.30877400 0.16077150
v -0.54843600 -0.30878400 0.17400150
v -0.54255600 -0.31465400 0.17400150
v -0.54255600 -0.00874400 0.17411150
v -0.54843600 -0.01461400 0.17410150
v -0.54843600 -0.01461400 0.16087150
v -0.54255600 -0.00874400 0.16088150
v -0.53255600 -0.02461400 0.15500150
v -0.54255600 -0.01461400 0.15500150
v -0.54255600 -0.30877400 0.15490150
v -0.53255600 -0.29877400 0.15490150
v -0.00940600 -0.30877400 0.15490150
v -0.01940600 -0.29877400 0.15490150
v -0.01940600 -0.02461400 0.15500150
v -0.54255600 -0.01461400 0.15500150
v -0.53255600 -0.02461400 0.15500150
v -0.00940600 -0.01461400 0.15500150
v -0.01940600 -0.29877400 0.15490150
v -0.00940600 -0.30877400 0.15490150
v -0.01940600 -0.29869400 -0.07786850
v -0.01940600 -0.02453400 -0.07777850
v -0.53255600 -0.02453400 -0.07777850
v -0.53255600 -0.29869400 -0.07786850
v -0.01940600 -0.29877400 0.15490150
v -0.01940600 -0.29869400 -0.07786850
v -0.53255600 -0.29869400 -0.07786850
v -0.53255600 -0.29877400 0.15490150
v -0.01940600 -0.02461400 0.15500150
v -0.01940600 -0.02453400 -0.07777850
v -0.01940600 -0.29869400 -0.07786850
v -0.01940600 -0.29877400 0.15490150
v -0.03715600 -0.02460400 0.13725150
v -0.53255600 -0.02461400 0.15500150
v -0.51480600 -0.02460400 0.13725150
v -0.01940600 -0.02461400 0.15500150
v -0.03715600 -0.02453400 -0.06002850
v -0.01940600 -0.02453400 -0.07777850
v -0.51480600 -0.02453400 -0.06002850
v -0.01940600 -0.02453400 -0.07777850
v -0.03715600 -0.02453400 -0.06002850
v -0.53255600 -0.02453400 -0.07777850
v -0.51480600 -0.02460400 0.13725150
v -0.53255600 -0.02461400 0.15500150
v -0.51480600 -0.28133400 0.13716150
v -0.51480600 -0.28126400 -0.06011850
v -0.03715600 -0.28126400 -0.06011850
v -0.03715600 -0.28133400 0.13716150
v -0.51480600 -0.02453400 -0.06002850
v -0.51480600 -0.28126400 -0.06011850
v -0.51480600 -0.28133400 0.13716150
v -0.51480600 -0.02460400 0.13725150
v -0.03715600 -0.02460400 0.13725150
v -0.03715600 -0.28133400 0.13716150
v -0.03715600 -0.28126400 -0.06011850
v -0.03715600 -0.02453400 -0.06002850
v -0.03715600 -0.02453400 -0.06002850
v -0.03715600 -0.28126400 -0.06011850
v -0.51480600 -0.28126400 -0.06011850
v -0.51480600 -0.02453400 -0.06002850
v -0.51480600 -0.02460400 0.13725150
v -0.51480600 -0.28133400 0.13716150
v -0.03715600 -0.28133400 0.13716150
v -0.03715600 -0.02460400 0.13725150
v -0.41547600 -0.06031400 0.17267150
v -0.41639600 -0.05970400 0.20305150
v -0.41639600 -0.05970400 0.17267150
v -0.41547600 -0.06031400 0.20305150
v -0.41486600 -0.06123400 0.17267150
v -0.41486600 -0.06123400 0.20305150
v -0.41464600 -0.06232400 0.17267150
v -0.41464600 -0.06232400 0.20305150
v -0.41486600 -0.06340400 0.17267150
v -0.41486600 -0.06340400 0.20305150
v -0.41547600 -0.06432400 0.17267150
v -0.41547600 -0.06432400 0.20305150
v -0.41639600 -0.06493400 0.17267150
v -0.41639600 -0.06493400 0.20305150
v -0.41639600 -0.05970400 0.17267150
v -0.41639600 -0.05970400 0.20305150
v -0.41747600 -0.05948400 0.20305150
v -0.41747600 -0.05948400 0.17267150
v -0.41856600 -0.05970400 0.20305150
v -0.41856600 -0.05970400 0.17267150
v -0.41856600 -0.05970400 0.17267150
v -0.41856600 -0.05970400 0.20305150
v -0.41948600 -0.06031400 0.20305150
v -0.41948600 -0.06031400 0.17267150
v -0.42009600 -0.06123400 0.20305150
v -0.42009600 -0.06123400 0.17267150
v -0.42031600 -0.06231400 0.20305150
v -0.42030600 -0.06231400 0.17267150
v -0.42009600 -0.06340400 0.20305150
v -0.42009600 -0.06340400 0.17267150
v -0.41948600 -0.06432400 0.20305150
v -0.41948600 -0.06432400 0.17267150
v -0.41856600 -0.06493400 0.20305150
v -0.41856600 -0.06493400 0.17267150
v -0.41856600 -0.06493400 0.17267150
v -0.41856600 -0.06493400 0.20305150
v -0.41747600 -0.06515400 0.20305150
v -0.41747600 -0.06515400 0.17267150
v -0.41639600 -0.06493400 0.20305150
v -0.41639600 -0.06493400 0.17267150
v -0.13332600 -0.06031400 0.17267150
v -0.13423600 -0.05970400 0.20305150
v -0.13423600 -0.05970400 0.17267150
v -0.13332600 -0.06031400 0.20305150
v -0.13270600 -0.06123400 0.17267150
v -0.13270600 -0.06123400 0.20305150
v -0.13249600 -0.06232400 0.17267150
v -0.13249600 -0.06232400 0.20305150
v -0.13270600 -0.06340400 0.17267150
v -0.13270600 -0.06340400 0.20305150
v -0.13332600 -0.06432400 0.17267150
v -0.13332600 -0.06432400 0.20305150
v -0.13423600 -0.06493400 0.17267150
v -0.13423600 -0.06493400 0.20305150
v -0.13423600 -0.05970400 0.17267150
v -0.13423600 -0.05970400 0.20305150
v -0.13532600 -0.05948400 0.20305150
v -0.13532600 -0.05948400 0.17267150
v -0.13640600 -0.05970400 0.20305150
v -0.13640600 -0.05970400 0.17267150
v -0.13640600 -0.05970400 0.17267150
v -0.13640600 -0.05970400 0.20305150
v -0.13732600 -0.06031400 0.20305150
v -0.13732600 -0.06031400 0.17267150
v -0.13793600 -0.06123400 0.20305150
v -0.13793600 -0.06123400 0.17267150
v -0.13815600 -0.06232400 0.20305150
v -0.13815600 -0.06232400 0.17267150
v -0.13793600 -0.06340400 0.20305150
v -0.13793600 -0.06340400 0.17267150
v -0.13732600 -0.06432400 0.20305150
v -0.13732600 -0.06432400 0.17267150
v -0.13640600 -0.06493400 0.20305150
v -0.13640600 -0.06493400 0.17267150
v -0.13640600 -0.06493400 0.17267150
v -0.13640600 -0.06493400 0.20305150
v -0.13532600 -0.06515400 0.20305150
v -0.13532600 -0.06515400 0.17267150
v -0.13423600 -0.06493400 0.20305150
v -0.13423600 -0.06493400 0.17267150
v -0.42754600 -0.06048400 0.20201150
v -0.12441600 -0.06048400 0.20201150
v -0.12441600 -0.05893400 0.20305150
v -0.42754600 -0.05893400 0.20305150
v -0.12441600 -0.05789400 0.20460150
v -0.42754600 -0.05789400 0.20460150
v -0.12441600 -0.05753400 0.20644150
v -0.42754600 -0.05753400 0.20644150
v -0.12441600 -0.05789400 0.20827150
v -0.42754600 -0.05789400 0.20827150
v -0.12441600 -0.05893400 0.20982150
v -0.42754600 -0.05893400 0.20982150
v -0.12441600 -0.06048400 0.21086150
v -0.42754600 -0.06048400 0.21086150
v -0.42754600 -0.06048400 0.21086150
v -0.12441600 -0.06048400 0.21086150
v -0.12441600 -0.06232400 0.21122150
v -0.42754600 -0.06231400 0.21122150
v -0.12441600 -0.06415400 0.21086150
v -0.42754600 -0.06415400 0.21086150
v -0.42754600 -0.06415400 0.21086150
v -0.12441600 -0.06415400 0.21086150
v -0.12441600 -0.06570400 0.20982150
v -0.42754600 -0.06570400 0.20982150
v -0.12441600 -0.06674400 0.20827150
v -0.42754600 -0.06674400 0.20827150
v -0.12441600 -0.06710400 0.20644150
v -0.42754600 -0.06710400 0.20644150
v -0.12441600 -0.06674400 0.20460150
v -0.42754600 -0.06674400 0.20460150
v -0.12441600 -0.06570400 0.20305150
v -0.42754600 -0.06570400 0.20305150
v -0.12441600 -0.06415400 0.20201150
v -0.42754600 -0.06415400 0.20201150
v -0.42754600 -0.06415400 0.20201150
v -0.12441600 -0.06415400 0.20201150
v -0.12441600 -0.06232400 0.20165150
v -0.42754600 -0.06231400 0.20165150
v -0.12441600 -0.06048400 0.20201150
v -0.42754600 -0.06048400 0.20201150
v -0.41639600 -0.05970400 0.17267150
v -0.41747600 -0.05948400 0.17267150
v -0.41747600 -0.06232400 0.17267150
v -0.41547600 -0.06031400 0.17267150
v -0.41856600 -0.05970400 0.17267150
v -0.41486600 -0.06123400 0.17267150
v -0.41948600 -0.06031400 0.17267150
v -0.41464600 -0.06232400 0.17267150
v -0.42009600 -0.06123400 0.17267150
v -0.41486600 -0.06340400 0.17267150
v -0.42030600 -0.06231400 0.17267150
v -0.41547600 -0.06432400 0.17267150
v -0.42009600 -0.06340400 0.17267150
v -0.41639600 -0.06493400 0.17267150
v -0.41948600 -0.06432400 0.17267150
v -0.41747600 -0.06515400 0.17267150
v -0.41856600 -0.06493400 0.17267150
v -0.13423600 -0.05970400 0.17267150
v -0.13532600 -0.05948400 0.17267150
v -0.13532600 -0.06232400 0.17267150
v -0.13332600 -0.06031400 0.17267150
v -0.13640600 -0.05970400 0.17267150
v -0.13270600 -0.06123400 0.17267150
v -0.13732600 -0.06031400 0.17267150
v -0.13249600 -0.06232400 0.17267150
v -0.13793600 -0.06123400 0.17267150
v -0.13270600 -0.06340400 0.17267150
v -0.13815600 -0.06232400 0.17267150
v -0.13332600 -0.06432400 0.17267150
v -0.13793600 -0.06340400 0.17267150
v -0.13423600 -0.06493400 0.17267150
v -0.13732600 -0.06432400 0.17267150
v -0.13532600 -0.06515400 0.17267150
v -0.13640600 -0.06493400 0.17267150
v -0.42847600 -0.05878400 0.20497150
v -0.42847600 -0.05849400 0.20644150
v -0.42847600 -0.06232400 0.20644150
v -0.42847600 -0.05961400 0.20373150
v -0.42847600 -0.05878400 0.20790150
v -0.42847600 -0.06085400 0.20290150
v -0.42847600 -0.05961400 0.20914150
v -0.42847600 -0.06232400 0.20261150
v -0.42847600 -0.06085400 0.20997150
v -0.42847600 -0.06378400 0.20290150
v -0.42847600 -0.06231400 0.21027150
v -0.42847600 -0.06502400 0.20373150
v -0.42847600 -0.06378400 0.20997150
v -0.42847600 -0.06585400 0.20497150
v -0.42847600 -0.06502400 0.20914150
v -0.42847600 -0.06614400 0.20644150
v -0.42847600 -0.06585400 0.20790150
v -0.12348600 -0.06232400 0.20644150
v -0.12348600 -0.05849400 0.20644150
v -0.12348600 -0.05878400 0.20497150
v -0.12348600 -0.05961400 0.20373150
v -0.12348600 -0.05878400 0.20790150
v -0.12348600 -0.06085400 0.20290150
v -0.12348600 -0.05961400 0.20914150
v -0.12348600 -0.06232400 0.20261150
v -0.12348600 -0.06085400 0.20997150
v -0.12348600 -0.06378400 0.20290150
v -0.12348600 -0.06232400 0.21027150
v -0.12348600 -0.06502400 0.20373150
v -0.12348600 -0.06378400 0.20997150
v -0.12348600 -0.06585400 0.20497150
v -0.12348600 -0.06502400 0.20914150
v -0.12348600 -0.06614400 0.20644150
v -0.12348600 -0.06585400 0.20790150
v -0.42847600 -0.06085400 0.20290150
v -0.42847600 -0.06232400 0.20261150
v -0.42754600 -0.06231400 0.20165150
v -0.42754600 -0.06048400 0.20201150
v -0.42754600 -0.06415400 0.20201150
v -0.42847600 -0.05961400 0.20373150
v -0.42847600 -0.06378400 0.20290150
v -0.42754600 -0.05893400 0.20305150
v -0.42754600 -0.06570400 0.20305150
v -0.42847600 -0.05878400 0.20497150
v -0.42847600 -0.06502400 0.20373150
v -0.42754600 -0.05789400 0.20460150
v -0.42754600 -0.06674400 0.20460150
v -0.42847600 -0.05849400 0.20644150
v -0.42847600 -0.06585400 0.20497150
v -0.42754600 -0.05753400 0.20644150
v -0.42754600 -0.06710400 0.20644150
v -0.42847600 -0.05878400 0.20790150
v -0.42847600 -0.06614400 0.20644150
v -0.42754600 -0.05789400 0.20827150
v -0.42754600 -0.06674400 0.20827150
v -0.42847600 -0.05961400 0.20914150
v -0.42847600 -0.06585400 0.20790150
v -0.42754600 -0.05893400 0.20982150
v -0.42754600 -0.06570400 0.20982150
v -0.42847600 -0.06085400 0.20997150
v -0.42847600 -0.06502400 0.20914150
v -0.42754600 -0.06048400 0.21086150
v -0.42754600 -0.06415400 0.21086150
v -0.42847600 -0.06231400 0.21027150
v -0.42847600 -0.06378400 0.20997150
v -0.42754600 -0.06231400 0.21122150
v -0.12348600 -0.06085400 0.20290150
v -0.12348600 -0.05961400 0.20373150
v -0.12441600 -0.05893400 0.20305150
v -0.12441600 -0.06048400 0.20201150
v -0.12441600 -0.05789400 0.20460150
v -0.12348600 -0.06232400 0.20261150
v -0.12348600 -0.05878400 0.20497150
v -0.12441600 -0.06232400 0.20165150
v -0.12441600 -0.05753400 0.20644150
v -0.12348600 -0.06378400 0.20290150
v -0.12348600 -0.05849400 0.20644150
v -0.12441600 -0.06415400 0.20201150
v -0.12441600 -0.05789400 0.20827150
v -0.12348600 -0.06502400 0.20373150
v -0.12348600 -0.05878400 0.20790150
v -0.12441600 -0.06570400 0.20305150
v -0.12441600 -0.05893400 0.20982150
v -0.12348600 -0.06585400 0.20497150
v -0.12348600 -0.05961400 0.20914150
v -0.12441600 -0.06674400 0.20460150
v -0.12441600 -0.06048400 0.21086150
v -0.12348600 -0.06614400 0.20644150
v -0.12348600 -0.06085400 0.20997150
v -0.12441600 -0.06710400 0.20644150
v -0.12441600 -0.06232400 0.21122150
v -0.12348600 -0.06585400 0.20790150
v -0.12348600 -0.06232400 0.21027150
v -0.12441600 -0.06674400 0.20827150
v -0.12441600 -0.06415400 0.21086150
v -0.12348600 -0.06502400 0.20914150
v -0.12348600 -0.06378400 0.20997150
v -0.12441600 -0.06570400 0.20982150
v 0.54825900 -0.30877400 0.16077150
v 0.54237900 -0.30877400 0.15490150
v 0.54237900 -0.31465400 0.16077150
v 0.54825900 -0.01461400 0.16087150
v 0.54237900 -0.00874400 0.16088150
v 0.54237900 -0.01461400 0.15500150
v 0.00922900 -0.31465400 0.16077150
v 0.00922900 -0.30877400 0.15490150
v 0.00334900 -0.30877400 0.16077150
v 0.00922900 -0.00874400 0.16088150
v 0.00334900 -0.01461400 0.16087150
v 0.00922900 -0.01461400 0.15500150
v 0.54825900 -0.01461400 0.17410150
v 0.54237900 -0.01462400 0.17998150
v 0.54237900 -0.00874400 0.17411150
v 0.54825900 -0.30878400 0.17400150
v 0.54237900 -0.31465400 0.17400150
v 0.54237900 -0.30878400 0.17988150
v 0.00922900 -0.31465400 0.17400150
v 0.00334900 -0.30878400 0.17400150
v 0.00922900 -0.30878400 0.17988150
v 0.00922900 -0.00874400 0.17411150
v 0.00922900 -0.01462400 0.17998150
v 0.00334900 -0.01461400 0.17410150
v 0.00922900 -0.31465400 0.16077150
v 0.00922900 -0.31465400 0.17400150
v 0.54237900 -0.31465400 0.17400150
v 0.54237900 -0.31465400 0.16077150
v 0.54237900 -0.30878400 0.17988150
v 0.00922900 -0.30878400 0.17988150
v 0.00922900 -0.01462400 0.17998150
v 0.54237900 -0.01462400 0.17998150
v 0.54825900 -0.30877400 0.16077150
v 0.54825900 -0.30878400 0.17400150
v 0.54825900 -0.01461400 0.17410150
v 0.54825900 -0.01461400 0.16087150
v 0.54237900 -0.00874400 0.16088150
v 0.54237900 -0.00874400 0.17411150
v 0.00922900 -0.00874400 0.17411150
v 0.00922900 -0.00874400 0.16088150
v 0.00334900 -0.01461400 0.16087150
v 0.00334900 -0.01461400 0.17410150
v 0.00334900 -0.30878400 0.17400150
v 0.00334900 -0.30877400 0.16077150
v 0.01922900 -0.29877400 0.15490150
v 0.01922900 -0.29869400 -0.07786850
v 0.01922900 -0.02453400 -0.07777850
v 0.01922900 -0.02461400 0.15500150
v 0.54825900 -0.01461400 0.16087150
v 0.54237900 -0.01461400 0.15500150
v 0.54237900 -0.30877400 0.15490150
v 0.54825900 -0.30877400 0.16077150
v 0.00922900 -0.30877400 0.15490150
v 0.00922900 -0.31465400 0.16077150
v 0.54237900 -0.31465400 0.16077150
v 0.54237900 -0.30877400 0.15490150
v 0.54237900 -0.01461400 0.15500150
v 0.54237900 -0.00874400 0.16088150
v 0.00922900 -0.00874400 0.16088150
v 0.00922900 -0.01461400 0.15500150
v 0.00922900 -0.01461400 0.15500150
v 0.00334900 -0.01461400 0.16087150
v 0.00334900 -0.30877400 0.16077150
v 0.00922900 -0.30877400 0.15490150
v 0.54237900 -0.01462400 0.17998150
v 0.54825900 -0.01461400 0.17410150
v 0.54825900 -0.30878400 0.17400150
v 0.54237900 -0.30878400 0.17988150
v 0.00922900 -0.31465400 0.17400150
v 0.00922900 -0.30878400 0.17988150
v 0.54237900 -0.30878400 0.17988150
v 0.54237900 -0.31465400 0.17400150
v 0.54237900 -0.00874400 0.17411150
v 0.54237900 -0.01462400 0.17998150
v 0.00922900 -0.01462400 0.17998150
v 0.00922900 -0.00874400 0.17411150
v 0.00334900 -0.01461400 0.17410150
v 0.00922900 -0.01462400 0.17998150
v 0.00922900 -0.30878400 0.17988150
v 0.00334900 -0.30878400 0.17400150
v 0.54237900 -0.00874400 0.16088150
v 0.54825900 -0.01461400 0.16087150
v 0.54825900 -0.01461400 0.17410150
v 0.54237900 -0.00874400 0.17411150
v 0.54237900 -0.31465400 0.17400150
v 0.54825900 -0.30878400 0.17400150
v 0.54825900 -0.30877400 0.16077150
v 0.54237900 -0.31465400 0.16077150
v 0.00334900 -0.30878400 0.17400150
v 0.00922900 -0.31465400 0.17400150
v 0.00922900 -0.31465400 0.16077150
v 0.00334900 -0.30877400 0.16077150
v 0.00334900 -0.01461400 0.16087150
v 0.00922900 -0.00874400 0.16088150
v 0.00922900 -0.00874400 0.17411150
v 0.00334900 -0.01461400 0.17410150
v 0.53237900 -0.29869400 -0.07786850
v 0.53237900 -0.02453400 -0.07777850
v 0.01922900 -0.02453400 -0.07777850
v 0.01922900 -0.29869400 -0.07786850
v 0.03697900 -0.02453400 -0.06002850
v 0.03697900 -0.28126400 -0.06011850
v 0.03697900 -0.28133400 0.13716150
v 0.03697900 -0.02460400 0.13725150
v 0.53237900 -0.02461400 0.15500150
v 0.53237900 -0.02453400 -0.07777850
v 0.53237900 -0.29869400 -0.07786850
v 0.53237900 -0.29877400 0.15490150
v 0.03697900 -0.02460400 0.13725150
v 0.03697900 -0.28133400 0.13716150
v 0.51462900 -0.28133400 0.13716150
v 0.51462900 -0.02460400 0.13725150
v 0.53237900 -0.29877400 0.15490150
v 0.53237900 -0.29869400 -0.07786850
v 0.01922900 -0.29869400 -0.07786850
v 0.01922900 -0.29877400 0.15490150
v 0.03697900 -0.28133400 0.13716150
v 0.03697900 -0.28126400 -0.06011850
v 0.51462900 -0.28126400 -0.06011850
v 0.51462900 -0.28133400 0.13716150
v 0.51462900 -0.02453400 -0.06002850
v 0.51462900 -0.28126400 -0.06011850
v 0.03697900 -0.28126400 -0.06011850
v 0.03697900 -0.02453400 -0.06002850
v 0.51462900 -0.02460400 0.13725150
v 0.51462900 -0.28133400 0.13716150
v 0.51462900 -0.28126400 -0.06011850
v 0.51462900 -0.02453400 -0.06002850
v 0.53237900 -0.29877400 0.15490150
v 0.54237900 -0.30877400 0.15490150
v 0.54237900 -0.01461400 0.15500150
v 0.53237900 -0.02461400 0.15500150
v 0.01922900 -0.29877400 0.15490150
v 0.00922900 -0.01461400 0.15500150
v 0.00922900 -0.30877400 0.15490150
v 0.01922900 -0.02461400 0.15500150
v 0.03697900 -0.02453400 -0.06002850
v 0.53237900 -0.02453400 -0.07777850
v 0.51462900 -0.02453400 -0.06002850
v 0.01922900 -0.02453400 -0.07777850
v 0.53237900 -0.02461400 0.15500150
v 0.03697900 -0.02460400 0.13725150
v 0.51462900 -0.02460400 0.13725150
v 0.01922900 -0.02461400 0.15500150
v 0.13630900 -0.06031400 0.17267150
v 0.13538900 -0.05970400 0.20305150
v 0.13538900 -0.05970400 0.17267150
v 0.13630900 -0.06031400 0.20305150
v 0.13691900 -0.06123400 0.17267150
v 0.13691900 -0.06123400 0.20305150
v 0.13713900 -0.06232400 0.17267150
v 0.13713900 -0.06232400 0.20305150
v 0.13691900 -0.06340400 0.17267150
v 0.13691900 -0.06340400 0.20305150
v 0.13630900 -0.06432400 0.17267150
v 0.13630900 -0.06432400 0.20305150
v 0.13538900 -0.06493400 0.17267150
v 0.13538900 -0.06493400 0.20305150
v 0.13538900 -0.05970400 0.17267150
v 0.13538900 -0.05970400 0.20305150
v 0.13430900 -0.05948400 0.20305150
v 0.13430900 -0.05948400 0.17267150
v 0.13321900 -0.05970400 0.20305150
v 0.13321900 -0.05970400 0.17267150
v 0.13321900 -0.05970400 0.17267150
v 0.13321900 -0.05970400 0.20305150
v 0.13229900 -0.06031400 0.20305150
v 0.13229900 -0.06031400 0.17267150
v 0.13168900 -0.06123400 0.20305150
v 0.13168900 -0.06123400 0.17267150
v 0.13146900 -0.06231400 0.20305150
v 0.13147900 -0.06231400 0.17267150
v 0.13168900 -0.06340400 0.20305150
v 0.13168900 -0.06340400 0.17267150
v 0.13229900 -0.06432400 0.20305150
v 0.13229900 -0.06432400 0.17267150
v 0.13321900 -0.06493400 0.20305150
v 0.13321900 -0.06493400 0.17267150
v 0.13321900 -0.06493400 0.17267150
v 0.13321900 -0.06493400 0.20305150
v 0.13430900 -0.06515400 0.20305150
v 0.13430900 -0.06515400 0.17267150
v 0.13538900 -0.06493400 0.20305150
v 0.13538900 -0.06493400 0.17267150
v 0.41845900 -0.06031400 0.17267150
v 0.41754900 -0.05970400 0.20305150
v 0.41754900 -0.05970400 0.17267150
v 0.41845900 -0.06031400 0.20305150
v 0.41907900 -0.06123400 0.17267150
v 0.41907900 -0.06123400 0.20305150
v 0.41928900 -0.06232400 0.17267150
v 0.41928900 -0.06232400 0.20305150
v 0.41907900 -0.06340400 0.17267150
v 0.41907900 -0.06340400 0.20305150
v 0.41845900 -0.06432400 0.17267150
v 0.41845900 -0.06432400 0.20305150
v 0.41754900 -0.06493400 0.17267150
v 0.41754900 -0.06493400 0.20305150
v 0.41754900 -0.05970400 0.17267150
v 0.41754900 -0.05970400 0.20305150
v 0.41645900 -0.05948400 0.20305150
v 0.41645900 -0.05948400 0.17267150
v 0.41537900 -0.05970400 0.20305150
v 0.41537900 -0.05970400 0.17267150
v 0.41537900 -0.05970400 0.17267150
v 0.41537900 -0.05970400 0.20305150
v 0.41445900 -0.06031400 0.20305150
v 0.41445900 -0.06031400 0.17267150
v 0.41384900 -0.06123400 0.20305150
v 0.41384900 -0.06123400 0.17267150
v 0.41362900 -0.06232400 0.20305150
v 0.41362900 -0.06232400 0.17267150
v 0.41384900 -0.06340400 0.20305150
v 0.41384900 -0.06340400 0.17267150
v 0.41445900 -0.06432400 0.20305150
v 0.41445900 -0.06432400 0.17267150
v 0.41537900 -0.06493400 0.20305150
v 0.41537900 -0.06493400 0.17267150
v 0.41537900 -0.06493400 0.17267150
v 0.41537900 -0.06493400 0.20305150
v 0.41645900 -0.06515400 0.20305150
v 0.41645900 -0.06515400 0.17267150
v 0.41754900 -0.06493400 0.20305150
v 0.41754900 -0.06493400 0.17267150
v 0.12423900 -0.06048400 0.20201150
v 0.42736900 -0.06048400 0.20201150
v 0.42736900 -0.05893400 0.20305150
v 0.12423900 -0.05893400 0.20305150
v 0.42736900 -0.05789400 0.20460150
v 0.12423900 -0.05789400 0.20460150
v 0.42736900 -0.05753400 0.20644150
v 0.12423900 -0.05753400 0.20644150
v 0.42736900 -0.05789400 0.20827150
v 0.12423900 -0.05789400 0.20827150
v 0.42736900 -0.05893400 0.20982150
v 0.12423900 -0.05893400 0.20982150
v 0.42736900 -0.06048400 0.21086150
v 0.12423900 -0.06048400 0.21086150
v 0.12423900 -0.06048400 0.21086150
v 0.42736900 -0.06048400 0.21086150
v 0.42736900 -0.06232400 0.21122150
v 0.12423900 -0.06231400 0.21122150
v 0.42736900 -0.06415400 0.21086150
v 0.12423900 -0.06415400 0.21086150
v 0.12423900 -0.06415400 0.21086150
v 0.42736900 -0.06415400 0.21086150
v 0.42736900 -0.06570400 0.20982150
v 0.12423900 -0.06570400 0.20982150
v 0.42736900 -0.06674400 0.20827150
v 0.12423900 -0.06674400 0.20827150
v 0.42736900 -0.06710400 0.20644150
v 0.12423900 -0.06710400 0.20644150
v 0.42736900 -0.06674400 0.20460150
v 0.12423900 -0.06674400 0.20460150
v 0.42736900 -0.06570400 0.20305150
v 0.12423900 -0.06570400 0.20305150
v 0.42736900 -0.06415400 0.20201150
v 0.12423900 -0.06415400 0.20201150
v 0.12423900 -0.06415400 0.20201150
v 0.42736900 -0.06415400 0.20201150
v 0.42736900 -0.06232400 0.20165150
v 0.12423900 -0.06231400 0.20165150
v 0.42736900 -0.06048400 0.20201150
v 0.12423900 -0.06048400 0.20201150
v 0.13538900 -0.05970400 0.17267150
v 0.13430900 -0.05948400 0.17267150
v 0.13430900 -0.06232400 0.17267150
v 0.13630900 -0.06031400 0.17267150
v 0.13321900 -0.05970400 0.17267150
v 0.13691900 -0.06123400 0.17267150
v 0.13229900 -0.06031400 0.17267150
v 0.13713900 -0.06232400 0.17267150
v 0.13168900 -0.06123400 0.17267150
v 0.13691900 -0.06340400 0.17267150
v 0.13147900 -0.06231400 0.17267150
v 0.13630900 -0.06432400 0.17267150
v 0.13168900 -0.06340400 0.17267150
v 0.13538900 -0.06493400 0.17267150
v 0.13229900 -0.06432400 0.17267150
v 0.13430900 -0.06515400 0.17267150
v 0.13321900 -0.06493400 0.17267150
v 0.41754900 -0.05970400 0.17267150
v 0.41645900 -0.05948400 0.17267150
v 0.41645900 -0.06232400 0.17267150
v 0.41845900 -0.06031400 0.17267150
v 0.41537900 -0.05970400 0.17267150
v 0.41907900 -0.06123400 0.17267150
v 0.41445900 -0.06031400 0.17267150
v 0.41928900 -0.06232400 0.17267150
v 0.41384900 -0.06123400 0.17267150
v 0.41907900 -0.06340400 0.17267150
v 0.41362900 -0.06232400 0.17267150
v 0.41845900 -0.06432400 0.17267150
v 0.41384900 -0.06340400 0.17267150
v 0.41754900 -0.06493400 0.17267150
v 0.41445900 -0.06432400 0.17267150
v 0.41645900 -0.06515400 0.17267150
v 0.41537900 -0.06493400 0.17267150
v 0.12330900 -0.05878400 0.20497150
v 0.12330900 -0.05849400 0.20644150
v 0.12330900 -0.06232400 0.20644150
v 0.12330900 -0.05961400 0.20373150
v 0.12330900 -0.05878400 0.20790150
v 0.12330900 -0.06085400 0.20290150
v 0.12330900 -0.05961400 0.20914150
v 0.12330900 -0.06232400 0.20261150
v 0.12330900 -0.06085400 0.20997150
v 0.12330900 -0.06378400 0.20290150
v 0.12330900 -0.06231400 0.21027150
v 0.12330900 -0.06502400 0.20373150
v 0.12330900 -0.06378400 0.20997150
v 0.12330900 -0.06585400 0.20497150
v 0.12330900 -0.06502400 0.20914150
v 0.12330900 -0.06614400 0.20644150
v 0.12330900 -0.06585400 0.20790150
v 0.42829900 -0.06232400 0.20644150
v 0.42829900 -0.05849400 0.20644150
v 0.42829900 -0.05878400 0.20497150
v 0.42829900 -0.05961400 0.20373150
v 0.42829900 -0.05878400 0.20790150
v 0.42829900 -0.06085400 0.20290150
v 0.42829900 -0.05961400 0.20914150
v 0.42829900 -0.06232400 0.20261150
v 0.42829900 -0.06085400 0.20997150
v 0.42829900 -0.06378400 0.20290150
v 0.42829900 -0.06232400 0.21027150
v 0.42829900 -0.06502400 0.20373150
v 0.42829900 -0.06378400 0.20997150
v 0.42829900 -0.06585400 0.20497150
v 0.42829900 -0.06502400 0.20914150
v 0.42829900 -0.06614400 0.20644150
v 0.42829900 -0.06585400 0.20790150
v 0.12330900 -0.06085400 0.20290150
v 0.12330900 -0.06232400 0.20261150
v 0.12423900 -0.06231400 0.20165150
v 0.12423900 -0.06048400 0.20201150
v 0.12423900 -0.06415400 0.20201150
v 0.12330900 -0.05961400 0.20373150
v 0.12330900 -0.06378400 0.20290150
v 0.12423900 -0.05893400 0.20305150
v 0.12423900 -0.06570400 0.20305150
v 0.12330900 -0.05878400 0.20497150
v 0.12330900 -0.06502400 0.20373150
v 0.12423900 -0.05789400 0.20460150
v 0.12423900 -0.06674400 0.20460150
v 0.12330900 -0.05849400 0.20644150
v 0.12330900 -0.06585400 0.20497150
v 0.12423900 -0.05753400 0.20644150
v 0.12423900 -0.06710400 0.20644150
v 0.12330900 -0.05878400 0.20790150
v 0.12330900 -0.06614400 0.20644150
v 0.12423900 -0.05789400 0.20827150
v 0.12423900 -0.06674400 0.20827150
v 0.12330900 -0.05961400 0.20914150
v 0.12330900 -0.06585400 0.20790150
v 0.12423900 -0.05893400 0.20982150
v 0.12423900 -0.06570400 0.20982150
v 0.12330900 -0.06085400 0.20997150
v 0.12330900 -0.06502400 0.20914150
v 0.12423900 -0.06048400 0.21086150
v 0.12423900 -0.06415400 0.21086150
v 0.12330900 -0.06231400 0.21027150
v 0.12330900 -0.06378400 0.20997150
v 0.12423900 -0.06231400 0.21122150
v 0.42829900 -0.06085400 0.20290150
v 0.42829900 -0.05961400 0.20373150
v 0.42736900 -0.05893400 0.20305150
v 0.42736900 -0.06048400 0.20201150
v 0.42736900 -0.05789400 0.20460150
v 0.42829900 -0.06232400 0.20261150
v 0.42829900 -0.05878400 0.20497150
v 0.42736900 -0.06232400 0.20165150
v 0.42736900 -0.05753400 0.20644150
v 0.42829900 -0.06378400 0.20290150
v 0.42829900 -0.05849400 0.20644150
v 0.42736900 -0.06415400 0.20201150
v 0.42736900 -0.05789400 0.20827150
v 0.42829900 -0.06502400 0.20373150
v 0.42829900 -0.05878400 0.20790150
v 0.42736900 -0.06570400 0.20305150
v 0.42736900 -0.05893400 0.20982150
v 0.42829900 -0.06585400 0.20497150
v 0.42829900 -0.05961400 0.20914150
v 0.42736900 -0.06674400 0.20460150
v 0.42736900 -0.06048400 0.21086150
v 0.42829900 -0.06614400 0.20644150
v 0.42829900 -0.06085400 0.20997150
v 0.42736900 -0.06710400 0.20644150
v 0.42736900 -0.06232400 0.21122150
v 0.42829900 -0.06585400 0.20790150
v 0.42829900 -0.06232400 0.21027150
v 0.42736900 -0.06674400 0.20827150
v 0.42736900 -0.06415400 0.21086150
v 0.42829900 -0.06502400 0.20914150
v 0.42829900 -0.06378400 0.20997150
v 0.42736900 -0.06570400 0.20982150
v 0.54825900 0.29516300 0.16088150
v 0.54237900 0.30103300 0.16088150
v 0.54237900 0.29516300 0.15500150
v 0.54825900 0.00100300 0.16077150
v 0.54237900 0.00100300 0.15490150
v 0.54237900 -0.00487700 0.16077150
v 0.00922900 0.30103300 0.16088150
v 0.00334900 0.29516300 0.16088150
v 0.00922900 0.29516300 0.15500150
v 0.00922900 -0.00487700 0.16077150
v 0.00922900 0.00100300 0.15490150
v 0.00334900 0.00100300 0.16077150
v 0.54825900 0.29516300 0.17410150
v 0.54237900 0.29515300 0.17998150
v 0.54237900 0.30103300 0.17411150
v 0.54825900 0.00099300 0.17400150
v 0.54237900 -0.00487700 0.17400150
v 0.54237900 0.00099300 0.17988150
v 0.00922900 0.30103300 0.17411150
v 0.00922900 0.29515300 0.17998150
v 0.00334900 0.29516300 0.17410150
v 0.00922900 -0.00487700 0.17400150
v 0.00334900 0.00099300 0.17400150
v 0.00922900 0.00099300 0.17988150
v 0.54237900 0.30103300 0.16088150
v 0.54237900 0.30103300 0.17411150
v 0.00922900 0.30103300 0.17411150
v 0.00922900 0.30103300 0.16088150
v 0.54237900 0.00099300 0.17988150
v 0.00922900 0.00099300 0.17988150
v 0.00922900 0.29515300 0.17998150
v 0.54237900 0.29515300 0.17998150
v 0.00922900 -0.00487700 0.16077150
v 0.00922900 -0.00487700 0.17400150
v 0.54237900 -0.00487700 0.17400150
v 0.54237900 -0.00487700 0.16077150
v 0.54825900 0.00100300 0.16077150
v 0.54825900 0.00099300 0.17400150
v 0.54825900 0.29516300 0.17410150
v 0.54825900 0.29516300 0.16088150
v 0.00334900 0.29516300 0.16088150
v 0.00334900 0.29516300 0.17410150
v 0.00334900 0.00099300 0.17400150
v 0.00334900 0.00100300 0.16077150
v 0.54825900 0.29516300 0.16088150
v 0.54237900 0.29516300 0.15500150
v 0.54237900 0.00100300 0.15490150
v 0.54825900 0.00100300 0.16077150
v 0.54237900 0.29516300 0.15500150
v 0.54237900 0.30103300 0.16088150
v 0.00922900 0.30103300 0.16088150
v 0.00922900 0.29516300 0.15500150
v 0.54237900 -0.00487700 0.16077150
v 0.54237900 0.00100300 0.15490150
v 0.00922900 0.00100300 0.15490150
v 0.00922900 -0.00487700 0.16077150
v 0.00922900 0.29516300 0.15500150
v 0.00334900 0.29516300 0.16088150
v 0.00334900 0.00100300 0.16077150
v 0.00922900 0.00100300 0.15490150
v 0.54237900 0.29515300 0.17998150
v 0.54825900 0.29516300 0.17410150
v 0.54825900 0.00099300 0.17400150
v 0.54237900 0.00099300 0.17988150
v 0.54237900 0.30103300 0.17411150
v 0.54237900 0.29515300 0.17998150
v 0.00922900 0.29515300 0.17998150
v 0.00922900 0.30103300 0.17411150
v 0.54237900 0.00099300 0.17988150
v 0.54237900 -0.00487700 0.17400150
v 0.00922900 -0.00487700 0.17400150
v 0.00922900 0.00099300 0.17988150
v 0.00334900 0.29516300 0.17410150
v 0.00922900 0.29515300 0.17998150
v 0.00922900 0.00099300 0.17988150
v 0.00334900 0.00099300 0.17400150
v 0.54237900 0.30103300 0.16088150
v 0.54825900 0.29516300 0.16088150
v 0.54825900 0.29516300 0.17410150
v 0.54237900 0.30103300 0.17411150
v 0.54237900 -0.00487700 0.17400150
v 0.54825900 0.00099300 0.17400150
v 0.54825900 0.00100300 0.16077150
v 0.54237900 -0.00487700 0.16077150
v 0.00334900 0.29516300 0.16088150
v 0.00922900 0.30103300 0.16088150
v 0.00922900 0.30103300 0.17411150
v 0.00334900 0.29516300 0.17410150
v 0.00334900 0.00099300 0.17400150
v 0.00922900 -0.00487700 0.17400150
v 0.00922900 -0.00487700 0.16077150
v 0.00334900 0.00100300 0.16077150
v 0.01922900 0.01100300 0.15490150
v 0.01922900 0.01108300 -0.07786850
v 0.01922900 0.28524300 -0.07777850
v 0.01922900 0.28516300 0.15500150
v 0.53237900 0.01108300 -0.07786850
v 0.53237900 0.28524300 -0.07777850
v 0.01922900 0.28524300 -0.07777850
v 0.01922900 0.01108300 -0.07786850
v 0.53237900 0.28516300 0.15500150
v 0.53237900 0.28524300 -0.07777850
v 0.53237900 0.01108300 -0.07786850
v 0.53237900 0.01100300 0.15490150
v 0.53237900 0.01100300 0.15490150
v 0.53237900 0.01108300 -0.07786850
v 0.01922900 0.01108300 -0.07786850
v 0.01922900 0.01100300 0.15490150
v 0.03697900 0.02844300 0.13716150
v 0.03697900 0.02851300 -0.06011850
v 0.51462900 0.02851300 -0.06011850
v 0.51462900 0.02844300 0.13716150
v 0.51462900 0.28524300 -0.06002850
v 0.51462900 0.02851300 -0.06011850
v 0.03697900 0.02851300 -0.06011850
v 0.03697900 0.28524300 -0.06002850
v 0.51462900 0.28517300 0.13725150
v 0.51462900 0.02844300 0.13716150
v 0.51462900 0.02851300 -0.06011850
v 0.51462900 0.28524300 -0.06002850
v 0.03697900 0.28524300 -0.06002850
v 0.03697900 0.02851300 -0.06011850
v 0.03697900 0.02844300 0.13716150
v 0.03697900 0.28517300 0.13725150
v 0.03697900 0.28517300 0.13725150
v 0.03697900 0.02844300 0.13716150
v 0.51462900 0.02844300 0.13716150
v 0.51462900 0.28517300 0.13725150
v 0.53237900 0.01100300 0.15490150
v 0.54237900 0.00100300 0.15490150
v 0.54237900 0.29516300 0.15500150
v 0.53237900 0.28516300 0.15500150
v 0.01922900 0.01100300 0.15490150
v 0.00922900 0.29516300 0.15500150
v 0.00922900 0.00100300 0.15490150
v 0.01922900 0.28516300 0.15500150
v 0.51462900 0.28517300 0.13725150
v 0.53237900 0.28516300 0.15500150
v 0.01922900 0.28516300 0.15500150
v 0.03697900 0.28517300 0.13725150
v 0.51462900 0.28524300 -0.06002850
v 0.01922900 0.28524300 -0.07777850
v 0.53237900 0.28524300 -0.07777850
v 0.03697900 0.28524300 -0.06002850
v 0.13630900 0.24946300 0.17267150
v 0.13538900 0.25007300 0.20305150
v 0.13538900 0.25007300 0.17267150
v 0.13630900 0.24946300 0.20305150
v 0.13691900 0.24854300 0.17267150
v 0.13691900 0.24854300 0.20305150
v 0.13713900 0.24745300 0.17267150
v 0.13713900 0.24745300 0.20305150
v 0.13691900 0.24637300 0.17267150
v 0.13691900 0.24637300 0.20305150
v 0.13630900 0.24545300 0.17267150
v 0.13630900 0.24545300 0.20305150
v 0.13538900 0.24484300 0.17267150
v 0.13538900 0.24484300 0.20305150
v 0.13538900 0.25007300 0.17267150
v 0.13538900 0.25007300 0.20305150
v 0.13430900 0.25029300 0.20305150
v 0.13430900 0.25029300 0.17267150
v 0.13321900 0.25007300 0.20305150
v 0.13321900 0.25007300 0.17267150
v 0.13321900 0.25007300 0.17267150
v 0.13321900 0.25007300 0.20305150
v 0.13229900 0.24946300 0.20305150
v 0.13229900 0.24946300 0.17267150
v 0.13168900 0.24854300 0.20305150
v 0.13168900 0.24854300 0.17267150
v 0.13146900 0.24746300 0.20305150
v 0.13147900 0.24746300 0.17267150
v 0.13168900 0.24637300 0.20305150
v 0.13168900 0.24637300 0.17267150
v 0.13229900 0.24545300 0.20305150
v 0.13229900 0.24545300 0.17267150
v 0.13321900 0.24484300 0.20305150
v 0.13321900 0.24484300 0.17267150
v 0.13321900 0.24484300 0.17267150
v 0.13321900 0.24484300 0.20305150
v 0.13430900 0.24462300 0.20305150
v 0.13430900 0.24462300 0.17267150
v 0.13538900 0.24484300 0.20305150
v 0.13538900 0.24484300 0.17267150
v 0.41845900 0.24946300 0.17267150
v 0.41754900 0.25007300 0.20305150
v 0.41754900 0.25007300 0.17267150
v 0.41845900 0.24946300 0.20305150
v 0.41907900 0.24854300 0.17267150
v 0.41907900 0.24854300 0.20305150
v 0.41928900 0.24745300 0.17267150
v 0.41928900 0.24745300 0.20305150
v 0.41907900 0.24637300 0.17267150
v 0.41907900 0.24637300 0.20305150
v 0.41845900 0.24545300 0.17267150
v 0.41845900 0.24545300 0.20305150
v 0.41754900 0.24484300 0.17267150
v 0.41754900 0.24484300 0.20305150
v 0.41754900 0.25007300 0.17267150
v 0.41754900 0.25007300 0.20305150
v 0.41645900 0.25029300 0.20305150
v 0.41645900 0.25029300 0.17267150
v 0.41537900 0.25007300 0.20305150
v 0.41537900 0.25007300 0.17267150
v 0.41537900 0.25007300 0.17267150
v 0.41537900 0.25007300 0.20305150
v 0.41445900 0.24946300 0.20305150
v 0.41445900 0.24946300 0.17267150
v 0.41384900 0.24854300 0.20305150
v 0.41384900 0.24854300 0.17267150
v 0.41362900 0.24745300 0.20305150
v 0.41362900 0.24745300 0.17267150
v 0.41384900 0.24637300 0.20305150
v 0.41384900 0.24637300 0.17267150
v 0.41445900 0.24545300 0.20305150
v 0.41445900 0.24545300 0.17267150
v 0.41537900 0.24484300 0.20305150
v 0.41537900 0.24484300 0.17267150
v 0.41537900 0.24484300 0.17267150
v 0.41537900 0.24484300 0.20305150
v 0.41645900 0.24462300 0.20305150
v 0.41645900 0.24462300 0.17267150
v 0.41754900 0.24484300 0.20305150
v 0.41754900 0.24484300 0.17267150
v 0.12423900 0.24929300 0.20201150
v 0.42736900 0.24929300 0.20201150
v 0.42736900 0.25084300 0.20305150
v 0.12423900 0.25084300 0.20305150
v 0.42736900 0.25188300 0.20460150
v 0.12423900 0.25188300 0.20460150
v 0.42736900 0.25224300 0.20644150
v 0.12423900 0.25224300 0.20644150
v 0.42736900 0.25188300 0.20827150
v 0.12423900 0.25188300 0.20827150
v 0.42736900 0.25084300 0.20982150
v 0.12423900 0.25084300 0.20982150
v 0.42736900 0.24929300 0.21086150
v 0.12423900 0.24929300 0.21086150
v 0.12423900 0.24929300 0.21086150
v 0.42736900 0.24929300 0.21086150
v 0.42736900 0.24745300 0.21122150
v 0.12423900 0.24746300 0.21122150
v 0.42736900 0.24562300 0.21086150
v 0.12423900 0.24562300 0.21086150
v 0.12423900 0.24562300 0.21086150
v 0.42736900 0.24562300 0.21086150
v 0.42736900 0.24407300 0.20982150
v 0.12423900 0.24407300 0.20982150
v 0.42736900 0.24303300 0.20827150
v 0.12423900 0.24303300 0.20827150
v 0.42736900 0.24267300 0.20644150
v 0.12423900 0.24267300 0.20644150
v 0.42736900 0.24303300 0.20460150
v 0.12423900 0.24303300 0.20460150
v 0.42736900 0.24407300 0.20305150
v 0.12423900 0.24407300 0.20305150
v 0.42736900 0.24562300 0.20201150
v 0.12423900 0.24562300 0.20201150
v 0.12423900 0.24562300 0.20201150
v 0.42736900 0.24562300 0.20201150
v 0.42736900 0.24745300 0.20165150
v 0.12423900 0.24746300 0.20165150
v 0.42736900 0.24929300 0.20201150
v 0.12423900 0.24929300 0.20201150
v 0.13538900 0.25007300 0.17267150
v 0.13430900 0.25029300 0.17267150
v 0.13430900 0.24745300 0.17267150
v 0.13630900 0.24946300 0.17267150
v 0.13321900 0.25007300 0.17267150
v 0.13691900 0.24854300 0.17267150
v 0.13229900 0.24946300 0.17267150
v 0.13713900 0.24745300 0.17267150
v 0.13168900 0.24854300 0.17267150
v 0.13691900 0.24637300 0.17267150
v 0.13147900 0.24746300 0.17267150
v 0.13630900 0.24545300 0.17267150
v 0.13168900 0.24637300 0.17267150
v 0.13538900 0.24484300 0.17267150
v 0.13229900 0.24545300 0.17267150
v 0.13430900 0.24462300 0.17267150
v 0.13321900 0.24484300 0.17267150
v 0.41754900 0.25007300 0.17267150
v 0.41645900 0.25029300 0.17267150
v 0.41645900 0.24745300 0.17267150
v 0.41845900 0.24946300 0.17267150
v 0.41537900 0.25007300 0.17267150
v 0.41907900 0.24854300 0.17267150
v 0.41445900 0.24946300 0.17267150
v 0.41928900 0.24745300 0.17267150
v 0.41384900 0.24854300 0.17267150
v 0.41907900 0.24637300 0.17267150
v 0.41362900 0.24745300 0.17267150
v 0.41845900 0.24545300 0.17267150
v 0.41384900 0.24637300 0.17267150
v 0.41754900 0.24484300 0.17267150
v 0.41445900 0.24545300 0.17267150
v 0.41645900 0.24462300 0.17267150
v 0.41537900 0.24484300 0.17267150
v 0.12330900 0.25099300 0.20497150
v 0.12330900 0.25128300 0.20644150
v 0.12330900 0.24745300 0.20644150
v 0.12330900 0.25016300 0.20373150
v 0.12330900 0.25099300 0.20790150
v 0.12330900 0.24892300 0.20290150
v 0.12330900 0.25016300 0.20914150
v 0.12330900 0.24745300 0.20261150
v 0.12330900 0.24892300 0.20997150
v 0.12330900 0.24599300 0.20290150
v 0.12330900 0.24746300 0.21027150
v 0.12330900 0.24475300 0.20373150
v 0.12330900 0.24599300 0.20997150
v 0.12330900 0.24392300 0.20497150
v 0.12330900 0.24475300 0.20914150
v 0.12330900 0.24363300 0.20644150
v 0.12330900 0.24392300 0.20790150
v 0.42829900 0.24745300 0.20644150
v 0.42829900 0.25128300 0.20644150
v 0.42829900 0.25099300 0.20497150
v 0.42829900 0.25016300 0.20373150
v 0.42829900 0.25099300 0.20790150
v 0.42829900 0.24892300 0.20290150
v 0.42829900 0.25016300 0.20914150
v 0.42829900 0.24745300 0.20261150
v 0.42829900 0.24892300 0.20997150
v 0.42829900 0.24599300 0.20290150
v 0.42829900 0.24745300 0.21027150
v 0.42829900 0.24475300 0.20373150
v 0.42829900 0.24599300 0.20997150
v 0.42829900 0.24392300 0.20497150
v 0.42829900 0.24475300 0.20914150
v 0.42829900 0.24363300 0.20644150
v 0.42829900 0.24392300 0.20790150
v 0.12330900 0.24892300 0.20290150
v 0.12330900 0.24745300 0.20261150
v 0.12423900 0.24746300 0.20165150
v 0.12423900 0.24929300 0.20201150
v 0.12423900 0.24562300 0.20201150
v 0.12330900 0.25016300 0.20373150
v 0.12330900 0.24599300 0.20290150
v 0.12423900 0.25084300 0.20305150
v 0.12423900 0.24407300 0.20305150
v 0.12330900 0.25099300 0.20497150
v 0.12330900 0.24475300 0.20373150
v 0.12423900 0.25188300 0.20460150
v 0.12423900 0.24303300 0.20460150
v 0.12330900 0.25128300 0.20644150
v 0.12330900 0.24392300 0.20497150
v 0.12423900 0.25224300 0.20644150
v 0.12423900 0.24267300 0.20644150
v 0.12330900 0.25099300 0.20790150
v 0.12330900 0.24363300 0.20644150
v 0.12423900 0.25188300 0.20827150
v 0.12423900 0.24303300 0.20827150
v 0.12330900 0.25016300 0.20914150
v 0.12330900 0.24392300 0.20790150
v 0.12423900 0.25084300 0.20982150
v 0.12423900 0.24407300 0.20982150
v 0.12330900 0.24892300 0.20997150
v 0.12330900 0.24475300 0.20914150
v 0.12423900 0.24929300 0.21086150
v 0.12423900 0.24562300 0.21086150
v 0.12330900 0.24746300 0.21027150
v 0.12330900 0.24599300 0.20997150
v 0.12423900 0.24746300 0.21122150
v 0.42829900 0.24892300 0.20290150
v 0.42829900 0.25016300 0.20373150
v 0.42736900 0.25084300 0.20305150
v 0.42736900 0.24929300 0.20201150
v 0.42736900 0.25188300 0.20460150
v 0.42829900 0.24745300 0.20261150
v 0.42829900 0.25099300 0.20497150
v 0.42736900 0.24745300 0.20165150
v 0.42736900 0.25224300 0.20644150
v 0.42829900 0.24599300 0.20290150
v 0.42829900 0.25128300 0.20644150
v 0.42736900 0.24562300 0.20201150
v 0.42736900 0.25188300 0.20827150
v 0.42829900 0.24475300 0.20373150
v 0.42829900 0.25099300 0.20790150
v 0.42736900 0.24407300 0.20305150
v 0.42736900 0.25084300 0.20982150
v 0.42829900 0.24392300 0.20497150
v 0.42829900 0.25016300 0.20914150
v 0.42736900 0.24303300 0.20460150
v 0.42736900 0.24929300 0.21086150
v 0.42829900 0.24363300 0.20644150
v 0.42829900 0.24892300 0.20997150
v 0.42736900 0.24267300 0.20644150
v 0.42736900 0.24745300 0.21122150
v 0.42829900 0.24392300 0.20790150
v 0.42829900 0.24745300 0.21027150
v 0.42736900 0.24303300 0.20827150
v 0.42736900 0.24562300 0.21086150
v 0.42829900 0.24475300 0.20914150
v 0.42829900 0.24599300 0.20997150
v 0.42736900 0.24407300 0.20982150
vn -0.65963720 -0.48786500 0.57172260
vn -0.65963720 -0.48786500 0.57172260
vn -0.65963720 -0.48786500 0.57172260
vn -0.65963720 0.48746980 0.57205960
vn -0.65963720 0.48746980 0.57205960
vn -0.65963720 0.48746980 0.57205960
vn -0.65962500 -0.48746320 -0.57207910
vn -0.65962500 -0.48746320 -0.57207910
vn -0.65962500 -0.48746320 -0.57207910
vn -0.65962830 0.48785670 -0.57173990
vn -0.65962830 0.48785670 -0.57173990
vn -0.65962830 0.48785670 -0.57173990
vn 0.65963920 -0.48786650 0.57171870
vn 0.65963920 -0.48786650 0.57171870
vn 0.65963920 -0.48786650 0.57171870
vn 0.65963920 0.48747130 0.57205570
vn 0.65963920 0.48747130 0.57205570
vn 0.65963920 0.48747130 0.57205570
vn 0.65963070 -0.48745950 -0.57207570
vn 0.65963070 -0.48745950 -0.57207570
vn 0.65963070 -0.48745950 -0.57207570
vn 0.65963230 0.48785390 -0.57173760
vn 0.65963230 0.48785390 -0.57173760
vn 0.65963230 0.48785390 -0.57173760
vn 0.00000014 -0.00034558 1.00000000
vn 0.00000014 -0.00034558 1.00000000
vn 0.00000014 -0.00034558 1.00000000
vn 0.00000014 -0.00034558 1.00000000
vn 1.00000000 0.00000000 0.00000000
vn 1.00000000 0.00000000 0.00000000
vn 1.00000000 0.00000000 0.00000000
vn 1.00000000 0.00000000 0.00000000
vn 0.00000000 1.00000000 0.00034533
vn 0.00000000 1.00000000 0.00034533
vn 0.00000000 1.00000000 0.00034533
vn 0.00000000 1.00000000 0.00034533
vn -1.00000000 0.00000000 0.00000000
vn -1.00000000 0.00000000 0.00000000
vn -1.00000000 0.00000000 0.00000000
vn -1.00000000 0.00000000 0.00000000
vn -0.00000010 0.00034558 -1.00000000
vn -0.00000010 0.00034558 -1.00000000
vn -0.00000010 0.00034558 -1.00000000
vn -0.00000010 0.00034558 -1.00000000
vn -0.80411220 -0.59447740 -0.00020533
vn -0.80411220 -0.59447740 -0.00020533
vn -0.80411220 -0.59447740 -0.00020533
vn -0.80411220 -0.59447740 -0.00020533
vn -0.75556990 -0.00022638 0.65506800
vn -0.75556990 -0.00022638 0.65506800
vn -0.75556990 -0.00022638 0.65506800
vn -0.75556990 -0.00022638 0.65506800
vn -0.80411330 0.59447600 0.00020531
vn -0.80411330 0.59447600 0.00020531
vn -0.80411330 0.59447600 0.00020531
vn -0.80411330 0.59447600 0.00020531
vn -0.75555350 0.00022638 -0.65508680
vn -0.75555350 0.00022638 -0.65508680
vn -0.75555350 0.00022638 -0.65508680
vn -0.75555350 0.00022638 -0.65508680
vn 0.00000000 -0.64856790 -0.76115670
vn 0.00000000 -0.64856790 -0.76115670
vn 0.00000000 -0.64856790 -0.76115670
vn 0.00000000 -0.64856790 -0.76115670
vn 0.00000000 0.64909390 -0.76070830
vn 0.00000000 0.64909390 -0.76070830
vn 0.00000000 0.64909390 -0.76070830
vn 0.00000000 0.64909390 -0.76070830
vn 0.75555120 0.00022638 -0.65508960
vn 0.75555120 0.00022638 -0.65508960
vn 0.75555120 0.00022638 -0.65508960
vn 0.75555120 0.00022638 -0.65508960
vn 0.80411230 -0.59447740 -0.00020523
vn 0.80411230 -0.59447740 -0.00020523
vn 0.80411230 -0.59447740 -0.00020523
vn 0.80411230 -0.59447740 -0.00020523
vn 0.80411230 0.59447740 0.00020523
vn 0.80411230 0.59447740 0.00020523
vn 0.80411230 0.59447740 0.00020523
vn 0.80411230 0.59447740 0.00020523
vn 0.75556770 -0.00022638 0.65507050
vn 0.75556770 -0.00022638 0.65507050
vn 0.75556770 -0.00022638 0.65507050
vn 0.75556770 -0.00022638 0.65507050
vn 0.00000011 -0.64911320 0.76069180
vn 0.00000011 -0.64911320 0.76069180
vn 0.00000011 -0.64911320 0.76069180
vn 0.00000011 -0.64911320 0.76069180
vn 0.00000011 0.64858720 0.76114030
vn 0.00000011 0.64858720 0.76114030
vn 0.00000011 0.64858720 0.76114030
vn 0.00000011 0.64858720 0.76114030
vn 0.00000000 -1.00000000 -0.00034535
vn 0.00000000 -1.00000000 -0.00034535
vn 0.00000000 -1.00000000 -0.00034535
vn 0.00000000 -1.00000000 -0.00034535
vn 0.15501970 -0.97877390 0.13405450
vn 0.15501970 -0.97877390 0.13405450
vn 0.15501970 -0.97877390 0.13405450
vn 0.15504580 0.97867290 0.13475950
vn 0.15504580 0.97867290 0.13475950
vn 0.15504580 0.97867290 0.13475950
vn 0.15501030 -0.97868350 -0.13472280
vn 0.15501030 -0.97868350 -0.13472280
vn 0.15501030 -0.97868350 -0.13472280
vn 0.15504540 0.97876700 -0.13407480
vn 0.15504540 0.97876700 -0.13407480
vn 0.15504540 0.97876700 -0.13407480
vn -0.15501970 -0.97877390 0.13405450
vn -0.15501970 -0.97877390 0.13405450
vn -0.15501970 -0.97877390 0.13405450
vn -0.15504580 0.97867290 0.13475950
vn -0.15504580 0.97867290 0.13475950
vn -0.15504580 0.97867290 0.13475950
vn -0.15501030 -0.97868350 -0.13472280
vn -0.15501030 -0.97868350 -0.13472280
vn -0.15501030 -0.97868350 -0.13472280
vn -0.15504540 0.97876700 -0.13407480
vn -0.15504540 0.97876700 -0.13407480
vn -0.15504540 0.97876700 -0.13407480
vn 0.15500190 -0.97877660 0.13405490
vn 0.15500190 -0.97877660 0.13405490
vn 0.15500190 -0.97877660 0.13405490
vn 0.15504580 0.97867290 0.13475950
vn 0.15504580 0.97867290 0.13475950
vn 0.15504580 0.97867290 0.13475950
vn 0.15500190 -0.97868380 -0.13473130
vn 0.15500190 -0.97868380 -0.13473130
vn 0.15500190 -0.97868380 -0.13473130
vn 0.15504580 0.97876590 -0.13408310
vn 0.15504580 0.97876590 -0.13408310
vn 0.15504580 0.97876590 -0.13408310
vn -0.15500190 -0.97877660 0.13405490
vn -0.15500190 -0.97877660 0.13405490
vn -0.15500190 -0.97877660 0.13405490
vn -0.15504580 0.97867290 0.13475950
vn -0.15504580 0.97867290 0.13475950
vn -0.15504580 0.97867290 0.13475950
vn -0.15500190 -0.97868380 -0.13473130
vn -0.15500190 -0.97868380 -0.13473130
vn -0.15500190 -0.97868380 -0.13473130
vn -0.15504580 0.97876590 -0.13408310
vn -0.15504580 0.97876590 -0.13408310
vn -0.15504580 0.97876590 -0.13408310
vn -0.15500910 -0.97877560 0.13405450
vn -0.15500910 -0.97877560 0.13405450
vn -0.15500910 -0.97877560 0.13405450
vn -0.15503520 0.97867430 0.13476170
vn -0.15503520 0.97867430 0.13476170
vn -0.15503520 0.97867430 0.13476170
vn -0.15499940 -0.97868540 -0.13472250
vn -0.15499940 -0.97868540 -0.13472250
vn -0.15499940 -0.97868540 -0.13472250
vn -0.15503440 0.97876850 -0.13407670
vn -0.15503440 0.97876850 -0.13407670
vn -0.15503440 0.97876850 -0.13407670
vn 0.15500910 -0.97877560 0.13405450
vn 0.15500910 -0.97877560 0.13405450
vn 0.15500910 -0.97877560 0.13405450
vn 0.15503530 0.97867490 0.13475720
vn 0.15503530 0.97867490 0.13475720
vn 0.15503530 0.97867490 0.13475720
vn 0.15499940 -0.97868540 -0.13472250
vn 0.15499940 -0.97868540 -0.13472250
vn 0.15499940 -0.97868540 -0.13472250
vn 0.15504340 0.97876770 -0.13407200
vn 0.15504340 0.97876770 -0.13407200
vn 0.15504340 0.97876770 -0.13407200
vn -0.15499060 -0.97877850 0.13405430
vn -0.15499060 -0.97877850 0.13405430
vn -0.15499060 -0.97877850 0.13405430
vn -0.15503450 0.97867450 0.13476110
vn -0.15503450 0.97867450 0.13476110
vn -0.15503450 0.97867450 0.13476110
vn -0.15499060 -0.97868560 -0.13473070
vn -0.15499060 -0.97868560 -0.13473070
vn -0.15499060 -0.97868560 -0.13473070
vn -0.15503450 0.97876740 -0.13408470
vn -0.15503450 0.97876740 -0.13408470
vn -0.15503450 0.97876740 -0.13408470
vn 0.15499060 -0.97877850 0.13405430
vn 0.15499060 -0.97877850 0.13405430
vn 0.15499060 -0.97877850 0.13405430
vn 0.15503460 0.97867510 0.13475660
vn 0.15503460 0.97867510 0.13475660
vn 0.15503460 0.97867510 0.13475660
vn 0.15499060 -0.97868560 -0.13473070
vn 0.15499060 -0.97868560 -0.13473070
vn 0.15499060 -0.97868560 -0.13473070
vn 0.15503460 0.97876790 -0.13408020
vn 0.15503460 0.97876790 -0.13408020
vn 0.15503460 0.97876790 -0.13408020
vn 1.00000000 0.00000000 0.00000000
vn 1.00000000 0.00000000 0.00000000
vn 1.00000000 0.00000000 0.00000000
vn 1.00000000 0.00000000 0.00000000
vn 0.00000018 -0.00034558 1.00000000
vn 0.00000018 -0.00034558 1.00000000
vn 0.00000018 -0.00034558 1.00000000
vn 0.00000018 -0.00034558 1.00000000
vn -1.00000000 0.00000000 0.00000000
vn -1.00000000 0.00000000 0.00000000
vn -1.00000000 0.00000000 0.00000000
vn -1.00000000 0.00000000 0.00000000
vn 0.00000000 -1.00000000 -0.00034558
vn 0.00000000 -1.00000000 -0.00034558
vn 0.00000000 -1.00000000 -0.00034558
vn 0.00000000 -1.00000000 -0.00034558
vn -0.00000026 1.00000000 0.00034558
vn -0.00000026 1.00000000 0.00034558
vn -0.00000026 1.00000000 0.00034558
vn -0.00000026 1.00000000 0.00034558
vn -0.00000018 0.00034558 -1.00000000
vn -0.00000018 0.00034558 -1.00000000
vn -0.00000018 0.00034558 -1.00000000
vn -0.00000018 0.00034558 -1.00000000
vn 0.15643530 -0.98768810 -0.00034132
vn 0.15643530 -0.98768810 -0.00034132
vn 0.15643530 -0.98768810 -0.00034132
vn 0.15643530 -0.98768810 -0.00034132
vn 0.75557420 -0.00022637 0.65506310
vn 0.75557420 -0.00022637 0.65506310
vn 0.75557420 -0.00022637 0.65506310
vn 0.75557420 -0.00022637 0.65506310
vn 0.15646700 0.98768310 0.00034132
vn 0.15646700 0.98768310 0.00034132
vn 0.15646700 0.98768310 0.00034132
vn 0.15646700 0.98768310 0.00034132
vn 0.75559470 0.00022637 -0.65503950
vn 0.75559470 0.00022637 -0.65503950
vn 0.75559470 0.00022637 -0.65503950
vn 0.75559470 0.00022637 -0.65503950
vn 0.00000026 -0.99065780 -0.13637130
vn 0.00000026 -0.99065780 -0.13637130
vn 0.00000026 -0.99065780 -0.13637130
vn 0.00000026 -0.99065780 -0.13637130
vn -0.00000024 0.99074770 -0.13571710
vn -0.00000024 0.99074770 -0.13571710
vn -0.00000024 0.99074770 -0.13571710
vn -0.00000024 0.99074770 -0.13571710
vn -0.75559230 0.00022637 -0.65504220
vn -0.75559230 0.00022637 -0.65504220
vn -0.75559230 0.00022637 -0.65504220
vn -0.75559230 0.00022637 -0.65504220
vn -0.15643530 -0.98768810 -0.00034132
vn -0.15643530 -0.98768810 -0.00034132
vn -0.15643530 -0.98768810 -0.00034132
vn -0.15643530 -0.98768810 -0.00034132
vn -0.15646700 0.98768310 0.00034132
vn -0.15646700 0.98768310 0.00034132
vn -0.15646700 0.98768310 0.00034132
vn -0.15646700 0.98768310 0.00034132
vn -0.75557200 -0.00022637 0.65506560
vn -0.75557200 -0.00022637 0.65506560
vn -0.75557200 -0.00022637 0.65506560
vn -0.75557200 -0.00022637 0.65506560
vn -0.00000026 -0.99075070 0.13569490
vn -0.00000026 -0.99075070 0.13569490
vn -0.00000026 -0.99075070 0.13569490
vn -0.00000026 -0.99075070 0.13569490
vn -0.00000049 0.99065240 0.13641030
vn -0.00000049 0.99065240 0.13641030
vn -0.00000049 0.99065240 0.13641030
vn -0.00000049 0.99065240 0.13641030
vn 1.00000000 0.00000000 0.00000000
vn 1.00000000 0.00000000 0.00000000
vn 1.00000000 0.00000000 0.00000000
vn 1.00000000 0.00000000 0.00000000
vn 0.00000000 -0.00034558 1.00000000
vn 0.00000000 -0.00034558 1.00000000
vn 0.00000000 -0.00034558 1.00000000
vn 0.00000000 -0.00034558 1.00000000
vn -1.00000000 0.00000000 0.00000000
vn -1.00000000 0.00000000 0.00000000
vn -1.00000000 0.00000000 0.00000000
vn -1.00000000 0.00000000 0.00000000
vn 0.00000000 -1.00000000 -0.00034558
vn 0.00000000 -1.00000000 -0.00034558
vn 0.00000000 -1.00000000 -0.00034558
vn 0.00000000 -1.00000000 -0.00034558
vn 0.00000000 1.00000000 0.00034558
vn 0.00000000 1.00000000 0.00034558
vn 0.00000000 1.00000000 0.00034558
vn 0.00000000 1.00000000 0.00034558
vn 0.00000000 0.00034558 -1.00000000
vn 0.00000000 0.00034558 -1.00000000
vn 0.00000000 0.00034558 -1.00000000
vn 0.00000000 0.00034558 -1.00000000
vn 0.15643530 -0.98768810 -0.00034132
vn 0.15643530 -0.98768810 -0.00034132
vn 0.15643530 -0.98768810 -0.00034132
vn 0.15643530 -0.98768810 -0.00034132
vn 0.75557420 -0.00022637 0.65506310
vn 0.75557420 -0.00022637 0.65506310
vn 0.75557420 -0.00022637 0.65506310
vn 0.75557420 -0.00022637 0.65506310
vn 0.15646700 0.98768310 0.00034132
vn 0.15646700 0.98768310 0.00034132
vn 0.15646700 0.98768310 0.00034132
vn 0.15646700 0.98768310 0.00034132
vn 0.75557420 0.00022637 -0.65506310
vn 0.75557420 0.00022637 -0.65506310
vn 0.75557420 0.00022637 -0.65506310
vn 0.75557420 0.00022637 -0.65506310
vn 0.00000000 -0.99065660 -0.13637960
vn 0.00000000 -0.99065660 -0.13637960
vn 0.00000000 -0.99065660 -0.13637960
vn 0.00000000 -0.99065660 -0.13637960
vn 0.00000000 0.99074650 -0.13572550
vn 0.00000000 0.99074650 -0.13572550
vn 0.00000000 0.99074650 -0.13572550
vn 0.00000000 0.99074650 -0.13572550
vn -0.75557200 0.00022637 -0.65506560
vn -0.75557200 0.00022637 -0.65506560
vn -0.75557200 0.00022637 -0.65506560
vn -0.75557200 0.00022637 -0.65506560
vn -0.15643530 -0.98768810 -0.00034132
vn -0.15643530 -0.98768810 -0.00034132
vn -0.15643530 -0.98768810 -0.00034132
vn -0.15643530 -0.98768810 -0.00034132
vn -0.15646700 0.98768310 0.00034132
vn -0.15646700 0.98768310 0.00034132
vn -0.15646700 0.98768310 0.00034132
vn -0.15646700 0.98768310 0.00034132
vn -0.75557200 -0.00022637 0.65506560
vn -0.75557200 -0.00022637 0.65506560
vn -0.75557200 -0.00022637 0.65506560
vn -0.75557200 -0.00022637 0.65506560
vn 0.00000000 -0.99075070 0.13569490
vn 0.00000000 -0.99075070 0.13569490
vn 0.00000000 -0.99075070 0.13569490
vn 0.00000000 -0.99075070 0.13569490
vn 0.00000000 0.99065240 0.13641030
vn 0.00000000 0.99065240 0.13641030
vn 0.00000000 0.99065240 0.13641030
vn 0.00000000 0.99065240 0.13641030
vn 0.00000000 -1.00000000 -0.00034558
vn 0.00000000 -1.00000000 -0.00034558
vn 0.00000000 -1.00000000 -0.00034558
vn 0.00000000 -1.00000000 -0.00034558
vn 0.00000018 -0.00034558 1.00000000
vn 0.00000018 -0.00034558 1.00000000
vn 0.00000018 -0.00034558 1.00000000
vn 0.00000018 -0.00034558 1.00000000
vn 1.00000000 0.00000000 0.00000000
vn 1.00000000 0.00000000 0.00000000
vn 1.00000000 0.00000000 0.00000000
vn 1.00000000 0.00000000 0.00000000
vn -0.00000047 1.00000000 0.00034558
vn -0.00000047 1.00000000 0.00034558
vn -0.00000047 1.00000000 0.00034558
vn -0.00000047 1.00000000 0.00034558
vn -1.00000000 0.00000000 0.00000000
vn -1.00000000 0.00000000 0.00000000
vn -1.00000000 0.00000000 0.00000000
vn -1.00000000 0.00000000 0.00000000
vn -0.00000018 0.00034558 -1.00000000
vn -0.00000018 0.00034558 -1.00000000
vn -0.00000018 0.00034558 -1.00000000
vn -0.00000018 0.00034558 -1.00000000
vn -0.15642420 -0.98769000 -0.00034132
vn -0.15642420 -0.98769000 -0.00034132
vn -0.15642420 -0.98769000 -0.00034132
vn -0.15642420 -0.98769000 -0.00034132
vn -0.75554940 -0.00022638 0.65509150
vn -0.75554940 -0.00022638 0.65509150
vn -0.75554940 -0.00022638 0.65509150
vn -0.75554940 -0.00022638 0.65509150
vn -0.15645590 0.98768480 0.00034132
vn -0.15645590 0.98768480 0.00034132
vn -0.15645590 0.98768480 0.00034132
vn -0.15645590 0.98768480 0.00034132
vn -0.75556980 0.00022638 -0.65506810
vn -0.75556980 0.00022638 -0.65506810
vn -0.75556980 0.00022638 -0.65506810
vn -0.75556980 0.00022638 -0.65506810
vn -0.00000029 -0.99065780 -0.13637120
vn -0.00000029 -0.99065780 -0.13637120
vn -0.00000029 -0.99065780 -0.13637120
vn -0.00000029 -0.99065780 -0.13637120
vn -0.00000051 0.99074760 -0.13571720
vn -0.00000051 0.99074760 -0.13571720
vn -0.00000051 0.99074760 -0.13571720
vn -0.00000051 0.99074760 -0.13571720
vn 0.75556980 0.00022638 -0.65506810
vn 0.75556980 0.00022638 -0.65506810
vn 0.75556980 0.00022638 -0.65506810
vn 0.75556980 0.00022638 -0.65506810
vn 0.15642420 -0.98769000 -0.00034132
vn 0.15642420 -0.98769000 -0.00034132
vn 0.15642420 -0.98769000 -0.00034132
vn 0.15642420 -0.98769000 -0.00034132
vn 0.15645590 0.98768480 0.00034132
vn 0.15645590 0.98768480 0.00034132
vn 0.15645590 0.98768480 0.00034132
vn 0.15645590 0.98768480 0.00034132
vn 0.75554940 -0.00022638 0.65509150
vn 0.75554940 -0.00022638 0.65509150
vn 0.75554940 -0.00022638 0.65509150
vn 0.75554940 -0.00022638 0.65509150
vn 0.00000029 -0.99075070 0.13569490
vn 0.00000029 -0.99075070 0.13569490
vn 0.00000029 -0.99075070 0.13569490
vn 0.00000029 -0.99075070 0.13569490
vn -0.00000021 0.99065240 0.13641040
vn -0.00000021 0.99065240 0.13641040
vn -0.00000021 0.99065240 0.13641040
vn -0.00000021 0.99065240 0.13641040
vn 0.00000000 -0.00034558 1.00000000
vn 0.00000000 -0.00034558 1.00000000
vn 0.00000000 -0.00034558 1.00000000
vn 0.00000000 -0.00034558 1.00000000
vn 1.00000000 0.00000000 0.00000000
vn 1.00000000 0.00000000 0.00000000
vn 1.00000000 0.00000000 0.00000000
vn 1.00000000 0.00000000 0.00000000
vn 0.00000000 1.00000000 0.00034558
vn 0.00000000 1.00000000 0.00034558
vn 0.00000000 1.00000000 0.00034558
vn 0.00000000 1.00000000 0.00034558
vn -1.00000000 0.00000000 0.00000000
vn -1.00000000 0.00000000 0.00000000
vn -1.00000000 0.00000000 0.00000000
vn -1.00000000 0.00000000 0.00000000
vn 0.00000000 0.00034558 -1.00000000
vn 0.00000000 0.00034558 -1.00000000
vn 0.00000000 0.00034558 -1.00000000
vn 0.00000000 0.00034558 -1.00000000
vn -0.15642420 -0.98769000 -0.00034132
vn -0.15642420 -0.98769000 -0.00034132
vn -0.15642420 -0.98769000 -0.00034132
vn -0.15642420 -0.98769000 -0.00034132
vn -0.75554940 -0.00022638 0.65509150
vn -0.75554940 -0.00022638 0.65509150
vn -0.75554940 -0.00022638 0.65509150
vn -0.75554940 -0.00022638 0.65509150
vn -0.15645910 0.98768440 0.00034132
vn -0.15645910 0.98768440 0.00034132
vn -0.15645910 0.98768440 0.00034132
vn -0.15645910 0.98768440 0.00034132
vn -0.75554940 0.00022638 -0.65509150
vn -0.75554940 0.00022638 -0.65509150
vn -0.75554940 0.00022638 -0.65509150
vn -0.75554940 0.00022638 -0.65509150
vn 0.00000000 -0.99065660 -0.13637960
vn 0.00000000 -0.99065660 -0.13637960
vn 0.00000000 -0.99065660 -0.13637960
vn 0.00000000 -0.99065660 -0.13637960
vn 0.00000000 0.99074650 -0.13572560
vn 0.00000000 0.99074650 -0.13572560
vn 0.00000000 0.99074650 -0.13572560
vn 0.00000000 0.99074650 -0.13572560
vn 0.75554940 0.00022638 -0.65509150
vn 0.75554940 0.00022638 -0.65509150
vn 0.75554940 0.00022638 -0.65509150
vn 0.75554940 0.00022638 -0.65509150
vn 0.15642420 -0.98769000 -0.00034132
vn 0.15642420 -0.98769000 -0.00034132
vn 0.15642420 -0.98769000 -0.00034132
vn 0.15642420 -0.98769000 -0.00034132
vn 0.15645910 0.98768440 0.00034132
vn 0.15645910 0.98768440 0.00034132
vn 0.15645910 0.98768440 0.00034132
vn 0.15645910 0.98768440 0.00034132
vn 0.75554940 -0.00022638 0.65509150
vn 0.75554940 -0.00022638 0.65509150
vn 0.75554940 -0.00022638 0.65509150
vn 0.75554940 -0.00022638 0.65509150
vn 0.00000000 -0.99075080 0.13569410
vn 0.00000000 -0.99075080 0.13569410
vn 0.00000000 -0.99075080 0.13569410
vn 0.00000000 -0.99075080 0.13569410
vn 0.00000000 0.99065260 0.13640960
vn 0.00000000 0.99065260 0.13640960
vn 0.00000000 0.99065260 0.13640960
vn 0.00000000 0.99065260 0.13640960
vn 0.00000000 -1.00000000 -0.00034558
vn 0.00000000 -1.00000000 -0.00034558
vn 0.00000000 -1.00000000 -0.00034558
vn 0.00000000 -1.00000000 -0.00034558
vn 1.00000000 0.00000000 0.00000000
vn 1.00000000 0.00000000 0.00000000
vn 1.00000000 0.00000000 0.00000000
vn 1.00000000 0.00000000 0.00000000
vn 0.00000000 0.00034558 -1.00000000
vn 0.00000000 0.00034558 -1.00000000
vn 0.00000000 0.00034558 -1.00000000
vn 0.00000000 0.00034558 -1.00000000
vn -1.00000000 0.00000000 0.00000000
vn -1.00000000 0.00000000 0.00000000
vn -1.00000000 0.00000000 0.00000000
vn -1.00000000 0.00000000 0.00000000
vn 0.00000000 -0.00034558 1.00000000
vn 0.00000000 -0.00034558 1.00000000
vn 0.00000000 -0.00034558 1.00000000
vn 0.00000000 -0.00034558 1.00000000
vn 0.00000000 -1.00000000 -0.00034524
vn 0.00000000 -1.00000000 -0.00034524
vn 0.00000000 -1.00000000 -0.00034524
vn 0.00000000 -1.00000000 -0.00034524
vn -0.00000057 1.00000000 0.00034527
vn -0.00000057 1.00000000 0.00034527
vn -0.00000057 1.00000000 0.00034527
vn -0.00000057 1.00000000 0.00034527
vn -1.00000000 0.00000000 0.00000000
vn -1.00000000 0.00000000 0.00000000
vn -1.00000000 0.00000000 0.00000000
vn -1.00000000 0.00000000 0.00000000
vn 0.00000000 0.00034558 -1.00000000
vn 0.00000000 0.00034558 -1.00000000
vn 0.00000000 0.00034558 -1.00000000
vn 0.00000000 0.00034558 -1.00000000
vn 1.00000000 0.00000000 0.00000000
vn 1.00000000 0.00000000 0.00000000
vn 1.00000000 0.00000000 0.00000000
vn 1.00000000 0.00000000 0.00000000
vn 0.00000000 -0.00034558 1.00000000
vn 0.00000000 -0.00034558 1.00000000
vn 0.00000000 -0.00034558 1.00000000
vn 0.00000000 -0.00034558 1.00000000
vn 0.00000000 -1.00000000 -0.00034524
vn 0.00000000 -1.00000000 -0.00034524
vn 0.00000000 -1.00000000 -0.00034524
vn 0.00000000 -1.00000000 -0.00034524
vn 0.00000000 1.00000000 0.00034524
vn 0.00000000 1.00000000 0.00034524
vn 0.00000000 1.00000000 0.00034524
vn 0.00000000 1.00000000 0.00034524
vn 0.00000000 -0.00034558 1.00000000
vn 0.00000000 -0.00034558 1.00000000
vn 0.00000000 -0.00034558 1.00000000
vn 0.00000000 -0.00034558 1.00000000
vn 1.00000000 0.00000000 0.00000000
vn 1.00000000 0.00000000 0.00000000
vn 1.00000000 0.00000000 0.00000000
vn 1.00000000 0.00000000 0.00000000
vn 0.00000000 0.00034558 -1.00000000
vn 0.00000000 0.00034558 -1.00000000
vn 0.00000000 0.00034558 -1.00000000
vn 0.00000000 0.00034558 -1.00000000
vn -1.00000000 0.00000000 0.00000000
vn -1.00000000 0.00000000 0.00000000
vn -1.00000000 0.00000000 0.00000000
vn -1.00000000 0.00000000 0.00000000
vn 0.00000000 -1.00000000 -0.00034558
vn 0.00000000 -1.00000000 -0.00034558
vn 0.00000000 -1.00000000 -0.00034558
vn 0.00000000 -1.00000000 -0.00034558
vn 0.00000000 1.00000000 0.00034558
vn 0.00000000 1.00000000 0.00034558
vn 0.00000000 1.00000000 0.00034558
vn 0.00000000 1.00000000 0.00034558
vn 0.00000000 0.00034558 -1.00000000
vn 0.00000000 0.00034558 -1.00000000
vn 0.00000000 0.00034558 -1.00000000
vn 0.00000000 0.00034558 -1.00000000
vn 1.00000000 0.00000000 0.00000000
vn 1.00000000 0.00000000 0.00000000
vn 1.00000000 0.00000000 0.00000000
vn 1.00000000 0.00000000 0.00000000
vn 1.00000000 0.00000000 0.00000000
vn 0.30151140 -0.30182390 0.90442980
vn 0.57735030 -0.57754980 0.57715070
vn 0.70710680 0.70710680 0.00024436
vn 0.70710680 0.70710680 0.00024436
vn -1.00000000 0.00000000 0.00000000
vn -1.00000000 0.00000000 0.00000000
vn -1.00000000 0.00000000 0.00000000
vn -1.00000000 0.00000000 0.00000000
vn -1.00000000 0.00000000 0.00000000
vn 0.00000000 -1.00000000 -0.00034558
vn 0.00000000 -1.00000000 -0.00034558
vn 0.00000000 -1.00000000 -0.00034558
vn 0.00000000 -1.00000000 -0.00034558
vn 0.00000000 -1.00000000 -0.00034558
vn 0.00000000 1.00000000 0.00034558
vn 0.00000000 1.00000000 0.00034558
vn 0.00000000 1.00000000 0.00034558
vn 0.00000000 1.00000000 0.00034558
vn 0.00000000 1.00000000 0.00034558
vn -0.70710680 0.70710680 0.00024436
vn -0.70710680 0.70710680 0.00024436
vn -0.57735030 -0.57754980 0.57715070
vn -0.30151130 -0.30182390 0.90442980
vn 0.30151140 -0.30182390 0.90442980
vn 0.57735030 -0.57754980 0.57715070
vn 0.57735030 0.57715070 0.57754980
vn 0.30151130 0.30119870 0.90463820
vn -0.30151130 0.30119870 0.90463820
vn -0.57735030 0.57715070 0.57754980
vn -0.57735030 -0.57754980 0.57715070
vn -0.30151130 -0.30182390 0.90442980
vn -0.30151130 0.30119870 0.90463820
vn 0.00000000 -0.00034558 1.00000000
vn 0.00000000 -0.00034558 1.00000000
vn 0.00000000 -0.00034558 1.00000000
vn -0.30151130 -0.30182390 0.90442980
vn 0.00000000 -0.00034558 1.00000000
vn 0.30151140 0.30119870 0.90463810
vn 0.30151140 -0.30182390 0.90442980
vn 0.00000000 -0.00034558 1.00000000
vn 0.00000000 -0.00034558 1.00000000
vn -0.30151130 -0.30182390 0.90442980
vn 0.00000000 -0.00034558 1.00000000
vn -0.30151130 0.30119870 0.90463820
vn 0.00000000 -0.00034558 1.00000000
vn 0.00000000 -0.00034558 1.00000000
vn 0.30151140 -0.30182390 0.90442980
vn 0.00000000 -0.00034558 1.00000000
vn 0.30151130 0.30119870 0.90463820
vn -0.30151130 -0.30182390 0.90442980
vn -0.30151130 0.30119870 0.90463820
vn 0.00000000 -0.00034558 1.00000000
vn 0.30151140 0.30119870 0.90463810
vn 0.00000000 -0.00034558 1.00000000
vn 0.00000000 -0.00034558 1.00000000
vn 0.00000000 -0.00034558 1.00000000
vn 0.30151140 -0.30182390 0.90442980
vn 0.00000000 -0.00034558 1.00000000
vn -0.30151130 -0.30182390 0.90442980
vn 0.30151140 0.30119870 0.90463810
vn 0.00000000 -0.00034558 1.00000000
vn 0.00000000 -0.00034558 1.00000000
vn 0.00000000 -0.00034558 1.00000000
vn -0.30151130 -0.30182390 0.90442980
vn -0.57735030 0.57715070 0.57754980
vn 0.57735030 0.57715080 0.57754970
vn 0.00000000 -0.00034558 1.00000000
vn -0.57735030 -0.57754980 0.57715070
vn -0.57735030 0.57715070 0.57754980
vn 0.00000000 -0.00034558 1.00000000
vn 0.57735030 -0.57754980 0.57715070
vn -0.57735030 -0.57754980 0.57715070
vn 0.00000000 -0.00034558 1.00000000
vn 0.57735030 0.57715070 0.57754980
vn 0.57735030 -0.57754980 0.57715070
vn -0.57735030 -0.57754980 0.57715070
vn -0.57735030 0.57715060 0.57754990
vn 0.57735030 0.57715070 0.57754980
vn 0.57735030 -0.57754980 0.57715070
vn 0.00000000 -0.00034558 1.00000000
vn 0.30151140 0.30119870 0.90463810
vn 0.57735030 0.57715070 0.57754980
vn -0.70710680 0.70710680 0.00024436
vn -0.70710680 0.70710680 0.00024436
vn -0.30151130 -0.30182390 0.90442980
vn -0.57735030 -0.57754980 0.57715070
vn 0.70710680 -0.70710680 -0.00024436
vn 0.70710680 -0.70710680 -0.00024436
vn 0.70710680 0.70710680 0.00024436
vn 0.70710680 0.70710680 0.00024436
vn -0.57735030 0.57715070 0.57754980
vn -0.30151130 0.30119870 0.90463820
vn -0.30151130 0.30119870 0.90463820
vn -0.57735030 0.57715060 0.57754990
vn -0.70710680 -0.70710680 -0.00024421
vn -0.70710680 -0.70710680 -0.00024421
vn -0.30151130 -0.30182390 0.90442980
vn -0.57735030 -0.57754980 0.57715070
vn 0.57735030 -0.57754980 0.57715070
vn 0.30151140 -0.30182390 0.90442980
vn 0.70710680 -0.70710680 -0.00024436
vn 0.70710680 -0.70710680 -0.00024436
vn 0.57735030 0.57715080 0.57754970
vn 0.30151140 0.30119870 0.90463810
vn -0.30151130 -0.30182390 0.90442980
vn -0.57735030 -0.57754980 0.57715070
vn 0.57735030 -0.57754980 0.57715070
vn 0.30151140 -0.30182390 0.90442980
vn -0.70710680 -0.70710680 -0.00024421
vn -0.70710680 -0.70710680 -0.00024421
vn 0.57735030 -0.57754980 0.57715070
vn 0.30151140 -0.30182390 0.90442980
vn 0.30151140 -0.30182390 0.90442980
vn 0.57735030 -0.57754980 0.57715070
vn 0.57735030 0.57715070 0.57754980
vn 0.30151140 0.30119870 0.90463810
vn 0.30151140 0.30119870 0.90463810
vn 0.57735030 0.57715080 0.57754970
vn -0.57735030 0.57715070 0.57754980
vn -0.30151130 0.30119870 0.90463820
vn -0.30151130 0.30119870 0.90463820
vn -0.57735030 0.57715070 0.57754980
vn -0.57735030 -0.57754980 0.57715070
vn -0.30151130 -0.30182390 0.90442980
vn 0.30151130 0.30119870 0.90463820
vn 0.57735030 0.57715070 0.57754980
vn -0.57735030 0.57715060 0.57754990
vn -0.30151130 0.30119870 0.90463820
vn -0.57735030 0.57754980 -0.57715070
vn -0.57735030 0.57754980 -0.57715070
vn -0.57735030 0.57754980 -0.57715070
vn 0.57735030 0.57754980 -0.57715070
vn 0.57735030 0.57754980 -0.57715070
vn 0.57735030 0.57754980 -0.57715070
vn -0.57735160 -0.57715200 -0.57754710
vn -0.57735160 -0.57715200 -0.57754710
vn -0.57735160 -0.57715200 -0.57754710
vn 0.57735030 -0.57715070 -0.57754980
vn 0.57735030 -0.57715070 -0.57754980
vn 0.57735030 -0.57715070 -0.57754980
vn 0.57735030 0.57715070 0.57754980
vn 0.57735030 0.57715070 0.57754980
vn 0.57735030 0.57715070 0.57754980
vn -0.57735030 0.57715070 0.57754980
vn -0.57735030 0.57715070 0.57754980
vn -0.57735030 0.57715070 0.57754980
vn -0.57735160 -0.57755110 0.57714810
vn -0.57735160 -0.57755110 0.57714810
vn -0.57735160 -0.57755110 0.57714810
vn 0.57735030 -0.57754980 0.57715070
vn 0.57735030 -0.57754980 0.57715070
vn 0.57735030 -0.57754980 0.57715070
vn -1.00000000 0.00000000 0.00000000
vn -1.00000000 0.00000000 0.00000000
vn -1.00000000 0.00000000 0.00000000
vn -1.00000000 0.00000000 0.00000000
vn 1.00000000 0.00000000 0.00000000
vn 1.00000000 0.00000000 0.00000000
vn 1.00000000 0.00000000 0.00000000
vn 1.00000000 0.00000000 0.00000000
vn 0.00000000 -0.00034558 1.00000000
vn 0.00000000 -0.00034558 1.00000000
vn 0.00000000 -0.00034558 1.00000000
vn 0.00000000 -0.00034558 1.00000000
vn 0.00000000 1.00000000 0.00034558
vn 0.00000000 1.00000000 0.00034558
vn 0.00000000 1.00000000 0.00034558
vn 0.00000000 1.00000000 0.00034558
vn 0.00000000 -0.00034570 1.00000000
vn 0.00000000 -0.00034570 1.00000000
vn 0.00000000 -0.00034570 1.00000000
vn 0.00000000 -0.00034570 1.00000000
vn 0.00000000 -1.00000000 -0.00034558
vn 0.00000000 -1.00000000 -0.00034558
vn 0.00000000 -1.00000000 -0.00034558
vn 0.00000000 -1.00000000 -0.00034558
vn 0.00000000 0.70735090 -0.70686260
vn 0.00000000 0.70735090 -0.70686260
vn 0.00000000 0.70735090 -0.70686260
vn 0.00000000 0.70735090 -0.70686260
vn -0.70710610 0.00024436 -0.70710740
vn -0.70710610 0.00024436 -0.70710740
vn -0.70710610 0.00024436 -0.70710740
vn -0.70710610 0.00024436 -0.70710740
vn 0.00000000 -0.70686300 -0.70735040
vn 0.00000000 -0.70686300 -0.70735040
vn 0.00000000 -0.70686300 -0.70735040
vn 0.00000000 -0.70686300 -0.70735040
vn 0.70710610 0.00024436 -0.70710740
vn 0.70710610 0.00024436 -0.70710740
vn 0.70710610 0.00024436 -0.70710740
vn 0.70710610 0.00024436 -0.70710740
vn 0.00000000 0.70686230 0.70735130
vn 0.00000000 0.70686230 0.70735130
vn 0.00000000 0.70686230 0.70735130
vn 0.00000000 0.70686230 0.70735130
vn -0.70710610 -0.00024436 0.70710740
vn -0.70710610 -0.00024436 0.70710740
vn -0.70710610 -0.00024436 0.70710740
vn -0.70710610 -0.00024436 0.70710740
vn 0.00000000 -0.70735180 0.70686170
vn 0.00000000 -0.70735180 0.70686170
vn 0.00000000 -0.70735180 0.70686170
vn 0.00000000 -0.70735180 0.70686170
vn 0.70710610 -0.00024436 0.70710740
vn 0.70710610 -0.00024436 0.70710740
vn 0.70710610 -0.00024436 0.70710740
vn 0.70710610 -0.00024436 0.70710740
vn -0.70710710 0.70710640 0.00024436
vn -0.70710710 0.70710640 0.00024436
vn -0.70710710 0.70710640 0.00024436
vn -0.70710710 0.70710640 0.00024436
vn 0.70710710 0.70710640 0.00024436
vn 0.70710710 0.70710640 0.00024436
vn 0.70710710 0.70710640 0.00024436
vn 0.70710710 0.70710640 0.00024436
vn -0.70710600 -0.70710740 -0.00024436
vn -0.70710600 -0.70710740 -0.00024436
vn -0.70710600 -0.70710740 -0.00024436
vn -0.70710600 -0.70710740 -0.00024436
vn 0.70710600 -0.70710740 -0.00024436
vn 0.70710600 -0.70710740 -0.00024436
vn 0.70710600 -0.70710740 -0.00024436
vn 0.70710600 -0.70710740 -0.00024436
vn 0.00000000 0.00034415 -1.00000000
vn 0.00000000 0.00034415 -1.00000000
vn 0.00000000 0.00034415 -1.00000000
vn 0.00000000 0.00034415 -1.00000000
vn 0.00000000 0.00034558 -1.00000000
vn 0.00000000 0.00034558 -1.00000000
vn 0.00000000 0.00034415 -1.00000000
vn 0.00000000 0.00034415 -1.00000000
vn 0.00000000 0.00034558 -1.00000000
vn 0.00000000 0.00034558 -1.00000000
vn 0.00000000 0.00034558 -1.00000000
vn 0.00000000 0.00034558 -1.00000000
vn 0.00000000 0.00034558 -1.00000000
vn 0.00000000 0.00034558 -1.00000000
vn 0.00000000 0.00034558 -1.00000000
vn 0.00000000 0.00034558 -1.00000000
vn -1.00000000 0.00000000 0.00000000
vn -1.00000000 0.00000000 0.00000000
vn -1.00000000 0.00000000 0.00000000
vn -1.00000000 0.00000000 0.00000000
vn 0.00000000 -1.00000000 -0.00034558
vn 0.00000000 -1.00000000 -0.00034558
vn 0.00000000 -1.00000000 -0.00034558
vn 0.00000000 -1.00000000 -0.00034558
vn 1.00000000 0.00000000 0.00000000
vn 1.00000000 0.00000000 0.00000000
vn 1.00000000 0.00000000 0.00000000
vn 1.00000000 0.00000000 0.00000000
vn 1.00000000 0.00000000 0.00000000
vn 1.00000000 0.00000000 0.00000000
vn 1.00000000 0.00000000 0.00000000
vn 1.00000000 0.00000000 0.00000000
vn 0.00000000 1.00000000 0.00034558
vn 0.00000000 1.00000000 0.00034558
vn 0.00000000 1.00000000 0.00034558
vn 0.00000000 1.00000000 0.00034558
vn -0.00000098 1.00000000 0.00034558
vn -0.00000098 1.00000000 0.00034558
vn 0.00000000 1.00000000 0.00034558
vn -0.00000098 1.00000000 0.00034558
vn -0.00000098 1.00000000 0.00034558
vn 0.00000000 1.00000000 0.00034558
vn 0.00000000 1.00000000 0.00034558
vn 0.00000000 1.00000000 0.00034558
vn 0.00000000 1.00000000 0.00034558
vn 0.00000000 1.00000000 0.00034558
vn 0.00000000 1.00000000 0.00034558
vn 0.00000000 1.00000000 0.00034558
vn 0.00000000 0.00034558 -1.00000000
vn 0.00000000 0.00034558 -1.00000000
vn 0.00000000 0.00034558 -1.00000000
vn 0.00000000 0.00034558 -1.00000000
vn -1.00000000 0.00000000 0.00000000
vn -1.00000000 0.00000000 0.00000000
vn -1.00000000 0.00000000 0.00000000
vn -1.00000000 0.00000000 0.00000000
vn 0.70710720 0.70710640 0.00000000
vn 0.38268370 0.92387940 0.00000000
vn 0.38268370 0.92387940 0.00000000
vn 0.70710720 0.70710640 0.00000000
vn 0.92387980 0.38268280 0.00000000
vn 0.92387980 0.38268280 0.00000000
vn 1.00000000 -0.00000072 0.00000000
vn 1.00000000 -0.00000072 0.00000000
vn 0.92387940 -0.38268390 0.00000000
vn 0.92387940 -0.38268390 0.00000000
vn 0.70710690 -0.70710660 0.00000000
vn 0.70710690 -0.70710660 0.00000000
vn 0.38268370 -0.92387940 0.00000000
vn 0.38268370 -0.92387940 0.00000000
vn 0.38268370 0.92387940 0.00000000
vn 0.38268370 0.92387940 0.00000000
vn 0.00000053 1.00000000 0.00000000
vn 0.00000053 1.00000000 0.00000000
vn -0.38268300 0.92387970 0.00000000
vn -0.38268300 0.92387970 0.00000000
vn -0.38268300 0.92387970 0.00000000
vn -0.38268300 0.92387970 0.00000000
vn -0.70710610 0.70710740 0.00000000
vn -0.70710610 0.70710740 0.00000000
vn -0.92387940 0.38268390 0.00000000
vn -0.92387940 0.38268390 0.00000000
vn -1.00000000 0.00000000 0.00000000
vn -1.00000000 0.00000000 0.00000000
vn -0.92387970 -0.38268310 0.00000000
vn -0.92387970 -0.38268310 0.00000000
vn -0.70710720 -0.70710640 0.00000000
vn -0.70710720 -0.70710640 0.00000000
vn -0.38268340 -0.92387950 0.00000000
vn -0.38268340 -0.92387950 0.00000000
vn -0.38268340 -0.92387950 0.00000000
vn -0.38268340 -0.92387950 0.00000000
vn 0.00000000 -1.00000000 0.00000000
vn 0.00000000 -1.00000000 0.00000000
vn 0.38268370 -0.92387940 0.00000000
vn 0.38268370 -0.92387940 0.00000000
vn 0.70710610 0.70710740 0.00000000
vn 0.38268290 0.92387970 0.00000000
vn 0.38268290 0.92387970 0.00000000
vn 0.70710610 0.70710740 0.00000000
vn 0.92387930 0.38268400 0.00000000
vn 0.92387930 0.38268400 0.00000000
vn 1.00000000 0.00000000 0.00000000
vn 1.00000000 0.00000000 0.00000000
vn 0.92387940 -0.38268380 0.00000000
vn 0.92387940 -0.38268380 0.00000000
vn 0.70710590 -0.70710770 0.00000000
vn 0.70710590 -0.70710770 0.00000000
vn 0.38268240 -0.92388000 0.00000000
vn 0.38268240 -0.92388000 0.00000000
vn 0.38268290 0.92387970 0.00000000
vn 0.38268290 0.92387970 0.00000000
vn 0.00000054 1.00000000 0.00000000
vn 0.00000054 1.00000000 0.00000000
vn -0.38268610 0.92387840 0.00000000
vn -0.38268610 0.92387840 0.00000000
vn -0.38268610 0.92387840 0.00000000
vn -0.38268610 0.92387840 0.00000000
vn -0.70710000 0.70711360 0.00000000
vn -0.70710000 0.70711360 0.00000000
vn -0.92387940 0.38268390 0.00000000
vn -0.92387940 0.38268390 0.00000000
vn -1.00000000 0.00000000 0.00000000
vn -1.00000000 0.00000000 0.00000000
vn -0.92388350 -0.38267380 0.00000000
vn -0.92388350 -0.38267380 0.00000000
vn -0.70710610 -0.70710740 0.00000000
vn -0.70710610 -0.70710740 0.00000000
vn -0.38268260 -0.92387990 0.00000000
vn -0.38268260 -0.92387990 0.00000000
vn -0.38268260 -0.92387990 0.00000000
vn -0.38268260 -0.92387990 0.00000000
vn 0.00000000 -1.00000000 0.00000000
vn 0.00000000 -1.00000000 0.00000000
vn 0.38268240 -0.92388000 0.00000000
vn 0.38268240 -0.92388000 0.00000000
vn 0.00000000 0.38268240 -0.92388000
vn 0.00000000 0.38268240 -0.92388000
vn 0.00000000 0.70710660 -0.70710690
vn 0.00000000 0.70710660 -0.70710690
vn 0.00000000 0.92387950 -0.38268340
vn 0.00000000 0.92387950 -0.38268340
vn 0.00000000 1.00000000 -0.00000070
vn 0.00000000 1.00000000 -0.00000070
vn 0.00000000 0.92387980 0.38268290
vn 0.00000000 0.92387980 0.38268290
vn 0.00000000 0.70710680 0.70710660
vn 0.00000000 0.70710680 0.70710660
vn 0.00000000 0.38268230 0.92388000
vn 0.00000000 0.38268230 0.92388000
vn 0.00000000 0.38268230 0.92388000
vn 0.00000000 0.38268230 0.92388000
vn 0.00000000 0.00000000 1.00000000
vn 0.00000000 0.00000000 1.00000000
vn 0.00000000 -0.38268210 0.92388000
vn 0.00000000 -0.38268210 0.92388000
vn 0.00000000 -0.38268210 0.92388000
vn 0.00000000 -0.38268210 0.92388000
vn 0.00000000 -0.70710660 0.70710690
vn 0.00000000 -0.70710660 0.70710690
vn 0.00000000 -0.92387950 0.38268330
vn 0.00000000 -0.92387950 0.38268330
vn 0.00000000 -1.00000000 0.00000016
vn 0.00000000 -1.00000000 0.00000016
vn 0.00000000 -0.92387950 -0.38268330
vn 0.00000000 -0.92387950 -0.38268330
vn 0.00000000 -0.70710690 -0.70710660
vn 0.00000000 -0.70710690 -0.70710660
vn 0.00000000 -0.38268230 -0.92388000
vn 0.00000000 -0.38268230 -0.92388000
vn 0.00000000 -0.38268230 -0.92388000
vn 0.00000000 -0.38268230 -0.92388000
vn 0.00000000 0.00000000 -1.00000000
vn 0.00000000 0.00000000 -1.00000000
vn 0.00000000 0.38268240 -0.92388000
vn 0.00000000 0.38268240 -0.92388000
vn -0.00000121 0.00000000 -1.00000000
vn 0.00000012 0.00000000 -1.00000000
vn 0.00000015 0.00000000 -1.00000000
vn -0.00000061 0.00000000 -1.00000000
vn 0.00000146 0.00000000 -1.00000000
vn 0.00000000 0.00000000 -1.00000000
vn 0.00000073 0.00000000 -1.00000000
vn -0.00000049 0.00000000 -1.00000000
vn 0.00000000 0.00000000 -1.00000000
vn -0.00000097 0.00000000 -1.00000000
vn 0.00000049 0.00000000 -1.00000000
vn 0.00000000 0.00000000 -1.00000000
vn 0.00000097 0.00000000 -1.00000000
vn 0.00000097 0.00000000 -1.00000000
vn 0.00000049 0.00000000 -1.00000000
vn 0.00000049 0.00000000 -1.00000000
vn 0.00000000 0.00000000 -1.00000000
vn -0.00000121 0.00000000 -1.00000000
vn 0.00000012 0.00000000 -1.00000000
vn 0.00000015 0.00000000 -1.00000000
vn -0.00000061 0.00000000 -1.00000000
vn 0.00000146 0.00000000 -1.00000000
vn 0.00000000 0.00000000 -1.00000000
vn 0.00000073 0.00000000 -1.00000000
vn -0.00000049 0.00000000 -1.00000000
vn 0.00000000 0.00000000 -1.00000000
vn -0.00000097 0.00000000 -1.00000000
vn 0.00000049 0.00000000 -1.00000000
vn 0.00000000 0.00000000 -1.00000000
vn 0.00000097 0.00000000 -1.00000000
vn 0.00000097 0.00000000 -1.00000000
vn 0.00000049 0.00000000 -1.00000000
vn 0.00000049 0.00000000 -1.00000000
vn 0.00000000 0.00000000 -1.00000000
vn -1.00000000 0.00000000 0.00000000
vn -1.00000000 0.00000000 0.00000000
vn -1.00000000 0.00000000 0.00000000
vn -1.00000000 0.00000000 0.00000000
vn -1.00000000 0.00000000 0.00000000
vn -1.00000000 0.00000000 0.00000000
vn -1.00000000 0.00000000 0.00000000
vn -1.00000000 0.00000000 0.00000000
vn -1.00000000 0.00000000 0.00000000
vn -1.00000000 0.00000000 0.00000000
vn -1.00000000 0.00000000 0.00000000
vn -1.00000000 0.00000000 0.00000000
vn -1.00000000 0.00000000 0.00000000
vn -1.00000000 0.00000000 0.00000000
vn -1.00000000 0.00000000 0.00000000
vn -1.00000000 0.00000000 0.00000000
vn -1.00000000 0.00000000 0.00000000
vn 1.00000000 0.00000000 0.00000000
vn 1.00000000 0.00000425 0.00000000
vn 1.00000000 0.00000850 0.00000000
vn 1.00000000 0.00000425 0.00000000
vn 1.00000000 0.00000000 0.00000000
vn 1.00000000 0.00000000 0.00000000
vn 1.00000000 0.00000000 0.00000000
vn 1.00000000 0.00000000 0.00000000
vn 1.00000000 0.00000000 0.00000000
vn 1.00000000 0.00000000 0.00000000
vn 1.00000000 0.00000000 0.00000000
vn 1.00000000 0.00000000 0.00000000
vn 1.00000000 0.00000000 0.00000000
vn 1.00000000 0.00000000 0.00000000
vn 1.00000000 -0.00000425 0.00000000
vn 1.00000000 -0.00000425 0.00000000
vn 1.00000000 -0.00000850 0.00000000
vn -0.71393210 0.26795970 -0.64691470
vn -0.71393210 0.00000000 -0.70021500
vn -0.71393210 0.00000000 -0.70021500
vn -0.71393200 0.26795970 -0.64691470
vn -0.71393220 -0.26795960 -0.64691470
vn -0.71393190 0.49512650 -0.49512730
vn -0.71393210 -0.26795960 -0.64691470
vn -0.71393190 0.49512680 -0.49512700
vn -0.71393200 -0.49512690 -0.49512680
vn -0.71393210 0.64691420 -0.26796070
vn -0.71393200 -0.49512660 -0.49512710
vn -0.71393210 0.64691440 -0.26796030
vn -0.71393210 -0.64691440 -0.26796030
vn -0.71393240 0.70021470 -0.00000056
vn -0.71393210 -0.64691420 -0.26796070
vn -0.71393240 0.70021460 -0.00000046
vn -0.71393240 -0.70021460 0.00000015
vn -0.71393220 0.64691440 0.26796020
vn -0.71393240 -0.70021460 0.00000018
vn -0.71393220 0.64691450 0.26795990
vn -0.71393200 -0.64691450 0.26796030
vn -0.71393190 0.49512660 0.49512720
vn -0.71393200 -0.64691430 0.26796070
vn -0.71393190 0.49512690 0.49512690
vn -0.71393190 -0.49512680 0.49512690
vn -0.71393200 0.26795970 0.64691470
vn -0.71393190 -0.49512650 0.49512720
vn -0.71393200 0.26795970 0.64691470
vn -0.71393220 -0.26795950 0.64691470
vn -0.71393220 0.00000000 0.70021480
vn -0.71393220 -0.26795950 0.64691470
vn -0.71393210 0.00000000 0.70021490
vn 0.71392970 0.26796130 -0.64691660
vn 0.71392970 0.49512790 -0.49512900
vn 0.71392970 0.49512820 -0.49512870
vn 0.71392970 0.26796130 -0.64691660
vn 0.71392980 0.64691650 -0.26796110
vn 0.71392990 0.00000000 -0.70021710
vn 0.71392980 0.64691640 -0.26796160
vn 0.71392990 0.00000000 -0.70021710
vn 0.71392910 0.70021800 -0.00000045
vn 0.71392970 -0.26796130 -0.64691660
vn 0.71392910 0.70021800 -0.00000054
vn 0.71392970 -0.26796130 -0.64691660
vn 0.71392980 0.64691660 0.26796070
vn 0.71392970 -0.49512820 -0.49512870
vn 0.71392980 0.64691650 0.26796110
vn 0.71392970 -0.49512840 -0.49512850
vn 0.71392970 0.49512840 0.49512860
vn 0.71392980 -0.64691640 -0.26796150
vn 0.71392970 0.49512810 0.49512880
vn 0.71392980 -0.64691650 -0.26796110
vn 0.71392950 0.26796130 0.64691670
vn 0.71392910 -0.70021800 0.00000000
vn 0.71392950 0.26796130 0.64691690
vn 0.71392910 -0.70021800 0.00000000
vn 0.71392980 0.00000000 0.70021730
vn 0.71392970 -0.64691640 0.26796150
vn 0.71392980 0.00000000 0.70021730
vn 0.71392980 -0.64691660 0.26796110
vn 0.71392970 -0.26796110 0.64691670
vn 0.71392970 -0.49512790 0.49512900
vn 0.71392970 -0.26796110 0.64691670
vn 0.71392970 -0.49512820 0.49512870
vn -0.57735030 -0.57715070 -0.57754980
vn -0.57735030 -0.57715070 -0.57754980
vn -0.57735030 -0.57715070 -0.57754980
vn -0.57735030 0.57754980 -0.57715070
vn -0.57735030 0.57754980 -0.57715070
vn -0.57735030 0.57754980 -0.57715070
vn 0.57735030 -0.57715070 -0.57754980
vn 0.57735030 -0.57715070 -0.57754980
vn 0.57735030 -0.57715070 -0.57754980
vn 0.57735030 0.57754980 -0.57715070
vn 0.57735030 0.57754980 -0.57715070
vn 0.57735030 0.57754980 -0.57715070
vn -0.57734840 0.57715070 0.57755170
vn -0.57734840 0.57715070 0.57755170
vn -0.57734840 0.57715070 0.57755170
vn -0.57735090 -0.57754840 0.57715140
vn -0.57735090 -0.57754840 0.57715140
vn -0.57735090 -0.57754840 0.57715140
vn 0.57735090 -0.57754840 0.57715140
vn 0.57735090 -0.57754840 0.57715140
vn 0.57735090 -0.57754840 0.57715140
vn 0.57734840 0.57715070 0.57755170
vn 0.57734840 0.57715070 0.57755170
vn 0.57734840 0.57715070 0.57755170
vn 0.00000000 -1.00000000 -0.00034558
vn 0.00000000 -1.00000000 -0.00034558
vn 0.00000000 -1.00000000 -0.00034558
vn 0.00000000 -1.00000000 -0.00034558
vn 0.00000000 -0.00034558 1.00000000
vn 0.00000000 -0.00034558 1.00000000
vn 0.00000000 -0.00034558 1.00000000
vn 0.00000000 -0.00034558 1.00000000
vn -1.00000000 0.00000000 0.00000000
vn -1.00000000 0.00000000 0.00000000
vn -1.00000000 0.00000000 0.00000000
vn -1.00000000 0.00000000 0.00000000
vn 0.00000000 1.00000000 0.00034558
vn 0.00000000 1.00000000 0.00034558
vn 0.00000000 1.00000000 0.00034558
vn 0.00000000 1.00000000 0.00034558
vn -1.00000000 0.00000000 0.00000000
vn -1.00000000 0.00000000 0.00000000
vn -1.00000000 0.00000000 0.00000000
vn -1.00000000 0.00000000 0.00000000
vn 1.00000000 0.00000000 0.00000000
vn 1.00000000 0.00000000 0.00000000
vn 1.00000000 0.00000000 0.00000000
vn 1.00000000 0.00000000 0.00000000
vn -0.70710610 0.00024436 -0.70710740
vn -0.70710610 0.00024436 -0.70710740
vn -0.70710610 0.00024436 -0.70710740
vn -0.70710610 0.00024436 -0.70710740
vn 0.00000000 -0.70686230 -0.70735130
vn 0.00000000 -0.70686230 -0.70735130
vn 0.00000000 -0.70686230 -0.70735130
vn 0.00000000 -0.70686230 -0.70735130
vn 0.00000000 0.70735090 -0.70686260
vn 0.00000000 0.70735090 -0.70686260
vn 0.00000000 0.70735090 -0.70686260
vn 0.00000000 0.70735090 -0.70686260
vn 0.70710610 0.00024436 -0.70710740
vn 0.70710610 0.00024436 -0.70710740
vn 0.70710610 0.00024436 -0.70710740
vn 0.70710610 0.00024436 -0.70710740
vn -0.70710580 -0.00024436 0.70710770
vn -0.70710580 -0.00024436 0.70710770
vn -0.70710580 -0.00024436 0.70710770
vn -0.70710580 -0.00024436 0.70710770
vn 0.00000000 -0.70735010 0.70686340
vn 0.00000000 -0.70735010 0.70686340
vn 0.00000000 -0.70735010 0.70686340
vn 0.00000000 -0.70735010 0.70686340
vn 0.00000000 0.70686140 0.70735200
vn 0.00000000 0.70686140 0.70735200
vn 0.00000000 0.70686140 0.70735200
vn 0.00000000 0.70686140 0.70735200
vn 0.70710580 -0.00024436 0.70710770
vn 0.70710580 -0.00024436 0.70710770
vn 0.70710580 -0.00024436 0.70710770
vn 0.70710580 -0.00024436 0.70710770
vn 0.70710680 0.70710680 0.00024436
vn 0.70710680 0.70710680 0.00024436
vn 0.70710680 0.70710680 0.00024436
vn 0.70710680 0.70710680 0.00024436
vn 0.70710620 -0.70710720 -0.00024436
vn 0.70710620 -0.70710720 -0.00024436
vn 0.70710620 -0.70710720 -0.00024436
vn 0.70710620 -0.70710720 -0.00024436
vn -0.70710620 -0.70710720 -0.00024436
vn -0.70710620 -0.70710720 -0.00024436
vn -0.70710620 -0.70710720 -0.00024436
vn -0.70710620 -0.70710720 -0.00024436
vn -0.70710680 0.70710680 0.00024436
vn -0.70710680 0.70710680 0.00024436
vn -0.70710680 0.70710680 0.00024436
vn -0.70710680 0.70710680 0.00024436
vn 0.00000000 0.00034558 -1.00000000
vn 0.00000000 0.00034558 -1.00000000
vn 0.00000000 0.00034558 -1.00000000
vn 0.00000000 0.00034558 -1.00000000
vn 0.00000000 0.00034700 -1.00000000
vn 0.00000000 0.00034700 -1.00000000
vn 0.00000000 0.00034415 -1.00000000
vn 0.00000000 0.00034558 -1.00000000
vn 0.00000000 0.00034558 -1.00000000
vn 0.00000000 0.00034415 -1.00000000
vn 0.00000000 0.00034700 -1.00000000
vn 0.00000000 0.00034700 -1.00000000
vn 0.00000000 0.00034558 -1.00000000
vn 0.00000000 0.00034558 -1.00000000
vn 0.00000000 0.00034558 -1.00000000
vn 0.00000000 0.00034558 -1.00000000
vn 0.00000000 -1.00000000 -0.00034558
vn 0.00000000 -1.00000000 -0.00034558
vn 0.00000000 -1.00000000 -0.00034558
vn 0.00000000 -1.00000000 -0.00034558
vn 1.00000000 0.00000000 0.00000000
vn 1.00000000 0.00000000 0.00000000
vn 1.00000000 0.00000000 0.00000000
vn 1.00000000 0.00000000 0.00000000
vn 0.00000000 1.00000000 0.00034558
vn 0.00000000 1.00000000 0.00034558
vn 0.00000000 1.00000000 0.00034558
vn 0.00000000 1.00000000 0.00034558
vn 0.00000000 1.00000000 0.00034558
vn 0.00000000 1.00000000 0.00034558
vn 0.00000000 1.00000000 0.00034558
vn 0.00000000 1.00000000 0.00034558
vn 0.00000000 1.00000000 0.00034558
vn 0.00000000 1.00000000 0.00034558
vn 0.00000000 1.00000000 0.00034558
vn 0.00000000 1.00000000 0.00034558
vn 0.00000000 1.00000000 0.00034558
vn 0.00000000 1.00000000 0.00034558
vn 0.00000000 1.00000000 0.00034558
vn 0.00000000 1.00000000 0.00034558
vn 1.00000000 0.00000000 0.00000000
vn 1.00000000 0.00000000 0.00000000
vn 1.00000000 0.00000000 0.00000000
vn 1.00000000 0.00000000 0.00000000
vn -1.00000000 0.00000000 0.00000000
vn -1.00000000 0.00000000 0.00000000
vn -1.00000000 0.00000000 0.00000000
vn -1.00000000 0.00000000 0.00000000
vn 0.00000000 -0.00034570 1.00000000
vn 0.00000000 -0.00034570 1.00000000
vn 0.00000000 -0.00034570 1.00000000
vn 0.00000000 -0.00034570 1.00000000
vn 0.00000000 0.00034558 -1.00000000
vn 0.00000000 0.00034558 -1.00000000
vn 0.00000000 0.00034558 -1.00000000
vn 0.00000000 0.00034558 -1.00000000
vn 0.70710720 0.70710640 0.00000000
vn 0.38268370 0.92387940 0.00000000
vn 0.38268370 0.92387940 0.00000000
vn 0.70710720 0.70710640 0.00000000
vn 0.92387980 0.38268280 0.00000000
vn 0.92387980 0.38268280 0.00000000
vn 1.00000000 -0.00000072 0.00000000
vn 1.00000000 -0.00000072 0.00000000
vn 0.92387940 -0.38268390 0.00000000
vn 0.92387940 -0.38268390 0.00000000
vn 0.70710690 -0.70710660 0.00000000
vn 0.70710690 -0.70710660 0.00000000
vn 0.38268370 -0.92387940 0.00000000
vn 0.38268370 -0.92387940 0.00000000
vn 0.38268370 0.92387940 0.00000000
vn 0.38268370 0.92387940 0.00000000
vn 0.00000053 1.00000000 0.00000000
vn 0.00000053 1.00000000 0.00000000
vn -0.38268300 0.92387970 0.00000000
vn -0.38268300 0.92387970 0.00000000
vn -0.38268300 0.92387970 0.00000000
vn -0.38268300 0.92387970 0.00000000
vn -0.70710610 0.70710740 0.00000000
vn -0.70710610 0.70710740 0.00000000
vn -0.92387940 0.38268390 0.00000000
vn -0.92387940 0.38268390 0.00000000
vn -1.00000000 0.00000000 0.00000000
vn -1.00000000 0.00000000 0.00000000
vn -0.92387970 -0.38268310 0.00000000
vn -0.92387970 -0.38268310 0.00000000
vn -0.70710720 -0.70710640 0.00000000
vn -0.70710720 -0.70710640 0.00000000
vn -0.38268340 -0.92387950 0.00000000
vn -0.38268340 -0.92387950 0.00000000
vn -0.38268340 -0.92387950 0.00000000
vn -0.38268340 -0.92387950 0.00000000
vn 0.00000000 -1.00000000 0.00000000
vn 0.00000000 -1.00000000 0.00000000
vn 0.38268370 -0.92387940 0.00000000
vn 0.38268370 -0.92387940 0.00000000
vn 0.70710610 0.70710740 0.00000000
vn 0.38268290 0.92387970 0.00000000
vn 0.38268290 0.92387970 0.00000000
vn 0.70710610 0.70710740 0.00000000
vn 0.92387930 0.38268400 0.00000000
vn 0.92387930 0.38268400 0.00000000
vn 1.00000000 0.00000000 0.00000000
vn 1.00000000 0.00000000 0.00000000
vn 0.92387940 -0.38268380 0.00000000
vn 0.92387940 -0.38268380 0.00000000
vn 0.70710590 -0.70710770 0.00000000
vn 0.70710590 -0.70710770 0.00000000
vn 0.38268240 -0.92388000 0.00000000
vn 0.38268240 -0.92388000 0.00000000
vn 0.38268290 0.92387970 0.00000000
vn 0.38268290 0.92387970 0.00000000
vn 0.00000054 1.00000000 0.00000000
vn 0.00000054 1.00000000 0.00000000
vn -0.38268610 0.92387840 0.00000000
vn -0.38268610 0.92387840 0.00000000
vn -0.38268610 0.92387840 0.00000000
vn -0.38268610 0.92387840 0.00000000
vn -0.70710000 0.70711360 0.00000000
vn -0.70710000 0.70711360 0.00000000
vn -0.92387940 0.38268390 0.00000000
vn -0.92387940 0.38268390 0.00000000
vn -1.00000000 0.00000000 0.00000000
vn -1.00000000 0.00000000 0.00000000
vn -0.92388350 -0.38267380 0.00000000
vn -0.92388350 -0.38267380 0.00000000
vn -0.70710610 -0.70710740 0.00000000
vn -0.70710610 -0.70710740 0.00000000
vn -0.38268260 -0.92387990 0.00000000
vn -0.38268260 -0.92387990 0.00000000
vn -0.38268260 -0.92387990 0.00000000
vn -0.38268260 -0.92387990 0.00000000
vn 0.00000000 -1.00000000 0.00000000
vn 0.00000000 -1.00000000 0.00000000
vn 0.38268240 -0.92388000 0.00000000
vn 0.38268240 -0.92388000 0.00000000
vn 0.00000000 0.38268240 -0.92388000
vn 0.00000000 0.38268240 -0.92388000
vn 0.00000000 0.70710660 -0.70710690
vn 0.00000000 0.70710660 -0.70710690
vn 0.00000000 0.92387950 -0.38268340
vn 0.00000000 0.92387950 -0.38268340
vn 0.00000000 1.00000000 -0.00000070
vn 0.00000000 1.00000000 -0.00000070
vn 0.00000000 0.92387980 0.38268290
vn 0.00000000 0.92387980 0.38268290
vn 0.00000000 0.70710680 0.70710660
vn 0.00000000 0.70710680 0.70710660
vn 0.00000000 0.38268230 0.92388000
vn 0.00000000 0.38268230 0.92388000
vn 0.00000000 0.38268230 0.92388000
vn 0.00000000 0.38268230 0.92388000
vn 0.00000000 0.00000000 1.00000000
vn 0.00000000 0.00000000 1.00000000
vn 0.00000000 -0.38268210 0.92388000
vn 0.00000000 -0.38268210 0.92388000
vn 0.00000000 -0.38268210 0.92388000
vn 0.00000000 -0.38268210 0.92388000
vn 0.00000000 -0.70710660 0.70710690
vn 0.00000000 -0.70710660 0.70710690
vn 0.00000000 -0.92387950 0.38268330
vn 0.00000000 -0.92387950 0.38268330
vn 0.00000000 -1.00000000 0.00000016
vn 0.00000000 -1.00000000 0.00000016
vn 0.00000000 -0.92387950 -0.38268330
vn 0.00000000 -0.92387950 -0.38268330
vn 0.00000000 -0.70710690 -0.70710660
vn 0.00000000 -0.70710690 -0.70710660
vn 0.00000000 -0.38268230 -0.92388000
vn 0.00000000 -0.38268230 -0.92388000
vn 0.00000000 -0.38268230 -0.92388000
vn 0.00000000 -0.38268230 -0.92388000
vn 0.00000000 0.00000000 -1.00000000
vn 0.00000000 0.00000000 -1.00000000
vn 0.00000000 0.38268240 -0.92388000
vn 0.00000000 0.38268240 -0.92388000
vn -0.00000121 0.00000000 -1.00000000
vn 0.00000012 0.00000000 -1.00000000
vn 0.00000015 0.00000000 -1.00000000
vn -0.00000061 0.00000000 -1.00000000
vn 0.00000146 0.00000000 -1.00000000
vn 0.00000000 0.00000000 -1.00000000
vn 0.00000073 0.00000000 -1.00000000
vn -0.00000049 0.00000000 -1.00000000
vn 0.00000000 0.00000000 -1.00000000
vn -0.00000097 0.00000000 -1.00000000
vn 0.00000049 0.00000000 -1.00000000
vn 0.00000000 0.00000000 -1.00000000
vn 0.00000097 0.00000000 -1.00000000
vn 0.00000097 0.00000000 -1.00000000
vn 0.00000049 0.00000000 -1.00000000
vn 0.00000049 0.00000000 -1.00000000
vn 0.00000000 0.00000000 -1.00000000
vn -0.00000121 0.00000000 -1.00000000
vn 0.00000012 0.00000000 -1.00000000
vn 0.00000015 0.00000000 -1.00000000
vn -0.00000061 0.00000000 -1.00000000
vn 0.00000146 0.00000000 -1.00000000
vn 0.00000000 0.00000000 -1.00000000
vn 0.00000073 0.00000000 -1.00000000
vn -0.00000049 0.00000000 -1.00000000
vn 0.00000000 0.00000000 -1.00000000
vn -0.00000097 0.00000000 -1.00000000
vn 0.00000049 0.00000000 -1.00000000
vn 0.00000000 0.00000000 -1.00000000
vn 0.00000097 0.00000000 -1.00000000
vn 0.00000097 0.00000000 -1.00000000
vn 0.00000049 0.00000000 -1.00000000
vn 0.00000049 0.00000000 -1.00000000
vn 0.00000000 0.00000000 -1.00000000
vn -1.00000000 0.00000000 0.00000000
vn -1.00000000 0.00000000 0.00000000
vn -1.00000000 0.00000000 0.00000000
vn -1.00000000 0.00000000 0.00000000
vn -1.00000000 0.00000000 0.00000000
vn -1.00000000 0.00000000 0.00000000
vn -1.00000000 0.00000000 0.00000000
vn -1.00000000 0.00000000 0.00000000
vn -1.00000000 0.00000000 0.00000000
vn -1.00000000 0.00000000 0.00000000
vn -1.00000000 0.00000000 0.00000000
vn -1.00000000 0.00000000 0.00000000
vn -1.00000000 0.00000000 0.00000000
vn -1.00000000 0.00000000 0.00000000
vn -1.00000000 0.00000000 0.00000000
vn -1.00000000 0.00000000 0.00000000
vn -1.00000000 0.00000000 0.00000000
vn 1.00000000 0.00000000 0.00000000
vn 1.00000000 0.00000425 0.00000000
vn 1.00000000 0.00000850 0.00000000
vn 1.00000000 0.00000425 0.00000000
vn 1.00000000 0.00000000 0.00000000
vn 1.00000000 0.00000000 0.00000000
vn 1.00000000 0.00000000 0.00000000
vn 1.00000000 0.00000000 0.00000000
vn 1.00000000 0.00000000 0.00000000
vn 1.00000000 0.00000000 0.00000000
vn 1.00000000 0.00000000 0.00000000
vn 1.00000000 0.00000000 0.00000000
vn 1.00000000 0.00000000 0.00000000
vn 1.00000000 0.00000000 0.00000000
vn 1.00000000 -0.00000425 0.00000000
vn 1.00000000 -0.00000425 0.00000000
vn 1.00000000 -0.00000850 0.00000000
vn -0.71393210 0.26795970 -0.64691470
vn -0.71393210 0.00000000 -0.70021500
vn -0.71393210 0.00000000 -0.70021500
vn -0.71393200 0.26795970 -0.64691470
vn -0.71393220 -0.26795960 -0.64691470
vn -0.71393190 0.49512650 -0.49512730
vn -0.71393210 -0.26795960 -0.64691470
vn -0.71393190 0.49512680 -0.49512700
vn -0.71393200 -0.49512690 -0.49512680
vn -0.71393210 0.64691420 -0.26796070
vn -0.71393200 -0.49512660 -0.49512710
vn -0.71393210 0.64691440 -0.26796030
vn -0.71393210 -0.64691440 -0.26796030
vn -0.71393240 0.70021470 -0.00000056
vn -0.71393210 -0.64691420 -0.26796070
vn -0.71393240 0.70021460 -0.00000046
vn -0.71393240 -0.70021460 0.00000015
vn -0.71393220 0.64691440 0.26796020
vn -0.71393240 -0.70021460 0.00000018
vn -0.71393220 0.64691450 0.26795990
vn -0.71393200 -0.64691450 0.26796030
vn -0.71393190 0.49512660 0.49512720
vn -0.71393200 -0.64691430 0.26796070
vn -0.71393190 0.49512690 0.49512690
vn -0.71393190 -0.49512680 0.49512690
vn -0.71393200 0.26795970 0.64691470
vn -0.71393190 -0.49512650 0.49512720
vn -0.71393200 0.26795970 0.64691470
vn -0.71393220 -0.26795950 0.64691470
vn -0.71393220 0.00000000 0.70021480
vn -0.71393220 -0.26795950 0.64691470
vn -0.71393210 0.00000000 0.70021490
vn 0.71392970 0.26796130 -0.64691660
vn 0.71392970 0.49512790 -0.49512900
vn 0.71392970 0.49512820 -0.49512870
vn 0.71392970 0.26796130 -0.64691660
vn 0.71392980 0.64691650 -0.26796110
vn 0.71392990 0.00000000 -0.70021710
vn 0.71392980 0.64691640 -0.26796160
vn 0.71392990 0.00000000 -0.70021710
vn 0.71392910 0.70021800 -0.00000045
vn 0.71392970 -0.26796130 -0.64691660
vn 0.71392910 0.70021800 -0.00000054
vn 0.71392970 -0.26796130 -0.64691660
vn 0.71392980 0.64691660 0.26796070
vn 0.71392970 -0.49512820 -0.49512870
vn 0.71392980 0.64691650 0.26796110
vn 0.71392970 -0.49512840 -0.49512850
vn 0.71392970 0.49512840 0.49512860
vn 0.71392980 -0.64691640 -0.26796150
vn 0.71392970 0.49512810 0.49512880
vn 0.71392980 -0.64691650 -0.26796110
vn 0.71392950 0.26796130 0.64691670
vn 0.71392910 -0.70021800 0.00000000
vn 0.71392950 0.26796130 0.64691690
vn 0.71392910 -0.70021800 0.00000000
vn 0.71392980 0.00000000 0.70021730
vn 0.71392970 -0.64691640 0.26796150
vn 0.71392980 0.00000000 0.70021730
vn 0.71392980 -0.64691660 0.26796110
vn 0.71392970 -0.26796110 0.64691670
vn 0.71392970 -0.49512790 0.49512900
vn 0.71392970 -0.26796110 0.64691670
vn 0.71392970 -0.49512820 0.49512870
vn 0.57735030 -0.57715070 -0.57754980
vn 0.57735030 -0.57715070 -0.57754980
vn 0.57735030 -0.57715070 -0.57754980
vn 0.57735030 0.57754980 -0.57715070
vn 0.57735030 0.57754980 -0.57715070
vn 0.57735030 0.57754980 -0.57715070
vn -0.57735220 -0.57715070 -0.57754780
vn -0.57735220 -0.57715070 -0.57754780
vn -0.57735220 -0.57715070 -0.57754780
vn -0.57735220 0.57754980 -0.57714890
vn -0.57735220 0.57754980 -0.57714890
vn -0.57735220 0.57754980 -0.57714890
vn 0.57735030 0.57715070 0.57754980
vn 0.57735030 0.57715070 0.57754980
vn 0.57735030 0.57715070 0.57754980
vn 0.57735030 -0.57754980 0.57715070
vn 0.57735030 -0.57754980 0.57715070
vn 0.57735030 -0.57754980 0.57715070
vn -0.57735280 -0.57754850 0.57714950
vn -0.57735280 -0.57754850 0.57714950
vn -0.57735280 -0.57754850 0.57714950
vn -0.57735280 0.57714950 0.57754850
vn -0.57735280 0.57714950 0.57754850
vn -0.57735280 0.57714950 0.57754850
vn 0.00000000 -1.00000000 -0.00034558
vn 0.00000000 -1.00000000 -0.00034558
vn 0.00000000 -1.00000000 -0.00034558
vn 0.00000000 -1.00000000 -0.00034558
vn 0.00000000 -0.00034558 1.00000000
vn 0.00000000 -0.00034558 1.00000000
vn 0.00000000 -0.00034558 1.00000000
vn 0.00000000 -0.00034558 1.00000000
vn 1.00000000 0.00000000 0.00000000
vn 1.00000000 0.00000000 0.00000000
vn 1.00000000 0.00000000 0.00000000
vn 1.00000000 0.00000000 0.00000000
vn 0.00000000 1.00000000 0.00034558
vn 0.00000000 1.00000000 0.00034558
vn 0.00000000 1.00000000 0.00034558
vn 0.00000000 1.00000000 0.00034558
vn -1.00000000 0.00000000 0.00000000
vn -1.00000000 0.00000000 0.00000000
vn -1.00000000 0.00000000 0.00000000
vn -1.00000000 0.00000000 0.00000000
vn -1.00000000 0.00000000 0.00000000
vn -1.00000000 0.00000000 0.00000000
vn -1.00000000 0.00000000 0.00000000
vn -1.00000000 0.00000000 0.00000000
vn 0.70710610 0.00024436 -0.70710740
vn 0.70710610 0.00024436 -0.70710740
vn 0.70710610 0.00024436 -0.70710740
vn 0.70710610 0.00024436 -0.70710740
vn 0.00000000 -0.70686230 -0.70735130
vn 0.00000000 -0.70686230 -0.70735130
vn 0.00000000 -0.70686230 -0.70735130
vn 0.00000000 -0.70686230 -0.70735130
vn 0.00000000 0.70735090 -0.70686260
vn 0.00000000 0.70735090 -0.70686260
vn 0.00000000 0.70735090 -0.70686260
vn 0.00000000 0.70735090 -0.70686260
vn -0.70710770 0.00024436 -0.70710590
vn -0.70710770 0.00024436 -0.70710590
vn -0.70710770 0.00024436 -0.70710590
vn -0.70710770 0.00024436 -0.70710590
vn 0.70710610 -0.00024436 0.70710740
vn 0.70710610 -0.00024436 0.70710740
vn 0.70710610 -0.00024436 0.70710740
vn 0.70710610 -0.00024436 0.70710740
vn 0.00000000 -0.70735090 0.70686260
vn 0.00000000 -0.70735090 0.70686260
vn 0.00000000 -0.70735090 0.70686260
vn 0.00000000 -0.70735090 0.70686260
vn 0.00000000 0.70686230 0.70735130
vn 0.00000000 0.70686230 0.70735130
vn 0.00000000 0.70686230 0.70735130
vn 0.00000000 0.70686230 0.70735130
vn -0.70710770 -0.00024436 0.70710590
vn -0.70710770 -0.00024436 0.70710590
vn -0.70710770 -0.00024436 0.70710590
vn -0.70710770 -0.00024436 0.70710590
vn 0.70710710 0.70710640 0.00024436
vn 0.70710710 0.70710640 0.00024436
vn 0.70710710 0.70710640 0.00024436
vn 0.70710710 0.70710640 0.00024436
vn 0.70710710 -0.70710640 -0.00024436
vn 0.70710710 -0.70710640 -0.00024436
vn 0.70710710 -0.70710640 -0.00024436
vn 0.70710710 -0.70710640 -0.00024436
vn -0.70710860 -0.70710490 -0.00024436
vn -0.70710860 -0.70710490 -0.00024436
vn -0.70710860 -0.70710490 -0.00024436
vn -0.70710860 -0.70710490 -0.00024436
vn -0.70710860 0.70710490 0.00024436
vn -0.70710860 0.70710490 0.00024436
vn -0.70710860 0.70710490 0.00024436
vn -0.70710860 0.70710490 0.00024436
vn 0.00000000 0.00034558 -1.00000000
vn 0.00000000 0.00034558 -1.00000000
vn 0.00000000 0.00034558 -1.00000000
vn 0.00000000 0.00034558 -1.00000000
vn 1.00000000 0.00000000 0.00000000
vn 1.00000000 0.00000000 0.00000000
vn 1.00000000 0.00000000 0.00000000
vn 1.00000000 0.00000000 0.00000000
vn 1.00000000 0.00000000 0.00000000
vn 1.00000000 0.00000000 0.00000000
vn 1.00000000 0.00000000 0.00000000
vn 1.00000000 0.00000000 0.00000000
vn 0.00000000 0.00034570 -1.00000000
vn 0.00000000 0.00034570 -1.00000000
vn 0.00000000 0.00034570 -1.00000000
vn 0.00000000 0.00034570 -1.00000000
vn 0.00000000 -1.00000000 -0.00034558
vn 0.00000000 -1.00000000 -0.00034558
vn 0.00000000 -1.00000000 -0.00034558
vn 0.00000000 -1.00000000 -0.00034558
vn 0.00000000 1.00000000 0.00034558
vn 0.00000000 1.00000000 0.00034558
vn 0.00000000 1.00000000 0.00034558
vn 0.00000000 1.00000000 0.00034558
vn 0.00000000 -0.00034570 1.00000000
vn 0.00000000 -0.00034570 1.00000000
vn 0.00000000 -0.00034570 1.00000000
vn 0.00000000 -0.00034570 1.00000000
vn -1.00000000 0.00000000 0.00000000
vn -1.00000000 0.00000000 0.00000000
vn -1.00000000 0.00000000 0.00000000
vn -1.00000000 0.00000000 0.00000000
vn 0.00000000 0.00034558 -1.00000000
vn 0.00000000 0.00034558 -1.00000000
vn 0.00000000 0.00034558 -1.00000000
vn 0.00000000 0.00034558 -1.00000000
vn 0.00000000 0.00034558 -1.00000000
vn 0.00000000 0.00034558 -1.00000000
vn 0.00000000 0.00034558 -1.00000000
vn 0.00000000 0.00034558 -1.00000000
vn 0.00000000 1.00000000 0.00034558
vn 0.00000000 1.00000000 0.00034558
vn 0.00000000 1.00000000 0.00034558
vn 0.00000000 1.00000000 0.00034558
vn 0.00000000 1.00000000 0.00034558
vn 0.00000000 1.00000000 0.00034558
vn 0.00000000 1.00000000 0.00034558
vn 0.00000000 1.00000000 0.00034558
vn 0.70710720 0.70710640 0.00000000
vn 0.38268370 0.92387940 0.00000000
vn 0.38268370 0.92387940 0.00000000
vn 0.70710720 0.70710640 0.00000000
vn 0.92387980 0.38268280 0.00000000
vn 0.92387980 0.38268280 0.00000000
vn 1.00000000 -0.00000072 0.00000000
vn 1.00000000 -0.00000072 0.00000000
vn 0.92387940 -0.38268390 0.00000000
vn 0.92387940 -0.38268390 0.00000000
vn 0.70710690 -0.70710660 0.00000000
vn 0.70710690 -0.70710660 0.00000000
vn 0.38268370 -0.92387940 0.00000000
vn 0.38268370 -0.92387940 0.00000000
vn 0.38268370 0.92387940 0.00000000
vn 0.38268370 0.92387940 0.00000000
vn 0.00000053 1.00000000 0.00000000
vn 0.00000053 1.00000000 0.00000000
vn -0.38268300 0.92387970 0.00000000
vn -0.38268300 0.92387970 0.00000000
vn -0.38268300 0.92387970 0.00000000
vn -0.38268300 0.92387970 0.00000000
vn -0.70710610 0.70710740 0.00000000
vn -0.70710610 0.70710740 0.00000000
vn -0.92387940 0.38268390 0.00000000
vn -0.92387940 0.38268390 0.00000000
vn -1.00000000 0.00000000 0.00000000
vn -1.00000000 0.00000000 0.00000000
vn -0.92387970 -0.38268310 0.00000000
vn -0.92387970 -0.38268310 0.00000000
vn -0.70710720 -0.70710640 0.00000000
vn -0.70710720 -0.70710640 0.00000000
vn -0.38268340 -0.92387950 0.00000000
vn -0.38268340 -0.92387950 0.00000000
vn -0.38268340 -0.92387950 0.00000000
vn -0.38268340 -0.92387950 0.00000000
vn 0.00000000 -1.00000000 0.00000000
vn 0.00000000 -1.00000000 0.00000000
vn 0.38268370 -0.92387940 0.00000000
vn 0.38268370 -0.92387940 0.00000000
vn 0.70710610 0.70710740 0.00000000
vn 0.38268290 0.92387970 0.00000000
vn 0.38268290 0.92387970 0.00000000
vn 0.70710610 0.70710740 0.00000000
vn 0.92387930 0.38268400 0.00000000
vn 0.92387930 0.38268400 0.00000000
vn 1.00000000 0.00000000 0.00000000
vn 1.00000000 0.00000000 0.00000000
vn 0.92387940 -0.38268380 0.00000000
vn 0.92387940 -0.38268380 0.00000000
vn 0.70710590 -0.70710770 0.00000000
vn 0.70710590 -0.70710770 0.00000000
vn 0.38268240 -0.92388000 0.00000000
vn 0.38268240 -0.92388000 0.00000000
vn 0.38268290 0.92387970 0.00000000
vn 0.38268290 0.92387970 0.00000000
vn 0.00000054 1.00000000 0.00000000
vn 0.00000054 1.00000000 0.00000000
vn -0.38268610 0.92387840 0.00000000
vn -0.38268610 0.92387840 0.00000000
vn -0.38268610 0.92387840 0.00000000
vn -0.38268610 0.92387840 0.00000000
vn -0.70710000 0.70711360 0.00000000
vn -0.70710000 0.70711360 0.00000000
vn -0.92387940 0.38268390 0.00000000
vn -0.92387940 0.38268390 0.00000000
vn -1.00000000 0.00000000 0.00000000
vn -1.00000000 0.00000000 0.00000000
vn -0.92388350 -0.38267380 0.00000000
vn -0.92388350 -0.38267380 0.00000000
vn -0.70710610 -0.70710740 0.00000000
vn -0.70710610 -0.70710740 0.00000000
vn -0.38268260 -0.92387990 0.00000000
vn -0.38268260 -0.92387990 0.00000000
vn -0.38268260 -0.92387990 0.00000000
vn -0.38268260 -0.92387990 0.00000000
vn 0.00000000 -1.00000000 0.00000000
vn 0.00000000 -1.00000000 0.00000000
vn 0.38268240 -0.92388000 0.00000000
vn 0.38268240 -0.92388000 0.00000000
vn 0.00000000 0.38268240 -0.92388000
vn 0.00000000 0.38268240 -0.92388000
vn 0.00000000 0.70710660 -0.70710690
vn 0.00000000 0.70710660 -0.70710690
vn 0.00000000 0.92387950 -0.38268340
vn 0.00000000 0.92387950 -0.38268340
vn 0.00000000 1.00000000 -0.00000070
vn 0.00000000 1.00000000 -0.00000070
vn 0.00000000 0.92387980 0.38268290
vn 0.00000000 0.92387980 0.38268290
vn 0.00000000 0.70710680 0.70710660
vn 0.00000000 0.70710680 0.70710660
vn 0.00000000 0.38268230 0.92388000
vn 0.00000000 0.38268230 0.92388000
vn 0.00000000 0.38268230 0.92388000
vn 0.00000000 0.38268230 0.92388000
vn 0.00000000 0.00000000 1.00000000
vn 0.00000000 0.00000000 1.00000000
vn 0.00000000 -0.38268210 0.92388000
vn 0.00000000 -0.38268210 0.92388000
vn 0.00000000 -0.38268210 0.92388000
vn 0.00000000 -0.38268210 0.92388000
vn 0.00000000 -0.70710660 0.70710690
vn 0.00000000 -0.70710660 0.70710690
vn 0.00000000 -0.92387950 0.38268330
vn 0.00000000 -0.92387950 0.38268330
vn 0.00000000 -1.00000000 0.00000016
vn 0.00000000 -1.00000000 0.00000016
vn 0.00000000 -0.92387950 -0.38268330
vn 0.00000000 -0.92387950 -0.38268330
vn 0.00000000 -0.70710690 -0.70710660
vn 0.00000000 -0.70710690 -0.70710660
vn 0.00000000 -0.38268230 -0.92388000
vn 0.00000000 -0.38268230 -0.92388000
vn 0.00000000 -0.38268230 -0.92388000
vn 0.00000000 -0.38268230 -0.92388000
vn 0.00000000 0.00000000 -1.00000000
vn 0.00000000 0.00000000 -1.00000000
vn 0.00000000 0.38268240 -0.92388000
vn 0.00000000 0.38268240 -0.92388000
vn -0.00000121 0.00000000 -1.00000000
vn 0.00000012 0.00000000 -1.00000000
vn 0.00000015 0.00000000 -1.00000000
vn -0.00000061 0.00000000 -1.00000000
vn 0.00000146 0.00000000 -1.00000000
vn 0.00000000 0.00000000 -1.00000000
vn 0.00000073 0.00000000 -1.00000000
vn -0.00000049 0.00000000 -1.00000000
vn 0.00000000 0.00000000 -1.00000000
vn -0.00000097 0.00000000 -1.00000000
vn 0.00000049 0.00000000 -1.00000000
vn 0.00000000 0.00000000 -1.00000000
vn 0.00000097 0.00000000 -1.00000000
vn 0.00000097 0.00000000 -1.00000000
vn 0.00000049 0.00000000 -1.00000000
vn 0.00000049 0.00000000 -1.00000000
vn 0.00000000 0.00000000 -1.00000000
vn -0.00000121 0.00000000 -1.00000000
vn 0.00000012 0.00000000 -1.00000000
vn 0.00000015 0.00000000 -1.00000000
vn -0.00000061 0.00000000 -1.00000000
vn 0.00000146 0.00000000 -1.00000000
vn 0.00000000 0.00000000 -1.00000000
vn 0.00000073 0.00000000 -1.00000000
vn -0.00000049 0.00000000 -1.00000000
vn 0.00000000 0.00000000 -1.00000000
vn -0.00000097 0.00000000 -1.00000000
vn 0.00000049 0.00000000 -1.00000000
vn 0.00000000 0.00000000 -1.00000000
vn 0.00000097 0.00000000 -1.00000000
vn 0.00000097 0.00000000 -1.00000000
vn 0.00000049 0.00000000 -1.00000000
vn 0.00000049 0.00000000 -1.00000000
vn 0.00000000 0.00000000 -1.00000000
vn -1.00000000 0.00000000 0.00000000
vn -1.00000000 0.00000000 0.00000000
vn -1.00000000 0.00000000 0.00000000
vn -1.00000000 0.00000000 0.00000000
vn -1.00000000 0.00000000 0.00000000
vn -1.00000000 0.00000000 0.00000000
vn -1.00000000 0.00000000 0.00000000
vn -1.00000000 0.00000000 0.00000000
vn -1.00000000 0.00000000 0.00000000
vn -1.00000000 0.00000000 0.00000000
vn -1.00000000 0.00000000 0.00000000
vn -1.00000000 0.00000000 0.00000000
vn -1.00000000 0.00000000 0.00000000
vn -1.00000000 0.00000000 0.00000000
vn -1.00000000 0.00000000 0.00000000
vn -1.00000000 0.00000000 0.00000000
vn -1.00000000 0.00000000 0.00000000
vn 1.00000000 0.00000000 0.00000000
vn 1.00000000 0.00000425 0.00000000
vn 1.00000000 0.00000850 0.00000000
vn 1.00000000 0.00000425 0.00000000
vn 1.00000000 0.00000000 0.00000000
vn 1.00000000 0.00000000 0.00000000
vn 1.00000000 0.00000000 0.00000000
vn 1.00000000 0.00000000 0.00000000
vn 1.00000000 0.00000000 0.00000000
vn 1.00000000 0.00000000 0.00000000
vn 1.00000000 0.00000000 0.00000000
vn 1.00000000 0.00000000 0.00000000
vn 1.00000000 0.00000000 0.00000000
vn 1.00000000 0.00000000 0.00000000
vn 1.00000000 -0.00000425 0.00000000
vn 1.00000000 -0.00000425 0.00000000
vn 1.00000000 -0.00000850 0.00000000
vn -0.71393210 0.26795970 -0.64691470
vn -0.71393210 0.00000000 -0.70021500
vn -0.71393210 0.00000000 -0.70021500
vn -0.71393200 0.26795970 -0.64691470
vn -0.71393220 -0.26795960 -0.64691470
vn -0.71393190 0.49512650 -0.49512730
vn -0.71393210 -0.26795960 -0.64691470
vn -0.71393190 0.49512680 -0.49512700
vn -0.71393200 -0.49512690 -0.49512680
vn -0.71393210 0.64691420 -0.26796070
vn -0.71393200 -0.49512660 -0.49512710
vn -0.71393210 0.64691440 -0.26796030
vn -0.71393210 -0.64691440 -0.26796030
vn -0.71393240 0.70021470 -0.00000056
vn -0.71393210 -0.64691420 -0.26796070
vn -0.71393240 0.70021460 -0.00000046
vn -0.71393240 -0.70021460 0.00000015
vn -0.71393220 0.64691440 0.26796020
vn -0.71393240 -0.70021460 0.00000018
vn -0.71393220 0.64691450 0.26795990
vn -0.71393200 -0.64691450 0.26796030
vn -0.71393190 0.49512660 0.49512720
vn -0.71393200 -0.64691430 0.26796070
vn -0.71393190 0.49512690 0.49512690
vn -0.71393190 -0.49512680 0.49512690
vn -0.71393200 0.26795970 0.64691470
vn -0.71393190 -0.49512650 0.49512720
vn -0.71393200 0.26795970 0.64691470
vn -0.71393220 -0.26795950 0.64691470
vn -0.71393220 0.00000000 0.70021480
vn -0.71393220 -0.26795950 0.64691470
vn -0.71393210 0.00000000 0.70021490
vn 0.71392970 0.26796130 -0.64691660
vn 0.71392970 0.49512790 -0.49512900
vn 0.71392970 0.49512820 -0.49512870
vn 0.71392970 0.26796130 -0.64691660
vn 0.71392980 0.64691650 -0.26796110
vn 0.71392990 0.00000000 -0.70021710
vn 0.71392980 0.64691640 -0.26796160
vn 0.71392990 0.00000000 -0.70021710
vn 0.71392910 0.70021800 -0.00000045
vn 0.71392970 -0.26796130 -0.64691660
vn 0.71392910 0.70021800 -0.00000054
vn 0.71392970 -0.26796130 -0.64691660
vn 0.71392980 0.64691660 0.26796070
vn 0.71392970 -0.49512820 -0.49512870
vn 0.71392980 0.64691650 0.26796110
vn 0.71392970 -0.49512840 -0.49512850
vn 0.71392970 0.49512840 0.49512860
vn 0.71392980 -0.64691640 -0.26796150
vn 0.71392970 0.49512810 0.49512880
vn 0.71392980 -0.64691650 -0.26796110
vn 0.71392950 0.26796130 0.64691670
vn 0.71392910 -0.70021800 0.00000000
vn 0.71392950 0.26796130 0.64691690
vn 0.71392910 -0.70021800 0.00000000
vn 0.71392980 0.00000000 0.70021730
vn 0.71392970 -0.64691640 0.26796150
vn 0.71392980 0.00000000 0.70021730
vn 0.71392980 -0.64691660 0.26796110
vn 0.71392970 -0.26796110 0.64691670
vn 0.71392970 -0.49512790 0.49512900
vn 0.71392970 -0.26796110 0.64691670
vn 0.71392970 -0.49512820 0.49512870
vn 0.57735030 0.57754980 -0.57715070
vn 0.57735030 0.57754980 -0.57715070
vn 0.57735030 0.57754980 -0.57715070
vn 0.57734760 -0.57715200 -0.57755110
vn 0.57734760 -0.57715200 -0.57755110
vn 0.57734760 -0.57715200 -0.57755110
vn -0.57735280 0.57754850 -0.57714950
vn -0.57735280 0.57754850 -0.57714950
vn -0.57735280 0.57754850 -0.57714950
vn -0.57735160 -0.57715200 -0.57754710
vn -0.57735160 -0.57715200 -0.57754710
vn -0.57735160 -0.57715200 -0.57754710
vn 0.57735030 0.57715070 0.57754980
vn 0.57735030 0.57715070 0.57754980
vn 0.57735030 0.57715070 0.57754980
vn 0.57734760 -0.57755110 0.57715200
vn 0.57734760 -0.57755110 0.57715200
vn 0.57734760 -0.57755110 0.57715200
vn -0.57735220 0.57715070 0.57754780
vn -0.57735220 0.57715070 0.57754780
vn -0.57735220 0.57715070 0.57754780
vn -0.57735090 -0.57755240 0.57714750
vn -0.57735090 -0.57755240 0.57714750
vn -0.57735090 -0.57755240 0.57714750
vn 0.00000000 1.00000000 0.00034558
vn 0.00000000 1.00000000 0.00034558
vn 0.00000000 1.00000000 0.00034558
vn 0.00000000 1.00000000 0.00034558
vn 0.00000000 -0.00034558 1.00000000
vn 0.00000000 -0.00034558 1.00000000
vn 0.00000000 -0.00034558 1.00000000
vn 0.00000000 -0.00034558 1.00000000
vn 0.00000000 -1.00000000 -0.00034558
vn 0.00000000 -1.00000000 -0.00034558
vn 0.00000000 -1.00000000 -0.00034558
vn 0.00000000 -1.00000000 -0.00034558
vn 1.00000000 0.00000000 0.00000000
vn 1.00000000 0.00000000 0.00000000
vn 1.00000000 0.00000000 0.00000000
vn 1.00000000 0.00000000 0.00000000
vn -1.00000000 0.00000000 0.00000000
vn -1.00000000 0.00000000 0.00000000
vn -1.00000000 0.00000000 0.00000000
vn -1.00000000 0.00000000 0.00000000
vn 0.70710610 0.00024436 -0.70710740
vn 0.70710610 0.00024436 -0.70710740
vn 0.70710610 0.00024436 -0.70710740
vn 0.70710610 0.00024436 -0.70710740
vn 0.00000000 0.70735090 -0.70686260
vn 0.00000000 0.70735090 -0.70686260
vn 0.00000000 0.70735090 -0.70686260
vn 0.00000000 0.70735090 -0.70686260
vn 0.00000000 -0.70686300 -0.70735040
vn 0.00000000 -0.70686300 -0.70735040
vn 0.00000000 -0.70686300 -0.70735040
vn 0.00000000 -0.70686300 -0.70735040
vn -0.70710920 0.00024436 -0.70710430
vn -0.70710920 0.00024436 -0.70710430
vn -0.70710920 0.00024436 -0.70710430
vn -0.70710920 0.00024436 -0.70710430
vn 0.70710610 -0.00024436 0.70710740
vn 0.70710610 -0.00024436 0.70710740
vn 0.70710610 -0.00024436 0.70710740
vn 0.70710610 -0.00024436 0.70710740
vn 0.00000000 0.70686230 0.70735130
vn 0.00000000 0.70686230 0.70735130
vn 0.00000000 0.70686230 0.70735130
vn 0.00000000 0.70686230 0.70735130
vn 0.00000000 -0.70735180 0.70686170
vn 0.00000000 -0.70735180 0.70686170
vn 0.00000000 -0.70735180 0.70686170
vn 0.00000000 -0.70735180 0.70686170
vn -0.70710920 -0.00024436 0.70710430
vn -0.70710920 -0.00024436 0.70710430
vn -0.70710920 -0.00024436 0.70710430
vn -0.70710920 -0.00024436 0.70710430
vn 0.70710680 0.70710680 0.00024436
vn 0.70710680 0.70710680 0.00024436
vn 0.70710680 0.70710680 0.00024436
vn 0.70710680 0.70710680 0.00024436
vn 0.70710580 -0.70710770 -0.00024436
vn 0.70710580 -0.70710770 -0.00024436
vn 0.70710580 -0.70710770 -0.00024436
vn 0.70710580 -0.70710770 -0.00024436
vn -0.70710860 0.70710490 0.00024436
vn -0.70710860 0.70710490 0.00024436
vn -0.70710860 0.70710490 0.00024436
vn -0.70710860 0.70710490 0.00024436
vn -0.70710740 -0.70710600 -0.00024436
vn -0.70710740 -0.70710600 -0.00024436
vn -0.70710740 -0.70710600 -0.00024436
vn -0.70710740 -0.70710600 -0.00024436
vn -1.00000000 0.00000000 0.00000000
vn -1.00000000 0.00000000 0.00000000
vn -1.00000000 0.00000000 0.00000000
vn -1.00000000 0.00000000 0.00000000
vn 0.00000000 0.00034558 -1.00000000
vn 0.00000000 0.00034558 -1.00000000
vn 0.00000000 0.00034558 -1.00000000
vn 0.00000000 0.00034558 -1.00000000
vn 1.00000000 0.00000000 0.00000000
vn 1.00000000 0.00000000 0.00000000
vn 1.00000000 0.00000000 0.00000000
vn 1.00000000 0.00000000 0.00000000
vn 0.00000000 -1.00000000 -0.00034558
vn 0.00000000 -1.00000000 -0.00034558
vn 0.00000000 -1.00000000 -0.00034558
vn 0.00000000 -1.00000000 -0.00034558
vn 0.00000000 1.00000000 0.00034558
vn 0.00000000 1.00000000 0.00034558
vn 0.00000000 1.00000000 0.00034558
vn 0.00000000 1.00000000 0.00034558
vn 0.00000000 -0.00034570 1.00000000
vn 0.00000000 -0.00034570 1.00000000
vn 0.00000000 -0.00034570 1.00000000
vn 0.00000000 -0.00034570 1.00000000
vn -1.00000000 0.00000000 0.00000000
vn -1.00000000 0.00000000 0.00000000
vn -1.00000000 0.00000000 0.00000000
vn -1.00000000 0.00000000 0.00000000
vn 1.00000000 0.00000000 0.00000000
vn 1.00000000 0.00000000 0.00000000
vn 1.00000000 0.00000000 0.00000000
vn 1.00000000 0.00000000 0.00000000
vn 0.00000000 0.00034570 -1.00000000
vn 0.00000000 0.00034570 -1.00000000
vn 0.00000000 0.00034570 -1.00000000
vn 0.00000000 0.00034570 -1.00000000
vn 0.00000000 0.00034558 -1.00000000
vn 0.00000000 0.00034558 -1.00000000
vn 0.00000000 0.00034558 -1.00000000
vn 0.00000000 0.00034558 -1.00000000
vn 0.00000000 0.00034558 -1.00000000
vn 0.00000000 0.00034558 -1.00000000
vn 0.00000000 0.00034558 -1.00000000
vn 0.00000000 0.00034558 -1.00000000
vn 0.00000000 1.00000000 0.00034558
vn 0.00000000 1.00000000 0.00034558
vn 0.00000000 1.00000000 0.00034558
vn 0.00000000 1.00000000 0.00034558
vn 0.00000000 1.00000000 0.00034558
vn 0.00000000 1.00000000 0.00034558
vn 0.00000000 1.00000000 0.00034558
vn 0.00000000 1.00000000 0.00034558
vn 0.70710720 0.70710640 0.00000000
vn 0.38268370 0.92387940 0.00000000
vn 0.38268370 0.92387940 0.00000000
vn 0.70710720 0.70710640 0.00000000
vn 0.92387980 0.38268280 0.00000000
vn 0.92387980 0.38268280 0.00000000
vn 1.00000000 -0.00000072 0.00000000
vn 1.00000000 -0.00000072 0.00000000
vn 0.92387940 -0.38268390 0.00000000
vn 0.92387940 -0.38268390 0.00000000
vn 0.70710690 -0.70710660 0.00000000
vn 0.70710690 -0.70710660 0.00000000
vn 0.38268370 -0.92387940 0.00000000
vn 0.38268370 -0.92387940 0.00000000
vn 0.38268370 0.92387940 0.00000000
vn 0.38268370 0.92387940 0.00000000
vn 0.00000053 1.00000000 0.00000000
vn 0.00000053 1.00000000 0.00000000
vn -0.38268300 0.92387970 0.00000000
vn -0.38268300 0.92387970 0.00000000
vn -0.38268300 0.92387970 0.00000000
vn -0.38268300 0.92387970 0.00000000
vn -0.70710610 0.70710740 0.00000000
vn -0.70710610 0.70710740 0.00000000
vn -0.92387940 0.38268390 0.00000000
vn -0.92387940 0.38268390 0.00000000
vn -1.00000000 0.00000000 0.00000000
vn -1.00000000 0.00000000 0.00000000
vn -0.92387970 -0.38268310 0.00000000
vn -0.92387970 -0.38268310 0.00000000
vn -0.70710720 -0.70710640 0.00000000
vn -0.70710720 -0.70710640 0.00000000
vn -0.38268340 -0.92387950 0.00000000
vn -0.38268340 -0.92387950 0.00000000
vn -0.38268340 -0.92387950 0.00000000
vn -0.38268340 -0.92387950 0.00000000
vn 0.00000000 -1.00000000 0.00000000
vn 0.00000000 -1.00000000 0.00000000
vn 0.38268370 -0.92387940 0.00000000
vn 0.38268370 -0.92387940 0.00000000
vn 0.70710610 0.70710740 0.00000000
vn 0.38268290 0.92387970 0.00000000
vn 0.38268290 0.92387970 0.00000000
vn 0.70710610 0.70710740 0.00000000
vn 0.92387930 0.38268400 0.00000000
vn 0.92387930 0.38268400 0.00000000
vn 1.00000000 0.00000000 0.00000000
vn 1.00000000 0.00000000 0.00000000
vn 0.92387940 -0.38268380 0.00000000
vn 0.92387940 -0.38268380 0.00000000
vn 0.70710590 -0.70710770 0.00000000
vn 0.70710590 -0.70710770 0.00000000
vn 0.38268240 -0.92388000 0.00000000
vn 0.38268240 -0.92388000 0.00000000
vn 0.38268290 0.92387970 0.00000000
vn 0.38268290 0.92387970 0.00000000
vn 0.00000054 1.00000000 0.00000000
vn 0.00000054 1.00000000 0.00000000
vn -0.38268610 0.92387840 0.00000000
vn -0.38268610 0.92387840 0.00000000
vn -0.38268610 0.92387840 0.00000000
vn -0.38268610 0.92387840 0.00000000
vn -0.70710000 0.70711360 0.00000000
vn -0.70710000 0.70711360 0.00000000
vn -0.92387940 0.38268390 0.00000000
vn -0.92387940 0.38268390 0.00000000
vn -1.00000000 0.00000000 0.00000000
vn -1.00000000 0.00000000 0.00000000
vn -0.92388350 -0.38267380 0.00000000
vn -0.92388350 -0.38267380 0.00000000
vn -0.70710610 -0.70710740 0.00000000
vn -0.70710610 -0.70710740 0.00000000
vn -0.38268260 -0.92387990 0.00000000
vn -0.38268260 -0.92387990 0.00000000
vn -0.38268260 -0.92387990 0.00000000
vn -0.38268260 -0.92387990 0.00000000
vn 0.00000000 -1.00000000 0.00000000
vn 0.00000000 -1.00000000 0.00000000
vn 0.38268240 -0.92388000 0.00000000
vn 0.38268240 -0.92388000 0.00000000
vn 0.00000000 0.38268240 -0.92388000
vn 0.00000000 0.38268240 -0.92388000
vn 0.00000000 0.70710660 -0.70710690
vn 0.00000000 0.70710660 -0.70710690
vn 0.00000000 0.92387950 -0.38268340
vn 0.00000000 0.92387950 -0.38268340
vn 0.00000000 1.00000000 -0.00000070
vn 0.00000000 1.00000000 -0.00000070
vn 0.00000000 0.92387980 0.38268290
vn 0.00000000 0.92387980 0.38268290
vn 0.00000000 0.70710680 0.70710660
vn 0.00000000 0.70710680 0.70710660
vn 0.00000000 0.38268230 0.92388000
vn 0.00000000 0.38268230 0.92388000
vn 0.00000000 0.38268230 0.92388000
vn 0.00000000 0.38268230 0.92388000
vn 0.00000000 0.00000000 1.00000000
vn 0.00000000 0.00000000 1.00000000
vn 0.00000000 -0.38268210 0.92388000
vn 0.00000000 -0.38268210 0.92388000
vn 0.00000000 -0.38268210 0.92388000
vn 0.00000000 -0.38268210 0.92388000
vn 0.00000000 -0.70710660 0.70710690
vn 0.00000000 -0.70710660 0.70710690
vn 0.00000000 -0.92387950 0.38268330
vn 0.00000000 -0.92387950 0.38268330
vn 0.00000000 -1.00000000 0.00000016
vn 0.00000000 -1.00000000 0.00000016
vn 0.00000000 -0.92387950 -0.38268330
vn 0.00000000 -0.92387950 -0.38268330
vn 0.00000000 -0.70710690 -0.70710660
vn 0.00000000 -0.70710690 -0.70710660
vn 0.00000000 -0.38268230 -0.92388000
vn 0.00000000 -0.38268230 -0.92388000
vn 0.00000000 -0.38268230 -0.92388000
vn 0.00000000 -0.38268230 -0.92388000
vn 0.00000000 0.00000000 -1.00000000
vn 0.00000000 0.00000000 -1.00000000
vn 0.00000000 0.38268240 -0.92388000
vn 0.00000000 0.38268240 -0.92388000
vn -0.00000121 0.00000000 -1.00000000
vn 0.00000012 0.00000000 -1.00000000
vn 0.00000015 0.00000000 -1.00000000
vn -0.00000061 0.00000000 -1.00000000
vn 0.00000146 0.00000000 -1.00000000
vn 0.00000000 0.00000000 -1.00000000
vn 0.00000073 0.00000000 -1.00000000
vn -0.00000049 0.00000000 -1.00000000
vn 0.00000000 0.00000000 -1.00000000
vn -0.00000097 0.00000000 -1.00000000
vn 0.00000049 0.00000000 -1.00000000
vn 0.00000000 0.00000000 -1.00000000
vn 0.00000097 0.00000000 -1.00000000
vn 0.00000097 0.00000000 -1.00000000
vn 0.00000049 0.00000000 -1.00000000
vn 0.00000049 0.00000000 -1.00000000
vn 0.00000000 0.00000000 -1.00000000
vn -0.00000121 0.00000000 -1.00000000
vn 0.00000012 0.00000000 -1.00000000
vn 0.00000015 0.00000000 -1.00000000
vn -0.00000061 0.00000000 -1.00000000
vn 0.00000146 0.00000000 -1.00000000
vn 0.00000000 0.00000000 -1.00000000
vn 0.00000073 0.00000000 -1.00000000
vn -0.00000049 0.00000000 -1.00000000
vn 0.00000000 0.00000000 -1.00000000
vn -0.00000097 0.00000000 -1.00000000
vn 0.00000049 0.00000000 -1.00000000
vn 0.00000000 0.00000000 -1.00000000
vn 0.00000097 0.00000000 -1.00000000
vn 0.00000097 0.00000000 -1.00000000
vn 0.00000049 0.00000000 -1.00000000
vn 0.00000049 0.00000000 -1.00000000
vn 0.00000000 0.00000000 -1.00000000
vn -1.00000000 0.00000000 0.00000000
vn -1.00000000 0.00000000 0.00000000
vn -1.00000000 0.00000000 0.00000000
vn -1.00000000 0.00000000 0.00000000
vn -1.00000000 0.00000000 0.00000000
vn -1.00000000 0.00000000 0.00000000
vn -1.00000000 0.00000000 0.00000000
vn -1.00000000 0.00000000 0.00000000
vn -1.00000000 0.00000000 0.00000000
vn -1.00000000 0.00000000 0.00000000
vn -1.00000000 0.00000000 0.00000000
vn -1.00000000 0.00000000 0.00000000
vn -1.00000000 0.00000000 0.00000000
vn -1.00000000 0.00000000 0.00000000
vn -1.00000000 0.00000000 0.00000000
vn -1.00000000 0.00000000 0.00000000
vn -1.00000000 0.00000000 0.00000000
vn 1.00000000 0.00000000 0.00000000
vn 1.00000000 0.00000425 0.00000000
vn 1.00000000 0.00000850 0.00000000
vn 1.00000000 0.00000425 0.00000000
vn 1.00000000 0.00000000 0.00000000
vn 1.00000000 0.00000000 0.00000000
vn 1.00000000 0.00000000 0.00000000
vn 1.00000000 0.00000000 0.00000000
vn 1.00000000 0.00000000 0.00000000
vn 1.00000000 0.00000000 0.00000000
vn 1.00000000 0.00000000 0.00000000
vn 1.00000000 0.00000000 0.00000000
vn 1.00000000 0.00000000 0.00000000
vn 1.00000000 0.00000000 0.00000000
vn 1.00000000 -0.00000425 0.00000000
vn 1.00000000 -0.00000425 0.00000000
vn 1.00000000 -0.00000850 0.00000000
vn -0.71393210 0.26795970 -0.64691470
vn -0.71393210 0.00000000 -0.70021500
vn -0.71393210 0.00000000 -0.70021500
vn -0.71393200 0.26795970 -0.64691470
vn -0.71393220 -0.26795960 -0.64691470
vn -0.71393190 0.49512650 -0.49512730
vn -0.71393210 -0.26795960 -0.64691470
vn -0.71393190 0.49512680 -0.49512700
vn -0.71393200 -0.49512690 -0.49512680
vn -0.71393210 0.64691420 -0.26796070
vn -0.71393200 -0.49512660 -0.49512710
vn -0.71393210 0.64691440 -0.26796030
vn -0.71393210 -0.64691440 -0.26796030
vn -0.71393240 0.70021470 -0.00000056
vn -0.71393210 -0.64691420 -0.26796070
vn -0.71393240 0.70021460 -0.00000046
vn -0.71393240 -0.70021460 0.00000015
vn -0.71393220 0.64691440 0.26796020
vn -0.71393240 -0.70021460 0.00000018
vn -0.71393220 0.64691450 0.26795990
vn -0.71393200 -0.64691450 0.26796030
vn -0.71393190 0.49512660 0.49512720
vn -0.71393200 -0.64691430 0.26796070
vn -0.71393190 0.49512690 0.49512690
vn -0.71393190 -0.49512680 0.49512690
vn -0.71393200 0.26795970 0.64691470
vn -0.71393190 -0.49512650 0.49512720
vn -0.71393200 0.26795970 0.64691470
vn -0.71393220 -0.26795950 0.64691470
vn -0.71393220 0.00000000 0.70021480
vn -0.71393220 -0.26795950 0.64691470
vn -0.71393210 0.00000000 0.70021490
vn 0.71392970 0.26796130 -0.64691660
vn 0.71392970 0.49512790 -0.49512900
vn 0.71392970 0.49512820 -0.49512870
vn 0.71392970 0.26796130 -0.64691660
vn 0.71392980 0.64691650 -0.26796110
vn 0.71392990 0.00000000 -0.70021710
vn 0.71392980 0.64691640 -0.26796160
vn 0.71392990 0.00000000 -0.70021710
vn 0.71392910 0.70021800 -0.00000045
vn 0.71392970 -0.26796130 -0.64691660
vn 0.71392910 0.70021800 -0.00000054
vn 0.71392970 -0.26796130 -0.64691660
vn 0.71392980 0.64691660 0.26796070
vn 0.71392970 -0.49512820 -0.49512870
vn 0.71392980 0.64691650 0.26796110
vn 0.71392970 -0.49512840 -0.49512850
vn 0.71392970 0.49512840 0.49512860
vn 0.71392980 -0.64691640 -0.26796150
vn 0.71392970 0.49512810 0.49512880
vn 0.71392980 -0.64691650 -0.26796110
vn 0.71392950 0.26796130 0.64691670
vn 0.71392910 -0.70021800 0.00000000
vn 0.71392950 0.26796130 0.64691690
vn 0.71392910 -0.70021800 0.00000000
vn 0.71392980 0.00000000 0.70021730
vn 0.71392970 -0.64691640 0.26796150
vn 0.71392980 0.00000000 0.70021730
vn 0.71392980 -0.64691660 0.26796110
vn 0.71392970 -0.26796110 0.64691670
vn 0.71392970 -0.49512790 0.49512900
vn 0.71392970 -0.26796110 0.64691670
vn 0.71392970 -0.49512820 0.49512870
vt 0.26777170 0.82155290
vt 0.26777170 0.82434540
vt 0.26539060 0.82434540
vt 0.26539060 0.84190510
vt 0.26777170 0.84190510
vt 0.26777170 0.84469760
vt 0.45126910 0.82155290
vt 0.45365050 0.82434540
vt 0.45126910 0.82434540
vt 0.45126910 0.84469750
vt 0.45126910 0.84190510
vt 0.45365050 0.84190510
vt 0.26777170 0.82155290
vt 0.26539060 0.82434540
vt 0.26777170 0.82434540
vt 0.26777170 0.84469760
vt 0.26777170 0.84190510
vt 0.26539060 0.84190510
vt 0.45126910 0.82155290
vt 0.45126910 0.82434540
vt 0.45365050 0.82434540
vt 0.45126910 0.84469750
vt 0.45365050 0.84190510
vt 0.45126910 0.84190510
vt 0.39926050 0.82434540
vt -0.19642320 0.82434540
vt -0.19642320 0.84190510
vt 0.39926050 0.84190510
vt 0.45126910 0.82434540
vt 0.26777170 0.82434540
vt 0.26777170 0.84190510
vt 0.45126910 0.84190510
vt 0.39926050 0.45126910
vt 0.39926050 0.26777170
vt -0.19642320 0.26777170
vt -0.19642320 0.45126910
vt 0.26777170 0.82434540
vt 0.45126910 0.82434540
vt 0.45126910 0.84190510
vt 0.26777170 0.84190510
vt 0.80357680 0.82434540
vt 1.39926100 0.82434540
vt 1.39926100 0.84190510
vt 0.80357680 0.84190510
vt 0.45126910 0.82155290
vt 0.45126910 0.82434540
vt 0.26777170 0.82434540
vt 0.26777170 0.82155290
vt 0.26539060 0.82434540
vt 0.26777170 0.82434540
vt 0.26777170 0.84190510
vt 0.26539060 0.84190510
vt 0.26777170 0.84469760
vt 0.26777170 0.84190510
vt 0.45126910 0.84190510
vt 0.45126910 0.84469750
vt 0.45365050 0.84190510
vt 0.45126910 0.84190510
vt 0.45126910 0.82434540
vt 0.45365050 0.82434540
vt 0.39926050 0.82155290
vt 0.39926050 0.82434540
vt -0.19642320 0.82434540
vt -0.19642320 0.82155290
vt 0.80357680 0.84469750
vt 0.80357680 0.84190510
vt 1.39926100 0.84190510
vt 1.39926100 0.84469750
vt 0.45126910 0.84190510
vt 0.45365050 0.84190510
vt 0.45365050 0.82434540
vt 0.45126910 0.82434540
vt 0.26777170 0.82155290
vt 0.26777170 0.82434540
vt 0.45126910 0.82434540
vt 0.45126910 0.82155290
vt 0.45126910 0.84469750
vt 0.45126910 0.84190510
vt 0.26777170 0.84190510
vt 0.26777170 0.84469760
vt 0.26539060 0.84190510
vt 0.26777170 0.84190510
vt 0.26777170 0.82434540
vt 0.26539060 0.82434540
vt 0.80357680 0.82155290
vt 0.80357680 0.82434540
vt 1.39926100 0.82434540
vt 1.39926100 0.82155290
vt 0.39926050 0.84469760
vt 0.39926050 0.84190510
vt -0.19642320 0.84190510
vt -0.19642320 0.84469760
vt 0.80357680 0.45126910
vt 0.80357680 0.26777170
vt 1.39926100 0.26777170
vt 1.39926100 0.45126910
vt 0.82622250 0.26900200
vt 0.82622250 0.26710560
vt 0.82786660 0.26900200
vt 0.82622250 0.26710560
vt 0.82622250 0.26900200
vt 0.82786660 0.26900200
vt 0.82622250 0.29052450
vt 0.82786660 0.29052450
vt 0.82622250 0.29242090
vt 0.82622250 0.29052450
vt 0.82622250 0.29242090
vt 0.82786660 0.29052450
vt 0.80519310 0.26900200
vt 0.80354910 0.26900200
vt 0.80519310 0.26710560
vt 0.80519310 0.26900200
vt 0.80519310 0.26710560
vt 0.80354910 0.26900200
vt 0.80519310 0.29052450
vt 0.80519310 0.29242090
vt 0.80354910 0.29052450
vt 0.80519310 0.29052450
vt 0.80354910 0.29052450
vt 0.80519310 0.29242090
vt 0.82622250 0.42819760
vt 0.82622250 0.42630150
vt 0.82786660 0.42819760
vt 0.82622250 0.42630150
vt 0.82622250 0.42819760
vt 0.82786660 0.42819760
vt 0.82622250 0.44972040
vt 0.82786660 0.44972040
vt 0.82622250 0.45161650
vt 0.82622250 0.44972040
vt 0.82622250 0.45161650
vt 0.82786660 0.44972040
vt 0.80519310 0.42819760
vt 0.80354910 0.42819760
vt 0.80519310 0.42630150
vt 0.80519310 0.42819760
vt 0.80519310 0.42630150
vt 0.80354910 0.42819760
vt 0.80519310 0.44972040
vt 0.80519310 0.45161650
vt 0.80354910 0.44972040
vt 0.80519310 0.44972040
vt 0.80354910 0.44972040
vt 0.80519310 0.45161650
vt 0.37652160 0.26900200
vt 0.37487750 0.26900200
vt 0.37652160 0.26710560
vt 0.37652160 0.26710560
vt 0.37487750 0.26900200
vt 0.37652160 0.26900200
vt 0.37652160 0.29052450
vt 0.37652160 0.29242090
vt 0.37487750 0.29052450
vt 0.37652160 0.29052450
vt 0.37487750 0.29052450
vt 0.37652160 0.29242090
vt 0.39755080 0.26900200
vt 0.39755080 0.26710560
vt 0.39919500 0.26900200
vt 0.39755080 0.26900200
vt 0.39919500 0.26900200
vt 0.39755080 0.26710560
vt 0.39755080 0.29052450
vt 0.39919500 0.29052450
vt 0.39755080 0.29242090
vt 0.39755080 0.29052450
vt 0.39755080 0.29242090
vt 0.39919500 0.29052450
vt 0.37652160 0.42819760
vt 0.37487750 0.42819760
vt 0.37652160 0.42630150
vt 0.37652160 0.42630150
vt 0.37487750 0.42819760
vt 0.37652160 0.42819760
vt 0.37652160 0.44972040
vt 0.37652160 0.45161650
vt 0.37487750 0.44972040
vt 0.37652160 0.44972040
vt 0.37487750 0.44972040
vt 0.37652160 0.45161650
vt 0.39755080 0.42819760
vt 0.39755080 0.42630150
vt 0.39919500 0.42819760
vt 0.39755080 0.42819760
vt 0.39919500 0.42819760
vt 0.39755080 0.42630150
vt 0.39755080 0.44972040
vt 0.39919500 0.44972040
vt 0.39755080 0.45161650
vt 0.39755080 0.44972040
vt 0.39755080 0.45161650
vt 0.39919500 0.44972040
vt 0.26900200 0.49591370
vt 0.26900200 0.82323190
vt 0.29052450 0.82323190
vt 0.29052450 0.49591370
vt 0.80519310 0.49591370
vt 0.80519310 0.82323190
vt 0.82622250 0.82323190
vt 0.82622250 0.49591370
vt 0.29052450 0.49591370
vt 0.29052450 0.82323190
vt 0.26900200 0.82323190
vt 0.26900200 0.49591370
vt 0.82622250 0.29052450
vt 0.80519310 0.29052450
vt 0.80519310 0.26900200
vt 0.82622250 0.26900200
vt 0.80519310 0.29052450
vt 0.82622250 0.29052450
vt 0.82622250 0.26900200
vt 0.80519310 0.26900200
vt 0.82622250 0.49591370
vt 0.82622250 0.82323190
vt 0.80519310 0.82323190
vt 0.80519310 0.49591370
vt 0.82786660 0.29052450
vt 0.82622250 0.29052450
vt 0.82622250 0.26900200
vt 0.82786660 0.26900200
vt 0.26900200 0.49591370
vt 0.26710560 0.49591370
vt 0.26710560 0.82323190
vt 0.26900200 0.82323190
vt 0.82786660 0.26900200
vt 0.82622250 0.26900200
vt 0.82622250 0.29052450
vt 0.82786660 0.29052450
vt 0.29052450 0.82323190
vt 0.29242090 0.82323190
vt 0.29242090 0.49591370
vt 0.29052450 0.49591370
vt 0.80519310 0.29242090
vt 0.80519310 0.29052450
vt 0.82622250 0.29052450
vt 0.82622250 0.29242090
vt 0.82622250 0.29242090
vt 0.82622250 0.29052450
vt 0.80519310 0.29052450
vt 0.80519310 0.29242090
vt 0.29242090 0.82323190
vt 0.29052450 0.82323190
vt 0.29052450 0.49591370
vt 0.29242090 0.49591370
vt 0.80354910 0.26900200
vt 0.80519310 0.26900200
vt 0.80519310 0.29052450
vt 0.80354910 0.29052450
vt 0.80354910 0.29052450
vt 0.80519310 0.29052450
vt 0.80519310 0.26900200
vt 0.80354910 0.26900200
vt 0.26900200 0.82323190
vt 0.26710560 0.82323190
vt 0.26710560 0.49591370
vt 0.26900200 0.49591370
vt 0.82622250 0.26710560
vt 0.82622250 0.26900200
vt 0.80519310 0.26900200
vt 0.80519310 0.26710560
vt 0.80519310 0.26710560
vt 0.80519310 0.26900200
vt 0.82622250 0.26900200
vt 0.82622250 0.26710560
vt 0.42819760 0.49591360
vt 0.42819760 0.82323190
vt 0.44972040 0.82323190
vt 0.44972040 0.49591360
vt 0.80519310 0.49591360
vt 0.80519310 0.82323190
vt 0.82622250 0.82323190
vt 0.82622250 0.49591360
vt 0.44972040 0.49591360
vt 0.44972040 0.82323190
vt 0.42819760 0.82323190
vt 0.42819760 0.49591360
vt 0.82622250 0.44972040
vt 0.80519310 0.44972040
vt 0.80519310 0.42819760
vt 0.82622250 0.42819760
vt 0.80519310 0.44972040
vt 0.82622250 0.44972040
vt 0.82622250 0.42819760
vt 0.80519310 0.42819760
vt 0.82622250 0.49591360
vt 0.82622250 0.82323190
vt 0.80519310 0.82323190
vt 0.80519310 0.49591360
vt 0.82786660 0.44972040
vt 0.82622250 0.44972040
vt 0.82622250 0.42819760
vt 0.82786660 0.42819760
vt 0.42819760 0.49591360
vt 0.42630150 0.49591360
vt 0.42630150 0.82323190
vt 0.42819760 0.82323190
vt 0.82786660 0.42819760
vt 0.82622250 0.42819760
vt 0.82622250 0.44972040
vt 0.82786660 0.44972040
vt 0.44972040 0.82323190
vt 0.45161650 0.82323190
vt 0.45161650 0.49591360
vt 0.44972040 0.49591360
vt 0.80519310 0.45161650
vt 0.80519310 0.44972040
vt 0.82622250 0.44972040
vt 0.82622250 0.45161650
vt 0.82622250 0.45161650
vt 0.82622250 0.44972040
vt 0.80519310 0.44972040
vt 0.80519310 0.45161650
vt 0.45161650 0.82323190
vt 0.44972040 0.82323190
vt 0.44972040 0.49591360
vt 0.45161650 0.49591360
vt 0.80354910 0.42819760
vt 0.80519310 0.42819760
vt 0.80519310 0.44972040
vt 0.80354910 0.44972040
vt 0.80354910 0.44972040
vt 0.80519310 0.44972040
vt 0.80519310 0.42819760
vt 0.80354910 0.42819760
vt 0.42819760 0.82323190
vt 0.42630150 0.82323190
vt 0.42630150 0.49591360
vt 0.42819760 0.49591360
vt 0.82622250 0.42630150
vt 0.82622250 0.42819760
vt 0.80519310 0.42819760
vt 0.80519310 0.42630150
vt 0.80519310 0.42630150
vt 0.80519310 0.42819760
vt 0.82622250 0.42819760
vt 0.82622250 0.42630150
vt 0.37652160 0.29052450
vt 0.37652160 0.26900200
vt 0.39755080 0.26900200
vt 0.39755080 0.29052450
vt 0.39755080 0.49591370
vt 0.37652160 0.49591370
vt 0.37652160 0.82323190
vt 0.39755080 0.82323190
vt 0.29052450 0.49591370
vt 0.26900200 0.49591370
vt 0.26900200 0.82323190
vt 0.29052450 0.82323190
vt 0.39755080 0.29052450
vt 0.39755080 0.26900200
vt 0.37652160 0.26900200
vt 0.37652160 0.29052450
vt 0.26900200 0.49591370
vt 0.29052450 0.49591370
vt 0.29052450 0.82323190
vt 0.26900200 0.82323190
vt 0.37652160 0.49591370
vt 0.39755080 0.49591370
vt 0.39755080 0.82323190
vt 0.37652160 0.82323190
vt 0.37652160 0.29052450
vt 0.37487750 0.29052450
vt 0.37487750 0.26900200
vt 0.37652160 0.26900200
vt 0.26710560 0.49591370
vt 0.26900200 0.49591370
vt 0.26900200 0.82323190
vt 0.26710560 0.82323190
vt 0.37652160 0.26900200
vt 0.37487750 0.26900200
vt 0.37487750 0.29052450
vt 0.37652160 0.29052450
vt 0.29242090 0.82323190
vt 0.29052450 0.82323190
vt 0.29052450 0.49591370
vt 0.29242090 0.49591370
vt 0.39755080 0.29052450
vt 0.39755080 0.29242090
vt 0.37652160 0.29242090
vt 0.37652160 0.29052450
vt 0.37652160 0.29052450
vt 0.37652160 0.29242090
vt 0.39755080 0.29242090
vt 0.39755080 0.29052450
vt 0.29052450 0.82323190
vt 0.29242090 0.82323190
vt 0.29242090 0.49591370
vt 0.29052450 0.49591370
vt 0.39755080 0.26900200
vt 0.39919500 0.26900200
vt 0.39919500 0.29052450
vt 0.39755080 0.29052450
vt 0.39755080 0.29052450
vt 0.39919500 0.29052450
vt 0.39919500 0.26900200
vt 0.39755080 0.26900200
vt 0.26710560 0.82323190
vt 0.26900200 0.82323190
vt 0.26900200 0.49591370
vt 0.26710560 0.49591370
vt 0.37652160 0.26900200
vt 0.37652160 0.26710560
vt 0.39755080 0.26710560
vt 0.39755080 0.26900200
vt 0.39755080 0.26900200
vt 0.39755080 0.26710560
vt 0.37652160 0.26710560
vt 0.37652160 0.26900200
vt 0.39755080 0.49591360
vt 0.37652160 0.49591360
vt 0.37652160 0.82323190
vt 0.39755080 0.82323190
vt 0.44972040 0.49591360
vt 0.42819760 0.49591360
vt 0.42819760 0.82323190
vt 0.44972040 0.82323190
vt 0.39755080 0.44972040
vt 0.39755080 0.42819760
vt 0.37652160 0.42819760
vt 0.37652160 0.44972040
vt 0.42819760 0.49591360
vt 0.44972040 0.49591360
vt 0.44972040 0.82323190
vt 0.42819760 0.82323190
vt 0.37652160 0.49591360
vt 0.39755080 0.49591360
vt 0.39755080 0.82323190
vt 0.37652160 0.82323190
vt 0.37652160 0.44972040
vt 0.37487750 0.44972040
vt 0.37487750 0.42819760
vt 0.37652160 0.42819760
vt 0.42630150 0.49591360
vt 0.42819760 0.49591360
vt 0.42819760 0.82323190
vt 0.42630150 0.82323190
vt 0.37652160 0.42819760
vt 0.37487750 0.42819760
vt 0.37487750 0.44972040
vt 0.37652160 0.44972040
vt 0.45161650 0.82323190
vt 0.44972040 0.82323190
vt 0.44972040 0.49591360
vt 0.45161650 0.49591360
vt 0.39755080 0.44972040
vt 0.39755080 0.45161650
vt 0.37652160 0.45161650
vt 0.37652160 0.44972040
vt 0.37652160 0.44972040
vt 0.37652160 0.45161650
vt 0.39755080 0.45161650
vt 0.39755080 0.44972040
vt 0.44972040 0.82323190
vt 0.45161650 0.82323190
vt 0.45161650 0.49591360
vt 0.44972040 0.49591360
vt 0.39755080 0.42819760
vt 0.39919500 0.42819760
vt 0.39919500 0.44972040
vt 0.39755080 0.44972040
vt 0.39755080 0.44972040
vt 0.39919500 0.44972040
vt 0.39919500 0.42819760
vt 0.39755080 0.42819760
vt 0.42630150 0.82323190
vt 0.42819760 0.82323190
vt 0.42819760 0.49591360
vt 0.42630150 0.49591360
vt 0.37652160 0.42819760
vt 0.37652160 0.42630150
vt 0.39755080 0.42630150
vt 0.39755080 0.42819760
vt 0.39755080 0.42819760
vt 0.39755080 0.42630150
vt 0.37652160 0.42630150
vt 0.37652160 0.42819760
vt 0.37652160 0.44972040
vt 0.37652160 0.42819760
vt 0.39755080 0.42819760
vt 0.39755080 0.44972040
vt 0.29255820 0.51248840
vt 0.29255820 0.82226510
vt 0.42680670 0.82226500
vt 0.42680670 0.51248830
vt 0.81628010 0.51248830
vt 0.81628010 0.82226500
vt 0.80411890 0.82226500
vt 0.80411890 0.51248830
vt 0.42680670 0.51248830
vt 0.42680670 0.82226500
vt 0.29255820 0.82226510
vt 0.29255820 0.51248840
vt 0.80411890 0.51248840
vt 0.80411890 0.82226510
vt 0.81628010 0.82226510
vt 0.81628010 0.51248840
vt 0.81628010 0.42680670
vt 0.80411890 0.42680670
vt 0.80411890 0.29255820
vt 0.81628010 0.29255820
vt 0.80411890 0.42680670
vt 0.81628010 0.42680670
vt 0.81628010 0.29255820
vt 0.80411890 0.29255820
vt 0.29255820 0.51248840
vt 0.42680670 0.51248830
vt 0.42680670 0.82226500
vt 0.29255820 0.82226510
vt 0.38699270 0.51248830
vt 0.39915390 0.51248830
vt 0.39915390 0.82226500
vt 0.38699270 0.82226500
vt 0.42680670 0.51248830
vt 0.29255820 0.51248840
vt 0.29255820 0.82226510
vt 0.42680670 0.82226500
vt 0.39915390 0.51248840
vt 0.38699270 0.51248840
vt 0.38699270 0.82226510
vt 0.39915390 0.82226510
vt 0.38699270 0.42680670
vt 0.38699270 0.29255820
vt 0.39915390 0.29255820
vt 0.39915390 0.42680670
vt 0.39915390 0.42680670
vt 0.39915390 0.29255820
vt 0.38699270 0.29255820
vt 0.38699270 0.42680670
vt 0.82547930 0.51248830
vt 0.82547930 0.82226500
vt 1.37726500 0.82226500
vt 1.37726500 0.51248830
vt 0.43827680 0.51248830
vt 0.43827680 0.82226500
vt 0.45230340 0.82226500
vt 0.45230340 0.51248830
vt 0.37726470 0.51248830
vt 0.37726470 0.82226500
vt -0.17452070 0.82226500
vt -0.17452070 0.51248830
vt 0.45230340 0.51248830
vt 0.45230340 0.82226500
vt 0.43827680 0.82226500
vt 0.43827680 0.51248830
vt 0.37726470 0.43827680
vt 0.37726470 0.45230340
vt -0.17452070 0.45230340
vt -0.17452070 0.43827680
vt 0.37726470 0.45230340
vt 0.37726470 0.43827680
vt -0.17452070 0.43827680
vt -0.17452070 0.45230340
vt 0.82547930 0.51248840
vt 1.37726500 0.51248840
vt 1.37726500 0.82226510
vt 0.82547930 0.82226510
vt 0.28204920 0.51248840
vt 0.26802250 0.51248840
vt 0.26802250 0.66737670
vt 0.26802250 0.82226510
vt 0.28204920 0.82226510
vt 0.26802250 0.66237670
vt 0.38849880 0.66237670
vt 0.38849880 0.51748840
vt 0.26802250 0.51748840
vt 0.28204920 0.82226510
vt 0.26802250 0.82226510
vt 0.26802250 0.66737670
vt 0.26802250 0.51248840
vt 0.28204920 0.51248840
vt 0.10137200 0.26802250
vt 0.37726470 0.26802250
vt 0.37726470 0.28204920
vt -0.17452070 0.28204920
vt -0.17452070 0.26802250
vt -0.17452070 0.28204920
vt 0.37726470 0.28204920
vt 0.37726470 0.26802250
vt 0.10137200 0.26802250
vt -0.17452070 0.26802250
vt 0.26802250 0.51748840
vt 0.38849880 0.51748840
vt 0.38849880 0.66237670
vt 0.26802250 0.66237670
vt 0.26802250 0.81726500
vt 0.38849880 0.81726500
vt 0.38849880 0.67237680
vt 0.26802250 0.67237670
vt 0.26802250 0.67237670
vt 0.38849880 0.67237680
vt 0.38849880 0.81726500
vt 0.26802250 0.81726500
vt 0.09637213 0.51748840
vt -0.17452070 0.51248840
vt -0.16952070 0.51748840
vt 0.10137200 0.51248840
vt 0.09637213 0.66237670
vt 0.10137200 0.66737670
vt 0.10637190 0.51748840
vt 0.10637190 0.66237670
vt 0.37226490 0.51748840
vt 0.37726470 0.51248840
vt 0.37226490 0.66237670
vt 0.37726470 0.66737670
vt 0.37226490 0.67237670
vt 0.37226490 0.81726500
vt 0.37726470 0.82226510
vt 0.10637190 0.81726500
vt 0.10137200 0.82226510
vt 0.10637190 0.67237670
vt 0.09637213 0.81726500
vt 0.09637213 0.67237670
vt -0.17452070 0.66737670
vt -0.16952070 0.67237670
vt 0.83047930 0.51748840
vt 0.82547930 0.51248840
vt 0.82547930 0.66737670
vt 0.83047930 0.66237670
vt 1.10137200 0.66737670
vt 1.09637200 0.66237670
vt 0.83047930 0.67237670
vt 0.82547930 0.82226510
vt 0.83047930 0.81726500
vt 1.10137200 0.82226510
vt 1.09637200 0.81726500
vt 0.09637213 0.67237680
vt -0.16952070 0.67237680
vt -0.16952070 0.81726500
vt 0.09637213 0.81726500
vt 0.09637213 0.51748840
vt -0.16952070 0.51748840
vt -0.16952070 0.66237670
vt 0.09637213 0.66237670
vt 0.37226490 0.51748840
vt 0.10637190 0.51748840
vt 0.10637190 0.66237670
vt 0.37226490 0.66237670
vt 0.37226490 0.67237680
vt 0.10637190 0.67237680
vt 0.10637190 0.81726500
vt 0.37226490 0.81726500
vt 0.10637190 0.26802250
vt 0.10637190 0.38849880
vt 0.37226490 0.38849880
vt 0.37226490 0.26802250
vt 0.09637213 0.26802250
vt 0.09637213 0.38849880
vt -0.16952070 0.38849880
vt -0.16952070 0.26802250
vt 0.83047930 0.26802250
vt 0.83047930 0.38849880
vt 1.09637200 0.38849880
vt 1.09637200 0.26802250
vt 0.26802250 0.67237670
vt 0.38849880 0.67237680
vt 0.38849880 0.81726500
vt 0.26802250 0.81726500
vt 0.37226490 0.26802250
vt 0.37226490 0.38849880
vt 0.10637190 0.38849880
vt 0.10637190 0.26802250
vt 0.26802250 0.81726500
vt 0.38849880 0.81726500
vt 0.38849880 0.67237680
vt 0.26802250 0.67237670
vt 0.09637213 0.26802250
vt 0.09637213 0.38849880
vt -0.16952070 0.38849880
vt -0.16952070 0.26802250
vt 0.37226490 0.26802250
vt 0.37226490 0.38849880
vt 0.10637190 0.38849880
vt 0.10637190 0.26802250
vt 0.26802250 0.66237670
vt 0.38849880 0.66237670
vt 0.38849880 0.51748840
vt 0.26802250 0.51748840
vt 0.83047930 0.26802250
vt 0.83047930 0.38849880
vt 1.09637200 0.38849880
vt 1.09637200 0.26802250
vt 0.26802250 0.51748840
vt 0.38849880 0.51748840
vt 0.38849880 0.66237670
vt 0.26802250 0.66237670
vt 0.10637190 0.26802250
vt 0.10637190 0.38849880
vt 0.37226490 0.38849880
vt 0.37226490 0.26802250
vt 0.83013750 0.26403520
vt 0.82720020 0.26403520
vt 0.83013750 0.26697250
vt 0.26403520 0.82129900
vt 0.26697250 0.81836160
vt 0.26403520 0.81836160
vt 0.82720020 0.26403520
vt 0.83013750 0.26403520
vt 0.83013750 0.26697250
vt 0.09671378 0.26403520
vt 0.09965110 0.26403520
vt 0.09671378 0.26697250
vt 0.25742100 0.82129900
vt 0.25742100 0.81836160
vt 0.25448370 0.81836160
vt 0.83013750 0.25742100
vt 0.83013750 0.25448370
vt 0.82720020 0.25742100
vt 0.82720020 0.25742100
vt 0.83013750 0.25448370
vt 0.83013750 0.25742100
vt 0.09671378 0.25742100
vt 0.09671378 0.25448370
vt 0.09965110 0.25742100
vt 0.26403520 0.81836160
vt 0.25742100 0.81836160
vt 0.25742100 0.67128010
vt 0.26403520 0.67128010
vt 0.26403520 0.67128010
vt 0.25742100 0.67128010
vt 0.25742100 0.81836160
vt 0.26403520 0.81836160
vt 0.09671378 0.67128010
vt -0.16986250 0.67128010
vt -0.16986250 0.81836160
vt 0.09671378 0.81836160
vt 0.09671378 0.26403520
vt 0.09671378 0.25742100
vt -0.16986250 0.25742100
vt -0.16986250 0.26403520
vt 0.08283973 0.81336160
vt 0.08283973 0.68499660
vt -0.15598850 0.68499660
vt -0.15598850 0.81336160
vt 0.83013750 0.26403520
vt 0.83013750 0.25742100
vt 1.09671400 0.25742100
vt 1.09671400 0.26403520
vt 0.09671378 0.26697250
vt 0.09671378 0.26403520
vt -0.16986250 0.26403520
vt -0.16986250 0.26697250
vt 0.83013750 0.81836160
vt 0.82720020 0.81836160
vt 0.82720020 0.67128010
vt 0.83013750 0.67128010
vt 0.09671378 0.26403520
vt 0.09671378 0.26697250
vt -0.16986250 0.26697250
vt -0.16986250 0.26403520
vt 0.26403520 0.81836160
vt 0.26697250 0.81836160
vt 0.26697250 0.67128010
vt 0.26403520 0.67128010
vt 0.09671378 0.25742100
vt 0.09671378 0.25448370
vt -0.16986250 0.25448370
vt -0.16986250 0.25742100
vt 0.82720020 0.81836160
vt 0.83013750 0.81836160
vt 0.83013750 0.67128010
vt 0.82720020 0.67128010
vt 0.09671378 0.25448370
vt 0.09671378 0.25742100
vt -0.16986250 0.25742100
vt -0.16986250 0.25448370
vt 0.25448370 0.81836160
vt 0.25742100 0.81836160
vt 0.25742100 0.67128010
vt 0.25448370 0.67128010
vt 0.82720020 0.26403520
vt 0.83013750 0.26403520
vt 0.83013750 0.25742100
vt 0.82720020 0.25742100
vt 0.25742100 0.81836160
vt 0.25742100 0.82129900
vt 0.26403520 0.82129900
vt 0.26403520 0.81836160
vt 0.83013750 0.26403520
vt 0.82720020 0.26403520
vt 0.82720020 0.25742100
vt 0.83013750 0.25742100
vt 0.09965110 0.26403520
vt 0.09671378 0.26403520
vt 0.09671378 0.25742100
vt 0.09965110 0.25742100
vt 0.09171391 0.81336160
vt -0.16986250 0.81836160
vt -0.16486250 0.81336160
vt 0.09671378 0.81836160
vt 0.09171391 0.67628010
vt 0.09671378 0.67128010
vt 0.83513750 0.81336160
vt 0.83013750 0.81836160
vt 0.83013750 0.67128010
vt 0.83513750 0.67628010
vt 1.09671400 0.67128010
vt 1.09171400 0.67628010
vt 0.09171391 0.67628010
vt 0.09171391 0.81336160
vt -0.16486250 0.81336160
vt -0.16486250 0.67628010
vt 0.26697250 0.67628010
vt 0.38335990 0.67628010
vt 0.38335990 0.81336160
vt 0.26697250 0.81336160
vt 0.09171391 0.26697250
vt 0.09171391 0.38335990
vt -0.16486250 0.38335990
vt -0.16486250 0.26697250
vt 0.26697250 0.81336160
vt 0.38335990 0.81336160
vt 0.38335990 0.67628010
vt 0.26697250 0.67628010
vt 0.37448600 0.81336160
vt 0.37448600 0.68499660
vt 0.27584650 0.68499660
vt 0.27584650 0.81336160
vt 0.08283973 0.27584650
vt -0.16486250 0.26697250
vt -0.15598850 0.27584650
vt 0.09171391 0.26697250
vt 0.08283973 0.37448600
vt 0.09171391 0.38335990
vt 0.84401150 0.37448600
vt 1.09171400 0.38335990
vt 1.08284000 0.37448600
vt 0.83513750 0.38335990
vt 0.84401150 0.27584650
vt 0.83513750 0.26697250
vt 0.84401150 0.27584650
vt 0.84401150 0.37448600
vt 1.08284000 0.37448600
vt 1.08284000 0.27584650
vt 0.84401150 0.81336160
vt 0.84401150 0.68499660
vt 1.08284000 0.68499660
vt 1.08284000 0.81336160
vt 0.27584650 0.81336160
vt 0.27584650 0.68499660
vt 0.37448600 0.68499660
vt 0.37448600 0.81336160
vt -10.03768000 0.82112100
vt -9.97090000 0.81977250
vt -10.03768000 0.81977250
vt -9.97090000 0.82112100
vt -10.03768000 0.82313990
vt -9.97090000 0.82313990
vt -10.03768000 0.82552220
vt -9.97090000 0.82552220
vt -10.03768000 0.82790450
vt -9.97090000 0.82790450
vt -10.03768000 0.82992340
vt -9.97090000 0.82992340
vt -10.03768000 0.83127190
vt -9.97090000 0.83127190
vt -9.97433600 0.80485700
vt -10.03424000 0.80485700
vt -10.03424000 0.80699420
vt -9.97433600 0.80699420
vt -10.03424000 0.80913040
vt -9.97433600 0.80913040
vt -9.97090000 0.78170850
vt -10.03768000 0.78170850
vt -10.03768000 0.78305890
vt -9.97090000 0.78305890
vt -10.03768000 0.78507780
vt -9.97090000 0.78507780
vt -10.03768000 0.78745910
vt -9.97090000 0.78745910
vt -10.03768000 0.78984140
vt -9.97090000 0.78984140
vt -10.03768000 0.79186030
vt -9.97090000 0.79186030
vt -10.03768000 0.79320980
vt -9.97090000 0.79320980
vt -10.03424000 0.77106830
vt -9.97433600 0.77106830
vt -9.97433600 0.76893120
vt -10.03424000 0.76893120
vt -9.97433600 0.76679400
vt -10.03424000 0.76679400
vt -10.03768000 0.74499580
vt -9.97090000 0.74364730
vt -10.03768000 0.74364730
vt -9.97090000 0.74499580
vt -10.03768000 0.74701480
vt -9.97090000 0.74701480
vt -10.03768000 0.74939700
vt -9.97090000 0.74939700
vt -10.03768000 0.75177930
vt -9.97090000 0.75177930
vt -10.03768000 0.75379820
vt -9.97090000 0.75379820
vt -10.03768000 0.75514670
vt -9.97090000 0.75514670
vt -9.97433700 0.72873090
vt -10.03424000 0.72873090
vt -10.03424000 0.73086810
vt -9.97433700 0.73086810
vt -10.03424000 0.73300530
vt -9.97433700 0.73300530
vt -9.97090000 0.70558330
vt -10.03768000 0.70558330
vt -10.03768000 0.70693280
vt -9.97090000 0.70693280
vt -10.03768000 0.70895170
vt -9.97090000 0.70895170
vt -10.03768000 0.71133400
vt -9.97090000 0.71133400
vt -10.03768000 0.71371630
vt -9.97090000 0.71371630
vt -10.03768000 0.71573420
vt -9.97090000 0.71573420
vt -10.03768000 0.71708370
vt -9.97090000 0.71708370
vt -10.03424000 0.69494220
vt -9.97433600 0.69494220
vt -9.97433600 0.69280600
vt -10.03424000 0.69280600
vt -9.97433600 0.69066880
vt -10.03424000 0.69066880
vt -9.22298900 0.91879250
vt -9.88938800 0.91879250
vt -9.88938800 0.92107460
vt -9.22298900 0.92107460
vt -9.88938800 0.92448780
vt -9.22298900 0.92448780
vt -9.88938800 0.92851610
vt -9.22298900 0.92851610
vt -9.88938800 0.93254260
vt -9.22298900 0.93254260
vt -9.88938800 0.93595770
vt -9.22298900 0.93595770
vt -9.88938800 0.93823890
vt -9.22298900 0.93823890
vt -9.25728400 0.89698480
vt -9.85509200 0.89698480
vt -9.85509200 0.90059730
vt -9.25728400 0.90059730
vt -9.85509200 0.90420990
vt -9.25728400 0.90420990
vt -9.22299000 0.86423560
vt -9.88938600 0.86423560
vt -9.88938600 0.86651780
vt -9.22299000 0.86651780
vt -9.88938600 0.86993190
vt -9.22299000 0.86993190
vt -9.88938600 0.87395930
vt -9.22299000 0.87395930
vt -9.88938600 0.87798670
vt -9.22299000 0.87798670
vt -9.88938600 0.88140080
vt -9.22299000 0.88140080
vt -9.88938600 0.88368300
vt -9.22299000 0.88368300
vt -9.25729900 0.84260820
vt -9.85507700 0.84260820
vt -9.85507700 0.84622170
vt -9.25729900 0.84622170
vt -9.85507700 0.84983420
vt -9.25729900 0.84983420
vt -10.05000000 0.59432100
vt -10.05042000 0.59643720
vt -10.04489000 0.59643720
vt -10.04880000 0.59252720
vt -10.05000000 0.59855340
vt -10.04701000 0.59132840
vt -10.04880000 0.60034730
vt -10.04489000 0.59090780
vt -10.04701000 0.60154600
vt -10.04278000 0.59132840
vt -10.04489000 0.60196660
vt -10.04098000 0.59252720
vt -10.04278000 0.60154600
vt -10.03978000 0.59432100
vt -10.04098000 0.60034730
vt -10.03936000 0.59643720
vt -10.03978000 0.59855340
vt -10.05000000 0.56894560
vt -10.05042000 0.57106180
vt -10.04489000 0.57106180
vt -10.04880000 0.56715180
vt -10.05000000 0.57317810
vt -10.04701000 0.56595300
vt -10.04880000 0.57497190
vt -10.04489000 0.56553240
vt -10.04701000 0.57617070
vt -10.04278000 0.56595300
vt -10.04489000 0.57659130
vt -10.04098000 0.56715180
vt -10.04278000 0.57617070
vt -10.03978000 0.56894560
vt -10.04098000 0.57497190
vt -10.03936000 0.57106180
vt -10.03978000 0.57317810
vt -10.03540000 0.65872650
vt -10.03847000 0.65811710
vt -10.03847000 0.66613550
vt -10.03280000 0.66046500
vt -10.04153000 0.65872650
vt -10.03106000 0.66306660
vt -10.04414000 0.66046500
vt -10.03045000 0.66613550
vt -10.04587000 0.66306660
vt -10.03106000 0.66920350
vt -10.04648000 0.66613550
vt -10.03280000 0.67180510
vt -10.04587000 0.66920350
vt -10.03540000 0.67354370
vt -10.04414000 0.67180510
vt -10.03847000 0.67415310
vt -10.04153000 0.67354370
vt -10.03847000 0.62807350
vt -10.03045000 0.62807350
vt -10.03106000 0.62500450
vt -10.03279000 0.62240290
vt -10.03106000 0.63114140
vt -10.03540000 0.62066530
vt -10.03279000 0.63374300
vt -10.03847000 0.62005400
vt -10.03540000 0.63548060
vt -10.04153000 0.62066530
vt -10.03847000 0.63609100
vt -10.04414000 0.62240290
vt -10.04153000 0.63548060
vt -10.04587000 0.62500450
vt -10.04414000 0.63374300
vt -10.04648000 0.62807350
vt -10.04587000 0.63114140
vt -10.03106000 0.66306660
vt -10.03045000 0.66613550
vt -10.02844000 0.66613550
vt -10.02921000 0.66229990
vt -10.02921000 0.66997120
vt -10.03280000 0.66046500
vt -10.03106000 0.66920350
vt -10.03138000 0.65904880
vt -10.03138000 0.67322230
vt -10.03540000 0.65872650
vt -10.03280000 0.67180510
vt -10.03463000 0.65687540
vt -10.03463000 0.67539480
vt -10.03847000 0.65811710
vt -10.03540000 0.67354370
vt -10.03847000 0.65611240
vt -10.03847000 0.67615870
vt -10.04153000 0.65872650
vt -10.03847000 0.67415310
vt -10.04230000 0.65687540
vt -10.04230000 0.67539480
vt -10.04414000 0.66046500
vt -10.04153000 0.67354370
vt -10.04555000 0.65904880
vt -10.04555000 0.67322230
vt -10.04587000 0.66306660
vt -10.04414000 0.67180510
vt -10.04773000 0.66229990
vt -10.04773000 0.66997120
vt -10.04648000 0.66613550
vt -10.04587000 0.66920350
vt -10.04849000 0.66613550
vt -10.03540000 0.62066530
vt -10.03279000 0.62240290
vt -10.03138000 0.62098570
vt -10.03463000 0.61881330
vt -10.02921000 0.62423680
vt -10.03847000 0.62005400
vt -10.03106000 0.62500450
vt -10.03847000 0.61805030
vt -10.02844000 0.62807350
vt -10.04153000 0.62066530
vt -10.03045000 0.62807350
vt -10.04230000 0.61881330
vt -10.02921000 0.63190820
vt -10.04414000 0.62240290
vt -10.03106000 0.63114140
vt -10.04555000 0.62098570
vt -10.03138000 0.63516120
vt -10.04587000 0.62500450
vt -10.03279000 0.63374300
vt -10.04773000 0.62423680
vt -10.03463000 0.63733270
vt -10.04648000 0.62807350
vt -10.03540000 0.63548060
vt -10.04849000 0.62807350
vt -10.03847000 0.63809660
vt -10.04587000 0.63114140
vt -10.03847000 0.63609100
vt -10.04773000 0.63190820
vt -10.04230000 0.63733270
vt -10.04414000 0.63374300
vt -10.04153000 0.63548060
vt -10.04555000 0.63516120
vt 0.82720020 0.26403520
vt 0.83013750 0.26403520
vt 0.83013750 0.26697250
vt 0.82720020 0.26403520
vt 0.83013750 0.26697250
vt 0.83013750 0.26403520
vt 0.26403520 0.51345450
vt 0.26403520 0.51639180
vt 0.26697250 0.51639180
vt 0.09671378 0.26403520
vt 0.09671378 0.26697250
vt 0.09965110 0.26403520
vt 0.82720020 0.25742100
vt 0.83013750 0.25742100
vt 0.83013750 0.25448370
vt 0.82720020 0.25742100
vt 0.83013750 0.25448370
vt 0.83013750 0.25742100
vt 0.25742100 0.51345450
vt 0.25448370 0.51639180
vt 0.25742100 0.51639180
vt 0.09671378 0.25742100
vt 0.09965110 0.25742100
vt 0.09671378 0.25448370
vt 0.83013750 0.26403520
vt 0.83013750 0.25742100
vt 1.09671400 0.25742100
vt 1.09671400 0.26403520
vt 0.09671378 0.51639180
vt -0.16986250 0.51639180
vt -0.16986250 0.66347320
vt 0.09671378 0.66347320
vt 0.26697250 0.52139180
vt 0.38335990 0.52139180
vt 0.38335990 0.65847330
vt 0.26697250 0.65847330
vt 0.09671378 0.26403520
vt 0.09671378 0.25742100
vt -0.16986250 0.25742100
vt -0.16986250 0.26403520
vt 0.26403520 0.66347320
vt 0.25742100 0.66347320
vt 0.25742100 0.51639180
vt 0.26403520 0.51639180
vt 0.26403520 0.51639180
vt 0.25742100 0.51639180
vt 0.25742100 0.66347320
vt 0.26403520 0.66347320
vt 0.83013750 0.66347320
vt 0.82720020 0.66347320
vt 0.82720020 0.51639180
vt 0.83013750 0.51639180
vt 0.83013750 0.26697250
vt 0.83013750 0.26403520
vt 1.09671400 0.26403520
vt 1.09671400 0.26697250
vt 0.09671378 0.26697250
vt 0.09671378 0.26403520
vt -0.16986250 0.26403520
vt -0.16986250 0.26697250
vt 0.26403520 0.66347320
vt 0.26697250 0.66347320
vt 0.26697250 0.51639180
vt 0.26403520 0.51639180
vt 0.82720020 0.66347320
vt 0.83013750 0.66347320
vt 0.83013750 0.51639180
vt 0.82720020 0.51639180
vt 0.83013750 0.25742100
vt 0.83013750 0.25448370
vt 1.09671400 0.25448370
vt 1.09671400 0.25742100
vt 0.09671378 0.25742100
vt 0.09671378 0.25448370
vt -0.16986250 0.25448370
vt -0.16986250 0.25742100
vt 0.25448370 0.66347320
vt 0.25742100 0.66347320
vt 0.25742100 0.51639180
vt 0.25448370 0.51639180
vt 0.09671378 0.26403520
vt 0.09965110 0.26403520
vt 0.09965110 0.25742100
vt 0.09671378 0.25742100
vt 0.25742100 0.51345450
vt 0.25742100 0.51639180
vt 0.26403520 0.51639180
vt 0.26403520 0.51345450
vt 0.83013750 0.26403520
vt 0.82720020 0.26403520
vt 0.82720020 0.25742100
vt 0.83013750 0.25742100
vt 0.83013750 0.25742100
vt 0.82720020 0.25742100
vt 0.82720020 0.26403520
vt 0.83013750 0.26403520
vt 0.83513750 0.65847330
vt 0.83013750 0.66347320
vt 0.83013750 0.51639180
vt 0.83513750 0.52139180
vt 1.09671400 0.51639180
vt 1.09171400 0.52139180
vt 0.09171391 0.65847330
vt -0.16986250 0.66347320
vt -0.16486250 0.65847330
vt 0.09671378 0.66347320
vt 0.09171391 0.52139180
vt 0.09671378 0.51639180
vt 0.09171391 0.52139180
vt 0.09171391 0.65847330
vt -0.16486250 0.65847330
vt -0.16486250 0.52139180
vt 0.09171391 0.26697250
vt 0.09171391 0.38335990
vt -0.16486250 0.38335990
vt -0.16486250 0.26697250
vt 0.26697250 0.65847330
vt 0.38335990 0.65847330
vt 0.38335990 0.52139180
vt 0.26697250 0.52139180
vt 0.08283973 0.27584650
vt -0.16486250 0.26697250
vt -0.15598850 0.27584650
vt 0.09171391 0.26697250
vt 0.08283973 0.37448600
vt 0.09171391 0.38335990
vt 0.84401150 0.37448600
vt 1.09171400 0.38335990
vt 1.08284000 0.37448600
vt 0.83513750 0.38335990
vt 0.84401150 0.27584650
vt 0.83513750 0.26697250
vt 0.84401150 0.27584650
vt 0.84401150 0.37448600
vt 1.08284000 0.37448600
vt 1.08284000 0.27584650
vt 0.37448600 0.65847330
vt 0.37448600 0.53010820
vt 0.27584650 0.53010820
vt 0.27584650 0.65847330
vt 0.27584650 0.65847330
vt 0.27584650 0.53010820
vt 0.37448600 0.53010820
vt 0.37448600 0.65847330
vt 0.08283973 0.65847330
vt 0.08283973 0.53010820
vt -0.15598850 0.53010820
vt -0.15598850 0.65847330
vt 0.84401150 0.65847330
vt 0.84401150 0.53010820
vt 1.08284000 0.53010820
vt 1.08284000 0.65847330
vt -10.03768000 0.82112100
vt -9.97090000 0.81977250
vt -10.03768000 0.81977250
vt -9.97090000 0.82112100
vt -10.03768000 0.82313990
vt -9.97090000 0.82313990
vt -10.03768000 0.82552220
vt -9.97090000 0.82552220
vt -10.03768000 0.82790450
vt -9.97090000 0.82790450
vt -10.03768000 0.82992340
vt -9.97090000 0.82992340
vt -10.03768000 0.83127190
vt -9.97090000 0.83127190
vt -9.97433600 0.80485700
vt -10.03424000 0.80485700
vt -10.03424000 0.80699420
vt -9.97433600 0.80699420
vt -10.03424000 0.80913040
vt -9.97433600 0.80913040
vt -9.97090000 0.78170850
vt -10.03768000 0.78170850
vt -10.03768000 0.78305890
vt -9.97090000 0.78305890
vt -10.03768000 0.78507780
vt -9.97090000 0.78507780
vt -10.03768000 0.78745910
vt -9.97090000 0.78745910
vt -10.03768000 0.78984140
vt -9.97090000 0.78984140
vt -10.03768000 0.79186030
vt -9.97090000 0.79186030
vt -10.03768000 0.79320980
vt -9.97090000 0.79320980
vt -10.03424000 0.77106830
vt -9.97433600 0.77106830
vt -9.97433600 0.76893120
vt -10.03424000 0.76893120
vt -9.97433600 0.76679400
vt -10.03424000 0.76679400
vt -10.03768000 0.74499580
vt -9.97090000 0.74364730
vt -10.03768000 0.74364730
vt -9.97090000 0.74499580
vt -10.03768000 0.74701480
vt -9.97090000 0.74701480
vt -10.03768000 0.74939700
vt -9.97090000 0.74939700
vt -10.03768000 0.75177930
vt -9.97090000 0.75177930
vt -10.03768000 0.75379820
vt -9.97090000 0.75379820
vt -10.03768000 0.75514670
vt -9.97090000 0.75514670
vt -9.97433700 0.72873090
vt -10.03424000 0.72873090
vt -10.03424000 0.73086810
vt -9.97433700 0.73086810
vt -10.03424000 0.73300530
vt -9.97433700 0.73300530
vt -9.97090000 0.70558330
vt -10.03768000 0.70558330
vt -10.03768000 0.70693280
vt -9.97090000 0.70693280
vt -10.03768000 0.70895170
vt -9.97090000 0.70895170
vt -10.03768000 0.71133400
vt -9.97090000 0.71133400
vt -10.03768000 0.71371630
vt -9.97090000 0.71371630
vt -10.03768000 0.71573420
vt -9.97090000 0.71573420
vt -10.03768000 0.71708370
vt -9.97090000 0.71708370
vt -10.03424000 0.69494220
vt -9.97433600 0.69494220
vt -9.97433600 0.69280600
vt -10.03424000 0.69280600
vt -9.97433600 0.69066880
vt -10.03424000 0.69066880
vt -9.22298900 0.91879250
vt -9.88938800 0.91879250
vt -9.88938800 0.92107460
vt -9.22298900 0.92107460
vt -9.88938800 0.92448780
vt -9.22298900 0.92448780
vt -9.88938800 0.92851610
vt -9.22298900 0.92851610
vt -9.88938800 0.93254260
vt -9.22298900 0.93254260
vt -9.88938800 0.93595770
vt -9.22298900 0.93595770
vt -9.88938800 0.93823890
vt -9.22298900 0.93823890
vt -9.25728400 0.89698480
vt -9.85509200 0.89698480
vt -9.85509200 0.90059730
vt -9.25728400 0.90059730
vt -9.85509200 0.90420990
vt -9.25728400 0.90420990
vt -9.22299000 0.86423560
vt -9.88938600 0.86423560
vt -9.88938600 0.86651780
vt -9.22299000 0.86651780
vt -9.88938600 0.86993190
vt -9.22299000 0.86993190
vt -9.88938600 0.87395930
vt -9.22299000 0.87395930
vt -9.88938600 0.87798670
vt -9.22299000 0.87798670
vt -9.88938600 0.88140080
vt -9.22299000 0.88140080
vt -9.88938600 0.88368300
vt -9.22299000 0.88368300
vt -9.25729900 0.84260820
vt -9.85507700 0.84260820
vt -9.85507700 0.84622170
vt -9.25729900 0.84622170
vt -9.85507700 0.84983420
vt -9.25729900 0.84983420
vt -10.05000000 0.59432100
vt -10.05042000 0.59643720
vt -10.04489000 0.59643720
vt -10.04880000 0.59252720
vt -10.05000000 0.59855340
vt -10.04701000 0.59132840
vt -10.04880000 0.60034730
vt -10.04489000 0.59090780
vt -10.04701000 0.60154600
vt -10.04278000 0.59132840
vt -10.04489000 0.60196660
vt -10.04098000 0.59252720
vt -10.04278000 0.60154600
vt -10.03978000 0.59432100
vt -10.04098000 0.60034730
vt -10.03936000 0.59643720
vt -10.03978000 0.59855340
vt -10.05000000 0.56894560
vt -10.05042000 0.57106180
vt -10.04489000 0.57106180
vt -10.04880000 0.56715180
vt -10.05000000 0.57317810
vt -10.04701000 0.56595300
vt -10.04880000 0.57497190
vt -10.04489000 0.56553240
vt -10.04701000 0.57617070
vt -10.04278000 0.56595300
vt -10.04489000 0.57659130
vt -10.04098000 0.56715180
vt -10.04278000 0.57617070
vt -10.03978000 0.56894560
vt -10.04098000 0.57497190
vt -10.03936000 0.57106180
vt -10.03978000 0.57317810
vt -10.03540000 0.65872650
vt -10.03847000 0.65811710
vt -10.03847000 0.66613550
vt -10.03280000 0.66046500
vt -10.04153000 0.65872650
vt -10.03106000 0.66306660
vt -10.04414000 0.66046500
vt -10.03045000 0.66613550
vt -10.04587000 0.66306660
vt -10.03106000 0.66920350
vt -10.04648000 0.66613550
vt -10.03280000 0.67180510
vt -10.04587000 0.66920350
vt -10.03540000 0.67354370
vt -10.04414000 0.67180510
vt -10.03847000 0.67415310
vt -10.04153000 0.67354370
vt -10.03847000 0.62807350
vt -10.03045000 0.62807350
vt -10.03106000 0.62500450
vt -10.03279000 0.62240290
vt -10.03106000 0.63114140
vt -10.03540000 0.62066530
vt -10.03279000 0.63374300
vt -10.03847000 0.62005400
vt -10.03540000 0.63548060
vt -10.04153000 0.62066530
vt -10.03847000 0.63609100
vt -10.04414000 0.62240290
vt -10.04153000 0.63548060
vt -10.04587000 0.62500450
vt -10.04414000 0.63374300
vt -10.04648000 0.62807350
vt -10.04587000 0.63114140
vt -10.03106000 0.66306660
vt -10.03045000 0.66613550
vt -10.02844000 0.66613550
vt -10.02921000 0.66229990
vt -10.02921000 0.66997120
vt -10.03280000 0.66046500
vt -10.03106000 0.66920350
vt -10.03138000 0.65904880
vt -10.03138000 0.67322230
vt -10.03540000 0.65872650
vt -10.03280000 0.67180510
vt -10.03463000 0.65687540
vt -10.03463000 0.67539480
vt -10.03847000 0.65811710
vt -10.03540000 0.67354370
vt -10.03847000 0.65611240
vt -10.03847000 0.67615870
vt -10.04153000 0.65872650
vt -10.03847000 0.67415310
vt -10.04230000 0.65687540
vt -10.04230000 0.67539480
vt -10.04414000 0.66046500
vt -10.04153000 0.67354370
vt -10.04555000 0.65904880
vt -10.04555000 0.67322230
vt -10.04587000 0.66306660
vt -10.04414000 0.67180510
vt -10.04773000 0.66229990
vt -10.04773000 0.66997120
vt -10.04648000 0.66613550
vt -10.04587000 0.66920350
vt -10.04849000 0.66613550
vt -10.03540000 0.62066530
vt -10.03279000 0.62240290
vt -10.03138000 0.62098570
vt -10.03463000 0.61881330
vt -10.02921000 0.62423680
vt -10.03847000 0.62005400
vt -10.03106000 0.62500450
vt -10.03847000 0.61805030
vt -10.02844000 0.62807350
vt -10.04153000 0.62066530
vt -10.03045000 0.62807350
vt -10.04230000 0.61881330
vt -10.02921000 0.63190820
vt -10.04414000 0.62240290
vt -10.03106000 0.63114140
vt -10.04555000 0.62098570
vt -10.03138000 0.63516120
vt -10.04587000 0.62500450
vt -10.03279000 0.63374300
vt -10.04773000 0.62423680
vt -10.03463000 0.63733270
vt -10.04648000 0.62807350
vt -10.03540000 0.63548060
vt -10.04849000 0.62807350
vt -10.03847000 0.63809660
vt -10.04587000 0.63114140
vt -10.03847000 0.63609100
vt -10.04773000 0.63190820
vt -10.04230000 0.63733270
vt -10.04414000 0.63374300
vt -10.04153000 0.63548060
vt -10.04555000 0.63516120
vt 0.37554380 0.26403520
vt 0.37260650 0.26697250
vt 0.37260650 0.26403520
vt 0.37554380 0.26403520
vt 0.37260650 0.26403520
vt 0.37260650 0.26697250
vt 0.26403520 0.51345450
vt 0.26697250 0.51639180
vt 0.26403520 0.51639180
vt 0.10603020 0.26403520
vt 0.10309290 0.26403520
vt 0.10603020 0.26697250
vt 0.37554380 0.25742100
vt 0.37260650 0.25448370
vt 0.37260650 0.25742100
vt 0.37554380 0.25742100
vt 0.37260650 0.25742100
vt 0.37260650 0.25448370
vt 0.25742100 0.51345450
vt 0.25742100 0.51639180
vt 0.25448370 0.51639180
vt 0.10603020 0.25742100
vt 0.10603020 0.25448370
vt 0.10309290 0.25742100
vt 0.10603020 0.26403520
vt 0.10603020 0.25742100
vt 0.37260650 0.25742100
vt 0.37260650 0.26403520
vt 0.37260650 0.51639180
vt 0.10603020 0.51639180
vt 0.10603020 0.66347320
vt 0.37260650 0.66347320
vt 0.26403520 0.51639180
vt 0.25742100 0.51639180
vt 0.25742100 0.66347320
vt 0.26403520 0.66347320
vt 0.37260650 0.26403520
vt 0.37260650 0.25742100
vt 0.10603020 0.25742100
vt 0.10603020 0.26403520
vt 0.26403520 0.66347320
vt 0.25742100 0.66347320
vt 0.25742100 0.51639180
vt 0.26403520 0.51639180
vt 0.26697250 0.52139180
vt 0.38335990 0.52139180
vt 0.38335990 0.65847330
vt 0.26697250 0.65847330
vt 0.37554380 0.66347320
vt 0.37260650 0.66347320
vt 0.37260650 0.51639180
vt 0.37554380 0.51639180
vt 0.10603020 0.26697250
vt 0.10603020 0.26403520
vt 0.37260650 0.26403520
vt 0.37260650 0.26697250
vt 0.37260650 0.26697250
vt 0.37260650 0.26403520
vt 0.10603020 0.26403520
vt 0.10603020 0.26697250
vt 0.26697250 0.66347320
vt 0.26403520 0.66347320
vt 0.26403520 0.51639180
vt 0.26697250 0.51639180
vt 0.37260650 0.66347320
vt 0.37554380 0.66347320
vt 0.37554380 0.51639180
vt 0.37260650 0.51639180
vt 0.10603020 0.25742100
vt 0.10603020 0.25448370
vt 0.37260650 0.25448370
vt 0.37260650 0.25742100
vt 0.37260650 0.25742100
vt 0.37260650 0.25448370
vt 0.10603020 0.25448370
vt 0.10603020 0.25742100
vt 0.25742100 0.66347320
vt 0.25448370 0.66347320
vt 0.25448370 0.51639180
vt 0.25742100 0.51639180
vt 0.37260650 0.26403520
vt 0.37554380 0.26403520
vt 0.37554380 0.25742100
vt 0.37260650 0.25742100
vt 0.37260650 0.25742100
vt 0.37554380 0.25742100
vt 0.37554380 0.26403520
vt 0.37260650 0.26403520
vt 0.25742100 0.51639180
vt 0.25742100 0.51345450
vt 0.26403520 0.51345450
vt 0.26403520 0.51639180
vt 0.10309290 0.26403520
vt 0.10603020 0.26403520
vt 0.10603020 0.25742100
vt 0.10309290 0.25742100
vt 0.36760660 0.52139180
vt 0.36760660 0.65847330
vt 0.11103010 0.65847330
vt 0.11103010 0.52139180
vt 0.37448600 0.65847330
vt 0.37448600 0.53010820
vt 0.27584650 0.53010820
vt 0.27584650 0.65847330
vt 0.26697250 0.65847330
vt 0.38335990 0.65847330
vt 0.38335990 0.52139180
vt 0.26697250 0.52139180
vt 0.11990430 0.65847330
vt 0.11990430 0.53010820
vt 0.35873250 0.53010820
vt 0.35873250 0.65847330
vt 0.36760660 0.26697250
vt 0.36760660 0.38335990
vt 0.11103010 0.38335990
vt 0.11103010 0.26697250
vt 0.11990430 0.27584650
vt 0.11990430 0.37448600
vt 0.35873250 0.37448600
vt 0.35873250 0.27584650
vt 0.35873250 0.65847330
vt 0.35873250 0.53010820
vt 0.11990430 0.53010820
vt 0.11990430 0.65847330
vt 0.27584650 0.65847330
vt 0.27584650 0.53010820
vt 0.37448600 0.53010820
vt 0.37448600 0.65847330
vt 0.36760660 0.52139180
vt 0.37260650 0.51639180
vt 0.37260650 0.66347320
vt 0.36760660 0.65847330
vt 0.11103010 0.52139180
vt 0.10603020 0.66347320
vt 0.10603020 0.51639180
vt 0.11103010 0.65847330
vt 0.11990430 0.37448600
vt 0.36760660 0.38335990
vt 0.35873250 0.37448600
vt 0.11103010 0.38335990
vt 0.36760660 0.26697250
vt 0.11990430 0.27584650
vt 0.35873250 0.27584650
vt 0.11103010 0.26697250
vt -10.03768000 0.82112100
vt -9.97090000 0.81977250
vt -10.03768000 0.81977250
vt -9.97090000 0.82112100
vt -10.03768000 0.82313990
vt -9.97090000 0.82313990
vt -10.03768000 0.82552220
vt -9.97090000 0.82552220
vt -10.03768000 0.82790450
vt -9.97090000 0.82790450
vt -10.03768000 0.82992340
vt -9.97090000 0.82992340
vt -10.03768000 0.83127190
vt -9.97090000 0.83127190
vt -9.97433600 0.80485700
vt -10.03424000 0.80485700
vt -10.03424000 0.80699420
vt -9.97433600 0.80699420
vt -10.03424000 0.80913040
vt -9.97433600 0.80913040
vt -9.97090000 0.78170850
vt -10.03768000 0.78170850
vt -10.03768000 0.78305890
vt -9.97090000 0.78305890
vt -10.03768000 0.78507780
vt -9.97090000 0.78507780
vt -10.03768000 0.78745910
vt -9.97090000 0.78745910
vt -10.03768000 0.78984140
vt -9.97090000 0.78984140
vt -10.03768000 0.79186030
vt -9.97090000 0.79186030
vt -10.03768000 0.79320980
vt -9.97090000 0.79320980
vt -10.03424000 0.77106830
vt -9.97433600 0.77106830
vt -9.97433600 0.76893120
vt -10.03424000 0.76893120
vt -9.97433600 0.76679400
vt -10.03424000 0.76679400
vt -10.03768000 0.74499580
vt -9.97090000 0.74364730
vt -10.03768000 0.74364730
vt -9.97090000 0.74499580
vt -10.03768000 0.74701480
vt -9.97090000 0.74701480
vt -10.03768000 0.74939700
vt -9.97090000 0.74939700
vt -10.03768000 0.75177930
vt -9.97090000 0.75177930
vt -10.03768000 0.75379820
vt -9.97090000 0.75379820
vt -10.03768000 0.75514670
vt -9.97090000 0.75514670
vt -9.97433700 0.72873090
vt -10.03424000 0.72873090
vt -10.03424000 0.73086810
vt -9.97433700 0.73086810
vt -10.03424000 0.73300530
vt -9.97433700 0.73300530
vt -9.97090000 0.70558330
vt -10.03768000 0.70558330
vt -10.03768000 0.70693280
vt -9.97090000 0.70693280
vt -10.03768000 0.70895170
vt -9.97090000 0.70895170
vt -10.03768000 0.71133400
vt -9.97090000 0.71133400
vt -10.03768000 0.71371630
vt -9.97090000 0.71371630
vt -10.03768000 0.71573420
vt -9.97090000 0.71573420
vt -10.03768000 0.71708370
vt -9.97090000 0.71708370
vt -10.03424000 0.69494220
vt -9.97433600 0.69494220
vt -9.97433600 0.69280600
vt -10.03424000 0.69280600
vt -9.97433600 0.69066880
vt -10.03424000 0.69066880
vt -9.22298900 0.91879250
vt -9.88938800 0.91879250
vt -9.88938800 0.92107460
vt -9.22298900 0.92107460
vt -9.88938800 0.92448780
vt -9.22298900 0.92448780
vt -9.88938800 0.92851610
vt -9.22298900 0.92851610
vt -9.88938800 0.93254260
vt -9.22298900 0.93254260
vt -9.88938800 0.93595770
vt -9.22298900 0.93595770
vt -9.88938800 0.93823890
vt -9.22298900 0.93823890
vt -9.25728400 0.89698480
vt -9.85509200 0.89698480
vt -9.85509200 0.90059730
vt -9.25728400 0.90059730
vt -9.85509200 0.90420990
vt -9.25728400 0.90420990
vt -9.22299000 0.86423560
vt -9.88938600 0.86423560
vt -9.88938600 0.86651780
vt -9.22299000 0.86651780
vt -9.88938600 0.86993190
vt -9.22299000 0.86993190
vt -9.88938600 0.87395930
vt -9.22299000 0.87395930
vt -9.88938600 0.87798670
vt -9.22299000 0.87798670
vt -9.88938600 0.88140080
vt -9.22299000 0.88140080
vt -9.88938600 0.88368300
vt -9.22299000 0.88368300
vt -9.25729900 0.84260820
vt -9.85507700 0.84260820
vt -9.85507700 0.84622170
vt -9.25729900 0.84622170
vt -9.85507700 0.84983420
vt -9.25729900 0.84983420
vt -10.05000000 0.59432100
vt -10.05042000 0.59643720
vt -10.04489000 0.59643720
vt -10.04880000 0.59252720
vt -10.05000000 0.59855340
vt -10.04701000 0.59132840
vt -10.04880000 0.60034730
vt -10.04489000 0.59090780
vt -10.04701000 0.60154600
vt -10.04278000 0.59132840
vt -10.04489000 0.60196660
vt -10.04098000 0.59252720
vt -10.04278000 0.60154600
vt -10.03978000 0.59432100
vt -10.04098000 0.60034730
vt -10.03936000 0.59643720
vt -10.03978000 0.59855340
vt -10.05000000 0.56894560
vt -10.05042000 0.57106180
vt -10.04489000 0.57106180
vt -10.04880000 0.56715180
vt -10.05000000 0.57317810
vt -10.04701000 0.56595300
vt -10.04880000 0.57497190
vt -10.04489000 0.56553240
vt -10.04701000 0.57617070
vt -10.04278000 0.56595300
vt -10.04489000 0.57659130
vt -10.04098000 0.56715180
vt -10.04278000 0.57617070
vt -10.03978000 0.56894560
vt -10.04098000 0.57497190
vt -10.03936000 0.57106180
vt -10.03978000 0.57317810
vt -10.03540000 0.65872650
vt -10.03847000 0.65811710
vt -10.03847000 0.66613550
vt -10.03280000 0.66046500
vt -10.04153000 0.65872650
vt -10.03106000 0.66306660
vt -10.04414000 0.66046500
vt -10.03045000 0.66613550
vt -10.04587000 0.66306660
vt -10.03106000 0.66920350
vt -10.04648000 0.66613550
vt -10.03280000 0.67180510
vt -10.04587000 0.66920350
vt -10.03540000 0.67354370
vt -10.04414000 0.67180510
vt -10.03847000 0.67415310
vt -10.04153000 0.67354370
vt -10.03847000 0.62807350
vt -10.03045000 0.62807350
vt -10.03106000 0.62500450
vt -10.03279000 0.62240290
vt -10.03106000 0.63114140
vt -10.03540000 0.62066530
vt -10.03279000 0.63374300
vt -10.03847000 0.62005400
vt -10.03540000 0.63548060
vt -10.04153000 0.62066530
vt -10.03847000 0.63609100
vt -10.04414000 0.62240290
vt -10.04153000 0.63548060
vt -10.04587000 0.62500450
vt -10.04414000 0.63374300
vt -10.04648000 0.62807350
vt -10.04587000 0.63114140
vt -10.03106000 0.66306660
vt -10.03045000 0.66613550
vt -10.02844000 0.66613550
vt -10.02921000 0.66229990
vt -10.02921000 0.66997120
vt -10.03280000 0.66046500
vt -10.03106000 0.66920350
vt -10.03138000 0.65904880
vt -10.03138000 0.67322230
vt -10.03540000 0.65872650
vt -10.03280000 0.67180510
vt -10.03463000 0.65687540
vt -10.03463000 0.67539480
vt -10.03847000 0.65811710
vt -10.03540000 0.67354370
vt -10.03847000 0.65611240
vt -10.03847000 0.67615870
vt -10.04153000 0.65872650
vt -10.03847000 0.67415310
vt -10.04230000 0.65687540
vt -10.04230000 0.67539480
vt -10.04414000 0.66046500
vt -10.04153000 0.67354370
vt -10.04555000 0.65904880
vt -10.04555000 0.67322230
vt -10.04587000 0.66306660
vt -10.04414000 0.67180510
vt -10.04773000 0.66229990
vt -10.04773000 0.66997120
vt -10.04648000 0.66613550
vt -10.04587000 0.66920350
vt -10.04849000 0.66613550
vt -10.03540000 0.62066530
vt -10.03279000 0.62240290
vt -10.03138000 0.62098570
vt -10.03463000 0.61881330
vt -10.02921000 0.62423680
vt -10.03847000 0.62005400
vt -10.03106000 0.62500450
vt -10.03847000 0.61805030
vt -10.02844000 0.62807350
vt -10.04153000 0.62066530
vt -10.03045000 0.62807350
vt -10.04230000 0.61881330
vt -10.02921000 0.63190820
vt -10.04414000 0.62240290
vt -10.03106000 0.63114140
vt -10.04555000 0.62098570
vt -10.03138000 0.63516120
vt -10.04587000 0.62500450
vt -10.03279000 0.63374300
vt -10.04773000 0.62423680
vt -10.03463000 0.63733270
vt -10.04648000 0.62807350
vt -10.03540000 0.63548060
vt -10.04849000 0.62807350
vt -10.03847000 0.63809660
vt -10.04587000 0.63114140
vt -10.03847000 0.63609100
vt -10.04773000 0.63190820
vt -10.04230000 0.63733270
vt -10.04414000 0.63374300
vt -10.04153000 0.63548060
vt -10.04555000 0.63516120
vt 0.37554380 0.26403520
vt 0.37260650 0.26403520
vt 0.37260650 0.26697250
vt 0.37554380 0.26403520
vt 0.37260650 0.26697250
vt 0.37260650 0.26403520
vt 0.26403520 0.82129900
vt 0.26403520 0.81836160
vt 0.26697250 0.81836160
vt 0.10603020 0.26403520
vt 0.10603020 0.26697250
vt 0.10309290 0.26403520
vt 0.37554380 0.25742100
vt 0.37260650 0.25448370
vt 0.37260650 0.25742100
vt 0.37554380 0.25742100
vt 0.37260650 0.25742100
vt 0.37260650 0.25448370
vt 0.25742100 0.82129900
vt 0.25448370 0.81836160
vt 0.25742100 0.81836160
vt 0.10603020 0.25742100
vt 0.10309290 0.25742100
vt 0.10603020 0.25448370
vt 0.37260650 0.26403520
vt 0.37260650 0.25742100
vt 0.10603020 0.25742100
vt 0.10603020 0.26403520
vt 0.37260650 0.67128010
vt 0.10603020 0.67128010
vt 0.10603020 0.81836160
vt 0.37260650 0.81836160
vt 0.10603020 0.26403520
vt 0.10603020 0.25742100
vt 0.37260650 0.25742100
vt 0.37260650 0.26403520
vt 0.26403520 0.67128010
vt 0.25742100 0.67128010
vt 0.25742100 0.81836160
vt 0.26403520 0.81836160
vt 0.26403520 0.81836160
vt 0.25742100 0.81836160
vt 0.25742100 0.67128010
vt 0.26403520 0.67128010
vt 0.37554380 0.81836160
vt 0.37260650 0.81836160
vt 0.37260650 0.67128010
vt 0.37554380 0.67128010
vt 0.37260650 0.26697250
vt 0.37260650 0.26403520
vt 0.10603020 0.26403520
vt 0.10603020 0.26697250
vt 0.37260650 0.26403520
vt 0.37260650 0.26697250
vt 0.10603020 0.26697250
vt 0.10603020 0.26403520
vt 0.26697250 0.81836160
vt 0.26403520 0.81836160
vt 0.26403520 0.67128010
vt 0.26697250 0.67128010
vt 0.37260650 0.81836160
vt 0.37554380 0.81836160
vt 0.37554380 0.67128010
vt 0.37260650 0.67128010
vt 0.37260650 0.25742100
vt 0.37260650 0.25448370
vt 0.10603020 0.25448370
vt 0.10603020 0.25742100
vt 0.37260650 0.25448370
vt 0.37260650 0.25742100
vt 0.10603020 0.25742100
vt 0.10603020 0.25448370
vt 0.25742100 0.81836160
vt 0.25448370 0.81836160
vt 0.25448370 0.67128010
vt 0.25742100 0.67128010
vt 0.37260650 0.26403520
vt 0.37554380 0.26403520
vt 0.37554380 0.25742100
vt 0.37260650 0.25742100
vt 0.37260650 0.25742100
vt 0.37554380 0.25742100
vt 0.37554380 0.26403520
vt 0.37260650 0.26403520
vt 0.26403520 0.81836160
vt 0.26403520 0.82129900
vt 0.25742100 0.82129900
vt 0.25742100 0.81836160
vt 0.10309290 0.25742100
vt 0.10603020 0.25742100
vt 0.10603020 0.26403520
vt 0.10309290 0.26403520
vt 0.26697250 0.67628010
vt 0.38335990 0.67628010
vt 0.38335990 0.81336160
vt 0.26697250 0.81336160
vt 0.36760660 0.67628010
vt 0.36760660 0.81336160
vt 0.11103010 0.81336160
vt 0.11103010 0.67628010
vt 0.26697250 0.81336160
vt 0.38335990 0.81336160
vt 0.38335990 0.67628010
vt 0.26697250 0.67628010
vt 0.36760660 0.26697250
vt 0.36760660 0.38335990
vt 0.11103010 0.38335990
vt 0.11103010 0.26697250
vt 0.11990430 0.27584650
vt 0.11990430 0.37448600
vt 0.35873250 0.37448600
vt 0.35873250 0.27584650
vt 0.35873250 0.81336160
vt 0.35873250 0.68499660
vt 0.11990430 0.68499660
vt 0.11990430 0.81336160
vt 0.27584650 0.81336160
vt 0.27584650 0.68499660
vt 0.37448600 0.68499660
vt 0.37448600 0.81336160
vt 0.37448600 0.81336160
vt 0.37448600 0.68499660
vt 0.27584650 0.68499660
vt 0.27584650 0.81336160
vt 0.11990430 0.81336160
vt 0.11990430 0.68499660
vt 0.35873250 0.68499660
vt 0.35873250 0.81336160
vt 0.36760660 0.67628010
vt 0.37260650 0.67128010
vt 0.37260650 0.81836160
vt 0.36760660 0.81336160
vt 0.11103010 0.67628010
vt 0.10603020 0.81836160
vt 0.10603020 0.67128010
vt 0.11103010 0.81336160
vt 0.35873250 0.27584650
vt 0.36760660 0.26697250
vt 0.11103010 0.26697250
vt 0.11990430 0.27584650
vt 0.35873250 0.37448600
vt 0.11103010 0.38335990
vt 0.36760660 0.38335990
vt 0.11990430 0.37448600
vt -10.03768000 0.82112100
vt -9.97090000 0.81977250
vt -10.03768000 0.81977250
vt -9.97090000 0.82112100
vt -10.03768000 0.82313990
vt -9.97090000 0.82313990
vt -10.03768000 0.82552220
vt -9.97090000 0.82552220
vt -10.03768000 0.82790450
vt -9.97090000 0.82790450
vt -10.03768000 0.82992340
vt -9.97090000 0.82992340
vt -10.03768000 0.83127190
vt -9.97090000 0.83127190
vt -9.97433600 0.80485700
vt -10.03424000 0.80485700
vt -10.03424000 0.80699420
vt -9.97433600 0.80699420
vt -10.03424000 0.80913040
vt -9.97433600 0.80913040
vt -9.97090000 0.78170850
vt -10.03768000 0.78170850
vt -10.03768000 0.78305890
vt -9.97090000 0.78305890
vt -10.03768000 0.78507780
vt -9.97090000 0.78507780
vt -10.03768000 0.78745910
vt -9.97090000 0.78745910
vt -10.03768000 0.78984140
vt -9.97090000 0.78984140
vt -10.03768000 0.79186030
vt -9.97090000 0.79186030
vt -10.03768000 0.79320980
vt -9.97090000 0.79320980
vt -10.03424000 0.77106830
vt -9.97433600 0.77106830
vt -9.97433600 0.76893120
vt -10.03424000 0.76893120
vt -9.97433600 0.76679400
vt -10.03424000 0.76679400
vt -10.03768000 0.74499580
vt -9.97090000 0.74364730
vt -10.03768000 0.74364730
vt -9.97090000 0.74499580
vt -10.03768000 0.74701480
vt -9.97090000 0.74701480
vt -10.03768000 0.74939700
vt -9.97090000 0.74939700
vt -10.03768000 0.75177930
vt -9.97090000 0.75177930
vt -10.03768000 0.75379820
vt -9.97090000 0.75379820
vt -10.03768000 0.75514670
vt -9.97090000 0.75514670
vt -9.97433700 0.72873090
vt -10.03424000 0.72873090
vt -10.03424000 0.73086810
vt -9.97433700 0.73086810
vt -10.03424000 0.73300530
vt -9.97433700 0.73300530
vt -9.97090000 0.70558330
vt -10.03768000 0.70558330
vt -10.03768000 0.70693280
vt -9.97090000 0.70693280
vt -10.03768000 0.70895170
vt -9.97090000 0.70895170
vt -10.03768000 0.71133400
vt -9.97090000 0.71133400
vt -10.03768000 0.71371630
vt -9.97090000 0.71371630
vt -10.03768000 0.71573420
vt -9.97090000 0.71573420
vt -10.03768000 0.71708370
vt -9.97090000 0.71708370
vt -10.03424000 0.69494220
vt -9.97433600 0.69494220
vt -9.97433600 0.69280600
vt -10.03424000 0.69280600
vt -9.97433600 0.69066880
vt -10.03424000 0.69066880
vt -9.22298900 0.91879250
vt -9.88938800 0.91879250
vt -9.88938800 0.92107460
vt -9.22298900 0.92107460
vt -9.88938800 0.92448780
vt -9.22298900 0.92448780
vt -9.88938800 0.92851610
vt -9.22298900 0.92851610
vt -9.88938800 0.93254260
vt -9.22298900 0.93254260
vt -9.88938800 0.93595770
vt -9.22298900 0.93595770
vt -9.88938800 0.93823890
vt -9.22298900 0.93823890
vt -9.25728400 0.89698480
vt -9.85509200 0.89698480
vt -9.85509200 0.90059730
vt -9.25728400 0.90059730
vt -9.85509200 0.90420990
vt -9.25728400 0.90420990
vt -9.22299000 0.86423560
vt -9.88938600 0.86423560
vt -9.88938600 0.86651780
vt -9.22299000 0.86651780
vt -9.88938600 0.86993190
vt -9.22299000 0.86993190
vt -9.88938600 0.87395930
vt -9.22299000 0.87395930
vt -9.88938600 0.87798670
vt -9.22299000 0.87798670
vt -9.88938600 0.88140080
vt -9.22299000 0.88140080
vt -9.88938600 0.88368300
vt -9.22299000 0.88368300
vt -9.25729900 0.84260820
vt -9.85507700 0.84260820
vt -9.85507700 0.84622170
vt -9.25729900 0.84622170
vt -9.85507700 0.84983420
vt -9.25729900 0.84983420
vt -10.05000000 0.59432100
vt -10.05042000 0.59643720
vt -10.04489000 0.59643720
vt -10.04880000 0.59252720
vt -10.05000000 0.59855340
vt -10.04701000 0.59132840
vt -10.04880000 0.60034730
vt -10.04489000 0.59090780
vt -10.04701000 0.60154600
vt -10.04278000 0.59132840
vt -10.04489000 0.60196660
vt -10.04098000 0.59252720
vt -10.04278000 0.60154600
vt -10.03978000 0.59432100
vt -10.04098000 0.60034730
vt -10.03936000 0.59643720
vt -10.03978000 0.59855340
vt -10.05000000 0.56894560
vt -10.05042000 0.57106180
vt -10.04489000 0.57106180
vt -10.04880000 0.56715180
vt -10.05000000 0.57317810
vt -10.04701000 0.56595300
vt -10.04880000 0.57497190
vt -10.04489000 0.56553240
vt -10.04701000 0.57617070
vt -10.04278000 0.56595300
vt -10.04489000 0.57659130
vt -10.04098000 0.56715180
vt -10.04278000 0.57617070
vt -10.03978000 0.56894560
vt -10.04098000 0.57497190
vt -10.03936000 0.57106180
vt -10.03978000 0.57317810
vt -10.03540000 0.65872650
vt -10.03847000 0.65811710
vt -10.03847000 0.66613550
vt -10.03280000 0.66046500
vt -10.04153000 0.65872650
vt -10.03106000 0.66306660
vt -10.04414000 0.66046500
vt -10.03045000 0.66613550
vt -10.04587000 0.66306660
vt -10.03106000 0.66920350
vt -10.04648000 0.66613550
vt -10.03280000 0.67180510
vt -10.04587000 0.66920350
vt -10.03540000 0.67354370
vt -10.04414000 0.67180510
vt -10.03847000 0.67415310
vt -10.04153000 0.67354370
vt -10.03847000 0.62807350
vt -10.03045000 0.62807350
vt -10.03106000 0.62500450
vt -10.03279000 0.62240290
vt -10.03106000 0.63114140
vt -10.03540000 0.62066530
vt -10.03279000 0.63374300
vt -10.03847000 0.62005400
vt -10.03540000 0.63548060
vt -10.04153000 0.62066530
vt -10.03847000 0.63609100
vt -10.04414000 0.62240290
vt -10.04153000 0.63548060
vt -10.04587000 0.62500450
vt -10.04414000 0.63374300
vt -10.04648000 0.62807350
vt -10.04587000 0.63114140
vt -10.03106000 0.66306660
vt -10.03045000 0.66613550
vt -10.02844000 0.66613550
vt -10.02921000 0.66229990
vt -10.02921000 0.66997120
vt -10.03280000 0.66046500
vt -10.03106000 0.66920350
vt -10.03138000 0.65904880
vt -10.03138000 0.67322230
vt -10.03540000 0.65872650
vt -10.03280000 0.67180510
vt -10.03463000 0.65687540
vt -10.03463000 0.67539480
vt -10.03847000 0.65811710
vt -10.03540000 0.67354370
vt -10.03847000 0.65611240
vt -10.03847000 0.67615870
vt -10.04153000 0.65872650
vt -10.03847000 0.67415310
vt -10.04230000 0.65687540
vt -10.04230000 0.67539480
vt -10.04414000 0.66046500
vt -10.04153000 0.67354370
vt -10.04555000 0.65904880
vt -10.04555000 0.67322230
vt -10.04587000 0.66306660
vt -10.04414000 0.67180510
vt -10.04773000 0.66229990
vt -10.04773000 0.66997120
vt -10.04648000 0.66613550
vt -10.04587000 0.66920350
vt -10.04849000 0.66613550
vt -10.03540000 0.62066530
vt -10.03279000 0.62240290
vt -10.03138000 0.62098570
vt -10.03463000 0.61881330
vt -10.02921000 0.62423680
vt -10.03847000 0.62005400
vt -10.03106000 0.62500450
vt -10.03847000 0.61805030
vt -10.02844000 0.62807350
vt -10.04153000 0.62066530
vt -10.03045000 0.62807350
vt -10.04230000 0.61881330
vt -10.02921000 0.63190820
vt -10.04414000 0.62240290
vt -10.03106000 0.63114140
vt -10.04555000 0.62098570
vt -10.03138000 0.63516120
vt -10.04587000 0.62500450
vt -10.03279000 0.63374300
vt -10.04773000 0.62423680
vt -10.03463000 0.63733270
vt -10.04648000 0.62807350
vt -10.03540000 0.63548060
vt -10.04849000 0.62807350
vt -10.03847000 0.63809660
vt -10.04587000 0.63114140
vt -10.03847000 0.63609100
vt -10.04773000 0.63190820
vt -10.04230000 0.63733270
vt -10.04414000 0.63374300
vt -10.04153000 0.63548060
vt -10.04555000 0.63516120
f 3/3/3 2/2/2 1/1/1
f 6/6/6 5/5/5 4/4/4
f 9/9/9 8/8/8 7/7/7
f 12/12/12 11/11/11 10/10/10
f 15/15/15 14/14/14 13/13/13
f 18/18/18 17/17/17 16/16/16
f 21/21/21 20/20/20 19/19/19
f 24/24/24 23/23/23 22/22/22
f 27/27/27 26/26/26 25/25/25
f 28/28/28 27/27/27 25/25/25
f 31/31/31 30/30/30 29/29/29
f 32/32/32 31/31/31 29/29/29
f 35/35/35 34/34/34 33/33/33
f 36/36/36 35/35/35 33/33/33
f 39/39/39 38/38/38 37/37/37
f 40/40/40 39/39/39 37/37/37
f 43/43/43 42/42/42 41/41/41
f 44/44/44 43/43/43 41/41/41
f 47/47/47 46/46/46 45/45/45
f 48/48/48 47/47/47 45/45/45
f 51/51/51 50/50/50 49/49/49
f 52/52/52 51/51/51 49/49/49
f 55/55/55 54/54/54 53/53/53
f 56/56/56 55/55/55 53/53/53
f 59/59/59 58/58/58 57/57/57
f 60/60/60 59/59/59 57/57/57
f 63/63/63 62/62/62 61/61/61
f 64/64/64 63/63/63 61/61/61
f 67/67/67 66/66/66 65/65/65
f 68/68/68 67/67/67 65/65/65
f 71/71/71 70/70/70 69/69/69
f 72/72/72 71/71/71 69/69/69
f 75/75/75 74/74/74 73/73/73
f 76/76/76 75/75/75 73/73/73
f 79/79/79 78/78/78 77/77/77
f 80/80/80 79/79/79 77/77/77
f 83/83/83 82/82/82 81/81/81
f 84/84/84 83/83/83 81/81/81
f 87/87/87 86/86/86 85/85/85
f 88/88/88 87/87/87 85/85/85
f 91/91/91 90/90/90 89/89/89
f 92/92/92 91/91/91 89/89/89
f 95/95/95 94/94/94 93/93/93
f 96/96/96 95/95/95 93/93/93
f 99/99/99 98/98/98 97/97/97
f 102/102/102 101/101/101 100/100/100
f 105/105/105 104/104/104 103/103/103
f 108/108/108 107/107/107 106/106/106
f 111/111/111 110/110/110 109/109/109
f 114/114/114 113/113/113 112/112/112
f 117/117/117 116/116/116 115/115/115
f 120/120/120 119/119/119 118/118/118
f 123/123/123 122/122/122 121/121/121
f 126/126/126 125/125/125 124/124/124
f 129/129/129 128/128/128 127/127/127
f 132/132/132 131/131/131 130/130/130
f 135/135/135 134/134/134 133/133/133
f 138/138/138 137/137/137 136/136/136
f 141/141/141 140/140/140 139/139/139
f 144/144/144 143/143/143 142/142/142
f 147/147/147 146/146/146 145/145/145
f 150/150/150 149/149/149 148/148/148
f 153/153/153 152/152/152 151/151/151
f 156/156/156 155/155/155 154/154/154
f 159/159/159 158/158/158 157/157/157
f 162/162/162 161/161/161 160/160/160
f 165/165/165 164/164/164 163/163/163
f 168/168/168 167/167/167 166/166/166
f 171/171/171 170/170/170 169/169/169
f 174/174/174 173/173/173 172/172/172
f 177/177/177 176/176/176 175/175/175
f 180/180/180 179/179/179 178/178/178
f 183/183/183 182/182/182 181/181/181
f 186/186/186 185/185/185 184/184/184
f 189/189/189 188/188/188 187/187/187
f 192/192/192 191/191/191 190/190/190
f 195/195/195 194/194/194 193/193/193
f 196/196/196 195/195/195 193/193/193
f 199/199/199 198/198/198 197/197/197
f 200/200/200 199/199/199 197/197/197
f 203/203/203 202/202/202 201/201/201
f 204/204/204 203/203/203 201/201/201
f 207/207/207 206/206/206 205/205/205
f 208/208/208 207/207/207 205/205/205
f 211/211/211 210/210/210 209/209/209
f 212/212/212 211/211/211 209/209/209
f 215/215/215 214/214/214 213/213/213
f 216/216/216 215/215/215 213/213/213
f 219/219/219 218/218/218 217/217/217
f 220/220/220 219/219/219 217/217/217
f 223/223/223 222/222/222 221/221/221
f 224/224/224 223/223/223 221/221/221
f 227/227/227 226/226/226 225/225/225
f 228/228/228 227/227/227 225/225/225
f 231/231/231 230/230/230 229/229/229
f 232/232/232 231/231/231 229/229/229
f 235/235/235 234/234/234 233/233/233
f 236/236/236 235/235/235 233/233/233
f 239/239/239 238/238/238 237/237/237
f 240/240/240 239/239/239 237/237/237
f 243/243/243 242/242/242 241/241/241
f 244/244/244 243/243/243 241/241/241
f 247/247/247 246/246/246 245/245/245
f 248/248/248 247/247/247 245/245/245
f 251/251/251 250/250/250 249/249/249
f 252/252/252 251/251/251 249/249/249
f 255/255/255 254/254/254 253/253/253
f 256/256/256 255/255/255 253/253/253
f 259/259/259 258/258/258 257/257/257
f 260/260/260 259/259/259 257/257/257
f 263/263/263 262/262/262 261/261/261
f 264/264/264 263/263/263 261/261/261
f 267/267/267 266/266/266 265/265/265
f 268/268/268 267/267/267 265/265/265
f 271/271/271 270/270/270 269/269/269
f 272/272/272 271/271/271 269/269/269
f 275/275/275 274/274/274 273/273/273
f 276/276/276 275/275/275 273/273/273
f 279/279/279 278/278/278 277/277/277
f 280/280/280 279/279/279 277/277/277
f 283/283/283 282/282/282 281/281/281
f 284/284/284 283/283/283 281/281/281
f 287/287/287 286/286/286 285/285/285
f 288/288/288 287/287/287 285/285/285
f 291/291/291 290/290/290 289/289/289
f 292/292/292 291/291/291 289/289/289
f 295/295/295 294/294/294 293/293/293
f 296/296/296 295/295/295 293/293/293
f 299/299/299 298/298/298 297/297/297
f 300/300/300 299/299/299 297/297/297
f 303/303/303 302/302/302 301/301/301
f 304/304/304 303/303/303 301/301/301
f 307/307/307 306/306/306 305/305/305
f 308/308/308 307/307/307 305/305/305
f 311/311/311 310/310/310 309/309/309
f 312/312/312 311/311/311 309/309/309
f 315/315/315 314/314/314 313/313/313
f 316/316/316 315/315/315 313/313/313
f 319/319/319 318/318/318 317/317/317
f 320/320/320 319/319/319 317/317/317
f 323/323/323 322/322/322 321/321/321
f 324/324/324 323/323/323 321/321/321
f 327/327/327 326/326/326 325/325/325
f 328/328/328 327/327/327 325/325/325
f 331/331/331 330/330/330 329/329/329
f 332/332/332 331/331/331 329/329/329
f 335/335/335 334/334/334 333/333/333
f 336/336/336 335/335/335 333/333/333
f 339/339/339 338/338/338 337/337/337
f 340/340/340 339/339/339 337/337/337
f 343/343/343 342/342/342 341/341/341
f 344/344/344 343/343/343 341/341/341
f 347/347/347 346/346/346 345/345/345
f 348/348/348 347/347/347 345/345/345
f 351/351/351 350/350/350 349/349/349
f 352/352/352 351/351/351 349/349/349
f 355/355/355 354/354/354 353/353/353
f 356/356/356 355/355/355 353/353/353
f 359/359/359 358/358/358 357/357/357
f 360/360/360 359/359/359 357/357/357
f 363/363/363 362/362/362 361/361/361
f 364/364/364 363/363/363 361/361/361
f 367/367/367 366/366/366 365/365/365
f 368/368/368 367/367/367 365/365/365
f 371/371/371 370/370/370 369/369/369
f 372/372/372 371/371/371 369/369/369
f 375/375/375 374/374/374 373/373/373
f 376/376/376 375/375/375 373/373/373
f 379/379/379 378/378/378 377/377/377
f 380/380/380 379/379/379 377/377/377
f 383/383/383 382/382/382 381/381/381
f 384/384/384 383/383/383 381/381/381
f 387/387/387 386/386/386 385/385/385
f 388/388/388 387/387/387 385/385/385
f 391/391/391 390/390/390 389/389/389
f 392/392/392 391/391/391 389/389/389
f 395/395/395 394/394/394 393/393/393
f 396/396/396 395/395/395 393/393/393
f 399/399/399 398/398/398 397/397/397
f 400/400/400 399/399/399 397/397/397
f 403/403/403 402/402/402 401/401/401
f 404/404/404 403/403/403 401/401/401
f 407/407/407 406/406/406 405/405/405
f 408/408/408 407/407/407 405/405/405
f 411/411/411 410/410/410 409/409/409
f 412/412/412 411/411/411 409/409/409
f 415/415/415 414/414/414 413/413/413
f 416/416/416 415/415/415 413/413/413
f 419/419/419 418/418/418 417/417/417
f 420/420/420 419/419/419 417/417/417
f 423/423/423 422/422/422 421/421/421
f 424/424/424 423/423/423 421/421/421
f 427/427/427 426/426/426 425/425/425
f 428/428/428 427/427/427 425/425/425
f 431/431/431 430/430/430 429/429/429
f 432/432/432 431/431/431 429/429/429
f 435/435/435 434/434/434 433/433/433
f 436/436/436 435/435/435 433/433/433
f 439/439/439 438/438/438 437/437/437
f 440/440/440 439/439/439 437/437/437
f 443/443/443 442/442/442 441/441/441
f 444/444/444 443/443/443 441/441/441
f 447/447/447 446/446/446 445/445/445
f 448/448/448 447/447/447 445/445/445
f 451/451/451 450/450/450 449/449/449
f 452/452/452 451/451/451 449/449/449
f 455/455/455 454/454/454 453/453/453
f 456/456/456 455/455/455 453/453/453
f 459/459/459 458/458/458 457/457/457
f 460/460/460 459/459/459 457/457/457
f 463/463/463 462/462/462 461/461/461
f 464/464/464 463/463/463 461/461/461
f 467/467/467 466/466/466 465/465/465
f 468/468/468 467/467/467 465/465/465
f 471/471/471 470/470/470 469/469/469
f 472/472/472 471/471/471 469/469/469
f 475/475/475 474/474/474 473/473/473
f 476/476/476 475/475/475 473/473/473
f 479/479/479 478/478/478 477/477/477
f 480/480/480 479/479/479 477/477/477
f 483/483/483 482/482/482 481/481/481
f 484/484/484 483/483/483 481/481/481
f 487/487/487 486/486/486 485/485/485
f 488/488/488 487/487/487 485/485/485
f 491/491/491 490/490/490 489/489/489
f 492/492/492 491/491/491 489/489/489
f 495/495/495 494/494/494 493/493/493
f 496/496/496 495/495/495 493/493/493
f 499/499/499 498/498/498 497/497/497
f 500/500/500 499/499/499 497/497/497
f 503/503/503 502/502/502 501/501/501
f 504/504/504 503/503/503 501/501/501
f 507/507/507 506/506/506 505/505/505
f 508/508/508 507/507/507 505/505/505
f 511/511/511 510/510/510 509/509/509
f 512/512/512 511/511/511 509/509/509
f 515/515/515 514/514/514 513/513/513
f 516/516/516 515/515/515 513/513/513
f 519/519/519 518/518/518 517/517/517
f 520/520/520 519/519/519 517/517/517
f 523/523/523 522/522/522 521/521/521
f 524/524/524 523/523/523 521/521/521
f 527/527/527 526/526/526 525/525/525
f 528/528/528 527/527/527 525/525/525
f 531/531/531 530/530/530 529/529/529
f 532/532/532 531/531/531 529/529/529
f 535/535/535 534/534/534 533/533/533
f 536/536/536 535/535/535 533/533/533
f 539/539/539 538/538/538 537/537/537
f 540/540/540 539/539/539 537/537/537
f 543/543/543 542/542/542 541/541/541
f 544/544/544 543/543/543 541/541/541
f 547/547/547 546/546/546 545/545/545
f 548/548/548 547/547/547 545/545/545
f 551/551/551 550/550/550 549/549/549
f 552/552/552 551/551/551 549/549/549
f 555/555/555 554/554/554 553/553/553
f 556/556/556 555/555/555 553/553/553
f 559/559/559 558/558/558 557/557/557
f 557/557/557 560/560/560 559/559/559
f 557/557/557 561/561/561 560/560/560
f 564/564/564 563/563/563 562/562/562
f 565/565/565 564/564/564 562/562/562
f 568/568/568 567/567/567 566/566/566
f 566/566/566 569/569/569 568/568/568
f 566/566/566 570/570/570 569/569/569
f 573/573/573 572/572/572 571/571/571
f 571/571/571 574/574/574 573/573/573
f 571/571/571 575/575/575 574/574/574
f 578/578/578 577/577/577 576/576/576
f 576/576/576 579/579/579 578/578/578
f 576/576/576 580/580/580 579/579/579
f 583/583/583 582/582/582 581/581/581
f 584/584/584 583/583/583 581/581/581
f 587/587/587 586/586/586 585/585/585
f 588/588/588 587/587/587 585/585/585
f 591/591/591 590/590/590 589/589/589
f 592/592/592 591/591/591 589/589/589
f 595/595/595 594/594/594 593/593/593
f 594/594/594 596/596/596 593/593/593
f 593/593/593 596/596/596 597/597/597
f 596/596/596 598/598/598 597/597/597
f 598/598/598 596/596/596 599/599/599
f 600/600/600 598/598/598 599/599/599
f 599/599/599 596/596/596 601/601/601
f 596/596/596 602/602/602 601/601/601
f 601/601/601 602/602/602 603/603/603
f 602/602/602 604/604/604 603/603/603
f 603/603/603 604/604/604 600/600/600
f 604/604/604 598/598/598 600/600/600
f 598/598/598 604/604/604 605/605/605
f 605/605/605 604/604/604 606/606/606
f 604/604/604 607/607/607 606/606/606
f 606/606/606 607/607/607 608/608/608
f 607/607/607 609/609/609 608/608/608
f 608/608/608 609/609/609 610/610/610
f 610/610/610 598/598/598 605/605/605
f 609/609/609 598/598/598 610/610/610
f 598/598/598 609/609/609 611/611/611
f 612/612/612 598/598/598 611/611/611
f 613/613/613 598/598/598 612/612/612
f 614/614/614 613/613/613 612/612/612
f 617/617/617 616/616/616 615/615/615
f 618/618/618 617/617/617 615/615/615
f 619/619/619 617/617/617 618/618/618
f 620/620/620 619/619/619 618/618/618
f 622/622/622 617/617/617 621/621/621
f 623/623/623 622/622/622 621/621/621
f 624/624/624 622/622/622 623/623/623
f 625/625/625 624/624/624 623/623/623
f 628/628/628 627/627/627 626/626/626
f 629/629/629 628/628/628 626/626/626
f 632/632/632 631/631/631 630/630/630
f 633/633/633 632/632/632 630/630/630
f 636/636/636 635/635/635 634/634/634
f 637/637/637 636/636/636 634/634/634
f 640/640/640 639/639/639 638/638/638
f 641/641/641 640/640/640 638/638/638
f 644/644/644 643/643/643 642/642/642
f 645/645/645 644/644/644 642/642/642
f 648/648/648 647/647/647 646/646/646
f 649/649/649 648/648/648 646/646/646
f 652/652/652 651/651/651 650/650/650
f 653/653/653 652/652/652 650/650/650
f 656/656/656 655/655/655 654/654/654
f 657/657/657 656/656/656 654/654/654
f 660/660/660 659/659/659 658/658/658
f 661/661/661 660/660/660 658/658/658
f 664/664/664 663/663/663 662/662/662
f 665/665/665 664/664/664 662/662/662
f 668/668/668 667/667/667 666/666/666
f 669/669/669 668/668/668 666/666/666
f 672/672/672 671/671/671 670/670/670
f 673/673/673 672/672/672 670/670/670
f 676/676/676 675/675/675 674/674/674
f 677/677/677 676/676/676 674/674/674
f 680/680/680 679/679/679 678/678/678
f 681/681/681 680/680/680 678/678/678
f 684/684/684 683/683/683 682/682/682
f 685/685/685 684/684/684 682/682/682
f 688/688/688 687/687/687 686/686/686
f 689/689/689 688/688/688 686/686/686
f 692/692/692 691/691/691 690/690/690
f 695/695/695 694/694/694 693/693/693
f 698/698/698 697/697/697 696/696/696
f 701/701/701 700/700/700 699/699/699
f 704/704/704 703/703/703 702/702/702
f 707/707/707 706/706/706 705/705/705
f 710/710/710 709/709/709 708/708/708
f 713/713/713 712/712/712 711/711/711
f 716/716/716 715/715/715 714/714/714
f 717/717/717 716/716/716 714/714/714
f 720/720/720 719/719/719 718/718/718
f 721/721/721 720/720/720 718/718/718
f 724/724/724 723/723/723 722/722/722
f 725/725/725 724/724/724 722/722/722
f 728/728/728 727/727/727 726/726/726
f 729/729/729 728/728/728 726/726/726
f 732/732/732 731/731/731 730/730/730
f 733/733/733 732/732/732 730/730/730
f 736/736/736 735/735/735 734/734/734
f 737/737/737 736/736/736 734/734/734
f 740/740/740 739/739/739 738/738/738
f 741/741/741 740/740/740 738/738/738
f 744/744/744 743/743/743 742/742/742
f 745/745/745 744/744/744 742/742/742
f 748/748/748 747/747/747 746/746/746
f 749/749/749 748/748/748 746/746/746
f 752/752/752 751/751/751 750/750/750
f 753/753/753 752/752/752 750/750/750
f 756/756/756 755/755/755 754/754/754
f 757/757/757 756/756/756 754/754/754
f 760/760/760 759/759/759 758/758/758
f 761/761/761 760/760/760 758/758/758
f 764/764/764 763/763/763 762/762/762
f 765/765/765 764/764/764 762/762/762
f 768/768/768 767/767/767 766/766/766
f 769/769/769 768/768/768 766/766/766
f 772/772/772 771/771/771 770/770/770
f 773/773/773 772/772/772 770/770/770
f 776/776/776 775/775/775 774/774/774
f 777/777/777 776/776/776 774/774/774
f 780/780/780 779/779/779 778/778/778
f 781/781/781 780/780/780 778/778/778
f 784/784/784 783/783/783 782/782/782
f 785/785/785 784/784/784 782/782/782
f 788/788/788 787/787/787 786/786/786
f 787/787/787 789/789/789 786/786/786
f 786/786/786 789/789/789 790/790/790
f 789/789/789 791/791/791 790/790/790
f 794/794/794 793/793/793 792/792/792
f 795/795/795 794/794/794 792/792/792
f 796/796/796 794/794/794 795/795/795
f 797/797/797 796/796/796 795/795/795
f 800/800/800 799/799/799 798/798/798
f 801/801/801 800/800/800 798/798/798
f 804/804/804 803/803/803 802/802/802
f 805/805/805 804/804/804 802/802/802
f 808/808/808 807/807/807 806/806/806
f 809/809/809 808/808/808 806/806/806
f 812/812/812 811/811/811 810/810/810
f 813/813/813 812/812/812 810/810/810
f 816/816/816 815/815/815 814/814/814
f 817/817/817 816/816/816 814/814/814
f 820/820/820 819/819/819 818/818/818
f 819/819/819 821/821/821 818/818/818
f 818/818/818 821/821/821 822/822/822
f 821/821/821 823/823/823 822/822/822
f 826/826/826 825/825/825 824/824/824
f 825/825/825 827/827/827 824/824/824
f 824/824/824 827/827/827 828/828/828
f 827/827/827 829/829/829 828/828/828
f 832/832/832 831/831/831 830/830/830
f 833/833/833 832/832/832 830/830/830
f 836/836/836 835/835/835 834/834/834
f 837/837/837 836/836/836 834/834/834
f 840/840/840 839/839/839 838/838/838
f 841/841/841 840/840/840 838/838/838
f 844/844/844 843/843/843 842/842/842
f 843/843/843 845/845/845 842/842/842
f 842/842/842 845/845/845 846/846/846
f 845/845/845 847/847/847 846/846/846
f 846/846/846 847/847/847 848/848/848
f 847/847/847 849/849/849 848/848/848
f 848/848/848 849/849/849 850/850/850
f 849/849/849 851/851/851 850/850/850
f 850/850/850 851/851/851 852/852/852
f 851/851/851 853/853/853 852/852/852
f 852/852/852 853/853/853 854/854/854
f 853/853/853 855/855/855 854/854/854
f 858/858/858 857/857/857 856/856/856
f 859/859/859 858/858/858 856/856/856
f 860/860/860 858/858/858 859/859/859
f 861/861/861 860/860/860 859/859/859
f 864/864/864 863/863/863 862/862/862
f 865/865/865 864/864/864 862/862/862
f 866/866/866 864/864/864 865/865/865
f 867/867/867 866/866/866 865/865/865
f 868/868/868 866/866/866 867/867/867
f 869/869/869 868/868/868 867/867/867
f 870/870/870 868/868/868 869/869/869
f 871/871/871 870/870/870 869/869/869
f 872/872/872 870/870/870 871/871/871
f 873/873/873 872/872/872 871/871/871
f 874/874/874 872/872/872 873/873/873
f 875/875/875 874/874/874 873/873/873
f 878/878/878 877/877/877 876/876/876
f 879/879/879 878/878/878 876/876/876
f 880/880/880 878/878/878 879/879/879
f 881/881/881 880/880/880 879/879/879
f 884/884/884 883/883/883 882/882/882
f 883/883/883 885/885/885 882/882/882
f 882/882/882 885/885/885 886/886/886
f 885/885/885 887/887/887 886/886/886
f 886/886/886 887/887/887 888/888/888
f 887/887/887 889/889/889 888/888/888
f 888/888/888 889/889/889 890/890/890
f 889/889/889 891/891/891 890/890/890
f 890/890/890 891/891/891 892/892/892
f 891/891/891 893/893/893 892/892/892
f 892/892/892 893/893/893 894/894/894
f 893/893/893 895/895/895 894/894/894
f 898/898/898 897/897/897 896/896/896
f 899/899/899 898/898/898 896/896/896
f 900/900/900 898/898/898 899/899/899
f 901/901/901 900/900/900 899/899/899
f 904/904/904 903/903/903 902/902/902
f 905/905/905 904/904/904 902/902/902
f 906/906/906 904/904/904 905/905/905
f 907/907/907 906/906/906 905/905/905
f 908/908/908 906/906/906 907/907/907
f 909/909/909 908/908/908 907/907/907
f 910/910/910 908/908/908 909/909/909
f 911/911/911 910/910/910 909/909/909
f 912/912/912 910/910/910 911/911/911
f 913/913/913 912/912/912 911/911/911
f 914/914/914 912/912/912 913/913/913
f 915/915/915 914/914/914 913/913/913
f 918/918/918 917/917/917 916/916/916
f 919/919/919 918/918/918 916/916/916
f 920/920/920 918/918/918 919/919/919
f 921/921/921 920/920/920 919/919/919
f 924/924/924 923/923/923 922/922/922
f 925/925/925 924/924/924 922/922/922
f 926/926/926 924/924/924 925/925/925
f 927/927/927 926/926/926 925/925/925
f 928/928/928 926/926/926 927/927/927
f 929/929/929 928/928/928 927/927/927
f 930/930/930 928/928/928 929/929/929
f 931/931/931 930/930/930 929/929/929
f 932/932/932 930/930/930 931/931/931
f 933/933/933 932/932/932 931/931/931
f 934/934/934 932/932/932 933/933/933
f 935/935/935 934/934/934 933/933/933
f 938/938/938 937/937/937 936/936/936
f 939/939/939 938/938/938 936/936/936
f 940/940/940 938/938/938 939/939/939
f 941/941/941 940/940/940 939/939/939
f 944/944/944 943/943/943 942/942/942
f 945/945/945 944/944/944 942/942/942
f 946/946/946 944/944/944 945/945/945
f 947/947/947 946/946/946 945/945/945
f 948/948/948 946/946/946 947/947/947
f 949/949/949 948/948/948 947/947/947
f 950/950/950 948/948/948 949/949/949
f 951/951/951 950/950/950 949/949/949
f 952/952/952 950/950/950 951/951/951
f 953/953/953 952/952/952 951/951/951
f 954/954/954 952/952/952 953/953/953
f 955/955/955 954/954/954 953/953/953
f 958/958/958 957/957/957 956/956/956
f 959/959/959 958/958/958 956/956/956
f 960/960/960 958/958/958 959/959/959
f 961/961/961 960/960/960 959/959/959
f 964/964/964 963/963/963 962/962/962
f 965/965/965 964/964/964 962/962/962
f 963/963/963 964/964/964 966/966/966
f 964/964/964 965/965/965 967/967/967
f 964/964/964 968/968/968 966/966/966
f 969/969/969 964/964/964 967/967/967
f 968/968/968 964/964/964 970/970/970
f 964/964/964 969/969/969 971/971/971
f 964/964/964 972/972/972 970/970/970
f 973/973/973 964/964/964 971/971/971
f 972/972/972 964/964/964 974/974/974
f 964/964/964 973/973/973 975/975/975
f 964/964/964 976/976/976 974/974/974
f 977/977/977 964/964/964 975/975/975
f 976/976/976 964/964/964 978/978/978
f 964/964/964 977/977/977 978/978/978
f 981/981/981 980/980/980 979/979/979
f 982/982/982 981/981/981 979/979/979
f 980/980/980 981/981/981 983/983/983
f 981/981/981 982/982/982 984/984/984
f 981/981/981 985/985/985 983/983/983
f 986/986/986 981/981/981 984/984/984
f 985/985/985 981/981/981 987/987/987
f 981/981/981 986/986/986 988/988/988
f 981/981/981 989/989/989 987/987/987
f 990/990/990 981/981/981 988/988/988
f 989/989/989 981/981/981 991/991/991
f 981/981/981 990/990/990 992/992/992
f 981/981/981 993/993/993 991/991/991
f 994/994/994 981/981/981 992/992/992
f 993/993/993 981/981/981 995/995/995
f 981/981/981 994/994/994 995/995/995
f 998/998/998 997/997/997 996/996/996
f 999/999/999 998/998/998 996/996/996
f 997/997/997 998/998/998 1000/1000/1000
f 998/998/998 999/999/999 1001/1001/1001
f 998/998/998 1002/1002/1002 1000/1000/1000
f 1003/1003/1003 998/998/998 1001/1001/1001
f 1002/1002/1002 998/998/998 1004/1004/1004
f 998/998/998 1003/1003/1003 1005/1005/1005
f 998/998/998 1006/1006/1006 1004/1004/1004
f 1007/1007/1007 998/998/998 1005/1005/1005
f 1006/1006/1006 998/998/998 1008/1008/1008
f 998/998/998 1007/1007/1007 1009/1009/1009
f 998/998/998 1010/1010/1010 1008/1008/1008
f 1011/1011/1011 998/998/998 1009/1009/1009
f 1010/1010/1010 998/998/998 1012/1012/1012
f 998/998/998 1011/1011/1011 1012/1012/1012
f 1015/1015/1015 1014/1014/1014 1013/1013/1013
f 1016/1016/1016 1015/1015/1015 1013/1013/1013
f 1014/1014/1014 1017/1017/1017 1013/1013/1013
f 1018/1018/1018 1016/1016/1016 1013/1013/1013
f 1017/1017/1017 1019/1019/1019 1013/1013/1013
f 1020/1020/1020 1018/1018/1018 1013/1013/1013
f 1019/1019/1019 1021/1021/1021 1013/1013/1013
f 1022/1022/1022 1020/1020/1020 1013/1013/1013
f 1021/1021/1021 1023/1023/1023 1013/1013/1013
f 1024/1024/1024 1022/1022/1022 1013/1013/1013
f 1023/1023/1023 1025/1025/1025 1013/1013/1013
f 1026/1026/1026 1024/1024/1024 1013/1013/1013
f 1025/1025/1025 1027/1027/1027 1013/1013/1013
f 1028/1028/1028 1026/1026/1026 1013/1013/1013
f 1027/1027/1027 1029/1029/1029 1013/1013/1013
f 1029/1029/1029 1028/1028/1028 1013/1013/1013
f 1032/1032/1032 1031/1031/1031 1030/1030/1030
f 1033/1033/1033 1032/1032/1032 1030/1030/1030
f 1031/1031/1031 1032/1032/1032 1034/1034/1034
f 1030/1030/1030 1035/1035/1035 1033/1033/1033
f 1036/1036/1036 1031/1031/1031 1034/1034/1034
f 1035/1035/1035 1037/1037/1037 1033/1033/1033
f 1036/1036/1036 1034/1034/1034 1038/1038/1038
f 1035/1035/1035 1039/1039/1039 1037/1037/1037
f 1040/1040/1040 1036/1036/1036 1038/1038/1038
f 1039/1039/1039 1041/1041/1041 1037/1037/1037
f 1040/1040/1040 1038/1038/1038 1042/1042/1042
f 1039/1039/1039 1043/1043/1043 1041/1041/1041
f 1044/1044/1044 1040/1040/1040 1042/1042/1042
f 1043/1043/1043 1045/1045/1045 1041/1041/1041
f 1044/1044/1044 1042/1042/1042 1046/1046/1046
f 1043/1043/1043 1047/1047/1047 1045/1045/1045
f 1048/1048/1048 1044/1044/1044 1046/1046/1046
f 1047/1047/1047 1049/1049/1049 1045/1045/1045
f 1048/1048/1048 1046/1046/1046 1050/1050/1050
f 1047/1047/1047 1051/1051/1051 1049/1049/1049
f 1052/1052/1052 1048/1048/1048 1050/1050/1050
f 1051/1051/1051 1053/1053/1053 1049/1049/1049
f 1052/1052/1052 1050/1050/1050 1054/1054/1054
f 1051/1051/1051 1055/1055/1055 1053/1053/1053
f 1056/1056/1056 1052/1052/1052 1054/1054/1054
f 1055/1055/1055 1057/1057/1057 1053/1053/1053
f 1056/1056/1056 1054/1054/1054 1058/1058/1058
f 1055/1055/1055 1059/1059/1059 1057/1057/1057
f 1060/1060/1060 1056/1056/1056 1058/1058/1058
f 1059/1059/1059 1061/1061/1061 1057/1057/1057
f 1060/1060/1060 1058/1058/1058 1061/1061/1061
f 1059/1059/1059 1060/1060/1060 1061/1061/1061
f 1064/1064/1064 1063/1063/1063 1062/1062/1062
f 1065/1065/1065 1064/1064/1064 1062/1062/1062
f 1064/1064/1064 1066/1066/1066 1063/1063/1063
f 1062/1062/1062 1067/1067/1067 1065/1065/1065
f 1066/1066/1066 1068/1068/1068 1063/1063/1063
f 1067/1067/1067 1069/1069/1069 1065/1065/1065
f 1066/1066/1066 1070/1070/1070 1068/1068/1068
f 1069/1069/1069 1067/1067/1067 1071/1071/1071
f 1070/1070/1070 1072/1072/1072 1068/1068/1068
f 1073/1073/1073 1069/1069/1069 1071/1071/1071
f 1070/1070/1070 1074/1074/1074 1072/1072/1072
f 1073/1073/1073 1071/1071/1071 1075/1075/1075
f 1074/1074/1074 1076/1076/1076 1072/1072/1072
f 1077/1077/1077 1073/1073/1073 1075/1075/1075
f 1074/1074/1074 1078/1078/1078 1076/1076/1076
f 1077/1077/1077 1075/1075/1075 1079/1079/1079
f 1078/1078/1078 1080/1080/1080 1076/1076/1076
f 1081/1081/1081 1077/1077/1077 1079/1079/1079
f 1078/1078/1078 1082/1082/1082 1080/1080/1080
f 1081/1081/1081 1079/1079/1079 1083/1083/1083
f 1082/1082/1082 1084/1084/1084 1080/1080/1080
f 1085/1085/1085 1081/1081/1081 1083/1083/1083
f 1082/1082/1082 1086/1086/1086 1084/1084/1084
f 1085/1085/1085 1083/1083/1083 1087/1087/1087
f 1086/1086/1086 1088/1088/1088 1084/1084/1084
f 1089/1089/1089 1085/1085/1085 1087/1087/1087
f 1086/1086/1086 1090/1090/1090 1088/1088/1088
f 1089/1089/1089 1087/1087/1087 1091/1091/1091
f 1090/1090/1090 1092/1092/1092 1088/1088/1088
f 1093/1093/1093 1089/1089/1089 1091/1091/1091
f 1093/1093/1093 1091/1091/1091 1092/1092/1092
f 1090/1090/1090 1093/1093/1093 1092/1092/1092
f 1096/1096/1096 1095/1095/1095 1094/1094/1094
f 1099/1099/1099 1098/1098/1098 1097/1097/1097
f 1102/1102/1102 1101/1101/1101 1100/1100/1100
f 1105/1105/1105 1104/1104/1104 1103/1103/1103
f 1108/1108/1108 1107/1107/1107 1106/1106/1106
f 1111/1111/1111 1110/1110/1110 1109/1109/1109
f 1114/1114/1114 1113/1113/1113 1112/1112/1112
f 1117/1117/1117 1116/1116/1116 1115/1115/1115
f 1120/1120/1120 1119/1119/1119 1118/1118/1118
f 1121/1121/1121 1120/1120/1120 1118/1118/1118
f 1124/1124/1124 1123/1123/1123 1122/1122/1122
f 1125/1125/1125 1124/1124/1124 1122/1122/1122
f 1128/1128/1128 1127/1127/1127 1126/1126/1126
f 1129/1129/1129 1128/1128/1128 1126/1126/1126
f 1132/1132/1132 1131/1131/1131 1130/1130/1130
f 1133/1133/1133 1132/1132/1132 1130/1130/1130
f 1136/1136/1136 1135/1135/1135 1134/1134/1134
f 1137/1137/1137 1136/1136/1136 1134/1134/1134
f 1140/1140/1140 1139/1139/1139 1138/1138/1138
f 1141/1141/1141 1140/1140/1140 1138/1138/1138
f 1144/1144/1144 1143/1143/1143 1142/1142/1142
f 1145/1145/1145 1144/1144/1144 1142/1142/1142
f 1148/1148/1148 1147/1147/1147 1146/1146/1146
f 1149/1149/1149 1148/1148/1148 1146/1146/1146
f 1152/1152/1152 1151/1151/1151 1150/1150/1150
f 1153/1153/1153 1152/1152/1152 1150/1150/1150
f 1156/1156/1156 1155/1155/1155 1154/1154/1154
f 1157/1157/1157 1156/1156/1156 1154/1154/1154
f 1160/1160/1160 1159/1159/1159 1158/1158/1158
f 1161/1161/1161 1160/1160/1160 1158/1158/1158
f 1164/1164/1164 1163/1163/1163 1162/1162/1162
f 1165/1165/1165 1164/1164/1164 1162/1162/1162
f 1168/1168/1168 1167/1167/1167 1166/1166/1166
f 1169/1169/1169 1168/1168/1168 1166/1166/1166
f 1172/1172/1172 1171/1171/1171 1170/1170/1170
f 1173/1173/1173 1172/1172/1172 1170/1170/1170
f 1176/1176/1176 1175/1175/1175 1174/1174/1174
f 1177/1177/1177 1176/1176/1176 1174/1174/1174
f 1180/1180/1180 1179/1179/1179 1178/1178/1178
f 1181/1181/1181 1180/1180/1180 1178/1178/1178
f 1184/1184/1184 1183/1183/1183 1182/1182/1182
f 1185/1185/1185 1184/1184/1184 1182/1182/1182
f 1188/1188/1188 1187/1187/1187 1186/1186/1186
f 1189/1189/1189 1188/1188/1188 1186/1186/1186
f 1192/1192/1192 1191/1191/1191 1190/1190/1190
f 1193/1193/1193 1192/1192/1192 1190/1190/1190
f 1194/1194/1194 1192/1192/1192 1193/1193/1193
f 1195/1195/1195 1194/1194/1194 1193/1193/1193
f 1198/1198/1198 1197/1197/1197 1196/1196/1196
f 1197/1197/1197 1199/1199/1199 1196/1196/1196
f 1196/1196/1196 1199/1199/1199 1200/1200/1200
f 1199/1199/1199 1201/1201/1201 1200/1200/1200
f 1204/1204/1204 1203/1203/1203 1202/1202/1202
f 1205/1205/1205 1204/1204/1204 1202/1202/1202
f 1208/1208/1208 1207/1207/1207 1206/1206/1206
f 1209/1209/1209 1208/1208/1208 1206/1206/1206
f 1212/1212/1212 1211/1211/1211 1210/1210/1210
f 1213/1213/1213 1212/1212/1212 1210/1210/1210
f 1216/1216/1216 1215/1215/1215 1214/1214/1214
f 1215/1215/1215 1217/1217/1217 1214/1214/1214
f 1214/1214/1214 1217/1217/1217 1218/1218/1218
f 1217/1217/1217 1219/1219/1219 1218/1218/1218
f 1222/1222/1222 1221/1221/1221 1220/1220/1220
f 1221/1221/1221 1223/1223/1223 1220/1220/1220
f 1220/1220/1220 1223/1223/1223 1224/1224/1224
f 1223/1223/1223 1225/1225/1225 1224/1224/1224
f 1228/1228/1228 1227/1227/1227 1226/1226/1226
f 1229/1229/1229 1228/1228/1228 1226/1226/1226
f 1232/1232/1232 1231/1231/1231 1230/1230/1230
f 1233/1233/1233 1232/1232/1232 1230/1230/1230
f 1236/1236/1236 1235/1235/1235 1234/1234/1234
f 1237/1237/1237 1236/1236/1236 1234/1234/1234
f 1240/1240/1240 1239/1239/1239 1238/1238/1238
f 1241/1241/1241 1240/1240/1240 1238/1238/1238
f 1244/1244/1244 1243/1243/1243 1242/1242/1242
f 1245/1245/1245 1244/1244/1244 1242/1242/1242
f 1248/1248/1248 1247/1247/1247 1246/1246/1246
f 1247/1247/1247 1249/1249/1249 1246/1246/1246
f 1246/1246/1246 1249/1249/1249 1250/1250/1250
f 1249/1249/1249 1251/1251/1251 1250/1250/1250
f 1250/1250/1250 1251/1251/1251 1252/1252/1252
f 1251/1251/1251 1253/1253/1253 1252/1252/1252
f 1252/1252/1252 1253/1253/1253 1254/1254/1254
f 1253/1253/1253 1255/1255/1255 1254/1254/1254
f 1254/1254/1254 1255/1255/1255 1256/1256/1256
f 1255/1255/1255 1257/1257/1257 1256/1256/1256
f 1256/1256/1256 1257/1257/1257 1258/1258/1258
f 1257/1257/1257 1259/1259/1259 1258/1258/1258
f 1262/1262/1262 1261/1261/1261 1260/1260/1260
f 1263/1263/1263 1262/1262/1262 1260/1260/1260
f 1264/1264/1264 1262/1262/1262 1263/1263/1263
f 1265/1265/1265 1264/1264/1264 1263/1263/1263
f 1268/1268/1268 1267/1267/1267 1266/1266/1266
f 1269/1269/1269 1268/1268/1268 1266/1266/1266
f 1270/1270/1270 1268/1268/1268 1269/1269/1269
f 1271/1271/1271 1270/1270/1270 1269/1269/1269
f 1272/1272/1272 1270/1270/1270 1271/1271/1271
f 1273/1273/1273 1272/1272/1272 1271/1271/1271
f 1274/1274/1274 1272/1272/1272 1273/1273/1273
f 1275/1275/1275 1274/1274/1274 1273/1273/1273
f 1276/1276/1276 1274/1274/1274 1275/1275/1275
f 1277/1277/1277 1276/1276/1276 1275/1275/1275
f 1278/1278/1278 1276/1276/1276 1277/1277/1277
f 1279/1279/1279 1278/1278/1278 1277/1277/1277
f 1282/1282/1282 1281/1281/1281 1280/1280/1280
f 1283/1283/1283 1282/1282/1282 1280/1280/1280
f 1284/1284/1284 1282/1282/1282 1283/1283/1283
f 1285/1285/1285 1284/1284/1284 1283/1283/1283
f 1288/1288/1288 1287/1287/1287 1286/1286/1286
f 1287/1287/1287 1289/1289/1289 1286/1286/1286
f 1286/1286/1286 1289/1289/1289 1290/1290/1290
f 1289/1289/1289 1291/1291/1291 1290/1290/1290
f 1290/1290/1290 1291/1291/1291 1292/1292/1292
f 1291/1291/1291 1293/1293/1293 1292/1292/1292
f 1292/1292/1292 1293/1293/1293 1294/1294/1294
f 1293/1293/1293 1295/1295/1295 1294/1294/1294
f 1294/1294/1294 1295/1295/1295 1296/1296/1296
f 1295/1295/1295 1297/1297/1297 1296/1296/1296
f 1296/1296/1296 1297/1297/1297 1298/1298/1298
f 1297/1297/1297 1299/1299/1299 1298/1298/1298
f 1302/1302/1302 1301/1301/1301 1300/1300/1300
f 1303/1303/1303 1302/1302/1302 1300/1300/1300
f 1304/1304/1304 1302/1302/1302 1303/1303/1303
f 1305/1305/1305 1304/1304/1304 1303/1303/1303
f 1308/1308/1308 1307/1307/1307 1306/1306/1306
f 1309/1309/1309 1308/1308/1308 1306/1306/1306
f 1310/1310/1310 1308/1308/1308 1309/1309/1309
f 1311/1311/1311 1310/1310/1310 1309/1309/1309
f 1312/1312/1312 1310/1310/1310 1311/1311/1311
f 1313/1313/1313 1312/1312/1312 1311/1311/1311
f 1314/1314/1314 1312/1312/1312 1313/1313/1313
f 1315/1315/1315 1314/1314/1314 1313/1313/1313
f 1316/1316/1316 1314/1314/1314 1315/1315/1315
f 1317/1317/1317 1316/1316/1316 1315/1315/1315
f 1318/1318/1318 1316/1316/1316 1317/1317/1317
f 1319/1319/1319 1318/1318/1318 1317/1317/1317
f 1322/1322/1322 1321/1321/1321 1320/1320/1320
f 1323/1323/1323 1322/1322/1322 1320/1320/1320
f 1324/1324/1324 1322/1322/1322 1323/1323/1323
f 1325/1325/1325 1324/1324/1324 1323/1323/1323
f 1328/1328/1328 1327/1327/1327 1326/1326/1326
f 1329/1329/1329 1328/1328/1328 1326/1326/1326
f 1330/1330/1330 1328/1328/1328 1329/1329/1329
f 1331/1331/1331 1330/1330/1330 1329/1329/1329
f 1332/1332/1332 1330/1330/1330 1331/1331/1331
f 1333/1333/1333 1332/1332/1332 1331/1331/1331
f 1334/1334/1334 1332/1332/1332 1333/1333/1333
f 1335/1335/1335 1334/1334/1334 1333/1333/1333
f 1336/1336/1336 1334/1334/1334 1335/1335/1335
f 1337/1337/1337 1336/1336/1336 1335/1335/1335
f 1338/1338/1338 1336/1336/1336 1337/1337/1337
f 1339/1339/1339 1338/1338/1338 1337/1337/1337
f 1342/1342/1342 1341/1341/1341 1340/1340/1340
f 1343/1343/1343 1342/1342/1342 1340/1340/1340
f 1344/1344/1344 1342/1342/1342 1343/1343/1343
f 1345/1345/1345 1344/1344/1344 1343/1343/1343
f 1348/1348/1348 1347/1347/1347 1346/1346/1346
f 1349/1349/1349 1348/1348/1348 1346/1346/1346
f 1350/1350/1350 1348/1348/1348 1349/1349/1349
f 1351/1351/1351 1350/1350/1350 1349/1349/1349
f 1352/1352/1352 1350/1350/1350 1351/1351/1351
f 1353/1353/1353 1352/1352/1352 1351/1351/1351
f 1354/1354/1354 1352/1352/1352 1353/1353/1353
f 1355/1355/1355 1354/1354/1354 1353/1353/1353
f 1356/1356/1356 1354/1354/1354 1355/1355/1355
f 1357/1357/1357 1356/1356/1356 1355/1355/1355
f 1358/1358/1358 1356/1356/1356 1357/1357/1357
f 1359/1359/1359 1358/1358/1358 1357/1357/1357
f 1362/1362/1362 1361/1361/1361 1360/1360/1360
f 1363/1363/1363 1362/1362/1362 1360/1360/1360
f 1364/1364/1364 1362/1362/1362 1363/1363/1363
f 1365/1365/1365 1364/1364/1364 1363/1363/1363
f 1368/1368/1368 1367/1367/1367 1366/1366/1366
f 1369/1369/1369 1368/1368/1368 1366/1366/1366
f 1367/1367/1367 1368/1368/1368 1370/1370/1370
f 1368/1368/1368 1369/1369/1369 1371/1371/1371
f 1368/1368/1368 1372/1372/1372 1370/1370/1370
f 1373/1373/1373 1368/1368/1368 1371/1371/1371
f 1372/1372/1372 1368/1368/1368 1374/1374/1374
f 1368/1368/1368 1373/1373/1373 1375/1375/1375
f 1368/1368/1368 1376/1376/1376 1374/1374/1374
f 1377/1377/1377 1368/1368/1368 1375/1375/1375
f 1376/1376/1376 1368/1368/1368 1378/1378/1378
f 1368/1368/1368 1377/1377/1377 1379/1379/1379
f 1368/1368/1368 1380/1380/1380 1378/1378/1378
f 1381/1381/1381 1368/1368/1368 1379/1379/1379
f 1380/1380/1380 1368/1368/1368 1382/1382/1382
f 1368/1368/1368 1381/1381/1381 1382/1382/1382
f 1385/1385/1385 1384/1384/1384 1383/1383/1383
f 1386/1386/1386 1385/1385/1385 1383/1383/1383
f 1384/1384/1384 1385/1385/1385 1387/1387/1387
f 1385/1385/1385 1386/1386/1386 1388/1388/1388
f 1385/1385/1385 1389/1389/1389 1387/1387/1387
f 1390/1390/1390 1385/1385/1385 1388/1388/1388
f 1389/1389/1389 1385/1385/1385 1391/1391/1391
f 1385/1385/1385 1390/1390/1390 1392/1392/1392
f 1385/1385/1385 1393/1393/1393 1391/1391/1391
f 1394/1394/1394 1385/1385/1385 1392/1392/1392
f 1393/1393/1393 1385/1385/1385 1395/1395/1395
f 1385/1385/1385 1394/1394/1394 1396/1396/1396
f 1385/1385/1385 1397/1397/1397 1395/1395/1395
f 1398/1398/1398 1385/1385/1385 1396/1396/1396
f 1397/1397/1397 1385/1385/1385 1399/1399/1399
f 1385/1385/1385 1398/1398/1398 1399/1399/1399
f 1402/1402/1402 1401/1401/1401 1400/1400/1400
f 1403/1403/1403 1402/1402/1402 1400/1400/1400
f 1401/1401/1401 1402/1402/1402 1404/1404/1404
f 1402/1402/1402 1403/1403/1403 1405/1405/1405
f 1402/1402/1402 1406/1406/1406 1404/1404/1404
f 1407/1407/1407 1402/1402/1402 1405/1405/1405
f 1406/1406/1406 1402/1402/1402 1408/1408/1408
f 1402/1402/1402 1407/1407/1407 1409/1409/1409
f 1402/1402/1402 1410/1410/1410 1408/1408/1408
f 1411/1411/1411 1402/1402/1402 1409/1409/1409
f 1410/1410/1410 1402/1402/1402 1412/1412/1412
f 1402/1402/1402 1411/1411/1411 1413/1413/1413
f 1402/1402/1402 1414/1414/1414 1412/1412/1412
f 1415/1415/1415 1402/1402/1402 1413/1413/1413
f 1414/1414/1414 1402/1402/1402 1416/1416/1416
f 1402/1402/1402 1415/1415/1415 1416/1416/1416
f 1419/1419/1419 1418/1418/1418 1417/1417/1417
f 1420/1420/1420 1419/1419/1419 1417/1417/1417
f 1418/1418/1418 1421/1421/1421 1417/1417/1417
f 1422/1422/1422 1420/1420/1420 1417/1417/1417
f 1421/1421/1421 1423/1423/1423 1417/1417/1417
f 1424/1424/1424 1422/1422/1422 1417/1417/1417
f 1423/1423/1423 1425/1425/1425 1417/1417/1417
f 1426/1426/1426 1424/1424/1424 1417/1417/1417
f 1425/1425/1425 1427/1427/1427 1417/1417/1417
f 1428/1428/1428 1426/1426/1426 1417/1417/1417
f 1427/1427/1427 1429/1429/1429 1417/1417/1417
f 1430/1430/1430 1428/1428/1428 1417/1417/1417
f 1429/1429/1429 1431/1431/1431 1417/1417/1417
f 1432/1432/1432 1430/1430/1430 1417/1417/1417
f 1431/1431/1431 1433/1433/1433 1417/1417/1417
f 1433/1433/1433 1432/1432/1432 1417/1417/1417
f 1436/1436/1436 1435/1435/1435 1434/1434/1434
f 1437/1437/1437 1436/1436/1436 1434/1434/1434
f 1435/1435/1435 1436/1436/1436 1438/1438/1438
f 1434/1434/1434 1439/1439/1439 1437/1437/1437
f 1440/1440/1440 1435/1435/1435 1438/1438/1438
f 1439/1439/1439 1441/1441/1441 1437/1437/1437
f 1440/1440/1440 1438/1438/1438 1442/1442/1442
f 1439/1439/1439 1443/1443/1443 1441/1441/1441
f 1444/1444/1444 1440/1440/1440 1442/1442/1442
f 1443/1443/1443 1445/1445/1445 1441/1441/1441
f 1444/1444/1444 1442/1442/1442 1446/1446/1446
f 1443/1443/1443 1447/1447/1447 1445/1445/1445
f 1448/1448/1448 1444/1444/1444 1446/1446/1446
f 1447/1447/1447 1449/1449/1449 1445/1445/1445
f 1448/1448/1448 1446/1446/1446 1450/1450/1450
f 1447/1447/1447 1451/1451/1451 1449/1449/1449
f 1452/1452/1452 1448/1448/1448 1450/1450/1450
f 1451/1451/1451 1453/1453/1453 1449/1449/1449
f 1452/1452/1452 1450/1450/1450 1454/1454/1454
f 1451/1451/1451 1455/1455/1455 1453/1453/1453
f 1456/1456/1456 1452/1452/1452 1454/1454/1454
f 1455/1455/1455 1457/1457/1457 1453/1453/1453
f 1456/1456/1456 1454/1454/1454 1458/1458/1458
f 1455/1455/1455 1459/1459/1459 1457/1457/1457
f 1460/1460/1460 1456/1456/1456 1458/1458/1458
f 1459/1459/1459 1461/1461/1461 1457/1457/1457
f 1460/1460/1460 1458/1458/1458 1462/1462/1462
f 1459/1459/1459 1463/1463/1463 1461/1461/1461
f 1464/1464/1464 1460/1460/1460 1462/1462/1462
f 1463/1463/1463 1465/1465/1465 1461/1461/1461
f 1464/1464/1464 1462/1462/1462 1465/1465/1465
f 1463/1463/1463 1464/1464/1464 1465/1465/1465
f 1468/1468/1468 1467/1467/1467 1466/1466/1466
f 1469/1469/1469 1468/1468/1468 1466/1466/1466
f 1468/1468/1468 1470/1470/1470 1467/1467/1467
f 1466/1466/1466 1471/1471/1471 1469/1469/1469
f 1470/1470/1470 1472/1472/1472 1467/1467/1467
f 1471/1471/1471 1473/1473/1473 1469/1469/1469
f 1470/1470/1470 1474/1474/1474 1472/1472/1472
f 1473/1473/1473 1471/1471/1471 1475/1475/1475
f 1474/1474/1474 1476/1476/1476 1472/1472/1472
f 1477/1477/1477 1473/1473/1473 1475/1475/1475
f 1474/1474/1474 1478/1478/1478 1476/1476/1476
f 1477/1477/1477 1475/1475/1475 1479/1479/1479
f 1478/1478/1478 1480/1480/1480 1476/1476/1476
f 1481/1481/1481 1477/1477/1477 1479/1479/1479
f 1478/1478/1478 1482/1482/1482 1480/1480/1480
f 1481/1481/1481 1479/1479/1479 1483/1483/1483
f 1482/1482/1482 1484/1484/1484 1480/1480/1480
f 1485/1485/1485 1481/1481/1481 1483/1483/1483
f 1482/1482/1482 1486/1486/1486 1484/1484/1484
f 1485/1485/1485 1483/1483/1483 1487/1487/1487
f 1486/1486/1486 1488/1488/1488 1484/1484/1484
f 1489/1489/1489 1485/1485/1485 1487/1487/1487
f 1486/1486/1486 1490/1490/1490 1488/1488/1488
f 1489/1489/1489 1487/1487/1487 1491/1491/1491
f 1490/1490/1490 1492/1492/1492 1488/1488/1488
f 1493/1493/1493 1489/1489/1489 1491/1491/1491
f 1490/1490/1490 1494/1494/1494 1492/1492/1492
f 1493/1493/1493 1491/1491/1491 1495/1495/1495
f 1494/1494/1494 1496/1496/1496 1492/1492/1492
f 1497/1497/1497 1493/1493/1493 1495/1495/1495
f 1497/1497/1497 1495/1495/1495 1496/1496/1496
f 1494/1494/1494 1497/1497/1497 1496/1496/1496
f 1500/1500/1500 1499/1499/1499 1498/1498/1498
f 1503/1503/1503 1502/1502/1502 1501/1501/1501
f 1506/1506/1506 1505/1505/1505 1504/1504/1504
f 1509/1509/1509 1508/1508/1508 1507/1507/1507
f 1512/1512/1512 1511/1511/1511 1510/1510/1510
f 1515/1515/1515 1514/1514/1514 1513/1513/1513
f 1518/1518/1518 1517/1517/1517 1516/1516/1516
f 1521/1521/1521 1520/1520/1520 1519/1519/1519
f 1524/1524/1524 1523/1523/1523 1522/1522/1522
f 1525/1525/1525 1524/1524/1524 1522/1522/1522
f 1528/1528/1528 1527/1527/1527 1526/1526/1526
f 1529/1529/1529 1528/1528/1528 1526/1526/1526
f 1532/1532/1532 1531/1531/1531 1530/1530/1530
f 1533/1533/1533 1532/1532/1532 1530/1530/1530
f 1536/1536/1536 1535/1535/1535 1534/1534/1534
f 1537/1537/1537 1536/1536/1536 1534/1534/1534
f 1540/1540/1540 1539/1539/1539 1538/1538/1538
f 1541/1541/1541 1540/1540/1540 1538/1538/1538
f 1544/1544/1544 1543/1543/1543 1542/1542/1542
f 1545/1545/1545 1544/1544/1544 1542/1542/1542
f 1548/1548/1548 1547/1547/1547 1546/1546/1546
f 1549/1549/1549 1548/1548/1548 1546/1546/1546
f 1552/1552/1552 1551/1551/1551 1550/1550/1550
f 1553/1553/1553 1552/1552/1552 1550/1550/1550
f 1556/1556/1556 1555/1555/1555 1554/1554/1554
f 1557/1557/1557 1556/1556/1556 1554/1554/1554
f 1560/1560/1560 1559/1559/1559 1558/1558/1558
f 1561/1561/1561 1560/1560/1560 1558/1558/1558
f 1564/1564/1564 1563/1563/1563 1562/1562/1562
f 1565/1565/1565 1564/1564/1564 1562/1562/1562
f 1568/1568/1568 1567/1567/1567 1566/1566/1566
f 1569/1569/1569 1568/1568/1568 1566/1566/1566
f 1572/1572/1572 1571/1571/1571 1570/1570/1570
f 1573/1573/1573 1572/1572/1572 1570/1570/1570
f 1576/1576/1576 1575/1575/1575 1574/1574/1574
f 1577/1577/1577 1576/1576/1576 1574/1574/1574
f 1580/1580/1580 1579/1579/1579 1578/1578/1578
f 1581/1581/1581 1580/1580/1580 1578/1578/1578
f 1584/1584/1584 1583/1583/1583 1582/1582/1582
f 1585/1585/1585 1584/1584/1584 1582/1582/1582
f 1588/1588/1588 1587/1587/1587 1586/1586/1586
f 1589/1589/1589 1588/1588/1588 1586/1586/1586
f 1592/1592/1592 1591/1591/1591 1590/1590/1590
f 1593/1593/1593 1592/1592/1592 1590/1590/1590
f 1596/1596/1596 1595/1595/1595 1594/1594/1594
f 1597/1597/1597 1596/1596/1596 1594/1594/1594
f 1600/1600/1600 1599/1599/1599 1598/1598/1598
f 1601/1601/1601 1600/1600/1600 1598/1598/1598
f 1604/1604/1604 1603/1603/1603 1602/1602/1602
f 1605/1605/1605 1604/1604/1604 1602/1602/1602
f 1608/1608/1608 1607/1607/1607 1606/1606/1606
f 1609/1609/1609 1608/1608/1608 1606/1606/1606
f 1612/1612/1612 1611/1611/1611 1610/1610/1610
f 1613/1613/1613 1612/1612/1612 1610/1610/1610
f 1616/1616/1616 1615/1615/1615 1614/1614/1614
f 1617/1617/1617 1616/1616/1616 1614/1614/1614
f 1620/1620/1620 1619/1619/1619 1618/1618/1618
f 1621/1621/1621 1620/1620/1620 1618/1618/1618
f 1624/1624/1624 1623/1623/1623 1622/1622/1622
f 1625/1625/1625 1624/1624/1624 1622/1622/1622
f 1628/1628/1628 1627/1627/1627 1626/1626/1626
f 1629/1629/1629 1628/1628/1628 1626/1626/1626
f 1626/1626/1626 1627/1627/1627 1630/1630/1630
f 1631/1631/1631 1628/1628/1628 1629/1629/1629
f 1627/1627/1627 1632/1632/1632 1630/1630/1630
f 1633/1633/1633 1631/1631/1631 1629/1629/1629
f 1630/1630/1630 1632/1632/1632 1633/1633/1633
f 1632/1632/1632 1631/1631/1631 1633/1633/1633
f 1636/1636/1636 1635/1635/1635 1634/1634/1634
f 1635/1635/1635 1637/1637/1637 1634/1634/1634
f 1638/1638/1638 1635/1635/1635 1636/1636/1636
f 1634/1634/1634 1637/1637/1637 1639/1639/1639
f 1640/1640/1640 1638/1638/1638 1636/1636/1636
f 1637/1637/1637 1641/1641/1641 1639/1639/1639
f 1641/1641/1641 1638/1638/1638 1640/1640/1640
f 1639/1639/1639 1641/1641/1641 1640/1640/1640
f 1644/1644/1644 1643/1643/1643 1642/1642/1642
f 1643/1643/1643 1645/1645/1645 1642/1642/1642
f 1642/1642/1642 1645/1645/1645 1646/1646/1646
f 1645/1645/1645 1647/1647/1647 1646/1646/1646
f 1646/1646/1646 1647/1647/1647 1648/1648/1648
f 1647/1647/1647 1649/1649/1649 1648/1648/1648
f 1648/1648/1648 1649/1649/1649 1650/1650/1650
f 1649/1649/1649 1651/1651/1651 1650/1650/1650
f 1650/1650/1650 1651/1651/1651 1652/1652/1652
f 1651/1651/1651 1653/1653/1653 1652/1652/1652
f 1652/1652/1652 1653/1653/1653 1654/1654/1654
f 1653/1653/1653 1655/1655/1655 1654/1654/1654
f 1658/1658/1658 1657/1657/1657 1656/1656/1656
f 1659/1659/1659 1658/1658/1658 1656/1656/1656
f 1660/1660/1660 1658/1658/1658 1659/1659/1659
f 1661/1661/1661 1660/1660/1660 1659/1659/1659
f 1664/1664/1664 1663/1663/1663 1662/1662/1662
f 1665/1665/1665 1664/1664/1664 1662/1662/1662
f 1666/1666/1666 1664/1664/1664 1665/1665/1665
f 1667/1667/1667 1666/1666/1666 1665/1665/1665
f 1668/1668/1668 1666/1666/1666 1667/1667/1667
f 1669/1669/1669 1668/1668/1668 1667/1667/1667
f 1670/1670/1670 1668/1668/1668 1669/1669/1669
f 1671/1671/1671 1670/1670/1670 1669/1669/1669
f 1672/1672/1672 1670/1670/1670 1671/1671/1671
f 1673/1673/1673 1672/1672/1672 1671/1671/1671
f 1674/1674/1674 1672/1672/1672 1673/1673/1673
f 1675/1675/1675 1674/1674/1674 1673/1673/1673
f 1678/1678/1678 1677/1677/1677 1676/1676/1676
f 1679/1679/1679 1678/1678/1678 1676/1676/1676
f 1680/1680/1680 1678/1678/1678 1679/1679/1679
f 1681/1681/1681 1680/1680/1680 1679/1679/1679
f 1684/1684/1684 1683/1683/1683 1682/1682/1682
f 1683/1683/1683 1685/1685/1685 1682/1682/1682
f 1682/1682/1682 1685/1685/1685 1686/1686/1686
f 1685/1685/1685 1687/1687/1687 1686/1686/1686
f 1686/1686/1686 1687/1687/1687 1688/1688/1688
f 1687/1687/1687 1689/1689/1689 1688/1688/1688
f 1688/1688/1688 1689/1689/1689 1690/1690/1690
f 1689/1689/1689 1691/1691/1691 1690/1690/1690
f 1690/1690/1690 1691/1691/1691 1692/1692/1692
f 1691/1691/1691 1693/1693/1693 1692/1692/1692
f 1692/1692/1692 1693/1693/1693 1694/1694/1694
f 1693/1693/1693 1695/1695/1695 1694/1694/1694
f 1698/1698/1698 1697/1697/1697 1696/1696/1696
f 1699/1699/1699 1698/1698/1698 1696/1696/1696
f 1700/1700/1700 1698/1698/1698 1699/1699/1699
f 1701/1701/1701 1700/1700/1700 1699/1699/1699
f 1704/1704/1704 1703/1703/1703 1702/1702/1702
f 1705/1705/1705 1704/1704/1704 1702/1702/1702
f 1706/1706/1706 1704/1704/1704 1705/1705/1705
f 1707/1707/1707 1706/1706/1706 1705/1705/1705
f 1708/1708/1708 1706/1706/1706 1707/1707/1707
f 1709/1709/1709 1708/1708/1708 1707/1707/1707
f 1710/1710/1710 1708/1708/1708 1709/1709/1709
f 1711/1711/1711 1710/1710/1710 1709/1709/1709
f 1712/1712/1712 1710/1710/1710 1711/1711/1711
f 1713/1713/1713 1712/1712/1712 1711/1711/1711
f 1714/1714/1714 1712/1712/1712 1713/1713/1713
f 1715/1715/1715 1714/1714/1714 1713/1713/1713
f 1718/1718/1718 1717/1717/1717 1716/1716/1716
f 1719/1719/1719 1718/1718/1718 1716/1716/1716
f 1720/1720/1720 1718/1718/1718 1719/1719/1719
f 1721/1721/1721 1720/1720/1720 1719/1719/1719
f 1724/1724/1724 1723/1723/1723 1722/1722/1722
f 1725/1725/1725 1724/1724/1724 1722/1722/1722
f 1726/1726/1726 1724/1724/1724 1725/1725/1725
f 1727/1727/1727 1726/1726/1726 1725/1725/1725
f 1728/1728/1728 1726/1726/1726 1727/1727/1727
f 1729/1729/1729 1728/1728/1728 1727/1727/1727
f 1730/1730/1730 1728/1728/1728 1729/1729/1729
f 1731/1731/1731 1730/1730/1730 1729/1729/1729
f 1732/1732/1732 1730/1730/1730 1731/1731/1731
f 1733/1733/1733 1732/1732/1732 1731/1731/1731
f 1734/1734/1734 1732/1732/1732 1733/1733/1733
f 1735/1735/1735 1734/1734/1734 1733/1733/1733
f 1738/1738/1738 1737/1737/1737 1736/1736/1736
f 1739/1739/1739 1738/1738/1738 1736/1736/1736
f 1740/1740/1740 1738/1738/1738 1739/1739/1739
f 1741/1741/1741 1740/1740/1740 1739/1739/1739
f 1744/1744/1744 1743/1743/1743 1742/1742/1742
f 1745/1745/1745 1744/1744/1744 1742/1742/1742
f 1746/1746/1746 1744/1744/1744 1745/1745/1745
f 1747/1747/1747 1746/1746/1746 1745/1745/1745
f 1748/1748/1748 1746/1746/1746 1747/1747/1747
f 1749/1749/1749 1748/1748/1748 1747/1747/1747
f 1750/1750/1750 1748/1748/1748 1749/1749/1749
f 1751/1751/1751 1750/1750/1750 1749/1749/1749
f 1752/1752/1752 1750/1750/1750 1751/1751/1751
f 1753/1753/1753 1752/1752/1752 1751/1751/1751
f 1754/1754/1754 1752/1752/1752 1753/1753/1753
f 1755/1755/1755 1754/1754/1754 1753/1753/1753
f 1758/1758/1758 1757/1757/1757 1756/1756/1756
f 1759/1759/1759 1758/1758/1758 1756/1756/1756
f 1760/1760/1760 1758/1758/1758 1759/1759/1759
f 1761/1761/1761 1760/1760/1760 1759/1759/1759
f 1764/1764/1764 1763/1763/1763 1762/1762/1762
f 1765/1765/1765 1764/1764/1764 1762/1762/1762
f 1763/1763/1763 1764/1764/1764 1766/1766/1766
f 1764/1764/1764 1765/1765/1765 1767/1767/1767
f 1764/1764/1764 1768/1768/1768 1766/1766/1766
f 1769/1769/1769 1764/1764/1764 1767/1767/1767
f 1768/1768/1768 1764/1764/1764 1770/1770/1770
f 1764/1764/1764 1769/1769/1769 1771/1771/1771
f 1764/1764/1764 1772/1772/1772 1770/1770/1770
f 1773/1773/1773 1764/1764/1764 1771/1771/1771
f 1772/1772/1772 1764/1764/1764 1774/1774/1774
f 1764/1764/1764 1773/1773/1773 1775/1775/1775
f 1764/1764/1764 1776/1776/1776 1774/1774/1774
f 1777/1777/1777 1764/1764/1764 1775/1775/1775
f 1776/1776/1776 1764/1764/1764 1778/1778/1778
f 1764/1764/1764 1777/1777/1777 1778/1778/1778
f 1781/1781/1781 1780/1780/1780 1779/1779/1779
f 1782/1782/1782 1781/1781/1781 1779/1779/1779
f 1780/1780/1780 1781/1781/1781 1783/1783/1783
f 1781/1781/1781 1782/1782/1782 1784/1784/1784
f 1781/1781/1781 1785/1785/1785 1783/1783/1783
f 1786/1786/1786 1781/1781/1781 1784/1784/1784
f 1785/1785/1785 1781/1781/1781 1787/1787/1787
f 1781/1781/1781 1786/1786/1786 1788/1788/1788
f 1781/1781/1781 1789/1789/1789 1787/1787/1787
f 1790/1790/1790 1781/1781/1781 1788/1788/1788
f 1789/1789/1789 1781/1781/1781 1791/1791/1791
f 1781/1781/1781 1790/1790/1790 1792/1792/1792
f 1781/1781/1781 1793/1793/1793 1791/1791/1791
f 1794/1794/1794 1781/1781/1781 1792/1792/1792
f 1793/1793/1793 1781/1781/1781 1795/1795/1795
f 1781/1781/1781 1794/1794/1794 1795/1795/1795
f 1798/1798/1798 1797/1797/1797 1796/1796/1796
f 1799/1799/1799 1798/1798/1798 1796/1796/1796
f 1797/1797/1797 1798/1798/1798 1800/1800/1800
f 1798/1798/1798 1799/1799/1799 1801/1801/1801
f 1798/1798/1798 1802/1802/1802 1800/1800/1800
f 1803/1803/1803 1798/1798/1798 1801/1801/1801
f 1802/1802/1802 1798/1798/1798 1804/1804/1804
f 1798/1798/1798 1803/1803/1803 1805/1805/1805
f 1798/1798/1798 1806/1806/1806 1804/1804/1804
f 1807/1807/1807 1798/1798/1798 1805/1805/1805
f 1806/1806/1806 1798/1798/1798 1808/1808/1808
f 1798/1798/1798 1807/1807/1807 1809/1809/1809
f 1798/1798/1798 1810/1810/1810 1808/1808/1808
f 1811/1811/1811 1798/1798/1798 1809/1809/1809
f 1810/1810/1810 1798/1798/1798 1812/1812/1812
f 1798/1798/1798 1811/1811/1811 1812/1812/1812
f 1815/1815/1815 1814/1814/1814 1813/1813/1813
f 1816/1816/1816 1815/1815/1815 1813/1813/1813
f 1814/1814/1814 1817/1817/1817 1813/1813/1813
f 1818/1818/1818 1816/1816/1816 1813/1813/1813
f 1817/1817/1817 1819/1819/1819 1813/1813/1813
f 1820/1820/1820 1818/1818/1818 1813/1813/1813
f 1819/1819/1819 1821/1821/1821 1813/1813/1813
f 1822/1822/1822 1820/1820/1820 1813/1813/1813
f 1821/1821/1821 1823/1823/1823 1813/1813/1813
f 1824/1824/1824 1822/1822/1822 1813/1813/1813
f 1823/1823/1823 1825/1825/1825 1813/1813/1813
f 1826/1826/1826 1824/1824/1824 1813/1813/1813
f 1825/1825/1825 1827/1827/1827 1813/1813/1813
f 1828/1828/1828 1826/1826/1826 1813/1813/1813
f 1827/1827/1827 1829/1829/1829 1813/1813/1813
f 1829/1829/1829 1828/1828/1828 1813/1813/1813
f 1832/1832/1832 1831/1831/1831 1830/1830/1830
f 1833/1833/1833 1832/1832/1832 1830/1830/1830
f 1831/1831/1831 1832/1832/1832 1834/1834/1834
f 1830/1830/1830 1835/1835/1835 1833/1833/1833
f 1836/1836/1836 1831/1831/1831 1834/1834/1834
f 1835/1835/1835 1837/1837/1837 1833/1833/1833
f 1836/1836/1836 1834/1834/1834 1838/1838/1838
f 1835/1835/1835 1839/1839/1839 1837/1837/1837
f 1840/1840/1840 1836/1836/1836 1838/1838/1838
f 1839/1839/1839 1841/1841/1841 1837/1837/1837
f 1840/1840/1840 1838/1838/1838 1842/1842/1842
f 1839/1839/1839 1843/1843/1843 1841/1841/1841
f 1844/1844/1844 1840/1840/1840 1842/1842/1842
f 1843/1843/1843 1845/1845/1845 1841/1841/1841
f 1844/1844/1844 1842/1842/1842 1846/1846/1846
f 1843/1843/1843 1847/1847/1847 1845/1845/1845
f 1848/1848/1848 1844/1844/1844 1846/1846/1846
f 1847/1847/1847 1849/1849/1849 1845/1845/1845
f 1848/1848/1848 1846/1846/1846 1850/1850/1850
f 1847/1847/1847 1851/1851/1851 1849/1849/1849
f 1852/1852/1852 1848/1848/1848 1850/1850/1850
f 1851/1851/1851 1853/1853/1853 1849/1849/1849
f 1852/1852/1852 1850/1850/1850 1854/1854/1854
f 1851/1851/1851 1855/1855/1855 1853/1853/1853
f 1856/1856/1856 1852/1852/1852 1854/1854/1854
f 1855/1855/1855 1857/1857/1857 1853/1853/1853
f 1856/1856/1856 1854/1854/1854 1858/1858/1858
f 1855/1855/1855 1859/1859/1859 1857/1857/1857
f 1860/1860/1860 1856/1856/1856 1858/1858/1858
f 1859/1859/1859 1861/1861/1861 1857/1857/1857
f 1860/1860/1860 1858/1858/1858 1861/1861/1861
f 1859/1859/1859 1860/1860/1860 1861/1861/1861
f 1864/1864/1864 1863/1863/1863 1862/1862/1862
f 1865/1865/1865 1864/1864/1864 1862/1862/1862
f 1864/1864/1864 1866/1866/1866 1863/1863/1863
f 1862/1862/1862 1867/1867/1867 1865/1865/1865
f 1866/1866/1866 1868/1868/1868 1863/1863/1863
f 1867/1867/1867 1869/1869/1869 1865/1865/1865
f 1866/1866/1866 1870/1870/1870 1868/1868/1868
f 1869/1869/1869 1867/1867/1867 1871/1871/1871
f 1870/1870/1870 1872/1872/1872 1868/1868/1868
f 1873/1873/1873 1869/1869/1869 1871/1871/1871
f 1870/1870/1870 1874/1874/1874 1872/1872/1872
f 1873/1873/1873 1871/1871/1871 1875/1875/1875
f 1874/1874/1874 1876/1876/1876 1872/1872/1872
f 1877/1877/1877 1873/1873/1873 1875/1875/1875
f 1874/1874/1874 1878/1878/1878 1876/1876/1876
f 1877/1877/1877 1875/1875/1875 1879/1879/1879
f 1878/1878/1878 1880/1880/1880 1876/1876/1876
f 1881/1881/1881 1877/1877/1877 1879/1879/1879
f 1878/1878/1878 1882/1882/1882 1880/1880/1880
f 1881/1881/1881 1879/1879/1879 1883/1883/1883
f 1882/1882/1882 1884/1884/1884 1880/1880/1880
f 1885/1885/1885 1881/1881/1881 1883/1883/1883
f 1882/1882/1882 1886/1886/1886 1884/1884/1884
f 1885/1885/1885 1883/1883/1883 1887/1887/1887
f 1886/1886/1886 1888/1888/1888 1884/1884/1884
f 1889/1889/1889 1885/1885/1885 1887/1887/1887
f 1886/1886/1886 1890/1890/1890 1888/1888/1888
f 1889/1889/1889 1887/1887/1887 1891/1891/1891
f 1890/1890/1890 1892/1892/1892 1888/1888/1888
f 1893/1893/1893 1889/1889/1889 1891/1891/1891
f 1893/1893/1893 1891/1891/1891 1892/1892/1892
f 1890/1890/1890 1893/1893/1893 1892/1892/1892
f 1896/1896/1896 1895/1895/1895 1894/1894/1894
f 1899/1899/1899 1898/1898/1898 1897/1897/1897
f 1902/1902/1902 1901/1901/1901 1900/1900/1900
f 1905/1905/1905 1904/1904/1904 1903/1903/1903
f 1908/1908/1908 1907/1907/1907 1906/1906/1906
f 1911/1911/1911 1910/1910/1910 1909/1909/1909
f 1914/1914/1914 1913/1913/1913 1912/1912/1912
f 1917/1917/1917 1916/1916/1916 1915/1915/1915
f 1920/1920/1920 1919/1919/1919 1918/1918/1918
f 1921/1921/1921 1920/1920/1920 1918/1918/1918
f 1924/1924/1924 1923/1923/1923 1922/1922/1922
f 1925/1925/1925 1924/1924/1924 1922/1922/1922
f 1928/1928/1928 1927/1927/1927 1926/1926/1926
f 1929/1929/1929 1928/1928/1928 1926/1926/1926
f 1932/1932/1932 1931/1931/1931 1930/1930/1930
f 1933/1933/1933 1932/1932/1932 1930/1930/1930
f 1936/1936/1936 1935/1935/1935 1934/1934/1934
f 1937/1937/1937 1936/1936/1936 1934/1934/1934
f 1940/1940/1940 1939/1939/1939 1938/1938/1938
f 1941/1941/1941 1940/1940/1940 1938/1938/1938
f 1944/1944/1944 1943/1943/1943 1942/1942/1942
f 1945/1945/1945 1944/1944/1944 1942/1942/1942
f 1948/1948/1948 1947/1947/1947 1946/1946/1946
f 1949/1949/1949 1948/1948/1948 1946/1946/1946
f 1952/1952/1952 1951/1951/1951 1950/1950/1950
f 1953/1953/1953 1952/1952/1952 1950/1950/1950
f 1956/1956/1956 1955/1955/1955 1954/1954/1954
f 1957/1957/1957 1956/1956/1956 1954/1954/1954
f 1960/1960/1960 1959/1959/1959 1958/1958/1958
f 1961/1961/1961 1960/1960/1960 1958/1958/1958
f 1964/1964/1964 1963/1963/1963 1962/1962/1962
f 1965/1965/1965 1964/1964/1964 1962/1962/1962
f 1968/1968/1968 1967/1967/1967 1966/1966/1966
f 1969/1969/1969 1968/1968/1968 1966/1966/1966
f 1972/1972/1972 1971/1971/1971 1970/1970/1970
f 1973/1973/1973 1972/1972/1972 1970/1970/1970
f 1976/1976/1976 1975/1975/1975 1974/1974/1974
f 1977/1977/1977 1976/1976/1976 1974/1974/1974
f 1980/1980/1980 1979/1979/1979 1978/1978/1978
f 1981/1981/1981 1980/1980/1980 1978/1978/1978
f 1984/1984/1984 1983/1983/1983 1982/1982/1982
f 1985/1985/1985 1984/1984/1984 1982/1982/1982
f 1988/1988/1988 1987/1987/1987 1986/1986/1986
f 1989/1989/1989 1988/1988/1988 1986/1986/1986
f 1992/1992/1992 1991/1991/1991 1990/1990/1990
f 1993/1993/1993 1992/1992/1992 1990/1990/1990
f 1996/1996/1996 1995/1995/1995 1994/1994/1994
f 1997/1997/1997 1996/1996/1996 1994/1994/1994
f 2000/2000/2000 1999/1999/1999 1998/1998/1998
f 2001/2001/2001 2000/2000/2000 1998/1998/1998
f 2004/2004/2004 2003/2003/2003 2002/2002/2002
f 2005/2005/2005 2004/2004/2004 2002/2002/2002
f 2008/2008/2008 2007/2007/2007 2006/2006/2006
f 2009/2009/2009 2008/2008/2008 2006/2006/2006
f 2012/2012/2012 2011/2011/2011 2010/2010/2010
f 2013/2013/2013 2012/2012/2012 2010/2010/2010
f 2016/2016/2016 2015/2015/2015 2014/2014/2014
f 2017/2017/2017 2016/2016/2016 2014/2014/2014
f 2020/2020/2020 2019/2019/2019 2018/2018/2018
f 2021/2021/2021 2020/2020/2020 2018/2018/2018
f 2024/2024/2024 2023/2023/2023 2022/2022/2022
f 2025/2025/2025 2024/2024/2024 2022/2022/2022
f 2022/2022/2022 2023/2023/2023 2026/2026/2026
f 2027/2027/2027 2024/2024/2024 2025/2025/2025
f 2023/2023/2023 2028/2028/2028 2026/2026/2026
f 2029/2029/2029 2027/2027/2027 2025/2025/2025
f 2026/2026/2026 2028/2028/2028 2029/2029/2029
f 2028/2028/2028 2027/2027/2027 2029/2029/2029
f 2032/2032/2032 2031/2031/2031 2030/2030/2030
f 2033/2033/2033 2032/2032/2032 2030/2030/2030
f 2030/2030/2030 2031/2031/2031 2034/2034/2034
f 2035/2035/2035 2032/2032/2032 2033/2033/2033
f 2031/2031/2031 2036/2036/2036 2034/2034/2034
f 2037/2037/2037 2035/2035/2035 2033/2033/2033
f 2034/2034/2034 2036/2036/2036 2037/2037/2037
f 2036/2036/2036 2035/2035/2035 2037/2037/2037
f 2040/2040/2040 2039/2039/2039 2038/2038/2038
f 2039/2039/2039 2041/2041/2041 2038/2038/2038
f 2038/2038/2038 2041/2041/2041 2042/2042/2042
f 2041/2041/2041 2043/2043/2043 2042/2042/2042
f 2042/2042/2042 2043/2043/2043 2044/2044/2044
f 2043/2043/2043 2045/2045/2045 2044/2044/2044
f 2044/2044/2044 2045/2045/2045 2046/2046/2046
f 2045/2045/2045 2047/2047/2047 2046/2046/2046
f 2046/2046/2046 2047/2047/2047 2048/2048/2048
f 2047/2047/2047 2049/2049/2049 2048/2048/2048
f 2048/2048/2048 2049/2049/2049 2050/2050/2050
f 2049/2049/2049 2051/2051/2051 2050/2050/2050
f 2054/2054/2054 2053/2053/2053 2052/2052/2052
f 2055/2055/2055 2054/2054/2054 2052/2052/2052
f 2056/2056/2056 2054/2054/2054 2055/2055/2055
f 2057/2057/2057 2056/2056/2056 2055/2055/2055
f 2060/2060/2060 2059/2059/2059 2058/2058/2058
f 2061/2061/2061 2060/2060/2060 2058/2058/2058
f 2062/2062/2062 2060/2060/2060 2061/2061/2061
f 2063/2063/2063 2062/2062/2062 2061/2061/2061
f 2064/2064/2064 2062/2062/2062 2063/2063/2063
f 2065/2065/2065 2064/2064/2064 2063/2063/2063
f 2066/2066/2066 2064/2064/2064 2065/2065/2065
f 2067/2067/2067 2066/2066/2066 2065/2065/2065
f 2068/2068/2068 2066/2066/2066 2067/2067/2067
f 2069/2069/2069 2068/2068/2068 2067/2067/2067
f 2070/2070/2070 2068/2068/2068 2069/2069/2069
f 2071/2071/2071 2070/2070/2070 2069/2069/2069
f 2074/2074/2074 2073/2073/2073 2072/2072/2072
f 2075/2075/2075 2074/2074/2074 2072/2072/2072
f 2076/2076/2076 2074/2074/2074 2075/2075/2075
f 2077/2077/2077 2076/2076/2076 2075/2075/2075
f 2080/2080/2080 2079/2079/2079 2078/2078/2078
f 2079/2079/2079 2081/2081/2081 2078/2078/2078
f 2078/2078/2078 2081/2081/2081 2082/2082/2082
f 2081/2081/2081 2083/2083/2083 2082/2082/2082
f 2082/2082/2082 2083/2083/2083 2084/2084/2084
f 2083/2083/2083 2085/2085/2085 2084/2084/2084
f 2084/2084/2084 2085/2085/2085 2086/2086/2086
f 2085/2085/2085 2087/2087/2087 2086/2086/2086
f 2086/2086/2086 2087/2087/2087 2088/2088/2088
f 2087/2087/2087 2089/2089/2089 2088/2088/2088
f 2088/2088/2088 2089/2089/2089 2090/2090/2090
f 2089/2089/2089 2091/2091/2091 2090/2090/2090
f 2094/2094/2094 2093/2093/2093 2092/2092/2092
f 2095/2095/2095 2094/2094/2094 2092/2092/2092
f 2096/2096/2096 2094/2094/2094 2095/2095/2095
f 2097/2097/2097 2096/2096/2096 2095/2095/2095
f 2100/2100/2100 2099/2099/2099 2098/2098/2098
f 2101/2101/2101 2100/2100/2100 2098/2098/2098
f 2102/2102/2102 2100/2100/2100 2101/2101/2101
f 2103/2103/2103 2102/2102/2102 2101/2101/2101
f 2104/2104/2104 2102/2102/2102 2103/2103/2103
f 2105/2105/2105 2104/2104/2104 2103/2103/2103
f 2106/2106/2106 2104/2104/2104 2105/2105/2105
f 2107/2107/2107 2106/2106/2106 2105/2105/2105
f 2108/2108/2108 2106/2106/2106 2107/2107/2107
f 2109/2109/2109 2108/2108/2108 2107/2107/2107
f 2110/2110/2110 2108/2108/2108 2109/2109/2109
f 2111/2111/2111 2110/2110/2110 2109/2109/2109
f 2114/2114/2114 2113/2113/2113 2112/2112/2112
f 2115/2115/2115 2114/2114/2114 2112/2112/2112
f 2116/2116/2116 2114/2114/2114 2115/2115/2115
f 2117/2117/2117 2116/2116/2116 2115/2115/2115
f 2120/2120/2120 2119/2119/2119 2118/2118/2118
f 2121/2121/2121 2120/2120/2120 2118/2118/2118
f 2122/2122/2122 2120/2120/2120 2121/2121/2121
f 2123/2123/2123 2122/2122/2122 2121/2121/2121
f 2124/2124/2124 2122/2122/2122 2123/2123/2123
f 2125/2125/2125 2124/2124/2124 2123/2123/2123
f 2126/2126/2126 2124/2124/2124 2125/2125/2125
f 2127/2127/2127 2126/2126/2126 2125/2125/2125
f 2128/2128/2128 2126/2126/2126 2127/2127/2127
f 2129/2129/2129 2128/2128/2128 2127/2127/2127
f 2130/2130/2130 2128/2128/2128 2129/2129/2129
f 2131/2131/2131 2130/2130/2130 2129/2129/2129
f 2134/2134/2134 2133/2133/2133 2132/2132/2132
f 2135/2135/2135 2134/2134/2134 2132/2132/2132
f 2136/2136/2136 2134/2134/2134 2135/2135/2135
f 2137/2137/2137 2136/2136/2136 2135/2135/2135
f 2140/2140/2140 2139/2139/2139 2138/2138/2138
f 2141/2141/2141 2140/2140/2140 2138/2138/2138
f 2142/2142/2142 2140/2140/2140 2141/2141/2141
f 2143/2143/2143 2142/2142/2142 2141/2141/2141
f 2144/2144/2144 2142/2142/2142 2143/2143/2143
f 2145/2145/2145 2144/2144/2144 2143/2143/2143
f 2146/2146/2146 2144/2144/2144 2145/2145/2145
f 2147/2147/2147 2146/2146/2146 2145/2145/2145
f 2148/2148/2148 2146/2146/2146 2147/2147/2147
f 2149/2149/2149 2148/2148/2148 2147/2147/2147
f 2150/2150/2150 2148/2148/2148 2149/2149/2149
f 2151/2151/2151 2150/2150/2150 2149/2149/2149
f 2154/2154/2154 2153/2153/2153 2152/2152/2152
f 2155/2155/2155 2154/2154/2154 2152/2152/2152
f 2156/2156/2156 2154/2154/2154 2155/2155/2155
f 2157/2157/2157 2156/2156/2156 2155/2155/2155
f 2160/2160/2160 2159/2159/2159 2158/2158/2158
f 2161/2161/2161 2160/2160/2160 2158/2158/2158
f 2159/2159/2159 2160/2160/2160 2162/2162/2162
f 2160/2160/2160 2161/2161/2161 2163/2163/2163
f 2160/2160/2160 2164/2164/2164 2162/2162/2162
f 2165/2165/2165 2160/2160/2160 2163/2163/2163
f 2164/2164/2164 2160/2160/2160 2166/2166/2166
f 2160/2160/2160 2165/2165/2165 2167/2167/2167
f 2160/2160/2160 2168/2168/2168 2166/2166/2166
f 2169/2169/2169 2160/2160/2160 2167/2167/2167
f 2168/2168/2168 2160/2160/2160 2170/2170/2170
f 2160/2160/2160 2169/2169/2169 2171/2171/2171
f 2160/2160/2160 2172/2172/2172 2170/2170/2170
f 2173/2173/2173 2160/2160/2160 2171/2171/2171
f 2172/2172/2172 2160/2160/2160 2174/2174/2174
f 2160/2160/2160 2173/2173/2173 2174/2174/2174
f 2177/2177/2177 2176/2176/2176 2175/2175/2175
f 2178/2178/2178 2177/2177/2177 2175/2175/2175
f 2176/2176/2176 2177/2177/2177 2179/2179/2179
f 2177/2177/2177 2178/2178/2178 2180/2180/2180
f 2177/2177/2177 2181/2181/2181 2179/2179/2179
f 2182/2182/2182 2177/2177/2177 2180/2180/2180
f 2181/2181/2181 2177/2177/2177 2183/2183/2183
f 2177/2177/2177 2182/2182/2182 2184/2184/2184
f 2177/2177/2177 2185/2185/2185 2183/2183/2183
f 2186/2186/2186 2177/2177/2177 2184/2184/2184
f 2185/2185/2185 2177/2177/2177 2187/2187/2187
f 2177/2177/2177 2186/2186/2186 2188/2188/2188
f 2177/2177/2177 2189/2189/2189 2187/2187/2187
f 2190/2190/2190 2177/2177/2177 2188/2188/2188
f 2189/2189/2189 2177/2177/2177 2191/2191/2191
f 2177/2177/2177 2190/2190/2190 2191/2191/2191
f 2194/2194/2194 2193/2193/2193 2192/2192/2192
f 2195/2195/2195 2194/2194/2194 2192/2192/2192
f 2193/2193/2193 2194/2194/2194 2196/2196/2196
f 2194/2194/2194 2195/2195/2195 2197/2197/2197
f 2194/2194/2194 2198/2198/2198 2196/2196/2196
f 2199/2199/2199 2194/2194/2194 2197/2197/2197
f 2198/2198/2198 2194/2194/2194 2200/2200/2200
f 2194/2194/2194 2199/2199/2199 2201/2201/2201
f 2194/2194/2194 2202/2202/2202 2200/2200/2200
f 2203/2203/2203 2194/2194/2194 2201/2201/2201
f 2202/2202/2202 2194/2194/2194 2204/2204/2204
f 2194/2194/2194 2203/2203/2203 2205/2205/2205
f 2194/2194/2194 2206/2206/2206 2204/2204/2204
f 2207/2207/2207 2194/2194/2194 2205/2205/2205
f 2206/2206/2206 2194/2194/2194 2208/2208/2208
f 2194/2194/2194 2207/2207/2207 2208/2208/2208
f 2211/2211/2211 2210/2210/2210 2209/2209/2209
f 2212/2212/2212 2211/2211/2211 2209/2209/2209
f 2210/2210/2210 2213/2213/2213 2209/2209/2209
f 2214/2214/2214 2212/2212/2212 2209/2209/2209
f 2213/2213/2213 2215/2215/2215 2209/2209/2209
f 2216/2216/2216 2214/2214/2214 2209/2209/2209
f 2215/2215/2215 2217/2217/2217 2209/2209/2209
f 2218/2218/2218 2216/2216/2216 2209/2209/2209
f 2217/2217/2217 2219/2219/2219 2209/2209/2209
f 2220/2220/2220 2218/2218/2218 2209/2209/2209
f 2219/2219/2219 2221/2221/2221 2209/2209/2209
f 2222/2222/2222 2220/2220/2220 2209/2209/2209
f 2221/2221/2221 2223/2223/2223 2209/2209/2209
f 2224/2224/2224 2222/2222/2222 2209/2209/2209
f 2223/2223/2223 2225/2225/2225 2209/2209/2209
f 2225/2225/2225 2224/2224/2224 2209/2209/2209
f 2228/2228/2228 2227/2227/2227 2226/2226/2226
f 2229/2229/2229 2228/2228/2228 2226/2226/2226
f 2227/2227/2227 2228/2228/2228 2230/2230/2230
f 2226/2226/2226 2231/2231/2231 2229/2229/2229
f 2232/2232/2232 2227/2227/2227 2230/2230/2230
f 2231/2231/2231 2233/2233/2233 2229/2229/2229
f 2232/2232/2232 2230/2230/2230 2234/2234/2234
f 2231/2231/2231 2235/2235/2235 2233/2233/2233
f 2236/2236/2236 2232/2232/2232 2234/2234/2234
f 2235/2235/2235 2237/2237/2237 2233/2233/2233
f 2236/2236/2236 2234/2234/2234 2238/2238/2238
f 2235/2235/2235 2239/2239/2239 2237/2237/2237
f 2240/2240/2240 2236/2236/2236 2238/2238/2238
f 2239/2239/2239 2241/2241/2241 2237/2237/2237
f 2240/2240/2240 2238/2238/2238 2242/2242/2242
f 2239/2239/2239 2243/2243/2243 2241/2241/2241
f 2244/2244/2244 2240/2240/2240 2242/2242/2242
f 2243/2243/2243 2245/2245/2245 2241/2241/2241
f 2244/2244/2244 2242/2242/2242 2246/2246/2246
f 2243/2243/2243 2247/2247/2247 2245/2245/2245
f 2248/2248/2248 2244/2244/2244 2246/2246/2246
f 2247/2247/2247 2249/2249/2249 2245/2245/2245
f 2248/2248/2248 2246/2246/2246 2250/2250/2250
f 2247/2247/2247 2251/2251/2251 2249/2249/2249
f 2252/2252/2252 2248/2248/2248 2250/2250/2250
f 2251/2251/2251 2253/2253/2253 2249/2249/2249
f 2252/2252/2252 2250/2250/2250 2254/2254/2254
f 2251/2251/2251 2255/2255/2255 2253/2253/2253
f 2256/2256/2256 2252/2252/2252 2254/2254/2254
f 2255/2255/2255 2257/2257/2257 2253/2253/2253
f 2256/2256/2256 2254/2254/2254 2257/2257/2257
f 2255/2255/2255 2256/2256/2256 2257/2257/2257
f 2260/2260/2260 2259/2259/2259 2258/2258/2258
f 2261/2261/2261 2260/2260/2260 2258/2258/2258
f 2260/2260/2260 2262/2262/2262 2259/2259/2259
f 2258/2258/2258 2263/2263/2263 2261/2261/2261
f 2262/2262/2262 2264/2264/2264 2259/2259/2259
f 2263/2263/2263 2265/2265/2265 2261/2261/2261
f 2262/2262/2262 2266/2266/2266 2264/2264/2264
f 2265/2265/2265 2263/2263/2263 2267/2267/2267
f 2266/2266/2266 2268/2268/2268 2264/2264/2264
f 2269/2269/2269 2265/2265/2265 2267/2267/2267
f 2266/2266/2266 2270/2270/2270 2268/2268/2268
f 2269/2269/2269 2267/2267/2267 2271/2271/2271
f 2270/2270/2270 2272/2272/2272 2268/2268/2268
f 2273/2273/2273 2269/2269/2269 2271/2271/2271
f 2270/2270/2270 2274/2274/2274 2272/2272/2272
f 2273/2273/2273 2271/2271/2271 2275/2275/2275
f 2274/2274/2274 2276/2276/2276 2272/2272/2272
f 2277/2277/2277 2273/2273/2273 2275/2275/2275
f 2274/2274/2274 2278/2278/2278 2276/2276/2276
f 2277/2277/2277 2275/2275/2275 2279/2279/2279
f 2278/2278/2278 2280/2280/2280 2276/2276/2276
f 2281/2281/2281 2277/2277/2277 2279/2279/2279
f 2278/2278/2278 2282/2282/2282 2280/2280/2280
f 2281/2281/2281 2279/2279/2279 2283/2283/2283
f 2282/2282/2282 2284/2284/2284 2280/2280/2280
f 2285/2285/2285 2281/2281/2281 2283/2283/2283
f 2282/2282/2282 2286/2286/2286 2284/2284/2284
f 2285/2285/2285 2283/2283/2283 2287/2287/2287
f 2286/2286/2286 2288/2288/2288 2284/2284/2284
f 2289/2289/2289 2285/2285/2285 2287/2287/2287
f 2289/2289/2289 2287/2287/2287 2288/2288/2288
f 2286/2286/2286 2289/2289/2289 2288/2288/2288

