# https://github.com/mikedh/trimesh
mtllib material.mtl
usemtl material_0
v 0.52113150 -1.05402002 0.04005255
v 0.52113150 1.05317300 0.03932653
v 0.52113150 1.05314500 -0.04067255
v 0.52113150 -1.05402002 -0.03994653
v -0.52051920 1.05314500 -0.04067255
v 0.52113150 1.05314500 -0.04067255
v 0.52113150 1.05317300 0.03932653
v -0.52051920 1.05317300 0.03932653
v -0.52051920 1.05317300 0.03932653
v -0.52051910 -1.05402002 0.04005255
v -0.52051910 -1.05402002 -0.03994653
v -0.52051920 1.05314500 -0.04067255
v 0.44100460 -1.05402002 0.00005255
v 0.45937130 -1.05402002 0.00005255
v 0.45937130 0.98221600 -0.00064569
v 0.44100460 0.95651200 -0.00064234
v -0.46099480 0.98221600 -0.00064569
v -0.44262800 0.95651200 -0.00064234
v -0.46099480 -1.05402002 0.00005255
v -0.44262800 -1.05402002 0.00005255
v -0.48098830 1.00220900 -0.04065271
v -0.46685190 -1.05402002 -0.03408960
v -0.46685030 0.98807100 -0.03479151
v -0.48099230 -1.05402002 -0.03994653
v -0.52051920 1.05314500 -0.04067255
v -0.52051910 -1.05402002 -0.03994653
v 0.52113150 1.05314500 -0.04067255
v 0.47936830 1.00221200 -0.04065271
v 0.52113150 -1.05402002 -0.03994653
v -0.46685030 0.98807100 -0.03479151
v 0.46522790 0.98807200 -0.03479059
v 0.47936880 -1.05402002 -0.03994653
v 0.46522790 0.98807200 -0.03479059
v 0.46522840 -1.05402002 -0.03408960
v -0.46685030 0.98807100 -0.03479151
v -0.46685190 -1.05402002 -0.03408960
v -0.46099480 -1.05402002 -0.01994928
v -0.46099480 0.98221600 -0.02065119
v -0.46099480 -1.05402002 0.00005255
v -0.46099480 0.98221600 -0.00064569
v 0.46100180 0.97652400 0.03935156
v 0.44686170 -1.05402002 0.03419531
v 0.44686160 0.96238100 0.03349890
v 0.46100210 -1.05402002 0.04005255
v 0.52113150 -1.05402002 0.04005255
v 0.52113150 1.05317300 0.03932653
v -0.46262520 0.97652400 0.03935156
v 0.44686160 0.96238100 0.03349890
v -0.44848500 0.96238100 0.03349890
v -0.52051920 1.05317300 0.03932653
v -0.46262550 -1.05402002 0.04005255
v -0.52051910 -1.05402002 0.04005255
v -0.44848500 0.96238100 0.03349890
v -0.44848510 -1.05402002 0.03419531
v 0.44686160 0.96238100 0.03349890
v 0.44686170 -1.05402002 0.03419531
v 0.44100460 -1.05402002 0.02005499
v 0.44100460 0.95651900 0.01936072
v 0.44100460 -1.05402002 0.00005255
v 0.44100460 0.95651200 -0.00064234
v -0.44848510 -1.05402002 0.03419531
v -0.44848500 0.96238100 0.03349890
v -0.44262800 0.95651900 0.01936072
v -0.44262800 -1.05402002 0.02005499
v -0.44262800 -1.05402002 0.00005255
v -0.44262800 0.95651200 -0.00064234
v 0.45937130 0.98221600 -0.02064783
v 0.45937130 0.98221600 -0.00064569
v 0.45937130 -1.05402002 0.00005255
v 0.45937130 -1.05402002 -0.01994928
v 0.46522840 -1.05402002 -0.03408960
v 0.46522790 0.98807200 -0.03479059
v -0.46099480 0.98221600 -0.00064569
v 0.45937130 0.98221600 -0.00064569
v 0.45937130 0.98221600 -0.02064783
v -0.46099480 0.98221600 -0.02065119
v 0.46522790 0.98807200 -0.03479059
v -0.46685030 0.98807100 -0.03479151
v -0.44262800 0.95651200 -0.00064234
v 0.44100460 0.95651900 0.01936072
v 0.44100460 0.95651200 -0.00064234
v -0.44262800 0.95651900 0.01936072
v -0.44848500 0.96238100 0.03349890
v 0.44686160 0.96238100 0.03349890
v -0.46685190 -1.05402002 -0.03408960
v -0.48099230 -1.05402002 -0.03994653
v -0.52051910 -1.05402002 -0.03994653
v -0.46099480 -1.05402002 -0.01994928
v -0.46099480 -1.05402002 0.00005255
v -0.52051910 -1.05402002 0.04005255
v -0.46262550 -1.05402002 0.04005255
v -0.44848510 -1.05402002 0.03419531
v -0.44262800 -1.05402002 0.02005499
v -0.44262800 -1.05402002 0.00005255
v 0.52113150 -1.05402002 -0.03994653
v 0.47936880 -1.05402002 -0.03994653
v 0.46522840 -1.05402002 -0.03408960
v 0.45937130 -1.05402002 -0.01994928
v 0.45937130 -1.05402002 0.00005255
v 0.52113150 -1.05402002 0.04005255
v 0.44686170 -1.05402002 0.03419531
v 0.46100210 -1.05402002 0.04005255
v 0.44100460 -1.05402002 0.02005499
v 0.44100460 -1.05402002 0.00005255
v 0.34000009 -0.08120296 -0.05653803
v 0.35620969 -0.06499363 -0.05653803
v 0.35503839 -0.06296535 -0.05178705
v 0.33797149 -0.08003170 -0.05178705
v 0.33406679 -0.10334568 -0.05653803
v 0.33797149 -0.08003170 0.05116705
v 0.35503839 -0.06296535 0.05116705
v 0.33172439 -0.10334568 -0.05178705
v 0.34000009 -0.12548908 -0.05653803
v 0.34000009 -0.08120296 0.05591803
v 0.35620969 -0.06499363 0.05591803
v 0.33406679 -0.10334568 0.05591803
v 0.33172439 -0.10334568 0.05116705
v 0.34000009 -0.12548908 0.05591803
v 0.33797149 -0.12665966 0.05116705
v 0.35620969 -0.14169841 0.05591803
v 0.35503839 -0.14372671 0.05116705
v 0.33797149 -0.12665966 -0.05178705
v 0.35620969 -0.14169841 -0.05653803
v 0.35503839 -0.14372671 -0.05178705
v 0.37835239 -0.05906101 -0.05653803
v 0.40049489 -0.06499363 -0.05653803
v 0.40166639 -0.06296535 -0.05178705
v 0.37835239 -0.05671772 -0.05178705
v 0.35620969 -0.06499363 -0.05653803
v 0.35503839 -0.06296535 -0.05178705
v 0.35503839 -0.06296535 0.05116705
v 0.37835239 -0.05671772 0.05116705
v 0.35620969 -0.06499363 0.05591803
v 0.40166639 -0.06296535 0.05116705
v 0.37835239 -0.05906101 0.05591803
v 0.40049489 -0.06499363 0.05591803
v 0.41670459 -0.12548908 -0.05653803
v 0.40049489 -0.14169841 -0.05653803
v 0.40166639 -0.14372671 -0.05178705
v 0.41873329 -0.12665966 -0.05178705
v 0.42263779 -0.10334568 -0.05653803
v 0.41873329 -0.12665966 0.05116705
v 0.40166639 -0.14372671 0.05116705
v 0.42498039 -0.10334568 -0.05178705
v 0.41670459 -0.08120296 -0.05653803
v 0.41670459 -0.12548908 0.05591803
v 0.40049489 -0.14169841 0.05591803
v 0.42263779 -0.10334568 0.05591803
v 0.42498039 -0.10334568 0.05116705
v 0.41670459 -0.08120296 0.05591803
v 0.41873329 -0.08003170 0.05116705
v 0.40049489 -0.06499363 0.05591803
v 0.40166639 -0.06296535 0.05116705
v 0.41873329 -0.08003170 -0.05178705
v 0.40049489 -0.06499363 -0.05653803
v 0.40166639 -0.06296535 -0.05178705
v 0.37835239 -0.14763101 -0.05653803
v 0.35620969 -0.14169841 -0.05653803
v 0.35503839 -0.14372671 -0.05178705
v 0.37835239 -0.14997371 -0.05178705
v 0.40049489 -0.14169841 -0.05653803
v 0.40166639 -0.14372671 -0.05178705
v 0.40166639 -0.14372671 0.05116705
v 0.37835239 -0.14997371 0.05116705
v 0.40049489 -0.14169841 0.05591803
v 0.35503839 -0.14372671 0.05116705
v 0.37835239 -0.14763101 0.05591803
v 0.35620969 -0.14169841 0.05591803
v 0.35318009 -0.10334568 -0.05939173
v 0.35655259 -0.11593204 -0.05939173
v 0.35851609 -0.11479847 -0.06153009
v 0.35544739 -0.10334568 -0.06153009
v 0.35655259 -0.09075985 -0.05939173
v 0.35851609 -0.09189342 -0.06153009
v 0.35544739 -0.10334568 -0.06556909
v 0.35851609 -0.09189342 -0.06556909
v 0.35851609 -0.11479847 -0.06556909
v 0.36689989 -0.12318218 -0.06153009
v 0.36689989 -0.12318218 -0.06556909
v 0.36788129 -0.12148235 -0.06746515
v 0.36021589 -0.11381695 -0.06746515
v 0.35741009 -0.10334568 -0.06746515
v 0.36021589 -0.09287464 -0.06746515
v 0.36689989 -0.08350933 -0.06556909
v 0.36689989 -0.08350933 -0.06153009
v 0.36788129 -0.08520916 -0.06746515
v 0.35851609 -0.09189342 -0.06153009
v 0.36689989 -0.08350933 -0.06153009
v 0.36576609 -0.08154575 -0.05939173
v 0.35655259 -0.09075985 -0.05939173
v 0.36323739 -0.07716602 -0.05850611
v 0.35217239 -0.08823093 -0.05850611
v 0.35318009 -0.10334568 -0.05939173
v 0.37835239 -0.07311634 -0.05850611
v 0.37835239 -0.07817394 -0.05939173
v 0.34812219 -0.10334568 -0.05850611
v 0.35655259 -0.11593204 -0.05939173
v 0.39346709 -0.07716602 -0.05850611
v 0.39093819 -0.08154575 -0.05939173
v 0.35903739 -0.06989132 -0.05850611
v 0.37835239 -0.06471599 -0.05850611
v 0.34489789 -0.08403141 -0.05850611
v 0.39766719 -0.06989132 -0.05850611
v 0.37835239 -0.05906101 -0.05653803
v 0.35620969 -0.06499363 -0.05653803
v 0.40049489 -0.06499363 -0.05653803
v 0.34000009 -0.08120296 -0.05653803
v 0.41670459 -0.08120296 -0.05653803
v 0.33972249 -0.10334568 -0.05850611
v 0.33406679 -0.10334568 -0.05653803
v 0.41180689 -0.08403141 -0.05850611
v 0.42263779 -0.10334568 -0.05653803
v 0.35217239 -0.11846073 -0.05850611
v 0.34489789 -0.12266064 -0.05850611
v 0.34000009 -0.12548908 -0.05653803
v 0.40453229 -0.08823093 -0.05850611
v 0.41698219 -0.10334568 -0.05850611
v 0.41670459 -0.12548908 -0.05653803
v 0.35903739 -0.13680019 -0.05850611
v 0.35620969 -0.14169841 -0.05653803
v 0.36323739 -0.12952587 -0.05850611
v 0.36576609 -0.12514568 -0.05939173
v 0.36689989 -0.12318218 -0.06153009
v 0.35851609 -0.11479847 -0.06153009
v 0.37835239 -0.12851840 -0.05939173
v 0.37835239 -0.13357563 -0.05850611
v 0.39093819 -0.12514568 -0.05939173
v 0.37835239 -0.14197591 -0.05850611
v 0.37835239 -0.14763101 -0.05653803
v 0.39346709 -0.12952587 -0.05850611
v 0.39766719 -0.13680019 -0.05850611
v 0.40049489 -0.14169841 -0.05653803
v 0.41180689 -0.12266064 -0.05850611
v 0.40453229 -0.11846073 -0.05850611
v 0.40858239 -0.10334568 -0.05850611
v 0.40015219 -0.11593204 -0.05939173
v 0.39818869 -0.11479847 -0.06153009
v 0.38980469 -0.12318218 -0.06153009
v 0.40352479 -0.10334568 -0.05939173
v 0.40015219 -0.09075985 -0.05939173
v 0.38980469 -0.08350933 -0.06153009
v 0.39818869 -0.09189342 -0.06153009
v 0.36689989 -0.08350933 -0.06153009
v 0.37835239 -0.07817394 -0.05939173
v 0.36576609 -0.08154575 -0.05939173
v 0.37835239 -0.08044125 -0.06153009
v 0.39093819 -0.08154575 -0.05939173
v 0.38980469 -0.08350933 -0.06153009
v 0.38980469 -0.08350933 -0.06556909
v 0.37835239 -0.08044125 -0.06556909
v 0.36689989 -0.08350933 -0.06556909
v 0.36788129 -0.08520916 -0.06746515
v 0.37835239 -0.08240398 -0.06746515
v 0.38882319 -0.08520916 -0.06746515
v 0.39818869 -0.09189342 -0.06153009
v 0.40352479 -0.10334568 -0.05939173
v 0.40015219 -0.09075985 -0.05939173
v 0.40125749 -0.10334568 -0.06153009
v 0.40015219 -0.11593204 -0.05939173
v 0.39818869 -0.11479847 -0.06153009
v 0.40125749 -0.10334568 -0.06556909
v 0.39818869 -0.11479847 -0.06556909
v 0.38980469 -0.12318218 -0.06556909
v 0.38980469 -0.12318218 -0.06153009
v 0.39929459 -0.10334568 -0.06746515
v 0.39648889 -0.11381695 -0.06746515
v 0.39648889 -0.09287464 -0.06746515
v 0.39818869 -0.09189342 -0.06556909
v 0.38980469 -0.08350933 -0.06153009
v 0.38882319 -0.08520916 -0.06746515
v 0.38980469 -0.08350933 -0.06556909
v 0.38980469 -0.12318218 -0.06153009
v 0.37835239 -0.12851840 -0.05939173
v 0.39093819 -0.12514568 -0.05939173
v 0.37835239 -0.12625080 -0.06153009
v 0.36576609 -0.12514568 -0.05939173
v 0.36689989 -0.12318218 -0.06153009
v 0.36689989 -0.12318218 -0.06556909
v 0.37835239 -0.12625080 -0.06556909
v 0.38980469 -0.12318218 -0.06556909
v 0.37835239 -0.12428806 -0.06746515
v 0.36788129 -0.12148235 -0.06746515
v 0.38882319 -0.12148235 -0.06746515
v 0.39648889 -0.11381695 -0.06746515
v 0.39818869 -0.11479847 -0.06556909
v 0.35318009 -0.10334568 0.05877173
v 0.35851609 -0.11479847 0.06091009
v 0.35655259 -0.11593204 0.05877173
v 0.35544739 -0.10334568 0.06091009
v 0.35655259 -0.09075985 0.05877173
v 0.35851609 -0.09189342 0.06091009
v 0.35544739 -0.10334568 0.06494940
v 0.35851609 -0.09189342 0.06494940
v 0.35851609 -0.11479847 0.06494940
v 0.36689989 -0.12318218 0.06091009
v 0.36689989 -0.12318218 0.06494940
v 0.36021589 -0.11381695 0.06684515
v 0.35741009 -0.10334568 0.06684515
v 0.36021589 -0.09287464 0.06684515
v 0.36689989 -0.08350933 0.06494940
v 0.36689989 -0.08350933 0.06091009
v 0.36788129 -0.08520916 0.06684515
v 0.35851609 -0.09189342 0.06091009
v 0.36576609 -0.08154575 0.05877173
v 0.36689989 -0.08350933 0.06091009
v 0.35655259 -0.09075985 0.05877173
v 0.36323739 -0.07716602 0.05788611
v 0.35217239 -0.08823093 0.05788611
v 0.35318009 -0.10334568 0.05877173
v 0.37835239 -0.07311634 0.05788611
v 0.37835239 -0.07817394 0.05877173
v 0.34812219 -0.10334568 0.05788611
v 0.35655259 -0.11593204 0.05877173
v 0.39346709 -0.07716602 0.05788611
v 0.39093819 -0.08154575 0.05877173
v 0.35903739 -0.06989132 0.05788611
v 0.37835239 -0.06471599 0.05788611
v 0.34489789 -0.08403141 0.05788611
v 0.39766719 -0.06989132 0.05788611
v 0.37835239 -0.05906101 0.05591803
v 0.35620969 -0.06499363 0.05591803
v 0.40049489 -0.06499363 0.05591803
v 0.34000009 -0.08120296 0.05591803
v 0.41670459 -0.08120296 0.05591803
v 0.33972249 -0.10334568 0.05788611
v 0.33406679 -0.10334568 0.05591803
v 0.41180689 -0.08403141 0.05788611
v 0.42263779 -0.10334568 0.05591803
v 0.35217239 -0.11846073 0.05788611
v 0.34489789 -0.12266064 0.05788611
v 0.34000009 -0.12548908 0.05591803
v 0.40453229 -0.08823093 0.05788611
v 0.41698219 -0.10334568 0.05788611
v 0.41670459 -0.12548908 0.05591803
v 0.35903739 -0.13680019 0.05788611
v 0.35620969 -0.14169841 0.05591803
v 0.36323739 -0.12952587 0.05788611
v 0.36576609 -0.12514568 0.05877173
v 0.36689989 -0.12318218 0.06091009
v 0.35851609 -0.11479847 0.06091009
v 0.37835239 -0.12851840 0.05877173
v 0.37835239 -0.13357563 0.05788611
v 0.39093819 -0.12514568 0.05877173
v 0.37835239 -0.14197591 0.05788611
v 0.37835239 -0.14763101 0.05591803
v 0.39346709 -0.12952587 0.05788611
v 0.39766719 -0.13680019 0.05788611
v 0.40049489 -0.14169841 0.05591803
v 0.41180689 -0.12266064 0.05788611
v 0.40453229 -0.11846073 0.05788611
v 0.40858239 -0.10334568 0.05788611
v 0.40015219 -0.11593204 0.05877173
v 0.39818869 -0.11479847 0.06091009
v 0.38980469 -0.12318218 0.06091009
v 0.40352479 -0.10334568 0.05877173
v 0.40015219 -0.09075985 0.05877173
v 0.38980469 -0.08350933 0.06091009
v 0.39818869 -0.09189342 0.06091009
v 0.36689989 -0.08350933 0.06091009
v 0.36576609 -0.08154575 0.05877173
v 0.37835239 -0.07817394 0.05877173
v 0.37835239 -0.08044125 0.06091009
v 0.39093819 -0.08154575 0.05877173
v 0.38980469 -0.08350933 0.06091009
v 0.38980469 -0.08350933 0.06494940
v 0.37835239 -0.08044125 0.06494940
v 0.36689989 -0.08350933 0.06494940
v 0.36788129 -0.08520916 0.06684515
v 0.37835239 -0.08240398 0.06684515
v 0.38882319 -0.08520916 0.06684515
v 0.39818869 -0.09189342 0.06091009
v 0.40015219 -0.09075985 0.05877173
v 0.40352479 -0.10334568 0.05877173
v 0.40125749 -0.10334568 0.06091009
v 0.40015219 -0.11593204 0.05877173
v 0.39818869 -0.11479847 0.06091009
v 0.40125749 -0.10334568 0.06494940
v 0.39818869 -0.11479847 0.06494940
v 0.38980469 -0.12318218 0.06494940
v 0.38980469 -0.12318218 0.06091009
v 0.39929459 -0.10334568 0.06684515
v 0.39648889 -0.11381695 0.06684515
v 0.39648889 -0.09287464 0.06684515
v 0.39818869 -0.09189342 0.06494940
v 0.38980469 -0.08350933 0.06091009
v 0.38882319 -0.08520916 0.06684515
v 0.38980469 -0.08350933 0.06494940
v 0.38980469 -0.12318218 0.06091009
v 0.39093819 -0.12514568 0.05877173
v 0.37835239 -0.12851840 0.05877173
v 0.37835239 -0.12625080 0.06091009
v 0.36576609 -0.12514568 0.05877173
v 0.36689989 -0.12318218 0.06091009
v 0.36689989 -0.12318218 0.06494940
v 0.37835239 -0.12625080 0.06494940
v 0.38980469 -0.12318218 0.06494940
v 0.37835239 -0.12428806 0.06684515
v 0.36788129 -0.12148235 0.06684515
v 0.38882319 -0.12148235 0.06684515
v 0.39648889 -0.11381695 0.06684515
v 0.39818869 -0.11479847 0.06494940
v 0.36788129 -0.12148235 0.06684515
v 0.36689989 -0.12318218 0.06494940
v 0.35851609 -0.11479847 0.06494940
v 0.36021589 -0.11381695 0.06684515
v 0.36191609 -0.11283550 0.06684515
v 0.36886289 -0.11978214 0.06684515
v 0.35937329 -0.10334575 0.06684515
v 0.37835239 -0.12428806 0.06684515
v 0.35741009 -0.10334568 0.06684515
v 0.37835239 -0.12232502 0.06684515
v 0.36191609 -0.09385631 0.06684515
v 0.38882319 -0.12148235 0.06684515
v 0.36021589 -0.09287464 0.06684515
v 0.38784159 -0.11978214 0.06684515
v 0.36886289 -0.08690944 0.06684515
v 0.39648889 -0.11381695 0.06684515
v 0.36788129 -0.08520916 0.06684515
v 0.39478859 -0.11283550 0.06684515
v 0.37835239 -0.08436741 0.06684515
v 0.39929459 -0.10334568 0.06684515
v 0.37835239 -0.08240398 0.06684515
v 0.39733139 -0.10334575 0.06684515
v 0.38784159 -0.08690944 0.06684515
v 0.39648889 -0.09287464 0.06684515
v 0.38882319 -0.08520916 0.06684515
v 0.39478859 -0.09385631 0.06684515
v 0.35741009 -0.10334568 -0.06746515
v 0.35937329 -0.10334575 -0.06746515
v 0.36191609 -0.09385631 -0.06746515
v 0.36021589 -0.09287464 -0.06746515
v 0.36021589 -0.11381695 -0.06746515
v 0.36886289 -0.08690944 -0.06746515
v 0.36191609 -0.11283550 -0.06746515
v 0.36788129 -0.08520916 -0.06746515
v 0.36788129 -0.12148235 -0.06746515
v 0.37835239 -0.08436741 -0.06746515
v 0.36886289 -0.11978214 -0.06746515
v 0.37835239 -0.08240398 -0.06746515
v 0.37835239 -0.12428806 -0.06746515
v 0.38784159 -0.08690944 -0.06746515
v 0.37835239 -0.12232502 -0.06746515
v 0.38882319 -0.08520916 -0.06746515
v 0.38882319 -0.12148235 -0.06746515
v 0.39478859 -0.09385631 -0.06746515
v 0.38784159 -0.11978214 -0.06746515
v 0.39648889 -0.09287464 -0.06746515
v 0.39648889 -0.11381695 -0.06746515
v 0.39733139 -0.10334575 -0.06746515
v 0.39478859 -0.11283550 -0.06746515
v 0.39929459 -0.10334568 -0.06746515
v -0.29893321 0.72419939 0.03847021
v -0.29161821 0.71895619 0.02145514
v -0.29256921 -0.20543961 0.02145514
v -0.29893321 -0.21180351 0.03847021
v -0.29893321 -0.21180351 0.03847021
v -0.29256921 -0.20543961 0.02145514
v 0.00230999 -0.20543991 0.02145514
v 0.00230999 -0.21180381 0.03847021
v 0.30355309 -0.21180351 0.03847021
v 0.29718909 -0.20543961 0.02145514
v -0.26036581 0.73727999 0.03847021
v -0.29161821 0.71895619 0.02145514
v -0.29893321 0.72419939 0.03847021
v -0.25640941 0.72917289 0.02146429
v -0.21623601 0.76593609 0.03847021
v -0.20705071 0.76174819 0.02146429
v -0.14615621 0.82206899 0.03847021
v -0.14174081 0.81422659 0.02145514
v -0.08374011 0.84486779 0.03847021
v -0.08138351 0.83618179 0.02145514
v 0.00230999 0.86049619 0.03847021
v 0.00230999 0.85149629 0.02145514
v 0.08600339 0.83618179 0.02145514
v 0.08835999 0.84486779 0.03847021
v 0.14636079 0.81422659 0.02145514
v 0.15077619 0.82206899 0.03847021
v 0.21167059 0.76174819 0.02146429
v 0.22085599 0.76593609 0.03847021
v 0.26102929 0.72917289 0.02146429
v 0.26498579 0.73727999 0.03847021
v 0.29623809 0.71895619 0.02145514
v 0.30355309 0.72419939 0.03847021
v -0.29893321 -0.36246571 0.03847021
v -0.29256921 -0.36882971 0.02145514
v -0.29256921 -0.94108751 0.02145514
v -0.29893321 -0.94745141 0.03847021
v -0.29893321 -0.94745141 0.03847021
v -0.29256921 -0.94108751 0.02145514
v 0.00230999 -0.94108751 0.02145514
v 0.00230999 -0.94745171 0.03847021
v 0.30355309 -0.94745141 0.03847021
v 0.29718909 -0.94108751 0.02145514
v 0.00230999 -0.36246581 0.03847021
v -0.29256921 -0.36882971 0.02145514
v -0.29893321 -0.36246571 0.03847021
v 0.00230999 -0.36882971 0.02145514
v 0.29718909 -0.36882971 0.02145514
v 0.30355309 -0.36246571 0.03847021
v -0.29161821 0.71895619 0.02145514
v -0.25398061 0.68355089 0.03663427
v -0.25398061 -0.16137841 0.03663427
v -0.29256921 -0.20543961 0.02145514
v -0.29256921 -0.20543961 0.02145514
v -0.25398061 -0.16137841 0.03663427
v 0.00230999 -0.16137791 0.03663427
v 0.00230999 -0.20543991 0.02145514
v 0.29718909 -0.20543961 0.02145514
v 0.25860059 -0.16137841 0.03663427
v -0.25640941 0.72917289 0.02146429
v -0.25398061 0.68355089 0.03663427
v -0.29161821 0.71895619 0.02145514
v -0.22273201 0.69331319 0.03663427
v -0.20705071 0.76174819 0.02146429
v -0.18002061 0.71778979 0.03663427
v -0.14174081 0.81422659 0.02145514
v -0.12058371 0.76607139 0.03663427
v -0.08138351 0.83618179 0.02145514
v -0.06977711 0.78417419 0.03663427
v 0.00230999 0.85149629 0.02145514
v 0.00230999 0.79781159 0.03663427
v 0.07439699 0.78417419 0.03663427
v 0.08600339 0.83618179 0.02145514
v 0.12520359 0.76607139 0.03663427
v 0.14636079 0.81422659 0.02145514
v 0.18464059 0.71778979 0.03663427
v 0.21167059 0.76174819 0.02146429
v 0.22735199 0.69331319 0.03663427
v 0.26102929 0.72917289 0.02146429
v 0.25860059 0.68355089 0.03663427
v 0.29623809 0.71895619 0.02145514
v -0.29256921 -0.36882971 0.02145514
v -0.25304291 -0.40738061 0.03663427
v -0.25304291 -0.90253661 0.03663427
v -0.29256921 -0.94108751 0.02145514
v -0.29256921 -0.94108751 0.02145514
v -0.25304291 -0.90253661 0.03663427
v 0.00230999 -0.90253661 0.03663427
v 0.00230999 -0.94108751 0.02145514
v 0.29718909 -0.94108751 0.02145514
v 0.25766279 -0.90253661 0.03663427
v 0.00230999 -0.36882971 0.02145514
v -0.25304291 -0.40738061 0.03663427
v -0.29256921 -0.36882971 0.02145514
v 0.00230999 -0.40738061 0.03663427
v 0.25766279 -0.40738061 0.03663427
v 0.29718909 -0.36882971 0.02145514
v -0.25304291 -0.90253661 0.03663427
v -0.25304291 -0.40738061 0.03663427
v 0.00230999 -0.40738061 0.03663427
v 0.00230999 -0.90253661 0.03663427
v 0.25766279 -0.90253661 0.03663427
v 0.25766279 -0.40738061 0.03663427
v -0.22273201 0.69331319 0.03663427
v -0.25398061 -0.16137841 0.03663427
v -0.25398061 0.68355089 0.03663427
v -0.22273201 -0.13325107 0.03663427
v -0.18002061 0.71778979 0.03663427
v 0.00230999 -0.16137791 0.03663427
v -0.18002061 -0.09811764 0.03663427
v -0.12058371 0.76607139 0.03663427
v 0.00230999 -0.13325107 0.03663427
v -0.12058371 -0.05611812 0.03663427
v -0.06977711 0.78417419 0.03663427
v 0.22735199 -0.13325107 0.03663427
v 0.25860059 -0.16137841 0.03663427
v 0.00230999 -0.09811764 0.03663427
v -0.06977711 -0.01271801 0.03663427
v 0.00230999 0.79781159 0.03663427
v 0.22735199 0.69331319 0.03663427
v 0.25860059 0.68355089 0.03663427
v 0.18464059 0.71778979 0.03663427
v 0.18464059 -0.09811764 0.03663427
v 0.12520359 0.76607139 0.03663427
v 0.12520359 -0.05611812 0.03663427
v 0.07439699 0.78417419 0.03663427
v 0.00230999 -0.05611820 0.03663427
v 0.07439699 -0.01271801 0.03663427
v 0.00230999 -0.01271801 0.03663427
v 0.30355309 0.72419939 0.03847021
v 0.30355309 -0.21180351 0.03847021
v 0.29718909 -0.20543961 0.02145514
v 0.29623809 0.71895619 0.02145514
v 0.30355309 -0.36246571 0.03847021
v 0.30355309 -0.94745141 0.03847021
v 0.29718909 -0.94108751 0.02145514
v 0.29718909 -0.36882971 0.02145514
v 0.29623809 0.71895619 0.02145514
v 0.29718909 -0.20543961 0.02145514
v 0.25860059 -0.16137841 0.03663427
v 0.25860059 0.68355089 0.03663427
v 0.29718909 -0.36882971 0.02145514
v 0.29718909 -0.94108751 0.02145514
v 0.25766279 -0.90253661 0.03663427
v 0.25766279 -0.40738061 0.03663427
v -0.29893321 0.72419939 -0.03909021
v -0.29893321 -0.21180351 -0.03909021
v -0.29256921 -0.20543961 -0.02207514
v -0.29161821 0.71895619 -0.02207514
v -0.29893321 -0.21180351 -0.03909021
v 0.00230999 -0.20543991 -0.02207514
v -0.29256921 -0.20543961 -0.02207514
v 0.00230999 -0.21180381 -0.03909021
v 0.30355309 -0.21180351 -0.03909021
v 0.29718909 -0.20543961 -0.02207514
v -0.26036581 0.73727999 -0.03909021
v -0.29893321 0.72419939 -0.03909021
v -0.29161821 0.71895619 -0.02207514
v -0.25640941 0.72917289 -0.02208429
v -0.21623601 0.76593609 -0.03909021
v -0.20705071 0.76174819 -0.02208429
v -0.14615621 0.82206899 -0.03909021
v -0.14174081 0.81422659 -0.02207514
v -0.08374011 0.84486779 -0.03909021
v -0.08138351 0.83618179 -0.02207514
v 0.00230999 0.86049619 -0.03909021
v 0.00230999 0.85149629 -0.02207514
v 0.08600339 0.83618179 -0.02207514
v 0.08835999 0.84486779 -0.03909021
v 0.14636079 0.81422659 -0.02207514
v 0.15077619 0.82206899 -0.03909021
v 0.21167059 0.76174819 -0.02208429
v 0.22085599 0.76593609 -0.03909021
v 0.26102929 0.72917289 -0.02208429
v 0.26498579 0.73727999 -0.03909021
v 0.29623809 0.71895619 -0.02207514
v 0.30355309 0.72419939 -0.03909021
v -0.29893321 -0.36246571 -0.03909021
v -0.29893321 -0.94745141 -0.03909021
v -0.29256921 -0.94108751 -0.02207514
v -0.29256921 -0.36882971 -0.02207514
v -0.29893321 -0.94745141 -0.03909021
v 0.00230999 -0.94108751 -0.02207514
v -0.29256921 -0.94108751 -0.02207514
v 0.00230999 -0.94745171 -0.03909021
v 0.30355309 -0.94745141 -0.03909021
v 0.29718909 -0.94108751 -0.02207514
v 0.00230999 -0.36246581 -0.03909021
v -0.29893321 -0.36246571 -0.03909021
v -0.29256921 -0.36882971 -0.02207514
v 0.00230999 -0.36882971 -0.02207514
v 0.29718909 -0.36882971 -0.02207514
v 0.30355309 -0.36246571 -0.03909021
v -0.29161821 0.71895619 -0.02207514
v -0.29256921 -0.20543961 -0.02207514
v -0.25398061 -0.16137841 -0.03725427
v -0.25398061 0.68355089 -0.03725427
v -0.29256921 -0.20543961 -0.02207514
v 0.00230999 -0.16137831 -0.03725427
v -0.25398061 -0.16137841 -0.03725427
v 0.00230999 -0.20543991 -0.02207514
v 0.29718909 -0.20543961 -0.02207514
v 0.25860059 -0.16137841 -0.03725427
v -0.25640941 0.72917289 -0.02208429
v -0.29161821 0.71895619 -0.02207514
v -0.25398061 0.68355089 -0.03725427
v -0.22273201 0.69331319 -0.03725427
v -0.20705071 0.76174819 -0.02208429
v -0.18002061 0.71778979 -0.03725427
v -0.14174081 0.81422659 -0.02207514
v -0.12058371 0.76607139 -0.03725427
v -0.08138351 0.83618179 -0.02207514
v -0.06977711 0.78417419 -0.03725427
v 0.00230999 0.85149629 -0.02207514
v 0.00230999 0.79781159 -0.03725427
v 0.07439699 0.78417419 -0.03725427
v 0.08600339 0.83618179 -0.02207514
v 0.12520359 0.76607139 -0.03725427
v 0.14636079 0.81422659 -0.02207514
v 0.18464059 0.71778979 -0.03725427
v 0.21167059 0.76174819 -0.02208429
v 0.22735199 0.69331319 -0.03725427
v 0.26102929 0.72917289 -0.02208429
v 0.25860059 0.68355089 -0.03725427
v 0.29623809 0.71895619 -0.02207514
v -0.29256921 -0.36882971 -0.02207514
v -0.29256921 -0.94108751 -0.02207514
v -0.25304291 -0.90253661 -0.03725427
v -0.25304291 -0.40738061 -0.03725427
v -0.29256921 -0.94108751 -0.02207514
v 0.00230999 -0.90253661 -0.03725427
v -0.25304291 -0.90253661 -0.03725427
v 0.00230999 -0.94108751 -0.02207514
v 0.29718909 -0.94108751 -0.02207514
v 0.25766279 -0.90253661 -0.03725427
v 0.00230999 -0.36882971 -0.02207514
v -0.29256921 -0.36882971 -0.02207514
v -0.25304291 -0.40738061 -0.03725427
v 0.00230999 -0.40738061 -0.03725427
v 0.25766279 -0.40738061 -0.03725427
v 0.29718909 -0.36882971 -0.02207514
v -0.25304291 -0.90253661 -0.03725427
v 0.00230999 -0.40738061 -0.03725427
v -0.25304291 -0.40738061 -0.03725427
v 0.00230999 -0.90253661 -0.03725427
v 0.25766279 -0.90253661 -0.03725427
v 0.25766279 -0.40738061 -0.03725427
v -0.22273201 0.69331319 -0.03725427
v -0.25398061 0.68355089 -0.03725427
v -0.25398061 -0.16137841 -0.03725427
v -0.22273201 -0.13325107 -0.03725427
v -0.18002061 0.71778979 -0.03725427
v 0.00230999 -0.16137831 -0.03725427
v -0.18002061 -0.09811764 -0.03725427
v -0.12058371 0.76607139 -0.03725427
v 0.00230999 -0.13325107 -0.03725427
v -0.12058371 -0.05611812 -0.03725427
v -0.06977711 0.78417419 -0.03725427
v 0.22735199 -0.13325107 -0.03725427
v 0.25860059 -0.16137841 -0.03725427
v 0.00230999 -0.09811764 -0.03725427
v -0.06977711 -0.01271801 -0.03725427
v 0.00230999 0.79781159 -0.03725427
v 0.22735199 0.69331319 -0.03725427
v 0.25860059 0.68355089 -0.03725427
v 0.18464059 0.71778979 -0.03725427
v 0.18464059 -0.09811764 -0.03725427
v 0.12520359 0.76607139 -0.03725427
v 0.12520359 -0.05611812 -0.03725427
v 0.07439699 0.78417419 -0.03725427
v 0.00230999 -0.05611820 -0.03725427
v 0.07439699 -0.01271801 -0.03725427
v 0.00230999 -0.01271801 -0.03725427
v 0.30355309 0.72419939 -0.03909021
v 0.29623809 0.71895619 -0.02207514
v 0.29718909 -0.20543961 -0.02207514
v 0.30355309 -0.21180351 -0.03909021
v 0.30355309 -0.36246571 -0.03909021
v 0.29718909 -0.36882971 -0.02207514
v 0.29718909 -0.94108751 -0.02207514
v 0.30355309 -0.94745141 -0.03909021
v 0.29623809 0.71895619 -0.02207514
v 0.25860059 0.68355089 -0.03725427
v 0.25860059 -0.16137841 -0.03725427
v 0.29718909 -0.20543961 -0.02207514
v 0.29718909 -0.36882971 -0.02207514
v 0.25766279 -0.40738061 -0.03725427
v 0.25766279 -0.90253661 -0.03725427
v 0.29718909 -0.94108751 -0.02207514
v -0.45489009 -0.21180321 0.03847021
v -0.45489009 0.97797979 -0.03909021
v -0.45489009 0.97797979 0.03847021
v -0.45489009 -0.21180321 -0.03909021
v -0.45489009 -0.36246551 0.03847021
v -0.45489009 -0.36246551 -0.03909021
v -0.45489009 -1.05402021 0.03847021
v -0.45489009 -1.05402021 -0.03909021
v -0.45489009 0.97797979 0.03847021
v -0.45489009 0.97797979 -0.03909021
v 0.00230999 0.97797979 -0.03909021
v 0.00230999 0.97797979 0.03847021
v 0.45950999 0.97797979 -0.03909021
v 0.45950999 0.97797979 0.03847021
v 0.45950999 0.97797979 0.03847021
v 0.45950999 0.97797979 -0.03909021
v 0.45950999 -0.21180321 -0.03909021
v 0.45950999 -0.21180321 0.03847021
v 0.45950999 -0.36246551 -0.03909021
v 0.45950999 -0.36246551 0.03847021
v 0.45950999 -1.05402021 -0.03909021
v 0.45950999 -1.05402021 0.03847021
v 0.45950999 -1.05402021 0.03847021
v 0.45950999 -1.05402021 -0.03909021
v 0.00230999 -1.05402021 -0.03909021
v 0.00230999 -1.05402021 0.03847021
v -0.45489009 -1.05402021 -0.03909021
v -0.45489009 -1.05402021 0.03847021
v 0.00230999 -0.94745171 0.03847021
v 0.00230999 -1.05402021 0.03847021
v -0.45489009 -1.05402021 0.03847021
v 0.45950999 -1.05402021 0.03847021
v -0.29893321 -0.94745141 0.03847021
v 0.30355309 -0.94745141 0.03847021
v -0.45489009 -0.36246551 0.03847021
v 0.45950999 -0.36246551 0.03847021
v -0.29893321 -0.36246571 0.03847021
v 0.30355309 -0.36246571 0.03847021
v -0.45489009 -0.21180321 0.03847021
v 0.45950999 -0.21180321 0.03847021
v -0.29893321 -0.21180351 0.03847021
v -0.45489009 0.97797979 0.03847021
v 0.00230999 -0.21180381 0.03847021
v 0.00230999 -0.36246581 0.03847021
v -0.29893321 0.72419939 0.03847021
v 0.30355309 -0.21180351 0.03847021
v 0.45950999 0.97797979 0.03847021
v 0.30355309 0.72419939 0.03847021
v -0.26036581 0.73727999 0.03847021
v 0.26498579 0.73727999 0.03847021
v -0.25640941 0.95685509 0.03847021
v -0.21623601 0.76593609 0.03847021
v 0.00230999 0.97797979 0.03847021
v 0.26102929 0.95685509 0.03847021
v 0.22085599 0.76593609 0.03847021
v -0.21623601 0.93070859 0.03847021
v 0.00230999 0.93070859 0.03847021
v -0.14615621 0.82206899 0.03847021
v 0.00230999 0.95685519 0.03847021
v 0.22085599 0.93070859 0.03847021
v 0.15077619 0.82206899 0.03847021
v -0.14615621 0.90928589 0.03847021
v -0.08374011 0.84486779 0.03847021
v 0.15077619 0.90928589 0.03847021
v 0.08835999 0.84486779 0.03847021
v -0.08374011 0.88328299 0.03847021
v 0.00230999 0.86049619 0.03847021
v 0.00230999 0.90928589 0.03847021
v 0.08835999 0.88328299 0.03847021
v 0.00230999 0.88328299 0.03847021
v 0.00230999 -0.94745171 -0.03909021
v -0.45489009 -1.05402021 -0.03909021
v 0.00230999 -1.05402021 -0.03909021
v 0.45950999 -1.05402021 -0.03909021
v -0.29893321 -0.94745141 -0.03909021
v 0.30355309 -0.94745141 -0.03909021
v -0.45489009 -0.36246551 -0.03909021
v 0.45950999 -0.36246551 -0.03909021
v -0.29893321 -0.36246571 -0.03909021
v 0.30355309 -0.36246571 -0.03909021
v -0.45489009 -0.21180321 -0.03909021
v 0.45950999 -0.21180321 -0.03909021
v -0.29893321 -0.21180351 -0.03909021
v -0.45489009 0.97797979 -0.03909021
v 0.00230999 -0.21180381 -0.03909021
v 0.00230999 -0.36246581 -0.03909021
v -0.29893321 0.72419939 -0.03909021
v 0.30355309 -0.21180351 -0.03909021
v 0.45950999 0.97797979 -0.03909021
v 0.30355309 0.72419939 -0.03909021
v -0.26036581 0.73727999 -0.03909021
v 0.26498579 0.73727999 -0.03909021
v -0.25640941 0.95685509 -0.03909021
v -0.21623601 0.76593609 -0.03909021
v 0.00230999 0.97797979 -0.03909021
v 0.26102929 0.95685509 -0.03909021
v 0.22085599 0.76593609 -0.03909021
v -0.21623601 0.93070859 -0.03909021
v 0.00230999 0.93070859 -0.03909021
v -0.14615621 0.82206899 -0.03909021
v 0.00230999 0.95685519 -0.03909021
v 0.22085599 0.93070859 -0.03909021
v 0.15077619 0.82206899 -0.03909021
v -0.14615621 0.90928589 -0.03909021
v -0.08374011 0.84486779 -0.03909021
v 0.15077619 0.90928589 -0.03909021
v 0.08835999 0.84486779 -0.03909021
v -0.08374011 0.88328299 -0.03909021
v 0.00230999 0.86049619 -0.03909021
v 0.00230999 0.90928589 -0.03909021
v 0.08835999 0.88328299 -0.03909021
v 0.00230999 0.88328299 -0.03909021
v 0.36164189 -0.11299351 -0.08543390
v 0.36870457 -0.12005612 0.08856298
v 0.36870457 -0.12005612 -0.08918298
v 0.36164189 -0.11299351 0.08481390
v 0.35905675 -0.10334569 -0.08435510
v 0.35905675 -0.10334569 0.08373510
v 0.36164189 -0.09369786 -0.08543390
v 0.36164189 -0.09369786 0.08481390
v 0.36870457 -0.08663525 -0.08918298
v 0.36870457 -0.08663525 0.08856298
v 0.37117833 -0.11576695 -0.11697810
v 0.37835240 -0.11781720 -0.11697810
v 0.38552285 -0.11576901 -0.11697810
v 0.37835030 -0.10334523 -0.11697810
v 0.39088528 -0.11058156 -0.11697810
v 0.39269662 -0.10334523 -0.11697810
v 0.39088528 -0.09610982 -0.11697810
v 0.38552243 -0.09092206 -0.11697810
v 0.37117875 -0.09092419 -0.11697810
v 0.37835240 -0.08887402 -0.11697810
v 0.36400818 -0.10334554 -0.11697810
v 0.36581952 -0.11058156 -0.11697810
v 0.36870457 -0.12005612 -0.11215020
v 0.36164189 -0.11299351 -0.11589930
v 0.35905675 -0.10334569 -0.11697810
v 0.34827515 -0.11431294 -0.11589930
v 0.36581952 -0.09610982 -0.11697810
v 0.36870457 -0.08663525 -0.11215020
v 0.36164189 -0.09369786 -0.11589930
v 0.34694710 -0.10851491 -0.11697810
v 0.32558465 -0.11654683 -0.11589930
v 0.34704323 -0.10256573 -0.11589930
v 0.32529648 -0.11292081 -0.11697810
v 0.29967625 -0.11596158 -0.11562950
v 0.32554841 -0.10928059 -0.11589930
v 0.29988728 -0.11302304 -0.11668420
v 0.27449650 -0.10427007 -0.11510740
v 0.30061254 -0.11014432 -0.11562950
v 0.27530810 -0.10156888 -0.11611600
v 0.25455670 -0.08721990 -0.11430510
v 0.27648330 -0.09901608 -0.11510740
v 0.25503660 -0.08465848 -0.11524220
v 0.22917940 -0.08071324 -0.11316520
v 0.25580040 -0.08214925 -0.11430510
v 0.22930440 -0.07853726 -0.11400140
v 0.20497400 -0.08058835 -0.10833490
v 0.22972290 -0.07638287 -0.11316520
v 0.20462280 -0.07886380 -0.10874170
v 0.20496050 -0.07713834 -0.10833490
v 0.20682470 -0.08184933 -0.10004663
v 0.20682470 -0.08184933 -0.10745970
v 0.20497400 -0.08058835 -0.10833490
v 0.20497400 -0.08058835 -0.09917139
v 0.20462280 -0.07886380 -0.10874170
v 0.20462280 -0.07886380 -0.09876459
v 0.20496050 -0.07713834 -0.10833490
v 0.20496050 -0.07713834 -0.09917139
v 0.20680140 -0.07587407 -0.10745970
v 0.20680140 -0.07587407 -0.10004663
v 0.36870457 -0.12005612 -0.08918298
v 0.34827515 -0.11431294 -0.08830011
v 0.36164189 -0.11299351 -0.08543390
v 0.35065186 -0.11843297 -0.09204919
v 0.32558465 -0.11654683 -0.09038476
v 0.32632676 -0.11920788 -0.09413385
v 0.29967625 -0.11596158 -0.09187677
v 0.30004888 -0.11816449 -0.09554284
v 0.27449650 -0.10427007 -0.09239892
v 0.27429080 -0.10636342 -0.09590356
v 0.25455670 -0.08721990 -0.09320123
v 0.25449330 -0.08916371 -0.09645837
v 0.22917940 -0.08071324 -0.09434107
v 0.22938150 -0.08232732 -0.09724634
v 0.20497400 -0.08058835 -0.09917139
v 0.20682470 -0.08184933 -0.10004663
v 0.22938150 -0.08232732 -0.11025990
v 0.20682470 -0.08184933 -0.10745970
v 0.25449330 -0.08916371 -0.11104820
v 0.22917940 -0.08071324 -0.11316520
v 0.20497400 -0.08058835 -0.10833490
v 0.25455670 -0.08721990 -0.11430510
v 0.27449650 -0.10427007 -0.11510740
v 0.27429080 -0.10636342 -0.11160270
v 0.29967625 -0.11596158 -0.11562950
v 0.30004888 -0.11816449 -0.11196340
v 0.32558465 -0.11654683 -0.11589930
v 0.32632676 -0.11920788 -0.11215020
v 0.34827515 -0.11431294 -0.11589930
v 0.35065186 -0.11843297 -0.11215020
v 0.36164189 -0.11299351 -0.11589930
v 0.36870457 -0.12005612 -0.11215020
v 0.37835240 -0.12264111 -0.08918298
v 0.37835240 -0.12264111 0.08856298
v 0.36870457 -0.12005612 0.08856298
v 0.37835240 -0.12264111 -0.11215020
v 0.37835240 -0.11781720 -0.11697810
v 0.37117833 -0.11576695 -0.11697810
v 0.38800007 -0.12005612 -0.11215020
v 0.38552285 -0.11576901 -0.11697810
v 0.38800007 -0.12005612 -0.08918298
v 0.38800007 -0.12005612 0.08856298
v 0.37835240 -0.12264111 0.11153020
v 0.38800007 -0.12005612 0.11153020
v 0.36870457 -0.12005612 0.11153020
v 0.37835240 -0.11781720 0.11635810
v 0.38552285 -0.11576901 0.11635810
v 0.37117833 -0.11576695 0.11635810
v 0.35065186 -0.11843297 0.09142919
v 0.34827515 -0.11431294 0.08768011
v 0.36164189 -0.11299351 0.08481390
v 0.32558465 -0.11654683 0.08976476
v 0.35065186 -0.11843297 0.11153020
v 0.36164189 -0.11299351 0.11527930
v 0.34827515 -0.11431294 0.11527930
v 0.32632676 -0.11920788 0.09351385
v 0.29967625 -0.11596158 0.09125677
v 0.32632676 -0.11920788 0.11153020
v 0.32558465 -0.11654683 0.11527930
v 0.30004888 -0.11816449 0.09492284
v 0.27449650 -0.10427007 0.09177892
v 0.30004888 -0.11816449 0.11134340
v 0.29967625 -0.11596158 0.11500950
v 0.27429080 -0.10636342 0.09528356
v 0.25455670 -0.08721990 0.09258123
v 0.27429080 -0.10636342 0.11098270
v 0.27449650 -0.10427007 0.11448740
v 0.25449330 -0.08916371 0.09583837
v 0.22917940 -0.08071324 0.09372107
v 0.25449330 -0.08916371 0.11042820
v 0.25455670 -0.08721990 0.11368510
v 0.22938150 -0.08232732 0.09662634
v 0.20497400 -0.08058835 0.09855139
v 0.20682470 -0.08184933 0.09942663
v 0.22938150 -0.08232732 0.10963990
v 0.22917940 -0.08071324 0.11254520
v 0.20682470 -0.08184933 0.10683970
v 0.20497400 -0.08058835 0.10771490
v 0.36870457 -0.08663525 -0.11215020
v 0.34704323 -0.10256573 -0.11589930
v 0.36164189 -0.09369786 -0.11589930
v 0.34855553 -0.09803517 -0.11215020
v 0.32554841 -0.10928059 -0.11589930
v 0.32628564 -0.10657155 -0.11215020
v 0.30061254 -0.11014432 -0.11562950
v 0.30163975 -0.10811566 -0.11196340
v 0.27648330 -0.09901608 -0.11510740
v 0.27772540 -0.09727200 -0.11160270
v 0.25580040 -0.08214925 -0.11430510
v 0.25664860 -0.08034711 -0.11104820
v 0.22972290 -0.07638287 -0.11316520
v 0.23032280 -0.07482701 -0.11025990
v 0.20496050 -0.07713834 -0.10833490
v 0.20680140 -0.07587407 -0.10745970
v 0.23032280 -0.07482701 -0.09724634
v 0.20680140 -0.07587407 -0.10004663
v 0.25664860 -0.08034711 -0.09645837
v 0.22972290 -0.07638287 -0.09434107
v 0.20496050 -0.07713834 -0.09917139
v 0.25580040 -0.08214925 -0.09320123
v 0.27648330 -0.09901608 -0.09239892
v 0.27772540 -0.09727200 -0.09590356
v 0.30061254 -0.11014432 -0.09187677
v 0.30163975 -0.10811566 -0.09554284
v 0.32554841 -0.10928059 -0.09038476
v 0.32628564 -0.10657155 -0.09413385
v 0.34704323 -0.10256573 -0.08830011
v 0.34855553 -0.09803517 -0.09204919
v 0.36164189 -0.09369786 -0.08543390
v 0.36870457 -0.08663525 -0.08918298
v 0.37835240 -0.08405011 -0.11215020
v 0.37835240 -0.08405011 -0.08918298
v 0.36870457 -0.08663525 0.08856298
v 0.37835240 -0.08887402 -0.11697810
v 0.37117875 -0.09092419 -0.11697810
v 0.38800007 -0.08663525 -0.11215020
v 0.38552243 -0.09092206 -0.11697810
v 0.38800007 -0.08663525 -0.08918298
v 0.37835240 -0.08405011 0.08856298
v 0.38800007 -0.08663525 0.08856298
v 0.38800007 -0.08663525 0.11153020
v 0.37835240 -0.08405011 0.11153020
v 0.37835240 -0.08887402 0.11635810
v 0.38552243 -0.09092206 0.11635810
v 0.36870457 -0.08663525 0.11153020
v 0.37117875 -0.09092419 0.11635810
v 0.34855553 -0.09803517 0.11153020
v 0.34704323 -0.10256573 0.11527930
v 0.36164189 -0.09369786 0.11527930
v 0.32554841 -0.10928059 0.11527930
v 0.34855553 -0.09803517 0.09142919
v 0.36164189 -0.09369786 0.08481390
v 0.34704323 -0.10256573 0.08768011
v 0.32628564 -0.10657155 0.11153020
v 0.30061254 -0.11014432 0.11500950
v 0.32628564 -0.10657155 0.09351385
v 0.32554841 -0.10928059 0.08976476
v 0.30163975 -0.10811566 0.11134340
v 0.27648330 -0.09901608 0.11448740
v 0.30163975 -0.10811566 0.09492284
v 0.30061254 -0.11014432 0.09125677
v 0.27772540 -0.09727200 0.11098270
v 0.25580040 -0.08214925 0.11368510
v 0.27772540 -0.09727200 0.09528356
v 0.27648330 -0.09901608 0.09177892
v 0.25664860 -0.08034711 0.11042820
v 0.22972290 -0.07638287 0.11254520
v 0.25664860 -0.08034711 0.09583837
v 0.25580040 -0.08214925 0.09258123
v 0.23032280 -0.07482701 0.10963990
v 0.20496050 -0.07713834 0.10771490
v 0.20680140 -0.07587407 0.10683970
v 0.23032280 -0.07482701 0.09662634
v 0.22972290 -0.07638287 0.09372107
v 0.20680140 -0.07587407 0.09942663
v 0.20496050 -0.07713834 0.09855139
v 0.35905675 -0.10334569 -0.08435510
v 0.34704323 -0.10256573 -0.08830011
v 0.36164189 -0.09369786 -0.08543390
v 0.34694710 -0.10851491 -0.08722131
v 0.36164189 -0.11299351 -0.08543390
v 0.32554841 -0.10928059 -0.09038476
v 0.34827515 -0.11431294 -0.08830011
v 0.32529648 -0.11292081 -0.08930597
v 0.30061254 -0.11014432 -0.09187677
v 0.32558465 -0.11654683 -0.09038476
v 0.29988728 -0.11302304 -0.09082208
v 0.27648330 -0.09901608 -0.09239892
v 0.29967625 -0.11596158 -0.09187677
v 0.27530810 -0.10156888 -0.09139032
v 0.25580040 -0.08214925 -0.09320123
v 0.27449650 -0.10427007 -0.09239892
v 0.25503660 -0.08465848 -0.09226404
v 0.22972290 -0.07638287 -0.09434107
v 0.25455670 -0.08721990 -0.09320123
v 0.22930440 -0.07853726 -0.09350519
v 0.20496050 -0.07713834 -0.09917139
v 0.22917940 -0.08071324 -0.09434107
v 0.20462280 -0.07886380 -0.09876459
v 0.20497400 -0.08058835 -0.09917139
v 0.39088528 -0.09610982 -0.11697810
v 0.38800007 -0.08663525 -0.11215020
v 0.38552243 -0.09092206 -0.11697810
v 0.39506291 -0.09369786 -0.11215020
v 0.38800007 -0.08663525 -0.08918298
v 0.39764786 -0.10334569 -0.11215020
v 0.39269662 -0.10334523 -0.11697810
v 0.39088528 -0.11058156 -0.11697810
v 0.39506291 -0.09369786 -0.08918298
v 0.38800007 -0.08663525 0.08856298
v 0.39506291 -0.11299351 -0.11215020
v 0.39764786 -0.10334569 -0.08918298
v 0.39506291 -0.09369786 0.08856298
v 0.38800007 -0.12005612 -0.11215020
v 0.38552285 -0.11576901 -0.11697810
v 0.39506291 -0.11299351 -0.08918298
v 0.38800007 -0.12005612 -0.08918298
v 0.39764786 -0.10334569 0.08856298
v 0.39506291 -0.11299351 0.08856298
v 0.38800007 -0.12005612 0.08856298
v 0.38800007 -0.12005612 0.11153020
v 0.39506291 -0.09369786 0.11153020
v 0.38800007 -0.08663525 0.11153020
v 0.39506291 -0.11299351 0.11153020
v 0.39764786 -0.10334569 0.11153020
v 0.39088528 -0.09610982 0.11635810
v 0.38552243 -0.09092206 0.11635810
v 0.39269662 -0.10334523 0.11635810
v 0.39088528 -0.11058156 0.11635810
v 0.38552285 -0.11576901 0.11635810
v 0.37117833 -0.11576695 0.11635810
v 0.38552285 -0.11576901 0.11635810
v 0.37835240 -0.11781720 0.11635810
v 0.37835030 -0.10334523 0.11635810
v 0.39088528 -0.11058156 0.11635810
v 0.39269662 -0.10334523 0.11635810
v 0.39088528 -0.09610982 0.11635810
v 0.38552243 -0.09092206 0.11635810
v 0.37117875 -0.09092419 0.11635810
v 0.37835240 -0.08887402 0.11635810
v 0.36400818 -0.10334554 0.11635810
v 0.36581952 -0.11058156 0.11635810
v 0.36870457 -0.12005612 0.11153020
v 0.36164189 -0.11299351 0.11527930
v 0.35905675 -0.10334569 0.11635810
v 0.34827515 -0.11431294 0.11527930
v 0.36581952 -0.09610982 0.11635810
v 0.36870457 -0.08663525 0.11153020
v 0.36164189 -0.09369786 0.11527930
v 0.34694710 -0.10851491 0.11635810
v 0.32558465 -0.11654683 0.11527930
v 0.34704323 -0.10256573 0.11527930
v 0.32529648 -0.11292081 0.11635810
v 0.29967625 -0.11596158 0.11500950
v 0.32554841 -0.10928059 0.11527930
v 0.29988728 -0.11302304 0.11606420
v 0.27449650 -0.10427007 0.11448740
v 0.30061254 -0.11014432 0.11500950
v 0.27530810 -0.10156888 0.11549600
v 0.25455670 -0.08721990 0.11368510
v 0.27648330 -0.09901608 0.11448740
v 0.25503660 -0.08465848 0.11462220
v 0.22917940 -0.08071324 0.11254520
v 0.25580040 -0.08214925 0.11368510
v 0.22930440 -0.07853726 0.11338140
v 0.20497400 -0.08058835 0.10771490
v 0.22972290 -0.07638287 0.11254520
v 0.20462280 -0.07886380 0.10812170
v 0.20496050 -0.07713834 0.10771490
v 0.20682470 -0.08184933 0.09942663
v 0.20497400 -0.08058835 0.10771490
v 0.20682470 -0.08184933 0.10683970
v 0.20497400 -0.08058835 0.09855139
v 0.20462280 -0.07886380 0.10812170
v 0.20462280 -0.07886380 0.09814459
v 0.20496050 -0.07713834 0.10771490
v 0.20496050 -0.07713834 0.09855139
v 0.20680140 -0.07587407 0.10683970
v 0.20680140 -0.07587407 0.09942663
v 0.35905675 -0.10334569 0.08373510
v 0.36164189 -0.09369786 0.08481390
v 0.34704323 -0.10256573 0.08768011
v 0.34694710 -0.10851491 0.08660131
v 0.36164189 -0.11299351 0.08481390
v 0.32554841 -0.10928059 0.08976476
v 0.34827515 -0.11431294 0.08768011
v 0.32529648 -0.11292081 0.08868597
v 0.30061254 -0.11014432 0.09125677
v 0.32558465 -0.11654683 0.08976476
v 0.29988728 -0.11302304 0.09020208
v 0.27648330 -0.09901608 0.09177892
v 0.29967625 -0.11596158 0.09125677
v 0.27530810 -0.10156888 0.09077032
v 0.25580040 -0.08214925 0.09258123
v 0.27449650 -0.10427007 0.09177892
v 0.25503660 -0.08465848 0.09164404
v 0.22972290 -0.07638287 0.09372107
v 0.25455670 -0.08721990 0.09258123
v 0.22930440 -0.07853726 0.09288519
v 0.20496050 -0.07713834 0.09855139
v 0.22917940 -0.08071324 0.09372107
v 0.20462280 -0.07886380 0.09814459
v 0.20497400 -0.08058835 0.09855139
vt 0.94850000 0.61380900
vt 0.94963000 0.90631400
vt 0.07462900 0.90627100
vt 0.07349500 0.61380900
vt 0.73993100 0.81788860
vt 0.73993100 0.44547100
vt 0.86492900 0.44547100
vt 0.86492900 0.81788860
vt 0.09989400 0.90632000
vt 0.10102700 0.61380300
vt 0.97603000 0.61380300
vt 0.97489000 0.90627700
vt 0.02761300 0.66057300
vt 0.99891000 0.66057300
vt 0.99891000 0.84217000
vt 0.02761300 0.80200900
vt 0.43697700 0.84217000
vt 0.40827900 0.80200900
vt 0.43697700 0.66057300
vt 0.40827900 0.66057300
vt 0.20215100 0.84241300
vt 0.17984100 0.59731700
vt 0.17983900 0.82010000
vt 0.20215700 0.59731700
vt 0.26453800 0.92279900
vt 0.26453800 0.59731700
vt 0.62063000 0.92279900
vt 0.68654000 0.84241800
vt 0.62063000 0.59731700
vt 0.17983900 0.82010000
vt 0.70885000 0.82010200
vt 0.68654000 0.59731700
vt 0.70885000 0.82010200
vt 0.70885000 0.59731700
vt 0.60766400 0.87448300
vt 0.60654900 0.62969400
vt 0.58408100 0.62969400
vt 0.58519600 0.86518000
vt 0.55229900 0.62969400
vt 0.55340900 0.86517800
vt 0.45673000 0.72231300
vt 0.47899000 0.91846000
vt 0.47899000 0.74457200
vt 0.45673000 0.91846000
vt 0.36208000 0.91846000
vt 0.36208000 0.60166300
vt 0.91055000 0.72231300
vt 0.47899000 0.74457200
vt 0.88829200 0.74457200
vt 0.00167700 0.60166300
vt 0.91055000 0.91846000
vt 0.00167700 0.91846000
vt 0.88829200 0.74457200
vt 0.88829200 0.91846000
vt 0.86192200 0.35303800
vt 0.86302900 0.14907810
vt 0.84055900 0.14907810
vt 0.83945700 0.34372400
vt 0.80877700 0.14907810
vt 0.80767300 0.34371300
vt 0.79397900 0.14908740
vt 0.79508500 0.35302900
vt 0.81755100 0.34371400
vt 0.81644700 0.14908740
vt 0.84822900 0.14908740
vt 0.84933400 0.34370300
vt 0.58952900 0.86518100
vt 0.62131100 0.86518000
vt 0.62242000 0.62969000
vt 0.59063800 0.62969000
vt 0.56817100 0.62969000
vt 0.56705800 0.87448700
vt 0.75616100 0.88701330
vt 0.75616100 0.34950600
vt 0.78794400 0.34950600
vt 0.78795100 0.88701330
vt 0.81041800 0.35881200
vt 0.81041900 0.87770830
vt 0.79689200 0.91168475
vt 0.76510500 0.31583800
vt 0.79689200 0.31583800
vt 0.76510500 0.91168475
vt 0.74263800 0.90237796
vt 0.74263800 0.32514600
vt 0.70312300 0.56725320
vt 0.72521700 0.57640480
vt 0.78697800 0.57640480
vt 0.69397100 0.54515880
vt 0.69397100 0.51390640
vt 0.78697800 0.45140600
vt 0.69652000 0.45140600
vt 0.67442500 0.46055800
vt 0.66527400 0.48265240
vt 0.66527400 0.51390640
vt 0.81312400 0.57652110
vt 0.81312400 0.51126640
vt 0.80397100 0.48917230
vt 0.78187800 0.48002080
vt 0.75062500 0.48002080
vt 0.68812500 0.57652110
vt 0.69727700 0.46047420
vt 0.68812500 0.48256900
vt 0.71937200 0.45132190
vt 0.75062500 0.45132190
vt 0.21103000 0.94684770
vt 0.23884000 0.94684770
vt 0.24232000 0.93869480
vt 0.21304000 0.93869480
vt 0.17303000 0.94684770
vt 0.21304000 0.76203010
vt 0.24232000 0.76203010
vt 0.17303000 0.93869480
vt 0.13503000 0.94684770
vt 0.21103000 0.75387720
vt 0.23884000 0.75387720
vt 0.17303000 0.75387720
vt 0.17303000 0.76203010
vt 0.13503000 0.75387720
vt 0.13302000 0.76203010
vt 0.10722000 0.75387720
vt 0.10374000 0.76203010
vt 0.13302000 0.93869480
vt 0.10722000 0.94684770
vt 0.10374000 0.93869480
vt 0.14928000 0.76057510
vt 0.11392000 0.76057510
vt 0.11205000 0.76816200
vt 0.14928000 0.76816200
vt 0.18464000 0.76057510
vt 0.18651000 0.76816200
vt 0.18651000 0.93256220
vt 0.14928000 0.93256220
vt 0.18464000 0.94014910
vt 0.11205000 0.93256220
vt 0.14928000 0.94014910
vt 0.11392000 0.94014910
vt 0.08753000 0.75387850
vt 0.05971000 0.75387850
vt 0.05623000 0.76203130
vt 0.08552000 0.76203130
vt 0.12552000 0.75387850
vt 0.08552000 0.93869350
vt 0.05623000 0.93869350
vt 0.12552000 0.76203130
vt 0.16352000 0.75387850
vt 0.08753000 0.94684640
vt 0.05971000 0.94684640
vt 0.12552000 0.94684640
vt 0.12552000 0.93869350
vt 0.16352000 0.94684640
vt 0.16553000 0.93869350
vt 0.19133000 0.94684640
vt 0.19482000 0.93869350
vt 0.16553000 0.76203130
vt 0.19133000 0.75387850
vt 0.19482000 0.76203130
vt 0.10177000 0.94015000
vt 0.13713000 0.94015000
vt 0.13900000 0.93256310
vt 0.10177000 0.93256310
vt 0.06641000 0.94015000
vt 0.06454000 0.93256310
vt 0.06454000 0.76816110
vt 0.10177000 0.76816110
vt 0.06641000 0.76057420
vt 0.13900000 0.76816110
vt 0.10177000 0.76057420
vt 0.13713000 0.76057420
vt 0.03015000 0.85586830
vt 0.03015000 0.83282670
vt 0.02624000 0.83490150
vt 0.02624000 0.85586830
vt 0.03015000 0.87890790
vt 0.02624000 0.87683310
vt 0.01884000 0.85586830
vt 0.01884000 0.87683310
vt 0.01884000 0.83490150
vt 0.02624000 0.81955460
vt 0.01884000 0.81955460
vt 0.01537000 0.82266600
vt 0.01537000 0.83669880
vt 0.01537000 0.85586830
vt 0.01537000 0.87503670
vt 0.01884000 0.89218120
vt 0.02624000 0.89218120
vt 0.01537000 0.88906980
vt 0.09515000 0.81551820
vt 0.10848000 0.82884820
vt 0.11160000 0.82704550
vt 0.09695000 0.81239600
vt 0.11856000 0.82302500
vt 0.10097000 0.80543170
vt 0.07694000 0.80703380
vt 0.12500000 0.84705760
vt 0.11696000 0.84705760
vt 0.07694000 0.79899170
vt 0.05693000 0.81239600
vt 0.11856000 0.87108990
vt 0.11160000 0.86706880
vt 0.13013000 0.81634700
vt 0.13836000 0.84705760
vt 0.10765000 0.79386510
vt 0.13013000 0.87776800
vt 0.14735000 0.84705760
vt 0.13792000 0.81185080
vt 0.13792000 0.88226410
vt 0.11214000 0.78607790
vt 0.11214000 0.90803710
vt 0.07694000 0.78563670
vt 0.07694000 0.77664360
vt 0.10765000 0.90024980
vt 0.07694000 0.91747090
vt 0.05291000 0.80543170
vt 0.04623000 0.79386510
vt 0.04173000 0.78607790
vt 0.10097000 0.88868360
vt 0.07694000 0.90847850
vt 0.04173000 0.90803710
vt 0.02375000 0.81634700
vt 0.01596000 0.81185080
vt 0.03531000 0.82302500
vt 0.04228000 0.82704550
vt 0.04540000 0.82884820
vt 0.05873000 0.81551820
vt 0.03691000 0.84705760
vt 0.02887000 0.84705760
vt 0.04228000 0.86706880
vt 0.01552000 0.84705760
vt 0.00653000 0.84705760
vt 0.03531000 0.87108990
vt 0.02375000 0.87776800
vt 0.01596000 0.88226410
vt 0.04623000 0.90024980
vt 0.05291000 0.88868360
vt 0.07694000 0.89512310
vt 0.05693000 0.88171890
vt 0.05873000 0.87859700
vt 0.04540000 0.86526670
vt 0.07694000 0.88708110
vt 0.09695000 0.88171890
vt 0.10848000 0.86526670
vt 0.09515000 0.87859700
vt 0.08447000 0.84671890
vt 0.08822000 0.86678160
vt 0.08822000 0.84473280
vt 0.08447000 0.86678160
vt 0.08822000 0.88882930
vt 0.08447000 0.88684390
vt 0.07739000 0.88684390
vt 0.07739000 0.86678160
vt 0.07739000 0.84671890
vt 0.07407000 0.84843800
vt 0.07407000 0.86678160
vt 0.07407000 0.88512400
vt 0.02906000 0.88951300
vt 0.02519000 0.86878790
vt 0.02519000 0.89156400
vt 0.02906000 0.86878790
vt 0.02519000 0.84601120
vt 0.02906000 0.84806250
vt 0.03637000 0.86878790
vt 0.03637000 0.84806250
vt 0.03637000 0.83289060
vt 0.02906000 0.83289060
vt 0.03980000 0.86878790
vt 0.03980000 0.84983870
vt 0.03980000 0.88773680
vt 0.03637000 0.88951300
vt 0.02906000 0.90468490
vt 0.03980000 0.90160840
vt 0.03637000 0.90468490
vt 0.05828000 0.88180330
vt 0.05445000 0.86129210
vt 0.05445000 0.88383310
vt 0.05828000 0.86129210
vt 0.05445000 0.83874980
vt 0.05828000 0.84078050
vt 0.06552000 0.84078050
vt 0.06552000 0.86129210
vt 0.06552000 0.88180330
vt 0.06891000 0.86129210
vt 0.06891000 0.84253800
vt 0.06891000 0.88004580
vt 0.06891000 0.89377460
vt 0.06552000 0.89681910
vt 0.03493000 0.86878790
vt 0.03879000 0.84808440
vt 0.03493000 0.84603520
vt 0.03879000 0.86878790
vt 0.03493000 0.89153990
vt 0.03879000 0.88949110
vt 0.04609000 0.86878790
vt 0.04609000 0.88949110
vt 0.04609000 0.84808440
vt 0.03879000 0.83292840
vt 0.04609000 0.83292840
vt 0.04952000 0.84985870
vt 0.04952000 0.86878790
vt 0.04952000 0.88771680
vt 0.04609000 0.90464710
vt 0.03879000 0.90464710
vt 0.04952000 0.90157390
vt 0.02809000 0.81551440
vt 0.01164000 0.82704310
vt 0.01476000 0.82884640
vt 0.02629000 0.81239220
vt 0.00467000 0.82302250
vt 0.02227000 0.80542670
vt 0.04630000 0.80702930
vt 0.99823000 0.84705790
vt 0.00627000 0.84705790
vt 0.04630000 0.79898670
vt 0.06632000 0.81239220
vt 0.00467000 0.87109280
vt 0.01164000 0.86707180
vt 0.99310000 0.81634370
vt 0.98487000 0.84705790
vt 0.01559000 0.79385940
vt 0.99310000 0.87777230
vt 0.97588000 0.84705790
vt 0.98532000 0.81184730
vt 0.98532000 0.88226860
vt 0.01109000 0.78607090
vt 0.01109000 0.90804510
vt 0.04630000 0.78562940
vt 0.04630000 0.77663590
vt 0.01559000 0.90025660
vt 0.04630000 0.91747890
vt 0.07034000 0.80542670
vt 0.07701000 0.79385940
vt 0.08151000 0.78607090
vt 0.02227000 0.88868860
vt 0.04630000 0.90848690
vt 0.08151000 0.90804510
vt 0.09950000 0.81634370
vt 0.10729000 0.81184730
vt 0.08793000 0.82302250
vt 0.08097000 0.82704310
vt 0.07785000 0.82884640
vt 0.06451000 0.81551440
vt 0.08633000 0.84705790
vt 0.09437000 0.84705790
vt 0.08097000 0.86707180
vt 0.10773000 0.84705790
vt 0.11672000 0.84705790
vt 0.08793000 0.87109280
vt 0.09950000 0.87777230
vt 0.10729000 0.88226860
vt 0.07701000 0.90025660
vt 0.07034000 0.88868860
vt 0.04630000 0.89512930
vt 0.06632000 0.88172360
vt 0.06451000 0.87860070
vt 0.07785000 0.86526880
vt 0.04630000 0.88708660
vt 0.02629000 0.88172360
vt 0.01476000 0.86526880
vt 0.02809000 0.87860070
vt 0.08755000 0.85333990
vt 0.08381000 0.85135470
vt 0.08381000 0.87339150
vt 0.08755000 0.87339150
vt 0.08381000 0.89542760
vt 0.08755000 0.89344250
vt 0.09463000 0.89344250
vt 0.09463000 0.87339150
vt 0.09463000 0.85333990
vt 0.09794000 0.85505830
vt 0.09794000 0.87339150
vt 0.09794000 0.89172480
vt 0.05539000 0.88948420
vt 0.05925000 0.89153230
vt 0.05925000 0.86878790
vt 0.05539000 0.86878790
vt 0.05925000 0.84604280
vt 0.05539000 0.84809140
vt 0.04808000 0.86878790
vt 0.04808000 0.84809140
vt 0.04808000 0.83294050
vt 0.05539000 0.83294050
vt 0.04466000 0.86878790
vt 0.04466000 0.84986500
vt 0.04466000 0.88771050
vt 0.04808000 0.88948420
vt 0.05539000 0.90463510
vt 0.04466000 0.90156280
vt 0.04808000 0.90463510
vt 0.07481000 0.88179660
vt 0.07864000 0.88382590
vt 0.07864000 0.86129520
vt 0.07481000 0.86129520
vt 0.07864000 0.83876360
vt 0.07481000 0.84079330
vt 0.06758000 0.84079330
vt 0.06758000 0.86129520
vt 0.06758000 0.88179660
vt 0.06419000 0.86129520
vt 0.06419000 0.84254990
vt 0.06419000 0.88003950
vt 0.06419000 0.89376220
vt 0.06758000 0.89680520
vt 0.03663000 0.83952100
vt 0.03933000 0.83796080
vt 0.02600000 0.82462730
vt 0.02444000 0.82733130
vt 0.02287000 0.83003490
vt 0.03392000 0.84108230
vt 0.00778000 0.82599130
vt 0.04109000 0.85617400
vt 0.00778000 0.82286910
vt 0.03797000 0.85617400
vt 0.99269000 0.83003490
vt 0.03663000 0.87282590
vt 0.99113000 0.82733130
vt 0.03392000 0.87126510
vt 0.98165000 0.84108230
vt 0.02444000 0.88501670
vt 0.97894000 0.83952100
vt 0.02287000 0.88231310
vt 0.97760000 0.85617400
vt 0.00778000 0.88947890
vt 0.97448000 0.85617400
vt 0.00778000 0.88635670
vt 0.98165000 0.87126510
vt 0.99113000 0.88501670
vt 0.97894000 0.87282590
vt 0.99269000 0.88231310
vt 0.02213000 0.80788750
vt 0.02213000 0.81095430
vt 0.03695000 0.81492560
vt 0.03848000 0.81226990
vt 0.00577000 0.81226990
vt 0.04780000 0.82577600
vt 0.00730000 0.81492560
vt 0.05045000 0.82424290
vt 0.99380000 0.82424290
vt 0.05177000 0.84059750
vt 0.99645000 0.82577600
vt 0.05483000 0.84059750
vt 0.98942000 0.84059750
vt 0.04780000 0.85541890
vt 0.99248000 0.84059750
vt 0.05045000 0.85695230
vt 0.99380000 0.85695230
vt 0.03695000 0.86626960
vt 0.99645000 0.85541890
vt 0.03848000 0.86892530
vt 0.00577000 0.86892530
vt 0.02213000 0.87024090
vt 0.00730000 0.86626960
vt 0.02213000 0.87330780
vt 0.73875800 0.27847900
vt 0.76635900 0.26997500
vt 0.76635900 0.77052840
vt 0.73875800 0.76020520
vt 0.64410100 0.30519180
vt 0.61663100 0.31546730
vt 0.61663100 0.79153250
vt 0.64410100 0.79153250
vt 0.64410100 0.27787300
vt 0.61663100 0.26759800
vt 0.62707700 0.33089960
vt 0.65691600 0.27609500
vt 0.62707700 0.26326690
vt 0.65689900 0.33783730
vt 0.62707700 0.40828560
vt 0.65689900 0.42439340
vt 0.62707700 0.53117990
vt 0.65691600 0.53892270
vt 0.62707700 0.64063330
vt 0.65691600 0.64476560
vt 0.62707700 0.79153260
vt 0.65691600 0.79153260
vt 0.65691600 0.93829850
vt 0.62707700 0.94243140
vt 0.65691600 0.04414200
vt 0.62707700 0.05188500
vt 0.65689900 0.15867100
vt 0.62707700 0.17477900
vt 0.65689900 0.24522700
vt 0.62707700 0.25216500
vt 0.65691600 0.30697000
vt 0.62707700 0.31979800
vt 0.82544200 0.20829200
vt 0.81516700 0.18082100
vt 0.89126000 0.18082000
vt 0.88099000 0.20829100
vt 0.86982000 0.71382540
vt 0.88009000 0.74129580
vt 0.35616100 0.74129720
vt 0.35616100 0.71382610
vt 0.84250500 0.71382610
vt 0.83223000 0.74129720
vt 0.35616100 0.75292710
vt 0.88009000 0.72545570
vt 0.86982000 0.75292630
vt 0.35616100 0.72545560
vt 0.83223000 0.72545640
vt 0.84250300 0.75292700
vt 0.33641100 0.80272330
vt 0.39561200 0.74703480
vt 0.39561100 0.41800220
vt 0.33491300 0.34869600
vt 0.33491300 0.34869600
vt 0.39561100 0.41800220
vt 0.79874400 0.41800220
vt 0.79874400 0.34869670
vt 0.26257300 0.34869600
vt 0.20187500 0.41800220
vt 0.39179100 0.81879620
vt 0.39561200 0.74703480
vt 0.33641100 0.80272330
vt 0.44476500 0.76238820
vt 0.46943000 0.87003290
vt 0.51194700 0.80089150
vt 0.57216000 0.95257840
vt 0.60543800 0.87683300
vt 0.66709800 0.98711510
vt 0.68535400 0.90530900
vt 0.79874400 0.01120500
vt 0.79874400 0.92676130
vt 0.91213300 0.90530900
vt 0.93039000 0.98711510
vt 0.99204900 0.87683300
vt 0.02532900 0.95257840
vt 0.08554100 0.80089150
vt 0.12805800 0.87003290
vt 0.15272400 0.76238820
vt 0.20569600 0.81879620
vt 0.20187600 0.74703480
vt 0.26107800 0.80272330
vt 0.88907000 0.34198100
vt 0.95140000 0.28119900
vt 0.95140000 0.50047270
vt 0.88907000 0.43968630
vt 0.88907000 0.43968630
vt 0.95140000 0.50047270
vt 0.35401800 0.50047270
vt 0.35401800 0.43968630
vt 0.81896200 0.43968630
vt 0.75664000 0.50047260
vt 0.35401800 0.34198200
vt 0.95140000 0.28119900
vt 0.88907000 0.34198100
vt 0.35401800 0.28119900
vt 0.75664000 0.28119900
vt 0.81896200 0.34198200
vt 0.95140000 0.50047270
vt 0.95140000 0.28119900
vt 0.35401800 0.28119900
vt 0.35401800 0.50047270
vt 0.75664000 0.50047260
vt 0.75664000 0.28119900
vt 0.44476500 0.76238820
vt 0.39561100 0.41800220
vt 0.39561200 0.74703480
vt 0.44476500 0.46224500
vt 0.51194700 0.80089150
vt 0.79874400 0.41800220
vt 0.51194700 0.51750930
vt 0.60543800 0.87683300
vt 0.79874400 0.46224500
vt 0.60543800 0.58357310
vt 0.68535400 0.90530900
vt 0.15272400 0.46224490
vt 0.20187500 0.41800220
vt 0.79874400 0.51751080
vt 0.68535400 0.65184020
vt 0.79874400 0.92676130
vt 0.15272400 0.76238820
vt 0.20187600 0.74703480
vt 0.08554100 0.80089150
vt 0.08554100 0.51751010
vt 0.99204900 0.87683300
vt 0.99204900 0.58357310
vt 0.91213300 0.90530900
vt 0.79874400 0.58357380
vt 0.91213300 0.65184020
vt 0.79874400 0.65184020
vt 0.75472900 0.27848600
vt 0.75472900 0.76019800
vt 0.72712800 0.77052130
vt 0.72712800 0.26998200
vt 0.82544000 0.19245200
vt 0.88099000 0.19245100
vt 0.89126000 0.21992200
vt 0.81516700 0.21992300
vt 0.26107800 0.80272330
vt 0.26257300 0.34869600
vt 0.20187500 0.41800220
vt 0.20187600 0.74703480
vt 0.81896200 0.34198200
vt 0.81896200 0.43968630
vt 0.75664000 0.50047260
vt 0.75664000 0.28119900
vt 0.74309800 0.27849000
vt 0.74309800 0.76019420
vt 0.71549700 0.77051760
vt 0.71549700 0.26998600
vt 0.57010700 0.30518550
vt 0.59757800 0.79153250
vt 0.59757800 0.31546110
vt 0.57010700 0.79153250
vt 0.57010700 0.27787900
vt 0.59757800 0.26760400
vt 0.61039300 0.33089410
vt 0.61039300 0.26326050
vt 0.58055400 0.27608870
vt 0.58056900 0.33783180
vt 0.61039300 0.40828100
vt 0.58056900 0.42438890
vt 0.61039300 0.53117680
vt 0.58055400 0.53891970
vt 0.61039300 0.64063160
vt 0.58055400 0.64476390
vt 0.61039300 0.79153270
vt 0.58055400 0.79153270
vt 0.58055400 0.93830050
vt 0.61039300 0.94243340
vt 0.58055400 0.04414600
vt 0.61039300 0.05188900
vt 0.58056900 0.15867600
vt 0.61039300 0.17478400
vt 0.58056900 0.24523300
vt 0.61039300 0.25217100
vt 0.58055400 0.30697700
vt 0.61039300 0.31980400
vt 0.88688000 0.57758520
vt 0.83133300 0.57758590
vt 0.82105900 0.55011540
vt 0.89716000 0.55011460
vt 0.84250500 0.99384840
vt 0.35616100 0.02131900
vt 0.83223000 0.02131900
vt 0.35616100 0.99384770
vt 0.86982000 0.99384770
vt 0.88009000 0.02131900
vt 0.35616100 0.00968700
vt 0.84250600 0.00968800
vt 0.83223200 0.98221770
vt 0.35616100 0.98221690
vt 0.88009000 0.98221690
vt 0.86982000 0.00968700
vt 0.32295700 0.16247900
vt 0.32445300 0.70845150
vt 0.26375600 0.77775730
vt 0.26375600 0.10678800
vt 0.32445300 0.70845150
vt 0.86062300 0.77775730
vt 0.26375600 0.77775730
vt 0.86062300 0.70845080
vt 0.39679300 0.70845150
vt 0.45749300 0.77775730
vt 0.26757600 0.17854900
vt 0.32295700 0.16247900
vt 0.26375600 0.10678800
vt 0.21460200 0.12214300
vt 0.18993700 0.22978800
vt 0.14742100 0.16064300
vt 0.08720700 0.31233300
vt 0.05392900 0.23658800
vt 0.99227000 0.34686800
vt 0.97401200 0.26506300
vt 0.86062300 0.37095700
vt 0.86062300 0.28651400
vt 0.74723400 0.26506300
vt 0.72897900 0.34686800
vt 0.66732000 0.23658800
vt 0.63404000 0.31233300
vt 0.57382700 0.16064300
vt 0.53131100 0.22978800
vt 0.50664500 0.12214300
vt 0.45367100 0.17854900
vt 0.45749300 0.10678800
vt 0.39829000 0.16247900
vt 0.82324900 0.14337800
vt 0.82324900 0.24108310
vt 0.76092600 0.30186650
vt 0.76092600 0.08259300
vt 0.82324900 0.24108310
vt 0.35830400 0.30186650
vt 0.76092600 0.30186650
vt 0.35830400 0.24108310
vt 0.89336000 0.24108310
vt 0.95568000 0.30186650
vt 0.35830400 0.14337800
vt 0.82324900 0.14337800
vt 0.76092600 0.08259300
vt 0.35830400 0.08259300
vt 0.95568000 0.08259300
vt 0.89336000 0.14337700
vt 0.76092600 0.30186650
vt 0.35830400 0.08259300
vt 0.76092600 0.08259300
vt 0.35830400 0.30186650
vt 0.95568000 0.30186650
vt 0.95568000 0.08259300
vt 0.21460200 0.12214300
vt 0.26375600 0.10678800
vt 0.26375600 0.77775730
vt 0.21460200 0.82200020
vt 0.14742100 0.16064300
vt 0.86062300 0.77775730
vt 0.14742100 0.87726320
vt 0.05392900 0.23658800
vt 0.86062300 0.82200020
vt 0.05392900 0.94332629
vt 0.97401200 0.26506300
vt 0.50664500 0.82200020
vt 0.45749300 0.77775730
vt 0.86062300 0.87726320
vt 0.97401200 0.01159233
vt 0.86062300 0.28651400
vt 0.50664500 0.12214300
vt 0.45749300 0.10678800
vt 0.57382700 0.16064300
vt 0.57382700 0.87726320
vt 0.66732000 0.23658800
vt 0.66732000 0.94332629
vt 0.74723400 0.26506300
vt 0.86062300 0.94332629
vt 0.74723400 0.01159233
vt 0.86062300 0.01159233
vt 0.70386600 0.27848800
vt 0.73146700 0.26998400
vt 0.73146700 0.77051960
vt 0.70386600 0.76019630
vt 0.88688000 0.53848360
vt 0.89716000 0.56595420
vt 0.82106000 0.56595500
vt 0.83133400 0.53848430
vt 0.39829000 0.16247900
vt 0.45749300 0.10678800
vt 0.45749300 0.77775730
vt 0.39679300 0.70845150
vt 0.89336000 0.14337700
vt 0.95568000 0.08259300
vt 0.95568000 0.30186650
vt 0.89336000 0.24108310
vt 0.70561400 0.07258815
vt 0.58442600 0.93161100
vt 0.70561400 0.93161100
vt 0.58442600 0.07258815
vt 0.70561400 0.83717930
vt 0.58442600 0.83717930
vt 0.70561400 0.75663300
vt 0.58442600 0.75663300
vt 0.75643500 0.12967800
vt 0.63524700 0.12967800
vt 0.63524700 0.84404970
vt 0.75643500 0.84404970
vt 0.63524700 0.55842100
vt 0.75643500 0.55842100
vt 0.61816900 0.93161200
vt 0.73935600 0.93161200
vt 0.73935600 0.07258803
vt 0.61816900 0.07258803
vt 0.73935600 0.83717910
vt 0.61816900 0.83717910
vt 0.73935600 0.75663200
vt 0.61816900 0.75663200
vt 0.60322800 0.55842000
vt 0.72441500 0.55842000
vt 0.72441500 0.84405010
vt 0.60322800 0.84405010
vt 0.72441500 0.12967940
vt 0.60322800 0.12967940
vt 0.15587400 0.92313200
vt 0.15587400 0.75662000
vt 0.44150000 0.75662100
vt 0.87025100 0.75662000
vt 0.68518000 0.92313200
vt 0.62656800 0.92313200
vt 0.44150000 0.83717670
vt 0.87025100 0.83717660
vt 0.68518000 0.83717660
vt 0.62656900 0.83717660
vt 0.44150000 0.07258406
vt 0.87025100 0.07258403
vt 0.68518000 0.07258409
vt 0.44150000 0.93162300
vt 0.15587400 0.07258406
vt 0.15587400 0.83717280
vt 0.68518000 0.53509300
vt 0.62656900 0.07258403
vt 0.87025100 0.93162300
vt 0.62656900 0.53509300
vt 0.74544000 0.55553000
vt 0.56630600 0.55553000
vt 0.75163000 0.89861700
vt 0.81440000 0.60030700
vt 0.15587500 0.93162300
vt 0.56012400 0.89861600
vt 0.49735400 0.60030700
vt 0.81440000 0.85776300
vt 0.15587500 0.85776300
vt 0.92390000 0.68801400
vt 0.15587500 0.89861700
vt 0.49735400 0.85776300
vt 0.38785400 0.68801400
vt 0.92390000 0.82429000
vt 0.02142100 0.72363800
vt 0.38785400 0.82429000
vt 0.29032900 0.72363800
vt 0.02142100 0.78365900
vt 0.15587500 0.74805600
vt 0.15587500 0.82429000
vt 0.29032900 0.78365900
vt 0.15587500 0.78365900
vt 0.47099000 0.92313600
vt 0.18536500 0.75662400
vt 0.47099000 0.75662400
vt 0.75662000 0.75662400
vt 0.94168200 0.92313700
vt 0.00029900 0.92313700
vt 0.18536500 0.83717600
vt 0.75662000 0.83717600
vt 0.94168200 0.83717600
vt 0.00029900 0.83717600
vt 0.18536500 0.07258624
vt 0.75662000 0.07258624
vt 0.94168200 0.07258540
vt 0.18536500 0.93162000
vt 0.47099000 0.07258442
vt 0.47099000 0.83717600
vt 0.94168200 0.53508800
vt 0.00029900 0.07258540
vt 0.75662000 0.93162000
vt 0.00029900 0.53508800
vt 0.88142000 0.55552700
vt 0.06056000 0.55552700
vt 0.87523800 0.89861200
vt 0.81246900 0.60030200
vt 0.47099000 0.93162000
vt 0.06674200 0.89861200
vt 0.12951300 0.60030200
vt 0.81246900 0.85775800
vt 0.47099000 0.85775800
vt 0.70296900 0.68800900
vt 0.47099000 0.89861200
vt 0.12951300 0.85775800
vt 0.23901200 0.68800900
vt 0.70296900 0.82428600
vt 0.60544300 0.72363200
vt 0.23901200 0.82428600
vt 0.33653700 0.72363200
vt 0.60544300 0.78365500
vt 0.47099000 0.74805200
vt 0.47099000 0.82428600
vt 0.33653700 0.78365500
vt 0.47099000 0.78365500
vt 0.73566000 0.87473970
vt 0.72358000 0.57716580
vt 0.72358000 0.88115160
vt 0.73566000 0.58357760
vt 0.75216000 0.87289460
vt 0.75216000 0.58542270
vt 0.76866000 0.87473970
vt 0.76866000 0.58357760
vt 0.78074000 0.88115160
vt 0.78074000 0.57716580
vt 0.92106000 0.85617410
vt 0.91780000 0.86759260
vt 0.92106000 0.87900540
vt 0.94083000 0.86758930
vt 0.92931000 0.88754050
vt 0.94083000 0.89042340
vt 0.95235000 0.88754050
vt 0.96061000 0.87900470
vt 0.96060000 0.85617480
vt 0.96387000 0.86759260
vt 0.94083000 0.84476180
vt 0.92931000 0.84764470
vt 0.91424000 0.85223680
vt 0.92548000 0.84099560
vt 0.94083000 0.83688070
vt 0.92338000 0.81972040
vt 0.95235000 0.84764470
vt 0.96743000 0.85223680
vt 0.95619000 0.84099560
vt 0.93260000 0.81760660
vt 0.91982000 0.78360520
vt 0.94207000 0.81775970
vt 0.92559000 0.78314660
vt 0.92075000 0.74236810
vt 0.93139000 0.78354760
vt 0.92543000 0.74270420
vt 0.93936000 0.70229110
vt 0.93001000 0.74385840
vt 0.94366000 0.70358280
vt 0.96650000 0.67055400
vt 0.94772000 0.70545330
vt 0.97058000 0.67131780
vt 0.97685000 0.63016230
vt 0.97457000 0.67253340
vt 0.98032000 0.63036120
vt 0.97705000 0.59163590
vt 0.98375000 0.63102730
vt 0.97980000 0.59107700
vt 0.98255000 0.59161450
vt 0.50389000 0.53423740
vt 0.50389000 0.54748680
vt 0.50614000 0.54905100
vt 0.50614000 0.53267280
vt 0.50922000 0.54977840
vt 0.50922000 0.53194580
vt 0.51230000 0.54905100
vt 0.51230000 0.53267280
vt 0.51457000 0.54748680
vt 0.51457000 0.53423740
vt 0.17645000 0.58364590
vt 0.21000000 0.58219630
vt 0.18805000 0.57748970
vt 0.20610000 0.58835230
vt 0.24726000 0.58561920
vt 0.24604000 0.59177510
vt 0.28980000 0.58806930
vt 0.28919000 0.59408870
vt 0.33114000 0.58892650
vt 0.33148000 0.59468110
vt 0.36389000 0.59024380
vt 0.36399000 0.59559190
vt 0.40556000 0.59211540
vt 0.40522000 0.59688570
vt 0.44530000 0.60004710
vt 0.44226000 0.60148430
vt 0.40522000 0.61825430
vt 0.44226000 0.61365580
vt 0.36399000 0.61954820
vt 0.40556000 0.62302510
vt 0.44530000 0.61509320
vt 0.36389000 0.62489660
vt 0.33114000 0.62621370
vt 0.33148000 0.62045930
vt 0.28980000 0.62707100
vt 0.28919000 0.62105170
vt 0.24726000 0.62751420
vt 0.24604000 0.62135830
vt 0.21000000 0.62751420
vt 0.20610000 0.62135830
vt 0.18805000 0.62751420
vt 0.17645000 0.62135830
vt 0.16061000 0.58364590
vt 0.16061000 0.29178700
vt 0.17645000 0.29178700
vt 0.16061000 0.62135830
vt 0.16061000 0.62928550
vt 0.17239000 0.62928550
vt 0.14477000 0.62135830
vt 0.14884000 0.62928550
vt 0.14477000 0.58364590
vt 0.14477000 0.29178700
vt 0.16061000 0.25407480
vt 0.14477000 0.25407480
vt 0.17645000 0.25407480
vt 0.16061000 0.24614760
vt 0.14884000 0.24614740
vt 0.17239000 0.24614740
vt 0.20610000 0.28708060
vt 0.21000000 0.29323690
vt 0.18805000 0.29794310
vt 0.24726000 0.28981400
vt 0.20610000 0.25407480
vt 0.18805000 0.24791890
vt 0.21000000 0.24791890
vt 0.24604000 0.28365790
vt 0.28980000 0.28736350
vt 0.24604000 0.25407480
vt 0.24726000 0.24791890
vt 0.28919000 0.28134450
vt 0.33114000 0.28650670
vt 0.28919000 0.25438120
vt 0.28980000 0.24836200
vt 0.33148000 0.28075200
vt 0.36389000 0.28518920
vt 0.33148000 0.25497380
vt 0.33114000 0.24921920
vt 0.36399000 0.27984120
vt 0.40556000 0.28331760
vt 0.36399000 0.25588460
vt 0.36389000 0.25053650
vt 0.40522000 0.27854710
vt 0.44530000 0.27538600
vt 0.44226000 0.27394870
vt 0.40522000 0.25717870
vt 0.40556000 0.25240800
vt 0.44226000 0.26177700
vt 0.44530000 0.26033970
vt 0.59305000 0.25332870
vt 0.62877000 0.24714760
vt 0.60470000 0.24714760
vt 0.62627000 0.25332870
vt 0.66420000 0.24714760
vt 0.66299000 0.25332870
vt 0.70531000 0.24759280
vt 0.70362000 0.25363640
vt 0.74510000 0.24845310
vt 0.74305000 0.25423120
vt 0.77919000 0.24977580
vt 0.77780000 0.25514550
vt 0.82219000 0.25165520
vt 0.82120000 0.25644510
vt 0.86301000 0.25961910
vt 0.85998000 0.26106190
vt 0.82120000 0.27790030
vt 0.85998000 0.27328320
vt 0.77780000 0.27919950
vt 0.82219000 0.28269000
vt 0.86301000 0.27472650
vt 0.77919000 0.28456920
vt 0.74510000 0.28589220
vt 0.74305000 0.28011380
vt 0.70531000 0.28675280
vt 0.70362000 0.28070870
vt 0.66420000 0.28921290
vt 0.66299000 0.28303160
vt 0.62877000 0.29264980
vt 0.62627000 0.28646880
vt 0.60470000 0.29737520
vt 0.59305000 0.29119380
vt 0.57715000 0.25332870
vt 0.57715000 0.29119380
vt 0.59305000 0.58423860
vt 0.57715000 0.24536890
vt 0.58897000 0.24536890
vt 0.56124000 0.25332870
vt 0.56533000 0.24536890
vt 0.56124000 0.29119380
vt 0.57715000 0.58423860
vt 0.56124000 0.58423860
vt 0.56124000 0.62210390
vt 0.57715000 0.62210390
vt 0.57715000 0.63006380
vt 0.56533000 0.63006380
vt 0.59305000 0.62210390
vt 0.58897000 0.63006380
vt 0.62627000 0.62210390
vt 0.62877000 0.62828490
vt 0.60470000 0.62828490
vt 0.66420000 0.62828490
vt 0.62627000 0.58896390
vt 0.60470000 0.57805730
vt 0.62877000 0.58278300
vt 0.66299000 0.62210390
vt 0.70531000 0.62783960
vt 0.66299000 0.59240090
vt 0.66420000 0.58621970
vt 0.70362000 0.62179610
vt 0.74510000 0.62697950
vt 0.70362000 0.59472380
vt 0.70531000 0.58867970
vt 0.74305000 0.62120150
vt 0.77919000 0.62565690
vt 0.74305000 0.59531870
vt 0.74510000 0.58954030
vt 0.77780000 0.62028700
vt 0.82219000 0.62377750
vt 0.77780000 0.59623300
vt 0.77919000 0.59086330
vt 0.82120000 0.61898740
vt 0.86301000 0.61581340
vt 0.85998000 0.61437060
vt 0.82120000 0.59753250
vt 0.82219000 0.59274260
vt 0.85998000 0.60214940
vt 0.86301000 0.60070620
vt 0.67449000 0.82787640
vt 0.67324000 0.80857510
vt 0.65899000 0.83202920
vt 0.68280000 0.80842100
vt 0.68999000 0.83202920
vt 0.68403000 0.77404120
vt 0.69211000 0.81055430
vt 0.68988000 0.77363680
vt 0.68542000 0.73397920
vt 0.69570000 0.77409930
vt 0.69004000 0.73281450
vt 0.66754000 0.69521320
vt 0.69476000 0.73247550
vt 0.67164000 0.69332470
vt 0.64044000 0.66198380
vt 0.67598000 0.69202110
vt 0.64447000 0.66075690
vt 0.63117000 0.62008700
vt 0.64858000 0.65998600
vt 0.63463000 0.61941550
vt 0.63239000 0.58030430
vt 0.63813000 0.61921450
vt 0.63516000 0.57976190
vt 0.63793000 0.58032600
vt 0.05753000 0.23695150
vt 0.07383000 0.24525970
vt 0.06646000 0.23695150
vt 0.06168000 0.24525970
vt 0.07383000 0.28478210
vt 0.04507000 0.24525970
vt 0.04508000 0.23695150
vt 0.03263000 0.23695150
vt 0.06168000 0.28478210
vt 0.07383000 0.59065080
vt 0.02847000 0.24525970
vt 0.04507000 0.28478210
vt 0.06168000 0.59065080
vt 0.01632000 0.24525970
vt 0.02370000 0.23695150
vt 0.02847000 0.28478210
vt 0.01632000 0.28478210
vt 0.04507000 0.59065080
vt 0.02847000 0.59065080
vt 0.01632000 0.59065080
vt 0.01632000 0.63017330
vt 0.06168000 0.63017330
vt 0.07383000 0.63017330
vt 0.02847000 0.63017330
vt 0.04507000 0.63017330
vt 0.05753000 0.63848140
vt 0.06646000 0.63848140
vt 0.04508000 0.63848140
vt 0.03263000 0.63848140
vt 0.02370000 0.63848140
vt 0.87275000 0.85614400
vt 0.87275000 0.87897000
vt 0.87601000 0.86755990
vt 0.85298000 0.86755660
vt 0.86449000 0.88750230
vt 0.85298000 0.89038500
vt 0.84146000 0.88750230
vt 0.83321000 0.87896930
vt 0.83321000 0.85614470
vt 0.82995000 0.86755990
vt 0.85298000 0.84473450
vt 0.86449000 0.84761740
vt 0.87957000 0.85220760
vt 0.86833000 0.84096920
vt 0.85298000 0.83685620
vt 0.87043000 0.81969980
vt 0.84146000 0.84761740
vt 0.82639000 0.85220760
vt 0.83763000 0.84096920
vt 0.86121000 0.81758690
vt 0.87399000 0.78359440
vt 0.85174000 0.81773960
vt 0.86822000 0.78313550
vt 0.87305000 0.74236790
vt 0.86242000 0.78353600
vt 0.86838000 0.74270370
vt 0.85445000 0.70230070
vt 0.86380000 0.74385730
vt 0.85015000 0.70359250
vt 0.82732000 0.67057140
vt 0.84609000 0.70546230
vt 0.82324000 0.67133560
vt 0.81697000 0.63019070
vt 0.81925000 0.67255080
vt 0.81350000 0.63038910
vt 0.81677000 0.59167430
vt 0.81007000 0.63105580
vt 0.81402000 0.59111550
vt 0.81128000 0.59165280
vt 0.48434000 0.54748200
vt 0.48660000 0.53267990
vt 0.48434000 0.53424290
vt 0.48660000 0.54904530
vt 0.48968000 0.53195300
vt 0.48968000 0.54977170
vt 0.49276000 0.53267990
vt 0.49276000 0.54904530
vt 0.49502000 0.53424290
vt 0.49502000 0.54748200
vt 0.55609000 0.82787000
vt 0.57159000 0.83202310
vt 0.55734000 0.80857010
vt 0.54779000 0.80841550
vt 0.54059000 0.83202310
vt 0.54656000 0.77403830
vt 0.53847000 0.81054900
vt 0.54071000 0.77363350
vt 0.54517000 0.73397800
vt 0.53488000 0.77409640
vt 0.54054000 0.73281290
vt 0.56305000 0.69521400
vt 0.53582000 0.73247390
vt 0.55895000 0.69332600
vt 0.59015000 0.66198640
vt 0.55461000 0.69202210
vt 0.58611000 0.66075930
vt 0.59941000 0.62009230
vt 0.58200000 0.65998830
vt 0.59595000 0.61942000
vt 0.59820000 0.58031100
vt 0.59245000 0.61921920
vt 0.59542000 0.57976850
vt 0.59265000 0.58033260
f 3/3 2/2 1/1
f 4/4 3/3 1/1
f 7/7 6/6 5/5
f 8/8 7/7 5/5
f 11/11 10/10 9/9
f 12/12 11/11 9/9
f 15/15 14/14 13/13
f 16/16 15/15 13/13
f 15/15 16/16 17/17
f 16/16 18/18 17/17
f 17/17 18/18 19/19
f 18/18 20/20 19/19
f 23/23 22/22 21/21
f 22/22 24/24 21/21
f 21/21 24/24 25/25
f 24/24 26/26 25/25
f 21/21 25/25 27/27
f 28/28 21/21 27/27
f 28/28 27/27 29/29
f 21/21 28/28 30/30
f 28/28 31/31 30/30
f 32/32 28/28 29/29
f 33/33 28/28 32/32
f 34/34 33/33 32/32
f 37/37 36/36 35/35
f 38/38 37/37 35/35
f 37/37 38/38 39/39
f 38/38 40/40 39/39
f 43/43 42/42 41/41
f 42/42 44/44 41/41
f 44/44 45/45 41/41
f 45/45 46/46 41/41
f 47/47 41/41 46/46
f 41/41 47/47 48/48
f 47/47 49/49 48/48
f 50/50 47/47 46/46
f 51/51 47/47 50/50
f 52/52 51/51 50/50
f 53/53 47/47 51/51
f 54/54 53/53 51/51
f 57/57 56/56 55/55
f 58/58 57/57 55/55
f 57/57 58/58 59/59
f 58/58 60/60 59/59
f 63/63 62/62 61/61
f 64/64 63/63 61/61
f 64/64 65/65 63/63
f 65/65 66/66 63/63
f 69/69 68/68 67/67
f 70/70 69/69 67/67
f 70/70 67/67 71/71
f 67/67 72/72 71/71
f 75/75 74/74 73/73
f 76/76 75/75 73/73
f 77/77 75/75 76/76
f 78/78 77/77 76/76
f 81/81 80/80 79/79
f 80/80 82/82 79/79
f 83/83 82/82 80/80
f 84/84 83/83 80/80
f 87/87 86/86 85/85
f 87/87 85/85 88/88
f 87/87 88/88 89/89
f 89/89 90/90 87/87
f 91/91 90/90 89/89
f 89/89 92/92 91/91
f 89/89 93/93 92/92
f 89/89 94/94 93/93
f 97/97 96/96 95/95
f 98/98 97/97 95/95
f 99/99 98/98 95/95
f 95/95 100/100 99/99
f 101/101 99/99 100/100
f 100/100 102/102 101/101
f 101/101 103/103 99/99
f 103/103 104/104 99/99
f 107/107 106/106 105/105
f 108/108 107/107 105/105
f 105/105 109/109 108/108
f 108/108 110/110 107/107
f 110/110 111/111 107/107
f 109/109 112/112 108/108
f 109/109 113/113 112/112
f 111/111 110/110 114/114
f 115/115 111/111 114/114
f 116/116 114/114 110/110
f 117/117 110/110 108/108
f 117/117 116/116 110/110
f 112/112 117/117 108/108
f 118/118 116/116 117/117
f 119/119 118/118 117/117
f 119/119 117/117 112/112
f 118/118 119/119 120/120
f 119/119 121/121 120/120
f 113/113 122/122 112/112
f 122/122 119/119 112/112
f 121/121 119/119 122/122
f 122/122 113/113 123/123
f 124/124 121/121 122/122
f 124/124 122/122 123/123
f 127/127 126/126 125/125
f 128/128 127/127 125/125
f 128/128 125/125 129/129
f 130/130 128/128 129/129
f 130/130 131/131 128/128
f 128/128 132/132 127/127
f 131/131 132/132 128/128
f 132/132 131/131 133/133
f 132/132 134/134 127/127
f 135/135 132/132 133/133
f 134/134 132/132 135/135
f 136/136 134/134 135/135
f 139/139 138/138 137/137
f 140/140 139/139 137/137
f 140/140 137/137 141/141
f 140/140 142/142 139/139
f 142/142 143/143 139/139
f 144/144 140/140 141/141
f 144/144 141/141 145/145
f 143/143 142/142 146/146
f 147/147 143/143 146/146
f 146/146 142/142 148/148
f 149/149 142/142 140/140
f 142/142 149/149 148/148
f 144/144 149/149 140/140
f 148/148 149/149 150/150
f 149/149 151/151 150/150
f 151/151 149/149 144/144
f 150/150 151/151 152/152
f 151/151 153/153 152/152
f 154/154 144/144 145/145
f 154/154 151/151 144/144
f 153/153 151/151 154/154
f 154/154 145/145 155/155
f 156/156 153/153 154/154
f 156/156 154/154 155/155
f 159/159 158/158 157/157
f 160/160 159/159 157/157
f 160/160 157/157 161/161
f 162/162 160/160 161/161
f 162/162 163/163 160/160
f 160/160 164/164 159/159
f 163/163 164/164 160/160
f 164/164 163/163 165/165
f 164/164 166/166 159/159
f 167/167 164/164 165/165
f 166/166 164/164 167/167
f 168/168 166/166 167/167
f 171/171 170/170 169/169
f 172/172 171/171 169/169
f 172/172 169/169 173/173
f 174/174 172/172 173/173
f 172/172 175/175 171/171
f 174/174 176/176 172/172
f 176/176 175/175 172/172
f 175/175 177/177 171/171
f 171/171 177/177 178/178
f 177/177 179/179 178/178
f 179/179 177/177 180/180
f 177/177 181/181 180/180
f 181/181 177/177 175/175
f 182/182 181/181 175/175
f 182/182 175/175 176/176
f 183/183 182/182 176/176
f 184/184 176/176 174/174
f 176/176 184/184 183/183
f 185/185 184/184 174/174
f 184/184 186/186 183/183
f 189/189 188/188 187/187
f 190/190 189/189 187/187
f 191/191 189/189 190/190
f 192/192 191/191 190/190
f 190/190 193/193 192/192
f 191/191 194/194 189/189
f 194/194 195/195 189/189
f 193/193 196/196 192/192
f 193/193 197/197 196/196
f 194/194 198/198 195/195
f 198/198 199/199 195/195
f 200/200 191/191 192/192
f 201/201 194/194 191/191
f 200/200 201/201 191/191
f 192/192 196/196 202/202
f 202/202 200/200 192/192
f 203/203 198/198 194/194
f 201/201 203/203 194/194
f 204/204 201/201 200/200
f 205/205 204/204 200/200
f 205/205 200/200 202/202
f 204/204 206/206 201/201
f 206/206 203/203 201/201
f 207/207 205/205 202/202
f 206/206 208/208 203/203
f 202/202 209/209 207/207
f 196/196 209/209 202/202
f 209/209 210/210 207/207
f 208/208 211/211 203/203
f 203/203 211/211 198/198
f 208/208 212/212 211/211
f 209/209 196/196 213/213
f 197/197 213/213 196/196
f 209/209 214/214 210/210
f 214/214 209/209 213/213
f 214/214 215/215 210/210
f 211/211 216/216 198/198
f 198/198 216/216 199/199
f 212/212 217/217 211/211
f 211/211 217/217 216/216
f 212/212 218/218 217/217
f 215/215 214/214 219/219
f 220/220 215/215 219/219
f 214/214 213/213 221/221
f 219/219 214/214 221/221
f 213/213 197/197 222/222
f 221/221 213/213 222/222
f 222/222 197/197 223/223
f 197/197 224/224 223/223
f 221/221 222/222 225/225
f 226/226 221/221 225/225
f 219/219 221/221 226/226
f 226/226 225/225 227/227
f 220/220 219/219 228/228
f 228/228 219/219 226/226
f 229/229 220/220 228/228
f 228/228 226/226 230/230
f 230/230 226/226 227/227
f 229/229 228/228 231/231
f 231/231 228/228 230/230
f 232/232 229/229 231/231
f 232/232 231/231 233/233
f 218/218 232/232 233/233
f 218/218 233/233 217/217
f 231/231 230/230 234/234
f 233/233 231/231 234/234
f 217/217 233/233 235/235
f 233/233 234/234 235/235
f 217/217 235/235 216/216
f 230/230 227/227 236/236
f 234/234 230/230 236/236
f 236/236 227/227 237/237
f 227/227 238/238 237/237
f 234/234 236/236 239/239
f 235/235 234/234 239/239
f 235/235 239/239 240/240
f 216/216 235/235 240/240
f 216/216 240/240 199/199
f 199/199 240/240 241/241
f 240/240 242/242 241/241
f 245/245 244/244 243/243
f 244/244 246/246 243/243
f 244/244 247/247 246/246
f 247/247 248/248 246/246
f 248/248 249/249 246/246
f 246/246 250/250 243/243
f 249/249 250/250 246/246
f 250/250 251/251 243/243
f 251/251 250/250 252/252
f 250/250 253/253 252/252
f 250/250 249/249 253/253
f 249/249 254/254 253/253
f 257/257 256/256 255/255
f 256/256 258/258 255/255
f 256/256 259/259 258/258
f 259/259 260/260 258/258
f 258/258 261/261 255/255
f 260/260 262/262 258/258
f 262/262 261/261 258/258
f 263/263 262/262 260/260
f 264/264 263/263 260/260
f 261/261 262/262 265/265
f 262/262 266/266 265/265
f 261/261 265/265 267/267
f 261/261 268/268 255/255
f 268/268 261/261 267/267
f 255/255 268/268 269/269
f 268/268 267/267 270/270
f 268/268 271/271 269/269
f 271/271 268/268 270/270
f 274/274 273/273 272/272
f 273/273 275/275 272/272
f 273/273 276/276 275/275
f 276/276 277/277 275/275
f 277/277 278/278 275/275
f 275/275 279/279 272/272
f 278/278 279/279 275/275
f 279/279 280/280 272/272
f 279/279 278/278 281/281
f 278/278 282/282 281/281
f 279/279 281/281 283/283
f 280/280 279/279 283/283
f 280/280 283/283 284/284
f 285/285 280/280 284/284
f 288/288 287/287 286/286
f 287/287 289/289 286/286
f 286/286 289/289 290/290
f 289/289 291/291 290/290
f 292/292 289/289 287/287
f 293/293 291/291 289/289
f 292/292 293/293 289/289
f 294/294 292/292 287/287
f 294/294 287/287 295/295
f 296/296 294/294 295/295
f 294/294 297/297 292/292
f 297/297 298/298 292/292
f 292/292 298/298 293/293
f 298/298 299/299 293/293
f 293/293 300/300 291/291
f 300/300 293/293 299/299
f 300/300 301/301 291/291
f 302/302 300/300 299/299
f 305/305 304/304 303/303
f 304/304 306/306 303/303
f 304/304 307/307 306/306
f 307/307 308/308 306/306
f 309/309 306/306 308/308
f 310/310 307/307 304/304
f 311/311 310/310 304/304
f 312/312 309/309 308/308
f 313/313 309/309 312/312
f 314/314 310/310 311/311
f 315/315 314/314 311/311
f 307/307 316/316 308/308
f 310/310 317/317 307/307
f 317/317 316/316 307/307
f 312/312 308/308 318/318
f 316/316 318/318 308/308
f 314/314 319/319 310/310
f 319/319 317/317 310/310
f 317/317 320/320 316/316
f 320/320 321/321 316/316
f 316/316 321/321 318/318
f 322/322 320/320 317/317
f 319/319 322/322 317/317
f 321/321 323/323 318/318
f 324/324 322/322 319/319
f 325/325 318/318 323/323
f 325/325 312/312 318/318
f 326/326 325/325 323/323
f 327/327 324/324 319/319
f 327/327 319/319 314/314
f 328/328 324/324 327/327
f 312/312 325/325 329/329
f 329/329 313/313 312/312
f 330/330 325/325 326/326
f 325/325 330/330 329/329
f 331/331 330/330 326/326
f 332/332 327/327 314/314
f 332/332 314/314 315/315
f 333/333 328/328 327/327
f 333/333 327/327 332/332
f 334/334 328/328 333/333
f 330/330 331/331 335/335
f 331/331 336/336 335/335
f 329/329 330/330 337/337
f 330/330 335/335 337/337
f 313/313 329/329 338/338
f 329/329 337/337 338/338
f 313/313 338/338 339/339
f 340/340 313/313 339/339
f 338/338 337/337 341/341
f 337/337 342/342 341/341
f 337/337 335/335 342/342
f 341/341 342/342 343/343
f 335/335 336/336 344/344
f 335/335 344/344 342/342
f 336/336 345/345 344/344
f 342/342 344/344 346/346
f 342/342 346/346 343/343
f 344/344 345/345 347/347
f 344/344 347/347 346/346
f 345/345 348/348 347/347
f 347/347 348/348 349/349
f 348/348 334/334 349/349
f 349/349 334/334 333/333
f 346/346 347/347 350/350
f 347/347 349/349 350/350
f 349/349 333/333 351/351
f 350/350 349/349 351/351
f 351/351 333/333 332/332
f 343/343 346/346 352/352
f 346/346 350/350 352/352
f 343/343 352/352 353/353
f 354/354 343/343 353/353
f 352/352 350/350 355/355
f 350/350 351/351 355/355
f 355/355 351/351 356/356
f 351/351 332/332 356/356
f 356/356 332/332 315/315
f 356/356 315/315 357/357
f 358/358 356/356 357/357
f 361/361 360/360 359/359
f 362/362 361/361 359/359
f 363/363 361/361 362/362
f 364/364 363/363 362/362
f 365/365 364/364 362/362
f 366/366 362/362 359/359
f 366/366 365/365 362/362
f 367/367 366/366 359/359
f 366/366 367/367 368/368
f 369/369 366/366 368/368
f 365/365 366/366 369/369
f 370/370 365/365 369/369
f 373/373 372/372 371/371
f 374/374 373/373 371/371
f 375/375 373/373 374/374
f 376/376 375/375 374/374
f 377/377 374/374 371/371
f 378/378 376/376 374/374
f 377/377 378/378 374/374
f 378/378 379/379 376/376
f 379/379 380/380 376/376
f 378/378 377/377 381/381
f 382/382 378/378 381/381
f 381/381 377/377 383/383
f 384/384 377/377 371/371
f 377/377 384/384 383/383
f 384/384 371/371 385/385
f 383/383 384/384 386/386
f 387/387 384/384 385/385
f 384/384 387/387 386/386
f 390/390 389/389 388/388
f 391/391 390/390 388/388
f 392/392 390/390 391/391
f 393/393 392/392 391/391
f 394/394 393/393 391/391
f 395/395 391/391 388/388
f 395/395 394/394 391/391
f 396/396 395/395 388/388
f 394/394 395/395 397/397
f 398/398 394/394 397/397
f 397/397 395/395 399/399
f 395/395 396/396 399/399
f 399/399 396/396 400/400
f 396/396 401/401 400/400
f 404/404 403/403 402/402
f 405/405 404/404 402/402
f 406/406 405/405 402/402
f 407/407 406/406 402/402
f 406/406 408/408 405/405
f 407/407 402/402 409/409
f 408/408 410/410 405/405
f 411/411 407/407 409/409
f 408/408 412/412 410/410
f 411/411 409/409 413/413
f 412/412 414/414 410/410
f 415/415 411/411 413/413
f 412/412 416/416 414/414
f 415/415 413/413 417/417
f 416/416 418/418 414/414
f 419/419 415/415 417/417
f 416/416 420/420 418/418
f 419/419 417/417 421/421
f 420/420 422/422 418/418
f 423/423 419/419 421/421
f 420/420 424/424 422/422
f 423/423 421/421 425/425
f 424/424 426/426 422/422
f 427/427 423/423 425/425
f 427/427 425/425 426/426
f 424/424 427/427 426/426
f 430/430 429/429 428/428
f 431/431 430/430 428/428
f 428/428 429/429 432/432
f 433/433 430/430 431/431
f 429/429 434/434 432/432
f 435/435 433/433 431/431
f 432/432 434/434 436/436
f 437/437 433/433 435/435
f 434/434 438/438 436/436
f 439/439 437/437 435/435
f 436/436 438/438 440/440
f 441/441 437/437 439/439
f 438/438 442/442 440/440
f 443/443 441/441 439/439
f 440/440 442/442 444/444
f 445/445 441/441 443/443
f 442/442 446/446 444/444
f 447/447 445/445 443/443
f 444/444 446/446 448/448
f 449/449 445/445 447/447
f 446/446 450/450 448/448
f 451/451 449/449 447/447
f 448/448 450/450 451/451
f 450/450 449/449 451/451
f 454/454 453/453 452/452
f 455/455 454/454 452/452
f 458/458 457/457 456/456
f 459/459 458/458 456/456
f 458/458 459/459 460/460
f 461/461 458/458 460/460
f 464/464 463/463 462/462
f 463/463 465/465 462/462
f 462/462 465/465 466/466
f 465/465 467/467 466/466
f 466/466 467/467 468/468
f 467/467 469/469 468/468
f 468/468 469/469 470/470
f 469/469 471/471 470/470
f 470/470 471/471 472/472
f 471/471 473/473 472/472
f 473/473 474/474 472/472
f 474/474 475/475 472/472
f 474/474 476/476 475/475
f 476/476 477/477 475/475
f 476/476 478/478 477/477
f 478/478 479/479 477/477
f 478/478 480/480 479/479
f 480/480 481/481 479/479
f 480/480 482/482 481/481
f 482/482 483/483 481/481
f 486/486 485/485 484/484
f 487/487 486/486 484/484
f 490/490 489/489 488/488
f 491/491 490/490 488/488
f 490/490 491/491 492/492
f 493/493 490/490 492/492
f 496/496 495/495 494/494
f 495/495 497/497 494/494
f 497/497 498/498 494/494
f 498/498 499/499 494/494
f 502/502 501/501 500/500
f 503/503 502/502 500/500
f 506/506 505/505 504/504
f 507/507 506/506 504/504
f 506/506 507/507 508/508
f 509/509 506/506 508/508
f 512/512 511/511 510/510
f 511/511 513/513 510/510
f 510/510 513/513 514/514
f 513/513 515/515 514/514
f 514/514 515/515 516/516
f 515/515 517/517 516/516
f 516/516 517/517 518/518
f 517/517 519/519 518/518
f 518/518 519/519 520/520
f 519/519 521/521 520/520
f 521/521 522/522 520/520
f 522/522 523/523 520/520
f 522/522 524/524 523/523
f 524/524 525/525 523/523
f 524/524 526/526 525/525
f 526/526 527/527 525/525
f 526/526 528/528 527/527
f 528/528 529/529 527/527
f 528/528 530/530 529/529
f 530/530 531/531 529/529
f 534/534 533/533 532/532
f 535/535 534/534 532/532
f 538/538 537/537 536/536
f 539/539 538/538 536/536
f 538/538 539/539 540/540
f 541/541 538/538 540/540
f 544/544 543/543 542/542
f 543/543 545/545 542/542
f 545/545 546/546 542/542
f 546/546 547/547 542/542
f 550/550 549/549 548/548
f 551/551 550/550 548/548
f 550/550 551/551 552/552
f 553/553 550/550 552/552
f 556/556 555/555 554/554
f 555/555 557/557 554/554
f 554/554 557/557 558/558
f 555/555 559/559 557/557
f 557/557 560/560 558/558
f 558/558 560/560 561/561
f 559/559 562/562 557/557
f 557/557 562/562 560/560
f 560/560 563/563 561/561
f 561/561 563/563 564/564
f 562/562 559/559 565/565
f 559/559 566/566 565/565
f 562/562 567/567 560/560
f 560/560 567/567 563/563
f 563/563 568/568 564/564
f 564/564 568/568 569/569
f 565/565 566/566 570/570
f 566/566 571/571 570/570
f 565/565 570/570 572/572
f 562/562 565/565 573/573
f 573/573 565/565 572/572
f 567/567 562/562 573/573
f 573/573 572/572 574/574
f 575/575 573/573 574/574
f 567/567 573/573 575/575
f 575/575 574/574 576/576
f 567/567 577/577 563/563
f 563/563 577/577 568/568
f 577/577 567/567 575/575
f 578/578 575/575 576/576
f 577/577 575/575 578/578
f 578/578 576/576 569/569
f 568/568 579/579 569/569
f 577/577 579/579 568/568
f 579/579 578/578 569/569
f 579/579 577/577 578/578
f 582/582 581/581 580/580
f 583/583 582/582 580/580
f 586/586 585/585 584/584
f 587/587 586/586 584/584
f 590/590 589/589 588/588
f 591/591 590/590 588/588
f 594/594 593/593 592/592
f 595/595 594/594 592/592
f 598/598 597/597 596/596
f 599/599 598/598 596/596
f 602/602 601/601 600/600
f 601/601 603/603 600/600
f 603/603 601/601 604/604
f 601/601 605/605 604/604
f 608/608 607/607 606/606
f 609/609 608/608 606/606
f 609/609 606/606 610/610
f 611/611 609/609 610/610
f 611/611 610/610 612/612
f 613/613 611/611 612/612
f 613/613 612/612 614/614
f 615/615 613/613 614/614
f 615/615 614/614 616/616
f 617/617 615/615 616/616
f 618/618 617/617 616/616
f 619/619 618/618 616/616
f 620/620 618/618 619/619
f 621/621 620/620 619/619
f 622/622 620/620 621/621
f 623/623 622/622 621/621
f 624/624 622/622 623/623
f 625/625 624/624 623/623
f 626/626 624/624 625/625
f 627/627 626/626 625/625
f 630/630 629/629 628/628
f 631/631 630/630 628/628
f 634/634 633/633 632/632
f 633/633 635/635 632/632
f 635/635 633/633 636/636
f 633/633 637/637 636/636
f 640/640 639/639 638/638
f 641/641 640/640 638/638
f 642/642 641/641 638/638
f 643/643 642/642 638/638
f 646/646 645/645 644/644
f 647/647 646/646 644/644
f 650/650 649/649 648/648
f 649/649 651/651 648/648
f 651/651 649/649 652/652
f 649/649 653/653 652/652
f 656/656 655/655 654/654
f 657/657 656/656 654/654
f 657/657 654/654 658/658
f 659/659 657/657 658/658
f 659/659 658/658 660/660
f 661/661 659/659 660/660
f 661/661 660/660 662/662
f 663/663 661/661 662/662
f 663/663 662/662 664/664
f 665/665 663/663 664/664
f 666/666 665/665 664/664
f 667/667 666/666 664/664
f 668/668 666/666 667/667
f 669/669 668/668 667/667
f 670/670 668/668 669/669
f 671/671 670/670 669/669
f 672/672 670/670 671/671
f 673/673 672/672 671/671
f 674/674 672/672 673/673
f 675/675 674/674 673/673
f 678/678 677/677 676/676
f 679/679 678/678 676/676
f 682/682 681/681 680/680
f 681/681 683/683 680/680
f 683/683 681/681 684/684
f 681/681 685/685 684/684
f 688/688 687/687 686/686
f 689/689 688/688 686/686
f 690/690 689/689 686/686
f 691/691 690/690 686/686
f 694/694 693/693 692/692
f 693/693 695/695 692/692
f 695/695 693/693 696/696
f 693/693 697/697 696/696
f 700/700 699/699 698/698
f 701/701 700/700 698/698
f 701/701 698/698 702/702
f 703/703 700/700 701/701
f 704/704 701/701 702/702
f 704/704 702/702 705/705
f 706/706 703/703 701/701
f 706/706 701/701 704/704
f 707/707 704/704 705/705
f 707/707 705/705 708/708
f 703/703 706/706 709/709
f 710/710 703/703 709/709
f 711/711 706/706 704/704
f 711/711 704/704 707/707
f 712/712 707/707 708/708
f 712/712 708/708 713/713
f 710/710 709/709 714/714
f 715/715 710/710 714/714
f 714/714 709/709 716/716
f 709/709 706/706 717/717
f 709/709 717/717 716/716
f 706/706 711/711 717/717
f 716/716 717/717 718/718
f 717/717 719/719 718/718
f 717/717 711/711 719/719
f 718/718 719/719 720/720
f 721/721 711/711 707/707
f 721/721 707/707 712/712
f 711/711 721/721 719/719
f 719/719 722/722 720/720
f 719/719 721/721 722/722
f 720/720 722/722 713/713
f 723/723 712/712 713/713
f 723/723 721/721 712/712
f 722/722 723/723 713/713
f 721/721 723/723 722/722
f 726/726 725/725 724/724
f 727/727 726/726 724/724
f 730/730 729/729 728/728
f 731/731 730/730 728/728
f 734/734 733/733 732/732
f 735/735 734/734 732/732
f 738/738 737/737 736/736
f 739/739 738/738 736/736
f 742/742 741/741 740/740
f 741/741 743/743 740/740
f 740/740 743/743 744/744
f 743/743 745/745 744/744
f 744/744 745/745 746/746
f 745/745 747/747 746/746
f 750/750 749/749 748/748
f 751/751 750/750 748/748
f 752/752 750/750 751/751
f 753/753 752/752 751/751
f 756/756 755/755 754/754
f 757/757 756/756 754/754
f 758/758 756/756 757/757
f 759/759 758/758 757/757
f 760/760 758/758 759/759
f 761/761 760/760 759/759
f 764/764 763/763 762/762
f 765/765 764/764 762/762
f 766/766 764/764 765/765
f 767/767 766/766 765/765
f 770/770 769/769 768/768
f 769/769 771/771 768/768
f 772/772 770/770 768/768
f 771/771 773/773 768/768
f 774/774 770/770 772/772
f 771/771 775/775 773/773
f 776/776 774/774 772/772
f 775/775 777/777 773/773
f 778/778 774/774 776/776
f 775/775 779/779 777/777
f 780/780 778/778 776/776
f 781/781 778/778 780/780
f 780/780 776/776 782/782
f 776/776 783/783 782/782
f 783/783 777/777 782/782
f 784/784 781/781 780/780
f 777/777 785/785 782/782
f 779/779 785/785 777/777
f 779/779 786/786 785/785
f 786/786 787/787 785/785
f 784/784 788/788 781/781
f 789/789 787/787 786/786
f 788/788 790/790 781/781
f 788/788 791/791 790/790
f 792/792 781/781 790/790
f 793/793 789/789 786/786
f 786/786 792/792 793/793
f 794/794 789/789 793/793
f 791/791 795/795 790/790
f 795/795 796/796 790/790
f 791/791 797/797 795/795
f 798/798 792/792 790/790
f 792/792 798/798 793/793
f 796/796 798/798 790/790
f 798/798 796/796 793/793
f 799/799 794/794 793/793
f 796/796 799/799 793/793
f 800/800 794/794 799/799
f 797/797 801/801 795/795
f 795/795 801/801 796/796
f 797/797 802/802 801/801
f 803/803 800/800 799/799
f 803/803 799/799 796/796
f 804/804 800/800 803/803
f 802/802 805/805 801/801
f 805/805 802/802 806/806
f 801/801 807/807 796/796
f 807/807 803/803 796/796
f 807/807 801/801 805/805
f 808/808 804/804 803/803
f 804/804 808/808 806/806
f 803/803 807/807 808/808
f 809/809 807/807 805/805
f 809/809 805/805 806/806
f 807/807 809/809 808/808
f 808/808 809/809 806/806
f 812/812 811/811 810/810
f 813/813 812/812 810/810
f 811/811 814/814 810/810
f 815/815 813/813 810/810
f 811/811 816/816 814/814
f 817/817 813/813 815/815
f 816/816 818/818 814/814
f 819/819 817/817 815/815
f 816/816 820/820 818/818
f 821/821 817/817 819/819
f 820/820 822/822 818/818
f 820/820 823/823 822/822
f 818/818 822/822 824/824
f 825/825 818/818 824/824
f 819/819 825/825 824/824
f 823/823 826/826 822/822
f 827/827 819/819 824/824
f 827/827 821/821 819/819
f 828/828 821/821 827/827
f 829/829 828/828 827/827
f 830/830 826/826 823/823
f 829/829 831/831 828/828
f 832/832 830/830 823/823
f 833/833 830/830 832/832
f 823/823 834/834 832/832
f 831/831 835/835 828/828
f 834/834 828/828 835/835
f 831/831 836/836 835/835
f 837/837 833/833 832/832
f 838/838 837/837 832/832
f 839/839 833/833 837/837
f 834/834 840/840 832/832
f 840/840 834/834 835/835
f 840/840 838/838 832/832
f 838/838 840/840 835/835
f 836/836 841/841 835/835
f 841/841 838/838 835/835
f 836/836 842/842 841/841
f 843/843 839/839 837/837
f 843/843 837/837 838/838
f 844/844 839/839 843/843
f 842/842 845/845 841/841
f 841/841 845/845 838/838
f 842/842 846/846 845/845
f 847/847 844/844 843/843
f 844/844 847/847 848/848
f 849/849 843/843 838/838
f 845/845 849/849 838/838
f 843/843 849/849 847/847
f 846/846 850/850 845/845
f 850/850 846/846 848/848
f 849/849 845/845 850/850
f 849/849 851/851 847/847
f 847/847 851/851 848/848
f 851/851 849/849 850/850
f 851/851 850/850 848/848
f 854/854 853/853 852/852
f 853/853 855/855 852/852
f 852/852 855/855 856/856
f 855/855 857/857 856/856
f 856/856 857/857 858/858
f 857/857 859/859 858/858
f 858/858 859/859 860/860
f 859/859 861/861 860/860
f 864/864 863/863 862/862
f 865/865 864/864 862/862
f 866/866 864/864 865/865
f 867/867 866/866 865/865
f 867/867 865/865 868/868
f 865/865 869/869 868/868
f 865/865 870/870 869/869
f 870/870 871/871 869/869
f 865/865 862/862 872/872
f 865/865 872/872 870/870
f 862/862 873/873 872/872
f 862/862 874/874 873/873
f 874/874 875/875 873/873
f 873/873 875/875 876/876
f 872/872 873/873 876/876
f 875/875 877/877 876/876
f 872/872 878/878 870/870
f 872/872 876/876 878/878
f 870/870 878/878 879/879
f 878/878 880/880 879/879
f 876/876 880/880 878/878
f 877/877 881/881 876/876
f 876/876 881/881 880/880
f 877/877 882/882 881/881
f 881/881 883/883 880/880
f 882/882 884/884 881/881
f 881/881 884/884 883/883
f 882/882 885/885 884/884
f 884/884 886/886 883/883
f 885/885 887/887 884/884
f 884/884 887/887 886/886
f 885/885 888/888 887/887
f 887/887 889/889 886/886
f 888/888 890/890 887/887
f 887/887 890/890 889/889
f 888/888 891/891 890/890
f 890/890 892/892 889/889
f 891/891 893/893 890/890
f 890/890 893/893 892/892
f 891/891 894/894 893/893
f 893/893 895/895 892/892
f 894/894 896/896 893/893
f 893/893 896/896 895/895
f 894/894 897/897 896/896
f 896/896 898/898 895/895
f 897/897 899/899 896/896
f 896/896 899/899 898/898
f 899/899 900/900 898/898
f 903/903 902/902 901/901
f 904/904 903/903 901/901
f 905/905 903/903 904/904
f 906/906 905/905 904/904
f 907/907 905/905 906/906
f 908/908 907/907 906/906
f 909/909 907/907 908/908
f 910/910 909/909 908/908
f 913/913 912/912 911/911
f 912/912 914/914 911/911
f 912/912 915/915 914/914
f 915/915 916/916 914/914
f 915/915 917/917 916/916
f 917/917 918/918 916/916
f 917/917 919/919 918/918
f 919/919 920/920 918/918
f 919/919 921/921 920/920
f 921/921 922/922 920/920
f 921/921 923/923 922/922
f 923/923 924/924 922/922
f 923/923 925/925 924/924
f 925/925 926/926 924/924
f 924/924 926/926 927/927
f 926/926 928/928 927/927
f 922/922 924/924 929/929
f 924/924 927/927 929/929
f 927/927 928/928 930/930
f 928/928 931/931 930/930
f 927/927 930/930 932/932
f 929/929 927/927 932/932
f 929/929 932/932 933/933
f 922/922 929/929 934/934
f 934/934 929/929 933/933
f 920/920 922/922 934/934
f 934/934 933/933 935/935
f 920/920 934/934 936/936
f 936/936 934/934 935/935
f 918/918 920/920 936/936
f 936/936 935/935 937/937
f 918/918 936/936 938/938
f 938/938 936/936 937/937
f 916/916 918/918 938/938
f 938/938 937/937 939/939
f 916/916 938/938 940/940
f 940/940 938/938 939/939
f 940/940 939/939 941/941
f 914/914 916/916 940/940
f 942/942 940/940 941/941
f 914/914 940/940 942/942
f 911/911 914/914 942/942
f 911/911 942/942 943/943
f 943/943 944/944 911/911
f 944/944 945/945 911/911
f 942/942 946/946 943/943
f 947/947 946/946 942/942
f 948/948 947/947 942/942
f 949/949 946/946 947/947
f 950/950 949/949 947/947
f 946/946 949/949 951/951
f 943/943 946/946 951/951
f 951/951 952/952 943/943
f 952/952 944/944 943/943
f 953/953 944/944 952/952
f 954/954 953/953 952/952
f 953/953 955/955 944/944
f 955/955 945/945 944/944
f 953/953 954/954 956/956
f 953/953 956/956 955/955
f 954/954 957/957 956/956
f 956/956 958/958 955/955
f 959/959 945/945 955/955
f 959/959 960/960 945/945
f 960/960 961/961 945/945
f 962/962 960/960 959/959
f 963/963 959/959 955/955
f 963/963 955/955 964/964
f 965/965 963/963 964/964
f 966/966 962/962 959/959
f 966/966 959/959 963/963
f 967/967 962/962 966/966
f 968/968 963/963 965/965
f 968/968 966/966 963/963
f 969/969 968/968 965/965
f 970/970 967/967 966/966
f 970/970 966/966 968/968
f 971/971 967/967 970/970
f 972/972 968/968 969/969
f 972/972 970/970 968/968
f 973/973 972/972 969/969
f 974/974 971/971 970/970
f 974/974 970/970 972/972
f 975/975 971/971 974/974
f 976/976 972/972 973/973
f 976/976 974/974 972/972
f 977/977 976/976 973/973
f 978/978 975/975 974/974
f 978/978 974/974 976/976
f 979/979 975/975 978/978
f 980/980 976/976 977/977
f 980/980 978/978 976/976
f 981/981 980/980 977/977
f 982/982 979/979 978/978
f 982/982 978/978 980/980
f 983/983 979/979 982/982
f 984/984 983/983 982/982
f 985/985 980/980 981/981
f 985/985 982/982 980/980
f 984/984 982/982 985/985
f 986/986 985/985 981/981
f 987/987 984/984 985/985
f 987/987 985/985 986/986
f 988/988 987/987 986/986
f 991/991 990/990 989/989
f 990/990 992/992 989/989
f 990/990 993/993 992/992
f 993/993 994/994 992/992
f 993/993 995/995 994/994
f 995/995 996/996 994/994
f 995/995 997/997 996/996
f 997/997 998/998 996/996
f 997/997 999/999 998/998
f 999/999 1000/1000 998/998
f 999/999 1001/1001 1000/1000
f 1001/1001 1002/1002 1000/1000
f 1001/1001 1003/1003 1002/1002
f 1003/1003 1004/1004 1002/1002
f 1002/1002 1004/1004 1005/1005
f 1004/1004 1006/1006 1005/1005
f 1000/1000 1002/1002 1007/1007
f 1002/1002 1005/1005 1007/1007
f 1005/1005 1006/1006 1008/1008
f 1006/1006 1009/1009 1008/1008
f 1005/1005 1008/1008 1010/1010
f 1007/1007 1005/1005 1010/1010
f 1007/1007 1010/1010 1011/1011
f 1000/1000 1007/1007 1012/1012
f 1012/1012 1007/1007 1011/1011
f 998/998 1000/1000 1012/1012
f 1012/1012 1011/1011 1013/1013
f 998/998 1012/1012 1014/1014
f 1014/1014 1012/1012 1013/1013
f 996/996 998/998 1014/1014
f 1014/1014 1013/1013 1015/1015
f 996/996 1014/1014 1016/1016
f 1016/1016 1014/1014 1015/1015
f 994/994 996/996 1016/1016
f 1016/1016 1015/1015 1017/1017
f 994/994 1016/1016 1018/1018
f 1018/1018 1016/1016 1017/1017
f 1018/1018 1017/1017 1019/1019
f 992/992 994/994 1018/1018
f 1020/1020 1018/1018 1019/1019
f 992/992 1018/1018 1020/1020
f 989/989 992/992 1020/1020
f 1021/1021 989/989 1020/1020
f 1022/1022 1021/1021 1020/1020
f 1020/1020 1023/1023 1022/1022
f 989/989 1021/1021 1024/1024
f 1025/1025 989/989 1024/1024
f 1024/1024 1021/1021 1026/1026
f 1026/1026 1021/1021 1022/1022
f 1027/1027 1024/1024 1026/1026
f 1028/1028 1026/1026 1022/1022
f 1022/1022 1029/1029 1028/1028
f 1023/1023 1029/1029 1022/1022
f 1029/1029 1030/1030 1028/1028
f 1031/1031 1030/1030 1029/1029
f 1032/1032 1031/1031 1029/1029
f 1032/1032 1029/1029 1023/1023
f 1032/1032 1033/1033 1031/1031
f 1033/1033 1034/1034 1031/1031
f 1032/1032 1035/1035 1033/1033
f 1035/1035 1032/1032 1023/1023
f 1035/1035 1036/1036 1033/1033
f 1037/1037 1035/1035 1023/1023
f 1037/1037 1038/1038 1035/1035
f 1038/1038 1039/1039 1035/1035
f 1040/1040 1038/1038 1037/1037
f 1041/1041 1037/1037 1023/1023
f 1041/1041 1023/1023 1042/1042
f 1043/1043 1041/1041 1042/1042
f 1044/1044 1040/1040 1037/1037
f 1044/1044 1037/1037 1041/1041
f 1045/1045 1040/1040 1044/1044
f 1046/1046 1041/1041 1043/1043
f 1046/1046 1044/1044 1041/1041
f 1047/1047 1046/1046 1043/1043
f 1048/1048 1045/1045 1044/1044
f 1048/1048 1044/1044 1046/1046
f 1049/1049 1045/1045 1048/1048
f 1050/1050 1046/1046 1047/1047
f 1050/1050 1048/1048 1046/1046
f 1051/1051 1050/1050 1047/1047
f 1052/1052 1049/1049 1048/1048
f 1052/1052 1048/1048 1050/1050
f 1053/1053 1049/1049 1052/1052
f 1054/1054 1050/1050 1051/1051
f 1054/1054 1052/1052 1050/1050
f 1055/1055 1054/1054 1051/1051
f 1056/1056 1053/1053 1052/1052
f 1056/1056 1052/1052 1054/1054
f 1057/1057 1053/1053 1056/1056
f 1058/1058 1054/1054 1055/1055
f 1058/1058 1056/1056 1054/1054
f 1059/1059 1058/1058 1055/1055
f 1060/1060 1057/1057 1056/1056
f 1060/1060 1056/1056 1058/1058
f 1061/1061 1057/1057 1060/1060
f 1062/1062 1061/1061 1060/1060
f 1063/1063 1058/1058 1059/1059
f 1063/1063 1060/1060 1058/1058
f 1062/1062 1060/1060 1063/1063
f 1064/1064 1063/1063 1059/1059
f 1065/1065 1062/1062 1063/1063
f 1065/1065 1063/1063 1064/1064
f 1066/1066 1065/1065 1064/1064
f 1069/1069 1068/1068 1067/1067
f 1068/1068 1070/1070 1067/1067
f 1067/1067 1070/1070 1071/1071
f 1068/1068 1072/1072 1070/1070
f 1070/1070 1073/1073 1071/1071
f 1072/1072 1074/1074 1070/1070
f 1070/1070 1074/1074 1073/1073
f 1072/1072 1075/1075 1074/1074
f 1074/1074 1076/1076 1073/1073
f 1075/1075 1077/1077 1074/1074
f 1074/1074 1077/1077 1076/1076
f 1075/1075 1078/1078 1077/1077
f 1077/1077 1079/1079 1076/1076
f 1078/1078 1080/1080 1077/1077
f 1077/1077 1080/1080 1079/1079
f 1078/1078 1081/1081 1080/1080
f 1080/1080 1082/1082 1079/1079
f 1081/1081 1083/1083 1080/1080
f 1080/1080 1083/1083 1082/1082
f 1081/1081 1084/1084 1083/1083
f 1083/1083 1085/1085 1082/1082
f 1084/1084 1086/1086 1083/1083
f 1083/1083 1086/1086 1085/1085
f 1084/1084 1087/1087 1086/1086
f 1086/1086 1088/1088 1085/1085
f 1087/1087 1089/1089 1086/1086
f 1086/1086 1089/1089 1088/1088
f 1089/1089 1090/1090 1088/1088
f 1093/1093 1092/1092 1091/1091
f 1092/1092 1094/1094 1091/1091
f 1094/1094 1092/1092 1095/1095
f 1091/1091 1094/1094 1096/1096
f 1097/1097 1091/1091 1096/1096
f 1097/1097 1096/1096 1098/1098
f 1099/1099 1094/1094 1095/1095
f 1096/1096 1094/1094 1099/1099
f 1095/1095 1100/1100 1099/1099
f 1096/1096 1101/1101 1098/1098
f 1102/1102 1096/1096 1099/1099
f 1101/1101 1096/1096 1102/1102
f 1100/1100 1103/1103 1099/1099
f 1099/1099 1103/1103 1102/1102
f 1098/1098 1101/1101 1104/1104
f 1105/1105 1098/1098 1104/1104
f 1104/1104 1101/1101 1106/1106
f 1106/1106 1101/1101 1102/1102
f 1107/1107 1104/1104 1106/1106
f 1102/1102 1108/1108 1106/1106
f 1103/1103 1108/1108 1102/1102
f 1106/1106 1109/1109 1107/1107
f 1108/1108 1109/1109 1106/1106
f 1109/1109 1110/1110 1107/1107
f 1111/1111 1110/1110 1109/1109
f 1112/1112 1103/1103 1100/1100
f 1113/1113 1112/1112 1100/1100
f 1114/1114 1109/1109 1108/1108
f 1114/1114 1111/1111 1109/1109
f 1115/1115 1108/1108 1103/1103
f 1112/1112 1115/1115 1103/1103
f 1115/1115 1114/1114 1108/1108
f 1112/1112 1113/1113 1116/1116
f 1112/1112 1116/1116 1115/1115
f 1113/1113 1117/1117 1116/1116
f 1116/1116 1118/1118 1115/1115
f 1115/1115 1118/1118 1119/1119
f 1114/1114 1115/1115 1119/1119
f 1114/1114 1119/1119 1111/1111
f 1119/1119 1120/1120 1111/1111
f 1123/1123 1122/1122 1121/1121
f 1122/1122 1124/1124 1121/1121
f 1122/1122 1125/1125 1124/1124
f 1125/1125 1126/1126 1124/1124
f 1124/1124 1126/1126 1127/1127
f 1128/1128 1124/1124 1127/1127
f 1129/1129 1124/1124 1128/1128
f 1130/1130 1129/1129 1128/1128
f 1121/1121 1124/1124 1131/1131
f 1131/1131 1124/1124 1129/1129
f 1132/1132 1121/1121 1131/1131
f 1133/1133 1121/1121 1132/1132
f 1134/1134 1133/1133 1132/1132
f 1134/1134 1132/1132 1135/1135
f 1132/1132 1131/1131 1135/1135
f 1136/1136 1134/1134 1135/1135
f 1137/1137 1131/1131 1129/1129
f 1135/1135 1131/1131 1137/1137
f 1137/1137 1129/1129 1138/1138
f 1139/1139 1137/1137 1138/1138
f 1139/1139 1135/1135 1137/1137
f 1140/1140 1136/1136 1135/1135
f 1140/1140 1135/1135 1139/1139
f 1141/1141 1136/1136 1140/1140
f 1142/1142 1140/1140 1139/1139
f 1143/1143 1141/1141 1140/1140
f 1143/1143 1140/1140 1142/1142
f 1144/1144 1141/1141 1143/1143
f 1145/1145 1143/1143 1142/1142
f 1146/1146 1144/1144 1143/1143
f 1146/1146 1143/1143 1145/1145
f 1147/1147 1144/1144 1146/1146
f 1148/1148 1146/1146 1145/1145
f 1149/1149 1147/1147 1146/1146
f 1149/1149 1146/1146 1148/1148
f 1150/1150 1147/1147 1149/1149
f 1151/1151 1149/1149 1148/1148
f 1152/1152 1150/1150 1149/1149
f 1152/1152 1149/1149 1151/1151
f 1153/1153 1150/1150 1152/1152
f 1154/1154 1152/1152 1151/1151
f 1155/1155 1153/1153 1152/1152
f 1155/1155 1152/1152 1154/1154
f 1156/1156 1153/1153 1155/1155
f 1157/1157 1155/1155 1154/1154
f 1158/1158 1156/1156 1155/1155
f 1158/1158 1155/1155 1157/1157
f 1159/1159 1158/1158 1157/1157
f 1162/1162 1161/1161 1160/1160
f 1161/1161 1163/1163 1160/1160
f 1161/1161 1164/1164 1163/1163
f 1164/1164 1165/1165 1163/1163
f 1164/1164 1166/1166 1165/1165
f 1166/1166 1167/1167 1165/1165
f 1166/1166 1168/1168 1167/1167
f 1168/1168 1169/1169 1167/1167
f 1172/1172 1171/1171 1170/1170
f 1173/1173 1172/1172 1170/1170
f 1173/1173 1170/1170 1174/1174
f 1175/1175 1172/1172 1173/1173
f 1176/1176 1173/1173 1174/1174
f 1177/1177 1175/1175 1173/1173
f 1177/1177 1173/1173 1176/1176
f 1178/1178 1175/1175 1177/1177
f 1179/1179 1177/1177 1176/1176
f 1180/1180 1178/1178 1177/1177
f 1180/1180 1177/1177 1179/1179
f 1181/1181 1178/1178 1180/1180
f 1182/1182 1180/1180 1179/1179
f 1183/1183 1181/1181 1180/1180
f 1183/1183 1180/1180 1182/1182
f 1184/1184 1181/1181 1183/1183
f 1185/1185 1183/1183 1182/1182
f 1186/1186 1184/1184 1183/1183
f 1186/1186 1183/1183 1185/1185
f 1187/1187 1184/1184 1186/1186
f 1188/1188 1186/1186 1185/1185
f 1189/1189 1187/1187 1186/1186
f 1189/1189 1186/1186 1188/1188
f 1190/1190 1187/1187 1189/1189
f 1191/1191 1189/1189 1188/1188
f 1192/1192 1190/1190 1189/1189
f 1192/1192 1189/1189 1191/1191
f 1193/1193 1192/1192 1191/1191