# https://github.com/mikedh/trimesh
mtllib material.mtl
usemtl material_0
v -0.27534463 0.13503692 0.15639705
v 0.16566169 0.13609562 0.15639705
v -0.27534463 -0.09165468 0.15639705
v 0.16566169 -0.09271338 0.15639705
v -0.27534463 0.13503692 0.15603356
v 0.16566169 0.13609562 0.15603356
v -0.27534463 -0.09165468 0.15603356
v 0.16566169 -0.09271338 0.15603355
v 0.00163509 -0.17544678 0.00012521
v 0.00163509 -0.17544678 0.00011521
v 0.00164509 -0.17544678 0.00011521
v 0.00164509 -0.17544678 0.00012521
v 0.00163509 -0.17544678 0.00012521
v 0.00163509 -0.17544678 0.00011521
v 0.00164509 -0.17544678 0.00011521
v 0.00164509 -0.17544678 0.00012521
v 0.00163509 -0.17544678 0.00012521
v 0.00163509 -0.17544678 0.00011521
v 0.00164509 -0.17544678 0.00011521
v 0.00164509 -0.17544678 0.00012521
v 0.00163509 -0.17544678 0.00012521
v 0.00163509 -0.17544678 0.00011521
v 0.00164509 -0.17544678 0.00011521
v 0.00164509 -0.17544678 0.00012521
v -0.28215854 -0.09917848 0.11900604
v -0.28174298 -0.09917848 0.11590849
v -0.28254359 -0.09917848 0.11288849
v -0.28443975 -0.09917848 0.11040436
v -0.28714204 -0.09917848 0.10883514
v -0.29023887 -0.09917848 0.10841889
v -0.29325885 -0.09917848 0.10922029
v -0.28215854 -0.09714288 0.11900604
v -0.28174298 -0.09714288 0.11590849
v -0.28254359 -0.09714288 0.11288849
v -0.28443975 -0.09714288 0.11040436
v -0.28714204 -0.09714288 0.10883514
v -0.29023887 -0.09714288 0.10841889
v -0.29325885 -0.09714288 0.10922029
v -0.28768537 -0.09917848 0.11747283
v -0.28755513 -0.09917848 0.11650114
v -0.28780591 -0.09917848 0.11555329
v -0.28840085 -0.09917848 0.11477449
v -0.28924890 -0.09917848 0.11428190
v -0.29022050 -0.09917848 0.11415129
v -0.29116801 -0.09917848 0.11440275
v -0.28768537 -0.09714288 0.11747283
v -0.28755513 -0.09714288 0.11650114
v -0.28780591 -0.09714288 0.11555329
v -0.28840085 -0.09714288 0.11477449
v -0.28924890 -0.09714288 0.11428190
v -0.29022050 -0.09714288 0.11415129
v -0.29116801 -0.09714288 0.11440275
v -0.28215854 0.13951172 0.11900604
v -0.28174298 0.13951172 0.11590849
v -0.28254359 0.13951172 0.11288849
v -0.28443975 0.13951172 0.11040436
v -0.28714204 0.13951172 0.10883514
v -0.29023887 0.13951172 0.10841889
v -0.29325885 0.13951172 0.10922029
v -0.28215854 0.14156502 0.11900604
v -0.28174298 0.14156502 0.11590849
v -0.28254359 0.14156502 0.11288849
v -0.28443975 0.14156502 0.11040436
v -0.28714204 0.14156502 0.10883514
v -0.29023887 0.14156502 0.10841889
v -0.29325885 0.14156502 0.10922029
v -0.28768537 0.13951172 0.11747283
v -0.28755513 0.13951172 0.11650114
v -0.28780591 0.13951172 0.11555329
v -0.28840085 0.13951172 0.11477449
v -0.28924890 0.13951172 0.11428190
v -0.29022050 0.13951172 0.11415129
v -0.29116801 0.13951172 0.11440275
v -0.28768537 0.14156502 0.11747283
v -0.28755513 0.14156502 0.11650114
v -0.28780591 0.14156502 0.11555329
v -0.28840085 0.14156502 0.11477449
v -0.28924890 0.14156502 0.11428190
v -0.29022050 0.14156502 0.11415129
v -0.29116801 0.14156502 0.11440275
v 0.00163509 -0.17544678 0.00012521
v 0.00163509 -0.17544678 0.00011521
v 0.00164509 -0.17544678 0.00011521
v 0.00164509 -0.17544678 0.00012521
v -0.28714204 -0.09714288 0.10883514
v -0.28714204 -0.09917848 0.10883514
v -0.28215854 -0.09714288 0.11900604
v -0.28174298 -0.09714288 0.11590849
v -0.28254359 -0.09714288 0.11288849
v -0.28443975 -0.09714288 0.11040436
v -0.28714204 -0.09714288 0.10883514
v -0.29023887 -0.09714288 0.10841889
v -0.29325885 -0.09714288 0.10922029
v -0.28174298 -0.09917848 0.11590849
v -0.28215854 -0.09917848 0.11900604
v -0.29325885 -0.09917848 0.10922029
v -0.29023887 -0.09917848 0.10841889
v -0.28714204 -0.09917848 0.10883514
v -0.28443975 -0.09917848 0.11040436
v -0.28254359 -0.09917848 0.11288849
v -0.28215854 -0.09714288 0.11900604
v -0.28215854 -0.09917848 0.11900604
v -0.28768537 -0.09917848 0.11747283
v -0.28768537 -0.09714288 0.11747283
v -0.28768537 -0.09714288 0.11747283
v -0.28768537 -0.09917848 0.11747283
v -0.28755513 -0.09917848 0.11650114
v -0.28755513 -0.09714288 0.11650114
v -0.28780591 -0.09917848 0.11555329
v -0.28780591 -0.09714288 0.11555329
v -0.28840085 -0.09917848 0.11477449
v -0.28840085 -0.09714288 0.11477449
v -0.28924890 -0.09917848 0.11428190
v -0.28924890 -0.09714288 0.11428190
v -0.28924890 -0.09714288 0.11428190
v -0.28924890 -0.09917848 0.11428190
v -0.29022050 -0.09917848 0.11415129
v -0.29022050 -0.09714288 0.11415129
v -0.29116801 -0.09917848 0.11440275
v -0.29116801 -0.09714288 0.11440275
v -0.29116801 -0.09714288 0.11440275
v -0.29116801 -0.09917848 0.11440275
v -0.29325885 -0.09917848 0.10922029
v -0.29325885 -0.09714288 0.10922029
v -0.28714204 0.14156502 0.10883514
v -0.28714204 0.13951172 0.10883514
v -0.28215854 0.14156502 0.11900604
v -0.28174298 0.14156502 0.11590849
v -0.28254359 0.14156502 0.11288849
v -0.28443975 0.14156502 0.11040436
v -0.28714204 0.14156502 0.10883514
v -0.29023887 0.14156502 0.10841889
v -0.29325885 0.14156502 0.10922029
v -0.28174298 0.13951172 0.11590849
v -0.28215854 0.13951172 0.11900604
v -0.29325885 0.13951172 0.10922029
v -0.29023887 0.13951172 0.10841889
v -0.28714204 0.13951172 0.10883514
v -0.28443975 0.13951172 0.11040436
v -0.28254359 0.13951172 0.11288849
v -0.28215854 0.14156502 0.11900604
v -0.28215854 0.13951172 0.11900604
v -0.28768537 0.13951172 0.11747283
v -0.28768537 0.14156502 0.11747283
v -0.28768537 0.14156502 0.11747283
v -0.28768537 0.13951172 0.11747283
v -0.28755513 0.13951172 0.11650114
v -0.28755513 0.14156502 0.11650114
v -0.28780591 0.13951172 0.11555329
v -0.28780591 0.14156502 0.11555329
v -0.28840085 0.13951172 0.11477449
v -0.28840085 0.14156502 0.11477449
v -0.28924890 0.13951172 0.11428190
v -0.28924890 0.14156502 0.11428190
v -0.28924890 0.14156502 0.11428190
v -0.28924890 0.13951172 0.11428190
v -0.29022050 0.13951172 0.11415129
v -0.29022050 0.14156502 0.11415129
v -0.29116801 0.13951172 0.11440275
v -0.29116801 0.14156502 0.11440275
v -0.29116801 0.14156502 0.11440275
v -0.29116801 0.13951172 0.11440275
v -0.29325885 0.13951172 0.10922029
v -0.29325885 0.14156502 0.10922029
v 0.16244899 -0.02043788 0.14881806
v 0.16804909 -0.01483774 0.14881806
v 0.16804909 0.13409092 0.14881806
v 0.16244899 0.13969092 0.14881806
v -0.25606158 -0.08513508 0.14881806
v -0.25046138 -0.09073528 0.14881806
v -0.25046138 0.13969092 0.14881806
v -0.25606158 0.13409092 0.14881806
v 0.15601989 -0.01400915 0.14881866
v 0.16162029 -0.00840906 0.14881806
v 0.16162029 0.12766218 0.14881806
v 0.15601989 0.13326232 0.14881866
v -0.24963285 -0.07870648 0.14881806
v -0.24403274 -0.08430648 0.14881806
v -0.24403274 0.13326232 0.14881806
v -0.24963285 0.12766218 0.14881806
v 0.16762269 -0.01698081 0.14881806
v 0.16119389 -0.01055215 0.14881866
v 0.16640879 -0.01879765 0.14881806
v 0.15998009 -0.01236896 0.14881866
v 0.16459199 -0.02001159 0.14881806
v 0.15816339 -0.01358285 0.14881806
v -0.25563523 0.13623392 0.14881806
v -0.24920657 0.12980522 0.14881806
v -0.25442126 0.13805072 0.14881806
v -0.24799247 0.13162202 0.14881806
v -0.25260444 0.13926472 0.14881806
v -0.24617572 0.13283602 0.14881806
v 0.16119389 0.12980522 0.14881866
v 0.16762269 0.13623392 0.14881806
v 0.15998009 0.13162202 0.14881866
v 0.16640879 0.13805072 0.14881806
v 0.15816339 0.13283602 0.14881806
v 0.16459199 0.13926472 0.14881806
v -0.25260444 -0.09030898 0.14881806
v -0.24617572 -0.08388018 0.14881806
v -0.25442126 -0.08909498 0.14881806
v -0.24799247 -0.08266638 0.14881806
v -0.25563523 -0.08727818 0.14881806
v -0.24920657 -0.08084948 0.14881806
v 0.15602049 -0.01400911 0.15060394
v 0.16162049 -0.00840906 0.15060394
v 0.16162049 0.12766218 0.15060394
v 0.15602049 0.13326232 0.15060394
v -0.24963285 -0.07870648 0.15060394
v -0.24403274 -0.08430648 0.15060394
v -0.24403274 0.13326232 0.15060394
v -0.24963285 0.12766218 0.15060394
v 0.16119409 -0.01055215 0.15060394
v 0.15998009 -0.01236894 0.15060394
v 0.15816309 -0.01358285 0.15060394
v -0.24920646 0.12980522 0.15060394
v -0.24799264 0.13162202 0.15060394
v -0.24617572 0.13283602 0.15060394
v 0.16119409 0.12980522 0.15060394
v 0.15998009 0.13162202 0.15060394
v 0.15816309 0.13283602 0.15060394
v -0.24617572 -0.08388018 0.15060394
v -0.24799264 -0.08266638 0.15060394
v -0.24920646 -0.08084948 0.15060394
v 0.16244879 -0.02043788 0.15774688
v 0.16804909 -0.01483774 0.15774688
v 0.16804909 0.13409092 0.15774688
v 0.16244879 0.13969092 0.15774688
v -0.25606158 -0.08513508 0.15774688
v -0.25046131 -0.09073528 0.15774688
v -0.25046131 0.13969092 0.15774688
v -0.25606158 0.13409092 0.15774688
v 0.15602019 -0.01400915 0.15774688
v 0.16162019 -0.00840906 0.15774688
v 0.16162019 0.12766218 0.15774688
v 0.15602019 0.13326232 0.15774688
v -0.24963296 -0.07870648 0.15774688
v -0.24403281 -0.08430648 0.15774688
v -0.24403281 0.13326232 0.15774688
v -0.24963296 0.12766218 0.15774688
v 0.16762279 -0.01698081 0.15774688
v 0.16119419 -0.01055215 0.15774688
v 0.16640899 -0.01879765 0.15774688
v 0.15998019 -0.01236894 0.15774688
v 0.16459219 -0.02001159 0.15774688
v 0.15816319 -0.01358285 0.15774688
v -0.25563523 0.13623392 0.15774688
v -0.24920652 0.12980522 0.15774688
v -0.25442126 0.13805072 0.15774688
v -0.24799247 0.13162202 0.15774688
v -0.25260444 0.13926472 0.15774688
v -0.24617578 0.13283602 0.15774688
v 0.16119419 0.12980522 0.15774688
v 0.16762279 0.13623392 0.15774688
v 0.15998019 0.13162202 0.15774688
v 0.16640899 0.13805072 0.15774688
v 0.15816319 0.13283602 0.15774688
v 0.16459219 0.13926472 0.15774688
v -0.25260444 -0.09030898 0.15774688
v -0.24617578 -0.08388018 0.15774688
v -0.25442126 -0.08909498 0.15774688
v -0.24799247 -0.08266628 0.15774688
v -0.25563523 -0.08727818 0.15774688
v -0.24920652 -0.08084948 0.15774688
v 0.15602019 -0.01400911 0.15596099
v 0.16162039 -0.00840906 0.15596099
v 0.16162039 0.12766218 0.15596099
v 0.15602019 0.13326232 0.15596099
v -0.24963279 -0.07870648 0.15596099
v -0.24403266 -0.08430648 0.15596161
v -0.24403266 0.13326232 0.15596161
v -0.24963279 0.12766218 0.15596099
v 0.16119409 -0.01055215 0.15596099
v 0.15998009 -0.01236894 0.15596099
v 0.15816309 -0.01358285 0.15596099
v -0.24920646 0.12980522 0.15596099
v -0.24799262 0.13162202 0.15596099
v -0.24617587 0.13283602 0.15596099
v 0.16119409 0.12980522 0.15596099
v 0.15998009 0.13162202 0.15596099
v 0.15816309 0.13283602 0.15596099
v -0.24617587 -0.08388018 0.15596099
v -0.24799262 -0.08266638 0.15596099
v -0.24920646 -0.08084948 0.15596099
v -0.19312047 -0.08430648 0.15774688
v 0.11967169 -0.01400915 0.15774688
v 0.11967169 -0.02043788 0.15774688
v -0.19312047 -0.09073528 0.15774688
v -0.19312047 -0.08430648 0.15060394
v 0.11967169 -0.01400911 0.15060394
v 0.11967169 -0.01400911 0.15596099
v -0.19312047 -0.08430648 0.15596161
v -0.19312047 -0.08430648 0.14881806
v 0.11967169 -0.01400915 0.14881866
v 0.17114929 -0.01757315 0.11578035
v 0.16771869 -0.02310898 0.11578035
v 0.16771869 0.14147682 0.11578035
v 0.17114929 0.13594092 0.11578035
v -0.25231143 -0.09252098 0.11578035
v -0.25784724 -0.08698518 0.11578035
v -0.25784724 0.13594092 0.11578035
v -0.25231143 0.14147682 0.11578035
v 0.18019489 -0.04610760 0.11578035
v 0.18362549 -0.04057175 0.11578035
v 0.18362549 0.15893952 0.11578035
v 0.18019489 0.16447532 0.11578035
v -0.27797923 -0.10998378 0.11578035
v -0.27244330 -0.11551958 0.11578035
v -0.27244330 0.16447532 0.11578035
v -0.27797923 0.15893952 0.11578035
v 0.17384979 -0.02193039 0.11370940
v 0.17041899 -0.02746621 0.11370940
v 0.17041899 0.14583402 0.11370940
v 0.17384979 0.14029822 0.11370940
v -0.25666864 -0.09687818 0.11370940
v -0.26220451 -0.09134238 0.11370940
v -0.26220451 0.14029822 0.11370940
v -0.25666864 0.14583402 0.11370940
v 0.17749459 -0.04175034 0.11370940
v 0.18092519 -0.03621454 0.11370940
v 0.18092519 0.15458232 0.11370940
v 0.17749459 0.16011802 0.11370940
v -0.27362191 -0.10562658 0.11370940
v -0.26808608 -0.11116238 0.11370879
v -0.26808608 0.16011802 0.11370879
v -0.27362191 0.15458232 0.11370940
v -0.26058301 0.14421252 0.11370879
v -0.27200050 0.15849662 0.11370940
v 0.17992049 -0.04012898 0.11370879
v 0.17284469 -0.02584480 0.11370940
v 0.17992049 0.15849662 0.11370879
v 0.17284469 0.14421252 0.11370940
v 0.18262069 0.16285392 0.11578035
v 0.17014459 0.13985532 0.11578035
v -0.27200050 -0.10954098 0.11370940
v -0.27635768 -0.11389818 0.11578035
v 0.18262069 -0.04448619 0.11578035
v -0.26058301 -0.09525678 0.11370879
v -0.27635768 0.16285392 0.11578035
v -0.25622594 -0.09089958 0.11578035
v 0.17014459 -0.02148760 0.11578035
v -0.25622594 0.13985532 0.11578035
v -0.19312047 -0.11551958 0.11578035
v -0.14468031 -0.10831988 0.11578035
v -0.09624021 -0.09242928 0.11578035
v -0.04780011 -0.07273328 0.11578035
v 0.00063999 -0.05607041 0.11578035
v 0.04908009 -0.04666459 0.11578035
v 0.09752019 -0.04589318 0.11578035
v 0.09752019 -0.04153587 0.11370940
v 0.04908009 -0.04230732 0.11370940
v 0.00063999 -0.05171311 0.11370940
v -0.04780011 -0.06837599 0.11370879
v -0.09624021 -0.08807208 0.11370879
v -0.14468031 -0.10396258 0.11370879
v -0.19312047 -0.11116238 0.11370879
v -0.19312047 -0.09687818 0.11370940
v -0.14468031 -0.08967848 0.11370940
v -0.09624021 -0.07378788 0.11370940
v -0.04780011 -0.05409188 0.11370940
v 0.00063999 -0.03742900 0.11370940
v 0.04908009 -0.02802318 0.11370940
v 0.09752019 -0.02725177 0.11370940
v 0.09752019 -0.02289458 0.11578035
v 0.04908009 -0.02366598 0.11578035
v 0.00063999 -0.03307179 0.11578035
v -0.04780011 -0.04973464 0.11578035
v -0.09624021 -0.06943073 0.11578035
v -0.14468031 -0.08532128 0.11578035
v -0.19312047 -0.09252098 0.11578035
v 0.16903789 0.13806952 0.11756562
v 0.16661209 0.13969092 0.11756562
v 0.17004269 0.13415512 0.11756562
v 0.18397979 -0.04114322 0.11828035
v 0.18297469 -0.04505761 0.11828035
v 0.18054899 -0.04667904 0.11828097
v 0.18297469 0.16342532 0.11828035
v 0.18397979 0.15951092 0.11828035
v 0.18054899 0.16504682 0.11828097
v -0.25444003 -0.08911388 0.11756562
v -0.25052568 -0.09073528 0.11756562
v -0.25606158 -0.08519938 0.11756562
v -0.27692916 -0.11446968 0.11828035
v -0.27855058 -0.11055518 0.11828035
v -0.27301467 -0.11609108 0.11828097
v -0.27855058 0.15951092 0.11828035
v -0.27692916 0.16342532 0.11828035
v -0.27301467 0.16504682 0.11828097
v 0.16903789 -0.01970184 0.11756562
v 0.17004269 -0.01578739 0.11756562
v 0.16661209 -0.02132323 0.11756562
v -0.25052568 0.13969092 0.11756562
v -0.25444003 0.13806952 0.11756562
v -0.25606158 0.13415512 0.11756562
v 0.09752019 -0.04646463 0.11828097
v 0.09752019 -0.02110881 0.11756562
v -0.19312047 -0.11609108 0.11828097
v -0.19312047 -0.09073528 0.11756562
v 0.04908009 -0.04723605 0.11828097
v 0.00063999 -0.05664185 0.11828097
v -0.04780011 -0.07330468 0.11828097
v -0.09624021 -0.09300078 0.11828097
v -0.14468031 -0.10889128 0.11828097
v 0.04908009 -0.02188024 0.11756562
v 0.00063999 -0.03128603 0.11756562
v -0.04780011 -0.04794888 0.11756562
v -0.09624021 -0.06764496 0.11756562
v -0.14468031 -0.08353548 0.11756562
v 0.03708909 -0.01669378 0.15774688
v 0.06125439 -0.01443966 0.15774688
v -0.01104071 -0.02709365 0.15774688
v 0.01279579 -0.02096775 0.15774688
v -0.05935051 -0.04453248 0.15774688
v -0.03592951 -0.03558957 0.15774688
v -0.10807671 -0.06433770 0.15774688
v -0.08467941 -0.05525750 0.15774688
v -0.15690201 -0.07905248 0.15774688
v -0.13303711 -0.07316288 0.15774688
v 0.03711509 -0.01668921 0.15060394
v 0.06122799 -0.01443998 0.15060394
v 0.06122799 -0.01443998 0.15596099
v 0.03711509 -0.01668921 0.15596099
v -0.01085401 -0.02702995 0.15060394
v 0.01260149 -0.02100197 0.15060394
v 0.01260149 -0.02100197 0.15596099
v -0.01085401 -0.02702995 0.15596099
v -0.05895771 -0.04436613 0.15060394
v -0.03633321 -0.03572741 0.15060394
v -0.03633321 -0.03572741 0.15596099
v -0.05895771 -0.04436613 0.15596099
v -0.10766181 -0.06419099 0.15060394
v -0.08508471 -0.05542910 0.15060394
v -0.08508471 -0.05542910 0.15596161
v -0.10766181 -0.06419099 0.15596161
v -0.15672141 -0.07902628 0.15060394
v -0.13320921 -0.07322378 0.15060394
v -0.13320921 -0.07322378 0.15596161
v -0.15672141 -0.07902628 0.15596161
v 0.03708909 -0.01669378 0.14881866
v 0.06125439 -0.01443966 0.14881866
v -0.01104071 -0.02709365 0.14881866
v 0.01279579 -0.02096775 0.14881866
v -0.05935051 -0.04453248 0.14881866
v -0.03592951 -0.03558957 0.14881866
v -0.10807671 -0.06433770 0.14881866
v -0.08467941 -0.05525750 0.14881866
v -0.15690201 -0.07905248 0.14881806
v -0.13303711 -0.07316288 0.14881806
v 0.00163509 -0.17544678 0.00012521
v 0.00163509 -0.17544678 0.00011521
v 0.00164509 -0.17544678 0.00011521
v 0.00164509 -0.17544678 0.00012521
v -0.24920657 -0.08084948 0.14881806
v -0.24963285 -0.07870648 0.14881806
v -0.24963285 0.12766218 0.14881806
v -0.24920657 0.12980522 0.14881806
v -0.24799247 0.13162202 0.14881806
v -0.24617572 0.13283602 0.14881806
v -0.24617572 0.13283602 0.14881806
v -0.24617572 0.13283602 0.15060394
v -0.24403274 0.13326232 0.14881806
v 0.15601989 0.13326232 0.14881866
v 0.15816339 0.13283602 0.14881806
v 0.15816339 0.13283602 0.14881806
v 0.15816309 0.13283602 0.15060394
v 0.15998009 0.13162202 0.14881866
v 0.16119389 0.12980522 0.14881866
v 0.16162029 0.12766218 0.14881806
v 0.16162029 -0.00840906 0.14881806
v 0.16119389 -0.01055215 0.14881866
v 0.15998009 -0.01236896 0.14881866
v 0.15816339 -0.01358285 0.14881806
v 0.15816339 -0.01358285 0.14881806
v 0.15816309 -0.01358285 0.15060394
v 0.15601989 -0.01400915 0.14881866
v -0.24403274 -0.08430648 0.14881806
v -0.24617572 -0.08388018 0.14881806
v -0.24617572 -0.08388018 0.14881806
v -0.24617572 -0.08388018 0.15060394
v -0.24799247 -0.08266638 0.14881806
v -0.24920652 -0.08084948 0.15774688
v -0.24963296 -0.07870648 0.15774688
v -0.24963296 0.12766218 0.15774688
v -0.24920652 0.12980522 0.15774688
v -0.24799247 0.13162202 0.15774688
v -0.24617578 0.13283602 0.15774688
v -0.24617578 0.13283602 0.15774688
v -0.24403281 0.13326232 0.15774688
v -0.24617587 0.13283602 0.15596099
v 0.15602019 0.13326232 0.15774688
v 0.15816319 0.13283602 0.15774688
v 0.15816319 0.13283602 0.15774688
v 0.15998019 0.13162202 0.15774688
v 0.15816309 0.13283602 0.15596099
v 0.16119419 0.12980522 0.15774688
v 0.16162019 0.12766218 0.15774688
v 0.16162019 -0.00840906 0.15774688
v 0.16119419 -0.01055215 0.15774688
v 0.15998019 -0.01236894 0.15774688
v 0.15816319 -0.01358285 0.15774688
v 0.15816319 -0.01358285 0.15774688
v 0.15602019 -0.01400915 0.15774688
v 0.15816309 -0.01358285 0.15596099
v -0.24403281 -0.08430648 0.15774688
v -0.24617578 -0.08388018 0.15774688
v -0.24617578 -0.08388018 0.15774688
v -0.24799247 -0.08266628 0.15774688
v -0.24617587 -0.08388018 0.15596099
v 0.11967169 -0.01400915 0.15774688
v 0.11967169 -0.01400915 0.14881866
v 0.11967169 -0.02043788 0.14881806
v -0.19312047 -0.08430648 0.15774688
v -0.19312047 -0.08430648 0.14881806
v -0.19312047 -0.09073528 0.14881806
v 0.18262069 0.16285392 0.11578035
v 0.18362549 0.15893952 0.11578035
v 0.18019489 0.16447532 0.11578035
v -0.27635768 -0.11389818 0.11578035
v -0.27797923 -0.10998378 0.11578035
v -0.27692916 -0.11446968 0.11828035
v -0.27244330 -0.11551958 0.11578035
v -0.27635768 -0.11389818 0.11578035
v -0.27797923 0.15893952 0.11578035
v -0.27635768 0.16285392 0.11578035
v -0.27635768 0.16285392 0.11578035
v -0.27244330 0.16447532 0.11578035
v -0.27692916 0.16342532 0.11828035
v 0.18262069 -0.04448619 0.11578035
v 0.18362549 -0.04057175 0.11578035
v 0.18019489 -0.04610760 0.11578035
v 0.18092519 0.15458232 0.11370940
v 0.18092519 -0.03621454 0.11370940
v 0.18054899 -0.04667904 0.11828097
v 0.18019489 -0.04610760 0.11578035
v 0.09752019 -0.04589318 0.11578035
v -0.19312047 -0.11551958 0.11578035
v 0.18019489 0.16447532 0.11578035
v 0.18054899 0.16504682 0.11828097
v 0.04908009 -0.04666459 0.11578035
v 0.00063999 -0.05607041 0.11578035
v -0.04780011 -0.07273328 0.11578035
v -0.09624021 -0.09242928 0.11578035
v -0.14468031 -0.10831988 0.11578035
v 0.06125439 -0.01443966 0.15774688
v 0.06125439 -0.02086839 0.15774688
v 0.03708909 -0.02312252 0.15774688
v 0.03708909 -0.01669378 0.15774688
v 0.01279579 -0.02096775 0.15774688
v 0.01279579 -0.02739653 0.15774688
v -0.01104071 -0.03352241 0.15774688
v -0.01104071 -0.02709365 0.15774688
v -0.03592951 -0.03558957 0.15774688
v -0.03592951 -0.04201834 0.15774688
v -0.05935051 -0.05096122 0.15774688
v -0.05935051 -0.04453248 0.15774688
v -0.08467941 -0.05525750 0.15774688
v -0.08467941 -0.06168625 0.15774688
v -0.10807671 -0.07076645 0.15774688
v -0.10807671 -0.06433770 0.15774688
v -0.13303711 -0.07316288 0.15774688
v -0.13303711 -0.07959158 0.15774688
v -0.15690201 -0.08548128 0.15774688
v -0.15690201 -0.07905248 0.15774688
v 0.06125439 -0.02086839 0.14881806
v 0.06125439 -0.01443966 0.14881866
v 0.03708909 -0.01669378 0.14881866
v 0.03708909 -0.02312252 0.14881806
v 0.01279579 -0.02739653 0.14881806
v 0.01279579 -0.02096775 0.14881866
v -0.01104071 -0.02709365 0.14881866
v -0.01104071 -0.03352241 0.14881806
v -0.03592951 -0.04201834 0.14881806
v -0.03592951 -0.03558957 0.14881866
v -0.05935051 -0.04453248 0.14881866
v -0.05935051 -0.05096122 0.14881806
v -0.08467941 -0.06168625 0.14881806
v -0.08467941 -0.05525750 0.14881866
v -0.10807671 -0.06433770 0.14881866
v -0.10807671 -0.07076645 0.14881806
v -0.13303711 -0.07959158 0.14881806
v -0.13303711 -0.07316288 0.14881806
v -0.15690201 -0.07905248 0.14881806
v -0.15690201 -0.08548128 0.14881806
v 0.00163509 -0.17544678 0.00012521
v 0.00164509 -0.17544678 0.00012521
v 0.00163509 -0.17544678 0.00011521
v 0.00164509 -0.17544678 0.00011521
v 0.18436249 -0.09252108 0.11846037
v 0.18436249 0.13969092 0.11846037
v 0.14589749 -0.13281978 0.11846037
v 0.18257669 -0.09252108 0.11667448
v 0.18257669 0.13969092 0.11667448
v 0.14589769 -0.13103398 0.11667448
v -0.30011211 -0.09252108 0.11846098
v -0.30011211 0.13969092 0.11846098
v -0.25606158 0.17070952 0.11846037
v -0.25606158 -0.13281978 0.11846037
v -0.29832631 -0.09252108 0.11667509
v -0.29832631 0.13969092 0.11667509
v -0.25606158 0.16892372 0.11667448
v -0.25606158 -0.13103398 0.11667448
v 0.18436259 -0.09252108 0.14078276
v 0.18436259 0.13969092 0.14078276
v 0.14589769 -0.13281978 0.14078276
v -0.30011205 -0.09252108 0.14078276
v -0.30011205 0.13969092 0.14078276
v -0.25606151 0.17070952 0.14078276
v -0.25606151 -0.13281978 0.14078276
v 0.18436289 -0.09252108 0.16310392
v 0.18436289 0.13969092 0.16310392
v 0.16804909 -0.13281978 0.16310392
v 0.18257689 -0.09252108 0.16488980
v 0.18257689 0.13969092 0.16488980
v 0.16804889 -0.13103398 0.16489042
v -0.30011205 -0.09252108 0.16310453
v -0.30011205 0.13969092 0.16310453
v -0.25606158 0.17070952 0.16310453
v -0.25606158 -0.13281978 0.16310453
v -0.29832631 -0.09252108 0.16489042
v -0.29832631 0.13969092 0.16489042
v -0.25606164 0.16892372 0.16488980
v -0.25606164 -0.13103398 0.16488980
v 0.16804889 -0.01763780 0.14613982
v 0.16524889 -0.02043788 0.14613982
v 0.16524889 0.13969092 0.14613982
v 0.16804889 0.13689092 0.14613982
v -0.25606158 -0.08793518 0.14613982
v -0.25326150 -0.09073528 0.14613982
v -0.25606143 0.13689092 0.14613982
v -0.25326150 0.13969092 0.14613982
v 0.17064789 -0.09252098 0.11667448
v 0.17064789 0.13969092 0.11667448
v 0.14589769 -0.11931988 0.11667448
v -0.28081212 -0.09073528 0.11667509
v -0.28081212 0.13969092 0.11667509
v -0.25606158 0.16385262 0.11667448
v -0.25606158 -0.11931988 0.11667448
v 0.17006439 -0.09252108 0.11921532
v 0.17013139 0.13969082 0.11899127
v 0.14589739 -0.11874848 0.11917509
v -0.28024049 -0.09073528 0.11917448
v -0.28024049 0.13969092 0.11917448
v -0.25606164 0.16385262 0.11917509
v -0.25606164 -0.11874848 0.11917509
v 0.18436249 -0.13205188 0.11846037
v 0.18359449 -0.13281978 0.11846037
v 0.18359449 0.17070952 0.11846037
v 0.18436249 0.16994162 0.11846037
v 0.18180909 -0.13103398 0.11667448
v 0.18257669 -0.13026608 0.11667448
v 0.18257669 0.16815582 0.11667448
v 0.18180909 0.16892372 0.11667448
v -0.30011211 -0.13205188 0.11846098
v -0.29934419 -0.13281978 0.11846037
v -0.29934419 0.17070952 0.11846037
v -0.30011211 0.16994162 0.11846098
v -0.29832631 -0.13026608 0.11667509
v -0.29755845 -0.13103398 0.11667509
v -0.29755845 0.16892372 0.11667509
v -0.29832631 0.16815582 0.11667509
v 0.18436259 -0.13205188 0.14078276
v 0.18359469 -0.13281978 0.14078276
v 0.18436259 0.16994162 0.14078276
v 0.18359469 0.17070952 0.14078276
v -0.30011205 -0.13205188 0.14078276
v -0.29934421 -0.13281978 0.14078276
v -0.30011205 0.16994162 0.14078276
v -0.29934421 0.17070952 0.14078276
v 0.18436289 -0.13205188 0.16310392
v 0.18359479 -0.13281978 0.16310392
v 0.18359479 0.17070952 0.16310392
v 0.18436289 0.16994162 0.16310392
v 0.18257689 -0.13026608 0.16488980
v 0.18180889 -0.13103398 0.16488980
v 0.18180889 0.16892372 0.16488980
v 0.18257689 0.16815582 0.16488980
v -0.30011205 -0.13205188 0.16310453
v -0.29934419 -0.13281978 0.16310453
v -0.29934419 0.17070952 0.16310453
v -0.30011205 0.16994162 0.16310453
v -0.29755845 -0.13103398 0.16489042
v -0.29832631 -0.13026608 0.16489042
v -0.29832631 0.16815582 0.16489042
v -0.29755845 0.16892372 0.16489042
v 0.16988009 -0.11931988 0.11667509
v 0.17064789 -0.11855198 0.11667448
v 0.17064789 0.16337042 0.11667448
v 0.16988009 0.16385262 0.11667509
v -0.28081212 -0.11855198 0.11667509
v -0.28004415 -0.11931988 0.11667448
v -0.28004415 0.16385262 0.11667448
v -0.28081212 0.16337042 0.11667509
v 0.16930869 -0.11874848 0.11917448
v 0.17005709 -0.11798048 0.11923989
v 0.17007659 0.16279902 0.11917448
v -0.28024049 -0.11798058 0.11917448
v -0.27947276 -0.11874848 0.11917448
v -0.27947278 0.16385262 0.11917449
v -0.28024049 0.16279902 0.11917448
v 0.16251319 -0.02043788 0.11846037
v 0.16524889 -0.02043788 0.12396818
v 0.16804889 -0.01763780 0.12396818
v 0.16802949 -0.01490197 0.11852576
v -0.25606158 -0.08519938 0.11846037
v -0.25606158 -0.09017808 0.12396818
v -0.25550441 -0.09073528 0.12396818
v -0.25052568 -0.09073528 0.11846037
v 0.16807239 0.13415512 0.11838193
v 0.16804909 0.13913382 0.12396818
v 0.16749169 0.13969092 0.12396818
v 0.16251319 0.13969092 0.11846037
v -0.25606158 0.13415512 0.11846037
v -0.25052568 0.13969092 0.11846037
v -0.25550441 0.13969092 0.12396818
v -0.25606158 0.13913382 0.12396818
v 0.16867939 -0.11699458 0.11882721
v 0.16285079 -0.11609098 0.11917509
v -0.27301467 -0.11609108 0.11917509
v -0.27855058 -0.11055518 0.11917448
v 0.16642759 0.13806952 0.11846037
v 0.16676499 -0.11446968 0.11917448
v -0.25444003 -0.08911388 0.11846037
v -0.27692916 -0.11446968 0.11917448
v 0.16642759 -0.01881646 0.11846037
v -0.25444003 0.13806952 0.11846037
v 0.16978699 -0.02340128 0.16488980
v 0.17101189 -0.02216337 0.16488980
v 0.16983469 -0.02104503 0.16489042
v 0.16865619 -0.02222367 0.16489042
v 0.16865619 0.14147682 0.16489042
v 0.16983469 0.14029822 0.16489042
v 0.17101189 0.14141652 0.16488980
v -0.25779950 -0.09369868 0.16489042
v -0.25666869 -0.09252108 0.16489042
v -0.25784730 -0.09134238 0.16489042
v -0.25902427 -0.09246078 0.16488980
v -0.25779950 0.14265432 0.16489042
v -0.25902427 0.14141652 0.16488980
v -0.25784730 0.14029822 0.16489042
v -0.25666869 0.14147682 0.16489042
v 0.16804909 -0.01925931 0.16310392
v 0.16804889 -0.01958622 0.16228972
v 0.16719749 -0.02043788 0.16228972
v 0.16687049 -0.02043789 0.16310453
v -0.25488299 -0.09073528 0.16310453
v -0.25520990 -0.09073528 0.16228972
v -0.25606158 -0.08988358 0.16228972
v -0.25606158 -0.08955668 0.16310453
v 0.16687049 0.13969092 0.16310453
v 0.16719749 0.13969092 0.16228972
v 0.16804889 0.13883932 0.16228972
v 0.16804909 0.13851232 0.16310392
v -0.25606158 0.13851232 0.16310453
v -0.25606158 0.13883932 0.16228972
v -0.25520990 0.13969092 0.16228972
v -0.25488299 0.13969092 0.16310453
v -0.25750207 -0.09217578 0.16489042
v -0.25571628 -0.09039008 0.16310392
v 0.16770369 -0.02009267 0.16310453
v 0.16948959 -0.02187844 0.16489042
v 0.16948959 0.14113152 0.16489042
v 0.16770369 0.13934582 0.16310453
v -0.25571628 0.13934582 0.16310392
v -0.25750207 0.14113152 0.16489042
v -0.19312047 -0.13281978 0.16310453
v 0.11967169 -0.13281978 0.16310392
v 0.11967169 -0.13281978 0.14078276
v -0.19312047 -0.13281978 0.14078276
v -0.19312047 -0.11931988 0.11667448
v 0.11967169 -0.11931988 0.11667448
v 0.11967169 -0.11874848 0.11917509
v -0.19312047 -0.11874848 0.11917509
v -0.19312047 -0.09073528 0.16310453
v 0.11967169 -0.02043789 0.16310453
v 0.11967169 -0.02222367 0.16489042
v -0.19312047 -0.09252098 0.16489042
v -0.19312047 -0.13281978 0.11846037
v 0.11967169 -0.13281978 0.11846037
v 0.11967169 -0.13103398 0.11667448
v -0.19312047 -0.13103398 0.11667448
v -0.19312047 -0.09073528 0.14613982
v 0.11967169 -0.02043788 0.14613982
v 0.11967169 -0.02043788 0.14881806
v -0.19312047 -0.09073528 0.14881806
v -0.19312047 -0.09073528 0.11846037
v 0.11967169 -0.02043788 0.11846037
v -0.19312047 -0.13103398 0.16488980
v 0.11967169 -0.13103398 0.16489042
v -0.19312047 -0.11609108 0.11917509
v 0.11967169 -0.11609108 0.11917509
v 0.03697129 -0.13281978 0.16310392
v 0.06118889 -0.13281978 0.16310392
v 0.06118889 -0.13281978 0.14078276
v 0.03697129 -0.13281978 0.14078276
v -0.01146881 -0.13281978 0.16310392
v 0.01274879 -0.13281978 0.16310392
v 0.01274879 -0.13281978 0.14078276
v -0.01146881 -0.13281978 0.14078276
v -0.05990891 -0.13281978 0.16310392
v -0.03569131 -0.13281978 0.16310392
v -0.03569131 -0.13281978 0.14078276
v -0.05990891 -0.13281978 0.14078276
v -0.10834911 -0.13281978 0.16310392
v -0.08413141 -0.13281978 0.16310392
v -0.08413141 -0.13281978 0.14078276
v -0.10834911 -0.13281978 0.14078276
v -0.15678921 -0.13281978 0.16310453
v -0.13257151 -0.13281978 0.16310453
v -0.13257151 -0.13281978 0.14078276
v -0.15678921 -0.13281978 0.14078276
v 0.03697129 -0.11931988 0.11667448
v 0.06118889 -0.11931988 0.11667448
v 0.06118889 -0.11874848 0.11917509
v 0.03697129 -0.11874848 0.11917509
v -0.01146881 -0.11931988 0.11667448
v 0.01274879 -0.11931988 0.11667448
v 0.01274879 -0.11874848 0.11917509
v -0.01146881 -0.11874848 0.11917509
v -0.05990891 -0.11931988 0.11667448
v -0.03569131 -0.11931988 0.11667448
v -0.03569131 -0.11874848 0.11917509
v -0.05990891 -0.11874848 0.11917509
v -0.10834911 -0.11931988 0.11667448
v -0.08413141 -0.11931988 0.11667448
v -0.08413141 -0.11874848 0.11917509
v -0.10834911 -0.11874848 0.11917509
v -0.15678921 -0.11931988 0.11667448
v -0.13257151 -0.11931988 0.11667448
v -0.13257151 -0.11874848 0.11917509
v -0.15678921 -0.11874848 0.11917509
v 0.03710209 -0.02312024 0.16310453
v 0.06124119 -0.02086856 0.16310453
v 0.06122189 -0.02265455 0.16489042
v 0.03703069 -0.02491857 0.16489042
v -0.01094511 -0.03348975 0.16310453
v 0.01269629 -0.02741401 0.16310453
v 0.01277459 -0.02918602 0.16489042
v -0.01124681 -0.03537851 0.16489042
v -0.05914411 -0.05087384 0.16310453
v -0.03614161 -0.04209076 0.16310453
v -0.03581391 -0.04376464 0.16489042
v -0.05961241 -0.05285793 0.16489042
v -0.10785831 -0.07068926 0.16310453
v -0.08489271 -0.06177655 0.16310453
v -0.08442241 -0.06336321 0.16489042
v -0.10820801 -0.07259868 0.16489042
v -0.15680971 -0.08546788 0.16310453
v -0.13312501 -0.07962278 0.16310453
v -0.13281321 -0.08129828 0.16489042
v -0.15684891 -0.08725928 0.16489042
v 0.06125439 -0.02086839 0.15774688
v 0.03708909 -0.02312252 0.15774688
v 0.01279579 -0.02739653 0.15774688
v -0.01104071 -0.03352241 0.15774688
v -0.03592951 -0.04201834 0.15774688
v -0.05935051 -0.05096122 0.15774688
v -0.08467941 -0.06168625 0.15774688
v -0.10807671 -0.07076645 0.15774688
v -0.13303711 -0.07959158 0.15774688
v -0.15690201 -0.08548128 0.15774688
v 0.03697129 -0.13281978 0.11846037
v 0.06118889 -0.13281978 0.11846037
v 0.06118889 -0.13103398 0.11667448
v 0.03697129 -0.13103398 0.11667448
v -0.01146881 -0.13281978 0.11846037
v 0.01274879 -0.13281978 0.11846037
v 0.01274879 -0.13103398 0.11667448
v -0.01146881 -0.13103398 0.11667448
v -0.05990891 -0.13281978 0.11846037
v -0.03569131 -0.13281978 0.11846037
v -0.03569131 -0.13103398 0.11667448
v -0.05990891 -0.13103398 0.11667448
v -0.10834911 -0.13281978 0.11846037
v -0.08413141 -0.13281978 0.11846037
v -0.08413141 -0.13103398 0.11667448
v -0.10834911 -0.13103398 0.11667448
v -0.15678921 -0.13281978 0.11846037
v -0.13257151 -0.13281978 0.11846037
v -0.13257151 -0.13103398 0.11667448
v -0.15678921 -0.13103398 0.11667448
v 0.03711509 -0.02311796 0.14613982
v 0.06122799 -0.02086870 0.14613982
v 0.06125439 -0.02086839 0.14881806
v 0.03708909 -0.02312252 0.14881806
v -0.01085401 -0.03345866 0.14613982
v 0.01260149 -0.02743070 0.14613982
v 0.01279579 -0.02739653 0.14881806
v -0.01104071 -0.03352241 0.14881806
v -0.05895771 -0.05079491 0.14613982
v -0.03633321 -0.04215617 0.14613982
v -0.03592951 -0.04201834 0.14881806
v -0.05935051 -0.05096122 0.14881806
v -0.10766181 -0.07061973 0.14613982
v -0.08508471 -0.06185788 0.14613982
v -0.08467941 -0.06168625 0.14881806
v -0.10807671 -0.07076645 0.14881806
v -0.15672141 -0.08545508 0.14613982
v -0.13320921 -0.07965248 0.14613982
v -0.13303711 -0.07959158 0.14881806
v -0.15690201 -0.08548128 0.14881806
v 0.03697129 -0.13103398 0.16489042
v 0.06118889 -0.13103398 0.16489042
v -0.01146881 -0.13103398 0.16489042
v 0.01274879 -0.13103398 0.16489042
v -0.05990891 -0.13103398 0.16489042
v -0.03569131 -0.13103398 0.16489042
v -0.10834911 -0.13103398 0.16489042
v -0.08413141 -0.13103398 0.16489042
v -0.15678921 -0.13103398 0.16488980
v -0.13257151 -0.13103398 0.16488980
v 0.03708909 -0.02312252 0.11846037
v 0.06125439 -0.02086839 0.11846037
v -0.01104071 -0.03352241 0.11846037
v 0.01279579 -0.02739653 0.11846037
v -0.05935051 -0.05096121 0.11846037
v -0.03592951 -0.04201834 0.11846037
v -0.10807661 -0.07076642 0.11846037
v -0.08467951 -0.06168627 0.11846037
v -0.15690191 -0.08548118 0.11846037
v -0.13303721 -0.07959168 0.11846037
v 0.06118889 -0.11609108 0.11917509
v 0.03697129 -0.11609108 0.11917509
v 0.01274879 -0.11609108 0.11917509
v -0.01146881 -0.11609108 0.11917509
v -0.03569131 -0.11609108 0.11917509
v -0.05990891 -0.11609108 0.11917509
v -0.08413141 -0.11609108 0.11917509
v -0.10834911 -0.11609108 0.11917509
v -0.13257151 -0.11609088 0.11917509
v -0.15678921 -0.11609098 0.11917509
v 0.16778889 -0.02420804 0.16489042
v 0.16608089 -0.12903398 0.16489042
v 0.11967909 -0.02422365 0.16489042
v 0.11967169 -0.12903398 0.16489042
v 0.03729759 -0.02690235 0.16489042
v 0.06132269 -0.02465387 0.16489042
v 0.03697129 -0.12903398 0.16489042
v 0.06118889 -0.12903398 0.16489042
v -0.00925041 -0.03692923 0.16489042
v 0.01319809 -0.03114222 0.16489042
v -0.00946421 -0.12903398 0.16489042
v 0.01274879 -0.12903398 0.16489042
v 0.17817099 0.15340722 0.10555940
v 0.18286399 0.15340722 0.10555940
v 0.17966979 0.14852102 0.09675079
v 0.18136519 0.14852102 0.09675079
v 0.17966979 0.14308562 0.09539092
v 0.18136519 0.14308562 0.09539092
v 0.17817099 0.15249442 0.11440093
v 0.18286399 0.15249442 0.11440093
v 0.18286399 0.15775802 0.11210844
v 0.17817099 0.15775802 0.11210844
v 0.17966979 0.13568342 0.09564664
v 0.18136519 0.13568342 0.09564664
v 0.18286399 0.13330282 0.10510892
v 0.17817099 0.13330282 0.10510892
v 0.18223359 0.15040652 0.09881805
v 0.18286399 0.15192962 0.10222685
v 0.17817099 0.15192962 0.10222685
v 0.17880139 0.15040652 0.09881805
v 0.17817099 0.14351462 0.10245269
v 0.17870199 0.14309322 0.09815827
v 0.17817099 0.13240502 0.10231413
v 0.17869219 0.13337092 0.09808196
v 0.18286399 0.13240502 0.10231413
v 0.18234269 0.13337092 0.09808196
v 0.18286399 0.14351532 0.10242217
v 0.18234199 0.14309612 0.09818633
v 0.17817099 0.14329172 0.10612579
v 0.17817099 0.14770422 0.10696504
v 0.18286399 0.14329172 0.10612579
v 0.18286399 0.14770422 0.10696504
v 0.17817099 0.16008202 0.12256132
v 0.18286399 0.16008202 0.12256132
v 0.18286399 0.16401592 0.11875457
v 0.17817099 0.16401592 0.11875457
v 0.17817099 -0.09853748 0.10555940
v 0.18286399 -0.09853748 0.10555940
v 0.17966979 -0.10342368 0.09675079
v 0.18136519 -0.10342368 0.09675079
v 0.17966979 -0.10885908 0.09539092
v 0.18136519 -0.10885908 0.09539092
v 0.17817099 -0.09945028 0.11440093
v 0.18286399 -0.09945028 0.11440093
v 0.18286399 -0.09418678 0.11210844
v 0.17817099 -0.09418678 0.11210844
v 0.17966979 -0.11626128 0.09564664
v 0.18136519 -0.11626128 0.09564664
v 0.18286399 -0.11864198 0.10510892
v 0.17817099 -0.11864198 0.10510892
v 0.18223359 -0.10153828 0.09881805
v 0.18286399 -0.10001508 0.10222685
v 0.17817099 -0.10001508 0.10222685
v 0.17880139 -0.10153828 0.09881805
v 0.17817099 -0.10843008 0.10245269
v 0.17870199 -0.10885148 0.09815827
v 0.17817099 -0.11953978 0.10231413
v 0.17869219 -0.11857388 0.09808196
v 0.18286399 -0.11953978 0.10231413
v 0.18234269 -0.11857388 0.09808196
v 0.18286399 -0.10842938 0.10242217
v 0.18234199 -0.10884868 0.09818633
v 0.17817099 -0.10865288 0.10612579
v 0.17817099 -0.10424058 0.10696504
v 0.18286399 -0.10865288 0.10612579
v 0.18286399 -0.10424058 0.10696504
v 0.17817099 -0.09186268 0.12256132
v 0.18286399 -0.09186268 0.12256132
v 0.18286399 -0.08792878 0.11875457
v 0.17817099 -0.08792878 0.11875457
v 0.16930869 0.16385262 0.11917509
v 0.16804909 -0.01483774 0.14881806
v 0.16762269 -0.01698081 0.14881806
v 0.16640879 -0.01879765 0.14881806
v 0.16459199 -0.02001159 0.14881806
v 0.16244899 -0.02043788 0.14881806
v 0.16762269 0.13623392 0.14881806
v 0.16804909 0.13409092 0.14881806
v 0.16640879 0.13805072 0.14881806
v 0.16459199 0.13926472 0.14881806
v 0.16244899 0.13969092 0.14881806
v -0.25046138 -0.09073528 0.14881806
v -0.25260444 -0.09030898 0.14881806
v -0.25442126 -0.08909498 0.14881806
v -0.25563523 -0.08727818 0.14881806
v -0.25606158 -0.08513508 0.14881806
v -0.25260444 0.13926472 0.14881806
v -0.25046138 0.13969092 0.14881806
v -0.25442126 0.13805072 0.14881806
v -0.25563523 0.13623392 0.14881806
v -0.25606158 0.13409092 0.14881806
v 0.18359479 -0.13281978 0.16310392
v 0.18436289 -0.13205188 0.16310392
v -0.28081212 0.16337042 0.11667509
v -0.28004415 0.16385262 0.11667448
v -0.28004415 -0.11931988 0.11667448
v -0.28081212 -0.11855198 0.11667509
v 0.16988009 -0.11931988 0.11667509
v 0.17064789 -0.11855198 0.11667448
v -0.30011205 0.16994162 0.16310453
v -0.29934419 0.17070952 0.16310453
v 0.18436289 0.16994162 0.16310392
v 0.18359479 0.17070952 0.16310392
v 0.17064789 0.16337042 0.11667448
v 0.16988009 0.16385262 0.11667509
v -0.29934419 -0.13281978 0.16310453
v -0.30011205 -0.13205188 0.16310453
v 0.18359449 0.17070952 0.11846037
v 0.18180909 0.16892372 0.11667448
v 0.18436249 0.16994162 0.11846037
v 0.18257669 0.16815582 0.11667448
v 0.18436249 -0.13205188 0.11846037
v 0.18257669 -0.13026608 0.11667448
v 0.18359449 -0.13281978 0.11846037
v 0.18180909 -0.13103398 0.11667448
v -0.29934419 0.17070952 0.11846037
v -0.29755845 0.16892372 0.11667509
v -0.29832631 0.16815582 0.11667509
v -0.30011211 0.16994162 0.11846098
v -0.30011211 -0.13205188 0.11846098
v -0.29832631 -0.13026608 0.11667509
v -0.29755845 -0.13103398 0.11667509
v -0.29934419 -0.13281978 0.11846037
v 0.18180889 0.16892372 0.16488980
v 0.18359479 0.17070952 0.16310392
v 0.18257689 0.16815582 0.16488980
v 0.18257689 -0.13026608 0.16488980
v 0.18180889 -0.13103398 0.16488980
v 0.18359479 -0.13281978 0.16310392
v -0.29934419 0.17070952 0.16310453
v -0.29755845 0.16892372 0.16489042
v -0.29832631 0.16815582 0.16489042
v -0.29832631 -0.13026608 0.16489042
v -0.29934419 -0.13281978 0.16310453
v -0.29755845 -0.13103398 0.16489042
v 0.18359469 0.17070952 0.14078276
v 0.18359469 -0.13281978 0.14078276
v -0.29934421 0.17070952 0.14078276
v -0.29934421 -0.13281978 0.14078276
v 0.18257669 -0.09252108 0.11667448
v 0.14589769 -0.13103398 0.11667448
v -0.25606158 -0.13103398 0.11667448
v -0.29832631 -0.09252108 0.11667509
v -0.29832631 0.13969092 0.11667509
v -0.25606158 0.16892372 0.11667448
v 0.18257669 0.13969092 0.11667448
v -0.28004415 -0.11931988 0.11667448
v -0.25606158 -0.11931988 0.11667448
v -0.27947276 -0.11874848 0.11917448
v -0.28081212 -0.09073528 0.11667509
v -0.28081212 0.13969092 0.11667509
v -0.25606158 0.16385262 0.11667448
v -0.28004415 0.16385262 0.11667448
v -0.27947278 0.16385262 0.11917449
v 0.16988009 0.16385262 0.11667509
v 0.16930869 0.16385262 0.11917509
v 0.17064789 0.13969092 0.11667448
v 0.17064789 -0.09252098 0.11667448
v 0.14589769 -0.11931988 0.11667448
v 0.16988009 -0.11931988 0.11667509
v 0.16930869 -0.11874848 0.11917448
v 0.14589739 -0.11874848 0.11917509
v 0.16930869 -0.11874848 0.11917448
v 0.17005709 -0.11798048 0.11923989
v -0.27947276 -0.11874848 0.11917448
v -0.25606164 -0.11874848 0.11917509
v -0.28024049 -0.09073528 0.11917448
v -0.28024049 -0.11798058 0.11917448
v -0.29832631 0.13969092 0.16489042
v -0.29832631 -0.09252108 0.16489042
v -0.25784730 -0.09134238 0.16489042
v -0.25784730 0.14029822 0.16489042
v -0.25606158 -0.08513508 0.15774688
v -0.25606158 0.13409092 0.15774688
v -0.28024049 0.16279902 0.11917448
v -0.28024049 0.13969092 0.11917448
v 0.16804909 -0.01483774 0.15774688
v 0.16804909 0.13409092 0.15774688
v 0.18257689 0.13969092 0.16488980
v 0.18257689 -0.09252108 0.16488980
v 0.16983469 0.14029822 0.16489042
v 0.16983469 -0.02104503 0.16489042
v 0.18359449 0.17070952 0.11846037
v 0.18359449 -0.13281978 0.11846037
v -0.29934419 0.17070952 0.11846037
v -0.29934419 -0.13281978 0.11846037
v -0.25571628 -0.09039008 0.16310392
v -0.25750207 -0.09217578 0.16489042
v 0.16948959 -0.02187844 0.16489042
v 0.16770369 -0.02009267 0.16310453
v 0.16770369 0.13934582 0.16310453
v 0.16948959 0.14113152 0.16489042
v -0.25750207 0.14113152 0.16489042
v -0.25571628 0.13934582 0.16310392
v 0.16948959 -0.02187844 0.16489042
v 0.16865619 -0.02222367 0.16489042
v 0.16865619 0.14147682 0.16489042
v 0.16948959 0.14113152 0.16489042
v -0.25750207 -0.09217578 0.16489042
v -0.25666869 -0.09252108 0.16489042
v -0.25666869 0.14147682 0.16489042
v -0.25750207 0.14113152 0.16489042
v 0.16770369 -0.02009267 0.16310453
v 0.16687049 -0.02043789 0.16310453
v -0.25571628 -0.09039008 0.16310392
v -0.25488299 -0.09073528 0.16310453
v 0.16770369 0.13934582 0.16310453
v 0.16687049 0.13969092 0.16310453
v -0.25488299 0.13969092 0.16310453
v -0.25571628 0.13934582 0.16310392
v 0.16762279 -0.01698081 0.15774688
v 0.16640899 -0.01879765 0.15774688
v 0.16459219 -0.02001159 0.15774688
v 0.16244879 -0.02043788 0.15774688
v 0.16762279 0.13623392 0.15774688
v 0.16640899 0.13805072 0.15774688
v 0.16459219 0.13926472 0.15774688
v 0.16244879 0.13969092 0.15774688
v -0.25260444 -0.09030898 0.15774688
v -0.25046131 -0.09073528 0.15774688
v -0.25442126 -0.08909498 0.15774688
v -0.25563523 -0.08727818 0.15774688
v -0.25046131 0.13969092 0.15774688
v -0.25260444 0.13926472 0.15774688
v -0.25442126 0.13805072 0.15774688
v -0.25563523 0.13623392 0.15774688
v 0.16804889 -0.13103398 0.16489042
v -0.25606164 0.16892372 0.16488980
v -0.25606164 -0.13103398 0.16488980
v 0.11967169 -0.02043788 0.15774688
v 0.16244879 -0.02043788 0.15774688
v 0.16719749 -0.02043788 0.16228972
v 0.16524889 -0.02043788 0.14613982
v 0.16244899 -0.02043788 0.14881806
v 0.16524889 -0.02043788 0.12396818
v 0.11967169 -0.11874848 0.11917509
v 0.11967169 -0.11931988 0.11667448
v 0.11967169 -0.13103398 0.11667448
v -0.25520990 -0.09073528 0.16228972
v -0.25046131 -0.09073528 0.15774688
v -0.19312047 -0.09073528 0.15774688
v -0.25046138 -0.09073528 0.14881806
v -0.25326150 -0.09073528 0.14613982
v -0.25550441 -0.09073528 0.12396818
v -0.25052568 -0.09073528 0.11846037
v -0.19312047 -0.11874848 0.11917509
v -0.19312047 -0.09252098 0.16489042
v -0.19312047 -0.13103398 0.16488980
v -0.19312047 -0.11931988 0.11667448
v -0.19312047 -0.13103398 0.11667448
v 0.16749169 0.13969092 0.12396818
v 0.16251319 0.13969092 0.11846037
v -0.25052568 0.13969092 0.11846037
v -0.25550441 0.13969092 0.12396818
v 0.16524889 0.13969092 0.14613982
v -0.25326150 0.13969092 0.14613982
v 0.16719749 0.13969092 0.16228972
v 0.16244879 0.13969092 0.15774688
v -0.25046131 0.13969092 0.15774688
v -0.25520990 0.13969092 0.16228972
v -0.25046138 0.13969092 0.14881806
v 0.16244899 0.13969092 0.14881806
v -0.27947278 0.16385262 0.11917449
v -0.25052568 0.13969092 0.11846037
v 0.16251319 0.13969092 0.11846037
v 0.16930869 0.16385262 0.11917509
v -0.25444003 0.13806952 0.11846037
v -0.28024049 0.16279902 0.11917448
v -0.25606158 0.13415512 0.11846037
v -0.25606158 0.13415512 0.11846037
v -0.25606158 -0.08519938 0.11846037
v -0.25444003 -0.08911388 0.11846037
v -0.27301467 -0.11609108 0.11917509
v -0.25052568 -0.09073528 0.11846037
v -0.19312047 -0.09073528 0.11846037
v 0.11967169 -0.02043788 0.11846037
v 0.16251319 -0.02043788 0.11846037
v 0.16642759 -0.01881646 0.11846037
v 0.16802949 -0.01490197 0.11852576
v 0.06118889 -0.11931988 0.11667448
v 0.03697129 -0.11931988 0.11667448
v 0.06118889 -0.11874848 0.11917509
v 0.03697129 -0.11874848 0.11917509
v 0.01274879 -0.11931988 0.11667448
v -0.01146881 -0.11931988 0.11667448
v 0.01274879 -0.11874848 0.11917509
v -0.01146881 -0.11874848 0.11917509
v -0.03569131 -0.11931988 0.11667448
v -0.05990891 -0.11931988 0.11667448
v -0.03569131 -0.11874848 0.11917509
v -0.05990891 -0.11874848 0.11917509
v -0.08413141 -0.11931988 0.11667448
v -0.10834911 -0.11931988 0.11667448
v -0.08413141 -0.11874848 0.11917509
v -0.10834911 -0.11874848 0.11917509
v -0.13257151 -0.11931988 0.11667448
v -0.15678921 -0.11931988 0.11667448
v -0.13257151 -0.11874848 0.11917509
v -0.15678921 -0.11874848 0.11917509
v -0.03581391 -0.04376464 0.16489042
v -0.03569131 -0.13103398 0.16489042
v -0.05990891 -0.13103398 0.16489042
v -0.05961241 -0.05285793 0.16489042
v -0.08442241 -0.06336321 0.16489042
v -0.08413141 -0.13103398 0.16489042
v -0.10834911 -0.13103398 0.16489042
v -0.10820801 -0.07259868 0.16489042
v -0.13281321 -0.08129828 0.16489042
v -0.13257151 -0.13103398 0.16488980
v -0.15678921 -0.13103398 0.16488980
v -0.15684891 -0.08725928 0.16489042
v 0.06118889 -0.13103398 0.11667448
v 0.03697129 -0.13103398 0.11667448
v 0.01274879 -0.13103398 0.11667448
v -0.01146881 -0.13103398 0.11667448
v -0.03569131 -0.13103398 0.11667448
v -0.05990891 -0.13103398 0.11667448
v -0.08413141 -0.13103398 0.11667448
v -0.10834911 -0.13103398 0.11667448
v -0.13257151 -0.13103398 0.11667448
v -0.15678921 -0.13103398 0.11667448
v 0.03708909 -0.02312252 0.11846037
v 0.06125439 -0.02086839 0.11846037
v -0.01104071 -0.03352241 0.11846037
v 0.01279579 -0.02739653 0.11846037
v -0.05935051 -0.05096121 0.11846037
v -0.03592951 -0.04201834 0.11846037
v -0.10807661 -0.07076642 0.11846037
v -0.08467951 -0.06168627 0.11846037
v -0.15690191 -0.08548118 0.11846037
v -0.13303721 -0.07959168 0.11846037
v -0.01124681 -0.03537851 0.16489042
v -0.01146881 -0.13103398 0.16489042
v 0.16804889 -0.13103398 0.16489042
v 0.16978699 -0.02340128 0.16488980
v 0.16865619 -0.02222367 0.16489042
v 0.11967169 -0.02222367 0.16489042
v 0.11967169 -0.13103398 0.16489042
v 0.06122189 -0.02265455 0.16489042
v 0.03703069 -0.02491857 0.16489042
v 0.03697129 -0.13103398 0.16489042
v 0.06118889 -0.13103398 0.16489042
v 0.01277459 -0.02918602 0.16489042
v -0.01124681 -0.03537851 0.16489042
v -0.01146881 -0.13103398 0.16489042
v 0.01274879 -0.13103398 0.16489042
v 0.16642759 -0.01881646 0.11846037
v 0.17817099 0.15340722 0.10555940
v 0.17817099 0.15775802 0.11210844
v 0.17817099 0.15249442 0.11440093
v 0.17817099 0.14770422 0.10696504
v 0.18286399 0.15192962 0.10222685
v 0.18223359 0.15040652 0.09881805
v 0.17817099 0.15192962 0.10222685
v 0.17880139 0.15040652 0.09881805
v 0.17817099 0.13240502 0.10231413
v 0.17869219 0.13337092 0.09808196
v 0.18286399 0.13240502 0.10231413
v 0.18234269 0.13337092 0.09808196
v 0.17817099 0.13330282 0.10510892
v 0.18286399 0.13330282 0.10510892
v 0.17817099 0.14329172 0.10612579
v 0.18286399 0.13330282 0.10510892
v 0.18286399 0.14329172 0.10612579
v 0.17966979 0.14852102 0.09675079
v 0.18136519 0.14852102 0.09675079
v 0.17966979 0.14308562 0.09539092
v 0.17966979 0.14852102 0.09675079
v 0.17966979 0.13568342 0.09564664
v 0.17966979 0.13568342 0.09564664
v 0.18136519 0.13568342 0.09564664
v 0.18136519 0.14308562 0.09539092
v 0.18136519 0.13568342 0.09564664
v 0.18136519 0.14852102 0.09675079
v 0.17817099 0.13330282 0.10510892
v 0.18286399 0.15340722 0.10555940
v 0.18286399 0.14770422 0.10696504
v 0.18286399 0.15249442 0.11440093
v 0.18286399 0.15775802 0.11210844
v 0.18286399 0.16008202 0.12256132
v 0.18286399 0.16401592 0.11875457
v 0.17817099 0.16401592 0.11875457
v 0.17817099 0.16008202 0.12256132
v 0.18286399 0.16008202 0.12256132
v 0.17817099 0.16008202 0.12256132
v 0.17817099 0.16401592 0.11875457
v 0.18286399 0.16401592 0.11875457
v 0.17817099 -0.09853748 0.10555940
v 0.17817099 -0.09418678 0.11210844
v 0.17817099 -0.09945028 0.11440093
v 0.17817099 -0.10424058 0.10696504
v 0.18286399 -0.10001508 0.10222685
v 0.18223359 -0.10153828 0.09881805
v 0.17817099 -0.10001508 0.10222685
v 0.17880139 -0.10153828 0.09881805
v 0.17817099 -0.11953978 0.10231413
v 0.17869219 -0.11857388 0.09808196
v 0.18286399 -0.11953978 0.10231413
v 0.18234269 -0.11857388 0.09808196
v 0.17817099 -0.11864198 0.10510892
v 0.18286399 -0.11864198 0.10510892
v 0.17817099 -0.10865288 0.10612579
v 0.18286399 -0.11864198 0.10510892
v 0.18286399 -0.10865288 0.10612579
v 0.17966979 -0.10342368 0.09675079
v 0.18136519 -0.10342368 0.09675079
v 0.17966979 -0.10885908 0.09539092
v 0.17966979 -0.10342368 0.09675079
v 0.17966979 -0.11626128 0.09564664
v 0.17966979 -0.11626128 0.09564664
v 0.18136519 -0.11626128 0.09564664
v 0.18136519 -0.10885908 0.09539092
v 0.18136519 -0.11626128 0.09564664
v 0.18136519 -0.10342368 0.09675079
v 0.17817099 -0.11864198 0.10510892
v 0.18286399 -0.09853748 0.10555940
v 0.18286399 -0.10424058 0.10696504
v 0.18286399 -0.09945028 0.11440093
v 0.18286399 -0.09418678 0.11210844
v 0.18286399 -0.09186268 0.12256132
v 0.18286399 -0.08792878 0.11875457
v 0.17817099 -0.08792878 0.11875457
v 0.17817099 -0.09186268 0.12256132
v 0.18286399 -0.09186268 0.12256132
v 0.17817099 -0.09186268 0.12256132
v 0.17817099 -0.08792878 0.11875457
v 0.18286399 -0.08792878 0.11875457
v 0.17006439 -0.09252108 0.11921532
v 0.16802949 -0.01490197 0.11852576
v 0.16867939 -0.11699458 0.11882721
v 0.17005709 -0.11798048 0.11923989
v 0.17013139 0.13969082 0.11899127
v 0.16807239 0.13415512 0.11838193
v 0.16930869 0.16385262 0.11917509
v 0.16251319 0.13969092 0.11846037
v 0.16642759 0.13806952 0.11846037
v 0.17007659 0.16279902 0.11917448
v 0.17007659 0.16279902 0.11917448
v 0.16642759 0.13806952 0.11846037
v 0.16807239 0.13415512 0.11838193
v 0.17013139 0.13969082 0.11899127
vt 0.75022400 0.10661300
vt 0.75022400 0.79991100
vt 0.52609900 0.10661300
vt 0.52609900 0.79991100
vt 0.52609900 0.10661300
vt 0.52609900 0.79991100
vt 0.75022400 0.10661300
vt 0.75022400 0.79991100
vt 0.00000000 0.00000000
vt 0.00000000 0.00000000
vt 0.00000000 0.00000000
vt 0.00000000 0.00000000
vt 0.00000000 0.00000000
vt 0.00000000 0.00000000
vt 0.00000000 0.00000000
vt 0.00000000 0.00000000
vt 0.00000000 0.00000000
vt 0.00000000 0.00000000
vt 0.00000000 0.00000000
vt 0.00000000 0.00000000
vt 0.00000000 0.00000000
vt 0.00000000 0.00000000
vt 0.00000000 0.00000000
vt 0.00000000 0.00000000
vt 0.66283100 0.16554500
vt 0.66283100 0.89360760
vt 0.66283100 0.62847480
vt 0.66283100 0.41038870
vt 0.66283100 0.27262380
vt 0.45202880 0.54449990
vt 0.45202880 0.80963130
vt 0.84153650 0.16554500
vt 0.84153650 0.89360760
vt 0.84153650 0.62847480
vt 0.84153650 0.41038870
vt 0.84153650 0.27262380
vt 0.27332320 0.54449990
vt 0.27332320 0.80963130
vt 0.99352900 0.77338360
vt 0.90822260 0.76195090
vt 0.82500800 0.78396680
vt 0.75663520 0.83619960
vt 0.71339160 0.91064763
vt 0.70192520 0.99594826
vt 0.72400100 0.07913053
vt 0.38704910 0.77338360
vt 0.47235550 0.76195090
vt 0.55557010 0.78396680
vt 0.62394280 0.83619960
vt 0.66718780 0.91064763
vt 0.67865280 0.99594826
vt 0.65657840 0.07913053
vt 0.46729630 0.16554500
vt 0.46729630 0.89360760
vt 0.46729630 0.62847620
vt 0.46729630 0.41038870
vt 0.46729630 0.27262380
vt 0.43271430 0.09144000
vt 0.43271430 0.35657200
vt 0.64756350 0.16554500
vt 0.64756350 0.89360760
vt 0.64756350 0.62847620
vt 0.64756350 0.41038870
vt 0.64756350 0.27262380
vt 0.25244710 0.09144000
vt 0.25244710 0.35657200
vt 0.65166850 0.79431620
vt 0.56636210 0.78288340
vt 0.48314760 0.80489930
vt 0.41477490 0.85713220
vt 0.37153120 0.93158010
vt 0.36006470 0.01688100
vt 0.38214070 0.10006300
vt 0.93613940 0.79431620
vt 0.02144600 0.78288340
vt 0.10466000 0.80489930
vt 0.17303300 0.85713220
vt 0.21627800 0.93158010
vt 0.22774300 0.01688100
vt 0.20566900 0.10006300
vt 0.00000000 0.00000000
vt 0.00000000 0.00000000
vt 0.00000000 0.00000000
vt 0.00000000 0.00000000
vt 0.27332320 0.27262380
vt 0.45202880 0.27262380
vt 0.25244710 0.28816940
vt 0.52438480 0.25169120
vt 0.78951760 0.32197850
vt 0.00760513 0.48844260
vt 0.14537010 0.72568350
vt 0.18191290 0.99755973
vt 0.11155810 0.26269110
vt 0.85619320 0.25169120
vt 0.12813100 0.28816940
vt 0.26902130 0.26269110
vt 0.19866510 0.99755973
vt 0.23520930 0.72568350
vt 0.37297420 0.48844260
vt 0.59106050 0.32197850
vt 0.63048390 0.17547800
vt 0.45177830 0.17547800
vt 0.45177830 0.66069200
vt 0.63048540 0.66069200
vt 0.41617100 0.29355600
vt 0.23746390 0.29355600
vt 0.23746390 0.37886300
vt 0.41617100 0.37886300
vt 0.23746390 0.46207700
vt 0.41617100 0.46207700
vt 0.23746390 0.53045000
vt 0.41617100 0.53045000
vt 0.23746390 0.57369400
vt 0.41617100 0.57369400
vt 0.98308650 0.47226300
vt 0.98308650 0.29355600
vt 0.89778590 0.29355600
vt 0.89778590 0.47226300
vt 0.81460360 0.29355600
vt 0.81460360 0.47226300
vt 0.02332821 0.29355600
vt 0.84462120 0.29355600
vt 0.84462120 0.74853600
vt 0.02332672 0.74853600
vt 0.25244710 0.81956400
vt 0.43271430 0.81956400
vt 0.80153740 0.30910210
vt 0.07347500 0.27262380
vt 0.33860800 0.34291120
vt 0.55669500 0.50937530
vt 0.69446000 0.74661620
vt 0.73100300 0.01849200
vt 0.66064800 0.28362400
vt 0.51433280 0.27262380
vt 0.78627060 0.30910210
vt 0.92716104 0.28362400
vt 0.85680480 0.01849200
vt 0.89334900 0.74661620
vt 0.03111389 0.50937530
vt 0.24920000 0.34291120
vt 0.82604140 0.17547800
vt 0.64577410 0.17547800
vt 0.64577410 0.66069500
vt 0.82604140 0.66069500
vt 0.61172780 0.29355600
vt 0.43146040 0.29355600
vt 0.43146040 0.37886300
vt 0.61172780 0.37886300
vt 0.43146040 0.46207700
vt 0.61172780 0.46207700
vt 0.43146040 0.53044800
vt 0.61172780 0.53044800
vt 0.43146040 0.57369500
vt 0.61172780 0.57369500
vt 0.79878900 0.47382400
vt 0.79878900 0.29355600
vt 0.71348820 0.29355600
vt 0.71348820 0.47382400
vt 0.63030600 0.29355600
vt 0.63030600 0.47382400
vt 0.21888490 0.29355600
vt 0.03861758 0.29355600
vt 0.03861758 0.74853600
vt 0.21888490 0.74853600
vt 0.69956470 0.66240300
vt 0.67446540 0.63730400
vt 0.00698891 0.63730400
vt 0.98189050 0.66240300
vt 0.98952810 0.53810570
vt 0.01462700 0.51300640
vt 0.98189050 0.51300640
vt 0.00698891 0.53810570
vt 0.67075190 0.69121600
vt 0.64565310 0.66611700
vt 0.03580156 0.66611700
vt 0.01070291 0.69121600
vt 0.96071570 0.50929330
vt 0.98581430 0.48419420
vt 0.01070291 0.48419420
vt 0.03580156 0.50929330
vt 0.68407050 0.63921500
vt 0.65525820 0.66802800
vt 0.69221320 0.64465600
vt 0.66340080 0.67346800
vt 0.69765380 0.65279800
vt 0.66884140 0.68161000
vt 0.99738413 0.53619500
vt 0.02619663 0.50738250
vt 0.98924148 0.53075430
vt 0.01805398 0.50194110
vt 0.98380071 0.52261140
vt 0.01261315 0.49379890
vt 0.02619663 0.66802800
vt 0.99738413 0.63921500
vt 0.01805398 0.67346800
vt 0.98924148 0.64465600
vt 0.01261315 0.68161000
vt 0.98380071 0.65279800
vt 0.01271700 0.52261140
vt 0.98390380 0.49379890
vt 0.00727500 0.53075430
vt 0.97846340 0.50194110
vt 0.99913310 0.53619500
vt 0.97032080 0.50738250
vt 0.03756400 0.56161650
vt 0.81632100 0.57520060
vt 0.81632100 0.18505200
vt 0.07494900 0.56161650
vt 0.94359000 0.57520060
vt 0.03756400 0.35459700
vt 0.07494900 0.35459700
vt 0.94359000 0.50011500
vt 0.81632100 0.56559560
vt 0.81632100 0.55745310
vt 0.81632100 0.55201240
vt 0.94359000 0.50971900
vt 0.94359000 0.51786200
vt 0.94359000 0.52330300
vt 0.81632100 0.19465700
vt 0.81632100 0.20280000
vt 0.07494900 0.55201380
vt 0.03756400 0.36420100
vt 0.94359000 0.55745310
vt 0.94359000 0.56559560
vt 0.35625700 0.66240300
vt 0.38135600 0.63730400
vt 0.04883200 0.63730400
vt 0.07393100 0.66240300
vt 0.06629300 0.53810570
vt 0.04119400 0.51300620
vt 0.07393100 0.51300620
vt 0.04883200 0.53810570
vt 0.38507000 0.69121600
vt 0.41016800 0.66611800
vt 0.02002000 0.66611800
vt 0.04511800 0.69121600
vt 0.09510600 0.50929370
vt 0.07000700 0.48419470
vt 0.04511800 0.48419470
vt 0.02002000 0.50929370
vt 0.37175100 0.63921500
vt 0.40056300 0.66802600
vt 0.36360800 0.64465500
vt 0.39242100 0.67346700
vt 0.35816800 0.65279700
vt 0.38698000 0.68161100
vt 0.05843700 0.53619500
vt 0.02962500 0.50738230
vt 0.06658000 0.53075430
vt 0.03776700 0.50194110
vt 0.07202100 0.52261140
vt 0.04320800 0.49379900
vt 0.02962500 0.66802600
vt 0.05843700 0.63921500
vt 0.03776700 0.67346700
vt 0.06658000 0.64465500
vt 0.04320800 0.68161100
vt 0.07202100 0.65279700
vt 0.04310500 0.52261140
vt 0.07191700 0.49379900
vt 0.04854600 0.53075430
vt 0.07735800 0.50194110
vt 0.05668800 0.53619500
vt 0.08550100 0.50738230
vt 0.01355500 0.56161810
vt 0.84033000 0.57520060
vt 0.84033000 0.18505200
vt 0.09895800 0.56161810
vt 0.91958000 0.57520060
vt 0.01355200 0.35459600
vt 0.09896100 0.35459700
vt 0.91958000 0.50011500
vt 0.84033000 0.56559560
vt 0.84033000 0.55745310
vt 0.84033000 0.55201240
vt 0.91958000 0.50971900
vt 0.91958000 0.51786200
vt 0.91958000 0.52330300
vt 0.84033000 0.19465700
vt 0.84033000 0.20280000
vt 0.09895800 0.55201380
vt 0.01355500 0.36420200
vt 0.91958000 0.55745310
vt 0.91958000 0.56559560
vt 0.07000700 0.25601310
vt 0.38507000 0.85412400
vt 0.35625700 0.85412400
vt 0.04119400 0.25601310
vt 0.03756400 0.12641500
vt 0.03756400 0.72452650
vt 0.01355500 0.72452650
vt 0.01355200 0.12641500
vt 0.04556800 0.12641500
vt 0.04556600 0.72452650
vt 0.45262530 0.69322100
vt 0.47743610 0.70859600
vt 0.73978700 0.70859600
vt 0.76459700 0.69322100
vt 0.78853080 0.59110950
vt 0.76372000 0.61592010
vt 0.76459700 0.61592010
vt 0.73978700 0.59110950
vt 0.88091800 0.55457370
vt 0.88091800 0.57938460
vt 0.66152100 0.63730400
vt 0.63671100 0.65267900
vt 0.86679620 0.70614860
vt 0.89160720 0.68133760
vt 0.63671100 0.68133760
vt 0.66152100 0.70614860
vt 0.47215380 0.68111700
vt 0.49696460 0.69649300
vt 0.72025800 0.69649300
vt 0.74506900 0.68111700
vt 0.80805910 0.61063760
vt 0.78324850 0.63544870
vt 0.74506900 0.63544870
vt 0.72025800 0.61063760
vt 0.56098390 0.66478200
vt 0.53617330 0.64940600
vt 0.68105000 0.64940600
vt 0.65624000 0.66478200
vt 0.84726780 0.68661990
vt 0.87207850 0.66180900
vt 0.65624000 0.66180900
vt 0.68105000 0.68661990
vt 0.72752500 0.62818130
vt 0.66350600 0.67935290
vt 0.55371720 0.65390900
vt 0.48969770 0.68562200
vt 0.66350600 0.65390900
vt 0.72752500 0.68562200
vt 0.64397800 0.64180700
vt 0.74705400 0.69772300
vt 0.86481170 0.67935290
vt 0.88434000 0.69888100
vt 0.88091800 0.56184060
vt 0.80079230 0.62818130
vt 0.64397800 0.69888100
vt 0.78126400 0.60865360
vt 0.47016940 0.69772300
vt 0.74705400 0.60865360
vt 0.89160720 0.32582430
vt 0.85933890 0.10872260
vt 0.78812000 0.89162110
vt 0.69984510 0.67451970
vt 0.62516440 0.45741810
vt 0.58300900 0.24031660
vt 0.57955170 0.02321500
vt 0.56002300 0.02321500
vt 0.56348030 0.24031660
vt 0.60563580 0.45741810
vt 0.68031640 0.67451970
vt 0.76859130 0.89162110
vt 0.83981010 0.10872260
vt 0.87207850 0.32582430
vt 0.80805910 0.32582430
vt 0.77579100 0.10872260
vt 0.70457180 0.89162110
vt 0.61629700 0.67451970
vt 0.54161640 0.45741810
vt 0.49946110 0.24031660
vt 0.49600360 0.02321500
vt 0.47647540 0.02321500
vt 0.47993250 0.24031660
vt 0.52208790 0.45741810
vt 0.59676850 0.67451970
vt 0.68504350 0.89162110
vt 0.75626260 0.10872260
vt 0.78853080 0.32582430
vt 0.75505800 0.70268300
vt 0.74779100 0.71355600
vt 0.77260100 0.69818000
vt 0.86971300 0.57682340
vt 0.86971300 0.55927940
vt 0.86971100 0.55201240
vt 0.86971300 0.49367000
vt 0.86971300 0.47612600
vt 0.86971100 0.50093700
vt 0.77326040 0.60064950
vt 0.78052720 0.58310600
vt 0.75571640 0.60791700
vt 0.98417400 0.55201240
vt 0.98417400 0.56955620
vt 0.92519373 0.67011020
vt 0.98417400 0.77995300
vt 0.98417400 0.79749700
vt 0.94793844 0.67011020
vt 0.46216590 0.70268300
vt 0.44462190 0.69818000
vt 0.46943280 0.71355600
vt 0.74779100 0.58310600
vt 0.75505800 0.60064950
vt 0.77260100 0.60791700
vt 0.92519373 0.00942730
vt 0.46847180 0.02321500
vt 0.92519373 0.31203640
vt 0.78052720 0.32582430
vt 0.92519373 0.22652880
vt 0.92519373 0.44363020
vt 0.92519373 0.66073190
vt 0.92519373 0.87783320
vt 0.92519373 0.09493491
vt 0.47192910 0.24031660
vt 0.51408450 0.45741810
vt 0.58876510 0.67451970
vt 0.67704010 0.89162110
vt 0.74825900 0.10872260
vt 0.00555100 0.09464900
vt 0.00555100 0.98634410
vt 0.00555100 0.31036100
vt 0.00555100 0.20352900
vt 0.00555100 0.52687800
vt 0.00555100 0.42190800
vt 0.00555100 0.74526200
vt 0.00555100 0.64039800
vt 0.00555100 0.96408900
vt 0.00555100 0.85713100
vt 0.03756400 0.09453300
vt 0.03756400 0.98646240
vt 0.01355500 0.98646240
vt 0.01355500 0.09453300
vt 0.03756400 0.30952300
vt 0.03756400 0.20440000
vt 0.01355500 0.20440000
vt 0.01355500 0.30952300
vt 0.03756400 0.52511700
vt 0.03756400 0.42371800
vt 0.01355500 0.42371800
vt 0.01355500 0.52511700
vt 0.03756400 0.74340200
vt 0.03756400 0.64221500
vt 0.01355200 0.64221500
vt 0.01355200 0.74340200
vt 0.03756400 0.96328000
vt 0.03756400 0.85790200
vt 0.01355200 0.85790200
vt 0.01355200 0.96328000
vt 0.04556600 0.09464900
vt 0.04556600 0.98634410
vt 0.04556600 0.31036100
vt 0.04556600 0.20352900
vt 0.04556600 0.52687800
vt 0.04556600 0.42190800
vt 0.04556600 0.74526200
vt 0.04556600 0.64039800
vt 0.04556800 0.96408900
vt 0.04556800 0.85713100
vt 0.00000000 0.00000000
vt 0.00000000 0.00000000
vt 0.00000000 0.00000000
vt 0.00000000 0.00000000
vt 0.95159400 0.56559560
vt 0.95159400 0.57520060
vt 0.95159400 0.50011500
vt 0.95159400 0.50971900
vt 0.95159400 0.51786200
vt 0.95159400 0.52330300
vt 0.06694400 0.36420100
vt 0.07494900 0.36420100
vt 0.06694400 0.35459700
vt 0.06694700 0.56161890
vt 0.06694400 0.55201240
vt 0.80831700 0.20824000
vt 0.81632100 0.20824000
vt 0.80831900 0.20280000
vt 0.80831900 0.19465700
vt 0.80831700 0.18505200
vt 0.80831700 0.57520060
vt 0.80831900 0.56559560
vt 0.80831900 0.55745310
vt 0.80831700 0.55201240
vt 0.04556800 0.55201240
vt 0.03756400 0.55201380
vt 0.04556600 0.56161890
vt 0.04556800 0.35459700
vt 0.04556800 0.36420100
vt 0.95159400 0.55201240
vt 0.94359000 0.55201260
vt 0.95159400 0.55745310
vt 0.91157600 0.56559560
vt 0.91157600 0.57520060
vt 0.91157600 0.50011500
vt 0.91157600 0.50971900
vt 0.91157600 0.51786200
vt 0.91157600 0.52330300
vt 0.10696200 0.36420200
vt 0.10696200 0.35459700
vt 0.09895800 0.36420200
vt 0.10696200 0.56161810
vt 0.10696200 0.55201320
vt 0.84833400 0.20824000
vt 0.84833400 0.20280000
vt 0.84033000 0.20824000
vt 0.84833400 0.19465700
vt 0.84833400 0.18505200
vt 0.84833400 0.57520060
vt 0.84833400 0.56559560
vt 0.84833400 0.55745310
vt 0.84833400 0.55201240
vt 0.00555100 0.55201320
vt 0.00555100 0.56161810
vt 0.01355500 0.55201380
vt 0.00555100 0.35459700
vt 0.00555100 0.36420200
vt 0.91157600 0.55201240
vt 0.91157600 0.55745310
vt 0.91958000 0.55201260
vt 0.00555100 0.72452650
vt 0.67075190 0.85412400
vt 0.69956470 0.85412400
vt 0.00555100 0.12641500
vt 0.98581430 0.25601310
vt 0.01462700 0.25601310
vt 0.88091800 0.49110900
vt 0.88091800 0.47356500
vt 0.88091800 0.49837600
vt 0.97297000 0.55457370
vt 0.97297000 0.57211740
vt 0.92519104 0.68765470
vt 0.91398638 0.66754980
vt 0.91398638 0.68509320
vt 0.97297000 0.77739200
vt 0.97297000 0.79493600
vt 0.95914561 0.68509320
vt 0.95914561 0.66754980
vt 0.94794112 0.68765470
vt 0.57324560 0.64180700
vt 0.55570190 0.63730400
vt 0.58051260 0.65267900
vt 0.89019900 0.45403600
vt 0.89019900 0.59891300
vt 0.92519373 0.63730400
vt 0.91398638 0.63889100
vt 0.91398638 0.00942730
vt 0.91398638 0.31203640
vt 0.95914561 0.63889100
vt 0.94793844 0.63730400
vt 0.91398638 0.22652880
vt 0.91398638 0.44363020
vt 0.91398638 0.66073190
vt 0.91398638 0.87783320
vt 0.91398638 0.09493491
vt 0.38314000 0.11594200
vt 0.35432700 0.11594200
vt 0.34422500 0.22424720
vt 0.37303700 0.22424720
vt 0.35388200 0.33312630
vt 0.32506900 0.33312630
vt 0.29761400 0.43995800
vt 0.32642700 0.43995800
vt 0.28834900 0.55150590
vt 0.25953600 0.55150590
vt 0.21945600 0.65647560
vt 0.24826800 0.65647560
vt 0.20020000 0.76999580
vt 0.17138800 0.76999580
vt 0.13069100 0.87485930
vt 0.15950400 0.87485930
vt 0.11995100 0.98672804
vt 0.09113800 0.98672804
vt 0.06474200 0.09368712
vt 0.09355500 0.09368712
vt 0.70149420 0.11594200
vt 0.67268150 0.11594200
vt 0.68278400 0.22424720
vt 0.71159660 0.22424720
vt 0.73075220 0.33312630
vt 0.70193930 0.33312630
vt 0.72939460 0.43995800
vt 0.75820750 0.43995800
vt 0.79628500 0.55150590
vt 0.76747210 0.55150590
vt 0.80755310 0.65647560
vt 0.83636580 0.65647560
vt 0.88443360 0.76999580
vt 0.85562100 0.76999580
vt 0.89631710 0.87485930
vt 0.92513000 0.87485930
vt 0.96468300 0.98672804
vt 0.93587020 0.98672804
vt 0.96226640 0.09368712
vt 0.99107930 0.09368712
vt 0.00000000 0.00000000
vt 0.00000000 0.00000000
vt 0.00000000 0.00000000
vt 0.00000000 0.00000000
vt 0.65513600 0.83155800
vt 0.65513600 0.23166300
vt 0.73916800 0.98542310
vt 0.65821300 0.83155800
vt 0.65821300 0.23166300
vt 0.73609000 0.98542280
vt 0.57405600 0.36143800
vt 0.57405600 0.76154300
vt 0.72183100 0.67800500
vt 0.73916800 0.67800500
vt 0.57097900 0.36143800
vt 0.57097900 0.76154300
vt 0.72490800 0.67800500
vt 0.73609000 0.67800500
vt 0.61667500 0.83155800
vt 0.61667500 0.23166300
vt 0.77762900 0.98542280
vt 0.61251700 0.36143800
vt 0.61251700 0.76154300
vt 0.68336900 0.67800500
vt 0.77762900 0.67800500
vt 0.57821500 0.83155800
vt 0.57821500 0.23166300
vt 0.81608900 0.94725540
vt 0.57513800 0.83155800
vt 0.57513800 0.23166300
vt 0.81916800 0.94725580
vt 0.65097800 0.36143800
vt 0.65097800 0.76154300
vt 0.64490800 0.67800500
vt 0.81609000 0.67800500
vt 0.65405500 0.36143800
vt 0.65405500 0.76154300
vt 0.64183200 0.67800500
vt 0.81916700 0.67800500
vt 0.08370600 0.50459100
vt 0.08370600 0.49976600
vt 0.08370600 0.77567100
vt 0.08370600 0.77084600
vt 0.72741800 0.50083700
vt 0.72741800 0.49601200
vt 0.72741800 0.88821600
vt 0.72741800 0.89304000
vt 0.56012400 0.94410060
vt 0.16001900 0.94410060
vt 0.60629900 0.98674580
vt 0.55704700 0.72197300
vt 0.16001900 0.72197300
vt 0.11838900 0.67932800
vt 0.60629900 0.67932800
vt 0.68678500 0.51187500
vt 0.68639900 0.91197900
vt 0.78637600 0.80079800
vt 0.66557500 0.51495200
vt 0.66557700 0.91197900
vt 0.77577900 0.49338000
vt 0.78637600 0.49338000
vt 0.62823600 0.92046980
vt 0.62955900 0.92179350
vt 0.10657400 0.92179350
vt 0.10789700 0.92046980
vt 0.62648200 0.92487000
vt 0.62516000 0.92354700
vt 0.11097400 0.92354700
vt 0.10965100 0.92487000
vt 0.62823600 0.75522800
vt 0.62955900 0.75390400
vt 0.10657400 0.75390400
vt 0.10789700 0.75522800
vt 0.62516000 0.75215100
vt 0.62648200 0.75082800
vt 0.10965100 0.75082800
vt 0.11097400 0.75215100
vt 0.61667500 0.76344500
vt 0.61667500 0.76212200
vt 0.61667500 0.28378500
vt 0.61667500 0.28510800
vt 0.61251700 0.29332500
vt 0.61251700 0.29200200
vt 0.61251700 0.81366500
vt 0.61251700 0.81498800
vt 0.57230200 0.92046980
vt 0.57097900 0.92179350
vt 0.09396500 0.92179350
vt 0.09264200 0.92046980
vt 0.57537900 0.92354730
vt 0.57405600 0.92487030
vt 0.09088800 0.92487030
vt 0.08956500 0.92354730
vt 0.65097800 0.29332500
vt 0.65097800 0.29200200
vt 0.65097800 0.81498800
vt 0.65097800 0.81366500
vt 0.57405600 0.75082800
vt 0.57537900 0.75215100
vt 0.08956500 0.75215100
vt 0.09088800 0.75082800
vt 0.60629900 0.94542360
vt 0.60497600 0.94410060
vt 0.11921900 0.94410060
vt 0.11838900 0.94542360
vt 0.66988200 0.46702300
vt 0.66988300 0.46570000
vt 0.66988300 0.95361000
vt 0.66988200 0.95278000
vt 0.68671500 0.46668400
vt 0.68682700 0.46800700
vt 0.68671500 0.95179500
vt 0.66557500 0.46800700
vt 0.66557500 0.46668400
vt 0.66558500 0.95358500
vt 0.66558000 0.95179200
vt 0.77308200 0.76886700
vt 0.04550500 0.49976600
vt 0.04550500 0.50459100
vt 0.03612700 0.50930400
vt 0.77511100 0.50555100
vt 0.76562000 0.49697200
vt 0.76562000 0.49601200
vt 0.77511100 0.49601200
vt 0.03587900 0.76613200
vt 0.04550500 0.77471100
vt 0.04550500 0.77567100
vt 0.03601400 0.77567100
vt 0.77511100 0.88350200
vt 0.77511100 0.89304000
vt 0.76562000 0.89304000
vt 0.76562000 0.89208000
vt 0.28836350 0.76197800
vt 0.28680630 0.77202100
vt 0.28680670 0.52302400
vt 0.27726780 0.53256200
vt 0.03601400 0.77287700
vt 0.28401230 0.76527600
vt 0.77511100 0.49880600
vt 0.28401110 0.52977100
vt 0.03601400 0.50256000
vt 0.77511100 0.89024700
vt 0.75950900 0.94558450
vt 0.76164200 0.94347410
vt 0.02462300 0.50120200
vt 0.68474000 0.76091200
vt 0.67414300 0.76091200
vt 0.02462300 0.77919900
vt 0.04349300 0.94347410
vt 0.63838500 0.68232300
vt 0.68474000 0.49375300
vt 0.64244600 0.68240500
vt 0.64051900 0.68443300
vt 0.04562500 0.68232300
vt 0.04349300 0.68443300
vt 0.04156600 0.68240500
vt 0.67414300 0.49375300
vt 0.02154500 0.50427900
vt 0.02014200 0.50371600
vt 0.02014200 0.50224800
vt 0.68781700 0.76398900
vt 0.68781700 0.49067600
vt 0.70372000 0.46818200
vt 0.70372000 0.46964900
vt 0.70231600 0.47021200
vt 0.67106500 0.76398900
vt 0.02014200 0.77815200
vt 0.02014200 0.77668500
vt 0.02154500 0.77612200
vt 0.70231600 0.86317900
vt 0.70372000 0.86374200
vt 0.70372000 0.86520900
vt 0.67106500 0.49067600
vt 0.69923900 0.46569900
vt 0.70231700 0.46877600
vt 0.02154600 0.50284300
vt 0.02462300 0.49976600
vt 0.02462300 0.78063500
vt 0.02154600 0.77755800
vt 0.70231700 0.86461500
vt 0.69923900 0.86769200
vt 0.81609000 0.56955600
vt 0.81608900 0.03061100
vt 0.77762900 0.03061100
vt 0.77762900 0.56955600
vt 0.79068500 0.38493200
vt 0.79068500 0.84598600
vt 0.78637600 0.84598600
vt 0.78637600 0.38493200
vt 0.68781700 0.38425900
vt 0.68781700 0.84531300
vt 0.68474000 0.84531300
vt 0.68474000 0.38425900
vt 0.73916800 0.56955600
vt 0.73916800 0.03061100
vt 0.73609000 0.03061100
vt 0.73609000 0.56955600
vt 0.72538900 0.38162900
vt 0.72538900 0.84268400
vt 0.72077500 0.84268400
vt 0.72077500 0.38162900
vt 0.77308200 0.38162900
vt 0.77308200 0.84268400
vt 0.81916700 0.56955600
vt 0.81916800 0.03061100
vt 0.28680630 0.38536500
vt 0.28680630 0.84641900
vt 0.81608900 0.17310500
vt 0.81608900 0.13137700
vt 0.77762900 0.13137700
vt 0.77762900 0.17310500
vt 0.81608900 0.25656800
vt 0.81608900 0.21484000
vt 0.77762900 0.21484000
vt 0.77762900 0.25656800
vt 0.81608900 0.34003100
vt 0.81608900 0.29830300
vt 0.77762900 0.29830300
vt 0.77762900 0.34003100
vt 0.81608900 0.42349400
vt 0.81608900 0.38176700
vt 0.77762900 0.38176700
vt 0.77762900 0.42349400
vt 0.81609000 0.50695700
vt 0.81609000 0.46523000
vt 0.77762900 0.46523000
vt 0.77762900 0.50695700
vt 0.60629900 0.17442800
vt 0.60629900 0.13270000
vt 0.78637600 0.94675300
vt 0.78637600 0.98848000
vt 0.60629900 0.25789100
vt 0.60629900 0.21616300
vt 0.78637600 0.03021600
vt 0.78637600 0.07194300
vt 0.60629900 0.34135400
vt 0.60629900 0.29962600
vt 0.78637600 0.11367900
vt 0.78637600 0.15540600
vt 0.60629900 0.42481700
vt 0.60629900 0.38309000
vt 0.78637600 0.19714200
vt 0.78637600 0.23886900
vt 0.60629900 0.50828000
vt 0.60629900 0.46655200
vt 0.78637600 0.28060500
vt 0.78637600 0.32233200
vt 0.68781700 0.98758100
vt 0.68781700 0.94598900
vt 0.68474000 0.94602300
vt 0.68474000 0.98770500
vt 0.68781700 0.07036800
vt 0.68781700 0.02963300
vt 0.68474000 0.02949800
vt 0.68474000 0.07088800
vt 0.68781700 0.15341500
vt 0.68781700 0.11378200
vt 0.68474000 0.11321700
vt 0.68474000 0.15422200
vt 0.68781700 0.23735100
vt 0.68781700 0.19778000
vt 0.68474000 0.19697000
vt 0.68474000 0.23795300
vt 0.68781700 0.32169500
vt 0.68781700 0.28088500
vt 0.68474000 0.28034800
vt 0.68474000 0.32176200
vt 0.69704800 0.94596700
vt 0.69704800 0.98760400
vt 0.69704800 0.02946100
vt 0.69704800 0.07053200
vt 0.69704800 0.11341600
vt 0.69704800 0.15377100
vt 0.69704800 0.19741300
vt 0.69704800 0.23772700
vt 0.69704800 0.28073400
vt 0.69704800 0.32185400
vt 0.73916800 0.17310500
vt 0.73916800 0.13137700
vt 0.62648200 0.13270000
vt 0.62648200 0.17442800
vt 0.73916800 0.25656800
vt 0.73916800 0.21484000
vt 0.62648200 0.21616300
vt 0.62648200 0.25789100
vt 0.73916800 0.34003100
vt 0.73916800 0.29830300
vt 0.62648200 0.29962600
vt 0.62648200 0.34135400
vt 0.73916800 0.42349400
vt 0.73916800 0.38176700
vt 0.62648200 0.38309000
vt 0.62648200 0.42481700
vt 0.73916800 0.50695700
vt 0.73916800 0.46523000
vt 0.62648200 0.46655200
vt 0.62648200 0.50828000
vt 0.72538900 0.98493000
vt 0.72538900 0.94338300
vt 0.72077500 0.94333700
vt 0.72077500 0.98497500
vt 0.72538900 0.06758100
vt 0.72538900 0.02716700
vt 0.72077500 0.02683200
vt 0.72077500 0.06790300
vt 0.72538900 0.15046500
vt 0.72538900 0.11148200
vt 0.72077500 0.11078700
vt 0.72077500 0.15114200
vt 0.72538900 0.23438200
vt 0.72538900 0.19548200
vt 0.72077500 0.19478300
vt 0.72077500 0.23509700
vt 0.72538900 0.31891300
vt 0.72538900 0.27840100
vt 0.72077500 0.27810500
vt 0.72077500 0.31922400
vt 0.81916800 0.17310500
vt 0.81916800 0.13137700
vt 0.81916800 0.25656800
vt 0.81916800 0.21484000
vt 0.81916800 0.34003100
vt 0.81916800 0.29830300
vt 0.81916800 0.42349400
vt 0.81916800 0.38176700
vt 0.81916700 0.50695700
vt 0.81916700 0.46523000
vt 0.77308200 0.98497500
vt 0.77308200 0.94333700
vt 0.77308200 0.06790300
vt 0.77308200 0.02683200
vt 0.77308200 0.15114200
vt 0.77308200 0.11078700
vt 0.77308200 0.23509700
vt 0.77308200 0.19478400
vt 0.77308200 0.31922400
vt 0.77308200 0.27810500
vt 0.28680630 0.94718600
vt 0.28680630 0.98891300
vt 0.28680630 0.03064900
vt 0.28680630 0.07237600
vt 0.28680630 0.11411200
vt 0.28680630 0.15583900
vt 0.28680630 0.19757500
vt 0.28680630 0.23930200
vt 0.28680610 0.28103800
vt 0.28680630 0.32276500
vt 0.99775900 0.50320900
vt 0.81714200 0.50615100
vt 0.99773300 0.58610200
vt 0.81714200 0.58611500
vt 0.99311700 0.72804700
vt 0.99699100 0.68665100
vt 0.81714200 0.72861000
vt 0.81714200 0.68688200
vt 0.97584100 0.80825000
vt 0.98581200 0.76957100
vt 0.81714200 0.80861900
vt 0.81714200 0.77034600
vt 0.65714300 0.85336700
vt 0.66974400 0.85336700
vt 0.77582000 0.80771400
vt 0.78037200 0.80771400
vt 0.77582000 0.82230900
vt 0.78037200 0.82230900
vt 0.57802500 0.85924600
vt 0.59062600 0.85924600
vt 0.66974400 0.83578100
vt 0.65714300 0.83578100
vt 0.77582000 0.84218500
vt 0.78037200 0.84218500
vt 0.59062600 0.80771400
vt 0.57802500 0.80771400
vt 0.21322300 0.80498100
vt 0.20406900 0.80907100
vt 0.65714300 0.86231500
vt 0.65883600 0.87146800
vt 0.06953300 0.78647600
vt 0.05800100 0.78534400
vt 0.06916100 0.75664500
vt 0.05779600 0.75923800
vt 0.07852170 0.82561700
vt 0.07712200 0.81425300
vt 0.20354500 0.78647800
vt 0.21491900 0.78535200
vt 0.57802500 0.83453600
vt 0.57802500 0.84638400
vt 0.59062600 0.83453600
vt 0.59062600 0.84638400
vt 0.57802500 0.87962000
vt 0.59062600 0.87962000
vt 0.15969000 0.84152500
vt 0.65714300 0.81793500
vt 0.69670200 0.85336700
vt 0.70930400 0.85336700
vt 0.80219300 0.80771400
vt 0.80674500 0.80771400
vt 0.80219300 0.82230900
vt 0.80674500 0.82230900
vt 0.61758400 0.85924600
vt 0.63018500 0.85924600
vt 0.70930400 0.83578100
vt 0.69670200 0.83578100
vt 0.80219300 0.84218500
vt 0.80674500 0.84218500
vt 0.63018500 0.80771400
vt 0.61758400 0.80771400
vt 0.41101800 0.81271700
vt 0.40186500 0.81680800
vt 0.69670200 0.86231500
vt 0.69839500 0.87146800
vt 0.26732800 0.78647600
vt 0.25579700 0.78534500
vt 0.26695600 0.75664500
vt 0.25559200 0.75923800
vt 0.11808090 0.82561700
vt 0.11668130 0.81425300
vt 0.40134000 0.79421400
vt 0.41271400 0.79308800
vt 0.61758400 0.83453600
vt 0.61758400 0.84638400
vt 0.63018500 0.83453600
vt 0.63018500 0.84638400
vt 0.61758400 0.87962000
vt 0.63018500 0.87962000
vt 0.35748500 0.84926100
vt 0.69670200 0.81793500
vt 0.68671600 0.95361000
vt 0.08832100 0.50941500
vt 0.08832100 0.50572300
vt 0.08832100 0.50259200
vt 0.08832100 0.50050000
vt 0.08832100 0.49976600
vt 0.08832100 0.76971400
vt 0.08832100 0.76602200
vt 0.08832100 0.77284500
vt 0.08832100 0.77493600
vt 0.08832100 0.77567100
vt 0.72280400 0.49601200
vt 0.72280400 0.49674700
vt 0.72280400 0.49883800
vt 0.72280400 0.50196900
vt 0.72280400 0.50566100
vt 0.72280400 0.89230600
vt 0.72280400 0.89304000
vt 0.72280400 0.89021400
vt 0.72280400 0.88708400
vt 0.72280400 0.88339100
vt 0.57821500 0.76212200
vt 0.57821500 0.76344500
vt 0.11921900 0.72197300
vt 0.11838900 0.72065000
vt 0.60629900 0.72065000
vt 0.60497600 0.72197300
vt 0.68240800 0.46570000
vt 0.68240700 0.46702300
vt 0.09264200 0.75522800
vt 0.09396500 0.75390500
vt 0.57821500 0.28378500
vt 0.57821500 0.28510800
vt 0.68240700 0.95278000
vt 0.68240800 0.95361000
vt 0.57097900 0.75390500
vt 0.57230200 0.75522800
vt 0.72183100 0.92047050
vt 0.72490800 0.92354680
vt 0.65513600 0.28378500
vt 0.65821300 0.28070800
vt 0.65513600 0.76344500
vt 0.65821300 0.76652200
vt 0.73916800 0.92047050
vt 0.73609000 0.92354680
vt 0.72183100 0.75258100
vt 0.72490700 0.74950500
vt 0.57097900 0.81058800
vt 0.57405600 0.81366500
vt 0.57405600 0.29332500
vt 0.57097900 0.29640200
vt 0.73609200 0.74950500
vt 0.73916800 0.75258200
vt 0.64183200 0.92354700
vt 0.64491000 0.92046980
vt 0.57513800 0.28070800
vt 0.57513800 0.76652200
vt 0.81916700 0.92354700
vt 0.81608900 0.92046980
vt 0.64490800 0.75258100
vt 0.64183100 0.74950500
vt 0.65405500 0.81058800
vt 0.65405500 0.29640200
vt 0.81609000 0.75258200
vt 0.81916800 0.74950500
vt 0.68336900 0.92047020
vt 0.77762900 0.92047020
vt 0.68336900 0.75258200
vt 0.77762900 0.75258200
vt 0.56012400 0.92354700
vt 0.62648200 0.98674580
vt 0.62648200 0.67932800
vt 0.56012400 0.75215100
vt 0.16001900 0.75215100
vt 0.10965100 0.67932800
vt 0.16001900 0.92354700
vt 0.79068500 0.53470300
vt 0.79068500 0.49338000
vt 0.78637700 0.53371800
vt 0.66988200 0.51495200
vt 0.66988200 0.91197900
vt 0.77147000 0.49338000
vt 0.77147000 0.53470300
vt 0.77577400 0.53371800
vt 0.77147100 0.75947600
vt 0.77577900 0.76046100
vt 0.68240700 0.91197900
vt 0.68240700 0.51187500
vt 0.79068500 0.80079800
vt 0.79068300 0.75947600
vt 0.78637700 0.76046100
vt 0.29138490 0.80123200
vt 0.29138490 0.76089400
vt 0.29006200 0.75960400
vt 0.29138490 0.53415100
vt 0.29138490 0.49381400
vt 0.24311830 0.53547400
vt 0.29006240 0.53547400
vt 0.04051900 0.75215100
vt 0.64041500 0.75215100
vt 0.69923900 0.46713500
vt 0.69923900 0.86625600
vt 0.71154800 0.47783100
vt 0.71154800 0.85556000
vt 0.80627500 0.53547000
vt 0.84609000 0.53546800
vt 0.01231400 0.51189700
vt 0.01231400 0.76850400
vt 0.04051900 0.92354730
vt 0.64041500 0.92354730
vt 0.04156600 0.94550230
vt 0.76356900 0.94550230
vt 0.65513600 0.28510800
vt 0.65513600 0.76212200
vt 0.57405500 0.81498800
vt 0.57405500 0.29200200
vt 0.68781800 0.49211200
vt 0.68474000 0.49518900
vt 0.68474000 0.75947600
vt 0.68781700 0.76255300
vt 0.67106500 0.76255300
vt 0.67414300 0.75947600
vt 0.67414300 0.49518900
vt 0.67106400 0.49211200
vt 0.76213300 0.94609690
vt 0.76153800 0.94753290
vt 0.04359700 0.94753290
vt 0.04300200 0.94609690
vt 0.64100900 0.68181000
vt 0.64041500 0.68037400
vt 0.04359700 0.68037400
vt 0.04300200 0.68181000
vt 0.02154600 0.50284300
vt 0.02154600 0.50224800
vt 0.70231700 0.46877600
vt 0.70231600 0.46818200
vt 0.02154600 0.77755800
vt 0.02154600 0.77815200
vt 0.70231600 0.86520900
vt 0.70231700 0.86461500
vt 0.01231400 0.50820500
vt 0.01231400 0.50507400
vt 0.01231400 0.50298300
vt 0.01231400 0.50224800
vt 0.01231400 0.77219600
vt 0.01231400 0.77532600
vt 0.01231400 0.77741800
vt 0.01231400 0.77815200
vt 0.71154800 0.46891600
vt 0.71154800 0.46818200
vt 0.71154800 0.47100800
vt 0.71154800 0.47413800
vt 0.71154800 0.86520900
vt 0.71154800 0.86447500
vt 0.71154800 0.86238400
vt 0.71154800 0.85925300
vt 0.57405600 0.94857930
vt 0.09088800 0.67932800
vt 0.57405600 0.67932800
vt 0.69704800 0.84531300
vt 0.69704800 0.77160700
vt 0.68922100 0.76342500
vt 0.72538900 0.76415300
vt 0.72077500 0.76897700
vt 0.76359200 0.76415300
vt 0.29138490 0.84641900
vt 0.60629900 0.03193300
vt 0.62648200 0.03193300
vt 0.68922100 0.49124000
vt 0.69704800 0.48305800
vt 0.69704800 0.38425900
vt 0.72077500 0.48042900
vt 0.72538900 0.48525300
vt 0.76359200 0.48911800
vt 0.77308200 0.48053900
vt 0.29138490 0.38536500
vt 0.64041500 0.57088000
vt 0.57405600 0.57088000
vt 0.60629900 0.57087900
vt 0.62648200 0.57087900
vt 0.79316900 0.76212200
vt 0.78367900 0.77070000
vt 0.78367900 0.48237300
vt 0.79316900 0.49095200
vt 0.83137100 0.76598700
vt 0.83137100 0.48708700
vt 0.66966100 0.76342500
vt 0.66183400 0.77160700
vt 0.66183400 0.48305800
vt 0.66966100 0.49124000
vt 0.83598600 0.48226200
vt 0.83598600 0.77081100
vt 0.70970400 0.53273200
vt 0.75133400 0.48285700
vt 0.75133400 0.77118500
vt 0.70970400 0.75947600
vt 0.75412800 0.48960200
vt 0.71151900 0.53405400
vt 0.76087300 0.49239500
vt 0.85562800 0.49381300
vt 0.23358000 0.49381300
vt 0.24032540 0.49101900
vt 0.28680390 0.52302800
vt 0.24311940 0.48427500
vt 0.24311830 0.38536500
vt 0.12199450 0.84641900
vt 0.12199450 0.77260200
vt 0.11920090 0.76585800
vt 0.11245580 0.76309800
vt 0.79068500 0.94675300
vt 0.79068500 0.98848000
vt 0.29138490 0.94718600
vt 0.29138490 0.98891300
vt 0.79068500 0.03021600
vt 0.79068500 0.07194300
vt 0.29138490 0.03064900
vt 0.29138490 0.07237600
vt 0.79068500 0.11367900
vt 0.79068500 0.15540600
vt 0.29138490 0.11411200
vt 0.29138490 0.15583900
vt 0.79068500 0.19714200
vt 0.79068500 0.23886900
vt 0.29138490 0.19757500
vt 0.29138490 0.23930200
vt 0.79068500 0.28060500
vt 0.79068500 0.32233200
vt 0.29138490 0.28103800
vt 0.29138490 0.32276500
vt 0.72442200 0.29983800
vt 0.57405600 0.29962700
vt 0.57405600 0.34135400
vt 0.70875500 0.34084300
vt 0.69065400 0.38359100
vt 0.57405600 0.38309000
vt 0.57405600 0.42481700
vt 0.67474100 0.42457400
vt 0.65975100 0.46696900
vt 0.57405600 0.46655300
vt 0.57405600 0.50828000
vt 0.64948000 0.50838300
vt 0.73609000 0.13137700
vt 0.73609000 0.17310500
vt 0.73609000 0.21484000
vt 0.73609000 0.25656800
vt 0.73609000 0.29830300
vt 0.73609000 0.34003100
vt 0.73609000 0.38176700
vt 0.73609000 0.42349400
vt 0.73609000 0.46523000
vt 0.73609000 0.50695700
vt 0.12662050 0.98871000
vt 0.12273620 0.94707300
vt 0.14453940 0.07163800
vt 0.13398460 0.03056800
vt 0.17458680 0.15487700
vt 0.15917830 0.11452200
vt 0.20871140 0.23883300
vt 0.19306640 0.19851900
vt 0.23406550 0.32296000
vt 0.22391750 0.28184000
vt 0.73887200 0.25750900
vt 0.57405600 0.25789100
vt 0.81369700 0.50276100
vt 0.99915000 0.49976600
vt 0.00117900 0.50171400
vt 0.00117900 0.58611500
vt 0.81369700 0.58611500
vt 0.00043600 0.68682500
vt 0.99653500 0.72850700
vt 0.81369700 0.72861000
vt 0.81369700 0.68688200
vt 0.98918200 0.77030100
vt 0.97851300 0.81169000
vt 0.81369700 0.81207300
vt 0.81369700 0.77034600
vt 0.77308200 0.76212200
vt 0.07787400 0.81303900
vt 0.09546000 0.82472100
vt 0.10161600 0.81058800
vt 0.08164900 0.79772500
vt 0.66974400 0.86231500
vt 0.66805200 0.87146800
vt 0.06892600 0.80907100
vt 0.05977300 0.80498100
vt 0.06592010 0.82561700
vt 0.06731960 0.81425300
vt 0.20383500 0.75664500
vt 0.21519900 0.75923800
vt 0.06592010 0.83312200
vt 0.07852170 0.83312200
vt 0.07939500 0.78587700
vt 0.19633100 0.75905500
vt 0.19360000 0.78587700
vt 0.66116700 0.87701900
vt 0.66572000 0.87701900
vt 0.05057000 0.78532400
vt 0.05422200 0.79991800
vt 0.05125700 0.76544800
vt 0.06994440 0.80771400
vt 0.07449750 0.80771400
vt 0.22242500 0.78532400
vt 0.22173800 0.76544800
vt 0.21877300 0.79991800
vt 0.07666500 0.75905500
vt 0.19512100 0.81303900
vt 0.19134700 0.79772500
vt 0.17138000 0.81058800
vt 0.17753600 0.82472100
vt 0.14946800 0.83096200
vt 0.66974400 0.81793500
vt 0.11330600 0.84152500
vt 0.12352800 0.83096200
vt 0.66974400 0.80771400
vt 0.65714300 0.80771400
vt 0.65714300 0.81793500
vt 0.66974400 0.81793500
vt 0.27567000 0.81303900
vt 0.29325500 0.82472100
vt 0.29941100 0.81058800
vt 0.27944400 0.79772500
vt 0.70930400 0.86231500
vt 0.70761100 0.87146800
vt 0.26672100 0.80907100
vt 0.25756800 0.80498100
vt 0.10547920 0.82561700
vt 0.10687850 0.81425300
vt 0.40163000 0.76438000
vt 0.41299400 0.76697400
vt 0.10547920 0.83312200
vt 0.11808090 0.83312200
vt 0.27719100 0.78587700
vt 0.39412600 0.76679100
vt 0.39139600 0.79361300
vt 0.70072700 0.87701900
vt 0.70527900 0.87701900
vt 0.24836600 0.78532400
vt 0.25201700 0.79991800
vt 0.24905300 0.76544800
vt 0.10950400 0.80771400
vt 0.11405610 0.80771400
vt 0.42022000 0.79306000
vt 0.41953400 0.77318300
vt 0.41656900 0.80765400
vt 0.27446000 0.75905500
vt 0.39291600 0.82077500
vt 0.38914200 0.80546100
vt 0.36917500 0.81832400
vt 0.37533100 0.83245800
vt 0.34726400 0.83869800
vt 0.70930400 0.81793500
vt 0.31110100 0.84152500
vt 0.32132300 0.83096200
vt 0.70930400 0.80771400
vt 0.69670200 0.80771400
vt 0.69670200 0.81793500
vt 0.70930400 0.81793500
vt 0.24619510 0.75959100
vt 0.11245580 0.76309800
vt 0.28836350 0.76197800
vt 0.29006200 0.75960400
vt 0.84609000 0.75947600
vt 0.85562800 0.76302400
vt 0.80445900 0.76089400
vt 0.84609000 0.77260200
vt 0.84888300 0.76585800
vt 0.80627500 0.75957000
vt 0.80627500 0.75957000
vt 0.84888300 0.76585800
vt 0.85562800 0.76302400
vt 0.84609000 0.75947600
f 4/4 2/2 1/1
f 3/3 4/4 1/1
f 7/7 5/5 6/6
f 8/8 7/7 6/6
f 11/11 10/10 9/9
f 12/12 11/11 9/9
f 15/15 14/14 13/13
f 16/16 15/15 13/13
f 19/19 18/18 17/17
f 20/20 19/19 17/17
f 23/23 22/22 21/21
f 24/24 23/23 21/21
f 83/83 82/82 81/81
f 84/84 83/83 81/81
f 29/29 36/36 35/35
f 57/57 64/64 63/63
f 25/25 26/26 32/32
f 26/26 33/33 32/32
f 26/26 27/27 33/33
f 27/27 34/34 33/33
f 27/27 28/28 34/34
f 28/28 35/35 34/34
f 28/28 29/29 35/35
f 86/86 30/30 85/85
f 30/30 37/37 85/85
f 30/30 31/31 37/37
f 31/31 38/38 37/37
f 47/47 46/46 87/87
f 88/88 47/47 87/87
f 48/48 47/47 88/88
f 89/89 48/48 88/88
f 49/49 48/48 89/89
f 90/90 49/49 89/89
f 50/50 49/49 90/90
f 91/91 50/50 90/90
f 51/51 50/50 91/91
f 92/92 51/51 91/91
f 52/52 51/51 92/92
f 93/93 52/52 92/92
f 95/95 39/39 94/94
f 39/39 40/40 94/94
f 94/94 40/40 100/100
f 40/40 41/41 100/100
f 100/100 41/41 99/99
f 41/41 42/42 99/99
f 99/99 42/42 98/98
f 42/42 43/43 98/98
f 98/98 43/43 97/97
f 43/43 44/44 97/97
f 97/97 44/44 96/96
f 44/44 45/45 96/96
f 103/103 102/102 101/101
f 104/104 103/103 101/101
f 107/107 106/106 105/105
f 108/108 107/107 105/105
f 109/109 107/107 108/108
f 110/110 109/109 108/108
f 111/111 109/109 110/110
f 112/112 111/111 110/110
f 113/113 111/111 112/112
f 114/114 113/113 112/112
f 117/117 116/116 115/115
f 118/118 117/117 115/115
f 119/119 117/117 118/118
f 120/120 119/119 118/118
f 123/123 122/122 121/121
f 124/124 123/123 121/121
f 53/53 54/54 60/60
f 54/54 61/61 60/60
f 54/54 55/55 61/61
f 55/55 62/62 61/61
f 55/55 56/56 62/62
f 56/56 63/63 62/62
f 56/56 57/57 63/63
f 126/126 58/58 125/125
f 58/58 65/65 125/125
f 58/58 59/59 65/65
f 59/59 66/66 65/65
f 75/75 74/74 127/127
f 128/128 75/75 127/127
f 76/76 75/75 128/128
f 129/129 76/76 128/128
f 77/77 76/76 129/129
f 130/130 77/77 129/129
f 78/78 77/77 130/130
f 131/131 78/78 130/130
f 79/79 78/78 131/131
f 132/132 79/79 131/131
f 80/80 79/79 132/132
f 133/133 80/80 132/132
f 135/135 67/67 134/134
f 67/67 68/68 134/134
f 134/134 68/68 140/140
f 68/68 69/69 140/140
f 140/140 69/69 139/139
f 69/69 70/70 139/139
f 139/139 70/70 138/138
f 70/70 71/71 138/138
f 138/138 71/71 137/137
f 71/71 72/72 137/137
f 137/137 72/72 136/136
f 72/72 73/73 136/136
f 143/143 142/142 141/141
f 144/144 143/143 141/141
f 147/147 146/146 145/145
f 148/148 147/147 145/145
f 149/149 147/147 148/148
f 150/150 149/149 148/148
f 151/151 149/149 150/150
f 152/152 151/151 150/150
f 153/153 151/151 152/152
f 154/154 153/153 152/152
f 157/157 156/156 155/155
f 158/158 157/157 155/155
f 159/159 157/157 158/158
f 160/160 159/159 158/158
f 163/163 162/162 161/161
f 164/164 163/163 161/161
f 451/451 450/450 449/449
f 452/452 451/451 449/449
f 463/463 221/221 462/462
f 527/527 388/388 525/525
f 457/457 217/217 456/456
f 217/217 216/216 456/456
f 456/456 216/216 455/455
f 216/216 217/217 276/276
f 217/217 277/277 276/276
f 276/276 277/277 484/484
f 277/277 485/485 484/484
f 276/276 484/484 483/483
f 216/216 276/276 272/272
f 272/272 276/276 483/483
f 216/216 212/212 455/455
f 212/212 216/216 272/272
f 455/455 212/212 209/209
f 209/209 212/212 272/272
f 454/454 455/455 209/209
f 454/454 209/209 453/453
f 269/269 272/272 483/483
f 269/269 209/209 272/272
f 482/482 269/269 483/483
f 269/269 482/482 481/481
f 284/284 269/269 481/481
f 209/209 269/269 284/284
f 284/284 481/481 507/507
f 283/283 284/284 507/507
f 209/209 224/224 453/453
f 224/224 209/209 284/284
f 224/224 284/284 283/283
f 453/453 224/224 480/480
f 223/223 224/224 283/283
f 224/224 223/223 480/480
f 458/458 218/218 457/457
f 218/218 217/217 457/457
f 217/217 218/218 277/277
f 218/218 278/278 277/277
f 277/277 278/278 485/485
f 278/278 486/486 485/485
f 470/470 213/213 469/469
f 213/213 206/206 469/469
f 469/469 206/206 207/207
f 468/468 469/469 207/207
f 468/468 207/207 467/467
f 206/206 213/213 266/266
f 206/206 266/266 207/207
f 213/213 273/273 266/266
f 266/266 273/273 497/497
f 273/273 498/498 497/497
f 266/266 497/497 496/496
f 267/267 266/266 496/496
f 266/266 267/267 207/207
f 267/267 496/496 495/495
f 279/279 267/267 495/495
f 207/207 267/267 279/279
f 279/279 495/495 493/493
f 280/280 279/279 493/493
f 207/207 219/219 467/467
f 219/219 207/207 279/279
f 219/219 279/279 280/280
f 467/467 219/219 466/466
f 220/220 219/219 280/280
f 219/219 220/220 466/466
f 220/220 280/280 494/494
f 466/466 220/220 464/464
f 465/465 220/220 494/494
f 220/220 465/465 464/464
f 472/472 215/215 471/471
f 215/215 214/214 471/471
f 471/471 214/214 470/470
f 214/214 213/213 470/470
f 213/213 214/214 273/273
f 214/214 215/215 274/274
f 214/214 274/274 273/273
f 273/273 274/274 498/498
f 215/215 275/275 274/274
f 274/274 499/499 498/498
f 274/274 275/275 499/499
f 275/275 500/500 499/499
f 477/477 222/222 476/476
f 222/222 210/210 476/476
f 476/476 210/210 289/289
f 293/293 476/476 289/289
f 447/447 293/293 289/289
f 210/210 222/222 270/270
f 222/222 282/282 270/270
f 289/289 210/210 292/292
f 210/210 270/270 292/292
f 435/435 447/447 289/289
f 289/289 292/292 435/435
f 448/448 447/447 435/435
f 270/270 282/282 504/504
f 282/282 505/505 504/504
f 270/270 504/504 512/512
f 292/292 270/270 512/512
f 438/438 292/292 512/512
f 292/292 438/438 435/435
f 417/417 438/438 512/512
f 436/436 448/448 435/435
f 435/435 438/438 436/436
f 445/445 448/448 436/436
f 437/437 438/438 417/417
f 438/438 437/437 436/436
f 418/418 437/437 417/417
f 431/431 445/445 436/436
f 436/436 437/437 431/431
f 446/446 445/445 431/431
f 434/434 437/437 418/418
f 437/437 434/434 431/431
f 415/415 434/434 418/418
f 432/432 446/446 431/431
f 431/431 434/434 432/432
f 443/443 446/446 432/432
f 433/433 434/434 415/415
f 434/434 433/433 432/432
f 416/416 433/433 415/415
f 427/427 443/443 432/432
f 432/432 433/433 427/427
f 444/444 443/443 427/427
f 430/430 433/433 416/416
f 433/433 430/430 427/427
f 413/413 430/430 416/416
f 428/428 444/444 427/427
f 427/427 430/430 428/428
f 441/441 444/444 428/428
f 429/429 430/430 413/413
f 430/430 429/429 428/428
f 414/414 429/429 413/413
f 423/423 441/441 428/428
f 428/428 429/429 423/423
f 442/442 441/441 423/423
f 426/426 429/429 414/414
f 429/429 426/426 423/423
f 411/411 426/426 414/414
f 424/424 442/442 423/423
f 423/423 426/426 424/424
f 439/439 442/442 424/424
f 425/425 426/426 411/411
f 426/426 425/425 424/424
f 412/412 425/425 411/411
f 419/419 439/439 424/424
f 424/424 425/425 419/419
f 440/440 439/439 419/419
f 422/422 425/425 412/412
f 425/425 422/422 419/419
f 409/409 422/422 412/412
f 420/420 440/440 419/419
f 419/419 422/422 420/420
f 294/294 440/440 420/420
f 421/421 422/422 409/409
f 422/422 421/421 420/420
f 410/410 421/421 409/409
f 290/290 294/294 420/420
f 420/420 421/421 290/290
f 294/294 290/290 205/205
f 475/475 294/294 205/205
f 475/475 205/205 473/473
f 205/205 474/474 473/473
f 474/474 205/205 503/503
f 291/291 421/421 410/410
f 421/421 291/291 290/290
f 290/290 291/291 205/205
f 509/509 291/291 410/410
f 291/291 509/509 502/502
f 205/205 265/265 503/503
f 291/291 265/265 205/205
f 265/265 291/291 502/502
f 503/503 265/265 501/501
f 265/265 502/502 501/501
f 480/480 223/223 478/478
f 223/223 479/479 478/478
f 479/479 223/223 508/508
f 223/223 283/283 508/508
f 508/508 283/283 506/506
f 283/283 507/507 506/506
f 281/281 491/491 490/490
f 268/268 281/281 490/490
f 490/490 488/488 268/268
f 221/221 281/281 268/268
f 488/488 271/271 268/268
f 271/271 488/488 487/487
f 489/489 271/271 487/487
f 208/208 221/221 268/268
f 268/268 271/271 208/208
f 221/221 208/208 462/462
f 461/461 462/462 208/208
f 211/211 271/271 489/489
f 271/271 211/211 208/208
f 211/211 461/461 208/208
f 460/460 211/211 489/489
f 461/461 211/211 459/459
f 211/211 460/460 459/459
f 280/280 493/493 492/492
f 494/494 280/280 492/492
f 334/334 371/371 372/372
f 297/297 334/334 372/372
f 372/372 392/392 297/297
f 392/392 302/302 297/297
f 392/392 393/393 302/302
f 393/393 342/342 302/302
f 393/393 394/394 342/342
f 394/394 301/301 342/342
f 301/301 394/394 382/382
f 300/300 301/301 382/382
f 300/300 382/382 380/380
f 340/340 300/300 380/380
f 340/340 380/380 381/381
f 300/300 316/316 301/301
f 316/316 300/300 340/340
f 299/299 340/340 381/381
f 299/299 381/381 398/398
f 338/338 316/316 340/340
f 338/338 340/340 299/299
f 297/297 302/302 313/313
f 302/302 342/342 318/318
f 302/302 318/318 313/313
f 342/342 301/301 327/327
f 342/342 327/327 318/318
f 316/316 317/317 301/301
f 301/301 317/317 327/327
f 318/318 327/327 325/325
f 318/318 325/325 313/313
f 316/316 338/338 323/323
f 316/316 323/323 317/317
f 327/327 317/317 328/328
f 327/327 328/328 325/325
f 313/313 332/332 297/297
f 332/332 334/334 297/297
f 323/323 326/326 317/317
f 317/317 326/326 328/328
f 332/332 314/314 334/334
f 314/314 298/298 334/334
f 295/295 298/298 314/314
f 338/338 335/335 323/323
f 326/326 323/323 307/307
f 323/323 335/335 307/307
f 310/310 326/326 307/307
f 326/326 310/310 339/339
f 328/328 326/326 339/339
f 328/328 339/339 309/309
f 325/325 328/328 309/309
f 325/325 309/309 306/306
f 335/335 336/336 307/307
f 322/322 325/325 306/306
f 306/306 333/333 322/322
f 325/325 322/322 313/313
f 333/333 331/331 322/322
f 322/322 331/331 313/313
f 333/333 305/305 331/331
f 331/331 332/332 313/313
f 305/305 321/321 331/331
f 331/331 321/321 332/332
f 321/321 314/314 332/332
f 321/321 320/320 314/314
f 335/335 324/324 336/336
f 324/324 308/308 336/336
f 320/320 311/311 314/314
f 311/311 295/295 314/314
f 311/311 330/330 295/295
f 330/330 341/341 295/295
f 320/320 329/329 311/311
f 329/329 330/330 311/311
f 528/528 329/329 320/320
f 529/529 528/528 320/320
f 528/528 530/530 329/329
f 329/329 319/319 330/330
f 530/530 319/319 329/329
f 330/330 312/312 341/341
f 319/319 312/312 330/330
f 350/350 319/319 530/530
f 349/349 350/350 530/530
f 308/308 324/324 356/356
f 343/343 308/308 356/356
f 343/343 356/356 344/344
f 356/356 355/355 344/344
f 344/344 355/355 345/345
f 356/356 324/324 357/357
f 356/356 357/357 355/355
f 355/355 354/354 345/345
f 345/345 354/354 346/346
f 363/363 312/312 319/319
f 350/350 363/363 319/319
f 351/351 350/350 349/349
f 348/348 351/351 349/349
f 324/324 315/315 357/357
f 315/315 324/324 335/335
f 338/338 315/315 335/335
f 315/315 338/338 299/299
f 315/315 299/299 370/370
f 357/357 315/315 370/370
f 370/370 299/299 398/398
f 357/357 370/370 358/358
f 357/357 358/358 355/355
f 355/355 358/358 354/354
f 370/370 398/398 369/369
f 370/370 369/369 358/358
f 398/398 408/408 369/369
f 358/358 359/359 354/354
f 358/358 369/369 359/359
f 369/369 408/408 368/368
f 369/369 368/368 359/359
f 408/408 407/407 368/368
f 354/354 359/359 353/353
f 354/354 353/353 346/346
f 346/346 353/353 347/347
f 359/359 368/368 360/360
f 359/359 360/360 353/353
f 368/368 407/407 367/367
f 368/368 367/367 360/360
f 407/407 406/406 367/367
f 353/353 352/352 347/347
f 353/353 360/360 352/352
f 347/347 352/352 348/348
f 352/352 351/351 348/348
f 360/360 361/361 352/352
f 360/360 367/367 361/361
f 352/352 361/361 351/351
f 367/367 406/406 366/366
f 367/367 366/366 361/361
f 406/406 405/405 366/366
f 361/361 362/362 351/351
f 361/361 366/366 362/362
f 351/351 362/362 350/350
f 362/362 363/363 350/350
f 366/366 405/405 365/365
f 366/366 365/365 362/362
f 362/362 365/365 363/363
f 405/405 404/404 365/365
f 365/365 364/364 363/363
f 365/365 404/404 364/364
f 363/363 364/364 312/312
f 404/404 396/396 364/364
f 364/364 296/296 312/312
f 364/364 396/396 296/296
f 312/312 296/296 341/341
f 396/396 391/391 296/296
f 341/341 296/296 389/389
f 296/296 391/391 389/389
f 334/334 298/298 371/371
f 298/298 373/373 371/371
f 373/373 298/298 390/390
f 298/298 295/295 390/390
f 295/295 341/341 390/390
f 341/341 389/389 390/390
f 375/375 337/337 304/304
f 374/374 375/375 304/304
f 304/304 516/516 374/374
f 516/516 378/378 374/374
f 516/516 515/515 378/378
f 515/515 377/377 378/378
f 376/376 303/303 337/337
f 375/375 376/376 337/337
f 517/517 379/379 377/377
f 515/515 517/517 377/377
f 518/518 383/383 384/384
f 519/519 518/518 384/384
f 384/384 386/386 519/519
f 386/386 523/523 519/519
f 386/386 387/387 523/523
f 387/387 524/524 523/523
f 522/522 521/521 520/520
f 521/521 385/385 520/520
f 385/385 521/521 536/536
f 397/397 385/385 536/536
f 403/403 397/397 536/536
f 543/543 403/403 536/536
f 402/402 403/403 543/543
f 542/542 402/402 543/543
f 401/401 402/402 542/542
f 541/541 401/401 542/542
f 400/400 401/401 541/541
f 540/540 400/400 541/541
f 399/399 400/400 540/540
f 539/539 399/399 540/540
f 395/395 399/399 539/539
f 535/535 395/395 539/539
f 395/395 535/535 533/533
f 535/535 534/534 533/533
f 388/388 526/526 525/525
f 537/537 526/526 388/388
f 538/538 537/537 388/388
f 531/531 516/516 304/304
f 532/532 531/531 304/304
f 165/165 173/173 186/186
f 510/510 173/173 165/165
f 185/185 165/165 186/186
f 511/511 510/510 165/165
f 185/185 186/186 184/184
f 565/565 510/510 511/511
f 183/183 185/185 184/184
f 564/564 565/565 511/511
f 183/183 184/184 182/182
f 566/566 565/565 564/564
f 181/181 183/183 182/182
f 567/567 566/566 564/564
f 181/181 182/182 174/174
f 569/569 566/566 567/567
f 166/166 181/181 174/174
f 568/568 569/569 567/567
f 166/166 174/174 175/175
f 570/570 569/569 568/568
f 167/167 166/166 175/175
f 571/571 570/570 568/568
f 175/175 193/193 167/167
f 573/573 570/570 571/571
f 193/193 194/194 167/167
f 572/572 573/573 571/571
f 193/193 195/195 194/194
f 574/574 573/573 572/572
f 195/195 196/196 194/194
f 575/575 574/574 572/572
f 195/195 197/197 196/196
f 577/577 574/574 575/575
f 197/197 198/198 196/196
f 576/576 577/577 575/575
f 197/197 176/176 198/198
f 578/578 577/577 576/576
f 176/176 168/168 198/198
f 579/579 578/578 576/576
f 176/176 179/179 168/168
f 581/581 578/578 579/579
f 179/179 171/171 168/168
f 580/580 581/581 579/579
f 171/171 179/179 192/192
f 582/582 581/581 580/580
f 191/191 171/171 192/192
f 583/583 582/582 580/580
f 191/191 192/192 190/190
f 189/189 191/191 190/190
f 189/189 190/190 188/188
f 187/187 189/189 188/188
f 187/187 188/188 180/180
f 172/172 187/187 180/180
f 180/180 177/177 172/172
f 177/177 169/169 172/172
f 169/169 177/177 204/204
f 203/203 169/169 204/204
f 203/203 204/204 202/202
f 201/201 203/203 202/202
f 201/201 202/202 200/200
f 199/199 201/201 200/200
f 199/199 200/200 178/178
f 170/170 199/199 178/178
f 170/170 178/178 513/513
f 514/514 170/170 513/513
f 514/514 513/513 583/583
f 513/513 582/582 583/583
f 241/241 226/226 234/234
f 234/234 226/226 227/227
f 242/242 241/241 234/234
f 235/235 234/234 227/227
f 243/243 241/241 242/242
f 253/253 235/235 227/227
f 244/244 243/243 242/242
f 254/254 253/253 227/227
f 245/245 243/243 244/244
f 255/255 253/253 254/254
f 246/246 245/245 244/244
f 256/256 255/255 254/254
f 257/257 255/255 256/256
f 258/258 257/257 256/256
f 225/225 245/245 246/246
f 233/233 225/225 246/246
f 236/236 257/257 258/258
f 228/228 236/236 258/258
f 233/233 286/286 225/225
f 286/286 287/287 225/225
f 545/545 287/287 286/286
f 544/544 545/545 286/286
f 546/546 545/545 544/544
f 547/547 546/546 544/544
f 549/549 546/546 547/547
f 548/548 549/549 547/547
f 550/550 549/549 548/548
f 551/551 550/550 548/548
f 553/553 550/550 551/551
f 552/552 553/553 551/551
f 554/554 553/553 552/552
f 555/555 554/554 552/552
f 557/557 554/554 555/555
f 556/556 557/557 555/555
f 558/558 557/557 556/556
f 559/559 558/558 556/556
f 561/561 558/558 559/559
f 560/560 561/561 559/559
f 562/562 561/561 560/560
f 563/563 562/562 560/560
f 288/288 562/562 563/563
f 285/285 288/288 563/563
f 285/285 238/238 288/288
f 238/238 230/230 288/288
f 259/259 230/230 238/238
f 260/260 259/259 238/238
f 261/261 259/259 260/260
f 262/262 261/261 260/260
f 263/263 261/261 262/262
f 264/264 263/263 262/262
f 229/229 263/263 264/264
f 237/237 229/229 264/264
f 229/229 237/237 240/240
f 232/232 229/229 240/240
f 247/247 232/232 240/240
f 248/248 247/247 240/240
f 249/249 247/247 248/248
f 250/250 249/249 248/248
f 251/251 249/249 250/250
f 252/252 251/251 250/250
f 231/231 251/251 252/252
f 239/239 231/231 252/252
f 239/239 236/236 231/231
f 236/236 228/228 231/231
f 587/587 586/586 584/584
f 585/585 587/587 584/584
f 1011/1011 1045/1045 1044/1044
f 617/617 621/621 1064/1064
f 1067/1067 1033/1033 612/612
f 612/612 609/609 613/613
f 613/613 610/610 1066/1066
f 610/610 1042/1042 1066/1066
f 1116/1116 1115/1115 1107/1107
f 1138/1138 1121/1121 1137/1137
f 746/746 1145/1145 1146/1146
f 746/746 1160/1160 1159/1159
f 1159/1159 1161/1161 746/746
f 675/675 1168/1168 732/732
f 1213/1213 723/723 1212/1212
f 623/623 1014/1014 1013/1013
f 1013/1013 1012/1012 623/623
f 623/623 1012/1012 1018/1018
f 626/626 623/623 1018/1018
f 626/626 1018/1018 1017/1017
f 1017/1017 1019/1019 626/626
f 702/702 623/623 626/626
f 626/626 703/703 702/702
f 702/702 703/703 724/724
f 626/626 708/708 703/703
f 626/626 709/709 708/708
f 720/720 708/708 709/709
f 624/624 1016/1016 1015/1015
f 624/624 1015/1015 1014/1014
f 623/623 624/624 1014/1014
f 624/624 623/623 701/701
f 623/623 702/702 701/701
f 701/701 702/702 724/724
f 1020/1020 1021/1021 625/625
f 1019/1019 1020/1020 625/625
f 1019/1019 625/625 626/626
f 626/626 625/625 709/709
f 625/625 710/710 709/709
f 709/709 710/710 711/711
f 709/709 711/711 720/720
f 1023/1023 1022/1022 628/628
f 628/628 1024/1024 1023/1023
f 628/628 706/706 705/705
f 705/705 706/706 707/707
f 705/705 707/707 722/722
f 630/630 1028/1028 1027/1027
f 1027/1027 1029/1029 630/630
f 1029/1029 629/629 630/630
f 630/630 629/629 714/714
f 629/629 715/715 714/714
f 714/714 715/715 712/712
f 714/714 712/712 725/725
f 725/725 713/713 714/714
f 1029/1029 1030/1030 629/629
f 1030/1030 1031/1031 629/629
f 627/627 629/629 1031/1031
f 1026/1026 627/627 1031/1031
f 627/627 1026/1026 1025/1025
f 627/627 1025/1025 1024/1024
f 628/628 627/627 1024/1024
f 627/627 628/628 705/705
f 627/627 705/705 704/704
f 704/704 629/629 627/627
f 722/722 704/704 705/705
f 704/704 712/712 629/629
f 712/712 715/715 629/629
f 691/691 698/698 699/699
f 692/692 691/691 699/699
f 690/690 689/689 697/697
f 689/689 696/696 697/697
f 696/696 689/689 1090/1090
f 641/641 696/696 1090/1090
f 1090/1090 1091/1091 641/641
f 1091/1091 642/642 641/641
f 642/642 1091/1091 692/692
f 699/699 642/642 692/692
f 674/674 670/670 669/669
f 673/673 674/674 669/669
f 727/727 674/674 673/673
f 727/727 1167/1167 674/674
f 673/673 1120/1120 727/727
f 727/727 726/726 1167/1167
f 732/732 727/727 1120/1120
f 1120/1120 1119/1119 732/732
f 675/675 732/732 1119/1119
f 1119/1119 676/676 675/675
f 671/671 675/675 676/676
f 672/672 671/671 676/676
f 726/726 727/727 1122/1122
f 1122/1122 1135/1135 726/726
f 1135/1135 1136/1136 726/726
f 1121/1121 1122/1122 727/727
f 732/732 1121/1121 727/727
f 1121/1121 732/732 1137/1137
f 1168/1168 1137/1137 732/732
f 1168/1168 1141/1141 1137/1137
f 1168/1168 737/737 1141/1141
f 1142/1142 1141/1141 737/737
f 737/737 739/739 1142/1142
f 737/737 1168/1168 684/684
f 737/737 738/738 739/739
f 684/684 738/738 737/737
f 735/735 739/739 738/738
f 738/738 736/736 735/735
f 684/684 1109/1109 738/738
f 738/738 1109/1109 736/736
f 684/684 683/683 1109/1109
f 683/683 684/684 1040/1040
f 684/684 1041/1041 1040/1040
f 1109/1109 1110/1110 736/736
f 735/735 736/736 733/733
f 1139/1139 735/735 733/733
f 733/733 1140/1140 1139/1139
f 736/736 1110/1110 681/681
f 733/733 736/736 681/681
f 1110/1110 682/682 681/681
f 1046/1046 681/681 682/682
f 1047/1047 1046/1046 682/682
f 681/681 1169/1169 733/733
f 1140/1140 733/733 1169/1169
f 1140/1140 1169/1169 1188/1188
f 1188/1188 1187/1187 1140/1140
f 1187/1187 1188/1188 1251/1251
f 1188/1188 1250/1250 1251/1251
f 1251/1251 1250/1250 1248/1248
f 1250/1250 1249/1249 1248/1248
f 1248/1248 1249/1249 1247/1247
f 1249/1249 1246/1246 1247/1247
f 1247/1247 1246/1246 1244/1244
f 1246/1246 1245/1245 1244/1244
f 1244/1244 1245/1245 1243/1243
f 1245/1245 1242/1242 1243/1243
f 1243/1243 1242/1242 1240/1240
f 1242/1242 1241/1241 1240/1240
f 1240/1240 1241/1241 1272/1272
f 1241/1241 1273/1273 1272/1272
f 662/662 661/661 1032/1032
f 661/661 1033/1033 1032/1032
f 1033/1033 661/661 602/602
f 661/661 1052/1052 602/602
f 1052/1052 588/588 602/602
f 609/609 1033/1033 602/602
f 1033/1033 609/609 612/612
f 602/602 588/588 603/603
f 609/609 602/602 603/603
f 588/588 589/589 603/603
f 592/592 589/589 588/588
f 592/592 1051/1051 589/589
f 1051/1051 1050/1050 589/589
f 610/610 609/609 603/603
f 609/609 610/610 613/613
f 603/603 589/589 663/663
f 610/610 603/603 663/663
f 589/589 1050/1050 663/663
f 1042/1042 610/610 663/663
f 663/663 1050/1050 664/664
f 663/663 664/664 1042/1042
f 1050/1050 1123/1123 664/664
f 664/664 1043/1043 1042/1042
f 694/694 1039/1039 1038/1038
f 693/693 694/694 1038/1038
f 679/679 668/668 667/667
f 680/680 679/679 667/667
f 645/645 646/646 650/650
f 646/646 649/649 650/650
f 686/686 650/650 649/649
f 685/685 686/686 649/649
f 686/686 631/631 650/650
f 631/631 1080/1080 650/650
f 685/685 649/649 1081/1081
f 633/633 685/685 1081/1081
f 1177/1177 633/633 1081/1081
f 1178/1178 1177/1177 1081/1081
f 1177/1177 1178/1178 812/812
f 1178/1178 863/863 812/812
f 812/812 863/863 811/811
f 863/863 864/864 811/811
f 811/811 864/864 816/816
f 864/864 867/867 816/816
f 816/816 867/867 815/815
f 867/867 868/868 815/815
f 815/815 868/868 820/820
f 868/868 871/871 820/820
f 820/820 871/871 819/819
f 871/871 872/872 819/819
f 819/819 872/872 824/824
f 872/872 875/875 824/824
f 824/824 875/875 823/823
f 875/875 876/876 823/823
f 823/823 876/876 828/828
f 876/876 879/879 828/828
f 828/828 879/879 827/827
f 879/879 880/880 827/827
f 827/827 880/880 1189/1189
f 880/880 1190/1190 1189/1189
f 1190/1190 1082/1082 1189/1189
f 1082/1082 637/637 1189/1189
f 637/637 1082/1082 658/658
f 1036/1036 637/637 658/658
f 658/658 657/657 1036/1036
f 657/657 1037/1037 1036/1036
f 657/657 658/658 653/653
f 658/658 654/654 653/653
f 1037/1037 657/657 1083/1083
f 634/634 1037/1037 1083/1083
f 1083/1083 1084/1084 634/634
f 1084/1084 635/635 634/634
f 635/635 1084/1084 660/660
f 1034/1034 635/635 660/660
f 1034/1034 660/660 659/659
f 1035/1035 1034/1034 659/659
f 655/655 659/659 660/660
f 656/656 655/655 660/660
f 1035/1035 659/659 1085/1085
f 636/636 1035/1035 1085/1085
f 636/636 1085/1085 652/652
f 688/688 636/636 652/652
f 652/652 651/651 688/688
f 651/651 687/687 688/688
f 651/651 652/652 648/648
f 652/652 647/647 648/648
f 687/687 651/651 1086/1086
f 632/632 687/687 1086/1086
f 632/632 1086/1086 631/631
f 1086/1086 1080/1080 631/631
f 695/695 1011/1011 1044/1044
f 695/695 1044/1044 1097/1097
f 639/639 695/695 1097/1097
f 638/638 639/639 1097/1097
f 1098/1098 638/638 1097/1097
f 638/638 1098/1098 1039/1039
f 694/694 638/638 1039/1039
f 666/666 678/678 677/677
f 665/665 666/666 677/677
f 665/665 1060/1060 666/666
f 1060/1060 1126/1126 666/666
f 1049/1049 600/600 1048/1048
f 600/600 596/596 1048/1048
f 1048/1048 596/596 1076/1076
f 1056/1056 596/596 600/600
f 1057/1057 1056/1056 600/600
f 596/596 1056/1056 1078/1078
f 596/596 607/607 1076/1076
f 607/607 596/596 1078/1078
f 1076/1076 607/607 1065/1065
f 617/617 607/607 1078/1078
f 607/607 617/617 1065/1065
f 1070/1070 617/617 1078/1078
f 1065/1065 617/617 1064/1064
f 1053/1053 591/591 1052/1052
f 591/591 588/588 1052/1052
f 591/591 592/592 588/588
f 1055/1055 1054/1054 590/590
f 593/593 1055/1055 590/590
f 779/779 593/593 590/590
f 778/778 779/779 590/590
f 1252/1252 779/779 778/778
f 862/862 1252/1252 778/778
f 1253/1253 1252/1252 862/862
f 1254/1254 1253/1253 861/861
f 866/866 1254/1254 861/861
f 1255/1255 1254/1254 866/866
f 865/865 1255/1255 866/866
f 1256/1256 1255/1255 865/865
f 870/870 1256/1256 865/865
f 1257/1257 1256/1256 870/870
f 869/869 1257/1257 870/870
f 1258/1258 1257/1257 869/869
f 874/874 1258/1258 869/869
f 1259/1259 1258/1258 874/874
f 873/873 1259/1259 874/874
f 1260/1260 1259/1259 873/873
f 878/878 1260/1260 873/873
f 1261/1261 1260/1260 878/878
f 877/877 1261/1261 878/878
f 1061/1061 1060/1060 598/598
f 1060/1060 594/594 598/598
f 594/594 1060/1060 665/665
f 598/598 594/594 595/595
f 599/599 598/598 595/595
f 599/599 595/595 1058/1058
f 595/595 1059/1059 1058/1058
f 605/605 594/594 665/665
f 595/595 594/594 605/605
f 1059/1059 595/595 606/606
f 606/606 595/595 605/605
f 615/615 605/605 665/665
f 606/606 605/605 615/615
f 677/677 615/615 665/665
f 616/616 606/606 615/615
f 616/616 680/680 606/606
f 680/680 667/667 606/606
f 667/667 1059/1059 606/606
f 1125/1125 1059/1059 667/667
f 668/668 1125/1125 667/667
f 611/611 1069/1069 1068/1068
f 614/614 611/611 1068/1068
f 614/614 788/788 611/611
f 788/788 766/766 611/611
f 621/621 617/617 1070/1070
f 1071/1071 621/621 1070/1070
f 1072/1072 680/680 616/616
f 620/620 1072/1072 616/616
f 616/616 615/615 620/620
f 615/615 619/619 620/620
f 619/619 615/615 677/677
f 1073/1073 619/619 677/677
f 1075/1075 1074/1074 618/618
f 622/622 1075/1075 618/618
f 622/622 618/618 765/765
f 787/787 622/622 765/765
f 909/909 787/787 765/765
f 807/807 909/909 765/765
f 910/910 909/909 807/807
f 808/808 910/910 807/807
f 907/907 910/910 808/808
f 803/803 907/907 808/808
f 908/908 907/907 803/803
f 804/804 908/908 803/803
f 905/905 908/908 804/804
f 799/799 905/905 804/804
f 906/906 905/905 799/799
f 800/800 906/906 799/799
f 1069/1069 611/611 1077/1077
f 611/611 604/604 1077/1077
f 611/611 766/766 604/604
f 604/604 590/590 1077/1077
f 590/590 1054/1054 1077/1077
f 590/590 604/604 767/767
f 766/766 767/767 604/604
f 778/778 590/590 767/767
f 862/862 778/778 767/767
f 793/793 767/767 766/766
f 793/793 862/862 767/767
f 792/792 793/793 766/766
f 766/766 788/788 792/792
f 788/788 902/902 792/792
f 861/861 862/862 793/793
f 861/861 1253/1253 862/862
f 794/794 861/861 793/793
f 794/794 793/793 792/792
f 866/866 861/861 794/794
f 792/792 902/902 791/791
f 791/791 794/794 792/792
f 902/902 901/901 791/791
f 797/797 866/866 794/794
f 797/797 794/794 791/791
f 865/865 866/866 797/797
f 791/791 901/901 796/796
f 796/796 797/797 791/791
f 901/901 904/904 796/796
f 798/798 865/865 797/797
f 798/798 797/797 796/796
f 870/870 865/865 798/798
f 796/796 904/904 795/795
f 795/795 798/798 796/796
f 904/904 903/903 795/795
f 801/801 870/870 798/798
f 801/801 798/798 795/795
f 869/869 870/870 801/801
f 795/795 903/903 800/800
f 800/800 801/801 795/795
f 903/903 906/906 800/800
f 802/802 869/869 801/801
f 802/802 801/801 800/800
f 874/874 869/869 802/802
f 799/799 802/802 800/800
f 805/805 874/874 802/802
f 805/805 802/802 799/799
f 873/873 874/874 805/805
f 804/804 805/805 799/799
f 806/806 873/873 805/805
f 806/806 805/805 804/804
f 878/878 873/873 806/806
f 803/803 806/806 804/804
f 809/809 878/878 806/806
f 809/809 806/806 803/803
f 808/808 809/809 803/803
f 877/877 878/878 809/809
f 810/810 809/809 808/808
f 810/810 877/877 809/809
f 807/807 810/810 808/808
f 768/768 810/810 807/807
f 765/765 768/768 807/807
f 765/765 618/618 768/768
f 777/777 877/877 810/810
f 768/768 777/777 810/810
f 618/618 608/608 768/768
f 777/777 768/768 608/608
f 618/618 1074/1074 608/608
f 1074/1074 1079/1079 608/608
f 1079/1079 1063/1063 608/608
f 1063/1063 597/597 608/608
f 597/597 777/777 608/608
f 597/597 1063/1063 1062/1062
f 601/601 597/597 1062/1062
f 597/597 601/601 780/780
f 777/777 597/597 780/780
f 777/777 780/780 877/877
f 780/780 1261/1261 877/877
f 1089/1089 644/644 1087/1087
f 644/644 1088/1088 1087/1087
f 1088/1088 644/644 772/772
f 769/769 1088/1088 772/772
f 769/769 772/772 1237/1237
f 772/772 830/830 1237/1237
f 1237/1237 830/830 1236/1236
f 830/830 829/829 1236/1236
f 1236/1236 829/829 1233/1233
f 829/829 826/826 1233/1233
f 1233/1233 826/826 1232/1232
f 826/826 825/825 1232/1232
f 1232/1232 825/825 1229/1229
f 825/825 822/822 1229/1229
f 1229/1229 822/822 1228/1228
f 822/822 821/821 1228/1228
f 1228/1228 821/821 1225/1225
f 821/821 818/818 1225/1225
f 1225/1225 818/818 1224/1224
f 818/818 817/817 1224/1224
f 1224/1224 817/817 1221/1221
f 817/817 814/814 1221/1221
f 1221/1221 814/814 1220/1220
f 814/814 813/813 1220/1220
f 1220/1220 813/813 770/770
f 813/813 771/771 770/770
f 770/770 771/771 640/640
f 1099/1099 770/770 640/640
f 640/640 1101/1101 1099/1099
f 1101/1101 1100/1100 1099/1099
f 1094/1094 1093/1093 1092/1092
f 643/643 1094/1094 1092/1092
f 643/643 1092/1092 1095/1095
f 1096/1096 643/643 1095/1095
f 1104/1104 1103/1103 1102/1102
f 716/716 1104/1104 1102/1102
f 717/717 716/716 1102/1102
f 1102/1102 790/790 717/717
f 1102/1102 1176/1176 790/790
f 921/921 790/790 1176/1176
f 1222/1222 921/921 1176/1176
f 922/922 921/921 1222/1222
f 1223/1223 922/922 1222/1222
f 923/923 922/922 1223/1223
f 1226/1226 923/923 1223/1223
f 924/924 923/923 1226/1226
f 1227/1227 924/924 1226/1226
f 925/925 924/924 1227/1227
f 1230/1230 925/925 1227/1227
f 926/926 925/925 1230/1230
f 1231/1231 926/926 1230/1230
f 927/927 926/926 1231/1231
f 1234/1234 927/927 1231/1231
f 928/928 927/927 1234/1234
f 1235/1235 928/928 1234/1234
f 929/929 928/928 1235/1235
f 1238/1238 929/929 1235/1235
f 930/930 929/929 1238/1238
f 1239/1239 930/930 1238/1238
f 789/789 930/930 1239/1239
f 1186/1186 789/789 1239/1239
f 1186/1186 1106/1106 789/789
f 1106/1106 718/718 789/789
f 718/718 1106/1106 1105/1105
f 926/926 927/927 1269/1269
f 1269/1269 927/927 1268/1268
f 927/927 928/928 1268/1268
f 1266/1266 926/926 1269/1269
f 1268/1268 928/928 1271/1271
f 928/928 929/929 1271/1271
f 925/925 926/926 1266/1266
f 1271/1271 929/929 1270/1270
f 1267/1267 925/925 1266/1266
f 929/929 930/930 1270/1270
f 924/924 925/925 1267/1267
f 1270/1270 930/930 1215/1215
f 1264/1264 924/924 1267/1267
f 930/930 789/789 1215/1215
f 923/923 924/924 1264/1264
f 1215/1215 789/789 1214/1214
f 1265/1265 923/923 1264/1264
f 789/789 718/718 1214/1214
f 1214/1214 718/718 1212/1212
f 922/922 923/923 1265/1265
f 1262/1262 922/922 1265/1265
f 921/921 922/922 1262/1262
f 1263/1263 921/921 1262/1262
f 790/790 921/921 1263/1263
f 1216/1216 790/790 1263/1263
f 717/717 790/790 1216/1216
f 1217/1217 717/717 1216/1216
f 721/721 717/717 1217/1217
f 1218/1218 721/721 1217/1217
f 717/717 721/721 716/716
f 716/716 721/721 1218/1218
f 1219/1219 716/716 1218/1218
f 1105/1105 719/719 718/718
f 1105/1105 1107/1107 719/719
f 1105/1105 1108/1108 1107/1107
f 1115/1115 719/719 1107/1107
f 719/719 1115/1115 1210/1210
f 1211/1211 719/719 1210/1210
f 723/723 719/719 1211/1211
f 1212/1212 723/723 1211/1211
f 741/741 728/728 731/731
f 752/752 741/741 731/731
f 731/731 761/761 752/752
f 761/761 762/762 752/752
f 741/741 752/752 1117/1117
f 1117/1117 742/742 741/741
f 1143/1143 741/741 742/742
f 742/742 1117/1117 1151/1151
f 1151/1151 743/743 742/742
f 1151/1151 1152/1152 743/743
f 752/752 1118/1118 1117/1117
f 752/752 751/751 1118/1118
f 751/751 752/752 1147/1147
f 1155/1155 1118/1118 751/751
f 751/751 750/750 1155/1155
f 750/750 1156/1156 1155/1155
f 1124/1124 1052/1052 661/661
f 662/662 1124/1124 661/661
f 757/757 758/758 748/748
f 1111/1111 757/757 748/748
f 1128/1128 734/734 1127/1127
f 734/734 745/745 1127/1127
f 745/745 734/734 776/776
f 773/773 745/745 776/776
f 773/773 776/776 847/847
f 776/776 850/850 847/847
f 847/847 850/850 848/848
f 850/850 849/849 848/848
f 848/848 849/849 843/843
f 849/849 846/846 843/843
f 843/843 846/846 844/844
f 846/846 845/845 844/844
f 844/844 845/845 839/839
f 845/845 842/842 839/839
f 839/839 842/842 840/840
f 842/842 841/841 840/840
f 840/840 841/841 835/835
f 841/841 838/838 835/835
f 835/835 838/838 836/836
f 838/838 837/837 836/836
f 836/836 837/837 831/831
f 837/837 834/834 831/831
f 831/831 834/834 832/832
f 834/834 833/833 832/832
f 832/832 833/833 774/774
f 833/833 775/775 774/774
f 774/774 775/775 729/729
f 744/744 774/774 729/729
f 744/744 729/729 1129/1129
f 1130/1130 744/744 1129/1129
f 759/759 760/760 728/728
f 741/741 759/759 728/728
f 1132/1132 730/730 1131/1131
f 730/730 749/749 1131/1131
f 730/730 740/740 749/749
f 740/740 756/756 749/749
f 756/756 740/740 1133/1133
f 1134/1134 756/756 1133/1133
f 763/763 764/764 1112/1112
f 753/753 763/763 1112/1112
f 1112/1112 1111/1111 753/753
f 1111/1111 748/748 753/753
f 1113/1113 753/753 748/748
f 1113/1113 1114/1114 753/753
f 1114/1114 754/754 753/753
f 754/754 1150/1150 753/753
f 754/754 1114/1114 1166/1166
f 755/755 754/754 1166/1166
f 755/755 1166/1166 1165/1165
f 748/748 747/747 1113/1113
f 1162/1162 1113/1113 747/747
f 746/746 747/747 748/748
f 1162/1162 747/747 746/746
f 748/748 1145/1145 746/746
f 1161/1161 1162/1162 746/746
f 743/743 1144/1144 1143/1143
f 1143/1143 742/742 743/743
f 1152/1152 1153/1153 743/743
f 1153/1153 1154/1154 743/743
f 1147/1147 750/750 751/751
f 1147/1147 1148/1148 750/750
f 750/750 1157/1157 1156/1156
f 750/750 1158/1158 1157/1157
f 1149/1149 1150/1150 754/754
f 754/754 755/755 1149/1149
f 1164/1164 1163/1163 755/755
f 755/755 1165/1165 1164/1164
f 774/774 744/744 1172/1172
f 774/774 1172/1172 1171/1171
f 1171/1171 1170/1170 774/774
f 774/774 1170/1170 832/832
f 1170/1170 851/851 832/832
f 832/832 851/851 831/831
f 851/851 852/852 831/831
f 831/831 852/852 836/836
f 852/852 853/853 836/836
f 836/836 853/853 835/835
f 853/853 854/854 835/835
f 835/835 854/854 840/840
f 854/854 855/855 840/840
f 840/840 855/855 839/839
f 855/855 856/856 839/839
f 839/839 856/856 844/844
f 856/856 857/857 844/844
f 844/844 857/857 843/843
f 857/857 858/858 843/843
f 843/843 858/858 848/848
f 858/858 859/859 848/848
f 848/848 859/859 847/847
f 859/859 860/860 847/847
f 847/847 860/860 773/773
f 860/860 1181/1181 773/773
f 1179/1179 773/773 1181/1181
f 1181/1181 1180/1180 1179/1179
f 1179/1179 745/745 773/773
f 783/783 1174/1174 1173/1173
f 782/782 783/783 1173/1173
f 782/782 1173/1173 1175/1175
f 883/883 783/783 782/782
f 782/782 1175/1175 700/700
f 1175/1175 1287/1287 700/700
f 700/700 786/786 782/782
f 882/882 883/883 782/782
f 782/782 786/786 882/882
f 884/884 883/883 882/882
f 786/786 912/912 882/882
f 881/881 884/884 882/882
f 882/882 912/912 881/881
f 887/887 884/884 881/881
f 912/912 911/911 881/881
f 886/886 887/887 881/881
f 881/881 911/911 886/886
f 888/888 887/887 886/886
f 911/911 914/914 886/886
f 885/885 888/888 886/886
f 886/886 914/914 885/885
f 891/891 888/888 885/885
f 914/914 913/913 885/885
f 890/890 891/891 885/885
f 885/885 913/913 890/890
f 892/892 891/891 890/890
f 913/913 916/916 890/890
f 889/889 892/892 890/890
f 890/890 916/916 889/889
f 895/895 892/892 889/889
f 916/916 915/915 889/889
f 894/894 895/895 889/889
f 889/889 915/915 894/894
f 896/896 895/895 894/894
f 915/915 918/918 894/894
f 893/893 896/896 894/894
f 894/894 918/918 893/893
f 899/899 896/896 893/893
f 918/918 917/917 893/893
f 898/898 899/899 893/893
f 893/893 917/917 898/898
f 900/900 899/899 898/898
f 917/917 920/920 898/898
f 897/897 900/900 898/898
f 898/898 920/920 897/897
f 920/920 919/919 897/897
f 784/784 900/900 897/897
f 897/897 919/919 781/781
f 781/781 784/784 897/897
f 919/919 785/785 781/781
f 781/781 1183/1183 784/784
f 1183/1183 1182/1182 784/784
f 1184/1184 1183/1183 781/781
f 1184/1184 781/781 785/785
f 785/785 1185/1185 1184/1184
f 1193/1193 1192/1192 1191/1191
f 1191/1191 1194/1194 1193/1193
f 1191/1191 1195/1195 1194/1194
f 1195/1195 1196/1196 1194/1194
f 1195/1195 1202/1202 1196/1196
f 1202/1202 1201/1201 1196/1196
f 1199/1199 1198/1198 1197/1197
f 1197/1197 1200/1200 1199/1199
f 1197/1197 749/749 1200/1200
f 749/749 756/756 1200/1200
f 1206/1206 1205/1205 1203/1203
f 1205/1205 1204/1204 1203/1203
f 1207/1207 1203/1203 1204/1204
f 1208/1208 1203/1203 1207/1207
f 1209/1209 1208/1208 1207/1207
f 946/946 948/948 945/945
f 948/948 947/947 945/945
f 948/948 954/954 947/947
f 954/954 953/953 947/947
f 956/956 955/955 971/971
f 969/969 956/956 971/971
f 969/969 971/971 970/970
f 971/971 972/972 970/970
f 972/972 950/950 970/970
f 950/950 949/949 970/970
f 950/950 974/974 949/949
f 974/974 973/973 949/949
f 1301/1301 1300/1300 1296/1296
f 965/965 1301/1301 1296/1296
f 966/966 965/965 1296/1296
f 1297/1297 966/966 1296/1296
f 966/966 1297/1297 1310/1310
f 1311/1311 966/966 1310/1310
f 1306/1306 1305/1305 960/960
f 1293/1293 1306/1306 960/960
f 1293/1293 960/960 1292/1292
f 960/960 959/959 1292/1292
f 1292/1292 959/959 943/943
f 944/944 1292/1292 943/943
f 943/943 952/952 944/944
f 952/952 951/951 944/944
f 952/952 976/976 951/951
f 976/976 1321/1321 951/951
f 1295/1295 1308/1308 1307/1307
f 962/962 1295/1295 1307/1307
f 1295/1295 962/962 1294/1294
f 962/962 1307/1307 964/964
f 1307/1307 1309/1309 964/964
f 962/962 961/961 1294/1294
f 962/962 964/964 961/961
f 964/964 963/963 961/961
f 1288/1288 1294/1294 961/961
f 961/961 963/963 1302/1302
f 1302/1302 1288/1288 961/961
f 963/963 1315/1315 1302/1302
f 1291/1291 1288/1288 1302/1302
f 1291/1291 1290/1290 1288/1288
f 1290/1290 1289/1289 1288/1288
f 1290/1290 1323/1323 1289/1289
f 1323/1323 1322/1322 1289/1289
f 1299/1299 1313/1313 1312/1312
f 968/968 1299/1299 1312/1312
f 1299/1299 968/968 1298/1298
f 968/968 1312/1312 957/957
f 1312/1312 1314/1314 957/957
f 968/968 967/967 1298/1298
f 967/967 968/968 957/957
f 1303/1303 1298/1298 967/967
f 958/958 967/967 957/957
f 1304/1304 1303/1303 967/967
f 967/967 958/958 1316/1316
f 1304/1304 967/967 1316/1316
f 1316/1316 1317/1317 1304/1304
f 1316/1316 1319/1319 1317/1317
f 1319/1319 1318/1318 1317/1317
f 1319/1319 975/975 1318/1318
f 975/975 1320/1320 1318/1318
f 1326/1326 1325/1325 1324/1324
f 1327/1327 1326/1326 1324/1324
f 980/980 982/982 979/979
f 982/982 981/981 979/979
f 982/982 988/988 981/981
f 988/988 987/987 981/981
f 990/990 989/989 1005/1005
f 1003/1003 990/990 1005/1005
f 1003/1003 1005/1005 1004/1004
f 1005/1005 1006/1006 1004/1004
f 1006/1006 984/984 1004/1004
f 984/984 983/983 1004/1004
f 984/984 1008/1008 983/983
f 1008/1008 1007/1007 983/983
f 1341/1341 1340/1340 1336/1336
f 999/999 1341/1341 1336/1336
f 1000/1000 999/999 1336/1336
f 1337/1337 1000/1000 1336/1336
f 1000/1000 1337/1337 1350/1350
f 1351/1351 1000/1000 1350/1350
f 1346/1346 1345/1345 994/994
f 1333/1333 1346/1346 994/994
f 1333/1333 994/994 1332/1332
f 994/994 993/993 1332/1332
f 1332/1332 993/993 977/977
f 978/978 1332/1332 977/977
f 977/977 986/986 978/978
f 986/986 985/985 978/978
f 986/986 1010/1010 985/985
f 1010/1010 1361/1361 985/985
f 1335/1335 1348/1348 1347/1347
f 996/996 1335/1335 1347/1347
f 1335/1335 996/996 1334/1334
f 996/996 1347/1347 998/998
f 1347/1347 1349/1349 998/998
f 996/996 995/995 1334/1334
f 996/996 998/998 995/995
f 998/998 997/997 995/995
f 1328/1328 1334/1334 995/995
f 995/995 997/997 1342/1342
f 1342/1342 1328/1328 995/995
f 997/997 1355/1355 1342/1342
f 1331/1331 1328/1328 1342/1342
f 1331/1331 1330/1330 1328/1328
f 1330/1330 1329/1329 1328/1328
f 1330/1330 1363/1363 1329/1329
f 1363/1363 1362/1362 1329/1329
f 1339/1339 1353/1353 1352/1352
f 1002/1002 1339/1339 1352/1352
f 1339/1339 1002/1002 1338/1338
f 1002/1002 1352/1352 991/991
f 1352/1352 1354/1354 991/991
f 1002/1002 1001/1001 1338/1338
f 1001/1001 1002/1002 991/991
f 1343/1343 1338/1338 1001/1001
f 992/992 1001/1001 991/991
f 1344/1344 1343/1343 1001/1001
f 1001/1001 992/992 1356/1356
f 1344/1344 1001/1001 1356/1356
f 1356/1356 1357/1357 1344/1344
f 1356/1356 1359/1359 1357/1357
f 1359/1359 1358/1358 1357/1357
f 1359/1359 1009/1009 1358/1358
f 1009/1009 1360/1360 1358/1358
f 1366/1366 1365/1365 1364/1364
f 1367/1367 1366/1366 1364/1364
f 1371/1371 1370/1370 1368/1368
f 1370/1370 1369/1369 1368/1368
f 1368/1368 1369/1369 1372/1372
f 1369/1369 1373/1373 1372/1372
f 1376/1376 1375/1375 1374/1374
f 1377/1377 1376/1376 1374/1374
f 1380/1380 1379/1379 1378/1378
f 1381/1381 1380/1380 1378/1378
f 1275/1275 931/931 1274/1274
f 1276/1276 931/931 1275/1275
f 931/931 932/932 1274/1274
f 1274/1274 932/932 1278/1278
f 933/933 931/931 1276/1276
f 931/931 933/933 932/932
f 1277/1277 933/933 1276/1276
f 932/932 934/934 1278/1278
f 933/933 934/934 932/932
f 1278/1278 934/934 1282/1282
f 934/934 938/938 1282/1282
f 938/938 934/934 933/933
f 1282/1282 938/938 1281/1281
f 936/936 933/933 1277/1277
f 936/936 938/938 933/933
f 1279/1279 936/936 1277/1277
f 938/938 937/937 1281/1281
f 937/937 938/938 936/936
f 1281/1281 937/937 1286/1286
f 935/935 936/936 1279/1279
f 935/935 937/937 936/936
f 1280/1280 935/935 1279/1279
f 937/937 942/942 1286/1286
f 942/942 937/937 935/935
f 1286/1286 942/942 1285/1285
f 940/940 935/935 1280/1280
f 940/940 942/942 935/935
f 1283/1283 940/940 1280/1280
f 942/942 941/941 1285/1285
f 941/941 942/942 940/940
f 1285/1285 941/941 1284/1284
f 939/939 940/940 1283/1283
f 1284/1284 939/939 1283/1283
f 939/939 941/941 940/940
f 941/941 939/939 1284/1284