# https://github.com/mikedh/trimesh
mtllib material.mtl
usemtl material_0
v 0.27275539 0.44551500 -0.55258401
v 0.26573382 0.44039310 -0.55885452
v 0.24875507 0.17197820 -0.53145097
v 0.25093724 0.22800270 -0.33636180
v 0.26426793 0.44261370 -0.33587237
v 0.27458137 0.44128430 -0.34582417
v 0.24716940 0.01373360 -0.33376128
v 0.23756090 0.01418540 -0.32474590
v 0.23807649 0.00768190 -0.33108128
v -0.22257804 0.22464220 -0.53655949
v -0.21886042 0.01445920 -0.51115459
v -0.21085178 0.01227840 -0.51875220
v -0.23761747 0.45088390 -0.35010841
v -0.24627435 0.44188840 -0.34596150
v -0.24352479 0.44572400 -0.55454018
v 0.23356565 0.01228470 -0.51971402
v 0.09374382 0.01464690 -0.52617518
v 0.01563558 0.00848500 -0.52292205
v -0.03170364 0.01485530 -0.52743601
v -0.21085178 0.01227840 -0.51875220
v -0.17554943 0.01899180 0.19307062
v -0.17075988 0.01119880 0.18863775
v -0.18907142 0.01328640 0.17189462
v -0.20246551 0.01903800 0.15062336
v -0.19701201 0.01115010 0.14719230
v -0.23102853 0.01917270 -0.00087297
v -0.23106729 0.01322700 0.02550152
v -0.22492539 0.01097210 -0.00077941
v 0.08517961 0.01891110 0.27605226
v 0.10738916 0.01331860 0.26647209
v 0.08337520 0.01129130 0.26964691
v 0.12957727 0.01892830 0.25685385
v 0.12664906 0.01126760 0.25090587
v 0.14960891 0.01331030 0.24289581
v 0.15023510 0.01894310 0.24391265
v 0.16959825 0.01896010 0.22887930
v 0.17002265 0.01910780 -0.19580211
v 0.14944148 0.01325070 -0.21938438
v 0.16613013 0.01102550 -0.19094417
v 0.23064934 0.01903830 0.15062846
v 0.22519580 0.01115040 0.14719724
v 0.21725488 0.01328670 0.17189934
v 0.20373223 0.01899220 0.19307507
v 0.21816673 0.01901210 0.17259675
v 0.19894279 0.01119910 0.18864197
v 0.18670375 0.01330180 0.21101892
v 0.18749091 0.01897850 0.21188993
v 0.16959825 0.01896010 0.22887930
v 0.24930831 0.01909200 0.10301212
v 0.24340555 0.01109190 0.10069784
v 0.24006769 0.01326870 0.12686050
v -0.16045250 0.03057020 -0.17263290
v -0.14133236 0.03153180 -0.19526278
v -0.17600049 0.03196340 -0.14945172
v -0.16573968 0.37826610 -0.32114676
v -0.16051092 0.37923800 -0.32841823
v -0.15724938 0.37166860 -0.32177451
v -0.15198120 0.36763660 -0.33405358
v -0.16129000 0.37566850 -0.33747900
v -0.15333823 0.36066810 -0.33682669
v -0.22844817 0.36741840 -0.33713992
v -0.20315723 0.35844850 -0.33513496
v -0.19716359 0.35858970 -0.33803767
v -0.18446488 0.34797330 -0.32176015
v -0.19987586 0.36114530 -0.32279374
v -0.19600201 0.36154260 -0.32015170
v 0.27341679 0.47252690 -0.34027608
v 0.28366371 0.46821580 -0.34176468
v 0.26970793 0.46963370 -0.33281680
v -0.24423306 0.46592490 -0.33068301
v -0.25565015 0.46603870 -0.34112527
v -0.24043090 0.47255810 -0.33753163
v -0.22709278 0.42476430 -0.33102323
v 0.26584899 0.42171580 -0.33161549
v -0.24517887 0.42133500 -0.33357623
v -0.25565015 0.46603870 -0.34112527
v -0.24423306 0.46592490 -0.33068301
v 0.24936102 0.46284670 -0.34466871
v 0.26698146 0.46311730 -0.34754739
v 0.26123836 0.46119050 -0.34801614
v -0.23960798 0.42203870 -0.34333499
v -0.22173417 0.42785790 -0.34472618
v -0.23788105 0.42406470 -0.34666846
v 0.26179958 0.42182530 -0.34293108
v 0.26669744 0.42251130 -0.34790094
v 0.25759174 0.42752900 -0.34477027
v -0.00021445 -0.30175860 -0.02014998
v -0.00565592 -0.29687640 -0.01380217
v 0.01074663 -0.29837010 -0.01942714
v 0.04822001 -0.24163060 -0.01025114
v 0.03346118 -0.23417030 -0.02558487
v 0.05741346 -0.22649610 -0.01343101
v 0.03022815 -0.25126540 -0.02262859
v 0.01181365 -0.23474200 -0.03021192
v 0.00806175 -0.25238720 -0.02548725
v -0.00948508 -0.23418000 -0.02346745
v -0.01022170 -0.25044600 -0.01793256
v 0.02965757 -0.29453430 -0.01614110
v 0.02572007 -0.30131570 -0.02024836
v 0.03897370 -0.30454180 -0.01410223
v 0.04288726 -0.30092610 -0.00711073
v 0.04245267 -0.28601930 -0.00826675
v -0.01535278 -0.31021390 -0.01335398
v -0.00263663 -0.23171720 0.06950822
v 0.00691039 -0.22379220 0.08123747
v -0.02452762 -0.22300310 0.06804301
v 0.01158207 -0.22495600 -0.04160486
v 0.04378386 -0.22384260 -0.03314217
v 0.03346118 -0.23417030 -0.02558487
v 0.10014342 0.00082580 -0.13315687
v 0.05253444 0.00306670 -0.15142648
v 0.10776576 0.00759340 -0.13574879
v 0.04778687 -0.03091010 -0.15486311
v 0.06998283 -0.03647360 -0.16016558
v -0.01822052 -0.03094580 -0.15522330
v 0.13362279 -0.03054160 -0.11094687
v 0.14270670 -0.01767860 -0.09490968
v 0.17335205 -0.03336440 -0.05089393
v 0.17500760 0.00132980 0.04526524
v 0.18320410 0.00777320 0.02789399
v 0.16914308 0.00327320 0.07523602
v 0.05395099 -0.03531910 0.20702612
v 0.07524450 -0.02727820 0.19131937
v 0.04177728 -0.02295170 0.20165382
v -0.15989408 0.01032410 0.09109180
v -0.16098753 0.01064900 -0.07892641
v -0.15735578 0.00844710 -0.01867360
v -0.15369978 0.00720890 0.04199042
v -0.12220141 0.00864300 0.14078088
v -0.06343928 0.01067040 0.21764635
v -0.17287408 0.01153710 0.16298645
v 0.18320410 0.00777320 0.02789399
v 0.17500760 0.00132980 0.04526524
v 0.17718782 0.00163040 -0.00317814
v -0.01654901 0.00145180 -0.15296719
v -0.07194946 0.00082410 -0.13316096
v -0.02555283 0.00677060 -0.15624445
v 0.17718782 0.00163040 -0.00317814
v 0.17761718 0.00688860 -0.03124529
v 0.18320410 0.00777320 0.02789399
v 0.16138254 0.00114090 -0.06516074
v 0.15272278 0.00741150 -0.09242170
v 0.17761718 0.00688860 -0.03124529
v -0.14900072 0.00163270 -0.00318180
v -0.14545261 0.00343860 0.05805675
v -0.15369978 0.00720890 0.04199042
v -0.10542294 -0.03053910 -0.11095731
v -0.07004491 -0.02789680 -0.13426678
v -0.03764394 -0.03706380 -0.16233428
v -0.11693496 -0.03644420 -0.11318125
v 0.24361482 0.00506670 0.06715907
v 0.21962071 0.01058250 0.13615570
v 0.23894694 0.01144960 0.05984547
v 0.19996252 0.00261270 0.17952623
v 0.17515877 0.01150660 0.20320932
v 0.17673483 0.00057080 0.20998333
v -0.02721573 -0.21109270 0.18471458
v 0.01243719 -0.21257260 0.19024415
v 0.01303470 -0.24003520 0.15493185
v 0.10481110 -0.20050540 -0.13596901
v 0.15322967 -0.16861500 -0.12750398
v 0.12999202 -0.14665100 -0.16771640
v 0.16796575 -0.21154540 -0.00221144
v 0.13995663 -0.23568050 -0.01714968
v 0.14555680 -0.23167740 0.04163982
v 0.09300303 -0.25970910 -0.04359473
v 0.14908162 -0.21776210 -0.05765696
v 0.10344624 -0.26029180 -0.01350076
v 0.12200025 -0.22512880 -0.08588689
v 0.16250127 -0.18571960 -0.09144066
v 0.05962956 -0.28044570 0.00162596
v 0.06026656 -0.28046670 0.02055338
v 0.10962957 -0.25792860 0.02070781
v 0.05441697 -0.28063440 -0.01259174
v 0.04785698 -0.28085810 -0.02261379
v 0.03712057 -0.28129390 -0.03207269
v 0.07709075 -0.25724590 -0.06826118
v 0.08697325 -0.23703660 -0.09969387
v 0.04078906 -0.26758130 -0.06856462
v 0.02295650 -0.28143410 -0.03795798
v 0.05399876 -0.24559370 -0.10525174
v 0.01572378 -0.26398080 -0.08306540
v 0.00600716 -0.28177650 -0.03833745
v -0.02487675 -0.26422160 -0.07020157
v -0.00677056 -0.28111700 -0.03311378
v -0.01538183 -0.28095570 -0.02692710
v 0.06461149 -0.21238840 -0.14419140
v 0.00985211 -0.25062730 -0.10677734
v 0.08562478 -0.16719530 -0.17818014
v 0.04761152 -0.16706720 -0.19096727
v 0.02825888 -0.22357850 -0.14151606
v 0.02058918 -0.18940990 -0.17577712
v -0.01729234 -0.23598470 -0.12356741
v -0.05517735 -0.25084300 -0.07741033
v -0.06716942 -0.21899930 -0.11999520
v -0.05283030 -0.26423240 -0.04442222
v -0.02400684 -0.28086910 -0.01686071
v -0.05536739 -0.27020860 -0.00469424
v -0.02970090 -0.28051530 -0.00425850
v -0.03239721 -0.28024250 0.01041798
v -0.08994878 -0.25157110 -0.01451529
v -0.03128700 -0.28049140 0.02443826
v -0.08655456 -0.25497490 0.02638335
v -0.13100337 -0.22084660 0.02859596
v -0.09263778 -0.24446670 0.06596775
v -0.05668770 -0.26318640 0.06960952
v -0.02646062 -0.28040360 0.03896342
v -0.07812128 -0.24095590 0.10330369
v -0.01452570 -0.28054070 0.05463334
v -0.02786357 -0.26267130 0.10036407
v -0.00153665 -0.28072670 0.06256424
v 0.00103488 -0.26448990 0.10777099
v 0.00954028 -0.28083320 0.06541506
v 0.02090942 -0.28081250 0.06509143
v -0.04189683 -0.23898530 0.14022313
v -0.06320382 -0.20590670 0.17377094
v -0.21460150 -0.04733750 -0.04321273
v -0.20223747 -0.04817750 -0.09250343
v -0.19305594 -0.04565730 -0.14347659
v -0.16363372 0.01012670 -0.33320805
v -0.19670960 0.01148240 -0.09688209
v -0.19119893 0.00590410 -0.16961913
v -0.21798210 0.00985320 -0.00282928
v -0.20063277 0.00936290 0.11607953
v -0.21763494 0.00278210 0.06002607
v -0.20063277 0.00936290 0.11607953
v -0.21798210 0.00985320 -0.00282928
v -0.21014734 0.01152630 0.05294017
v 0.20498677 -0.04712850 -0.20871807
v 0.14877634 -0.04786150 -0.21399243
v 0.21476027 -0.04875620 -0.12790241
v 0.04587470 -0.32286440 0.02699788
v 0.02771843 -0.35447380 0.02064656
v 0.04135021 -0.34683070 0.01277128
v 0.04399220 -0.04302450 -0.51520253
v -0.01995463 -0.04296770 -0.51427151
v -0.00410999 -0.04581680 -0.51235380
v -0.01995463 -0.04296770 -0.51427151
v 0.04399220 -0.04302450 -0.51520253
v 0.00817707 -0.04090470 -0.51948318
v 0.01117517 -0.38837474 -0.05881444
v 0.03327636 -0.38118859 -0.05962434
v 0.02206056 -0.38788121 -0.04775245
v -0.00560075 -0.37753537 -0.06279721
v 0.01607344 -0.38102197 -0.06477757
v 0.01117517 -0.38837474 -0.05881444
v -0.01950539 -0.33087350 -0.06025814
v -0.01271908 -0.32028400 -0.06199785
v -0.01535711 -0.33825160 -0.06511930
v 0.06329878 0.04380410 -0.28086118
v 0.03109052 0.04560560 -0.28346015
v 0.06329606 0.04674500 -0.28739510
v 0.06333324 0.02935930 -0.29120871
v 0.03041827 0.03222090 -0.29388672
v 0.03138000 0.02804240 -0.28917135
v -0.00228130 0.03708100 -0.27913465
v 0.02396513 0.04319410 -0.28242428
v 0.03084206 0.04202440 -0.28012708
v 0.06337548 0.04296500 -0.29388614
v 0.03132983 0.04635030 -0.28894065
v 0.03070341 0.04257320 -0.29365944
v 0.00508585 0.04517260 -0.28871216
v 0.00349413 0.03912030 -0.29422591
v -0.00271242 0.04494040 -0.29173317
v -0.00290092 0.03866900 -0.29543046
v -0.03505353 0.04094420 -0.29483764
v -0.03507262 0.04607130 -0.29028369
v -0.03420369 0.03518860 -0.29536386
v -0.00113005 0.03080040 -0.29224583
v -0.00266418 0.02822070 -0.28932102
v -0.00286543 0.02908600 -0.28350500
v 0.08176337 -0.44155987 -0.18495130
v 0.10262725 -0.41036916 -0.46769540
v 0.10228239 -0.44318718 -0.46779871
v -0.03497301 0.02404570 -0.27988377
v -0.03482939 0.02859950 -0.28462360
v -0.00253551 0.02522220 -0.28089175
v -0.00283312 0.01498230 -0.29483683
v -0.00113005 0.01331600 -0.29266603
v 0.00349414 0.02163620 -0.29464610
v -0.03420365 0.01770440 -0.29578420
v -0.03502874 0.01245920 -0.29265249
v 0.02729598 0.01461670 -0.28148808
v 0.02931980 0.01148630 -0.28690132
v -0.00227083 0.01445840 -0.28112932
v 0.03112281 0.01192670 -0.28298782
v 0.06331736 0.01473530 -0.28062041
v 0.06335378 0.01056590 -0.28655893
v -0.00228135 0.01959650 -0.27955493
v 0.02396513 0.02570990 -0.28284448
v 0.03084207 0.02454020 -0.28054728
v -0.03451404 0.01072690 -0.28690860
v -0.03519500 0.01309300 -0.28208105
v -0.00286543 0.01160160 -0.28392519
v -0.00113005 0.01331600 -0.29266603
v -0.00266418 0.01073630 -0.28974122
v -0.00286543 0.01160160 -0.28392519
v -0.20255204 0.36286960 -0.32623060
v -0.19987586 0.36114530 -0.32279374
v -0.20191333 0.35910050 -0.32851420
v -0.00263663 -0.23171720 0.06950822
v -0.02452762 -0.22300310 0.06804301
v -0.02196166 -0.23343710 0.05230122
v -0.02555283 0.00677060 -0.15624445
v -0.07194946 0.00082410 -0.13316096
v -0.08000324 0.00761390 -0.13551414
v 0.05232916 0.00113470 0.19968790
v 0.08581723 0.00317600 0.18631356
v 0.06583894 0.00738320 0.20278390
v 0.08581723 0.00317600 0.18631356
v 0.13419381 0.00862000 0.15915285
v 0.06583894 0.00738320 0.20278390
v 0.11003082 0.00116950 0.16834320
v 0.13666711 0.00321620 0.14068221
v 0.08581723 0.00317600 0.18631356
v 0.16138254 0.00114090 -0.06516074
v 0.17761718 0.00688860 -0.03124529
v 0.17718782 0.00163040 -0.00317814
v 0.15331198 0.00121600 0.11288980
v 0.16914308 0.00327320 0.07523602
v 0.13666711 0.00321620 0.14068221
v -0.15989408 0.01032410 0.09109180
v -0.12220141 0.00864300 0.14078088
v -0.06343928 0.01067040 0.21764635
v 0.11499716 -0.03657830 0.18021633
v 0.07524450 -0.02727820 0.19131937
v 0.05395099 -0.03531910 0.20702612
v 0.19198693 -0.04809170 -0.30927654
v 0.20498677 -0.04712850 -0.20871807
v 0.18732156 -0.04718720 -0.33214562
v 0.18518628 -0.05067240 -0.17091731
v 0.21476027 -0.04875620 -0.12790241
v 0.14877634 -0.04786150 -0.21399243
v 0.16796575 -0.21154540 -0.00221144
v 0.14908162 -0.21776210 -0.05765696
v 0.13995663 -0.23568050 -0.01714968
v 0.03138000 0.02804240 -0.28917135
v 0.03041827 0.03222090 -0.29388672
v 0.02931980 0.02897040 -0.28648113
v 0.03138004 0.01055820 -0.28959168
v 0.03041827 0.01473640 -0.29430692
v 0.02931980 0.01148630 -0.28690132
v 0.26573382 0.44039310 -0.55885452
v 0.27275539 0.44551500 -0.55258401
v 0.26152287 0.45110600 -0.55255230
v 0.02343195 0.44601590 -0.56706438
v 0.10409013 0.37795950 -0.56157488
v 0.23356565 0.01228470 -0.51971402
v 0.24875507 0.17197820 -0.53145097
v 0.24669039 0.01398090 -0.51418989
v 0.09374382 0.01464690 -0.52617518
v -0.02768892 0.42256210 -0.56691274
v -0.23276931 0.44059670 -0.55935763
v -0.23256538 0.45117680 -0.55253239
v -0.24352479 0.44572400 -0.55454018
v -0.22257804 0.22464220 -0.53655949
v -0.21253795 0.22689980 -0.54100456
v -0.21085178 0.01227840 -0.51875220
v -0.03170364 0.01485530 -0.52743601
v 0.01563558 0.00848500 -0.52292205
v 0.01456003 0.45065830 -0.56094659
v 0.26674389 0.44939740 -0.34116688
v 0.27438132 0.43365170 -0.54342281
v 0.25643370 0.25678890 -0.52908339
v 0.24669039 0.01398090 -0.51418989
v 0.25379648 0.22347460 -0.34818007
v -0.22306953 0.22939340 -0.33703497
v -0.24078690 0.44511590 -0.33952961
v -0.23306297 0.30770620 -0.34973642
v -0.22333155 0.17104130 -0.34508403
v -0.21837955 0.01310840 -0.33312814
v -0.22798664 0.25433580 -0.52859530
v -0.24617526 0.43486720 -0.54326864
v 0.23756090 0.01418540 -0.32474590
v 0.23807649 0.00768190 -0.33108128
v -0.20927652 0.01206110 -0.32516257
v -0.21576959 0.23565710 -0.33183220
v -0.21837955 0.01310840 -0.33312814
v -0.22306953 0.22939340 -0.33703497
v 0.23984680 0.22455100 -0.33132521
v 0.25093724 0.22800270 -0.33636180
v 0.26426793 0.44261370 -0.33587237
v -0.23065008 0.44155000 -0.33546150
v -0.24078690 0.44511590 -0.33952961
v -0.22110981 0.44931810 -0.33970540
v 0.26674389 0.44939740 -0.34116688
v -0.24627435 0.44188840 -0.34596150
v -0.23761747 0.45088390 -0.35010841
v -0.24078690 0.44511590 -0.33952961
v -0.22110981 0.44931810 -0.33970540
v 0.25107294 0.45160390 -0.35198577
v 0.26674389 0.44939740 -0.34116688
v -0.23256538 0.45117680 -0.55253239
v -0.24352479 0.44572400 -0.55454018
v 0.26152287 0.45110600 -0.55255230
v 0.27275539 0.44551500 -0.55258401
v 0.01456003 0.45065830 -0.56094659
v -0.13337588 0.01932550 0.10709030
v -0.11516734 0.01924200 0.13758966
v -0.11673636 0.02834940 0.13972283
v -0.13518492 0.02848850 0.10883276
v -0.14591721 0.01940370 0.07294526
v -0.14789962 0.02862970 0.07424002
v -0.15231006 0.01948960 0.03637328
v -0.15438753 0.02878410 0.03717839
v -0.15230653 0.01953490 -0.00130422
v -0.15439998 0.02888690 -0.00101099
v -0.14590913 0.01961730 -0.03871062
v -0.14793137 0.02902380 -0.03893045
v -0.13336371 0.01962850 -0.07446442
v -0.13523052 0.02907690 -0.07517617
v -0.11515334 0.01963730 -0.10723132
v -0.11678720 0.02908890 -0.10839927
v -0.09197817 0.01945480 -0.13584731
v -0.09329518 0.02878690 -0.13767312
v 0.14334293 0.01963790 -0.10722830
v 0.12016847 0.01945570 -0.13584486
v 0.12148548 0.02878750 -0.13767055
v 0.14497680 0.02908970 -0.10839615
v 0.16155256 0.01962800 -0.07446107
v 0.16341929 0.02907660 -0.07517258
v 0.17409711 0.01961800 -0.03870684
v 0.17611927 0.02902410 -0.03892675
v 0.18049371 0.01953380 -0.00130037
v 0.18258705 0.02888570 -0.00100700
v 0.18257391 0.02878370 0.03718228
v 0.18049642 0.01948960 0.03637716
v 0.17410272 0.01940340 0.07294876
v 0.17608520 0.02862940 0.07424372
v 0.16156066 0.01932530 0.10709375
v 0.16336971 0.02848820 0.10883628
v 0.14335133 0.01924200 0.13759256
v 0.14492039 0.02834900 0.13972584
v 0.12017418 0.01915980 0.16337051
v 0.12144900 0.02821270 0.16582574
v -0.12223422 0.02971750 0.24422773
v -0.14088330 0.03101010 0.22821415
v -0.10099352 0.03092450 0.25609811
v -0.08523979 0.04007490 0.22508995
v -0.11966065 0.04013250 0.20057084
v -0.17490149 0.03112110 0.19251049
v -0.15954241 0.02981250 0.21216260
v -0.04705366 0.04003800 0.24191711
v -0.05674861 0.03087290 0.27523457
v -0.07976330 0.02965160 0.26793656
v -0.09326565 0.02821270 0.16582331
v -0.06567495 0.02810210 0.18622804
v -0.11673636 0.02834940 0.13972283
v -0.03502555 0.02802170 0.20024138
v -0.14900394 0.04021210 0.16917735
v -0.13518492 0.02848850 0.10883276
v -0.00655134 0.04001960 0.25049740
v -0.00249288 0.02799330 0.20738964
v -0.20174612 0.03125460 0.15019318
v -0.19026541 0.02992400 0.17281738
v -0.17214395 0.04031200 0.13197423
v -0.14789962 0.02862970 0.07424002
v -0.00982408 0.03084750 0.28499207
v -0.03374134 0.02961480 0.28250695
v 0.03473261 0.04001960 0.25049791
v 0.03067531 0.02799330 0.20739000
v -0.22037119 0.03140060 0.10271437
v -0.21322079 0.03006640 0.12753265
v -0.18817849 0.04042790 0.09024416
v -0.15438753 0.02878410 0.03717839
v 0.03800466 0.03084750 0.28499270
v 0.01409023 0.02960230 0.28744068
v 0.07523519 0.04003810 0.24191852
v 0.06320806 0.02802160 0.20024245
v -0.23002578 0.03155250 0.05173769
v -0.22749848 0.03021040 0.07787611
v -0.19646324 0.04055270 0.04545592
v -0.15439998 0.02888690 -0.00101099
v 0.08492944 0.03087290 0.27523610
v 0.06192186 0.02961490 0.28250815
v 0.11342178 0.04007490 0.22509225
v 0.09385785 0.02810210 0.18622984
v -0.23028750 0.03169060 -0.00090405
v -0.23251224 0.03036070 0.02561119
v -0.19664456 0.04071040 -0.00077537
v -0.14793137 0.02902380 -0.03893045
v -0.22110476 0.03186000 -0.05326852
v -0.22800891 0.03049320 -0.02735904
v -0.18868584 0.04076350 -0.04674429
v -0.13523052 0.02907690 -0.07517617
v -0.20277623 0.03192530 -0.10336780
v -0.21412595 0.03063310 -0.07905448
v -0.17286029 0.04086440 -0.09071385
v -0.11678720 0.02908890 -0.10839927
v -0.14977350 0.04083360 -0.13110560
v -0.09329518 0.02878690 -0.13767312
v -0.19136225 0.03068580 -0.12748982
v -0.11999472 0.04043830 -0.16961483
v -0.06564539 0.02787560 -0.16204929
v -0.10010661 0.03035180 -0.24411892
v -0.12201184 0.02990890 -0.22068842
v -0.08458834 0.03969100 -0.20749313
v -0.03497495 0.02670110 -0.17853056
v -0.05582788 0.02893230 -0.27310068
v -0.07863522 0.02807700 -0.26498329
v -0.04632959 0.03978420 -0.23062600
v -0.00247079 0.02678120 -0.18588770
v -0.00955644 0.02921300 -0.27805135
v -0.03317696 0.02787840 -0.27806330
v -0.00634300 0.04153270 -0.23665548
v 0.03066212 0.02678060 -0.18588729
v 0.03774993 0.02920840 -0.27805050
v 0.01409678 0.02793920 -0.27999136
v 0.03453559 0.04153490 -0.23665488
v 0.06316615 0.02670070 -0.17852943
v 0.08402119 0.02892770 -0.27309870
v 0.06137048 0.02787360 -0.27806190
v 0.07452196 0.03978680 -0.23062442
v 0.09383627 0.02787610 -0.16204740
v 0.12829922 0.03034870 -0.24411607
v 0.10682845 0.02807300 -0.26498095
v 0.11278041 0.03969300 -0.20749082
v 0.12148548 0.02878750 -0.13767055
v 0.16952387 0.03152920 -0.19525903
v 0.15020398 0.02990670 -0.22068509
v 0.14818573 0.04043930 -0.16961177
v 0.14497680 0.02908970 -0.10839615
v 0.20419106 0.03196180 -0.14944725
v 0.18864355 0.03056920 -0.17262875
v 0.17796368 0.04083440 -0.13110180
v 0.16341929 0.02907660 -0.07517258
v 0.23096554 0.03192390 -0.10336265
v 0.21955250 0.03068500 -0.12748504
v 0.20104941 0.04086610 -0.09070931
v 0.17611927 0.02902410 -0.03892675
v 0.24929314 0.03185980 -0.05326307
v 0.24231482 0.03063220 -0.07904909
v 0.21687407 0.04076310 -0.04673955
v 0.18258705 0.02888570 -0.00100700
v 0.25847451 0.03169040 -0.00089843
v 0.25619670 0.03049420 -0.02735354
v 0.22483148 0.04071180 -0.00077049
v 0.18257391 0.02878370 0.03718228
v 0.22464944 0.04055230 0.04546085
v 0.17608520 0.02862940 0.07424372
v 0.25821166 0.03155290 0.05174334
v 0.26069863 0.03036100 0.02561688
v 0.21636370 0.04042760 0.09024875
v 0.16336971 0.02848820 0.10883628
v 0.24855628 0.03140080 0.10271976
v 0.25568396 0.03021070 0.07788165
v 0.20032821 0.04031200 0.13197850
v 0.14492039 0.02834900 0.13972584
v 0.22992994 0.03125460 0.15019822
v 0.24140527 0.03006660 0.12753786
v 0.17718730 0.04021210 0.16918115
v 0.12144900 0.02821270 0.16582574
v 0.20308428 0.03112110 0.19251478
v 0.21844880 0.02992420 0.17282211
v 0.14784316 0.04013250 0.20057394
v 0.16906506 0.03101040 0.22821776
v 0.18772461 0.02981270 0.21216654
v 0.12917477 0.03092480 0.25610069
v 0.15041585 0.02971780 0.24423091
v 0.10794424 0.02965180 0.26793875
v 0.07292952 0.02372680 -0.27679625
v 0.08441156 0.02554020 -0.27484736
v 0.06139553 0.02568880 -0.27823651
v 0.08435892 0.02366690 -0.27463095
v 0.09564582 0.02369680 -0.27088504
v 0.09562755 0.02106090 -0.27082149
v 0.08435772 0.01809580 -0.27461282
v 0.10681043 0.01826120 -0.26494237
v 0.10629151 0.01315180 -0.26325817
v 0.12880462 0.01875090 -0.24531430
v 0.11782456 0.02162040 -0.25605333
v 0.10680273 0.02393990 -0.26493250
v 0.10687618 0.02585450 -0.26515389
v 0.11785740 0.02438400 -0.25613904
v 0.12878383 0.02476760 -0.24527390
v 0.12889540 0.02680260 -0.24552606
v 0.10682845 0.02807300 -0.26498095
v 0.08402119 0.02892770 -0.27309870
v 0.12829922 0.03034870 -0.24411607
v 0.15020398 0.02990670 -0.22068509
v 0.06137048 0.02787360 -0.27806190
v 0.03787962 0.02577890 -0.27971967
v 0.03774993 0.02920840 -0.27805050
v 0.01409678 0.02793920 -0.27999136
v 0.04965846 0.02386310 -0.27889131
v 0.06135870 0.02380860 -0.27800890
v 0.07291115 0.02108850 -0.27670527
v 0.06135869 0.01818270 -0.27799932
v 0.06109326 0.01310610 -0.27626806
v 0.03786110 0.01820690 -0.27948416
v 0.04964664 0.02119880 -0.27879419
v 0.03786038 0.02388700 -0.27948259
v 0.01409679 0.02573910 -0.28014575
v -0.00968597 0.02578370 -0.27972051
v -0.00955644 0.02921300 -0.27805135
v -0.03317696 0.02787840 -0.27806330
v 0.02599557 0.02387860 -0.27981006
v 0.02599137 0.02119730 -0.27970753
v 0.01409681 0.02384110 -0.27990512
v 0.01409676 0.01813850 -0.27991479
v 0.01409678 0.01297920 -0.27823818
v -0.00966755 0.01821210 -0.27948461
v 0.00219814 0.02388340 -0.27981063
v 0.00220224 0.02120210 -0.27970792
v -0.00966682 0.02389220 -0.27948353
v -0.03320199 0.02569370 -0.27823787
v -0.05621816 0.02554480 -0.27484920
v -0.05582788 0.02893230 -0.27310068
v -0.07863522 0.02807700 -0.26498329
v -0.07868297 0.02585880 -0.26515618
v -0.06745245 0.02370150 -0.27088714
v -0.02146489 0.02386830 -0.27889240
v -0.02145305 0.02120400 -0.27879509
v -0.05616551 0.02367170 -0.27463272
v -0.06743424 0.02106550 -0.27082341
v -0.05616431 0.01810060 -0.27461447
v -0.03316517 0.02381350 -0.27801029
v -0.03316520 0.01818790 -0.27800034
v -0.03289965 0.01311130 -0.27626919
v -0.04473603 0.02373160 -0.27679794
v -0.04471762 0.02109340 -0.27670672
v -0.10010661 0.03035180 -0.24411892
v -0.12201184 0.02990890 -0.22068842
v -0.10070262 0.02680600 -0.24552891
v -0.08966443 0.02438760 -0.25614164
v -0.07860943 0.02394410 -0.26493480
v -0.08963145 0.02162440 -0.25605583
v -0.07861721 0.01826570 -0.26494462
v -0.07809824 0.01315600 -0.26326036
v 0.12016847 0.01945570 -0.13584486
v 0.09291848 0.01892880 -0.15915446
v 0.09383627 0.02787610 -0.16204740
v 0.12148548 0.02878750 -0.13767055
v 0.06316615 0.02670070 -0.17852943
v 0.06261877 0.01688380 -0.17510552
v 0.03066212 0.02678060 -0.18588729
v 0.03047192 0.01546230 -0.18258473
v -0.00247079 0.02678120 -0.18588770
v -0.00228055 0.01546290 -0.18258517
v -0.03497495 0.02670110 -0.17853056
v -0.03442758 0.01688380 -0.17510675
v -0.06564539 0.02787560 -0.16204929
v -0.06472768 0.01892800 -0.15915636
v -0.09329518 0.02878690 -0.13767312
v -0.09197817 0.01945480 -0.13584731
v -0.11516734 0.01924200 0.13758966
v -0.09326565 0.02821270 0.16582331
v -0.11673636 0.02834940 0.13972283
v -0.09199074 0.01916010 0.16336812
v -0.06567495 0.02810210 0.18622804
v -0.06473637 0.01908290 0.18352790
v -0.03502555 0.02802170 0.20024138
v -0.03445139 0.01903490 0.19737624
v -0.00249288 0.02799330 0.20738964
v -0.00229977 0.01901220 0.20444151
v 0.03067531 0.02799330 0.20739000
v 0.03048210 0.01901210 0.20444183
v 0.06320806 0.02802160 0.20024245
v 0.06263396 0.01903490 0.19737735
v 0.09385785 0.02810210 0.18622984
v 0.09291928 0.01908290 0.18352967
v 0.12144900 0.02821270 0.16582574
v 0.12017418 0.01915980 0.16337051
v -0.22110476 0.03186000 -0.05326852
v -0.22800891 0.03049320 -0.02735904
v -0.22218490 0.02805720 -0.05345758
v -0.21412595 0.03063310 -0.07905448
v -0.21409127 0.02810340 -0.07901261
v -0.20376782 0.02811060 -0.10374909
v -0.20277623 0.03192530 -0.10336780
v -0.19136225 0.03068580 -0.12748982
v -0.21809809 0.02586590 -0.06620963
v -0.22185717 0.02584080 -0.05336354
v -0.22504201 0.02580640 -0.04037522
v -0.21377275 0.02588190 -0.07888231
v -0.20888960 0.02588810 -0.09135027
v -0.21774651 0.02274760 -0.06608768
v -0.22179328 0.01926730 -0.05335447
v -0.22468847 0.02269680 -0.04029448
v -0.21370849 0.01929080 -0.07886641
v -0.20854850 0.02276240 -0.09118867
v -0.20340233 0.01927970 -0.10356265
v -0.20346229 0.02588510 -0.10358369
v -0.22764434 0.02576290 -0.02727600
v -0.22797725 0.02797330 -0.02733321
v -0.22758566 0.01921010 -0.02727396
v -0.22965699 0.02571110 -0.01409680
v -0.23141805 0.02790230 -0.00089023
v -0.22931004 0.02261160 -0.01405647
v -0.23108393 0.02569970 -0.00086951
v -0.23191746 0.02568460 0.01237578
v -0.23157264 0.02259900 0.01237843
v -0.23215567 0.02566200 0.02560779
v -0.23248759 0.02785580 0.02562308
v -0.22659401 0.01320880 -0.02717596
v -0.21594045 0.01099520 -0.05205926
v -0.21278709 0.01325210 -0.07858351
v -0.19802159 0.01096100 -0.10112493
v -0.19015703 0.01325960 -0.12675012
v -0.23209838 0.01916620 0.02559962
v -0.23078721 0.01913850 0.05189685
v -0.22466560 0.01103800 0.05077239
v -0.22608388 0.01324390 0.07747708
v -0.23145710 0.02256110 0.03876215
v -0.23179480 0.02563200 0.03879584
v -0.23116575 0.02778780 0.05195940
v -0.23083979 0.02560330 0.05190939
v -0.22929589 0.02557500 0.06491890
v -0.22897198 0.02251860 0.06485153
v -0.22716628 0.02554820 0.07779430
v -0.22711665 0.01911480 0.07777807
v -0.22112339 0.01909170 0.10300673
v -0.22414542 0.02247920 0.09040741
v -0.23028750 0.03169060 -0.00090405
v -0.23251224 0.03036070 0.02561119
v -0.23002578 0.03155250 0.05173769
v -0.22749848 0.03021040 0.07787611
v -0.22748318 0.02772330 0.07787782
v -0.22147772 0.02766020 0.10314241
v -0.22037119 0.03140060 0.10271437
v -0.21322079 0.03006640 0.12753265
v -0.22445612 0.02552140 0.09050664
v -0.22117276 0.02549460 0.10302741
v -0.21321488 0.02759720 0.12752848
v -0.20277455 0.02753080 0.15081789
v -0.20174612 0.03125460 0.15019318
v -0.19026541 0.02992400 0.17281738
v -0.21732586 0.02546770 0.11532905
v -0.21703029 0.02244010 0.11519999
v -0.21292459 0.02544120 0.12738388
v -0.21287715 0.01906810 0.12735925
v -0.21188325 0.01326840 0.12685533
v -0.20797793 0.02541280 0.13916416
v -0.20770571 0.02239850 0.13901105
v -0.20250095 0.02538330 0.15064577
v -0.19026701 0.02747000 0.17281100
v -0.17581028 0.02741800 0.19331460
v -0.17490149 0.03112110 0.19251049
v -0.15954241 0.02981250 0.21216260
v -0.15954902 0.02737500 0.21215695
v -0.19650785 0.02535590 0.16180374
v -0.19626190 0.02235430 0.16163154
v -0.19001250 0.02533080 0.17261362
v -0.18998339 0.01901160 0.17259205
v -0.18302925 0.02530780 0.18305078
v -0.18280538 0.02231840 0.18285913
v -0.17557659 0.02528690 0.19309436
v -0.16767312 0.02526790 0.20272300
v -0.15933758 0.02525120 0.21191618
v -0.16746862 0.02228950 0.20251100
v -0.15930853 0.01897850 0.21188589
v -0.15852136 0.01330150 0.21101492
v -0.21522057 0.01109160 0.10069250
v -0.10061180 0.01875420 -0.24531681
v -0.07809824 0.01315600 -0.26326036
v -0.07861721 0.01826570 -0.26494462
v -0.08963145 0.02162440 -0.25605583
v -0.10059116 0.02477090 -0.24527665
v -0.08966443 0.02438760 -0.25614164
v -0.10070262 0.02680600 -0.24552891
v -0.11126723 0.02217350 -0.23295515
v -0.11134750 0.02510040 -0.23311342
v -0.12187479 0.01901560 -0.22044343
v -0.12124923 0.01325300 -0.21938754
v -0.14183105 0.01911080 -0.19580579
v -0.13793857 0.01102830 -0.19094766
v -0.15943045 0.01330750 -0.17163064
v -0.12202466 0.02747000 -0.22069950
v -0.12201184 0.02990890 -0.22068842
v -0.14206406 0.02776880 -0.19611051
v -0.14133236 0.03153180 -0.19526278
v -0.16045250 0.03057020 -0.17263290
v -0.12186501 0.02533490 -0.22042390
v -0.13189681 0.02241240 -0.20776469
v -0.13204935 0.02544720 -0.20799670
v -0.14186027 0.02558310 -0.19583580
v -0.16014513 0.01929070 -0.17228058
v -0.17654628 0.01932050 -0.14974872
v -0.17183599 0.01101030 -0.14625303
v -0.15101911 0.02264500 -0.18365935
v -0.15125441 0.02573500 -0.18394150
v -0.16018974 0.02584050 -0.17231556
v -0.16042970 0.02805010 -0.17257251
v -0.17686973 0.02815020 -0.15001369
v -0.17600049 0.03196340 -0.14945172
v -0.16836247 0.02277410 -0.16070913
v -0.16864083 0.02589470 -0.16097612
v -0.17660189 0.02592490 -0.14978324
v -0.19132915 0.02815140 -0.12743249
v -0.18406993 0.02593500 -0.13858817
v -0.18376198 0.02280350 -0.13835050
v -0.19750903 0.02590460 -0.11555496
v -0.19104053 0.02592470 -0.12723319
v -0.19098057 0.01931480 -0.12720453
v -0.19718311 0.02277410 -0.11535504
v 0.03809384 0.02509760 0.28588496
v 0.02609347 0.02216150 0.28652152
v 0.02610627 0.02509580 0.28681308
v 0.03812196 0.02719480 0.28620266
v 0.01409026 0.02719200 0.28744274
v 0.01409023 0.02960230 0.28744068
v 0.03800466 0.03084750 0.28499270
v 0.06192186 0.02961490 0.28250815
v 0.05002469 0.02510040 0.28434421
v 0.04998622 0.02216490 0.28405477
v 0.06192619 0.02720310 0.28250923
v 0.08527625 0.02721620 0.27640245
v 0.08492944 0.03087290 0.27523610
v 0.10794424 0.02965180 0.26793875
v 0.06187012 0.02510440 0.28219530
v 0.06186151 0.01890630 0.28215247
v 0.07360197 0.02510930 0.27944294
v 0.07353794 0.02217150 0.27915763
v 0.06163862 0.01332580 0.28095799
v 0.08519267 0.02511520 0.27609472
v 0.10795173 0.02723490 0.26793812
v 0.12973604 0.02725930 0.25718226
v 0.12917477 0.03092480 0.25610069
v 0.15041585 0.02971780 0.24423091
v 0.09661492 0.02512270 0.27215762
v 0.09652545 0.02218120 0.27187800
v 0.10784100 0.02513150 0.26763890
v 0.10782407 0.01891880 0.26759844
v 0.11884402 0.02514120 0.26254677
v 0.11872965 0.02219490 0.26227575
v 0.12959876 0.02515200 0.25689398
v 0.13993960 0.02221350 0.25042891
v 0.14007964 0.02516540 0.25069193
v 0.15026131 0.02518050 0.24395271
v 0.15042429 0.02729230 0.24422766
v 0.15995328 0.02223710 0.23643748
v 0.16981654 0.02733130 0.22917681
v 0.16906506 0.03101040 0.22821776
v 0.18772461 0.02981270 0.21216654
v 0.16011842 0.02519680 0.23668901
v 0.16962876 0.02521390 0.22891780
v 0.17858315 0.02226410 0.22042152
v 0.17877012 0.02523240 0.22065595
v -0.15930853 0.01897850 0.21188589
v -0.16746862 0.02228950 0.20251100
v -0.15933758 0.02525120 0.21191618
v -0.15040097 0.02226380 0.22041765
v -0.14141643 0.01895960 0.22887575
v -0.15852136 0.01330150 0.21101492
v -0.15058815 0.02523210 0.22065205
v -0.15954902 0.02737500 0.21215695
v -0.14163472 0.02733110 0.22917326
v -0.15954241 0.02981250 0.21216260
v -0.14088330 0.03101010 0.22821415
v -0.12223422 0.02971750 0.24422773
v -0.14144692 0.02521360 0.22891414
v -0.12224279 0.02729200 0.24422448
v -0.10155484 0.02725920 0.25717967
v -0.10099352 0.03092450 0.25609811
v -0.07976330 0.02965160 0.26793656
v -0.13193684 0.02519650 0.23668569
v -0.13177156 0.02223700 0.23643416
v -0.12207973 0.02518020 0.24394951
v -0.12205350 0.01894280 0.24390954
v -0.12142727 0.01331040 0.24289281
v -0.10139603 0.01892830 0.25685115
v -0.09846762 0.01126730 0.25090329
v -0.07920810 0.01331830 0.26646998
v -0.11189834 0.02516540 0.25068881
v -0.11175824 0.02221310 0.25042606
v -0.10141754 0.02515180 0.25689129
v -0.07964313 0.01891860 0.26759629
v -0.05699877 0.01891110 0.27605069
v -0.05519417 0.01129130 0.26964534
v -0.03345782 0.01332540 0.28095682
v -0.09054846 0.02219490 0.26227330
v -0.09066291 0.02514090 0.26254446
v -0.07965997 0.02513120 0.26763672
v -0.07977068 0.02723470 0.26793597
v -0.05709550 0.02721580 0.27640075
v -0.05674861 0.03087290 0.27523457
v -0.03374134 0.02961480 0.28250695
v -0.06834438 0.02218120 0.27187610
v -0.06843401 0.02512270 0.27215567
v -0.05701195 0.02511520 0.27609305
v -0.03374553 0.02720270 0.28250810
v -0.00994141 0.02719470 0.28620205
v -0.00982408 0.03084750 0.28499207
v -0.04542118 0.02510930 0.27944147
v -0.04535734 0.02217130 0.27915624
v -0.03368959 0.02510440 0.28219418
v -0.03368092 0.01890630 0.28215141
v -0.00990892 0.01890320 0.28584092
v -0.00929937 0.01130440 0.27920189
v 0.01409033 0.01332800 0.28586226
v -0.02184410 0.02510040 0.28434337
v -0.02180553 0.02216490 0.28405379
v -0.00991339 0.02509750 0.28588438
v 0.00207428 0.02509580 0.28681284
v 0.00208719 0.02216150 0.28652121
v 0.01409021 0.02509500 0.28712384
v 0.01409022 0.01890230 0.28708007
v 0.03808952 0.01890350 0.28584149
v 0.03748015 0.01130440 0.27920241
v 0.12889540 0.02680260 -0.24552606
v 0.11785740 0.02438400 -0.25613904
v 0.12878383 0.02476760 -0.24527390
v 0.13953995 0.02509760 -0.23311034
v 0.15021684 0.02746770 -0.22069621
v 0.15020398 0.02990670 -0.22068509
v 0.17025559 0.02776600 -0.19610666
v 0.16952387 0.03152920 -0.19525903
v 0.18864355 0.03056920 -0.17262875
v 0.13945979 0.02217070 -0.23295218
v 0.15005722 0.02533260 -0.22042069
v 0.12880462 0.01875090 -0.24531430
v 0.11782456 0.02162040 -0.25605333
v 0.15006693 0.01901300 -0.22044027
v 0.16024120 0.02544520 -0.20799310
v 0.16008873 0.02241050 -0.20776119
v 0.17005177 0.02558010 -0.19583208
v 0.18862080 0.02804870 -0.17256836
v 0.20506040 0.02814850 -0.15000911
v 0.20419106 0.03196180 -0.14944725
v 0.21955250 0.03068500 -0.12748504
v 0.17944570 0.02573340 -0.18393750
v 0.17921047 0.02264320 -0.18365553
v 0.18838086 0.02583910 -0.17231155
v 0.18833631 0.01928940 -0.17227651
v 0.19683168 0.02589390 -0.16097188
v 0.19655336 0.02277330 -0.16070495
v 0.20473688 0.01931870 -0.14974426
v 0.18762161 0.01330570 -0.17162660
v 0.20002659 0.01100860 -0.14624873
v 0.21834717 0.01325870 -0.12674532
v 0.20479254 0.02592330 -0.14977866
v 0.21917071 0.01931390 -0.12719971
v 0.23159190 0.01927800 -0.10355756
v 0.22621107 0.01095900 -0.10112003
v 0.24097605 0.01325130 -0.07857811
v 0.21195234 0.02280210 -0.13834590
v 0.21226041 0.02593350 -0.13858351
v 0.21923071 0.02592380 -0.12722858
v 0.21951933 0.02815050 -0.12742768
v 0.23195713 0.02810890 -0.10374396
v 0.23096554 0.03192390 -0.10336265
v 0.24231482 0.03063220 -0.07904909
v 0.22537295 0.02277350 -0.11535011
v 0.22569893 0.02590420 -0.11555010
v 0.23165166 0.02588320 -0.10357845
v 0.24228020 0.02810240 -0.07900726
v 0.25037327 0.02805690 -0.05345203
v 0.24929314 0.03185980 -0.05326307
v 0.25619670 0.03049420 -0.02735354
v 0.23707875 0.02588700 -0.09134504
v 0.23673784 0.02276110 -0.09118352
v 0.24196163 0.02588100 -0.07887704
v 0.24189749 0.01928960 -0.07886113
v 0.24998162 0.01926740 -0.05334898
v 0.24412870 0.01099520 -0.05205394
v 0.25478174 0.01320960 -0.02717031
v 0.24628666 0.02586540 -0.06620425
v 0.24593519 0.02274710 -0.06608241
v 0.25004554 0.02584050 -0.05335808
v 0.25577342 0.01921090 -0.02726827
v 0.25921561 0.01917210 -0.00086720
v 0.25311226 0.01097130 -0.00077393
v 0.25925368 0.01322730 0.02550715
v 0.25287649 0.02269710 -0.04028892
v 0.25323004 0.02580660 -0.04036975
v 0.25583234 0.02576350 -0.02727042
v 0.25616510 0.02797390 -0.02732767
v 0.25960493 0.02790180 -0.00088448
v 0.25847451 0.03169040 -0.00089843
v 0.26069863 0.03036100 0.02561688
v 0.25749744 0.02261270 -0.01405078
v 0.25784442 0.02571220 -0.01409118
v 0.25927079 0.02569910 -0.00086384
v 0.26067399 0.02785610 0.02562880
v 0.25935178 0.02778790 0.05196509
v 0.25821166 0.03155290 0.05174334
v 0.25568396 0.03021070 0.07788165
v 0.26010407 0.02568420 0.01238145
v 0.25975929 0.02259900 0.01238409
v 0.26034221 0.02566230 0.02561354
v 0.26028477 0.01916640 0.02560525
v 0.25897331 0.01913910 0.05190255
v 0.25285164 0.01103820 0.05077791
v 0.25426932 0.01324420 0.07748261
v 0.25998099 0.02563290 0.03880150
v 0.25964331 0.02256170 0.03876783
v 0.25902589 0.02560350 0.05191503
v 0.25530219 0.01911540 0.07778360
v 0.25715766 0.02251880 0.06485716
v 0.25748163 0.02557520 0.06492449
v 0.25566865 0.02772350 0.07788333
v 0.24966264 0.02766060 0.10314783
v 0.24855628 0.03140080 0.10271976
v 0.24140527 0.03006660 0.12753786
v 0.25535178 0.02554850 0.07779989
v 0.25264127 0.02552170 0.09051216
v 0.25233061 0.02247960 0.09041289
v 0.24935767 0.02549480 0.10303281
v 0.24521483 0.02244040 0.11520522
v 0.24551048 0.02546800 0.11533429
v 0.24110893 0.02544140 0.12738898
v 0.24139920 0.02759750 0.12753374
v 0.23095828 0.02753100 0.15082295
v 0.23616216 0.02541300 0.13916933
v 0.22992994 0.03125460 0.15019822
v 0.21844880 0.02992420 0.17282211
v 0.21845035 0.02747030 0.17281579
v 0.20399302 0.02741830 0.19331895
v 0.20308428 0.03112110 0.19251478
v 0.18772461 0.02981270 0.21216654
v 0.18773131 0.02737530 0.21216106
v 0.16981654 0.02733130 0.22917681
v 0.17877012 0.02523240 0.22065595
v 0.18751991 0.02525160 0.21192018
v 0.17858315 0.02226410 0.22042152
v 0.19585568 0.02526840 0.20272718
v 0.19565109 0.02228980 0.20251517
v 0.20375933 0.02528700 0.19309868
v 0.21121225 0.02530800 0.18305538
v 0.21098851 0.02231870 0.18286378
v 0.21819581 0.02533110 0.17261830
v 0.22469139 0.02535630 0.16180859
v 0.22444544 0.02235460 0.16163639
v 0.23068482 0.02538360 0.15065071
v 0.23588975 0.02239880 0.13901610
v 0.24106167 0.01906830 0.12736453
v 0.24097605 0.01325130 -0.07857811
v 0.22621107 0.01095900 -0.10112003
v 0.24412870 0.01099520 -0.05205394
v 0.16155256 0.01962800 -0.07446107
v 0.17409711 0.01961800 -0.03870684
v 0.14334293 0.01963790 -0.10722830
v 0.25311226 0.01097130 -0.00077393
v 0.25478174 0.01320960 -0.02717031
v 0.18049371 0.01953380 -0.00130037
v 0.18049642 0.01948960 0.03637716
v 0.20002659 0.01100860 -0.14624873
v 0.21834717 0.01325870 -0.12674532
v 0.12016847 0.01945570 -0.13584486
v 0.16613013 0.01102550 -0.19094417
v 0.18762161 0.01330570 -0.17162660
v 0.09291848 0.01892880 -0.15915446
v 0.12582191 0.01122450 -0.23829170
v 0.14944148 0.01325070 -0.21938438
v 0.06261877 0.01688380 -0.17510552
v 0.08246521 0.01136200 -0.26628333
v 0.10629151 0.01315180 -0.26325817
v 0.08435772 0.01809580 -0.27461282
v 0.03047192 0.01546230 -0.18258473
v 0.06109326 0.01310610 -0.27626806
v 0.03722790 0.01121450 -0.27135288
v 0.03786110 0.01820690 -0.27948416
v -0.00228055 0.01546290 -0.18258517
v 0.01409678 0.01297920 -0.27823818
v -0.00903443 0.01121940 -0.27135340
v -0.00966755 0.01821210 -0.27948461
v -0.03289965 0.01311130 -0.27626919
v -0.03442758 0.01688380 -0.17510675
v -0.05427192 0.01136690 -0.26628504
v -0.06472768 0.01892800 -0.15915636
v -0.09762925 0.01122800 -0.23829435
v -0.07809824 0.01315600 -0.26326036
v -0.09197817 0.01945480 -0.13584731
v -0.13793857 0.01102830 -0.19094766
v -0.12124923 0.01325300 -0.21938754
v -0.11515334 0.01963730 -0.10723132
v -0.17183599 0.01101030 -0.14625303
v -0.15943045 0.01330750 -0.17163064
v -0.13336371 0.01962850 -0.07446442
v -0.19802159 0.01096100 -0.10112493
v -0.19015703 0.01325960 -0.12675012
v -0.14590913 0.01961730 -0.03871062
v -0.21594045 0.01099520 -0.05205926
v -0.21278709 0.01325210 -0.07858351
v -0.15230653 0.01953490 -0.00130422
v -0.22492539 0.01097210 -0.00077941
v -0.22659401 0.01320880 -0.02717596
v -0.15231006 0.01948960 0.03637328
v -0.22466560 0.01103800 0.05077239
v -0.23106729 0.01322700 0.02550152
v -0.14591721 0.01940370 0.07294526
v -0.21522057 0.01109160 0.10069250
v -0.22608388 0.01324390 0.07747708
v -0.13337588 0.01932550 0.10709030
v -0.19701201 0.01115010 0.14719230
v -0.21188325 0.01326840 0.12685533
v -0.11516734 0.01924200 0.13758966
v -0.17075988 0.01119880 0.18863775
v -0.18907142 0.01328640 0.17189462
v -0.09199074 0.01916010 0.16336812
v -0.13747960 0.01123680 0.22359333
v -0.15852136 0.01330150 0.21101492
v -0.06473637 0.01908290 0.18352790
v -0.09846762 0.01126730 0.25090329
v -0.12142727 0.01331040 0.24289281
v -0.03445139 0.01903490 0.19737624
v -0.05519417 0.01129130 0.26964534
v -0.07920810 0.01331830 0.26646998
v -0.00229977 0.01901220 0.20444151
v -0.00929937 0.01130440 0.27920189
v -0.03345782 0.01332540 0.28095682
v 0.03048210 0.01901210 0.20444183
v 0.03748015 0.01130440 0.27920241
v 0.01409033 0.01332800 0.28586226
v 0.06263396 0.01903490 0.19737735
v 0.08337520 0.01129130 0.26964691
v 0.06163862 0.01332580 0.28095799
v 0.09291928 0.01908290 0.18352967
v 0.12664906 0.01126760 0.25090587
v 0.10738916 0.01331860 0.26647209
v 0.12017418 0.01915980 0.16337051
v 0.16566150 0.01123710 0.22359674
v 0.14960891 0.01331030 0.24289581
v 0.16959825 0.01896010 0.22887930
v 0.18670375 0.01330180 0.21101892
v 0.14335133 0.01924200 0.13759256
v 0.19894279 0.01119910 0.18864197
v 0.16156066 0.01932530 0.10709375
v 0.22519580 0.01115040 0.14719724
v 0.21725488 0.01328670 0.17189934
v 0.17410272 0.01940340 0.07294876
v 0.24340555 0.01109190 0.10069784
v 0.24006769 0.01326870 0.12686050
v 0.25285164 0.01103820 0.05077791
v 0.25426932 0.01324420 0.07748261
v 0.25925368 0.01322730 0.02550715
v 0.12880462 0.01875090 -0.24531430
v -0.05616431 0.01810060 -0.27461447
v -0.10061180 0.01875420 -0.24531681
v -0.14141643 0.01895960 0.22887575
v -0.15900119 0.37804280 -0.33413003
v -0.15198120 0.36763660 -0.33405358
v -0.15285789 0.37076760 -0.32885680
v -0.15126955 0.35659460 -0.33166176
v -0.15333823 0.36066810 -0.33682669
v -0.16030379 0.34485420 -0.33552988
v -0.15370753 0.35970430 -0.32282370
v -0.15651985 0.34767870 -0.32854148
v -0.15894193 0.35234690 -0.32034133
v -0.16224030 0.34653400 -0.32232974
v -0.15813961 0.36771750 -0.32005792
v -0.15900119 0.37804280 -0.33413003
v -0.17071789 0.38034130 -0.33698105
v -0.17175215 0.38329410 -0.33382568
v -0.19505491 0.38012420 -0.33449960
v -0.19113522 0.37499910 -0.33816109
v -0.17220534 0.35653160 -0.33946490
v -0.16030379 0.34485420 -0.33552988
v -0.22379342 0.38348840 -0.33720189
v -0.17185409 0.34403560 -0.33731995
v -0.23746671 0.37144020 -0.33521945
v -0.23361678 0.38331370 -0.33412002
v -0.24182064 0.37300750 -0.33111973
v -0.18724651 0.34686790 -0.33544252
v -0.17548422 0.34102400 -0.33454213
v -0.19716359 0.35858970 -0.33803767
v -0.22844817 0.36741840 -0.33713992
v -0.20315723 0.35844850 -0.33513496
v -0.19505491 0.38012420 -0.33449960
v -0.19470396 0.37789760 -0.32946334
v -0.22397857 0.38561550 -0.33348679
v -0.19102510 0.37515340 -0.32103660
v -0.19930218 0.37149330 -0.32698731
v -0.17975189 0.38203660 -0.32569340
v -0.17175215 0.38329410 -0.33382568
v -0.16916536 0.38277100 -0.32811476
v -0.16573968 0.37826610 -0.32114676
v -0.16051092 0.37923800 -0.32841823
v -0.15900119 0.37804280 -0.33413003
v -0.22379342 0.38348840 -0.33720189
v -0.23361678 0.38331370 -0.33412002
v -0.23294686 0.37805980 -0.32782236
v -0.24182064 0.37300750 -0.33111973
v -0.17116452 0.34083600 -0.32773616
v -0.17380365 0.34606580 -0.32009716
v -0.16224030 0.34653400 -0.32232974
v -0.17857096 0.34215710 -0.32630027
v -0.18446488 0.34797330 -0.32176015
v -0.17548422 0.34102400 -0.33454213
v -0.16511296 0.34202970 -0.32886877
v -0.16030379 0.34485420 -0.33552988
v -0.17185409 0.34403560 -0.33731995
v -0.18724651 0.34686790 -0.33544252
v -0.18776087 0.34687160 -0.32737407
v -0.19987586 0.36114530 -0.32279374
v -0.20191333 0.35910050 -0.32851420
v -0.23217403 0.36982250 -0.32792756
v -0.24182064 0.37300750 -0.33111973
v -0.23746671 0.37144020 -0.33521945
v -0.15651985 0.34767870 -0.32854148
v -0.20255204 0.36286960 -0.32623060
v -0.20191333 0.35910050 -0.32851420
v -0.23217403 0.36982250 -0.32792756
v -0.23294686 0.37805980 -0.32782236
v -0.24182064 0.37300750 -0.33111973
v -0.19930218 0.37149330 -0.32698731
v -0.22397857 0.38561550 -0.33348679
v -0.19470396 0.37789760 -0.32946334
v -0.19102510 0.37515340 -0.32103660
v -0.18038736 0.37654760 -0.31998209
v -0.17380365 0.34606580 -0.32009716
v -0.15813961 0.36771750 -0.32005792
v -0.16573968 0.37826610 -0.32114676
v -0.15724938 0.37166860 -0.32177451
v -0.15894193 0.35234690 -0.32034133
v -0.15370753 0.35970430 -0.32282370
v -0.16224030 0.34653400 -0.32232974
v -0.17975189 0.38203660 -0.32569340
v -0.25544973 0.46846270 -0.55173072
v -0.25201689 0.46663350 -0.55955349
v -0.24167367 0.46780680 -0.56362520
v -0.24435868 0.47275880 -0.55282135
v -0.25233459 0.47115750 -0.35088304
v -0.03715775 0.47177900 -0.56803025
v 0.27404023 0.47268750 -0.55315780
v 0.27027243 0.46782300 -0.56359122
v 0.01664757 0.46786910 -0.57282588
v 0.28068006 0.46674660 -0.55924667
v 0.28405599 0.46831900 -0.54438217
v -0.24043090 0.47255810 -0.33753163
v 0.26970793 0.46963370 -0.33281680
v 0.27299697 0.46426660 -0.33062162
v 0.28366371 0.46821580 -0.34176468
v 0.27837074 0.42138240 -0.33698897
v 0.28115681 0.42147110 -0.55307511
v 0.28068006 0.46674660 -0.55924667
v 0.27226213 0.42161970 -0.56226036
v 0.28405599 0.46831900 -0.54438217
v 0.28175898 0.42317390 -0.34883217
v 0.28366371 0.46821580 -0.34176468
v 0.27837074 0.42138240 -0.33698897
v 0.27299697 0.46426660 -0.33062162
v -0.25565015 0.46603870 -0.34112527
v -0.25544973 0.46846270 -0.55173072
v -0.25233459 0.47115750 -0.35088304
v -0.25348458 0.42326740 -0.54655925
v -0.25286793 0.42149330 -0.34233690
v -0.24517887 0.42133500 -0.33357623
v -0.24977761 0.42138040 -0.55842458
v -0.25201689 0.46663350 -0.55955349
v -0.24167367 0.46780680 -0.56362520
v 0.01664757 0.46786910 -0.57282588
v -0.03715775 0.47177900 -0.56803025
v -0.23860003 0.42343510 -0.56311657
v -0.24977761 0.42138040 -0.55842458
v -0.25201689 0.46663350 -0.55955349
v -0.01012756 0.42132280 -0.57131097
v 0.10404230 0.42466560 -0.57003432
v 0.27226213 0.42161970 -0.56226036
v 0.27027243 0.46782300 -0.56359122
v 0.28068006 0.46674660 -0.55924667
v 0.26652819 0.46307610 -0.54858182
v 0.26123836 0.46119050 -0.34801614
v 0.26698146 0.46311730 -0.34754739
v 0.26118031 0.46126550 -0.54693183
v 0.07466979 0.46285230 -0.55733961
v -0.07734253 0.46212610 -0.55609252
v -0.23262042 0.46119150 -0.34789661
v 0.24936102 0.46284670 -0.34466871
v -0.23299448 0.46276410 -0.34508638
v -0.23860089 0.46307950 -0.34906502
v -0.23866686 0.46310430 -0.54846653
v -0.23299756 0.46131890 -0.54666017
v 0.26772164 0.42222100 -0.55041851
v 0.26618477 0.42852650 -0.54677805
v 0.26669744 0.42251130 -0.34790094
v 0.26698146 0.46311730 -0.34754739
v 0.26652819 0.46307610 -0.54858182
v -0.23299448 0.46276410 -0.34508638
v -0.23860089 0.46307950 -0.34906502
v -0.23788105 0.42406470 -0.34666846
v -0.22173417 0.42785790 -0.34472618
v 0.24936102 0.46284670 -0.34466871
v 0.25759174 0.42752900 -0.34477027
v 0.26698146 0.46311730 -0.34754739
v 0.26669744 0.42251130 -0.34790094
v -0.23960798 0.42203870 -0.34333499
v 0.26179958 0.42182530 -0.34293108
v -0.23866686 0.46310430 -0.54846653
v -0.23788105 0.42406470 -0.34666846
v -0.23860089 0.46307950 -0.34906502
v -0.23770637 0.42850030 -0.54683267
v -0.23960798 0.42203870 -0.34333499
v -0.23952453 0.42211790 -0.55059552
v 0.28175898 0.42317390 -0.34883217
v 0.28115681 0.42147110 -0.55307511
v 0.27837074 0.42138240 -0.33698897
v 0.26772164 0.42222100 -0.55041851
v 0.27226213 0.42161970 -0.56226036
v 0.05404230 0.42172990 -0.55853907
v 0.26584899 0.42171580 -0.33161549
v -0.24517887 0.42133500 -0.33357623
v -0.01012756 0.42132280 -0.57131097
v -0.23960798 0.42203870 -0.34333499
v -0.23952453 0.42211790 -0.55059552
v -0.25286793 0.42149330 -0.34233690
v -0.24977761 0.42138040 -0.55842458
v -0.23860003 0.42343510 -0.56311657
v -0.25348458 0.42326740 -0.54655925
v 0.13085738 0.01095760 0.21669250
v 0.15722001 -0.04050630 0.19231042
v 0.19437897 0.01097690 0.14695314
v 0.18345972 -0.04040390 0.16096464
v 0.16239014 -0.07855290 0.16941795
v 0.17854004 -0.09380150 0.13591762
v 0.13405266 -0.12793820 0.16336943
v 0.16442483 -0.13797630 0.10952672
v 0.20543339 -0.04079860 0.12173113
v 0.22024663 -0.04007900 0.07931077
v 0.22519104 0.01098610 0.05914474
v 0.19667397 -0.09384120 0.09762654
v 0.22847939 -0.04188300 0.02494151
v 0.22804013 0.01092560 -0.00697934
v 0.21622058 -0.07291190 0.05288444
v 0.19858840 -0.11527270 0.04798700
v 0.22547474 -0.03956450 -0.02599174
v 0.21245328 0.01100830 -0.07700541
v 0.20874274 -0.09975800 0.00022620
v 0.21230513 -0.07461180 -0.04218559
v 0.21149495 -0.04144410 -0.07690469
v 0.18969658 -0.04038990 -0.11752400
v 0.17448747 0.01102880 -0.13863039
v 0.15611785 -0.03914690 -0.15669772
v 0.16089970 -0.07514200 -0.13580969
v 0.19183917 -0.08630830 -0.08424091
v 0.16755020 -0.11319060 -0.09754905
v 0.19045406 -0.11292600 -0.05360617
v 0.16172677 -0.14667460 -0.06056591
v 0.18394817 -0.13872330 -0.01057927
v 0.15518083 -0.16840000 -0.02260279
v 0.16813491 -0.16036880 0.01426576
v 0.17522792 -0.14702010 0.05577606
v 0.13939443 -0.18432140 0.04850079
v 0.13936066 -0.17190010 0.09199245
v 0.10346863 -0.17181750 0.13932881
v 0.16442483 -0.13797630 0.10952672
v 0.13405266 -0.12793820 0.16336943
v 0.13936066 -0.17190010 0.09199245
v 0.10297223 -0.19790450 0.08683614
v 0.07708504 -0.19042750 0.12914330
v 0.13939443 -0.18432140 0.04850079
v 0.10057729 -0.20827060 0.05129010
v 0.13144353 -0.19209310 0.01277902
v 0.05586711 -0.21015620 0.10308490
v 0.16813491 -0.16036880 0.01426576
v 0.15518083 -0.16840000 -0.02260279
v 0.05358561 -0.22319070 0.06570087
v 0.03181958 -0.22032600 0.08619545
v 0.03476271 -0.22902260 0.06959218
v 0.00691039 -0.22379220 0.08123747
v -0.00263663 -0.23171720 0.06950822
v 0.06180972 -0.22588010 0.04597969
v 0.06559407 -0.22841330 0.01424349
v 0.07017249 -0.22415980 0.00483391
v 0.05741346 -0.22649610 -0.01343101
v 0.10179543 -0.20895850 -0.00408298
v 0.08649933 -0.20598410 -0.04537536
v 0.11629116 -0.19851620 -0.02011349
v 0.12776448 -0.17947330 -0.05503934
v 0.16172677 -0.14667460 -0.06056591
v 0.08725122 -0.18695790 -0.08287800
v 0.13173674 -0.15090080 -0.09704880
v 0.10572080 -0.13672280 -0.12964116
v 0.16755020 -0.11319060 -0.09754905
v 0.14105402 -0.11023300 -0.12962222
v 0.03709712 -0.18457530 0.15558380
v 0.01102227 -0.20314720 0.12833173
v -0.02797894 -0.20831700 0.10606740
v -0.01384097 -0.18732300 0.15055176
v -0.02452762 -0.22300310 0.06804301
v -0.05767279 -0.19281930 0.11769714
v -0.06251154 -0.17156700 0.14980919
v -0.10295509 -0.17167290 0.10691948
v -0.09165344 -0.19187160 0.07525368
v -0.05815641 -0.20757640 0.08068719
v -0.04331811 -0.22292120 0.03537709
v -0.08925559 -0.20093980 0.04000205
v -0.13102518 -0.16398190 0.06049680
v -0.04136166 -0.22394990 -0.00012493
v -0.07954478 -0.20634080 -0.00182386
v -0.12445845 -0.17564250 0.00576307
v -0.02253874 -0.22706560 -0.02118343
v -0.03347626 -0.23336140 0.01345761
v -0.05624115 -0.20558500 -0.04920190
v -0.01819099 -0.20506410 -0.07538267
v 0.01158207 -0.22495600 -0.04160486
v -0.09195023 -0.19284630 -0.03148396
v -0.13083503 -0.16542060 -0.02174751
v -0.10306835 -0.17204280 -0.06548543
v -0.06878952 -0.18204680 -0.08269371
v -0.09746741 -0.14613390 -0.10742342
v -0.06913736 -0.15532620 -0.11557296
v -0.03644142 -0.17881670 -0.10404704
v -0.00037167 -0.18078330 -0.11161434
v 0.02125873 -0.20266040 -0.08520483
v 0.04625849 -0.17906230 -0.11055923
v 0.04828729 -0.20700230 -0.07048501
v 0.04378386 -0.22384260 -0.03314217
v 0.03346118 -0.23417030 -0.02558487
v 0.05631192 -0.24094890 0.00411771
v 0.05741346 -0.22649610 -0.01343101
v 0.06559407 -0.22841330 0.01424349
v 0.06112165 -0.23320390 0.02692367
v 0.06180972 -0.22588010 0.04597969
v 0.05190965 -0.24210790 0.04329591
v 0.04424120 -0.24113940 0.05344929
v 0.04299047 -0.27521630 0.04940932
v 0.05433384 -0.25389340 0.03552466
v 0.04587470 -0.32286440 0.02699788
v 0.03139286 -0.32454120 0.04182289
v 0.02771843 -0.35447380 0.02064656
v 0.05586436 -0.26545750 0.01952890
v 0.05025990 -0.30651870 0.01609640
v 0.04903392 -0.29886190 0.00625489
v 0.04884134 -0.33870970 0.00359724
v 0.04135021 -0.34683070 0.01277128
v 0.04078432 -0.36363590 -0.01430600
v 0.04998064 -0.35269430 -0.05648315
v 0.04998747 -0.34527030 -0.06118141
v 0.04580570 -0.36322500 -0.06131032
v 0.04435914 -0.36845410 -0.04673104
v 0.03373423 -0.38096078 -0.04523157
v 0.03327636 -0.38118859 -0.05962434
v 0.04822001 -0.24163060 -0.01025114
v 0.04245267 -0.28601930 -0.00826675
v 0.04288726 -0.30092610 -0.00711073
v 0.04801859 -0.31506670 -0.00589648
v 0.03897370 -0.30454180 -0.01410223
v 0.02965757 -0.29453430 -0.01614110
v 0.04008251 -0.31213640 -0.02587862
v 0.04715203 -0.32825570 -0.04161833
v 0.04574783 -0.32665700 -0.06020788
v 0.03819803 -0.31553740 -0.04575551
v 0.03568277 -0.31387900 -0.06001732
v -0.02253874 -0.22706560 -0.02118343
v -0.02502874 -0.24101210 -0.00327376
v -0.03347626 -0.23336140 0.01345761
v -0.02898471 -0.24847700 0.01242406
v -0.02850713 -0.24683670 0.02806493
v -0.02491003 -0.26874980 0.03435986
v -0.02205771 -0.29191720 0.00657131
v -0.02217799 -0.29886420 0.02407768
v -0.02197962 -0.31900260 0.00518511
v -0.01625570 -0.29779610 -0.00357007
v -0.01022170 -0.25044600 -0.01793256
v -0.00948508 -0.23418000 -0.02346745
v -0.00565592 -0.29687640 -0.01380217
v -0.04331811 -0.22292120 0.03537709
v -0.04136166 -0.22394990 -0.00012493
v -0.03065009 -0.23347040 0.03626882
v -0.02196166 -0.23343710 0.05230122
v -0.02452762 -0.22300310 0.06804301
v -0.01627299 -0.25619200 0.05144122
v -0.00914128 -0.31072130 0.04331734
v -0.01619054 -0.32657120 0.02674471
v -0.02026868 -0.33955690 0.00291233
v -0.00817659 -0.34998670 0.01777828
v -0.01127187 -0.36820680 -0.01938271
v -0.02218029 -0.35141900 -0.05723922
v -0.01648171 -0.36824770 -0.05554984
v -0.01966274 -0.35626360 -0.06160506
v -0.00716999 -0.38005566 -0.04558142
v -0.00560075 -0.37753537 -0.06279721
v -0.00526075 -0.38108481 -0.05769507
v -0.01535278 -0.31021390 -0.01335398
v -0.01804616 -0.31770020 -0.01803279
v -0.00409636 -0.31120080 -0.04321519
v -0.02034777 -0.33235710 -0.04531168
v -0.01332832 -0.31918680 -0.04614650
v -0.01950539 -0.33087350 -0.06025814
v -0.01271908 -0.32028400 -0.06199785
v -0.01535711 -0.33825160 -0.06511930
v 0.02404722 -0.24195220 0.06540161
v 0.01834262 -0.27802420 0.06165696
v 0.02779928 -0.27070620 0.06036915
v -0.00403419 -0.24101100 0.06259935
v -0.00263663 -0.23171720 0.06950822
v -0.02196166 -0.23343710 0.05230122
v -0.01627299 -0.25619200 0.05144122
v -0.00019883 -0.27126450 0.05998350
v -0.00914128 -0.31072130 0.04331734
v 0.00695290 -0.30603930 0.05265019
v 0.01717567 -0.33234890 0.04259471
v 0.00097947 -0.33333440 0.03854642
v -0.01619054 -0.32657120 0.02674471
v -0.00817659 -0.34998670 0.01777828
v 0.01124705 -0.35724810 0.02201963
v 0.01106713 -0.37650991 -0.00899927
v 0.02771843 -0.35447380 0.02064656
v 0.03139286 -0.32454120 0.04182289
v 0.04299047 -0.27521630 0.04940932
v 0.04424120 -0.24113940 0.05344929
v 0.03476271 -0.22902260 0.06959218
v 0.06180972 -0.22588010 0.04597969
v 0.10346863 -0.17181750 0.13932881
v 0.06272875 -0.15862050 0.17974855
v 0.07708504 -0.19042750 0.12914330
v 0.09859198 -0.13966250 0.18027555
v 0.06335236 -0.11853620 0.21306245
v 0.13405266 -0.12793820 0.16336943
v 0.09603094 -0.09714260 0.21322252
v 0.05498022 -0.09480640 0.22955419
v 0.12977976 -0.08602050 0.19692347
v 0.16239014 -0.07855290 0.16941795
v 0.15722001 -0.04050630 0.19231042
v 0.12861815 -0.04085170 0.21658571
v 0.13085738 0.01095760 0.21669250
v 0.09103420 -0.04085060 0.23751899
v 0.04357961 -0.04105960 0.25134951
v 0.01733772 -0.07288990 0.24309887
v 0.03709712 -0.18457530 0.15558380
v 0.01262081 -0.16041370 0.18656284
v -0.01384097 -0.18732300 0.15055176
v 0.01102227 -0.20314720 0.12833173
v 0.01692739 -0.13725710 0.20770830
v -0.02814282 -0.15503560 0.18517940
v -0.06251154 -0.17156700 0.14980919
v 0.00621088 -0.10941350 0.22606440
v -0.03519890 -0.11855810 0.21303913
v -0.02823905 -0.07983160 0.23605297
v 0.00282915 -0.03941280 0.25292488
v -0.03264125 -0.03977550 0.24768114
v -0.06272314 -0.04188420 0.23721775
v -0.07468728 -0.09368460 0.21118904
v -0.09380577 -0.04111500 0.22106304
v -0.07830637 -0.13768890 0.17777056
v -0.10730348 -0.09356310 0.18818589
v -0.12715121 -0.13795040 0.12550596
v -0.10295509 -0.17167290 0.10691948
v -0.13529607 -0.09352970 0.15831647
v -0.12788345 -0.04109730 0.19367554
v -0.10267505 0.01095760 0.21669000
v -0.02265602 0.01094580 0.25139268
v 0.05765525 0.01094640 0.24946490
v -0.10295509 -0.17167290 0.10691948
v -0.13102518 -0.16398190 0.06049680
v -0.09165344 -0.19187160 0.07525368
v -0.12715121 -0.13795040 0.12550596
v -0.15328241 -0.13515950 0.06822454
v -0.17192316 -0.10596920 0.06668842
v -0.16153466 -0.13302610 0.02113799
v -0.12445845 -0.17564250 0.00576307
v -0.08925559 -0.20093980 0.04000205
v -0.13083503 -0.16542060 -0.02174751
v -0.15763234 -0.09361950 0.12266627
v -0.13529607 -0.09352970 0.15831647
v -0.15640454 -0.04105160 0.15929252
v -0.12788345 -0.04109730 0.19367554
v -0.17714453 -0.06964020 0.10015316
v -0.15291538 0.01097190 0.16507633
v -0.10267505 0.01095760 0.21669000
v -0.17731971 -0.03972960 0.12167515
v -0.18705125 0.01098350 0.10013381
v -0.19231293 -0.03918460 0.07845069
v -0.19970150 0.01098750 0.03663848
v -0.18804197 -0.07288420 0.05289781
v -0.19895274 -0.04036370 0.03964678
v -0.18730160 -0.08410010 0.01157033
v -0.19978392 -0.03983920 -0.00387450
v -0.19732192 0.01093080 -0.03184261
v -0.19261300 -0.03970940 -0.04831274
v -0.16750085 -0.11914030 -0.02032877
v -0.18918767 -0.07243810 -0.01856866
v -0.17839595 -0.07051320 -0.06437488
v -0.17558147 -0.03959390 -0.09407427
v -0.16280189 -0.09838700 -0.07380118
v -0.14197570 -0.14462390 -0.04582394
v -0.10306835 -0.17204280 -0.06548543
v -0.13219603 -0.12788730 -0.09080347
v -0.09746741 -0.14613390 -0.10742342
v -0.11306692 -0.11209390 -0.12790740
v -0.14536489 -0.08221420 -0.11689540
v -0.12039637 -0.07286680 -0.14774154
v -0.15041247 -0.03982090 -0.13279032
v -0.12865069 -0.03978780 -0.15517994
v -0.11703629 0.01105080 -0.16815600
v -0.17221421 0.01096790 -0.10154302
v 0.06694790 -0.04035430 -0.20008407
v 0.05432813 0.01091820 -0.20599016
v 0.12132575 0.01106310 -0.18120644
v 0.02022368 -0.03996500 -0.20542561
v 0.00610394 0.01064070 -0.20885973
v 0.04947868 -0.08759640 -0.18115784
v 0.08426778 -0.08067720 -0.17688653
v -0.01984109 -0.04026330 -0.20329499
v -0.03930414 0.01098330 -0.20265769
v -0.00227473 -0.08404820 -0.18474169
v -0.05293874 -0.03976280 -0.19590316
v -0.11703629 0.01105080 -0.16815600
v -0.04751758 -0.08317540 -0.17786672
v -0.10098783 -0.04060270 -0.17557913
v -0.12865069 -0.03978780 -0.15517994
v -0.12039637 -0.07286680 -0.14774154
v -0.08589480 -0.07353680 -0.16876202
v -0.08353927 -0.11342140 -0.14614498
v -0.11306692 -0.11209390 -0.12790740
v -0.09746741 -0.14613390 -0.10742342
v -0.06913736 -0.15532620 -0.11557296
v -0.02217810 -0.11320920 -0.16550303
v -0.02246796 -0.14740430 -0.13942547
v -0.03644142 -0.17881670 -0.10404704
v -0.00037167 -0.18078330 -0.11161434
v 0.01686780 -0.13340060 -0.15480039
v 0.04625849 -0.17906230 -0.11055923
v 0.05898365 -0.13105440 -0.15086552
v 0.10572080 -0.13672280 -0.12964116
v 0.10623338 -0.10956700 -0.15112517
v 0.12711549 -0.07085460 -0.16341190
v 0.16089970 -0.07514200 -0.13580969
v 0.16755020 -0.11319060 -0.09754905
v 0.14105402 -0.11023300 -0.12962222
v 0.15611785 -0.03914690 -0.15669772
v 0.13173674 -0.15090080 -0.09704880
v 0.11765972 -0.04012580 -0.18138219
v 0.17448747 0.01102880 -0.13863039
v -0.00948508 -0.23418000 -0.02346745
v -0.02253874 -0.22706560 -0.02118343
v 0.01158207 -0.22495600 -0.04160486
v -0.02502874 -0.24101210 -0.00327376
v 0.01158207 -0.22495600 -0.04160486
v 0.01181365 -0.23474200 -0.03021192
v -0.00948508 -0.23418000 -0.02346745
v 0.03346118 -0.23417030 -0.02558487
v -0.11451831 -0.01767630 -0.09491011
v -0.07004491 -0.02789680 -0.13426678
v -0.10542294 -0.03053910 -0.11095731
v -0.10765760 0.00331970 -0.10411602
v -0.07194946 0.00082410 -0.13316096
v 0.02020932 0.00289700 -0.15495587
v -0.01654901 0.00145180 -0.15296719
v -0.02555283 0.00677060 -0.15624445
v 0.04532497 -0.01821590 -0.15178925
v -0.02438463 -0.01772340 -0.15061771
v 0.10009991 -0.01804280 -0.13196784
v 0.13584039 0.00332090 -0.10412168
v 0.09444724 -0.03074300 -0.13861856
v 0.14270670 -0.01767860 -0.09490968
v 0.13362279 -0.03054160 -0.11094687
v 0.16912398 -0.02312650 -0.04215834
v 0.18022894 -0.03070770 0.00158543
v 0.13584039 0.00332090 -0.10412168
v 0.16138254 0.00114090 -0.06516074
v 0.17718782 0.00163040 -0.00317814
v 0.17757794 -0.02281310 0.01751598
v 0.17941190 -0.03385980 0.05998692
v 0.16768775 -0.02257260 0.07783890
v 0.15331198 0.00121600 0.11288980
v 0.15214145 -0.02271980 0.11494028
v 0.15842830 -0.03497540 0.12066618
v 0.12170405 -0.03052280 0.16258540
v 0.13666711 0.00321620 0.14068221
v 0.11460817 -0.01796490 0.16424243
v 0.11003082 0.00116950 0.16834320
v 0.12170405 -0.03052280 0.16258540
v 0.11460817 -0.01796490 0.16424243
v 0.07524450 -0.02727820 0.19131937
v 0.08581723 0.00317600 0.18631356
v 0.11003082 0.00116950 0.16834320
v 0.05232916 0.00113470 0.19968790
v 0.04177728 -0.02295170 0.20165382
v 0.01992862 0.00107390 0.20491022
v 0.06583894 0.00738320 0.20278390
v 0.00275467 0.00770350 0.21127166
v 0.00754582 -0.02790080 0.20517117
v 0.05395099 -0.03531910 0.20702612
v -0.02084588 0.00141330 0.20093728
v -0.04506566 -0.01790590 0.19197459
v -0.02628729 -0.03075010 0.20171890
v -0.06775793 0.00343640 0.18006400
v -0.07079481 -0.03064890 0.18138018
v -0.09385461 0.00343780 0.15798540
v -0.09297112 -0.02185050 0.15747266
v -0.05281533 0.00713330 0.19288176
v -0.12220141 0.00864300 0.14078088
v -0.09297112 -0.02185050 0.15747266
v -0.09385461 0.00343780 0.15798540
v -0.11599323 0.00345150 0.13001057
v -0.12605247 -0.01809730 0.11116282
v -0.13306993 0.00346640 0.09758242
v -0.14545261 0.00343860 0.05805675
v -0.14138149 -0.02343200 0.07157715
v -0.12182907 -0.03065120 0.12598599
v -0.07079481 -0.03064890 0.18138018
v -0.15121757 -0.03513960 0.06682036
v -0.15369978 0.00720890 0.04199042
v -0.12220141 0.00864300 0.14078088
v -0.11451831 -0.01767630 -0.09491011
v -0.12670694 0.00330230 -0.07722321
v -0.10765760 0.00331970 -0.10411602
v -0.14295836 0.00343350 -0.03868855
v -0.14093879 -0.02312890 -0.04215055
v -0.13457284 -0.03081230 -0.06808901
v -0.10542294 -0.03053910 -0.11095731
v -0.15132587 -0.03062260 -0.00942529
v -0.14900072 0.00163270 -0.00318180
v -0.14925485 -0.02255180 0.01495144
v 0.10014342 0.00082580 -0.13315687
v 0.10776576 0.00759340 -0.13574879
v 0.13584039 0.00332090 -0.10412168
v 0.15272278 0.00741150 -0.09242170
v 0.16138254 0.00114090 -0.06516074
v 0.15301790 0.01053450 -0.12690097
v 0.20055428 0.01033290 -0.01081264
v 0.01943518 0.01000980 -0.18056012
v 0.17761718 0.00688860 -0.03124529
v 0.18320410 0.00777320 0.02789399
v 0.04834443 0.00842770 -0.16328801
v 0.05253444 0.00306670 -0.15142648
v 0.02020932 0.00289700 -0.15495587
v -0.02555283 0.00677060 -0.15624445
v -0.08000324 0.00761390 -0.13551414
v 0.17318107 0.00861970 0.09395291
v 0.16914308 0.00327320 0.07523602
v 0.13666711 0.00321620 0.14068221
v 0.13419381 0.00862000 0.15915285
v 0.08581723 0.00317600 0.18631356
v 0.17988449 0.01071630 0.12758966
v 0.07807752 0.01057820 0.21756604
v 0.06583894 0.00738320 0.20278390
v 0.00275467 0.00770350 0.21127166
v -0.05281533 0.00713330 0.19288176
v 0.23894694 0.01144960 0.05984547
v 0.17515877 0.01150660 0.20320932
v 0.21962071 0.01058250 0.13615570
v 0.23799474 0.01145840 -0.02717985
v 0.24652279 0.00819090 -0.01669144
v 0.22316818 0.00886700 -0.13567910
v 0.20149167 0.01178670 -0.16884334
v 0.19232153 0.01021910 -0.32854860
v -0.01057029 0.01135550 0.27885820
v 0.08866584 0.01054770 0.26736508
v 0.13431234 0.00955920 0.24436018
v 0.04091197 0.00955230 0.28194631
v -0.13394887 0.01134310 0.21774193
v -0.07559231 0.00978590 0.26292251
v -0.10283206 0.01045470 0.24480326
v -0.17072082 0.00593510 0.18046821
v -0.20063277 0.00936290 0.11607953
v -0.21014734 0.01152630 0.05294017
v 0.03950329 0.01055940 -0.31614242
v -0.01770967 0.01139510 -0.24788814
v 0.13069905 0.01173080 -0.44892019
v 0.18137237 0.01057840 -0.36784354
v -0.08028814 0.01077360 -0.16336602
v 0.13417499 0.00872830 -0.45816908
v 0.16708952 0.00851220 -0.40348219
v 0.07006246 0.00856460 -0.51583811
v 0.09190299 0.00641470 -0.50099877
v 0.04669308 0.01128670 -0.51084647
v 0.04204022 0.00789830 -0.52728787
v -0.02913174 0.00929950 -0.52239534
v 0.00457283 0.00597340 -0.53039092
v -0.06739458 0.00940770 -0.49831452
v -0.13055074 0.01134750 -0.41183457
v -0.11043416 0.00845050 -0.45165866
v -0.14132658 0.00884660 -0.39865225
v -0.16363372 0.01012670 -0.33320805
v -0.19670960 0.01148240 -0.09688209
v -0.12479532 0.00848020 -0.09881773
v -0.10765760 0.00331970 -0.10411602
v -0.07194946 0.00082410 -0.13316096
v -0.12670694 0.00330230 -0.07722321
v -0.14295836 0.00343350 -0.03868855
v -0.21798210 0.00985320 -0.00282928
v -0.19119893 0.00590410 -0.16961913
v -0.12220141 0.00864300 0.14078088
v -0.13306993 0.00346640 0.09758242
v -0.11599323 0.00345150 0.13001057
v -0.09385461 0.00343780 0.15798540
v 0.06998283 -0.03647360 -0.16016558
v 0.04778687 -0.03091010 -0.15486311
v 0.09444724 -0.03074300 -0.13861856
v 0.13362279 -0.03054160 -0.11094687
v 0.14783894 -0.03661250 -0.11018097
v 0.17335205 -0.03336440 -0.05089393
v 0.19081799 -0.03754860 -0.03515601
v 0.18022894 -0.03070770 0.00158543
v 0.17941190 -0.03385980 0.05998692
v 0.20717241 -0.03997980 0.06739855
v 0.15842830 -0.03497540 0.12066618
v 0.21232868 -0.03927190 0.03507925
v 0.21287978 -0.03923110 -0.00223125
v 0.20834903 -0.03919970 -0.03315375
v 0.20161944 -0.03914350 -0.05804736
v 0.18974815 -0.03918090 -0.08589627
v 0.17401749 -0.03930500 -0.11132840
v 0.10056561 -0.03910760 -0.16970584
v 0.15129270 -0.03912780 -0.13740491
v 0.12498857 -0.03912380 -0.15744083
v 0.07065414 -0.03930750 -0.18009785
v 0.04541724 -0.03952370 -0.18486406
v 0.00529963 -0.03960960 -0.18596761
v -0.01822052 -0.03094580 -0.15522330
v -0.02906788 -0.03925250 -0.18336787
v -0.06206963 -0.03928300 -0.17372836
v -0.11579917 -0.03923050 -0.14389547
v -0.08916081 -0.03912930 -0.16181638
v -0.17341958 -0.03925530 -0.05806095
v -0.14296113 -0.03914060 -0.11542590
v -0.16156025 -0.03917920 -0.08589761
v -0.15313638 -0.03651720 -0.04717340
v -0.13457284 -0.03081230 -0.06808901
v -0.15132587 -0.03062260 -0.00942529
v -0.18470312 -0.03923930 0.02971245
v -0.18016123 -0.03920230 -0.03315762
v -0.18413127 -0.03924650 -0.00745951
v -0.16196691 -0.03655260 0.01767191
v -0.15121757 -0.03513960 0.06682036
v -0.16991595 -0.03931470 0.09819083
v -0.17913581 -0.03916490 0.06705673
v -0.12527918 -0.03702970 0.13983463
v -0.12182907 -0.03065120 0.12598599
v -0.15424022 -0.03916490 0.13250541
v -0.13015689 -0.03929930 0.16721519
v -0.06167166 -0.03660790 0.19825096
v -0.04373155 -0.03913810 0.22633876
v -0.07550362 -0.03918230 0.21241910
v -0.10454248 -0.03917630 0.19234408
v -0.01513620 -0.03931660 0.23344898
v -0.00095440 -0.03656570 0.21521096
v 0.05772462 -0.03922620 0.23063776
v 0.01895025 -0.03918510 0.23595085
v 0.05395099 -0.03531910 0.20702612
v 0.00754582 -0.02790080 0.20517117
v 0.09028514 -0.03931260 0.21904336
v 0.11499716 -0.03657830 0.18021633
v 0.15818277 -0.03928100 0.16700819
v 0.11222009 -0.03917950 0.20705426
v 0.13669717 -0.03917860 0.18917623
v 0.12170405 -0.03052280 0.16258540
v 0.07524450 -0.02727820 0.19131937
v 0.17698737 -0.03917150 0.14167084
v 0.19629945 -0.03916430 0.10332886
v -0.02628729 -0.03075010 0.20171890
v -0.07079481 -0.03064890 0.18138018
v 0.24652279 0.00819090 -0.01669144
v 0.24999048 -0.00377620 0.00051239
v 0.24532090 -0.00420400 -0.04539178
v 0.22316818 0.00886700 -0.13567910
v 0.21943592 0.00331860 -0.16969919
v 0.19232153 0.01021910 -0.32854860
v 0.18732156 -0.04718720 -0.33214562
v 0.18137237 0.01057840 -0.36784354
v 0.17293233 -0.04605550 -0.37908453
v 0.16708952 0.00851220 -0.40348219
v 0.14059713 -0.04299140 -0.44095119
v 0.13417499 0.00872830 -0.45816908
v 0.10118140 -0.04254360 -0.48474949
v 0.09190299 0.00641470 -0.50099877
v 0.23369574 -0.04590200 -0.08397539
v 0.24465920 -0.04700930 -0.03128647
v 0.24717960 -0.04776280 0.01347141
v 0.22889563 -0.09784390 -0.04885240
v 0.24583075 -0.04212410 0.04665776
v 0.20438166 -0.10293910 -0.11224489
v 0.19326885 -0.15842250 -0.07300242
v 0.21476027 -0.04875620 -0.12790241
v 0.18518628 -0.05067240 -0.17091731
v 0.18018617 -0.10939380 -0.14614434
v 0.15886162 -0.10347180 -0.17254498
v 0.15322967 -0.16861500 -0.12750398
v 0.12999202 -0.14665100 -0.16771640
v 0.16250127 -0.18571960 -0.09144066
v 0.23320514 -0.09995510 0.02399134
v 0.19133268 -0.18158760 -0.01794114
v 0.21777970 -0.13514300 -0.02384734
v 0.21488598 -0.14327540 0.03150783
v 0.18923002 -0.18606520 0.03157419
v 0.14555680 -0.23167740 0.04163982
v 0.22136454 -0.10701400 0.08634226
v 0.23551608 -0.04691340 0.09397706
v 0.21671267 -0.04825050 0.14376843
v 0.23664420 -0.00374480 0.10068603
v 0.14101031 0.00217460 0.24289454
v 0.13431234 0.00955920 0.24436018
v 0.15738354 -0.04837520 0.22455812
v 0.19049688 -0.04830670 0.18766099
v 0.16660256 -0.11745290 0.18444452
v 0.13460993 -0.11757270 0.21589659
v 0.12882176 -0.17002000 0.18202044
v 0.15530125 -0.17007020 0.15226216
v 0.19282710 -0.11744610 0.14590402
v 0.21688119 -0.00378020 0.15075152
v 0.17638888 -0.17015180 0.11701192
v 0.14073104 -0.21177030 0.11423418
v 0.20027657 -0.14748580 0.09403022
v 0.17679831 -0.19176480 0.07280906
v 0.05775784 -0.20185960 0.19482461
v 0.06858053 -0.24001110 0.13914376
v 0.09692463 -0.21152750 0.16342717
v 0.03985724 -0.26343350 0.10733527
v 0.03498508 -0.28062550 0.06019263
v 0.04676969 -0.28114830 0.05071526
v 0.07406924 -0.25636090 0.10221581
v 0.10963137 -0.23744340 0.10661735
v 0.09338045 -0.26129680 0.06201833
v 0.05462029 -0.28035540 0.03896087
v 0.12082550 -0.24446680 0.06596906
v 0.14073104 -0.21177030 0.11423418
v 0.15530125 -0.17007020 0.15226216
v 0.12882176 -0.17002000 0.18202044
v -0.08854353 -0.20681710 0.15213847
v -0.11802623 -0.21504940 0.09761288
v -0.11499066 -0.18149150 0.15499568
v -0.12625609 -0.22307220 -0.01940355
v -0.08955414 -0.24461910 -0.04600099
v -0.11769134 -0.22064800 -0.05511416
v -0.09884692 -0.21676410 -0.09464648
v -0.12476214 -0.16804890 -0.12836188
v -0.08400740 -0.17507440 -0.15598503
v -0.04210879 -0.21314200 -0.14114596
v -0.05594559 -0.15935720 -0.18545841
v -0.01370288 -0.19297870 -0.17031202
v 0.01243719 -0.21257260 0.19024415
v 0.01666742 -0.17916380 0.22192346
v 0.05775784 -0.20185960 0.19482461
v 0.07520918 -0.14501930 0.23406217
v 0.02918821 -0.13404520 0.25031812
v 0.09799322 -0.17009100 0.20494374
v 0.09692463 -0.21152750 0.16342717
v 0.12882176 -0.17002000 0.18202044
v 0.13460993 -0.11757270 0.21589659
v 0.06598336 -0.10007000 0.25896837
v 0.01888671 -0.09534230 0.26829062
v 0.10575973 -0.10490960 0.24063315
v 0.06139136 -0.04257670 0.27748606
v 0.01977516 -0.04696670 0.28206386
v 0.12472811 -0.04805310 0.24924343
v 0.15738354 -0.04837520 0.22455812
v 0.14101031 0.00217460 0.24289454
v 0.09761614 -0.05009330 0.26332416
v 0.09676002 0.00180290 0.26850225
v 0.13431234 0.00955920 0.24436018
v 0.08866584 0.01054770 0.26736508
v 0.04091197 0.00955230 0.28194631
v 0.00748700 0.00118170 0.28563555
v -0.02564753 -0.04843220 0.27795085
v -0.01057029 0.01135550 0.27885820
v -0.04765157 0.00074140 0.27671672
v -0.07559231 0.00978590 0.26292251
v -0.10641156 -0.04346340 0.24421419
v -0.06969943 -0.04840970 0.26379508
v -0.13251360 0.00333510 0.22630711
v -0.10283206 0.01045470 0.24480326
v -0.13394887 0.01134310 0.21774193
v -0.12987325 -0.04779360 0.22404693
v -0.11047992 -0.12358280 0.20935215
v -0.14123959 -0.12343480 0.17714540
v -0.07247987 -0.11689930 0.23817241
v -0.03362647 -0.10422220 0.25826710
v -0.01999785 -0.14267220 0.24308336
v -0.03571318 -0.17018230 0.22032937
v -0.02721573 -0.21109270 0.18471458
v -0.06320382 -0.20590670 0.17377094
v -0.07758284 -0.16654580 0.20316997
v -0.11499066 -0.18149150 0.15499568
v -0.08854353 -0.20681710 0.15213847
v -0.17072082 0.00593510 0.18046821
v -0.13394887 0.01134310 0.21774193
v -0.13251360 0.00333510 0.22630711
v -0.16196436 -0.04746850 0.18845846
v -0.12987325 -0.04779360 0.22404693
v -0.14123959 -0.12343480 0.17714540
v -0.18869730 -0.00378050 0.15074760
v -0.20063277 0.00936290 0.11607953
v -0.20846001 -0.00374460 0.10067835
v -0.21763494 0.00278210 0.06002607
v -0.18853400 -0.04825800 0.14375104
v -0.16626353 -0.12346130 0.13793103
v -0.20714055 -0.04826960 0.09404711
v -0.18430726 -0.12356680 0.09377953
v -0.13677947 -0.18160820 0.12236072
v -0.11499066 -0.18149150 0.15499568
v -0.11047992 -0.12358280 0.20935215
v -0.11802623 -0.21504940 0.09761288
v -0.15271315 -0.18164460 0.08578555
v -0.13100337 -0.22084660 0.02859596
v -0.16598793 -0.17627140 0.04682412
v -0.19516259 -0.11893120 0.05378152
v -0.18910789 -0.13966310 -0.00746667
v -0.20728525 -0.09347750 0.01518222
v -0.21620871 -0.04796930 0.04881076
v -0.21906894 -0.04698440 0.00110146
v -0.20340628 -0.09445950 -0.03746844
v -0.22180351 -0.00377420 0.00050585
v -0.18137555 -0.13446910 -0.06283670
v -0.15603041 -0.18117660 -0.05088401
v -0.16468403 -0.18157480 -0.00463769
v -0.12625609 -0.22307220 -0.01940355
v -0.11769134 -0.22064800 -0.05511416
v -0.14175268 -0.18123990 -0.08572369
v -0.09884692 -0.21676410 -0.09464648
v -0.12476214 -0.16804890 -0.12836188
v -0.16522031 -0.13440200 -0.10316728
v -0.18719195 -0.08925510 -0.09928343
v -0.15280012 -0.11182220 -0.14358374
v -0.10519675 -0.13451890 -0.17407876
v -0.08400740 -0.17507440 -0.15598503
v -0.13628019 -0.09021380 -0.17408464
v -0.10487017 -0.08984470 -0.19988596
v -0.13154683 -0.04866010 -0.19760817
v -0.17155901 -0.04948630 -0.15248182
v -0.21691544 0.00050410 -0.04569479
v -0.21798210 0.00985320 -0.00282928
v -0.16126644 -0.04783840 -0.32299558
v -0.15090510 -0.04408010 -0.36308465
v -0.14132658 0.00884660 -0.39865225
v -0.12962408 -0.04555550 -0.41053152
v -0.10931878 -0.04238190 -0.44515595
v -0.11043416 0.00845050 -0.45165866
v -0.06739458 0.00940770 -0.49831452
v -0.08519427 -0.04281970 -0.47282308
v -0.05174662 -0.04807910 -0.25262776
v -0.08819401 -0.05045210 -0.22793833
v -0.03842200 -0.05104530 -0.25006780
v -0.00925608 -0.05104030 -0.25504450
v 0.03990737 -0.04812900 -0.26568230
v 0.04166721 -0.05105250 -0.25442376
v 0.08532920 -0.05051260 -0.24324335
v 0.13410628 -0.05031580 -0.21687372
v 0.18518628 -0.05067240 -0.17091731
v 0.19198693 -0.04809170 -0.30927654
v -0.00652748 -0.04793880 -0.32728347
v -0.17831883 -0.04705070 -0.18017452
v -0.13154683 -0.04866010 -0.19760817
v -0.17155901 -0.04948630 -0.15248182
v -0.20223747 -0.04817750 -0.09250343
v -0.19305594 -0.04565730 -0.14347659
v -0.16126644 -0.04783840 -0.32299558
v 0.10738028 -0.04572550 -0.46805730
v -0.00410999 -0.04581680 -0.51235380
v 0.17293233 -0.04605550 -0.37908453
v 0.18732156 -0.04718720 -0.33214562
v 0.14059713 -0.04299140 -0.44095119
v 0.10118140 -0.04254360 -0.48474949
v 0.04399220 -0.04302450 -0.51520253
v 0.06642678 -0.04051910 -0.50835768
v -0.12962408 -0.04555550 -0.41053152
v -0.15090510 -0.04408010 -0.36308465
v -0.08519427 -0.04281970 -0.47282308
v -0.10931878 -0.04238190 -0.44515595
v -0.05676118 -0.04234510 -0.49716213
v -0.01995463 -0.04296770 -0.51427151
v 0.23369574 -0.04590200 -0.08397539
v -0.08400740 -0.17507440 -0.15598503
v -0.05594559 -0.15935720 -0.18545841
v -0.10519675 -0.13451890 -0.17407876
v -0.07278019 -0.11004500 -0.20913312
v -0.01580465 -0.14453270 -0.20754361
v -0.01370288 -0.19297870 -0.17031202
v 0.02058918 -0.18940990 -0.17577712
v -0.10487017 -0.08984470 -0.19988596
v 0.04761152 -0.16706720 -0.19096727
v -0.08819401 -0.05045210 -0.22793833
v -0.13154683 -0.04866010 -0.19760817
v -0.05174662 -0.04807910 -0.25262776
v -0.03842200 -0.05104530 -0.25006780
v 0.04314248 -0.11617720 -0.22412770
v 0.08957751 -0.11836650 -0.21012084
v 0.08532920 -0.05051260 -0.24324335
v 0.04166721 -0.05105250 -0.25442376
v 0.00679313 -0.10767150 -0.23037144
v -0.00925608 -0.05104030 -0.25504450
v 0.08562478 -0.16719530 -0.17818014
v 0.12999202 -0.14665100 -0.16771640
v 0.11925718 -0.10583680 -0.20090012
v 0.13410628 -0.05031580 -0.21687372
v 0.15886162 -0.10347180 -0.17254498
v 0.18518628 -0.05067240 -0.17091731
v 0.09190299 0.00641470 -0.50099877
v 0.06642678 -0.04051910 -0.50835768
v 0.10118140 -0.04254360 -0.48474949
v 0.07006246 0.00856460 -0.51583811
v 0.04204022 0.00789830 -0.52728787
v 0.04399220 -0.04302450 -0.51520253
v 0.00457283 0.00597340 -0.53039092
v 0.00817707 -0.04090470 -0.51948318
v -0.01995463 -0.04296770 -0.51427151
v -0.02913174 0.00929950 -0.52239534
v -0.05676118 -0.04234510 -0.49716213
v -0.06739458 0.00940770 -0.49831452
v -0.08519427 -0.04281970 -0.47282308
v -0.00409636 -0.31120080 -0.04321519
v -0.01535278 -0.31021390 -0.01335398
v -0.00021445 -0.30175860 -0.02014998
v 0.00564587 -0.30716530 -0.04341910
v 0.01074663 -0.29837010 -0.01942714
v 0.00203388 -0.30821280 -0.06008587
v 0.02103715 -0.30710650 -0.06018378
v 0.02572007 -0.30131570 -0.02024836
v 0.02390487 -0.30734390 -0.04359015
v 0.03568277 -0.31387900 -0.06001732
v 0.03819803 -0.31553740 -0.04575551
v 0.04008251 -0.31213640 -0.02587862
v 0.03897370 -0.30454180 -0.01410223
v -0.01804616 -0.31770020 -0.01803279
v -0.01332832 -0.31918680 -0.04614650
v -0.01271908 -0.32028400 -0.06199785
v -0.01127187 -0.36820680 -0.01938271
v 0.01106713 -0.37650991 -0.00899927
v -0.00817659 -0.34998670 0.01777828
v 0.01170012 -0.38917413 -0.04539789
v -0.00716999 -0.38005566 -0.04558142
v -0.00526075 -0.38108481 -0.05769507
v -0.00560075 -0.37753537 -0.06279721
v 0.02653317 -0.37275840 -0.00869354
v 0.02771843 -0.35447380 0.02064656
v 0.01124705 -0.35724810 0.02201963
v 0.04078432 -0.36363590 -0.01430600
v 0.04135021 -0.34683070 0.01277128
v 0.03373423 -0.38096078 -0.04523157
v 0.03327636 -0.38118859 -0.05962434
v 0.03268705 -0.37345519 -0.06460548
v 0.04580570 -0.36322500 -0.06131032
v 0.02093406 -0.33972720 -0.06872219
v 0.03678200 -0.35652370 -0.06619857
v 0.04998747 -0.34527030 -0.06118141
v 0.04317414 -0.33730370 -0.06523784
v 0.04574783 -0.32665700 -0.06020788
v 0.03223163 -0.31705410 -0.06482848
v 0.01326569 -0.31344190 -0.06578715
v -0.00235798 -0.31849130 -0.06579904
v 0.00343051 -0.37066340 -0.06614845
v -0.01155030 -0.35833930 -0.06564043
v -0.01966274 -0.35626360 -0.06160506
v 0.03568277 -0.31387900 -0.06001732
v 0.02103715 -0.30710650 -0.06018378
v 0.00203388 -0.30821280 -0.06008587
v 0.12528760 -0.40474310 0.15732623
v 0.08876324 -0.17844710 0.14808074
v 0.11282807 -0.19022140 0.12244962
v 0.14850675 -0.40494081 0.13089899
v 0.12318425 -0.47276017 0.15967036
v 0.15943188 -0.47276017 0.11463023
v 0.16398414 -0.40493666 0.10492875
v 0.13328726 -0.18636670 0.08435249
v 0.17566928 -0.47276017 0.07592653
v 0.17713235 -0.40458280 0.07133483
v 0.14221361 -0.18538720 0.05581006
v 0.18381928 -0.47276017 0.03462371
v 0.18392563 -0.40497324 0.03048772
v 0.17897879 -0.40444917 -0.05548133
v 0.14689454 -0.18532080 0.02338517
v 0.17895869 -0.47276017 -0.05573974
v 0.14282487 -0.18511630 -0.06347298
v 0.10782212 -0.17041620 -0.14751079
v 0.14993995 -0.47276017 -0.11542793
v 0.15062555 -0.40085069 -0.11386664
v 0.13210577 -0.44300417 -0.14316866
v 0.12927597 -0.47276017 -0.14817862
v 0.12820474 -0.44469721 -0.49141529
v 0.12820445 -0.47276017 -0.49140439
v -0.08436955 -0.40405029 0.16798122
v -0.06168122 -0.47276017 0.18271918
v -0.09365877 -0.47276017 0.16068100
v -0.05859212 -0.40487956 0.18424506
v -0.06274778 -0.17828050 0.14613601
v -0.03072178 -0.17882670 0.16705670
v -0.03186847 -0.40430420 0.19511920
v -0.01607985 -0.47276017 0.19915429
v 0.00464129 -0.17877790 0.17570653
v 0.00151277 -0.40382638 0.20141161
v 0.03235220 -0.47276017 0.20116773
v 0.02998564 -0.17877650 0.17496987
v 0.03984678 -0.40486436 0.20007690
v 0.08315087 -0.47276017 0.18658800
v 0.06006386 -0.17877700 0.16632544
v 0.07526255 -0.40481827 0.18969306
v 0.10197689 -0.40448303 0.17541235
v 0.12318425 -0.47276017 0.15967036
v 0.08876324 -0.17844710 0.14808074
v 0.12528760 -0.40474310 0.15732623
v -0.10935708 -0.40430457 0.14454711
v -0.08441438 -0.19018230 0.12218474
v -0.06274778 -0.17828050 0.14613601
v -0.10935708 -0.40430457 0.14454711
v -0.12980311 -0.40466300 0.11614413
v -0.10659147 -0.18605640 0.08168846
v -0.12146146 -0.47276017 0.12909690
v -0.09365877 -0.47276017 0.16068100
v -0.13994077 -0.47276017 0.09677917
v -0.14764344 -0.40462211 0.07644933
v -0.15200214 -0.47276017 0.05800623
v -0.11852012 -0.18536160 0.03018898
v -0.15568783 -0.40489660 0.03023640
v -0.15578592 -0.47276017 0.02604931
v -0.15071187 -0.47276017 -0.05636083
v -0.15082084 -0.40554147 -0.05551918
v -0.11464180 -0.18507270 -0.06524039
v -0.08058381 -0.17044700 -0.14639813
v -0.12189480 -0.40414932 -0.11553035
v -0.12169179 -0.47276017 -0.11604847
v -0.10303098 -0.44393959 -0.14422004
v -0.10075109 -0.47276017 -0.14987015
v -0.09994890 -0.44470418 -0.49205507
v -0.09994827 -0.47276017 -0.49206859
v -0.07832220 -0.20163790 -0.15528424
v -0.03854372 -0.18644090 -0.19336375
v -0.03746342 -0.15933720 -0.18662567
v -0.05206156 -0.40009584 -0.18581603
v -0.05473049 -0.17049490 -0.47264546
v -0.04371256 -0.03407000 -0.19983721
v -0.04519639 -0.03401790 -0.49847593
v -0.07383086 -0.40396345 -0.46844608
v -0.05641419 -0.19205870 -0.47606032
v -0.07407337 -0.44308522 -0.46840271
v -0.05211862 -0.44305124 -0.18569163
v 0.06331746 0.03221980 -0.28020004
v 0.03113873 0.03567370 -0.27880464
v 0.06333576 0.03817310 -0.27880233
v 0.03112286 0.02941120 -0.28256753
v 0.02729603 0.03210080 -0.28106779
v -0.00227084 0.03194250 -0.28070912
v -0.00228130 0.03708100 -0.27913465
v -0.03505075 0.03476650 -0.27922320
v -0.03519504 0.03057710 -0.28166072
v -0.00286543 0.02908600 -0.28350500
v 0.02931980 0.02897040 -0.28648113
v 0.02396513 0.04319410 -0.28242428
v 0.03109052 0.04560560 -0.28346015
v 0.03084206 0.04202440 -0.28012708
v 0.06329878 0.04380410 -0.28086118
v -0.03497302 0.04152980 -0.27946357
v -0.00253551 0.04270660 -0.28047155
v -0.03482939 0.04608370 -0.28420340
v 0.06337548 0.04296500 -0.29388614
v 0.03132983 0.04635030 -0.28894065
v 0.02931030 0.04548550 -0.28840318
v 0.03070341 0.04257320 -0.29365944
v 0.02396513 0.04319410 -0.28242428
v 0.00508585 0.04517260 -0.28871216
v -0.00253551 0.04270660 -0.28047155
v -0.00276891 0.04627840 -0.28541402
v -0.03482939 0.04608370 -0.28420340
v -0.00271242 0.04494040 -0.29173317
v -0.03507262 0.04607130 -0.29028369
v 0.06333324 0.02935930 -0.29120871
v 0.06337548 0.04296500 -0.29388614
v 0.06330681 0.03454850 -0.29529968
v 0.06320027 0.02831230 -0.28532541
v 0.06331746 0.03221980 -0.28020004
v 0.06333576 0.03817310 -0.27880233
v 0.06329878 0.04380410 -0.28086118
v 0.06329606 0.04674500 -0.28739510
v -0.03505075 0.03476650 -0.27922320
v -0.03519504 0.03057710 -0.28166072
v -0.03497302 0.04152980 -0.27946357
v -0.03507262 0.04607130 -0.29028369
v -0.03482939 0.04608370 -0.28420340
v -0.03505353 0.04094420 -0.29483764
v -0.03502874 0.02994370 -0.29223229
v -0.03420369 0.03518860 -0.29536386
v -0.03451404 0.02821100 -0.28648840
v 0.02729603 0.03210080 -0.28106779
v 0.02931980 0.02897040 -0.28648113
v -0.00227084 0.03194250 -0.28070912
v 0.03112286 0.02941120 -0.28256753
v 0.06320027 0.02831230 -0.28532541
v 0.06331746 0.03221980 -0.28020004
v -0.00283307 0.03246670 -0.29441655
v -0.03502874 0.02994370 -0.29223229
v -0.00113005 0.03080040 -0.29224583
v 0.03032950 0.03706110 -0.29526868
v 0.03041827 0.03222090 -0.29388672
v 0.06330681 0.03454850 -0.29529968
v 0.06333324 0.02935930 -0.29120871
v -0.00113005 0.03080040 -0.29224583
v -0.00283307 0.03246670 -0.29441655
v -0.00266418 0.02822070 -0.28932102
v -0.03502874 0.02994370 -0.29223229
v -0.03451404 0.02821100 -0.28648840
v -0.00286543 0.02908600 -0.28350500
v -0.03519504 0.03057710 -0.28166072
v 0.02931980 0.02897040 -0.28648113
v -0.00113005 0.03080040 -0.29224583
v -0.00286543 0.02908600 -0.28350500
v 0.03041827 0.03222090 -0.29388672
v 0.10782212 -0.17041620 -0.14751079
v 0.06541269 -0.15917350 -0.18690512
v 0.08176337 -0.44155987 -0.18495130
v 0.13210577 -0.44300417 -0.14316866
v -0.07832220 -0.20163790 -0.15528424
v -0.10303098 -0.44393959 -0.14422004
v -0.05206156 -0.40009584 -0.18581603
v -0.05211862 -0.44305124 -0.18569163
v 0.10262725 -0.41036916 -0.46769540
v -0.07407337 -0.44308522 -0.46840271
v 0.10228239 -0.44318718 -0.46779871
v -0.07383086 -0.40396345 -0.46844608
v 0.08466957 -0.19209100 -0.47551603
v -0.05641419 -0.19205870 -0.47606032
v 0.08309931 -0.17044040 -0.47259379
v -0.05473049 -0.17049490 -0.47264546
v -0.04519639 -0.03401790 -0.49847593
v 0.07264575 -0.03398590 -0.49858971
v 0.08309931 -0.17044040 -0.47259379
v 0.08466957 -0.19209100 -0.47551603
v 0.06541269 -0.15917350 -0.18690512
v 0.07212324 -0.03401700 -0.19980852
v 0.07264575 -0.03398590 -0.49858971
v 0.06333576 0.02068870 -0.27922253
v 0.03084207 0.02454020 -0.28054728
v 0.06329874 0.02631970 -0.28128146
v 0.03113868 0.01818930 -0.27922492
v 0.06331736 0.01473530 -0.28062041
v 0.03112281 0.01192670 -0.28298782
v 0.02729598 0.01461670 -0.28148808
v -0.00228135 0.01959650 -0.27955493
v -0.00227083 0.01445840 -0.28112932
v -0.03505066 0.01728190 -0.27964345
v 0.02396513 0.02570990 -0.28284448
v -0.03519500 0.01309300 -0.28208105
v -0.00286543 0.01160160 -0.28392519
v 0.02931980 0.01148630 -0.28690132
v 0.03109060 0.02812140 -0.28388040
v 0.06344936 0.02668060 -0.29299938
v 0.06329602 0.02926080 -0.28781538
v 0.03132987 0.02886580 -0.28936099
v 0.03109060 0.02812140 -0.28388040
v 0.06329874 0.02631970 -0.28128146
v 0.02931030 0.02800130 -0.28882338
v 0.02396513 0.02570990 -0.28284448
v 0.00508585 0.02768850 -0.28913236
v -0.00253551 0.02522220 -0.28089175
v -0.00276882 0.02879420 -0.28583426
v -0.03482939 0.02859950 -0.28462360
v -0.00271247 0.02745600 -0.29215345
v -0.03507261 0.02858690 -0.29070388
v 0.03070345 0.02508870 -0.29407978
v -0.03505345 0.02345970 -0.29525789
v -0.00271247 0.02745600 -0.29215345
v -0.03507261 0.02858690 -0.29070388
v -0.00290097 0.02118460 -0.29585074
v 0.00508585 0.02768850 -0.28913236
v 0.03070345 0.02508870 -0.29407978
v 0.03032954 0.01957680 -0.29568902
v 0.03041827 0.01473640 -0.29430692
v 0.06329770 0.01413730 -0.29442366
v 0.06318565 0.02264560 -0.29557475
v 0.06344936 0.02668060 -0.29299938
v 0.03132987 0.02886580 -0.28936099
v 0.06329602 0.02926080 -0.28781538
v 0.06344936 0.02668060 -0.29299938
v 0.06329874 0.02631970 -0.28128146
v 0.06333576 0.02068870 -0.27922253
v 0.06331736 0.01473530 -0.28062041
v 0.06335378 0.01056590 -0.28655893
v 0.06329770 0.01413730 -0.29442366
v 0.06318565 0.02264560 -0.29557475
v -0.03505066 0.01728190 -0.27964345
v -0.03519500 0.01309300 -0.28208105
v -0.03497301 0.02404570 -0.27988377
v -0.03507261 0.02858690 -0.29070388
v -0.03482939 0.02859950 -0.28462360
v -0.03505345 0.02345970 -0.29525789
v -0.03502874 0.01245920 -0.29265249
v -0.03420365 0.01770440 -0.29578420
v -0.03451404 0.01072690 -0.28690860
v 0.03138004 0.01055820 -0.28959168
v 0.06329770 0.01413730 -0.29442366
v 0.03041827 0.01473640 -0.29430692
v -0.00113005 0.01331600 -0.29266603
v -0.00283312 0.01498230 -0.29483683
v -0.00266418 0.01073630 -0.28974122
v -0.03502874 0.01245920 -0.29265249
v 0.02931980 0.01148630 -0.28690132
v -0.00113005 0.01331600 -0.29266603
v -0.00286543 0.01160160 -0.28392519
v 0.03041827 0.01473640 -0.29430692
v -0.09994890 -0.44470418 -0.49205507
v -0.05211862 -0.44305124 -0.18569163
v -0.10303098 -0.44393959 -0.14422004
v -0.07407337 -0.44308522 -0.46840271
v 0.12820474 -0.44469721 -0.49141529
v 0.10228239 -0.44318718 -0.46779871
v 0.08176337 -0.44155987 -0.18495130
v 0.13210577 -0.44300417 -0.14316866
v -0.09994827 -0.47276017 -0.49206859
v 0.12820445 -0.47276017 -0.49140439
v 0.12820474 -0.44469721 -0.49141529
v -0.09994890 -0.44470418 -0.49205507
v -0.23866686 0.46310430 -0.54846653
v -0.22971239 0.42767840 -0.54981271
v -0.23770637 0.42850030 -0.54683267
v -0.07734253 0.46212610 -0.55609252
v -0.23952453 0.42211790 -0.55059552
v -0.03625859 0.42393290 -0.55782984
v 0.07466979 0.46285230 -0.55733961
v 0.05404230 0.42172990 -0.55853907
v 0.25836838 0.42771400 -0.54980603
v 0.26652819 0.46307610 -0.54858182
v 0.26772164 0.42222100 -0.55041851
v 0.26618477 0.42852650 -0.54677805
v 0.24716940 0.01373360 -0.33376128
v 0.23906487 0.00812710 -0.51144487
v 0.23807649 0.00768190 -0.33108128
v 0.24669039 0.01398090 -0.51418989
v -0.01788700 0.00758770 -0.33841275
v -0.20957133 0.00750870 -0.33140777
v -0.20927652 0.01206110 -0.32516257
v -0.21837955 0.01310840 -0.33312814
v -0.21049505 0.00815990 -0.51157258
v -0.21886042 0.01445920 -0.51115459
v -0.01805700 0.03860310 -0.27967700
v -0.03997300 0.03246710 -0.27819300
v -0.00397900 0.03258010 -0.28011100
v 0.11797300 0.04138810 -0.25465200
v 0.13152800 0.03961410 -0.23998500
v 0.13196000 0.04376510 -0.23718100
v 0.10697900 0.04039810 -0.26465300
v 0.10917400 0.03274710 -0.26371800
v 0.09613900 0.03967910 -0.27116300
v 0.09541900 0.03238110 -0.27182300
v 0.08483900 0.03935110 -0.27525300
v 0.07836100 0.03240510 -0.27707200
v 0.07141100 0.03838110 -0.27785900
v 0.03700500 0.03257710 -0.28010900
v 0.03494200 0.03858910 -0.28013300
v -0.21659000 0.04826910 -0.01867900
v -0.22385800 0.04439810 0.00739900
v -0.21869000 0.04447310 -0.03053800
v -0.21846600 0.04814310 0.06024800
v -0.22091800 0.04428210 0.07075200
v -0.22369200 0.04433210 0.04506900
v 0.23113900 0.04800710 0.12732500
v 0.22853300 0.04413710 0.14349200
v 0.21238800 0.04791910 0.16640800
v 0.13332200 0.04391710 0.25193400
v 0.15801400 0.04778910 0.23019600
v 0.15305800 0.04394410 0.23847100
v -0.20809600 0.04838310 -0.05746800
v -0.21252700 0.04452910 -0.05608700
v -0.20209500 0.04456010 -0.08658800
v 0.18381400 0.04452810 -0.16758800
v 0.20350000 0.04844710 -0.13196300
v 0.17864400 0.04835910 -0.16790500
v 0.21238800 0.04791910 0.16640800
v 0.21704900 0.04408810 0.16565900
v 0.20364200 0.04404610 0.18637700
v 0.23793100 0.04418610 0.12018600
v 0.23113900 0.04800710 0.12732500
v 0.24065600 0.04806810 0.09715500
v 0.13196000 0.04376510 -0.23718100
v 0.18381400 0.04452810 -0.16758800
v 0.17864400 0.04835910 -0.16790500
v 0.13488200 0.04777610 -0.22676900
v -0.06839200 0.04644610 -0.26505800
v -0.07764900 0.04040310 -0.26466200
v -0.06681600 0.03968710 -0.27116600
v -0.07985000 0.03275010 -0.26372000
v -0.08862600 0.04138810 -0.25467900
v -0.06179500 0.03236610 -0.27368300
v -0.05151700 0.03814210 -0.27653900
v -0.08616300 0.04715910 -0.25043100
v -0.10267600 0.04377210 -0.23713000
v -0.05094900 0.04255810 -0.27447600
v -0.05023000 0.04638410 -0.27135900
v -0.01741000 0.04658110 -0.27452500
v -0.01529900 0.04274810 -0.27773300
v 0.04354400 0.04654610 -0.27479500
v 0.03544900 0.04274010 -0.27801500
v 0.07049700 0.04264710 -0.27581700
v 0.07956400 0.04638110 -0.27135400
v 0.09774300 0.04642910 -0.26506100
v 0.11565100 0.04717810 -0.25023900
v -0.19182700 0.04840910 -0.09980100
v -0.18294600 0.04459910 -0.12563300
v -0.20250100 0.04040610 -0.08878300
v -0.21331600 0.04037110 -0.05762500
v -0.22107000 0.04044610 -0.02479400
v -0.22535200 0.04022510 0.01548000
v -0.22472200 0.04016110 0.04764400
v -0.22172800 0.04011010 0.07346600
v -0.21588200 0.04423410 0.09583300
v -0.21645900 0.04006110 0.09866200
v -0.20861500 0.04418510 0.12018500
v -0.20895200 0.04001110 0.12309800
v -0.19921800 0.04413710 0.14349000
v -0.19930600 0.03996110 0.14646200
v -0.18773400 0.04408810 0.16565700
v -0.18757900 0.03991210 0.16864300
v -0.17432600 0.04404610 0.18637700
v -0.17392700 0.03987010 0.18935300
v -0.15907100 0.04401010 0.20555700
v -0.15843500 0.03983310 0.20849100
v -0.15987000 0.03386210 0.20684200
v -0.17520800 0.03389910 0.18755400
v -0.18869400 0.03394210 0.16670900
v -0.20024400 0.03399210 0.14441100
v -0.20970300 0.03404110 0.12094800
v -0.21701600 0.03409110 0.09643100
v -0.22208500 0.03414010 0.07117500
v -0.22487600 0.03419110 0.04531200
v -0.22521000 0.03424410 0.01222000
v -0.22066700 0.03432310 -0.02706600
v -0.21300100 0.03439910 -0.05871300
v -0.20442100 0.03442610 -0.08371500
v -0.18794200 0.03445110 -0.11946700
v -0.18811800 0.04042410 -0.11858200
v -0.17531100 0.04045610 -0.13984100
v -0.16334500 0.03444810 -0.15751600
v -0.15447600 0.04452910 -0.16761500
v -0.15616600 0.04038410 -0.16744200
v -0.10261800 0.03365810 -0.23955700
v -0.10223000 0.03961910 -0.23995600
v -0.10267600 0.04377210 -0.23713000
v -0.08862600 0.04138810 -0.25467900
v -0.07985000 0.03275010 -0.26372000
v -0.20809600 0.04838310 -0.05746800
v -0.21869000 0.04447310 -0.03053800
v -0.21252700 0.04452910 -0.05608700
v -0.21659000 0.04826910 -0.01867900
v -0.19238800 0.05339710 -0.04130800
v -0.19182700 0.04840910 -0.09980100
v -0.20209500 0.04456010 -0.08658800
v -0.20138700 0.05313110 0.03928400
v -0.22000300 0.04822810 0.01530400
v -0.22385800 0.04439810 0.00739900
v -0.22369200 0.04433210 0.04506900
v -0.21846600 0.04814310 0.06024800
v -0.16823300 0.05340910 -0.10402100
v -0.17417400 0.04844810 -0.13197700
v -0.18294600 0.04459910 -0.12563300
v -0.15447600 0.04452910 -0.16761500
v -0.14926000 0.04835910 -0.16799500
v -0.10267600 0.04377210 -0.23713000
v -0.13985900 0.05339110 -0.14783500
v -0.10547500 0.04777710 -0.22688100
v -0.08616300 0.04715910 -0.25043100
v -0.09138000 0.05278810 -0.21336900
v -0.09327600 0.06740310 -0.07553300
v -0.03834500 0.06653710 -0.15032100
v -0.06870300 0.05198810 -0.24072700
v -0.06839200 0.04644610 -0.26505800
v -0.04527300 0.05132310 -0.25332400
v -0.05023000 0.04638410 -0.27135900
v -0.01741000 0.04658110 -0.27452500
v 0.02426100 0.05164610 -0.25619400
v 0.04354400 0.04654610 -0.27479500
v 0.08303400 0.05125910 -0.25130500
v 0.07956400 0.04638110 -0.27135400
v 0.09774300 0.04642910 -0.26506100
v 0.10757100 0.05257410 -0.23020200
v 0.11565100 0.04717810 -0.25023900
v 0.02739400 0.06603910 -0.16069800
v 0.06858900 0.06655610 -0.14945100
v 0.12032000 0.06740010 -0.07869200
v 0.13488200 0.04777610 -0.22676900
v 0.13196000 0.04376510 -0.23718100
v 0.16915100 0.05339110 -0.14787200
v 0.19753200 0.05341010 -0.10404500
v 0.14479000 0.06731710 -0.02765000
v -0.11623600 0.06731310 -0.02414800
v -0.12256800 0.06717810 0.03318100
v 0.15188800 0.06717710 0.03315200
v 0.22170100 0.05339710 -0.04130800
v 0.22113200 0.04840810 -0.09982500
v 0.21227000 0.04459910 -0.12562100
v 0.23740900 0.04838310 -0.05747800
v 0.23141600 0.04455910 -0.08657700
v 0.24590900 0.04827110 -0.01865900
v 0.24800800 0.04447410 -0.03053000
v 0.23018100 0.05316310 0.02135300
v 0.24932000 0.04822810 0.01534200
v 0.24778000 0.04814410 0.06026900
v 0.22563500 0.05307710 0.07643800
v 0.24065600 0.04806810 0.09715500
v 0.14008400 0.06704810 0.08521400
v 0.20617900 0.05294310 0.13734400
v -0.10553100 0.06701610 0.09893700
v 0.11416600 0.06693910 0.12868300
v 0.17582400 0.05281810 0.18485600
v -0.18387200 0.05299310 0.12167500
v 0.18768600 0.04784910 0.20071800
v 0.20364200 0.04404610 0.18637700
v -0.21134600 0.04806710 0.09713400
v -0.21588200 0.04423410 0.09583300
v -0.22091800 0.04428210 0.07075200
v -0.20861500 0.04418510 0.12018500
v -0.20183200 0.04800610 0.12730300
v -0.19921800 0.04413710 0.14349000
v -0.18308400 0.04791910 0.16638800
v -0.15006700 0.05283010 0.18069000
v -0.15838300 0.04784810 0.20070300
v -0.12871200 0.04778810 0.23018500
v -0.06458000 0.06689010 0.14775100
v -0.11149000 0.05274010 0.21947100
v -0.08967900 0.04773410 0.25625900
v -0.10401100 0.04391610 0.25193100
v -0.12374400 0.04394410 0.23846900
v -0.07037700 0.05268010 0.24438400
v 0.07059400 0.06685510 0.16211800
v -0.01916300 0.06683610 0.17020600
v 0.14079400 0.05274110 0.21947400
v 0.17149300 0.04397610 0.22294700
v 0.18838600 0.04401010 0.20555800
v 0.11898300 0.04773510 0.25626500
v 0.09968300 0.05268110 0.24438500
v -0.04671600 0.04770310 0.27363300
v -0.06127700 0.04388010 0.27234400
v -0.08309600 0.04389610 0.26327100
v -0.03052400 0.05265210 0.25806600
v -0.01322300 0.04768910 0.28027900
v 0.01465400 0.05270710 0.26296800
v 0.01465500 0.04772810 0.28210600
v 0.04253400 0.04768910 0.28028000
v 0.02452900 0.06682710 0.17429200
v 0.05983100 0.05265310 0.25806500
v 0.07602200 0.04770310 0.27363500
v 0.09058700 0.04388010 0.27234600
v 0.11240700 0.04389610 0.26327300
v -0.14217900 0.04397510 0.22294500
v -0.15907100 0.04401010 0.20555700
v -0.17432600 0.04404610 0.18637700
v -0.18773400 0.04408810 0.16565700
v 0.04253400 0.04768910 0.28028000
v 0.03951500 0.04386210 0.28428500
v 0.01465500 0.04772810 0.28210600
v 0.07602200 0.04770310 0.27363500
v 0.06799800 0.04386910 0.27911200
v 0.09058700 0.04388010 0.27234600
v 0.07764100 0.03969710 0.27828900
v 0.10005000 0.03971110 0.27052400
v 0.09090600 0.03373010 0.27397400
v 0.11240700 0.04389610 0.26327300
v 0.12652200 0.03973410 0.25792600
v 0.13332200 0.04391710 0.25193400
v 0.11898300 0.04773510 0.25626500
v 0.15197000 0.03976710 0.24124500
v 0.15305800 0.04394410 0.23847100
v 0.06822100 0.03371910 0.28077000
v 0.05464500 0.03968710 0.28367900
v 0.04504500 0.03371110 0.28516600
v 0.03124500 0.03968210 0.28665000
v 0.02051700 0.03370710 0.28718700
v 0.00881800 0.04385710 0.28550100
v -0.01322300 0.04768910 0.28027900
v 0.00292900 0.03968210 0.28704200
v -0.00400900 0.03370810 0.28645500
v -0.01560600 0.04386110 0.28348900
v -0.04671600 0.04770310 0.27363300
v -0.02533400 0.03968710 0.28367800
v -0.02738200 0.03371410 0.28326700
v -0.03868700 0.04386810 0.27911100
v -0.06127700 0.04388010 0.27234400
v -0.04832700 0.03969710 0.27828800
v -0.05033200 0.03372410 0.27766600
v -0.07073700 0.03971010 0.27052300
v -0.07267600 0.03373810 0.26969500
v -0.08309600 0.04389610 0.26327100
v -0.09720800 0.03973310 0.25792500
v -0.09980600 0.03376210 0.25641300
v -0.10401100 0.04391610 0.25193100
v -0.08967900 0.04773410 0.25625900
v -0.12265700 0.03976610 0.24124300
v -0.12374400 0.04394410 0.23846900
v -0.12435700 0.03379510 0.23993200
v -0.14131100 0.03979810 0.22581400
v -0.14288700 0.03382710 0.22432700
v 0.11282500 0.03374610 0.26485900
v 0.13383600 0.03376810 0.25346700
v 0.15366900 0.03379510 0.23993600
v 0.17062500 0.03979910 0.22581600
v 0.17219800 0.03382710 0.22433100
v 0.17149300 0.04397610 0.22294700
v 0.15801400 0.04778910 0.23019600
v -0.14217900 0.04397510 0.22294500
v -0.15843500 0.03983310 0.20849100
v -0.15907100 0.04401010 0.20555700
v -0.15987000 0.03386210 0.20684200
v 0.22853300 0.04413710 0.14349200
v 0.22862200 0.03996210 0.14646300
v 0.21689400 0.03991310 0.16864400
v 0.23826900 0.04001210 0.12309900
v 0.21800700 0.03394210 0.16671500
v 0.22955800 0.03399210 0.14441600
v 0.20452200 0.03389910 0.18755700
v 0.23901800 0.03404210 0.12095300
v 0.20324300 0.03987010 0.18935300
v 0.18918400 0.03386310 0.20684400
v 0.24577500 0.04006110 0.09866300
v 0.24633100 0.03409110 0.09643600
v 0.25104400 0.04011110 0.07346800
v 0.24519700 0.04423410 0.09583400
v 0.24778000 0.04814410 0.06026900
v 0.18838600 0.04401010 0.20555800
v 0.18768600 0.04784910 0.20071800
v 0.18775200 0.03983410 0.20849000
v 0.17219800 0.03382710 0.22433100
v 0.17149300 0.04397610 0.22294700
v 0.17062500 0.03979910 0.22581600
v 0.25140100 0.03414010 0.07118100
v 0.25403800 0.04016210 0.04764500
v 0.25419200 0.03419210 0.04531800
v 0.25023400 0.04428210 0.07075400
v 0.25300800 0.04433310 0.04506900
v 0.25466800 0.04022510 0.01548300
v 0.25452700 0.03424410 0.01222700
v 0.25317400 0.04439810 0.00740200
v 0.25038800 0.04044610 -0.02478700
v 0.24800800 0.04447410 -0.03053000
v 0.24998500 0.03432410 -0.02705700
v 0.24184500 0.04452910 -0.05608000
v 0.24263600 0.04037110 -0.05761600
v 0.24231900 0.03439810 -0.05870800
v 0.23141600 0.04455910 -0.08657700
v 0.23182100 0.04040510 -0.08877400
v 0.23374100 0.03442510 -0.08370900
v 0.21726200 0.03445110 -0.11946300
v 0.21227000 0.04459910 -0.12562100
v 0.22113200 0.04840810 -0.09982500
v 0.21743900 0.04042410 -0.11857500
v 0.20463300 0.04045510 -0.13983400
v 0.19266200 0.03444710 -0.15751700
v 0.18381400 0.04452810 -0.16758800
v 0.18549200 0.04038310 -0.16743200
v 0.13194200 0.03365610 -0.23955300
v 0.13152800 0.03961410 -0.23998500
v 0.13196000 0.04376510 -0.23718100
v 0.11797300 0.04138810 -0.25465200
v 0.10917400 0.03274710 -0.26371800
v 0.24932000 0.04822810 0.01534200
v 0.24590900 0.04827110 -0.01865900
v 0.23740900 0.04838310 -0.05747800
v -0.04794900 0.03562410 0.27046400
v -0.04624400 0.04157910 0.27099800
v -0.06787600 0.04159310 0.26348700
v -0.02579800 0.03561510 0.27586000
v -0.02406000 0.04157010 0.27621400
v -0.00325000 0.03560910 0.27892500
v -0.00149100 0.04156410 0.27909600
v 0.02596300 0.03558210 0.27954300
v 0.02611900 0.04157410 0.27947700
v 0.05337000 0.04157010 0.27621500
v 0.05510900 0.03561510 0.27586100
v 0.07555600 0.04157910 0.27099900
v 0.07726100 0.03562410 0.27046500
v 0.09718800 0.04159310 0.26348800
v 0.09883900 0.03563910 0.26277800
v 0.11799900 0.04161110 0.25376200
v 0.12502300 0.03566510 0.24997700
v 0.14244000 0.04164310 0.23887000
v 0.14880500 0.03569710 0.23403000
v 0.16539700 0.04168210 0.22021200
v 0.16674700 0.03572910 0.21893300
v -0.06952900 0.03563910 0.26277600
v -0.08868800 0.04161110 0.25375900
v -0.09571100 0.03566410 0.24997400
v -0.11312800 0.04164310 0.23886700
v -0.11949200 0.03569710 0.23402800
v -0.13608300 0.04168210 0.22021000
v -0.13743300 0.03572910 0.21893100
v -0.15265900 0.04171810 0.20342100
v -0.15389100 0.03576510 0.20200000
v -0.07496000 0.03462310 -0.25777600
v -0.07655000 0.04065610 -0.25645500
v -0.05892000 0.04021110 -0.26673100
v -0.05897100 0.03429210 -0.26659000
v -0.03892500 0.03439210 -0.27068800
v -0.04056900 0.04031510 -0.27040600
v -0.00516100 0.04044510 -0.27258000
v 0.00528000 0.03446710 -0.27279000
v 0.03956300 0.04044910 -0.27235700
v 0.06380400 0.03440910 -0.27125300
v 0.06989300 0.04031210 -0.27040400
v 0.08824300 0.04020810 -0.26672900
v 0.08829500 0.03428810 -0.26658800
v 0.10428300 0.03462010 -0.25777400
v 0.10587300 0.04065310 -0.25645300
v 0.12474700 0.03547110 -0.23614800
v 0.12639300 0.04151310 -0.23399700
v 0.18280800 0.03634010 -0.15817900
v 0.12474700 0.03547110 -0.23614800
v 0.12639300 0.04151310 -0.23399700
v 0.17787500 0.04224910 -0.16485900
v 0.20628600 0.04232610 -0.12301100
v 0.21031600 0.03635410 -0.11603600
v 0.22513600 0.04228410 -0.08462800
v 0.23091100 0.03632010 -0.06978400
v 0.23540200 0.04225410 -0.05466700
v 0.24229700 0.03622610 -0.02587000
v 0.24147500 0.04219810 -0.02955600
v 0.24534300 0.04213010 -0.00396100
v 0.24675400 0.03616810 0.01263200
v 0.24693900 0.04210010 0.02151700
v 0.24642000 0.03609710 0.04495500
v 0.24628700 0.04204910 0.04697200
v 0.24369100 0.03604510 0.07016000
v 0.24338200 0.04199710 0.07214600
v 0.23874500 0.03599510 0.09475300
v 0.23826500 0.04194710 0.09668200
v 0.23161900 0.03594610 0.11861000
v 0.23097200 0.04189810 0.12046700
v 0.22241200 0.03589510 0.14142000
v 0.22160900 0.04184710 0.14318200
v 0.21118300 0.03584610 0.16307900
v 0.21022200 0.04179810 0.16475000
v 0.19808800 0.03580210 0.18330200
v 0.19698500 0.04175510 0.18485500
v 0.18320600 0.03576510 0.20200100
v 0.18197300 0.04171810 0.20342300
v 0.16674700 0.03572910 0.21893300
v 0.16539700 0.04168210 0.22021200
v -0.21437500 0.03604510 0.07015300
v -0.21697100 0.04204810 0.04696800
v -0.21710400 0.03609710 0.04495000
v -0.21762300 0.04210010 0.02151100
v -0.21743800 0.03616810 0.01262300
v -0.21602700 0.04212910 -0.00395300
v -0.21297900 0.03622510 -0.02587700
v -0.21215700 0.04219710 -0.02956100
v -0.20608400 0.04225410 -0.05467100
v -0.20159300 0.03632010 -0.06978900
v -0.19581500 0.04228510 -0.08463800
v -0.18099600 0.03635410 -0.11604100
v -0.17696200 0.04232710 -0.12302200
v -0.15348400 0.03634110 -0.15818900
v -0.14853300 0.04225010 -0.16489200
v -0.09706700 0.04151510 -0.23400600
v -0.09542400 0.03547310 -0.23615100
v -0.07655000 0.04065610 -0.25645500
v -0.07496000 0.03462310 -0.25777600
v -0.21406600 0.04199710 0.07213900
v -0.20942900 0.03599510 0.09474800
v -0.20895000 0.04194710 0.09667600
v -0.20230400 0.03594510 0.11860600
v -0.20165700 0.04189710 0.12046200
v -0.19309800 0.03589510 0.14141500
v -0.19229500 0.04184710 0.14317700
v -0.18187000 0.03584510 0.16307400
v -0.18090900 0.04179710 0.16474500
v -0.16877300 0.03580210 0.18330000
v -0.16767100 0.04175410 0.18485200
v -0.15389100 0.03576510 0.20200000
v -0.15265900 0.04171810 0.20342100
v -0.07655000 0.04065610 -0.25645500
v -0.05328600 0.04501210 -0.24944000
v -0.05892000 0.04021110 -0.26673100
v -0.04056900 0.04031510 -0.27040600
v -0.07912300 0.04627310 -0.22670700
v -0.09706700 0.04151510 -0.23400600
v -0.14853300 0.04225010 -0.16489200
v -0.01446300 0.04523910 -0.25392300
v -0.00516100 0.04044510 -0.27258000
v 0.05952800 0.04518310 -0.25354200
v 0.03956300 0.04044910 -0.27235700
v 0.06989300 0.04031210 -0.27040400
v 0.08824300 0.04020810 -0.26672900
v -0.04579900 0.05253510 -0.16131300
v -0.13822900 0.04708810 -0.14716600
v -0.17696200 0.04232710 -0.12302200
v -0.09942300 0.05345510 -0.08589700
v -0.16664700 0.04710710 -0.10334100
v -0.19581500 0.04228510 -0.08463800
v -0.19075700 0.04705110 -0.04142400
v -0.20608400 0.04225410 -0.05467100
v -0.21215700 0.04219710 -0.02956100
v -0.21602700 0.04212910 -0.00395300
v 0.00614500 0.05201410 -0.17387900
v 0.07407900 0.05252110 -0.16199900
v 0.13623400 0.05347610 -0.07519500
v -0.12499100 0.05337810 -0.03083400
v -0.19901000 0.04689110 0.02098200
v -0.21762300 0.04210010 0.02151100
v -0.21697100 0.04204810 0.04696800
v -0.19462900 0.04677410 0.07607800
v -0.21406600 0.04199710 0.07213900
v -0.20895000 0.04194710 0.09667600
v -0.20165700 0.04189710 0.12046200
v -0.13344800 0.05323010 0.03099500
v -0.10989600 0.05302110 0.11625900
v -0.18166600 0.04667110 0.12037000
v -0.19229500 0.04184710 0.14317700
v -0.16153200 0.04656710 0.16132700
v -0.18090900 0.04179710 0.16474500
v -0.16767100 0.04175410 0.18485200
v -0.15265900 0.04171810 0.20342100
v -0.12295900 0.04646010 0.20791900
v -0.13608300 0.04168210 0.22021000
v -0.11312800 0.04164310 0.23886700
v -0.07438800 0.04637810 0.24083000
v -0.08868800 0.04161110 0.25375900
v -0.06787600 0.04159310 0.26348700
v -0.04624400 0.04157910 0.27099800
v -0.05511700 0.05288710 0.16815200
v 0.09194700 0.05289610 0.16566100
v -0.03013800 0.04634310 0.25644900
v -0.02406000 0.04157010 0.27621400
v -0.00149100 0.04156410 0.27909600
v 0.00749900 0.05284310 0.18817800
v 0.01465500 0.04635210 0.26148500
v 0.02611900 0.04157410 0.27947700
v 0.05944600 0.04634310 0.25645100
v 0.05337000 0.04157010 0.27621500
v 0.07555600 0.04157910 0.27099900
v 0.11324300 0.04639110 0.23640500
v 0.09718800 0.04159310 0.26348800
v 0.11799900 0.04161110 0.25376200
v 0.14244000 0.04164310 0.23887000
v 0.15995800 0.04647710 0.19995100
v 0.19084700 0.04656710 0.16132900
v 0.16539700 0.04168210 0.22021200
v 0.18197300 0.04171810 0.20342300
v 0.19698500 0.04175510 0.18485500
v 0.21022200 0.04179810 0.16475000
v 0.22160900 0.04184710 0.14318200
v 0.14562600 0.05305610 0.10159500
v 0.21098000 0.04667210 0.12037500
v 0.22394400 0.04677510 0.07608700
v 0.23097200 0.04189810 0.12046700
v 0.23826500 0.04194710 0.09668200
v 0.24338200 0.04199710 0.07214600
v 0.24628700 0.04204910 0.04697200
v 0.16373100 0.05324910 0.01997400
v 0.22008200 0.04705210 -0.04138500
v 0.22832700 0.04689110 0.02105400
v 0.24693900 0.04210010 0.02151700
v 0.24534300 0.04213010 -0.00396100
v 0.24147500 0.04219810 -0.02955600
v 0.23540200 0.04225410 -0.05466700
v 0.22513600 0.04228410 -0.08462800
v 0.19595100 0.04710610 -0.10336600
v 0.20628600 0.04232610 -0.12301100
v 0.16752200 0.04708810 -0.14720100
v 0.17787500 0.04224910 -0.16485900
v 0.11967700 0.04648610 -0.21190600
v 0.12639300 0.04151310 -0.23399700
v 0.09492000 0.04545310 -0.24218300
v 0.10587300 0.04065310 -0.25645300
v -0.18794200 0.03445110 -0.11946700
v -0.20442100 0.03442610 -0.08371500
v -0.20159300 0.03632010 -0.06978900
v -0.21300100 0.03439910 -0.05871300
v -0.18099600 0.03635410 -0.11604100
v -0.21297900 0.03622510 -0.02587700
v -0.16334500 0.03444810 -0.15751600
v -0.22066700 0.03432310 -0.02706600
v -0.15348400 0.03634110 -0.15818900
v -0.10261800 0.03365810 -0.23955700
v -0.09542400 0.03547310 -0.23615100
v -0.07985000 0.03275010 -0.26372000
v -0.07496000 0.03462310 -0.25777600
v -0.06179500 0.03236610 -0.27368300
v -0.05897100 0.03429210 -0.26659000
v -0.03997300 0.03246710 -0.27819300
v -0.03892500 0.03439210 -0.27068800
v -0.00397900 0.03258010 -0.28011100
v 0.00528000 0.03446710 -0.27279000
v 0.03700500 0.03257710 -0.28010900
v 0.06380400 0.03440910 -0.27125300
v 0.07836100 0.03240510 -0.27707200
v 0.08829500 0.03428810 -0.26658800
v 0.09541900 0.03238110 -0.27182300
v 0.10428300 0.03462010 -0.25777400
v 0.10917400 0.03274710 -0.26371800
v 0.12474700 0.03547110 -0.23614800
v 0.13194200 0.03365610 -0.23955300
v 0.18280800 0.03634010 -0.15817900
v 0.19266200 0.03444710 -0.15751700
v 0.21031600 0.03635410 -0.11603600
v 0.21726200 0.03445110 -0.11946300
v 0.23091100 0.03632010 -0.06978400
v 0.23374100 0.03442510 -0.08370900
v 0.24231900 0.03439810 -0.05870800
v 0.24229700 0.03622610 -0.02587000
v 0.24998500 0.03432410 -0.02705700
v 0.24675400 0.03616810 0.01263200
v 0.25452700 0.03424410 0.01222700
v 0.25419200 0.03419210 0.04531800
v 0.24642000 0.03609710 0.04495500
v 0.25140100 0.03414010 0.07118100
v 0.24369100 0.03604510 0.07016000
v 0.24633100 0.03409110 0.09643600
v 0.23874500 0.03599510 0.09475300
v 0.23901800 0.03404210 0.12095300
v 0.23161900 0.03594610 0.11861000
v 0.22955800 0.03399210 0.14441600
v 0.22241200 0.03589510 0.14142000
v 0.21800700 0.03394210 0.16671500
v 0.21118300 0.03584610 0.16307900
v 0.20452200 0.03389910 0.18755700
v 0.19808800 0.03580210 0.18330200
v 0.18918400 0.03386310 0.20684400
v 0.18320600 0.03576510 0.20200100
v 0.17219800 0.03382710 0.22433100
v 0.16674700 0.03572910 0.21893300
v 0.15366900 0.03379510 0.23993600
v 0.14880500 0.03569710 0.23403000
v 0.13383600 0.03376810 0.25346700
v 0.12502300 0.03566510 0.24997700
v 0.11282500 0.03374610 0.26485900
v 0.09883900 0.03563910 0.26277800
v 0.09090600 0.03373010 0.27397400
v 0.07726100 0.03562410 0.27046500
v 0.06822100 0.03371910 0.28077000
v 0.05510900 0.03561510 0.27586100
v 0.04504500 0.03371110 0.28516600
v 0.02596300 0.03558210 0.27954300
v 0.02051700 0.03370710 0.28718700
v -0.00325000 0.03560910 0.27892500
v -0.00400900 0.03370810 0.28645500
v -0.02579800 0.03561510 0.27586000
v -0.02738200 0.03371410 0.28326700
v -0.04794900 0.03562410 0.27046400
v -0.05033200 0.03372410 0.27766600
v -0.06952900 0.03563910 0.26277600
v -0.07267600 0.03373810 0.26969500
v -0.09571100 0.03566410 0.24997400
v -0.09980600 0.03376210 0.25641300
v -0.11949200 0.03569710 0.23402800
v -0.12435700 0.03379510 0.23993200
v -0.13743300 0.03572910 0.21893100
v -0.14288700 0.03382710 0.22432700
v -0.15389100 0.03576510 0.20200000
v -0.15987000 0.03386210 0.20684200
v -0.16877300 0.03580210 0.18330000
v -0.17520800 0.03389910 0.18755400
v -0.18187000 0.03584510 0.16307400
v -0.18869400 0.03394210 0.16670900
v -0.19309800 0.03589510 0.14141500
v -0.20024400 0.03399210 0.14441100
v -0.20230400 0.03594510 0.11860600
v -0.20970300 0.03404110 0.12094800
v -0.20942900 0.03599510 0.09474800
v -0.21701600 0.03409110 0.09643100
v -0.21437500 0.03604510 0.07015300
v -0.22208500 0.03414010 0.07117500
v -0.21710400 0.03609710 0.04495000
v -0.22487600 0.03419110 0.04531200
v -0.21743800 0.03616810 0.01262300
v -0.22521000 0.03424410 0.01222000
vn 0.75595735 0.49366975 -0.42990542
vn 0.35675041 0.17021249 -0.91856238
vn 0.77642888 -0.09352223 -0.62322691
vn 0.76009378 -0.03906038 0.64863837
vn 0.33660059 0.26586040 0.90333730
vn 0.90860640 0.26745931 0.32078018
vn 0.84080681 -0.42630030 0.33363447
vn 0.31874751 -0.33123234 0.88807948
vn 0.28691567 -0.88511864 0.36639377
vn -0.70264617 -0.09459053 -0.70522407
vn -0.85306897 -0.42464902 -0.30322689
vn -0.35271285 -0.52345402 -0.77562203
vn -0.36339723 0.92080085 0.14166244
vn -0.91254752 0.29015921 0.28820942
vn -0.69581105 0.48559302 -0.52919411
vn 0.18052399 -0.54169230 -0.82096318
vn 0.02550342 -0.40811770 -0.91257302
vn 0.00362309 -0.88469651 -0.46615336
vn -0.02146562 -0.41755812 -0.90839663
vn -0.35271285 -0.52345402 -0.77562203
vn -0.74940023 -0.30981580 0.58516105
vn -0.26908409 -0.93983675 0.21047716
vn -0.62661007 -0.67020829 0.39771932
vn -0.84979593 -0.30450251 0.43026166
vn -0.30890437 -0.93808751 0.15674793
vn -0.95511253 -0.28485641 -0.08134423
vn -0.75887509 -0.65122340 0.00408288
vn -0.36065942 -0.93218138 -0.03102681
vn 0.28592693 -0.32001270 0.90323732
vn 0.29052083 -0.68111030 0.67207619
vn 0.10027132 -0.94295420 0.31746345
vn 0.46222008 -0.31796243 0.82779979
vn 0.16306030 -0.94225675 0.29251247
vn 0.42076636 -0.67849619 0.60216159
vn 0.56939109 -0.10867850 0.81485138
vn 0.61861638 -0.31483930 0.71985415
vn 0.74932930 -0.28894861 -0.59583076
vn 0.57246667 -0.66215966 -0.48355608
vn 0.28014283 -0.93478309 -0.21840462
vn 0.84978606 -0.30450259 0.43028110
vn 0.30890074 -0.93808752 0.15675500
vn 0.62660836 -0.67021611 0.39770885
vn 0.74938692 -0.30981581 0.58517811
vn 0.84001196 -0.10195000 0.53290347
vn 0.26907779 -0.93983114 0.21051027
vn 0.53402918 -0.67478941 0.50938403
vn 0.71959779 -0.10558241 0.68631726
vn 0.61861638 -0.31483930 0.71985415
vn 0.91729965 -0.29839658 0.26366802
vn 0.33801278 -0.93608981 0.09738191
vn 0.69585054 -0.66422056 0.27313562
vn -0.71205351 0.44715587 -0.54132377
vn -0.52072421 0.73667017 -0.43146652
vn -0.56783635 0.72524716 -0.38933074
vn 0.24535538 0.60710345 0.75579504
vn 0.54459475 0.81669198 0.19086845
vn 0.62234037 0.41953534 0.66081962
vn 0.87603131 0.25706239 -0.40802950
vn 0.30612166 0.35848632 -0.88191671
vn 0.60062945 -0.07022303 -0.79643769
vn -0.26507486 -0.37660058 -0.88764144
vn -0.39615422 -0.88695299 -0.23743677
vn -0.18645720 -0.25180048 -0.94964743
vn -0.37607051 -0.58407212 0.71932658
vn -0.69192830 -0.21156938 0.69027069
vn -0.37667012 -0.09115873 0.92185124
vn 0.22800822 0.94508308 0.23415855
vn 0.80527970 0.50086003 0.31727565
vn 0.16097517 0.71254622 0.68290913
vn -0.34315071 0.38342662 0.85745648
vn -0.83486189 0.38886411 0.38960279
vn -0.15393997 0.91725119 0.36735915
vn -0.03129164 -0.30687763 0.95123444
vn 0.12016643 -0.71410702 0.68964571
vn -0.32979028 -0.71162172 0.62034902
vn -0.83486189 0.38886411 0.38960279
vn -0.34315071 0.38342662 0.85745648
vn -0.05940655 -0.87409023 -0.48211734
vn -0.50690933 -0.72194440 -0.47099811
vn 0.16040694 -0.91056289 0.38097878
vn 0.13733436 -0.98001458 -0.14391214
vn 0.03729787 -0.14927490 -0.98809204
vn 0.70847210 -0.59665392 -0.37692357
vn -0.15349217 -0.91986184 -0.36096310
vn -0.45480386 -0.83799824 -0.30151683
vn -0.16633602 -0.15876779 -0.97320353
vn 0.38541216 -0.77767815 0.49666302
vn 0.54212630 -0.17614798 0.82162702
vn 0.06754275 -0.55170238 0.83130166
vn -0.71266374 0.32436974 0.62200857
vn -0.38030764 0.53477230 0.75457583
vn -0.51764465 0.77267273 0.36745186
vn -0.39107303 0.18273702 0.90203607
vn 0.03714276 0.54296158 0.83893572
vn 0.13638574 0.19319601 0.97163482
vn 0.45901486 0.45648511 0.76218548
vn 0.58973355 0.17412420 0.78860326
vn -0.40535157 -0.09349035 0.90936772
vn -0.28759887 -0.73169100 0.61799285
vn -0.67364613 -0.51228608 0.53269490
vn -0.79822787 -0.18442719 0.57342731
vn -0.73654704 0.10098449 0.66880534
vn 0.82188548 -0.45042942 0.34873713
vn 0.24592964 0.65774034 -0.71196647
vn 0.05003421 0.88041750 -0.47155233
vn 0.34470040 0.86291636 -0.36953618
vn 0.02975842 0.85003984 0.52587709
vn -0.27996180 0.85553867 0.43551691
vn -0.38030764 0.53477230 0.75457583
vn -0.43905732 0.38748272 0.81060829
vn -0.22662330 0.57243250 0.78801200
vn -0.24944222 0.87419776 0.41660155
vn -0.10141066 -0.55172667 0.82783667
vn -0.08042774 -0.95993634 0.26842803
vn 0.07683896 -0.58086969 0.81036176
vn -0.53800851 -0.59115901 0.60089756
vn -0.79711864 -0.08392411 0.59796205
vn -0.59646658 -0.76436037 0.24490986
vn -0.93426740 0.31773199 -0.16183575
vn -0.45899346 0.88740944 -0.04277257
vn -0.83732227 0.49832278 -0.22486845
vn -0.13452936 -0.87087833 -0.47272908
vn -0.40555142 -0.33586961 -0.85012920
vn -0.16396488 -0.22295770 -0.96093984
vn 0.07083932 0.99713229 -0.02662662
vn 0.04824405 0.99860446 0.02148587
vn 0.43190330 0.90181935 0.01346821
vn 0.45381730 0.89033719 -0.03673621
vn 0.67579085 0.53992570 -0.50178379
vn 0.02947033 0.99791917 -0.05734834
vn -0.29662234 0.94086574 0.16366686
vn -0.45899346 0.88740944 -0.04277257
vn -0.93426740 0.31773199 -0.16183575
vn -0.94704299 0.30730386 0.09313387
vn 0.11241890 0.36943813 0.92243019
vn 0.45625619 0.37509080 0.80693072
vn 0.17525434 0.81518406 0.55205150
vn -0.94704299 0.30730386 0.09313387
vn -0.41702876 0.90136817 0.11671517
vn -0.45899346 0.88740944 -0.04277257
vn -0.88175805 0.26274109 0.39175230
vn -0.32108305 0.92305380 0.21184277
vn -0.41702876 0.90136817 0.11671517
vn 0.98646057 -0.12035950 0.11139631
vn 0.89308329 0.39493507 -0.21547279
vn 0.45381730 0.89033719 -0.03673621
vn 0.49674614 -0.63187041 0.59496476
vn 0.46378899 -0.40952839 0.78561204
vn 0.07098032 -0.95952806 0.27252099
vn 0.24723411 -0.94379350 0.21938350
vn 0.91270758 0.37366262 0.16535152
vn 0.58826003 0.76961370 0.24828387
vn 0.41349147 0.90919638 0.04885445
vn 0.79250255 0.31594672 0.52164872
vn 0.38349862 0.85991666 0.33685627
vn 0.72114653 0.19700262 0.66418194
vn -0.20627420 -0.73123587 0.65018848
vn -0.01048528 -0.74190785 0.67041987
vn -0.00273308 -0.83767084 0.54616856
vn 0.43195399 -0.67623289 -0.59676196
vn 0.62615136 -0.56859078 -0.53351570
vn 0.51396146 -0.52408298 -0.67910283
vn 0.72197569 -0.68953651 -0.05736301
vn 0.60969379 -0.78356383 -0.11958766
vn 0.64300756 -0.75749727 0.11286794
vn 0.42347224 -0.86938066 -0.25465373
vn 0.64292432 -0.71460158 -0.27566810
vn 0.47268931 -0.87473393 -0.10679592
vn 0.51636398 -0.74882691 -0.41548345
vn 0.67606145 -0.61793709 -0.40136601
vn 0.40021783 -0.91363886 -0.07134231
vn 0.40436254 -0.91319290 0.05069174
vn 0.49888731 -0.86589930 0.03646719
vn 0.36672631 -0.91612913 -0.16192350
vn 0.31182129 -0.91601929 -0.25234133
vn 0.23249370 -0.92131972 -0.31163544
vn 0.33452170 -0.86710629 -0.36908254
vn 0.37095465 -0.78987788 -0.48834986
vn 0.18203070 -0.90405841 -0.38670818
vn 0.08726604 -0.93118969 -0.35393559
vn 0.21354689 -0.82506082 -0.52313705
vn 0.00387184 -0.89610447 -0.44382631
vn -0.08316874 -0.92875418 -0.36124596
vn -0.22046143 -0.89205630 -0.39450261
vn -0.21049271 -0.92432795 -0.31829336
vn -0.26904909 -0.92165318 -0.27958543
vn 0.25230715 -0.71486588 -0.65215632
vn -0.02313014 -0.84515061 -0.53402756
vn 0.33769074 -0.59363157 -0.73045638
vn 0.14844878 -0.59307861 -0.79134109
vn 0.07184529 -0.75012378 -0.65738312
vn 0.03874981 -0.65684890 -0.75302588
vn -0.17495284 -0.79249849 -0.58424108
vn -0.36618081 -0.83489449 -0.41092921
vn -0.39965149 -0.73160938 -0.55229196
vn -0.37308899 -0.89224327 -0.25437483
vn -0.33793886 -0.92079223 -0.19477934
vn -0.41398263 -0.90710643 -0.07600195
vn -0.36915153 -0.92367518 -0.10271958
vn -0.39598274 -0.91822512 -0.00776498
vn -0.53145590 -0.84031217 -0.10691153
vn -0.40680549 -0.91026388 0.07699979
vn -0.51773351 -0.85366022 0.05671191
vn -0.68927296 -0.72117655 0.06933370
vn -0.54712404 -0.81283280 0.19989528
vn -0.38386197 -0.89214952 0.23815799
vn -0.35097637 -0.92063364 0.17102422
vn -0.45676177 -0.81222796 0.36284216
vn -0.25799944 -0.92813206 0.26834152
vn -0.24026336 -0.89505515 0.37569906
vn -0.15144310 -0.93317609 0.32595609
vn -0.07112613 -0.90655271 0.41605680
vn -0.03987787 -0.93488342 0.35270773
vn 0.06599474 -0.93459528 0.34953734
vn -0.28399890 -0.82647223 0.48609493
vn -0.38527956 -0.70439778 0.59614044
vn -0.97393739 -0.15827401 -0.16246629
vn -0.80071090 -0.54628569 -0.24583328
vn -0.77586095 -0.60615894 -0.17496034
vn -0.69567403 0.69753203 -0.17171692
vn -0.26361785 0.96333593 -0.04989503
vn -0.92593621 0.34424113 -0.15537112
vn -0.64886722 0.76048597 -0.02514811
vn -0.66751897 0.70328326 0.24456305
vn -0.90482020 0.40385045 0.13492676
vn -0.66751897 0.70328326 0.24456305
vn -0.64886722 0.76048597 -0.02514811
vn -0.70974321 0.69664409 0.10464986
vn 0.06346027 -0.99788643 -0.01398060
vn 0.11147655 -0.98313956 -0.14494680
vn 0.59620393 -0.75609928 -0.26991619
vn -0.84134257 0.29421577 -0.45340903
vn -0.41094383 0.69023315 -0.59556978
vn -0.73141941 0.52121467 -0.43972823
vn 0.15797556 -0.73553119 -0.65881530
vn -0.23990431 -0.66557545 -0.70672147
vn -0.01936843 -0.90123846 -0.43289040
vn -0.23990431 -0.66557545 -0.70672147
vn 0.15797556 -0.73553119 -0.65881530
vn -0.01791662 -0.62210369 -0.78272984
vn 0.10040348 0.90186807 0.42018225
vn -0.52699136 0.73032291 0.43463611
vn -0.30795183 0.94951559 -0.05988159
vn 0.46186049 0.51705820 0.72064950
vn -0.05390587 0.44902881 0.89188973
vn 0.10040348 0.90186807 0.42018225
vn 0.86010219 -0.28895058 0.42039480
vn 0.65103050 -0.54634221 0.52694353
vn 0.43940029 -0.05964961 0.89630871
vn 0.61429172 0.54296519 0.57256833
vn -0.13726777 0.89994418 0.41383334
vn 0.57875775 0.81452056 -0.03994645
vn 0.62127145 -0.67712602 -0.39436296
vn -0.06553968 -0.59855084 -0.79839930
vn -0.29435596 -0.91722051 -0.26844198
vn 0.02776006 -0.02317140 0.99934602
vn -0.08705377 0.85099797 0.51790356
vn -0.07998517 0.43393122 0.89738847
vn 0.62046828 0.45524355 -0.63857061
vn -0.20720534 0.94361268 -0.25818801
vn -0.04285257 0.59359625 -0.80362127
vn 0.07647768 0.97256030 -0.21972169
vn 0.08634313 0.23749082 -0.96754482
vn 0.08775117 0.80775264 -0.58295403
vn 0.09237100 0.17521490 -0.98018740
vn -0.64363827 0.29768071 -0.70506452
vn -0.59685818 0.73783610 -0.31521137
vn -0.47415311 -0.19812369 -0.85786119
vn 0.19064809 -0.76498935 -0.61517852
vn 0.43461769 -0.88270419 -0.17871982
vn 0.07611541 -0.91711842 0.39128027
vn 0.69529269 0.65565150 -0.29443027
vn 0.74558627 0.01302177 -0.66628189
vn 0.29203328 0.91170156 -0.28899277
vn -0.62270255 0.33099980 0.70899977
vn -0.56887954 0.76430446 0.30366884
vn 0.07682394 0.59431030 0.80055815
vn 0.18264231 -0.48993283 -0.85241282
vn 0.19064809 -0.76498935 -0.61517852
vn 0.08634313 0.23749082 -0.96754482
vn -0.47415311 -0.19812369 -0.85786119
vn -0.61832307 -0.62181069 -0.48065377
vn -0.10135800 -0.56005760 0.82222992
vn -0.22353775 -0.97330053 0.05212437
vn 0.02569407 -0.52526442 0.85055106
vn -0.16319565 -0.83053130 0.53252694
vn 0.63163051 -0.43759329 0.63996485
vn 0.58457731 -0.80788246 0.07480175
vn 0.02776006 -0.02317140 0.99934602
vn -0.08705377 0.85099797 0.51790356
vn -0.07998517 0.43393122 0.89738847
vn -0.49468067 -0.86672398 0.06387937
vn -0.64092724 -0.57078045 0.51324649
vn 0.07611541 -0.91711842 0.39128027
vn 0.19064809 -0.76498935 -0.61517852
vn 0.43461769 -0.88270419 -0.17871982
vn 0.07611541 -0.91711842 0.39128027
vn -0.47368197 -0.15893429 0.86623627
vn -0.69192830 -0.21156938 0.69027069
vn -0.52945697 -0.75461125 0.38760440
vn 0.24592964 0.65774034 -0.71196647
vn 0.34470040 0.86291636 -0.36953618
vn 0.65938413 0.53210132 -0.53111275
vn 0.17525434 0.81518406 0.55205150
vn 0.45625619 0.37509080 0.80693072
vn 0.24132343 0.90782986 0.34294015
vn -0.22450864 0.38078868 -0.89699267
vn -0.49045039 0.35208330 -0.79717988
vn -0.14275962 0.91994843 -0.36512269
vn -0.49045039 0.35208330 -0.79717988
vn -0.24126751 0.93775867 -0.24979725
vn -0.14275962 0.91994843 -0.36512269
vn -0.58818861 -0.43975238 -0.67871349
vn -0.68887593 0.52640958 -0.49834016
vn -0.49045039 0.35208330 -0.79717988
vn -0.88175805 0.26274109 0.39175230
vn -0.41702876 0.90136817 0.11671517
vn -0.94704299 0.30730386 0.09313387
vn -0.81046975 -0.42318388 -0.40503603
vn -0.83732227 0.49832278 -0.22486845
vn -0.68887593 0.52640958 -0.49834016
vn 0.07083932 0.99713229 -0.02662662
vn 0.67579085 0.53992570 -0.50178379
vn 0.02947033 0.99791917 -0.05734834
vn -0.21292983 -0.93908836 -0.26976644
vn -0.40555142 -0.33586961 -0.85012920
vn -0.13452936 -0.87087833 -0.47272908
vn 0.93038294 -0.33817967 -0.14149947
vn 0.06346027 -0.99788643 -0.01398060
vn 0.70201020 -0.68664020 -0.18896272
vn 0.75040462 0.24397488 -0.61430381
vn 0.59620393 -0.75609928 -0.26991619
vn 0.11147655 -0.98313956 -0.14494680
vn 0.72197569 -0.68953651 -0.05736301
vn 0.64292432 -0.71460158 -0.27566810
vn 0.60969379 -0.78356383 -0.11958766
vn -0.29435596 -0.91722051 -0.26844198
vn -0.06553968 -0.59855084 -0.79839930
vn -0.22353775 -0.97330053 0.05212437
vn -0.29512367 -0.91710555 -0.26799148
vn -0.06416172 -0.59621538 -0.80025652
vn -0.22353775 -0.97330053 0.05212437
vn 0.35675041 0.17021249 -0.91856238
vn 0.75595735 0.49366975 -0.42990542
vn 0.19854666 0.88241741 -0.42651933
vn 0.01493028 0.44390959 -0.89594719
vn 0.03088190 -0.07622465 -0.99661232
vn 0.18052399 -0.54169230 -0.82096318
vn 0.77642888 -0.09352223 -0.62322691
vn 0.77084331 -0.43873494 -0.46185739
vn 0.02550342 -0.40811770 -0.91257302
vn -0.01933650 -0.02497367 -0.99950108
vn -0.20376968 0.18448941 -0.96147885
vn -0.18246482 0.89254589 -0.41239352
vn -0.69581105 0.48559302 -0.52919411
vn -0.70264617 -0.09459053 -0.70522407
vn -0.21068894 -0.10321490 -0.97208891
vn -0.35271285 -0.52345402 -0.77562203
vn -0.02146562 -0.41755812 -0.90839663
vn 0.00362309 -0.88469651 -0.46615336
vn -0.00541700 0.93593130 -0.35214097
vn 0.41763464 0.79036158 0.44822971
vn 0.99007860 -0.03038165 -0.13719082
vn 0.99646502 -0.08142630 -0.02066956
vn 0.77084331 -0.43873494 -0.46185739
vn 0.99075445 -0.05411149 0.12440885
vn -0.78867042 -0.02978167 0.61409447
vn -0.53386939 0.50833643 0.67570522
vn -0.99248156 -0.09378804 0.07863935
vn -0.99540359 -0.03402027 0.08952269
vn -0.82813429 -0.43430474 0.35436279
vn -0.98454262 -0.09222205 -0.14889905
vn -0.99318206 0.01492455 -0.11561427
vn 0.31874751 -0.33123234 0.88807948
vn 0.28691567 -0.88511864 0.36639377
vn -0.29843846 -0.41499710 0.85948350
vn -0.30388622 0.00377295 0.95270086
vn -0.82813429 -0.43430474 0.35436279
vn -0.78867042 -0.02978167 0.61409447
vn 0.20492309 0.01572625 0.97865173
vn 0.76009378 -0.03906038 0.64863837
vn 0.33660059 0.26586040 0.90333730
vn -0.16766819 0.25439679 0.95245454
vn -0.53386939 0.50833643 0.67570522
vn -0.03418552 0.82794084 0.55977256
vn 0.41763464 0.79036158 0.44822971
vn -0.91254752 0.29015921 0.28820942
vn -0.36339723 0.92080085 0.14166244
vn -0.53386939 0.50833643 0.67570522
vn -0.03418552 0.82794084 0.55977256
vn 0.04648606 0.99558186 0.08158314
vn 0.41763464 0.79036158 0.44822971
vn -0.18246482 0.89254589 -0.41239352
vn -0.69581105 0.48559302 -0.52919411
vn 0.19854666 0.88241741 -0.42651933
vn 0.75595735 0.49366975 -0.42990542
vn -0.00541700 0.93593130 -0.35214097
vn 0.70332033 -0.62836682 -0.33240885
vn 0.63037274 -0.62427412 -0.46142392
vn 0.54194731 0.73880410 -0.40057660
vn 0.61365031 0.73310618 -0.29323817
vn 0.74920221 -0.63188959 -0.19852352
vn 0.66284736 0.72732062 -0.17787100
vn 0.77045886 -0.63425216 -0.06416656
vn 0.68942948 0.72195821 -0.05885010
vn 0.76862099 -0.63616442 0.06720573
vn 0.69440106 0.71705922 0.06027642
vn 0.74622438 -0.63650559 0.19496103
vn 0.67754471 0.71381387 0.17720869
vn 0.70277660 -0.63678193 0.31719683
vn 0.64055535 0.71128626 0.28941441
vn 0.64137226 -0.63455288 0.43125893
vn 0.58341624 0.71308082 0.38876887
vn 0.56547040 -0.62776267 0.53493668
vn 0.50566644 0.72704513 0.46444248
vn -0.64137405 -0.63454468 0.43126833
vn -0.56550525 -0.62772264 0.53494682
vn -0.50567706 0.72704516 0.46443089
vn -0.58342518 0.71308078 0.38875553
vn -0.70277731 -0.63677596 0.31720723
vn -0.64056189 0.71128631 0.28939981
vn -0.74625724 -0.63647241 0.19494361
vn -0.67754871 0.71381391 0.17719328
vn -0.76861045 -0.63617885 0.06718968
vn -0.69440243 0.71705923 0.06026053
vn -0.68942814 0.72195820 -0.05886589
vn -0.77047079 -0.63423901 -0.06415328
vn -0.74919770 -0.63188959 -0.19854055
vn -0.66284333 0.72732059 -0.17788614
vn -0.70331275 -0.62836681 -0.33242491
vn -0.61364366 0.73310614 -0.29325220
vn -0.63036220 -0.62427410 -0.46143834
vn -0.54193818 0.73880410 -0.40058896
vn -0.52944581 -0.61993163 -0.57911304
vn -0.44865878 0.74392878 -0.49525273
vn -0.48621711 0.52625902 0.69759900
vn -0.43342240 0.74549547 0.50634131
vn -0.32407288 0.74559122 0.58229761
vn -0.00351500 0.99993675 0.01068408
vn -0.00504927 0.99993738 0.00998669
vn -0.52500079 0.74462770 0.41219384
vn -0.61500278 0.52547911 0.58791435
vn -0.00209232 0.99993679 0.01104675
vn -0.20075968 0.74546445 0.63559287
vn -0.33683596 0.52641581 0.78065865
vn 0.44867004 0.74392881 -0.49524248
vn 0.33617103 0.74815720 -0.57205756
vn 0.54194731 0.73880410 -0.40057660
vn 0.20848563 0.75113451 -0.62636306
vn -0.00652776 0.99994033 0.00875927
vn 0.61365031 0.73310618 -0.29323817
vn -0.00069752 0.99993593 0.01129782
vn 0.07068432 0.75288863 -0.65434123
vn -0.59576835 0.74319733 0.30449598
vn -0.71901315 0.52274323 0.45799521
vn -0.00772731 0.99994504 0.00708553
vn 0.66284736 0.72732062 -0.17787100
vn -0.06819625 0.74534633 0.66318030
vn -0.17269925 0.52637608 0.83252820
vn 0.00069727 0.99993593 0.01129784
vn -0.07066942 0.75288858 -0.65434289
vn -0.64462329 0.74103896 0.18794168
vn -0.79388916 0.52121314 0.31317226
vn -0.00859184 0.99994992 0.00513265
vn 0.68942948 0.72195821 -0.05885010
vn 0.06818269 0.74533220 0.66319758
vn -0.00000966 0.52715716 0.84976781
vn 0.00209207 0.99993679 0.01104679
vn -0.20847120 0.75113453 -0.62636785
vn -0.67171859 0.73775732 0.06714369
vn -0.84051370 0.51739841 0.16073457
vn -0.00906608 0.99995419 0.00306841
vn 0.69440106 0.71705922 0.06027642
vn 0.20074519 0.74546448 0.63559742
vn 0.17268309 0.52635232 0.83254657
vn 0.00351476 0.99993675 0.01068417
vn -0.33615801 0.74815720 -0.57206520
vn -0.67718409 0.73376266 -0.05490048
vn -0.85724677 0.51487661 0.00548192
vn -0.00892663 0.99995995 0.00064151
vn 0.67754471 0.71381387 0.17720869
vn -0.66060890 0.73004188 -0.17502781
vn -0.84898963 0.50740081 -0.14751619
vn -0.00828504 0.99996413 -0.00175753
vn 0.64055535 0.71128626 0.28941441
vn -0.62310676 0.72590505 -0.29120409
vn -0.80936554 0.50737401 -0.29580236
vn -0.00702972 0.99996677 -0.00412867
vn 0.58341624 0.71308082 0.38876887
vn -0.00203631 0.99998267 -0.00552333
vn 0.50566644 0.72704513 0.46444248
vn -0.74838719 0.50123622 -0.43437180
vn 0.00262223 0.99998131 -0.00552326
vn 0.39146014 0.75426938 0.52710214
vn -0.43439979 0.76837774 -0.46999199
vn -0.65848567 0.49612100 -0.56591570
vn -0.00973559 0.99982529 -0.01595673
vn 0.22760710 0.76280873 0.60524198
vn -0.17530932 0.79323306 -0.58313631
vn -0.40725364 0.62688082 -0.66420247
vn -0.01799404 0.99944018 -0.02820531
vn 0.06432479 0.74725744 0.66141412
vn -0.03532778 0.78284685 -0.62121072
vn -0.09208204 0.57480350 -0.81309399
vn -0.00923345 0.99985376 -0.01439450
vn -0.06437039 0.74724203 0.66142709
vn 0.03537133 0.78279332 -0.62127570
vn 0.00003958 0.51375642 -0.85793609
vn 0.00923378 0.99985336 -0.01442219
vn -0.22762641 0.76279549 0.60525141
vn 0.17532110 0.79319464 -0.58318502
vn 0.09210010 0.57476784 -0.81311715
vn 0.01802309 0.99943807 -0.02826149
vn -0.39147544 0.75424413 0.52712690
vn 0.43444931 0.76833159 -0.47002167
vn 0.40724445 0.62685651 -0.66423104
vn 0.00976384 0.99982412 -0.01601228
vn -0.50567706 0.72704516 0.46443089
vn 0.52078226 0.73662398 -0.43147531
vn 0.65843358 0.49628061 -0.56583635
vn -0.00259420 0.99998123 -0.00555122
vn -0.58342518 0.71308078 0.38875553
vn 0.56787174 0.72521182 -0.38934498
vn 0.71199559 0.44731349 -0.54126973
vn 0.00206432 0.99998246 -0.00555117
vn -0.64056189 0.71128631 0.28939981
vn 0.62312256 0.72588381 -0.29122324
vn 0.74833147 0.50136293 -0.43432156
vn 0.00702981 0.99996665 -0.00415640
vn -0.67754871 0.71381391 0.17719328
vn 0.66061293 0.73004187 -0.17501265
vn 0.80936512 0.50736958 -0.29581110
vn 0.00828507 0.99996413 -0.00175734
vn -0.69440243 0.71705923 0.06026053
vn 0.67718540 0.73376261 -0.05488505
vn 0.84890133 0.50756290 -0.14746673
vn 0.00892661 0.99995995 0.00064170
vn -0.68942814 0.72195820 -0.05886589
vn 0.00906601 0.99995419 0.00306861
vn -0.66284333 0.72732059 -0.17788614
vn 0.67171704 0.73775732 0.06715913
vn 0.85720990 0.51493778 0.00550150
vn 0.00856383 0.99995016 0.00513286
vn -0.61364366 0.73310614 -0.29325220
vn 0.64461901 0.74103895 0.18795640
vn 0.84051007 0.51739839 0.16075362
vn 0.00772714 0.99994504 0.00708571
vn -0.54193818 0.73880410 -0.40058896
vn 0.59574725 0.74321164 0.30450233
vn 0.79388204 0.52121311 0.31319036
vn 0.00652756 0.99994033 0.00875942
vn -0.44865878 0.74392878 -0.49525273
vn 0.52499137 0.74462770 0.41220583
vn 0.71900267 0.52274327 0.45801161
vn 0.00504905 0.99993766 0.00995889
vn 0.43341087 0.74549547 0.50635118
vn 0.61497872 0.52550273 0.58791841
vn 0.32405967 0.74559117 0.58230502
vn 0.48620114 0.52625898 0.69761016
vn 0.33681812 0.52641587 0.78066631
vn 0.14554189 0.03548916 -0.98871537
vn 0.25842997 0.18710539 -0.94773706
vn 0.09791622 -0.01128553 -0.99513067
vn 0.25036949 -0.06295176 -0.96610155
vn 0.38875358 0.15259850 -0.90861673
vn 0.39310017 -0.14718560 -0.90763906
vn 0.23917804 -0.41669563 -0.87701689
vn 0.53478033 -0.17969170 -0.82566391
vn 0.36206302 -0.74203084 -0.56418136
vn 0.67765040 -0.34521337 -0.64932092
vn 0.66009060 -0.10721149 -0.74349586
vn 0.55120960 -0.05974970 -0.83222470
vn 0.54062656 0.00350588 -0.84125539
vn 0.65845531 0.11143960 -0.74432373
vn 0.72827185 -0.06185107 -0.68249143
vn 0.71118806 0.13129990 -0.69063151
vn 0.40724445 0.62685651 -0.66423104
vn 0.17532110 0.79319464 -0.58318502
vn 0.43444931 0.76833159 -0.47002167
vn 0.65843358 0.49628061 -0.56583635
vn 0.09210010 0.57476784 -0.81311715
vn 0.03960528 0.15757620 -0.98671230
vn 0.03537133 0.78279332 -0.62127570
vn 0.00003958 0.51375642 -0.85793609
vn 0.06253429 -0.04540165 -0.99700961
vn 0.08903579 -0.06441943 -0.99394304
vn 0.14891373 -0.07132351 -0.98627464
vn 0.09630781 -0.17233520 -0.98031902
vn 0.07749856 -0.74614153 -0.66126151
vn 0.03793070 -0.38571129 -0.92183950
vn 0.06293915 -0.02313780 -0.99774912
vn 0.03857337 -0.06531877 -0.99711863
vn 0.00001149 -0.02484030 -0.99969143
vn -0.03955214 0.15760890 -0.98670921
vn -0.03532778 0.78284685 -0.62121072
vn -0.09208204 0.57480350 -0.81309399
vn 0.01792149 -0.05497795 -0.99832672
vn 0.01816988 -0.01712825 -0.99968819
vn 0.00001137 -0.06515346 -0.99787526
vn 0.00001127 -0.15668020 -0.98764939
vn -0.00005058 -0.73922046 -0.67346352
vn -0.03793964 -0.38571092 -0.92183929
vn -0.01789862 -0.05501123 -0.99832530
vn -0.01814700 -0.01719502 -0.99968746
vn -0.03855157 -0.06535400 -0.99711716
vn -0.09789340 -0.01128553 -0.99513292
vn -0.25840833 0.18710541 -0.94774295
vn -0.17530932 0.79323306 -0.58313631
vn -0.40725364 0.62688082 -0.66420247
vn -0.54060735 0.00350588 -0.84126774
vn -0.38873481 0.15256598 -0.90863021
vn -0.06251146 -0.04543496 -0.99700952
vn -0.06291632 -0.02317118 -0.99774978
vn -0.25034685 -0.06298500 -0.96610525
vn -0.39305177 -0.14722000 -0.90765444
vn -0.23915464 -0.41672291 -0.87701031
vn -0.08898268 -0.06445286 -0.99394563
vn -0.09628486 -0.17236740 -0.98031561
vn -0.07748192 -0.74612716 -0.66127968
vn -0.14551958 0.03542246 -0.98872104
vn -0.14889046 -0.07138994 -0.98627334
vn -0.43439979 0.76837774 -0.46999199
vn -0.65848567 0.49612100 -0.56591570
vn -0.71117224 0.13129991 -0.69064780
vn -0.65844065 0.11140660 -0.74434164
vn -0.55119059 -0.05974970 -0.83223729
vn -0.66007123 -0.10724450 -0.74350830
vn -0.53475825 -0.17972389 -0.82567120
vn -0.36204424 -0.74201863 -0.56420947
vn -0.56550525 -0.62772264 0.53494682
vn -0.45247318 -0.61826372 0.64266476
vn -0.39147544 0.75424413 0.52712690
vn -0.50567706 0.72704516 0.46443089
vn -0.22762641 0.76279549 0.60525141
vn -0.26148998 -0.63800381 0.72427490
vn -0.06437039 0.74724203 0.66142709
vn -0.07697510 -0.65196753 0.75432962
vn 0.06432479 0.74725744 0.66141412
vn 0.07689770 -0.65198909 0.75431888
vn 0.22760710 0.76280873 0.60524198
vn 0.26147371 -0.63803651 0.72425197
vn 0.39146014 0.75426938 0.52710214
vn 0.45245804 -0.61829537 0.64264497
vn 0.50566644 0.72704513 0.46444248
vn 0.56547040 -0.62776267 0.53493668
vn 0.63037274 -0.62427412 -0.46142392
vn 0.44867004 0.74392881 -0.49524248
vn 0.54194731 0.73880410 -0.40057660
vn 0.52945900 -0.61993170 -0.57910091
vn 0.33617103 0.74815720 -0.57205756
vn 0.40178117 -0.61604771 -0.67753753
vn 0.20848563 0.75113451 -0.62636306
vn 0.25169506 -0.61290591 -0.74899662
vn 0.07068432 0.75288863 -0.65434123
vn 0.08583903 -0.61134983 -0.78669120
vn -0.07066942 0.75288858 -0.65434289
vn -0.08582115 -0.61134985 -0.78669313
vn -0.20847120 0.75113453 -0.62636785
vn -0.25167794 -0.61290585 -0.74900243
vn -0.33615801 0.74815720 -0.57206520
vn -0.40176571 -0.61604776 -0.67754666
vn -0.44865878 0.74392878 -0.49525273
vn -0.52944581 -0.61993163 -0.57911304
vn -0.66060890 0.73004188 -0.17502781
vn -0.84898963 0.50740081 -0.14751619
vn -0.96395653 0.06161800 -0.25882626
vn -0.80936554 0.50737401 -0.29580236
vn -0.93613954 -0.07835977 -0.34278638
vn -0.90356269 0.05614679 -0.42476111
vn -0.62310676 0.72590505 -0.29120409
vn -0.74838719 0.50123622 -0.43437180
vn -0.95042729 -0.07719265 -0.30121299
vn -0.96174421 -0.08985735 -0.25879283
vn -0.97346349 -0.07519058 -0.21613700
vn -0.93510139 -0.09062321 -0.34259716
vn -0.91998501 -0.07845842 -0.38402064
vn -0.95205812 -0.05030732 -0.30175239
vn -0.92720569 -0.27929571 -0.24956665
vn -0.97499977 -0.04977297 -0.21655970
vn -0.93579346 -0.08262519 -0.34272974
vn -0.92169578 -0.05017375 -0.38465502
vn -0.87009283 -0.27493670 -0.40908223
vn -0.90117729 -0.09105604 -0.42377859
vn -0.98095644 -0.08875874 -0.17276095
vn -0.98212988 -0.07515741 -0.17254639
vn -0.98124749 -0.08552615 -0.17273865
vn -0.98895195 -0.07315636 -0.12892703
vn -0.99419148 0.06678751 -0.08439632
vn -0.99041895 -0.04867180 -0.12923374
vn -0.99250298 -0.08792602 -0.08489313
vn -0.99663245 -0.07138917 -0.04034034
vn -0.99796625 -0.04927317 -0.04044145
vn -0.99613552 -0.08772329 0.00431955
vn -0.99738448 -0.07212260 0.00474751
vn -0.75116370 -0.64669214 -0.13244763
vn -0.35347308 -0.93050750 -0.09598213
vn -0.72133917 -0.64034725 -0.26386589
vn -0.33372684 -0.92939332 -0.15765293
vn -0.66632897 -0.63739856 -0.38694803
vn -0.99595291 -0.08975599 0.00465490
vn -0.95219575 -0.29160230 0.09105683
vn -0.35542320 -0.93408376 0.03408648
vn -0.73968057 -0.65816728 0.14031564
vn -0.99754141 -0.04947351 0.04963377
vn -0.99631222 -0.06988829 0.04977527
vn -0.99283119 0.07199068 0.09541259
vn -0.99171301 -0.08705854 0.09447811
vn -0.98779043 -0.06805394 0.14013825
vn -0.98890709 -0.04923984 0.14013638
vn -0.97894677 -0.08662582 0.18482202
vn -0.97821405 -0.09398858 0.18510383
vn -0.91730570 -0.29839652 0.26364707
vn -0.97177133 -0.04953932 0.23066501
vn -0.67718409 0.73376266 -0.05490048
vn -0.85724677 0.51487661 0.00548192
vn -0.67171859 0.73775732 0.06714369
vn -0.84051370 0.51739841 0.16073457
vn -0.98016730 -0.06955610 0.18556403
vn -0.95819574 0.07632360 0.27574560
vn -0.64462329 0.74103896 0.18794168
vn -0.79388916 0.52121314 0.31317226
vn -0.97076169 -0.06678730 0.23056711
vn -0.95761616 -0.08655801 0.27473442
vn -0.92878236 -0.06762155 0.36440452
vn -0.88902535 0.07922528 0.45095153
vn -0.59576835 0.74319733 0.30449598
vn -0.71901315 0.52274323 0.45799521
vn -0.94511186 -0.06581978 0.32004896
vn -0.94603773 -0.04993926 0.32018538
vn -0.92764231 -0.08639181 0.36334033
vn -0.92647845 -0.09865477 0.36318718
vn -0.69585684 -0.66422050 0.27311972
vn -0.91070520 -0.06391980 0.40808123
vn -0.91163633 -0.04923907 0.40803763
vn -0.88900167 -0.08539096 0.44987155
vn -0.84248157 -0.06645366 0.53461080
vn -0.78540057 0.08132702 0.61362193
vn -0.52500079 0.74462770 0.41219384
vn -0.61500278 0.52547911 0.58791435
vn -0.72228011 -0.06581929 0.68846152
vn -0.86768220 -0.06168519 0.49327734
vn -0.86847781 -0.04807159 0.49339175
vn -0.84155889 -0.08489194 0.53345290
vn -0.84002702 -0.10191700 0.53288603
vn -0.81584815 -0.06065056 0.57507678
vn -0.81652328 -0.04783842 0.57532706
vn -0.78556815 -0.08495958 0.61291479
vn -0.75571642 -0.06061741 0.65208759
vn -0.72136145 -0.08562669 0.68724503
vn -0.75624684 -0.04850526 0.65248599
vn -0.71961353 -0.10558250 0.68630073
vn -0.53404091 -0.67478940 0.50937174
vn -0.33801492 -0.93608984 0.09737414
vn -0.67761150 -0.34524961 -0.64934225
vn -0.36204424 -0.74201863 -0.56420947
vn -0.53475825 -0.17972389 -0.82567120
vn -0.66007123 -0.10724450 -0.74350830
vn -0.72825629 -0.06185107 -0.68250804
vn -0.65844065 0.11140660 -0.74434164
vn -0.71117224 0.13129991 -0.69064780
vn -0.75885200 -0.03268557 -0.65044238
vn -0.75907972 -0.03655763 -0.64997040
vn -0.76748137 -0.09605449 -0.63383427
vn -0.57243181 -0.66219824 -0.48354452
vn -0.74930243 -0.28895521 -0.59586136
vn -0.28014407 -0.93477346 -0.21844421
vn -0.62103891 -0.62944498 -0.46702215
vn -0.76797788 -0.06225142 -0.63744391
vn -0.65848567 0.49612100 -0.56591570
vn -0.77930725 0.06135102 -0.62363151
vn -0.52072421 0.73667017 -0.43146652
vn -0.71205351 0.44715587 -0.54132377
vn -0.77102598 -0.07272346 -0.63263752
vn -0.77687259 -0.01342224 -0.62951475
vn -0.77200936 -0.10278370 -0.62724561
vn -0.78005848 -0.08472539 -0.61994385
vn -0.79610809 -0.07869212 -0.60001622
vn -0.79330237 -0.27231459 -0.54453293
vn -0.30237779 -0.93036501 -0.20733696
vn -0.78917788 -0.02497395 -0.61365673
vn -0.78405978 -0.11466750 -0.61000133
vn -0.79463085 -0.09029035 -0.60034112
vn -0.79533225 -0.08529188 -0.60014324
vn -0.82325768 0.05057422 -0.56541051
vn -0.56783635 0.72524716 -0.38933074
vn -0.80855518 -0.03325276 -0.58748003
vn -0.80373430 -0.10831080 -0.58504696
vn -0.82013091 -0.09218916 -0.56470032
vn -0.86126040 -0.08202598 -0.50150001
vn -0.83874215 -0.08985762 -0.53706351
vn -0.84172573 -0.04526848 -0.53800423
vn -0.88242008 -0.07972530 -0.46365793
vn -0.86002045 -0.09202537 -0.50189257
vn -0.86136931 -0.07985849 -0.50166276
vn -0.88414580 -0.05014105 -0.46451273
vn 0.10231775 -0.08675911 0.99096112
vn 0.05146423 -0.05017427 0.99741364
vn 0.05142751 -0.06061574 0.99683546
vn 0.10219994 0.08285836 0.99130705
vn -0.00001137 -0.06615447 0.99780939
vn -0.00000966 0.52715716 0.84976781
vn 0.06818269 0.74533220 0.66319758
vn 0.17268309 0.52635232 0.83254657
vn 0.15302366 -0.06098276 0.98633912
vn 0.15316326 -0.04990676 0.98693988
vn 0.20302116 -0.06615400 0.97693708
vn 0.30064148 0.08295764 0.95012248
vn 0.20074519 0.74546448 0.63559742
vn 0.33681812 0.52641587 0.78066631
vn 0.20281650 -0.08665885 0.97537465
vn 0.20218477 -0.11137290 0.97299404
vn 0.25255179 -0.06115123 0.96564907
vn 0.25279180 -0.04980737 0.96623782
vn 0.14864517 -0.68265006 0.71546733
vn 0.30078326 -0.08659190 0.94975327
vn 0.39592201 -0.06591980 0.91591503
vn 0.48555065 0.08302589 0.87025701
vn 0.32405967 0.74559117 0.58230502
vn 0.48620114 0.52625898 0.69761016
vn 0.34908251 -0.06108378 0.93509902
vn 0.34939139 -0.04987329 0.93564861
vn 0.39548318 -0.08645754 0.91439496
vn 0.39435982 -0.11027480 0.91231563
vn 0.44191952 -0.06111651 0.89497034
vn 0.44233318 -0.04987323 0.89546302
vn 0.48579938 -0.08645846 0.86978382
vn 0.53027133 -0.05024041 0.84633812
vn 0.52976072 -0.06145075 0.84591807
vn 0.57083139 -0.08652467 0.81649556
vn 0.57150121 -0.06575346 0.81796262
vn 0.61253933 -0.05044112 0.78882904
vn 0.64937063 0.08272460 0.75595928
vn 0.43341087 0.74549547 0.50635118
vn 0.61497872 0.52550273 0.58791841
vn 0.61201054 -0.06178404 0.78843252
vn 0.64957951 -0.08639065 0.75536952
vn 0.68791021 -0.04980708 0.72408480
vn 0.68743650 -0.06148414 0.72363717
vn -0.71961353 -0.10558250 0.68630073
vn -0.75624684 -0.04850526 0.65248599
vn -0.72136145 -0.08562669 0.68724503
vn -0.68792676 -0.04980708 0.72406908
vn -0.61865147 -0.31483342 0.71982656
vn -0.53404091 -0.67478940 0.50937174
vn -0.68748423 -0.06148419 0.72359182
vn -0.72228011 -0.06581929 0.68846152
vn -0.64938971 0.08269145 0.75594651
vn -0.61500278 0.52547911 0.58791435
vn -0.43342240 0.74549547 0.50634131
vn -0.48621711 0.52625902 0.69759900
vn -0.64959682 -0.08639065 0.75535464
vn -0.57149931 -0.06575460 0.81796386
vn -0.48557059 0.08302589 0.87024589
vn -0.32407288 0.74559122 0.58229761
vn -0.33683596 0.52641581 0.78065865
vn -0.61202861 -0.06178403 0.78841849
vn -0.61254367 -0.05040661 0.78882788
vn -0.57085176 -0.08649153 0.81648483
vn -0.56939553 -0.10867580 0.81484864
vn -0.42075596 -0.67850461 0.60215938
vn -0.46223901 -0.31796242 0.82778923
vn -0.16306698 -0.94225674 0.29250881
vn -0.29050934 -0.68111612 0.67207526
vn -0.52978005 -0.06145073 0.84590597
vn -0.53029147 -0.05020712 0.84632748
vn -0.48581926 -0.08645847 0.86977272
vn -0.39438077 -0.11027480 0.91230657
vn -0.28594758 -0.32001270 0.90323079
vn -0.10027861 -0.94295420 0.31746113
vn -0.14866159 -0.68264999 0.71546399
vn -0.44235362 -0.04987323 0.89545292
vn -0.44193992 -0.06111651 0.89496027
vn -0.39550409 -0.08645754 0.91438592
vn -0.39594282 -0.06591979 0.91590604
vn -0.30063541 0.08295841 0.95012433
vn -0.20075968 0.74546445 0.63559287
vn -0.17269925 0.52637608 0.83252820
vn -0.34941283 -0.04987329 0.93564060
vn -0.34910386 -0.06108377 0.93509105
vn -0.30080500 -0.08659190 0.94974638
vn -0.20304349 -0.06615399 0.97693244
vn -0.10222223 0.08289152 0.99130198
vn -0.06819625 0.74534633 0.66318030
vn -0.25257389 -0.06115123 0.96564329
vn -0.25281385 -0.04980737 0.96623205
vn -0.20283881 -0.08665884 0.97537001
vn -0.20220694 -0.11137289 0.97298943
vn -0.09720248 -0.32108180 0.94204998
vn -0.03398150 -0.94327309 0.33027434
vn -0.00000833 -0.68325875 0.73017634
vn -0.15304592 -0.06101602 0.98633361
vn -0.15318570 -0.04990676 0.98693640
vn -0.10234045 -0.08675911 0.99095877
vn -0.05145023 -0.06061574 0.99683429
vn -0.05148708 -0.05017426 0.99741246
vn -0.00001136 -0.08675850 0.99622937
vn -0.00001140 -0.11184030 0.99372619
vn 0.09718090 -0.32108182 0.94205220
vn 0.03397399 -0.94327308 0.33027512
vn 0.71118806 0.13129990 -0.69063151
vn 0.65845531 0.11143960 -0.74432373
vn 0.72827185 -0.06185107 -0.68249143
vn 0.75909542 -0.03652428 -0.64995393
vn 0.76799244 -0.06225143 -0.63742636
vn 0.65843358 0.49628061 -0.56583635
vn 0.77932313 0.06131776 -0.62361493
vn 0.52078226 0.73662398 -0.43147531
vn 0.71199559 0.44731349 -0.54126973
vn 0.75886766 -0.03265221 -0.65042578
vn 0.77104043 -0.07272346 -0.63261991
vn 0.67765040 -0.34521337 -0.64932092
vn 0.66009060 -0.10721149 -0.74349586
vn 0.76749583 -0.09605449 -0.63381676
vn 0.77202363 -0.10278370 -0.62722805
vn 0.77688698 -0.01342224 -0.62949699
vn 0.78007489 -0.08469229 -0.61992772
vn 0.79534601 -0.08529188 -0.60012501
vn 0.82328473 0.05057509 -0.56537104
vn 0.56787174 0.72521182 -0.38934498
vn 0.74833147 0.50136293 -0.43432156
vn 0.78407370 -0.11466750 -0.60998344
vn 0.78919254 -0.02494059 -0.61363923
vn 0.79464454 -0.09029033 -0.60032300
vn 0.79612392 -0.07865895 -0.59999957
vn 0.80374760 -0.10831089 -0.58502867
vn 0.80855403 -0.03325216 -0.58748163
vn 0.79331479 -0.27231461 -0.54451483
vn 0.62109285 -0.62939449 -0.46701846
vn 0.30238248 -0.93036503 -0.20733003
vn 0.66637399 -0.63734043 -0.38696626
vn 0.82014380 -0.09218915 -0.56468160
vn 0.86138074 -0.07985849 -0.50164314
vn 0.87010214 -0.27493670 -0.40906243
vn 0.33373045 -0.92939332 -0.15764529
vn 0.72135085 -0.64035219 -0.26382196
vn 0.84173805 -0.04526848 -0.53798497
vn 0.83875442 -0.08985763 -0.53704435
vn 0.86003986 -0.09202298 -0.50185975
vn 0.86127181 -0.08202598 -0.50148042
vn 0.90358976 0.05614597 -0.42470362
vn 0.62312256 0.72588381 -0.29122324
vn 0.80936512 0.50736958 -0.29581110
vn 0.88415483 -0.05017434 -0.46449195
vn 0.88243067 -0.07972529 -0.46363779
vn 0.90120136 -0.09102412 -0.42373424
vn 0.93613756 -0.07835897 -0.34279199
vn 0.96396244 0.06161799 -0.25880425
vn 0.66061293 0.73004187 -0.17501265
vn 0.84890133 0.50756290 -0.14746673
vn 0.91999376 -0.07845842 -0.38399968
vn 0.92170457 -0.05017375 -0.38463396
vn 0.93510644 -0.09065631 -0.34257462
vn 0.93580129 -0.08262522 -0.34270837
vn 0.92721139 -0.27929569 -0.24954549
vn 0.35347524 -0.93050751 -0.09597405
vn 0.75122082 -0.64662344 -0.13245905
vn 0.95043417 -0.07719265 -0.30119128
vn 0.95206662 -0.05027403 -0.30173112
vn 0.96175011 -0.08985735 -0.25877090
vn 0.98125142 -0.08552614 -0.17271635
vn 0.95511438 -0.28485641 -0.08132248
vn 0.36068468 -0.93217189 -0.03101827
vn 0.75890336 -0.65119036 0.00410018
vn 0.97500308 -0.04980627 -0.21653715
vn 0.97346843 -0.07519058 -0.21611479
vn 0.98096038 -0.08875873 -0.17273858
vn 0.98213384 -0.07515741 -0.17252385
vn 0.99419340 0.06678751 -0.08437360
vn 0.67718540 0.73376261 -0.05488505
vn 0.85720990 0.51493778 0.00550150
vn 0.99042420 -0.04870529 -0.12918088
vn 0.98895879 -0.07315668 -0.12887442
vn 0.99250492 -0.08792601 -0.08487049
vn 0.99738437 -0.07212260 0.00477024
vn 0.99282901 0.07199068 0.09543526
vn 0.67171704 0.73775732 0.06715913
vn 0.84051007 0.51739839 0.16075362
vn 0.99663337 -0.07138916 -0.04031757
vn 0.99796718 -0.04927317 -0.04041868
vn 0.99613542 -0.08772330 0.00434235
vn 0.99595578 -0.08972290 0.00467769
vn 0.95219371 -0.29160221 0.09107848
vn 0.35542242 -0.93408375 0.03409463
vn 0.73967735 -0.65816732 0.14033248
vn 0.99631109 -0.06988829 0.04979798
vn 0.99754027 -0.04947351 0.04965656
vn 0.99171085 -0.08705853 0.09450076
vn 0.97820984 -0.09398857 0.18512607
vn 0.98890390 -0.04923985 0.14015890
vn 0.98778498 -0.06808718 0.14016055
vn 0.98016307 -0.06955611 0.18558640
vn 0.95818696 0.07632583 0.27577550
vn 0.64461901 0.74103895 0.18795640
vn 0.79388204 0.52121311 0.31319036
vn 0.97894256 -0.08662581 0.18484437
vn 0.97075645 -0.06678729 0.23058919
vn 0.97176608 -0.04953932 0.23068710
vn 0.95760990 -0.08655800 0.27475625
vn 0.94603038 -0.04993927 0.32020709
vn 0.94510241 -0.06585301 0.32007001
vn 0.92763667 -0.08635867 0.36336261
vn 0.92877402 -0.06762155 0.36442577
vn 0.88901507 0.07922528 0.45097180
vn 0.91070113 -0.06391804 0.40809060
vn 0.59574725 0.74321164 0.30450233
vn 0.71900267 0.52274327 0.45801161
vn 0.84246938 -0.06645368 0.53463001
vn 0.78537396 0.08129234 0.61366057
vn 0.52499137 0.74462770 0.41220583
vn 0.61497872 0.52550273 0.58791841
vn 0.72226440 -0.06581929 0.68847800
vn 0.64937063 0.08272460 0.75595928
vn 0.68743650 -0.06148414 0.72363717
vn 0.72136038 -0.08562480 0.68724639
vn 0.68791021 -0.04980708 0.72408480
vn 0.75571458 -0.06061602 0.65208985
vn 0.75623199 -0.04850527 0.65250319
vn 0.78555411 -0.08495957 0.61293280
vn 0.81583662 -0.06061729 0.57509665
vn 0.81651019 -0.04783842 0.57534562
vn 0.84154674 -0.08489194 0.53347207
vn 0.86767847 -0.06168356 0.49328410
vn 0.86846655 -0.04807159 0.49341157
vn 0.88899137 -0.08539096 0.44989191
vn 0.91162702 -0.04923907 0.40805844
vn 0.92647014 -0.09865476 0.36320838
vn 0.72135085 -0.64035219 -0.26382196
vn 0.33373045 -0.92939332 -0.15764529
vn 0.35347524 -0.93050751 -0.09597405
vn -0.70277731 -0.63677596 0.31720723
vn -0.74625724 -0.63647241 0.19494361
vn -0.64137405 -0.63454468 0.43126833
vn 0.36068468 -0.93217189 -0.03101827
vn 0.75122082 -0.64662344 -0.13245905
vn -0.76861045 -0.63617885 0.06718968
vn -0.77047079 -0.63423901 -0.06415328
vn 0.30238248 -0.93036503 -0.20733003
vn 0.66637399 -0.63734043 -0.38696626
vn -0.56550525 -0.62772264 0.53494682
vn 0.28014283 -0.93478309 -0.21840462
vn 0.62109285 -0.62939449 -0.46701846
vn -0.45247318 -0.61826372 0.64266476
vn 0.25107464 -0.94008111 -0.23067083
vn 0.57246667 -0.66215966 -0.48355608
vn -0.26148998 -0.63800381 0.72427490
vn 0.08804331 -0.95824714 -0.27204924
vn 0.36206302 -0.74203084 -0.56418136
vn 0.23917804 -0.41669563 -0.87701689
vn -0.07697510 -0.65196753 0.75432962
vn 0.07749856 -0.74614153 -0.66126151
vn 0.01734963 -0.95916275 -0.28232216
vn 0.03793070 -0.38571129 -0.92183950
vn 0.07689770 -0.65198909 0.75431888
vn -0.00005058 -0.73922046 -0.67346352
vn -0.01742803 -0.95915890 -0.28233044
vn -0.03793964 -0.38571092 -0.92183929
vn -0.07748192 -0.74612716 -0.66127968
vn 0.26147371 -0.63803651 0.72425197
vn -0.08803902 -0.95823733 -0.27208518
vn 0.45245804 -0.61829537 0.64264497
vn -0.25106603 -0.94006889 -0.23072998
vn -0.36204424 -0.74201863 -0.56420947
vn 0.56547040 -0.62776267 0.53493668
vn -0.28014407 -0.93477346 -0.21844421
vn -0.57243181 -0.66219824 -0.48354452
vn 0.64137226 -0.63455288 0.43125893
vn -0.30237779 -0.93036501 -0.20733696
vn -0.62103891 -0.62944498 -0.46702215
vn 0.70277660 -0.63678193 0.31719683
vn -0.33372684 -0.92939332 -0.15765293
vn -0.66632897 -0.63739856 -0.38694803
vn 0.74622438 -0.63650559 0.19496103
vn -0.35347308 -0.93050750 -0.09598213
vn -0.72133917 -0.64034725 -0.26386589
vn 0.76862099 -0.63616442 0.06720573
vn -0.36065942 -0.93218138 -0.03102681
vn -0.75116370 -0.64669214 -0.13244763
vn 0.77045886 -0.63425216 -0.06416656
vn -0.35542320 -0.93408376 0.03408648
vn -0.75887509 -0.65122340 0.00408288
vn 0.74920221 -0.63188959 -0.19852352
vn -0.33801492 -0.93608984 0.09737414
vn -0.73968057 -0.65816728 0.14031564
vn 0.70332033 -0.62836682 -0.33240885
vn -0.30890437 -0.93808751 0.15674793
vn -0.69585684 -0.66422050 0.27311972
vn 0.63037274 -0.62427412 -0.46142392
vn -0.26908409 -0.93983675 0.21047716
vn -0.62661007 -0.67020829 0.39771932
vn 0.52945900 -0.61993170 -0.57910091
vn -0.22002029 -0.94120315 0.25637413
vn -0.53404091 -0.67478940 0.50937174
vn 0.40178117 -0.61604771 -0.67753753
vn -0.16306698 -0.94225674 0.29250881
vn -0.42075596 -0.67850461 0.60215938
vn 0.25169506 -0.61290591 -0.74899662
vn -0.10027861 -0.94295420 0.31746113
vn -0.29050934 -0.68111612 0.67207526
vn 0.08583903 -0.61134983 -0.78669120
vn -0.03398150 -0.94327309 0.33027434
vn -0.14866159 -0.68264999 0.71546399
vn -0.08582115 -0.61134985 -0.78669313
vn 0.03397399 -0.94327308 0.33027512
vn -0.00000833 -0.68325875 0.73017634
vn -0.25167794 -0.61290585 -0.74900243
vn 0.10027132 -0.94295420 0.31746345
vn 0.14864517 -0.68265006 0.71546733
vn -0.40176571 -0.61604776 -0.67754666
vn 0.16306030 -0.94225675 0.29251247
vn 0.29052083 -0.68111030 0.67207619
vn -0.52944581 -0.61993163 -0.57911304
vn 0.22001439 -0.94120318 0.25637911
vn 0.42076636 -0.67849619 0.60216159
vn 0.61861638 -0.31483930 0.71985415
vn 0.53402918 -0.67478941 0.50938403
vn -0.63036220 -0.62427410 -0.46143834
vn 0.26907779 -0.93983114 0.21051027
vn -0.70331275 -0.62836681 -0.33242491
vn 0.30890074 -0.93808752 0.15675500
vn 0.62660836 -0.67021611 0.39770885
vn -0.74919770 -0.63188959 -0.19854055
vn 0.33801278 -0.93608981 0.09738191
vn 0.69585054 -0.66422056 0.27313562
vn 0.35542242 -0.93408375 0.03409463
vn 0.73967735 -0.65816732 0.14033248
vn 0.75890336 -0.65119036 0.00410018
vn 0.67765040 -0.34521337 -0.64932092
vn -0.23915464 -0.41672291 -0.87701031
vn -0.67761150 -0.34524961 -0.64934225
vn -0.61865147 -0.31483342 0.71982656
vn 0.58532088 0.72329335 -0.36639623
vn 0.87603131 0.25706239 -0.40802950
vn 0.89307397 0.41452462 0.17489490
vn 0.95589885 -0.27414938 -0.10535418
vn 0.60062945 -0.07022303 -0.79643769
vn 0.47764562 -0.66606577 -0.57289707
vn 0.80122632 -0.08445841 0.59237079
vn 0.75178350 -0.63692069 0.17074426
vn 0.45758599 -0.29718313 0.83803177
vn 0.38892507 -0.66222575 0.64046416
vn 0.37158210 0.11007380 0.92185167
vn 0.58532088 0.72329335 -0.36639623
vn 0.09855130 0.53294889 -0.84038867
vn 0.08401244 0.94435424 -0.31802039
vn 0.02034786 0.96180005 -0.27299566
vn -0.03096742 0.26562442 -0.96357910
vn 0.03014770 -0.08049086 -0.99629932
vn 0.47764562 -0.66606577 -0.57289707
vn -0.05669013 0.51650021 -0.85440843
vn 0.03489250 -0.47702091 -0.87819904
vn -0.52451130 -0.45346646 -0.72059424
vn -0.54293018 0.81203120 -0.21408443
vn -0.97220812 -0.17365929 0.15701538
vn -0.42684486 -0.70767265 -0.56303009
vn -0.14773435 -0.90256080 -0.40442375
vn -0.18645720 -0.25180048 -0.94964743
vn -0.26507486 -0.37660058 -0.88764144
vn -0.39615422 -0.88695299 -0.23743677
vn 0.02034786 0.96180005 -0.27299566
vn -0.22054359 0.80035388 0.55748918
vn -0.00562774 0.98291633 0.18396691
vn -0.36950952 0.51762886 0.77170142
vn -0.34104258 0.37505239 0.86198936
vn -0.12836275 0.91335280 0.38640608
vn 0.08401244 0.94435424 -0.31802039
vn 0.19817337 0.95619487 0.21544995
vn 0.24535538 0.60710345 0.75579504
vn 0.54459475 0.81669198 0.19086845
vn 0.58532088 0.72329335 -0.36639623
vn -0.05669013 0.51650021 -0.85440843
vn -0.54293018 0.81203120 -0.21408443
vn -0.27057572 0.40424468 0.87371335
vn -0.97220812 -0.17365929 0.15701538
vn 0.07799912 -0.96596263 0.24664210
vn -0.01801924 -0.50724761 0.86161196
vn 0.38892507 -0.66222575 0.64046416
vn -0.28636263 -0.90599146 0.31173053
vn -0.37607051 -0.58407212 0.71932658
vn -0.14773435 -0.90256080 -0.40442375
vn 0.33514686 -0.93441944 0.12056903
vn 0.47764562 -0.66606577 -0.57289707
vn 0.03489250 -0.47702091 -0.87819904
vn -0.42684486 -0.70767265 -0.56303009
vn -0.56616208 -0.79796614 0.20666529
vn -0.69192830 -0.21156938 0.69027069
vn -0.52945697 -0.75461125 0.38760440
vn -0.32267768 -0.62179910 0.71361404
vn -0.97220812 -0.17365929 0.15701538
vn -0.52451130 -0.45346646 -0.72059424
vn 0.75178350 -0.63692069 0.17074426
vn -0.47368197 -0.15893429 0.86623627
vn -0.52945697 -0.75461125 0.38760440
vn -0.32267768 -0.62179910 0.71361404
vn -0.27057572 0.40424468 0.87371335
vn -0.97220812 -0.17365929 0.15701538
vn -0.34104258 0.37505239 0.86198936
vn -0.00562774 0.98291633 0.18396691
vn -0.22054359 0.80035388 0.55748918
vn -0.36950952 0.51762886 0.77170142
vn -0.06372004 0.41659583 0.90685593
vn -0.01801924 -0.50724761 0.86161196
vn 0.37158210 0.11007380 0.92185167
vn 0.24535538 0.60710345 0.75579504
vn 0.62234037 0.41953534 0.66081962
vn 0.45758599 -0.29718313 0.83803177
vn 0.80122632 -0.08445841 0.59237079
vn 0.38892507 -0.66222575 0.64046416
vn -0.12836275 0.91335280 0.38640608
vn -0.80324271 0.55197130 -0.22389468
vn -0.60734012 0.45457253 -0.65153802
vn -0.20043410 0.52355279 -0.82808130
vn -0.19857553 0.95374802 -0.22568226
vn -0.50993429 0.85768402 0.06591766
vn -0.01455210 0.88443500 -0.46643645
vn 0.23551775 0.94495427 -0.22714053
vn 0.18393849 0.50834311 -0.84128112
vn 0.00973488 0.52023921 -0.85396510
vn 0.69936589 0.40494520 -0.58898790
vn 0.84289395 0.53102164 -0.08686662
vn -0.15393997 0.91725119 0.36735915
vn 0.16097517 0.71254622 0.68290913
vn 0.37929760 0.21956230 0.89884689
vn 0.80527970 0.50086003 0.31727565
vn 0.54121105 -0.70196676 0.46296140
vn 0.65469361 -0.70832993 -0.26390337
vn 0.69936589 0.40494520 -0.58898790
vn 0.28011925 -0.69824991 -0.65877179
vn 0.84289395 0.53102164 -0.08686662
vn 0.85356800 -0.51484002 0.07975851
vn 0.80527970 0.50086003 0.31727565
vn 0.54121105 -0.70196676 0.46296140
vn 0.37929760 0.21956230 0.89884689
vn -0.83486189 0.38886411 0.38960279
vn -0.80324271 0.55197130 -0.22389468
vn -0.50993429 0.85768402 0.06591766
vn -0.85053689 -0.51817829 -0.08987914
vn -0.66484109 -0.70419641 0.24918618
vn -0.32979028 -0.71162172 0.62034902
vn -0.52476140 -0.69524073 -0.49118815
vn -0.60734012 0.45457253 -0.65153802
vn -0.20043410 0.52355279 -0.82808130
vn 0.00973488 0.52023921 -0.85396510
vn -0.01455210 0.88443500 -0.46643645
vn -0.14582882 -0.50708952 -0.84946700
vn -0.52476140 -0.69524073 -0.49118815
vn -0.60734012 0.45457253 -0.65153802
vn -0.01330429 -0.75187751 -0.65916858
vn 0.03140368 -0.31291531 -0.94926172
vn 0.28011925 -0.69824991 -0.65877179
vn 0.18393849 0.50834311 -0.84128112
vn 0.69936589 0.40494520 -0.58898790
vn -0.50005241 -0.70195872 0.50715041
vn 0.16040694 -0.91056289 0.38097878
vn -0.50690933 -0.72194440 -0.47099811
vn 0.12074864 -0.94047553 -0.31768782
vn -0.01652646 -0.80869662 0.58799375
vn 0.02443043 -0.77080823 0.63659863
vn -0.15674918 -0.95897815 0.23620033
vn -0.05940655 -0.87409023 -0.48211734
vn 0.15676581 -0.82412291 -0.54428478
vn 0.56908595 -0.75579887 -0.32389698
vn 0.51180731 -0.69220234 0.50883121
vn -0.11472193 -0.94904904 -0.29350435
vn -0.23524691 -0.94525551 0.22616566
vn -0.83706532 -0.21385191 0.50357622
vn -0.45480386 -0.83799824 -0.30151683
vn -0.50690933 -0.72194440 -0.47099811
vn -0.50005241 -0.70195872 0.50715041
vn 0.15676581 -0.82412291 -0.54428478
vn 0.56908595 -0.75579887 -0.32389698
vn 0.70847210 -0.59665392 -0.37692357
vn 0.03729787 -0.14927490 -0.98809204
vn -0.05940655 -0.87409023 -0.48211734
vn -0.16633602 -0.15876779 -0.97320353
vn -0.50690933 -0.72194440 -0.47099811
vn -0.45480386 -0.83799824 -0.30151683
vn 0.13733436 -0.98001458 -0.14391214
vn -0.15349217 -0.91986184 -0.36096310
vn 0.51180731 -0.69220234 0.50883121
vn 0.70847210 -0.59665392 -0.37692357
vn 0.56908595 -0.75579887 -0.32389698
vn 0.82703697 -0.23130008 0.51235741
vn 0.13733436 -0.98001458 -0.14391214
vn 0.23263760 -0.94417586 0.23326315
vn 0.85356800 -0.51484002 0.07975851
vn 0.65469361 -0.70832993 -0.26390337
vn 0.54121105 -0.70196676 0.46296140
vn -0.23524691 -0.94525551 0.22616566
vn 0.28011925 -0.69824991 -0.65877179
vn -0.00725657 -0.73988072 0.67269894
vn 0.12016643 -0.71410702 0.68964571
vn -0.32979028 -0.71162172 0.62034902
vn -0.01330429 -0.75187751 -0.65916858
vn 0.13733436 -0.98001458 -0.14391214
vn 0.23263760 -0.94417586 0.23326315
vn -0.66484109 -0.70419641 0.24918618
vn -0.52476140 -0.69524073 -0.49118815
vn -0.14582882 -0.50708952 -0.84946700
vn -0.85053689 -0.51817829 -0.08987914
vn -0.58406315 -0.02437282 -0.81134223
vn -0.70479648 0.13954331 -0.69554984
vn -0.86053933 -0.01846358 -0.50904927
vn -0.80981850 0.15392360 -0.56612854
vn -0.70990419 0.36841307 -0.60025648
vn -0.78002519 0.41529030 -0.46807550
vn -0.59200669 0.56317294 -0.57651047
vn -0.71546477 0.59075425 -0.37298736
vn -0.90630227 0.14967600 -0.39523826
vn -0.95706639 0.13542300 -0.25628995
vn -0.98231346 -0.01659391 -0.18650711
vn -0.85902595 0.40790191 -0.30933872
vn -0.98679553 0.15830310 -0.03427402
vn -0.99601619 -0.01696113 0.08754468
vn -0.93162181 0.33236841 -0.14701036
vn -0.85989146 0.49367268 -0.12989979
vn -0.97730455 0.14595491 0.15353495
vn -0.92712499 -0.01055080 0.37460369
vn -0.90377614 0.42391432 0.05903675
vn -0.91507471 0.34025819 0.21647783
vn -0.91491121 0.15767291 0.37158678
vn -0.81611554 0.15963329 0.55540314
vn -0.75188902 -0.02036698 0.65897503
vn -0.64242939 0.15850751 0.74977320
vn -0.66195602 0.38233771 0.64469535
vn -0.81477466 0.39269246 0.42653826
vn -0.69731782 0.52099588 0.49225110
vn -0.81465330 0.50486792 0.28539163
vn -0.68933970 0.63674992 0.34548563
vn -0.80306179 0.58457728 0.11559049
vn -0.67026717 0.71915257 0.18319800
vn -0.73525436 0.67778811 0.00207502
vn -0.76689367 0.62047449 -0.16396804
vn -0.61303394 0.77909113 -0.13117315
vn -0.60801910 0.72754248 -0.31779666
vn -0.45702760 0.73713471 -0.49775315
vn -0.71546477 0.59075425 -0.37298736
vn -0.59200669 0.56317294 -0.57651047
vn -0.60801910 0.72754248 -0.31779666
vn -0.43699842 0.84956514 -0.29541743
vn -0.31316663 0.82479711 -0.47078273
vn -0.61303394 0.77909113 -0.13117315
vn -0.45053590 0.88018077 -0.14932918
vn -0.57749156 0.81611562 0.02141935
vn -0.22985621 0.89633142 -0.37915182
vn -0.73525436 0.67778811 0.00207502
vn -0.67026717 0.71915257 0.18319800
vn -0.32885865 0.89426355 -0.30355345
vn -0.11626649 0.90398572 -0.41145100
vn -0.30071198 0.72489231 -0.61976080
vn 0.05003421 0.88041750 -0.47155233
vn 0.24592964 0.65774034 -0.71196647
vn -0.55476309 0.77926526 -0.29151943
vn -0.67570139 0.73532750 0.05216423
vn -0.44958558 0.88484723 0.12214007
vn -0.51764465 0.77267273 0.36745186
vn -0.44931430 0.88854964 0.09271572
vn -0.37045788 0.86812039 0.33034521
vn -0.51122342 0.83795994 0.19098105
vn -0.53545527 0.76653265 0.35456362
vn -0.68933970 0.63674992 0.34548563
vn -0.34682384 0.78053305 0.52007825
vn -0.51641877 0.67163947 0.53123636
vn -0.35296871 0.63948615 0.68298650
vn -0.69731782 0.52099588 0.49225110
vn -0.54200042 0.52701115 0.65459514
vn -0.12125601 0.81025451 -0.57339742
vn 0.00938297 0.88115998 -0.47272513
vn 0.22053954 0.89024945 -0.39852006
vn 0.14986368 0.81534162 -0.55924853
vn 0.34470040 0.86291636 -0.36953618
vn 0.36610615 0.82929981 -0.42217071
vn 0.39209573 0.74364356 -0.54153042
vn 0.57132130 0.72852496 -0.37794624
vn 0.52568177 0.81404491 -0.24696063
vn 0.38176235 0.88305056 -0.27290880
vn 0.51858793 0.84462093 -0.13297387
vn 0.51932043 0.84974703 -0.09075393
vn 0.69582759 0.69659839 -0.17485609
vn 0.47711891 0.86391960 0.16124658
vn 0.47785997 0.87276254 0.09967645
vn 0.66568021 0.74540751 0.03517816
vn 0.42497352 0.79313020 0.43628201
vn 0.83977187 0.53241909 0.10636319
vn 0.36492288 0.86450283 0.34563875
vn 0.18485708 0.85008203 0.49314136
vn 0.02975842 0.85003984 0.52587709
vn 0.51930534 0.82071924 0.23820558
vn 0.69060790 0.70104387 0.17775888
vn 0.54981357 0.73669266 0.39368637
vn 0.37900088 0.77612304 0.50397554
vn 0.48562986 0.65615375 0.57760358
vn 0.33043427 0.67754603 0.65707273
vn 0.24028260 0.74268938 0.62504141
vn 0.07014388 0.73463038 0.67483186
vn -0.03799368 0.83547163 0.54821860
vn -0.16409435 0.72869552 0.66488788
vn -0.20246765 0.86211286 0.46450864
vn -0.27996180 0.85553867 0.43551691
vn -0.38030764 0.53477230 0.75457583
vn -0.90927145 0.32683927 0.25768491
vn -0.51764465 0.77267273 0.36745186
vn -0.67570139 0.73532750 0.05216423
vn -0.89250391 0.43679280 -0.11246695
vn -0.55476309 0.77926526 -0.29151943
vn -0.82381064 0.29474011 -0.48421513
vn -0.64110450 0.30838288 -0.70276954
vn -0.71025703 0.18104588 -0.68026270
vn -0.94198382 0.13964380 -0.30523120
vn -0.84134257 0.29421577 -0.45340903
vn -0.48794523 0.39988050 -0.77588983
vn -0.41094383 0.69023315 -0.59556978
vn -0.99509477 0.09628664 -0.02269996
vn -0.99535854 0.08559183 -0.04399337
vn -0.95499176 0.02343816 0.29570492
vn -0.94540515 0.26477070 -0.19001466
vn -0.73141941 0.52121467 -0.43972823
vn -0.75586532 0.59634677 -0.27025572
vn -0.97544890 0.19355842 0.10504559
vn -0.85033760 -0.01138586 0.52611437
vn -0.75878896 0.35010962 0.54923816
vn -0.86378800 0.50183565 -0.04506974
vn -0.61808412 0.77510718 -0.13107586
vn -0.52699136 0.73032291 0.43463611
vn -0.71266374 0.32436974 0.62200857
vn -0.73654704 0.10098449 0.66880534
vn -0.79822787 -0.18442719 0.57342731
vn -0.81257424 -0.48575725 0.32212264
vn -0.67364613 -0.51228608 0.53269490
vn -0.40535157 -0.09349035 0.90936772
vn -0.68767835 -0.68030031 0.25355467
vn -0.90264682 -0.41401309 0.11756651
vn -0.80358075 -0.40112841 0.43972033
vn -0.68429176 -0.72208342 0.10168733
vn -0.57209388 -0.73310320 0.36778837
vn 0.42497352 0.79313020 0.43628201
vn 0.85134087 0.25054881 0.46091649
vn 0.83977187 0.53241909 0.10636319
vn 0.97285358 0.18879350 0.13383916
vn 0.95706501 0.21649189 -0.19276367
vn 0.93346204 0.13040241 -0.33413145
vn 0.96259244 0.08942305 0.25577200
vn 0.98126780 0.13143469 -0.14084893
vn 0.99863875 -0.02400601 0.04630713
vn 0.83168433 -0.06091639 0.55189707
vn 0.58973355 0.17412420 0.78860326
vn 0.45901486 0.45648511 0.76218548
vn 0.54212630 -0.17614798 0.82162702
vn 0.51858793 0.84462093 -0.13297387
vn 0.47711891 0.86391960 0.16124658
vn 0.79384835 0.54485361 -0.27007284
vn 0.65938413 0.53210132 -0.53111275
vn 0.34470040 0.86291636 -0.36953618
vn 0.72936285 0.16988250 -0.66269885
vn 0.62651946 0.28735141 -0.72450158
vn 0.81431688 0.32658490 -0.47982322
vn 0.93164590 0.29917619 -0.20622686
vn 0.61187441 0.60789775 -0.50603363
vn 0.71728481 0.64608708 -0.26090991
vn 0.97498223 0.10534671 0.19573379
vn 0.86321994 0.47632973 0.16721638
vn 0.77325049 0.22250170 0.59378167
vn 0.61444757 0.77927077 -0.12325279
vn 0.46186049 0.51705820 0.72064950
vn 0.55779819 0.79410269 0.24137542
vn 0.82188548 -0.45042942 0.34873713
vn 0.86869659 -0.45841714 0.18766981
vn 0.54211979 -0.82660468 0.15109875
vn 0.95700083 -0.28116470 0.07138509
vn 0.75734580 -0.64392583 0.10856733
vn 0.86010219 -0.28895058 0.42039480
vn 0.65103050 -0.54634221 0.52694353
vn 0.43940029 -0.05964961 0.89630871
vn -0.19098057 0.29685682 -0.93562944
vn -0.08405171 0.22483410 -0.97076513
vn -0.40443061 0.17090840 -0.89845768
vn 0.38023451 0.32303488 -0.86664306
vn 0.24592964 0.65774034 -0.71196647
vn 0.65938413 0.53210132 -0.53111275
vn 0.72936285 0.16988250 -0.66269885
vn 0.36617433 0.17435489 -0.91406604
vn 0.62651946 0.28735141 -0.72450158
vn 0.18630912 0.32495879 -0.92719507
vn -0.07906603 0.51306585 -0.85469994
vn 0.38848323 0.50173320 -0.77288070
vn 0.81431688 0.32658490 -0.47982322
vn 0.61187441 0.60789775 -0.50603363
vn 0.10410514 0.76493391 -0.63564002
vn 0.12984649 0.89892183 -0.41842494
vn -0.41094383 0.69023315 -0.59556978
vn -0.48794523 0.39988050 -0.77588983
vn -0.71025703 0.18104588 -0.68026270
vn -0.64110450 0.30838288 -0.70276954
vn -0.30071198 0.72489231 -0.61976080
vn -0.55476309 0.77926526 -0.29151943
vn -0.45702760 0.73713471 -0.49775315
vn -0.24465319 0.70316213 -0.66761354
vn -0.31316663 0.82479711 -0.47078273
vn -0.42034137 0.61524390 -0.66692434
vn -0.24246394 0.55839128 -0.79335390
vn -0.59200669 0.56317294 -0.57651047
vn -0.41566318 0.44053953 -0.79570663
vn -0.20097361 0.42799869 -0.88115080
vn -0.56886404 0.40004459 -0.71858056
vn -0.70990419 0.36841307 -0.60025648
vn -0.70479648 0.13954331 -0.69554984
vn -0.55878795 0.17180681 -0.81131896
vn -0.58406315 -0.02437282 -0.81134223
vn -0.38378398 0.16248489 -0.90901513
vn -0.14867892 0.15710920 -0.97632539
vn -0.01357731 0.35833352 -0.93349491
vn -0.12125601 0.81025451 -0.57339742
vn 0.00631112 0.72191239 -0.69195569
vn 0.14986368 0.81534162 -0.55924853
vn 0.00938297 0.88115998 -0.47272513
vn -0.01792732 0.61675444 -0.78695144
vn 0.21907704 0.68685153 -0.69299367
vn 0.39209573 0.74364356 -0.54153042
vn 0.03802481 0.49957159 -0.86543766
vn 0.25158420 0.54594329 -0.79915663
vn 0.21693947 0.38040821 -0.89901438
vn 0.04851762 0.14090390 -0.98883372
vn 0.23648912 0.15595040 -0.95903721
vn 0.39019007 0.15777470 -0.90711568
vn 0.43514154 0.42758457 -0.79235300
vn 0.53460628 0.17124171 -0.82757018
vn 0.46865655 0.60789059 -0.64096027
vn 0.59868618 0.42946491 -0.67611741
vn 0.67613976 0.59274352 -0.43759588
vn 0.57132130 0.72852496 -0.37794624
vn 0.71194625 0.42436132 -0.55950872
vn 0.69429122 0.16202411 -0.70121886
vn 0.57161788 -0.01916498 -0.82029611
vn 0.18662621 -0.02103419 -0.98220579
vn -0.21868050 -0.02240337 -0.97553930
vn 0.57132130 0.72852496 -0.37794624
vn 0.69582759 0.69659839 -0.17485609
vn 0.52568177 0.81404491 -0.24696063
vn 0.67613976 0.59274352 -0.43759588
vn 0.78649940 0.57623940 -0.22218653
vn 0.86636419 0.45572418 -0.20427572
vn 0.82222404 0.56884688 -0.01899603
vn 0.66568021 0.74540751 0.03517816
vn 0.51932043 0.84974703 -0.09075393
vn 0.69060790 0.70104387 0.17775888
vn 0.81442534 0.41237381 -0.40823915
vn 0.71194625 0.42436132 -0.55950872
vn 0.82124769 0.15853689 -0.54810426
vn 0.69429122 0.16202411 -0.70121886
vn 0.88955067 0.31812179 -0.32786909
vn 0.81086937 -0.01666064 -0.58498998
vn 0.57161788 -0.01916498 -0.82029611
vn 0.89563074 0.15063941 -0.41851325
vn 0.94238457 -0.00347253 -0.33451348
vn 0.96114978 0.13582219 -0.24029863
vn 0.99646747 -0.01038394 -0.08333526
vn 0.93325568 0.32785369 -0.14678483
vn 0.98556650 0.14136930 -0.09313107
vn 0.92599494 0.37752961 0.00218200
vn 0.98877044 0.13535760 0.06333510
vn 0.98142144 -0.00794657 0.19169977
vn 0.95584449 0.13668511 0.26015090
vn 0.84598178 0.51052933 0.15386559
vn 0.92951488 0.33759968 0.14842015
vn 0.88813678 0.33402268 0.31566108
vn 0.88376741 0.14931070 0.44346531
vn 0.81623153 0.44579352 0.36747003
vn 0.73059798 0.61889978 0.28842616
vn 0.54981357 0.73669266 0.39368637
vn 0.66622158 0.58045162 0.46821440
vn 0.48562986 0.65615375 0.57760358
vn 0.54930350 0.52889905 0.64694007
vn 0.72914254 0.39625769 0.55797042
vn 0.57978458 0.39098967 0.71482650
vn 0.76914405 0.14934660 0.62137993
vn 0.65620610 0.17796681 0.73329487
vn 0.59153423 -0.00046744 0.80627975
vn 0.87283574 -0.02166877 0.48753280
vn -0.22895038 0.22533360 0.94699868
vn -0.19700300 0.04813769 0.97922039
vn -0.47678347 0.00363946 0.87901324
vn -0.02876660 0.24716069 0.96854741
vn 0.03532168 0.05371116 0.99793161
vn -0.11925031 0.48209842 0.86796341
vn -0.27486094 0.45172259 0.84876273
vn 0.13337306 0.24361249 0.96065841
vn 0.26356529 0.03044906 0.96416088
vn 0.05213089 0.46701230 0.88271279
vn 0.30295314 0.20949310 0.92969459
vn 0.59153423 -0.00046744 0.80627975
vn 0.23384027 0.46268783 0.85512496
vn 0.47638585 0.19332737 0.85771852
vn 0.65620610 0.17796681 0.73329487
vn 0.57978458 0.39098967 0.71482650
vn 0.39458424 0.42094535 0.81676698
vn 0.36723326 0.54994041 0.75013684
vn 0.54930350 0.52889905 0.64694007
vn 0.48562986 0.65615375 0.57760358
vn 0.33043427 0.67754603 0.65707273
vn 0.14974994 0.55005068 0.82159552
vn 0.16630385 0.64326738 0.74736210
vn 0.24028260 0.74268938 0.62504141
vn 0.07014388 0.73463038 0.67483186
vn -0.01702307 0.60390457 0.79687483
vn -0.16409435 0.72869552 0.66488788
vn -0.18235765 0.60444993 0.77549080
vn -0.35296871 0.63948615 0.68298650
vn -0.35018097 0.53322315 0.77009503
vn -0.46108461 0.39936581 0.79240642
vn -0.66195602 0.38233771 0.64469535
vn -0.69731782 0.52099588 0.49225110
vn -0.54200042 0.52701115 0.65459514
vn -0.64242939 0.15850751 0.74977320
vn -0.51641877 0.67163947 0.53123636
vn -0.43014008 0.19273321 0.88194865
vn -0.75188902 -0.02036698 0.65897503
vn 0.45901486 0.45648511 0.76218548
vn 0.42497352 0.79313020 0.43628201
vn 0.02975842 0.85003984 0.52587709
vn 0.85134087 0.25054881 0.46091649
vn 0.02975842 0.85003984 0.52587709
vn 0.03714276 0.54296158 0.83893572
vn 0.45901486 0.45648511 0.76218548
vn -0.38030764 0.53477230 0.75457583
vn 0.79312022 -0.09265751 0.60197584
vn 0.46378899 -0.40952839 0.78561204
vn 0.49674614 -0.63187041 0.59496476
vn 0.60091690 0.51943541 0.60752427
vn 0.45625619 0.37509080 0.80693072
vn 0.02186676 0.51518541 0.85679977
vn 0.11241890 0.36943813 0.92243019
vn 0.17525434 0.81518406 0.55205150
vn -0.16494744 -0.10138300 0.98107789
vn 0.22909643 -0.08975761 0.96925662
vn -0.50430459 -0.09045763 0.85877488
vn -0.65131851 0.40382913 0.64242216
vn -0.39853777 -0.53590208 0.74429604
vn -0.79711864 -0.08392411 0.59796205
vn -0.53800851 -0.59115901 0.60089756
vn -0.92641243 -0.28234081 0.24908568
vn -0.75815577 -0.65124449 0.03287019
vn -0.65131851 0.40382913 0.64242216
vn -0.88175805 0.26274109 0.39175230
vn -0.94704299 0.30730386 0.09313387
vn -0.98484421 -0.17269941 -0.01602490
vn -0.52382588 -0.84608790 -0.09870013
vn -0.93106435 -0.18604700 -0.31385615
vn -0.81046975 -0.42318388 -0.40503603
vn -0.84524985 -0.27559939 -0.45781838
vn -0.45324220 -0.85513755 -0.25161731
vn -0.62436610 -0.54597872 -0.55863603
vn -0.68887593 0.52640958 -0.49834016
vn -0.66342808 -0.09688852 -0.74194056
vn -0.58818861 -0.43975238 -0.67871349
vn -0.62436610 -0.54597872 -0.55863603
vn -0.66342808 -0.09688852 -0.74194056
vn -0.40555142 -0.33586961 -0.85012920
vn -0.49045039 0.35208330 -0.79717988
vn -0.58818861 -0.43975238 -0.67871349
vn -0.22450864 0.38078868 -0.89699267
vn -0.16396488 -0.22295770 -0.96093984
vn -0.06616969 0.31124651 -0.94802278
vn -0.14275962 0.91994843 -0.36512269
vn 0.02910088 0.85245493 -0.52199016
vn 0.03112903 -0.42331260 -0.90544874
vn -0.13452936 -0.87087833 -0.47272908
vn 0.26658418 0.25571121 -0.92927103
vn 0.41317412 -0.09025720 -0.90616819
vn 0.17893697 -0.62836822 -0.75705676
vn 0.56176843 0.23350450 -0.79365728
vn 0.48536660 -0.62253251 -0.61389945
vn 0.60779193 0.45378699 -0.65166428
vn 0.71869393 -0.00601000 -0.69530059
vn 0.18299387 0.91923760 -0.34859070
vn 0.67579085 0.53992570 -0.50178379
vn 0.71869393 -0.00601000 -0.69530059
vn 0.60779193 0.45378699 -0.65166428
vn 0.67433087 0.59399251 -0.43869212
vn 0.90017084 -0.05821546 -0.43162880
vn 0.88523322 0.34022189 -0.31719270
vn 0.89308329 0.39493507 -0.21547279
vn 0.91362726 -0.29035450 -0.28456897
vn 0.66946714 -0.62646681 -0.39919053
vn 0.48536660 -0.62253251 -0.61389945
vn 0.47240937 -0.87397543 -0.11400149
vn 0.45381730 0.89033719 -0.03673621
vn 0.67579085 0.53992570 -0.50178379
vn 0.79312022 -0.09265751 0.60197584
vn 0.78067306 0.49147218 0.38601123
vn 0.60091690 0.51943541 0.60752427
vn 0.82608023 0.49392152 0.27135399
vn 0.95294915 -0.08375825 0.29132881
vn 0.69714728 -0.63292283 0.33674078
vn 0.49674614 -0.63187041 0.59496476
vn 0.73067002 -0.67579502 0.09706913
vn 0.98646057 -0.12035950 0.11139631
vn 0.98964698 -0.14329809 -0.00803206
vn -0.43905732 0.38748272 0.81060829
vn -0.24944222 0.87419776 0.41660155
vn -0.65131851 0.40382913 0.64242216
vn -0.32108305 0.92305380 0.21184277
vn -0.88175805 0.26274109 0.39175230
vn -0.04959413 0.99764461 0.04738825
vn -0.08606509 0.99625951 0.00773175
vn -0.00586148 0.99765586 0.06817934
vn -0.41702876 0.90136817 0.11671517
vn -0.45899346 0.88740944 -0.04277257
vn -0.09816402 0.93324107 0.34557912
vn -0.22662330 0.57243250 0.78801200
vn 0.02186676 0.51518541 0.85679977
vn 0.17525434 0.81518406 0.55205150
vn 0.24132343 0.90782986 0.34294015
vn -0.26978214 0.95806985 -0.09653896
vn -0.83732227 0.49832278 -0.22486845
vn -0.68887593 0.52640958 -0.49834016
vn -0.24126751 0.93775867 -0.24979725
vn -0.49045039 0.35208330 -0.79717988
vn -0.05123356 0.99831524 -0.02723603
vn -0.03587203 0.99610115 -0.08059591
vn -0.14275962 0.91994843 -0.36512269
vn 0.02910088 0.85245493 -0.52199016
vn 0.18299387 0.91923760 -0.34859070
vn 0.41349147 0.90919638 0.04885445
vn 0.38349862 0.85991666 0.33685627
vn 0.58826003 0.76961370 0.24828387
vn 0.21596996 0.97587630 -0.03197539
vn 0.76873384 0.63707791 -0.05639169
vn 0.61167450 0.78245710 -0.11668412
vn 0.07376903 0.99724386 -0.00792590
vn 0.69567317 0.70143010 -0.15503115
vn -0.08168773 0.83833898 0.53899431
vn 0.19129361 0.82630932 0.52973546
vn 0.36327277 0.75835199 0.54123484
vn 0.11598892 0.65811850 0.74392648
vn -0.35023343 0.87407583 0.33664223
vn -0.34060335 0.67677181 0.65266322
vn -0.34298942 0.77352693 0.53292997
vn -0.73708061 0.44649313 0.50730272
vn -0.66751897 0.70328326 0.24456305
vn -0.70974321 0.69664409 0.10464986
vn 0.00044636 0.99999715 -0.00234324
vn 0.00033476 0.99999988 -0.00036264
vn 0.14943026 0.98291411 -0.10747301
vn 0.67826926 0.69992225 -0.22374016
vn 0.03117132 0.99791837 0.05645596
vn 0.64597005 0.55250474 -0.52674587
vn 0.74423703 0.54519343 -0.38584370
vn 0.38267513 0.59743558 -0.70472014
vn 0.57932445 0.41272291 -0.70288191
vn 0.02712450 0.99311734 -0.11393950
vn 0.17176813 0.54941367 -0.81770431
vn -0.29091524 0.62933537 -0.72062842
vn -0.05361901 0.41755547 -0.90706804
vn -0.47506842 0.65415918 -0.58854546
vn -0.31618147 0.93119015 -0.18142265
vn -0.65662201 0.56243590 -0.50250711
vn -0.79194163 0.49753860 -0.35395450
vn -0.69567403 0.69753203 -0.17171692
vn -0.26361785 0.96333593 -0.04989503
vn 0.23545926 0.95459945 0.18247964
vn 0.60091690 0.51943541 0.60752427
vn 0.45625619 0.37509080 0.80693072
vn 0.78067306 0.49147218 0.38601123
vn 0.82608023 0.49392152 0.27135399
vn -0.64886722 0.76048597 -0.02514811
vn -0.92593621 0.34424113 -0.15537112
vn 0.67579085 0.53992570 -0.50178379
vn 0.88523322 0.34022189 -0.31719270
vn 0.67433087 0.59399251 -0.43869212
vn 0.60779193 0.45378699 -0.65166428
vn -0.08042774 -0.95993634 0.26842803
vn -0.10141066 -0.55172667 0.82783667
vn -0.39853777 -0.53590208 0.74429604
vn -0.53800851 -0.59115901 0.60089756
vn -0.22132636 -0.95769419 0.18394694
vn -0.59646658 -0.76436037 0.24490986
vn -0.19876333 -0.97876425 0.05013659
vn -0.75815577 -0.65124449 0.03287019
vn -0.52382588 -0.84608790 -0.09870013
vn -0.16937614 -0.98492974 -0.03500196
vn -0.45324220 -0.85513755 -0.25161731
vn -0.01355779 -0.99970744 -0.02003031
vn -0.08153574 -0.99666361 0.00368367
vn -0.08743529 -0.99610219 0.01164029
vn -0.08067911 -0.99624789 0.03132142
vn -0.04947629 -0.99822498 0.03315081
vn -0.08114059 -0.99526595 0.05349674
vn -0.06198684 -0.99290131 0.10151169
vn 0.00850858 -0.99986574 -0.01400393
vn -0.00164588 -0.99999674 0.00195269
vn -0.02806485 -0.98978804 0.13975696
vn -0.00159382 -0.99248064 0.12239132
vn -0.00103446 -0.99444787 0.10522527
vn 0.07683896 -0.58086969 0.81036176
vn 0.00907529 -0.99420350 0.10713093
vn 0.04353329 -0.99467047 0.09346394
vn 0.06112616 -0.99473633 0.08223884
vn -0.02352077 -0.99889757 -0.04062533
vn 0.10274886 -0.99405056 0.03614076
vn -0.01202323 -0.99989269 -0.00836904
vn -0.00700175 -0.99995914 -0.00571869
vn 0.27046023 -0.95917360 0.08268783
vn 0.69714728 -0.63292283 0.33674078
vn 0.73067002 -0.67579502 0.09706913
vn 0.12810908 -0.99173723 -0.00673230
vn -0.01299957 -0.99991437 -0.00150654
vn 0.01369687 -0.99990612 0.00039070
vn 0.25665143 -0.96637111 -0.01602900
vn 0.47240937 -0.87397543 -0.11400149
vn 0.11182888 -0.99257730 -0.04779748
vn -0.04628878 -0.99888845 0.00890007
vn 0.22927583 -0.95858527 -0.16895823
vn 0.66946714 -0.62646681 -0.39919053
vn 0.08378813 -0.99563576 -0.04109717
vn 0.07397207 -0.99481196 -0.06983766
vn 0.15442827 -0.94753997 -0.27985696
vn 0.03035806 -0.99421558 -0.10302317
vn -0.00251065 -0.99998113 0.00560695
vn -0.00251065 -0.99998113 0.00560695
vn 0.01983749 -0.99218963 -0.12315114
vn 0.04161744 -0.92507885 -0.37748790
vn -0.02832233 -0.98803138 -0.15163057
vn 0.00211989 -0.99972446 0.02337753
vn -0.13452936 -0.87087833 -0.47272908
vn 0.03112903 -0.42331260 -0.90544874
vn -0.06721102 -0.99060689 -0.11908263
vn -0.21292983 -0.93908836 -0.26976644
vn -0.09552694 -0.99180824 -0.08479988
vn 0.01726836 -0.99960115 0.02234617
vn 0.01726836 -0.99960115 0.02234617
vn -0.62436610 -0.54597872 -0.55863603
vn -0.40555142 -0.33586961 -0.85012920
vn 0.04707439 -0.99844085 0.02999778
vn 0.11284717 -0.99199539 0.05666269
vn 0.17893697 -0.62836822 -0.75705676
vn 0.48536660 -0.62253251 -0.61389945
vn 0.76873384 0.63707791 -0.05639169
vn 0.99270200 0.12059199 0.00056004
vn 0.97873950 0.11559991 -0.16942740
vn 0.61167450 0.78245710 -0.11668412
vn 0.97734267 0.12518280 -0.17067681
vn 0.69567317 0.70143010 -0.15503115
vn 0.70201020 -0.68664020 -0.18896272
vn 0.67826926 0.69992225 -0.22374016
vn 0.63608421 -0.72198445 -0.27227805
vn 0.74423703 0.54519343 -0.38584370
vn 0.62696869 -0.64224650 -0.44094182
vn 0.64597005 0.55250474 -0.52674587
vn 0.48405980 -0.65200407 -0.58358958
vn 0.57932445 0.41272291 -0.70288191
vn 0.94706909 -0.20549651 -0.24664006
vn 0.97849852 -0.16517209 -0.12352664
vn 0.98576422 -0.16809159 0.00375638
vn 0.92555284 -0.32112222 -0.20058031
vn 0.98292745 -0.13103281 0.12916668
vn 0.83268322 -0.36514820 -0.41629971
vn 0.79963287 -0.51087878 -0.31557907
vn 0.59620393 -0.75609928 -0.26991619
vn 0.75040462 0.24397488 -0.61430381
vn 0.72817240 -0.40372540 -0.55386890
vn 0.62065967 -0.39213760 -0.67897694
vn 0.62615136 -0.56859078 -0.53351570
vn 0.51396146 -0.52408298 -0.67910283
vn 0.67606145 -0.61793709 -0.40136601
vn 0.94843446 -0.31395189 0.04366093
vn 0.80670856 -0.57888438 -0.11880308
vn 0.89550282 -0.43048481 -0.11294919
vn 0.88900680 -0.45172713 0.07489668
vn 0.80645844 -0.58663480 0.07405677
vn 0.64300756 -0.75749727 0.11286794
vn 0.90975730 -0.33230249 0.24883067
vn 0.94910533 -0.16076121 0.27084110
vn 0.88731864 -0.17501750 0.42665503
vn 0.94832535 0.12621310 0.29111730
vn 0.60340423 0.18240510 0.77629357
vn 0.36327277 0.75835199 0.54123484
vn 0.66373617 -0.18518749 0.72467916
vn 0.79256964 -0.17965680 0.58271503
vn 0.70789001 -0.38613102 0.59143434
vn 0.56855255 -0.40074099 0.71843904
vn 0.55844554 -0.57212883 0.60067227
vn 0.66227350 -0.56280545 0.49461483
vn 0.81298066 -0.37379729 0.44647287
vn 0.89429996 0.08102529 0.44007100
vn 0.75006303 -0.54940473 0.36818459
vn 0.61085795 -0.69863525 0.37250686
vn 0.84141263 -0.46727308 0.27144180
vn 0.75178810 -0.62234617 0.21794469
vn 0.21984606 -0.70113517 0.67828990
vn 0.27219326 -0.82317757 0.49828659
vn 0.42243680 -0.72000233 0.55058496
vn 0.14015536 -0.90473591 0.40225540
vn 0.17904925 -0.93010840 0.32068634
vn 0.29280740 -0.92202565 0.25324400
vn 0.32443195 -0.87675895 0.35501781
vn 0.47670820 -0.79970478 0.36499528
vn 0.41907386 -0.88544087 0.20092674
vn 0.36532545 -0.91938899 0.14581224
vn 0.54547938 -0.81069765 0.21265361
vn 0.61085795 -0.69863525 0.37250686
vn 0.66227350 -0.56280545 0.49461483
vn 0.55844554 -0.57212883 0.60067227
vn -0.50690293 -0.70359494 0.49799959
vn -0.63348028 -0.71149845 0.30409322
vn -0.61999631 -0.58815620 0.51930421
vn -0.67306657 -0.73011627 -0.11794755
vn -0.51580380 -0.81575352 -0.26171096
vn -0.63242774 -0.72255500 -0.27919423
vn -0.53364641 -0.71887582 -0.44546500
vn -0.61478155 -0.57372655 -0.54118527
vn -0.44750216 -0.61686825 -0.64746844
vn -0.28596967 -0.70692900 -0.64689469
vn -0.32341493 -0.57139305 -0.75426306
vn -0.14151704 -0.66710620 -0.73139746
vn -0.01048528 -0.74190785 0.67041987
vn 0.01709217 -0.62086839 0.78372846
vn 0.21984606 -0.70113517 0.67828990
vn 0.29906034 -0.50748997 0.80809457
vn 0.07533231 -0.47586027 0.87628879
vn 0.41108468 -0.57716557 0.70561270
vn 0.42243680 -0.72000233 0.55058496
vn 0.55844554 -0.57212883 0.60067227
vn 0.56855255 -0.40074099 0.71843904
vn 0.25293444 -0.35241009 0.90101681
vn 0.01652030 -0.34342920 0.93903326
vn 0.44279268 -0.36527421 0.81884638
vn 0.22265294 -0.14824920 0.96355998
vn 0.02894002 -0.17385769 0.98434546
vn 0.52814042 -0.18031900 0.82979079
vn 0.66373617 -0.18518749 0.72467916
vn 0.60340423 0.18240510 0.77629357
vn 0.39616240 -0.19306500 0.89765319
vn 0.38838080 0.18763892 0.90219288
vn 0.36327277 0.75835199 0.54123484
vn 0.19129361 0.82630932 0.52973546
vn 0.11598892 0.65811850 0.74392648
vn -0.03408185 0.19808899 0.97959133
vn -0.19043953 -0.18912840 0.96330848
vn -0.08168773 0.83833898 0.53899431
vn -0.28311530 0.22427530 0.93249467
vn -0.34060335 0.67677181 0.65266322
vn -0.55167919 -0.15097129 0.82027907
vn -0.40544704 -0.17925810 0.89637003
vn -0.65188401 0.25006209 0.71590236
vn -0.34298942 0.77352693 0.53292997
vn -0.35023343 0.87407583 0.33664223
vn -0.67604765 -0.18840010 0.71236576
vn -0.59169180 -0.41097603 0.69354129
vn -0.71987759 -0.40315758 0.56501347
vn -0.41981586 -0.39879159 0.81530357
vn -0.23158985 -0.36185579 0.90300970
vn -0.16969374 -0.49175156 0.85404006
vn -0.25046988 -0.59659543 0.76245572
vn -0.20627420 -0.73123587 0.65018848
vn -0.38527956 -0.70439778 0.59614044
vn -0.45442006 -0.56604249 0.68782142
vn -0.61999631 -0.58815620 0.51930421
vn -0.50690293 -0.70359494 0.49799959
vn -0.73708061 0.44649313 0.50730272
vn -0.35023343 0.87407583 0.33664223
vn -0.65188401 0.25006209 0.71590236
vn -0.79015329 -0.17369070 0.58778339
vn -0.67604765 -0.18840010 0.71236576
vn -0.71987759 -0.40315758 0.56501347
vn -0.89290748 0.09389061 0.44034167
vn -0.66751897 0.70328326 0.24456305
vn -0.95594765 0.07279142 0.28436861
vn -0.90482020 0.40385045 0.13492676
vn -0.88579954 -0.17746850 0.42879378
vn -0.81553409 -0.39385310 0.42400930
vn -0.94700866 -0.17173969 0.27144073
vn -0.87897173 -0.38741600 0.27806032
vn -0.71529287 -0.57575027 0.39606532
vn -0.61999631 -0.58815620 0.51930421
vn -0.59169180 -0.41097603 0.69354129
vn -0.63348028 -0.71149845 0.30409322
vn -0.77533047 -0.57789503 0.25475477
vn -0.68927296 -0.72117655 0.06933370
vn -0.82316555 -0.55451290 0.12212259
vn -0.91756555 -0.37272910 0.13837079
vn -0.89519358 -0.44178177 -0.05879906
vn -0.95319981 -0.30162903 0.02073788
vn -0.97881742 -0.15863621 0.12942568
vn -0.98862522 -0.14884391 -0.02157923
vn -0.93679826 -0.31033250 -0.16156347
vn -0.99528302 0.09565614 -0.01617452
vn -0.86178387 -0.43895531 -0.25425735
vn -0.77951177 -0.58229565 -0.23085315
vn -0.81283124 -0.57930590 -0.06091017
vn -0.67306657 -0.73011627 -0.11794755
vn -0.63242774 -0.72255500 -0.27919423
vn -0.70946569 -0.59671478 -0.37495321
vn -0.53364641 -0.71887582 -0.44546500
vn -0.61478155 -0.57372655 -0.54118527
vn -0.79017320 -0.45555981 -0.40998972
vn -0.87249480 -0.31581130 -0.37284855
vn -0.72849796 -0.40091352 -0.55548093
vn -0.53164013 -0.48867137 -0.69177963
vn -0.44750216 -0.61686825 -0.64746844
vn -0.65397631 -0.35638963 -0.66730909
vn -0.53211096 -0.37728574 -0.75796662
vn -0.36637224 -0.83099588 -0.41858958
vn -0.50483440 -0.79651181 -0.33273287
vn -0.95373529 0.25656571 -0.15672599
vn -0.64886722 0.76048597 -0.02514811
vn -0.64088948 -0.75421947 -0.14287641
vn -0.82239041 -0.48336270 -0.30005751
vn -0.79194163 0.49753860 -0.35395450
vn -0.59183711 -0.73643673 -0.32770379
vn -0.66387804 -0.55682282 -0.49921369
vn -0.65662201 0.56243590 -0.50250711
vn -0.47506842 0.65415918 -0.58854546
vn -0.50839713 -0.69757593 -0.50489621
vn -0.07655192 -0.98250234 -0.16979091
vn -0.52377319 -0.12860610 -0.84209389
vn -0.17809669 -0.69426163 -0.69733949
vn -0.08508102 -0.63674178 -0.76636879
vn 0.01472212 -0.99308377 -0.11648130
vn 0.09327405 -0.78548004 -0.61181784
vn 0.33487318 -0.53397019 -0.77636061
vn 0.43294067 -0.54169335 -0.72050724
vn 0.75040462 0.24397488 -0.61430381
vn 0.93038294 -0.33817967 -0.14149947
vn -0.00114364 -0.99996525 -0.00825718
vn -0.08917584 -0.99554398 -0.03065708
vn -0.36637224 -0.83099588 -0.41858958
vn -0.50483440 -0.79651181 -0.33273287
vn -0.80071090 -0.54628569 -0.24583328
vn -0.77586095 -0.60615894 -0.17496034
vn -0.64088948 -0.75421947 -0.14287641
vn 0.15374495 -0.97517279 -0.15937539
vn -0.01936843 -0.90123846 -0.43289040
vn 0.63608421 -0.72198445 -0.27227805
vn 0.70201020 -0.68664020 -0.18896272
vn 0.62696869 -0.64224650 -0.44094182
vn 0.48405980 -0.65200407 -0.58358958
vn 0.15797556 -0.73553119 -0.65881530
vn 0.37362319 -0.57483043 -0.72799429
vn -0.59183711 -0.73643673 -0.32770379
vn -0.82239041 -0.48336270 -0.30005751
vn -0.50839713 -0.69757593 -0.50489621
vn -0.66387804 -0.55682282 -0.49921369
vn -0.39875400 -0.70542322 -0.58598066
vn -0.23990431 -0.66557545 -0.70672147
vn 0.94706909 -0.20549651 -0.24664006
vn -0.44750216 -0.61686825 -0.64746844
vn -0.32341493 -0.57139305 -0.75426306
vn -0.53164013 -0.48867137 -0.69177963
vn -0.37635027 -0.44400650 -0.81315355
vn -0.13034004 -0.53405633 -0.83534143
vn -0.14151704 -0.66710620 -0.73139746
vn 0.03874981 -0.65684890 -0.75302588
vn -0.53211096 -0.37728574 -0.75796662
vn 0.14844878 -0.59307861 -0.79134109
vn -0.52377319 -0.12860610 -0.84209389
vn -0.36637224 -0.83099588 -0.41858958
vn -0.07655192 -0.98250234 -0.16979091
vn -0.17809669 -0.69426163 -0.69733949
vn 0.13323515 -0.47863126 -0.86784821
vn 0.33999703 -0.46414097 -0.81790903
vn 0.33487318 -0.53397019 -0.77636061
vn 0.09327405 -0.78548004 -0.61181784
vn -0.04574499 -0.46000368 -0.88673785
vn -0.08508102 -0.63674178 -0.76636879
vn 0.33769074 -0.59363157 -0.73045638
vn 0.51396146 -0.52408298 -0.67910283
vn 0.48483182 -0.41230630 -0.77132459
vn 0.43294067 -0.54169335 -0.72050724
vn 0.62065967 -0.39213760 -0.67897694
vn 0.75040462 0.24397488 -0.61430381
vn 0.57932445 0.41272291 -0.70288191
vn 0.37362319 -0.57483043 -0.72799429
vn 0.48405980 -0.65200407 -0.58358958
vn 0.38267513 0.59743558 -0.70472014
vn 0.17176813 0.54941367 -0.81770431
vn 0.15797556 -0.73553119 -0.65881530
vn -0.05361901 0.41755547 -0.90706804
vn -0.01791662 -0.62210369 -0.78272984
vn -0.23990431 -0.66557545 -0.70672147
vn -0.29091524 0.62933537 -0.72062842
vn -0.39875400 -0.70542322 -0.58598066
vn -0.47506842 0.65415918 -0.58854546
vn -0.50839713 -0.69757593 -0.50489621
vn 0.54211979 -0.82660468 0.15109875
vn 0.82188548 -0.45042942 0.34873713
vn 0.38541216 -0.77767815 0.49666302
vn 0.18123869 -0.97114074 0.15504256
vn 0.06754275 -0.55170238 0.83130166
vn 0.30727953 -0.85971831 0.40799965
vn -0.16481399 -0.89641211 0.41143854
vn -0.28759887 -0.73169100 0.61799285
vn -0.24909855 -0.95789308 0.14279624
vn -0.57209388 -0.73310320 0.36778837
vn -0.68429176 -0.72208342 0.10168733
vn -0.68767835 -0.68030031 0.25355467
vn -0.67364613 -0.51228608 0.53269490
vn 0.86869659 -0.45841714 0.18766981
vn 0.75734580 -0.64392583 0.10856733
vn 0.65103050 -0.54634221 0.52694353
vn 0.71728481 0.64608708 -0.26090991
vn 0.12984649 0.89892183 -0.41842494
vn 0.61187441 0.60789775 -0.50603363
vn 0.13454762 0.97947028 -0.15011633
vn 0.61444757 0.77927077 -0.12325279
vn 0.55779819 0.79410269 0.24137542
vn 0.46186049 0.51705820 0.72064950
vn -0.39930034 0.82529459 -0.39930951
vn -0.41094383 0.69023315 -0.59556978
vn 0.10410514 0.76493391 -0.63564002
vn -0.75586532 0.59634677 -0.27025572
vn -0.73141941 0.52121467 -0.43972823
vn -0.61808412 0.77510718 -0.13107586
vn -0.52699136 0.73032291 0.43463611
vn -0.29121794 0.31402421 0.90364866
vn -0.75878896 0.35010962 0.54923816
vn -0.03461835 -0.01966532 0.99920711
vn -0.23963941 0.09872035 0.96582982
vn -0.85033760 -0.01138586 0.52611437
vn -0.41468533 -0.10248439 0.90417533
vn -0.80358075 -0.40112841 0.43972033
vn -0.30250318 -0.39776900 0.86618223
vn 0.00813696 -0.42439821 0.90543909
vn 0.22997390 -0.32479381 0.91739903
vn 0.08900067 0.16354890 0.98251241
vn 0.30117519 0.12790989 0.94495109
vn 0.77325049 0.22250170 0.59378167
vn -0.57209388 -0.73310320 0.36778837
vn -0.16481399 -0.89641211 0.41143854
vn 0.30727953 -0.85971831 0.40799965
vn 0.68671234 0.07219003 0.72333585
vn 0.63186895 0.14000730 0.76232511
vn 0.80519921 0.15664640 0.57194068
vn 0.80570620 0.07799318 0.58715806
vn 0.67479048 -0.01492482 0.73785843
vn 0.86417082 -0.00911525 0.50311600
vn 0.89500003 0.08422595 0.43804216
vn 0.90573618 0.16898429 0.38869819
vn 0.95698668 -0.00457434 0.29009578
vn 0.96039525 0.08419238 0.26561741
vn 0.95973469 0.16958100 0.22394557
vn 0.99761211 -0.00263777 0.06901537
vn 0.99516720 0.08429231 0.05036914
vn 0.96803084 0.06912254 -0.24111898
vn 0.98493433 0.16533571 0.05068004
vn 0.96779445 -0.00053423 -0.25174117
vn 0.96379812 0.15083849 -0.21986572
vn 0.79340894 0.07525782 -0.60401863
vn 0.87288945 0.00383980 -0.48790292
vn 0.86139616 0.05367786 -0.50508945
vn 0.85569672 0.15475569 -0.49379530
vn 0.96603805 -0.04623607 -0.25422964
vn 0.56279554 0.59997732 -0.56858455
vn 0.70708433 0.00000000 -0.70712923
vn -0.61065959 0.07092318 0.78871083
vn -0.45998507 -0.01245396 0.88783930
vn -0.66293593 -0.00944905 0.74861650
vn -0.45848096 0.06141758 0.88657943
vn -0.63887633 0.14160350 0.75616498
vn -0.38886138 0.12717940 0.91247588
vn -0.28598848 0.05844869 0.95644882
vn -0.19227593 -0.01726177 0.98118907
vn -0.09948032 0.11752820 0.98807428
vn -0.07558319 0.06091608 0.99527705
vn 0.12026239 -0.01358921 0.99264913
vn 0.15357139 0.11596430 0.98130939
vn 0.16319250 0.05674688 0.98496091
vn 0.42132652 -0.01208664 0.90682847
vn 0.40325831 0.12584591 0.90639149
vn 0.37449568 0.06021569 0.92527134
vn 0.54464925 0.06658734 0.83601634
vn 0.67479048 -0.01492482 0.73785843
vn 0.63186895 0.14000730 0.76232511
vn 0.68671234 0.07219003 0.72333585
vn -0.75166400 0.07695835 0.65504095
vn -0.81078857 0.16049410 0.56290634
vn -0.63887633 0.14160350 0.75616498
vn -0.75166400 0.07695835 0.65504095
vn -0.86325960 0.08422602 0.49768348
vn -0.91838087 0.17229831 0.35621604
vn -0.81418251 -0.01038391 0.58051616
vn -0.66293593 -0.00944905 0.74861650
vn -0.91603842 -0.00934903 0.40098155
vn -0.95280621 0.08785742 0.29058803
vn -0.97889245 -0.00714523 0.20425110
vn -0.98164846 0.16898470 0.08837692
vn -0.99474077 0.08672561 0.05449289
vn -0.99968862 -0.00006678 0.02495328
vn -0.96733973 0.00210355 -0.25347470
vn -0.96815391 0.06988849 -0.24040299
vn -0.96425186 0.14854389 -0.21943805
vn -0.81491899 0.13774859 -0.56296746
vn -0.86482335 0.05237542 -0.49933694
vn -0.87243851 0.01018367 -0.48861778
vn -0.85418314 0.16679670 -0.49249368
vn -0.96958965 -0.00641075 -0.24465242
vn -0.56540373 0.58846281 -0.57795341
vn -0.70350552 -0.02784495 -0.71014410
vn -0.75473731 0.06915532 -0.65237193
vn -0.94272690 0.08462552 -0.32265232
vn -0.96928317 0.08995797 -0.22890543
vn -0.91889488 0.03265146 -0.39314893
vn -0.75902386 0.02504066 -0.65058109
vn -0.99934846 0.01726173 0.03169695
vn -0.66050927 -0.13286451 -0.73896856
vn -0.74271973 0.01983281 -0.66930865
vn -0.67541305 0.09159193 -0.73172955
vn -0.28714929 0.91519077 -0.28279169
vn -0.70952590 0.63858228 -0.29796923
vn 0.63921802 -0.42726030 0.63941298
vn -0.24501050 -0.10428070 0.96389594
vn 0.65534348 0.05004007 0.75367162
vn -0.16284063 -0.83082504 0.53217731
vn -0.10132860 -0.56005920 0.82223246
vn 0.02569407 -0.52526442 0.85055106
vn 0.02776006 -0.02317140 0.99934602
vn -0.63993178 -0.17856461 0.74739682
vn -0.64093907 -0.57075864 0.51325597
vn 0.07611541 -0.91711842 0.39128027
vn -0.22353775 -0.97330053 0.05212437
vn -0.08705377 0.85099797 0.51790356
vn -0.13726777 0.89994418 0.41383334
vn -0.07998517 0.43393122 0.89738847
vn 0.61429172 0.54296519 0.57256833
vn -0.62270255 0.33099980 0.70899977
vn 0.07682394 0.59431030 0.80055815
vn -0.56887954 0.76430446 0.30366884
vn 0.62046828 0.45524355 -0.63857061
vn -0.20720534 0.94361268 -0.25818801
vn -0.25025103 0.95427112 -0.16352690
vn -0.04285257 0.59359625 -0.80362127
vn -0.08705377 0.85099797 0.51790356
vn 0.07647768 0.97256030 -0.21972169
vn 0.07682394 0.59431030 0.80055815
vn 0.12611976 0.96388805 0.23454985
vn -0.56887954 0.76430446 0.30366884
vn 0.08775117 0.80775264 -0.58295403
vn -0.59685818 0.73783610 -0.31521137
vn 0.62127145 -0.67712602 -0.39436296
vn 0.62046828 0.45524355 -0.63857061
vn 0.62664420 -0.19954680 -0.75332471
vn 0.59238545 -0.78399935 0.18553841
vn 0.63921802 -0.42726030 0.63941298
vn 0.65534348 0.05004007 0.75367162
vn 0.61429172 0.54296519 0.57256833
vn 0.57875775 0.81452056 -0.03994645
vn -0.63993178 -0.17856461 0.74739682
vn -0.64093907 -0.57075864 0.51325597
vn -0.62270255 0.33099980 0.70899977
vn -0.59685818 0.73783610 -0.31521137
vn -0.56887954 0.76430446 0.30366884
vn -0.64363827 0.29768071 -0.70506452
vn -0.61832307 -0.62181069 -0.48065377
vn -0.47415311 -0.19812369 -0.85786119
vn -0.49468067 -0.86672398 0.06387937
vn -0.10132860 -0.56005920 0.82223246
vn -0.22353775 -0.97330053 0.05212437
vn 0.02569407 -0.52526442 0.85055106
vn -0.16284063 -0.83082504 0.53217731
vn 0.59238545 -0.78399935 0.18553841
vn 0.63921802 -0.42726030 0.63941298
vn 0.18264231 -0.48993283 -0.85241282
vn -0.61832307 -0.62181069 -0.48065377
vn 0.19064809 -0.76498935 -0.61517852
vn -0.02211513 0.00143575 -0.99975440
vn -0.06553968 -0.59855084 -0.79839930
vn 0.62664420 -0.19954680 -0.75332471
vn 0.62127145 -0.67712602 -0.39436296
vn 0.19064809 -0.76498935 -0.61517852
vn 0.18264231 -0.48993283 -0.85241282
vn 0.43461769 -0.88270419 -0.17871982
vn -0.61832307 -0.62181069 -0.48065377
vn -0.49468067 -0.86672398 0.06387937
vn 0.07611541 -0.91711842 0.39128027
vn -0.64093907 -0.57075864 0.51325597
vn -0.22353775 -0.97330053 0.05212437
vn 0.19064809 -0.76498935 -0.61517852
vn 0.07611541 -0.91711842 0.39128027
vn -0.06553968 -0.59855084 -0.79839930
vn 0.79340894 0.07525782 -0.60401863
vn 0.97877687 0.04476789 -0.19997920
vn 0.69529269 0.65565150 -0.29443027
vn 0.85569672 0.15475569 -0.49379530
vn -0.75473731 0.06915532 -0.65237193
vn -0.85418314 0.16679670 -0.49249368
vn -0.91889488 0.03265146 -0.39314893
vn -0.70952590 0.63858228 -0.29796923
vn 0.74558627 0.01302177 -0.66628189
vn -0.28714929 0.91519077 -0.28279169
vn 0.29203328 0.91170156 -0.28899277
vn -0.74271973 0.01983281 -0.66930865
vn 0.66702547 0.08909119 -0.73968897
vn -0.67541305 0.09159193 -0.73172955
vn 0.75847123 0.02450685 -0.65124558
vn -0.75902386 0.02504066 -0.65058109
vn -0.66050927 -0.13286451 -0.73896856
vn 0.65861917 -0.13206699 -0.74079626
vn 0.75847123 0.02450685 -0.65124558
vn 0.66702547 0.08909119 -0.73968897
vn 0.97877687 0.04476789 -0.19997920
vn 0.99934928 0.01886440 0.03074333
vn 0.65861917 -0.13206699 -0.74079626
vn 0.65357641 0.04963969 0.75523094
vn -0.07998517 0.43393122 0.89738847
vn 0.61138644 0.54390019 0.57478622
vn -0.24501050 -0.10428070 0.96389594
vn 0.63163051 -0.43759329 0.63996485
vn -0.16319565 -0.83053130 0.53252694
vn -0.10135800 -0.56005760 0.82222992
vn 0.02776006 -0.02317140 0.99934602
vn 0.02569407 -0.52526442 0.85055106
vn -0.63993178 -0.17856461 0.74739682
vn -0.08705377 0.85099797 0.51790356
vn -0.64092724 -0.57078045 0.51324649
vn 0.07611541 -0.91711842 0.39128027
vn -0.22353775 -0.97330053 0.05212437
vn -0.13726777 0.89994418 0.41383334
vn 0.64055285 0.57181571 -0.51256106
vn 0.57574958 0.81753887 -0.01194202
vn -0.20847519 0.94355596 -0.25737179
vn -0.13726777 0.89994418 0.41383334
vn 0.61138644 0.54390019 0.57478622
vn -0.25025103 0.95427112 -0.16352690
vn -0.08705377 0.85099797 0.51790356
vn 0.07647768 0.97256030 -0.21972169
vn 0.07682394 0.59431030 0.80055815
vn 0.12611888 0.96388172 0.23457633
vn -0.56887954 0.76430446 0.30366884
vn 0.08775117 0.80775264 -0.58295403
vn -0.59685818 0.73783610 -0.31521137
vn -0.04663772 0.59494060 -0.80241548
vn -0.64363827 0.29768071 -0.70506452
vn 0.08775117 0.80775264 -0.58295403
vn -0.59685818 0.73783610 -0.31521137
vn 0.09237100 0.17521490 -0.98018740
vn 0.07647768 0.97256030 -0.21972169
vn -0.04663772 0.59494060 -0.80241548
vn -0.02168732 -0.00297160 -0.99976039
vn -0.06416172 -0.59621538 -0.80025652
vn 0.60622151 -0.48115237 -0.63323604
vn 0.60330821 0.16825711 -0.77955677
vn 0.64055285 0.57181571 -0.51256106
vn -0.20847519 0.94355596 -0.25737179
vn 0.57574958 0.81753887 -0.01194202
vn 0.64055285 0.57181571 -0.51256106
vn 0.61138644 0.54390019 0.57478622
vn 0.65357641 0.04963969 0.75523094
vn 0.63163051 -0.43759329 0.63996485
vn 0.58457731 -0.80788246 0.07480175
vn 0.60622151 -0.48115237 -0.63323604
vn 0.60330821 0.16825711 -0.77955677
vn -0.63993178 -0.17856461 0.74739682
vn -0.64092724 -0.57078045 0.51324649
vn -0.62270255 0.33099980 0.70899977
vn -0.59685818 0.73783610 -0.31521137
vn -0.56887954 0.76430446 0.30366884
vn -0.64363827 0.29768071 -0.70506452
vn -0.61832307 -0.62181069 -0.48065377
vn -0.47415311 -0.19812369 -0.85786119
vn -0.49468067 -0.86672398 0.06387937
vn -0.29512367 -0.91710555 -0.26799148
vn 0.60622151 -0.48115237 -0.63323604
vn -0.06416172 -0.59621538 -0.80025652
vn 0.19064809 -0.76498935 -0.61517852
vn 0.18264231 -0.48993283 -0.85241282
vn 0.43461769 -0.88270419 -0.17871982
vn -0.61832307 -0.62181069 -0.48065377
vn -0.22353775 -0.97330053 0.05212437
vn 0.19064809 -0.76498935 -0.61517852
vn 0.07611541 -0.91711842 0.39128027
vn -0.06416172 -0.59621538 -0.80025652
vn -0.56540373 0.58846281 -0.57795341
vn -0.70952590 0.63858228 -0.29796923
vn -0.85418314 0.16679670 -0.49249368
vn -0.28714929 0.91519077 -0.28279169
vn 0.56279554 0.59997732 -0.56858455
vn 0.29203328 0.91170156 -0.28899277
vn 0.69529269 0.65565150 -0.29443027
vn 0.85569672 0.15475569 -0.49379530
vn -0.70350552 -0.02784495 -0.71014410
vn 0.70708433 0.00000000 -0.70712923
vn 0.56279554 0.59997732 -0.56858455
vn -0.56540373 0.58846281 -0.57795341
vn 0.51180731 -0.69220234 0.50883121
vn 0.12922528 -0.14529039 0.98091362
vn 0.82703697 -0.23130008 0.51235741
vn 0.02443043 -0.77080823 0.63659863
vn 0.23263760 -0.94417586 0.23326315
vn 0.02074049 0.32667580 0.94490886
vn -0.01652646 -0.80869662 0.58799375
vn -0.00725657 -0.73988072 0.67269894
vn -0.13498567 -0.13279811 0.98190811
vn -0.50005241 -0.70195872 0.50715041
vn -0.23524691 -0.94525551 0.22616566
vn -0.83706532 -0.21385191 0.50357622
vn 0.84080681 -0.42630030 0.33363447
vn 0.29731402 -0.92315230 -0.24370927
vn 0.28691567 -0.88511864 0.36639377
vn 0.77084331 -0.43873494 -0.46185739
vn 0.00053005 -0.99999649 -0.00259431
vn -0.27127269 -0.91659630 0.29370452
vn -0.29843846 -0.41499710 0.85948350
vn -0.82813429 -0.43430474 0.35436279
vn -0.29577783 -0.92748049 -0.22868191
vn -0.85306897 -0.42464902 -0.30322689
vn -0.05631900 0.21827200 -0.97426200
vn -0.05902800 -0.78990500 -0.61038200
vn 0.00020800 -0.80940800 -0.58724600
vn 0.65181200 0.35648600 -0.66937300
vn 0.75823800 0.15996400 -0.63204900
vn 0.64741800 0.55058000 -0.52698400
vn 0.54172300 0.36414300 -0.75758600
vn 0.40646100 -0.77332500 -0.48657800
vn 0.38336700 0.32098900 -0.86602300
vn 0.25219600 -0.79303900 -0.55451400
vn 0.26084000 0.32369000 -0.90949800
vn 0.11736800 -0.78226900 -0.61178500
vn 0.10201900 0.22952100 -0.96794200
vn 0.02376900 -0.80706500 -0.58998400
vn 0.02458900 0.23360100 -0.97202200
vn -0.48386100 0.87258800 -0.06685300
vn -0.86120100 0.50324400 -0.07126600
vn -0.82451700 0.53822600 -0.17459800
vn -0.49440000 0.86699500 0.06236200
vn -0.83740400 0.52986700 0.13414800
vn -0.84299000 0.53682000 0.03454300
vn 0.46231000 0.86823500 0.18010300
vn 0.75743700 0.55287300 0.34730600
vn 0.43013700 0.86372300 0.26261100
vn 0.45325200 0.55431800 0.69806500
vn 0.33557200 0.85066500 0.40467200
vn 0.49799000 0.54857500 0.67161900
vn -0.47101400 0.87011100 -0.14509300
vn -0.83175700 0.50418100 -0.23234200
vn -0.77429000 0.55403700 -0.30580600
vn 0.69045200 0.52802600 -0.49443300
vn 0.40758600 0.87334300 -0.26673200
vn 0.39409600 0.87143200 -0.29205400
vn 0.43013700 0.86372300 0.26261100
vn 0.74552300 0.51631400 0.42144500
vn 0.67701600 0.55691800 0.48113500
vn 0.80459100 0.52964400 0.26853500
vn 0.46231000 0.86823500 0.18010300
vn 0.45625900 0.88108500 0.12456600
vn 0.64741800 0.55058000 -0.52698400
vn 0.69045200 0.52802600 -0.49443300
vn 0.39409600 0.87143200 -0.29205400
vn 0.38216400 0.87354400 -0.30144900
vn -0.25972600 0.82272900 -0.50562700
vn -0.53952300 0.35457900 -0.76366800
vn -0.39539200 0.32355500 -0.85963800
vn -0.40040500 -0.77579300 -0.48767000
vn -0.65204800 0.35629200 -0.66924600
vn -0.22993200 -0.77980900 -0.58226200
vn -0.19767800 0.19547800 -0.96057900
vn -0.35915700 0.84596800 -0.39413800
vn -0.64711000 0.55097900 -0.52694500
vn -0.17188100 0.54306200 -0.82191300
vn -0.12038500 0.83264300 -0.54056800
vn -0.03391100 0.84499200 -0.53370300
vn -0.03237300 0.54528700 -0.83762400
vn 0.03353400 0.83168800 -0.55423000
vn 0.01721700 0.54221600 -0.84006300
vn 0.09180000 0.56539200 -0.81969800
vn 0.12435000 0.82729700 -0.54782900
vn 0.26223500 0.82144800 -0.50641500
vn 0.35506200 0.84648400 -0.39673100
vn -0.46011900 0.86118300 -0.21599600
vn -0.74108700 0.51549300 -0.43018300
vn -0.90991400 0.13844600 -0.39101100
vn -0.95061700 0.13811600 -0.27794100
vn -0.97286300 0.17283000 -0.15384400
vn -0.99003500 0.13957700 -0.01865900
vn -0.98677800 0.14376400 0.07484700
vn -0.97570400 0.14226600 0.16661800
vn -0.82077800 0.53648500 0.19623400
vn -0.95596500 0.14545700 0.25489800
vn -0.80462800 0.52958000 0.26854700
vn -0.92767100 0.14924400 0.34227500
vn -0.75747100 0.55283700 0.34728800
vn -0.89075700 0.15349500 0.42777500
vn -0.74556400 0.51621700 0.42149000
vn -0.84519000 0.15807100 0.51055500
vn -0.67705500 0.55688400 0.48111900
vn -0.79112500 0.16284900 0.58957700
vn -0.62974500 0.54017900 0.55823600
vn -0.72877400 0.16769600 0.66390200
vn -0.44467700 -0.80935900 0.38366800
vn -0.48037700 -0.80925200 0.33815600
vn -0.51113200 -0.80911800 0.28995100
vn -0.53662900 -0.80901200 0.23985300
vn -0.55689700 -0.80892000 0.18845100
vn -0.57195500 -0.80890100 0.13618500
vn -0.58204000 -0.80886400 0.08348400
vn -0.58707600 -0.80904200 0.02816000
vn -0.59216100 -0.80464700 -0.04345200
vn -0.58644700 -0.80205600 -0.11307700
vn -0.56899800 -0.80320500 -0.17636200
vn -0.55478700 -0.80757300 -0.20009400
vn -0.53337900 -0.79348600 -0.29306400
vn -0.87305700 0.17667400 -0.45448600
vn -0.82562000 0.14124000 -0.54626300
vn -0.48477700 -0.80642800 -0.33862200
vn -0.69041200 0.52809200 -0.49441900
vn -0.80054800 0.15717500 -0.57829000
vn -0.46718100 -0.80224900 -0.37167000
vn -0.75824700 0.16036200 -0.63193800
vn -0.64711000 0.55097900 -0.52694500
vn -0.65204800 0.35629200 -0.66924600
vn -0.40040500 -0.77579300 -0.48767000
vn -0.47101400 0.87011100 -0.14509300
vn -0.82451700 0.53822600 -0.17459800
vn -0.83175700 0.50418100 -0.23234200
vn -0.48386100 0.87258800 -0.06685300
vn -0.20692400 0.97711900 -0.04920500
vn -0.46011900 0.86118300 -0.21599600
vn -0.77429000 0.55403700 -0.30580600
vn -0.21402700 0.97675100 0.01224300
vn -0.46515000 0.88519100 -0.00846500
vn -0.86120100 0.50324400 -0.07126600
vn -0.84299000 0.53682000 0.03454300
vn -0.49440000 0.86699500 0.06236200
vn -0.18924400 0.97709100 -0.09737000
vn -0.40754500 0.87336100 -0.26673700
vn -0.74108700 0.51549300 -0.43018300
vn -0.69041200 0.52809200 -0.49441900
vn -0.39469800 0.87120200 -0.29192600
vn -0.64711000 0.55097900 -0.52694500
vn -0.16977800 0.97765000 -0.12400200
vn -0.37929500 0.87377500 -0.30439000
vn -0.35915700 0.84596800 -0.39413800
vn -0.15348200 0.97829800 -0.13919800
vn -0.07803100 0.99584600 -0.04693100
vn -0.04896900 0.99570100 -0.07862100
vn -0.11050200 0.97875800 -0.17269000
vn -0.25972600 0.82272900 -0.50562700
vn -0.04408700 0.97886100 -0.19971700
vn -0.12038500 0.83264300 -0.54056800
vn -0.03391100 0.84499200 -0.53370300
vn 0.00355900 0.97910100 -0.20334400
vn 0.03353400 0.83168800 -0.55423000
vn 0.06375600 0.97863700 -0.19546200
vn 0.12435000 0.82729700 -0.54782900
vn 0.26223500 0.82144800 -0.50641500
vn 0.13199200 0.97864800 -0.15756400
vn 0.35506200 0.84648400 -0.39673100
vn 0.00376900 0.99650400 -0.08346600
vn 0.05246000 0.99575300 -0.07566000
vn 0.07643900 0.99592000 -0.04796200
vn 0.38216400 0.87354400 -0.30144900
vn 0.64741800 0.55058000 -0.52698400
vn 0.16927700 0.97768400 -0.12441900
vn 0.18913400 0.97709000 -0.09759000
vn 0.09216700 0.99542000 -0.02537900
vn -0.09275200 0.99541300 -0.02345400
vn -0.09621600 0.99533800 0.00664400
vn 0.09523700 0.99544300 0.00491500
vn 0.20743700 0.97697000 -0.04998600
vn 0.46012100 0.86117700 -0.21601400
vn 0.74110900 0.51546900 -0.43017400
vn 0.47099300 0.87011900 -0.14511300
vn 0.77427800 0.55407800 -0.30576400
vn 0.48675000 0.87085200 -0.06849000
vn 0.82448200 0.53828500 -0.17457800
vn 0.21153500 0.97736600 -0.00308000
vn 0.46810600 0.88364900 -0.00643400
vn 0.49802200 0.86532700 0.05641800
vn 0.20713800 0.97734500 0.04348700
vn 0.45625900 0.88108500 0.12456600
vn 0.08573900 0.99572200 0.03445300
vn 0.19061000 0.97727000 0.09280000
vn -0.08384400 0.99557700 0.04238200
vn 0.06831500 0.99588000 0.05963400
vn 0.16072200 0.97791500 0.13360600
vn -0.19731400 0.97717600 0.07870500
vn 0.37869000 0.86640900 0.32546800
vn 0.67701600 0.55691800 0.48113500
vn -0.45381500 0.88328800 0.11770100
vn -0.82077800 0.53648500 0.19623400
vn -0.83740400 0.52986700 0.13414800
vn -0.80462800 0.52958000 0.26854700
vn -0.46758500 0.86422900 0.18566800
vn -0.75747100 0.55283700 0.34728800
vn -0.42903600 0.86525900 0.25933500
vn -0.16414900 0.97777300 0.13044200
vn -0.37793400 0.86642800 0.32629600
vn -0.33541400 0.85104400 0.40400600
vn -0.05539000 0.99599300 0.07021300
vn -0.12702500 0.97790200 0.16604800
vn -0.25010700 0.84695700 0.46916000
vn -0.45329900 0.55428800 0.69805800
vn -0.49800400 0.54857500 0.67160800
vn -0.08583900 0.97807500 0.18974100
vn 0.03877600 0.99614000 0.07875400
vn -0.02347900 0.99624300 0.08335800
vn 0.12674200 0.97784800 0.16658400
vn 0.58031100 0.54876100 0.60174700
vn 0.62976100 0.54017800 0.55821900
vn 0.25006900 0.84696300 0.46916900
vn 0.08575100 0.97802700 0.19002600
vn -0.15278600 0.84167400 0.51792000
vn -0.28976100 0.54724100 0.78521700
vn -0.35167800 0.53220400 0.77011800
vn -0.04445800 0.97846900 0.20155000
vn -0.06143200 0.86106700 0.50476700
vn -0.00028200 0.97874200 0.20509500
vn 0.00578400 0.84675900 0.53194500
vn 0.07215700 0.86255600 0.50079100
vn 0.00686600 0.99630900 0.08556200
vn 0.04487400 0.97846100 0.20149400
vn 0.15273200 0.84103300 0.51897700
vn 0.28974300 0.54724100 0.78522400
vn 0.35166100 0.53220400 0.77012500
vn -0.58035500 0.54872900 0.60173500
vn -0.62974500 0.54017900 0.55823600
vn -0.67705500 0.55688400 0.48111900
vn -0.74556400 0.51621700 0.42149000
vn 0.07215700 0.86255600 0.50079100
vn 0.09363800 0.52333100 0.84696900
vn 0.00578400 0.84675900 0.53194500
vn 0.15273200 0.84103300 0.51897700
vn 0.18752100 0.52174300 0.83223800
vn 0.28974300 0.54724100 0.78522400
vn 0.27654600 0.19388800 0.94123800
vn 0.37296400 0.19127600 0.90791600
vn 0.19707700 -0.80490500 0.55972100
vn 0.35166100 0.53220400 0.77012500
vn 0.47721400 0.18949300 0.85811400
vn 0.45325200 0.55431800 0.69806500
vn 0.25006900 0.84696300 0.46916900
vn 0.57854800 0.17445300 0.79677400
vn 0.49799000 0.54857500 0.67161900
vn 0.13813800 -0.80501000 0.57695500
vn 0.17598500 0.20579000 0.96264200
vn 0.07864300 -0.80376600 0.58972500
vn 0.05973800 0.17945500 0.98195100
vn 0.01491800 -0.79997100 0.59985400
vn -0.01572900 0.54184500 0.84033100
vn -0.06143200 0.86106700 0.50476700
vn -0.05303600 0.19733200 0.97890100
vn -0.06501000 -0.80969100 0.58324400
vn -0.11388300 0.52557100 0.84309300
vn -0.15278600 0.84167400 0.51792000
vn -0.17067500 0.20780800 0.96316400
vn -0.11273800 -0.80844900 0.57766800
vn -0.18863300 0.52585600 0.82939300
vn -0.28976100 0.54724100 0.78521700
vn -0.27154100 0.20222700 0.94094100
vn -0.17269100 -0.81022200 0.56010600
vn -0.36930000 0.19720100 0.90814600
vn -0.23253100 -0.81010300 0.53820300
vn -0.35167800 0.53220400 0.77011800
vn -0.47130800 0.20430500 0.85797900
vn -0.30534100 -0.80568500 0.50758100
vn -0.45329900 0.55428800 0.69805800
vn -0.25010700 0.84695700 0.46916000
vn -0.57834700 0.16998200 0.79788500
vn -0.49800400 0.54857500 0.67160800
vn -0.35876800 -0.80815800 0.46708200
vn -0.65865400 0.17237000 0.73243700
vn -0.40413100 -0.80952000 0.42585800
vn 0.25777500 -0.79939000 0.54270400
vn 0.31807500 -0.80946400 0.49355600
vn 0.36012200 -0.80698300 0.46807100
vn 0.65865100 0.17239800 0.73243300
vn 0.40412200 -0.80952000 0.42586700
vn 0.58031100 0.54876100 0.60174700
vn 0.33557200 0.85066500 0.40467200
vn -0.58035500 0.54872900 0.60173500
vn -0.72877400 0.16769600 0.66390200
vn -0.62974500 0.54017900 0.55823600
vn -0.44467700 -0.80935900 0.38366800
vn 0.75743700 0.55287300 0.34730600
vn 0.89074300 0.15352700 0.42779300
vn 0.84518800 0.15810600 0.51054900
vn 0.92766900 0.14927800 0.34226700
vn 0.51112500 -0.80911900 0.28996200
vn 0.53662000 -0.80900600 0.23989200
vn 0.48035700 -0.80926300 0.33815800
vn 0.55689300 -0.80892000 0.18846300
vn 0.79112200 0.16288500 0.58957200
vn 0.44466800 -0.80935900 0.38367700
vn 0.95595500 0.14549000 0.25491800
vn 0.57195100 -0.80890200 0.13619800
vn 0.97570100 0.14230000 0.16660900
vn 0.82074000 0.53654800 0.19622100
vn 0.49802200 0.86532700 0.05641800
vn 0.62976100 0.54017800 0.55821900
vn 0.37869000 0.86640900 0.32546800
vn 0.72877000 0.16772400 0.66390000
vn 0.40412200 -0.80952000 0.42586700
vn 0.58031100 0.54876100 0.60174700
vn 0.65865100 0.17239800 0.73243300
vn 0.58203800 -0.80886400 0.08349700
vn 0.98677300 0.14379700 0.07483900
vn 0.58707600 -0.80904200 0.02817300
vn 0.83738600 0.52989100 0.13416400
vn 0.84296600 0.53685700 0.03453200
vn 0.99003100 0.13960900 -0.01863700
vn 0.59216300 -0.80464800 -0.04341000
vn 0.86113000 0.50336800 -0.07124600
vn 0.97286600 0.17283000 -0.15382200
vn 0.82448200 0.53828500 -0.17457800
vn 0.58646800 -0.80204200 -0.11306200
vn 0.83173100 0.50424500 -0.23229300
vn 0.95063100 0.13811700 -0.27789200
vn 0.56900200 -0.80320500 -0.17634900
vn 0.77427800 0.55407800 -0.30576400
vn 0.90992900 0.13848100 -0.39096300
vn 0.55477200 -0.80758500 -0.20008500
vn 0.53338500 -0.79348600 -0.29305200
vn 0.74110900 0.51546900 -0.43017400
vn 0.46012100 0.86117700 -0.21601400
vn 0.87306700 0.17667400 -0.45446600
vn 0.82564600 0.14120300 -0.54623300
vn 0.48478400 -0.80642800 -0.33861200
vn 0.69045200 0.52802600 -0.49443300
vn 0.80055400 0.15714600 -0.57829000
vn 0.46727700 -0.80225100 -0.37154500
vn 0.75823800 0.15996400 -0.63204900
vn 0.64741800 0.55058000 -0.52698400
vn 0.65181200 0.35648600 -0.66937300
vn 0.40646100 -0.77332500 -0.48657800
vn 0.46810600 0.88364900 -0.00643400
vn 0.48675000 0.87085200 -0.06849000
vn 0.47099300 0.87011900 -0.14511300
vn 0.22039800 -0.64851800 -0.72859400
vn 0.21674900 -0.62787600 -0.74752400
vn 0.28921300 -0.62489400 -0.72516500
vn 0.14405200 -0.64840300 -0.74754400
vn 0.13234900 -0.62755000 -0.76724500
vn 0.06274400 -0.65008500 -0.75726700
vn 0.05393400 -0.62681400 -0.77730000
vn -0.03966900 -0.65136100 -0.75773000
vn -0.04442700 -0.62416900 -0.78002500
vn -0.12931300 -0.62603700 -0.76899600
vn -0.14168600 -0.64807300 -0.74828200
vn -0.21755600 -0.62930000 -0.74609000
vn -0.22076500 -0.64741400 -0.72946400
vn -0.28880000 -0.62706200 -0.72345500
vn -0.29759800 -0.64464700 -0.70417700
vn -0.35616700 -0.62084400 -0.69835400
vn -0.37570000 -0.66423100 -0.64625600
vn -0.45526400 -0.61225900 -0.64643100
vn -0.46713600 -0.65059100 -0.59876200
vn -0.51475500 -0.63406100 -0.57705600
vn -0.51657000 -0.65257900 -0.55434300
vn 0.29770800 -0.64546700 -0.70338000
vn 0.35732900 -0.62474500 -0.69426900
vn 0.37516900 -0.66580300 -0.64494500
vn 0.45022900 -0.61341600 -0.64885700
vn 0.46721400 -0.64993200 -0.59941600
vn 0.52133900 -0.62757900 -0.57823000
vn 0.51657400 -0.65256800 -0.55435200
vn 0.57693200 -0.63231300 -0.51703900
vn 0.57170000 -0.64993900 -0.50073800
vn 0.42735300 -0.67769900 0.59840900
vn 0.49214600 -0.61644700 0.61464200
vn 0.27406600 -0.60520300 0.74740700
vn 0.25407300 -0.67312800 0.69451100
vn 0.09291300 -0.65714000 0.74802100
vn 0.11066100 -0.62808700 0.77023400
vn 0.02760400 -0.62190000 0.78261000
vn 0.00358200 -0.65332000 0.75707300
vn -0.02141300 -0.61195600 0.79060200
vn -0.07217200 -0.65971800 0.74804000
vn -0.12549000 -0.61984000 0.77462900
vn -0.27032100 -0.60457800 0.74927400
vn -0.25399900 -0.67017700 0.69738600
vn -0.42745100 -0.67838500 0.59756100
vn -0.49577500 -0.61081100 0.61734700
vn -0.56678000 -0.65266200 0.50278600
vn -0.59370700 -0.63204400 0.49802900
vn -0.61663000 -0.65714200 0.43351100
vn -0.56678000 -0.65266200 0.50278600
vn -0.59370700 -0.63204400 0.49802900
vn -0.62089700 -0.63767700 0.45591100
vn -0.67211600 -0.61523500 0.41200200
vn -0.65318400 -0.67433600 0.34441600
vn -0.73552500 -0.60018500 0.31429400
vn -0.69854300 -0.67424500 0.23964900
vn -0.76199500 -0.61372000 0.20666600
vn -0.74207200 -0.65690200 0.13345100
vn -0.76675300 -0.62183500 0.15940800
vn -0.78408500 -0.61440300 0.08786100
vn -0.74685000 -0.66389600 0.03817200
vn -0.77748300 -0.62890300 0.00117200
vn -0.76064500 -0.64767800 -0.04397300
vn -0.77333300 -0.63132700 -0.05815700
vn -0.75033800 -0.65112700 -0.11413000
vn -0.76653800 -0.62956900 -0.12674200
vn -0.73695100 -0.65097200 -0.18203900
vn -0.74913200 -0.63171500 -0.19934300
vn -0.71706700 -0.65082500 -0.24948100
vn -0.72927100 -0.63134800 -0.26375000
vn -0.69058700 -0.65064400 -0.31583600
vn -0.69982200 -0.63150400 -0.33384300
vn -0.65747600 -0.65049000 -0.38024800
vn -0.66867600 -0.62779100 -0.39843600
vn -0.61784200 -0.65022000 -0.44213800
vn -0.62259500 -0.63047400 -0.46354900
vn -0.57168900 -0.64993900 -0.50075100
vn -0.57821400 -0.63008100 -0.51833000
vn -0.51657000 -0.65257900 -0.55434300
vn -0.51475500 -0.63406100 -0.57705600
vn 0.75034100 -0.65112800 -0.11411300
vn 0.77333400 -0.63132700 -0.05814000
vn 0.76064600 -0.64767800 -0.04395600
vn 0.77748300 -0.62890300 0.00115900
vn 0.74687800 -0.66386300 0.03818800
vn 0.78408300 -0.61440300 0.08787800
vn 0.74206900 -0.65690200 0.13346700
vn 0.76675300 -0.62183800 0.15939600
vn 0.76200800 -0.61371100 0.20665000
vn 0.69852200 -0.67425900 0.23967000
vn 0.73553300 -0.60016400 0.31431600
vn 0.65314500 -0.67436600 0.34443000
vn 0.67211200 -0.61520800 0.41204900
vn 0.61658900 -0.65717200 0.43352300
vn 0.62037100 -0.63801700 0.45615000
vn 0.59802400 -0.62824800 0.49766600
vn 0.56678900 -0.65265100 0.50279000
vn 0.49214600 -0.61644700 0.61464200
vn 0.42735300 -0.67769900 0.59840900
vn 0.76654000 -0.62956900 -0.12672500
vn 0.73695500 -0.65097200 -0.18202200
vn 0.74913600 -0.63171500 -0.19932600
vn 0.71707300 -0.65082500 -0.24946500
vn 0.72927700 -0.63134800 -0.26373400
vn 0.69059300 -0.65064400 -0.31582100
vn 0.69983000 -0.63150400 -0.33382700
vn 0.65749200 -0.65049700 -0.38020800
vn 0.66868500 -0.62779100 -0.39842100
vn 0.61785200 -0.65022000 -0.44212400
vn 0.62081300 -0.63210500 -0.46371800
vn 0.57170000 -0.64993900 -0.50073800
vn 0.57693200 -0.63231300 -0.51703900
vn 0.49214600 -0.61644700 0.61464200
vn 0.05700000 -0.98388100 0.16949700
vn 0.27406600 -0.60520300 0.74740700
vn 0.11066100 -0.62808700 0.77023400
vn 0.11019600 -0.98527100 0.13076100
vn 0.59802400 -0.62824800 0.49766600
vn 0.62037100 -0.63801700 0.45615000
vn 0.01118800 -0.98531200 0.17039900
vn 0.02760400 -0.62190000 0.78261000
vn -0.02202200 -0.98444300 0.17431700
vn -0.02141300 -0.61195600 0.79060200
vn -0.12549000 -0.61984000 0.77462900
vn -0.27032100 -0.60457800 0.74927400
vn 0.02634000 -0.99869600 0.04372400
vn 0.13837200 -0.98508400 0.10228500
vn 0.67211200 -0.61520800 0.41204900
vn 0.04101600 -0.99881200 0.02631200
vn 0.15601600 -0.98449400 0.08019300
vn 0.73553300 -0.60016400 0.31431600
vn 0.17073400 -0.98443700 0.04163600
vn 0.76200800 -0.61371100 0.20665000
vn 0.76675300 -0.62183800 0.15939600
vn 0.78408300 -0.61440300 0.08787800
vn 0.00100400 -0.99890700 0.04673500
vn -0.02547600 -0.99870000 0.04414200
vn -0.04447600 -0.99872900 0.02371600
vn 0.04947100 -0.99868400 0.01350500
vn 0.17399800 -0.98474300 0.00249200
vn 0.77748300 -0.62890300 0.00115900
vn 0.77333400 -0.63132700 -0.05814000
vn 0.16996700 -0.98482500 -0.03508300
vn 0.76654000 -0.62956900 -0.12672500
vn 0.74913600 -0.63171500 -0.19932600
vn 0.72927700 -0.63134800 -0.26373400
vn 0.05203900 -0.99863900 -0.00345900
vn 0.04433800 -0.99865900 -0.02673000
vn 0.15958100 -0.98514700 -0.06339400
vn 0.69983000 -0.63150400 -0.33382700
vn 0.14583100 -0.98460500 -0.09636000
vn 0.66868500 -0.62779100 -0.39842100
vn 0.62081300 -0.63210500 -0.46371800
vn 0.57693200 -0.63231300 -0.51703900
vn 0.11636900 -0.98454400 -0.13088800
vn 0.52133900 -0.62757900 -0.57823000
vn 0.45022900 -0.61341600 -0.64885700
vn 0.07548700 -0.98483200 -0.15623000
vn 0.35732900 -0.62474500 -0.69426900
vn 0.28921300 -0.62489400 -0.72516500
vn 0.21674900 -0.62787600 -0.74752400
vn 0.02433100 -0.99882900 -0.04182400
vn -0.02759500 -0.99873200 -0.04210500
vn 0.03866700 -0.98498900 -0.16822900
vn 0.13234900 -0.62755000 -0.76724500
vn 0.05393400 -0.62681400 -0.77730000
vn 0.00198200 -0.99881200 -0.04868900
vn -0.00016600 -0.98475600 -0.17394400
vn -0.04442700 -0.62416900 -0.78002500
vn -0.03882900 -0.98516000 -0.16718700
vn -0.12931300 -0.62603700 -0.76899600
vn -0.21755600 -0.62930000 -0.74609000
vn -0.08523400 -0.98401000 -0.15639700
vn -0.28880000 -0.62706200 -0.72345500
vn -0.35616700 -0.62084400 -0.69835400
vn -0.45526400 -0.61225900 -0.64643100
vn -0.12024200 -0.98513500 -0.12267800
vn -0.14439100 -0.98489700 -0.09554500
vn -0.51475500 -0.63406100 -0.57705600
vn -0.57821400 -0.63008100 -0.51833000
vn -0.62259500 -0.63047400 -0.46354900
vn -0.66867600 -0.62779100 -0.39843600
vn -0.69982200 -0.63150400 -0.33384300
vn -0.04564900 -0.99869900 -0.02271400
vn -0.15997300 -0.98504000 -0.06407000
vn -0.17035900 -0.98476800 -0.03477900
vn -0.72927100 -0.63134800 -0.26375000
vn -0.74913200 -0.63171500 -0.19934300
vn -0.76653800 -0.62956900 -0.12674200
vn -0.77333300 -0.63132700 -0.05815700
vn -0.05290400 -0.99859900 0.00053000
vn -0.16986500 -0.98457600 0.04191200
vn -0.17487000 -0.98458900 0.00204100
vn -0.77748300 -0.62890300 0.00117200
vn -0.78408500 -0.61440300 0.08786100
vn -0.76675300 -0.62183500 0.15940800
vn -0.76199500 -0.61372000 0.20666600
vn -0.73552500 -0.60018500 0.31429400
vn -0.15660700 -0.98438200 0.08041400
vn -0.67211600 -0.61523500 0.41200200
vn -0.13823400 -0.98514200 0.10191800
vn -0.62089700 -0.63767700 0.45591100
vn -0.12367400 -0.98562700 0.11508400
vn -0.59370700 -0.63204400 0.49802900
vn -0.08786900 -0.98381300 0.15617400
vn -0.49577500 -0.61081100 0.61734700
vn -0.53337900 -0.79348600 -0.29306400
vn -0.55478700 -0.80757300 -0.20009400
vn 0.69852200 -0.67425900 0.23967000
vn -0.56899800 -0.80320500 -0.17636200
vn 0.65314500 -0.67436600 0.34443000
vn 0.74206900 -0.65690200 0.13346700
vn -0.48477700 -0.80642800 -0.33862200
vn -0.58644700 -0.80205600 -0.11307700
vn 0.61658900 -0.65717200 0.43352300
vn -0.46718100 -0.80224900 -0.37167000
vn 0.56678900 -0.65265100 0.50279000
vn -0.40040500 -0.77579300 -0.48767000
vn 0.42735300 -0.67769900 0.59840900
vn -0.22993200 -0.77980900 -0.58226200
vn 0.25407300 -0.67312800 0.69451100
vn -0.05902800 -0.78990500 -0.61038200
vn 0.09291300 -0.65714000 0.74802100
vn 0.00020800 -0.80940800 -0.58724600
vn 0.00358200 -0.65332000 0.75707300
vn 0.02376900 -0.80706500 -0.58998400
vn -0.07217200 -0.65971800 0.74804000
vn 0.11736800 -0.78226900 -0.61178500
vn -0.25399900 -0.67017700 0.69738600
vn 0.25219600 -0.79303900 -0.55451400
vn -0.42745100 -0.67838500 0.59756100
vn 0.40646100 -0.77332500 -0.48657800
vn -0.56678000 -0.65266200 0.50278600
vn 0.46727700 -0.80225100 -0.37154500
vn -0.61663000 -0.65714200 0.43351100
vn 0.48478400 -0.80642800 -0.33861200
vn -0.65318400 -0.67433600 0.34441600
vn 0.53338500 -0.79348600 -0.29305200
vn -0.69854300 -0.67424500 0.23964900
vn 0.55477200 -0.80758500 -0.20008500
vn 0.56900200 -0.80320500 -0.17634900
vn -0.74207200 -0.65690200 0.13345100
vn 0.58646800 -0.80204200 -0.11306200
vn -0.74685000 -0.66389600 0.03817200
vn 0.59216300 -0.80464800 -0.04341000
vn 0.58707600 -0.80904200 0.02817300
vn -0.76064500 -0.64767800 -0.04397300
vn 0.58203800 -0.80886400 0.08349700
vn -0.75033800 -0.65112700 -0.11413000
vn 0.57195100 -0.80890200 0.13619800
vn -0.73695100 -0.65097200 -0.18203900
vn 0.55689300 -0.80892000 0.18846300
vn -0.71706700 -0.65082500 -0.24948100
vn 0.53662000 -0.80900600 0.23989200
vn -0.69058700 -0.65064400 -0.31583600
vn 0.51112500 -0.80911900 0.28996200
vn -0.65747600 -0.65049000 -0.38024800
vn 0.48035700 -0.80926300 0.33815800
vn -0.61784200 -0.65022000 -0.44213800
vn 0.44466800 -0.80935900 0.38367700
vn -0.57168900 -0.64993900 -0.50075100
vn 0.40412200 -0.80952000 0.42586700
vn -0.51657000 -0.65257900 -0.55434300
vn 0.36012200 -0.80698300 0.46807100
vn -0.46713600 -0.65059100 -0.59876200
vn 0.31807500 -0.80946400 0.49355600
vn -0.37570000 -0.66423100 -0.64625600
vn 0.25777500 -0.79939000 0.54270400
vn -0.29759800 -0.64464700 -0.70417700
vn 0.19707700 -0.80490500 0.55972100
vn -0.22076500 -0.64741400 -0.72946400
vn 0.13813800 -0.80501000 0.57695500
vn -0.14168600 -0.64807300 -0.74828200
vn 0.07864300 -0.80376600 0.58972500
vn -0.03966900 -0.65136100 -0.75773000
vn 0.01491800 -0.79997100 0.59985400
vn 0.06274400 -0.65008500 -0.75726700
vn -0.06501000 -0.80969100 0.58324400
vn 0.14405200 -0.64840300 -0.74754400
vn -0.11273800 -0.80844900 0.57766800
vn 0.22039800 -0.64851800 -0.72859400
vn -0.17269100 -0.81022200 0.56010600
vn 0.29770800 -0.64546700 -0.70338000
vn -0.23253100 -0.81010300 0.53820300
vn 0.37516900 -0.66580300 -0.64494500
vn -0.30534100 -0.80568500 0.50758100
vn 0.46721400 -0.64993200 -0.59941600
vn -0.35876800 -0.80815800 0.46708200
vn 0.51657400 -0.65256800 -0.55435200
vn -0.40413100 -0.80952000 0.42585800
vn 0.57170000 -0.64993900 -0.50073800
vn -0.44467700 -0.80935900 0.38366800
vn 0.61785200 -0.65022000 -0.44212400
vn -0.48037700 -0.80925200 0.33815600
vn 0.65749200 -0.65049700 -0.38020800
vn -0.51113200 -0.80911800 0.28995100
vn 0.69059300 -0.65064400 -0.31582100
vn -0.53662900 -0.80901200 0.23985300
vn 0.71707300 -0.65082500 -0.24946500
vn -0.55689700 -0.80892000 0.18845100
vn 0.73695500 -0.65097200 -0.18202200
vn -0.57195500 -0.80890100 0.13618500
vn 0.75034100 -0.65112800 -0.11411300
vn -0.58204000 -0.80886400 0.08348400
vn 0.76064600 -0.64767800 -0.04395600
vn -0.58707600 -0.80904200 0.02816000
vn 0.74687800 -0.66386300 0.03818800
vn -0.59216100 -0.80464700 -0.04345200
vt 0.80648830 0.00354601
vt 0.80421310 0.00555570
vt 0.81188540 0.11690630
vt 0.88566440 0.09574816
vt 0.88794050 0.00694953
vt 0.88399480 0.00746476
vt 0.88436930 0.18450070
vt 0.88794050 0.18434390
vt 0.88548220 0.18697510
vt 0.85272840 0.77169340
vt 0.85979600 0.68436300
vt 0.85679360 0.68355300
vt 0.92555270 0.86343120
vt 0.92714160 0.85964630
vt 0.84884230 0.86343120
vt 0.85905500 0.47611480
vt 0.85591940 0.52904840
vt 0.85684910 0.55862670
vt 0.85483650 0.57655610
vt 0.85726810 0.64444290
vt 0.37353740 0.69206360
vt 0.37033410 0.69380870
vt 0.37115340 0.69985820
vt 0.37348090 0.70770310
vt 0.37024030 0.70907950
vt 0.37334850 0.76458800
vt 0.37093010 0.75459930
vt 0.36998380 0.76464040
vt 0.48535940 0.89011880
vt 0.48329520 0.88184240
vt 0.48238680 0.89089330
vt 0.48582910 0.87356410
vt 0.48282860 0.87475800
vt 0.48386000 0.86616980
vt 0.48614690 0.86591410
vt 0.48651620 0.85878170
vt 0.37129380 0.48917560
vt 0.36900790 0.48065430
vt 0.36800370 0.49110000
vt 0.37119620 0.61908380
vt 0.36798840 0.61790160
vt 0.36894940 0.62739450
vt 0.37141410 0.63565380
vt 0.37129760 0.62763210
vt 0.36823960 0.63407980
vt 0.36921500 0.64277480
vt 0.37154440 0.64308050
vt 0.37168240 0.64984800
vt 0.37103490 0.60071500
vt 0.36778550 0.59996410
vt 0.36873170 0.60992200
vt 0.18560100 0.36552870
vt 0.18489200 0.37671600
vt 0.18745550 0.35521610
vt 0.64986810 0.28912100
vt 0.64703470 0.28879420
vt 0.64951220 0.29192050
vt 0.57692580 0.26223330
vt 0.57597640 0.26670010
vt 0.57987460 0.26132470
vt 0.13834780 0.75819930
vt 0.13804500 0.74855120
vt 0.13668400 0.74643370
vt 0.61161960 0.28512300
vt 0.60926080 0.27748420
vt 0.60852110 0.27879160
vt 0.84495230 0.67096270
vt 0.84448840 0.67466080
vt 0.84779920 0.66945100
vt 0.84779920 0.47547720
vt 0.84385680 0.47117730
vt 0.84511420 0.47716870
vt 0.52573940 0.70963560
vt 0.52707200 0.89623570
vt 0.52708150 0.70275130
vt 0.50855240 0.69873890
vt 0.50885300 0.70319820
vt 0.05549595 0.96485690
vt 0.05549595 0.95822150
vt 0.05477635 0.96042430
vt 0.89619520 0.18467830
vt 0.89619520 0.17790190
vt 0.89497770 0.18391820
vt 0.26869440 0.69264910
vt 0.26681100 0.69080300
vt 0.26793080 0.69426660
vt 0.39052470 0.24738980
vt 0.39260260 0.24566310
vt 0.38649760 0.24572630
vt 0.37384920 0.22156140
vt 0.37980660 0.21850460
vt 0.37085860 0.21500510
vt 0.38051380 0.22571150
vt 0.38797200 0.21918950
vt 0.38883290 0.22667800
vt 0.39587050 0.21966280
vt 0.39562660 0.22652350
vt 0.37946550 0.24373360
vt 0.38081850 0.24653750
vt 0.37567420 0.24767130
vt 0.37420250 0.24624160
vt 0.37478430 0.24007420
vt 0.39587050 0.25142710
vt 0.86488380 0.66331670
vt 0.86888160 0.66735580
vt 0.86888160 0.65531370
vt 0.77320620 0.30055940
vt 0.77320620 0.28825380
vt 0.76886530 0.29216320
vt 0.37635340 0.90467150
vt 0.37765700 0.92293730
vt 0.37920190 0.90182270
vt 0.36379090 0.92476800
vt 0.36166130 0.91643360
vt 0.36370800 0.94976090
vt 0.97671980 0.67029830
vt 0.97135720 0.67616850
vt 0.97759940 0.69240910
vt 0.96295110 0.72862450
vt 0.96036140 0.72189310
vt 0.96203980 0.74005120
vt 0.78024350 0.29110860
vt 0.78367970 0.30055940
vt 0.78367960 0.28729400
vt 0.14925710 0.24620370
vt 0.15960760 0.18270620
vt 0.15481260 0.20507330
vt 0.14995080 0.22756970
vt 0.13246360 0.26265850
vt 0.10615490 0.28797580
vt 0.14980500 0.27379200
vt 0.85483650 0.66684390
vt 0.85784660 0.67366700
vt 0.85784660 0.65531370
vt 0.97067210 0.18527250
vt 0.97067210 0.16307710
vt 0.96835040 0.18271760
vt 0.96835040 0.14539420
vt 0.97068970 0.15598510
vt 0.97068970 0.13368790
vt 0.94186150 0.17652960
vt 0.94434680 0.18673040
vt 0.94434680 0.16396980
vt 0.94442650 0.15687770
vt 0.94442650 0.13368790
vt 0.94186150 0.14001800
vt 0.68902610 0.81263260
vt 0.67587560 0.82170300
vt 0.66382590 0.83239320
vt 0.69334240 0.81332430
vt 0.10170710 0.72959530
vt 0.10409280 0.75615720
vt 0.10436970 0.72692010
vt 0.10092240 0.77293590
vt 0.10473640 0.78237180
vt 0.10022410 0.78489980
vt 0.45787170 0.70126680
vt 0.44289670 0.69970040
vt 0.44303690 0.71269040
vt 0.41266830 0.82455690
vt 0.39449920 0.82246000
vt 0.40386300 0.83765630
vt 0.38708970 0.77466900
vt 0.39771260 0.77960270
vt 0.39482940 0.75749270
vt 0.41560750 0.78863050
vt 0.39490790 0.79530050
vt 0.41127490 0.77738060
vt 0.40543170 0.80550660
vt 0.39045750 0.80870800
vt 0.42744450 0.77077680
vt 0.42694880 0.76362440
vt 0.40849890 0.76455590
vt 0.42959420 0.77608160
vt 0.43219300 0.77977990
vt 0.43635200 0.78320470
vt 0.42192850 0.79777750
vt 0.41872590 0.81008400
vt 0.43552510 0.79725020
vt 0.44175130 0.78523430
vt 0.43115130 0.81161490
vt 0.44515110 0.80244090
vt 0.44812130 0.78513980
vt 0.46022570 0.79701170
vt 0.45285270 0.78299670
vt 0.45600400 0.78053970
vt 0.42782980 0.82695060
vt 0.44773300 0.81151500
vt 0.42058440 0.84072140
vt 0.43503620 0.84503760
vt 0.44140160 0.82528380
vt 0.44488780 0.83861090
vt 0.45821660 0.81769520
vt 0.47175990 0.79950600
vt 0.47697280 0.81589080
vt 0.47037610 0.78687340
vt 0.45910770 0.77661370
vt 0.47076630 0.77172560
vt 0.46107720 0.77177220
vt 0.46189230 0.76618620
vt 0.48396550 0.77522180
vt 0.46128440 0.76089360
vt 0.48212260 0.75974810
vt 0.49892920 0.75876890
vt 0.48391490 0.74483280
vt 0.47028490 0.74369220
vt 0.45927520 0.75546590
vt 0.47797120 0.73095550
vt 0.45457960 0.74969980
vt 0.45904390 0.73246060
vt 0.44959260 0.74687560
vt 0.44808160 0.73003110
vt 0.44539300 0.74594810
vt 0.44112710 0.74622730
vt 0.46387310 0.71751340
vt 0.47155880 0.70498310
vt 0.77296170 0.10426030
vt 0.77263530 0.12311060
vt 0.77368680 0.14254700
vt 0.79667660 0.21481140
vt 0.79717580 0.12484710
vt 0.79489390 0.15246350
vt 0.12893730 0.77616060
vt 0.12893730 0.73065600
vt 0.12539500 0.75251260
vt 0.90766300 0.17841720
vt 0.90766300 0.13368790
vt 0.90688090 0.15466810
vt 0.68843730 0.32225500
vt 0.68687540 0.34357770
vt 0.71874230 0.31796410
vt 0.12886180 0.79818210
vt 0.12886180 0.78325260
vt 0.12539500 0.78758640
vt 0.02165352 0.98243420
vt 0.02165352 0.95822150
vt 0.02074868 0.96424580
vt 0.96131320 0.15791270
vt 0.96131320 0.13368790
vt 0.95948060 0.14723590
vt 0.51171930 0.24502660
vt 0.52026840 0.24468300
vt 0.51543650 0.24049150
vt 0.44895000 0.21544830
vt 0.45654180 0.21865010
vt 0.45674110 0.21500510
vt 0.43438030 0.22891490
vt 0.43417220 0.23401780
vt 0.43719580 0.22724080
vt 0.87852020 0.39327370
vt 0.87961920 0.40534760
vt 0.88102650 0.39315250
vt 0.87947150 0.43737900
vt 0.87852020 0.44986450
vt 0.88034630 0.44947140
vt 0.17514870 0.62497810
vt 0.17417240 0.63515070
vt 0.17514870 0.63766830
vt 0.55646320 0.21505330
vt 0.55466320 0.22716980
vt 0.55663780 0.22742440
vt 0.55514030 0.23710360
vt 0.55809780 0.23772100
vt 0.55554850 0.24007580
vt 0.55840690 0.24014920
vt 0.55748760 0.25233040
vt 0.55499580 0.25232600
vt 0.55981890 0.25199200
vt 0.91893480 0.67020340
vt 0.91813780 0.67153250
vt 0.91893480 0.67361610
vt 0.84145150 0.85177810
vt 0.73500420 0.83818300
vt 0.73488160 0.85177810
vt 0.67384110 0.29811210
vt 0.67582400 0.29813320
vt 0.67445350 0.28584940
vt 0.11243220 0.74284580
vt 0.11198580 0.74350460
vt 0.11506290 0.74525590
vt 0.11353060 0.73096310
vt 0.11177360 0.73066520
vt 0.14093000 0.78372730
vt 0.13893390 0.78296390
vt 0.14115150 0.79492470
vt 0.14039280 0.78227180
vt 0.14115150 0.77008150
vt 0.13897790 0.77006840
vt 0.93352770 0.17265120
vt 0.93255140 0.18282380
vt 0.93352770 0.18534140
vt 0.62103270 0.30258510
vt 0.62279620 0.30295100
vt 0.62279620 0.29068070
vt 0.91549720 0.18184970
vt 0.91470030 0.18317880
vt 0.91549720 0.18526240
vt 0.57443930 0.30222480
vt 0.57555710 0.30313040
vt 0.57555710 0.30083440
vt 0.91110060 0.65531370
vt 0.90644730 0.66173870
vt 0.91110060 0.66513600
vt 0.92551410 0.16500140
vt 0.92264790 0.18228970
vt 0.92551410 0.18534140
vt 0.87886800 0.66898760
vt 0.87886800 0.65531370
vt 0.87591880 0.66442570
vt 0.93266160 0.14157740
vt 0.93482410 0.15958180
vt 0.93482410 0.13368790
vt 0.00351862 0.96958020
vt 0.00459523 0.98409870
vt 0.00459522 0.95822150
vt 0.92562430 0.13368790
vt 0.92264790 0.14761480
vt 0.92562430 0.15790940
vt 0.95146380 0.14589570
vt 0.95244340 0.16135430
vt 0.95244340 0.13368790
vt 0.17465080 0.51754070
vt 0.17390510 0.53563260
vt 0.17465080 0.56358640
vt 0.11445280 0.77507590
vt 0.11177360 0.79060550
vt 0.11445280 0.79824410
vt 0.17417240 0.57951300
vt 0.17465080 0.61788610
vt 0.17465080 0.57067840
vt 0.91470030 0.15499510
vt 0.91561070 0.17475770
vt 0.91561070 0.13368790
vt 0.01323296 0.70469870
vt 0.01085153 0.68407960
vt 0.00351862 0.69957030
vt 0.92597200 0.67098670
vt 0.92676380 0.67332920
vt 0.92676380 0.67020340
vt 0.95138410 0.16989170
vt 0.95217590 0.17223420
vt 0.95217590 0.16910850
vt 0.17092980 0.50775780
vt 0.17359380 0.51044870
vt 0.17581050 0.50618280
vt 0.17231000 0.41592290
vt 0.14592060 0.44665380
vt 0.00536155 0.49675830
vt 0.06741235 0.50208890
vt 0.00659372 0.50176280
vt 0.00563395 0.44375450
vt 0.16303450 0.39661320
vt 0.17092920 0.31895540
vt 0.17581050 0.31905620
vt 0.17344710 0.31490360
vt 0.08772124 0.32343280
vt 0.08816539 0.32720040
vt 0.00542947 0.32845010
vt 0.00558109 0.39623470
vt 0.00351862 0.41420780
vt 0.17476770 0.41259430
vt 0.88598060 0.00410092
vt 0.80976540 0.00856598
vt 0.81355460 0.08185323
vt 0.81667450 0.18251510
vt 0.88112560 0.09751951
vt 0.92769210 0.77156470
vt 0.92950740 0.86092530
vt 0.92397860 0.80412270
vt 0.92400500 0.74747590
vt 0.92660410 0.68193390
vt 0.85614330 0.78390120
vt 0.85299050 0.85881070
vt 0.57125000 0.49402550
vt 0.56873360 0.49392070
vt 0.57045040 0.66319110
vt 0.66237000 0.66549580
vt 0.57107340 0.66674090
vt 0.65992610 0.66833450
vt 0.65773680 0.49301980
vt 0.65927310 0.48888390
vt 0.74733030 0.48359950
vt 0.74695270 0.67095480
vt 0.74851560 0.67484190
vt 0.75024150 0.66739060
vt 0.75024150 0.48272450
vt 0.36050910 0.68510170
vt 0.35880110 0.68871350
vt 0.36287350 0.68729720
vt 0.36275830 0.69488070
vt 0.35874970 0.87304850
vt 0.36287350 0.87887550
vt 0.28279140 0.69059280
vt 0.28212110 0.68624840
vt 0.28345890 0.87693340
vt 0.28356340 0.88095360
vt 0.27997820 0.78377350
vt 0.99445640 0.01557402
vt 0.99462810 0.00438214
vt 0.99087320 0.00354601
vt 0.99067680 0.01488114
vt 0.99432590 0.02825304
vt 0.99051900 0.02772624
vt 0.99423510 0.04196718
vt 0.99039920 0.04162385
vt 0.99420580 0.05622138
vt 0.99034610 0.05607134
vt 0.99420680 0.07049461
vt 0.99032500 0.07054013
vt 0.99428100 0.08425975
vt 0.99038290 0.08449426
vt 0.99439720 0.09700266
vt 0.99049920 0.09741420
vt 0.99462810 0.10826970
vt 0.99078150 0.10893610
vt 0.99081410 0.46041040
vt 0.99092950 0.44994630
vt 0.98709120 0.44923090
vt 0.98692580 0.45993890
vt 0.99078230 0.47252400
vt 0.98689480 0.47222160
vt 0.99075630 0.48585760
vt 0.98688580 0.48573870
vt 0.99076780 0.49991370
vt 0.98691930 0.49998790
vt 0.98694570 0.51444160
vt 0.99077060 0.51417340
vt 0.99079910 0.52811560
vt 0.98700230 0.52857070
vt 0.99083300 0.54123650
vt 0.98706200 0.54186390
vt 0.99087740 0.55306710
vt 0.98712960 0.55384610
vt 0.99092950 0.56318940
vt 0.98720430 0.56409500
vt 0.30454510 0.26185930
vt 0.29534670 0.26141520
vt 0.31340300 0.26420770
vt 0.30972380 0.27712780
vt 0.29402340 0.27484230
vt 0.27684170 0.26228450
vt 0.28609800 0.26087930
vt 0.32443900 0.28249130
vt 0.33035890 0.27052010
vt 0.32221230 0.26646290
vt 0.29193090 0.29071290
vt 0.30471060 0.29233760
vt 0.27878220 0.29171480
vt 0.31665290 0.29650230
vt 0.27790590 0.27575400
vt 0.26574430 0.29533060
vt 0.33763240 0.29070630
vt 0.32731670 0.30303040
vt 0.25855470 0.26682620
vt 0.26753570 0.26359960
vt 0.26195320 0.27986610
vt 0.25329300 0.30144960
vt 0.34559650 0.28008750
vt 0.33845950 0.27448320
vt 0.34880190 0.30146370
vt 0.33629060 0.31167310
vt 0.24114680 0.27491670
vt 0.24952790 0.26996370
vt 0.24674360 0.28706400
vt 0.24188320 0.30986450
vt 0.35853680 0.29255020
vt 0.35268570 0.28560200
vt 0.35752480 0.31435630
vt 0.34323040 0.32209910
vt 0.22525460 0.28629820
vt 0.23272870 0.27978040
vt 0.23283400 0.29711480
vt 0.23193080 0.32027180
vt 0.36869050 0.30743740
vt 0.36434160 0.29941030
vt 0.36347250 0.32889330
vt 0.34787280 0.33390740
vt 0.21146950 0.30058030
vt 0.21775640 0.29272220
vt 0.22074130 0.30967190
vt 0.22380270 0.33229600
vt 0.20031240 0.31724910
vt 0.20517490 0.30833520
vt 0.21091770 0.32427440
vt 0.21779560 0.34548450
vt 0.19221840 0.33567970
vt 0.19546330 0.32604530
vt 0.20374420 0.34038380
vt 0.21412900 0.35934410
vt 0.19946540 0.35740510
vt 0.21285260 0.37343050
vt 0.18900250 0.34517760
vt 0.19748210 0.37564270
vt 0.21396810 0.38724150
vt 0.18329790 0.40072450
vt 0.18346980 0.38861410
vt 0.19718050 0.39516060
vt 0.21795400 0.39967770
vt 0.18770470 0.42010330
vt 0.18363630 0.41191410
vt 0.20150540 0.41143730
vt 0.22483220 0.41015540
vt 0.19893780 0.43352070
vt 0.19252390 0.42731570
vt 0.21077920 0.42356960
vt 0.23379640 0.41878890
vt 0.21173670 0.44584710
vt 0.20481240 0.44016190
vt 0.22183910 0.43422140
vt 0.24450640 0.42525040
vt 0.22554140 0.45654370
vt 0.21810410 0.45195180
vt 0.23420240 0.44292780
vt 0.25711650 0.42879790
vt 0.24509400 0.46024040
vt 0.23381420 0.46024040
vt 0.25057950 0.44658940
vt 0.27096240 0.42939630
vt 0.26899540 0.45771620
vt 0.25711890 0.45954570
vt 0.27003940 0.44552290
vt 0.28495030 0.42755230
vt 0.29031790 0.45428320
vt 0.28005030 0.45649320
vt 0.28813600 0.44280420
vt 0.29859650 0.42330410
vt 0.30956900 0.44870040
vt 0.30017710 0.45225030
vt 0.30490700 0.43781410
vt 0.31147590 0.41673440
vt 0.32758050 0.43982150
vt 0.31895520 0.44498080
vt 0.32064360 0.42995180
vt 0.32310410 0.40808110
vt 0.34370610 0.42793780
vt 0.33617860 0.43450550
vt 0.33477340 0.41949670
vt 0.33304950 0.39766700
vt 0.34676780 0.40684490
vt 0.34094840 0.38587090
vt 0.35734920 0.41351910
vt 0.35119660 0.42123890
vt 0.35619410 0.39247620
vt 0.34651950 0.37312540
vt 0.36801700 0.39710600
vt 0.36345570 0.40568410
vt 0.36272710 0.37692180
vt 0.34957450 0.35989510
vt 0.37534650 0.37930880
vt 0.37252890 0.38842640
vt 0.36615820 0.36075020
vt 0.35002280 0.34666140
vt 0.37910730 0.36077690
vt 0.37811500 0.37009900
vt 0.36639760 0.34454620
vt 0.37920450 0.34217900
vt 0.38005240 0.35136730
vt 0.37567600 0.32418300
vt 0.37831180 0.33290420
vt 0.37299730 0.31537420
vt 0.97663430 0.94398530
vt 0.97754990 0.94834340
vt 0.97726530 0.93960310
vt 0.97683000 0.94832880
vt 0.97722130 0.95262890
vt 0.97618400 0.95262790
vt 0.97462560 0.94834010
vt 0.97567090 0.95690890
vt 0.97381810 0.95673450
vt 0.97785340 0.96537110
vt 0.97790170 0.96113370
vt 0.97792070 0.95689430
vt 0.97865650 0.95691660
vt 0.97898740 0.96113990
vt 0.98024000 0.96535100
vt 0.98102040 0.96538730
vt 0.97955240 0.95689510
vt 0.97906850 0.94820030
vt 0.98256750 0.96516380
vt 0.98476630 0.97361980
vt 0.97814830 0.93959030
vt 0.97715070 0.93068670
vt 0.97867790 0.93064180
vt 0.97797860 0.92167310
vt 0.97647600 0.93515730
vt 0.97654380 0.93959460
vt 0.97559880 0.94398440
vt 0.97431690 0.93960640
vt 0.97248200 0.93952820
vt 0.97417610 0.93069700
vt 0.97543090 0.93515910
vt 0.97642560 0.93068490
vt 0.97709170 0.92167660
vt 0.97715250 0.91267210
vt 0.97867960 0.91272530
vt 0.97814980 0.90378220
vt 0.97638900 0.92618910
vt 0.97533750 0.92619380
vt 0.97636460 0.92168220
vt 0.97410530 0.92169400
vt 0.97223200 0.92171610
vt 0.97417800 0.91269650
vt 0.97639080 0.91717630
vt 0.97533950 0.91718420
vt 0.97642740 0.91268490
vt 0.97726690 0.90377610
vt 0.97755130 0.89508250
vt 0.97906980 0.89523510
vt 0.97955350 0.88665420
vt 0.97865750 0.88663950
vt 0.97722260 0.89085850
vt 0.97647770 0.90822060
vt 0.97543260 0.90823130
vt 0.97683140 0.89510780
vt 0.97618530 0.89087130
vt 0.97462710 0.89512000
vt 0.97654550 0.90379550
vt 0.97431860 0.90380730
vt 0.97248370 0.90393020
vt 0.97663590 0.89942170
vt 0.97560030 0.89943470
vt 0.98256800 0.87865930
vt 0.98476630 0.87052320
vt 0.98102100 0.87843140
vt 0.97898820 0.88254480
vt 0.97792170 0.88667290
vt 0.97790260 0.88256370
vt 0.97567210 0.88668170
vt 0.97381930 0.88690040
vt 0.99596830 0.23662060
vt 0.99562290 0.22599730
vt 0.99188140 0.22631490
vt 0.99209480 0.23710370
vt 0.99196680 0.21448610
vt 0.99607800 0.21431500
vt 0.99175700 0.20208440
vt 0.99648140 0.20204550
vt 0.99175700 0.18954140
vt 0.99648140 0.18964650
vt 0.99196740 0.17733310
vt 0.99607860 0.17757640
vt 0.99188280 0.16594040
vt 0.99562430 0.16631770
vt 0.99209650 0.15579480
vt 0.99597000 0.15630880
vt 0.98832430 0.43278770
vt 0.98215870 0.42413530
vt 0.98448610 0.43327410
vt 0.98600480 0.42376290
vt 0.98044190 0.41349210
vt 0.98429580 0.41324910
vt 0.97939260 0.40175320
vt 0.98324620 0.40164940
vt 0.97903700 0.38936780
vt 0.98289260 0.38940900
vt 0.97939960 0.37681120
vt 0.98325100 0.37699870
vt 0.98046650 0.36456480
vt 0.98430760 0.36489570
vt 0.98218600 0.35309770
vt 0.98601940 0.35356530
vt 0.98450610 0.34285060
vt 0.98832430 0.34344350
vt 0.37852500 0.78458820
vt 0.37798070 0.77467170
vt 0.37695970 0.78463860
vt 0.37800290 0.79445620
vt 0.37696270 0.79443820
vt 0.37695330 0.80396340
vt 0.37852360 0.80383870
vt 0.37800340 0.81314710
vt 0.37605070 0.78952710
vt 0.37604870 0.78460590
vt 0.37604380 0.77963990
vt 0.37604970 0.79439170
vt 0.37604570 0.79918750
vt 0.37476890 0.78948320
vt 0.37334570 0.78459650
vt 0.37476560 0.77961160
vt 0.37333940 0.79437970
vt 0.37476090 0.79912840
vt 0.37332250 0.80388920
vt 0.37603870 0.80390320
vt 0.37603600 0.77464110
vt 0.37694450 0.77465980
vt 0.37334150 0.77463430
vt 0.37602550 0.76962140
vt 0.37693780 0.76459760
vt 0.37475150 0.76960830
vt 0.37603240 0.76459270
vt 0.37603860 0.75956660
vt 0.37477020 0.75956780
vt 0.37604240 0.75455500
vt 0.37694410 0.75454620
vt 0.37087490 0.77460650
vt 0.36995250 0.78419010
vt 0.37085770 0.79428080
vt 0.36991070 0.80304290
vt 0.37083970 0.81286780
vt 0.37337120 0.75455210
vt 0.37338800 0.74462020
vt 0.37006320 0.74513400
vt 0.37099550 0.73500700
vt 0.37478130 0.74958430
vt 0.37604390 0.74956940
vt 0.37694430 0.74459960
vt 0.37604630 0.74462150
vt 0.37604980 0.73972220
vt 0.37479320 0.73974960
vt 0.37605430 0.73488290
vt 0.37340890 0.73488300
vt 0.37343210 0.72542950
vt 0.37480870 0.73015380
vt 0.37849700 0.76462470
vt 0.37797420 0.75455300
vt 0.37849360 0.74470560
vt 0.37797110 0.73485170
vt 0.37694840 0.73484860
vt 0.37695530 0.72538170
vt 0.37849440 0.72556510
vt 0.37797950 0.71628380
vt 0.37605940 0.73011450
vt 0.37606500 0.72542770
vt 0.37696410 0.71628280
vt 0.37697300 0.70763360
vt 0.37850480 0.70789020
vt 0.37799460 0.69950770
vt 0.37607110 0.72083270
vt 0.37482630 0.72088300
vt 0.37607770 0.71633990
vt 0.37345690 0.71634320
vt 0.37107280 0.71654360
vt 0.37608390 0.71195960
vt 0.37484460 0.71201870
vt 0.37609000 0.70770070
vt 0.37698540 0.69950750
vt 0.37700230 0.69197600
vt 0.37852530 0.69229860
vt 0.37802580 0.68510230
vt 0.37702350 0.68510170
vt 0.37609730 0.70357250
vt 0.37486310 0.70363840
vt 0.37610580 0.69958400
vt 0.37350730 0.69958590
vt 0.37611540 0.69574420
vt 0.37488610 0.69581710
vt 0.37612600 0.69206080
vt 0.37613760 0.68854150
vt 0.37615020 0.68519400
vt 0.37491290 0.68862190
vt 0.37357060 0.68519930
vt 0.37123620 0.68553530
vt 0.37014720 0.72639020
vt 0.37308860 0.85916220
vt 0.37079580 0.86630310
vt 0.37289460 0.86693780
vt 0.37427130 0.86340310
vt 0.37556280 0.85915370
vt 0.37540750 0.86343800
vt 0.37639920 0.85924960
vt 0.37449410 0.85431900
vt 0.37569740 0.85438070
vt 0.37319520 0.84941270
vt 0.37082740 0.84901690
vt 0.37323490 0.83977290
vt 0.36992090 0.83798730
vt 0.37085150 0.83033930
vt 0.37667130 0.84951620
vt 0.37767430 0.84951480
vt 0.37679460 0.83989370
vt 0.37834380 0.83958850
vt 0.37794800 0.83072060
vt 0.37579390 0.84941220
vt 0.37459260 0.84445950
vt 0.37584010 0.84454800
vt 0.37589630 0.83979070
vt 0.37331040 0.83058020
vt 0.37332540 0.82179360
vt 0.36991740 0.82053620
vt 0.37468930 0.83503450
vt 0.37595950 0.83514080
vt 0.37600360 0.83059970
vt 0.37691170 0.83069550
vt 0.37695560 0.82189800
vt 0.37852530 0.82170310
vt 0.37474450 0.82607470
vt 0.37602710 0.82617460
vt 0.37604110 0.82181270
vt 0.37696140 0.81312330
vt 0.37604740 0.81745770
vt 0.37476040 0.81736930
vt 0.37604190 0.80852810
vt 0.37604620 0.81305020
vt 0.37332820 0.81303320
vt 0.37475510 0.80845420
vt 0.48766120 0.90780880
vt 0.48644090 0.91234610
vt 0.48763800 0.91233470
vt 0.48851420 0.90779200
vt 0.48848320 0.91687330
vt 0.48947230 0.91687110
vt 0.49004230 0.90784900
vt 0.48959640 0.89882860
vt 0.48769950 0.90331240
vt 0.48650180 0.90333350
vt 0.48860650 0.89882920
vt 0.48875900 0.89007000
vt 0.49028790 0.89021330
vt 0.48996260 0.88159780
vt 0.48775290 0.89885640
vt 0.48521040 0.89886610
vt 0.48782130 0.89445140
vt 0.48662250 0.89448210
vt 0.48294900 0.89897130
vt 0.48790440 0.89010760
vt 0.48897080 0.88159720
vt 0.48924000 0.87349190
vt 0.49077020 0.87371530
vt 0.49056090 0.86583150
vt 0.48800230 0.88583530
vt 0.48680200 0.88587560
vt 0.48811470 0.88164500
vt 0.48556620 0.88165770
vt 0.48824140 0.87754670
vt 0.48703890 0.87759630
vt 0.48838210 0.87354960
vt 0.48733200 0.86972280
vt 0.48853710 0.86966360
vt 0.48870570 0.86589780
vt 0.48956570 0.86583050
vt 0.48767890 0.86233040
vt 0.48994440 0.85868740
vt 0.49147730 0.85898110
vt 0.49137260 0.85212960
vt 0.48888740 0.86226190
vt 0.48908170 0.85876390
vt 0.48807600 0.85548860
vt 0.48928830 0.85541200
vt 0.48693320 0.98351860
vt 0.48851800 0.98672810
vt 0.48950680 0.98352340
vt 0.48807600 0.98003120
vt 0.48651620 0.97652160
vt 0.48462450 0.98323730
vt 0.48928840 0.98009620
vt 0.49037250 0.98359840
vt 0.48994440 0.97659250
vt 0.49137260 0.98359350
vt 0.49147730 0.97631730
vt 0.49056090 0.96904780
vt 0.48908170 0.97652690
vt 0.48956570 0.96905330
vt 0.48924000 0.96105100
vt 0.49077020 0.96084940
vt 0.48996260 0.95265760
vt 0.48888740 0.97282430
vt 0.48767890 0.97276790
vt 0.48870570 0.96899720
vt 0.48614690 0.96899350
vt 0.48386000 0.96877510
vt 0.48582910 0.96100300
vt 0.48282860 0.95997980
vt 0.48329520 0.95248190
vt 0.48853710 0.96505410
vt 0.48733200 0.96500720
vt 0.48838210 0.96100480
vt 0.48556620 0.95262660
vt 0.48535940 0.94394290
vt 0.48238680 0.94335110
vt 0.48294900 0.93497170
vt 0.48703890 0.95682200
vt 0.48824150 0.95685910
vt 0.48811470 0.95262670
vt 0.48897080 0.95266280
vt 0.48875910 0.94396720
vt 0.49028790 0.94384790
vt 0.48959640 0.93504350
vt 0.48680190 0.94828990
vt 0.48800230 0.94831740
vt 0.48790440 0.94394160
vt 0.48860650 0.93504730
vt 0.48851420 0.92598720
vt 0.49004230 0.92595540
vt 0.48782130 0.93950970
vt 0.48662250 0.93949190
vt 0.48775290 0.93503220
vt 0.48521040 0.93503520
vt 0.48512020 0.92598740
vt 0.48216180 0.92585100
vt 0.48283190 0.91690700
vt 0.48769950 0.93051960
vt 0.48650180 0.93051150
vt 0.48766120 0.92598280
vt 0.48763810 0.92143240
vt 0.48644090 0.92143410
vt 0.48763030 0.91687950
vt 0.48509000 0.91688580
vt 0.48512030 0.90781680
vt 0.48216180 0.90814190
vt 0.37469910 0.47113390
vt 0.37377240 0.46733250
vt 0.37386350 0.47123460
vt 0.37393510 0.47563140
vt 0.37484620 0.48012120
vt 0.37584920 0.48012190
vt 0.37485160 0.48904250
vt 0.37640490 0.48937120
vt 0.37589730 0.49757070
vt 0.37273250 0.47569720
vt 0.37396990 0.48023180
vt 0.37138960 0.47122830
vt 0.37263650 0.46736980
vt 0.37137160 0.48023400
vt 0.37395650 0.48473960
vt 0.37271010 0.48483500
vt 0.37395470 0.48915370
vt 0.37486130 0.49759790
vt 0.37480860 0.50581980
vt 0.37638330 0.50604300
vt 0.37577160 0.51406170
vt 0.37396300 0.49347480
vt 0.37269450 0.49359070
vt 0.37395480 0.49770300
vt 0.37126230 0.49772730
vt 0.37392890 0.50183240
vt 0.37264820 0.50194350
vt 0.37118090 0.50593990
vt 0.36880810 0.49799610
vt 0.36780160 0.50736470
vt 0.36861630 0.51439150
vt 0.37389590 0.50591560
vt 0.37109940 0.51419450
vt 0.37102080 0.52290270
vt 0.36764150 0.52394000
vt 0.36850210 0.53218380
vt 0.37257350 0.51010950
vt 0.37385850 0.51000890
vt 0.37381660 0.51417220
vt 0.37472990 0.51408790
vt 0.37464880 0.52281150
vt 0.37622470 0.52296870
vt 0.37563820 0.53195320
vt 0.37249000 0.51855420
vt 0.37377460 0.51846740
vt 0.37373610 0.52288340
vt 0.37459840 0.53197360
vt 0.37454870 0.54148790
vt 0.37612020 0.54157390
vt 0.37553650 0.55124690
vt 0.37371170 0.52740840
vt 0.37242910 0.52748080
vt 0.37368740 0.53203240
vt 0.37097790 0.53204990
vt 0.37093780 0.54154800
vt 0.36757990 0.54216190
vt 0.36844040 0.55136990
vt 0.37366350 0.53674450
vt 0.37238400 0.53680220
vt 0.37363990 0.54153310
vt 0.37090060 0.55130470
vt 0.37088780 0.56122730
vt 0.36755970 0.56139130
vt 0.36847100 0.57121370
vt 0.37234090 0.54642840
vt 0.37361680 0.54638630
vt 0.37359430 0.55129260
vt 0.37450060 0.55126120
vt 0.37447420 0.56119980
vt 0.37603980 0.56121020
vt 0.37550530 0.57120110
vt 0.37230090 0.55626700
vt 0.37357260 0.55624030
vt 0.37357090 0.56121740
vt 0.37447560 0.57121000
vt 0.37448480 0.58119870
vt 0.37604060 0.58113060
vt 0.37553420 0.59106930
vt 0.37357290 0.56621250
vt 0.37230680 0.56622480
vt 0.37357600 0.57121390
vt 0.37090560 0.57122190
vt 0.37093140 0.58119570
vt 0.36764340 0.58089910
vt 0.36856820 0.59097160
vt 0.37358030 0.57621000
vt 0.37232000 0.57620850
vt 0.37358890 0.58118930
vt 0.37097500 0.59105670
vt 0.37234760 0.58612590
vt 0.37360200 0.58614040
vt 0.37451180 0.59107400
vt 0.37455530 0.60074630
vt 0.37610070 0.60059960
vt 0.37562930 0.61012670
vt 0.37361970 0.59105190
vt 0.37364140 0.59591270
vt 0.37239280 0.59588580
vt 0.37366700 0.60071190
vt 0.37245360 0.60540050
vt 0.37369640 0.60543900
vt 0.37372960 0.61008320
vt 0.37461410 0.61012910
vt 0.37468590 0.61913830
vt 0.37376560 0.61463400
vt 0.37622350 0.61891570
vt 0.37578240 0.62769510
vt 0.37477340 0.62769640
vt 0.37487690 0.63572810
vt 0.37640490 0.63543530
vt 0.37599740 0.64316390
vt 0.37499520 0.64316550
vt 0.37512300 0.64994340
vt 0.37418710 0.64655290
vt 0.37412330 0.64308170
vt 0.37296790 0.64647240
vt 0.37406090 0.63944530
vt 0.37283770 0.63937370
vt 0.37400200 0.63565240
vt 0.37394690 0.63171120
vt 0.37271910 0.63164760
vt 0.37389550 0.62762990
vt 0.37384800 0.62341690
vt 0.37261550 0.62336110
vt 0.37380470 0.61908170
vt 0.37252810 0.61458590
vt 0.37110960 0.61008470
vt 0.37668590 0.07829083
vt 0.37583090 0.08842491
vt 0.38192350 0.06962810
vt 0.40108230 0.09573127
vt 0.40567350 0.08215342
vt 0.39885900 0.10974540
vt 0.39117110 0.05226169
vt 0.38453800 0.05975800
vt 0.41246590 0.06952117
vt 0.42121090 0.05830463
vt 0.37309540 0.10798490
vt 0.37219430 0.09792287
vt 0.39906780 0.12368300
vt 0.37274020 0.12921980
vt 0.37085860 0.11847160
vt 0.40171510 0.13698980
vt 0.37366370 0.15274650
vt 0.37105920 0.14161920
vt 0.40698050 0.14879980
vt 0.37998140 0.17122420
vt 0.37363060 0.16477300
vt 0.37745040 0.17334970
vt 0.41475490 0.15852830
vt 0.38397130 0.17921940
vt 0.39217730 0.18331480
vt 0.39006310 0.18567940
vt 0.42443610 0.16619110
vt 0.39740650 0.19079940
vt 0.40585190 0.19413850
vt 0.40411200 0.19679940
vt 0.41175450 0.20121020
vt 0.43566630 0.17150490
vt 0.42039930 0.20321540
vt 0.44831350 0.17387290
vt 0.43971330 0.20502550
vt 0.42813410 0.20791310
vt 0.46177600 0.17331700
vt 0.46261950 0.20036000
vt 0.45107230 0.20495040
vt 0.47526760 0.17022340
vt 0.48301370 0.19498630
vt 0.47344320 0.19966830
vt 0.48825620 0.16473020
vt 0.50122920 0.18767890
vt 0.49294350 0.19349700
vt 0.50026360 0.15702240
vt 0.51791470 0.17726640
vt 0.51081310 0.18445380
vt 0.51083780 0.14738350
vt 0.53247360 0.16410390
vt 0.52682710 0.17238120
vt 0.51958470 0.13616840
vt 0.54436250 0.14869880
vt 0.54037660 0.15774770
vt 0.52618450 0.12378540
vt 0.55315770 0.13163020
vt 0.55096780 0.14111060
vt 0.53040350 0.11068640
vt 0.55856840 0.11352950
vt 0.55823170 0.12309040
vt 0.53210110 0.09734660
vt 0.56042840 0.09505142
vt 0.56194310 0.10434700
vt 0.53123440 0.08424982
vt 0.55870460 0.07686064
vt 0.56199310 0.08555494
vt 0.52785810 0.07187153
vt 0.55351200 0.05960465
vt 0.55842780 0.06738768
vt 0.52212080 0.06066331
vt 0.54507100 0.04390198
vt 0.55142070 0.05049214
vt 0.51425710 0.05103784
vt 0.53372310 0.03032003
vt 0.54126000 0.03547639
vt 0.50456720 0.04336815
vt 0.51989560 0.01937546
vt 0.52834380 0.02289199
vt 0.49342350 0.03794914
vt 0.50411150 0.01148213
vt 0.51315060 0.01322751
vt 0.48125690 0.03498626
vt 0.48697010 0.00693613
vt 0.49626470 0.00683568
vt 0.46852090 0.03461149
vt 0.46909960 0.00593749
vt 0.47831260 0.00397580
vt 0.46911840 0.00354601
vt 0.45994850 0.00478577
vt 0.45568590 0.03686335
vt 0.45114860 0.00855539
vt 0.44322360 0.04168269
vt 0.43376860 0.01474935
vt 0.44183760 0.00928243
vt 0.43159030 0.04891321
vt 0.41759300 0.02432958
vt 0.42464020 0.01735152
vt 0.40321390 0.03697837
vt 0.40898100 0.02872672
vt 0.39544330 0.04303168
vt 0.37110930 0.15423850
vt 0.41898710 0.20622650
vt 0.43892220 0.20791300
vt 0.56105080 0.07631128
vt 0.64486940 0.28932980
vt 0.64482800 0.29369270
vt 0.64677660 0.29236250
vt 0.64577820 0.29826050
vt 0.64385410 0.29658390
vt 0.64456560 0.30307750
vt 0.64912290 0.29690890
vt 0.64710100 0.30189950
vt 0.65019670 0.29990570
vt 0.64954690 0.30229970
vt 0.65019670 0.29354210
vt 0.57443930 0.26648660
vt 0.57586620 0.27075630
vt 0.57470210 0.27176480
vt 0.57980620 0.27905690
vt 0.58129920 0.27665900
vt 0.58475750 0.26686220
vt 0.58651020 0.26087930
vt 0.58370750 0.28928910
vt 0.58891070 0.26457190
vt 0.59007780 0.29182240
vt 0.58513380 0.29270630
vt 0.58987320 0.29374240
vt 0.59032510 0.27037010
vt 0.59032510 0.26536740
vt 0.58809720 0.27574220
vt 0.59016010 0.28796600
vt 0.58888410 0.27786140
vt 0.15902450 0.77809240
vt 0.15709810 0.77793690
vt 0.15819230 0.78875830
vt 0.15395510 0.77647540
vt 0.15595100 0.77985680
vt 0.15605940 0.77206980
vt 0.15928940 0.76918230
vt 0.15718810 0.76810630
vt 0.15455150 0.76683730
vt 0.15739910 0.76498590
vt 0.15954590 0.76458360
vt 0.15954590 0.78884750
vt 0.15819570 0.79248840
vt 0.15574150 0.79229970
vt 0.15670300 0.79590180
vt 0.13955810 0.73608700
vt 0.14245870 0.73675230
vt 0.14108570 0.73251170
vt 0.14041830 0.73881160
vt 0.14230620 0.74084730
vt 0.13721780 0.73802790
vt 0.13884020 0.73387120
vt 0.13609710 0.73238790
vt 0.13597450 0.73680850
vt 0.13734830 0.74252260
vt 0.14038020 0.74234120
vt 0.14245870 0.74675890
vt 0.14044720 0.74777950
vt 0.14192270 0.75918490
vt 0.14113620 0.76297640
vt 0.13942730 0.76152180
vt 0.13849020 0.73065600
vt 0.60900720 0.27618570
vt 0.61025920 0.27702920
vt 0.61126650 0.26480890
vt 0.60835010 0.26306810
vt 0.61161960 0.26087930
vt 0.60527490 0.27572640
vt 0.60399640 0.26463820
vt 0.60211420 0.27608640
vt 0.60266010 0.27802160
vt 0.60041760 0.28141810
vt 0.61060350 0.28913440
vt 0.60003290 0.29058070
vt 0.59736240 0.28607240
vt 0.59839900 0.29013550
vt 0.60584140 0.29306250
vt 0.60222400 0.29346780
vt 0.60849890 0.29293880
vt 0.59819320 0.28052020
vt 0.76472970 0.47137700
vt 0.76183100 0.47260210
vt 0.76029840 0.47654890
vt 0.76426130 0.47572620
vt 0.84010580 0.47262710
vt 0.75891820 0.55383520
vt 0.76501210 0.67123470
vt 0.76117570 0.66962710
vt 0.75727870 0.57397710
vt 0.76284410 0.67351010
vt 0.76840310 0.67484190
vt 0.50596650 0.70455500
vt 0.50737950 0.89773540
vt 0.50963540 0.89900330
vt 0.50774840 0.90289930
vt 0.52708170 0.90090500
vt 0.24690570 0.89850160
vt 0.26552280 0.89614840
vt 0.24702820 0.89519580
vt 0.26614820 0.90170670
vt 0.24764150 0.97575800
vt 0.26614820 0.97836810
vt 0.24693130 0.98030410
vt 0.26460250 0.98278910
vt 0.22149910 0.97792120
vt 0.22051410 0.89821080
vt 0.21939060 0.97417570
vt 0.23909640 0.90013720
vt 0.23981360 0.97741880
vt 0.23986850 0.98061290
vt 0.23986850 0.89558790
vt 0.22126240 0.89519580
vt 0.55250110 0.70262540
vt 0.55248900 0.80040130
vt 0.55433670 0.78003000
vt 0.53499360 0.70404820
vt 0.53461690 0.69985430
vt 0.55241330 0.69873890
vt 0.53411890 0.79053830
vt 0.53596780 0.83376430
vt 0.53613320 0.89753470
vt 0.55428630 0.89650710
vt 0.55433670 0.90048030
vt 0.80743790 0.19428140
vt 0.88281010 0.19623550
vt 0.88295770 0.19406710
vt 0.80808450 0.19630000
vt 0.80421310 0.26695490
vt 0.80474070 0.32453140
vt 0.88301450 0.38330010
vt 0.88404860 0.20073980
vt 0.88404860 0.38344690
vt 0.88255160 0.38557250
vt 0.80764400 0.38564010
vt 0.80834540 0.38348570
vt 0.96092610 0.64798500
vt 0.96351680 0.64658190
vt 0.96102670 0.57132250
vt 0.97772480 0.57118700
vt 0.97772490 0.64726470
vt 0.93737070 0.85963720
vt 0.93765200 0.86178780
vt 0.95285870 0.86139560
vt 0.95115090 0.85527750
vt 0.93703350 0.67695190
vt 0.95102510 0.67374150
vt 0.93720840 0.67029830
vt 0.95332420 0.67030030
vt 0.95332410 0.86202210
vt 0.95309500 0.67212040
vt 0.96038140 0.86096920
vt 0.97640700 0.78461830
vt 0.96036140 0.78553310
vt 0.97461540 0.86034980
vt 0.97722720 0.78332300
vt 0.97722720 0.86173530
vt 0.26643050 0.68510170
vt 0.18972940 0.68559490
vt 0.27090900 0.68636270
vt 0.19073620 0.69068310
vt 0.18628960 0.68897680
vt 0.18799830 0.77162930
vt 0.27294100 0.69109980
vt 0.27294090 0.88466760
vt 0.18329790 0.79595100
vt 0.26925740 0.88257300
vt 0.19139710 0.88281710
vt 0.26965880 0.88759220
vt 0.18848090 0.88670840
vt 0.18667410 0.88248850
vt 0.19291760 0.88810380
vt 0.97145780 0.19406710
vt 0.95031610 0.20368740
vt 0.97151120 0.22146490
vt 0.95037570 0.21596540
vt 0.93466600 0.21241530
vt 0.92839960 0.22534210
vt 0.91432000 0.21423350
vt 0.91020390 0.23508640
vt 0.95022190 0.23116100
vt 0.95051590 0.24745010
vt 0.97151120 0.25518440
vt 0.92838740 0.24012050
vt 0.94975830 0.26815630
vt 0.97145840 0.28025510
vt 0.93699680 0.25737260
vt 0.91955300 0.25892760
vt 0.95068370 0.28738640
vt 0.97143960 0.30651140
vt 0.92592270 0.27717120
vt 0.93624750 0.29329070
vt 0.94986910 0.30643350
vt 0.95025620 0.32146270
vt 0.97137150 0.32923450
vt 0.95070690 0.33575860
vt 0.93592100 0.32791180
vt 0.93139230 0.30887840
vt 0.92030130 0.31351870
vt 0.92045950 0.29724980
vt 0.90654240 0.29941410
vt 0.90986370 0.28085060
vt 0.89761870 0.28493270
vt 0.90095490 0.27118760
vt 0.90647270 0.25559570
vt 0.89108590 0.25776540
vt 0.89621440 0.24131050
vt 0.67118820 0.93840330
vt 0.65883130 0.96237220
vt 0.67911150 0.95185560
vt 0.65311270 0.95144770
vt 0.65198650 0.93668250
vt 0.66794710 0.92764100
vt 0.63702420 0.95054040
vt 0.63886220 0.93501940
vt 0.62383220 0.94687970
vt 0.65872470 0.91862080
vt 0.62346910 0.96193960
vt 0.60989450 0.95637080
vt 0.64496040 0.91687990
vt 0.65278590 0.90899250
vt 0.64669430 0.90960010
vt 0.65120520 0.89941740
vt 0.64703570 0.89539510
vt 0.63753840 0.91967580
vt 0.62564150 0.92068060
vt 0.62198880 0.92247270
vt 0.61528710 0.91738540
vt 0.61807960 0.93488450
vt 0.60265450 0.92880710
vt 0.61173830 0.94058410
vt 0.59816600 0.94527830
vt 0.59517320 0.95927840
vt 0.58820740 0.92943170
vt 0.58181730 0.94743530
vt 0.56953610 0.93783250
vt 0.58060160 0.96237220
vt 0.56873360 0.95216570
vt 0.67810400 0.91305800
vt 0.66845330 0.90223850
vt 0.66053000 0.88710760
vt 0.67670560 0.89369550
vt 0.64650760 0.88745850
vt 0.66485480 0.87662210
vt 0.67654440 0.87593780
vt 0.66079470 0.86024460
vt 0.64919690 0.86341050
vt 0.65124830 0.87549710
vt 0.63440590 0.88004170
vt 0.63611710 0.86360700
vt 0.64346360 0.84947810
vt 0.62108230 0.88037600
vt 0.62043670 0.86663350
vt 0.62308450 0.85094780
vt 0.61307530 0.88713820
vt 0.62629260 0.88312940
vt 0.60243770 0.87496290
vt 0.59227320 0.88906100
vt 0.60507610 0.89987450
vt 0.60915220 0.86216660
vt 0.61261760 0.84865130
vt 0.59608750 0.85841940
vt 0.58952440 0.87078610
vt 0.57980250 0.86108950
vt 0.57667540 0.87133710
vt 0.58116920 0.88288710
vt 0.57805620 0.89633450
vt 0.58820120 0.90392640
vt 0.57801850 0.91399280
vt 0.59357710 0.91410290
vt 0.60795470 0.91214540
vt 0.61107740 0.90793680
vt 0.85257410 0.45390290
vt 0.84524850 0.45897420
vt 0.85552690 0.45954590
vt 0.86057510 0.45820700
vt 0.86726730 0.46215630
vt 0.86729290 0.45536400
vt 0.87114190 0.45626930
vt 0.87148300 0.44206910
vt 0.86499260 0.45013600
vt 0.86564570 0.42138260
vt 0.87148300 0.42143700
vt 0.86525950 0.40809580
vt 0.85963230 0.44459360
vt 0.86064210 0.42755720
vt 0.85658680 0.43021850
vt 0.85773510 0.41371460
vt 0.86170370 0.41083660
vt 0.85253100 0.40259550
vt 0.83609630 0.40500200
vt 0.83394910 0.40782060
vt 0.83492870 0.40044020
vt 0.84066000 0.39901240
vt 0.84205520 0.39395610
vt 0.83671560 0.39315250
vt 0.84738770 0.45292000
vt 0.85059520 0.43478380
vt 0.85181740 0.42871560
vt 0.85294650 0.42296120
vt 0.84946950 0.42688800
vt 0.84832050 0.43090670
vt 0.84547410 0.42318530
vt 0.84036620 0.41577950
vt 0.83338100 0.41552000
vt 0.83828500 0.42080830
vt 0.83292550 0.42078780
vt 0.14691790 0.70936050
vt 0.13849680 0.70656900
vt 0.13372380 0.71198990
vt 0.13182230 0.70597490
vt 0.12663600 0.70881000
vt 0.12112260 0.70123210
vt 0.12727260 0.68836360
vt 0.12010520 0.68817160
vt 0.12358480 0.67776100
vt 0.12998460 0.68459150
vt 0.14236800 0.70066860
vt 0.14681140 0.70612500
vt 0.13384650 0.68335250
vt 0.12755320 0.71923510
vt 0.13978550 0.71379350
vt 0.12580620 0.71513440
vt 0.12035810 0.71729450
vt 0.11644580 0.72356400
vt 0.11723740 0.70835290
vt 0.11177360 0.68615750
vt 0.11499820 0.67782200
vt 0.12123590 0.66951970
vt 0.11463300 0.66744850
vt 0.12472000 0.65523710
vt 0.14032500 0.65648410
vt 0.13722950 0.65017940
vt 0.14113640 0.65397100
vt 0.13207830 0.64692460
vt 0.13848430 0.64543720
vt 0.13616610 0.64479020
vt 0.13149220 0.67842510
vt 0.13192820 0.67492460
vt 0.14190500 0.67366930
vt 0.13913500 0.66546840
vt 0.14155850 0.67031370
vt 0.14458030 0.66391370
vt 0.14691790 0.66764260
vt 0.14519820 0.66033480
vt 0.34199410 0.89562640
vt 0.34334810 0.91049200
vt 0.34614230 0.90695580
vt 0.33168630 0.89800410
vt 0.33121080 0.89358060
vt 0.32459660 0.89767660
vt 0.32882090 0.90608900
vt 0.33596460 0.90966380
vt 0.33666960 0.92742940
vt 0.34195810 0.92326220
vt 0.34832810 0.93358370
vt 0.34256700 0.93579310
vt 0.33585550 0.93586530
vt 0.34112860 0.94514810
vt 0.34883830 0.94583450
vt 0.35109890 0.95644940
vt 0.35462400 0.94345430
vt 0.35280830 0.92938840
vt 0.35230360 0.90847980
vt 0.34950300 0.89474820
vt 0.34463090 0.88925110
vt 0.35462400 0.88804560
vt 0.80594660 0.87624600
vt 0.79848340 0.89243760
vt 0.81547120 0.88519080
vt 0.78937770 0.87989320
vt 0.77932670 0.89436800
vt 0.78490010 0.86704790
vt 0.76944360 0.88313980
vt 0.76870420 0.89878050
vt 0.76521750 0.87091170
vt 0.76361480 0.85887010
vt 0.74657430 0.86282210
vt 0.74552690 0.87369150
vt 0.72505780 0.87541580
vt 0.74508370 0.88793770
vt 0.74588430 0.90584700
vt 0.76040120 0.91409420
vt 0.81227780 0.90066050
vt 0.80073640 0.91122840
vt 0.81614420 0.91965220
vt 0.82350400 0.90939900
vt 0.78930060 0.91086980
vt 0.80058510 0.92681620
vt 0.81220330 0.93873070
vt 0.77697740 0.91637770
vt 0.78374210 0.93142630
vt 0.76588020 0.93085120
vt 0.74689850 0.92126100
vt 0.74915800 0.93455310
vt 0.75239180 0.94570430
vt 0.77592030 0.94749760
vt 0.75511650 0.95734370
vt 0.79676180 0.94649890
vt 0.77966250 0.95964460
vt 0.80434670 0.96457180
vt 0.81840090 0.95370260
vt 0.78392900 0.97001150
vt 0.75940940 0.97001150
vt 0.73549460 0.96323410
vt 0.72840460 0.93333020
vt 0.72501070 0.90311930
vt 0.01560926 0.90956050
vt 0.01899682 0.89253430
vt 0.00724328 0.89736040
vt 0.02963410 0.91706130
vt 0.03099970 0.89588890
vt 0.04313383 0.89567010
vt 0.03196269 0.87823280
vt 0.01418817 0.87169960
vt 0.00351862 0.88397620
vt 0.01845206 0.86141590
vt 0.04807763 0.91657850
vt 0.04793590 0.92964040
vt 0.06966072 0.93042490
vt 0.06942040 0.94288950
vt 0.05808767 0.90843900
vt 0.09102203 0.93255970
vt 0.09063099 0.95112950
vt 0.07037393 0.91659210
vt 0.09130588 0.90864070
vt 0.07072923 0.90052500
vt 0.09143402 0.88486010
vt 0.05685852 0.89076810
vt 0.07031409 0.88597100
vt 0.05226607 0.87511620
vt 0.07056109 0.86952200
vt 0.09143402 0.85890720
vt 0.07058979 0.85257380
vt 0.03773830 0.86266230
vt 0.05709186 0.86375300
vt 0.05783386 0.84621870
vt 0.07054375 0.83493710
vt 0.04626897 0.84234860
vt 0.02709531 0.85252470
vt 0.01555879 0.84433870
vt 0.03393383 0.83532610
vt 0.02619622 0.82837270
vt 0.04031383 0.82092890
vt 0.05282045 0.82571740
vt 0.05650530 0.81357470
vt 0.07029534 0.81981090
vt 0.07016829 0.81092610
vt 0.09099609 0.80580880
vt 0.09131271 0.83206020
vt 0.95080930 0.38444820
vt 0.97199980 0.38922330
vt 0.97142310 0.36353470
vt 0.95112470 0.40220590
vt 0.97198270 0.40751750
vt 0.93097600 0.39088650
vt 0.93369250 0.37764970
vt 0.95097380 0.41734560
vt 0.97199980 0.42462550
vt 0.93254800 0.41052010
vt 0.95101990 0.42977740
vt 0.97124000 0.45359930
vt 0.93276640 0.42755590
vt 0.95021250 0.44770170
vt 0.95007080 0.45790490
vt 0.93631200 0.45473390
vt 0.93652420 0.44194980
vt 0.91960980 0.44082320
vt 0.91973170 0.45175990
vt 0.90525970 0.44563850
vt 0.90166780 0.43503500
vt 0.92012870 0.41784770
vt 0.90546720 0.41766830
vt 0.89173110 0.42254260
vt 0.89108590 0.40899030
vt 0.91156210 0.40295710
vt 0.89174000 0.39132110
vt 0.91240600 0.38695820
vt 0.90954110 0.36899530
vt 0.92120300 0.36904100
vt 0.93737380 0.36123680
vt 0.93492940 0.34809150
vt 0.91838860 0.34513090
vt 0.92039120 0.35557780
vt 0.95020720 0.35011990
vt 0.90292200 0.35874070
vt 0.95042300 0.36500450
vt 0.97035180 0.34285060
vt 0.73160730 0.29244000
vt 0.72671630 0.28959430
vt 0.73172010 0.30127630
vt 0.73172010 0.28591150
vt 0.36755970 0.66564590
vt 0.37199730 0.66515180
vt 0.37412410 0.65703540
vt 0.37412410 0.67324940
vt 0.36759040 0.98542210
vt 0.36439470 0.96910340
vt 0.36270840 0.98218670
vt 0.37643600 0.98295420
vt 0.37615220 0.96982000
vt 0.37763460 0.93522120
vt 0.37695090 0.94910970
vt 0.37920190 0.95256360
vt 0.36892350 0.92566380
vt 0.36901610 0.95203810
vt 0.36858150 0.90466560
vt 0.37672030 0.89077440
vt 0.36352310 0.90688900
vt 0.36788910 0.88804560
vt 0.36298570 0.89169220
vt 0.97335970 0.69573780
vt 0.97629180 0.71214950
vt 0.96276630 0.67270040
vt 0.96348050 0.68705050
vt 0.96301680 0.71025550
vt 0.97298550 0.71818630
vt 0.97735790 0.73427780
vt 0.97265890 0.74117060
vt 0.96275410 0.75456030
vt 0.97258960 0.75545790
vt 0.97759940 0.75757830
vt 0.97564290 0.77400400
vt 0.96183990 0.76533280
vt 0.97048050 0.77468920
vt 0.96260120 0.77623110
vt 0.97984860 0.47117730
vt 0.97477840 0.47401160
vt 0.97609740 0.48868720
vt 0.96444900 0.48508050
vt 0.96683260 0.47596330
vt 0.96422310 0.49767830
vt 0.97365930 0.50136830
vt 0.96402990 0.50992290
vt 0.96130550 0.49262750
vt 0.96092610 0.51648020
vt 0.97559150 0.51425300
vt 0.97789210 0.49658450
vt 0.96469190 0.52538110
vt 0.97348170 0.53435020
vt 0.97739600 0.52704170
vt 0.96646120 0.54325430
vt 0.97984860 0.54397860
vt 0.96895220 0.55322680
vt 0.97900520 0.55258280
vt 0.96355340 0.53758900
vt 0.96891060 0.56409500
vt 0.69086880 0.94999300
vt 0.70126970 0.95029910
vt 0.70153360 0.94013910
vt 0.69281470 0.93312000
vt 0.70177970 0.92819770
vt 0.70200280 0.91348160
vt 0.69087640 0.91841750
vt 0.68756840 0.93859960
vt 0.68700830 0.95858060
vt 0.68614880 0.91676170
vt 0.70367030 0.90757540
vt 0.70367030 0.94435160
vt 0.69368460 0.85494410
vt 0.70232700 0.86194680
vt 0.70230400 0.85140950
vt 0.70234800 0.87683530
vt 0.69142650 0.87538700
vt 0.68832140 0.86542400
vt 0.68839400 0.84865130
vt 0.68829390 0.88793710
vt 0.70151540 0.89037610
vt 0.69150590 0.89714960
vt 0.06653748 0.14771240
vt 0.06363244 0.14614440
vt 0.05154537 0.15646090
vt 0.04447193 0.15976900
vt 0.03989207 0.16961360
vt 0.04627262 0.14678890
vt 0.02189728 0.18746420
vt 0.09884516 0.13439590
vt 0.03169907 0.18122310
vt 0.02613784 0.20298790
vt 0.08719571 0.13923420
vt 0.08513916 0.14355670
vt 0.09730867 0.14409320
vt 0.11417540 0.14613990
vt 0.13307260 0.15698770
vt 0.02594673 0.22823440
vt 0.02872406 0.22159770
vt 0.03690572 0.24792300
vt 0.03654930 0.25483920
vt 0.05304369 0.26789370
vt 0.02142365 0.24037340
vt 0.05381656 0.27984150
vt 0.05932135 0.27509360
vt 0.08214750 0.28187230
vt 0.10379960 0.27819520
vt 0.00351862 0.21164990
vt 0.01871507 0.26889150
vt 0.00622844 0.24130230
vt 0.00896736 0.17917440
vt 0.00531326 0.18268490
vt 0.02089703 0.13952930
vt 0.03075497 0.12830420
vt 0.04355546 0.06916980
vt 0.08298992 0.30781160
vt 0.04698449 0.29785040
vt 0.03148212 0.28666010
vt 0.06382931 0.30606010
vt 0.13220680 0.29203440
vt 0.10802950 0.30561730
vt 0.11914310 0.30038870
vt 0.14818120 0.28033780
vt 0.16289630 0.25790070
vt 0.17003770 0.23479250
vt 0.09934346 0.08255295
vt 0.11647940 0.11132350
vt 0.07334607 0.02766888
vt 0.04989430 0.05510004
vt 0.13469840 0.14651720
vt 0.07270730 0.02408470
vt 0.05733715 0.04264612
vt 0.09980543 0.00620465
vt 0.09093304 0.01055212
vt 0.10806180 0.00934389
vt 0.11086460 0.00354601
vt 0.13685500 0.00941808
vt 0.12497290 0.00457854
vt 0.14959410 0.02060867
vt 0.16782230 0.05650582
vt 0.16281530 0.04053687
vt 0.17112380 0.06211071
vt 0.17549730 0.08782064
vt 0.17384340 0.17802070
vt 0.14746140 0.17324970
vt 0.14161350 0.17041140
vt 0.13019390 0.15756900
vt 0.14708530 0.18155550
vt 0.15083510 0.19688740
vt 0.17626070 0.21443500
vt 0.17626070 0.15065010
vt 0.16658310 0.77585830
vt 0.17175180 0.79186050
vt 0.17050470 0.77803490
vt 0.17175180 0.76458360
vt 0.62336840 0.83222000
vt 0.63170060 0.83015810
vt 0.61407190 0.82428840
vt 0.59919010 0.81404920
vt 0.59381970 0.81375970
vt 0.58390130 0.79151390
vt 0.57723030 0.78560230
vt 0.58102370 0.77172610
vt 0.58098100 0.74957040
vt 0.57048180 0.74684500
vt 0.58851160 0.72646080
vt 0.56873360 0.75911950
vt 0.56874240 0.77324680
vt 0.57062410 0.78492570
vt 0.57329730 0.79430970
vt 0.57791950 0.80478050
vt 0.58397780 0.81431230
vt 0.61192010 0.83597670
vt 0.59266940 0.82405070
vt 0.60267070 0.83147880
vt 0.62322040 0.83972990
vt 0.63273140 0.84138110
vt 0.64781410 0.84155930
vt 0.65650890 0.82990160
vt 0.66071610 0.84037590
vt 0.67306260 0.83653040
vt 0.69308250 0.82491890
vt 0.68317550 0.83186240
vt 0.71424040 0.79208450
vt 0.70312600 0.81398190
vt 0.70994480 0.80269330
vt 0.70656540 0.78812160
vt 0.69973190 0.79622830
vt 0.70568950 0.77392490
vt 0.71797350 0.75879210
vt 0.71663030 0.78261830
vt 0.71797350 0.77286640
vt 0.70950900 0.76352220
vt 0.70519050 0.74500110
vt 0.71202000 0.73295720
vt 0.71566560 0.74468990
vt 0.69501300 0.71749040
vt 0.69382120 0.72284140
vt 0.70593110 0.72006300
vt 0.69667910 0.70706530
vt 0.67077260 0.69576130
vt 0.66385840 0.68520060
vt 0.67587890 0.69028030
vt 0.68690810 0.69770700
vt 0.65307010 0.68267660
vt 0.64785650 0.68970270
vt 0.62570480 0.68417500
vt 0.64024610 0.68193390
vt 0.62727460 0.69314460
vt 0.64475350 0.69367380
vt 0.61353500 0.68875620
vt 0.60448300 0.70363850
vt 0.58831940 0.70885750
vt 0.60536150 0.69342680
vt 0.59626610 0.70033980
vt 0.60208780 0.71043620
vt 0.61939410 0.69932810
vt 0.58139930 0.71856190
vt 0.57436340 0.73319070
vt 0.65747730 0.69474010
vt 0.67432170 0.70217590
vt 0.10303350 0.69781920
vt 0.09807599 0.70425650
vt 0.09796725 0.68697890
vt 0.10356490 0.65324900
vt 0.10133540 0.64044730
vt 0.10448210 0.58087110
vt 0.08091760 0.57958080
vt 0.10473640 0.56621380
vt 0.08151943 0.56209740
vt 0.10401420 0.55300210
vt 0.08305336 0.53930930
vt 0.10437600 0.53294000
vt 0.08354824 0.52349040
vt 0.10375490 0.51754070
vt 0.08093400 0.67258550
vt 0.08036219 0.69230940
vt 0.08000121 0.70919370
vt 0.05958584 0.68594220
vt 0.08230437 0.72177680
vt 0.05771120 0.66242430
vt 0.03494852 0.67745820
vt 0.07992679 0.65632650
vt 0.07937964 0.64061550
vt 0.05525335 0.65005750
vt 0.05785818 0.64047830
vt 0.03108097 0.65759740
vt 0.04030529 0.64283620
vt 0.02395623 0.67105690
vt 0.05863325 0.71341730
vt 0.02539691 0.69831580
vt 0.04431030 0.69559770
vt 0.04094578 0.71659120
vt 0.02353389 0.71708640
vt 0.00508118 0.72170650
vt 0.05576808 0.73722820
vt 0.08037267 0.73987290
vt 0.07991853 0.75906740
vt 0.09810836 0.74240800
vt 0.10111100 0.79803160
vt 0.10419330 0.79871680
vt 0.08022572 0.79076120
vt 0.08004766 0.77617190
vt 0.05178935 0.77538030
vt 0.05194249 0.78788830
vt 0.03044494 0.77516010
vt 0.03025967 0.76339770
vt 0.05163593 0.76030040
vt 0.09819597 0.76172500
vt 0.03010354 0.74966040
vt 0.01324592 0.74927060
vt 0.03927127 0.74052090
vt 0.02124750 0.73292060
vt 0.42585620 0.69873890
vt 0.42238740 0.71942870
vt 0.41153000 0.71102380
vt 0.43350990 0.73074500
vt 0.43590730 0.74827710
vt 0.43160710 0.75201780
vt 0.42075820 0.73325040
vt 0.40741950 0.73233520
vt 0.41402870 0.74865650
vt 0.42882080 0.75658390
vt 0.40373630 0.74777140
vt 0.39574120 0.73023520
vt 0.38992610 0.71662260
vt 0.39946920 0.70500000
vt 0.48136580 0.71280600
vt 0.49314420 0.73291580
vt 0.49136570 0.71170960
vt 0.49778700 0.77696370
vt 0.48427250 0.78723510
vt 0.49506370 0.79062560
vt 0.48853700 0.80589500
vt 0.49892920 0.81896480
vt 0.48396650 0.82988010
vt 0.46787050 0.82431860
vt 0.47389040 0.84163370
vt 0.45767940 0.83602200
vt 0.84884230 0.92508260
vt 0.86181540 0.92321070
vt 0.85335990 0.90791580
vt 0.87583490 0.90104710
vt 0.87971450 0.91829970
vt 0.86635940 0.89269790
vt 0.85034360 0.89346810
vt 0.86709420 0.88133790
vt 0.88783520 0.87893590
vt 0.89363690 0.90441420
vt 0.89511370 0.92213830
vt 0.89229260 0.88958230
vt 0.91676290 0.90617240
vt 0.91463970 0.92184310
vt 0.91551430 0.88255280
vt 0.91613940 0.87052320
vt 0.93636030 0.87671080
vt 0.91420210 0.89261600
vt 0.93536950 0.89311370
vt 0.93932130 0.87926110
vt 0.93894380 0.89623400
vt 0.93794290 0.91410890
vt 0.93424930 0.92667230
vt 0.91390500 0.93908570
vt 0.93849400 0.93364670
vt 0.93400060 0.94766220
vt 0.93789940 0.95846730
vt 0.91633870 0.97013590
vt 0.91402800 0.95595180
vt 0.93583760 0.98047760
vt 0.93846820 0.96902600
vt 0.93932130 0.98117410
vt 0.91492450 0.97926870
vt 0.88427490 0.97177040
vt 0.88494900 0.98384920
vt 0.88652210 0.95702860
vt 0.89144170 0.94210980
vt 0.87609650 0.93697540
vt 0.86527170 0.94310200
vt 0.84937940 0.94017400
vt 0.85158560 0.95396870
vt 0.86696080 0.95919960
vt 0.86178920 0.97393950
vt 0.85160020 0.96384820
vt 0.79490820 0.02029051
vt 0.79717580 0.00676386
vt 0.79388390 0.00354601
vt 0.77295800 0.01741201
vt 0.77286240 0.00445000
vt 0.74174620 0.02203131
vt 0.79089220 0.03125605
vt 0.79628440 0.04418643
vt 0.79088560 0.04989336
vt 0.79356070 0.06513307
vt 0.77260300 0.03391260
vt 0.74170650 0.03647731
vt 0.77257810 0.05242992
vt 0.74164340 0.05290214
vt 0.71783380 0.04284385
vt 0.71790700 0.03083683
vt 0.74172190 0.01032818
vt 0.70410760 0.05251088
vt 0.71780130 0.05643457
vt 0.70171210 0.07842728
vt 0.71999670 0.07096977
vt 0.74353870 0.06786791
vt 0.73502530 0.09114681
vt 0.75399320 0.08228152
vt 0.77269340 0.06940708
vt 0.77309820 0.08741819
vt 0.75359800 0.10226950
vt 0.79086360 0.08759452
vt 0.73717490 0.11222400
vt 0.71799910 0.10810700
vt 0.71782120 0.09046768
vt 0.70080620 0.09666883
vt 0.70181640 0.11031910
vt 0.71799340 0.12151830
vt 0.70344010 0.12557800
vt 0.72344230 0.13792210
vt 0.73722570 0.12774300
vt 0.75576290 0.12591990
vt 0.74652950 0.14323250
vt 0.73725830 0.15552910
vt 0.72060670 0.14902150
vt 0.75543810 0.15503420
vt 0.75563130 0.16529540
vt 0.77253340 0.16400630
vt 0.77214000 0.14629540
vt 0.79263230 0.10515660
vt 0.79647240 0.08891534
vt 0.77284250 0.21099160
vt 0.77440390 0.22632720
vt 0.79618290 0.23993250
vt 0.77382740 0.24462080
vt 0.77516050 0.25804530
vt 0.79606270 0.26048200
vt 0.79651400 0.27881950
vt 0.77501290 0.26889770
vt 0.67382620 0.41979580
vt 0.68339720 0.43341140
vt 0.67473150 0.41471950
vt 0.67265000 0.40371000
vt 0.66825690 0.38517950
vt 0.67251280 0.38442030
vt 0.67638700 0.36780640
vt 0.68593360 0.34914450
vt 0.70282760 0.32946700
vt 0.65077620 0.32790010
vt 0.64545530 0.40321020
vt 0.70194590 0.46721130
vt 0.69507970 0.44961770
vt 0.71233130 0.46444190
vt 0.73506390 0.47563250
vt 0.71581740 0.47253310
vt 0.64819020 0.46178090
vt 0.59172260 0.36109670
vt 0.57589760 0.40363850
vt 0.62466760 0.33562800
vt 0.64220830 0.32983550
vt 0.60162430 0.34833220
vt 0.58545460 0.36357720
vt 0.57443930 0.38545320
vt 0.57681270 0.37691750
vt 0.61505090 0.45043830
vt 0.63300620 0.45816100
vt 0.59129390 0.43407250
vt 0.60185500 0.44301070
vt 0.58193900 0.42348210
vt 0.57525350 0.40966410
vt 0.73506390 0.31048730
vt 0.12073580 0.53534970
vt 0.12380860 0.54579560
vt 0.13509160 0.52734770
vt 0.14104090 0.53943340
vt 0.12720270 0.56087390
vt 0.11177360 0.56177510
vt 0.11242770 0.57473020
vt 0.15016860 0.52744630
vt 0.11957560 0.58493120
vt 0.16282860 0.53369440
vt 0.16686790 0.51754070
vt 0.16105090 0.54729860
vt 0.16005530 0.55235310
vt 0.13639860 0.58317850
vt 0.13666990 0.60087120
vt 0.16021290 0.59927540
vt 0.15913020 0.58264480
vt 0.13935350 0.56939760
vt 0.15937830 0.56335590
vt 0.12059020 0.59943340
vt 0.12951750 0.61641100
vt 0.14238600 0.61224200
vt 0.16266590 0.61796950
vt 0.14595360 0.62748860
vt 0.16686790 0.63769820
vt 0.55603580 0.97392270
vt 0.53647820 0.96479870
vt 0.53838960 0.97808300
vt 0.55518160 0.96556410
vt 0.55350010 0.95491300
vt 0.53458690 0.95630460
vt 0.55208060 0.94073640
vt 0.53466420 0.94270090
vt 0.53411890 0.93209650
vt 0.55390010 0.92797050
vt 0.53576430 0.91822710
vt 0.55603580 0.91358580
vt 0.53778540 0.90757230
vt 0.63000640 0.26579180
vt 0.61865690 0.26193100
vt 0.62152890 0.26753420
vt 0.63027020 0.26946000
vt 0.62145240 0.27167900
vt 0.63646390 0.26787140
vt 0.63677330 0.27505890
vt 0.62192340 0.27734810
vt 0.63057940 0.27637010
vt 0.63681690 0.28063320
vt 0.63147410 0.28178540
vt 0.62408390 0.28275370
vt 0.61975160 0.28246170
vt 0.62027460 0.26087930
vt 0.63087270 0.26229070
vt 0.63681680 0.26231130
vt 0.50287490 0.23122580
vt 0.51053300 0.22642500
vt 0.50354640 0.21737940
vt 0.51144740 0.23993870
vt 0.50478320 0.24078760
vt 0.50584730 0.24527410
vt 0.50602740 0.24726180
vt 0.51643650 0.22583670
vt 0.51665260 0.21500510
vt 0.51035890 0.21500930
vt 0.52229300 0.22760060
vt 0.52229300 0.21762140
vt 0.51998070 0.23924450
vt 0.46215890 0.22201040
vt 0.46015900 0.22466270
vt 0.46215890 0.23085620
vt 0.44894520 0.23413140
vt 0.45771160 0.23143610
vt 0.45955620 0.23798190
vt 0.45555290 0.23944140
vt 0.45415800 0.24361920
vt 0.44765660 0.24429950
vt 0.44082610 0.24173030
vt 0.43697540 0.23679670
vt 0.45022970 0.21972800
vt 0.44279040 0.22099410
vt 0.43985890 0.22002090
vt 0.44817110 0.24604490
vt 0.44203790 0.24544640
vt 0.43625430 0.24120520
vt 0.66524400 0.00456191
vt 0.57195050 0.00766180
vt 0.57698450 0.01780059
vt 0.66551290 0.01500102
vt 0.69319190 0.00354601
vt 0.69348800 0.02127458
vt 0.66564320 0.02512026
vt 0.57557730 0.03260740
vt 0.69363600 0.03622558
vt 0.66561950 0.03807983
vt 0.57526200 0.04357651
vt 0.69372850 0.05200612
vt 0.66586240 0.05366164
vt 0.66568310 0.08609188
vt 0.57529510 0.05593247
vt 0.69376890 0.08609975
vt 0.57525410 0.08871531
vt 0.56903030 0.11986210
vt 0.69361150 0.10812910
vt 0.66404990 0.10764570
vt 0.68127330 0.11832390
vt 0.69349130 0.12012640
vt 0.68223100 0.24999520
vt 0.69376900 0.24995430
vt 0.90467130 0.03267794
vt 0.91338130 0.00392154
vt 0.90108010 0.00443166
vt 0.91456760 0.03196022
vt 0.91252680 0.12659590
vt 0.92483140 0.12588710
vt 0.92474880 0.03195483
vt 0.93072660 0.00355775
vt 0.93822870 0.12572450
vt 0.93737080 0.03202537
vt 0.94894610 0.00354601
vt 0.94773950 0.12576240
vt 0.95175310 0.03165783
vt 0.96783710 0.00393860
vt 0.95892480 0.12599490
vt 0.96492060 0.03195592
vt 0.97476840 0.03246144
vt 0.98252240 0.00462224
vt 0.96946630 0.12659590
vt 0.98328780 0.03281049
vt 0.89497770 0.03312212
vt 0.29959510 0.01826575
vt 0.30451820 0.00954346
vt 0.21151420 0.00940509
vt 0.21133930 0.01983163
vt 0.30126130 0.03324192
vt 0.18334780 0.01506026
vt 0.18338490 0.00354601
vt 0.18332250 0.02699945
vt 0.21133110 0.03457294
vt 0.18330480 0.04148317
vt 0.30152860 0.05254428
vt 0.21120510 0.05193587
vt 0.18329790 0.05351803
vt 0.18329890 0.08478774
vt 0.21094040 0.08446846
vt 0.30164600 0.08872246
vt 0.30769790 0.11997630
vt 0.21154520 0.10763780
vt 0.18333150 0.10783610
vt 0.19520460 0.11879340
vt 0.18335550 0.12096730
vt 0.19487120 0.25048610
vt 0.18333410 0.25049080
vt 0.29487380 0.12337470
vt 0.30117060 0.13841530
vt 0.31231790 0.13588260
vt 0.21329530 0.13534200
vt 0.30768920 0.24385870
vt 0.36382130 0.14078580
vt 0.36382130 0.25378730
vt 0.21165890 0.24196420
vt 0.29881940 0.24512420
vt 0.19557100 0.24194340
vt 0.19563120 0.13529340
vt 0.68428280 0.26088920
vt 0.68556230 0.27306100
vt 0.68669240 0.26087930
vt 0.68308260 0.27310070
vt 0.68413790 0.27453650
vt 0.68396840 0.28572380
vt 0.68603920 0.28572040
vt 0.68498520 0.29812040
vt 0.68332410 0.29819650
vt 0.68286130 0.28597880
vt 0.68298980 0.27383450
vt 0.68871200 0.27584490
vt 0.68974960 0.27316780
vt 0.68819920 0.27320780
vt 0.68905250 0.26093580
vt 0.68776670 0.29811210
vt 0.68837900 0.28584940
vt 0.68974960 0.29813320
vt 0.88339590 0.39326050
vt 0.88168990 0.40522140
vt 0.88147830 0.40601720
vt 0.88339590 0.40559790
vt 0.87920710 0.40812950
vt 0.88165690 0.41516490
vt 0.87853990 0.41814530
vt 0.88046050 0.41808870
vt 0.88009280 0.43018900
vt 0.88280920 0.41811110
vt 0.88237640 0.43027340
vt 0.04386151 0.96556730
vt 0.04180238 0.96022780
vt 0.04194563 0.96375170
vt 0.04611436 0.96556730
vt 0.04769329 0.96360990
vt 0.04773910 0.96108820
vt 0.04653745 0.95894620
vt 0.04389797 0.95822150
vt 0.03476514 0.96093090
vt 0.03384769 0.95919690
vt 0.03468065 0.96373410
vt 0.03062344 0.96562580
vt 0.03290305 0.96562580
vt 0.02890762 0.96350510
vt 0.02987436 0.95894400
vt 0.02869077 0.96112150
vt 0.03202157 0.95822150
vt 0.88334610 0.45101120
vt 0.88135000 0.45024780
vt 0.88356760 0.46220860
vt 0.88280890 0.44955570
vt 0.88169650 0.43740920
vt 0.88356760 0.43736540
vt 0.56076020 0.24009560
vt 0.56157970 0.25226620
vt 0.56119780 0.23943080
vt 0.55898410 0.22755730
vt 0.56076070 0.22749810
vt 0.55993940 0.21505940
vt 0.56157970 0.21500510
vt 0.63070630 0.28984570
vt 0.62983350 0.29044900
vt 0.63180760 0.29047990
vt 0.63001990 0.30266410
vt 0.63220920 0.30258510
vt 0.63397280 0.29068070
vt 0.63397280 0.30295100
vt 0.89941010 0.65597870
vt 0.89617630 0.66726690
vt 0.89941010 0.66822240
vt 0.89663210 0.65531370
vt 0.15717530 0.75604210
vt 0.17334450 0.75749160
vt 0.17334450 0.64479020
vt 0.15395510 0.64730650
vt 0.95544930 0.87052320
vt 0.94635850 0.96605640
vt 0.96519480 0.95288180
vt 0.96519480 0.97001210
vt 0.09847126 0.81893570
vt 0.16481400 0.80580880
vt 0.09853414 0.80582800
vt 0.16480350 0.82141730
vt 0.10572090 0.90524880
vt 0.15874480 0.90520750
vt 0.10633580 0.91418760
vt 0.15813330 0.91416200
vt 0.15500480 0.96599040
vt 0.11071980 0.96599040
vt 0.73419560 0.73862060
vt 0.73300930 0.74759380
vt 0.84180500 0.73465450
vt 0.83717870 0.68280720
vt 0.72501070 0.68193390
vt 0.67276680 0.26087930
vt 0.67427360 0.27320780
vt 0.67512690 0.26093580
vt 0.67163680 0.27306100
vt 0.67035720 0.26088920
vt 0.66915700 0.27310070
vt 0.67021240 0.27453650
vt 0.67211370 0.28572040
vt 0.67004290 0.28572380
vt 0.67105960 0.29812040
vt 0.67478640 0.27584490
vt 0.66939850 0.29819650
vt 0.66893570 0.28597880
vt 0.66906420 0.27383450
vt 0.67582400 0.27316780
vt 0.89543740 0.17077300
vt 0.89733720 0.17080990
vt 0.89668330 0.15874040
vt 0.89875410 0.15861590
vt 0.89984360 0.17069060
vt 0.89689560 0.15794480
vt 0.89916840 0.15583430
vt 0.89672420 0.14879690
vt 0.89984360 0.14581910
vt 0.89792290 0.14587420
vt 0.89830020 0.13377410
vt 0.89557420 0.14584990
vt 0.89601670 0.13368790
vt 0.89497770 0.15836260
vt 0.11586620 0.73065600
vt 0.11764300 0.74293560
vt 0.11835770 0.73069380
vt 0.11478600 0.74282370
vt 0.11801200 0.74591290
vt 0.11638660 0.75557120
vt 0.11404230 0.75540680
vt 0.11226510 0.75544210
vt 0.11189400 0.76789200
vt 0.11514710 0.76785640
vt 0.11700480 0.76798390
vt 0.11835770 0.75585230
vt 0.37130360 0.87404000
vt 0.37003250 0.87587250
vt 0.37403930 0.87402980
vt 0.37576380 0.87577150
vt 0.37638650 0.87821430
vt 0.37515480 0.88076150
vt 0.37185690 0.88076150
vt 0.36991070 0.87779880
vt 0.95745850 0.18203560
vt 0.95654110 0.18030150
vt 0.95737400 0.18483880
vt 0.95331680 0.18673040
vt 0.95559640 0.18673040
vt 0.95160100 0.18460980
vt 0.95256770 0.18004860
vt 0.95138410 0.18222620
vt 0.95471500 0.17932620
vt 0.13793020 0.78218750
vt 0.13597450 0.77012490
vt 0.13610410 0.78258060
vt 0.61952980 0.28984570
vt 0.61865690 0.29044900
vt 0.62063100 0.29047990
vt 0.61884340 0.30266410
vt 0.88913910 0.65597870
vt 0.88590530 0.66726690
vt 0.88913910 0.66822240
vt 0.88636110 0.65531370
vt 0.47510060 0.85225680
vt 0.45616870 0.96808120
vt 0.47512450 0.98387350
vt 0.46528040 0.86113540
vt 0.38971580 0.85212960
vt 0.39928440 0.86108040
vt 0.40600640 0.96811710
vt 0.38708970 0.98387350
vt 0.50596680 0.91004100
vt 0.50596650 0.99645410
vt 0.51707840 0.99640450
vt 0.51707840 0.90999130
vt 0.93712030 0.47157130
vt 0.95162650 0.47490780
vt 0.95136040 0.47192150
vt 0.93735010 0.53254200
vt 0.95388880 0.47117730
vt 0.95298490 0.54803370
vt 0.93703350 0.59007320
vt 0.95387860 0.58220700
vt 0.95164870 0.65967910
vt 0.93716700 0.66281990
vt 0.95388880 0.66320630
vt 0.95138880 0.66267880
vt 0.92894960 0.47189380
vt 0.86224530 0.47405870
vt 0.92999620 0.47533000
vt 0.86117000 0.47117730
vt 0.92600620 0.57223940
vt 0.92771200 0.64487450
vt 0.92999620 0.64480980
vt 0.92694570 0.64822160
vt 0.86002370 0.64432920
vt 0.86005310 0.64752160
vt 0.98719800 0.60295500
vt 0.98492000 0.59467700
vt 0.98476700 0.60829600
vt 0.99082200 0.65463900
vt 0.99160500 0.65987600
vt 0.99353200 0.66005100
vt 0.98941800 0.65040900
vt 0.98648300 0.65126100
vt 0.98847500 0.64626000
vt 0.98551900 0.64599800
vt 0.98793200 0.64195300
vt 0.98499800 0.63950200
vt 0.98728500 0.63685200
vt 0.98476200 0.62381700
vt 0.98714100 0.62302400
vt 0.97869900 0.25070800
vt 0.98032000 0.26069000
vt 0.98025400 0.24625000
vt 0.97881300 0.28060900
vt 0.98041200 0.28462000
vt 0.98037500 0.27494400
vt 0.35369800 0.52555000
vt 0.35257300 0.51936700
vt 0.34667300 0.51079000
vt 0.31692200 0.47848300
vt 0.32631300 0.48673900
vt 0.32431000 0.48354600
vt 0.97861200 0.23589400
vt 0.98020400 0.23648300
vt 0.98015500 0.22477500
vt 0.33588500 0.63716900
vt 0.34339900 0.62372600
vt 0.33409800 0.63736800
vt 0.74804100 0.45236000
vt 0.74643300 0.45198900
vt 0.74651000 0.46008200
vt 0.74632600 0.43438900
vt 0.74794500 0.43721700
vt 0.74790300 0.42562200
vt 0.01371100 0.97965300
vt 0.01371100 0.95822100
vt 0.01164300 0.95955100
vt 0.01163200 0.97763500
vt 0.99178900 0.58397600
vt 0.98943700 0.58048400
vt 0.98849400 0.58454400
vt 0.98650200 0.57967200
vt 0.99083900 0.57639300
vt 0.98533900 0.58644300
vt 0.98733600 0.59030500
vt 0.99355500 0.57734400
vt 0.99356300 0.57118700
vt 0.98929400 0.59052500
vt 0.99112500 0.59081100
vt 0.99087900 0.60321900
vt 0.98903600 0.60400400
vt 0.99083200 0.62630200
vt 0.98899900 0.62322200
vt 0.98918200 0.63651100
vt 0.99111200 0.63996800
vt 0.99176600 0.64689600
vt 0.99356300 0.65377800
vt 0.97854800 0.21961600
vt 0.98008400 0.20969500
vt 0.98186100 0.22394700
vt 0.98191300 0.23591000
vt 0.98191700 0.24845800
vt 0.98204400 0.26376800
vt 0.98209400 0.27593100
vt 0.98213000 0.28565600
vt 0.98044400 0.29403300
vt 0.98216300 0.29510900
vt 0.98047300 0.30313500
vt 0.98219200 0.30423800
vt 0.98049800 0.31180600
vt 0.98221700 0.31292800
vt 0.98052000 0.32001400
vt 0.98223900 0.32113800
vt 0.98053600 0.32764400
vt 0.98225400 0.32876000
vt 0.98054500 0.33466200
vt 0.98226400 0.33575900
vt 0.98472000 0.33515200
vt 0.98471000 0.32809500
vt 0.98469400 0.32041800
vt 0.98467200 0.31216200
vt 0.98464600 0.30343100
vt 0.98461700 0.29426800
vt 0.98458400 0.28479000
vt 0.98454700 0.27504600
vt 0.98450100 0.26252700
vt 0.98443300 0.24758600
vt 0.98436800 0.23548800
vt 0.98432700 0.22589000
vt 0.98426800 0.21209900
vt 0.98181300 0.21244200
vt 0.98176700 0.20419400
vt 0.98420900 0.19731000
vt 0.98004400 0.19335700
vt 0.98175100 0.19344500
vt 0.98439400 0.16530000
vt 0.98194200 0.16514800
vt 0.98023700 0.16622900
vt 0.98118600 0.15936300
vt 0.98472000 0.15579500
vt 0.18935600 0.59621900
vt 0.18523900 0.58597500
vt 0.18755000 0.59563400
vt 0.18616900 0.58155300
vt 0.19542500 0.59016900
vt 0.19545000 0.61221300
vt 0.19145800 0.60716000
vt 0.19203900 0.55968100
vt 0.18488600 0.56869800
vt 0.18329800 0.57162600
vt 0.18335300 0.55736900
vt 0.18545400 0.55168600
vt 0.20447200 0.61386200
vt 0.20206200 0.62436100
vt 0.19863000 0.62190400
vt 0.20928600 0.63774300
vt 0.21138500 0.63794800
vt 0.22865000 0.66394900
vt 0.21509400 0.63039500
vt 0.22775500 0.66014900
vt 0.23496100 0.66901700
vt 0.23322100 0.65510300
vt 0.23305700 0.60321100
vt 0.25358900 0.63140500
vt 0.24167900 0.66540300
vt 0.24158600 0.67451000
vt 0.25042300 0.67011900
vt 0.24838100 0.67686300
vt 0.26067100 0.67801000
vt 0.27645800 0.67109500
vt 0.28348000 0.67801000
vt 0.29843700 0.66914000
vt 0.29695400 0.67664500
vt 0.30375800 0.67423400
vt 0.30766800 0.66113800
vt 0.31048700 0.66860900
vt 0.27817300 0.63521400
vt 0.29360800 0.63089800
vt 0.31299200 0.60405000
vt 0.31770400 0.65970600
vt 0.31645800 0.66357800
vt 0.33073600 0.62989400
vt 0.34135300 0.61326200
vt 0.32214100 0.58469200
vt 0.22445600 0.58380200
vt 0.22207500 0.56211500
vt 0.32478500 0.56166900
vt 0.35039100 0.58948000
vt 0.34999300 0.61153400
vt 0.34653300 0.62124200
vt 0.35607800 0.59548200
vt 0.35369200 0.60643400
vt 0.35925100 0.58077500
vt 0.35989200 0.58519500
vt 0.35354800 0.56574900
vt 0.36052300 0.56790200
vt 0.35993800 0.55090100
vt 0.35183800 0.54490900
vt 0.35726500 0.53695300
vt 0.32035700 0.54198400
vt 0.34454600 0.52189100
vt 0.22843700 0.53720000
vt 0.31064900 0.52557600
vt 0.33317600 0.50395900
vt 0.19858000 0.52847000
vt 0.33742300 0.49784600
vt 0.34325000 0.50317700
vt 0.18811100 0.53771400
vt 0.18626700 0.53814400
vt 0.18438700 0.54764400
vt 0.18898200 0.52891500
vt 0.19166600 0.52628000
vt 0.19249500 0.52007900
vt 0.19867500 0.51145600
vt 0.21121800 0.50607800
vt 0.20791200 0.49842800
vt 0.21901100 0.48722100
vt 0.24375300 0.51865700
vt 0.22564700 0.49133700
vt 0.23361400 0.47728700
vt 0.22810400 0.47888000
vt 0.22072200 0.48400800
vt 0.24102800 0.48183900
vt 0.29433600 0.51299400
vt 0.26074500 0.51008300
vt 0.32006000 0.49091500
vt 0.33121200 0.48939000
vt 0.33753700 0.49594300
vt 0.31170200 0.47693800
vt 0.30467000 0.48155600
vt 0.24968900 0.47064100
vt 0.24409300 0.47108300
vt 0.23592900 0.47455300
vt 0.25594000 0.47659500
vt 0.26222100 0.46806900
vt 0.27284800 0.47466500
vt 0.27265500 0.46733300
vt 0.28308800 0.46797600
vt 0.27709500 0.50846300
vt 0.28975300 0.47644400
vt 0.29562100 0.47043500
vt 0.30092500 0.47082900
vt 0.30909200 0.47422700
vt 0.21382500 0.48991300
vt 0.20750700 0.49652200
vt 0.20180200 0.50380700
vt 0.19678800 0.51167100
vt 0.71656800 0.89695700
vt 0.71490900 0.89806200
vt 0.71661400 0.90748700
vt 0.71664700 0.88436600
vt 0.71496200 0.88734700
vt 0.71507100 0.87888400
vt 0.71324400 0.88372300
vt 0.71337900 0.87534100
vt 0.71086500 0.87878000
vt 0.71523900 0.87074100
vt 0.71362300 0.86548300
vt 0.71546700 0.86297100
vt 0.71696700 0.86832800
vt 0.71397300 0.85606600
vt 0.71575200 0.85567500
vt 0.71075600 0.88728000
vt 0.71317100 0.89235800
vt 0.71070700 0.89599600
vt 0.71315800 0.90117800
vt 0.71072200 0.90525500
vt 0.71495900 0.90966700
vt 0.71671500 0.91806400
vt 0.71322400 0.91189200
vt 0.71080500 0.91454900
vt 0.71507300 0.91893900
vt 0.71697000 0.93082900
vt 0.71338200 0.92263500
vt 0.71094600 0.92343900
vt 0.71524300 0.92773300
vt 0.71547100 0.93637300
vt 0.71357600 0.93140900
vt 0.71114600 0.93219900
vt 0.71382900 0.93999400
vt 0.71140300 0.94076100
vt 0.71575400 0.94475000
vt 0.71421300 0.95017800
vt 0.71180600 0.95120400
vt 0.71609200 0.95281500
vt 0.71751600 0.94731900
vt 0.71469700 0.96002900
vt 0.71648100 0.96046000
vt 0.71228300 0.96071200
vt 0.71513200 0.96729100
vt 0.71272200 0.96792900
vt 0.71103500 0.87060100
vt 0.71126400 0.86279500
vt 0.71155000 0.85546300
vt 0.71431100 0.84920500
vt 0.71189200 0.84865100
vt 0.71609200 0.84889800
vt 0.71751600 0.85389100
vt 0.71691800 0.96764100
vt 0.71561100 0.97399800
vt 0.71739700 0.97426100
vt 0.71320400 0.97458500
vt 0.74637200 0.44338400
vt 0.74465400 0.44450800
vt 0.74471700 0.45312300
vt 0.74460700 0.43548600
vt 0.74225400 0.45237400
vt 0.74219400 0.44371800
vt 0.74233200 0.46051600
vt 0.74214700 0.43466200
vt 0.74479600 0.46121700
vt 0.74242500 0.46810400
vt 0.74457500 0.42609800
vt 0.74211600 0.42524700
vt 0.74455800 0.41646600
vt 0.74629500 0.42503700
vt 0.74788500 0.41153200
vt 0.74660300 0.46762900
vt 0.74818600 0.46581000
vt 0.74489000 0.46875200
vt 0.74253100 0.47504300
vt 0.74670800 0.47452900
vt 0.74499700 0.47563200
vt 0.74210100 0.41559600
vt 0.74455900 0.40664000
vt 0.74210300 0.40575900
vt 0.74627900 0.41545400
vt 0.74628100 0.40568300
vt 0.74458100 0.39446000
vt 0.74212300 0.39323300
vt 0.74630800 0.39143000
vt 0.74470300 0.37930700
vt 0.74637600 0.37717800
vt 0.74218900 0.37845800
vt 0.74644300 0.36762900
vt 0.74472800 0.36703500
vt 0.74227500 0.36663000
vt 0.74653000 0.35629000
vt 0.74482000 0.35545300
vt 0.74234700 0.35733400
vt 0.74247500 0.34412200
vt 0.74668300 0.34188300
vt 0.74818600 0.35147200
vt 0.74493000 0.34445200
vt 0.74503400 0.33665300
vt 0.74264900 0.33019300
vt 0.74685700 0.32654800
vt 0.74514100 0.32657700
vt 0.74275600 0.30031300
vt 0.74520900 0.30015500
vt 0.74691300 0.30120700
vt 0.74603500 0.29486400
vt 0.74254500 0.29160500
vt 0.74790900 0.39450600
vt 0.74795200 0.38170700
vt 0.74806000 0.36718300
vt 0.83352100 0.93975000
vt 0.83111800 0.93907900
vt 0.83175800 0.94733300
vt 0.83309600 0.93131800
vt 0.83071100 0.93063500
vt 0.83290800 0.92275300
vt 0.83054100 0.92206400
vt 0.83301100 0.91168600
vt 0.83064500 0.91160600
vt 0.83112200 0.90131300
vt 0.83352500 0.90067800
vt 0.83176300 0.89295400
vt 0.83418400 0.89233400
vt 0.83263200 0.88482400
vt 0.83507100 0.88422600
vt 0.83372000 0.87702300
vt 0.83649500 0.87441600
vt 0.83534400 0.86789000
vt 0.83822200 0.86554100
vt 0.83733800 0.85935000
vt 0.83983200 0.85887000
vt 0.83417900 0.94798500
vt 0.83262500 0.95529400
vt 0.83532500 0.95800600
vt 0.83399000 0.96467200
vt 0.83680000 0.96714300
vt 0.83574100 0.97351800
vt 0.83822000 0.97406100
vt 0.83733800 0.97993300
vt 0.83983200 0.98043300
vt 0.52708200 0.91057600
vt 0.52463900 0.90999100
vt 0.52455900 0.91653000
vt 0.52699100 0.91651200
vt 0.52683400 0.92404700
vt 0.52441200 0.92342800
vt 0.52427600 0.93680300
vt 0.52671500 0.94075400
vt 0.52424100 0.95373700
vt 0.52672500 0.96292900
vt 0.52431800 0.96524500
vt 0.52443300 0.97224000
vt 0.52686600 0.97226200
vt 0.52692800 0.97843100
vt 0.52448300 0.97905000
vt 0.52708200 0.98646400
vt 0.52465200 0.98711600
vt 0.98711600 0.69889000
vt 0.98752000 0.67029800
vt 0.98503400 0.67108900
vt 0.98469000 0.69644200
vt 0.98463700 0.71183200
vt 0.98709000 0.71440500
vt 0.98464400 0.72606100
vt 0.98709400 0.73158500
vt 0.98465300 0.73723800
vt 0.98713400 0.74802500
vt 0.98467800 0.74664600
vt 0.98471000 0.75627100
vt 0.98716500 0.76252600
vt 0.98472900 0.76588900
vt 0.98720600 0.77476500
vt 0.98476000 0.77553300
vt 0.98724000 0.78434700
vt 0.98479300 0.78510600
vt 0.98727500 0.79373300
vt 0.98482900 0.79447300
vt 0.98731300 0.80287400
vt 0.98486700 0.80359000
vt 0.98735300 0.81165300
vt 0.98490800 0.81233500
vt 0.98739600 0.82002700
vt 0.98495000 0.82067700
vt 0.98743700 0.82788800
vt 0.98499200 0.82849600
vt 0.98747800 0.83520000
vt 0.98503200 0.83576000
vt 0.98752000 0.84186800
vt 0.98507400 0.84237600
vt 0.17463100 0.85506100
vt 0.17209300 0.86377000
vt 0.17453400 0.86454300
vt 0.17201100 0.87338800
vt 0.17443100 0.87676600
vt 0.17195300 0.88305200
vt 0.17435300 0.89141600
vt 0.17189600 0.89281300
vt 0.17185900 0.90242800
vt 0.17429600 0.90824500
vt 0.17185100 0.91396100
vt 0.17432300 0.92613600
vt 0.17188000 0.92884100
vt 0.17442700 0.94260500
vt 0.17201700 0.94522400
vt 0.17252600 0.97235300
vt 0.17501600 0.97320800
vt 0.17297200 0.98123900
vt 0.17546100 0.98178100
vt 0.17219000 0.85430300
vt 0.17474000 0.84585000
vt 0.17230100 0.84511800
vt 0.17486400 0.83696000
vt 0.17242500 0.83625800
vt 0.17499900 0.82850700
vt 0.17256200 0.82784300
vt 0.17514600 0.82052800
vt 0.17270900 0.81990200
vt 0.17530000 0.81312600
vt 0.17286400 0.81254700
vt 0.17546100 0.80633500
vt 0.17302500 0.80580900
vt 0.50915800 0.68541000
vt 0.50041800 0.68285900
vt 0.50254900 0.68932800
vt 0.49565800 0.69075500
vt 0.51009400 0.67422100
vt 0.51683300 0.67688400
vt 0.53605800 0.65063200
vt 0.48583600 0.68463300
vt 0.48235500 0.69164700
vt 0.45802500 0.68462700
vt 0.46554400 0.69164700
vt 0.45414100 0.69096300
vt 0.44723700 0.68960500
vt 0.49747700 0.64961500
vt 0.53217200 0.64400900
vt 0.54666900 0.63472900
vt 0.51750200 0.62097500
vt 0.54277600 0.62736400
vt 0.55368800 0.62016100
vt 0.55172800 0.60387700
vt 0.55749400 0.60879600
vt 0.55973200 0.59927800
vt 0.56114200 0.58957500
vt 0.47797400 0.65446300
vt 0.45242200 0.65010100
vt 0.42891100 0.61736900
vt 0.52701400 0.60008000
vt 0.55471900 0.58023300
vt 0.56169600 0.57993100
vt 0.56140600 0.57029400
vt 0.55297500 0.55938200
vt 0.56027000 0.56077000
vt 0.55830300 0.55149000
vt 0.55552000 0.54249800
vt 0.53008300 0.57665500
vt 0.52108000 0.54441700
vt 0.54802400 0.54263700
vt 0.55196100 0.53391600
vt 0.54038400 0.52716800
vt 0.54764400 0.52577100
vt 0.54263300 0.51818300
vt 0.53695700 0.51118200
vt 0.52580400 0.50960100
vt 0.53069800 0.50485700
vt 0.52203700 0.49783600
vt 0.50749000 0.49723200
vt 0.51282400 0.49224400
vt 0.50498500 0.48860100
vt 0.49684100 0.48579800
vt 0.50040000 0.52487300
vt 0.44513000 0.52609400
vt 0.49083100 0.49140200
vt 0.48849400 0.48386500
vt 0.48000600 0.48281600
vt 0.47683000 0.51741000
vt 0.47398700 0.48958000
vt 0.46962900 0.48272400
vt 0.45716100 0.49157100
vt 0.45939200 0.48401100
vt 0.45106300 0.48602700
vt 0.43697700 0.49926200
vt 0.44294600 0.48891200
vt 0.43514100 0.49263400
vt 0.42598100 0.49831800
vt 0.41948300 0.51315200
vt 0.40794200 0.52783400
vt 0.41738600 0.50542600
vt 0.41118500 0.51181300
vt 0.40557600 0.51887100
vt 0.40063600 0.52650900
vt 0.39639500 0.53469600
vt 0.42506800 0.55045200
vt 0.40044800 0.54337700
vt 0.39565400 0.56017000
vt 0.39291600 0.54331400
vt 0.39021700 0.55233300
vt 0.38833700 0.56163200
vt 0.38729000 0.57116900
vt 0.41840800 0.58138900
vt 0.39731300 0.60463900
vt 0.39410400 0.58101400
vt 0.38709000 0.58080700
vt 0.38773500 0.59045000
vt 0.38923400 0.60013300
vt 0.39156100 0.60962900
vt 0.39547200 0.62095300
vt 0.40649300 0.62805800
vt 0.40262500 0.63544900
vt 0.41725500 0.64460000
vt 0.41337700 0.65123700
vt 0.43534900 0.66899700
vt 0.43284500 0.67730400
vt 0.44470400 0.68039800
vt 0.44059400 0.68575400
vt 0.55338300 0.41483900
vt 0.55958000 0.40130300
vt 0.55852500 0.39605700
vt 0.56280700 0.39183700
vt 0.55077900 0.41356800
vt 0.56280900 0.37943100
vt 0.54413400 0.42924400
vt 0.56569100 0.37985500
vt 0.54043400 0.42952500
vt 0.52129900 0.46029300
vt 0.51860200 0.45902900
vt 0.51273600 0.46942900
vt 0.51090500 0.46720400
vt 0.50594700 0.47319500
vt 0.50489300 0.47053700
vt 0.49774500 0.47490400
vt 0.49735900 0.47209000
vt 0.48421700 0.47563200
vt 0.48074400 0.47288700
vt 0.46881300 0.47563200
vt 0.45874800 0.47230600
vt 0.45326800 0.47448100
vt 0.44954300 0.47053800
vt 0.44685800 0.47249400
vt 0.44353500 0.46720600
vt 0.44169000 0.46943100
vt 0.43584900 0.45903100
vt 0.43313800 0.46029500
vt 0.41403700 0.42952700
vt 0.41032700 0.42925000
vt 0.40370200 0.41357300
vt 0.40108400 0.41484400
vt 0.39596500 0.39606200
vt 0.39489400 0.40130800
vt 0.39167200 0.39184200
vt 0.39169000 0.37943600
vt 0.38879300 0.37985900
vt 0.39001800 0.36485900
vt 0.38709000 0.36498600
vt 0.38721900 0.35245700
vt 0.39014700 0.35262100
vt 0.38827000 0.34266500
vt 0.39117500 0.34307800
vt 0.39017800 0.33310300
vt 0.39303600 0.33376700
vt 0.39292900 0.32382100
vt 0.39571600 0.32473400
vt 0.39648600 0.31493700
vt 0.39917900 0.31609800
vt 0.40083000 0.30649400
vt 0.40340100 0.30789700
vt 0.40590000 0.29860300
vt 0.40832500 0.30024000
vt 0.41166700 0.29130100
vt 0.41392000 0.29316000
vt 0.41805200 0.28467900
vt 0.42010800 0.28675000
vt 0.42501800 0.27877100
vt 0.42685300 0.28103300
vt 0.43247400 0.27364800
vt 0.43579300 0.27499500
vt 0.44037200 0.26933400
vt 0.44563500 0.27014800
vt 0.44861100 0.26588300
vt 0.45374600 0.26723800
vt 0.45713800 0.26331000
vt 0.46207200 0.26519400
vt 0.46584900 0.26164500
vt 0.47302700 0.26379900
vt 0.47506800 0.26087900
vt 0.48400700 0.26403300
vt 0.48428700 0.26115600
vt 0.49248200 0.26519300
vt 0.49307100 0.26236200
vt 0.50080700 0.26723600
vt 0.50169600 0.26448300
vt 0.50891700 0.27014600
vt 0.51009400 0.26750000
vt 0.51875700 0.27499300
vt 0.52029000 0.27252800
vt 0.52769400 0.28103000
vt 0.52951600 0.27876800
vt 0.53443600 0.28674500
vt 0.53647900 0.28467600
vt 0.54062000 0.29315500
vt 0.54286100 0.29129600
vt 0.54621200 0.30023500
vt 0.54862400 0.29859800
vt 0.55113300 0.30789300
vt 0.55369100 0.30649000
vt 0.55535100 0.31609300
vt 0.55803000 0.31493200
vt 0.55880900 0.32472900
vt 0.56158300 0.32381500
vt 0.56148500 0.33376200
vt 0.56433000 0.33309800
vt 0.56334200 0.34307300
vt 0.56623300 0.34266000
vt 0.56436500 0.35261600
vt 0.56728000 0.35245200
vt 0.56448800 0.36485500
vt 0.56740200 0.36498100
f 3/3/3 2/2/2 1/1/1
f 6/6/6 5/5/5 4/4/4
f 8/8/8 7/7/7 4/4/4
f 9/9/9 7/7/7 8/8/8
f 12/12/12 11/11/11 10/10/10
f 15/15/15 14/14/14 13/13/13
f 18/18/18 17/17/17 16/16/16
f 20/20/20 19/19/19 18/18/18
f 23/23/23 22/22/22 21/21/21
f 25/25/25 23/23/23 24/24/24
f 28/28/28 27/27/27 26/26/26
f 31/31/31 30/30/30 29/29/29
f 30/30/30 33/33/33 32/32/32
f 33/33/33 34/34/34 32/32/32
f 35/35/35 32/32/32 34/34/34
f 35/35/35 34/34/34 36/36/36
f 39/39/39 38/38/38 37/37/37
f 42/42/42 41/41/41 40/40/40
f 44/44/44 43/43/43 42/42/42
f 45/45/45 42/42/42 43/43/43
f 46/46/46 45/45/45 43/43/43
f 47/47/47 46/46/46 43/43/43
f 47/47/47 48/48/48 46/46/46
f 51/51/51 50/50/50 49/49/49
f 54/54/54 53/53/53 52/52/52
f 57/57/57 56/56/56 55/55/55
f 60/60/60 59/59/59 58/58/58
f 63/63/63 62/62/62 61/61/61
f 66/66/66 65/65/65 64/64/64
f 69/69/69 68/68/68 67/67/67
f 72/72/72 71/71/71 70/70/70
f 75/75/75 74/74/74 73/73/73
f 75/75/75 77/77/77 76/76/76
f 80/80/80 79/79/79 78/78/78
f 83/83/83 82/82/82 81/81/81
f 86/86/86 85/85/85 84/84/84
f 89/89/89 88/88/88 87/87/87
f 92/92/92 91/91/91 90/90/90
f 91/91/91 94/94/94 93/93/93
f 94/94/94 95/95/95 93/93/93
f 94/94/94 96/96/96 95/95/95
f 97/97/97 95/95/95 96/96/96
f 95/95/95 97/97/97 88/88/88
f 89/89/89 95/95/95 88/88/88
f 93/93/93 95/95/95 89/89/89
f 98/98/98 93/93/93 89/89/89
f 98/98/98 89/89/89 99/99/99
f 98/98/98 99/99/99 100/100/100
f 102/102/102 98/98/98 101/101/101
f 93/93/93 98/98/98 102/102/102
f 102/102/102 90/90/90 93/93/93
f 90/90/90 91/91/91 93/93/93
f 87/87/87 88/88/88 103/103/103
f 106/106/106 105/105/105 104/104/104
f 109/109/109 108/108/108 107/107/107
f 112/112/112 111/111/111 110/110/110
f 115/115/115 114/114/114 113/113/113
f 118/118/118 117/117/117 116/116/116
f 121/121/121 120/120/120 119/119/119
f 124/124/124 123/123/123 122/122/122
f 127/127/127 126/126/126 125/125/125
f 125/125/125 128/128/128 127/127/127
f 129/129/129 128/128/128 125/125/125
f 125/125/125 131/131/131 130/130/130
f 134/134/134 133/133/133 132/132/132
f 137/137/137 136/136/136 135/135/135
f 140/140/140 139/139/139 138/138/138
f 143/143/143 142/142/142 141/141/141
f 146/146/146 145/145/145 144/144/144
f 149/149/149 148/148/148 147/147/147
f 150/150/150 149/149/149 147/147/147
f 153/153/153 152/152/152 151/151/151
f 152/152/152 155/155/155 154/154/154
f 156/156/156 154/154/154 155/155/155
f 159/159/159 158/158/158 157/157/157
f 162/162/162 161/161/161 160/160/160
f 165/165/165 164/164/164 163/163/163
f 167/167/167 164/164/164 166/166/166
f 166/166/166 164/164/164 168/168/168
f 167/167/167 166/166/166 169/169/169
f 170/170/170 167/167/167 169/169/169
f 161/161/161 170/170/170 169/169/169
f 161/161/161 169/169/169 160/160/160
f 171/171/171 166/166/166 168/168/168
f 171/171/171 168/168/168 172/172/172
f 173/173/173 172/172/172 168/168/168
f 174/174/174 166/166/166 171/171/171
f 174/174/174 175/175/175 166/166/166
f 175/175/175 176/176/176 166/166/166
f 169/169/169 166/166/166 177/177/177
f 177/177/177 166/166/166 176/176/176
f 169/169/169 178/178/178 160/160/160
f 178/178/178 169/169/169 177/177/177
f 179/179/179 177/177/177 176/176/176
f 176/176/176 180/180/180 179/179/179
f 177/177/177 181/181/181 178/178/178
f 179/179/179 181/181/181 177/177/177
f 180/180/180 182/182/182 179/179/179
f 179/179/179 182/182/182 181/181/181
f 183/183/183 182/182/182 180/180/180
f 182/182/182 183/183/183 184/184/184
f 183/183/183 185/185/185 184/184/184
f 186/186/186 184/184/184 185/185/185
f 178/178/178 187/187/187 160/160/160
f 181/181/181 187/187/187 178/178/178
f 182/182/182 188/188/188 181/181/181
f 182/182/182 184/184/184 188/188/188
f 160/160/160 187/187/187 189/189/189
f 189/189/189 162/162/162 160/160/160
f 187/187/187 190/190/190 189/189/189
f 181/181/181 191/191/191 187/187/187
f 190/190/190 187/187/187 191/191/191
f 191/191/191 181/181/181 188/188/188
f 190/190/190 191/191/191 192/192/192
f 193/193/193 191/191/191 188/188/188
f 184/184/184 193/193/193 188/188/188
f 184/184/184 194/194/194 193/193/193
f 194/194/194 195/195/195 193/193/193
f 196/196/196 194/194/194 184/184/184
f 184/184/184 186/186/186 196/196/196
f 186/186/186 197/197/197 196/196/196
f 198/198/198 196/196/196 197/197/197
f 197/197/197 199/199/199 198/198/198
f 200/200/200 198/198/198 199/199/199
f 196/196/196 198/198/198 201/201/201
f 200/200/200 202/202/202 198/198/198
f 201/201/201 198/198/198 203/203/203
f 203/203/203 198/198/198 202/202/202
f 201/201/201 203/203/203 204/204/204
f 204/204/204 203/203/203 205/205/205
f 206/206/206 203/203/203 202/202/202
f 206/206/206 205/205/205 203/203/203
f 207/207/207 206/206/206 202/202/202
f 206/206/206 208/208/208 205/205/205
f 207/207/207 209/209/209 206/206/206
f 208/208/208 206/206/206 210/210/210
f 209/209/209 210/210/210 206/206/206
f 209/209/209 211/211/211 210/210/210
f 211/211/211 212/212/212 210/210/210
f 211/211/211 213/213/213 212/212/212
f 213/213/213 214/214/214 212/212/212
f 215/215/215 210/210/210 212/212/212
f 159/159/159 215/215/215 212/212/212
f 215/215/215 159/159/159 157/157/157
f 215/215/215 157/157/157 216/216/216
f 219/219/219 218/218/218 217/217/217
f 222/222/222 221/221/221 220/220/220
f 225/225/225 224/224/224 223/223/223
f 228/228/228 227/227/227 226/226/226
f 231/231/231 230/230/230 229/229/229
f 234/234/234 233/233/233 232/232/232
f 237/237/237 236/236/236 235/235/235
f 240/240/240 239/239/239 238/238/238
f 243/243/243 242/242/242 241/241/241
f 246/246/246 245/245/245 244/244/244
f 249/249/249 248/248/248 247/247/247
f 252/252/252 251/251/251 250/250/250
f 255/255/255 254/254/254 253/253/253
f 258/258/258 257/257/257 256/256/256
f 261/261/261 260/260/260 259/259/259
f 261/261/261 263/263/263 262/262/262
f 264/264/264 262/262/262 263/263/263
f 264/264/264 263/263/263 265/265/265
f 264/264/264 265/265/265 266/266/266
f 267/267/267 264/264/264 266/266/266
f 268/268/268 266/266/266 265/265/265
f 271/271/271 270/270/270 269/269/269
f 274/274/274 273/273/273 272/272/272
f 277/277/277 276/276/276 275/275/275
f 280/280/280 279/279/279 278/278/278
f 282/282/282 281/281/281 278/278/278
f 285/285/285 284/284/284 283/283/283
f 288/288/288 287/287/287 286/286/286
f 291/291/291 290/290/290 289/289/289
f 294/294/294 293/293/293 292/292/292
f 297/297/297 296/296/296 295/295/295
f 300/300/300 299/299/299 298/298/298
f 303/303/303 302/302/302 301/301/301
f 306/306/306 305/305/305 304/304/304
f 309/309/309 308/308/308 307/307/307
f 312/312/312 311/311/311 310/310/310
f 315/315/315 314/314/314 313/313/313
f 318/318/318 317/317/317 316/316/316
f 321/321/321 320/320/320 319/319/319
f 324/324/324 323/323/323 322/322/322
f 327/327/327 326/326/326 325/325/325
f 330/330/330 329/329/329 328/328/328
f 333/333/333 332/332/332 331/331/331
f 336/336/336 335/335/335 334/334/334
f 339/339/339 338/338/338 337/337/337
f 342/342/342 341/341/341 340/340/340
f 345/345/345 344/344/344 343/343/343
f 345/345/345 343/343/343 346/346/346
f 343/343/343 347/347/347 346/346/346
f 343/343/343 348/348/348 347/347/347
f 343/343/343 349/349/349 348/348/348
f 350/350/350 348/348/348 349/349/349
f 348/348/348 351/351/351 347/347/347
f 352/352/352 346/346/346 347/347/347
f 347/347/347 351/351/351 352/352/352
f 346/346/346 352/352/352 353/353/353
f 354/354/354 346/346/346 353/353/353
f 355/355/355 354/354/354 353/353/353
f 355/355/355 353/353/353 356/356/356
f 357/357/357 356/356/356 353/353/353
f 357/357/357 353/353/353 352/352/352
f 358/358/358 356/356/356 357/357/357
f 359/359/359 358/358/358 357/357/357
f 359/359/359 357/357/357 352/352/352
f 351/351/351 359/359/359 352/352/352
f 360/360/360 359/359/359 351/351/351
f 345/345/345 346/346/346 361/361/361
f 346/346/346 354/354/354 361/361/361
f 5/5/5 6/6/6 362/362/362
f 362/362/362 6/6/6 1/1/1
f 1/1/1 6/6/6 363/363/363
f 363/363/363 364/364/364 1/1/1
f 363/363/363 6/6/6 364/364/364
f 3/3/3 1/1/1 364/364/364
f 364/364/364 365/365/365 3/3/3
f 6/6/6 366/366/366 364/364/364
f 364/364/364 366/366/366 365/365/365
f 6/6/6 4/4/4 366/366/366
f 7/7/7 365/365/365 366/366/366
f 7/7/7 366/366/366 4/4/4
f 368/368/368 14/14/14 367/367/367
f 367/367/367 14/14/14 369/369/369
f 367/367/367 369/369/369 370/370/370
f 367/367/367 370/370/370 371/371/371
f 371/371/371 370/370/370 11/11/11
f 372/372/372 370/370/370 369/369/369
f 372/372/372 11/11/11 370/370/370
f 369/369/369 14/14/14 372/372/372
f 10/10/10 11/11/11 372/372/372
f 14/14/14 373/373/373 372/372/372
f 372/372/372 373/373/373 10/10/10
f 14/14/14 15/15/15 373/373/373
f 373/373/373 15/15/15 10/10/10
f 376/376/376 375/375/375 374/374/374
f 377/377/377 376/376/376 374/374/374
f 378/378/378 376/376/376 377/377/377
f 379/379/379 378/378/378 377/377/377
f 380/380/380 377/377/377 374/374/374
f 374/374/374 381/381/381 380/380/380
f 382/382/382 380/380/380 381/381/381
f 380/380/380 382/382/382 377/377/377
f 379/379/379 377/377/377 383/383/383
f 382/382/382 383/383/383 377/377/377
f 384/384/384 379/379/379 383/383/383
f 385/385/385 384/384/384 383/383/383
f 383/383/383 382/382/382 385/385/385
f 386/386/386 385/385/385 382/382/382
f 389/389/389 388/388/388 387/387/387
f 389/389/389 390/390/390 388/388/388
f 391/391/391 388/388/388 390/390/390
f 390/390/390 392/392/392 391/391/391
f 388/388/388 391/391/391 393/393/393
f 393/393/393 394/394/394 388/388/388
f 392/392/392 395/395/395 391/391/391
f 393/393/393 391/391/391 395/395/395
f 396/396/396 395/395/395 392/392/392
f 393/393/393 395/395/395 397/397/397
f 400/400/400 399/399/399 398/398/398
f 401/401/401 400/400/400 398/398/398
f 401/401/401 398/398/398 402/402/402
f 403/403/403 401/401/401 402/402/402
f 403/403/403 402/402/402 404/404/404
f 405/405/405 403/403/403 404/404/404
f 405/405/405 404/404/404 406/406/406
f 407/407/407 405/405/405 406/406/406
f 407/407/407 406/406/406 408/408/408
f 409/409/409 407/407/407 408/408/408
f 409/409/409 408/408/408 410/410/410
f 411/411/411 409/409/409 410/410/410
f 411/411/411 410/410/410 412/412/412
f 413/413/413 411/411/411 412/412/412
f 413/413/413 412/412/412 414/414/414
f 415/415/415 413/413/413 414/414/414
f 418/418/418 417/417/417 416/416/416
f 419/419/419 418/418/418 416/416/416
f 419/419/419 416/416/416 420/420/420
f 421/421/421 419/419/419 420/420/420
f 421/421/421 420/420/420 422/422/422
f 423/423/423 421/421/421 422/422/422
f 423/423/423 422/422/422 424/424/424
f 425/425/425 423/423/423 424/424/424
f 425/425/425 424/424/424 426/426/426
f 424/424/424 427/427/427 426/426/426
f 426/426/426 427/427/427 428/428/428
f 429/429/429 426/426/426 428/428/428
f 429/429/429 428/428/428 430/430/430
f 431/431/431 429/429/429 430/430/430
f 431/431/431 430/430/430 432/432/432
f 433/433/433 431/431/431 432/432/432
f 433/433/433 432/432/432 434/434/434
f 435/435/435 433/433/433 434/434/434
f 438/438/438 437/437/437 436/436/436
f 438/438/438 439/439/439 437/437/437
f 439/439/439 440/440/440 437/437/437
f 437/437/437 440/440/440 441/441/441
f 437/437/437 441/441/441 442/442/442
f 443/443/443 439/439/439 438/438/438
f 444/444/444 443/443/443 438/438/438
f 444/444/444 438/438/438 445/445/445
f 446/446/446 440/440/440 439/439/439
f 447/447/447 446/446/446 439/439/439
f 447/447/447 439/439/439 443/443/443
f 446/446/446 448/448/448 440/440/440
f 449/449/449 447/447/447 443/443/443
f 448/448/448 450/450/450 440/440/440
f 440/440/440 450/450/450 441/441/441
f 448/448/448 451/451/451 450/450/450
f 449/449/449 443/443/443 452/452/452
f 452/452/452 443/443/443 444/444/444
f 453/453/453 449/449/449 452/452/452
f 441/441/441 450/450/450 454/454/454
f 441/441/441 454/454/454 455/455/455
f 451/451/451 456/456/456 450/450/450
f 450/450/450 456/456/456 454/454/454
f 451/451/451 457/457/457 456/456/456
f 458/458/458 452/452/452 444/444/444
f 458/458/458 444/444/444 459/459/459
f 453/453/453 452/452/452 460/460/460
f 460/460/460 452/452/452 458/458/458
f 461/461/461 453/453/453 460/460/460
f 454/454/454 456/456/456 462/462/462
f 454/454/454 462/462/462 463/463/463
f 457/457/457 464/464/464 456/456/456
f 456/456/456 464/464/464 462/462/462
f 457/457/457 465/465/465 464/464/464
f 466/466/466 460/460/460 458/458/458
f 466/466/466 458/458/458 467/467/467
f 461/461/461 460/460/460 468/468/468
f 468/468/468 460/460/460 466/466/466
f 469/469/469 461/461/461 468/468/468
f 462/462/462 464/464/464 470/470/470
f 462/462/462 470/470/470 471/471/471
f 465/465/465 472/472/472 464/464/464
f 464/464/464 472/472/472 470/470/470
f 465/465/465 473/473/473 472/472/472
f 474/474/474 468/468/468 466/466/466
f 474/474/474 466/466/466 475/475/475
f 469/469/469 468/468/468 476/476/476
f 476/476/476 468/468/468 474/474/474
f 477/477/477 469/469/469 476/476/476
f 470/470/470 472/472/472 478/478/478
f 470/470/470 478/478/478 479/479/479
f 473/473/473 480/480/480 472/472/472
f 472/472/472 480/480/480 478/478/478
f 473/473/473 481/481/481 480/480/480
f 478/478/478 480/480/480 482/482/482
f 478/478/478 482/482/482 483/483/483
f 481/481/481 484/484/484 480/480/480
f 480/480/480 484/484/484 482/482/482
f 481/481/481 485/485/485 484/484/484
f 482/482/482 484/484/484 486/486/486
f 482/482/482 486/486/486 487/487/487
f 485/485/485 488/488/488 484/484/484
f 484/484/484 488/488/488 486/486/486
f 485/485/485 489/489/489 488/488/488
f 489/489/489 490/490/490 488/488/488
f 486/486/486 488/488/488 490/490/490
f 489/489/489 491/491/491 490/490/490
f 54/54/54 486/486/486 490/490/490
f 486/486/486 54/54/54 492/492/492
f 54/54/54 490/490/490 53/53/53
f 491/491/491 493/493/493 490/490/490
f 490/490/490 493/493/493 53/53/53
f 491/491/491 494/494/494 493/493/493
f 53/53/53 493/493/493 495/495/495
f 53/53/53 495/495/495 496/496/496
f 494/494/494 497/497/497 493/493/493
f 493/493/493 497/497/497 495/495/495
f 494/494/494 498/498/498 497/497/497
f 495/495/495 497/497/497 499/499/499
f 495/495/495 499/499/499 500/500/500
f 498/498/498 501/501/501 497/497/497
f 497/497/497 501/501/501 499/499/499
f 498/498/498 502/502/502 501/501/501
f 499/499/499 501/501/501 503/503/503
f 499/499/499 503/503/503 504/504/504
f 502/502/502 505/505/505 501/501/501
f 501/501/501 505/505/505 503/503/503
f 502/502/502 506/506/506 505/505/505
f 503/503/503 505/505/505 507/507/507
f 503/503/503 507/507/507 508/508/508
f 506/506/506 509/509/509 505/505/505
f 505/505/505 509/509/509 507/507/507
f 506/506/506 510/510/510 509/509/509
f 507/507/507 509/509/509 511/511/511
f 507/507/507 511/511/511 512/512/512
f 510/510/510 513/513/513 509/509/509
f 509/509/509 513/513/513 511/511/511
f 510/510/510 514/514/514 513/513/513
f 511/511/511 513/513/513 515/515/515
f 511/511/511 515/515/515 516/516/516
f 514/514/514 517/517/517 513/513/513
f 513/513/513 517/517/517 515/515/515
f 514/514/514 518/518/518 517/517/517
f 515/515/515 517/517/517 519/519/519
f 515/515/515 519/519/519 520/520/520
f 518/518/518 521/521/521 517/517/517
f 517/517/517 521/521/521 519/519/519
f 518/518/518 522/522/522 521/521/521
f 519/519/519 521/521/521 523/523/523
f 519/519/519 523/523/523 524/524/524
f 522/522/522 525/525/525 521/521/521
f 521/521/521 525/525/525 523/523/523
f 522/522/522 526/526/526 525/525/525
f 523/523/523 525/525/525 527/527/527
f 523/523/523 527/527/527 528/528/528
f 526/526/526 529/529/529 525/525/525
f 525/525/525 529/529/529 527/527/527
f 526/526/526 530/530/530 529/529/529
f 527/527/527 529/529/529 531/531/531
f 527/527/527 531/531/531 532/532/532
f 530/530/530 533/533/533 529/529/529
f 529/529/529 533/533/533 531/531/531
f 530/530/530 534/534/534 533/533/533
f 531/531/531 533/533/533 535/535/535
f 531/531/531 535/535/535 536/536/536
f 534/534/534 537/537/537 533/533/533
f 533/533/533 537/537/537 535/535/535
f 534/534/534 538/538/538 537/537/537
f 538/538/538 539/539/539 537/537/537
f 535/535/535 537/537/537 539/539/539
f 538/538/538 540/540/540 539/539/539
f 541/541/541 535/535/535 539/539/539
f 542/542/542 535/535/535 541/541/541
f 540/540/540 543/543/543 539/539/539
f 540/540/540 544/544/544 543/543/543
f 541/541/541 539/539/539 545/545/545
f 539/539/539 543/543/543 545/545/545
f 541/541/541 545/545/545 546/546/546
f 544/544/544 547/547/547 543/543/543
f 544/544/544 548/548/548 547/547/547
f 545/545/545 543/543/543 549/549/549
f 543/543/543 547/547/547 549/549/549
f 545/545/545 549/549/549 550/550/550
f 548/548/548 551/551/551 547/547/547
f 548/548/548 552/552/552 551/551/551
f 549/549/549 547/547/547 553/553/553
f 547/547/547 551/551/551 553/553/553
f 549/549/549 553/553/553 554/554/554
f 552/552/552 555/555/555 551/551/551
f 552/552/552 477/477/477 555/555/555
f 477/477/477 476/476/476 555/555/555
f 553/553/553 551/551/551 556/556/556
f 551/551/551 555/555/555 556/556/556
f 556/556/556 555/555/555 476/476/476
f 553/553/553 556/556/556 557/557/557
f 558/558/558 556/556/556 476/476/476
f 556/556/556 558/558/558 559/559/559
f 558/558/558 476/476/476 474/474/474
f 558/558/558 474/474/474 560/560/560
f 563/563/563 562/562/562 561/561/561
f 564/564/564 561/561/561 562/562/562
f 562/562/562 565/565/565 564/564/564
f 565/565/565 566/566/566 564/564/564
f 566/566/566 567/567/567 564/564/564
f 568/568/568 567/567/567 566/566/566
f 568/568/568 569/569/569 567/567/567
f 568/568/568 570/570/570 569/569/569
f 571/571/571 570/570/570 568/568/568
f 566/566/566 572/572/572 568/568/568
f 565/565/565 572/572/572 566/566/566
f 572/572/572 571/571/571 568/568/568
f 565/565/565 562/562/562 573/573/573
f 572/572/572 565/565/565 573/573/573
f 571/571/571 572/572/572 574/574/574
f 572/572/572 573/573/573 574/574/574
f 574/574/574 575/575/575 571/571/571
f 573/573/573 576/576/576 574/574/574
f 562/562/562 577/577/577 573/573/573
f 577/577/577 576/576/576 573/573/573
f 577/577/577 562/562/562 578/578/578
f 576/576/576 577/577/577 579/579/579
f 580/580/580 576/576/576 579/579/579
f 562/562/562 581/581/581 578/578/578
f 581/581/581 562/562/562 563/563/563
f 582/582/582 581/581/581 563/563/563
f 581/581/581 582/582/582 583/583/583
f 582/582/582 584/584/584 583/583/583
f 585/585/585 582/582/582 563/563/563
f 586/586/586 585/585/585 563/563/563
f 586/586/586 563/563/563 561/561/561
f 587/587/587 586/586/586 561/561/561
f 561/561/561 564/564/564 587/587/587
f 567/567/567 587/587/587 564/564/564
f 587/587/587 567/567/567 588/588/588
f 587/587/587 588/588/588 586/586/586
f 588/588/588 567/567/567 589/589/589
f 588/588/588 589/589/589 590/590/590
f 588/588/588 591/591/591 586/586/586
f 585/585/585 586/586/586 591/591/591
f 588/588/588 590/590/590 591/591/591
f 585/585/585 591/591/591 592/592/592
f 582/582/582 585/585/585 592/592/592
f 591/591/591 590/590/590 592/592/592
f 584/584/584 582/582/582 593/593/593
f 594/594/594 584/584/584 593/593/593
f 584/584/584 594/594/594 595/595/595
f 594/594/594 596/596/596 595/595/595
f 592/592/592 597/597/597 582/582/582
f 593/593/593 582/582/582 597/597/597
f 590/590/590 598/598/598 592/592/592
f 597/597/597 592/592/592 598/598/598
f 599/599/599 593/593/593 597/597/597
f 598/598/598 599/599/599 597/597/597
f 598/598/598 590/590/590 600/600/600
f 599/599/599 598/598/598 600/600/600
f 600/600/600 590/590/590 601/601/601
f 600/600/600 601/601/601 602/602/602
f 599/599/599 603/603/603 593/593/593
f 603/603/603 594/594/594 593/593/593
f 604/604/604 599/599/599 600/600/600
f 603/603/603 599/599/599 604/604/604
f 600/600/600 602/602/602 604/604/604
f 603/603/603 604/604/604 605/605/605
f 594/594/594 603/603/603 605/605/605
f 604/604/604 602/602/602 605/605/605
f 596/596/596 594/594/594 606/606/606
f 607/607/607 596/596/596 606/606/606
f 596/596/596 607/607/607 608/608/608
f 607/607/607 609/609/609 608/608/608
f 609/609/609 607/607/607 610/610/610
f 610/610/610 607/607/607 611/611/611
f 605/605/605 612/612/612 594/594/594
f 606/606/606 594/594/594 612/612/612
f 602/602/602 613/613/613 605/605/605
f 612/612/612 605/605/605 613/613/613
f 614/614/614 611/611/611 607/607/607
f 611/611/611 614/614/614 615/615/615
f 616/616/616 615/615/615 614/614/614
f 617/617/617 606/606/606 612/612/612
f 613/613/613 617/617/617 612/612/612
f 613/613/613 602/602/602 618/618/618
f 617/617/617 613/613/613 618/618/618
f 618/618/618 602/602/602 619/619/619
f 618/618/618 619/619/619 616/616/616
f 620/620/620 607/607/607 606/606/606
f 607/607/607 620/620/620 614/614/614
f 617/617/617 620/620/620 606/606/606
f 618/618/618 616/616/616 621/621/621
f 621/621/621 616/616/616 614/614/614
f 620/620/620 621/621/621 614/614/614
f 621/621/621 617/617/617 618/618/618
f 620/620/620 617/617/617 621/621/621
f 624/624/624 623/623/623 622/622/622
f 609/609/609 624/624/624 622/622/622
f 624/624/624 609/609/609 610/610/610
f 625/625/625 624/624/624 610/610/610
f 626/626/626 625/625/625 610/610/610
f 626/626/626 610/610/610 611/611/611
f 625/625/625 626/626/626 627/627/627
f 615/615/615 626/626/626 611/611/611
f 627/627/627 626/626/626 628/628/628
f 626/626/626 615/615/615 628/628/628
f 615/615/615 616/616/616 628/628/628
f 628/628/628 616/616/616 629/629/629
f 632/632/632 631/631/631 630/630/630
f 633/633/633 632/632/632 630/630/630
f 632/632/632 634/634/634 631/631/631
f 634/634/634 635/635/635 631/631/631
f 634/634/634 636/636/636 635/635/635
f 636/636/636 637/637/637 635/635/635
f 636/636/636 638/638/638 637/637/637
f 638/638/638 639/639/639 637/637/637
f 638/638/638 640/640/640 639/639/639
f 640/640/640 641/641/641 639/639/639
f 640/640/640 642/642/642 641/641/641
f 642/642/642 643/643/643 641/641/641
f 642/642/642 644/644/644 643/643/643
f 644/644/644 645/645/645 643/643/643
f 648/648/648 647/647/647 646/646/646
f 647/647/647 649/649/649 646/646/646
f 647/647/647 650/650/650 649/649/649
f 650/650/650 651/651/651 649/649/649
f 650/650/650 652/652/652 651/651/651
f 652/652/652 653/653/653 651/651/651
f 652/652/652 654/654/654 653/653/653
f 654/654/654 655/655/655 653/653/653
f 654/654/654 656/656/656 655/655/655
f 656/656/656 657/657/657 655/655/655
f 656/656/656 658/658/658 657/657/657
f 658/658/658 659/659/659 657/657/657
f 658/658/658 660/660/660 659/659/659
f 660/660/660 661/661/661 659/659/659
f 660/660/660 662/662/662 661/661/661
f 662/662/662 663/663/663 661/661/661
f 666/666/666 665/665/665 664/664/664
f 667/667/667 666/666/666 664/664/664
f 666/666/666 667/667/667 668/668/668
f 667/667/667 669/669/669 668/668/668
f 669/669/669 667/667/667 670/670/670
f 671/671/671 669/669/669 670/670/670
f 672/672/672 666/666/666 668/668/668
f 666/666/666 672/672/672 673/673/673
f 673/673/673 674/674/674 666/666/666
f 675/675/675 672/672/672 668/668/668
f 668/668/668 669/669/669 676/676/676
f 675/675/675 668/668/668 676/676/676
f 672/672/672 677/677/677 673/673/673
f 672/672/672 675/675/675 677/677/677
f 677/677/677 678/678/678 673/673/673
f 674/674/674 673/673/673 679/679/679
f 678/678/678 679/679/679 673/673/673
f 677/677/677 675/675/675 680/680/680
f 680/680/680 678/678/678 677/677/677
f 681/681/681 675/675/675 676/676/676
f 675/675/675 681/681/681 680/680/680
f 681/681/681 682/682/682 680/680/680
f 676/676/676 683/683/683 681/681/681
f 683/683/683 676/676/676 669/669/669
f 682/682/682 681/681/681 683/683/683
f 679/679/679 684/684/684 674/674/674
f 684/684/684 685/685/685 674/674/674
f 679/679/679 678/678/678 686/686/686
f 684/684/684 679/679/679 686/686/686
f 684/684/684 687/687/687 685/685/685
f 687/687/687 688/688/688 685/685/685
f 687/687/687 684/684/684 689/689/689
f 689/689/689 684/684/684 686/686/686
f 688/688/688 687/687/687 690/690/690
f 687/687/687 689/689/689 690/690/690
f 690/690/690 691/691/691 688/688/688
f 686/686/686 26/26/26 689/689/689
f 689/689/689 26/26/26 690/690/690
f 691/691/691 690/690/690 692/692/692
f 26/26/26 692/692/692 690/690/690
f 692/692/692 693/693/693 691/691/691
f 693/693/693 694/694/694 691/691/691
f 686/686/686 678/678/678 695/695/695
f 686/686/686 695/695/695 26/26/26
f 695/695/695 28/28/28 26/26/26
f 696/696/696 695/695/695 678/678/678
f 697/697/697 696/696/696 678/678/678
f 680/680/680 697/697/697 678/678/678
f 680/680/680 682/682/682 697/697/697
f 698/698/698 697/697/697 682/682/682
f 699/699/699 698/698/698 682/682/682
f 692/692/692 26/26/26 700/700/700
f 693/693/693 692/692/692 700/700/700
f 700/700/700 26/26/26 27/27/27
f 700/700/700 27/27/27 701/701/701
f 27/27/27 702/702/702 701/701/701
f 702/702/702 703/703/703 701/701/701
f 704/704/704 693/693/693 700/700/700
f 700/700/700 701/701/701 704/704/704
f 705/705/705 693/693/693 704/704/704
f 693/693/693 705/705/705 694/694/694
f 705/705/705 706/706/706 694/694/694
f 705/705/705 704/704/704 707/707/707
f 706/706/706 705/705/705 707/707/707
f 704/704/704 701/701/701 707/707/707
f 707/707/707 708/708/708 706/706/706
f 708/708/708 707/707/707 709/709/709
f 701/701/701 709/709/709 707/707/707
f 709/709/709 710/710/710 708/708/708
f 711/711/711 701/701/701 703/703/703
f 709/709/709 701/701/701 711/711/711
f 710/710/710 709/709/709 711/711/711
f 711/711/711 703/703/703 712/712/712
f 713/713/713 710/710/710 711/711/711
f 711/711/711 712/712/712 713/713/713
f 685/685/685 666/666/666 674/674/674
f 665/665/665 666/666/666 685/685/685
f 688/688/688 665/665/665 685/685/685
f 665/665/665 688/688/688 714/714/714
f 688/688/688 715/715/715 714/714/714
f 715/715/715 688/688/688 694/694/694
f 694/694/694 688/688/688 691/691/691
f 706/706/706 715/715/715 694/694/694
f 715/715/715 706/706/706 716/716/716
f 706/706/706 717/717/717 716/716/716
f 717/717/717 706/706/706 718/718/718
f 719/719/719 717/717/717 718/718/718
f 718/718/718 706/706/706 708/708/708
f 717/717/717 719/719/719 720/720/720
f 710/710/710 718/718/718 708/708/708
f 719/719/719 721/721/721 720/720/720
f 710/710/710 722/722/722 718/718/718
f 722/722/722 719/719/719 718/718/718
f 722/722/722 710/710/710 713/713/713
f 722/722/722 713/713/713 723/723/723
f 719/719/719 722/722/722 723/723/723
f 713/713/713 712/712/712 723/723/723
f 721/721/721 719/719/719 724/724/724
f 725/725/725 721/721/721 724/724/724
f 721/721/721 725/725/725 726/726/726
f 725/725/725 727/727/727 726/726/726
f 723/723/723 728/728/728 719/719/719
f 724/724/724 719/719/719 728/728/728
f 712/712/712 729/729/729 723/723/723
f 728/728/728 723/723/723 729/729/729
f 730/730/730 724/724/724 728/728/728
f 729/729/729 730/730/730 728/728/728
f 729/729/729 712/712/712 731/731/731
f 730/730/730 729/729/729 731/731/731
f 731/731/731 712/712/712 732/732/732
f 730/730/730 733/733/733 724/724/724
f 733/733/733 725/725/725 724/724/724
f 731/731/731 732/732/732 24/24/24
f 732/732/732 25/25/25 24/24/24
f 734/734/734 730/730/730 731/731/731
f 733/733/733 730/730/730 734/734/734
f 731/731/731 24/24/24 734/734/734
f 733/733/733 734/734/734 735/735/735
f 725/725/725 733/733/733 735/735/735
f 734/734/734 24/24/24 735/735/735
f 727/727/727 725/725/725 736/736/736
f 737/737/737 727/727/727 736/736/736
f 727/727/727 737/737/737 738/738/738
f 737/737/737 739/739/739 738/738/738
f 739/739/739 737/737/737 740/740/740
f 735/735/735 741/741/741 725/725/725
f 736/736/736 725/725/725 741/741/741
f 24/24/24 742/742/742 735/735/735
f 741/741/741 735/735/735 742/742/742
f 743/743/743 736/736/736 741/741/741
f 742/742/742 743/743/743 741/741/741
f 742/742/742 24/24/24 744/744/744
f 743/743/743 742/742/742 744/744/744
f 744/744/744 24/24/24 23/23/23
f 744/744/744 23/23/23 21/21/21
f 743/743/743 745/745/745 736/736/736
f 745/745/745 737/737/737 736/736/736
f 746/746/746 743/743/743 744/744/744
f 745/745/745 743/743/743 746/746/746
f 744/744/744 21/21/21 746/746/746
f 745/745/745 746/746/746 747/747/747
f 737/737/737 745/745/745 747/747/747
f 746/746/746 21/21/21 747/747/747
f 740/740/740 737/737/737 748/748/748
f 747/747/747 748/748/748 737/737/737
f 749/749/749 740/740/740 748/748/748
f 750/750/750 749/749/749 748/748/748
f 748/748/748 747/747/747 750/750/750
f 21/21/21 750/750/750 747/747/747
f 750/750/750 21/21/21 751/751/751
f 751/751/751 21/21/21 752/752/752
f 22/22/22 752/752/752 21/21/21
f 753/753/753 732/732/732 712/712/712
f 703/703/703 753/753/753 712/712/712
f 756/756/756 755/755/755 754/754/754
f 756/756/756 754/754/754 757/757/757
f 757/757/757 754/754/754 758/758/758
f 759/759/759 757/757/757 758/758/758
f 760/760/760 759/759/759 758/758/758
f 754/754/754 761/761/761 758/758/758
f 758/758/758 762/762/762 760/760/760
f 762/762/762 758/758/758 761/761/761
f 761/761/761 754/754/754 763/763/763
f 763/763/763 754/754/754 764/764/764
f 763/763/763 764/764/764 765/765/765
f 764/764/764 766/766/766 765/765/765
f 766/766/766 767/767/767 765/765/765
f 768/768/768 760/760/760 762/762/762
f 769/769/769 760/760/760 768/768/768
f 770/770/770 769/769/769 768/768/768
f 769/769/769 770/770/770 771/771/771
f 770/770/770 772/772/772 771/771/771
f 761/761/761 773/773/773 762/762/762
f 773/773/773 761/761/761 763/763/763
f 773/773/773 768/768/768 762/762/762
f 774/774/774 773/773/773 763/763/763
f 763/763/763 765/765/765 774/774/774
f 773/773/773 775/775/775 768/768/768
f 775/775/775 773/773/773 774/774/774
f 775/775/775 770/770/770 768/768/768
f 775/775/775 774/774/774 776/776/776
f 774/774/774 765/765/765 776/776/776
f 770/770/770 775/775/775 776/776/776
f 777/777/777 765/765/765 767/767/767
f 777/777/777 767/767/767 778/778/778
f 767/767/767 779/779/779 778/778/778
f 779/779/779 699/699/699 778/778/778
f 765/765/765 780/780/780 776/776/776
f 780/780/780 765/765/765 777/777/777
f 776/776/776 781/781/781 770/770/770
f 781/781/781 776/776/776 780/780/780
f 782/782/782 780/780/780 777/777/777
f 780/780/780 782/782/782 781/781/781
f 783/783/783 770/770/770 781/781/781
f 782/782/782 783/783/783 781/781/781
f 772/772/772 770/770/770 783/783/783
f 784/784/784 772/772/772 783/783/783
f 772/772/772 784/784/784 785/785/785
f 784/784/784 671/671/671 785/785/785
f 786/786/786 782/782/782 777/777/777
f 777/777/777 778/778/778 786/786/786
f 782/782/782 787/787/787 783/783/783
f 787/787/787 782/782/782 786/786/786
f 787/787/787 784/784/784 783/783/783
f 787/787/787 786/786/786 788/788/788
f 786/786/786 778/778/778 788/788/788
f 784/784/784 787/787/787 788/788/788
f 671/671/671 784/784/784 789/789/789
f 669/669/669 671/671/671 789/789/789
f 788/788/788 790/790/790 784/784/784
f 789/789/789 784/784/784 790/790/790
f 778/778/778 791/791/791 788/788/788
f 790/790/790 788/788/788 791/791/791
f 792/792/792 669/669/669 789/789/789
f 669/669/669 792/792/792 683/683/683
f 793/793/793 789/789/789 790/790/790
f 791/791/791 793/793/793 790/790/790
f 793/793/793 792/792/792 789/789/789
f 791/791/791 778/778/778 794/794/794
f 793/793/793 791/791/791 794/794/794
f 794/794/794 778/778/778 699/699/699
f 794/794/794 699/699/699 682/682/682
f 792/792/792 795/795/795 683/683/683
f 792/792/792 793/793/793 795/795/795
f 795/795/795 682/682/682 683/683/683
f 794/794/794 682/682/682 795/795/795
f 795/795/795 793/793/793 794/794/794
f 798/798/798 797/797/797 796/796/796
f 799/799/799 798/798/798 796/796/796
f 798/798/798 799/799/799 800/800/800
f 799/799/799 801/801/801 800/800/800
f 801/801/801 799/799/799 802/802/802
f 799/799/799 803/803/803 802/802/802
f 796/796/796 804/804/804 799/799/799
f 804/804/804 796/796/796 805/805/805
f 803/803/803 799/799/799 806/806/806
f 806/806/806 799/799/799 804/804/804
f 807/807/807 803/803/803 806/806/806
f 803/803/803 807/807/807 808/808/808
f 807/807/807 809/809/809 808/808/808
f 805/805/805 810/810/810 804/804/804
f 810/810/810 806/806/806 804/804/804
f 810/810/810 805/805/805 811/811/811
f 810/810/810 812/812/812 806/806/806
f 812/812/812 807/807/807 806/806/806
f 813/813/813 810/810/810 811/811/811
f 812/812/812 810/810/810 813/813/813
f 811/811/811 29/29/29 813/813/813
f 811/811/811 814/814/814 29/29/29
f 814/814/814 31/31/31 29/29/29
f 812/812/812 813/813/813 815/815/815
f 807/807/807 812/812/812 815/815/815
f 813/813/813 29/29/29 815/815/815
f 809/809/809 807/807/807 816/816/816
f 817/817/817 809/809/809 816/816/816
f 809/809/809 817/817/817 818/818/818
f 817/817/817 819/819/819 818/818/818
f 815/815/815 820/820/820 807/807/807
f 816/816/816 807/807/807 820/820/820
f 29/29/29 821/821/821 815/815/815
f 820/820/820 815/815/815 821/821/821
f 822/822/822 816/816/816 820/820/820
f 821/821/821 822/822/822 820/820/820
f 821/821/821 29/29/29 823/823/823
f 822/822/822 821/821/821 823/823/823
f 823/823/823 29/29/29 30/30/30
f 823/823/823 30/30/30 32/32/32
f 822/822/822 824/824/824 816/816/816
f 824/824/824 817/817/817 816/816/816
f 825/825/825 822/822/822 823/823/823
f 824/824/824 822/822/822 825/825/825
f 823/823/823 32/32/32 825/825/825
f 824/824/824 825/825/825 826/826/826
f 825/825/825 32/32/32 826/826/826
f 817/817/817 824/824/824 826/826/826
f 32/32/32 827/827/827 826/826/826
f 827/827/827 32/32/32 35/35/35
f 826/826/826 828/828/828 817/817/817
f 828/828/828 826/826/826 827/827/827
f 829/829/829 827/827/827 35/35/35
f 827/827/827 829/829/829 828/828/828
f 830/830/830 817/817/817 828/828/828
f 829/829/829 830/830/830 828/828/828
f 819/819/819 817/817/817 830/830/830
f 831/831/831 829/829/829 35/35/35
f 35/35/35 36/36/36 831/831/831
f 832/832/832 819/819/819 830/830/830
f 819/819/819 832/832/832 833/833/833
f 832/832/832 834/834/834 833/833/833
f 829/829/829 835/835/835 830/830/830
f 835/835/835 829/829/829 831/831/831
f 835/835/835 832/832/832 830/830/830
f 831/831/831 36/36/36 836/836/836
f 835/835/835 831/831/831 836/836/836
f 832/832/832 835/835/835 836/836/836
f 36/36/36 837/837/837 836/836/836
f 836/836/836 838/838/838 832/832/832
f 838/838/838 836/836/836 837/837/837
f 841/841/841 840/840/840 839/839/839
f 842/842/842 841/841/841 839/839/839
f 839/839/839 843/843/843 842/842/842
f 839/839/839 844/844/844 843/843/843
f 845/845/845 841/841/841 842/842/842
f 841/841/841 845/845/845 846/846/846
f 845/845/845 847/847/847 846/846/846
f 847/847/847 848/848/848 846/846/846
f 848/848/848 847/847/847 849/849/849
f 847/847/847 850/850/850 849/849/849
f 845/845/845 842/842/842 851/851/851
f 842/842/842 843/843/843 851/851/851
f 847/847/847 845/845/845 851/851/851
f 850/850/850 847/847/847 852/852/852
f 853/853/853 850/850/850 852/852/852
f 850/850/850 853/853/853 854/854/854
f 853/853/853 855/855/855 854/854/854
f 851/851/851 856/856/856 847/847/847
f 852/852/852 847/847/847 856/856/856
f 843/843/843 857/857/857 851/851/851
f 856/856/856 851/851/851 857/857/857
f 858/858/858 852/852/852 856/856/856
f 857/857/857 858/858/858 856/856/856
f 857/857/857 843/843/843 859/859/859
f 858/858/858 857/857/857 859/859/859
f 859/859/859 843/843/843 860/860/860
f 859/859/859 860/860/860 861/861/861
f 860/860/860 862/862/862 861/861/861
f 862/862/862 863/863/863 861/861/861
f 858/858/858 864/864/864 852/852/852
f 864/864/864 853/853/853 852/852/852
f 865/865/865 858/858/858 859/859/859
f 864/864/864 858/858/858 865/865/865
f 859/859/859 861/861/861 865/865/865
f 864/864/864 865/865/865 866/866/866
f 853/853/853 864/864/864 866/866/866
f 865/865/865 861/861/861 866/866/866
f 867/867/867 861/861/861 863/863/863
f 867/867/867 863/863/863 868/868/868
f 863/863/863 869/869/869 868/868/868
f 869/869/869 870/870/870 868/868/868
f 861/861/861 871/871/871 866/866/866
f 871/871/871 861/861/861 867/867/867
f 866/866/866 872/872/872 853/853/853
f 872/872/872 866/866/866 871/871/871
f 873/873/873 871/871/871 867/867/867
f 871/871/871 873/873/873 872/872/872
f 874/874/874 853/853/853 872/872/872
f 873/873/873 874/874/874 872/872/872
f 855/855/855 853/853/853 874/874/874
f 875/875/875 855/855/855 874/874/874
f 855/855/855 875/875/875 876/876/876
f 875/875/875 877/877/877 876/876/876
f 878/878/878 873/873/873 867/867/867
f 867/867/867 868/868/868 878/878/878
f 873/873/873 879/879/879 874/874/874
f 879/879/879 873/873/873 878/878/878
f 879/879/879 875/875/875 874/874/874
f 879/879/879 878/878/878 880/880/880
f 878/878/878 868/868/868 880/880/880
f 875/875/875 879/879/879 880/880/880
f 877/877/877 875/875/875 881/881/881
f 882/882/882 877/877/877 881/881/881
f 877/877/877 882/882/882 883/883/883
f 882/882/882 801/801/801 883/883/883
f 801/801/801 882/882/882 800/800/800
f 880/880/880 884/884/884 875/875/875
f 881/881/881 875/875/875 884/884/884
f 868/868/868 885/885/885 880/880/880
f 884/884/884 880/880/880 885/885/885
f 886/886/886 881/881/881 884/884/884
f 885/885/885 886/886/886 884/884/884
f 885/885/885 868/868/868 887/887/887
f 886/886/886 885/885/885 887/887/887
f 887/887/887 868/868/868 870/870/870
f 887/887/887 870/870/870 888/888/888
f 870/870/870 889/889/889 888/888/888
f 889/889/889 890/890/890 888/888/888
f 886/886/886 891/891/891 881/881/881
f 891/891/891 882/882/882 881/881/881
f 892/892/892 886/886/886 887/887/887
f 891/891/891 886/886/886 892/892/892
f 887/887/887 888/888/888 892/892/892
f 891/891/891 892/892/892 893/893/893
f 882/882/882 891/891/891 893/893/893
f 892/892/892 888/888/888 893/893/893
f 893/893/893 894/894/894 882/882/882
f 800/800/800 882/882/882 894/894/894
f 888/888/888 895/895/895 893/893/893
f 894/894/894 893/893/893 895/895/895
f 896/896/896 800/800/800 894/894/894
f 895/895/895 896/896/896 894/894/894
f 896/896/896 798/798/798 800/800/800
f 798/798/798 896/896/896 797/797/797
f 895/895/895 888/888/888 897/897/897
f 896/896/896 895/895/895 897/897/897
f 797/797/797 896/896/896 897/897/897
f 897/897/897 898/898/898 797/797/797
f 897/897/897 888/888/888 890/890/890
f 897/897/897 890/890/890 898/898/898
f 797/797/797 898/898/898 796/796/796
f 890/890/890 899/899/899 898/898/898
f 898/898/898 805/805/805 796/796/796
f 899/899/899 814/814/814 898/898/898
f 805/805/805 898/898/898 811/811/811
f 811/811/811 898/898/898 814/814/814
f 902/902/902 901/901/901 900/900/900
f 900/900/900 903/903/903 902/902/902
f 903/903/903 900/900/900 904/904/904
f 900/900/900 905/905/905 904/904/904
f 905/905/905 906/906/906 904/904/904
f 906/906/906 905/905/905 907/907/907
f 908/908/908 906/906/906 907/907/907
f 903/903/903 909/909/909 902/902/902
f 910/910/910 903/903/903 904/904/904
f 903/903/903 910/910/910 909/909/909
f 909/909/909 911/911/911 902/902/902
f 911/911/911 912/912/912 902/902/902
f 913/913/913 911/911/911 909/909/909
f 909/909/909 910/910/910 913/913/913
f 913/913/913 38/38/38 911/911/911
f 913/913/913 37/37/37 38/38/38
f 910/910/910 904/904/904 914/914/914
f 904/904/904 906/906/906 914/914/914
f 910/910/910 915/915/915 913/913/913
f 915/915/915 910/910/910 914/914/914
f 915/915/915 37/37/37 913/913/913
f 914/914/914 916/916/916 915/915/915
f 916/916/916 914/914/914 906/906/906
f 37/37/37 915/915/915 916/916/916
f 906/906/906 908/908/908 917/917/917
f 908/908/908 918/918/918 917/917/917
f 918/918/918 908/908/908 919/919/919
f 920/920/920 918/918/918 919/919/919
f 906/906/906 921/921/921 916/916/916
f 921/921/921 906/906/906 917/917/917
f 921/921/921 922/922/922 916/916/916
f 922/922/922 37/37/37 916/916/916
f 923/923/923 921/921/921 917/917/917
f 921/921/921 923/923/923 922/922/922
f 924/924/924 37/37/37 922/922/922
f 922/922/922 923/923/923 924/924/924
f 923/923/923 917/917/917 925/925/925
f 917/917/917 918/918/918 925/925/925
f 926/926/926 923/923/923 925/925/925
f 923/923/923 926/926/926 924/924/924
f 926/926/926 927/927/927 924/924/924
f 924/924/924 928/928/928 37/37/37
f 924/924/924 927/927/927 928/928/928
f 928/928/928 39/39/39 37/37/37
f 929/929/929 928/928/928 927/927/927
f 930/930/930 929/929/929 927/927/927
f 925/925/925 931/931/931 926/926/926
f 931/931/931 925/925/925 918/918/918
f 927/927/927 926/926/926 931/931/931
f 932/932/932 930/930/930 927/927/927
f 932/932/932 933/933/933 930/930/930
f 934/934/934 930/930/930 933/933/933
f 935/935/935 934/934/934 933/933/933
f 936/936/936 927/927/927 931/931/931
f 932/932/932 927/927/927 936/936/936
f 918/918/918 937/937/937 931/931/931
f 937/937/937 936/936/936 931/931/931
f 936/936/936 938/938/938 932/932/932
f 937/937/937 938/938/938 936/936/936
f 937/937/937 918/918/918 939/939/939
f 938/938/938 937/937/937 939/939/939
f 918/918/918 920/920/920 939/939/939
f 920/920/920 940/940/940 939/939/939
f 940/940/940 920/920/920 941/941/941
f 942/942/942 940/940/940 941/941/941
f 938/938/938 943/943/943 932/932/932
f 943/943/943 933/933/933 932/932/932
f 938/938/938 939/939/939 944/944/944
f 943/943/943 938/938/938 944/944/944
f 939/939/939 940/940/940 944/944/944
f 944/944/944 945/945/945 943/943/943
f 933/933/933 943/943/943 945/945/945
f 945/945/945 944/944/944 940/940/940
f 940/940/940 942/942/942 946/946/946
f 942/942/942 947/947/947 946/946/946
f 947/947/947 942/942/942 948/948/948
f 949/949/949 947/947/947 948/948/948
f 940/940/940 950/950/950 945/945/945
f 950/950/950 940/940/940 946/946/946
f 951/951/951 933/933/933 945/945/945
f 950/950/950 951/951/951 945/945/945
f 952/952/952 950/950/950 946/946/946
f 950/950/950 952/952/952 951/951/951
f 953/953/953 933/933/933 951/951/951
f 951/951/951 952/952/952 953/953/953
f 953/953/953 935/935/935 933/933/933
f 953/953/953 954/954/954 935/935/935
f 955/955/955 935/935/935 954/954/954
f 956/956/956 955/955/955 954/954/954
f 952/952/952 946/946/946 957/957/957
f 946/946/946 947/947/947 957/957/957
f 952/952/952 958/958/958 953/953/953
f 958/958/958 952/952/952 957/957/957
f 958/958/958 954/954/954 953/953/953
f 957/957/957 959/959/959 958/958/958
f 959/959/959 957/957/957 947/947/947
f 954/954/954 958/958/958 959/959/959
f 960/960/960 956/956/956 954/954/954
f 960/960/960 961/961/961 956/956/956
f 962/962/962 956/956/956 961/961/961
f 963/963/963 962/962/962 961/961/961
f 964/964/964 954/954/954 959/959/959
f 960/960/960 954/954/954 964/964/964
f 947/947/947 965/965/965 959/959/959
f 965/965/965 964/964/964 959/959/959
f 964/964/964 966/966/966 960/960/960
f 965/965/965 966/966/966 964/964/964
f 965/965/965 947/947/947 967/967/967
f 966/966/966 965/965/965 967/967/967
f 947/947/947 949/949/949 967/967/967
f 949/949/949 968/968/968 967/967/967
f 968/968/968 949/949/949 969/969/969
f 970/970/970 968/968/968 969/969/969
f 966/966/966 971/971/971 960/960/960
f 971/971/971 961/961/961 960/960/960
f 966/966/966 967/967/967 972/972/972
f 971/971/971 966/966/966 972/972/972
f 967/967/967 968/968/968 972/972/972
f 972/972/972 973/973/973 971/971/971
f 961/961/961 971/971/971 973/973/973
f 973/973/973 972/972/972 968/968/968
f 968/968/968 970/970/970 974/974/974
f 970/970/970 975/975/975 974/974/974
f 975/975/975 970/970/970 976/976/976
f 977/977/977 975/975/975 976/976/976
f 968/968/968 978/978/978 973/973/973
f 978/978/978 968/968/968 974/974/974
f 979/979/979 961/961/961 973/973/973
f 978/978/978 979/979/979 973/973/973
f 980/980/980 978/978/978 974/974/974
f 978/978/978 980/980/980 979/979/979
f 981/981/981 961/961/961 979/979/979
f 981/981/981 979/979/979 980/980/980
f 981/981/981 963/963/963 961/961/961
f 981/981/981 982/982/982 963/963/963
f 983/983/983 963/963/963 982/982/982
f 984/984/984 983/983/983 982/982/982
f 980/980/980 974/974/974 985/985/985
f 974/974/974 975/975/975 985/985/985
f 986/986/986 981/981/981 980/980/980
f 986/986/986 980/980/980 985/985/985
f 986/986/986 982/982/982 981/981/981
f 985/985/985 987/987/987 986/986/986
f 987/987/987 985/985/985 975/975/975
f 982/982/982 986/986/986 987/987/987
f 988/988/988 984/984/984 982/982/982
f 989/989/989 982/982/982 987/987/987
f 988/988/988 982/982/982 989/989/989
f 975/975/975 990/990/990 987/987/987
f 990/990/990 989/989/989 987/987/987
f 990/990/990 975/975/975 991/991/991
f 975/975/975 977/977/977 991/991/991
f 977/977/977 992/992/992 991/991/991
f 992/992/992 977/977/977 993/993/993
f 994/994/994 992/992/992 993/993/993
f 990/990/990 995/995/995 989/989/989
f 995/995/995 990/990/990 991/991/991
f 989/989/989 995/995/995 988/988/988
f 988/988/988 49/49/49 984/984/984
f 50/50/50 984/984/984 49/49/49
f 995/995/995 991/991/991 996/996/996
f 991/991/991 992/992/992 996/996/996
f 995/995/995 997/997/997 988/988/988
f 997/997/997 49/49/49 988/988/988
f 997/997/997 995/995/995 996/996/996
f 49/49/49 997/997/997 998/998/998
f 996/996/996 998/998/998 997/997/997
f 998/998/998 996/996/996 992/992/992
f 999/999/999 49/49/49 998/998/998
f 1000/1000/1000 999/999/999 998/998/998
f 992/992/992 1000/1000/1000 998/998/998
f 1000/1000/1000 1001/1001/1001 999/999/999
f 992/992/992 994/994/994 1002/1002/1002
f 1000/1000/1000 992/992/992 1002/1002/1002
f 1001/1001/1001 1000/1000/1000 1002/1002/1002
f 994/994/994 1003/1003/1003 1002/1002/1002
f 1001/1001/1001 1002/1002/1002 1004/1004/1004
f 1002/1002/1002 1003/1003/1003 1004/1004/1004
f 1003/1003/1003 994/994/994 1005/1005/1005
f 1006/1006/1006 1003/1003/1003 1005/1005/1005
f 1003/1003/1003 1006/1006/1006 1007/1007/1007
f 1006/1006/1006 1008/1008/1008 1007/1007/1007
f 1008/1008/1008 1006/1006/1006 1009/1009/1009
f 1010/1010/1010 1008/1008/1008 1009/1009/1009
f 1008/1008/1008 1010/1010/1010 1011/1011/1011
f 1010/1010/1010 1012/1012/1012 1011/1011/1011
f 1011/1011/1011 1012/1012/1012 1013/1013/1013
f 1014/1014/1014 1011/1011/1011 1013/1013/1013
f 1015/1015/1015 1014/1014/1014 1013/1013/1013
f 1016/1016/1016 1008/1008/1008 1011/1011/1011
f 1014/1014/1014 1016/1016/1016 1011/1011/1011
f 1014/1014/1014 1015/1015/1015 47/47/47
f 1015/1015/1015 48/48/48 47/47/47
f 1017/1017/1017 1014/1014/1014 47/47/47
f 1016/1016/1016 1014/1014/1014 1017/1017/1017
f 47/47/47 43/43/43 1017/1017/1017
f 1016/1016/1016 1017/1017/1017 1018/1018/1018
f 1008/1008/1008 1016/1016/1016 1018/1018/1018
f 1017/1017/1017 43/43/43 1018/1018/1018
f 1018/1018/1018 1019/1019/1019 1008/1008/1008
f 1007/1007/1007 1008/1008/1008 1019/1019/1019
f 43/43/43 1020/1020/1020 1018/1018/1018
f 1019/1019/1019 1018/1018/1018 1020/1020/1020
f 1020/1020/1020 43/43/43 44/44/44
f 1020/1020/1020 1021/1021/1021 1019/1019/1019
f 1021/1021/1021 1007/1007/1007 1019/1019/1019
f 1021/1021/1021 1020/1020/1020 44/44/44
f 1021/1021/1021 1022/1022/1022 1007/1007/1007
f 1022/1022/1022 1003/1003/1003 1007/1007/1007
f 1023/1023/1023 1021/1021/1021 44/44/44
f 1022/1022/1022 1021/1021/1021 1023/1023/1023
f 1003/1003/1003 1022/1022/1022 1024/1024/1024
f 1022/1022/1022 1023/1023/1023 1024/1024/1024
f 1024/1024/1024 1004/1004/1004 1003/1003/1003
f 44/44/44 40/40/40 1023/1023/1023
f 1023/1023/1023 40/40/40 1024/1024/1024
f 44/44/44 42/42/42 40/40/40
f 1004/1004/1004 1024/1024/1024 1025/1025/1025
f 40/40/40 1025/1025/1025 1024/1024/1024
f 1025/1025/1025 1001/1001/1001 1004/1004/1004
f 1001/1001/1001 1025/1025/1025 1026/1026/1026
f 1025/1025/1025 40/40/40 1026/1026/1026
f 999/999/999 1001/1001/1001 1026/1026/1026
f 1026/1026/1026 49/49/49 999/999/999
f 1026/1026/1026 51/51/51 49/49/49
f 1026/1026/1026 40/40/40 51/51/51
f 41/41/41 51/51/51 40/40/40
f 1029/1029/1029 1028/1028/1028 1027/1027/1027
f 1030/1030/1030 1028/1028/1028 1029/1029/1029
f 1031/1031/1031 1030/1030/1030 1029/1029/1029
f 1030/1030/1030 1032/1032/1032 1028/1028/1028
f 1031/1031/1031 1029/1029/1029 1033/1033/1033
f 1033/1033/1033 1029/1029/1029 1034/1034/1034
f 1035/1035/1035 1031/1031/1031 1033/1033/1033
f 1035/1035/1035 1033/1033/1033 1036/1036/1036
f 1032/1032/1032 1037/1037/1037 1028/1028/1028
f 1028/1028/1028 1037/1037/1037 1038/1038/1038
f 1032/1032/1032 1039/1039/1039 1037/1037/1037
f 1039/1039/1039 1040/1040/1040 1037/1037/1037
f 1037/1037/1037 1040/1040/1040 1041/1041/1041
f 1039/1039/1039 1042/1042/1042 1040/1040/1040
f 1042/1042/1042 1043/1043/1043 1040/1040/1040
f 1040/1040/1040 1043/1043/1043 1044/1044/1044
f 1042/1042/1042 1045/1045/1045 1043/1043/1043
f 1045/1045/1045 1046/1046/1046 1043/1043/1043
f 1043/1043/1043 1046/1046/1046 1047/1047/1047
f 1047/1047/1047 1046/1046/1046 1048/1048/1048
f 1045/1045/1045 1049/1049/1049 1046/1046/1046
f 1046/1046/1046 1050/1050/1050 1048/1048/1048
f 1049/1049/1049 1051/1051/1051 1046/1046/1046
f 1046/1046/1046 1051/1051/1051 1050/1050/1050
f 1050/1050/1050 1051/1051/1051 1052/1052/1052
f 1049/1049/1049 1053/1053/1053 1051/1051/1051
f 1051/1051/1051 1054/1054/1054 1052/1052/1052
f 1053/1053/1053 1055/1055/1055 1051/1051/1051
f 1051/1051/1051 1055/1055/1055 1054/1054/1054
f 1054/1054/1054 1055/1055/1055 1056/1056/1056
f 1055/1055/1055 1057/1057/1057 1056/1056/1056
f 1053/1053/1053 1058/1058/1058 1055/1055/1055
f 1055/1055/1055 1059/1059/1059 1057/1057/1057
f 1058/1058/1058 1059/1059/1059 1055/1055/1055
f 1058/1058/1058 1060/1060/1060 1059/1059/1059
f 1060/1060/1060 1061/1061/1061 1059/1059/1059
f 1059/1059/1059 1061/1061/1061 1062/1062/1062
f 1060/1060/1060 1063/1063/1063 1061/1061/1061
f 1063/1063/1063 1064/1064/1064 1061/1061/1061
f 1061/1061/1061 1064/1064/1064 1065/1065/1065
f 1063/1063/1063 1066/1066/1066 1064/1064/1064
f 1066/1066/1066 1067/1067/1067 1064/1064/1064
f 1064/1064/1064 1067/1067/1067 1068/1068/1068
f 1066/1066/1066 1069/1069/1069 1067/1067/1067
f 1069/1069/1069 1070/1070/1070 1067/1067/1067
f 1067/1067/1067 1070/1070/1070 1071/1071/1071
f 1069/1069/1069 1072/1072/1072 1070/1070/1070
f 1072/1072/1072 1073/1073/1073 1070/1070/1070
f 1070/1070/1070 1073/1073/1073 1074/1074/1074
f 1072/1072/1072 1075/1075/1075 1073/1073/1073
f 1075/1075/1075 1076/1076/1076 1073/1073/1073
f 1073/1073/1073 1076/1076/1076 1077/1077/1077
f 1075/1075/1075 1078/1078/1078 1076/1076/1076
f 1078/1078/1078 1079/1079/1079 1076/1076/1076
f 1076/1076/1076 1079/1079/1079 1080/1080/1080
f 1078/1078/1078 1081/1081/1081 1079/1079/1079
f 1081/1081/1081 1082/1082/1082 1079/1079/1079
f 1079/1079/1079 1082/1082/1082 1083/1083/1083
f 1081/1081/1081 1084/1084/1084 1082/1082/1082
f 1084/1084/1084 1085/1085/1085 1082/1082/1082
f 1082/1082/1082 1085/1085/1085 1086/1086/1086
f 1084/1084/1084 1087/1087/1087 1085/1085/1085
f 1087/1087/1087 1088/1088/1088 1085/1085/1085
f 1085/1085/1085 1088/1088/1088 1089/1089/1089
f 1087/1087/1087 1090/1090/1090 1088/1088/1088
f 1090/1090/1090 1091/1091/1091 1088/1088/1088
f 1088/1088/1088 1091/1091/1091 1092/1092/1092
f 1090/1090/1090 1093/1093/1093 1091/1091/1091
f 1093/1093/1093 1094/1094/1094 1091/1091/1091
f 1091/1091/1091 1094/1094/1094 1095/1095/1095
f 1093/1093/1093 1096/1096/1096 1094/1094/1094
f 1096/1096/1096 1097/1097/1097 1094/1094/1094
f 1094/1094/1094 1097/1097/1097 1098/1098/1098
f 1096/1096/1096 1099/1099/1099 1097/1097/1097
f 1099/1099/1099 1100/1100/1100 1097/1097/1097
f 1097/1097/1097 1100/1100/1100 1101/1101/1101
f 1099/1099/1099 1102/1102/1102 1100/1100/1100
f 1102/1102/1102 1103/1103/1103 1100/1100/1100
f 1100/1100/1100 1103/1103/1103 1104/1104/1104
f 1102/1102/1102 1105/1105/1105 1103/1103/1103
f 1105/1105/1105 1106/1106/1106 1103/1103/1103
f 1103/1103/1103 1106/1106/1106 1107/1107/1107
f 1105/1105/1105 1108/1108/1108 1106/1106/1106
f 1108/1108/1108 1109/1109/1109 1106/1106/1106
f 1106/1106/1106 1109/1109/1109 1110/1110/1110
f 1108/1108/1108 1111/1111/1111 1109/1109/1109
f 1111/1111/1111 1112/1112/1112 1109/1109/1109
f 1109/1109/1109 1112/1112/1112 1113/1113/1113
f 1113/1113/1113 1112/1112/1112 1114/1114/1114
f 1112/1112/1112 1115/1115/1115 1114/1114/1114
f 1111/1111/1111 1116/1116/1116 1112/1112/1112
f 1112/1112/1112 1117/1117/1117 1115/1115/1115
f 1116/1116/1116 1117/1117/1117 1112/1112/1112
f 1116/1116/1116 1118/1118/1118 1117/1117/1117
f 1118/1118/1118 1119/1119/1119 1117/1117/1117
f 1117/1117/1117 1119/1119/1119 1120/1120/1120
f 1118/1118/1118 1121/1121/1121 1119/1119/1119
f 1121/1121/1121 1122/1122/1122 1119/1119/1119
f 1119/1119/1119 1122/1122/1122 1123/1123/1123
f 1121/1121/1121 1036/1036/1036 1122/1122/1122
f 1036/1036/1036 1124/1124/1124 1122/1122/1122
f 1122/1122/1122 1124/1124/1124 1125/1125/1125
f 1033/1033/1033 1124/1124/1124 1036/1036/1036
f 1124/1124/1124 1033/1033/1033 1126/1126/1126
f 1044/1044/1044 1043/1043/1043 1127/1127/1127
f 1043/1043/1043 1047/1047/1047 1127/1127/1127
f 1057/1057/1057 1059/1059/1059 1128/1128/1128
f 1059/1059/1059 1062/1062/1062 1128/1128/1128
f 1062/1062/1062 1061/1061/1061 1129/1129/1129
f 1061/1061/1061 1065/1065/1065 1129/1129/1129
f 1092/1092/1092 1091/1091/1091 1130/1130/1130
f 1091/1091/1091 1095/1095/1095 1130/1130/1130
f 1133/1133/1133 1132/1132/1132 1131/1131/1131
f 1133/1133/1133 1134/1134/1134 1132/1132/1132
f 1135/1135/1135 1132/1132/1132 1134/1134/1134
f 1136/1136/1136 1135/1135/1135 1134/1134/1134
f 1137/1137/1137 1134/1134/1134 1133/1133/1133
f 1134/1134/1134 1137/1137/1137 1138/1138/1138
f 1138/1138/1138 1136/1136/1136 1134/1134/1134
f 1138/1138/1138 1137/1137/1137 1139/1139/1139
f 1138/1138/1138 1139/1139/1139 1140/1140/1140
f 1137/1137/1137 57/57/57 1141/1141/1141
f 1133/1133/1133 57/57/57 1137/1137/1137
f 56/56/56 57/57/57 1133/1133/1133
f 56/56/56 1133/1133/1133 1131/1131/1131
f 59/59/59 1142/1142/1142 58/58/58
f 1143/1143/1143 1142/1142/1142 59/59/59
f 1143/1143/1143 1144/1144/1144 1142/1142/1142
f 1143/1143/1143 1145/1145/1145 1144/1144/1144
f 1146/1146/1146 1145/1145/1145 1143/1143/1143
f 1143/1143/1143 59/59/59 1146/1146/1146
f 1146/1146/1146 59/59/59 1147/1147/1147
f 60/60/60 1147/1147/1147 59/59/59
f 1148/1148/1148 1147/1147/1147 60/60/60
f 1149/1149/1149 1145/1145/1145 1146/1146/1146
f 1150/1150/1150 1147/1147/1147 1148/1148/1148
f 1149/1149/1149 1146/1146/1146 1151/1151/1151
f 1151/1151/1151 1146/1146/1146 1147/1147/1147
f 1152/1152/1152 1149/1149/1149 1151/1151/1151
f 1151/1151/1151 1153/1153/1153 1152/1152/1152
f 1154/1154/1154 1147/1147/1147 1150/1150/1150
f 1150/1150/1150 1155/1155/1155 1154/1154/1154
f 1151/1151/1151 1147/1147/1147 1156/1156/1156
f 1154/1154/1154 1156/1156/1156 1147/1147/1147
f 1151/1151/1151 1156/1156/1156 1157/1157/1157
f 1158/1158/1158 1156/1156/1156 1154/1154/1154
f 1161/1161/1161 1160/1160/1160 1159/1159/1159
f 1162/1162/1162 1159/1159/1159 1160/1160/1160
f 1160/1160/1160 1163/1163/1163 1162/1162/1162
f 1159/1159/1159 1162/1162/1162 1164/1164/1164
f 1165/1165/1165 1159/1159/1159 1164/1164/1164
f 1164/1164/1164 1166/1166/1166 1165/1165/1165
f 1167/1167/1167 1166/1166/1166 1164/1164/1164
f 1168/1168/1168 1166/1166/1166 1167/1167/1167
f 1165/1165/1165 1166/1166/1166 1168/1168/1168
f 1169/1169/1169 1165/1165/1165 1168/1168/1168
f 1170/1170/1170 1161/1161/1161 1159/1159/1159
f 1170/1170/1170 1171/1171/1171 1161/1161/1161
f 1161/1161/1161 1171/1171/1171 1172/1172/1172
f 1171/1171/1171 1173/1173/1173 1172/1172/1172
f 1176/1176/1176 1175/1175/1175 1174/1174/1174
f 1177/1177/1177 1174/1174/1174 1175/1175/1175
f 1177/1177/1177 1175/1175/1175 1178/1178/1178
f 1174/1174/1174 1177/1177/1177 1179/1179/1179
f 1180/1180/1180 1174/1174/1174 1179/1179/1179
f 1180/1180/1180 1179/1179/1179 1181/1181/1181
f 1179/1179/1179 1182/1182/1182 1181/1181/1181
f 1179/1179/1179 1177/1177/1177 1183/1183/1183
f 1184/1184/1184 1177/1177/1177 1178/1178/1178
f 1177/1177/1177 1184/1184/1184 1183/1183/1183
f 1178/1178/1178 1185/1185/1185 1184/1184/1184
f 1186/1186/1186 1184/1184/1184 1185/1185/1185
f 1183/1183/1183 1184/1184/1184 1186/1186/1186
f 1186/1186/1186 62/62/62 1183/1183/1183
f 1187/1187/1187 62/62/62 1186/1186/1186
f 62/62/62 1187/1187/1187 61/61/61
f 1188/1188/1188 61/61/61 1187/1187/1187
f 61/61/61 1188/1188/1188 1189/1189/1189
f 1180/1180/1180 1176/1176/1176 1174/1174/1174
f 1176/1176/1176 1180/1180/1180 1190/1190/1190
f 1190/1190/1190 1180/1180/1180 1181/1181/1181
f 1193/1193/1193 1192/1192/1192 1191/1191/1191
f 1191/1191/1191 1194/1194/1194 1193/1193/1193
f 1194/1194/1194 1195/1195/1195 1193/1193/1193
f 1194/1194/1194 1191/1191/1191 1196/1196/1196
f 1197/1197/1197 1194/1194/1194 1196/1196/1196
f 1197/1197/1197 1196/1196/1196 1198/1198/1198
f 65/65/65 1196/1196/1196 1191/1191/1191
f 1196/1196/1196 65/65/65 1199/1199/1199
f 65/65/65 66/66/66 1199/1199/1199
f 66/66/66 1200/1200/1200 1199/1199/1199
f 1201/1201/1201 1200/1200/1200 66/66/66
f 64/64/64 1201/1201/1201 66/66/66
f 1202/1202/1202 1200/1200/1200 1201/1201/1201
f 1200/1200/1200 1202/1202/1202 1203/1203/1203
f 1203/1203/1203 1202/1202/1202 1204/1204/1204
f 1202/1202/1202 1201/1201/1201 1205/1205/1205
f 1206/1206/1206 1202/1202/1202 1205/1205/1205
f 1207/1207/1207 1205/1205/1205 1201/1201/1201
f 1208/1208/1208 1200/1200/1200 1203/1203/1203
f 1199/1199/1199 1200/1200/1200 1208/1208/1208
f 1211/1211/1211 1210/1210/1210 1209/1209/1209
f 1211/1211/1211 1209/1209/1209 1212/1212/1212
f 1212/1212/1212 1209/1209/1209 1213/1213/1213
f 1211/1211/1211 1212/1212/1212 1214/1214/1214
f 1212/1212/1212 1215/1215/1215 1214/1214/1214
f 1213/1213/1213 72/72/72 1212/1212/1212
f 1212/1212/1212 72/72/72 1215/1215/1215
f 72/72/72 1213/1213/1213 71/71/71
f 1214/1214/1214 1215/1215/1215 1216/1216/1216
f 1217/1217/1217 1214/1214/1214 1216/1216/1216
f 1216/1216/1216 1215/1215/1215 1218/1218/1218
f 1215/1215/1215 1219/1219/1219 1218/1218/1218
f 1219/1219/1219 1215/1215/1215 68/68/68
f 1215/1215/1215 67/67/67 68/68/68
f 67/67/67 1215/1215/1215 72/72/72
f 69/69/69 67/67/67 72/72/72
f 1221/1221/1221 1220/1220/1220 77/77/77
f 1221/1221/1221 77/77/77 1222/1222/1222
f 1221/1221/1221 1222/1222/1222 1223/1223/1223
f 1222/1222/1222 77/77/77 73/73/73
f 75/75/75 73/73/73 77/77/77
f 1222/1222/1222 73/73/73 74/74/74
f 1222/1222/1222 74/74/74 1224/1224/1224
f 1227/1227/1227 1226/1226/1226 1225/1225/1225
f 1226/1226/1226 1228/1228/1228 1225/1225/1225
f 1225/1225/1225 1228/1228/1228 1229/1229/1229
f 1228/1228/1228 1230/1230/1230 1229/1229/1229
f 1229/1229/1229 1230/1230/1230 1231/1231/1231
f 1230/1230/1230 1232/1232/1232 1231/1231/1231
f 1235/1235/1235 1234/1234/1234 1233/1233/1233
f 1234/1234/1234 1236/1236/1236 1233/1233/1233
f 1236/1236/1236 1237/1237/1237 1233/1233/1233
f 1238/1238/1238 1233/1233/1233 1237/1237/1237
f 1236/1236/1236 1234/1234/1234 1239/1239/1239
f 1240/1240/1240 1239/1239/1239 1234/1234/1234
f 1243/1243/1243 1242/1242/1242 1241/1241/1241
f 1241/1241/1241 1242/1242/1242 1244/1244/1244
f 1241/1241/1241 1244/1244/1244 1245/1245/1245
f 1246/1246/1246 1241/1241/1241 1245/1245/1245
f 1242/1242/1242 1247/1247/1247 1244/1244/1244
f 1247/1247/1247 1242/1242/1242 1248/1248/1248
f 1249/1249/1249 1247/1247/1247 1248/1248/1248
f 1250/1250/1250 1248/1248/1248 1242/1242/1242
f 1249/1249/1249 1248/1248/1248 1250/1250/1250
f 1251/1251/1251 1249/1249/1249 1250/1250/1250
f 1254/1254/1254 1253/1253/1253 1252/1252/1252
f 1253/1253/1253 1255/1255/1255 1252/1252/1252
f 1255/1255/1255 1256/1256/1256 1252/1252/1252
f 1256/1256/1256 1255/1255/1255 1257/1257/1257
f 1255/1255/1255 1253/1253/1253 1258/1258/1258
f 1253/1253/1253 1259/1259/1259 1258/1258/1258
f 1259/1259/1259 1260/1260/1260 1258/1258/1258
f 1260/1260/1260 1261/1261/1261 1258/1258/1258
f 1261/1261/1261 1262/1262/1262 1258/1258/1258
f 1255/1255/1255 1263/1263/1263 1257/1257/1257
f 1255/1255/1255 1258/1258/1258 1263/1263/1263
f 1262/1262/1262 1263/1263/1263 1258/1258/1258
f 1263/1263/1263 1262/1262/1262 1257/1257/1257
f 1266/1266/1266 1265/1265/1265 1264/1264/1264
f 1266/1266/1266 1267/1267/1267 1265/1265/1265
f 1268/1268/1268 1265/1265/1265 1267/1267/1267
f 1271/1271/1271 1270/1270/1270 1269/1269/1269
f 1271/1271/1271 1269/1269/1269 1272/1272/1272
f 1269/1269/1269 1273/1273/1273 1272/1272/1272
f 1272/1272/1272 1273/1273/1273 1274/1274/1274
f 1275/1275/1275 1274/1274/1274 1273/1273/1273
f 1276/1276/1276 1274/1274/1274 1275/1275/1275
f 1277/1277/1277 1272/1272/1272 1274/1274/1274
f 1278/1278/1278 1277/1277/1277 1274/1274/1274
f 1281/1281/1281 1280/1280/1280 1279/1279/1279
f 1280/1280/1280 1282/1282/1282 1279/1279/1279
f 1282/1282/1282 1280/1280/1280 1283/1283/1283
f 1284/1284/1284 1282/1282/1282 1283/1283/1283
f 1287/1287/1287 1286/1286/1286 1285/1285/1285
f 1287/1287/1287 85/85/85 1286/1286/1286
f 85/85/85 1288/1288/1288 1286/1286/1286
f 1286/1286/1286 1288/1288/1288 1289/1289/1289
f 1289/1289/1289 1288/1288/1288 1290/1290/1290
f 1287/1287/1287 84/84/84 85/85/85
f 1291/1291/1291 84/84/84 1287/1287/1287
f 84/84/84 1291/1291/1291 1292/1292/1292
f 1289/1289/1289 1290/1290/1290 1293/1293/1293
f 1294/1294/1294 84/84/84 1292/1292/1292
f 1290/1290/1290 1295/1295/1295 1293/1293/1293
f 1292/1292/1292 1296/1296/1296 1294/1294/1294
f 1295/1295/1295 1297/1297/1297 1293/1293/1293
f 1297/1297/1297 1295/1295/1295 1294/1294/1294
f 1297/1297/1297 1294/1294/1294 1296/1296/1296
f 1298/1298/1298 1293/1293/1293 1297/1297/1297
f 1299/1299/1299 1297/1297/1297 1296/1296/1296
f 1302/1302/1302 1301/1301/1301 1300/1300/1300
f 1301/1301/1301 1302/1302/1302 1303/1303/1303
f 1301/1301/1301 1303/1303/1303 1304/1304/1304
f 1305/1305/1305 1304/1304/1304 1303/1303/1303
f 1304/1304/1304 1305/1305/1305 1306/1306/1306
f 1307/1307/1307 1306/1306/1306 1305/1305/1305
f 1303/1303/1303 1302/1302/1302 1308/1308/1308
f 1305/1305/1305 1303/1303/1303 1308/1308/1308
f 1309/1309/1309 1308/1308/1308 1302/1302/1302
f 1310/1310/1310 1309/1309/1309 1302/1302/1302
f 1311/1311/1311 1305/1305/1305 1308/1308/1308
f 1307/1307/1307 1305/1305/1305 1311/1311/1311
f 1311/1311/1311 1308/1308/1308 1309/1309/1309
f 1309/1309/1309 1310/1310/1310 1312/1312/1312
f 1310/1310/1310 1313/1313/1313 1312/1312/1312
f 1311/1311/1311 1309/1309/1309 1314/1314/1314
f 1312/1312/1312 1314/1314/1314 1309/1309/1309
f 1307/1307/1307 1311/1311/1311 1315/1315/1315
f 1314/1314/1314 1315/1315/1315 1311/1311/1311
f 1313/1313/1313 1316/1316/1316 1312/1312/1312
f 1317/1317/1317 1316/1316/1316 1313/1313/1313
f 1312/1312/1312 1318/1318/1318 1314/1314/1314
f 1318/1318/1318 1315/1315/1315 1314/1314/1314
f 1319/1319/1319 1312/1312/1312 1316/1316/1316
f 1319/1319/1319 1318/1318/1318 1312/1312/1312
f 1316/1316/1316 1317/1317/1317 1320/1320/1320
f 1319/1319/1319 1316/1316/1316 1320/1320/1320
f 1321/1321/1321 1320/1320/1320 1317/1317/1317
f 1321/1321/1321 1317/1317/1317 1322/1322/1322
f 1323/1323/1323 1321/1321/1321 1322/1322/1322
f 1323/1323/1323 1324/1324/1324 1321/1321/1321
f 1321/1321/1321 1325/1325/1325 1320/1320/1320
f 1325/1325/1325 1321/1321/1321 1324/1324/1324
f 1319/1319/1319 1320/1320/1320 1325/1325/1325
f 1325/1325/1325 1324/1324/1324 1326/1326/1326
f 1325/1325/1325 1327/1327/1327 1319/1319/1319
f 1326/1326/1326 1327/1327/1327 1325/1325/1325
f 1318/1318/1318 1319/1319/1319 1327/1327/1327
f 1326/1326/1326 1328/1328/1328 1327/1327/1327
f 1318/1318/1318 1327/1327/1327 1329/1329/1329
f 1327/1327/1327 1328/1328/1328 1329/1329/1329
f 1315/1315/1315 1318/1318/1318 1329/1329/1329
f 1328/1328/1328 1330/1330/1330 1329/1329/1329
f 1330/1330/1330 1331/1331/1331 1329/1329/1329
f 1329/1329/1329 1331/1331/1331 1315/1315/1315
f 1332/1332/1332 1315/1315/1315 1331/1331/1331
f 1333/1333/1333 1332/1332/1332 1331/1331/1331
f 1315/1315/1315 1332/1332/1332 1307/1307/1307
f 1332/1332/1332 1333/1333/1333 1334/1334/1334
f 1334/1334/1334 1307/1307/1307 1332/1332/1332
f 1337/1337/1337 1336/1336/1336 1335/1335/1335
f 1336/1336/1336 1338/1338/1338 1335/1335/1335
f 1339/1339/1339 1335/1335/1335 1338/1338/1338
f 1339/1339/1339 1340/1340/1340 1335/1335/1335
f 1341/1341/1341 1339/1339/1339 1338/1338/1338
f 1339/1339/1339 1341/1341/1341 1342/1342/1342
f 1343/1343/1343 1342/1342/1342 1341/1341/1341
f 1340/1340/1340 1339/1339/1339 1344/1344/1344
f 1342/1342/1342 1344/1344/1344 1339/1339/1339
f 1345/1345/1345 1343/1343/1343 1341/1341/1341
f 1346/1346/1346 1343/1343/1343 1345/1345/1345
f 1347/1347/1347 1344/1344/1344 1342/1342/1342
f 1344/1344/1344 1347/1347/1347 1348/1348/1348
f 1349/1349/1349 1348/1348/1348 1347/1347/1347
f 1349/1349/1349 1350/1350/1350 1348/1348/1348
f 1349/1349/1349 1351/1351/1351 1350/1350/1350
f 1352/1352/1352 1349/1349/1349 1347/1347/1347
f 1352/1352/1352 1347/1347/1347 1342/1342/1342
f 1352/1352/1352 1342/1342/1342 1353/1353/1353
f 1342/1342/1342 1354/1354/1354 1353/1353/1353
f 1355/1355/1355 1353/1353/1353 1354/1354/1354
f 1356/1356/1356 1354/1354/1354 1342/1342/1342
f 1356/1356/1356 1355/1355/1355 1354/1354/1354
f 1356/1356/1356 1342/1342/1342 1343/1343/1343
f 1357/1357/1357 1355/1355/1355 1356/1356/1356
f 1343/1343/1343 1358/1358/1358 1356/1356/1356
f 1346/1346/1346 1358/1358/1358 1343/1343/1343
f 1357/1357/1357 1356/1356/1356 1358/1358/1358
f 1359/1359/1359 1358/1358/1358 1346/1346/1346
f 1358/1358/1358 1359/1359/1359 1357/1357/1357
f 1346/1346/1346 1360/1360/1360 1359/1359/1359
f 1359/1359/1359 1361/1361/1361 1357/1357/1357
f 1359/1359/1359 1360/1360/1360 1362/1362/1362
f 1361/1361/1361 1359/1359/1359 1362/1362/1362
f 1362/1362/1362 1363/1363/1363 1361/1361/1361
f 1360/1360/1360 1364/1364/1364 1362/1362/1362
f 1365/1365/1365 1362/1362/1362 1364/1364/1364
f 1366/1366/1366 1340/1340/1340 1344/1344/1344
f 1366/1366/1366 1344/1344/1344 1367/1367/1367
f 1367/1367/1367 1344/1344/1344 1348/1348/1348
f 1367/1367/1367 1348/1348/1348 1350/1350/1350
f 1367/1367/1367 1350/1350/1350 1368/1368/1368
f 1367/1367/1367 1368/1368/1368 1369/1369/1369
f 1350/1350/1350 1370/1370/1370 1368/1368/1368
f 1369/1369/1369 1368/1368/1368 1371/1371/1371
f 1369/1369/1369 1371/1371/1371 1372/1372/1372
f 1373/1373/1373 1372/1372/1372 1371/1371/1371
f 1371/1371/1371 1374/1374/1374 1373/1373/1373
f 1375/1375/1375 1368/1368/1368 1370/1370/1370
f 1368/1368/1368 1375/1375/1375 1371/1371/1371
f 1371/1371/1371 1375/1375/1375 1374/1374/1374
f 1370/1370/1370 1376/1376/1376 1375/1375/1375
f 1375/1375/1375 1377/1377/1377 1374/1374/1374
f 1377/1377/1377 1375/1375/1375 1376/1376/1376
f 1377/1377/1377 1378/1378/1378 1374/1374/1374
f 1376/1376/1376 1379/1379/1379 1377/1377/1377
f 1379/1379/1379 1380/1380/1380 1377/1377/1377
f 1381/1381/1381 1377/1377/1377 1380/1380/1380
f 1383/1383/1383 1382/1382/1382 1379/1379/1379
f 1384/1384/1384 1379/1379/1379 1382/1382/1382
f 1384/1384/1384 1380/1380/1380 1379/1379/1379
f 1385/1385/1385 1384/1384/1384 1382/1382/1382
f 1385/1385/1385 1382/1382/1382 1386/1386/1386
f 1380/1380/1380 1384/1384/1384 1387/1387/1387
f 1387/1387/1387 1381/1381/1381 1380/1380/1380
f 1381/1381/1381 1387/1387/1387 1388/1388/1388
f 1387/1387/1387 1389/1389/1389 1388/1388/1388
f 1387/1387/1387 1384/1384/1384 1389/1389/1389
f 1390/1390/1390 1389/1389/1389 1384/1384/1384
f 1385/1385/1385 1390/1390/1390 1384/1384/1384
f 1391/1391/1391 1389/1389/1389 1390/1390/1390
f 1392/1392/1392 1391/1391/1391 1390/1390/1390
f 1392/1392/1392 1390/1390/1390 1393/1393/1393
f 1390/1390/1390 1385/1385/1385 1393/1393/1393
f 1394/1394/1394 1393/1393/1393 1385/1385/1385
f 1394/1394/1394 1385/1385/1385 1395/1395/1395
f 1395/1395/1395 1385/1385/1385 1386/1386/1386
f 1395/1395/1395 1396/1396/1396 1394/1394/1394
f 1397/1397/1397 1395/1395/1395 1386/1386/1386
f 1396/1396/1396 1395/1395/1395 1397/1397/1397
f 1397/1397/1397 1386/1386/1386 1398/1398/1398
f 1361/1361/1361 1396/1396/1396 1397/1397/1397
f 1363/1363/1363 1396/1396/1396 1361/1361/1361
f 1397/1397/1397 1357/1357/1357 1361/1361/1361
f 1357/1357/1357 1397/1397/1397 1398/1398/1398
f 1357/1357/1357 1398/1398/1398 1355/1355/1355
f 1399/1399/1399 1355/1355/1355 1398/1398/1398
f 1402/1402/1402 1401/1401/1401 1400/1400/1400
f 1402/1402/1402 1400/1400/1400 1403/1403/1403
f 1403/1403/1403 1404/1404/1404 1402/1402/1402
f 1404/1404/1404 1403/1403/1403 1405/1405/1405
f 1404/1404/1404 1405/1405/1405 1406/1406/1406
f 1405/1405/1405 1407/1407/1407 1406/1406/1406
f 1405/1405/1405 1403/1403/1403 1408/1408/1408
f 1408/1408/1408 1407/1407/1407 1405/1405/1405
f 1403/1403/1403 1400/1400/1400 1408/1408/1408
f 1409/1409/1409 1407/1407/1407 1408/1408/1408
f 1407/1407/1407 1409/1409/1409 1410/1410/1410
f 1410/1410/1410 1409/1409/1409 1411/1411/1411
f 1412/1412/1412 1408/1408/1408 1400/1400/1400
f 1408/1408/1408 1412/1412/1412 1409/1409/1409
f 1413/1413/1413 1412/1412/1412 1400/1400/1400
f 1413/1413/1413 1409/1409/1409 1412/1412/1412
f 1414/1414/1414 1413/1413/1413 1400/1400/1400
f 1409/1409/1409 1413/1413/1413 1415/1415/1415
f 1416/1416/1416 1409/1409/1409 1415/1415/1415
f 1416/1416/1416 1415/1415/1415 1417/1417/1417
f 1415/1415/1415 1413/1413/1413 1418/1418/1418
f 1418/1418/1418 1413/1413/1413 1419/1419/1419
f 1419/1419/1419 1420/1420/1420 1418/1418/1418
f 1421/1421/1421 1417/1417/1417 1415/1415/1415
f 1421/1421/1421 1415/1415/1415 1418/1418/1418
f 1421/1421/1421 1418/1418/1418 1420/1420/1420
f 1417/1417/1417 1421/1421/1421 1422/1422/1422
f 1421/1421/1421 1420/1420/1420 1423/1423/1423
f 1422/1422/1422 1421/1421/1421 1423/1423/1423
f 1401/1401/1401 1424/1424/1424 1400/1400/1400
f 1425/1425/1425 1400/1400/1400 1424/1424/1424
f 1400/1400/1400 1425/1425/1425 1414/1414/1414
f 1414/1414/1414 1425/1425/1425 1426/1426/1426
f 1427/1427/1427 1414/1414/1414 1426/1426/1426
f 1413/1413/1413 1414/1414/1414 1427/1427/1427
f 1427/1427/1427 1419/1419/1419 1413/1413/1413
f 1428/1428/1428 1427/1427/1427 1426/1426/1426
f 1429/1429/1429 1428/1428/1428 1426/1426/1426
f 1427/1427/1427 1428/1428/1428 1430/1430/1430
f 1419/1419/1419 1427/1427/1427 1431/1431/1431
f 1427/1427/1427 1430/1430/1430 1431/1431/1431
f 1431/1431/1431 1432/1432/1432 1419/1419/1419
f 1431/1431/1431 1430/1430/1430 1433/1433/1433
f 1431/1431/1431 1433/1433/1433 1432/1432/1432
f 1433/1433/1433 1434/1434/1434 1432/1432/1432
f 1437/1437/1437 1436/1436/1436 1435/1435/1435
f 1436/1436/1436 1437/1437/1437 1438/1438/1438
f 1439/1439/1439 1438/1438/1438 1437/1437/1437
f 1438/1438/1438 1439/1439/1439 1440/1440/1440
f 1438/1438/1438 1441/1441/1441 1436/1436/1436
f 1442/1442/1442 1441/1441/1441 1438/1438/1438
f 1441/1441/1441 1442/1442/1442 1443/1443/1443
f 1441/1441/1441 1444/1444/1444 1436/1436/1436
f 1444/1444/1444 1445/1445/1445 1436/1436/1436
f 1445/1445/1445 1446/1446/1446 1436/1436/1436
f 1444/1444/1444 1447/1447/1447 1445/1445/1445
f 1437/1437/1437 1449/1449/1449 1448/1448/1448
f 1437/1437/1437 1448/1448/1448 1450/1450/1450
f 1437/1437/1437 1450/1450/1450 1439/1439/1439
f 1450/1450/1450 1448/1448/1448 1451/1451/1451
f 1452/1452/1452 1451/1451/1451 1448/1448/1448
f 1450/1450/1450 1451/1451/1451 1453/1453/1453
f 1439/1439/1439 1450/1450/1450 1453/1453/1453
f 1440/1440/1440 1439/1439/1439 1453/1453/1453
f 1440/1440/1440 1453/1453/1453 1454/1454/1454
f 1454/1454/1454 1455/1455/1455 1440/1440/1440
f 1442/1442/1442 1440/1440/1440 1455/1455/1455
f 1442/1442/1442 1438/1438/1438 1440/1440/1440
f 1456/1456/1456 1442/1442/1442 1455/1455/1455
f 1457/1457/1457 1456/1456/1456 1455/1455/1455
f 1456/1456/1456 1443/1443/1443 1442/1442/1442
f 1457/1457/1457 1458/1458/1458 1456/1456/1456
f 1443/1443/1443 1456/1456/1456 1459/1459/1459
f 1459/1459/1459 1456/1456/1456 1458/1458/1458
f 1458/1458/1458 1460/1460/1460 1459/1459/1459
f 1460/1460/1460 1461/1461/1461 1459/1459/1459
f 1458/1458/1458 1462/1462/1462 1460/1460/1460
f 1460/1460/1460 1463/1463/1463 1461/1461/1461
f 1460/1460/1460 1462/1462/1462 1464/1464/1464
f 1464/1464/1464 1463/1463/1463 1460/1460/1460
f 1444/1444/1444 1441/1441/1441 1443/1443/1443
f 1444/1444/1444 1443/1443/1443 1465/1465/1465
f 1447/1447/1447 1444/1444/1444 1465/1465/1465
f 1465/1465/1465 1443/1443/1443 1466/1466/1466
f 1466/1466/1466 1467/1467/1467 1465/1465/1465
f 1468/1468/1468 1466/1466/1466 1443/1443/1443
f 1459/1459/1459 1468/1468/1468 1443/1443/1443
f 1469/1469/1469 1466/1466/1466 1468/1468/1468
f 1470/1470/1470 1468/1468/1468 1459/1459/1459
f 1469/1469/1469 1468/1468/1468 1470/1470/1470
f 1470/1470/1470 1471/1471/1471 1469/1469/1469
f 1461/1461/1461 1470/1470/1470 1459/1459/1459
f 1472/1472/1472 1470/1470/1470 1461/1461/1461
f 1475/1475/1475 1474/1474/1474 1473/1473/1473
f 1474/1474/1474 1476/1476/1476 1473/1473/1473
f 1476/1476/1476 1477/1477/1477 1473/1473/1473
f 1478/1478/1478 1477/1477/1477 1476/1476/1476
f 1479/1479/1479 1478/1478/1478 1476/1476/1476
f 1480/1480/1480 1479/1479/1479 1476/1476/1476
f 1474/1474/1474 1480/1480/1480 1476/1476/1476
f 1479/1479/1479 1480/1480/1480 1481/1481/1481
f 1480/1480/1480 1474/1474/1474 1482/1482/1482
f 1481/1481/1481 1480/1480/1480 1482/1482/1482
f 1482/1482/1482 1474/1474/1474 1483/1483/1483
f 1481/1481/1481 1482/1482/1482 1484/1484/1484
f 1482/1482/1482 1483/1483/1483 1484/1484/1484
f 1484/1484/1484 1485/1485/1485 1481/1481/1481
f 1486/1486/1486 1485/1485/1485 1484/1484/1484
f 1487/1487/1487 1486/1486/1486 1484/1484/1484
f 1487/1487/1487 1484/1484/1484 1483/1483/1483
f 1486/1486/1486 1487/1487/1487 1488/1488/1488
f 1489/1489/1489 1487/1487/1487 1483/1483/1483
f 1483/1483/1483 1490/1490/1490 1489/1489/1489
f 1490/1490/1490 1483/1483/1483 1474/1474/1474
f 1490/1490/1490 1474/1474/1474 1475/1475/1475
f 1490/1490/1490 1475/1475/1475 1491/1491/1491
f 1475/1475/1475 1473/1473/1473 1491/1491/1491
f 1473/1473/1473 1492/1492/1492 1491/1491/1491
f 1493/1493/1493 1492/1492/1492 1473/1473/1473
f 1477/1477/1477 1493/1493/1493 1473/1473/1473
f 1493/1493/1493 1494/1494/1494 1492/1492/1492
f 1497/1497/1497 1496/1496/1496 1495/1495/1495
f 1495/1495/1495 1496/1496/1496 1498/1498/1498
f 1499/1499/1499 1498/1498/1498 1496/1496/1496
f 1495/1495/1495 1498/1498/1498 1500/1500/1500
f 1501/1501/1501 1498/1498/1498 1499/1499/1499
f 1498/1498/1498 1501/1501/1501 1500/1500/1500
f 1502/1502/1502 1501/1501/1501 1499/1499/1499
f 1500/1500/1500 1501/1501/1501 1503/1503/1503
f 1503/1503/1503 1504/1504/1504 1500/1500/1500
f 1504/1504/1504 1503/1503/1503 1505/1505/1505
f 1503/1503/1503 1506/1506/1506 1505/1505/1505
f 1503/1503/1503 1501/1501/1501 1506/1506/1506
f 1506/1506/1506 1507/1507/1507 1505/1505/1505
f 1508/1508/1508 1507/1507/1507 1506/1506/1506
f 1501/1501/1501 1508/1508/1508 1506/1506/1506
f 1501/1501/1501 1502/1502/1502 1508/1508/1508
f 1502/1502/1502 1509/1509/1509 1508/1508/1508
f 1502/1502/1502 1510/1510/1510 1509/1509/1509
f 1497/1497/1497 1511/1511/1511 1496/1496/1496
f 1512/1512/1512 1496/1496/1496 1511/1511/1511
f 1511/1511/1511 1513/1513/1513 1512/1512/1512
f 1511/1511/1511 1514/1514/1514 1513/1513/1513
f 1512/1512/1512 1515/1515/1515 1496/1496/1496
f 1499/1499/1499 1496/1496/1496 1515/1515/1515
f 1515/1515/1515 1502/1502/1502 1499/1499/1499
f 1516/1516/1516 1512/1512/1512 1513/1513/1513
f 1516/1516/1516 1515/1515/1515 1512/1512/1512
f 1517/1517/1517 1516/1516/1516 1513/1513/1513
f 1515/1515/1515 1518/1518/1518 1502/1502/1502
f 1510/1510/1510 1502/1502/1502 1518/1518/1518
f 1516/1516/1516 1519/1519/1519 1515/1515/1515
f 1519/1519/1519 1518/1518/1518 1515/1515/1515
f 1510/1510/1510 1518/1518/1518 1520/1520/1520
f 1519/1519/1519 1520/1520/1520 1518/1518/1518
f 1510/1510/1510 1520/1520/1520 1521/1521/1521
f 1522/1522/1522 1521/1521/1521 1520/1520/1520
f 1520/1520/1520 1523/1523/1523 1522/1522/1522
f 1524/1524/1524 1523/1523/1523 1520/1520/1520
f 1524/1524/1524 1520/1520/1520 1519/1519/1519
f 1523/1523/1523 1524/1524/1524 1525/1525/1525
f 1526/1526/1526 1519/1519/1519 1516/1516/1516
f 1517/1517/1517 1526/1526/1526 1516/1516/1516
f 1526/1526/1526 1524/1524/1524 1519/1519/1519
f 1527/1527/1527 1525/1525/1525 1524/1524/1524
f 1527/1527/1527 1524/1524/1524 1526/1526/1526
f 1526/1526/1526 1517/1517/1517 1528/1528/1528
f 1517/1517/1517 1529/1529/1529 1528/1528/1528
f 1526/1526/1526 1528/1528/1528 1530/1530/1530
f 1527/1527/1527 1526/1526/1526 1530/1530/1530
f 1530/1530/1530 1531/1531/1531 1527/1527/1527
f 1525/1525/1525 1527/1527/1527 1531/1531/1531
f 1532/1532/1532 1525/1525/1525 1531/1531/1531
f 1509/1509/1509 1510/1510/1510 1521/1521/1521
f 1509/1509/1509 1521/1521/1521 1533/1533/1533
f 1533/1533/1533 1521/1521/1521 1522/1522/1522
f 1533/1533/1533 1522/1522/1522 1523/1523/1523
f 1532/1532/1532 1533/1533/1533 1523/1523/1523
f 1532/1532/1532 1523/1523/1523 1525/1525/1525
f 1534/1534/1534 1509/1509/1509 1533/1533/1533
f 1509/1509/1509 1534/1534/1534 1508/1508/1508
f 1507/1507/1507 1508/1508/1508 1534/1534/1534
f 1537/1537/1537 1536/1536/1536 1535/1535/1535
f 1536/1536/1536 1538/1538/1538 1535/1535/1535
f 1536/1536/1536 1539/1539/1539 1538/1538/1538
f 1538/1538/1538 1539/1539/1539 1540/1540/1540
f 1536/1536/1536 1541/1541/1541 1539/1539/1539
f 1540/1540/1540 1539/1539/1539 1541/1541/1541
f 1542/1542/1542 1541/1541/1541 1536/1536/1536
f 1543/1543/1543 1542/1542/1542 1536/1536/1536
f 1542/1542/1542 1544/1544/1544 1541/1541/1541
f 1545/1545/1545 1538/1538/1538 1540/1540/1540
f 1545/1545/1545 1546/1546/1546 1538/1538/1538
f 1545/1545/1545 1547/1547/1547 1546/1546/1546
f 1548/1548/1548 1546/1546/1546 1547/1547/1547
f 1540/1540/1540 1549/1549/1549 1545/1545/1545
f 1547/1547/1547 1545/1545/1545 1549/1549/1549
f 1550/1550/1550 1548/1548/1548 1547/1547/1547
f 1550/1550/1550 1551/1551/1551 1548/1548/1548
f 1547/1547/1547 1552/1552/1552 1550/1550/1550
f 1547/1547/1547 1549/1549/1549 1552/1552/1552
f 1552/1552/1552 1553/1553/1553 1550/1550/1550
f 1553/1553/1553 1552/1552/1552 1554/1554/1554
f 1552/1552/1552 1549/1549/1549 1554/1554/1554
f 1555/1555/1555 1553/1553/1553 1554/1554/1554
f 1556/1556/1556 1549/1549/1549 1540/1540/1540
f 1556/1556/1556 1554/1554/1554 1549/1549/1549
f 1555/1555/1555 1554/1554/1554 1557/1557/1557
f 1557/1557/1557 1554/1554/1554 1556/1556/1556
f 1556/1556/1556 1540/1540/1540 1558/1558/1558
f 1557/1557/1557 1556/1556/1556 1558/1558/1558
f 1541/1541/1541 1558/1558/1558 1540/1540/1540
f 1559/1559/1559 1555/1555/1555 1557/1557/1557
f 1559/1559/1559 1557/1557/1557 1558/1558/1558
f 1555/1555/1555 1559/1559/1559 1560/1560/1560
f 1560/1560/1560 1559/1559/1559 1561/1561/1561
f 1541/1541/1541 1562/1562/1562 1558/1558/1558
f 1544/1544/1544 1562/1562/1562 1541/1541/1541
f 1559/1559/1559 1558/1558/1558 1563/1563/1563
f 1561/1561/1561 1559/1559/1559 1563/1563/1563
f 1563/1563/1563 1558/1558/1558 1562/1562/1562
f 1561/1561/1561 1563/1563/1563 1564/1564/1564
f 1565/1565/1565 1561/1561/1561 1564/1564/1564
f 1566/1566/1566 1564/1564/1564 1563/1563/1563
f 1562/1562/1562 1566/1566/1566 1563/1563/1563
f 1544/1544/1544 1567/1567/1567 1562/1562/1562
f 1566/1566/1566 1562/1562/1562 1567/1567/1567
f 1567/1567/1567 1544/1544/1544 1568/1568/1568
f 1566/1566/1566 1567/1567/1567 1569/1569/1569
f 1568/1568/1568 1569/1569/1569 1567/1567/1567
f 1568/1568/1568 1570/1570/1570 1569/1569/1569
f 1571/1571/1571 1569/1569/1569 1570/1570/1570
f 1569/1569/1569 1571/1571/1571 1572/1572/1572
f 1569/1569/1569 1572/1572/1572 1566/1566/1566
f 1573/1573/1573 1572/1572/1572 1571/1571/1571
f 1566/1566/1566 1572/1572/1572 1565/1565/1565
f 1566/1566/1566 1565/1565/1565 1564/1564/1564
f 1572/1572/1572 1573/1573/1573 1574/1574/1574
f 1574/1574/1574 1565/1565/1565 1572/1572/1572
f 1573/1573/1573 1575/1575/1575 1574/1574/1574
f 1576/1576/1576 1574/1574/1574 1575/1575/1575
f 1576/1576/1576 1577/1577/1577 1574/1574/1574
f 1577/1577/1577 1565/1565/1565 1574/1574/1574
f 1565/1565/1565 1577/1577/1577 1560/1560/1560
f 1561/1561/1561 1565/1565/1565 1560/1560/1560
f 1580/1580/1580 1579/1579/1579 1578/1578/1578
f 1579/1579/1579 1581/1581/1581 1578/1578/1578
f 1579/1579/1579 1582/1582/1582 1581/1581/1581
f 1578/1578/1578 1581/1581/1581 1583/1583/1583
f 1583/1583/1583 1584/1584/1584 1578/1578/1578
f 1581/1581/1581 1582/1582/1582 1585/1585/1585
f 1586/1586/1586 1585/1585/1585 1582/1582/1582
f 1581/1581/1581 1587/1587/1587 1583/1583/1583
f 1587/1587/1587 1581/1581/1581 1585/1585/1585
f 1586/1586/1586 1588/1588/1588 1585/1585/1585
f 1588/1588/1588 1586/1586/1586 1589/1589/1589
f 1587/1587/1587 1585/1585/1585 1590/1590/1590
f 1588/1588/1588 1590/1590/1590 1585/1585/1585
f 1591/1591/1591 1588/1588/1588 1589/1589/1589
f 1589/1589/1589 1592/1592/1592 1591/1591/1591
f 1591/1591/1591 1592/1592/1592 1593/1593/1593
f 1588/1588/1588 1591/1591/1591 1594/1594/1594
f 1594/1594/1594 1591/1591/1591 1593/1593/1593
f 1588/1588/1588 1594/1594/1594 1590/1590/1590
f 1595/1595/1595 1594/1594/1594 1593/1593/1593
f 1594/1594/1594 1595/1595/1595 1590/1590/1590
f 1596/1596/1596 1595/1595/1595 1593/1593/1593
f 1595/1595/1595 1596/1596/1596 1597/1597/1597
f 1597/1597/1597 1598/1598/1598 1595/1595/1595
f 1587/1587/1587 1590/1590/1590 1599/1599/1599
f 1595/1595/1595 1599/1599/1599 1590/1590/1590
f 1600/1600/1600 1595/1595/1595 1598/1598/1598
f 1599/1599/1599 1595/1595/1595 1600/1600/1600
f 1600/1600/1600 1598/1598/1598 1601/1601/1601
f 1602/1602/1602 1600/1600/1600 1601/1601/1601
f 1599/1599/1599 1603/1603/1603 1587/1587/1587
f 1599/1599/1599 1600/1600/1600 1603/1603/1603
f 1602/1602/1602 1603/1603/1603 1600/1600/1600
f 1603/1603/1603 1583/1583/1583 1587/1587/1587
f 1603/1603/1603 1602/1602/1602 1604/1604/1604
f 1605/1605/1605 1583/1583/1583 1603/1603/1603
f 1604/1604/1604 1605/1605/1605 1603/1603/1603
f 1604/1604/1604 1606/1606/1606 1605/1605/1605
f 1605/1605/1605 1584/1584/1584 1583/1583/1583
f 1607/1607/1607 1605/1605/1605 1606/1606/1606
f 1607/1607/1607 1584/1584/1584 1605/1605/1605
f 1608/1608/1608 1584/1584/1584 1607/1607/1607
f 1611/1611/1611 1610/1610/1610 1609/1609/1609
f 1608/1608/1608 1611/1611/1611 1609/1609/1609
f 1608/1608/1608 1609/1609/1609 1612/1612/1612
f 1607/1607/1607 1611/1611/1611 1608/1608/1608
f 1607/1607/1607 1606/1606/1606 1611/1611/1611
f 1606/1606/1606 1613/1613/1613 1611/1611/1611
f 1614/1614/1614 1608/1608/1608 1612/1612/1612
f 1584/1584/1584 1608/1608/1608 1614/1614/1614
f 1578/1578/1578 1584/1584/1584 1614/1614/1614
f 1614/1614/1614 1580/1580/1580 1578/1578/1578
f 1612/1612/1612 1580/1580/1580 1614/1614/1614
f 1615/1615/1615 1580/1580/1580 1612/1612/1612
f 1618/1618/1618 1617/1617/1617 1616/1616/1616
f 1616/1616/1616 1617/1617/1617 1619/1619/1619
f 1622/1622/1622 1621/1621/1621 1620/1620/1620
f 1621/1621/1621 1623/1623/1623 1620/1620/1620
f 1626/1626/1626 1625/1625/1625 1624/1624/1624
f 1624/1624/1624 1625/1625/1625 1627/1627/1627
f 1625/1625/1625 1628/1628/1628 1627/1627/1627
f 1631/1631/1631 1630/1630/1630 1629/1629/1629
f 1629/1629/1629 1630/1630/1630 1632/1632/1632
f 111/111/111 1629/1629/1629 1632/1632/1632
f 110/110/110 111/111/111 1632/1632/1632
f 1632/1632/1632 1630/1630/1630 1633/1633/1633
f 1628/1628/1628 1633/1633/1633 1630/1630/1630
f 1628/1628/1628 1625/1625/1625 1633/1633/1633
f 1625/1625/1625 115/115/115 1633/1633/1633
f 1632/1632/1632 1633/1633/1633 115/115/115
f 115/115/115 113/113/113 1632/1632/1632
f 1634/1634/1634 110/110/110 1632/1632/1632
f 1632/1632/1632 113/113/113 1634/1634/1634
f 110/110/110 1634/1634/1634 1635/1635/1635
f 113/113/113 1636/1636/1636 1634/1634/1634
f 1634/1634/1634 1637/1637/1637 1635/1635/1635
f 1636/1636/1636 1638/1638/1638 1634/1634/1634
f 1637/1637/1637 1634/1634/1634 1638/1638/1638
f 118/118/118 1640/1640/1640 1639/1639/1639
f 118/118/118 1639/1639/1639 117/117/117
f 1642/1642/1642 1641/1641/1641 117/117/117
f 1639/1639/1639 1642/1642/1642 117/117/117
f 1643/1643/1643 1642/1642/1642 1639/1639/1639
f 1643/1643/1643 1639/1639/1639 1644/1644/1644
f 1640/1640/1640 1644/1644/1644 1639/1639/1639
f 119/119/119 1643/1643/1643 1644/1644/1644
f 1640/1640/1640 1645/1645/1645 1644/1644/1644
f 119/119/119 1644/1644/1644 1646/1646/1646
f 1645/1645/1645 1646/1646/1646 1644/1644/1644
f 121/121/121 119/119/119 1646/1646/1646
f 1647/1647/1647 121/121/121 1646/1646/1646
f 1648/1648/1648 1646/1646/1646 1645/1645/1645
f 1647/1647/1647 1646/1646/1646 1648/1648/1648
f 1645/1645/1645 1649/1649/1649 1648/1648/1648
f 1649/1649/1649 1650/1650/1650 1648/1648/1648
f 1651/1651/1651 1647/1647/1647 1648/1648/1648
f 1650/1650/1650 1652/1652/1652 1648/1648/1648
f 1651/1651/1651 1648/1648/1648 1652/1652/1652
f 1653/1653/1653 1651/1651/1651 1652/1652/1652
f 1656/1656/1656 1655/1655/1655 1654/1654/1654
f 1657/1657/1657 1655/1655/1655 1656/1656/1656
f 1657/1657/1657 1658/1658/1658 1655/1655/1655
f 1659/1659/1659 1657/1657/1657 1656/1656/1656
f 1659/1659/1659 1656/1656/1656 1660/1660/1660
f 1661/1661/1661 1659/1659/1659 1660/1660/1660
f 1662/1662/1662 1659/1659/1659 1661/1661/1661
f 1663/1663/1663 1662/1662/1662 1661/1661/1661
f 1661/1661/1661 1660/1660/1660 1664/1664/1664
f 1664/1664/1664 1660/1660/1660 1665/1665/1665
f 1661/1661/1661 1664/1664/1664 1666/1666/1666
f 1667/1667/1667 1666/1666/1666 1664/1664/1664
f 1668/1668/1668 1667/1667/1667 1664/1664/1664
f 1669/1669/1669 1666/1666/1666 1667/1667/1667
f 1668/1668/1668 1670/1670/1670 1667/1667/1667
f 1669/1669/1669 1667/1667/1667 1671/1671/1671
f 1670/1670/1670 1672/1672/1672 1667/1667/1667
f 1667/1667/1667 1672/1672/1672 1671/1671/1671
f 1661/1661/1661 1666/1666/1666 1663/1663/1663
f 1663/1663/1663 1666/1666/1666 1673/1673/1673
f 1669/1669/1669 1673/1673/1673 1666/1666/1666
f 1673/1673/1673 1669/1669/1669 1674/1674/1674
f 1669/1669/1669 1671/1671/1671 1674/1674/1674
f 1677/1677/1677 1676/1676/1676 1675/1675/1675
f 1675/1675/1675 1678/1678/1678 1677/1677/1677
f 1679/1679/1679 1677/1677/1677 1678/1678/1678
f 1680/1680/1680 1679/1679/1679 1678/1678/1678
f 1678/1678/1678 1681/1681/1681 1680/1680/1680
f 1675/1675/1675 1682/1682/1682 1678/1678/1678
f 1682/1682/1682 1681/1681/1681 1678/1678/1678
f 1683/1683/1683 1682/1682/1682 1675/1675/1675
f 1682/1682/1682 1684/1684/1684 1681/1681/1681
f 1679/1679/1679 1680/1680/1680 1685/1685/1685
f 1686/1686/1686 1679/1679/1679 1685/1685/1685
f 1689/1689/1689 1688/1688/1688 1687/1687/1687
f 1687/1687/1687 1688/1688/1688 1690/1690/1690
f 1691/1691/1691 1687/1687/1687 1690/1690/1690
f 1691/1691/1691 1692/1692/1692 1687/1687/1687
f 1692/1692/1692 1693/1693/1693 1687/1687/1687
f 1692/1692/1692 1691/1691/1691 1694/1694/1694
f 1690/1690/1690 1695/1695/1695 1691/1691/1691
f 1690/1690/1690 1685/1685/1685 1695/1695/1695
f 1691/1691/1691 1696/1696/1696 1694/1694/1694
f 1695/1695/1695 1696/1696/1696 1691/1691/1691
f 1694/1694/1694 1696/1696/1696 1684/1684/1684
f 1695/1695/1695 1680/1680/1680 1696/1696/1696
f 1681/1681/1681 1684/1684/1684 1696/1696/1696
f 1681/1681/1681 1696/1696/1696 1680/1680/1680
f 1699/1699/1699 1698/1698/1698 1697/1697/1697
f 1699/1699/1699 1700/1700/1700 1698/1698/1698
f 1701/1701/1701 1700/1700/1700 1699/1699/1699
f 1698/1698/1698 1700/1700/1700 1702/1702/1702
f 1703/1703/1703 1702/1702/1702 1700/1700/1700
f 1702/1702/1702 1704/1704/1704 1698/1698/1698
f 1705/1705/1705 1703/1703/1703 1700/1700/1700
f 1706/1706/1706 1703/1703/1703 1705/1705/1705
f 1707/1707/1707 1698/1698/1698 1704/1704/1704
f 1707/1707/1707 1708/1708/1708 1698/1698/1698
f 1707/1707/1707 1709/1709/1709 1708/1708/1708
f 1707/1707/1707 1710/1710/1710 1709/1709/1709
f 1707/1707/1707 1704/1704/1704 1710/1710/1710
f 1710/1710/1710 1704/1704/1704 1711/1711/1711
f 1712/1712/1712 1703/1703/1703 1706/1706/1706
f 1712/1712/1712 1706/1706/1706 1713/1713/1713
f 1712/1712/1712 1713/1713/1713 1714/1714/1714
f 1715/1715/1715 1712/1712/1712 1714/1714/1714
f 1715/1715/1715 1714/1714/1714 1716/1716/1716
f 1712/1712/1712 1715/1715/1715 1717/1717/1717
f 1712/1712/1712 1717/1717/1717 1703/1703/1703
f 1715/1715/1715 1718/1718/1718 1717/1717/1717
f 1715/1715/1715 1719/1719/1719 1718/1718/1718
f 1719/1719/1719 1720/1720/1720 1718/1718/1718
f 1718/1718/1718 1720/1720/1720 130/130/130
f 1720/1720/1720 1721/1721/1721 130/130/130
f 1721/1721/1721 129/129/129 130/130/130
f 1703/1703/1703 1717/1717/1717 1722/1722/1722
f 1723/1723/1723 1717/1717/1717 1718/1718/1718
f 1717/1717/1717 1723/1723/1723 1722/1722/1722
f 1722/1722/1722 1723/1723/1723 1724/1724/1724
f 1703/1703/1703 1722/1722/1722 1725/1725/1725
f 1722/1722/1722 1726/1726/1726 1725/1725/1725
f 1703/1703/1703 1725/1725/1725 1702/1702/1702
f 1727/1727/1727 1725/1725/1725 1726/1726/1726
f 1725/1725/1725 1728/1728/1728 1702/1702/1702
f 1727/1727/1727 1728/1728/1728 1725/1725/1725
f 1704/1704/1704 1702/1702/1702 1728/1728/1728
f 1729/1729/1729 1728/1728/1728 1727/1727/1727
f 130/130/130 1730/1730/1730 1718/1718/1718
f 1730/1730/1730 1723/1723/1723 1718/1718/1718
f 1731/1731/1731 1723/1723/1723 1730/1730/1730
f 1723/1723/1723 1731/1731/1731 1732/1732/1732
f 1733/1733/1733 1731/1731/1731 1730/1730/1730
f 1730/1730/1730 130/130/130 1734/1734/1734
f 1734/1734/1734 1735/1735/1735 1730/1730/1730
f 1735/1735/1735 1734/1734/1734 1736/1736/1736
f 131/131/131 1734/1734/1734 130/130/130
f 1734/1734/1734 131/131/131 1737/1737/1737
f 131/131/131 1738/1738/1738 1737/1737/1737
f 131/131/131 1739/1739/1739 1738/1738/1738
f 1728/1728/1728 1729/1729/1729 1740/1740/1740
f 1741/1741/1741 1728/1728/1728 1740/1740/1740
f 1728/1728/1728 1741/1741/1741 1704/1704/1704
f 1740/1740/1740 1729/1729/1729 1742/1742/1742
f 1729/1729/1729 1743/1743/1743 1742/1742/1742
f 1741/1741/1741 1744/1744/1744 1704/1704/1704
f 1711/1711/1711 1704/1704/1704 1744/1744/1744
f 1743/1743/1743 1745/1745/1745 1742/1742/1742
f 1745/1745/1745 1743/1743/1743 1746/1746/1746
f 1747/1747/1747 1742/1742/1742 1745/1745/1745
f 1747/1747/1747 1745/1745/1745 1748/1748/1748
f 1742/1742/1742 1747/1747/1747 1749/1749/1749
f 1749/1749/1749 1740/1740/1740 1742/1742/1742
f 1747/1747/1747 1750/1750/1750 1749/1749/1749
f 1751/1751/1751 1749/1749/1749 1750/1750/1750
f 1752/1752/1752 1751/1751/1751 1750/1750/1750
f 1749/1749/1749 1751/1751/1751 1753/1753/1753
f 1754/1754/1754 1749/1749/1749 1753/1753/1753
f 1740/1740/1740 1749/1749/1749 1754/1754/1754
f 1754/1754/1754 1753/1753/1753 1755/1755/1755
f 1754/1754/1754 1755/1755/1755 1756/1756/1756
f 1757/1757/1757 1754/1754/1754 1756/1756/1756
f 1757/1757/1757 1740/1740/1740 1754/1754/1754
f 1741/1741/1741 1740/1740/1740 1757/1757/1757
f 1757/1757/1757 1758/1758/1758 1741/1741/1741
f 1741/1741/1741 1758/1758/1758 1744/1744/1744
f 126/126/126 1744/1744/1744 1758/1758/1758
f 1759/1759/1759 1744/1744/1744 126/126/126
f 1711/1711/1711 1744/1744/1744 1759/1759/1759
f 127/127/127 1759/1759/1759 126/126/126
f 1759/1759/1759 1760/1760/1760 1711/1711/1711
f 1711/1711/1711 1760/1760/1760 1761/1761/1761
f 1759/1759/1759 1762/1762/1762 1760/1760/1760
f 1762/1762/1762 1759/1759/1759 127/127/127
f 1763/1763/1763 1762/1762/1762 127/127/127
f 127/127/127 128/128/128 1763/1763/1763
f 126/126/126 1758/1758/1758 125/125/125
f 125/125/125 1758/1758/1758 1739/1739/1739
f 131/131/131 125/125/125 1739/1739/1739
f 1758/1758/1758 1764/1764/1764 1739/1739/1739
f 1758/1758/1758 1765/1765/1765 1764/1764/1764
f 1768/1768/1768 1767/1767/1767 1766/1766/1766
f 1769/1769/1769 1768/1768/1768 1766/1766/1766
f 1772/1772/1772 1771/1771/1771 1770/1770/1770
f 1773/1773/1773 1772/1772/1772 1770/1770/1770
f 1774/1774/1774 1773/1773/1773 1770/1770/1770
f 1773/1773/1773 1774/1774/1774 1775/1775/1775
f 1775/1775/1775 1774/1774/1774 1776/1776/1776
f 1777/1777/1777 1775/1775/1775 1776/1776/1776
f 1777/1777/1777 1776/1776/1776 1778/1778/1778
f 1778/1778/1778 1776/1776/1776 1779/1779/1779
f 1780/1780/1780 1778/1778/1778 1779/1779/1779
f 1781/1781/1781 1779/1779/1779 1776/1776/1776
f 1781/1781/1781 1776/1776/1776 1782/1782/1782
f 1776/1776/1776 1783/1783/1783 1782/1782/1782
f 1784/1784/1784 1783/1783/1783 1776/1776/1776
f 1784/1784/1784 1776/1776/1776 1785/1785/1785
f 1776/1776/1776 1786/1786/1786 1785/1785/1785
f 1774/1774/1774 1786/1786/1786 1776/1776/1776
f 1787/1787/1787 1786/1786/1786 1774/1774/1774
f 1770/1770/1770 1787/1787/1787 1774/1774/1774
f 1786/1786/1786 1787/1787/1787 1788/1788/1788
f 1789/1789/1789 1788/1788/1788 1787/1787/1787
f 1787/1787/1787 1770/1770/1770 1790/1790/1790
f 1791/1791/1791 1790/1790/1790 1770/1770/1770
f 1770/1770/1770 149/149/149 1791/1791/1791
f 149/149/149 1792/1792/1792 1791/1791/1791
f 1793/1793/1793 149/149/149 1770/1770/1770
f 1793/1793/1793 148/148/148 149/149/149
f 1794/1794/1794 1792/1792/1792 149/149/149
f 1794/1794/1794 149/149/149 1795/1795/1795
f 149/149/149 150/150/150 1795/1795/1795
f 150/150/150 1796/1796/1796 1795/1795/1795
f 1797/1797/1797 1795/1795/1795 1796/1796/1796
f 1798/1798/1798 1796/1796/1796 150/150/150
f 1799/1799/1799 1796/1796/1796 1798/1798/1798
f 1800/1800/1800 1799/1799/1799 1798/1798/1798
f 1798/1798/1798 150/150/150 1801/1801/1801
f 1802/1802/1802 1801/1801/1801 150/150/150
f 147/147/147 1802/1802/1802 150/150/150
f 1802/1802/1802 1803/1803/1803 1801/1801/1801
f 1804/1804/1804 1798/1798/1798 1801/1801/1801
f 1804/1804/1804 1805/1805/1805 1798/1798/1798
f 1805/1805/1805 1804/1804/1804 1806/1806/1806
f 1801/1801/1801 1803/1803/1803 1807/1807/1807
f 1801/1801/1801 1807/1807/1807 1804/1804/1804
f 1803/1803/1803 1808/1808/1808 1807/1807/1807
f 1804/1804/1804 1807/1807/1807 1809/1809/1809
f 1807/1807/1807 1808/1808/1808 1809/1809/1809
f 1809/1809/1809 1810/1810/1810 1804/1804/1804
f 1809/1809/1809 1808/1808/1808 1811/1811/1811
f 1812/1812/1812 1811/1811/1811 1808/1808/1808
f 1809/1809/1809 1811/1811/1811 1813/1813/1813
f 1813/1813/1813 1811/1811/1811 1814/1814/1814
f 1814/1814/1814 1811/1811/1811 1815/1815/1815
f 1814/1814/1814 1815/1815/1815 1816/1816/1816
f 1816/1816/1816 1817/1817/1817 1814/1814/1814
f 1817/1817/1817 1818/1818/1818 1814/1814/1814
f 1816/1816/1816 1815/1815/1815 1819/1819/1819
f 1820/1820/1820 1819/1819/1819 1815/1815/1815
f 1821/1821/1821 1819/1819/1819 1820/1820/1820
f 1821/1821/1821 1822/1822/1822 1819/1819/1819
f 1821/1821/1821 1820/1820/1820 1823/1823/1823
f 1820/1820/1820 1824/1824/1824 1823/1823/1823
f 1825/1825/1825 1821/1821/1821 1823/1823/1823
f 1825/1825/1825 1823/1823/1823 1826/1826/1826
f 1827/1827/1827 1825/1825/1825 1826/1826/1826
f 1825/1825/1825 1827/1827/1827 1828/1828/1828
f 1827/1827/1827 1829/1829/1829 1828/1828/1828
f 1826/1826/1826 1780/1780/1780 1827/1827/1827
f 1826/1826/1826 1830/1830/1830 1780/1780/1780
f 1830/1830/1830 1826/1826/1826 1831/1831/1831
f 1827/1827/1827 1780/1780/1780 1779/1779/1779
f 1827/1827/1827 1779/1779/1779 1832/1832/1832
f 1832/1832/1832 1779/1779/1779 1833/1833/1833
f 1820/1820/1820 1815/1815/1815 1824/1824/1824
f 1815/1815/1815 1834/1834/1834 1824/1824/1824
f 1835/1835/1835 1834/1834/1834 1815/1815/1815
f 1835/1835/1835 1815/1815/1815 1811/1811/1811
f 1812/1812/1812 1835/1835/1835 1811/1811/1811
f 1836/1836/1836 153/153/153 151/151/151
f 1837/1837/1837 1836/1836/1836 151/151/151
f 1838/1838/1838 1836/1836/1836 1837/1837/1837
f 1839/1839/1839 1836/1836/1836 1838/1838/1838
f 1840/1840/1840 1839/1839/1839 1838/1838/1838
f 1841/1841/1841 1839/1839/1839 1840/1840/1840
f 1842/1842/1842 1841/1841/1841 1840/1840/1840
f 1843/1843/1843 1841/1841/1841 1842/1842/1842
f 1844/1844/1844 1843/1843/1843 1842/1842/1842
f 1844/1844/1844 1845/1845/1845 1843/1843/1843
f 1844/1844/1844 1846/1846/1846 1845/1845/1845
f 1847/1847/1847 1845/1845/1845 1846/1846/1846
f 1846/1846/1846 1848/1848/1848 1847/1847/1847
f 1848/1848/1848 1849/1849/1849 1847/1847/1847
f 1850/1850/1850 1842/1842/1842 1840/1840/1840
f 1850/1850/1850 1840/1840/1840 1838/1838/1838
f 1851/1851/1851 1838/1838/1838 1837/1837/1837
f 1838/1838/1838 1851/1851/1851 1850/1850/1850
f 1852/1852/1852 1851/1851/1851 1837/1837/1837
f 1850/1850/1850 1851/1851/1851 1853/1853/1853
f 1851/1851/1851 1852/1852/1852 1853/1853/1853
f 1852/1852/1852 1837/1837/1837 1854/1854/1854
f 1837/1837/1837 151/151/151 1854/1854/1854
f 1850/1850/1850 1853/1853/1853 1855/1855/1855
f 1855/1855/1855 1853/1853/1853 1856/1856/1856
f 1857/1857/1857 1850/1850/1850 1855/1855/1855
f 1857/1857/1857 1855/1855/1855 1858/1858/1858
f 1859/1859/1859 1858/1858/1858 1855/1855/1855
f 1856/1856/1856 1859/1859/1859 1855/1855/1855
f 1858/1858/1858 1859/1859/1859 1860/1860/1860
f 1861/1861/1861 1860/1860/1860 1859/1859/1859
f 1861/1861/1861 1859/1859/1859 1856/1856/1856
f 1861/1861/1861 1862/1862/1862 1860/1860/1860
f 1861/1861/1861 1856/1856/1856 1863/1863/1863
f 335/335/335 1863/1863/1863 1856/1856/1856
f 1864/1864/1864 1853/1853/1853 1852/1852/1852
f 1852/1852/1852 1854/1854/1854 1864/1864/1864
f 335/335/335 1856/1856/1856 1865/1865/1865
f 1865/1865/1865 334/334/334 335/335/335
f 1853/1853/1853 1866/1866/1866 1856/1856/1856
f 1853/1853/1853 1864/1864/1864 1866/1866/1866
f 1866/1866/1866 1865/1865/1865 1856/1856/1856
f 1864/1864/1864 1867/1867/1867 1866/1866/1866
f 1865/1865/1865 1866/1866/1866 1867/1867/1867
f 1868/1868/1868 1865/1865/1865 1867/1867/1867
f 1865/1865/1865 1868/1868/1868 334/334/334
f 1868/1868/1868 1869/1869/1869 334/334/334
f 1870/1870/1870 1864/1864/1864 1854/1854/1854
f 1854/1854/1854 1871/1871/1871 1870/1870/1870
f 1870/1870/1870 1871/1871/1871 1872/1872/1872
f 1872/1872/1872 1871/1871/1871 1873/1873/1873
f 1854/1854/1854 1873/1873/1873 1871/1871/1871
f 1854/1854/1854 151/151/151 1873/1873/1873
f 152/152/152 1873/1873/1873 151/151/151
f 1875/1875/1875 1874/1874/1874 155/155/155
f 1874/1874/1874 156/156/156 155/155/155
f 1874/1874/1874 1876/1876/1876 156/156/156
f 1877/1877/1877 156/156/156 1876/1876/1876
f 156/156/156 1877/1877/1877 154/154/154
f 1877/1877/1877 1876/1876/1876 1878/1878/1878
f 1878/1878/1878 1876/1876/1876 1879/1879/1879
f 1879/1879/1879 1880/1880/1880 1878/1878/1878
f 1881/1881/1881 1878/1878/1878 1880/1880/1880
f 1878/1878/1878 1881/1881/1881 1882/1882/1882
f 1882/1882/1882 1877/1877/1877 1878/1878/1878
f 154/154/154 1877/1877/1877 1883/1883/1883
f 154/154/154 1883/1883/1883 152/152/152
f 1873/1873/1873 152/152/152 1883/1883/1883
f 1883/1883/1883 1872/1872/1872 1873/1873/1873
f 1877/1877/1877 1872/1872/1872 1883/1883/1883
f 1872/1872/1872 1877/1877/1877 1882/1882/1882
f 1870/1870/1870 1872/1872/1872 1882/1882/1882
f 1884/1884/1884 1882/1882/1882 1881/1881/1881
f 1884/1884/1884 1881/1881/1881 1885/1885/1885
f 1870/1870/1870 1882/1882/1882 1886/1886/1886
f 1882/1882/1882 1884/1884/1884 1886/1886/1886
f 1887/1887/1887 1884/1884/1884 1885/1885/1885
f 1887/1887/1887 1886/1886/1886 1884/1884/1884
f 1869/1869/1869 1887/1887/1887 1885/1885/1885
f 1868/1868/1868 1887/1887/1887 1869/1869/1869
f 1868/1868/1868 1886/1886/1886 1887/1887/1887
f 1868/1868/1868 1867/1867/1867 1886/1886/1886
f 1867/1867/1867 1870/1870/1870 1886/1886/1886
f 1870/1870/1870 1867/1867/1867 1864/1864/1864
f 1888/1888/1888 158/158/158 159/159/159
f 159/159/159 1889/1889/1889 1888/1888/1888
f 1890/1890/1890 1888/1888/1888 1889/1889/1889
f 159/159/159 1891/1891/1891 1889/1889/1889
f 212/212/212 1891/1891/1891 159/159/159
f 212/212/212 214/214/214 1891/1891/1891
f 214/214/214 1892/1892/1892 1891/1891/1891
f 1891/1891/1891 1892/1892/1892 1893/1893/1893
f 1889/1889/1889 1891/1891/1891 1894/1894/1894
f 1894/1894/1894 1891/1891/1891 1893/1893/1893
f 1889/1889/1889 1894/1894/1894 1895/1895/1895
f 1889/1889/1889 1895/1895/1895 1890/1890/1890
f 1894/1894/1894 1893/1893/1893 1896/1896/1896
f 1894/1894/1894 1896/1896/1896 1895/1895/1895
f 1893/1893/1893 1897/1897/1897 1896/1896/1896
f 1897/1897/1897 172/172/172 1896/1896/1896
f 172/172/172 173/173/173 1896/1896/1896
f 1895/1895/1895 1896/1896/1896 1898/1898/1898
f 1898/1898/1898 1896/1896/1896 173/173/173
f 1899/1899/1899 1890/1890/1890 1895/1895/1895
f 1895/1895/1895 1898/1898/1898 1899/1899/1899
f 1890/1890/1890 1899/1899/1899 1900/1900/1900
f 1901/1901/1901 1890/1890/1890 1900/1900/1900
f 165/165/165 1899/1899/1899 1898/1898/1898
f 1898/1898/1898 173/173/173 165/165/165
f 164/164/164 165/165/165 173/173/173
f 164/164/164 173/173/173 168/168/168
f 216/216/216 1902/1902/1902 215/215/215
f 1902/1902/1902 208/208/208 215/215/215
f 215/215/215 208/208/208 210/210/210
f 208/208/208 1902/1902/1902 1903/1903/1903
f 1904/1904/1904 1903/1903/1903 1902/1902/1902
f 205/205/205 208/208/208 1903/1903/1903
f 205/205/205 1903/1903/1903 204/204/204
f 1905/1905/1905 201/201/201 204/204/204
f 201/201/201 1905/1905/1905 1906/1906/1906
f 196/196/196 201/201/201 1906/1906/1906
f 1907/1907/1907 1906/1906/1906 1905/1905/1905
f 1906/1906/1906 194/194/194 196/196/196
f 1908/1908/1908 1906/1906/1906 1907/1907/1907
f 1906/1906/1906 1908/1908/1908 194/194/194
f 1908/1908/1908 195/195/195 194/194/194
f 1908/1908/1908 1909/1909/1909 195/195/195
f 1909/1909/1909 1910/1910/1910 195/195/195
f 195/195/195 1910/1910/1910 1911/1911/1911
f 1912/1912/1912 1911/1911/1911 1910/1910/1910
f 1911/1911/1911 193/193/193 195/195/195
f 1911/1911/1911 1912/1912/1912 1913/1913/1913
f 193/193/193 1911/1911/1911 1913/1913/1913
f 1913/1913/1913 191/191/191 193/193/193
f 192/192/192 191/191/191 1913/1913/1913
f 1916/1916/1916 1915/1915/1915 1914/1914/1914
f 1916/1916/1916 1917/1917/1917 1915/1915/1915
f 1917/1917/1917 1918/1918/1918 1915/1915/1915
f 1919/1919/1919 1917/1917/1917 1916/1916/1916
f 1920/1920/1920 1919/1919/1919 1916/1916/1916
f 1921/1921/1921 1919/1919/1919 1920/1920/1920
f 1921/1921/1921 1922/1922/1922 1919/1919/1919
f 1917/1917/1917 1919/1919/1919 1922/1922/1922
f 1917/1917/1917 1923/1923/1923 1918/1918/1918
f 1923/1923/1923 1924/1924/1924 1918/1918/1918
f 1917/1917/1917 1922/1922/1922 1925/1925/1925
f 1925/1925/1925 1923/1923/1923 1917/1917/1917
f 1923/1923/1923 1926/1926/1926 1924/1924/1924
f 1926/1926/1926 1927/1927/1927 1924/1924/1924
f 1922/1922/1922 1928/1928/1928 1925/1925/1925
f 1929/1929/1929 1928/1928/1928 1922/1922/1922
f 1929/1929/1929 1930/1930/1930 1928/1928/1928
f 1925/1925/1925 1931/1931/1931 1923/1923/1923
f 1931/1931/1931 1925/1925/1925 1928/1928/1928
f 1923/1923/1923 1931/1931/1931 1926/1926/1926
f 1932/1932/1932 1928/1928/1928 1930/1930/1930
f 1931/1931/1931 1928/1928/1928 1932/1932/1932
f 1931/1931/1931 1932/1932/1932 1926/1926/1926
f 1932/1932/1932 1930/1930/1930 1933/1933/1933
f 1934/1934/1934 1932/1932/1932 1933/1933/1933
f 1935/1935/1935 1932/1932/1932 1934/1934/1934
f 1935/1935/1935 1926/1926/1926 1932/1932/1932
f 1936/1936/1936 1927/1927/1927 1926/1926/1926
f 1936/1936/1936 1926/1926/1926 1935/1935/1935
f 1937/1937/1937 1927/1927/1927 1936/1936/1936
f 1936/1936/1936 1935/1935/1935 1938/1938/1938
f 1937/1937/1937 1936/1936/1936 1939/1939/1939
f 1939/1939/1939 1936/1936/1936 1938/1938/1938
f 1939/1939/1939 1938/1938/1938 1940/1940/1940
f 1940/1940/1940 1941/1941/1941 1939/1939/1939
f 1942/1942/1942 1939/1939/1939 1941/1941/1941
f 1942/1942/1942 1937/1937/1937 1939/1939/1939
f 1940/1940/1940 1943/1943/1943 1941/1941/1941
f 1943/1943/1943 1940/1940/1940 1944/1944/1944
f 1943/1943/1943 1944/1944/1944 1945/1945/1945
f 1946/1946/1946 1941/1941/1941 1943/1943/1943
f 1947/1947/1947 1941/1941/1941 1946/1946/1946
f 1948/1948/1948 1947/1947/1947 1946/1946/1946
f 1949/1949/1949 1942/1942/1942 1941/1941/1941
f 1947/1947/1947 1949/1949/1949 1941/1941/1941
f 1950/1950/1950 1937/1937/1937 1942/1942/1942
f 1949/1949/1949 1950/1950/1950 1942/1942/1942
f 1950/1950/1950 1924/1924/1924 1937/1937/1937
f 1927/1927/1927 1937/1937/1937 1924/1924/1924
f 1924/1924/1924 1950/1950/1950 1951/1951/1951
f 1950/1950/1950 1949/1949/1949 1951/1951/1951
f 1924/1924/1924 1951/1951/1951 1918/1918/1918
f 1915/1915/1915 1918/1918/1918 1951/1951/1951
f 1951/1951/1951 1952/1952/1952 1915/1915/1915
f 1952/1952/1952 1951/1951/1951 1949/1949/1949
f 1915/1915/1915 1952/1952/1952 1914/1914/1914
f 1952/1952/1952 1953/1953/1953 1914/1914/1914
f 1953/1953/1953 1952/1952/1952 1954/1954/1954
f 1955/1955/1955 1949/1949/1949 1947/1947/1947
f 1955/1955/1955 1952/1952/1952 1949/1949/1949
f 1954/1954/1954 1952/1952/1952 1955/1955/1955
f 1947/1947/1947 1956/1956/1956 1955/1955/1955
f 1957/1957/1957 1954/1954/1954 1955/1955/1955
f 1957/1957/1957 1955/1955/1955 1956/1956/1956
f 1960/1960/1960 1959/1959/1959 1958/1958/1958
f 1960/1960/1960 1958/1958/1958 1961/1961/1961
f 1962/1962/1962 1960/1960/1960 1961/1961/1961
f 1963/1963/1963 1962/1962/1962 1961/1961/1961
f 1958/1958/1958 1964/1964/1964 1961/1961/1961
f 1964/1964/1964 1958/1958/1958 1965/1965/1965
f 1966/1966/1966 1964/1964/1964 1965/1965/1965
f 1966/1966/1966 1965/1965/1965 1967/1967/1967
f 1964/1964/1964 1968/1968/1968 1961/1961/1961
f 1964/1964/1964 1966/1966/1966 1968/1968/1968
f 1969/1969/1969 1963/1963/1963 1961/1961/1961
f 1969/1969/1969 1961/1961/1961 1968/1968/1968
f 1966/1966/1966 1970/1970/1970 1968/1968/1968
f 1966/1966/1966 1967/1967/1967 1970/1970/1970
f 1971/1971/1971 1969/1969/1969 1968/1968/1968
f 1971/1971/1971 1968/1968/1968 1970/1970/1970
f 1963/1963/1963 1969/1969/1969 1972/1972/1972
f 1963/1963/1963 1972/1972/1972 1973/1973/1973
f 1974/1974/1974 1963/1963/1963 1973/1973/1973
f 1973/1973/1973 1972/1972/1972 1975/1975/1975
f 1969/1969/1969 1976/1976/1976 1972/1972/1972
f 1972/1972/1972 1976/1976/1976 1975/1975/1975
f 1969/1969/1969 1971/1971/1971 1976/1976/1976
f 1976/1976/1976 1977/1977/1977 1975/1975/1975
f 1976/1976/1976 1978/1978/1978 1977/1977/1977
f 1971/1971/1971 1978/1978/1978 1976/1976/1976
f 1978/1978/1978 1971/1971/1971 1979/1979/1979
f 1979/1979/1979 1971/1971/1971 1970/1970/1970
f 1980/1980/1980 1978/1978/1978 1979/1979/1979
f 1981/1981/1981 1980/1980/1980 1979/1979/1979
f 1979/1979/1979 1970/1970/1970 1982/1982/1982
f 1979/1979/1979 1982/1982/1982 1981/1981/1981
f 1967/1967/1967 1982/1982/1982 1970/1970/1970
f 1983/1983/1983 1981/1981/1981 1982/1982/1982
f 1982/1982/1982 1967/1967/1967 1983/1983/1983
f 1981/1981/1981 1983/1983/1983 1984/1984/1984
f 1967/1967/1967 1985/1985/1985 1983/1983/1983
f 1981/1981/1981 1984/1984/1984 1980/1980/1980
f 1980/1980/1980 1984/1984/1984 1986/1986/1986
f 1986/1986/1986 1987/1987/1987 1980/1980/1980
f 1987/1987/1987 1988/1988/1988 1980/1980/1980
f 1980/1980/1980 1988/1988/1988 1978/1978/1978
f 1988/1988/1988 1977/1977/1977 1978/1978/1978
f 1989/1989/1989 1977/1977/1977 1988/1988/1988
f 1988/1988/1988 1987/1987/1987 1989/1989/1989
f 1990/1990/1990 1989/1989/1989 1987/1987/1987
f 1987/1987/1987 1991/1991/1991 1990/1990/1990
f 1991/1991/1991 1987/1987/1987 1986/1986/1986
f 1992/1992/1992 1990/1990/1990 1991/1991/1991
f 1991/1991/1991 1993/1993/1993 1992/1992/1992
f 1994/1994/1994 1991/1991/1991 1986/1986/1986
f 1991/1991/1991 1994/1994/1994 1993/1993/1993
f 1986/1986/1986 1995/1995/1995 1994/1994/1994
f 1995/1995/1995 1986/1986/1986 1984/1984/1984
f 1994/1994/1994 1996/1996/1996 1993/1993/1993
f 1996/1996/1996 1994/1994/1994 1995/1995/1995
f 1993/1993/1993 1996/1996/1996 1997/1997/1997
f 1998/1998/1998 1993/1993/1993 1997/1997/1997
f 1996/1996/1996 1999/1999/1999 1997/1997/1997
f 2000/2000/2000 1997/1997/1997 1999/1999/1999
f 2000/2000/2000 1999/1999/1999 2001/2001/2001
f 2002/2002/2002 2001/2001/2001 1999/1999/1999
f 1999/1999/1999 1996/1996/1996 2002/2002/2002
f 2002/2002/2002 1996/1996/1996 1995/1995/1995
f 2002/2002/2002 1995/1995/1995 218/218/218
f 1995/1995/1995 1984/1984/1984 218/218/218
f 1984/1984/1984 217/217/217 218/218/218
f 217/217/217 1984/1984/1984 1983/1983/1983
f 1983/1983/1983 1985/1985/1985 217/217/217
f 1985/1985/1985 2003/2003/2003 217/217/217
f 217/217/217 2003/2003/2003 219/219/219
f 1985/1985/1985 2004/2004/2004 2003/2003/2003
f 1985/1985/1985 1967/1967/1967 2004/2004/2004
f 2003/2003/2003 2004/2004/2004 222/222/222
f 222/222/222 219/219/219 2003/2003/2003
f 220/220/220 219/219/219 222/222/222
f 219/219/219 220/220/220 2005/2005/2005
f 2005/2005/2005 220/220/220 2006/2006/2006
f 2007/2007/2007 2006/2006/2006 220/220/220
f 2006/2006/2006 2007/2007/2007 2008/2008/2008
f 2008/2008/2008 2007/2007/2007 2009/2009/2009
f 2007/2007/2007 2010/2010/2010 2009/2009/2009
f 2009/2009/2009 2010/2010/2010 2011/2011/2011
f 2009/2009/2009 2011/2011/2011 2012/2012/2012
f 2015/2015/2015 2014/2014/2014 2013/2013/2013
f 2016/2016/2016 2015/2015/2015 2013/2013/2013
f 2013/2013/2013 2017/2017/2017 2016/2016/2016
f 2018/2018/2018 2016/2016/2016 2017/2017/2017
f 2017/2017/2017 2019/2019/2019 2018/2018/2018
f 2019/2019/2019 2017/2017/2017 230/230/230
f 2020/2020/2020 2019/2019/2019 230/230/230
f 230/230/230 2021/2021/2021 2020/2020/2020
f 230/230/230 2017/2017/2017 229/229/229
f 2022/2022/2022 229/229/229 2017/2017/2017
f 2023/2023/2023 2022/2022/2022 2017/2017/2017
f 2017/2017/2017 2013/2013/2013 2023/2023/2023
f 2023/2023/2023 2013/2013/2013 2024/2024/2024
f 2013/2013/2013 2025/2025/2025 2024/2024/2024
f 2024/2024/2024 2025/2025/2025 2026/2026/2026
f 2027/2027/2027 2024/2024/2024 2026/2026/2026
f 2028/2028/2028 2024/2024/2024 2027/2027/2027
f 2028/2028/2028 2029/2029/2029 2024/2024/2024
f 2024/2024/2024 2029/2029/2029 2023/2023/2023
f 2022/2022/2022 2023/2023/2023 2030/2030/2030
f 2029/2029/2029 2031/2031/2031 2023/2023/2023
f 2030/2030/2030 2023/2023/2023 2031/2031/2031
f 2032/2032/2032 2022/2022/2022 2030/2030/2030
f 2032/2032/2032 2033/2033/2033 2022/2022/2022
f 2032/2032/2032 2030/2030/2030 2034/2034/2034
f 2030/2030/2030 2035/2035/2035 2034/2034/2034
f 2030/2030/2030 2036/2036/2036 2035/2035/2035
f 2030/2030/2030 2031/2031/2031 2036/2036/2036
f 2037/2037/2037 2035/2035/2035 2036/2036/2036
f 2029/2029/2029 2038/2038/2038 2031/2031/2031
f 2038/2038/2038 2029/2029/2029 2039/2039/2039
f 2038/2038/2038 2040/2040/2040 2031/2031/2031
f 2040/2040/2040 2038/2038/2038 2041/2041/2041
f 2040/2040/2040 2042/2042/2042 2031/2031/2031
f 2043/2043/2043 2031/2031/2031 2042/2042/2042
f 229/229/229 2033/2033/2033 2044/2044/2044
f 231/231/231 229/229/229 2044/2044/2044
f 2047/2047/2047 2046/2046/2046 2045/2045/2045
f 2047/2047/2047 2048/2048/2048 2046/2046/2046
f 2049/2049/2049 2046/2046/2046 2048/2048/2048
f 2049/2049/2049 2050/2050/2050 2046/2046/2046
f 2049/2049/2049 2051/2051/2051 2050/2050/2050
f 2052/2052/2052 2048/2048/2048 2047/2047/2047
f 2051/2051/2051 2049/2049/2049 2053/2053/2053
f 2054/2054/2054 2048/2048/2048 2052/2052/2052
f 2055/2055/2055 2054/2054/2054 2052/2052/2052
f 2056/2056/2056 2054/2054/2054 2055/2055/2055
f 2054/2054/2054 2057/2057/2057 2048/2048/2048
f 2049/2049/2049 2048/2048/2048 2057/2057/2057
f 2049/2049/2049 2058/2058/2058 2053/2053/2053
f 2053/2053/2053 2058/2058/2058 2059/2059/2059
f 2060/2060/2060 2059/2059/2059 2058/2058/2058
f 2061/2061/2061 2060/2060/2060 2058/2058/2058
f 2049/2049/2049 2057/2057/2057 2062/2062/2062
f 2049/2049/2049 2062/2062/2062 2058/2058/2058
f 2062/2062/2062 2061/2061/2061 2058/2058/2058
f 2057/2057/2057 2063/2063/2063 2062/2062/2062
f 2062/2062/2062 2063/2063/2063 2061/2061/2061
f 2064/2064/2064 2053/2053/2053 2059/2059/2059
f 2064/2064/2064 2059/2059/2059 2065/2065/2065
f 2066/2066/2066 2065/2065/2065 2059/2059/2059
f 2067/2067/2067 2066/2066/2066 2059/2059/2059
f 2060/2060/2060 2067/2067/2067 2059/2059/2059
f 2066/2066/2066 2068/2068/2068 2065/2065/2065
f 2066/2066/2066 2067/2067/2067 2068/2068/2068
f 2067/2067/2067 2069/2069/2069 2068/2068/2068
f 2072/2072/2072 2071/2071/2071 2070/2070/2070
f 2071/2071/2071 2073/2073/2073 2070/2070/2070
f 2071/2071/2071 2074/2074/2074 2073/2073/2073
f 2071/2071/2071 2075/2075/2075 2074/2074/2074
f 2074/2074/2074 2075/2075/2075 2076/2076/2076
f 2077/2077/2077 2076/2076/2076 2075/2075/2075
f 2078/2078/2078 2076/2076/2076 2077/2077/2077
f 2079/2079/2079 2076/2076/2076 2078/2078/2078
f 2078/2078/2078 2080/2080/2080 2079/2079/2079
f 2080/2080/2080 2081/2081/2081 2079/2079/2079
f 2080/2080/2080 2082/2082/2082 2081/2081/2081
f 2085/2085/2085 2084/2084/2084 2083/2083/2083
f 2083/2083/2083 2086/2086/2086 2085/2085/2085
f 2085/2085/2085 2086/2086/2086 2087/2087/2087
f 2086/2086/2086 2083/2083/2083 2088/2088/2088
f 2089/2089/2089 2086/2086/2086 2088/2088/2088
f 2090/2090/2090 2087/2087/2087 2086/2086/2086
f 2091/2091/2091 2086/2086/2086 2089/2089/2089
f 2090/2090/2090 2086/2086/2086 2091/2091/2091
f 2091/2091/2091 2089/2089/2089 2092/2092/2092
f 2093/2093/2093 2091/2091/2091 2092/2092/2092
f 2091/2091/2091 2093/2093/2093 2090/2090/2090
f 2093/2093/2093 2094/2094/2094 2090/2090/2090
f 2095/2095/2095 2090/2090/2090 2094/2094/2094
f 2097/2097/2097 2083/2083/2083 2096/2096/2096
f 2083/2083/2083 2097/2097/2097 2088/2088/2088
f 2098/2098/2098 2088/2088/2088 2097/2097/2097
f 2101/2101/2101 2100/2100/2100 2099/2099/2099
f 2102/2102/2102 2099/2099/2099 2100/2100/2100
f 2102/2102/2102 2103/2103/2103 2099/2099/2099
f 2103/2103/2103 2102/2102/2102 241/241/241
f 2104/2104/2104 2103/2103/2103 241/241/241
f 241/241/241 2105/2105/2105 2104/2104/2104
f 243/243/243 241/241/241 2102/2102/2102
f 243/243/243 2102/2102/2102 2100/2100/2100
f 2100/2100/2100 2106/2106/2106 243/243/243
f 2106/2106/2106 2100/2100/2100 2107/2107/2107
f 2108/2108/2108 2107/2107/2107 2100/2100/2100
f 2107/2107/2107 2110/2110/2110 2109/2109/2109
f 2109/2109/2109 2106/2106/2106 2107/2107/2107
f 2109/2109/2109 2111/2111/2111 2106/2106/2106
f 2111/2111/2111 243/243/243 2106/2106/2106
f 242/242/242 243/243/243 2111/2111/2111
f 245/245/245 246/246/246 2112/2112/2112
f 2113/2113/2113 245/245/245 2112/2112/2112
f 2113/2113/2113 2112/2112/2112 2114/2114/2114
f 2115/2115/2115 245/245/245 2113/2113/2113
f 2115/2115/2115 2113/2113/2113 2116/2116/2116
f 2114/2114/2114 2116/2116/2116 2113/2113/2113
f 2116/2116/2116 2114/2114/2114 2117/2117/2117
f 2118/2118/2118 2116/2116/2116 2117/2117/2117
f 2116/2116/2116 2118/2118/2118 2115/2115/2115
f 2119/2119/2119 2118/2118/2118 2117/2117/2117
f 2120/2120/2120 2118/2118/2118 2119/2119/2119
f 2118/2118/2118 2120/2120/2120 2115/2115/2115
f 2120/2120/2120 2121/2121/2121 2115/2115/2115
f 2115/2115/2115 2121/2121/2121 2122/2122/2122
f 2115/2115/2115 2123/2123/2123 245/245/245
f 244/244/244 245/245/245 2123/2123/2123
f 2115/2115/2115 2124/2124/2124 2123/2123/2123
f 2124/2124/2124 244/244/244 2123/2123/2123
f 2124/2124/2124 2115/2115/2115 2122/2122/2122
f 244/244/244 2124/2124/2124 2125/2125/2125
f 2125/2125/2125 2124/2124/2124 249/249/249
f 249/249/249 2124/2124/2124 2122/2122/2122
f 248/248/248 249/249/249 2122/2122/2122
f 2126/2126/2126 2120/2120/2120 2119/2119/2119
f 2120/2120/2120 2126/2126/2126 2127/2127/2127
f 2121/2121/2121 2120/2120/2120 2127/2127/2127
f 2121/2121/2121 2127/2127/2127 2128/2128/2128
f 2122/2122/2122 2121/2121/2121 2128/2128/2128
f 2122/2122/2122 2128/2128/2128 248/248/248
f 2131/2131/2131 2130/2130/2130 2129/2129/2129
f 2129/2129/2129 2132/2132/2132 2131/2131/2131
f 2129/2129/2129 2133/2133/2133 2132/2132/2132
f 2133/2133/2133 2134/2134/2134 2132/2132/2132
f 2132/2132/2132 2135/2135/2135 2131/2131/2131
f 2134/2134/2134 2135/2135/2135 2132/2132/2132
f 2136/2136/2136 2131/2131/2131 2135/2135/2135
f 2134/2134/2134 2137/2137/2137 2135/2135/2135
f 2135/2135/2135 2138/2138/2138 2136/2136/2136
f 2137/2137/2137 2138/2138/2138 2135/2135/2135
f 2138/2138/2138 2139/2139/2139 2136/2136/2136
f 2138/2138/2138 2137/2137/2137 2140/2140/2140
f 2139/2139/2139 2138/2138/2138 2141/2141/2141
f 2138/2138/2138 2140/2140/2140 2141/2141/2141
f 2141/2141/2141 2140/2140/2140 2142/2142/2142
f 2143/2143/2143 2139/2139/2139 2141/2141/2141
f 2141/2141/2141 2142/2142/2142 2143/2143/2143
f 2140/2140/2140 2144/2144/2144 2142/2142/2142
f 2142/2142/2142 2145/2145/2145 2143/2143/2143
f 2142/2142/2142 2146/2146/2146 2145/2145/2145
f 2147/2147/2147 2142/2142/2142 2144/2144/2144
f 2148/2148/2148 2146/2146/2146 2142/2142/2142
f 2147/2147/2147 2148/2148/2148 2142/2142/2142
f 2148/2148/2148 2149/2149/2149 2146/2146/2146
f 2149/2149/2149 2148/2148/2148 2147/2147/2147
f 2150/2150/2150 2149/2149/2149 2147/2147/2147
f 2150/2150/2150 2151/2151/2151 2149/2149/2149
f 2150/2150/2150 2152/2152/2152 2151/2151/2151
f 2155/2155/2155 2154/2154/2154 2153/2153/2153
f 2153/2153/2153 2154/2154/2154 2156/2156/2156
f 2157/2157/2157 2153/2153/2153 2156/2156/2156
f 2158/2158/2158 2157/2157/2157 2156/2156/2156
f 2154/2154/2154 2159/2159/2159 2156/2156/2156
f 2156/2156/2156 2159/2159/2159 2158/2158/2158
f 2154/2154/2154 2160/2160/2160 2159/2159/2159
f 2158/2158/2158 2159/2159/2159 2161/2161/2161
f 2159/2159/2159 2160/2160/2160 2162/2162/2162
f 2162/2162/2162 2161/2161/2161 2159/2159/2159
f 2160/2160/2160 2163/2163/2163 2162/2162/2162
f 2164/2164/2164 2161/2161/2161 2162/2162/2162
f 2162/2162/2162 2163/2163/2163 2165/2165/2165
f 2165/2165/2165 2164/2164/2164 2162/2162/2162
f 2163/2163/2163 2166/2166/2166 2165/2165/2165
f 2164/2164/2164 2165/2165/2165 2167/2167/2167
f 2165/2165/2165 2166/2166/2166 2168/2168/2168
f 2165/2165/2165 2168/2168/2168 2167/2167/2167
f 2168/2168/2168 2166/2166/2166 2169/2169/2169
f 2167/2167/2167 2168/2168/2168 2169/2169/2169
f 2169/2169/2169 2166/2166/2166 2170/2170/2170
f 2169/2169/2169 2171/2171/2171 2167/2167/2167
f 2169/2169/2169 2170/2170/2170 2172/2172/2172
f 2171/2171/2171 2169/2169/2169 2172/2172/2172
f 2153/2153/2153 2173/2173/2173 2155/2155/2155
f 2173/2173/2173 2153/2153/2153 2157/2157/2157
f 2176/2176/2176 2175/2175/2175 2174/2174/2174
f 2177/2177/2177 2176/2176/2176 2174/2174/2174
f 2177/2177/2177 2174/2174/2174 2178/2178/2178
f 2177/2177/2177 2179/2179/2179 2176/2176/2176
f 2179/2179/2179 2180/2180/2180 2176/2176/2176
f 2177/2177/2177 2181/2181/2181 2179/2179/2179
f 2182/2182/2182 2177/2177/2177 2178/2178/2178
f 2177/2177/2177 2182/2182/2182 2181/2181/2181
f 2182/2182/2182 2183/2183/2183 2181/2181/2181
f 2184/2184/2184 2182/2182/2182 2178/2178/2178
f 2182/2182/2182 2185/2185/2185 2183/2183/2183
f 2182/2182/2182 2184/2184/2184 2185/2185/2185
f 2185/2185/2185 2186/2186/2186 2183/2183/2183
f 2187/2187/2187 2186/2186/2186 2185/2185/2185
f 2188/2188/2188 2185/2185/2185 2184/2184/2184
f 2188/2188/2188 2187/2187/2187 2185/2185/2185
f 2189/2189/2189 2188/2188/2188 2184/2184/2184
f 2190/2190/2190 2188/2188/2188 2189/2189/2189
f 2187/2187/2187 2188/2188/2188 2191/2191/2191
f 2190/2190/2190 2191/2191/2191 2188/2188/2188
f 2192/2192/2192 2187/2187/2187 2191/2191/2191
f 2191/2191/2191 2193/2193/2193 2192/2192/2192
f 2191/2191/2191 2190/2190/2190 2193/2193/2193
f 2194/2194/2194 2192/2192/2192 2193/2193/2193
f 2193/2193/2193 2195/2195/2195 2194/2194/2194
f 2195/2195/2195 2196/2196/2196 2194/2194/2194
f 2190/2190/2190 2197/2197/2197 2193/2193/2193
f 2190/2190/2190 2198/2198/2198 2197/2197/2197
f 2199/2199/2199 2198/2198/2198 2190/2190/2190
f 2198/2198/2198 2200/2200/2200 2197/2197/2197
f 2199/2199/2199 2201/2201/2201 2198/2198/2198
f 2201/2201/2201 2200/2200/2200 2198/2198/2198
f 2201/2201/2201 2199/2199/2199 2202/2202/2202
f 2203/2203/2203 2201/2201/2201 2202/2202/2202
f 2201/2201/2201 2204/2204/2204 2200/2200/2200
f 2205/2205/2205 2204/2204/2204 2201/2201/2201
f 2204/2204/2204 2206/2206/2206 2200/2200/2200
f 2206/2206/2206 2207/2207/2207 2200/2200/2200
f 2210/2210/2210 2209/2209/2209 2208/2208/2208
f 2211/2211/2211 2208/2208/2208 2209/2209/2209
f 2212/2212/2212 2211/2211/2211 2209/2209/2209
f 2214/2214/2214 2213/2213/2213 2212/2212/2212
f 2213/2213/2213 2214/2214/2214 2215/2215/2215
f 2213/2213/2213 2215/2215/2215 2216/2216/2216
f 2217/2217/2217 2213/2213/2213 2216/2216/2216
f 2213/2213/2213 2217/2217/2217 2218/2218/2218
f 2221/2221/2221 2220/2220/2220 2219/2219/2219
f 2221/2221/2221 2222/2222/2222 2220/2220/2220
f 2222/2222/2222 2221/2221/2221 2210/2210/2210
f 2209/2209/2209 2210/2210/2210 2221/2221/2221
f 2209/2209/2209 2221/2221/2221 2212/2212/2212
f 2212/2212/2212 2221/2221/2221 2214/2214/2214
f 2214/2214/2214 2223/2223/2223 2215/2215/2215
f 2224/2224/2224 2223/2223/2223 2214/2214/2214
f 2224/2224/2224 2214/2214/2214 2219/2219/2219
f 2224/2224/2224 2225/2225/2225 2223/2223/2223
f 2227/2227/2227 252/252/252 2226/2226/2226
f 251/251/251 252/252/252 2227/2227/2227
f 2227/2227/2227 2228/2228/2228 251/251/251
f 2227/2227/2227 2229/2229/2229 2228/2228/2228
f 2230/2230/2230 251/251/251 2228/2228/2228
f 2228/2228/2228 2229/2229/2229 2231/2231/2231
f 2230/2230/2230 2228/2228/2228 2231/2231/2231
f 2231/2231/2231 2232/2232/2232 2230/2230/2230
f 2231/2231/2231 2233/2233/2233 2232/2232/2232
f 2232/2232/2232 2233/2233/2233 2234/2234/2234
f 2235/2235/2235 2233/2233/2233 2231/2231/2231
f 2233/2233/2233 2236/2236/2236 2234/2234/2234
f 2235/2235/2235 2236/2236/2236 2233/2233/2233
f 2239/2239/2239 2238/2238/2238 2237/2237/2237
f 2237/2237/2237 2238/2238/2238 2240/2240/2240
f 2240/2240/2240 2238/2238/2238 2241/2241/2241
f 2241/2241/2241 2238/2238/2238 2242/2242/2242
f 2242/2242/2242 2238/2238/2238 2243/2243/2243
f 2243/2243/2243 2238/2238/2238 2244/2244/2244
f 2247/2247/2247 2246/2246/2246 2245/2245/2245
f 2248/2248/2248 2246/2246/2246 2247/2247/2247
f 2249/2249/2249 2248/2248/2248 2247/2247/2247
f 2250/2250/2250 2246/2246/2246 2248/2248/2248
f 2251/2251/2251 2246/2246/2246 2250/2250/2250
f 2251/2251/2251 2250/2250/2250 2252/2252/2252
f 2253/2253/2253 2246/2246/2246 2251/2251/2251
f 2256/2256/2256 2255/2255/2255 2254/2254/2254
f 2254/2254/2254 2255/2255/2255 2257/2257/2257
f 255/255/255 2257/2257/2257 2255/2255/2255
f 255/255/255 2258/2258/2258 2257/2257/2257
f 2258/2258/2258 2259/2259/2259 2257/2257/2257
f 2258/2258/2258 255/255/255 253/253/253
f 2261/2261/2261 268/268/268 2260/2260/2260
f 2260/2260/2260 268/268/268 265/265/265
f 263/263/263 2260/2260/2260 265/265/265
f 263/263/263 2262/2262/2262 2260/2260/2260
f 263/263/263 2263/2263/2263 2262/2262/2262
f 261/261/261 2263/2263/2263 263/263/263
f 261/261/261 259/259/259 2263/2263/2263
f 2263/2263/2263 2264/2264/2264 2262/2262/2262
f 2265/2265/2265 2263/2263/2263 259/259/259
f 2264/2264/2264 2263/2263/2263 2265/2265/2265
f 2264/2264/2264 2265/2265/2265 2266/2266/2266
f 2269/2269/2269 2268/2268/2268 2267/2267/2267
f 2268/2268/2268 2269/2269/2269 2270/2270/2270
f 2269/2269/2269 2271/2271/2271 2270/2270/2270
f 2269/2269/2269 2272/2272/2272 2271/2271/2271
f 2272/2272/2272 2273/2273/2273 2271/2271/2271
f 2276/2276/2276 2275/2275/2275 2274/2274/2274
f 2274/2274/2274 2275/2275/2275 2277/2277/2277
f 2280/2280/2280 2279/2279/2279 2278/2278/2278
f 2281/2281/2281 2280/2280/2280 2278/2278/2278
f 2284/2284/2284 2283/2283/2283 2282/2282/2282
f 2284/2284/2284 2285/2285/2285 2283/2283/2283
f 2288/2288/2288 2287/2287/2287 2286/2286/2286
f 2287/2287/2287 2289/2289/2289 2286/2286/2286
f 2290/2290/2290 2286/2286/2286 2289/2289/2289
f 2291/2291/2291 2290/2290/2290 2289/2289/2289
f 2292/2292/2292 2290/2290/2290 2291/2291/2291
f 2293/2293/2293 2292/2292/2292 2291/2291/2291
f 2293/2293/2293 2294/2294/2294 2292/2292/2292
f 2294/2294/2294 2295/2295/2295 2292/2292/2292
f 273/273/273 2297/2297/2297 2296/2296/2296
f 2296/2296/2296 2298/2298/2298 273/273/273
f 2298/2298/2298 272/272/272 273/273/273
f 2298/2298/2298 2296/2296/2296 2299/2299/2299
f 2296/2296/2296 2300/2300/2300 2299/2299/2299
f 2303/2303/2303 2302/2302/2302 2301/2301/2301
f 2304/2304/2304 2301/2301/2301 2302/2302/2302
f 2301/2301/2301 2304/2304/2304 2305/2305/2305
f 2306/2306/2306 2305/2305/2305 2304/2304/2304
f 2307/2307/2307 2306/2306/2306 2304/2304/2304
f 2304/2304/2304 2302/2302/2302 2307/2307/2307
f 2307/2307/2307 2302/2302/2302 2308/2308/2308
f 2308/2308/2308 2309/2309/2309 2307/2307/2307
f 2309/2309/2309 2308/2308/2308 2310/2310/2310
f 2308/2308/2308 275/275/275 2310/2310/2310
f 277/277/277 275/275/275 2308/2308/2308
f 277/277/277 2308/2308/2308 2311/2311/2311
f 2309/2309/2309 2310/2310/2310 2312/2312/2312
f 2313/2313/2313 2309/2309/2309 2312/2312/2312
f 2309/2309/2309 2313/2313/2313 2314/2314/2314
f 2302/2302/2302 2303/2303/2303 2315/2315/2315
f 2302/2302/2302 2315/2315/2315 2311/2311/2311
f 2318/2318/2318 2317/2317/2317 2316/2316/2316
f 2319/2319/2319 2317/2317/2317 2318/2318/2318
f 2317/2317/2317 2319/2319/2319 2320/2320/2320
f 2318/2318/2318 2321/2321/2321 2319/2319/2319
f 2322/2322/2322 2319/2319/2319 2321/2321/2321
f 2322/2322/2322 2321/2321/2321 2323/2323/2323
f 2323/2323/2323 2324/2324/2324 2322/2322/2322
f 2323/2323/2323 2325/2325/2325 2324/2324/2324
f 2324/2324/2324 2325/2325/2325 2326/2326/2326
f 2327/2327/2327 2325/2325/2325 2323/2323/2323
f 2325/2325/2325 2328/2328/2328 2326/2326/2326
f 2327/2327/2327 2328/2328/2328 2325/2325/2325
f 2318/2318/2318 2329/2329/2329 2321/2321/2321
f 2321/2321/2321 2329/2329/2329 2323/2323/2323
f 2332/2332/2332 2331/2331/2331 2330/2330/2330
f 2331/2331/2331 2333/2333/2333 2330/2330/2330
f 281/281/281 2330/2330/2330 2333/2333/2333
f 278/278/278 281/281/281 2333/2333/2333
f 280/280/280 278/278/278 2333/2333/2333
f 2331/2331/2331 280/280/280 2333/2333/2333
f 2331/2331/2331 2334/2334/2334 280/280/280
f 2335/2335/2335 280/280/280 2334/2334/2334
f 2335/2335/2335 2336/2336/2336 280/280/280
f 280/280/280 2336/2336/2336 279/279/279
f 2336/2336/2336 2337/2337/2337 279/279/279
f 2337/2337/2337 2336/2336/2336 2338/2338/2338
f 2336/2336/2336 2339/2339/2339 2338/2338/2338
f 2335/2335/2335 2339/2339/2339 2336/2336/2336
f 2335/2335/2335 2340/2340/2340 2339/2339/2339
f 2335/2335/2335 2341/2341/2341 2340/2340/2340
f 2344/2344/2344 2343/2343/2343 2342/2342/2342
f 2345/2345/2345 2343/2343/2343 2344/2344/2344
f 2346/2346/2346 2343/2343/2343 2345/2345/2345
f 2347/2347/2347 2343/2343/2343 2346/2346/2346
f 2348/2348/2348 2343/2343/2343 2347/2347/2347
f 2349/2349/2349 2343/2343/2343 2348/2348/2348
f 2352/2352/2352 2351/2351/2351 2350/2350/2350
f 2353/2353/2353 2351/2351/2351 2352/2352/2352
f 2354/2354/2354 2353/2353/2353 2352/2352/2352
f 2355/2355/2355 2351/2351/2351 2353/2353/2353
f 2356/2356/2356 2351/2351/2351 2355/2355/2355
f 2356/2356/2356 2355/2355/2355 2357/2357/2357
f 2358/2358/2358 2351/2351/2351 2356/2356/2356
f 283/283/283 284/284/284 286/286/286
f 2359/2359/2359 286/286/286 284/284/284
f 2359/2359/2359 288/288/288 286/286/286
f 288/288/288 2359/2359/2359 2360/2360/2360
f 2359/2359/2359 2361/2361/2361 2360/2360/2360
f 2364/2364/2364 2363/2363/2363 2362/2362/2362
f 2363/2363/2363 2364/2364/2364 2365/2365/2365
f 2364/2364/2364 292/292/292 2365/2365/2365
f 2364/2364/2364 294/294/294 292/292/292
f 2368/2368/2368 2367/2367/2367 2366/2366/2366
f 2366/2366/2366 2367/2367/2367 2369/2369/2369
f 2372/2372/2372 2371/2371/2371 2370/2370/2370
f 2371/2371/2371 2373/2373/2373 2370/2370/2370
f 2370/2370/2370 2373/2373/2373 2374/2374/2374
f 2373/2373/2373 2375/2375/2375 2374/2374/2374
f 2375/2375/2375 2376/2376/2376 2374/2374/2374
f 2376/2376/2376 2377/2377/2377 2374/2374/2374
f 2380/2380/2380 2379/2379/2379 2378/2378/2378
f 2381/2381/2381 2380/2380/2380 2378/2378/2378
f 2384/2384/2384 2383/2383/2383 2382/2382/2382
f 2382/2382/2382 2383/2383/2383 2385/2385/2385
f 2383/2383/2383 2384/2384/2384 2386/2386/2386
f 2383/2383/2383 2387/2387/2387 2385/2385/2385
f 2383/2383/2383 2386/2386/2386 2387/2387/2387
f 2387/2387/2387 2388/2388/2388 2385/2385/2385
f 2389/2389/2389 2387/2387/2387 2386/2386/2386
f 2388/2388/2388 2387/2387/2387 2389/2389/2389
f 2389/2389/2389 2390/2390/2390 2388/2388/2388
f 2390/2390/2390 2391/2391/2391 2388/2388/2388
f 2390/2390/2390 2389/2389/2389 2392/2392/2392
f 2391/2391/2391 2390/2390/2390 2393/2393/2393
f 2393/2393/2393 2390/2390/2390 2392/2392/2392
f 2396/2396/2396 2395/2395/2395 2394/2394/2394
f 2395/2395/2395 2397/2397/2397 2394/2394/2394
f 16/16/16 2397/2397/2397 2395/2395/2395
f 16/16/16 2395/2395/2395 18/18/18
f 2396/2396/2396 18/18/18 2395/2395/2395
f 18/18/18 2396/2396/2396 2398/2398/2398
f 2396/2396/2396 2399/2399/2399 2398/2398/2398
f 2396/2396/2396 2400/2400/2400 2399/2399/2399
f 2400/2400/2400 2401/2401/2401 2399/2399/2399
f 18/18/18 2398/2398/2398 2402/2402/2402
f 2399/2399/2399 2402/2402/2402 2398/2398/2398
f 2402/2402/2402 2399/2399/2399 2401/2401/2401
f 2402/2402/2402 20/20/20 18/18/18
f 2403/2403/2403 2402/2402/2402 2401/2401/2401
f 2402/2402/2402 2403/2403/2403 20/20/20
f 2406/2406/2406 2405/2405/2405 2404/2404/2404
f 2409/2409/2409 2408/2408/2408 2407/2407/2407
f 2407/2407/2407 2411/2411/2411 2410/2410/2410
f 2412/2412/2412 2410/2410/2410 2411/2411/2411
f 2413/2413/2413 2412/2412/2412 2411/2411/2411
f 2414/2414/2414 2412/2412/2412 2413/2413/2413
f 2415/2415/2415 2414/2414/2414 2413/2413/2413
f 2415/2415/2415 2416/2416/2416 2414/2414/2414
f 2416/2416/2416 2415/2415/2415 2417/2417/2417
f 2418/2418/2418 2416/2416/2416 2417/2417/2417
f 2418/2418/2418 2417/2417/2417 2406/2406/2406
f 2421/2421/2421 2420/2420/2420 2419/2419/2419
f 2424/2424/2424 2423/2423/2423 2422/2422/2422
f 2427/2427/2427 2426/2426/2426 2425/2425/2425
f 2430/2430/2430 2429/2429/2429 2428/2428/2428
f 2433/2433/2433 2432/2432/2432 2431/2431/2431
f 2436/2436/2436 2435/2435/2435 2434/2434/2434
f 2439/2439/2439 2438/2438/2438 2437/2437/2437
f 2442/2442/2442 2441/2441/2441 2440/2440/2440
f 2445/2445/2445 2444/2444/2444 2443/2443/2443
f 2446/2446/2446 2445/2445/2445 2443/2443/2443
f 2449/2449/2449 2448/2448/2448 2447/2447/2447
f 2448/2448/2448 2449/2449/2449 2450/2450/2450
f 2450/2450/2450 2451/2451/2451 2448/2448/2448
f 2449/2449/2449 2452/2452/2452 2450/2450/2450
f 2452/2452/2452 2449/2449/2449 2453/2453/2453
f 2405/2405/2405 2452/2452/2452 2453/2453/2453
f 2451/2451/2451 2455/2455/2455 2454/2454/2454
f 2451/2451/2451 2454/2454/2454 2448/2448/2448
f 2454/2454/2454 2447/2447/2447 2448/2448/2448
f 2447/2447/2447 2457/2457/2457 2456/2456/2456
f 2449/2449/2449 2447/2447/2447 2456/2456/2456
f 2457/2457/2457 2458/2458/2458 2456/2456/2456
f 2453/2453/2453 2449/2449/2449 2456/2456/2456
f 2458/2458/2458 2459/2459/2459 2456/2456/2456
f 2458/2458/2458 2460/2460/2460 2459/2459/2459
f 2453/2453/2453 2456/2456/2456 2404/2404/2404
f 2456/2456/2456 2459/2459/2459 2404/2404/2404
f 2404/2404/2404 2405/2405/2405 2453/2453/2453
f 2404/2404/2404 2459/2459/2459 2418/2418/2418
f 2404/2404/2404 2418/2418/2418 2406/2406/2406
f 2460/2460/2460 2461/2461/2461 2459/2459/2459
f 2459/2459/2459 2461/2461/2461 2418/2418/2418
f 2462/2462/2462 2461/2461/2461 2460/2460/2460
f 2461/2461/2461 2462/2462/2462 2418/2418/2418
f 2462/2462/2462 2416/2416/2416 2418/2418/2418
f 2463/2463/2463 2462/2462/2462 2460/2460/2460
f 2416/2416/2416 2462/2462/2462 2414/2414/2414
f 2414/2414/2414 2462/2462/2462 2463/2463/2463
f 2463/2463/2463 2464/2464/2464 2414/2414/2414
f 2464/2464/2464 2412/2412/2412 2414/2414/2414
f 2410/2410/2410 2412/2412/2412 2464/2464/2464
f 2464/2464/2464 2465/2465/2465 2410/2410/2410
f 2465/2465/2465 2407/2407/2407 2410/2410/2410
f 2409/2409/2409 2407/2407/2407 2465/2465/2465
f 2467/2467/2467 2433/2433/2433 2466/2466/2466
f 2433/2433/2433 2467/2467/2467 2468/2468/2468
f 2433/2433/2433 2468/2468/2468 2469/2469/2469
f 2432/2432/2432 2433/2433/2433 2469/2469/2469
f 2432/2432/2432 2469/2469/2469 2470/2470/2470
f 2421/2421/2421 2432/2432/2432 2470/2470/2470
f 2470/2470/2470 2420/2420/2420 2421/2421/2421
f 2470/2470/2470 2471/2471/2471 2420/2420/2420
f 2424/2424/2424 2420/2420/2420 2471/2471/2471
f 2472/2472/2472 2424/2424/2424 2471/2471/2471
f 2423/2423/2423 2424/2424/2424 2472/2472/2472
f 2473/2473/2473 2423/2423/2423 2472/2472/2472
f 2474/2474/2474 2423/2423/2423 2473/2473/2473
f 2475/2475/2475 2474/2474/2474 2473/2473/2473
f 2476/2476/2476 2474/2474/2474 2475/2475/2475
f 2477/2477/2477 2476/2476/2476 2475/2475/2475
f 2478/2478/2478 2476/2476/2476 2477/2477/2477
f 2479/2479/2479 2478/2478/2478 2477/2477/2477
f 2480/2480/2480 2478/2478/2478 2479/2479/2479
f 2481/2481/2481 2480/2480/2480 2479/2479/2479
f 2482/2482/2482 2480/2480/2480 2481/2481/2481
f 2483/2483/2483 2482/2482/2482 2481/2481/2481
f 2484/2484/2484 2482/2482/2482 2483/2483/2483
f 2485/2485/2485 2484/2484/2484 2483/2483/2483
f 2485/2485/2485 2483/2483/2483 2486/2486/2486
f 2483/2483/2483 2487/2487/2487 2486/2486/2486
f 2483/2483/2483 2481/2481/2481 2487/2487/2487
f 2481/2481/2481 2488/2488/2488 2487/2487/2487
f 2481/2481/2481 2479/2479/2479 2488/2488/2488
f 2479/2479/2479 2489/2489/2489 2488/2488/2488
f 2479/2479/2479 2477/2477/2477 2489/2489/2489
f 2477/2477/2477 2490/2490/2490 2489/2489/2489
f 2477/2477/2477 2475/2475/2475 2490/2490/2490
f 2475/2475/2475 2491/2491/2491 2490/2490/2490
f 2475/2475/2475 2473/2473/2473 2491/2491/2491
f 2473/2473/2473 2492/2492/2492 2491/2491/2491
f 2473/2473/2473 2472/2472/2472 2492/2492/2492
f 2472/2472/2472 2493/2493/2493 2492/2492/2492
f 2472/2472/2472 2471/2471/2471 2493/2493/2493
f 2471/2471/2471 2494/2494/2494 2493/2493/2493
f 2471/2471/2471 2470/2470/2470 2494/2494/2494
f 2470/2470/2470 2495/2495/2495 2494/2494/2494
f 2470/2470/2470 2469/2469/2469 2495/2495/2495
f 2469/2469/2469 2496/2496/2496 2495/2495/2495
f 2469/2469/2469 2468/2468/2468 2496/2496/2496
f 2468/2468/2468 2497/2497/2497 2496/2496/2496
f 2498/2498/2498 2497/2497/2497 2468/2468/2468
f 2498/2498/2498 2468/2468/2468 2499/2499/2499
f 2467/2467/2467 2499/2499/2499 2468/2468/2468
f 2498/2498/2498 2499/2499/2499 2500/2500/2500
f 2500/2500/2500 2499/2499/2499 2467/2467/2467
f 2501/2501/2501 2498/2498/2498 2500/2500/2500
f 2467/2467/2467 2502/2502/2502 2500/2500/2500
f 2501/2501/2501 2500/2500/2500 2503/2503/2503
f 2502/2502/2502 2503/2503/2503 2500/2500/2500
f 2504/2504/2504 2501/2501/2501 2503/2503/2503
f 2505/2505/2505 2503/2503/2503 2502/2502/2502
f 2504/2504/2504 2503/2503/2503 2505/2505/2505
f 2505/2505/2505 2502/2502/2502 2506/2506/2506
f 2505/2505/2505 2506/2506/2506 2507/2507/2507
f 2505/2505/2505 2507/2507/2507 2504/2504/2504
f 2507/2507/2507 2508/2508/2508 2504/2504/2504
f 2511/2511/2511 2510/2510/2510 2509/2509/2509
f 2509/2509/2509 2510/2510/2510 2512/2512/2512
f 2509/2509/2509 2512/2512/2512 2513/2513/2513
f 2509/2509/2509 2513/2513/2513 2514/2514/2514
f 2514/2514/2514 2515/2515/2515 2509/2509/2509
f 2516/2516/2516 2513/2513/2513 2512/2512/2512
f 2517/2517/2517 2516/2516/2516 2512/2512/2512
f 2518/2518/2518 2517/2517/2517 2512/2512/2512
f 2517/2517/2517 2518/2518/2518 2519/2519/2519
f 2520/2520/2520 2517/2517/2517 2519/2519/2519
f 2517/2517/2517 2520/2520/2520 2516/2516/2516
f 2513/2513/2513 2521/2521/2521 2514/2514/2514
f 2522/2522/2522 2514/2514/2514 2521/2521/2521
f 2522/2522/2522 2523/2523/2523 2514/2514/2514
f 2523/2523/2523 2522/2522/2522 2524/2524/2524
f 2522/2522/2522 2525/2525/2525 2524/2524/2524
f 2524/2524/2524 2525/2525/2525 2526/2526/2526
f 2527/2527/2527 2522/2522/2522 2521/2521/2521
f 2525/2525/2525 2522/2522/2522 2527/2527/2527
f 2525/2525/2525 2528/2528/2528 2526/2526/2526
f 2529/2529/2529 2526/2526/2526 2528/2528/2528
f 2528/2528/2528 2525/2525/2525 2530/2530/2530
f 2530/2530/2530 2525/2525/2525 2527/2527/2527
f 2528/2528/2528 2530/2530/2530 2529/2529/2529
f 2527/2527/2527 2521/2521/2521 2531/2531/2531
f 2530/2530/2530 2527/2527/2527 2531/2531/2531
f 2530/2530/2530 2531/2531/2531 2532/2532/2532
f 2530/2530/2530 2533/2533/2533 2529/2529/2529
f 2533/2533/2533 2530/2530/2530 2532/2532/2532
f 2534/2534/2534 2529/2529/2529 2533/2533/2533
f 2535/2535/2535 2534/2534/2534 2533/2533/2533
f 2535/2535/2535 2533/2533/2533 2532/2532/2532
f 2536/2536/2536 2534/2534/2534 2535/2535/2535
f 2537/2537/2537 2536/2536/2536 2535/2535/2535
f 2538/2538/2538 2537/2537/2537 2535/2535/2535
f 2535/2535/2535 2532/2532/2532 2538/2538/2538
f 2539/2539/2539 2537/2537/2537 2538/2538/2538
f 2538/2538/2538 2540/2540/2540 2539/2539/2539
f 2540/2540/2540 2541/2541/2541 2539/2539/2539
f 2542/2542/2542 2541/2541/2541 2540/2540/2540
f 2543/2543/2543 2542/2542/2542 2540/2540/2540
f 2543/2543/2543 2544/2544/2544 2542/2542/2542
f 2540/2540/2540 2538/2538/2538 2545/2545/2545
f 2532/2532/2532 2545/2545/2545 2538/2538/2538
f 2540/2540/2540 2545/2545/2545 2546/2546/2546
f 2546/2546/2546 2545/2545/2545 2532/2532/2532
f 2543/2543/2543 2540/2540/2540 2546/2546/2546
f 2547/2547/2547 2546/2546/2546 2532/2532/2532
f 2547/2547/2547 2543/2543/2543 2546/2546/2546
f 2547/2547/2547 2532/2532/2532 2531/2531/2531
f 2548/2548/2548 2544/2544/2544 2543/2543/2543
f 2549/2549/2549 2544/2544/2544 2548/2548/2548
f 2436/2436/2436 2548/2548/2548 2543/2543/2543
f 2436/2436/2436 2543/2543/2543 2550/2550/2550
f 2550/2550/2550 2543/2543/2543 2547/2547/2547
f 2435/2435/2435 2436/2436/2436 2550/2550/2550
f 2551/2551/2551 2550/2550/2550 2547/2547/2547
f 2435/2435/2435 2550/2550/2550 2551/2551/2551
f 2552/2552/2552 2547/2547/2547 2531/2531/2531
f 2552/2552/2552 2551/2551/2551 2547/2547/2547
f 2552/2552/2552 2531/2531/2531 2553/2553/2553
f 2521/2521/2521 2553/2553/2553 2531/2531/2531
f 2521/2521/2521 2513/2513/2513 2553/2553/2553
f 2554/2554/2554 2553/2553/2553 2513/2513/2513
f 2516/2516/2516 2554/2554/2554 2513/2513/2513
f 2555/2555/2555 2552/2552/2552 2553/2553/2553
f 2555/2555/2555 2553/2553/2553 2554/2554/2554
f 2556/2556/2556 2551/2551/2551 2552/2552/2552
f 2552/2552/2552 2555/2555/2555 2556/2556/2556
f 2557/2557/2557 2435/2435/2435 2551/2551/2551
f 2551/2551/2551 2556/2556/2556 2557/2557/2557
f 2558/2558/2558 2435/2435/2435 2557/2557/2557
f 2435/2435/2435 2558/2558/2558 2434/2434/2434
f 2556/2556/2556 2559/2559/2559 2557/2557/2557
f 2560/2560/2560 2557/2557/2557 2559/2559/2559
f 2561/2561/2561 2559/2559/2559 2556/2556/2556
f 2562/2562/2562 2559/2559/2559 2561/2561/2561
f 2556/2556/2556 2563/2563/2563 2561/2561/2561
f 2555/2555/2555 2563/2563/2563 2556/2556/2556
f 2563/2563/2563 2564/2564/2564 2561/2561/2561
f 2565/2565/2565 2564/2564/2564 2563/2563/2563
f 2566/2566/2566 2565/2565/2565 2563/2563/2563
f 2566/2566/2566 2563/2563/2563 2555/2555/2555
f 2567/2567/2567 2565/2565/2565 2566/2566/2566
f 2567/2567/2567 2566/2566/2566 2425/2425/2425
f 2566/2566/2566 2555/2555/2555 2568/2568/2568
f 2568/2568/2568 2555/2555/2555 2554/2554/2554
f 2566/2566/2566 2569/2569/2569 2425/2425/2425
f 2569/2569/2569 2566/2566/2566 2568/2568/2568
f 2427/2427/2427 2425/2425/2425 2569/2569/2569
f 2568/2568/2568 2554/2554/2554 2570/2570/2570
f 2569/2569/2569 2568/2568/2568 2571/2571/2571
f 2571/2571/2571 2568/2568/2568 2570/2570/2570
f 2572/2572/2572 2427/2427/2427 2569/2569/2569
f 2572/2572/2572 2569/2569/2569 2571/2571/2571
f 2554/2554/2554 2573/2573/2573 2570/2570/2570
f 2516/2516/2516 2573/2573/2573 2554/2554/2554
f 2574/2574/2574 2427/2427/2427 2572/2572/2572
f 2574/2574/2574 2575/2575/2575 2427/2427/2427
f 2573/2573/2573 2516/2516/2516 2576/2576/2576
f 2516/2516/2516 2520/2520/2520 2576/2576/2576
f 2576/2576/2576 2520/2520/2520 2577/2577/2577
f 2520/2520/2520 2578/2578/2578 2577/2577/2577
f 2576/2576/2576 2577/2577/2577 2579/2579/2579
f 2580/2580/2580 2576/2576/2576 2579/2579/2579
f 2576/2576/2576 2580/2580/2580 2573/2573/2573
f 2579/2579/2579 2581/2581/2581 2580/2580/2580
f 2580/2580/2580 2582/2582/2582 2573/2573/2573
f 2582/2582/2582 2583/2583/2583 2573/2573/2573
f 2582/2582/2582 2584/2584/2584 2583/2583/2583
f 2573/2573/2573 2583/2583/2583 2570/2570/2570
f 2583/2583/2583 2584/2584/2584 2585/2585/2585
f 2570/2570/2570 2583/2583/2583 2586/2586/2586
f 2571/2571/2571 2570/2570/2570 2586/2586/2586
f 2587/2587/2587 2583/2583/2583 2585/2585/2585
f 2583/2583/2583 2587/2587/2587 2586/2586/2586
f 2585/2585/2585 2588/2588/2588 2587/2587/2587
f 2588/2588/2588 2585/2585/2585 2589/2589/2589
f 2585/2585/2585 2590/2590/2590 2589/2589/2589
f 2587/2587/2587 2591/2591/2591 2586/2586/2586
f 2588/2588/2588 2591/2591/2591 2587/2587/2587
f 2592/2592/2592 2571/2571/2571 2586/2586/2586
f 2586/2586/2586 2591/2591/2591 2593/2593/2593
f 2592/2592/2592 2586/2586/2586 2593/2593/2593
f 2594/2594/2594 2571/2571/2571 2592/2592/2592
f 2594/2594/2594 2572/2572/2572 2571/2571/2571
f 2572/2572/2572 2594/2594/2594 2429/2429/2429
f 2574/2574/2574 2572/2572/2572 2429/2429/2429
f 2574/2574/2574 2429/2429/2429 2595/2595/2595
f 2596/2596/2596 2574/2574/2574 2595/2595/2595
f 2597/2597/2597 2429/2429/2429 2594/2594/2594
f 2429/2429/2429 2597/2597/2597 2428/2428/2428
f 2598/2598/2598 2594/2594/2594 2592/2592/2592
f 2598/2598/2598 2597/2597/2597 2594/2594/2594
f 2588/2588/2588 2599/2599/2599 2591/2591/2591
f 2599/2599/2599 2588/2588/2588 2600/2600/2600
f 2588/2588/2588 2601/2601/2601 2600/2600/2600
f 2599/2599/2599 2602/2602/2602 2591/2591/2591
f 2599/2599/2599 2603/2603/2603 2602/2602/2602
f 2591/2591/2591 2602/2602/2602 2593/2593/2593
f 2603/2603/2603 2604/2604/2604 2602/2602/2602
f 2602/2602/2602 2604/2604/2604 2593/2593/2593
f 2603/2603/2603 2605/2605/2605 2604/2604/2604
f 2605/2605/2605 2606/2606/2606 2604/2604/2604
f 2593/2593/2593 2607/2607/2607 2592/2592/2592
f 2593/2593/2593 2604/2604/2604 2607/2607/2607
f 2604/2604/2604 2606/2606/2606 2608/2608/2608
f 2604/2604/2604 2608/2608/2608 2607/2607/2607
f 2608/2608/2608 2592/2592/2592 2607/2607/2607
f 2608/2608/2608 2598/2598/2598 2592/2592/2592
f 2606/2606/2606 2609/2609/2609 2608/2608/2608
f 2608/2608/2608 2609/2609/2609 2598/2598/2598
f 2609/2609/2609 2597/2597/2597 2598/2598/2598
f 2597/2597/2597 2609/2609/2609 2610/2610/2610
f 2611/2611/2611 2597/2597/2597 2610/2610/2610
f 2612/2612/2612 2590/2590/2590 2585/2585/2585
f 2585/2585/2585 2584/2584/2584 2612/2612/2612
f 2584/2584/2584 2613/2613/2613 2612/2612/2612
f 2614/2614/2614 2613/2613/2613 2584/2584/2584
f 2614/2614/2614 2584/2584/2584 2582/2582/2582
f 2615/2615/2615 2614/2614/2614 2582/2582/2582
f 2581/2581/2581 2615/2615/2615 2582/2582/2582
f 2581/2581/2581 2582/2582/2582 2580/2580/2580
f 2618/2618/2618 2617/2617/2617 2616/2616/2616
f 2619/2619/2619 2616/2616/2616 2617/2617/2617
f 2620/2620/2620 2619/2619/2619 2617/2617/2617
f 2620/2620/2620 2621/2621/2621 2619/2619/2619
f 2622/2622/2622 2621/2621/2621 2620/2620/2620
f 2622/2622/2622 2623/2623/2623 2621/2621/2621
f 2622/2622/2622 2624/2624/2624 2623/2623/2623
f 2623/2623/2623 2625/2625/2625 2621/2621/2621
f 2623/2623/2623 2626/2626/2626 2625/2625/2625
f 2626/2626/2626 2627/2627/2627 2625/2625/2625
f 2625/2625/2625 2627/2627/2627 2628/2628/2628
f 2627/2627/2627 2626/2626/2626 2629/2629/2629
f 2630/2630/2630 2627/2627/2627 2629/2629/2629
f 2631/2631/2631 2624/2624/2624 2622/2622/2622
f 2632/2632/2632 2631/2631/2631 2622/2622/2622
f 2632/2632/2632 2622/2622/2622 2620/2620/2620
f 2633/2633/2633 2631/2631/2631 2632/2632/2632
f 2632/2632/2632 2620/2620/2620 2617/2617/2617
f 2634/2634/2634 2633/2633/2633 2632/2632/2632
f 2634/2634/2634 2632/2632/2632 2617/2617/2617
f 2635/2635/2635 2633/2633/2633 2634/2634/2634
f 2617/2617/2617 2636/2636/2636 2634/2634/2634
f 2636/2636/2636 2617/2617/2617 2618/2618/2618
f 2618/2618/2618 2637/2637/2637 2636/2636/2636
f 2638/2638/2638 2635/2635/2635 2634/2634/2634
f 2636/2636/2636 2638/2638/2638 2634/2634/2634
f 2639/2639/2639 2635/2635/2635 2638/2638/2638
f 2637/2637/2637 2640/2640/2640 2636/2636/2636
f 2640/2640/2640 2638/2638/2638 2636/2636/2636
f 2637/2637/2637 2641/2641/2641 2640/2640/2640
f 2638/2638/2638 2642/2642/2642 2639/2639/2639
f 2642/2642/2642 2638/2638/2638 2640/2640/2640
f 2642/2642/2642 2643/2643/2643 2639/2639/2639
f 2641/2641/2641 2644/2644/2644 2640/2640/2640
f 2644/2644/2644 2642/2642/2642 2640/2640/2640
f 2645/2645/2645 2644/2644/2644 2641/2641/2641
f 2642/2642/2642 2646/2646/2646 2643/2643/2643
f 2646/2646/2646 2642/2642/2642 2644/2644/2644
f 2645/2645/2645 2646/2646/2646 2644/2644/2644
f 2646/2646/2646 2647/2647/2647 2643/2643/2643
f 2648/2648/2648 2646/2646/2646 2645/2645/2645
f 2646/2646/2646 2648/2648/2648 2647/2647/2647
f 2648/2648/2648 2649/2649/2649 2647/2647/2647
f 2650/2650/2650 2648/2648/2648 2645/2645/2645
f 2648/2648/2648 2651/2651/2651 2649/2649/2649
f 2651/2651/2651 2648/2648/2648 2650/2650/2650
f 2651/2651/2651 2652/2652/2652 2649/2649/2649
f 2653/2653/2653 2651/2651/2651 2650/2650/2650
f 2653/2653/2653 2650/2650/2650 2654/2654/2654
f 2651/2651/2651 2655/2655/2655 2652/2652/2652
f 2651/2651/2651 2653/2653/2653 2655/2655/2655
f 2653/2653/2653 2656/2656/2656 2655/2655/2655
f 2655/2655/2655 2657/2657/2657 2652/2652/2652
f 2655/2655/2655 2656/2656/2656 2658/2658/2658
f 2655/2655/2655 2658/2658/2658 2657/2657/2657
f 2658/2658/2658 2659/2659/2659 2657/2657/2657
f 2624/2624/2624 2660/2660/2660 2623/2623/2623
f 2623/2623/2623 2660/2660/2660 2626/2626/2626
f 2660/2660/2660 2661/2661/2661 2626/2626/2626
f 2629/2629/2629 2626/2626/2626 2661/2661/2661
f 2662/2662/2662 2629/2629/2629 2661/2661/2661
f 2663/2663/2663 2629/2629/2629 2662/2662/2662
f 2664/2664/2664 2663/2663/2663 2662/2662/2662
f 2630/2630/2630 2629/2629/2629 2663/2663/2663
f 2665/2665/2665 2630/2630/2630 2663/2663/2663
f 2630/2630/2630 2665/2665/2665 2666/2666/2666
f 2656/2656/2656 2667/2667/2667 2658/2658/2658
f 2658/2658/2658 2667/2667/2667 2668/2668/2668
f 2667/2667/2667 2669/2669/2669 2668/2668/2668
f 2658/2658/2658 2668/2668/2668 2659/2659/2659
f 2668/2668/2668 2670/2670/2670 2659/2659/2659
f 2438/2438/2438 2671/2671/2671 2437/2437/2437
f 2671/2671/2671 2438/2438/2438 2672/2672/2672
f 2438/2438/2438 2673/2673/2673 2672/2672/2672
f 2438/2438/2438 2439/2439/2439 2673/2673/2673
f 2671/2671/2671 2672/2672/2672 2674/2674/2674
f 2440/2440/2440 2671/2671/2671 2674/2674/2674
f 2671/2671/2671 2440/2440/2440 2441/2441/2441
f 2672/2672/2672 2673/2673/2673 2675/2675/2675
f 2676/2676/2676 2672/2672/2672 2675/2675/2675
f 2674/2674/2674 2672/2672/2672 2676/2676/2676
f 2675/2675/2675 2673/2673/2673 2677/2677/2677
f 2678/2678/2678 2674/2674/2674 2676/2676/2676
f 2673/2673/2673 2679/2679/2679 2677/2677/2677
f 2439/2439/2439 2679/2679/2679 2673/2673/2673
f 2677/2677/2677 2679/2679/2679 2680/2680/2680
f 2681/2681/2681 2674/2674/2674 2678/2678/2678
f 2440/2440/2440 2674/2674/2674 2681/2681/2681
f 2682/2682/2682 2681/2681/2681 2678/2678/2678
f 2683/2683/2683 2681/2681/2681 2682/2682/2682
f 2684/2684/2684 2681/2681/2681 2683/2683/2683
f 2684/2684/2684 2440/2440/2440 2681/2681/2681
f 2684/2684/2684 2442/2442/2442 2440/2440/2440
f 2685/2685/2685 2442/2442/2442 2684/2684/2684
f 2439/2439/2439 2686/2686/2686 2679/2679/2679
f 2686/2686/2686 2439/2439/2439 2687/2687/2687
f 2679/2679/2679 2688/2688/2688 2680/2680/2680
f 2686/2686/2686 2688/2688/2688 2679/2679/2679
f 2680/2680/2680 2688/2688/2688 2689/2689/2689
f 2686/2686/2686 2690/2690/2690 2688/2688/2688
f 2688/2688/2688 2691/2691/2691 2689/2689/2689
f 2690/2690/2690 2691/2691/2691 2688/2688/2688
f 2692/2692/2692 2683/2683/2683 2682/2682/2682
f 2693/2693/2693 2683/2683/2683 2692/2692/2692
f 2694/2694/2694 2693/2693/2693 2692/2692/2692
f 2695/2695/2695 2683/2683/2683 2693/2693/2693
f 2695/2695/2695 2684/2684/2684 2683/2683/2683
f 2696/2696/2696 2695/2695/2695 2693/2693/2693
f 2697/2697/2697 2693/2693/2693 2694/2694/2694
f 2696/2696/2696 2693/2693/2693 2697/2697/2697
f 2698/2698/2698 2697/2697/2697 2694/2694/2694
f 2699/2699/2699 2696/2696/2696 2697/2697/2697
f 2700/2700/2700 2697/2697/2697 2698/2698/2698
f 2697/2697/2697 2700/2700/2700 2699/2699/2699
f 2699/2699/2699 2700/2700/2700 2701/2701/2701
f 2702/2702/2702 2700/2700/2700 2698/2698/2698
f 2703/2703/2703 2701/2701/2701 2700/2700/2700
f 2704/2704/2704 2700/2700/2700 2702/2702/2702
f 2704/2704/2704 2703/2703/2703 2700/2700/2700
f 2705/2705/2705 2704/2704/2704 2702/2702/2702
f 2706/2706/2706 2703/2703/2703 2704/2704/2704
f 2707/2707/2707 2704/2704/2704 2705/2705/2705
f 2707/2707/2707 2706/2706/2706 2704/2704/2704
f 2708/2708/2708 2707/2707/2707 2705/2705/2705
f 2708/2708/2708 2709/2709/2709 2707/2707/2707
f 2710/2710/2710 2706/2706/2706 2707/2707/2707
f 2706/2706/2706 2710/2710/2710 2711/2711/2711
f 2707/2707/2707 2709/2709/2709 2712/2712/2712
f 2712/2712/2712 2710/2710/2710 2707/2707/2707
f 2712/2712/2712 2709/2709/2709 2713/2713/2713
f 2712/2712/2712 2713/2713/2713 2710/2710/2710
f 2709/2709/2709 2714/2714/2714 2713/2713/2713
f 2715/2715/2715 2710/2710/2710 2713/2713/2713
f 2713/2713/2713 2714/2714/2714 2716/2716/2716
f 2716/2716/2716 2715/2715/2715 2713/2713/2713
f 2714/2714/2714 2717/2717/2717 2716/2716/2716
f 2716/2716/2716 2718/2718/2718 2715/2715/2715
f 2716/2716/2716 2717/2717/2717 2718/2718/2718
f 2715/2715/2715 2718/2718/2718 2719/2719/2719
f 2720/2720/2720 2718/2718/2718 2717/2717/2717
f 2721/2721/2721 2720/2720/2720 2717/2717/2717
f 2695/2695/2695 2685/2685/2685 2684/2684/2684
f 2695/2695/2695 2696/2696/2696 2685/2685/2685
f 2722/2722/2722 2685/2685/2685 2696/2696/2696
f 2699/2699/2699 2722/2722/2722 2696/2696/2696
f 2722/2722/2722 2699/2699/2699 2723/2723/2723
f 2699/2699/2699 2701/2701/2701 2723/2723/2723
f 2701/2701/2701 2703/2703/2703 2724/2724/2724
f 2703/2703/2703 2706/2706/2706 2724/2724/2724
f 2727/2727/2727 2726/2726/2726 2725/2725/2725
f 2725/2725/2725 2726/2726/2726 2728/2728/2728
f 2726/2726/2726 2729/2729/2729 2728/2728/2728
f 2728/2728/2728 2729/2729/2729 2730/2730/2730
f 2729/2729/2729 2731/2731/2731 2730/2730/2730
f 2730/2730/2730 2731/2731/2731 2732/2732/2732
f 2731/2731/2731 2733/2733/2733 2732/2732/2732
f 2733/2733/2733 2734/2734/2734 2732/2732/2732
f 2734/2734/2734 2735/2735/2735 2732/2732/2732
f 2734/2734/2734 2736/2736/2736 2735/2735/2735
f 2736/2736/2736 2737/2737/2737 2735/2735/2735
f 2736/2736/2736 2738/2738/2738 2737/2737/2737
f 2738/2738/2738 2739/2739/2739 2737/2737/2737
f 2738/2738/2738 2740/2740/2740 2739/2739/2739
f 2740/2740/2740 2741/2741/2741 2739/2739/2739
f 2741/2741/2741 2740/2740/2740 2742/2742/2742
f 2743/2743/2743 2741/2741/2741 2742/2742/2742
f 2742/2742/2742 2744/2744/2744 2743/2743/2743
f 2744/2744/2744 2745/2745/2745 2743/2743/2743
f 2746/2746/2746 2727/2727/2727 2725/2725/2725
f 2747/2747/2747 2727/2727/2727 2746/2746/2746
f 2748/2748/2748 2747/2747/2747 2746/2746/2746
f 2747/2747/2747 2748/2748/2748 2749/2749/2749
f 2748/2748/2748 2750/2750/2750 2749/2749/2749
f 2751/2751/2751 2749/2749/2749 2750/2750/2750
f 2752/2752/2752 2751/2751/2751 2750/2750/2750
f 2753/2753/2753 2751/2751/2751 2752/2752/2752
f 2754/2754/2754 2753/2753/2753 2752/2752/2752
f 2757/2757/2757 2756/2756/2756 2755/2755/2755
f 2758/2758/2758 2757/2757/2757 2755/2755/2755
f 2757/2757/2757 2758/2758/2758 2759/2759/2759
f 2760/2760/2760 2757/2757/2757 2759/2759/2759
f 2759/2759/2759 2761/2761/2761 2760/2760/2760
f 2759/2759/2759 2762/2762/2762 2761/2761/2761
f 2762/2762/2762 2763/2763/2763 2761/2761/2761
f 2762/2762/2762 2764/2764/2764 2763/2763/2763
f 2763/2763/2763 2764/2764/2764 2765/2765/2765
f 2766/2766/2766 2765/2765/2765 2764/2764/2764
f 2767/2767/2767 2766/2766/2766 2764/2764/2764
f 2766/2766/2766 2767/2767/2767 2768/2768/2768
f 2769/2769/2769 2766/2766/2766 2768/2768/2768
f 2769/2769/2769 2768/2768/2768 2770/2770/2770
f 2771/2771/2771 2769/2769/2769 2770/2770/2770
f 2774/2774/2774 2773/2773/2773 2772/2772/2772
f 2775/2775/2775 2774/2774/2774 2772/2772/2772
f 2772/2772/2772 2776/2776/2776 2775/2775/2775
f 2772/2772/2772 2777/2777/2777 2776/2776/2776
f 2777/2777/2777 2778/2778/2778 2776/2776/2776
f 2777/2777/2777 2779/2779/2779 2778/2778/2778
f 2779/2779/2779 2780/2780/2780 2778/2778/2778
f 2780/2780/2780 2779/2779/2779 2781/2781/2781
f 2782/2782/2782 2780/2780/2780 2781/2781/2781
f 2781/2781/2781 2783/2783/2783 2782/2782/2782
f 2781/2781/2781 2784/2784/2784 2783/2783/2783
f 2784/2784/2784 2785/2785/2785 2783/2783/2783
f 2785/2785/2785 2784/2784/2784 2786/2786/2786
f 2787/2787/2787 2785/2785/2785 2786/2786/2786
f 2787/2787/2787 2786/2786/2786 2788/2788/2788
f 2789/2789/2789 2787/2787/2787 2788/2788/2788
f 2789/2789/2789 2788/2788/2788 2790/2790/2790
f 2791/2791/2791 2789/2789/2789 2790/2790/2790
f 2791/2791/2791 2790/2790/2790 2792/2792/2792
f 2793/2793/2793 2791/2791/2791 2792/2792/2792
f 2793/2793/2793 2792/2792/2792 2794/2794/2794
f 2795/2795/2795 2793/2793/2793 2794/2794/2794
f 2795/2795/2795 2794/2794/2794 2796/2796/2796
f 2797/2797/2797 2795/2795/2795 2796/2796/2796
f 2797/2797/2797 2796/2796/2796 2798/2798/2798
f 2799/2799/2799 2797/2797/2797 2798/2798/2798
f 2799/2799/2799 2798/2798/2798 2800/2800/2800
f 2801/2801/2801 2799/2799/2799 2800/2800/2800
f 2801/2801/2801 2800/2800/2800 2802/2802/2802
f 2803/2803/2803 2801/2801/2801 2802/2802/2802
f 2806/2806/2806 2805/2805/2805 2804/2804/2804
f 2807/2807/2807 2805/2805/2805 2806/2806/2806
f 2808/2808/2808 2807/2807/2807 2806/2806/2806
f 2807/2807/2807 2808/2808/2808 2809/2809/2809
f 2808/2808/2808 2810/2810/2810 2809/2809/2809
f 2809/2809/2809 2810/2810/2810 2811/2811/2811
f 2812/2812/2812 2811/2811/2811 2810/2810/2810
f 2813/2813/2813 2812/2812/2812 2810/2810/2810
f 2812/2812/2812 2813/2813/2813 2814/2814/2814
f 2813/2813/2813 2815/2815/2815 2814/2814/2814
f 2814/2814/2814 2815/2815/2815 2816/2816/2816
f 2815/2815/2815 2817/2817/2817 2816/2816/2816
f 2816/2816/2816 2817/2817/2817 2818/2818/2818
f 2819/2819/2819 2818/2818/2818 2817/2817/2817
f 2820/2820/2820 2819/2819/2819 2817/2817/2817
f 2821/2821/2821 2819/2819/2819 2820/2820/2820
f 2822/2822/2822 2821/2821/2821 2820/2820/2820
f 2805/2805/2805 2823/2823/2823 2804/2804/2804
f 2804/2804/2804 2823/2823/2823 2824/2824/2824
f 2823/2823/2823 2825/2825/2825 2824/2824/2824
f 2824/2824/2824 2825/2825/2825 2826/2826/2826
f 2825/2825/2825 2827/2827/2827 2826/2826/2826
f 2826/2826/2826 2827/2827/2827 2828/2828/2828
f 2827/2827/2827 2829/2829/2829 2828/2828/2828
f 2828/2828/2828 2829/2829/2829 2830/2830/2830
f 2829/2829/2829 2831/2831/2831 2830/2830/2830
f 2830/2830/2830 2831/2831/2831 2832/2832/2832
f 2831/2831/2831 2833/2833/2833 2832/2832/2832
f 2832/2832/2832 2833/2833/2833 2834/2834/2834
f 2833/2833/2833 2835/2835/2835 2834/2834/2834
f 2838/2838/2838 2837/2837/2837 2836/2836/2836
f 2838/2838/2838 2839/2839/2839 2837/2837/2837
f 2837/2837/2837 2840/2840/2840 2836/2836/2836
f 2841/2841/2841 2836/2836/2836 2840/2840/2840
f 2842/2842/2842 2841/2841/2841 2840/2840/2840
f 2839/2839/2839 2843/2843/2843 2837/2837/2837
f 2839/2839/2839 2844/2844/2844 2843/2843/2843
f 2844/2844/2844 2845/2845/2845 2843/2843/2843
f 2846/2846/2846 2845/2845/2845 2844/2844/2844
f 2847/2847/2847 2845/2845/2845 2846/2846/2846
f 2848/2848/2848 2845/2845/2845 2847/2847/2847
f 2837/2837/2837 2843/2843/2843 2849/2849/2849
f 2837/2837/2837 2849/2849/2849 2840/2840/2840
f 2842/2842/2842 2840/2840/2840 2850/2850/2850
f 2851/2851/2851 2842/2842/2842 2850/2850/2850
f 2840/2840/2840 2852/2852/2852 2850/2850/2850
f 2849/2849/2849 2852/2852/2852 2840/2840/2840
f 2851/2851/2851 2850/2850/2850 2853/2853/2853
f 2850/2850/2850 2852/2852/2852 2853/2853/2853
f 2854/2854/2854 2851/2851/2851 2853/2853/2853
f 2854/2854/2854 2853/2853/2853 2855/2855/2855
f 2856/2856/2856 2854/2854/2854 2855/2855/2855
f 2857/2857/2857 2856/2856/2856 2855/2855/2855
f 2858/2858/2858 2857/2857/2857 2855/2855/2855
f 2843/2843/2843 2859/2859/2859 2849/2849/2849
f 2843/2843/2843 2845/2845/2845 2859/2859/2859
f 2849/2849/2849 2859/2859/2859 2860/2860/2860
f 2860/2860/2860 2859/2859/2859 2845/2845/2845
f 2852/2852/2852 2849/2849/2849 2860/2860/2860
f 2852/2852/2852 2860/2860/2860 2861/2861/2861
f 2852/2852/2852 2862/2862/2862 2853/2853/2853
f 2853/2853/2853 2862/2862/2862 2855/2855/2855
f 2862/2862/2862 2852/2852/2852 2861/2861/2861
f 2858/2858/2858 2855/2855/2855 2863/2863/2863
f 2864/2864/2864 2858/2858/2858 2863/2863/2863
f 2864/2864/2864 2863/2863/2863 2865/2865/2865
f 2863/2863/2863 2866/2866/2866 2865/2865/2865
f 2865/2865/2865 2866/2866/2866 2867/2867/2867
f 2867/2867/2867 2866/2866/2866 2868/2868/2868
f 2869/2869/2869 2868/2868/2868 2866/2866/2866
f 2863/2863/2863 2855/2855/2855 2870/2870/2870
f 2855/2855/2855 2862/2862/2862 2870/2870/2870
f 2866/2866/2866 2863/2863/2863 2870/2870/2870
f 2866/2866/2866 2870/2870/2870 2871/2871/2871
f 2872/2872/2872 2869/2869/2869 2866/2866/2866
f 2872/2872/2872 2866/2866/2866 2871/2871/2871
f 2869/2869/2869 2872/2872/2872 2873/2873/2873
f 2872/2872/2872 2874/2874/2874 2873/2873/2873
f 2874/2874/2874 2872/2872/2872 2871/2871/2871
f 2873/2873/2873 2874/2874/2874 2875/2875/2875
f 2875/2875/2875 2874/2874/2874 2876/2876/2876
f 2877/2877/2877 2876/2876/2876 2874/2874/2874
f 2878/2878/2878 2877/2877/2877 2874/2874/2874
f 2878/2878/2878 2874/2874/2874 2871/2871/2871
f 2877/2877/2877 2878/2878/2878 2879/2879/2879
f 2879/2879/2879 2878/2878/2878 2880/2880/2880
f 2878/2878/2878 2881/2881/2881 2880/2880/2880
f 2880/2880/2880 2881/2881/2881 2882/2882/2882
f 2882/2882/2882 2881/2881/2881 2883/2883/2883
f 2884/2884/2884 2883/2883/2883 2881/2881/2881
f 2878/2878/2878 2871/2871/2871 2885/2885/2885
f 2881/2881/2881 2878/2878/2878 2885/2885/2885
f 2885/2885/2885 2871/2871/2871 2886/2886/2886
f 2887/2887/2887 2884/2884/2884 2881/2881/2881
f 2884/2884/2884 2887/2887/2887 2888/2888/2888
f 2889/2889/2889 2888/2888/2888 2887/2887/2887
f 2885/2885/2885 2890/2890/2890 2881/2881/2881
f 2890/2890/2890 2887/2887/2887 2881/2881/2881
f 2886/2886/2886 2890/2890/2890 2885/2885/2885
f 2891/2891/2891 2889/2889/2889 2887/2887/2887
f 2891/2891/2891 2887/2887/2887 2890/2890/2890
f 2889/2889/2889 2891/2891/2891 2892/2892/2892
f 2891/2891/2891 2890/2890/2890 2893/2893/2893
f 2891/2891/2891 2893/2893/2893 2892/2892/2892
f 2890/2890/2890 2886/2886/2886 2893/2893/2893
f 2893/2893/2893 2894/2894/2894 2892/2892/2892
f 2895/2895/2895 2894/2894/2894 2893/2893/2893
f 2893/2893/2893 2896/2896/2896 2895/2895/2895
f 2893/2893/2893 2886/2886/2886 2896/2896/2896
f 2896/2896/2896 2897/2897/2897 2895/2895/2895
f 2898/2898/2898 2897/2897/2897 2896/2896/2896
f 2899/2899/2899 2898/2898/2898 2896/2896/2896
f 2896/2896/2896 2900/2900/2900 2899/2899/2899
f 2896/2896/2896 2886/2886/2886 2900/2900/2900
f 2901/2901/2901 2900/2900/2900 2886/2886/2886
f 2900/2900/2900 2902/2902/2902 2899/2899/2899
f 2903/2903/2903 2902/2902/2902 2900/2900/2900
f 2900/2900/2900 2901/2901/2901 2903/2903/2903
f 2901/2901/2901 2904/2904/2904 2903/2903/2903
f 2905/2905/2905 2904/2904/2904 2901/2901/2901
f 2906/2906/2906 2905/2905/2905 2901/2901/2901
f 2907/2907/2907 2901/2901/2901 2886/2886/2886
f 2871/2871/2871 2907/2907/2907 2886/2886/2886
f 2871/2871/2871 2870/2870/2870 2907/2907/2907
f 2906/2906/2906 2901/2901/2901 2908/2908/2908
f 2901/2901/2901 2907/2907/2907 2908/2908/2908
f 2908/2908/2908 2907/2907/2907 2909/2909/2909
f 2910/2910/2910 2906/2906/2906 2908/2908/2908
f 2908/2908/2908 2909/2909/2909 2910/2910/2910
f 2909/2909/2909 2911/2911/2911 2910/2910/2910
f 2912/2912/2912 2911/2911/2911 2909/2909/2909
f 2913/2913/2913 2912/2912/2912 2909/2909/2909
f 2870/2870/2870 2914/2914/2914 2907/2907/2907
f 2907/2907/2907 2914/2914/2914 2909/2909/2909
f 2870/2870/2870 2862/2862/2862 2914/2914/2914
f 2862/2862/2862 2861/2861/2861 2914/2914/2914
f 2915/2915/2915 2914/2914/2914 2861/2861/2861
f 2913/2913/2913 2909/2909/2909 2916/2916/2916
f 2909/2909/2909 2914/2914/2914 2916/2916/2916
f 2916/2916/2916 2914/2914/2914 2915/2915/2915
f 2917/2917/2917 2913/2913/2913 2916/2916/2916
f 2917/2917/2917 2916/2916/2916 2918/2918/2918
f 2916/2916/2916 2915/2915/2915 2918/2918/2918
f 2918/2918/2918 2915/2915/2915 2919/2919/2919
f 2919/2919/2919 2915/2915/2915 2920/2920/2920
f 2920/2920/2920 2915/2915/2915 2921/2921/2921
f 2915/2915/2915 2922/2922/2922 2921/2921/2921
f 2922/2922/2922 2915/2915/2915 2861/2861/2861
f 2921/2921/2921 2922/2922/2922 2923/2923/2923
f 2922/2922/2922 2924/2924/2924 2923/2923/2923
f 2924/2924/2924 2922/2922/2922 2861/2861/2861
f 2923/2923/2923 2924/2924/2924 2925/2925/2925
f 2926/2926/2926 2924/2924/2924 2861/2861/2861
f 2924/2924/2924 2926/2926/2926 2925/2925/2925
f 2926/2926/2926 2861/2861/2861 2860/2860/2860
f 2925/2925/2925 2926/2926/2926 2927/2927/2927
f 2928/2928/2928 2926/2926/2926 2860/2860/2860
f 2926/2926/2926 2928/2928/2928 2927/2927/2927
f 2845/2845/2845 2928/2928/2928 2860/2860/2860
f 2927/2927/2927 2928/2928/2928 2929/2929/2929
f 2928/2928/2928 2845/2845/2845 2848/2848/2848
f 2929/2929/2929 2928/2928/2928 2848/2848/2848
f 2932/2932/2932 2931/2931/2931 2930/2930/2930
f 2933/2933/2933 2931/2931/2931 2932/2932/2932
f 2934/2934/2934 2932/2932/2932 2930/2930/2930
f 2932/2932/2932 2935/2935/2935 2933/2933/2933
f 2934/2934/2934 2930/2930/2930 2936/2936/2936
f 2935/2935/2935 2937/2937/2937 2933/2933/2933
f 2938/2938/2938 2934/2934/2934 2936/2936/2936
f 2936/2936/2936 2939/2939/2939 2938/2938/2938
f 2939/2939/2939 2940/2940/2940 2938/2938/2938
f 2940/2940/2940 2939/2939/2939 2941/2941/2941
f 2942/2942/2942 2940/2940/2940 2941/2941/2941
f 2942/2942/2942 2941/2941/2941 2943/2943/2943
f 2944/2944/2944 2942/2942/2942 2943/2943/2943
f 2944/2944/2944 2943/2943/2943 2945/2945/2945
f 2946/2946/2946 2944/2944/2944 2945/2945/2945
f 2946/2946/2946 2945/2945/2945 2947/2947/2947
f 2948/2948/2948 2946/2946/2946 2947/2947/2947
f 2947/2947/2947 2949/2949/2949 2948/2948/2948
f 2950/2950/2950 2948/2948/2948 2949/2949/2949
f 2951/2951/2951 2950/2950/2950 2949/2949/2949
f 2952/2952/2952 2950/2950/2950 2951/2951/2951
f 2953/2953/2953 2952/2952/2952 2951/2951/2951
f 2952/2952/2952 2953/2953/2953 2954/2954/2954
f 2953/2953/2953 2955/2955/2955 2954/2954/2954
f 2954/2954/2954 2955/2955/2955 2956/2956/2956
f 2955/2955/2955 2957/2957/2957 2956/2956/2956
f 2958/2958/2958 2956/2956/2956 2957/2957/2957
f 2959/2959/2959 2958/2958/2958 2957/2957/2957
f 2958/2958/2958 2959/2959/2959 2960/2960/2960
f 2959/2959/2959 2961/2961/2961 2960/2960/2960
f 2960/2960/2960 2961/2961/2961 2962/2962/2962
f 2961/2961/2961 2963/2963/2963 2962/2962/2962
f 2964/2964/2964 2962/2962/2962 2963/2963/2963
f 2962/2962/2962 2964/2964/2964 2965/2965/2965
f 2964/2964/2964 2966/2966/2966 2965/2965/2965
f 2965/2965/2965 2966/2966/2966 2967/2967/2967
f 2966/2966/2966 2968/2968/2968 2967/2967/2967
f 2967/2967/2967 2968/2968/2968 2969/2969/2969
f 2970/2970/2970 2967/2967/2967 2969/2969/2969
f 2970/2970/2970 2969/2969/2969 2971/2971/2971
f 2972/2972/2972 2970/2970/2970 2971/2971/2971
f 2972/2972/2972 2971/2971/2971 2973/2973/2973
f 2974/2974/2974 2972/2972/2972 2973/2973/2973
f 2974/2974/2974 2973/2973/2973 2975/2975/2975
f 2976/2976/2976 2974/2974/2974 2975/2975/2975
f 2976/2976/2976 2975/2975/2975 2977/2977/2977
f 2978/2978/2978 2976/2976/2976 2977/2977/2977
f 2978/2978/2978 2977/2977/2977 2979/2979/2979
f 2980/2980/2980 2978/2978/2978 2979/2979/2979
f 2980/2980/2980 2979/2979/2979 2981/2981/2981
f 2982/2982/2982 2980/2980/2980 2981/2981/2981
f 2982/2982/2982 2981/2981/2981 2983/2983/2983
f 2984/2984/2984 2982/2982/2982 2983/2983/2983
f 2984/2984/2984 2983/2983/2983 2985/2985/2985
f 2986/2986/2986 2984/2984/2984 2985/2985/2985
f 2986/2986/2986 2985/2985/2985 2987/2987/2987
f 2988/2988/2988 2986/2986/2986 2987/2987/2987
f 2988/2988/2988 2987/2987/2987 2989/2989/2989
f 2990/2990/2990 2988/2988/2988 2989/2989/2989
f 2989/2989/2989 2991/2991/2991 2990/2990/2990
f 2991/2991/2991 2992/2992/2992 2990/2990/2990
f 2991/2991/2991 2993/2993/2993 2992/2992/2992
f 2993/2993/2993 2994/2994/2994 2992/2992/2992
f 2993/2993/2993 2995/2995/2995 2994/2994/2994
f 2995/2995/2995 2996/2996/2996 2994/2994/2994
f 2995/2995/2995 2997/2997/2997 2996/2996/2996
f 2997/2997/2997 2998/2998/2998 2996/2996/2996
f 2997/2997/2997 2999/2999/2999 2998/2998/2998
f 2998/2998/2998 2999/2999/2999 3000/3000/3000
f 2999/2999/2999 3001/3001/3001 3000/3000/3000
f 3000/3000/3000 3001/3001/3001 3002/3002/3002
f 3001/3001/3001 3003/3003/3003 3002/3002/3002
f 3002/3002/3002 3003/3003/3003 3004/3004/3004
f 3003/3003/3003 3005/3005/3005 3004/3004/3004
f 3004/3004/3004 3005/3005/3005 3006/3006/3006
f 3005/3005/3005 3007/3007/3007 3006/3006/3006
f 3006/3006/3006 3007/3007/3007 3008/3008/3008
f 3007/3007/3007 3009/3009/3009 3008/3008/3008
f 3008/3008/3008 3009/3009/3009 3010/3010/3010
f 3009/3009/3009 3011/3011/3011 3010/3010/3010
f 3010/3010/3010 3011/3011/3011 3012/3012/3012
f 3011/3011/3011 3013/3013/3013 3012/3012/3012
f 3012/3012/3012 3013/3013/3013 3014/3014/3014
f 3013/3013/3013 3015/3015/3015 3014/3014/3014
f 3014/3014/3014 3015/3015/3015 3016/3016/3016
f 3015/3015/3015 3017/3017/3017 3016/3016/3016
f 3016/3016/3016 3017/3017/3017 3018/3018/3018
f 3017/3017/3017 3019/3019/3019 3018/3018/3018
f 3018/3018/3018 3019/3019/3019 3020/3020/3020
f 3019/3019/3019 3021/3021/3021 3020/3020/3020
f 3020/3020/3020 3021/3021/3021 3022/3022/3022
f 3021/3021/3021 3023/3023/3023 3022/3022/3022
f 3022/3022/3022 3023/3023/3023 3024/3024/3024
f 3023/3023/3023 3025/3025/3025 3024/3024/3024
f 3024/3024/3024 3025/3025/3025 3026/3026/3026
f 3025/3025/3025 3027/3027/3027 3026/3026/3026
f 3026/3026/3026 3027/3027/3027 3028/3028/3028
f 3027/3027/3027 3029/3029/3029 3028/3028/3028
f 3028/3028/3028 3029/3029/3029 3030/3030/3030
f 3029/3029/3029 3031/3031/3031 3030/3030/3030
f 3030/3030/3030 3031/3031/3031 2937/2937/2937
f 2935/2935/2935 3030/3030/3030 2937/2937/2937

