# https://github.com/mikedh/trimesh
mtllib material.mtl
usemtl material_0
v -0.01206303 0.01248306 0.13644862
v 0.01290303 0.01248306 0.13644862
v 0.00042000 0.01664411 0.13644862
v -0.01206303 -0.01248300 0.13644862
v -0.01206303 0.01248306 0.13644862
v -0.01622408 0.00000003 0.13644862
v 0.01290303 0.01248306 0.13644862
v 0.01290303 -0.01248300 0.13644862
v 0.01706408 0.00000003 0.13644862
v 0.01290303 -0.01248300 0.13644862
v -0.01206303 -0.01248300 0.13644862
v 0.00042000 -0.01664405 0.13644862
v 0.01976198 0.00000003 0.31795550
v 0.01560738 -0.01518735 0.31606911
v 0.01492649 -0.01450646 0.31795550
v 0.02066984 0.00000003 0.31606911
v 0.02097250 0.00000003 0.31323057
v 0.01583434 -0.01541431 0.31323057
v 0.01561789 -0.01519786 0.30991589
v 0.01560738 0.01518741 0.31606911
v 0.01492649 0.01450652 0.31795550
v 0.01583434 0.01541437 0.31323057
v 0.01561789 0.01519792 0.30991589
v 0.02068393 0.00000003 0.30991589
v 0.01981798 0.00000003 0.30660133
v 0.01496851 -0.01454848 0.30660133
v 0.01496851 0.01454854 0.30660133
v 0.01418554 -0.01376551 0.30274019
v 0.01418554 0.01376557 0.30274019
v 0.01877413 0.00000003 0.30274019
v 0.01795140 0.00000003 0.29778590
v 0.01356864 -0.01314861 0.29778590
v 0.01356864 0.01314867 0.29778590
v 0.01316808 -0.01274805 0.27432000
v 0.01316808 0.01274811 0.27432000
v 0.01741748 0.00000003 0.27432000
v 0.01723947 0.00000003 0.21492355
v 0.01303460 -0.01261457 0.21492355
v 0.01303460 0.01261463 0.21492355
v 0.01301574 -0.01259571 0.15684293
v 0.01301574 0.01259577 0.15684293
v 0.01721440 0.00000003 0.15684293
v 0.00042000 -0.01934195 0.31795550
v -0.01476738 -0.01518735 0.31606911
v -0.01408649 -0.01450646 0.31795550
v 0.00042000 -0.02024981 0.31606911
v 0.00042000 -0.02055247 0.31323057
v -0.01499434 -0.01541431 0.31323057
v -0.01477789 -0.01519786 0.30991589
v 0.01560738 -0.01518735 0.31606911
v 0.01492649 -0.01450646 0.31795550
v 0.01583434 -0.01541431 0.31323057
v 0.01561789 -0.01519786 0.30991589
v 0.00042000 -0.02026390 0.30991589
v 0.00042000 -0.01939795 0.30660133
v -0.01412851 -0.01454848 0.30660133
v 0.01496851 -0.01454848 0.30660133
v -0.01334554 -0.01376551 0.30274019
v 0.01418554 -0.01376551 0.30274019
v 0.00042000 -0.01835410 0.30274019
v 0.00042000 -0.01753137 0.29778590
v -0.01272864 -0.01314861 0.29778590
v 0.01356864 -0.01314861 0.29778590
v -0.01232808 -0.01274805 0.27432000
v 0.01316808 -0.01274805 0.27432000
v 0.00042000 -0.01699745 0.27432000
v 0.00042000 -0.01681944 0.21492355
v -0.01219460 -0.01261457 0.21492355
v 0.01303460 -0.01261457 0.21492355
v -0.01217574 -0.01259571 0.15684293
v 0.01301574 -0.01259571 0.15684293
v 0.00042000 -0.01679437 0.15684293
v -0.01892198 0.00000003 0.31795550
v -0.01476738 0.01518741 0.31606911
v -0.01408649 0.01450652 0.31795550
v -0.01982984 0.00000003 0.31606911
v -0.02013250 0.00000003 0.31323057
v -0.01499434 0.01541437 0.31323057
v -0.01477789 0.01519792 0.30991589
v -0.01476738 -0.01518735 0.31606911
v -0.01408649 -0.01450646 0.31795550
v -0.01499434 -0.01541431 0.31323057
v -0.01477789 -0.01519786 0.30991589
v -0.01984393 0.00000003 0.30991589
v -0.01897798 0.00000003 0.30660133
v -0.01412851 0.01454854 0.30660133
v -0.01412851 -0.01454848 0.30660133
v -0.01334554 0.01376557 0.30274019
v -0.01334554 -0.01376551 0.30274019
v -0.01793413 0.00000003 0.30274019
v -0.01711140 0.00000003 0.29778590
v -0.01272864 0.01314867 0.29778590
v -0.01272864 -0.01314861 0.29778590
v -0.01232808 0.01274811 0.27432000
v -0.01232808 -0.01274805 0.27432000
v -0.01657748 0.00000003 0.27432000
v -0.01639947 0.00000003 0.21492355
v -0.01219460 0.01261463 0.21492355
v -0.01219460 -0.01261457 0.21492355
v -0.01217574 0.01259577 0.15684293
v -0.01217574 -0.01259571 0.15684293
v -0.01637440 0.00000003 0.15684293
v 0.00042000 0.01934201 0.31795550
v 0.01560738 0.01518741 0.31606911
v 0.01492649 0.01450652 0.31795550
v 0.00042000 0.02024987 0.31606911
v 0.00042000 0.02055253 0.31323057
v 0.01583434 0.01541437 0.31323057
v 0.01561789 0.01519792 0.30991589
v -0.01476738 0.01518741 0.31606911
v -0.01408649 0.01450652 0.31795550
v -0.01499434 0.01541437 0.31323057
v -0.01477789 0.01519792 0.30991589
v 0.00042000 0.02026396 0.30991589
v 0.00042000 0.01939801 0.30660133
v 0.01496851 0.01454854 0.30660133
v -0.01412851 0.01454854 0.30660133
v 0.01418554 0.01376557 0.30274019
v -0.01334554 0.01376557 0.30274019
v 0.00042000 0.01835416 0.30274019
v 0.00042000 0.01753143 0.29778590
v 0.01356864 0.01314867 0.29778590
v -0.01272864 0.01314867 0.29778590
v 0.01316808 0.01274811 0.27432000
v -0.01232808 0.01274811 0.27432000
v 0.00042000 0.01699751 0.27432000
v 0.00042000 0.01681950 0.21492355
v 0.01303460 0.01261463 0.21492355
v -0.01219460 0.01261463 0.21492355
v 0.01301574 0.01259577 0.15684293
v -0.01217574 0.01259577 0.15684293
v 0.00042000 0.01679442 0.15684293
v 0.00042000 0.01671921 0.13732400
v 0.00042000 0.01679442 0.15684293
v -0.01217574 0.01259577 0.15684293
v -0.01211938 0.01253941 0.13732400
v 0.01301574 0.01259577 0.15684293
v 0.01295938 0.01253941 0.13732400
v -0.01629918 0.00000003 0.13732400
v -0.01211938 0.01253941 0.13732400
v -0.01217574 0.01259577 0.15684293
v -0.01211938 -0.01253935 0.13732400
v -0.01637440 0.00000003 0.15684293
v -0.01217574 -0.01259571 0.15684293
v 0.00042000 -0.01671915 0.13732400
v -0.01211938 -0.01253935 0.13732400
v -0.01217574 -0.01259571 0.15684293
v 0.01295938 -0.01253935 0.13732400
v 0.00042000 -0.01679437 0.15684293
v 0.01301574 -0.01259571 0.15684293
v 0.01713918 0.00000003 0.13732400
v 0.01295938 -0.01253935 0.13732400
v 0.01301574 -0.01259571 0.15684293
v 0.01295938 0.01253941 0.13732400
v 0.01721440 0.00000003 0.15684293
v 0.01301574 0.01259577 0.15684293
v 0.01976198 0.00000003 0.31795550
v 0.01089653 0.01047656 0.31873919
v 0.01492649 0.01450652 0.31795550
v 0.00042000 0.01934201 0.31795550
v 0.01432129 0.00000003 0.31901344
v 0.00042000 0.00000003 0.31936600
v 0.01089653 -0.01047650 0.31873919
v 0.01492649 -0.01450646 0.31795550
v 0.00042000 -0.01934195 0.31795550
v 0.00042000 0.01390132 0.31901344
v -0.01005653 0.01047656 0.31873919
v -0.01408649 0.01450652 0.31795550
v -0.01892198 0.00000003 0.31795550
v 0.00042000 -0.01390126 0.31901344
v -0.01005653 -0.01047650 0.31873919
v -0.01408649 -0.01450646 0.31795550
v -0.01348129 0.00000003 0.31901344
v 0.00173952 -0.00301235 0.12220599
v 0.00074833 -0.00264259 0.13565932
v 0.01030184 -0.00691086 0.13565932
v 0.01262950 -0.00787769 0.12220599
v 0.01640886 -0.00674084 0.10459185
v 0.00715311 -0.00257764 0.10351183
v 0.03107437 -0.00674084 0.06082895
v 0.02237882 -0.00257764 0.05747881
v -0.01763267 0.00257770 0.10507443
v -0.03204782 0.00257770 0.06232565
v -0.02335226 0.00674102 0.05897551
v -0.00837680 0.00674090 0.10399441
v -0.01458340 0.00301241 0.12220599
v -0.00369341 0.00787775 0.12220599
v -0.01357143 0.00264265 0.13565932
v -0.00401792 0.00691092 0.13565932
v -0.02335226 0.00674102 0.05897551
v -0.04163392 -0.00257764 0.01237801
v -0.01946736 -0.00257764 0.05747881
v -0.04514011 0.00674102 0.01462282
v -0.06758079 -0.00247855 -0.03002908
v -0.07095230 0.00648206 -0.02787059
v -0.08681257 -0.00247855 -0.05815926
v -0.09035613 0.00648194 -0.05629639
v -0.10730036 -0.00247855 -0.10585696
v -0.11121856 0.00648206 -0.10503602
v -0.01349741 -0.00674084 0.10459185
v -0.02816292 -0.00674084 0.06082895
v -0.03204782 0.00257770 0.06232565
v -0.01763267 0.00257770 0.10507443
v -0.00971805 -0.00787769 0.12220599
v -0.01458340 0.00301241 0.12220599
v -0.00930317 -0.00691086 0.13565932
v -0.01357143 0.00264265 0.13565932
v -0.00837680 0.00674090 0.10399441
v -0.02335226 0.00674102 0.05897551
v -0.01946736 -0.00257764 0.05747881
v -0.00424166 -0.00257764 0.10351183
v -0.00369341 0.00787775 0.12220599
v 0.00117193 -0.00301235 0.12220599
v -0.00401792 0.00691092 0.13565932
v 0.00025034 -0.00264259 0.13565932
v -0.00424166 -0.00257764 0.10351183
v -0.01946736 -0.00257764 0.05747881
v -0.02816292 -0.00674084 0.06082895
v -0.01349741 -0.00674084 0.10459185
v 0.00117193 -0.00301235 0.12220599
v -0.00971805 -0.00787769 0.12220599
v 0.00025034 -0.00264259 0.13565932
v -0.00930317 -0.00691086 0.13565932
v -0.05298822 0.00257770 0.01964719
v -0.07849883 0.00247873 -0.02303927
v -0.07095230 0.00648206 -0.02787059
v -0.04514011 0.00674102 0.01462282
v -0.03204782 0.00257770 0.06232565
v -0.02335226 0.00674102 0.05897551
v -0.01946736 -0.00257764 0.05747881
v -0.04948192 -0.00674084 0.01740238
v -0.02816292 -0.00674084 0.06082895
v -0.04163392 -0.00257764 0.01237801
v -0.07512732 -0.00648188 -0.02519776
v -0.06758079 -0.00247855 -0.03002908
v -0.09474390 -0.00648188 -0.05398950
v -0.08681257 -0.00247855 -0.05815926
v -0.02816292 -0.00674084 0.06082895
v -0.05298822 0.00257770 0.01964719
v -0.03204782 0.00257770 0.06232565
v -0.04948192 -0.00674084 0.01740238
v -0.07849883 0.00247873 -0.02303927
v -0.07512732 -0.00648188 -0.02519776
v -0.09828734 0.00247873 -0.05212662
v -0.09474390 -0.00648188 -0.05398950
v -0.11998874 0.00247873 -0.10319870
v -0.11607054 -0.00648188 -0.10401952
v -0.07849883 0.00247873 -0.02303927
v -0.09035613 0.00648194 -0.05629639
v -0.07095230 0.00648206 -0.02787059
v -0.09828734 0.00247873 -0.05212662
v -0.11121856 0.00648206 -0.10503602
v -0.11998874 0.00247873 -0.10319870
v -0.11998874 0.00247873 -0.10319870
v -0.12033510 0.00648206 -0.15574527
v -0.11121856 0.00648206 -0.10503602
v -0.12929535 0.00247873 -0.15582240
v -0.11564216 0.00648194 -0.21930074
v -0.12454892 0.00247861 -0.22028035
v -0.08681257 -0.00247855 -0.05815926
v -0.10730036 -0.00247855 -0.10585696
v -0.11607054 -0.00648188 -0.10401952
v -0.09474390 -0.00648188 -0.05398950
v -0.12529213 -0.00648188 -0.15578789
v -0.12056970 -0.00648200 -0.21984266
v -0.12454892 0.00247861 -0.22028035
v -0.12929535 0.00247873 -0.15582240
v -0.11607054 -0.00648188 -0.10401952
v -0.11998874 0.00247873 -0.10319870
v -0.11121856 0.00648206 -0.10503602
v -0.11633188 -0.00247855 -0.15571077
v -0.10730036 -0.00247855 -0.10585696
v -0.12033510 0.00648206 -0.15574527
v -0.11166282 -0.00247867 -0.21886316
v -0.11564216 0.00648194 -0.21930074
v -0.10730036 -0.00247855 -0.10585696
v -0.12529213 -0.00648188 -0.15578789
v -0.11607054 -0.00648188 -0.10401952
v -0.11633188 -0.00247855 -0.15571077
v -0.12056970 -0.00648200 -0.21984266
v -0.11166282 -0.00247867 -0.21886316
v -0.11564216 0.00648194 -0.21930074
v -0.09573020 -0.00262325 -0.26438208
v -0.11166282 -0.00247867 -0.21886316
v -0.09919185 0.00685970 -0.26682472
v -0.07066695 -0.00262325 -0.29297420
v -0.07314756 0.00685970 -0.29640875
v -0.11166282 -0.00247867 -0.21886316
v -0.10347838 -0.00685988 -0.26984952
v -0.12056970 -0.00648200 -0.21984266
v -0.09573020 -0.00262325 -0.26438208
v -0.07621940 -0.00685988 -0.30066161
v -0.07066695 -0.00262325 -0.29297420
v -0.04233189 -0.00685988 -0.32028094
v -0.04060787 -0.00262313 -0.31095606
v -0.12454892 0.00247861 -0.22028035
v -0.09919185 0.00685970 -0.26682472
v -0.11564216 0.00648194 -0.21930074
v -0.10694003 0.00262307 -0.27229216
v -0.07314756 0.00685970 -0.29640875
v -0.07870012 0.00262307 -0.30409616
v -0.04137806 0.00685970 -0.31512225
v -0.04310209 0.00262307 -0.32444700
v -0.12056970 -0.00648200 -0.21984266
v -0.10694003 0.00262307 -0.27229216
v -0.12454892 0.00247861 -0.22028035
v -0.10347838 -0.00685988 -0.26984952
v -0.07870012 0.00262307 -0.30409616
v -0.07621940 -0.00685988 -0.30066161
v -0.07314756 0.00685970 -0.29640875
v -0.04137806 0.00685970 -0.31512225
v -0.04060787 -0.00262313 -0.31095606
v -0.07066695 -0.00262325 -0.29297420
v -0.04060787 -0.00262313 -0.31095606
v 0.00145573 -0.00686000 -0.32810493
v -0.04233189 -0.00685988 -0.32028094
v 0.00145573 -0.00262325 -0.31862210
v 0.04351932 -0.00262313 -0.31095606
v 0.04524334 -0.00685988 -0.32028094
v 0.07357840 -0.00262325 -0.29297420
v 0.07913085 -0.00685988 -0.30066161
v -0.07621940 -0.00685988 -0.30066161
v -0.04233189 -0.00685988 -0.32028094
v -0.04310209 0.00262307 -0.32444700
v -0.07870012 0.00262307 -0.30409616
v 0.00145573 -0.00686000 -0.32810493
v 0.00145573 0.00262295 -0.33234168
v 0.00145573 0.00685958 -0.32285885
v 0.00145573 -0.00262325 -0.31862210
v -0.04310209 0.00262307 -0.32444700
v 0.00145573 0.00685958 -0.32285885
v -0.04137806 0.00685970 -0.31512225
v 0.00145573 0.00262295 -0.33234168
v 0.04601354 0.00262307 -0.32444700
v 0.04428952 0.00685970 -0.31512225
v -0.04233189 -0.00685988 -0.32028094
v 0.00145573 0.00262295 -0.33234168
v -0.04310209 0.00262307 -0.32444700
v 0.00145573 -0.00686000 -0.32810493
v 0.04524334 -0.00685988 -0.32028094
v 0.04601354 0.00262307 -0.32444700
v -0.04137806 0.00685970 -0.31512225
v 0.00145573 -0.00262325 -0.31862210
v -0.04060787 -0.00262313 -0.31095606
v 0.00145573 0.00685958 -0.32285885
v 0.04428952 0.00685970 -0.31512225
v 0.04351932 -0.00262313 -0.31095606
v 0.00660486 0.00787775 0.12220599
v 0.00501647 0.00691092 0.13565932
v 0.00074833 -0.00264259 0.13565932
v 0.00173952 -0.00301235 0.12220599
v 0.00715311 -0.00257764 0.10351183
v 0.01128825 0.00674090 0.10399441
v 0.02237882 -0.00257764 0.05747881
v 0.02626371 0.00674102 0.05897551
v 0.02054412 0.00257770 0.10507443
v 0.02626371 0.00674102 0.05897551
v 0.03495927 0.00257770 0.06232565
v 0.01128825 0.00674090 0.10399441
v 0.01749485 0.00301241 0.12220599
v 0.00660486 0.00787775 0.12220599
v 0.00501647 0.00691092 0.13565932
v 0.01457010 0.00264265 0.13565932
v 0.02626371 0.00674102 0.05897551
v 0.02237882 -0.00257764 0.05747881
v 0.04454537 -0.00257764 0.01237801
v 0.04805156 0.00674102 0.01462282
v 0.07049224 -0.00247855 -0.03002908
v 0.07386375 0.00648206 -0.02787059
v 0.08972402 -0.00247855 -0.05815926
v 0.09326758 0.00648194 -0.05629639
v 0.11021181 -0.00247855 -0.10585696
v 0.11413002 0.00648206 -0.10503602
v 0.01640886 -0.00674084 0.10459185
v 0.03495927 0.00257770 0.06232565
v 0.03107437 -0.00674084 0.06082895
v 0.02054412 0.00257770 0.10507443
v 0.01262950 -0.00787769 0.12220599
v 0.01749485 0.00301241 0.12220599
v 0.01457010 0.00264265 0.13565932
v 0.01030184 -0.00691086 0.13565932
v 0.05589967 0.00257770 0.01964719
v 0.07386375 0.00648206 -0.02787059
v 0.08141028 0.00247873 -0.02303927
v 0.04805156 0.00674102 0.01462282
v 0.03495927 0.00257770 0.06232565
v 0.02626371 0.00674102 0.05897551
v 0.02237882 -0.00257764 0.05747881
v 0.03107437 -0.00674084 0.06082895
v 0.05239337 -0.00674084 0.01740238
v 0.04454537 -0.00257764 0.01237801
v 0.07803877 -0.00648188 -0.02519776
v 0.07049224 -0.00247855 -0.03002908
v 0.09765535 -0.00648188 -0.05398950
v 0.08972402 -0.00247855 -0.05815926
v 0.03107437 -0.00674084 0.06082895
v 0.03495927 0.00257770 0.06232565
v 0.05589967 0.00257770 0.01964719
v 0.05239337 -0.00674084 0.01740238
v 0.08141028 0.00247873 -0.02303927
v 0.07803877 -0.00648188 -0.02519776
v 0.10119879 0.00247873 -0.05212662
v 0.09765535 -0.00648188 -0.05398950
v 0.12290019 0.00247873 -0.10319870
v 0.11898199 -0.00648188 -0.10401952
v 0.08141028 0.00247873 -0.02303927
v 0.07386375 0.00648206 -0.02787059
v 0.09326758 0.00648194 -0.05629639
v 0.10119879 0.00247873 -0.05212662
v 0.11413002 0.00648206 -0.10503602
v 0.12290019 0.00247873 -0.10319870
v 0.12290019 0.00247873 -0.10319870
v 0.11413002 0.00648206 -0.10503602
v 0.12324655 0.00648206 -0.15574527
v 0.13220680 0.00247873 -0.15582240
v 0.11855361 0.00648194 -0.21930074
v 0.12746037 0.00247861 -0.22028035
v 0.08972402 -0.00247855 -0.05815926
v 0.09765535 -0.00648188 -0.05398950
v 0.11898199 -0.00648188 -0.10401952
v 0.11021181 -0.00247855 -0.10585696
v 0.12820359 -0.00648188 -0.15578789
v 0.12746037 0.00247861 -0.22028035
v 0.12348115 -0.00648200 -0.21984266
v 0.13220680 0.00247873 -0.15582240
v 0.11898199 -0.00648188 -0.10401952
v 0.12290019 0.00247873 -0.10319870
v 0.11413002 0.00648206 -0.10503602
v 0.11021181 -0.00247855 -0.10585696
v 0.11924334 -0.00247855 -0.15571077
v 0.12324655 0.00648206 -0.15574527
v 0.11457427 -0.00247867 -0.21886316
v 0.11855361 0.00648194 -0.21930074
v 0.11021181 -0.00247855 -0.10585696
v 0.11898199 -0.00648188 -0.10401952
v 0.12820359 -0.00648188 -0.15578789
v 0.11924334 -0.00247855 -0.15571077
v 0.12348115 -0.00648200 -0.21984266
v 0.11457427 -0.00247867 -0.21886316
v 0.11855361 0.00648194 -0.21930074
v 0.11457427 -0.00247867 -0.21886316
v 0.09864165 -0.00262325 -0.26438208
v 0.10210330 0.00685970 -0.26682472
v 0.07357840 -0.00262325 -0.29297420
v 0.07605901 0.00685970 -0.29640875
v 0.11457427 -0.00247867 -0.21886316
v 0.12348115 -0.00648200 -0.21984266
v 0.10638983 -0.00685988 -0.26984952
v 0.09864165 -0.00262325 -0.26438208
v 0.07913085 -0.00685988 -0.30066161
v 0.07357840 -0.00262325 -0.29297420
v 0.12746037 0.00247861 -0.22028035
v 0.11855361 0.00648194 -0.21930074
v 0.10210330 0.00685970 -0.26682472
v 0.10985148 0.00262307 -0.27229216
v 0.07605901 0.00685970 -0.29640875
v 0.08161146 0.00262307 -0.30409616
v 0.04428952 0.00685970 -0.31512225
v 0.04601354 0.00262307 -0.32444700
v 0.12348115 -0.00648200 -0.21984266
v 0.12746037 0.00247861 -0.22028035
v 0.10985148 0.00262307 -0.27229216
v 0.10638983 -0.00685988 -0.26984952
v 0.08161146 0.00262307 -0.30409616
v 0.07913085 -0.00685988 -0.30066161
v 0.07605901 0.00685970 -0.29640875
v 0.07357840 -0.00262325 -0.29297420
v 0.04351932 -0.00262313 -0.31095606
v 0.04428952 0.00685970 -0.31512225
v 0.07913085 -0.00685988 -0.30066161
v 0.08161146 0.00262307 -0.30409616
v 0.04601354 0.00262307 -0.32444700
v 0.04524334 -0.00685988 -0.32028094
v -0.00930317 -0.00691086 0.13565932
v -0.01357143 0.00264265 0.13565932
v -0.00401792 0.00691092 0.13565932
v 0.00025034 -0.00264259 0.13565932
v 0.01030184 -0.00691086 0.13565932
v 0.00074833 -0.00264259 0.13565932
v 0.00501647 0.00691092 0.13565932
v 0.01457010 0.00264265 0.13565932
v -0.07325668 -0.00561104 -0.02411702
v -0.06851025 -0.00214556 -0.03025210
v -0.07063078 0.00561122 -0.02751110
v -0.07537721 0.00214574 -0.02137614
v -0.04145137 0.00561122 -0.00805856
v -0.01617728 0.00214574 0.00662200
v -0.04435534 0.00214574 -0.00086603
v -0.01703857 0.00561122 -0.00108678
v 0.00208755 0.00214574 0.00846326
v 0.00208755 0.00561122 0.00071186
v 0.02121367 0.00561122 -0.00108678
v 0.02035238 0.00214574 0.00662200
v 0.04562659 0.00561122 -0.00805856
v 0.04853044 0.00214574 -0.00086603
v -0.07063078 0.00561122 -0.02751110
v -0.04145137 0.00561122 -0.00805856
v -0.04435534 0.00214574 -0.00086603
v -0.07537721 0.00214574 -0.02137614
v -0.07537721 0.00214574 -0.02137614
v -0.04435534 0.00214574 -0.00086603
v -0.04305803 -0.00561104 -0.00407934
v -0.07325668 -0.00561104 -0.02411702
v -0.06851025 -0.00214556 -0.03025210
v -0.04145137 0.00561122 -0.00805856
v -0.07063078 0.00561122 -0.02751110
v -0.04015406 -0.00214556 -0.01127199
v -0.01703857 0.00561122 -0.00108678
v -0.01742337 -0.00214544 -0.00453076
v 0.00208755 0.00561122 0.00071186
v 0.00208755 -0.00214544 -0.00275123
v 0.02159847 -0.00214544 -0.00453076
v 0.02121367 0.00561122 -0.00108678
v 0.04432915 -0.00214556 -0.01127199
v 0.04562659 0.00561122 -0.00805856
v 0.07182692 -0.00214556 -0.03025210
v 0.07394744 0.00561122 -0.02751110
v -0.07325668 -0.00561104 -0.02411702
v -0.04305803 -0.00561104 -0.00407934
v -0.04015406 -0.00214556 -0.01127199
v -0.06851025 -0.00214556 -0.03025210
v -0.04435534 0.00214574 -0.00086603
v -0.01656208 -0.00561092 0.00317790
v -0.04305803 -0.00561104 -0.00407934
v -0.01617728 0.00214574 0.00662200
v 0.00208755 -0.00561092 0.00500018
v 0.00208755 0.00214574 0.00846326
v 0.02035238 0.00214574 0.00662200
v 0.02073718 -0.00561092 0.00317790
v 0.04853044 0.00214574 -0.00086603
v 0.04723313 -0.00561104 -0.00407934
v -0.04305803 -0.00561104 -0.00407934
v -0.01742337 -0.00214544 -0.00453076
v -0.04015406 -0.00214556 -0.01127199
v -0.01656208 -0.00561092 0.00317790
v 0.00208755 -0.00214544 -0.00275123
v 0.00208755 -0.00561092 0.00500018
v 0.02073718 -0.00561092 0.00317790
v 0.02159847 -0.00214544 -0.00453076
v 0.04723313 -0.00561104 -0.00407934
v 0.04432915 -0.00214556 -0.01127199
v 0.00208755 -0.00561092 0.00500018
v 0.00208755 0.00214574 0.00846326
v 0.00208755 0.00561122 0.00071186
v 0.00208755 -0.00214544 -0.00275123
v 0.07657335 -0.00561104 -0.02411702
v 0.07869387 0.00214574 -0.02137614
v 0.07394744 0.00561122 -0.02751110
v 0.07182692 -0.00214556 -0.03025210
v 0.07394744 0.00561122 -0.02751110
v 0.07869387 0.00214574 -0.02137614
v 0.04853044 0.00214574 -0.00086603
v 0.04562659 0.00561122 -0.00805856
v 0.07869387 0.00214574 -0.02137614
v 0.07657335 -0.00561104 -0.02411702
v 0.04723313 -0.00561104 -0.00407934
v 0.04853044 0.00214574 -0.00086603
v 0.07657335 -0.00561104 -0.02411702
v 0.07182692 -0.00214556 -0.03025210
v 0.04432915 -0.00214556 -0.01127199
v 0.04723313 -0.00561104 -0.00407934
v 0.00042000 0.01204501 0.12411483
v -0.01132471 0.01103066 0.12771343
v -0.01147025 0.00903383 0.12411483
v 0.00042000 0.01470757 0.12771343
v 0.00042000 0.01559501 0.12974476
v -0.01127624 0.01169627 0.12974476
v -0.01137223 0.01179226 0.13074551
v 0.01216471 0.01103066 0.12771343
v 0.01231025 0.00903383 0.12411483
v 0.01211624 0.01169627 0.12974476
v 0.01221223 0.01179226 0.13074551
v 0.00042000 0.01572300 0.13074551
v 0.00042000 0.01610697 0.13125221
v -0.01166020 0.01208023 0.13125221
v 0.01250020 0.01208023 0.13125221
v -0.01194818 0.01236821 0.13214382
v 0.01278818 0.01236821 0.13214382
v 0.00042000 0.01649105 0.13214382
v 0.00042000 0.01661904 0.13429897
v -0.01204417 0.01246420 0.13429897
v 0.01288417 0.01246420 0.13429897
v -0.01206303 0.01248306 0.13644862
v 0.01290303 0.01248306 0.13644862
v 0.00042000 0.01664411 0.13644862
v -0.01543359 0.00000003 0.12411483
v -0.01132471 -0.01103060 0.12771343
v -0.01147025 -0.00903377 0.12411483
v -0.01523969 0.00000003 0.12771343
v -0.01517498 0.00000003 0.12974476
v -0.01127624 -0.01169621 0.12974476
v -0.01137223 -0.01179220 0.13074551
v -0.01132471 0.01103066 0.12771343
v -0.01147025 0.00903383 0.12411483
v -0.01127624 0.01169627 0.12974476
v -0.01137223 0.01179226 0.13074551
v -0.01530297 0.00000003 0.13074551
v -0.01568694 0.00000003 0.13125221
v -0.01166020 -0.01208017 0.13125221
v -0.01166020 0.01208023 0.13125221
v -0.01194818 -0.01236815 0.13214382
v -0.01194818 0.01236821 0.13214382
v -0.01607102 0.00000003 0.13214382
v -0.01619901 0.00000003 0.13429897
v -0.01204417 -0.01246414 0.13429897
v -0.01204417 0.01246420 0.13429897
v -0.01206303 -0.01248300 0.13644862
v -0.01206303 0.01248306 0.13644862
v -0.01622408 0.00000003 0.13644862
v 0.01627359 0.00000003 0.12411483
v 0.01216471 0.01103066 0.12771343
v 0.01231025 0.00903383 0.12411483
v 0.01607969 0.00000003 0.12771343
v 0.01601498 0.00000003 0.12974476
v 0.01211624 0.01169627 0.12974476
v 0.01221223 0.01179226 0.13074551
v 0.01216471 -0.01103060 0.12771343
v 0.01231025 -0.00903377 0.12411483
v 0.01211624 -0.01169621 0.12974476
v 0.01221223 -0.01179220 0.13074551
v 0.01614297 0.00000003 0.13074551
v 0.01652694 0.00000003 0.13125221
v 0.01250020 0.01208023 0.13125221
v 0.01250020 -0.01208017 0.13125221
v 0.01278818 0.01236821 0.13214382
v 0.01278818 -0.01236815 0.13214382
v 0.01691102 0.00000003 0.13214382
v 0.01703901 0.00000003 0.13429897
v 0.01288417 0.01246420 0.13429897
v 0.01288417 -0.01246414 0.13429897
v 0.01290303 0.01248306 0.13644862
v 0.01290303 -0.01248300 0.13644862
v 0.01706408 0.00000003 0.13644862
v 0.00042000 -0.01204495 0.12411483
v 0.01216471 -0.01103060 0.12771343
v 0.01231025 -0.00903377 0.12411483
v 0.00042000 -0.01470751 0.12771343
v 0.00042000 -0.01559495 0.12974476
v 0.01211624 -0.01169621 0.12974476
v 0.01221223 -0.01179220 0.13074551
v -0.01132471 -0.01103060 0.12771343
v -0.01147025 -0.00903377 0.12411483
v -0.01127624 -0.01169621 0.12974476
v -0.01137223 -0.01179220 0.13074551
v 0.00042000 -0.01572294 0.13074551
v 0.00042000 -0.01610691 0.13125221
v 0.01250020 -0.01208017 0.13125221
v -0.01166020 -0.01208017 0.13125221
v 0.01278818 -0.01236815 0.13214382
v -0.01194818 -0.01236815 0.13214382
v 0.00042000 -0.01649099 0.13214382
v 0.00042000 -0.01661898 0.13429897
v 0.01288417 -0.01246414 0.13429897
v -0.01204417 -0.01246414 0.13429897
v 0.01290303 -0.01248300 0.13644862
v -0.01206303 -0.01248300 0.13644862
v 0.00042000 -0.01664405 0.13644862
v 0.00042000 0.01204501 0.12411483
v 0.00928509 0.00590289 0.12168031
v 0.01231025 0.00903383 0.12411483
v 0.01627359 0.00000003 0.12411483
v 0.00042000 0.00725882 0.12082821
v 0.00042000 0.00000003 0.11973267
v -0.00844509 0.00590289 0.12168031
v -0.01147025 0.00903383 0.12411483
v -0.01543359 0.00000003 0.12411483
v 0.01243955 0.00000003 0.12082821
v 0.00928509 -0.00590283 0.12168031
v 0.01231025 -0.00903377 0.12411483
v 0.00042000 -0.01204495 0.12411483
v -0.01159955 0.00000003 0.12082821
v -0.00844509 -0.00590283 0.12168031
v -0.01147025 -0.00903377 0.12411483
v 0.00042000 -0.00725877 0.12082821
v 0.10829019 0.00081918 -0.26041958
v 0.10829019 0.00081918 -0.26325741
v 0.10829019 -0.00163827 -0.26183843
v -0.10520849 -0.00163827 -0.26183843
v -0.10520849 0.00081918 -0.26325741
v -0.10520849 0.00081918 -0.26041958
v 0.10049640 0.00081918 -0.27286691
v 0.10049640 0.00081918 -0.27570462
v 0.10049640 -0.00163827 -0.27428577
v -0.09688173 -0.00163827 -0.27428577
v -0.09688173 0.00081918 -0.27570462
v -0.09688173 0.00081918 -0.27286691
v 0.12860486 0.00081918 -0.16599806
v 0.12860486 0.00081918 -0.16883577
v 0.12860486 -0.00163827 -0.16741691
v -0.12301079 -0.00163827 -0.16741691
v -0.12301079 0.00081918 -0.16883577
v -0.12301079 0.00081918 -0.16599806
v 0.12860486 0.00081918 -0.15355084
v 0.12860486 0.00081918 -0.15638855
v 0.12860486 -0.00163827 -0.15496970
v -0.12301079 -0.00163827 -0.15496970
v -0.12301079 0.00081918 -0.15638855
v -0.12301079 0.00081918 -0.15355084
v 0.12455222 0.00081918 -0.13894335
v 0.12455222 0.00081918 -0.14178106
v 0.12455222 -0.00163827 -0.14036221
v -0.12122158 -0.00163827 -0.14036221
v -0.12122158 0.00081918 -0.14178106
v -0.12122158 0.00081918 -0.13894335
v 0.11469892 0.00081918 -0.24581209
v 0.11469892 0.00081918 -0.24864980
v 0.11469892 -0.00163827 -0.24723094
v -0.11217406 -0.00163827 -0.24723094
v -0.11217406 0.00081918 -0.24864992
v -0.11217406 0.00081918 -0.24581209
v 0.12368066 0.00081918 -0.12501890
v 0.12368066 0.00081918 -0.12785661
v 0.12368066 -0.00163827 -0.12643776
v -0.11917341 -0.00163827 -0.12643776
v -0.11917341 0.00081918 -0.12785661
v -0.11917341 0.00081918 -0.12501890
v 0.12109558 0.00081918 -0.11281847
v 0.12109558 0.00081918 -0.11565618
v 0.12109558 -0.00163827 -0.11423745
v -0.11715891 -0.00163827 -0.11423745
v -0.11715891 0.00081918 -0.11565630
v -0.11715891 0.00081918 -0.11281847
v 0.11469892 0.00081918 -0.10037126
v 0.11469892 0.00081918 -0.10320897
v 0.11469892 -0.00163827 -0.10179011
v -0.11217406 -0.00163827 -0.10179011
v -0.11217406 0.00081918 -0.10320897
v -0.11217406 0.00081918 -0.10037126
v 0.10829019 0.00081918 -0.08576377
v 0.10829019 0.00081918 -0.08860148
v 0.10829019 -0.00163827 -0.08718262
v -0.10520849 -0.00163827 -0.08718262
v -0.10520849 0.00081918 -0.08860148
v -0.10520849 0.00081918 -0.08576377
v 0.10049640 0.00081918 -0.07218496
v 0.10049640 0.00081918 -0.07502267
v 0.10049640 -0.00163827 -0.07360381
v -0.09688185 -0.00163827 -0.07360381
v -0.09688185 0.00081918 -0.07502267
v -0.09688185 0.00081918 -0.07218496
v 0.12109558 0.00081918 -0.23188764
v 0.12109558 0.00081918 -0.23472535
v 0.12109558 -0.00163827 -0.23330649
v -0.11715891 -0.00163827 -0.23330649
v -0.11715891 0.00081918 -0.23472535
v -0.11715891 0.00081918 -0.23188764
v 0.12368066 0.00081918 -0.21968721
v 0.12368066 0.00081918 -0.22252504
v 0.12368066 -0.00163827 -0.22110618
v -0.11917341 -0.00163827 -0.22110618
v -0.11917341 0.00081918 -0.22252504
v -0.11917341 0.00081918 -0.21968733
v 0.12455222 0.00081918 -0.20724011
v 0.12455222 0.00081918 -0.21007770
v 0.12455222 -0.00163827 -0.20865885
v -0.12122158 -0.00163827 -0.20865885
v -0.12122158 0.00081918 -0.21007770
v -0.12122158 0.00081918 -0.20724011
v 0.12860486 0.00081918 -0.19263250
v 0.12860486 0.00081918 -0.19547021
v 0.12860486 -0.00163827 -0.19405136
v -0.12301079 -0.00163827 -0.19405136
v -0.12301079 0.00081918 -0.19547021
v -0.12301079 0.00081918 -0.19263250
v 0.12860486 0.00081918 -0.17905369
v 0.12860486 0.00081918 -0.18189140
v 0.12860486 -0.00163827 -0.18047255
v -0.12301079 -0.00163827 -0.18047255
v -0.12301079 0.00081918 -0.18189140
v -0.12301079 0.00081918 -0.17905369
v 0.09713289 0.00081918 -0.06329193
v 0.09713289 0.00081918 -0.06612951
v 0.09713289 -0.00163827 -0.06471078
v -0.09332600 -0.00163827 -0.06471078
v -0.09332600 0.00081918 -0.06612963
v -0.09332600 0.00081918 -0.06329193
v 0.09201945 0.00081918 -0.05084459
v 0.09201945 0.00081918 -0.05368230
v 0.09201945 -0.00163827 -0.05226345
v -0.08934117 -0.00163827 -0.05226345
v -0.08934117 0.00081918 -0.05368230
v -0.08934117 0.00081918 -0.05084459
v 0.08157349 0.00081918 -0.03623710
v 0.08157349 0.00081918 -0.03907481
v 0.08157349 -0.00163827 -0.03765596
v -0.07843674 -0.00163827 -0.03765596
v -0.07843674 0.00081918 -0.03907481
v -0.07843674 0.00081918 -0.03623710
v 0.07573223 0.00081918 -0.02265829
v 0.07573223 0.00081918 -0.02549600
v 0.07573223 -0.00163827 -0.02407715
v -0.07219624 -0.00163827 -0.02407715
v -0.07219624 0.00081918 -0.02549600
v -0.07219624 0.00081918 -0.02265829
v 0.07099977 0.00081918 -0.30457647
v 0.07099977 0.00081918 -0.30741406
v 0.07099977 -0.00163827 -0.30599533
v -0.06799090 -0.00163827 -0.30599533
v -0.06799090 0.00081918 -0.30741406
v -0.06799090 0.00081918 -0.30457647
v 0.08502762 0.00081918 -0.28996886
v 0.08502762 0.00081918 -0.29280657
v 0.08502762 -0.00163827 -0.29138783
v -0.08242981 -0.00163827 -0.29138783
v -0.08242981 0.00081918 -0.29280669
v -0.08242981 0.00081918 -0.28996886
v -0.08438832 0.00081918 -0.28712602
v -0.08722603 0.00081918 -0.28712602
v -0.08580717 -0.00163827 -0.28712602
v -0.08580717 -0.00163827 -0.04750102
v -0.08722603 0.00081918 -0.04750102
v -0.08438832 0.00081918 -0.04750102
v -0.09683553 0.00081918 -0.27122635
v -0.09967324 0.00081918 -0.27122635
v -0.09825438 -0.00163827 -0.27122635
v -0.09825438 -0.00163827 -0.06929830
v -0.09967324 0.00081918 -0.06929830
v -0.09683553 0.00081918 -0.06929830
v 0.01003321 0.00081918 -0.32856829
v 0.00719550 0.00081918 -0.32856829
v 0.00861435 -0.00163827 -0.32856829
v 0.00861435 -0.00163827 -0.00089826
v 0.00719550 0.00081918 -0.00089826
v 0.01003321 0.00081918 -0.00089826
v 0.02248042 0.00081918 -0.32856829
v 0.01964271 0.00081918 -0.32856829
v 0.02106156 -0.00163827 -0.32856829
v 0.02106156 -0.00163827 -0.00089826
v 0.01964271 0.00081918 -0.00089826
v 0.02248042 0.00081918 -0.00089826
v 0.03708791 0.00081918 -0.32030088
v 0.03425020 0.00081918 -0.32030088
v 0.03566917 -0.00163827 -0.32030088
v 0.03566917 -0.00163827 -0.00558201
v 0.03425020 0.00081918 -0.00558201
v 0.03708791 0.00081918 -0.00558201
v -0.06978082 0.00081918 -0.30020004
v -0.07261853 0.00081918 -0.30020004
v -0.07119968 -0.00163827 -0.30020004
v -0.07119968 -0.00163827 -0.02926652
v -0.07261853 0.00081918 -0.02926652
v -0.06978082 0.00081918 -0.02926652
v 0.05101248 0.00081918 -0.31852277
v 0.04817477 0.00081918 -0.31852277
v 0.04959362 -0.00163827 -0.31852277
v 0.04959362 -0.00163827 -0.01094367
v 0.04817477 0.00081918 -0.01094367
v 0.05101248 0.00081918 -0.01094367
v 0.06321279 0.00081918 -0.31324923
v 0.06037508 0.00081918 -0.31324923
v 0.06179394 -0.00163827 -0.31324923
v 0.06179394 -0.00163827 -0.01621733
v 0.06037508 0.00081918 -0.01621733
v 0.06321279 0.00081918 -0.01621733
v 0.07566000 0.00081918 -0.30020004
v 0.07282229 0.00081918 -0.30020004
v 0.07424115 -0.00163827 -0.30020004
v 0.07424115 -0.00163827 -0.02926652
v 0.07282229 0.00081918 -0.02926652
v 0.07566000 0.00081918 -0.02926652
v 0.09026749 0.00081918 -0.28712602
v 0.08742990 0.00081918 -0.28712602
v 0.08884876 -0.00163827 -0.28712602
v 0.08884876 -0.00163827 -0.04750102
v 0.08742990 0.00081918 -0.04750102
v 0.09026749 0.00081918 -0.04750102
v 0.10384642 0.00081918 -0.27122635
v 0.10100872 0.00081918 -0.27122635
v 0.10242757 -0.00163827 -0.27122635
v 0.10242757 -0.00163827 -0.06929830
v 0.10100872 0.00081918 -0.06929830
v 0.10384642 0.00081918 -0.06929830
v -0.05585637 0.00081918 -0.31324923
v -0.05869408 0.00081918 -0.31324923
v -0.05727523 -0.00163827 -0.31324923
v -0.05727523 -0.00163827 -0.01621733
v -0.05869408 0.00081918 -0.01621733
v -0.05585637 0.00081918 -0.01621733
v -0.04365594 0.00081918 -0.31852277
v -0.04649365 0.00081918 -0.31852277
v -0.04507480 -0.00163827 -0.31852277
v -0.04507480 -0.00163827 -0.01094367
v -0.04649365 0.00081918 -0.01094367
v -0.04365594 0.00081918 -0.01094367
v -0.03120873 0.00081918 -0.32030088
v -0.03404644 0.00081918 -0.32030088
v -0.03262759 -0.00163827 -0.32030088
v -0.03262759 -0.00163827 -0.00558201
v -0.03404644 0.00081918 -0.00558201
v -0.03120873 0.00081918 -0.00558201
v -0.01660124 0.00081918 -0.32856829
v -0.01943895 0.00081918 -0.32856829
v -0.01802009 -0.00163827 -0.32856829
v -0.01802009 -0.00163827 -0.00089826
v -0.01943895 0.00081918 -0.00089826
v -0.01660124 0.00081918 -0.00089826
v -0.00302243 0.00081918 -0.32856829
v -0.00586014 0.00081918 -0.32856829
v -0.00444128 -0.00163827 -0.32856829
v -0.00444128 -0.00163827 -0.00089826
v -0.00586014 0.00081918 -0.00089826
v -0.00302243 0.00081918 -0.00089826
v -0.10520849 0.00081918 -0.26325741
v -0.10520849 -0.00163827 -0.26183843
v 0.10829019 -0.00163827 -0.26183843
v 0.10829019 0.00081918 -0.26325741
v -0.10520849 -0.00163827 -0.26183843
v -0.10520849 0.00081918 -0.26041958
v 0.10829019 0.00081918 -0.26041958
v 0.10829019 -0.00163827 -0.26183843
v -0.10520849 0.00081918 -0.26041958
v -0.10520849 0.00081918 -0.26325741
v 0.10829019 0.00081918 -0.26325741
v 0.10829019 0.00081918 -0.26041958
v -0.09688173 0.00081918 -0.27570462
v -0.09688173 -0.00163827 -0.27428577
v 0.10049640 -0.00163827 -0.27428577
v 0.10049640 0.00081918 -0.27570462
v -0.09688173 -0.00163827 -0.27428577
v -0.09688173 0.00081918 -0.27286691
v 0.10049640 0.00081918 -0.27286691
v 0.10049640 -0.00163827 -0.27428577
v -0.09688173 0.00081918 -0.27286691
v -0.09688173 0.00081918 -0.27570462
v 0.10049640 0.00081918 -0.27570462
v 0.10049640 0.00081918 -0.27286691
v -0.12301079 -0.00163827 -0.16741691
v -0.12301079 0.00081918 -0.16599806
v 0.12860486 0.00081918 -0.16599806
v 0.12860486 -0.00163827 -0.16741691
v -0.12301079 0.00081918 -0.16599806
v -0.12301079 0.00081918 -0.16883577
v 0.12860486 0.00081918 -0.16883577
v 0.12860486 0.00081918 -0.16599806
v -0.12301079 0.00081918 -0.16883577
v -0.12301079 -0.00163827 -0.16741691
v 0.12860486 -0.00163827 -0.16741691
v 0.12860486 0.00081918 -0.16883577
v -0.12301079 -0.00163827 -0.15496970
v -0.12301079 0.00081918 -0.15355084
v 0.12860486 0.00081918 -0.15355084
v 0.12860486 -0.00163827 -0.15496970
v -0.12301079 0.00081918 -0.15355084
v -0.12301079 0.00081918 -0.15638855
v 0.12860486 0.00081918 -0.15638855
v 0.12860486 0.00081918 -0.15355084
v -0.12301079 0.00081918 -0.15638855
v -0.12301079 -0.00163827 -0.15496970
v 0.12860486 -0.00163827 -0.15496970
v 0.12860486 0.00081918 -0.15638855
v -0.12122158 -0.00163827 -0.14036221
v -0.12122158 0.00081918 -0.13894335
v 0.12455222 0.00081918 -0.13894335
v 0.12455222 -0.00163827 -0.14036221
v -0.12122158 0.00081918 -0.13894335
v -0.12122158 0.00081918 -0.14178106
v 0.12455222 0.00081918 -0.14178106
v 0.12455222 0.00081918 -0.13894335
v -0.12122158 0.00081918 -0.14178106
v -0.12122158 -0.00163827 -0.14036221
v 0.12455222 -0.00163827 -0.14036221
v 0.12455222 0.00081918 -0.14178106
v -0.11217406 0.00081918 -0.24864992
v -0.11217406 -0.00163827 -0.24723094
v 0.11469892 -0.00163827 -0.24723094
v 0.11469892 0.00081918 -0.24864980
v -0.11217406 -0.00163827 -0.24723094
v -0.11217406 0.00081918 -0.24581209
v 0.11469892 0.00081918 -0.24581209
v 0.11469892 -0.00163827 -0.24723094
v -0.11217406 0.00081918 -0.24581209
v -0.11217406 0.00081918 -0.24864992
v 0.11469892 0.00081918 -0.24864980
v 0.11469892 0.00081918 -0.24581209
v -0.11917341 -0.00163827 -0.12643776
v -0.11917341 0.00081918 -0.12501890
v 0.12368066 0.00081918 -0.12501890
v 0.12368066 -0.00163827 -0.12643776
v -0.11917341 0.00081918 -0.12785661
v -0.11917341 -0.00163827 -0.12643776
v 0.12368066 -0.00163827 -0.12643776
v 0.12368066 0.00081918 -0.12785661
v -0.11917341 0.00081918 -0.12501890
v -0.11917341 0.00081918 -0.12785661
v 0.12368066 0.00081918 -0.12785661
v 0.12368066 0.00081918 -0.12501890
v -0.11715891 -0.00163827 -0.11423745
v -0.11715891 0.00081918 -0.11281847
v 0.12109558 0.00081918 -0.11281847
v 0.12109558 -0.00163827 -0.11423745
v -0.11715891 0.00081918 -0.11281847
v -0.11715891 0.00081918 -0.11565630
v 0.12109558 0.00081918 -0.11565618
v 0.12109558 0.00081918 -0.11281847
v -0.11715891 0.00081918 -0.11565630
v -0.11715891 -0.00163827 -0.11423745
v 0.12109558 -0.00163827 -0.11423745
v 0.12109558 0.00081918 -0.11565618
v -0.11217406 -0.00163827 -0.10179011
v -0.11217406 0.00081918 -0.10037126
v 0.11469892 0.00081918 -0.10037126
v 0.11469892 -0.00163827 -0.10179011
v -0.11217406 0.00081918 -0.10037126
v -0.11217406 0.00081918 -0.10320897
v 0.11469892 0.00081918 -0.10320897
v 0.11469892 0.00081918 -0.10037126
v -0.11217406 0.00081918 -0.10320897
v -0.11217406 -0.00163827 -0.10179011
v 0.11469892 -0.00163827 -0.10179011
v 0.11469892 0.00081918 -0.10320897
v -0.10520849 -0.00163827 -0.08718262
v -0.10520849 0.00081918 -0.08576377
v 0.10829019 0.00081918 -0.08576377
v 0.10829019 -0.00163827 -0.08718262
v -0.10520849 0.00081918 -0.08576377
v -0.10520849 0.00081918 -0.08860148
v 0.10829019 0.00081918 -0.08860148
v 0.10829019 0.00081918 -0.08576377
v -0.10520849 0.00081918 -0.08860148
v -0.10520849 -0.00163827 -0.08718262
v 0.10829019 -0.00163827 -0.08718262
v 0.10829019 0.00081918 -0.08860148
v -0.09688185 -0.00163827 -0.07360381
v -0.09688185 0.00081918 -0.07218496
v 0.10049640 0.00081918 -0.07218496
v 0.10049640 -0.00163827 -0.07360381
v -0.09688185 0.00081918 -0.07218496
v -0.09688185 0.00081918 -0.07502267
v 0.10049640 0.00081918 -0.07502267
v 0.10049640 0.00081918 -0.07218496
v -0.09688185 0.00081918 -0.07502267
v -0.09688185 -0.00163827 -0.07360381
v 0.10049640 -0.00163827 -0.07360381
v 0.10049640 0.00081918 -0.07502267
v -0.11715891 -0.00163827 -0.23330649
v -0.11715891 0.00081918 -0.23188764
v 0.12109558 0.00081918 -0.23188764
v 0.12109558 -0.00163827 -0.23330649
v -0.11715891 0.00081918 -0.23472535
v -0.11715891 -0.00163827 -0.23330649
v 0.12109558 -0.00163827 -0.23330649
v 0.12109558 0.00081918 -0.23472535
v -0.11715891 0.00081918 -0.23188764
v -0.11715891 0.00081918 -0.23472535
v 0.12109558 0.00081918 -0.23472535
v 0.12109558 0.00081918 -0.23188764
v -0.11917341 -0.00163827 -0.22110618
v -0.11917341 0.00081918 -0.21968733
v 0.12368066 0.00081918 -0.21968721
v 0.12368066 -0.00163827 -0.22110618
v -0.11917341 0.00081918 -0.21968733
v -0.11917341 0.00081918 -0.22252504
v 0.12368066 0.00081918 -0.22252504
v 0.12368066 0.00081918 -0.21968721
v -0.11917341 0.00081918 -0.22252504
v -0.11917341 -0.00163827 -0.22110618
v 0.12368066 -0.00163827 -0.22110618
v 0.12368066 0.00081918 -0.22252504
v -0.12122158 -0.00163827 -0.20865885
v -0.12122158 0.00081918 -0.20724011
v 0.12455222 0.00081918 -0.20724011
v 0.12455222 -0.00163827 -0.20865885
v -0.12122158 0.00081918 -0.20724011
v -0.12122158 0.00081918 -0.21007770
v 0.12455222 0.00081918 -0.21007770
v 0.12455222 0.00081918 -0.20724011
v -0.12122158 0.00081918 -0.21007770
v -0.12122158 -0.00163827 -0.20865885
v 0.12455222 -0.00163827 -0.20865885
v 0.12455222 0.00081918 -0.21007770
v -0.12301079 -0.00163827 -0.19405136
v -0.12301079 0.00081918 -0.19263250
v 0.12860486 0.00081918 -0.19263250
v 0.12860486 -0.00163827 -0.19405136
v -0.12301079 0.00081918 -0.19263250
v -0.12301079 0.00081918 -0.19547021
v 0.12860486 0.00081918 -0.19547021
v 0.12860486 0.00081918 -0.19263250
v -0.12301079 0.00081918 -0.19547021
v -0.12301079 -0.00163827 -0.19405136
v 0.12860486 -0.00163827 -0.19405136
v 0.12860486 0.00081918 -0.19547021
v -0.12301079 -0.00163827 -0.18047255
v -0.12301079 0.00081918 -0.17905369
v 0.12860486 0.00081918 -0.17905369
v 0.12860486 -0.00163827 -0.18047255
v -0.12301079 0.00081918 -0.17905369
v -0.12301079 0.00081918 -0.18189140
v 0.12860486 0.00081918 -0.18189140
v 0.12860486 0.00081918 -0.17905369
v -0.12301079 0.00081918 -0.18189140
v -0.12301079 -0.00163827 -0.18047255
v 0.12860486 -0.00163827 -0.18047255
v 0.12860486 0.00081918 -0.18189140
v -0.09332600 -0.00163827 -0.06471078
v -0.09332600 0.00081918 -0.06329193
v 0.09713289 0.00081918 -0.06329193
v 0.09713289 -0.00163827 -0.06471078
v -0.09332600 0.00081918 -0.06329193
v -0.09332600 0.00081918 -0.06612963
v 0.09713289 0.00081918 -0.06612951
v 0.09713289 0.00081918 -0.06329193
v -0.09332600 0.00081918 -0.06612963
v -0.09332600 -0.00163827 -0.06471078
v 0.09713289 -0.00163827 -0.06471078
v 0.09713289 0.00081918 -0.06612951
v -0.08934117 -0.00163827 -0.05226345
v -0.08934117 0.00081918 -0.05084459
v 0.09201945 0.00081918 -0.05084459
v 0.09201945 -0.00163827 -0.05226345
v -0.08934117 0.00081918 -0.05084459
v -0.08934117 0.00081918 -0.05368230
v 0.09201945 0.00081918 -0.05368230
v 0.09201945 0.00081918 -0.05084459
v -0.08934117 0.00081918 -0.05368230
v -0.08934117 -0.00163827 -0.05226345
v 0.09201945 -0.00163827 -0.05226345
v 0.09201945 0.00081918 -0.05368230
v -0.07843674 -0.00163827 -0.03765596
v -0.07843674 0.00081918 -0.03623710
v 0.08157349 0.00081918 -0.03623710
v 0.08157349 -0.00163827 -0.03765596
v -0.07843674 0.00081918 -0.03623710
v -0.07843674 0.00081918 -0.03907481
v 0.08157349 0.00081918 -0.03907481
v 0.08157349 0.00081918 -0.03623710
v -0.07843674 0.00081918 -0.03907481
v -0.07843674 -0.00163827 -0.03765596
v 0.08157349 -0.00163827 -0.03765596
v 0.08157349 0.00081918 -0.03907481
v -0.07219624 -0.00163827 -0.02407715
v -0.07219624 0.00081918 -0.02265829
v 0.07573223 0.00081918 -0.02265829
v 0.07573223 -0.00163827 -0.02407715
v -0.07219624 0.00081918 -0.02265829
v -0.07219624 0.00081918 -0.02549600
v 0.07573223 0.00081918 -0.02549600
v 0.07573223 0.00081918 -0.02265829
v -0.07219624 0.00081918 -0.02549600
v -0.07219624 -0.00163827 -0.02407715
v 0.07573223 -0.00163827 -0.02407715
v 0.07573223 0.00081918 -0.02549600
v -0.06799090 0.00081918 -0.30741406
v -0.06799090 -0.00163827 -0.30599533
v 0.07099977 -0.00163827 -0.30599533
v 0.07099977 0.00081918 -0.30741406
v -0.06799090 -0.00163827 -0.30599533
v -0.06799090 0.00081918 -0.30457647
v 0.07099977 0.00081918 -0.30457647
v 0.07099977 -0.00163827 -0.30599533
v -0.06799090 0.00081918 -0.30457647
v -0.06799090 0.00081918 -0.30741406
v 0.07099977 0.00081918 -0.30741406
v 0.07099977 0.00081918 -0.30457647
v -0.08242981 0.00081918 -0.29280669
v -0.08242981 -0.00163827 -0.29138783
v 0.08502762 -0.00163827 -0.29138783
v 0.08502762 0.00081918 -0.29280657
v -0.08242981 -0.00163827 -0.29138783
v -0.08242981 0.00081918 -0.28996886
v 0.08502762 0.00081918 -0.28996886
v 0.08502762 -0.00163827 -0.29138783
v -0.08242981 0.00081918 -0.28996886
v -0.08242981 0.00081918 -0.29280669
v 0.08502762 0.00081918 -0.29280657
v 0.08502762 0.00081918 -0.28996886
v -0.08722603 0.00081918 -0.04750102
v -0.08580717 -0.00163827 -0.04750102
v -0.08580717 -0.00163827 -0.28712602
v -0.08722603 0.00081918 -0.28712602
v -0.08580717 -0.00163827 -0.04750102
v -0.08438832 0.00081918 -0.04750102
v -0.08438832 0.00081918 -0.28712602
v -0.08580717 -0.00163827 -0.28712602
v -0.08438832 0.00081918 -0.04750102
v -0.08722603 0.00081918 -0.04750102
v -0.08722603 0.00081918 -0.28712602
v -0.08438832 0.00081918 -0.28712602
v -0.09967324 0.00081918 -0.06929830
v -0.09825438 -0.00163827 -0.06929830
v -0.09825438 -0.00163827 -0.27122635
v -0.09967324 0.00081918 -0.27122635
v -0.09825438 -0.00163827 -0.06929830
v -0.09683553 0.00081918 -0.06929830
v -0.09683553 0.00081918 -0.27122635
v -0.09825438 -0.00163827 -0.27122635
v -0.09683553 0.00081918 -0.06929830
v -0.09967324 0.00081918 -0.06929830
v -0.09967324 0.00081918 -0.27122635
v -0.09683553 0.00081918 -0.27122635
v 0.00861435 -0.00163827 -0.00089826
v 0.01003321 0.00081918 -0.00089826
v 0.01003321 0.00081918 -0.32856829
v 0.00861435 -0.00163827 -0.32856829
v 0.01003321 0.00081918 -0.00089826
v 0.00719550 0.00081918 -0.00089826
v 0.00719550 0.00081918 -0.32856829
v 0.01003321 0.00081918 -0.32856829
v 0.00719550 0.00081918 -0.00089826
v 0.00861435 -0.00163827 -0.00089826
v 0.00861435 -0.00163827 -0.32856829
v 0.00719550 0.00081918 -0.32856829
v 0.02106156 -0.00163827 -0.00089826
v 0.02248042 0.00081918 -0.00089826
v 0.02248042 0.00081918 -0.32856829
v 0.02106156 -0.00163827 -0.32856829
v 0.02248042 0.00081918 -0.00089826
v 0.01964271 0.00081918 -0.00089826
v 0.01964271 0.00081918 -0.32856829
v 0.02248042 0.00081918 -0.32856829
v 0.01964271 0.00081918 -0.00089826
v 0.02106156 -0.00163827 -0.00089826
v 0.02106156 -0.00163827 -0.32856829
v 0.01964271 0.00081918 -0.32856829
v 0.03566917 -0.00163827 -0.00558201
v 0.03708791 0.00081918 -0.00558201
v 0.03708791 0.00081918 -0.32030088
v 0.03566917 -0.00163827 -0.32030088
v 0.03708791 0.00081918 -0.00558201
v 0.03425020 0.00081918 -0.00558201
v 0.03425020 0.00081918 -0.32030088
v 0.03708791 0.00081918 -0.32030088
v 0.03425020 0.00081918 -0.00558201
v 0.03566917 -0.00163827 -0.00558201
v 0.03566917 -0.00163827 -0.32030088
v 0.03425020 0.00081918 -0.32030088
v -0.07261853 0.00081918 -0.02926652
v -0.07119968 -0.00163827 -0.02926652
v -0.07119968 -0.00163827 -0.30020004
v -0.07261853 0.00081918 -0.30020004
v -0.07119968 -0.00163827 -0.02926652
v -0.06978082 0.00081918 -0.02926652
v -0.06978082 0.00081918 -0.30020004
v -0.07119968 -0.00163827 -0.30020004
v -0.06978082 0.00081918 -0.02926652
v -0.07261853 0.00081918 -0.02926652
v -0.07261853 0.00081918 -0.30020004
v -0.06978082 0.00081918 -0.30020004
v 0.04959362 -0.00163827 -0.01094367
v 0.05101248 0.00081918 -0.01094367
v 0.05101248 0.00081918 -0.31852277
v 0.04959362 -0.00163827 -0.31852277
v 0.04817477 0.00081918 -0.01094367
v 0.04959362 -0.00163827 -0.01094367
v 0.04959362 -0.00163827 -0.31852277
v 0.04817477 0.00081918 -0.31852277
v 0.05101248 0.00081918 -0.01094367
v 0.04817477 0.00081918 -0.01094367
v 0.04817477 0.00081918 -0.31852277
v 0.05101248 0.00081918 -0.31852277
v 0.06179394 -0.00163827 -0.01621733
v 0.06321279 0.00081918 -0.01621733
v 0.06321279 0.00081918 -0.31324923
v 0.06179394 -0.00163827 -0.31324923
v 0.06321279 0.00081918 -0.01621733
v 0.06037508 0.00081918 -0.01621733
v 0.06037508 0.00081918 -0.31324923
v 0.06321279 0.00081918 -0.31324923
v 0.06037508 0.00081918 -0.01621733
v 0.06179394 -0.00163827 -0.01621733
v 0.06179394 -0.00163827 -0.31324923
v 0.06037508 0.00081918 -0.31324923
v 0.07424115 -0.00163827 -0.02926652
v 0.07566000 0.00081918 -0.02926652
v 0.07566000 0.00081918 -0.30020004
v 0.07424115 -0.00163827 -0.30020004
v 0.07566000 0.00081918 -0.02926652
v 0.07282229 0.00081918 -0.02926652
v 0.07282229 0.00081918 -0.30020004
v 0.07566000 0.00081918 -0.30020004
v 0.07282229 0.00081918 -0.02926652
v 0.07424115 -0.00163827 -0.02926652
v 0.07424115 -0.00163827 -0.30020004
v 0.07282229 0.00081918 -0.30020004
v 0.08884876 -0.00163827 -0.04750102
v 0.09026749 0.00081918 -0.04750102
v 0.09026749 0.00081918 -0.28712602
v 0.08884876 -0.00163827 -0.28712602
v 0.09026749 0.00081918 -0.04750102
v 0.08742990 0.00081918 -0.04750102
v 0.08742990 0.00081918 -0.28712602
v 0.09026749 0.00081918 -0.28712602
v 0.08742990 0.00081918 -0.04750102
v 0.08884876 -0.00163827 -0.04750102
v 0.08884876 -0.00163827 -0.28712602
v 0.08742990 0.00081918 -0.28712602
v 0.10242757 -0.00163827 -0.06929830
v 0.10384642 0.00081918 -0.06929830
v 0.10384642 0.00081918 -0.27122635
v 0.10242757 -0.00163827 -0.27122635
v 0.10384642 0.00081918 -0.06929830
v 0.10100872 0.00081918 -0.06929830
v 0.10100872 0.00081918 -0.27122635
v 0.10384642 0.00081918 -0.27122635
v 0.10100872 0.00081918 -0.06929830
v 0.10242757 -0.00163827 -0.06929830
v 0.10242757 -0.00163827 -0.27122635
v 0.10100872 0.00081918 -0.27122635
v -0.05727523 -0.00163827 -0.01621733
v -0.05585637 0.00081918 -0.01621733
v -0.05585637 0.00081918 -0.31324923
v -0.05727523 -0.00163827 -0.31324923
v -0.05869408 0.00081918 -0.01621733
v -0.05727523 -0.00163827 -0.01621733
v -0.05727523 -0.00163827 -0.31324923
v -0.05869408 0.00081918 -0.31324923
v -0.05585637 0.00081918 -0.01621733
v -0.05869408 0.00081918 -0.01621733
v -0.05869408 0.00081918 -0.31324923
v -0.05585637 0.00081918 -0.31324923
v -0.04507480 -0.00163827 -0.01094367
v -0.04365594 0.00081918 -0.01094367
v -0.04365594 0.00081918 -0.31852277
v -0.04507480 -0.00163827 -0.31852277
v -0.04365594 0.00081918 -0.01094367
v -0.04649365 0.00081918 -0.01094367
v -0.04649365 0.00081918 -0.31852277
v -0.04365594 0.00081918 -0.31852277
v -0.04649365 0.00081918 -0.01094367
v -0.04507480 -0.00163827 -0.01094367
v -0.04507480 -0.00163827 -0.31852277
v -0.04649365 0.00081918 -0.31852277
v -0.03262759 -0.00163827 -0.00558201
v -0.03120873 0.00081918 -0.00558201
v -0.03120873 0.00081918 -0.32030088
v -0.03262759 -0.00163827 -0.32030088
v -0.03120873 0.00081918 -0.00558201
v -0.03404644 0.00081918 -0.00558201
v -0.03404644 0.00081918 -0.32030088
v -0.03120873 0.00081918 -0.32030088
v -0.03404644 0.00081918 -0.00558201
v -0.03262759 -0.00163827 -0.00558201
v -0.03262759 -0.00163827 -0.32030088
v -0.03404644 0.00081918 -0.32030088
v -0.01802009 -0.00163827 -0.00089826
v -0.01660124 0.00081918 -0.00089826
v -0.01660124 0.00081918 -0.32856829
v -0.01802009 -0.00163827 -0.32856829
v -0.01660124 0.00081918 -0.00089826
v -0.01943895 0.00081918 -0.00089826
v -0.01943895 0.00081918 -0.32856829
v -0.01660124 0.00081918 -0.32856829
v -0.01943895 0.00081918 -0.00089826
v -0.01802009 -0.00163827 -0.00089826
v -0.01802009 -0.00163827 -0.32856829
v -0.01943895 0.00081918 -0.32856829
v -0.00444128 -0.00163827 -0.00089826
v -0.00302243 0.00081918 -0.00089826
v -0.00302243 0.00081918 -0.32856829
v -0.00444128 -0.00163827 -0.32856829
v -0.00302243 0.00081918 -0.00089826
v -0.00586014 0.00081918 -0.00089826
v -0.00586014 0.00081918 -0.32856829
v -0.00302243 0.00081918 -0.32856829
v -0.00586014 0.00081918 -0.00089826
v -0.00444128 -0.00163827 -0.00089826
v -0.00444128 -0.00163827 -0.32856829
v -0.00586014 0.00081918 -0.32856829
vn -0.70614435 0.70614435 -0.05215665
vn 0.70614435 0.70614435 -0.05215665
vn 0.00000000 0.99879811 -0.04901365
vn -0.70614435 -0.70614435 -0.05215665
vn -0.70614435 0.70614435 -0.05215665
vn -0.99879811 0.00000000 -0.04901365
vn 0.70614435 0.70614435 -0.05215665
vn 0.70614435 -0.70614435 -0.05215665
vn 0.99879811 0.00000000 -0.04901365
vn 0.70614435 -0.70614435 -0.05215665
vn -0.70614435 -0.70614435 -0.05215665
vn 0.00000000 -0.99879811 -0.04901365
vn 0.65362950 0.00000000 0.75681469
vn 0.67984800 -0.67984800 0.27497890
vn 0.46915112 -0.46915112 0.74819413
vn 0.96419816 0.00000000 0.26518279
vn 0.99995496 0.00000000 0.00949141
vn 0.70707178 -0.70707178 0.00994930
vn 0.69608753 -0.69608753 -0.17585311
vn 0.67984800 0.67984800 0.27497890
vn 0.46915112 0.46915112 0.74819413
vn 0.70707178 0.70707178 0.00994930
vn 0.69608753 0.69608753 -0.17585311
vn 0.98585841 0.00000000 -0.16758040
vn 0.96650086 0.00000000 -0.25666339
vn 0.68064391 -0.68064391 -0.27101241
vn 0.68064391 0.68064391 -0.27101241
vn 0.68845065 -0.68845065 -0.22819162
vn 0.68845065 0.68845065 -0.22819162
vn 0.97666650 0.00000000 -0.21476160
vn 0.99549136 0.00000000 -0.09485231
vn 0.70347419 -0.70347419 -0.10123310
vn 0.70347419 0.70347419 -0.10123310
vn 0.70704068 -0.70704068 -0.01367265
vn 0.70704068 0.70704068 -0.01367265
vn 0.99991706 0.00000000 -0.01287892
vn 0.99999854 0.00000000 -0.00170909
vn 0.70710563 -0.70710563 -0.00180065
vn 0.70710563 0.70710563 -0.00180065
vn 0.70710498 -0.70710498 -0.00225844
vn 0.70710498 0.70710498 -0.00225844
vn 0.99999772 0.00000000 -0.00213636
vn 0.00000000 -0.65362950 0.75681469
vn -0.67984800 -0.67984800 0.27497890
vn -0.46915112 -0.46915112 0.74819413
vn 0.00000000 -0.96419816 0.26518279
vn 0.00000000 -0.99995496 0.00949141
vn -0.70707178 -0.70707178 0.00994930
vn -0.69608753 -0.69608753 -0.17585311
vn 0.67984800 -0.67984800 0.27497890
vn 0.46915112 -0.46915112 0.74819413
vn 0.70707178 -0.70707178 0.00994930
vn 0.69608753 -0.69608753 -0.17585311
vn 0.00000000 -0.98585841 -0.16758040
vn 0.00000000 -0.96650086 -0.25666339
vn -0.68064391 -0.68064391 -0.27101241
vn 0.68064391 -0.68064391 -0.27101241
vn -0.68845065 -0.68845065 -0.22819162
vn 0.68845065 -0.68845065 -0.22819162
vn 0.00000000 -0.97666650 -0.21476160
vn 0.00000000 -0.99549136 -0.09485231
vn -0.70347419 -0.70347419 -0.10123310
vn 0.70347419 -0.70347419 -0.10123310
vn -0.70704068 -0.70704068 -0.01367265
vn 0.70704068 -0.70704068 -0.01367265
vn 0.00000000 -0.99991706 -0.01287892
vn 0.00000000 -0.99999854 -0.00170909
vn -0.70710563 -0.70710563 -0.00180065
vn 0.70710563 -0.70710563 -0.00180065
vn -0.70710498 -0.70710498 -0.00225844
vn 0.70710498 -0.70710498 -0.00225844
vn 0.00000000 -0.99999772 -0.00213636
vn -0.65362950 0.00000000 0.75681469
vn -0.67984800 0.67984800 0.27497890
vn -0.46915112 0.46915112 0.74819413
vn -0.96419816 0.00000000 0.26518279
vn -0.99995496 0.00000000 0.00949141
vn -0.70707178 0.70707178 0.00994930
vn -0.69608753 0.69608753 -0.17585311
vn -0.67984800 -0.67984800 0.27497890
vn -0.46915112 -0.46915112 0.74819413
vn -0.70707178 -0.70707178 0.00994930
vn -0.69608753 -0.69608753 -0.17585311
vn -0.98585841 0.00000000 -0.16758040
vn -0.96650086 0.00000000 -0.25666339
vn -0.68064391 0.68064391 -0.27101241
vn -0.68064391 -0.68064391 -0.27101241
vn -0.68845065 0.68845065 -0.22819162
vn -0.68845065 -0.68845065 -0.22819162
vn -0.97666650 0.00000000 -0.21476160
vn -0.99549136 0.00000000 -0.09485231
vn -0.70347419 0.70347419 -0.10123310
vn -0.70347419 -0.70347419 -0.10123310
vn -0.70704068 0.70704068 -0.01367265
vn -0.70704068 -0.70704068 -0.01367265
vn -0.99991706 0.00000000 -0.01287892
vn -0.99999854 0.00000000 -0.00170909
vn -0.70710563 0.70710563 -0.00180065
vn -0.70710563 -0.70710563 -0.00180065
vn -0.70710498 0.70710498 -0.00225844
vn -0.70710498 -0.70710498 -0.00225844
vn -0.99999772 0.00000000 -0.00213636
vn 0.00000000 0.65362950 0.75681469
vn 0.67984800 0.67984800 0.27497890
vn 0.46915112 0.46915112 0.74819413
vn 0.00000000 0.96419816 0.26518279
vn 0.00000000 0.99995496 0.00949141
vn 0.70707178 0.70707178 0.00994930
vn 0.69608753 0.69608753 -0.17585311
vn -0.67984800 0.67984800 0.27497890
vn -0.46915112 0.46915112 0.74819413
vn -0.70707178 0.70707178 0.00994930
vn -0.69608753 0.69608753 -0.17585311
vn 0.00000000 0.98585841 -0.16758040
vn 0.00000000 0.96650086 -0.25666339
vn 0.68064391 0.68064391 -0.27101241
vn -0.68064391 0.68064391 -0.27101241
vn 0.68845065 0.68845065 -0.22819162
vn -0.68845065 0.68845065 -0.22819162
vn 0.00000000 0.97666650 -0.21476160
vn 0.00000000 0.99549136 -0.09485231
vn 0.70347419 0.70347419 -0.10123310
vn -0.70347419 0.70347419 -0.10123310
vn 0.70704068 0.70704068 -0.01367265
vn -0.70704068 0.70704068 -0.01367265
vn 0.00000000 0.99991706 -0.01287892
vn 0.00000000 0.99999854 -0.00170909
vn 0.70710563 0.70710563 -0.00180065
vn -0.70710563 0.70710563 -0.00180065
vn 0.70710498 0.70710498 -0.00225844
vn -0.70710498 0.70710498 -0.00225844
vn 0.00000000 0.99999772 -0.00213636
vn 0.00000000 0.99901495 -0.04437490
vn 0.00000000 0.99999772 -0.00213636
vn -0.70710498 0.70710498 -0.00225844
vn -0.70633045 0.70633045 -0.04684658
vn 0.70710498 0.70710498 -0.00225844
vn 0.70633045 0.70633045 -0.04684658
vn -0.99901495 0.00000000 -0.04437490
vn -0.70633045 0.70633045 -0.04684658
vn -0.70710498 0.70710498 -0.00225844
vn -0.70633045 -0.70633045 -0.04684658
vn -0.99999772 0.00000000 -0.00213636
vn -0.70710498 -0.70710498 -0.00225844
vn 0.00000000 -0.99901495 -0.04437490
vn -0.70633045 -0.70633045 -0.04684658
vn -0.70710498 -0.70710498 -0.00225844
vn 0.70633045 -0.70633045 -0.04684658
vn 0.00000000 -0.99999772 -0.00213636
vn 0.70710498 -0.70710498 -0.00225844
vn 0.99901495 0.00000000 -0.04437490
vn 0.70633045 -0.70633045 -0.04684658
vn 0.70710498 -0.70710498 -0.00225844
vn 0.70633045 0.70633045 -0.04684658
vn 0.99999772 0.00000000 -0.00213636
vn 0.70710498 0.70710498 -0.00225844
vn 0.65362950 0.00000000 0.75681469
vn 0.08499515 0.08499515 0.99274954
vn 0.46915112 0.46915112 0.74819413
vn 0.00000000 0.65362950 0.75681469
vn 0.11044831 0.00000000 0.99388187
vn 0.00000000 0.00000000 1.00000000
vn 0.08499515 -0.08499515 0.99274954
vn 0.46915112 -0.46915112 0.74819413
vn 0.00000000 -0.65362950 0.75681469
vn 0.00000000 0.11044831 0.99388187
vn -0.08499515 0.08499515 0.99274954
vn -0.46915112 0.46915112 0.74819413
vn -0.65362950 0.00000000 0.75681469
vn 0.00000000 -0.11044831 0.99388187
vn -0.08499515 -0.08499515 0.99274954
vn -0.46915112 -0.46915112 0.74819413
vn -0.11044831 0.00000000 0.99388187
vn -0.92217707 -0.35237809 -0.15943379
vn -0.78346177 -0.27958759 0.55499408
vn 0.23127609 -0.74885477 0.62106997
vn 0.33430100 -0.94021769 0.06506569
vn 0.33210484 -0.94128921 0.06067125
vn -0.89353757 -0.34834483 -0.28327812
vn 0.30561654 -0.94382811 0.12564642
vn -0.86804847 -0.34724379 -0.35484309
vn -0.90257818 0.36482789 0.22858969
vn -0.86003886 0.36736298 0.35408698
vn 0.35460078 0.92365895 -0.14530119
vn 0.35503219 0.92501248 -0.13529250
vn -0.91962643 0.37504691 0.11673490
vn 0.39464451 0.91786673 -0.04214710
vn -0.74214510 0.28425950 0.60697380
vn 0.28538400 0.74301760 0.60537660
vn 0.35460078 0.92365895 -0.14530119
vn 0.81984069 -0.35085020 -0.45251009
vn 0.86804847 -0.34724379 -0.35484309
vn 0.32725570 0.92744310 -0.18097790
vn 0.78542255 -0.35305108 -0.50839587
vn 0.30781693 0.92985970 -0.20151842
vn 0.81329727 -0.37257433 -0.44691824
vn 0.27857619 0.94816016 -0.15293009
vn 0.88686165 -0.37532688 -0.26945528
vn 0.29865701 0.95038593 -0.08700909
vn -0.33210484 -0.94128921 0.06067125
vn -0.30561654 -0.94382811 0.12564642
vn -0.86003886 0.36736298 0.35408698
vn -0.90257818 0.36482789 0.22858969
vn -0.31074399 -0.94974968 0.03759935
vn -0.91962643 0.37504691 0.11673490
vn -0.28294730 -0.74324420 0.60624160
vn -0.74214510 0.28425950 0.60697380
vn 0.35503219 0.92501248 -0.13529250
vn 0.35460078 0.92365895 -0.14530119
vn 0.86804847 -0.34724379 -0.35484309
vn 0.89353757 -0.34834483 -0.28327812
vn 0.39464451 0.91786673 -0.04214710
vn 0.93460562 -0.34284737 -0.09469962
vn 0.28538400 0.74301760 0.60537660
vn 0.74412265 -0.28404358 0.60464926
vn 0.89353757 -0.34834483 -0.28327812
vn 0.86804847 -0.34724379 -0.35484309
vn -0.30561654 -0.94382811 0.12564642
vn -0.33210484 -0.94128921 0.06067125
vn 0.93460562 -0.34284737 -0.09469962
vn -0.31074399 -0.94974968 0.03759935
vn 0.74412265 -0.28404358 0.60464926
vn -0.28294730 -0.74324420 0.60624160
vn -0.81920588 0.36385419 0.44329659
vn -0.78611174 0.36125497 0.50152086
vn 0.30781693 0.92985970 -0.20151842
vn 0.32725570 0.92744310 -0.18097790
vn -0.86003886 0.36736298 0.35408698
vn 0.35460078 0.92365895 -0.14530119
vn 0.86804847 -0.34724379 -0.35484309
vn -0.29906170 -0.94049240 0.16135720
vn -0.30561654 -0.94382811 0.12564642
vn 0.81984069 -0.35085020 -0.45251009
vn -0.29307351 -0.93809173 0.18463971
vn 0.78542255 -0.35305108 -0.50839587
vn -0.34593279 -0.91898787 0.18918719
vn 0.81329727 -0.37257433 -0.44691824
vn -0.30561654 -0.94382811 0.12564642
vn -0.81920588 0.36385419 0.44329659
vn -0.86003886 0.36736298 0.35408698
vn -0.29906170 -0.94049240 0.16135720
vn -0.78611174 0.36125497 0.50152086
vn -0.29307351 -0.93809173 0.18463971
vn -0.82446866 0.34330733 0.44987943
vn -0.34593279 -0.91898787 0.18918719
vn -0.90184907 0.34123769 0.26500019
vn -0.38270909 -0.91648749 0.11655230
vn -0.78611174 0.36125497 0.50152086
vn 0.27857619 0.94816016 -0.15293009
vn 0.30781693 0.92985970 -0.20151842
vn -0.82446866 0.34330733 0.44987943
vn 0.29865701 0.95038593 -0.08700909
vn -0.90184907 0.34123769 0.26500019
vn -0.90184907 0.34123769 0.26500019
vn 0.30562169 0.95205397 -0.01373375
vn 0.29865701 0.95038593 -0.08700909
vn -0.93940233 0.33976691 0.04562576
vn 0.29783300 0.95270549 0.06039671
vn -0.92284002 0.33903801 -0.18281010
vn 0.81329727 -0.37257433 -0.44691824
vn 0.88686165 -0.37532688 -0.26945528
vn -0.38270909 -0.91648749 0.11655230
vn -0.34593279 -0.91898787 0.18918719
vn -0.40352198 -0.91468436 0.02285872
vn -0.39805880 -0.91364609 -0.08246223
vn -0.92284002 0.33903801 -0.18281010
vn -0.93940233 0.33976691 0.04562576
vn -0.38270909 -0.91648749 0.11655230
vn -0.90184907 0.34123769 0.26500019
vn 0.29865701 0.95038593 -0.08700909
vn 0.92454567 -0.37764343 -0.05099742
vn 0.88686165 -0.37532688 -0.26945528
vn 0.30562169 0.95205397 -0.01373375
vn 0.90529891 -0.37777001 0.19422590
vn 0.29783300 0.95270549 0.06039671
vn 0.88686165 -0.37532688 -0.26945528
vn -0.40352198 -0.91468436 0.02285872
vn -0.38270909 -0.91648749 0.11655230
vn 0.92454567 -0.37764343 -0.05099742
vn -0.39805880 -0.91364609 -0.08246223
vn 0.90529891 -0.37777001 0.19422590
vn 0.29783300 0.95270549 0.06039671
vn 0.79743838 -0.38976179 0.46062759
vn 0.90529891 -0.37777001 0.19422590
vn 0.23426200 0.96109660 0.14633740
vn 0.59174124 -0.38277466 0.70945463
vn 0.18558790 0.95644458 0.22532399
vn 0.90529891 -0.37777001 0.19422590
vn -0.37467839 -0.90329307 -0.20899219
vn -0.39805880 -0.91364609 -0.08246223
vn 0.79743838 -0.38976179 0.46062759
vn -0.26484352 -0.90888506 -0.32215812
vn 0.59174124 -0.38277466 0.70945463
vn -0.15201589 -0.90666306 -0.39351398
vn 0.33187080 -0.38692830 0.86031870
vn -0.92284002 0.33903801 -0.18281010
vn 0.23426200 0.96109660 0.14633740
vn 0.29783300 0.95270549 0.06039671
vn -0.81364947 0.33107539 -0.47787408
vn 0.18558790 0.95644458 0.22532399
vn -0.59284604 0.33495422 -0.73235185
vn 0.09152655 0.95887710 0.26865890
vn -0.31389520 0.33385510 -0.88882539
vn -0.39805880 -0.91364609 -0.08246223
vn -0.81364947 0.33107539 -0.47787408
vn -0.92284002 0.33903801 -0.18281010
vn -0.37467839 -0.90329307 -0.20899219
vn -0.59284604 0.33495422 -0.73235185
vn -0.26484352 -0.90888506 -0.32215812
vn 0.18558790 0.95644458 0.22532399
vn 0.09152655 0.95887710 0.26865890
vn 0.33187080 -0.38692830 0.86031870
vn 0.59174124 -0.38277466 0.70945463
vn 0.33187080 -0.38692830 0.86031870
vn -0.34279168 -0.85154685 -0.39668858
vn -0.15201589 -0.90666306 -0.39351398
vn -0.31520227 -0.36763427 0.87492432
vn -0.33187080 -0.38692830 0.86031870
vn 0.15201589 -0.90666306 -0.39351398
vn -0.59174124 -0.38277466 0.70945463
vn 0.26484352 -0.90888506 -0.32215812
vn -0.26484352 -0.90888506 -0.32215812
vn -0.15201589 -0.90666306 -0.39351398
vn -0.31389520 0.33385510 -0.88882539
vn -0.59284604 0.33495422 -0.73235185
vn -0.34279168 -0.85154685 -0.39668858
vn -0.35984543 0.31095452 -0.87966957
vn -0.32548203 0.90674149 0.26810693
vn -0.31520227 -0.36763427 0.87492432
vn -0.31389520 0.33385510 -0.88882539
vn -0.32548203 0.90674149 0.26810693
vn 0.09152655 0.95887710 0.26865890
vn -0.35984543 0.31095452 -0.87966957
vn 0.31389520 0.33385510 -0.88882539
vn -0.09152655 0.95887710 0.26865890
vn -0.15201589 -0.90666306 -0.39351398
vn -0.35984543 0.31095452 -0.87966957
vn -0.31389520 0.33385510 -0.88882539
vn -0.34279168 -0.85154685 -0.39668858
vn 0.15201589 -0.90666306 -0.39351398
vn 0.31389520 0.33385510 -0.88882539
vn 0.09152655 0.95887710 0.26865890
vn -0.31520227 -0.36763427 0.87492432
vn 0.33187080 -0.38692830 0.86031870
vn -0.32548203 0.90674149 0.26810693
vn -0.09152655 0.95887710 0.26865890
vn -0.33187080 -0.38692830 0.86031870
vn -0.36598781 0.92848943 -0.06293085
vn -0.33634971 0.73950542 0.58309571
vn -0.78346177 -0.27958759 0.55499408
vn -0.92217707 -0.35237809 -0.15943379
vn -0.89353757 -0.34834483 -0.28327812
vn -0.35503219 0.92501248 -0.13529250
vn -0.86804847 -0.34724379 -0.35484309
vn -0.35460078 0.92365895 -0.14530119
vn 0.90257818 0.36482789 0.22858969
vn -0.35460078 0.92365895 -0.14530119
vn 0.86003886 0.36736298 0.35408698
vn -0.35503219 0.92501248 -0.13529250
vn 0.91430647 0.36415999 0.17728839
vn -0.36598781 0.92848943 -0.06293085
vn -0.33634971 0.73950542 0.58309571
vn 0.69895975 0.28874588 0.65427906
vn -0.35460078 0.92365895 -0.14530119
vn -0.86804847 -0.34724379 -0.35484309
vn -0.81984069 -0.35085020 -0.45251009
vn -0.32725570 0.92744310 -0.18097790
vn -0.78542255 -0.35305108 -0.50839587
vn -0.30781693 0.92985970 -0.20151842
vn -0.81329727 -0.37257433 -0.44691824
vn -0.27857619 0.94816016 -0.15293009
vn -0.88686165 -0.37532688 -0.26945528
vn -0.29865701 0.95038593 -0.08700909
vn 0.33210484 -0.94128921 0.06067125
vn 0.86003886 0.36736298 0.35408698
vn 0.30561654 -0.94382811 0.12564642
vn 0.90257818 0.36482789 0.22858969
vn 0.33430100 -0.94021769 0.06506569
vn 0.91430647 0.36415999 0.17728839
vn 0.69895975 0.28874588 0.65427906
vn 0.23127609 -0.74885477 0.62106997
vn 0.81920588 0.36385419 0.44329659
vn -0.30781693 0.92985970 -0.20151842
vn 0.78611174 0.36125497 0.50152086
vn -0.32725570 0.92744310 -0.18097790
vn 0.86003886 0.36736298 0.35408698
vn -0.35460078 0.92365895 -0.14530119
vn -0.86804847 -0.34724379 -0.35484309
vn 0.30561654 -0.94382811 0.12564642
vn 0.29906170 -0.94049240 0.16135720
vn -0.81984069 -0.35085020 -0.45251009
vn 0.29307351 -0.93809173 0.18463971
vn -0.78542255 -0.35305108 -0.50839587
vn 0.34593279 -0.91898787 0.18918719
vn -0.81329727 -0.37257433 -0.44691824
vn 0.30561654 -0.94382811 0.12564642
vn 0.86003886 0.36736298 0.35408698
vn 0.81920588 0.36385419 0.44329659
vn 0.29906170 -0.94049240 0.16135720
vn 0.78611174 0.36125497 0.50152086
vn 0.29307351 -0.93809173 0.18463971
vn 0.82446866 0.34330733 0.44987943
vn 0.34593279 -0.91898787 0.18918719
vn 0.90184907 0.34123769 0.26500019
vn 0.38270909 -0.91648749 0.11655230
vn 0.78611174 0.36125497 0.50152086
vn -0.30781693 0.92985970 -0.20151842
vn -0.27857619 0.94816016 -0.15293009
vn 0.82446866 0.34330733 0.44987943
vn -0.29865701 0.95038593 -0.08700909
vn 0.90184907 0.34123769 0.26500019
vn 0.90184907 0.34123769 0.26500019
vn -0.29865701 0.95038593 -0.08700909
vn -0.30562169 0.95205397 -0.01373375
vn 0.93940233 0.33976691 0.04562576
vn -0.29783300 0.95270549 0.06039671
vn 0.92284002 0.33903801 -0.18281010
vn -0.81329727 -0.37257433 -0.44691824
vn 0.34593279 -0.91898787 0.18918719
vn 0.38270909 -0.91648749 0.11655230
vn -0.88686165 -0.37532688 -0.26945528
vn 0.40352198 -0.91468436 0.02285872
vn 0.92284002 0.33903801 -0.18281010
vn 0.39805880 -0.91364609 -0.08246223
vn 0.93940233 0.33976691 0.04562576
vn 0.38270909 -0.91648749 0.11655230
vn 0.90184907 0.34123769 0.26500019
vn -0.29865701 0.95038593 -0.08700909
vn -0.88686165 -0.37532688 -0.26945528
vn -0.92454567 -0.37764343 -0.05099742
vn -0.30562169 0.95205397 -0.01373375
vn -0.90529891 -0.37777001 0.19422590
vn -0.29783300 0.95270549 0.06039671
vn -0.88686165 -0.37532688 -0.26945528
vn 0.38270909 -0.91648749 0.11655230
vn 0.40352198 -0.91468436 0.02285872
vn -0.92454567 -0.37764343 -0.05099742
vn 0.39805880 -0.91364609 -0.08246223
vn -0.90529891 -0.37777001 0.19422590
vn -0.29783300 0.95270549 0.06039671
vn -0.90529891 -0.37777001 0.19422590
vn -0.79743838 -0.38976179 0.46062759
vn -0.23426200 0.96109660 0.14633740
vn -0.59174124 -0.38277466 0.70945463
vn -0.18558790 0.95644458 0.22532399
vn -0.90529891 -0.37777001 0.19422590
vn 0.39805880 -0.91364609 -0.08246223
vn 0.37467839 -0.90329307 -0.20899219
vn -0.79743838 -0.38976179 0.46062759
vn 0.26484352 -0.90888506 -0.32215812
vn -0.59174124 -0.38277466 0.70945463
vn 0.92284002 0.33903801 -0.18281010
vn -0.29783300 0.95270549 0.06039671
vn -0.23426200 0.96109660 0.14633740
vn 0.81364947 0.33107539 -0.47787408
vn -0.18558790 0.95644458 0.22532399
vn 0.59284604 0.33495422 -0.73235185
vn -0.09152655 0.95887710 0.26865890
vn 0.31389520 0.33385510 -0.88882539
vn 0.39805880 -0.91364609 -0.08246223
vn 0.92284002 0.33903801 -0.18281010
vn 0.81364947 0.33107539 -0.47787408
vn 0.37467839 -0.90329307 -0.20899219
vn 0.59284604 0.33495422 -0.73235185
vn 0.26484352 -0.90888506 -0.32215812
vn -0.18558790 0.95644458 0.22532399
vn -0.59174124 -0.38277466 0.70945463
vn -0.33187080 -0.38692830 0.86031870
vn -0.09152655 0.95887710 0.26865890
vn 0.26484352 -0.90888506 -0.32215812
vn 0.59284604 0.33495422 -0.73235185
vn 0.31389520 0.33385510 -0.88882539
vn 0.15201589 -0.90666306 -0.39351398
vn -0.28294730 -0.74324420 0.60624160
vn -0.74214510 0.28425950 0.60697380
vn 0.28538400 0.74301760 0.60537660
vn 0.74412265 -0.28404358 0.60464926
vn 0.23127609 -0.74885477 0.62106997
vn -0.78346177 -0.27958759 0.55499408
vn -0.33634971 0.73950542 0.58309571
vn 0.69895975 0.28874588 0.65427906
vn -0.64292823 -0.75981873 -0.09653385
vn -0.01986797 -0.29414358 -0.95555472
vn -0.30092220 0.76491031 -0.56952441
vn -0.91467417 0.28923479 0.28233739
vn 0.12442580 0.95597611 -0.26575910
vn -0.16150740 0.34596511 0.92424212
vn -0.38588173 0.33494553 0.85959687
vn 0.05206496 0.94772874 -0.31480068
vn 0.34609299 0.32179939 0.88128588
vn 0.33016099 0.89459037 -0.30116739
vn -0.05206496 0.94772874 -0.31480068
vn 0.16150740 0.34596511 0.92424212
vn -0.12470220 0.95687440 -0.26237520
vn 0.39122179 0.33415139 0.85748957
vn -0.30092220 0.76491031 -0.56952441
vn 0.12442580 0.95597611 -0.26575910
vn -0.38588173 0.33494553 0.85959687
vn -0.91467417 0.28923479 0.28233739
vn -0.91467417 0.28923479 0.28233739
vn -0.38588173 0.33494553 0.85959687
vn -0.17172999 -0.90918937 0.37931979
vn -0.64292823 -0.75981873 -0.09653385
vn -0.01986797 -0.29414358 -0.95555472
vn 0.12442580 0.95597611 -0.26575910
vn -0.30092220 0.76491031 -0.56952441
vn 0.39106938 -0.38185268 -0.83740866
vn 0.05206496 0.94772874 -0.31480068
vn 0.18183210 -0.37242310 -0.91007589
vn 0.33016099 0.89459037 -0.30116739
vn 0.32210279 -0.35167619 -0.87896169
vn -0.18183210 -0.37242310 -0.91007589
vn -0.05206496 0.94772874 -0.31480068
vn -0.39711166 -0.38316446 -0.83395882
vn -0.12470220 0.95687440 -0.26237520
vn 0.01330648 -0.29368879 -0.95580847
vn 0.29680100 0.76426631 -0.57254360
vn -0.64292823 -0.75981873 -0.09653385
vn -0.17172999 -0.90918937 0.37931979
vn 0.39106938 -0.38185268 -0.83740866
vn -0.01986797 -0.29414358 -0.95555472
vn -0.38588173 0.33494553 0.85959687
vn -0.07751884 -0.92067354 0.38255857
vn -0.17172999 -0.90918937 0.37931979
vn -0.16150740 0.34596511 0.92424212
vn 0.33942952 -0.86438246 0.37098593
vn 0.34609299 0.32179939 0.88128588
vn 0.16150740 0.34596511 0.92424212
vn 0.07751884 -0.92067354 0.38255857
vn 0.39122179 0.33415139 0.85748957
vn 0.17554409 -0.90811693 0.38014197
vn -0.17172999 -0.90918937 0.37931979
vn 0.18183210 -0.37242310 -0.91007589
vn 0.39106938 -0.38185268 -0.83740866
vn -0.07751884 -0.92067354 0.38255857
vn 0.32210279 -0.35167619 -0.87896169
vn 0.33942952 -0.86438246 0.37098593
vn 0.07751884 -0.92067354 0.38255857
vn -0.18183210 -0.37242310 -0.91007589
vn 0.17554409 -0.90811693 0.38014197
vn -0.39711166 -0.38316446 -0.83395882
vn 0.33942952 -0.86438246 0.37098593
vn 0.34609299 0.32179939 0.88128588
vn 0.33016099 0.89459037 -0.30116739
vn 0.32210279 -0.35167619 -0.87896169
vn 0.64176076 -0.76014525 -0.10159889
vn 0.91614664 0.28971581 0.27702001
vn 0.29680100 0.76426631 -0.57254360
vn 0.01330648 -0.29368879 -0.95580847
vn 0.29680100 0.76426631 -0.57254360
vn 0.91614664 0.28971581 0.27702001
vn 0.39122179 0.33415139 0.85748957
vn -0.12470220 0.95687440 -0.26237520
vn 0.91614664 0.28971581 0.27702001
vn 0.64176076 -0.76014525 -0.10159889
vn 0.17554409 -0.90811693 0.38014197
vn 0.39122179 0.33415139 0.85748957
vn 0.64176076 -0.76014525 -0.10159889
vn 0.01330648 -0.29368879 -0.95580847
vn -0.39711166 -0.38316446 -0.83395882
vn 0.17554409 -0.90811693 0.38014197
vn 0.00000000 0.72592382 -0.68777512
vn -0.66595093 0.69079324 -0.28162751
vn -0.60626833 0.57309383 -0.55136393
vn 0.00000000 0.89745830 -0.44109930
vn 0.00000000 0.97168599 -0.23627600
vn -0.67343279 0.71689179 -0.18042850
vn -0.63984887 0.63984887 -0.42566048
vn 0.66595093 0.69079324 -0.28162751
vn 0.60626833 0.57309383 -0.55136393
vn 0.67343279 0.71689179 -0.18042850
vn 0.63983638 0.63986688 -0.42565219
vn 0.00000000 0.91753038 -0.39766569
vn 0.00000000 0.86997506 -0.49309573
vn -0.60834541 0.60834541 -0.50973691
vn 0.60834541 0.60834541 -0.50973691
vn -0.68784351 0.68784351 -0.23182450
vn 0.68784351 0.68784351 -0.23182450
vn 0.00000000 0.97471984 -0.22343059
vn 0.00000000 0.99937639 -0.03531053
vn -0.70661325 0.70661325 -0.03735562
vn 0.70661325 0.70661325 -0.03735562
vn -0.70614435 0.70614435 -0.05215665
vn 0.70614435 0.70614435 -0.05215665
vn 0.00000000 0.99879811 -0.04901365
vn -0.88769403 0.00000000 -0.46043382
vn -0.66595093 -0.69079324 -0.28162751
vn -0.60626833 -0.57309383 -0.55136393
vn -0.99898352 0.00000000 -0.04507680
vn -0.99692895 0.00000000 -0.07831139
vn -0.67343279 -0.71689179 -0.18042850
vn -0.63984887 -0.63984887 -0.42566048
vn -0.66595093 0.69079324 -0.28162751
vn -0.60626833 0.57309383 -0.55136393
vn -0.67343279 0.71689179 -0.18042850
vn -0.63984887 0.63984887 -0.42566048
vn -0.91753038 0.00000000 -0.39766569
vn -0.86997506 0.00000000 -0.49309573
vn -0.60834541 -0.60834541 -0.50973691
vn -0.60834541 0.60834541 -0.50973691
vn -0.68784351 -0.68784351 -0.23182450
vn -0.68784351 0.68784351 -0.23182450
vn -0.97471984 0.00000000 -0.22343059
vn -0.99937639 0.00000000 -0.03531053
vn -0.70661325 -0.70661325 -0.03735562
vn -0.70661325 0.70661325 -0.03735562
vn -0.70614435 -0.70614435 -0.05215665
vn -0.70614435 0.70614435 -0.05215665
vn -0.99879811 0.00000000 -0.04901365
vn 0.88769403 0.00000000 -0.46043382
vn 0.66595093 0.69079324 -0.28162751
vn 0.60626833 0.57309383 -0.55136393
vn 0.99898352 0.00000000 -0.04507680
vn 0.99692895 0.00000000 -0.07831139
vn 0.67343279 0.71689179 -0.18042850
vn 0.63983638 0.63986688 -0.42565219
vn 0.66595093 -0.69079324 -0.28162751
vn 0.60626833 -0.57309383 -0.55136393
vn 0.67343279 -0.71689179 -0.18042850
vn 0.63984887 -0.63984887 -0.42566048
vn 0.91753038 0.00000000 -0.39766569
vn 0.86997506 0.00000000 -0.49309573
vn 0.60834541 0.60834541 -0.50973691
vn 0.60834541 -0.60834541 -0.50973691
vn 0.68784351 0.68784351 -0.23182450
vn 0.68784351 -0.68784351 -0.23182450
vn 0.97471984 0.00000000 -0.22343059
vn 0.99937639 0.00000000 -0.03531053
vn 0.70661325 0.70661325 -0.03735562
vn 0.70661325 -0.70661325 -0.03735562
vn 0.70614435 0.70614435 -0.05215665
vn 0.70614435 -0.70614435 -0.05215665
vn 0.99879811 0.00000000 -0.04901365
vn 0.00000000 -0.72592382 -0.68777512
vn 0.66595093 -0.69079324 -0.28162751
vn 0.60626833 -0.57309383 -0.55136393
vn 0.00000000 -0.89745830 -0.44109930
vn 0.00000000 -0.97168599 -0.23627600
vn 0.67343279 -0.71689179 -0.18042850
vn 0.63984887 -0.63984887 -0.42566048
vn -0.66595093 -0.69079324 -0.28162751
vn -0.60626833 -0.57309383 -0.55136393
vn -0.67343279 -0.71689179 -0.18042850
vn -0.63984887 -0.63984887 -0.42566048
vn 0.00000000 -0.91753038 -0.39766569
vn 0.00000000 -0.86997506 -0.49309573
vn 0.60834541 -0.60834541 -0.50973691
vn -0.60834541 -0.60834541 -0.50973691
vn 0.68784351 -0.68784351 -0.23182450
vn -0.68784351 -0.68784351 -0.23182450
vn 0.00000000 -0.97471984 -0.22343059
vn 0.00000000 -0.99937639 -0.03531053
vn 0.70661325 -0.70661325 -0.03735562
vn -0.70661325 -0.70661325 -0.03735562
vn 0.70614435 -0.70614435 -0.05215665
vn -0.70614435 -0.70614435 -0.05215665
vn 0.00000000 -0.99879811 -0.04901365
vn 0.00000000 0.72592382 -0.68777512
vn 0.25648341 0.34825471 -0.90162903
vn 0.60626833 0.57309383 -0.55136393
vn 0.88769403 0.00000000 -0.46043382
vn 0.00000000 0.37889781 -0.92543852
vn 0.00000000 0.00000000 -1.00000000
vn -0.25648341 0.34825471 -0.90162903
vn -0.60626833 0.57309383 -0.55136393
vn -0.88769403 0.00000000 -0.46043382
vn 0.39278081 0.00000000 -0.91963212
vn 0.25648341 -0.34825471 -0.90162903
vn 0.60626833 -0.57309383 -0.55136393
vn 0.00000000 -0.72592382 -0.68777512
vn -0.39278081 0.00000000 -0.91963212
vn -0.25648341 -0.34825471 -0.90162903
vn -0.60626833 -0.57309383 -0.55136393
vn 0.00000000 -0.37889781 -0.92543852
vn 1.00000000 0.00000000 0.00000000
vn 1.00000000 0.00000000 0.00000000
vn 1.00000000 0.00000000 0.00000000
vn -1.00000000 0.00000000 0.00000000
vn -1.00000000 0.00000000 0.00000000
vn -1.00000000 0.00000000 0.00000000
vn 1.00000000 0.00000000 0.00000000
vn 1.00000000 0.00000000 0.00000000
vn 1.00000000 0.00000000 0.00000000
vn -1.00000000 0.00000000 0.00000000
vn -1.00000000 0.00000000 0.00000000
vn -1.00000000 0.00000000 0.00000000
vn 1.00000000 0.00000000 0.00000000
vn 1.00000000 0.00000000 0.00000000
vn 1.00000000 0.00000000 0.00000000
vn -1.00000000 0.00000000 0.00000000
vn -1.00000000 0.00000000 0.00000000
vn -1.00000000 0.00000000 0.00000000
vn 1.00000000 0.00000000 0.00000000
vn 1.00000000 0.00000000 0.00000000
vn 1.00000000 0.00000000 0.00000000
vn -1.00000000 0.00000000 0.00000000
vn -1.00000000 0.00000000 0.00000000
vn -1.00000000 0.00000000 0.00000000
vn 1.00000000 0.00000000 0.00000000
vn 1.00000000 0.00000000 0.00000000
vn 1.00000000 0.00000000 0.00000000
vn -1.00000000 0.00000000 0.00000000
vn -1.00000000 0.00000000 0.00000000
vn -1.00000000 0.00000000 0.00000000
vn 1.00000000 0.00000000 0.00000000
vn 1.00000000 0.00000000 0.00000000
vn 1.00000000 0.00000000 0.00000000
vn -1.00000000 0.00000000 0.00000000
vn -1.00000000 0.00000000 0.00000000
vn -1.00000000 0.00000000 0.00000000
vn 1.00000000 0.00000000 0.00000000
vn 1.00000000 0.00000000 0.00000000
vn 1.00000000 0.00000000 0.00000000
vn -1.00000000 -0.00000174 -0.00000548
vn -1.00000000 -0.00000174 -0.00000548
vn -1.00000000 -0.00000174 -0.00000548
vn 1.00000000 0.00000000 0.00000000
vn 1.00000000 0.00000000 0.00000000
vn 1.00000000 0.00000000 0.00000000
vn -1.00000000 0.00000000 0.00000000
vn -1.00000000 0.00000000 0.00000000
vn -1.00000000 0.00000000 0.00000000
vn 1.00000000 0.00000000 0.00000000
vn 1.00000000 0.00000000 0.00000000
vn 1.00000000 0.00000000 0.00000000
vn -1.00000000 0.00000000 0.00000000
vn -1.00000000 0.00000000 0.00000000
vn -1.00000000 0.00000000 0.00000000
vn 1.00000000 0.00000000 0.00000000
vn 1.00000000 0.00000000 0.00000000
vn 1.00000000 0.00000000 0.00000000
vn -1.00000000 0.00000000 0.00000000
vn -1.00000000 0.00000000 0.00000000
vn -1.00000000 0.00000000 0.00000000
vn 1.00000000 0.00000000 0.00000000
vn 1.00000000 0.00000000 0.00000000
vn 1.00000000 0.00000000 0.00000000
vn -1.00000000 0.00000000 0.00000000
vn -1.00000000 0.00000000 0.00000000
vn -1.00000000 0.00000000 0.00000000
vn 1.00000000 0.00000000 0.00000000
vn 1.00000000 0.00000000 0.00000000
vn 1.00000000 0.00000000 0.00000000
vn -1.00000000 0.00000000 0.00000000
vn -1.00000000 0.00000000 0.00000000
vn -1.00000000 0.00000000 0.00000000
vn 1.00000000 0.00000000 0.00000000
vn 1.00000000 0.00000000 0.00000000
vn 1.00000000 0.00000000 0.00000000
vn -1.00000000 0.00000000 0.00000000
vn -1.00000000 0.00000000 0.00000000
vn -1.00000000 0.00000000 0.00000000
vn 1.00000000 0.00000000 0.00000000
vn 1.00000000 0.00000000 0.00000000
vn 1.00000000 0.00000000 0.00000000
vn -1.00000000 0.00000000 0.00000000
vn -1.00000000 0.00000000 0.00000000
vn -1.00000000 0.00000000 0.00000000
vn 1.00000000 0.00000000 0.00000000
vn 1.00000000 0.00000000 0.00000000
vn 1.00000000 0.00000000 0.00000000
vn -1.00000000 0.00000000 0.00000000
vn -1.00000000 0.00000000 0.00000000
vn -1.00000000 0.00000000 0.00000000
vn 1.00000000 0.00000000 0.00000000
vn 1.00000000 0.00000000 0.00000000
vn 1.00000000 0.00000000 0.00000000
vn -1.00000000 0.00000000 0.00000000
vn -1.00000000 0.00000000 0.00000000
vn -1.00000000 0.00000000 0.00000000
vn 1.00000000 0.00000000 0.00000000
vn 1.00000000 0.00000000 0.00000000
vn 1.00000000 0.00000000 0.00000000
vn -1.00000000 0.00000000 0.00000000
vn -1.00000000 0.00000000 0.00000000
vn -1.00000000 0.00000000 0.00000000
vn 1.00000000 0.00000000 0.00000000
vn 1.00000000 0.00000000 0.00000000
vn 1.00000000 0.00000000 0.00000000
vn -1.00000000 0.00000000 0.00000000
vn -1.00000000 0.00000000 0.00000000
vn -1.00000000 0.00000000 0.00000000
vn 1.00000000 0.00000000 0.00000000
vn 1.00000000 0.00000000 0.00000000
vn 1.00000000 0.00000000 0.00000000
vn -1.00000000 0.00000000 0.00000000
vn -1.00000000 0.00000000 0.00000000
vn -1.00000000 0.00000000 0.00000000
vn 1.00000000 0.00000000 0.00000000
vn 1.00000000 0.00000000 0.00000000
vn 1.00000000 0.00000000 0.00000000
vn -1.00000000 0.00000000 0.00000000
vn -1.00000000 0.00000000 0.00000000
vn -1.00000000 0.00000000 0.00000000
vn 1.00000000 0.00000000 0.00000000
vn 1.00000000 0.00000000 0.00000000
vn 1.00000000 0.00000000 0.00000000
vn -1.00000000 0.00000000 0.00000000
vn -1.00000000 0.00000000 0.00000000
vn -1.00000000 0.00000000 0.00000000
vn 1.00000000 0.00000000 0.00000000
vn 1.00000000 0.00000000 0.00000000
vn 1.00000000 0.00000000 0.00000000
vn -1.00000000 0.00000000 0.00000000
vn -1.00000000 0.00000000 0.00000000
vn -1.00000000 0.00000000 0.00000000
vn 0.00000000 0.00000000 -1.00000000
vn 0.00000000 0.00000000 -1.00000000
vn 0.00000000 0.00000000 -1.00000000
vn 0.00000000 0.00000000 1.00000000
vn 0.00000000 0.00000000 1.00000000
vn 0.00000000 0.00000000 1.00000000
vn 0.00000000 0.00000000 -1.00000000
vn 0.00000000 0.00000000 -1.00000000
vn 0.00000000 0.00000000 -1.00000000
vn 0.00000000 0.00002193 1.00000000
vn 0.00000000 0.00002193 1.00000000
vn 0.00000000 0.00002193 1.00000000
vn 0.00000000 0.00000000 -1.00000000
vn 0.00000000 0.00000000 -1.00000000
vn 0.00000000 0.00000000 -1.00000000
vn 0.00000000 0.00000000 1.00000000
vn 0.00000000 0.00000000 1.00000000
vn 0.00000000 0.00000000 1.00000000
vn 0.00000000 -0.00002193 -1.00000000
vn 0.00000000 -0.00002193 -1.00000000
vn 0.00000000 -0.00002193 -1.00000000
vn 0.00000000 -0.00002193 1.00000000
vn 0.00000000 -0.00002193 1.00000000
vn 0.00000000 -0.00002193 1.00000000
vn 0.00000000 0.00000000 -1.00000000
vn 0.00000000 0.00000000 -1.00000000
vn 0.00000000 0.00000000 -1.00000000
vn 0.00000000 0.00000000 1.00000000
vn 0.00000000 0.00000000 1.00000000
vn 0.00000000 0.00000000 1.00000000
vn 0.00000000 0.00000000 -1.00000000
vn 0.00000000 0.00000000 -1.00000000
vn 0.00000000 0.00000000 -1.00000000
vn 0.00000000 0.00000000 1.00000000
vn 0.00000000 0.00000000 1.00000000
vn 0.00000000 0.00000000 1.00000000
vn 0.00000000 0.00002193 -1.00000000
vn 0.00000000 0.00002193 -1.00000000
vn 0.00000000 0.00002193 -1.00000000
vn 0.00000000 0.00000000 1.00000000
vn 0.00000000 0.00000000 1.00000000
vn 0.00000000 0.00000000 1.00000000
vn 0.00000000 0.00002193 -1.00000000
vn 0.00000000 0.00002193 -1.00000000
vn 0.00000000 0.00002193 -1.00000000
vn 0.00000000 0.00000000 1.00000000
vn 0.00000000 0.00000000 1.00000000
vn 0.00000000 0.00000000 1.00000000
vn 0.00000000 0.00000000 -1.00000000
vn 0.00000000 0.00000000 -1.00000000
vn 0.00000000 0.00000000 -1.00000000
vn 0.00000000 0.00000000 1.00000000
vn 0.00000000 0.00000000 1.00000000
vn 0.00000000 0.00000000 1.00000000
vn 0.00000000 0.00000000 -1.00000000
vn 0.00000000 0.00000000 -1.00000000
vn 0.00000000 0.00000000 -1.00000000
vn 0.00000000 0.00000000 1.00000000
vn 0.00000000 0.00000000 1.00000000
vn 0.00000000 0.00000000 1.00000000
vn 0.00000000 0.00000000 -1.00000000
vn 0.00000000 0.00000000 -1.00000000
vn 0.00000000 0.00000000 -1.00000000
vn 0.00000000 0.00000000 1.00000000
vn 0.00000000 0.00000000 1.00000000
vn 0.00000000 0.00000000 1.00000000
vn 0.00000000 0.00002193 -1.00000000
vn 0.00000000 0.00002193 -1.00000000
vn 0.00000000 0.00002193 -1.00000000
vn 0.00000000 0.00000000 1.00000000
vn 0.00000000 0.00000000 1.00000000
vn 0.00000000 0.00000000 1.00000000
vn 0.00000000 0.00002193 -1.00000000
vn 0.00000000 0.00002193 -1.00000000
vn 0.00000000 0.00002193 -1.00000000
vn 0.00000000 0.00000000 1.00000000
vn 0.00000000 0.00000000 1.00000000
vn 0.00000000 0.00000000 1.00000000
vn 0.00000000 0.00000000 -1.00000000
vn 0.00000000 0.00000000 -1.00000000
vn 0.00000000 0.00000000 -1.00000000
vn 0.00000000 0.00000000 1.00000000
vn 0.00000000 0.00000000 1.00000000
vn 0.00000000 0.00000000 1.00000000
vn 0.00000000 0.00002193 -1.00000000
vn 0.00000000 0.00002193 -1.00000000
vn 0.00000000 0.00002193 -1.00000000
vn 0.00000000 0.00000000 1.00000000
vn 0.00000000 0.00000000 1.00000000
vn 0.00000000 0.00000000 1.00000000
vn 0.00000000 0.00000000 -1.00000000
vn 0.00000000 0.00000000 -1.00000000
vn 0.00000000 0.00000000 -1.00000000
vn 0.00000000 0.00000000 1.00000000
vn 0.00000000 0.00000000 1.00000000
vn 0.00000000 0.00000000 1.00000000
vn 0.00000007 -0.49999755 -0.86602682
vn 0.00000007 -0.49999755 -0.86602682
vn 0.00000007 -0.49999755 -0.86602682
vn 0.00000007 -0.49999755 -0.86602682
vn -0.00000007 -0.49999755 0.86602682
vn -0.00000007 -0.49999755 0.86602682
vn -0.00000007 -0.49999755 0.86602682
vn -0.00000007 -0.49999755 0.86602682
vn 0.00000000 1.00000000 0.00000000
vn 0.00000000 1.00000000 0.00000000
vn 0.00000000 1.00000000 0.00000000
vn 0.00000000 1.00000000 0.00000000
vn 0.00000000 -0.50000873 -0.86602036
vn 0.00000000 -0.50000873 -0.86602036
vn 0.00000000 -0.50000873 -0.86602036
vn 0.00000000 -0.50000873 -0.86602036
vn 0.00000000 -0.50000873 0.86602036
vn 0.00000000 -0.50000873 0.86602036
vn 0.00000000 -0.50000873 0.86602036
vn 0.00000000 -0.50000873 0.86602036
vn 0.00000000 1.00000000 0.00000000
vn 0.00000000 1.00000000 0.00000000
vn 0.00000000 1.00000000 0.00000000
vn 0.00000000 1.00000000 0.00000000
vn 0.00000000 -0.50000291 0.86602372
vn 0.00000000 -0.50000291 0.86602372
vn 0.00000000 -0.50000291 0.86602372
vn 0.00000000 -0.50000291 0.86602372
vn 0.00000000 1.00000000 0.00000000
vn 0.00000000 1.00000000 0.00000000
vn 0.00000000 1.00000000 0.00000000
vn 0.00000000 1.00000000 0.00000000
vn 0.00000000 -0.50000291 -0.86602372
vn 0.00000000 -0.50000291 -0.86602372
vn 0.00000000 -0.50000291 -0.86602372
vn 0.00000000 -0.50000291 -0.86602372
vn 0.00000000 -0.49999263 0.86602966
vn 0.00000000 -0.49999263 0.86602966
vn 0.00000000 -0.49999263 0.86602966
vn 0.00000000 -0.49999263 0.86602966
vn 0.00000000 1.00000000 0.00000000
vn 0.00000000 1.00000000 0.00000000
vn 0.00000000 1.00000000 0.00000000
vn 0.00000000 1.00000000 0.00000000
vn 0.00000000 -0.49999263 -0.86602966
vn 0.00000000 -0.49999263 -0.86602966
vn 0.00000000 -0.49999263 -0.86602966
vn 0.00000000 -0.49999263 -0.86602966
vn -0.00000006 -0.50000140 0.86602460
vn -0.00000006 -0.50000140 0.86602460
vn -0.00000006 -0.50000140 0.86602460
vn -0.00000006 -0.50000140 0.86602460
vn 0.00000000 1.00000000 0.00000000
vn 0.00000000 1.00000000 0.00000000
vn 0.00000000 1.00000000 0.00000000
vn 0.00000000 1.00000000 0.00000000
vn 0.00000006 -0.50000140 -0.86602460
vn 0.00000006 -0.50000140 -0.86602460
vn 0.00000006 -0.50000140 -0.86602460
vn 0.00000006 -0.50000140 -0.86602460
vn 0.00000007 -0.50001168 -0.86601866
vn 0.00000007 -0.50001168 -0.86601866
vn 0.00000007 -0.50001168 -0.86601866
vn 0.00000007 -0.50001168 -0.86601866
vn 0.00000000 -0.50000027 0.86602525
vn 0.00000000 -0.50000027 0.86602525
vn 0.00000000 -0.50000027 0.86602525
vn 0.00000000 -0.50000027 0.86602525
vn 0.00000000 1.00000000 0.00000000
vn 0.00000000 1.00000000 0.00000000
vn 0.00000000 1.00000000 0.00000000
vn 0.00000000 1.00000000 0.00000000
vn -0.00000006 -0.49998265 0.86603542
vn -0.00000006 -0.49998265 0.86603542
vn -0.00000006 -0.49998265 0.86603542
vn -0.00000006 -0.49998265 0.86603542
vn 0.00000006 -0.49999336 -0.86602924
vn 0.00000006 -0.49999336 -0.86602924
vn 0.00000006 -0.49999336 -0.86602924
vn 0.00000006 -0.49999336 -0.86602924
vn 0.00000000 1.00000000 0.00000000
vn 0.00000000 1.00000000 0.00000000
vn 0.00000000 1.00000000 0.00000000
vn 0.00000000 1.00000000 0.00000000
vn -0.00000006 -0.50001245 0.86601822
vn -0.00000006 -0.50001245 0.86601822
vn -0.00000006 -0.50001245 0.86601822
vn -0.00000006 -0.50001245 0.86601822
vn 0.00000000 1.00000000 0.00000000
vn 0.00000000 1.00000000 0.00000000
vn 0.00000000 1.00000000 0.00000000
vn 0.00000000 1.00000000 0.00000000
vn 0.00000006 -0.50000163 -0.86602446
vn 0.00000006 -0.50000163 -0.86602446
vn 0.00000006 -0.50000163 -0.86602446
vn 0.00000006 -0.50000163 -0.86602446
vn 0.00000000 -0.50000027 0.86602525
vn 0.00000000 -0.50000027 0.86602525
vn 0.00000000 -0.50000027 0.86602525
vn 0.00000000 -0.50000027 0.86602525
vn 0.00000000 1.00000000 0.00000000
vn 0.00000000 1.00000000 0.00000000
vn 0.00000000 1.00000000 0.00000000
vn 0.00000000 1.00000000 0.00000000
vn 0.00000007 -0.49998886 -0.86603183
vn 0.00000007 -0.49998886 -0.86603183
vn 0.00000007 -0.49998886 -0.86603183
vn 0.00000007 -0.49998886 -0.86603183
vn 0.00000000 -0.50000361 0.86602332
vn 0.00000000 -0.50000361 0.86602332
vn 0.00000000 -0.50000361 0.86602332
vn 0.00000000 -0.50000361 0.86602332
vn 0.00000000 1.00000000 0.00000000
vn 0.00000000 1.00000000 0.00000000
vn 0.00000000 1.00000000 0.00000000
vn 0.00000000 1.00000000 0.00000000
vn 0.00000000 -0.49999150 -0.86603031
vn 0.00000000 -0.49999150 -0.86603031
vn 0.00000000 -0.49999150 -0.86603031
vn 0.00000000 -0.49999150 -0.86603031
vn 0.00000000 -0.50000869 0.86602039
vn 0.00000000 -0.50000869 0.86602039
vn 0.00000000 -0.50000869 0.86602039
vn 0.00000000 -0.50000869 0.86602039
vn 0.00000000 1.00000000 0.00000000
vn 0.00000000 1.00000000 0.00000000
vn 0.00000000 1.00000000 0.00000000
vn 0.00000000 1.00000000 0.00000000
vn 0.00000000 -0.49999558 -0.86602796
vn 0.00000000 -0.49999558 -0.86602796
vn 0.00000000 -0.49999558 -0.86602796
vn 0.00000000 -0.49999558 -0.86602796
vn -0.00000012 -0.50001245 0.86601822
vn -0.00000012 -0.50001245 0.86601822
vn -0.00000012 -0.50001245 0.86601822
vn -0.00000012 -0.50001245 0.86601822
vn 0.00000012 -0.49997990 -0.86603701
vn 0.00000012 -0.49997990 -0.86603701
vn 0.00000012 -0.49997990 -0.86603701
vn 0.00000012 -0.49997990 -0.86603701
vn 0.00000000 1.00000000 0.00000000
vn 0.00000000 1.00000000 0.00000000
vn 0.00000000 1.00000000 0.00000000
vn 0.00000000 1.00000000 0.00000000
vn -0.00000012 -0.50000407 0.86602305
vn -0.00000012 -0.50000407 0.86602305
vn -0.00000012 -0.50000407 0.86602305
vn -0.00000012 -0.50000407 0.86602305
vn 0.00000000 1.00000000 0.00000000
vn 0.00000000 1.00000000 0.00000000
vn 0.00000000 1.00000000 0.00000000
vn 0.00000000 1.00000000 0.00000000
vn 0.00000006 -0.50001471 -0.86601691
vn 0.00000006 -0.50001471 -0.86601691
vn 0.00000006 -0.50001471 -0.86601691
vn 0.00000006 -0.50001471 -0.86601691
vn 0.00000000 -0.49999081 0.86603071
vn 0.00000000 -0.49999081 0.86603071
vn 0.00000000 -0.49999081 0.86603071
vn 0.00000000 -0.49999081 0.86603071
vn 0.00000000 1.00000000 0.00000000
vn 0.00000000 1.00000000 0.00000000
vn 0.00000000 1.00000000 0.00000000
vn 0.00000000 1.00000000 0.00000000
vn 0.00000000 -0.50000140 -0.86602460
vn 0.00000000 -0.50000140 -0.86602460
vn 0.00000000 -0.50000140 -0.86602460
vn 0.00000000 -0.50000140 -0.86602460
vn 0.00000000 -0.50000291 0.86602372
vn 0.00000000 -0.50000291 0.86602372
vn 0.00000000 -0.50000291 0.86602372
vn 0.00000000 -0.50000291 0.86602372
vn 0.00000000 1.00000000 0.00000000
vn 0.00000000 1.00000000 0.00000000
vn 0.00000000 1.00000000 0.00000000
vn 0.00000000 1.00000000 0.00000000
vn 0.00000000 -0.49999263 -0.86602966
vn 0.00000000 -0.49999263 -0.86602966
vn 0.00000000 -0.49999263 -0.86602966
vn 0.00000000 -0.49999263 -0.86602966
vn 0.00000000 -0.50000291 0.86602372
vn 0.00000000 -0.50000291 0.86602372
vn 0.00000000 -0.50000291 0.86602372
vn 0.00000000 -0.50000291 0.86602372
vn 0.00000000 1.00000000 0.00000000
vn 0.00000000 1.00000000 0.00000000
vn 0.00000000 1.00000000 0.00000000
vn 0.00000000 1.00000000 0.00000000
vn 0.00000000 -0.50001319 -0.86601779
vn 0.00000000 -0.50001319 -0.86601779
vn 0.00000000 -0.50001319 -0.86601779
vn 0.00000000 -0.50001319 -0.86601779
vn -0.00000008 -0.50000256 0.86602393
vn -0.00000008 -0.50000256 0.86602393
vn -0.00000008 -0.50000256 0.86602393
vn -0.00000008 -0.50000256 0.86602393
vn 0.00000000 1.00000000 0.00000000
vn 0.00000000 1.00000000 0.00000000
vn 0.00000000 1.00000000 0.00000000
vn 0.00000000 1.00000000 0.00000000
vn 0.00000008 -0.50000931 -0.86602003
vn 0.00000008 -0.50000931 -0.86602003
vn 0.00000008 -0.50000931 -0.86602003
vn 0.00000008 -0.50000931 -0.86602003
vn 0.00000000 -0.50000128 0.86602466
vn 0.00000000 -0.50000128 0.86602466
vn 0.00000000 -0.50000128 0.86602466
vn 0.00000000 -0.50000128 0.86602466
vn 0.00000000 1.00000000 0.00000000
vn 0.00000000 1.00000000 0.00000000
vn 0.00000000 1.00000000 0.00000000
vn 0.00000000 1.00000000 0.00000000
vn 0.00000008 -0.49999403 -0.86602885
vn 0.00000008 -0.49999403 -0.86602885
vn 0.00000008 -0.49999403 -0.86602885
vn 0.00000008 -0.49999403 -0.86602885
vn 0.00000000 -0.50000946 0.86601994
vn 0.00000000 -0.50000946 0.86601994
vn 0.00000000 -0.50000946 0.86601994
vn 0.00000000 -0.50000946 0.86601994
vn 0.00000000 1.00000000 0.00000000
vn 0.00000000 1.00000000 0.00000000
vn 0.00000000 1.00000000 0.00000000
vn 0.00000000 1.00000000 0.00000000
vn 0.00000000 -0.49999336 -0.86602924
vn 0.00000000 -0.49999336 -0.86602924
vn 0.00000000 -0.49999336 -0.86602924
vn 0.00000000 -0.49999336 -0.86602924
vn 0.00000000 -0.49999988 0.86602547
vn 0.00000000 -0.49999988 0.86602547
vn 0.00000000 -0.49999988 0.86602547
vn 0.00000000 -0.49999988 0.86602547
vn 0.00000000 1.00000000 0.00000000
vn 0.00000000 1.00000000 0.00000000
vn 0.00000000 1.00000000 0.00000000
vn 0.00000000 1.00000000 0.00000000
vn 0.00000010 -0.49998238 -0.86603557
vn 0.00000010 -0.49998238 -0.86603557
vn 0.00000010 -0.49998238 -0.86603557
vn 0.00000010 -0.49998238 -0.86603557
vn 0.00000000 -0.49998359 -0.86603488
vn 0.00000000 -0.49998359 -0.86603488
vn 0.00000000 -0.49998359 -0.86603488
vn 0.00000000 -0.49998359 -0.86603488
vn 0.00000000 -0.50001160 0.86601870
vn 0.00000000 -0.50001160 0.86601870
vn 0.00000000 -0.50001160 0.86601870
vn 0.00000000 -0.50001160 0.86601870
vn 0.00000000 1.00000000 0.00000000
vn 0.00000000 1.00000000 0.00000000
vn 0.00000000 1.00000000 0.00000000
vn 0.00000000 1.00000000 0.00000000
vn 0.00000009 -0.50000051 -0.86602511
vn 0.00000009 -0.50000051 -0.86602511
vn 0.00000009 -0.50000051 -0.86602511
vn 0.00000009 -0.50000051 -0.86602511
vn 0.00000000 -0.50000051 0.86602511
vn 0.00000000 -0.50000051 0.86602511
vn 0.00000000 -0.50000051 0.86602511
vn 0.00000000 -0.50000051 0.86602511
vn 0.00000000 1.00000000 0.00000000
vn 0.00000000 1.00000000 0.00000000
vn 0.00000000 1.00000000 0.00000000
vn 0.00000000 1.00000000 0.00000000
vn -0.86602558 -0.49999969 0.00000000
vn -0.86602558 -0.49999969 0.00000000
vn -0.86602558 -0.49999969 0.00000000
vn -0.86602558 -0.49999969 0.00000000
vn 0.86602433 -0.50000186 0.00000000
vn 0.86602433 -0.50000186 0.00000000
vn 0.86602433 -0.50000186 0.00000000
vn 0.86602433 -0.50000186 0.00000000
vn 0.00000000 1.00000000 0.00000000
vn 0.00000000 1.00000000 0.00000000
vn 0.00000000 1.00000000 0.00000000
vn 0.00000000 1.00000000 0.00000000
vn -0.86602563 -0.49999962 0.00000000
vn -0.86602563 -0.49999962 0.00000000
vn -0.86602563 -0.49999962 0.00000000
vn -0.86602563 -0.49999962 0.00000000
vn 0.86602296 -0.50000423 0.00000000
vn 0.86602296 -0.50000423 0.00000000
vn 0.86602296 -0.50000423 0.00000000
vn 0.86602296 -0.50000423 0.00000000
vn 0.00000000 1.00000000 0.00000000
vn 0.00000000 1.00000000 0.00000000
vn 0.00000000 1.00000000 0.00000000
vn 0.00000000 1.00000000 0.00000000
vn 0.86602460 -0.50000140 0.00000000
vn 0.86602460 -0.50000140 0.00000000
vn 0.86602460 -0.50000140 0.00000000
vn 0.86602460 -0.50000140 0.00000000
vn 0.00000000 1.00000000 0.00000000
vn 0.00000000 1.00000000 0.00000000
vn 0.00000000 1.00000000 0.00000000
vn 0.00000000 1.00000000 0.00000000
vn -0.86602558 -0.49999969 0.00000000
vn -0.86602558 -0.49999969 0.00000000
vn -0.86602558 -0.49999969 0.00000000
vn -0.86602558 -0.49999969 0.00000000
vn 0.86602496 -0.50000077 0.00000000
vn 0.86602496 -0.50000077 0.00000000
vn 0.86602496 -0.50000077 0.00000000
vn 0.86602496 -0.50000077 0.00000000
vn 0.00000000 1.00000000 0.00000000
vn 0.00000000 1.00000000 0.00000000
vn 0.00000000 1.00000000 0.00000000
vn 0.00000000 1.00000000 0.00000000
vn -0.86602529 -0.50000019 0.00000000
vn -0.86602529 -0.50000019 0.00000000
vn -0.86602529 -0.50000019 0.00000000
vn -0.86602529 -0.50000019 0.00000000
vn 0.86602529 -0.50000019 0.00000000
vn 0.86602529 -0.50000019 0.00000000
vn 0.86602529 -0.50000019 0.00000000
vn 0.86602529 -0.50000019 0.00000000
vn 0.00000000 1.00000000 0.00000000
vn 0.00000000 1.00000000 0.00000000
vn 0.00000000 1.00000000 0.00000000
vn 0.00000000 1.00000000 0.00000000
vn -0.86602563 -0.49999962 0.00000000
vn -0.86602563 -0.49999962 0.00000000
vn -0.86602563 -0.49999962 0.00000000
vn -0.86602563 -0.49999962 0.00000000
vn -0.86602558 -0.49999969 0.00000000
vn -0.86602558 -0.49999969 0.00000000
vn -0.86602558 -0.49999969 0.00000000
vn -0.86602558 -0.49999969 0.00000000
vn 0.86602431 -0.50000190 0.00000000
vn 0.86602431 -0.50000190 0.00000000
vn 0.86602431 -0.50000190 0.00000000
vn 0.86602431 -0.50000190 0.00000000
vn 0.00000000 1.00000000 0.00000000
vn 0.00000000 1.00000000 0.00000000
vn 0.00000000 1.00000000 0.00000000
vn 0.00000000 1.00000000 0.00000000
vn 0.86602493 -0.50000082 0.00000000
vn 0.86602493 -0.50000082 0.00000000
vn 0.86602493 -0.50000082 0.00000000
vn 0.86602493 -0.50000082 0.00000000
vn -0.86602563 -0.49999962 0.00000000
vn -0.86602563 -0.49999962 0.00000000
vn -0.86602563 -0.49999962 0.00000000
vn -0.86602563 -0.49999962 0.00000000
vn 0.00000000 1.00000000 0.00000000
vn 0.00000000 1.00000000 0.00000000
vn 0.00000000 1.00000000 0.00000000
vn 0.00000000 1.00000000 0.00000000
vn 0.86602493 -0.50000082 0.00000000
vn 0.86602493 -0.50000082 0.00000000
vn 0.86602493 -0.50000082 0.00000000
vn 0.86602493 -0.50000082 0.00000000
vn 0.00000000 1.00000000 0.00000000
vn 0.00000000 1.00000000 0.00000000
vn 0.00000000 1.00000000 0.00000000
vn 0.00000000 1.00000000 0.00000000
vn -0.86602563 -0.49999962 0.00000000
vn -0.86602563 -0.49999962 0.00000000
vn -0.86602563 -0.49999962 0.00000000
vn -0.86602563 -0.49999962 0.00000000
vn 0.86602558 -0.49999969 0.00000000
vn 0.86602558 -0.49999969 0.00000000
vn 0.86602558 -0.49999969 0.00000000
vn 0.86602558 -0.49999969 0.00000000
vn 0.00000000 1.00000000 0.00000000
vn 0.00000000 1.00000000 0.00000000
vn 0.00000000 1.00000000 0.00000000
vn 0.00000000 1.00000000 0.00000000
vn -0.86602558 -0.49999969 0.00000000
vn -0.86602558 -0.49999969 0.00000000
vn -0.86602558 -0.49999969 0.00000000
vn -0.86602558 -0.49999969 0.00000000
vn 0.86602558 -0.49999969 0.00000000
vn 0.86602558 -0.49999969 0.00000000
vn 0.86602558 -0.49999969 0.00000000
vn 0.86602558 -0.49999969 0.00000000
vn 0.00000000 1.00000000 0.00000000
vn 0.00000000 1.00000000 0.00000000
vn 0.00000000 1.00000000 0.00000000
vn 0.00000000 1.00000000 0.00000000
vn -0.86602558 -0.49999969 0.00000000
vn -0.86602558 -0.49999969 0.00000000
vn -0.86602558 -0.49999969 0.00000000
vn -0.86602558 -0.49999969 0.00000000
vn 0.86602563 -0.49999962 0.00000000
vn 0.86602563 -0.49999962 0.00000000
vn 0.86602563 -0.49999962 0.00000000
vn 0.86602563 -0.49999962 0.00000000
vn 0.00000000 1.00000000 0.00000000
vn 0.00000000 1.00000000 0.00000000
vn 0.00000000 1.00000000 0.00000000
vn 0.00000000 1.00000000 0.00000000
vn -0.86602563 -0.49999962 0.00000000
vn -0.86602563 -0.49999962 0.00000000
vn -0.86602563 -0.49999962 0.00000000
vn -0.86602563 -0.49999962 0.00000000
vn 0.86602493 -0.50000082 0.00000000
vn 0.86602493 -0.50000082 0.00000000
vn 0.86602493 -0.50000082 0.00000000
vn 0.86602493 -0.50000082 0.00000000
vn -0.86602563 -0.49999962 0.00000000
vn -0.86602563 -0.49999962 0.00000000
vn -0.86602563 -0.49999962 0.00000000
vn -0.86602563 -0.49999962 0.00000000
vn 0.00000000 1.00000000 0.00000000
vn 0.00000000 1.00000000 0.00000000
vn 0.00000000 1.00000000 0.00000000
vn 0.00000000 1.00000000 0.00000000
vn 0.86602493 -0.50000082 0.00000000
vn 0.86602493 -0.50000082 0.00000000
vn 0.86602493 -0.50000082 0.00000000
vn 0.86602493 -0.50000082 0.00000000
vn 0.00000000 1.00000000 0.00000000
vn 0.00000000 1.00000000 0.00000000
vn 0.00000000 1.00000000 0.00000000
vn 0.00000000 1.00000000 0.00000000
vn -0.86602563 -0.49999962 0.00000000
vn -0.86602563 -0.49999962 0.00000000
vn -0.86602563 -0.49999962 0.00000000
vn -0.86602563 -0.49999962 0.00000000
vn 0.86602563 -0.49999962 0.00000000
vn 0.86602563 -0.49999962 0.00000000
vn 0.86602563 -0.49999962 0.00000000
vn 0.86602563 -0.49999962 0.00000000
vn 0.00000000 1.00000000 0.00000000
vn 0.00000000 1.00000000 0.00000000
vn 0.00000000 1.00000000 0.00000000
vn 0.00000000 1.00000000 0.00000000
vn -0.86602529 -0.50000019 0.00000000
vn -0.86602529 -0.50000019 0.00000000
vn -0.86602529 -0.50000019 0.00000000
vn -0.86602529 -0.50000019 0.00000000
vn 0.86602576 -0.49999938 0.00000000
vn 0.86602576 -0.49999938 0.00000000
vn 0.86602576 -0.49999938 0.00000000
vn 0.86602576 -0.49999938 0.00000000
vn 0.00000000 1.00000000 0.00000000
vn 0.00000000 1.00000000 0.00000000
vn 0.00000000 1.00000000 0.00000000
vn 0.00000000 1.00000000 0.00000000
vn -0.86602558 -0.49999969 0.00000000
vn -0.86602558 -0.49999969 0.00000000
vn -0.86602558 -0.49999969 0.00000000
vn -0.86602558 -0.49999969 0.00000000
vn 0.86602556 -0.49999973 0.00000000
vn 0.86602556 -0.49999973 0.00000000
vn 0.86602556 -0.49999973 0.00000000
vn 0.86602556 -0.49999973 0.00000000
vn 0.00000000 1.00000000 0.00000000
vn 0.00000000 1.00000000 0.00000000
vn 0.00000000 1.00000000 0.00000000
vn 0.00000000 1.00000000 0.00000000
vn -0.86602558 -0.49999969 0.00000000
vn -0.86602558 -0.49999969 0.00000000
vn -0.86602558 -0.49999969 0.00000000
vn -0.86602558 -0.49999969 0.00000000
vt 0.40092580 0.52923880
vt 0.57518410 0.52923880
vt 0.48805490 0.52923880
vt 0.52923880 0.41287090
vt 0.52923880 0.58712910
vt 0.52923880 0.50000000
vt 0.52923880 0.58712910
vt 0.52923880 0.41287090
vt 0.52923880 0.50000000
vt 0.57518410 0.52923880
vt 0.40092580 0.52923880
vt 0.48805490 0.52923880
vt 0.26235560 0.50000000
vt 0.27552290 0.39399470
vt 0.26235560 0.39874720
vt 0.27552290 0.50000000
vt 0.29533550 0.50000000
vt 0.29533550 0.39241050
vt 0.31847070 0.39392150
vt 0.27552290 0.60600530
vt 0.26235560 0.60125280
vt 0.29533550 0.60758950
vt 0.31847070 0.60607850
vt 0.31847070 0.50000000
vt 0.34160590 0.50000000
vt 0.34160590 0.39845430
vt 0.34160590 0.60154570
vt 0.36855580 0.40391900
vt 0.36855580 0.59608100
vt 0.36855580 0.50000000
vt 0.40313550 0.50000000
vt 0.40313550 0.40822540
vt 0.40313550 0.59177460
vt 0.56692370 0.41102080
vt 0.56692370 0.58897920
vt 0.56692370 0.50000000
vt 0.98149900 0.50000000
vt 0.98149900 0.41195260
vt 0.98149900 0.58804740
vt 1.38689100 0.41208380
vt 1.38689100 0.58791620
vt 1.38689100 0.50000000
vt 0.48805490 0.26235560
vt 0.38204960 0.27552290
vt 0.38680220 0.26235560
vt 0.48805490 0.27552290
vt 0.48805490 0.29533550
vt 0.38046550 0.29533550
vt 0.38197640 0.31847070
vt 0.59406020 0.27552290
vt 0.58930770 0.26235560
vt 0.59564440 0.29533550
vt 0.59413340 0.31847070
vt 0.48805490 0.31847070
vt 0.48805490 0.34160590
vt 0.38650920 0.34160590
vt 0.58960060 0.34160590
vt 0.39197390 0.36855580
vt 0.58413590 0.36855580
vt 0.48805490 0.36855580
vt 0.48805490 0.40313550
vt 0.39628030 0.40313550
vt 0.57982960 0.40313550
vt 0.39907570 0.56692370
vt 0.57703410 0.56692370
vt 0.48805490 0.56692370
vt 0.48805490 0.98149900
vt 0.40000750 0.98149900
vt 0.57610230 0.98149900
vt 0.40013870 1.38689100
vt 0.57597110 1.38689100
vt 0.48805490 1.38689100
vt 0.26235560 0.50000000
vt 0.27552290 0.60600530
vt 0.26235560 0.60125280
vt 0.27552290 0.50000000
vt 0.29533550 0.50000000
vt 0.29533550 0.60758950
vt 0.31847070 0.60607850
vt 0.27552290 0.39399470
vt 0.26235560 0.39874720
vt 0.29533550 0.39241050
vt 0.31847070 0.39392150
vt 0.31847070 0.50000000
vt 0.34160590 0.50000000
vt 0.34160590 0.60154570
vt 0.34160590 0.39845430
vt 0.36855580 0.59608100
vt 0.36855580 0.40391900
vt 0.36855580 0.50000000
vt 0.40313550 0.50000000
vt 0.40313550 0.59177460
vt 0.40313550 0.40822540
vt 0.56692370 0.58897920
vt 0.56692370 0.41102080
vt 0.56692370 0.50000000
vt 0.98149900 0.50000000
vt 0.98149900 0.58804740
vt 0.98149900 0.41195260
vt 1.38689100 0.58791620
vt 1.38689100 0.41208380
vt 1.38689100 0.50000000
vt 0.48805490 0.26235560
vt 0.59406020 0.27552290
vt 0.58930770 0.26235560
vt 0.48805490 0.27552290
vt 0.48805490 0.29533550
vt 0.59564440 0.29533550
vt 0.59413340 0.31847070
vt 0.38204960 0.27552290
vt 0.38680220 0.26235560
vt 0.38046550 0.29533550
vt 0.38197640 0.31847070
vt 0.48805490 0.31847070
vt 0.48805490 0.34160590
vt 0.58960060 0.34160590
vt 0.38650920 0.34160590
vt 0.58413590 0.36855580
vt 0.39197390 0.36855580
vt 0.48805490 0.36855580
vt 0.48805490 0.40313550
vt 0.57982960 0.40313550
vt 0.39628030 0.40313550
vt 0.57703410 0.56692370
vt 0.39907570 0.56692370
vt 0.48805490 0.56692370
vt 0.48805490 0.98149900
vt 0.57610230 0.98149900
vt 0.40000750 0.98149900
vt 0.57597110 1.38689100
vt 0.40013870 1.38689100
vt 0.48805490 1.38689100
vt 0.48805490 0.52312950
vt 0.48805490 0.38689100
vt 0.40013870 0.38689100
vt 0.40053230 0.52312950
vt 0.57597110 0.38689100
vt 0.57557760 0.52312950
vt 0.52312950 0.50000000
vt 0.52312950 0.58752270
vt 0.38689100 0.58791620
vt 0.52312950 0.41247730
vt 0.38689090 0.50000000
vt 0.38689100 0.41208380
vt 0.48805490 0.52312950
vt 0.40053230 0.52312950
vt 0.40013870 0.38689100
vt 0.57557760 0.52312950
vt 0.48805490 0.38689090
vt 0.57597110 0.38689100
vt 0.52312950 0.50000000
vt 0.52312950 0.41247730
vt 0.38689100 0.41208380
vt 0.52312950 0.58752270
vt 0.38689090 0.50000000
vt 0.38689100 0.58791620
vt 0.62305860 0.50000000
vt 0.56117950 0.57312450
vt 0.58930770 0.60125280
vt 0.48805490 0.63500370
vt 0.58508320 0.50000000
vt 0.48805490 0.50000000
vt 0.56117950 0.42687550
vt 0.58930770 0.39874720
vt 0.48805490 0.36499630
vt 0.48805490 0.59702830
vt 0.41493040 0.57312450
vt 0.38680220 0.60125280
vt 0.35305120 0.50000000
vt 0.48805490 0.40297170
vt 0.41493040 0.42687550
vt 0.38680220 0.39874720
vt 0.39102660 0.50000000
vt 0.49726490 0.62864980
vt 0.49034640 0.53474850
vt 0.55702830 0.53474850
vt 0.57327510 0.62864980
vt 0.59965420 0.75159340
vt 0.53505070 0.75913180
vt 0.70201630 1.05705000
vt 0.64132300 1.08043300
vt 0.36205120 0.74822530
vt 0.26143610 1.04660300
vt 0.32212930 1.06998600
vt 0.42665470 0.75576380
vt 0.38333410 0.62864980
vt 0.45934430 0.62864980
vt 0.39039760 0.53474850
vt 0.45707950 0.53474850
vt 0.06998646 0.54705060
vt 0.39522840 0.48200860
vt 0.08043337 0.48200870
vt 0.37956050 0.54705050
vt 0.69122200 0.48269990
vt 0.67615600 0.54524310
vt 0.88756510 0.48269970
vt 0.87456230 0.54524290
vt 1.22048600 0.48269990
vt 1.21475600 0.54524310
vt 0.75159340 0.45294970
vt 1.05705000 0.45295000
vt 1.04660300 0.51799190
vt 0.74822530 0.51799160
vt 0.62864980 0.44501540
vt 0.62864980 0.52102560
vt 0.53474850 0.45176330
vt 0.53474850 0.51844530
vt 0.75576380 0.54705030
vt 1.06998600 0.54705060
vt 1.08043300 0.48200870
vt 0.75913180 0.48200840
vt 0.62864980 0.55498460
vt 0.62864980 0.47897440
vt 0.53474850 0.54823670
vt 0.53474850 0.48155480
vt 0.45551760 0.75913180
vt 0.34924520 1.08043300
vt 0.28855200 1.05705000
vt 0.39091410 0.75159340
vt 0.49330330 0.62864980
vt 0.41729310 0.62864980
vt 0.48687090 0.53474850
vt 0.42018910 0.53474850
vt 0.11527600 0.34449120
vt -0.06278348 0.64243410
vt -0.01011014 0.67615600
vt 0.17005370 0.37956050
vt 0.26143610 0.04660320
vt 0.32212930 0.06998646
vt 0.34924520 0.08043337
vt 0.13974910 0.36015920
vt 0.28855200 0.05705011
vt 0.19452670 0.39522840
vt -0.03925061 0.65750000
vt 0.01342270 0.69122200
vt -0.17617070 0.85846110
vt -0.12081200 0.88756510
vt 0.05705011 0.45295000
vt 0.34449120 0.51799180
vt 0.04660320 0.51799190
vt 0.36015920 0.45294990
vt 0.64243410 0.51730070
vt 0.65750000 0.45475750
vt 0.84545830 0.51730050
vt 0.85846110 0.45475720
vt 1.20193100 0.51730070
vt 1.20766100 0.45475750
vt 0.93721650 0.64243410
vt 0.85445540 0.87456230
vt 0.98988990 0.67615600
vt 0.79909660 0.84545830
vt 0.70883900 1.21475600
vt 0.64762500 1.20193100
vt 0.64762500 0.20193120
vt 0.64520740 0.56869670
vt 0.70883900 0.21475600
vt 0.58266660 0.56923530
vt 0.67796360 1.01230200
vt 0.61579540 1.01913900
vt 0.87918800 0.88756510
vt 0.73618760 1.22048600
vt 0.67497360 1.20766100
vt 0.82382930 0.85846110
vt 0.56899450 0.45475750
vt 1.01608400 0.45475680
vt 1.01913900 0.51730010
vt 0.56923530 0.51730080
vt 0.20766090 0.45475750
vt 0.20193120 0.51730070
vt 0.21475600 0.54524310
vt 0.56845620 0.48270000
vt 0.22048590 0.48269990
vt 0.56869670 0.54524320
vt 1.00924700 0.48269920
vt 1.01230200 0.54524250
vt 0.73618760 0.22048590
vt 0.61060800 0.56899450
vt 0.67497360 0.20766090
vt 0.67314880 0.56845620
vt 0.64357030 1.01608400
vt 0.70573860 1.00924700
vt 0.01230168 0.54524250
vt 0.32696080 0.48169030
vt 0.00924730 0.48269920
vt 0.34401010 0.54787930
vt 0.52652840 0.48169040
vt 0.55050060 0.54787950
vt 0.70573860 0.00924730
vt 0.76286420 0.36512210
vt 0.64357030 0.01608396
vt 0.81694480 0.32696080
vt 0.95312650 0.58018520
vt 0.99188150 0.52652840
vt 1.18965500 0.71712420
vt 1.20168900 0.65203880
vt 0.61579540 0.01913881
vt 0.79278310 0.34401010
vt 0.67796360 0.01230168
vt 0.73870270 0.38217140
vt 0.97456700 0.55050060
vt 0.93581190 0.60415720
vt 1.19631300 0.68111730
vt 1.18427900 0.74620270
vt 0.01608396 0.45475680
vt 0.38217140 0.51830810
vt 0.01913881 0.51730010
vt 0.36512210 0.45211900
vt 0.60415720 0.51830820
vt 0.58018520 0.45211910
vt 0.97456700 0.54787950
vt 1.19631300 0.54787950
vt 1.20168900 0.48169050
vt 0.99188150 0.48169040
vt 0.20168860 0.65203880
vt 0.49528410 0.77173400
vt 0.18965490 0.71712420
vt 0.49528410 0.70554570
vt 0.78887970 0.65203880
vt 0.80091330 0.71712420
vt 0.99868670 0.52652840
vt 1.03744200 0.58018520
vt 0.95312650 0.45211910
vt 1.18965500 0.45211920
vt 1.18427900 0.51830830
vt 0.93581190 0.51830820
vt 0.77173400 0.45211840
vt 0.80130600 0.51830740
vt 0.73511770 0.54787870
vt 0.70554570 0.48168960
vt 0.18427880 0.74620270
vt 0.49528410 0.73511770
vt 0.19631250 0.68111730
vt 0.49528410 0.80130600
vt 0.80628940 0.74620270
vt 0.79425570 0.68111730
vt 0.18965490 0.45211920
vt 0.49528410 0.51830740
vt 0.18427880 0.51830830
vt 0.49528410 0.45211840
vt 0.80091330 0.45211920
vt 0.80628940 0.51830830
vt 0.19631250 0.54787950
vt 0.49528410 0.48168960
vt 0.20168860 0.48169050
vt 0.49528410 0.54787870
vt 0.79425570 0.54787950
vt 0.78887970 0.48169050
vt 0.62864980 0.55498460
vt 0.53474850 0.54823670
vt 0.53474850 0.48155480
vt 0.62864980 0.47897440
vt 0.75913180 0.48200840
vt 0.75576380 0.54705030
vt 1.08043300 0.48200870
vt 1.06998600 0.54705060
vt 0.62851710 0.74822530
vt 0.66843890 1.06998600
vt 0.72913210 1.04660300
vt 0.56391350 0.75576380
vt 0.60723420 0.62864980
vt 0.53122400 0.62864980
vt 0.52013780 0.53474850
vt 0.58681970 0.53474850
vt 0.06998646 0.54705060
vt 0.08043337 0.48200870
vt 0.39522840 0.48200860
vt 0.37956050 0.54705050
vt 0.69122200 0.48269990
vt 0.67615600 0.54524310
vt 0.88756510 0.48269970
vt 0.87456230 0.54524290
vt 1.22048600 0.48269990
vt 1.21475600 0.54524310
vt 0.75159340 0.45294970
vt 1.04660300 0.51799190
vt 1.05705000 0.45295000
vt 0.74822530 0.51799160
vt 0.62864980 0.44501540
vt 0.62864980 0.52102560
vt 0.53474850 0.51844530
vt 0.53474850 0.45176330
vt 0.87529220 0.34449120
vt 1.00067800 0.67615600
vt 1.05335200 0.64243410
vt 0.82051460 0.37956050
vt 0.72913210 0.04660320
vt 0.66843890 0.06998646
vt 0.64132300 0.08043337
vt 0.70201630 0.05705011
vt 0.85081920 0.36015920
vt 0.79604150 0.39522840
vt 1.02981900 0.65750000
vt 0.97714560 0.69122200
vt 1.16673900 0.85846110
vt 1.11138000 0.88756510
vt 0.05705011 0.45295000
vt 0.04660320 0.51799190
vt 0.34449120 0.51799180
vt 0.36015920 0.45294990
vt 0.64243410 0.51730070
vt 0.65750000 0.45475750
vt 0.84545830 0.51730050
vt 0.85846110 0.45475720
vt 1.20193100 0.51730070
vt 1.20766100 0.45475750
vt 0.05335164 0.64243410
vt 0.00067830 0.67615600
vt 0.13611290 0.87456230
vt 0.19147160 0.84545830
vt 0.28172920 1.21475600
vt 0.34294320 1.20193100
vt 0.34294320 0.20193120
vt 0.28172920 0.21475600
vt 0.34536080 0.56869670
vt 0.40790150 0.56923530
vt 0.31260470 1.01230200
vt 0.37477280 1.01913900
vt 0.11138010 0.88756510
vt 0.16673900 0.85846110
vt 0.31559470 1.20766100
vt 0.25438050 1.22048600
vt 0.56899450 0.45475750
vt 1.01913900 0.51730010
vt 1.01608400 0.45475680
vt 0.56923530 0.51730080
vt 0.20766090 0.45475750
vt 0.20193120 0.51730070
vt 0.21475600 0.54524310
vt 0.22048590 0.48269990
vt 0.56845620 0.48270000
vt 0.56869670 0.54524320
vt 1.00924700 0.48269920
vt 1.01230200 0.54524250
vt 0.25438050 0.22048590
vt 0.31559470 0.20766090
vt 0.37996010 0.56899450
vt 0.31741930 0.56845620
vt 0.34699800 1.01608400
vt 0.28482960 1.00924700
vt 0.01230168 0.54524250
vt 0.00924730 0.48269920
vt 0.32696080 0.48169030
vt 0.34401010 0.54787930
vt 0.52652840 0.48169040
vt 0.55050060 0.54787950
vt 0.28482960 0.00924730
vt 0.34699800 0.01608396
vt 0.22770400 0.36512210
vt 0.17362330 0.32696080
vt 0.03744173 0.58018520
vt -0.00131327 0.52652840
vt 0.37477280 0.01913881
vt 0.31260470 0.01230168
vt 0.19778510 0.34401010
vt 0.25186560 0.38217140
vt 0.01600122 0.55050060
vt 0.05475616 0.60415720
vt -0.20574430 0.68111730
vt -0.19371060 0.74620270
vt 0.01608396 0.45475680
vt 0.01913881 0.51730010
vt 0.38217140 0.51830810
vt 0.36512210 0.45211900
vt 0.60415720 0.51830820
vt 0.58018520 0.45211910
vt 0.01600122 0.54787950
vt -0.00131327 0.48169040
vt -0.21112030 0.48169050
vt -0.20574430 0.54787950
vt 0.03744173 0.45211910
vt 0.05475616 0.51830820
vt -0.19371060 0.51830830
vt -0.19908670 0.45211920
vt 0.42018910 0.45176330
vt 0.39039760 0.51844530
vt 0.45707950 0.54823670
vt 0.48687090 0.48155480
vt 0.55702830 0.45176330
vt 0.49034640 0.48155480
vt 0.52013780 0.54823670
vt 0.58681970 0.51844530
vt 0.64995690 0.46083590
vt 0.69277810 0.48502420
vt 0.67364690 0.53916480
vt 0.63082580 0.51497640
vt 0.19580040 0.53787170
vt 0.37220930 0.43540450
vt 0.17553120 0.48766880
vt 0.36619750 0.48921000
vt 0.49969410 0.42255290
vt 0.49969410 0.47665570
vt 0.63319080 0.48921000
vt 0.62717890 0.43540450
vt 0.80358780 0.53787170
vt 0.82385690 0.48766880
vt 0.99213370 0.67364690
vt 1.19580000 0.53787170
vt 1.17553100 0.48766880
vt 0.95900480 0.63082580
vt 0.95900480 0.51497640
vt 1.17553100 0.51497660
vt 1.18458700 0.46083610
vt 0.97380580 0.46083590
vt 0.00693482 0.48502420
vt 0.19580040 0.53916500
vt -0.00786626 0.53916480
vt 0.20485610 0.48502440
vt 0.36619750 0.53916520
vt 0.36351170 0.48502460
vt 0.49969410 0.53916530
vt 0.49969410 0.48502470
vt 0.63587650 0.48502460
vt 0.63319080 0.53916520
vt 0.79453210 0.48502440
vt 0.80358780 0.53916500
vt 0.98646130 0.48502420
vt 1.00126200 0.53916480
vt 0.97380580 0.64995690
vt 1.18458700 0.51009790
vt 1.20485600 0.56030080
vt 1.00693500 0.69277810
vt 0.17553120 0.51497660
vt 0.36952340 0.46083630
vt 0.18458690 0.46083610
vt 0.37220930 0.51497690
vt 0.49969410 0.46083640
vt 0.49969410 0.51497690
vt 0.62717890 0.51497690
vt 0.62986480 0.46083630
vt 0.82385690 0.51497660
vt 0.81480130 0.46083610
vt 0.18458690 0.51009790
vt 0.36351170 0.51324870
vt 0.20485610 0.56030080
vt 0.36952340 0.45944310
vt 0.49969410 0.50082720
vt 0.49969410 0.44672430
vt 0.62986480 0.45944310
vt 0.63587650 0.51324870
vt 0.81480130 0.51009790
vt 0.79453210 0.56030080
vt 0.44672430 0.46083640
vt 0.42255290 0.51497690
vt 0.47665570 0.53916530
vt 0.50082720 0.48502470
vt 0.64995690 0.46083590
vt 0.63082580 0.51497640
vt 0.67364690 0.53916480
vt 0.69277810 0.48502420
vt 0.00126243 0.67364690
vt 0.03439140 0.63082580
vt -0.17614310 0.48766880
vt -0.19641220 0.53787170
vt 0.03439140 0.51497640
vt 0.01959038 0.46083590
vt -0.18519870 0.46083610
vt -0.17614310 0.51497660
vt 0.01959038 0.64995690
vt -0.01353872 0.69277810
vt -0.20546790 0.56030080
vt -0.18519870 0.51009790
vt 0.48805490 0.61532640
vt 0.40607890 0.59020900
vt 0.40506340 0.61532640
vt 0.48805490 0.59020900
vt 0.48805490 0.57603090
vt 0.40641740 0.57603090
vt 0.40574740 0.56904610
vt 0.57003100 0.59020900
vt 0.57104650 0.61532640
vt 0.56969250 0.57603090
vt 0.57036250 0.56904610
vt 0.48805490 0.56904610
vt 0.48805490 0.56550910
vt 0.40373720 0.56550910
vt 0.57237270 0.56550910
vt 0.40172700 0.55928590
vt 0.57438280 0.55928590
vt 0.48805490 0.55928590
vt 0.48805490 0.54424340
vt 0.40105700 0.54424340
vt 0.57505290 0.54424340
vt 0.40092580 0.52923880
vt 0.57518410 0.52923880
vt 0.48805490 0.52923880
vt 0.61532640 0.50000000
vt 0.59020900 0.42300830
vt 0.61532640 0.43694600
vt 0.59020900 0.50000000
vt 0.57603090 0.50000000
vt 0.57603090 0.41836250
vt 0.56904610 0.41769240
vt 0.59020900 0.57699170
vt 0.61532640 0.56305400
vt 0.57603090 0.58163750
vt 0.56904610 0.58230760
vt 0.56904610 0.50000000
vt 0.56550910 0.50000000
vt 0.56550910 0.41568230
vt 0.56550910 0.58431770
vt 0.55928590 0.41367210
vt 0.55928590 0.58632790
vt 0.55928590 0.50000000
vt 0.54424340 0.50000000
vt 0.54424340 0.41300200
vt 0.54424340 0.58699800
vt 0.52923880 0.41287090
vt 0.52923880 0.58712910
vt 0.52923880 0.50000000
vt 0.61532640 0.50000000
vt 0.59020900 0.57699170
vt 0.61532640 0.56305400
vt 0.59020900 0.50000000
vt 0.57603090 0.50000000
vt 0.57603090 0.58163750
vt 0.56904610 0.58230760
vt 0.59020900 0.42300830
vt 0.61532640 0.43694600
vt 0.57603090 0.41836250
vt 0.56904610 0.41769240
vt 0.56904610 0.50000000
vt 0.56550910 0.50000000
vt 0.56550910 0.58431770
vt 0.56550910 0.41568230
vt 0.55928590 0.58632790
vt 0.55928590 0.41367210
vt 0.55928590 0.50000000
vt 0.54424340 0.50000000
vt 0.54424340 0.58699800
vt 0.54424340 0.41300200
vt 0.52923880 0.58712910
vt 0.52923880 0.41287090
vt 0.52923880 0.50000000
vt 0.48805490 0.61532640
vt 0.57003100 0.59020900
vt 0.57104650 0.61532640
vt 0.48805490 0.59020900
vt 0.48805490 0.57603090
vt 0.56969250 0.57603090
vt 0.57036250 0.56904610
vt 0.40607890 0.59020900
vt 0.40506340 0.61532640
vt 0.40641740 0.57603090
vt 0.40574740 0.56904610
vt 0.48805490 0.56904610
vt 0.48805490 0.56550910
vt 0.57237270 0.56550910
vt 0.40373720 0.56550910
vt 0.57438280 0.55928590
vt 0.40172700 0.55928590
vt 0.48805490 0.55928590
vt 0.48805490 0.54424340
vt 0.57505290 0.54424340
vt 0.40105700 0.54424340
vt 0.57518410 0.52923880
vt 0.40092580 0.52923880
vt 0.48805490 0.52923880
vt 0.48805490 0.58407210
vt 0.54993140 0.54120050
vt 0.57104650 0.56305400
vt 0.59871040 0.50000000
vt 0.48805490 0.55066500
vt 0.48805490 0.50000000
vt 0.42617850 0.54120050
vt 0.40506340 0.56305400
vt 0.37739950 0.50000000
vt 0.57194920 0.50000000
vt 0.54993140 0.45879950
vt 0.57104650 0.43694600
vt 0.48805490 0.41592800
vt 0.40416060 0.50000000
vt 0.42617850 0.45879950
vt 0.40506340 0.43694600
vt 0.48805490 0.44933500
vt 0.29930380 0.50571770
vt 0.31911040 0.50571770
vt 0.30920700 0.48856460
vt 0.30920720 0.48856460
vt 0.31911040 0.50571770
vt 0.29930380 0.50571770
vt 0.38618300 0.50571770
vt 0.40598990 0.50571770
vt 0.39608650 0.48856460
vt 0.39608650 0.48856460
vt 0.40598990 0.50571770
vt 0.38618300 0.50571770
vt 0.64025950 0.50571770
vt 0.66006610 0.50571770
vt 0.65016290 0.48856460
vt 0.65016290 0.48856460
vt 0.66006640 0.50571770
vt 0.64025950 0.50571770
vt 0.55338000 0.50571770
vt 0.57318660 0.50571770
vt 0.56328340 0.48856460
vt 0.56328340 0.48856460
vt 0.57318690 0.50571770
vt 0.55338030 0.50571770
vt 0.45142250 0.50571770
vt 0.47122910 0.50571770
vt 0.46132560 0.48856460
vt 0.46132590 0.48856460
vt 0.47122910 0.50571770
vt 0.45142250 0.50571770
vt 0.19734600 0.50571770
vt 0.21715260 0.50571770
vt 0.20724940 0.48856460
vt 0.20724940 0.48856460
vt 0.21715280 0.50571770
vt 0.19734600 0.50571770
vt 0.35423230 0.50571770
vt 0.37403890 0.50571770
vt 0.36413570 0.48856460
vt 0.36413570 0.48856460
vt 0.37403920 0.50571770
vt 0.35423250 0.50571770
vt 0.26907610 0.50571770
vt 0.28888270 0.50571770
vt 0.27897950 0.48856460
vt 0.27897950 0.48856460
vt 0.28888300 0.50571770
vt 0.26907630 0.50571770
vt 0.18219690 0.50571770
vt 0.20200320 0.50571770
vt 0.19210000 0.48856460
vt 0.19210000 0.48856460
vt 0.20200350 0.50571770
vt 0.18219690 0.50571770
vt 0.08023906 0.50571770
vt 0.10004570 0.50571770
vt 0.09014249 0.48856460
vt 0.09014249 0.48856460
vt 0.10004570 0.50571770
vt 0.08023906 0.50571770
vt 0.98546150 0.50571770
vt 1.00526800 0.50571770
vt 0.99536490 0.48856460
vt 0.99536490 0.48856460
vt 1.00526800 0.50571770
vt 0.98546150 0.50571770
vt 0.10015580 0.50571770
vt 0.11996250 0.50571770
vt 0.11005930 0.48856460
vt 0.11005950 0.48856460
vt 0.11996270 0.50571770
vt 0.10015610 0.50571770
vt 0.01499963 0.50571770
vt 0.03480649 0.50571770
vt 0.02490306 0.48856460
vt 0.02490330 0.48856460
vt 0.03480649 0.50571770
vt 0.01499987 0.50571770
vt 0.92812040 0.50571770
vt 0.94792700 0.50571770
vt 0.93802360 0.48856460
vt 0.93802360 0.48856460
vt 0.94792700 0.50571770
vt 0.92812040 0.50571770
vt 0.82616260 0.50571770
vt 0.84596920 0.50571770
vt 0.83606600 0.48856460
vt 0.83606600 0.48856460
vt 0.84596920 0.50571770
vt 0.82616260 0.50571770
vt 0.73138500 0.50571770
vt 0.75119160 0.50571770
vt 0.74128840 0.48856460
vt 0.74128840 0.48856460
vt 0.75119190 0.50571770
vt 0.73138520 0.50571770
vt 0.92338970 0.50571770
vt 0.94319630 0.50571770
vt 0.93329310 0.48856460
vt 0.93329310 0.48856460
vt 0.94319650 0.50571770
vt 0.92338990 0.50571770
vt 0.83651040 0.50571770
vt 0.85631680 0.50571770
vt 0.84641360 0.48856460
vt 0.84641360 0.48856460
vt 0.85631700 0.50571770
vt 0.83651040 0.50571770
vt 0.73455260 0.50571770
vt 0.75435920 0.50571770
vt 0.74445610 0.48856460
vt 0.74445610 0.48856460
vt 0.75435920 0.50571770
vt 0.73455260 0.50571770
vt 0.63977500 0.50571770
vt 0.65958140 0.50571770
vt 0.64967850 0.48856460
vt 0.64967850 0.48856460
vt 0.65958170 0.50571770
vt 0.63977500 0.50571770
vt 0.60750990 0.50571770
vt 0.62731620 0.50571770
vt 0.61741330 0.48856460
vt 0.61741330 0.48856460
vt 0.62731620 0.50571770
vt 0.60750990 0.50571770
vt 0.50555210 0.50571770
vt 0.52535870 0.50571770
vt 0.51545550 0.48856460
vt 0.51545550 0.48856460
vt 0.52535890 0.50571770
vt 0.50555210 0.50571770
vt 0.89610910 0.50571770
vt 0.87630240 0.50571770
vt 0.88620570 0.48856460
vt 0.88620570 0.48856460
vt 0.87630240 0.50571770
vt 0.89610910 0.50571770
vt 0.80922970 0.50571770
vt 0.78942300 0.50571770
vt 0.79932630 0.48856460
vt 0.79932630 0.48856460
vt 0.78942300 0.50571770
vt 0.80922970 0.50571770
vt 0.55515330 0.50571770
vt 0.53534660 0.50571770
vt 0.54524990 0.48856460
vt 0.54524990 0.48856460
vt 0.53534660 0.50571770
vt 0.55515330 0.50571770
vt 0.64203270 0.50571770
vt 0.62222600 0.50571770
vt 0.63212930 0.48856460
vt 0.63212930 0.48856460
vt 0.62222600 0.50571770
vt 0.64203270 0.50571770
vt 0.74399030 0.50571770
vt 0.72418370 0.50571770
vt 0.73408700 0.48856460
vt 0.73408700 0.48856460
vt 0.72418370 0.50571770
vt 0.74399030 0.50571770
vt 0.99806680 0.50571770
vt 0.97826010 0.50571770
vt 0.98816340 0.48856460
vt 0.98816340 0.48856460
vt 0.97826010 0.50571770
vt 0.99806680 0.50571770
vt 0.84118040 0.50571770
vt 0.82137380 0.50571770
vt 0.83127710 0.48856460
vt 0.83127710 0.48856460
vt 0.82137380 0.50571770
vt 0.84118040 0.50571770
vt 0.92633660 0.50571770
vt 0.90653000 0.50571770
vt 0.91643330 0.48856460
vt 0.91643330 0.48856460
vt 0.90653000 0.50571770
vt 0.92633660 0.50571770
vt 0.01321602 0.50571770
vt -0.00659061 0.50571770
vt 0.00331271 0.48856460
vt 0.00331271 0.48856460
vt -0.00659061 0.50571770
vt 0.01321602 0.50571770
vt 0.11517370 0.50571770
vt 0.09536707 0.50571770
vt 0.10527040 0.48856460
vt 0.10527040 0.48856460
vt 0.09536707 0.50571770
vt 0.11517370 0.50571770
vt 0.20995130 0.50571770
vt 0.19014470 0.50571770
vt 0.20004800 0.48856460
vt 0.20004800 0.48856460
vt 0.19014470 0.50571770
vt 0.20995130 0.50571770
vt 0.09525684 0.50571770
vt 0.07545018 0.50571770
vt 0.08535349 0.48856460
vt 0.08535349 0.48856460
vt 0.07545018 0.50571770
vt 0.09525684 0.50571770
vt 0.18041300 0.50571770
vt 0.16060640 0.50571770
vt 0.17050970 0.48856460
vt 0.17050970 0.48856460
vt 0.16060640 0.50571770
vt 0.18041300 0.50571770
vt 0.26729240 0.50571770
vt 0.24748580 0.50571770
vt 0.25738910 0.48856460
vt 0.25738910 0.48856460
vt 0.24748580 0.50571770
vt 0.26729240 0.50571770
vt 0.36925010 0.50571770
vt 0.34944350 0.50571770
vt 0.35934680 0.48856460
vt 0.35934680 0.48856460
vt 0.34944350 0.50571770
vt 0.36925010 0.50571770
vt 0.46402770 0.50571770
vt 0.44422110 0.50571770
vt 0.45412440 0.48856460
vt 0.45412440 0.48856460
vt 0.44422110 0.50571770
vt 0.46402770 0.50571770
vt 0.75078870 0.50571770
vt 0.75078870 0.48856460
vt 2.24096800 0.48856460
vt 2.24096800 0.50571770
vt 0.75078870 0.48856460
vt 0.75078870 0.50571770
vt 2.24096800 0.50571770
vt 2.24096800 0.48856460
vt 0.75078870 0.29930380
vt 0.75078870 0.31911040
vt 2.24096800 0.31911040
vt 2.24096800 0.29930380
vt 0.80890710 0.50571770
vt 0.80890710 0.48856460
vt 2.18656900 0.48856460
vt 2.18656900 0.50571770
vt 0.80890710 0.48856460
vt 0.80890710 0.50571770
vt 2.18656900 0.50571770
vt 2.18656900 0.48856460
vt 0.80890710 0.38618300
vt 0.80890710 0.40598990
vt 2.18656900 0.40598990
vt 2.18656900 0.38618300
vt 0.62653150 0.48856460
vt 0.62653150 0.50571770
vt 2.38276000 0.50571770
vt 2.38276000 0.48856460
vt 0.62653150 0.64025950
vt 0.62653150 0.66006640
vt 2.38276000 0.66006610
vt 2.38276000 0.64025950
vt 0.62653150 0.50571770
vt 0.62653150 0.48856460
vt 2.38276000 0.48856460
vt 2.38276000 0.50571770
vt 0.62653150 0.48856460
vt 0.62653150 0.50571770
vt 2.38276000 0.50571770
vt 2.38276000 0.48856460
vt 0.62653150 0.55338030
vt 0.62653150 0.57318690
vt 2.38276000 0.57318660
vt 2.38276000 0.55338000
vt 0.62653150 0.50571770
vt 0.62653150 0.48856460
vt 2.38276000 0.48856460
vt 2.38276000 0.50571770
vt 0.63901980 0.48856460
vt 0.63901980 0.50571770
vt 2.35447400 0.50571770
vt 2.35447400 0.48856460
vt 0.63901980 0.45142250
vt 0.63901980 0.47122910
vt 2.35447400 0.47122910
vt 2.35447400 0.45142250
vt 0.63901980 0.50571770
vt 0.63901980 0.48856460
vt 2.35447400 0.48856460
vt 2.35447400 0.50571770
vt 0.70217000 0.50571770
vt 0.70217000 0.48856460
vt 2.28570000 0.48856460
vt 2.28570000 0.50571770
vt 0.70217000 0.48856460
vt 0.70217000 0.50571770
vt 2.28570000 0.50571770
vt 2.28570000 0.48856460
vt 0.70217000 0.19734600
vt 0.70217000 0.21715280
vt 2.28570000 0.21715260
vt 2.28570000 0.19734600
vt 0.65331570 0.48856460
vt 0.65331560 0.50571770
vt 2.34839100 0.50571770
vt 2.34839100 0.48856460
vt 0.65331570 0.50571770
vt 0.65331570 0.48856460
vt 2.34839100 0.48856460
vt 2.34839100 0.50571770
vt 0.65331560 0.35423250
vt 0.65331570 0.37403920
vt 2.34839100 0.37403890
vt 2.34839100 0.35423230
vt 0.66737690 0.48856460
vt 0.66737690 0.50571770
vt 2.33034800 0.50571770
vt 2.33034800 0.48856460
vt 0.66737690 0.26907630
vt 0.66737690 0.28888300
vt 2.33034800 0.28888270
vt 2.33034800 0.26907610
vt 0.66737690 0.50571770
vt 0.66737690 0.48856460
vt 2.33034800 0.48856460
vt 2.33034800 0.50571770
vt 0.70217000 0.48856460
vt 0.70217000 0.50571770
vt 2.28570000 0.50571770
vt 2.28570000 0.48856460
vt 0.70217000 0.18219690
vt 0.70217000 0.20200350
vt 2.28570000 0.20200320
vt 2.28570000 0.18219690
vt 0.70217000 0.50571770
vt 0.70217000 0.48856460
vt 2.28570000 0.48856460
vt 2.28570000 0.50571770
vt 0.75078870 0.48856460
vt 0.75078870 0.50571770
vt 2.24096800 0.50571770
vt 2.24096800 0.48856460
vt 0.75078870 0.08023906
vt 0.75078870 0.10004570
vt 2.24096800 0.10004570
vt 2.24096800 0.08023906
vt 0.75078870 0.50571770
vt 0.75078870 0.48856460
vt 2.24096800 0.48856460
vt 2.24096800 0.50571770
vt 0.80890700 0.48856460
vt 0.80890700 0.50571770
vt 2.18656900 0.50571770
vt 2.18656900 0.48856460
vt 0.80890700 0.98546150
vt 0.80890700 1.00526800
vt 2.18656900 1.00526800
vt 2.18656900 0.98546150
vt 0.80890700 0.50571770
vt 0.80890700 0.48856460
vt 2.18656900 0.48856460
vt 2.18656900 0.50571770
vt 0.66737690 0.48856460
vt 0.66737690 0.50571770
vt 2.33034800 0.50571770
vt 2.33034800 0.48856460
vt 0.66737690 0.50571770
vt 0.66737690 0.48856460
vt 2.33034800 0.48856460
vt 2.33034800 0.50571770
vt 0.66737690 0.10015610
vt 0.66737690 0.11996270
vt 2.33034800 0.11996250
vt 2.33034800 0.10015580
vt 0.65331570 0.48856460
vt 0.65331570 0.50571770
vt 2.34839100 0.50571770
vt 2.34839100 0.48856460
vt 0.65331570 0.01499987
vt 0.65331570 0.03480649
vt 2.34839100 0.03480649
vt 2.34839100 0.01499963
vt 0.65331570 0.50571770
vt 0.65331570 0.48856460
vt 2.34839100 0.48856460
vt 2.34839100 0.50571770
vt 0.63901980 0.48856460
vt 0.63901980 0.50571770
vt 2.35447400 0.50571770
vt 2.35447400 0.48856460
vt 0.63901980 0.92812040
vt 0.63901980 0.94792700
vt 2.35447400 0.94792700
vt 2.35447400 0.92812040
vt 0.63901980 0.50571770
vt 0.63901980 0.48856460
vt 2.35447400 0.48856460
vt 2.35447400 0.50571770
vt 0.62653150 0.48856460
vt 0.62653150 0.50571770
vt 2.38276000 0.50571770
vt 2.38276000 0.48856460
vt 0.62653150 0.82616260
vt 0.62653150 0.84596920
vt 2.38276000 0.84596920
vt 2.38276000 0.82616260
vt 0.62653150 0.50571770
vt 0.62653150 0.48856460
vt 2.38276000 0.48856460
vt 2.38276000 0.50571770
vt 0.62653150 0.48856460
vt 0.62653150 0.50571770
vt 2.38276000 0.50571770
vt 2.38276000 0.48856460
vt 0.62653150 0.73138520
vt 0.62653150 0.75119190
vt 2.38276000 0.75119160
vt 2.38276000 0.73138500
vt 0.62653150 0.50571770
vt 0.62653150 0.48856460
vt 2.38276000 0.48856460
vt 2.38276000 0.50571770
vt 0.83372560 0.48856460
vt 0.83372560 0.50571770
vt 2.16309300 0.50571770
vt 2.16309300 0.48856460
vt 0.83372560 0.92338990
vt 0.83372560 0.94319650
vt 2.16309300 0.94319630
vt 2.16309300 0.92338970
vt 0.83372560 0.50571770
vt 0.83372560 0.48856460
vt 2.16309300 0.48856460
vt 2.16309300 0.50571770
vt 0.86153890 0.48856460
vt 0.86153890 0.50571770
vt 2.12740200 0.50571770
vt 2.12740200 0.48856460
vt 0.86153890 0.83651040
vt 0.86153890 0.85631700
vt 2.12740200 0.85631680
vt 2.12740200 0.83651040
vt 0.86153890 0.50571770
vt 0.86153890 0.48856460
vt 2.12740200 0.48856460
vt 2.12740200 0.50571770
vt 0.93765000 0.48856460
vt 0.93765000 0.50571770
vt 2.05449100 0.50571770
vt 2.05449100 0.48856460
vt 0.93765000 0.73455260
vt 0.93765000 0.75435920
vt 2.05449100 0.75435920
vt 2.05449100 0.73455260
vt 0.93765000 0.50571770
vt 0.93765000 0.48856460
vt 2.05449100 0.48856460
vt 2.05449100 0.50571770
vt 0.98120770 0.48856460
vt 0.98120770 0.50571770
vt 2.01372000 0.50571770
vt 2.01372000 0.48856460
vt 0.98120770 0.63977500
vt 0.98120770 0.65958170
vt 2.01372000 0.65958140
vt 2.01372000 0.63977500
vt 0.98120770 0.50571770
vt 0.98120770 0.48856460
vt 2.01372000 0.48856460
vt 2.01372000 0.50571770
vt 0.01055980 0.50571770
vt 0.01055980 0.48856460
vt 0.98068850 0.48856460
vt 0.98068850 0.50571770
vt 0.01055980 0.48856460
vt 0.01055980 0.50571770
vt 0.98068850 0.50571770
vt 0.98068850 0.48856460
vt 0.01055980 0.60750990
vt 0.01055980 0.62731620
vt 0.98068850 0.62731620
vt 0.98068850 0.60750990
vt 0.90977940 0.50571770
vt 0.90977940 0.48856460
vt 2.07860000 0.48856460
vt 2.07860000 0.50571770
vt 0.90977940 0.48856460
vt 0.90977940 0.50571770
vt 2.07860000 0.50571770
vt 2.07860000 0.48856460
vt 0.90977940 0.50555210
vt 0.90977940 0.52535890
vt 2.07860000 0.52535870
vt 2.07860000 0.50555210
vt 0.81317210 0.50571770
vt 0.81317210 0.48856460
vt 2.48570900 0.48856460
vt 2.48570900 0.50571770
vt 0.81317210 0.48856460
vt 0.81317210 0.50571770
vt 2.48570900 0.50571770
vt 2.48570900 0.48856460
vt 0.89610910 0.81317210
vt 0.87630240 0.81317210
vt 0.87630240 2.48570900
vt 0.89610910 2.48570900
vt 0.96531300 0.50571770
vt 0.96531300 0.48856460
vt 2.37473200 0.48856460
vt 2.37473200 0.50571770
vt 0.96531300 0.48856460
vt 0.96531300 0.50571770
vt 2.37473200 0.50571770
vt 2.37473200 0.48856460
vt 0.80922970 0.96531300
vt 0.78942300 0.96531300
vt 0.78942300 2.37473200
vt 0.80922970 2.37473200
vt 0.48789430 0.48856460
vt 0.48789430 0.50571770
vt 2.77496800 0.50571770
vt 2.77496800 0.48856460
vt 0.55515330 0.48789430
vt 0.53534660 0.48789430
vt 0.53534660 2.77496800
vt 0.55515330 2.77496800
vt 0.48789430 0.50571770
vt 0.48789430 0.48856460
vt 2.77496800 0.48856460
vt 2.77496800 0.50571770
vt 0.48789430 0.48856460
vt 0.48789430 0.50571770
vt 2.77496800 0.50571770
vt 2.77496800 0.48856460
vt 0.64203270 0.48789430
vt 0.62222600 0.48789430
vt 0.62222600 2.77496800
vt 0.64203270 2.77496800
vt 0.48789430 0.50571770
vt 0.48789430 0.48856460
vt 2.77496800 0.48856460
vt 2.77496800 0.50571770
vt 0.52058590 0.48856460
vt 0.52058590 0.50571770
vt 2.71726300 0.50571770
vt 2.71726300 0.48856460
vt 0.74399030 0.52058590
vt 0.72418370 0.52058590
vt 0.72418370 2.71726300
vt 0.74399030 2.71726300
vt 0.52058590 0.50571770
vt 0.52058590 0.48856460
vt 2.71726300 0.48856460
vt 2.71726300 0.50571770
vt 0.68589900 0.50571770
vt 0.68589900 0.48856460
vt 2.57696300 0.48856460
vt 2.57696300 0.50571770
vt 0.68589900 0.48856460
vt 0.68589900 0.50571770
vt 2.57696300 0.50571770
vt 2.57696300 0.48856460
vt 0.99806680 0.68589900
vt 0.97826010 0.68589900
vt 0.97826010 2.57696300
vt 0.99806680 2.57696300
vt 0.55800930 0.48856460
vt 0.55800930 0.50571770
vt 2.70485300 0.50571770
vt 2.70485300 0.48856460
vt 0.55800930 0.50571770
vt 0.55800930 0.48856460
vt 2.70485300 0.48856460
vt 2.70485300 0.50571770
vt 0.84118040 0.55800930
vt 0.82137380 0.55800930
vt 0.82137380 2.70485300
vt 0.84118040 2.70485300
vt 0.59481840 0.48856460
vt 0.59481840 0.50571770
vt 2.66804400 0.50571770
vt 2.66804400 0.48856460
vt 0.92633660 0.59481840
vt 0.90653000 0.59481840
vt 0.90653000 2.66804400
vt 0.92633660 2.66804400
vt 0.59481840 0.50571770
vt 0.59481840 0.48856460
vt 2.66804400 0.48856460
vt 2.66804400 0.50571770
vt 0.68589900 0.48856460
vt 0.68589900 0.50571770
vt 2.57696300 0.50571770
vt 2.57696300 0.48856460
vt 0.01321602 0.68589900
vt -0.00659061 0.68589900
vt -0.00659061 2.57696300
vt 0.01321602 2.57696300
vt 0.68589900 0.50571770
vt 0.68589900 0.48856460
vt 2.57696300 0.48856460
vt 2.57696300 0.50571770
vt 0.81317210 0.48856460
vt 0.81317210 0.50571770
vt 2.48570900 0.50571770
vt 2.48570900 0.48856460
vt 0.11517370 0.81317210
vt 0.09536707 0.81317210
vt 0.09536707 2.48570900
vt 0.11517370 2.48570900
vt 0.81317210 0.50571770
vt 0.81317210 0.48856460
vt 2.48570900 0.48856460
vt 2.48570900 0.50571770
vt 0.96531300 0.48856460
vt 0.96531300 0.50571770
vt 2.37473200 0.50571770
vt 2.37473200 0.48856460
vt 0.20995130 0.96531300
vt 0.19014470 0.96531300
vt 0.19014470 2.37473200
vt 0.20995130 2.37473200
vt 0.96531300 0.50571770
vt 0.96531300 0.48856460
vt 2.37473200 0.48856460
vt 2.37473200 0.50571770
vt 0.59481840 0.48856460
vt 0.59481840 0.50571770
vt 2.66804400 0.50571770
vt 2.66804400 0.48856460
vt 0.59481840 0.50571770
vt 0.59481840 0.48856460
vt 2.66804400 0.48856460
vt 2.66804400 0.50571770
vt 0.09525684 0.59481840
vt 0.07545018 0.59481840
vt 0.07545018 2.66804400
vt 0.09525684 2.66804400
vt 0.55800930 0.48856460
vt 0.55800930 0.50571770
vt 2.70485300 0.50571770
vt 2.70485300 0.48856460
vt 0.18041300 0.55800930
vt 0.16060640 0.55800930
vt 0.16060640 2.70485300
vt 0.18041300 2.70485300
vt 0.55800930 0.50571770
vt 0.55800930 0.48856460
vt 2.70485300 0.48856460
vt 2.70485300 0.50571770
vt 0.52058590 0.48856460
vt 0.52058590 0.50571770
vt 2.71726300 0.50571770
vt 2.71726300 0.48856460
vt 0.26729240 0.52058590
vt 0.24748580 0.52058590
vt 0.24748580 2.71726300
vt 0.26729240 2.71726300
vt 0.52058590 0.50571770
vt 0.52058590 0.48856460
vt 2.71726300 0.48856460
vt 2.71726300 0.50571770
vt 0.48789430 0.48856460
vt 0.48789430 0.50571770
vt 2.77496800 0.50571770
vt 2.77496800 0.48856460
vt 0.36925010 0.48789430
vt 0.34944350 0.48789430
vt 0.34944350 2.77496800
vt 0.36925010 2.77496800
vt 0.48789430 0.50571770
vt 0.48789430 0.48856460
vt 2.77496800 0.48856460
vt 2.77496800 0.50571770
vt 0.48789430 0.48856460
vt 0.48789430 0.50571770
vt 2.77496800 0.50571770
vt 2.77496800 0.48856460
vt 0.46402770 0.48789430
vt 0.44422110 0.48789430
vt 0.44422110 2.77496800
vt 0.46402770 2.77496800
vt 0.48789430 0.50571770
vt 0.48789430 0.48856460
vt 2.77496800 0.48856460
vt 2.77496800 0.50571770
f 15/15/15 14/14/14 13/13/13
f 14/14/14 16/16/16 13/13/13
f 16/16/16 14/14/14 17/17/17
f 14/14/14 18/18/18 17/17/17
f 18/18/18 19/19/19 17/17/17
f 16/16/16 20/20/20 13/13/13
f 20/20/20 16/16/16 17/17/17
f 20/20/20 21/21/21 13/13/13
f 22/22/22 20/20/20 17/17/17
f 23/23/23 22/22/22 17/17/17
f 19/19/19 24/24/24 17/17/17
f 24/24/24 23/23/23 17/17/17
f 24/24/24 19/19/19 25/25/25
f 23/23/23 24/24/24 25/25/25
f 19/19/19 26/26/26 25/25/25
f 27/27/27 23/23/23 25/25/25
f 26/26/26 28/28/28 25/25/25
f 29/29/29 27/27/27 25/25/25
f 28/28/28 30/30/30 25/25/25
f 30/30/30 29/29/29 25/25/25
f 30/30/30 28/28/28 31/31/31
f 29/29/29 30/30/30 31/31/31
f 28/28/28 32/32/32 31/31/31
f 33/33/33 29/29/29 31/31/31
f 32/32/32 34/34/34 31/31/31
f 35/35/35 33/33/33 31/31/31
f 34/34/34 36/36/36 31/31/31
f 36/36/36 35/35/35 31/31/31
f 36/36/36 34/34/34 37/37/37
f 35/35/35 36/36/36 37/37/37
f 34/34/34 38/38/38 37/37/37
f 39/39/39 35/35/35 37/37/37
f 38/38/38 40/40/40 37/37/37
f 41/41/41 39/39/39 37/37/37
f 40/40/40 42/42/42 37/37/37
f 42/42/42 41/41/41 37/37/37
f 45/45/45 44/44/44 43/43/43
f 44/44/44 46/46/46 43/43/43
f 46/46/46 44/44/44 47/47/47
f 44/44/44 48/48/48 47/47/47
f 48/48/48 49/49/49 47/47/47
f 46/46/46 50/50/50 43/43/43
f 50/50/50 46/46/46 47/47/47
f 50/50/50 51/51/51 43/43/43
f 52/52/52 50/50/50 47/47/47
f 53/53/53 52/52/52 47/47/47
f 49/49/49 54/54/54 47/47/47
f 54/54/54 53/53/53 47/47/47
f 54/54/54 49/49/49 55/55/55
f 53/53/53 54/54/54 55/55/55
f 49/49/49 56/56/56 55/55/55
f 57/57/57 53/53/53 55/55/55
f 56/56/56 58/58/58 55/55/55
f 59/59/59 57/57/57 55/55/55
f 58/58/58 60/60/60 55/55/55
f 60/60/60 59/59/59 55/55/55
f 60/60/60 58/58/58 61/61/61
f 59/59/59 60/60/60 61/61/61
f 58/58/58 62/62/62 61/61/61
f 63/63/63 59/59/59 61/61/61
f 62/62/62 64/64/64 61/61/61
f 65/65/65 63/63/63 61/61/61
f 64/64/64 66/66/66 61/61/61
f 66/66/66 65/65/65 61/61/61
f 66/66/66 64/64/64 67/67/67
f 65/65/65 66/66/66 67/67/67
f 64/64/64 68/68/68 67/67/67
f 69/69/69 65/65/65 67/67/67
f 68/68/68 70/70/70 67/67/67
f 71/71/71 69/69/69 67/67/67
f 70/70/70 72/72/72 67/67/67
f 72/72/72 71/71/71 67/67/67
f 75/75/75 74/74/74 73/73/73
f 74/74/74 76/76/76 73/73/73
f 76/76/76 74/74/74 77/77/77
f 74/74/74 78/78/78 77/77/77
f 78/78/78 79/79/79 77/77/77
f 76/76/76 80/80/80 73/73/73
f 80/80/80 76/76/76 77/77/77
f 80/80/80 81/81/81 73/73/73
f 82/82/82 80/80/80 77/77/77
f 83/83/83 82/82/82 77/77/77
f 79/79/79 84/84/84 77/77/77
f 84/84/84 83/83/83 77/77/77
f 84/84/84 79/79/79 85/85/85
f 83/83/83 84/84/84 85/85/85
f 79/79/79 86/86/86 85/85/85
f 87/87/87 83/83/83 85/85/85
f 86/86/86 88/88/88 85/85/85
f 89/89/89 87/87/87 85/85/85
f 88/88/88 90/90/90 85/85/85
f 90/90/90 89/89/89 85/85/85
f 90/90/90 88/88/88 91/91/91
f 89/89/89 90/90/90 91/91/91
f 88/88/88 92/92/92 91/91/91
f 93/93/93 89/89/89 91/91/91
f 92/92/92 94/94/94 91/91/91
f 95/95/95 93/93/93 91/91/91
f 94/94/94 96/96/96 91/91/91
f 96/96/96 95/95/95 91/91/91
f 96/96/96 94/94/94 97/97/97
f 95/95/95 96/96/96 97/97/97
f 94/94/94 98/98/98 97/97/97
f 99/99/99 95/95/95 97/97/97
f 98/98/98 100/100/100 97/97/97
f 101/101/101 99/99/99 97/97/97
f 100/100/100 102/102/102 97/97/97
f 102/102/102 101/101/101 97/97/97
f 105/105/105 104/104/104 103/103/103
f 104/104/104 106/106/106 103/103/103
f 106/106/106 104/104/104 107/107/107
f 104/104/104 108/108/108 107/107/107
f 108/108/108 109/109/109 107/107/107
f 106/106/106 110/110/110 103/103/103
f 110/110/110 106/106/106 107/107/107
f 110/110/110 111/111/111 103/103/103
f 112/112/112 110/110/110 107/107/107
f 113/113/113 112/112/112 107/107/107
f 109/109/109 114/114/114 107/107/107
f 114/114/114 113/113/113 107/107/107
f 114/114/114 109/109/109 115/115/115
f 113/113/113 114/114/114 115/115/115
f 109/109/109 116/116/116 115/115/115
f 117/117/117 113/113/113 115/115/115
f 116/116/116 118/118/118 115/115/115
f 119/119/119 117/117/117 115/115/115
f 118/118/118 120/120/120 115/115/115
f 120/120/120 119/119/119 115/115/115
f 120/120/120 118/118/118 121/121/121
f 119/119/119 120/120/120 121/121/121
f 118/118/118 122/122/122 121/121/121
f 123/123/123 119/119/119 121/121/121
f 122/122/122 124/124/124 121/121/121
f 125/125/125 123/123/123 121/121/121
f 124/124/124 126/126/126 121/121/121
f 126/126/126 125/125/125 121/121/121
f 126/126/126 124/124/124 127/127/127
f 125/125/125 126/126/126 127/127/127
f 124/124/124 128/128/128 127/127/127
f 129/129/129 125/125/125 127/127/127
f 128/128/128 130/130/130 127/127/127
f 131/131/131 129/129/129 127/127/127
f 130/130/130 132/132/132 127/127/127
f 132/132/132 131/131/131 127/127/127
f 135/135/135 134/134/134 133/133/133
f 136/136/136 135/135/135 133/133/133
f 134/134/134 137/137/137 133/133/133
f 1/1/1 136/136/136 133/133/133
f 137/137/137 138/138/138 133/133/133
f 3/3/3 1/1/1 133/133/133
f 138/138/138 2/2/2 133/133/133
f 2/2/2 3/3/3 133/133/133
f 5/5/5 6/6/6 139/139/139
f 140/140/140 5/5/5 139/139/139
f 6/6/6 4/4/4 139/139/139
f 141/141/141 140/140/140 139/139/139
f 4/4/4 142/142/142 139/139/139
f 143/143/143 141/141/141 139/139/139
f 142/142/142 144/144/144 139/139/139
f 144/144/144 143/143/143 139/139/139
f 11/11/11 12/12/12 145/145/145
f 146/146/146 11/11/11 145/145/145
f 12/12/12 10/10/10 145/145/145
f 147/147/147 146/146/146 145/145/145
f 10/10/10 148/148/148 145/145/145
f 149/149/149 147/147/147 145/145/145
f 148/148/148 150/150/150 145/145/145
f 150/150/150 149/149/149 145/145/145
f 8/8/8 9/9/9 151/151/151
f 152/152/152 8/8/8 151/151/151
f 9/9/9 7/7/7 151/151/151
f 153/153/153 152/152/152 151/151/151
f 7/7/7 154/154/154 151/151/151
f 155/155/155 153/153/153 151/151/151
f 154/154/154 156/156/156 151/151/151
f 156/156/156 155/155/155 151/151/151
f 159/159/159 158/158/158 157/157/157
f 158/158/158 159/159/159 160/160/160
f 158/158/158 161/161/161 157/157/157
f 161/161/161 158/158/158 162/162/162
f 161/161/161 163/163/163 157/157/157
f 163/163/163 161/161/161 162/162/162
f 163/163/163 164/164/164 157/157/157
f 164/164/164 163/163/163 165/165/165
f 166/166/166 158/158/158 160/160/160
f 158/158/158 166/166/166 162/162/162
f 167/167/167 166/166/166 160/160/160
f 166/166/166 167/167/167 162/162/162
f 168/168/168 167/167/167 160/160/160
f 167/167/167 168/168/168 169/169/169
f 163/163/163 170/170/170 165/165/165
f 170/170/170 163/163/163 162/162/162
f 170/170/170 171/171/171 165/165/165
f 171/171/171 170/170/170 162/162/162
f 171/171/171 172/172/172 165/165/165
f 172/172/172 171/171/171 169/169/169
f 167/167/167 173/173/173 162/162/162
f 173/173/173 167/167/167 169/169/169
f 173/173/173 171/171/171 162/162/162
f 171/171/171 173/173/173 169/169/169
f 176/176/176 175/175/175 174/174/174
f 177/177/177 176/176/176 174/174/174
f 178/178/178 177/177/177 174/174/174
f 179/179/179 178/178/178 174/174/174
f 180/180/180 178/178/178 179/179/179
f 181/181/181 180/180/180 179/179/179
f 184/184/184 183/183/183 182/182/182
f 185/185/185 184/184/184 182/182/182
f 185/185/185 182/182/182 186/186/186
f 187/187/187 185/185/185 186/186/186
f 186/186/186 188/188/188 187/187/187
f 188/188/188 189/189/189 187/187/187
f 192/192/192 191/191/191 190/190/190
f 191/191/191 193/193/193 190/190/190
f 191/191/191 194/194/194 193/193/193
f 194/194/194 195/195/195 193/193/193
f 194/194/194 196/196/196 195/195/195
f 196/196/196 197/197/197 195/195/195
f 196/196/196 198/198/198 197/197/197
f 198/198/198 199/199/199 197/197/197
f 202/202/202 201/201/201 200/200/200
f 203/203/203 202/202/202 200/200/200
f 203/203/203 200/200/200 204/204/204
f 205/205/205 203/203/203 204/204/204
f 204/204/204 206/206/206 205/205/205
f 206/206/206 207/207/207 205/205/205
f 210/210/210 209/209/209 208/208/208
f 211/211/211 210/210/210 208/208/208
f 211/211/211 208/208/208 212/212/212
f 213/213/213 211/211/211 212/212/212
f 212/212/212 214/214/214 213/213/213
f 214/214/214 215/215/215 213/213/213
f 218/218/218 217/217/217 216/216/216
f 219/219/219 218/218/218 216/216/216
f 219/219/219 216/216/216 220/220/220
f 221/221/221 219/219/219 220/220/220
f 220/220/220 222/222/222 221/221/221
f 222/222/222 223/223/223 221/221/221
f 226/226/226 225/225/225 224/224/224
f 227/227/227 226/226/226 224/224/224
f 227/227/227 224/224/224 228/228/228
f 229/229/229 227/227/227 228/228/228
f 232/232/232 231/231/231 230/230/230
f 231/231/231 233/233/233 230/230/230
f 231/231/231 234/234/234 233/233/233
f 234/234/234 235/235/235 233/233/233
f 234/234/234 236/236/236 235/235/235
f 236/236/236 237/237/237 235/235/235
f 240/240/240 239/239/239 238/238/238
f 239/239/239 241/241/241 238/238/238
f 239/239/239 242/242/242 241/241/241
f 242/242/242 243/243/243 241/241/241
f 242/242/242 244/244/244 243/243/243
f 244/244/244 245/245/245 243/243/243
f 244/244/244 246/246/246 245/245/245
f 246/246/246 247/247/247 245/245/245
f 250/250/250 249/249/249 248/248/248
f 249/249/249 251/251/251 248/248/248
f 249/249/249 252/252/252 251/251/251
f 252/252/252 253/253/253 251/251/251
f 256/256/256 255/255/255 254/254/254
f 255/255/255 257/257/257 254/254/254
f 255/255/255 258/258/258 257/257/257
f 258/258/258 259/259/259 257/257/257
f 262/262/262 261/261/261 260/260/260
f 263/263/263 262/262/262 260/260/260
f 266/266/266 265/265/265 264/264/264
f 267/267/267 266/266/266 264/264/264
f 267/267/267 264/264/264 268/268/268
f 269/269/269 267/267/267 268/268/268
f 272/272/272 271/271/271 270/270/270
f 271/271/271 273/273/273 270/270/270
f 271/271/271 274/274/274 273/273/273
f 274/274/274 275/275/275 273/273/273
f 278/278/278 277/277/277 276/276/276
f 277/277/277 279/279/279 276/276/276
f 277/277/277 280/280/280 279/279/279
f 280/280/280 281/281/281 279/279/279
f 284/284/284 283/283/283 282/282/282
f 283/283/283 285/285/285 282/282/282
f 283/283/283 286/286/286 285/285/285
f 286/286/286 287/287/287 285/285/285
f 290/290/290 289/289/289 288/288/288
f 289/289/289 291/291/291 288/288/288
f 289/289/289 292/292/292 291/291/291
f 292/292/292 293/293/293 291/291/291
f 292/292/292 294/294/294 293/293/293
f 294/294/294 295/295/295 293/293/293
f 298/298/298 297/297/297 296/296/296
f 297/297/297 299/299/299 296/296/296
f 297/297/297 300/300/300 299/299/299
f 300/300/300 301/301/301 299/299/299
f 300/300/300 302/302/302 301/301/301
f 302/302/302 303/303/303 301/301/301
f 306/306/306 305/305/305 304/304/304
f 305/305/305 307/307/307 304/304/304
f 305/305/305 308/308/308 307/307/307
f 308/308/308 309/309/309 307/307/307
f 312/312/312 311/311/311 310/310/310
f 313/313/313 312/312/312 310/310/310
f 316/316/316 315/315/315 314/314/314
f 315/315/315 317/317/317 314/314/314
f 317/317/317 315/315/315 318/318/318
f 315/315/315 319/319/319 318/318/318
f 318/318/318 319/319/319 320/320/320
f 319/319/319 321/321/321 320/320/320
f 324/324/324 323/323/323 322/322/322
f 325/325/325 324/324/324 322/322/322
f 328/328/328 327/327/327 326/326/326
f 329/329/329 328/328/328 326/326/326
f 332/332/332 331/331/331 330/330/330
f 331/331/331 333/333/333 330/330/330
f 333/333/333 331/331/331 334/334/334
f 331/331/331 335/335/335 334/334/334
f 338/338/338 337/337/337 336/336/336
f 337/337/337 339/339/339 336/336/336
f 339/339/339 337/337/337 340/340/340
f 337/337/337 341/341/341 340/340/340
f 344/344/344 343/343/343 342/342/342
f 343/343/343 345/345/345 342/342/342
f 345/345/345 343/343/343 346/346/346
f 343/343/343 347/347/347 346/346/346
f 350/350/350 349/349/349 348/348/348
f 351/351/351 350/350/350 348/348/348
f 352/352/352 351/351/351 348/348/348
f 353/353/353 352/352/352 348/348/348
f 354/354/354 352/352/352 353/353/353
f 355/355/355 354/354/354 353/353/353
f 358/358/358 357/357/357 356/356/356
f 357/357/357 359/359/359 356/356/356
f 356/356/356 359/359/359 360/360/360
f 359/359/359 361/361/361 360/360/360
f 361/361/361 362/362/362 360/360/360
f 362/362/362 363/363/363 360/360/360
f 366/366/366 365/365/365 364/364/364
f 367/367/367 366/366/366 364/364/364
f 368/368/368 366/366/366 367/367/367
f 369/369/369 368/368/368 367/367/367
f 370/370/370 368/368/368 369/369/369
f 371/371/371 370/370/370 369/369/369
f 372/372/372 370/370/370 371/371/371
f 373/373/373 372/372/372 371/371/371
f 376/376/376 375/375/375 374/374/374
f 375/375/375 377/377/377 374/374/374
f 374/374/374 377/377/377 378/378/378
f 377/377/377 379/379/379 378/378/378
f 379/379/379 380/380/380 378/378/378
f 380/380/380 381/381/381 378/378/378
f 384/384/384 383/383/383 382/382/382
f 383/383/383 385/385/385 382/382/382
f 382/382/382 385/385/385 386/386/386
f 385/385/385 387/387/387 386/386/386
f 390/390/390 389/389/389 388/388/388
f 391/391/391 390/390/390 388/388/388
f 392/392/392 390/390/390 391/391/391
f 393/393/393 392/392/392 391/391/391
f 394/394/394 392/392/392 393/393/393
f 395/395/395 394/394/394 393/393/393
f 398/398/398 397/397/397 396/396/396
f 399/399/399 398/398/398 396/396/396
f 400/400/400 398/398/398 399/399/399
f 401/401/401 400/400/400 399/399/399
f 402/402/402 400/400/400 401/401/401
f 403/403/403 402/402/402 401/401/401
f 404/404/404 402/402/402 403/403/403
f 405/405/405 404/404/404 403/403/403
f 408/408/408 407/407/407 406/406/406
f 409/409/409 408/408/408 406/406/406
f 410/410/410 408/408/408 409/409/409
f 411/411/411 410/410/410 409/409/409
f 414/414/414 413/413/413 412/412/412
f 415/415/415 414/414/414 412/412/412
f 416/416/416 414/414/414 415/415/415
f 417/417/417 416/416/416 415/415/415
f 420/420/420 419/419/419 418/418/418
f 421/421/421 420/420/420 418/418/418
f 424/424/424 423/423/423 422/422/422
f 423/423/423 425/425/425 422/422/422
f 422/422/422 425/425/425 426/426/426
f 425/425/425 427/427/427 426/426/426
f 430/430/430 429/429/429 428/428/428
f 431/431/431 430/430/430 428/428/428
f 432/432/432 430/430/430 431/431/431
f 433/433/433 432/432/432 431/431/431
f 436/436/436 435/435/435 434/434/434
f 437/437/437 436/436/436 434/434/434
f 438/438/438 436/436/436 437/437/437
f 439/439/439 438/438/438 437/437/437
f 442/442/442 441/441/441 440/440/440
f 443/443/443 442/442/442 440/440/440
f 444/444/444 442/442/442 443/443/443
f 445/445/445 444/444/444 443/443/443
f 448/448/448 447/447/447 446/446/446
f 449/449/449 448/448/448 446/446/446
f 450/450/450 448/448/448 449/449/449
f 451/451/451 450/450/450 449/449/449
f 454/454/454 453/453/453 452/452/452
f 455/455/455 454/454/454 452/452/452
f 456/456/456 454/454/454 455/455/455
f 457/457/457 456/456/456 455/455/455
f 458/458/458 456/456/456 457/457/457
f 459/459/459 458/458/458 457/457/457
f 462/462/462 461/461/461 460/460/460
f 463/463/463 462/462/462 460/460/460
f 464/464/464 462/462/462 463/463/463
f 465/465/465 464/464/464 463/463/463
f 468/468/468 467/467/467 466/466/466
f 469/469/469 468/468/468 466/466/466
f 472/472/472 471/471/471 470/470/470
f 473/473/473 472/472/472 470/470/470
f 476/476/476 475/475/475 474/474/474
f 477/477/477 476/476/476 474/474/474
f 480/480/480 479/479/479 478/478/478
f 481/481/481 480/480/480 478/478/478
f 484/484/484 483/483/483 482/482/482
f 485/485/485 484/484/484 482/482/482
f 488/488/488 487/487/487 486/486/486
f 487/487/487 489/489/489 486/486/486
f 487/487/487 490/490/490 489/489/489
f 490/490/490 491/491/491 489/489/489
f 491/491/491 490/490/490 492/492/492
f 490/490/490 493/493/493 492/492/492
f 492/492/492 493/493/493 494/494/494
f 493/493/493 495/495/495 494/494/494
f 498/498/498 497/497/497 496/496/496
f 499/499/499 498/498/498 496/496/496
f 502/502/502 501/501/501 500/500/500
f 503/503/503 502/502/502 500/500/500
f 506/506/506 505/505/505 504/504/504
f 505/505/505 507/507/507 504/504/504
f 505/505/505 508/508/508 507/507/507
f 508/508/508 509/509/509 507/507/507
f 508/508/508 510/510/510 509/509/509
f 510/510/510 511/511/511 509/509/509
f 511/511/511 510/510/510 512/512/512
f 510/510/510 513/513/513 512/512/512
f 512/512/512 513/513/513 514/514/514
f 513/513/513 515/515/515 514/514/514
f 514/514/514 515/515/515 516/516/516
f 515/515/515 517/517/517 516/516/516
f 520/520/520 519/519/519 518/518/518
f 521/521/521 520/520/520 518/518/518
f 524/524/524 523/523/523 522/522/522
f 523/523/523 525/525/525 522/522/522
f 523/523/523 526/526/526 525/525/525
f 526/526/526 527/527/527 525/525/525
f 527/527/527 526/526/526 528/528/528
f 526/526/526 529/529/529 528/528/528
f 528/528/528 529/529/529 530/530/530
f 529/529/529 531/531/531 530/530/530
f 534/534/534 533/533/533 532/532/532
f 533/533/533 535/535/535 532/532/532
f 533/533/533 536/536/536 535/535/535
f 536/536/536 537/537/537 535/535/535
f 537/537/537 536/536/536 538/538/538
f 536/536/536 539/539/539 538/538/538
f 538/538/538 539/539/539 540/540/540
f 539/539/539 541/541/541 540/540/540
f 544/544/544 543/543/543 542/542/542
f 545/545/545 544/544/544 542/542/542
f 548/548/548 547/547/547 546/546/546
f 549/549/549 548/548/548 546/546/546
f 552/552/552 551/551/551 550/550/550
f 553/553/553 552/552/552 550/550/550
f 556/556/556 555/555/555 554/554/554
f 557/557/557 556/556/556 554/554/554
f 560/560/560 559/559/559 558/558/558
f 561/561/561 560/560/560 558/558/558
f 564/564/564 563/563/563 562/562/562
f 563/563/563 565/565/565 562/562/562
f 565/565/565 563/563/563 566/566/566
f 563/563/563 567/567/567 566/566/566
f 567/567/567 568/568/568 566/566/566
f 565/565/565 569/569/569 562/562/562
f 569/569/569 565/565/565 566/566/566
f 569/569/569 570/570/570 562/562/562
f 571/571/571 569/569/569 566/566/566
f 572/572/572 571/571/571 566/566/566
f 568/568/568 573/573/573 566/566/566
f 573/573/573 572/572/572 566/566/566
f 573/573/573 568/568/568 574/574/574
f 572/572/572 573/573/573 574/574/574
f 568/568/568 575/575/575 574/574/574
f 576/576/576 572/572/572 574/574/574
f 575/575/575 577/577/577 574/574/574
f 578/578/578 576/576/576 574/574/574
f 577/577/577 579/579/579 574/574/574
f 579/579/579 578/578/578 574/574/574
f 579/579/579 577/577/577 580/580/580
f 578/578/578 579/579/579 580/580/580
f 577/577/577 581/581/581 580/580/580
f 582/582/582 578/578/578 580/580/580
f 581/581/581 583/583/583 580/580/580
f 584/584/584 582/582/582 580/580/580
f 583/583/583 585/585/585 580/580/580
f 585/585/585 584/584/584 580/580/580
f 588/588/588 587/587/587 586/586/586
f 587/587/587 589/589/589 586/586/586
f 589/589/589 587/587/587 590/590/590
f 587/587/587 591/591/591 590/590/590
f 591/591/591 592/592/592 590/590/590
f 589/589/589 593/593/593 586/586/586
f 593/593/593 589/589/589 590/590/590
f 593/593/593 594/594/594 586/586/586
f 595/595/595 593/593/593 590/590/590
f 596/596/596 595/595/595 590/590/590
f 592/592/592 597/597/597 590/590/590
f 597/597/597 596/596/596 590/590/590
f 597/597/597 592/592/592 598/598/598
f 596/596/596 597/597/597 598/598/598
f 592/592/592 599/599/599 598/598/598
f 600/600/600 596/596/596 598/598/598
f 599/599/599 601/601/601 598/598/598
f 602/602/602 600/600/600 598/598/598
f 601/601/601 603/603/603 598/598/598
f 603/603/603 602/602/602 598/598/598
f 603/603/603 601/601/601 604/604/604
f 602/602/602 603/603/603 604/604/604
f 601/601/601 605/605/605 604/604/604
f 606/606/606 602/602/602 604/604/604
f 605/605/605 607/607/607 604/604/604
f 608/608/608 606/606/606 604/604/604
f 607/607/607 609/609/609 604/604/604
f 609/609/609 608/608/608 604/604/604
f 612/612/612 611/611/611 610/610/610
f 611/611/611 613/613/613 610/610/610
f 613/613/613 611/611/611 614/614/614
f 611/611/611 615/615/615 614/614/614
f 615/615/615 616/616/616 614/614/614
f 613/613/613 617/617/617 610/610/610
f 617/617/617 613/613/613 614/614/614
f 617/617/617 618/618/618 610/610/610
f 619/619/619 617/617/617 614/614/614
f 620/620/620 619/619/619 614/614/614
f 616/616/616 621/621/621 614/614/614
f 621/621/621 620/620/620 614/614/614
f 621/621/621 616/616/616 622/622/622
f 620/620/620 621/621/621 622/622/622
f 616/616/616 623/623/623 622/622/622
f 624/624/624 620/620/620 622/622/622
f 623/623/623 625/625/625 622/622/622
f 626/626/626 624/624/624 622/622/622
f 625/625/625 627/627/627 622/622/622
f 627/627/627 626/626/626 622/622/622
f 627/627/627 625/625/625 628/628/628
f 626/626/626 627/627/627 628/628/628
f 625/625/625 629/629/629 628/628/628
f 630/630/630 626/626/626 628/628/628
f 629/629/629 631/631/631 628/628/628
f 632/632/632 630/630/630 628/628/628
f 631/631/631 633/633/633 628/628/628
f 633/633/633 632/632/632 628/628/628
f 636/636/636 635/635/635 634/634/634
f 635/635/635 637/637/637 634/634/634
f 637/637/637 635/635/635 638/638/638
f 635/635/635 639/639/639 638/638/638
f 639/639/639 640/640/640 638/638/638
f 637/637/637 641/641/641 634/634/634
f 641/641/641 637/637/637 638/638/638
f 641/641/641 642/642/642 634/634/634
f 643/643/643 641/641/641 638/638/638
f 644/644/644 643/643/643 638/638/638
f 640/640/640 645/645/645 638/638/638
f 645/645/645 644/644/644 638/638/638
f 645/645/645 640/640/640 646/646/646
f 644/644/644 645/645/645 646/646/646
f 640/640/640 647/647/647 646/646/646
f 648/648/648 644/644/644 646/646/646
f 647/647/647 649/649/649 646/646/646
f 650/650/650 648/648/648 646/646/646
f 649/649/649 651/651/651 646/646/646
f 651/651/651 650/650/650 646/646/646
f 651/651/651 649/649/649 652/652/652
f 650/650/650 651/651/651 652/652/652
f 649/649/649 653/653/653 652/652/652
f 654/654/654 650/650/650 652/652/652
f 653/653/653 655/655/655 652/652/652
f 656/656/656 654/654/654 652/652/652
f 655/655/655 657/657/657 652/652/652
f 657/657/657 656/656/656 652/652/652
f 660/660/660 659/659/659 658/658/658
f 659/659/659 660/660/660 661/661/661
f 659/659/659 662/662/662 658/658/658
f 662/662/662 659/659/659 663/663/663
f 662/662/662 664/664/664 658/658/658
f 664/664/664 662/662/662 663/663/663
f 664/664/664 665/665/665 658/658/658
f 665/665/665 664/664/664 666/666/666
f 667/667/667 659/659/659 661/661/661
f 659/659/659 667/667/667 663/663/663
f 668/668/668 667/667/667 661/661/661
f 667/667/667 668/668/668 663/663/663
f 669/669/669 668/668/668 661/661/661
f 668/668/668 669/669/669 670/670/670
f 664/664/664 671/671/671 666/666/666
f 671/671/671 664/664/664 663/663/663
f 671/671/671 672/672/672 666/666/666
f 672/672/672 671/671/671 663/663/663
f 672/672/672 673/673/673 666/666/666
f 673/673/673 672/672/672 670/670/670
f 668/668/668 674/674/674 663/663/663
f 674/674/674 668/668/668 670/670/670
f 674/674/674 672/672/672 663/663/663
f 672/672/672 674/674/674 670/670/670
f 677/677/677 676/676/676 675/675/675
f 680/680/680 679/679/679 678/678/678
f 683/683/683 682/682/682 681/681/681
f 686/686/686 685/685/685 684/684/684
f 689/689/689 688/688/688 687/687/687
f 692/692/692 691/691/691 690/690/690
f 695/695/695 694/694/694 693/693/693
f 698/698/698 697/697/697 696/696/696
f 701/701/701 700/700/700 699/699/699
f 704/704/704 703/703/703 702/702/702
f 707/707/707 706/706/706 705/705/705
f 710/710/710 709/709/709 708/708/708
f 713/713/713 712/712/712 711/711/711
f 716/716/716 715/715/715 714/714/714
f 719/719/719 718/718/718 717/717/717
f 722/722/722 721/721/721 720/720/720
f 725/725/725 724/724/724 723/723/723
f 728/728/728 727/727/727 726/726/726
f 731/731/731 730/730/730 729/729/729
f 734/734/734 733/733/733 732/732/732
f 737/737/737 736/736/736 735/735/735
f 740/740/740 739/739/739 738/738/738
f 743/743/743 742/742/742 741/741/741
f 746/746/746 745/745/745 744/744/744
f 749/749/749 748/748/748 747/747/747
f 752/752/752 751/751/751 750/750/750
f 755/755/755 754/754/754 753/753/753
f 758/758/758 757/757/757 756/756/756
f 761/761/761 760/760/760 759/759/759
f 764/764/764 763/763/763 762/762/762
f 767/767/767 766/766/766 765/765/765
f 770/770/770 769/769/769 768/768/768
f 773/773/773 772/772/772 771/771/771
f 776/776/776 775/775/775 774/774/774
f 779/779/779 778/778/778 777/777/777
f 782/782/782 781/781/781 780/780/780
f 785/785/785 784/784/784 783/783/783
f 788/788/788 787/787/787 786/786/786
f 791/791/791 790/790/790 789/789/789
f 794/794/794 793/793/793 792/792/792
f 797/797/797 796/796/796 795/795/795
f 800/800/800 799/799/799 798/798/798
f 803/803/803 802/802/802 801/801/801
f 806/806/806 805/805/805 804/804/804
f 809/809/809 808/808/808 807/807/807
f 812/812/812 811/811/811 810/810/810
f 815/815/815 814/814/814 813/813/813
f 818/818/818 817/817/817 816/816/816
f 821/821/821 820/820/820 819/819/819
f 824/824/824 823/823/823 822/822/822
f 827/827/827 826/826/826 825/825/825
f 830/830/830 829/829/829 828/828/828
f 833/833/833 832/832/832 831/831/831
f 836/836/836 835/835/835 834/834/834
f 839/839/839 838/838/838 837/837/837
f 842/842/842 841/841/841 840/840/840
f 845/845/845 844/844/844 843/843/843
f 848/848/848 847/847/847 846/846/846
f 851/851/851 850/850/850 849/849/849
f 854/854/854 853/853/853 852/852/852
f 857/857/857 856/856/856 855/855/855
f 860/860/860 859/859/859 858/858/858
f 863/863/863 862/862/862 861/861/861
f 866/866/866 865/865/865 864/864/864
f 869/869/869 868/868/868 867/867/867
f 872/872/872 871/871/871 870/870/870
f 875/875/875 874/874/874 873/873/873
f 878/878/878 877/877/877 876/876/876
f 881/881/881 880/880/880 879/879/879
f 884/884/884 883/883/883 882/882/882
f 887/887/887 886/886/886 885/885/885
f 890/890/890 889/889/889 888/888/888
f 893/893/893 892/892/892 891/891/891
f 896/896/896 895/895/895 894/894/894
f 899/899/899 898/898/898 897/897/897
f 902/902/902 901/901/901 900/900/900
f 905/905/905 904/904/904 903/903/903
f 906/906/906 905/905/905 903/903/903
f 909/909/909 908/908/908 907/907/907
f 910/910/910 909/909/909 907/907/907
f 913/913/913 912/912/912 911/911/911
f 914/914/914 913/913/913 911/911/911
f 917/917/917 916/916/916 915/915/915
f 918/918/918 917/917/917 915/915/915
f 921/921/921 920/920/920 919/919/919
f 922/922/922 921/921/921 919/919/919
f 925/925/925 924/924/924 923/923/923
f 926/926/926 925/925/925 923/923/923
f 929/929/929 928/928/928 927/927/927
f 930/930/930 929/929/929 927/927/927
f 933/933/933 932/932/932 931/931/931
f 934/934/934 933/933/933 931/931/931
f 937/937/937 936/936/936 935/935/935
f 938/938/938 937/937/937 935/935/935
f 941/941/941 940/940/940 939/939/939
f 942/942/942 941/941/941 939/939/939
f 945/945/945 944/944/944 943/943/943
f 946/946/946 945/945/945 943/943/943
f 949/949/949 948/948/948 947/947/947
f 950/950/950 949/949/949 947/947/947
f 953/953/953 952/952/952 951/951/951
f 954/954/954 953/953/953 951/951/951
f 957/957/957 956/956/956 955/955/955
f 958/958/958 957/957/957 955/955/955
f 961/961/961 960/960/960 959/959/959
f 962/962/962 961/961/961 959/959/959
f 965/965/965 964/964/964 963/963/963
f 966/966/966 965/965/965 963/963/963
f 969/969/969 968/968/968 967/967/967
f 970/970/970 969/969/969 967/967/967
f 973/973/973 972/972/972 971/971/971
f 974/974/974 973/973/973 971/971/971
f 977/977/977 976/976/976 975/975/975
f 978/978/978 977/977/977 975/975/975
f 981/981/981 980/980/980 979/979/979
f 982/982/982 981/981/981 979/979/979
f 985/985/985 984/984/984 983/983/983
f 986/986/986 985/985/985 983/983/983
f 989/989/989 988/988/988 987/987/987
f 990/990/990 989/989/989 987/987/987
f 993/993/993 992/992/992 991/991/991
f 994/994/994 993/993/993 991/991/991
f 997/997/997 996/996/996 995/995/995
f 998/998/998 997/997/997 995/995/995
f 1001/1001/1001 1000/1000/1000 999/999/999
f 1002/1002/1002 1001/1001/1001 999/999/999
f 1005/1005/1005 1004/1004/1004 1003/1003/1003
f 1006/1006/1006 1005/1005/1005 1003/1003/1003
f 1009/1009/1009 1008/1008/1008 1007/1007/1007
f 1010/1010/1010 1009/1009/1009 1007/1007/1007
f 1013/1013/1013 1012/1012/1012 1011/1011/1011
f 1014/1014/1014 1013/1013/1013 1011/1011/1011
f 1017/1017/1017 1016/1016/1016 1015/1015/1015
f 1018/1018/1018 1017/1017/1017 1015/1015/1015
f 1021/1021/1021 1020/1020/1020 1019/1019/1019
f 1022/1022/1022 1021/1021/1021 1019/1019/1019
f 1025/1025/1025 1024/1024/1024 1023/1023/1023
f 1026/1026/1026 1025/1025/1025 1023/1023/1023
f 1029/1029/1029 1028/1028/1028 1027/1027/1027
f 1030/1030/1030 1029/1029/1029 1027/1027/1027
f 1033/1033/1033 1032/1032/1032 1031/1031/1031
f 1034/1034/1034 1033/1033/1033 1031/1031/1031
f 1037/1037/1037 1036/1036/1036 1035/1035/1035
f 1038/1038/1038 1037/1037/1037 1035/1035/1035
f 1041/1041/1041 1040/1040/1040 1039/1039/1039
f 1042/1042/1042 1041/1041/1041 1039/1039/1039
f 1045/1045/1045 1044/1044/1044 1043/1043/1043
f 1046/1046/1046 1045/1045/1045 1043/1043/1043
f 1049/1049/1049 1048/1048/1048 1047/1047/1047
f 1050/1050/1050 1049/1049/1049 1047/1047/1047
f 1053/1053/1053 1052/1052/1052 1051/1051/1051
f 1054/1054/1054 1053/1053/1053 1051/1051/1051
f 1057/1057/1057 1056/1056/1056 1055/1055/1055
f 1058/1058/1058 1057/1057/1057 1055/1055/1055
f 1061/1061/1061 1060/1060/1060 1059/1059/1059
f 1062/1062/1062 1061/1061/1061 1059/1059/1059
f 1065/1065/1065 1064/1064/1064 1063/1063/1063
f 1066/1066/1066 1065/1065/1065 1063/1063/1063
f 1069/1069/1069 1068/1068/1068 1067/1067/1067
f 1070/1070/1070 1069/1069/1069 1067/1067/1067
f 1073/1073/1073 1072/1072/1072 1071/1071/1071
f 1074/1074/1074 1073/1073/1073 1071/1071/1071
f 1077/1077/1077 1076/1076/1076 1075/1075/1075
f 1078/1078/1078 1077/1077/1077 1075/1075/1075
f 1081/1081/1081 1080/1080/1080 1079/1079/1079
f 1082/1082/1082 1081/1081/1081 1079/1079/1079
f 1085/1085/1085 1084/1084/1084 1083/1083/1083
f 1086/1086/1086 1085/1085/1085 1083/1083/1083
f 1089/1089/1089 1088/1088/1088 1087/1087/1087
f 1090/1090/1090 1089/1089/1089 1087/1087/1087
f 1093/1093/1093 1092/1092/1092 1091/1091/1091
f 1094/1094/1094 1093/1093/1093 1091/1091/1091
f 1097/1097/1097 1096/1096/1096 1095/1095/1095
f 1098/1098/1098 1097/1097/1097 1095/1095/1095
f 1101/1101/1101 1100/1100/1100 1099/1099/1099
f 1102/1102/1102 1101/1101/1101 1099/1099/1099
f 1105/1105/1105 1104/1104/1104 1103/1103/1103
f 1106/1106/1106 1105/1105/1105 1103/1103/1103
f 1109/1109/1109 1108/1108/1108 1107/1107/1107
f 1110/1110/1110 1109/1109/1109 1107/1107/1107
f 1113/1113/1113 1112/1112/1112 1111/1111/1111
f 1114/1114/1114 1113/1113/1113 1111/1111/1111
f 1117/1117/1117 1116/1116/1116 1115/1115/1115
f 1118/1118/1118 1117/1117/1117 1115/1115/1115
f 1121/1121/1121 1120/1120/1120 1119/1119/1119
f 1122/1122/1122 1121/1121/1121 1119/1119/1119
f 1125/1125/1125 1124/1124/1124 1123/1123/1123
f 1126/1126/1126 1125/1125/1125 1123/1123/1123
f 1129/1129/1129 1128/1128/1128 1127/1127/1127
f 1130/1130/1130 1129/1129/1129 1127/1127/1127
f 1133/1133/1133 1132/1132/1132 1131/1131/1131
f 1134/1134/1134 1133/1133/1133 1131/1131/1131
f 1137/1137/1137 1136/1136/1136 1135/1135/1135
f 1138/1138/1138 1137/1137/1137 1135/1135/1135
f 1141/1141/1141 1140/1140/1140 1139/1139/1139
f 1142/1142/1142 1141/1141/1141 1139/1139/1139
f 1145/1145/1145 1144/1144/1144 1143/1143/1143
f 1146/1146/1146 1145/1145/1145 1143/1143/1143
f 1149/1149/1149 1148/1148/1148 1147/1147/1147
f 1150/1150/1150 1149/1149/1149 1147/1147/1147
f 1153/1153/1153 1152/1152/1152 1151/1151/1151
f 1154/1154/1154 1153/1153/1153 1151/1151/1151
f 1157/1157/1157 1156/1156/1156 1155/1155/1155
f 1158/1158/1158 1157/1157/1157 1155/1155/1155
f 1161/1161/1161 1160/1160/1160 1159/1159/1159
f 1162/1162/1162 1161/1161/1161 1159/1159/1159
f 1165/1165/1165 1164/1164/1164 1163/1163/1163
f 1166/1166/1166 1165/1165/1165 1163/1163/1163
f 1169/1169/1169 1168/1168/1168 1167/1167/1167
f 1170/1170/1170 1169/1169/1169 1167/1167/1167
f 1173/1173/1173 1172/1172/1172 1171/1171/1171
f 1174/1174/1174 1173/1173/1173 1171/1171/1171
f 1177/1177/1177 1176/1176/1176 1175/1175/1175
f 1178/1178/1178 1177/1177/1177 1175/1175/1175
f 1181/1181/1181 1180/1180/1180 1179/1179/1179
f 1182/1182/1182 1181/1181/1181 1179/1179/1179
f 1185/1185/1185 1184/1184/1184 1183/1183/1183
f 1186/1186/1186 1185/1185/1185 1183/1183/1183
f 1189/1189/1189 1188/1188/1188 1187/1187/1187
f 1190/1190/1190 1189/1189/1189 1187/1187/1187
f 1193/1193/1193 1192/1192/1192 1191/1191/1191
f 1194/1194/1194 1193/1193/1193 1191/1191/1191
f 1197/1197/1197 1196/1196/1196 1195/1195/1195
f 1198/1198/1198 1197/1197/1197 1195/1195/1195
f 1201/1201/1201 1200/1200/1200 1199/1199/1199
f 1202/1202/1202 1201/1201/1201 1199/1199/1199
f 1205/1205/1205 1204/1204/1204 1203/1203/1203
f 1206/1206/1206 1205/1205/1205 1203/1203/1203
f 1209/1209/1209 1208/1208/1208 1207/1207/1207
f 1210/1210/1210 1209/1209/1209 1207/1207/1207
f 1213/1213/1213 1212/1212/1212 1211/1211/1211
f 1214/1214/1214 1213/1213/1213 1211/1211/1211
f 1217/1217/1217 1216/1216/1216 1215/1215/1215
f 1218/1218/1218 1217/1217/1217 1215/1215/1215
f 1221/1221/1221 1220/1220/1220 1219/1219/1219
f 1222/1222/1222 1221/1221/1221 1219/1219/1219
f 1225/1225/1225 1224/1224/1224 1223/1223/1223
f 1226/1226/1226 1225/1225/1225 1223/1223/1223
f 1229/1229/1229 1228/1228/1228 1227/1227/1227
f 1230/1230/1230 1229/1229/1229 1227/1227/1227
f 1233/1233/1233 1232/1232/1232 1231/1231/1231
f 1234/1234/1234 1233/1233/1233 1231/1231/1231
f 1237/1237/1237 1236/1236/1236 1235/1235/1235
f 1238/1238/1238 1237/1237/1237 1235/1235/1235
f 1241/1241/1241 1240/1240/1240 1239/1239/1239
f 1242/1242/1242 1241/1241/1241 1239/1239/1239
f 1245/1245/1245 1244/1244/1244 1243/1243/1243
f 1246/1246/1246 1245/1245/1245 1243/1243/1243
f 1249/1249/1249 1248/1248/1248 1247/1247/1247
f 1250/1250/1250 1249/1249/1249 1247/1247/1247
f 1253/1253/1253 1252/1252/1252 1251/1251/1251
f 1254/1254/1254 1253/1253/1253 1251/1251/1251
f 1257/1257/1257 1256/1256/1256 1255/1255/1255
f 1258/1258/1258 1257/1257/1257 1255/1255/1255
f 1261/1261/1261 1260/1260/1260 1259/1259/1259
f 1262/1262/1262 1261/1261/1261 1259/1259/1259
f 1265/1265/1265 1264/1264/1264 1263/1263/1263
f 1266/1266/1266 1265/1265/1265 1263/1263/1263
f 1269/1269/1269 1268/1268/1268 1267/1267/1267
f 1270/1270/1270 1269/1269/1269 1267/1267/1267
f 1273/1273/1273 1272/1272/1272 1271/1271/1271
f 1274/1274/1274 1273/1273/1273 1271/1271/1271
f 1277/1277/1277 1276/1276/1276 1275/1275/1275
f 1278/1278/1278 1277/1277/1277 1275/1275/1275
f 1281/1281/1281 1280/1280/1280 1279/1279/1279
f 1282/1282/1282 1281/1281/1281 1279/1279/1279
f 1285/1285/1285 1284/1284/1284 1283/1283/1283
f 1286/1286/1286 1285/1285/1285 1283/1283/1283
f 1289/1289/1289 1288/1288/1288 1287/1287/1287
f 1290/1290/1290 1289/1289/1289 1287/1287/1287
f 1293/1293/1293 1292/1292/1292 1291/1291/1291
f 1294/1294/1294 1293/1293/1293 1291/1291/1291
f 1297/1297/1297 1296/1296/1296 1295/1295/1295
f 1298/1298/1298 1297/1297/1297 1295/1295/1295
f 1301/1301/1301 1300/1300/1300 1299/1299/1299
f 1302/1302/1302 1301/1301/1301 1299/1299/1299
f 1305/1305/1305 1304/1304/1304 1303/1303/1303
f 1306/1306/1306 1305/1305/1305 1303/1303/1303
f 1309/1309/1309 1308/1308/1308 1307/1307/1307
f 1310/1310/1310 1309/1309/1309 1307/1307/1307
f 1313/1313/1313 1312/1312/1312 1311/1311/1311
f 1314/1314/1314 1313/1313/1313 1311/1311/1311
f 1317/1317/1317 1316/1316/1316 1315/1315/1315
f 1318/1318/1318 1317/1317/1317 1315/1315/1315
f 1321/1321/1321 1320/1320/1320 1319/1319/1319
f 1322/1322/1322 1321/1321/1321 1319/1319/1319
f 1325/1325/1325 1324/1324/1324 1323/1323/1323
f 1326/1326/1326 1325/1325/1325 1323/1323/1323
f 1329/1329/1329 1328/1328/1328 1327/1327/1327
f 1330/1330/1330 1329/1329/1329 1327/1327/1327
f 1333/1333/1333 1332/1332/1332 1331/1331/1331
f 1334/1334/1334 1333/1333/1333 1331/1331/1331
f 1337/1337/1337 1336/1336/1336 1335/1335/1335
f 1338/1338/1338 1337/1337/1337 1335/1335/1335
f 1341/1341/1341 1340/1340/1340 1339/1339/1339
f 1342/1342/1342 1341/1341/1341 1339/1339/1339
f 1345/1345/1345 1344/1344/1344 1343/1343/1343
f 1346/1346/1346 1345/1345/1345 1343/1343/1343
f 1349/1349/1349 1348/1348/1348 1347/1347/1347
f 1350/1350/1350 1349/1349/1349 1347/1347/1347
f 1353/1353/1353 1352/1352/1352 1351/1351/1351
f 1354/1354/1354 1353/1353/1353 1351/1351/1351
f 1357/1357/1357 1356/1356/1356 1355/1355/1355
f 1358/1358/1358 1357/1357/1357 1355/1355/1355

