solid /home/lambda1/Documents/thor-grasp/assets/rum_gripper/meshes/new_left_new.stl
facet normal 0 0 0
outer loop
vertex -4.347223e-02 -7.079907e-03 -8.887015e-03
vertex -3.638727e-02 -7.557931e-03 -2.526415e-02
vertex -3.523566e-02 -3.491108e-02 -5.955114e-03
endloop
endfacet
facet normal 0 0 0
outer loop
vertex -4.347223e-02 -7.079907e-03 -8.887015e-03
vertex -3.523566e-02 -3.491108e-02 -5.955114e-03
vertex -4.437112e-02 -8.196730e-03 9.067688e-03
endloop
endfacet
facet normal 0 0 0
outer loop
vertex -4.347223e-02 -7.079907e-03 -8.887015e-03
vertex -4.437112e-02 -8.196730e-03 9.067688e-03
vertex -4.933226e-02 1.824454e-02 8.680786e-03
endloop
endfacet
facet normal 0 0 0
outer loop
vertex -2.968187e-02 -3.474912e-02 -1.888768e-02
vertex -2.101136e-02 -3.484721e-02 -2.815074e-02
vertex -1.140617e-02 -4.975566e-02 -1.614172e-02
endloop
endfacet
facet normal 0 0 0
outer loop
vertex -1.140617e-02 -4.975566e-02 -1.614172e-02
vertex -2.101136e-02 -3.484721e-02 -2.815074e-02
vertex -1.909308e-02 -3.524554e-02 -2.937466e-02
endloop
endfacet
facet normal 0 0 0
outer loop
vertex -1.613102e-02 -4.984349e-02 -1.142969e-02
vertex -2.968187e-02 -3.474912e-02 -1.888768e-02
vertex -1.140617e-02 -4.975566e-02 -1.614172e-02
endloop
endfacet
facet normal 0 0 0
outer loop
vertex -3.523566e-02 -3.491108e-02 -5.955114e-03
vertex -1.613102e-02 -4.984349e-02 -1.142969e-02
vertex -1.939802e-02 -4.911594e-02 -3.957032e-03
endloop
endfacet
facet normal 0 0 0
outer loop
vertex -3.523566e-02 -3.491108e-02 -5.955114e-03
vertex -2.968187e-02 -3.474912e-02 -1.888768e-02
vertex -1.613102e-02 -4.984349e-02 -1.142969e-02
endloop
endfacet
facet normal 0 0 0
outer loop
vertex -2.996315e-03 -4.914650e-02 -2.011299e-02
vertex -1.909308e-02 -3.524554e-02 -2.937466e-02
vertex -6.746501e-03 -3.486206e-02 -3.445299e-02
endloop
endfacet
facet normal 0 0 0
outer loop
vertex -6.746501e-03 -3.486206e-02 -3.445299e-02
vertex 5.131731e-03 -4.887006e-02 -2.005200e-02
vertex -2.996315e-03 -4.914650e-02 -2.011299e-02
endloop
endfacet
facet normal 0 0 0
outer loop
vertex -6.746501e-03 -3.486206e-02 -3.445299e-02
vertex 7.127958e-03 -3.468787e-02 -3.390132e-02
vertex 5.131731e-03 -4.887006e-02 -2.005200e-02
endloop
endfacet
facet normal 0 0 0
outer loop
vertex -1.140617e-02 -4.975566e-02 -1.614172e-02
vertex -1.909308e-02 -3.524554e-02 -2.937466e-02
vertex -2.996315e-03 -4.914650e-02 -2.011299e-02
endloop
endfacet
facet normal 0 0 0
outer loop
vertex -1.140617e-02 -4.975566e-02 -1.614172e-02
vertex 1.372717e-03 -4.197819e-02 1.503050e-04
vertex -1.613102e-02 -4.984349e-02 -1.142969e-02
endloop
endfacet
facet normal 0 0 0
outer loop
vertex -1.939802e-02 -4.911594e-02 -3.957032e-03
vertex -1.613102e-02 -4.984349e-02 -1.142969e-02
vertex -1.858044e-02 -4.866070e-02 4.200539e-03
endloop
endfacet
facet normal 0 0 0
outer loop
vertex -1.613102e-02 -4.984349e-02 -1.142969e-02
vertex 1.372717e-03 -4.197819e-02 1.503050e-04
vertex -1.858044e-02 -4.866070e-02 4.200539e-03
endloop
endfacet
facet normal 0 0 0
outer loop
vertex -1.140617e-02 -4.975566e-02 -1.614172e-02
vertex -2.996315e-03 -4.914650e-02 -2.011299e-02
vertex -1.218637e-03 -4.452389e-02 -5.659092e-03
endloop
endfacet
facet normal 0 0 0
outer loop
vertex -1.140617e-02 -4.975566e-02 -1.614172e-02
vertex -1.218637e-03 -4.452389e-02 -5.659092e-03
vertex 1.372717e-03 -4.197819e-02 1.503050e-04
endloop
endfacet
facet normal 0 0 0
outer loop
vertex -7.309219e-03 -2.146777e-02 -3.920578e-02
vertex -7.610887e-03 -7.200527e-03 -4.432115e-02
vertex -6.746501e-03 -3.486206e-02 -3.445299e-02
endloop
endfacet
facet normal 0 0 0
outer loop
vertex 1.006646e-02 -7.503878e-03 -4.458212e-02
vertex -6.746501e-03 -3.486206e-02 -3.445299e-02
vertex -7.610887e-03 -7.200527e-03 -4.432115e-02
endloop
endfacet
facet normal 0 0 0
outer loop
vertex -2.968187e-02 -3.474912e-02 -1.888768e-02
vertex -3.638727e-02 -7.557931e-03 -2.526415e-02
vertex -2.101136e-02 -3.484721e-02 -2.815074e-02
endloop
endfacet
facet normal 0 0 0
outer loop
vertex -2.101136e-02 -3.484721e-02 -2.815074e-02
vertex -3.638727e-02 -7.557931e-03 -2.526415e-02
vertex -2.022672e-02 -3.260315e-02 -2.985883e-02
endloop
endfacet
facet normal 0 0 0
outer loop
vertex -3.523566e-02 -3.491108e-02 -5.955114e-03
vertex -3.514159e-02 -3.484183e-02 8.261035e-03
vertex -4.437112e-02 -8.196730e-03 9.067688e-03
endloop
endfacet
facet normal 0 0 0
outer loop
vertex -2.329413e-02 -7.311288e-03 -3.687035e-02
vertex -3.638727e-02 -7.557931e-03 -2.526415e-02
vertex -3.994177e-02 1.831155e-02 -2.761422e-02
endloop
endfacet
facet normal 0 0 0
outer loop
vertex -2.022672e-02 -3.260315e-02 -2.985883e-02
vertex -3.638727e-02 -7.557931e-03 -2.526415e-02
vertex -2.329413e-02 -7.311288e-03 -3.687035e-02
endloop
endfacet
facet normal 0 0 0
outer loop
vertex -2.329413e-02 -7.311288e-03 -3.687035e-02
vertex -2.528504e-02 1.822628e-02 -4.062789e-02
vertex -7.610887e-03 -7.200527e-03 -4.432115e-02
endloop
endfacet
facet normal 0 0 0
outer loop
vertex -3.638727e-02 -7.557931e-03 -2.526415e-02
vertex -2.968187e-02 -3.474912e-02 -1.888768e-02
vertex -3.523566e-02 -3.491108e-02 -5.955114e-03
endloop
endfacet
facet normal 0 0 0
outer loop
vertex -2.329413e-02 -7.311288e-03 -3.687035e-02
vertex -1.909308e-02 -3.524554e-02 -2.937466e-02
vertex -2.022672e-02 -3.260315e-02 -2.985883e-02
endloop
endfacet
facet normal 0 0 0
outer loop
vertex -2.329413e-02 -7.311288e-03 -3.687035e-02
vertex -6.746501e-03 -3.486206e-02 -3.445299e-02
vertex -1.909308e-02 -3.524554e-02 -2.937466e-02
endloop
endfacet
facet normal 0 0 0
outer loop
vertex -2.022672e-02 -3.260315e-02 -2.985883e-02
vertex -1.909308e-02 -3.524554e-02 -2.937466e-02
vertex -2.101136e-02 -3.484721e-02 -2.815074e-02
endloop
endfacet
facet normal 0 0 0
outer loop
vertex -7.309219e-03 -2.146777e-02 -3.920578e-02
vertex -6.746501e-03 -3.486206e-02 -3.445299e-02
vertex -2.329413e-02 -7.311288e-03 -3.687035e-02
endloop
endfacet
facet normal 0 0 0
outer loop
vertex -7.610887e-03 -7.200527e-03 -4.432115e-02
vertex -7.309219e-03 -2.146777e-02 -3.920578e-02
vertex -2.329413e-02 -7.311288e-03 -3.687035e-02
endloop
endfacet
facet normal 0 0 0
outer loop
vertex -4.437112e-02 -8.196730e-03 9.067688e-03
vertex -4.688374e-02 5.165309e-03 9.619109e-03
vertex -4.933226e-02 1.824454e-02 8.680786e-03
endloop
endfacet
facet normal 0 0 0
outer loop
vertex -4.688374e-02 5.165309e-03 9.619109e-03
vertex -4.437112e-02 -8.196730e-03 9.067688e-03
vertex -3.949865e-02 1.702834e-03 2.728164e-02
endloop
endfacet
facet normal 0 0 0
outer loop
vertex -1.939802e-02 -4.911594e-02 -3.957032e-03
vertex -3.514159e-02 -3.484183e-02 8.261035e-03
vertex -3.523566e-02 -3.491108e-02 -5.955114e-03
endloop
endfacet
facet normal 0 0 0
outer loop
vertex -3.514159e-02 -3.484183e-02 8.261035e-03
vertex -1.939802e-02 -4.911594e-02 -3.957032e-03
vertex -1.858044e-02 -4.866070e-02 4.200539e-03
endloop
endfacet
facet normal 0 0 0
outer loop
vertex -1.858044e-02 -4.866070e-02 4.200539e-03
vertex -1.549093e-02 -4.806142e-02 1.121249e-02
vertex -2.052797e-02 -4.277463e-02 1.494477e-02
endloop
endfacet
facet normal 0 0 0
outer loop
vertex -1.858044e-02 -4.866070e-02 4.200539e-03
vertex -2.052797e-02 -4.277463e-02 1.494477e-02
vertex -2.867345e-02 -3.426225e-02 2.077324e-02
endloop
endfacet
facet normal 0 0 0
outer loop
vertex -3.514159e-02 -3.484183e-02 8.261035e-03
vertex -1.858044e-02 -4.866070e-02 4.200539e-03
vertex -2.867345e-02 -3.426225e-02 2.077324e-02
endloop
endfacet
facet normal 0 0 0
outer loop
vertex -2.052797e-02 -4.277463e-02 1.494477e-02
vertex -9.850251e-03 -4.748438e-02 1.669346e-02
vertex -2.867345e-02 -3.426225e-02 2.077324e-02
endloop
endfacet
facet normal 0 0 0
outer loop
vertex -1.858044e-02 -4.866070e-02 4.200539e-03
vertex 1.372717e-03 -4.197819e-02 1.503050e-04
vertex -9.426037e-04 -4.305137e-02 2.191727e-03
endloop
endfacet
facet normal 0 0 0
outer loop
vertex -1.858044e-02 -4.866070e-02 4.200539e-03
vertex -9.426037e-04 -4.305137e-02 2.191727e-03
vertex -1.549093e-02 -4.806142e-02 1.121249e-02
endloop
endfacet
facet normal 0 0 0
outer loop
vertex -1.549093e-02 -4.806142e-02 1.121249e-02
vertex -9.426037e-04 -4.305137e-02 2.191727e-03
vertex -9.850251e-03 -4.748438e-02 1.669346e-02
endloop
endfacet
facet normal 0 0 0
outer loop
vertex -1.549093e-02 -4.806142e-02 1.121249e-02
vertex -9.850251e-03 -4.748438e-02 1.669346e-02
vertex -2.052797e-02 -4.277463e-02 1.494477e-02
endloop
endfacet
facet normal 0 0 0
outer loop
vertex -2.420960e-03 -4.697177e-02 1.961665e-02
vertex -9.426037e-04 -4.305137e-02 2.191727e-03
vertex 7.294366e-03 -4.687366e-02 1.739556e-02
endloop
endfacet
facet normal 0 0 0
outer loop
vertex -9.850251e-03 -4.748438e-02 1.669346e-02
vertex -9.426037e-04 -4.305137e-02 2.191727e-03
vertex -2.420960e-03 -4.697177e-02 1.961665e-02
endloop
endfacet
facet normal 0 0 0
outer loop
vertex -9.850251e-03 -4.748438e-02 1.669346e-02
vertex -6.211235e-03 -3.448166e-02 3.391810e-02
vertex -1.088731e-02 -3.378854e-02 3.270917e-02
endloop
endfacet
facet normal 0 0 0
outer loop
vertex -6.211235e-03 -3.448166e-02 3.391810e-02
vertex -9.850251e-03 -4.748438e-02 1.669346e-02
vertex -2.420960e-03 -4.697177e-02 1.961665e-02
endloop
endfacet
facet normal 0 0 0
outer loop
vertex -2.420960e-03 -4.697177e-02 1.961665e-02
vertex 5.064474e-03 -3.411479e-02 3.493818e-02
vertex -6.211235e-03 -3.448166e-02 3.391810e-02
endloop
endfacet
facet normal 0 0 0
outer loop
vertex -3.514159e-02 -3.484183e-02 8.261035e-03
vertex -2.867345e-02 -3.426225e-02 2.077324e-02
vertex -3.334206e-02 -2.118670e-02 2.354555e-02
endloop
endfacet
facet normal 0 0 0
outer loop
vertex -3.514159e-02 -3.484183e-02 8.261035e-03
vertex -3.797595e-02 -8.103585e-03 2.634367e-02
vertex -4.437112e-02 -8.196730e-03 9.067688e-03
endloop
endfacet
facet normal 0 0 0
outer loop
vertex -3.514159e-02 -3.484183e-02 8.261035e-03
vertex -3.334206e-02 -2.118670e-02 2.354555e-02
vertex -3.797595e-02 -8.103585e-03 2.634367e-02
endloop
endfacet
facet normal 0 0 0
outer loop
vertex -2.867345e-02 -3.426225e-02 2.077324e-02
vertex -2.435142e-02 -8.179665e-03 3.700359e-02
vertex -3.334206e-02 -2.118670e-02 2.354555e-02
endloop
endfacet
facet normal 0 0 0
outer loop
vertex -2.867345e-02 -3.426225e-02 2.077324e-02
vertex -9.850251e-03 -4.748438e-02 1.669346e-02
vertex -1.747388e-02 -3.382715e-02 2.989233e-02
endloop
endfacet
facet normal 0 0 0
outer loop
vertex -2.867345e-02 -3.426225e-02 2.077324e-02
vertex -1.747388e-02 -3.382715e-02 2.989233e-02
vertex -2.000426e-02 -3.003419e-02 3.001162e-02
endloop
endfacet
facet normal 0 0 0
outer loop
vertex -2.867345e-02 -3.426225e-02 2.077324e-02
vertex -2.134706e-02 -2.445970e-02 3.163172e-02
vertex -2.435142e-02 -8.179665e-03 3.700359e-02
endloop
endfacet
facet normal 0 0 0
outer loop
vertex -2.867345e-02 -3.426225e-02 2.077324e-02
vertex -2.000426e-02 -3.003419e-02 3.001162e-02
vertex -2.134706e-02 -2.445970e-02 3.163172e-02
endloop
endfacet
facet normal 0 0 0
outer loop
vertex -2.000426e-02 -3.003419e-02 3.001162e-02
vertex -1.820247e-02 -2.475775e-02 3.194042e-02
vertex -2.134706e-02 -2.445970e-02 3.163172e-02
endloop
endfacet
facet normal 0 0 0
outer loop
vertex -2.435142e-02 -8.179665e-03 3.700359e-02
vertex -2.134706e-02 -2.445970e-02 3.163172e-02
vertex -2.261776e-02 -1.741377e-02 3.393328e-02
endloop
endfacet
facet normal 0 0 0
outer loop
vertex -2.134706e-02 -2.445970e-02 3.163172e-02
vertex -2.051052e-02 -1.608767e-02 3.452714e-02
vertex -2.261776e-02 -1.741377e-02 3.393328e-02
endloop
endfacet
facet normal 0 0 0
outer loop
vertex -2.134706e-02 -2.445970e-02 3.163172e-02
vertex -1.820247e-02 -2.475775e-02 3.194042e-02
vertex -2.051052e-02 -1.608767e-02 3.452714e-02
endloop
endfacet
facet normal 0 0 0
outer loop
vertex -4.437112e-02 -8.196730e-03 9.067688e-03
vertex -3.797595e-02 -8.103585e-03 2.634367e-02
vertex -3.949865e-02 1.702834e-03 2.728164e-02
endloop
endfacet
facet normal 0 0 0
outer loop
vertex -3.334206e-02 -2.118670e-02 2.354555e-02
vertex -2.435142e-02 -8.179665e-03 3.700359e-02
vertex -3.797595e-02 -8.103585e-03 2.634367e-02
endloop
endfacet
facet normal 0 0 0
outer loop
vertex -3.949865e-02 1.702834e-03 2.728164e-02
vertex -3.797595e-02 -8.103585e-03 2.634367e-02
vertex -2.827396e-02 1.796718e-02 4.030803e-02
endloop
endfacet
facet normal 0 0 0
outer loop
vertex -3.797595e-02 -8.103585e-03 2.634367e-02
vertex -2.435142e-02 -8.179665e-03 3.700359e-02
vertex -2.827396e-02 1.796718e-02 4.030803e-02
endloop
endfacet
facet normal 0 0 0
outer loop
vertex -2.261776e-02 -1.741377e-02 3.393328e-02
vertex -2.051052e-02 -1.608767e-02 3.452714e-02
vertex -2.435142e-02 -8.179665e-03 3.700359e-02
endloop
endfacet
facet normal 0 0 0
outer loop
vertex -2.269171e-02 -6.021257e-03 3.781586e-02
vertex -2.435142e-02 -8.179665e-03 3.700359e-02
vertex -2.051052e-02 -1.608767e-02 3.452714e-02
endloop
endfacet
facet normal 0 0 0
outer loop
vertex -2.269171e-02 -6.021257e-03 3.781586e-02
vertex -1.603350e-02 -6.564851e-03 3.997087e-02
vertex -1.980819e-02 -4.318851e-03 3.915104e-02
endloop
endfacet
facet normal 0 0 0
outer loop
vertex -2.435142e-02 -8.179665e-03 3.700359e-02
vertex -2.617517e-02 6.408930e-03 3.919260e-02
vertex -2.827396e-02 1.796718e-02 4.030803e-02
endloop
endfacet
facet normal 0 0 0
outer loop
vertex -2.435142e-02 -8.179665e-03 3.700359e-02
vertex -2.269171e-02 -6.021257e-03 3.781586e-02
vertex -2.617517e-02 6.408930e-03 3.919260e-02
endloop
endfacet
facet normal 0 0 0
outer loop
vertex -2.269171e-02 -6.021257e-03 3.781586e-02
vertex -2.370861e-02 8.672946e-03 3.990889e-02
vertex -2.617517e-02 6.408930e-03 3.919260e-02
endloop
endfacet
facet normal 0 0 0
outer loop
vertex -2.269171e-02 -6.021257e-03 3.781586e-02
vertex -1.252694e-02 1.237695e-02 4.493549e-02
vertex -2.370861e-02 8.672946e-03 3.990889e-02
endloop
endfacet
facet normal 0 0 0
outer loop
vertex -1.980819e-02 -4.318851e-03 3.915104e-02
vertex -1.711887e-02 1.922263e-03 4.169680e-02
vertex -2.269171e-02 -6.021257e-03 3.781586e-02
endloop
endfacet
facet normal 0 0 0
outer loop
vertex -2.269171e-02 -6.021257e-03 3.781586e-02
vertex -1.711887e-02 1.922263e-03 4.169680e-02
vertex -1.252694e-02 1.237695e-02 4.493549e-02
endloop
endfacet
facet normal 0 0 0
outer loop
vertex -1.747388e-02 -3.382715e-02 2.989233e-02
vertex -9.850251e-03 -4.748438e-02 1.669346e-02
vertex -1.088731e-02 -3.378854e-02 3.270917e-02
endloop
endfacet
facet normal 0 0 0
outer loop
vertex -1.747388e-02 -3.382715e-02 2.989233e-02
vertex -1.472457e-02 -3.064434e-02 3.110020e-02
vertex -2.000426e-02 -3.003419e-02 3.001162e-02
endloop
endfacet
facet normal 0 0 0
outer loop
vertex -1.820247e-02 -2.475775e-02 3.194042e-02
vertex -2.000426e-02 -3.003419e-02 3.001162e-02
vertex -1.572823e-02 -2.477471e-02 3.364978e-02
endloop
endfacet
facet normal 0 0 0
outer loop
vertex -1.472457e-02 -3.064434e-02 3.110020e-02
vertex -1.572823e-02 -2.477471e-02 3.364978e-02
vertex -2.000426e-02 -3.003419e-02 3.001162e-02
endloop
endfacet
facet normal 0 0 0
outer loop
vertex -1.472457e-02 -3.064434e-02 3.110020e-02
vertex -1.281896e-02 -2.176064e-02 3.524848e-02
vertex -1.572823e-02 -2.477471e-02 3.364978e-02
endloop
endfacet
facet normal 0 0 0
outer loop
vertex -1.747388e-02 -3.382715e-02 2.989233e-02
vertex -1.088731e-02 -3.378854e-02 3.270917e-02
vertex -1.472457e-02 -3.064434e-02 3.110020e-02
endloop
endfacet
facet normal 0 0 0
outer loop
vertex -1.088731e-02 -3.378854e-02 3.270917e-02
vertex -6.214285e-03 -3.000377e-02 3.550943e-02
vertex -1.472457e-02 -3.064434e-02 3.110020e-02
endloop
endfacet
facet normal 0 0 0
outer loop
vertex -1.472457e-02 -3.064434e-02 3.110020e-02
vertex -6.214285e-03 -3.000377e-02 3.550943e-02
vertex -1.281896e-02 -2.176064e-02 3.524848e-02
endloop
endfacet
facet normal 0 0 0
outer loop
vertex -1.281896e-02 -2.176064e-02 3.524848e-02
vertex -6.214285e-03 -3.000377e-02 3.550943e-02
vertex -6.717650e-03 -2.542314e-02 3.660816e-02
endloop
endfacet
facet normal 0 0 0
outer loop
vertex -1.572823e-02 -2.477471e-02 3.364978e-02
vertex -1.281896e-02 -2.176064e-02 3.524848e-02
vertex -1.820247e-02 -2.475775e-02 3.194042e-02
endloop
endfacet
facet normal 0 0 0
outer loop
vertex -1.820247e-02 -2.475775e-02 3.194042e-02
vertex -1.245991e-02 -1.444409e-02 3.813857e-02
vertex -2.051052e-02 -1.608767e-02 3.452714e-02
endloop
endfacet
facet normal 0 0 0
outer loop
vertex -1.245991e-02 -1.444409e-02 3.813857e-02
vertex -1.281896e-02 -2.176064e-02 3.524848e-02
vertex -1.257117e-02 -1.742203e-02 3.763452e-02
endloop
endfacet
facet normal 0 0 0
outer loop
vertex -1.245991e-02 -1.444409e-02 3.813857e-02
vertex -1.820247e-02 -2.475775e-02 3.194042e-02
vertex -1.281896e-02 -2.176064e-02 3.524848e-02
endloop
endfacet
facet normal 0 0 0
outer loop
vertex -6.717650e-03 -2.542314e-02 3.660816e-02
vertex -6.889834e-03 -1.973246e-02 3.882543e-02
vertex -1.281896e-02 -2.176064e-02 3.524848e-02
endloop
endfacet
facet normal 0 0 0
outer loop
vertex -1.281896e-02 -2.176064e-02 3.524848e-02
vertex -7.104839e-03 -1.525276e-02 4.008276e-02
vertex -1.257117e-02 -1.742203e-02 3.763452e-02
endloop
endfacet
facet normal 0 0 0
outer loop
vertex -1.281896e-02 -2.176064e-02 3.524848e-02
vertex -6.889834e-03 -1.973246e-02 3.882543e-02
vertex -7.104839e-03 -1.525276e-02 4.008276e-02
endloop
endfacet
facet normal 0 0 0
outer loop
vertex -1.088731e-02 -3.378854e-02 3.270917e-02
vertex -6.211235e-03 -3.448166e-02 3.391810e-02
vertex -6.214285e-03 -3.000377e-02 3.550943e-02
endloop
endfacet
facet normal 0 0 0
outer loop
vertex -6.211235e-03 -3.448166e-02 3.391810e-02
vertex -2.025936e-03 -2.954951e-02 3.533658e-02
vertex -6.214285e-03 -3.000377e-02 3.550943e-02
endloop
endfacet
facet normal 0 0 0
outer loop
vertex -6.214285e-03 -3.000377e-02 3.550943e-02
vertex -2.387072e-03 -2.577358e-02 3.724111e-02
vertex -6.717650e-03 -2.542314e-02 3.660816e-02
endloop
endfacet
facet normal 0 0 0
outer loop
vertex -6.211235e-03 -3.448166e-02 3.391810e-02
vertex 5.064474e-03 -3.411479e-02 3.493818e-02
vertex 7.140421e-03 -3.041183e-02 3.558154e-02
endloop
endfacet
facet normal 0 0 0
outer loop
vertex -6.211235e-03 -3.448166e-02 3.391810e-02
vertex 7.140421e-03 -3.041183e-02 3.558154e-02
vertex -2.025936e-03 -2.954951e-02 3.533658e-02
endloop
endfacet
facet normal 0 0 0
outer loop
vertex -6.214285e-03 -3.000377e-02 3.550943e-02
vertex -2.025936e-03 -2.954951e-02 3.533658e-02
vertex -2.387072e-03 -2.577358e-02 3.724111e-02
endloop
endfacet
facet normal 0 0 0
outer loop
vertex -6.889834e-03 -1.973246e-02 3.882543e-02
vertex -6.717650e-03 -2.542314e-02 3.660816e-02
vertex -7.104839e-03 -1.525276e-02 4.008276e-02
endloop
endfacet
facet normal 0 0 0
outer loop
vertex -6.717650e-03 -2.542314e-02 3.660816e-02
vertex 2.143764e-03 -1.534395e-02 4.046220e-02
vertex -7.104839e-03 -1.525276e-02 4.008276e-02
endloop
endfacet
facet normal 0 0 0
outer loop
vertex -6.717650e-03 -2.542314e-02 3.660816e-02
vertex -2.387072e-03 -2.577358e-02 3.724111e-02
vertex 2.143764e-03 -1.534395e-02 4.046220e-02
endloop
endfacet
facet normal 0 0 0
outer loop
vertex -2.387072e-03 -2.577358e-02 3.724111e-02
vertex -2.025936e-03 -2.954951e-02 3.533658e-02
vertex 1.637298e-03 -1.957211e-02 3.960918e-02
endloop
endfacet
facet normal 0 0 0
outer loop
vertex -2.387072e-03 -2.577358e-02 3.724111e-02
vertex 1.637298e-03 -1.957211e-02 3.960918e-02
vertex 2.143764e-03 -1.534395e-02 4.046220e-02
endloop
endfacet
facet normal 0 0 0
outer loop
vertex -2.051052e-02 -1.608767e-02 3.452714e-02
vertex -1.245991e-02 -1.444409e-02 3.813857e-02
vertex -1.603350e-02 -6.564851e-03 3.997087e-02
endloop
endfacet
facet normal 0 0 0
outer loop
vertex -1.245991e-02 -1.444409e-02 3.813857e-02
vertex -1.036849e-02 -9.309405e-03 4.082067e-02
vertex -1.603350e-02 -6.564851e-03 3.997087e-02
endloop
endfacet
facet normal 0 0 0
outer loop
vertex -2.051052e-02 -1.608767e-02 3.452714e-02
vertex -1.603350e-02 -6.564851e-03 3.997087e-02
vertex -2.269171e-02 -6.021257e-03 3.781586e-02
endloop
endfacet
facet normal 0 0 0
outer loop
vertex -1.245991e-02 -1.444409e-02 3.813857e-02
vertex -8.683186e-03 -1.109561e-02 4.171469e-02
vertex -1.036849e-02 -9.309405e-03 4.082067e-02
endloop
endfacet
facet normal 0 0 0
outer loop
vertex -7.104839e-03 -1.525276e-02 4.008276e-02
vertex -8.683186e-03 -1.109561e-02 4.171469e-02
vertex -1.245991e-02 -1.444409e-02 3.813857e-02
endloop
endfacet
facet normal 0 0 0
outer loop
vertex -1.245991e-02 -1.444409e-02 3.813857e-02
vertex -1.257117e-02 -1.742203e-02 3.763452e-02
vertex -7.104839e-03 -1.525276e-02 4.008276e-02
endloop
endfacet
facet normal 0 0 0
outer loop
vertex -1.036849e-02 -9.309405e-03 4.082067e-02
vertex -9.636820e-03 -6.600431e-03 4.241088e-02
vertex -1.603350e-02 -6.564851e-03 3.997087e-02
endloop
endfacet
facet normal 0 0 0
outer loop
vertex -1.980819e-02 -4.318851e-03 3.915104e-02
vertex -1.386149e-02 3.636641e-03 4.260178e-02
vertex -1.711887e-02 1.922263e-03 4.169680e-02
endloop
endfacet
facet normal 0 0 0
outer loop
vertex -1.980819e-02 -4.318851e-03 3.915104e-02
vertex -1.603350e-02 -6.564851e-03 3.997087e-02
vertex -1.386149e-02 3.636641e-03 4.260178e-02
endloop
endfacet
facet normal 0 0 0
outer loop
vertex -1.711887e-02 1.922263e-03 4.169680e-02
vertex -1.345063e-02 8.113485e-03 4.448802e-02
vertex -1.252694e-02 1.237695e-02 4.493549e-02
endloop
endfacet
facet normal 0 0 0
outer loop
vertex -1.711887e-02 1.922263e-03 4.169680e-02
vertex -1.386149e-02 3.636641e-03 4.260178e-02
vertex -1.345063e-02 8.113485e-03 4.448802e-02
endloop
endfacet
facet normal 0 0 0
outer loop
vertex -1.603350e-02 -6.564851e-03 3.997087e-02
vertex -7.661118e-03 3.564427e-03 4.501091e-02
vertex -1.386149e-02 3.636641e-03 4.260178e-02
endloop
endfacet
facet normal 0 0 0
outer loop
vertex -1.603350e-02 -6.564851e-03 3.997087e-02
vertex -9.636820e-03 -6.600431e-03 4.241088e-02
vertex -7.661118e-03 3.564427e-03 4.501091e-02
endloop
endfacet
facet normal 0 0 0
outer loop
vertex -7.661118e-03 3.564427e-03 4.501091e-02
vertex -8.556695e-03 1.258477e-02 4.648352e-02
vertex -1.386149e-02 3.636641e-03 4.260178e-02
endloop
endfacet
facet normal 0 0 0
outer loop
vertex -8.683186e-03 -1.109561e-02 4.171469e-02
vertex -7.104839e-03 -1.525276e-02 4.008276e-02
vertex -6.933197e-03 -6.312612e-03 4.330806e-02
endloop
endfacet
facet normal 0 0 0
outer loop
vertex -1.036849e-02 -9.309405e-03 4.082067e-02
vertex -8.683186e-03 -1.109561e-02 4.171469e-02
vertex -9.636820e-03 -6.600431e-03 4.241088e-02
endloop
endfacet
facet normal 0 0 0
outer loop
vertex -8.683186e-03 -1.109561e-02 4.171469e-02
vertex -6.933197e-03 -6.312612e-03 4.330806e-02
vertex -9.636820e-03 -6.600431e-03 4.241088e-02
endloop
endfacet
facet normal 0 0 0
outer loop
vertex -7.104839e-03 -1.525276e-02 4.008276e-02
vertex 2.143764e-03 -1.534395e-02 4.046220e-02
vertex -6.933197e-03 -6.312612e-03 4.330806e-02
endloop
endfacet
facet normal 0 0 0
outer loop
vertex -6.933197e-03 -6.312612e-03 4.330806e-02
vertex 6.210316e-03 -7.454169e-03 4.355336e-02
vertex -1.601619e-03 -4.542124e-03 4.361194e-02
endloop
endfacet
facet normal 0 0 0
outer loop
vertex -9.636820e-03 -6.600431e-03 4.241088e-02
vertex -6.933197e-03 -6.312612e-03 4.330806e-02
vertex -4.575361e-03 -2.448495e-04 4.405404e-02
endloop
endfacet
facet normal 0 0 0
outer loop
vertex -9.636820e-03 -6.600431e-03 4.241088e-02
vertex -4.575361e-03 -2.448495e-04 4.405404e-02
vertex -7.661118e-03 3.564427e-03 4.501091e-02
endloop
endfacet
facet normal 0 0 0
outer loop
vertex -6.933197e-03 -6.312612e-03 4.330806e-02
vertex -1.212523e-03 4.149140e-05 4.482603e-02
vertex -4.575361e-03 -2.448495e-04 4.405404e-02
endloop
endfacet
facet normal 0 0 0
outer loop
vertex -6.933197e-03 -6.312612e-03 4.330806e-02
vertex -1.601619e-03 -4.542124e-03 4.361194e-02
vertex -1.212523e-03 4.149140e-05 4.482603e-02
endloop
endfacet
facet normal 0 0 0
outer loop
vertex -4.575361e-03 -2.448495e-04 4.405404e-02
vertex -1.212523e-03 4.149140e-05 4.482603e-02
vertex 4.127719e-03 7.383696e-03 4.596099e-02
endloop
endfacet
facet normal 0 0 0
outer loop
vertex -3.638727e-02 -7.557931e-03 -2.526415e-02
vertex -4.837497e-02 1.834260e-02 -9.953240e-03
vertex -3.994177e-02 1.831155e-02 -2.761422e-02
endloop
endfacet
facet normal 0 0 0
outer loop
vertex -4.837497e-02 1.834260e-02 -9.953240e-03
vertex -3.638727e-02 -7.557931e-03 -2.526415e-02
vertex -4.347223e-02 -7.079907e-03 -8.887015e-03
endloop
endfacet
facet normal 0 0 0
outer loop
vertex -4.347223e-02 -7.079907e-03 -8.887015e-03
vertex -4.933226e-02 1.824454e-02 8.680786e-03
vertex -4.837497e-02 1.834260e-02 -9.953240e-03
endloop
endfacet
facet normal 0 0 0
outer loop
vertex -4.837497e-02 1.834260e-02 -9.953240e-03
vertex -4.469011e-02 3.665236e-02 7.853133e-03
vertex -4.486887e-02 3.670062e-02 -9.121319e-03
endloop
endfacet
facet normal 0 0 0
outer loop
vertex -3.994177e-02 1.831155e-02 -2.761422e-02
vertex -4.837497e-02 1.834260e-02 -9.953240e-03
vertex -4.486887e-02 3.670062e-02 -9.121319e-03
endloop
endfacet
facet normal 0 0 0
outer loop
vertex -3.994177e-02 1.831155e-02 -2.761422e-02
vertex -4.486887e-02 3.670062e-02 -9.121319e-03
vertex -4.117987e-02 3.639448e-02 -1.675889e-02
endloop
endfacet
facet normal 0 0 0
outer loop
vertex -4.117987e-02 3.639448e-02 -1.675889e-02
vertex -4.486887e-02 3.670062e-02 -9.121319e-03
vertex -3.684670e-02 3.608002e-02 -2.566651e-02
endloop
endfacet
facet normal 0 0 0
outer loop
vertex -3.684670e-02 3.608002e-02 -2.566651e-02
vertex -4.486887e-02 3.670062e-02 -9.121319e-03
vertex -3.393727e-02 4.745860e-02 -7.423270e-03
endloop
endfacet
facet normal 0 0 0
outer loop
vertex -4.486887e-02 3.670062e-02 -9.121319e-03
vertex -4.469011e-02 3.665236e-02 7.853133e-03
vertex -3.437308e-02 4.748959e-02 5.069187e-03
endloop
endfacet
facet normal 0 0 0
outer loop
vertex -2.528504e-02 1.822628e-02 -4.062789e-02
vertex -8.223766e-03 1.842972e-02 -4.811488e-02
vertex -7.610887e-03 -7.200527e-03 -4.432115e-02
endloop
endfacet
facet normal 0 0 0
outer loop
vertex -2.528504e-02 1.822628e-02 -4.062789e-02
vertex -2.369813e-02 3.550714e-02 -3.772178e-02
vertex -7.644000e-03 3.567042e-02 -4.461059e-02
endloop
endfacet
facet normal 0 0 0
outer loop
vertex -2.528504e-02 1.822628e-02 -4.062789e-02
vertex -7.644000e-03 3.567042e-02 -4.461059e-02
vertex -8.223766e-03 1.842972e-02 -4.811488e-02
endloop
endfacet
facet normal 0 0 0
outer loop
vertex -7.610887e-03 -7.200527e-03 -4.432115e-02
vertex 1.090145e-02 1.825559e-02 -4.807892e-02
vertex 1.037606e-02 6.729404e-03 -4.651368e-02
endloop
endfacet
facet normal 0 0 0
outer loop
vertex -7.610887e-03 -7.200527e-03 -4.432115e-02
vertex -8.223766e-03 1.842972e-02 -4.811488e-02
vertex 1.090145e-02 1.825559e-02 -4.807892e-02
endloop
endfacet
facet normal 0 0 0
outer loop
vertex -2.369813e-02 3.550714e-02 -3.772178e-02
vertex -9.457665e-03 3.587280e-02 -4.365627e-02
vertex -7.644000e-03 3.567042e-02 -4.461059e-02
endloop
endfacet
facet normal 0 0 0
outer loop
vertex -8.223766e-03 1.842972e-02 -4.811488e-02
vertex -7.644000e-03 3.567042e-02 -4.461059e-02
vertex 8.622702e-03 3.475342e-02 -4.414394e-02
endloop
endfacet
facet normal 0 0 0
outer loop
vertex -9.457665e-03 3.587280e-02 -4.365627e-02
vertex -5.667579e-03 4.616614e-02 -3.543761e-02
vertex -7.644000e-03 3.567042e-02 -4.461059e-02
endloop
endfacet
facet normal 0 0 0
outer loop
vertex -3.994177e-02 1.831155e-02 -2.761422e-02
vertex -3.419968e-02 1.830243e-02 -3.276709e-02
vertex -2.329413e-02 -7.311288e-03 -3.687035e-02
endloop
endfacet
facet normal 0 0 0
outer loop
vertex -2.369813e-02 3.550714e-02 -3.772178e-02
vertex -3.419968e-02 1.830243e-02 -3.276709e-02
vertex -3.684670e-02 3.608002e-02 -2.566651e-02
endloop
endfacet
facet normal 0 0 0
outer loop
vertex -3.419968e-02 1.830243e-02 -3.276709e-02
vertex -3.994177e-02 1.831155e-02 -2.761422e-02
vertex -3.684670e-02 3.608002e-02 -2.566651e-02
endloop
endfacet
facet normal 0 0 0
outer loop
vertex -2.329413e-02 -7.311288e-03 -3.687035e-02
vertex -3.419968e-02 1.830243e-02 -3.276709e-02
vertex -2.528504e-02 1.822628e-02 -4.062789e-02
endloop
endfacet
facet normal 0 0 0
outer loop
vertex -3.419968e-02 1.830243e-02 -3.276709e-02
vertex -2.369813e-02 3.550714e-02 -3.772178e-02
vertex -2.528504e-02 1.822628e-02 -4.062789e-02
endloop
endfacet
facet normal 0 0 0
outer loop
vertex -3.684670e-02 3.608002e-02 -2.566651e-02
vertex -3.994177e-02 1.831155e-02 -2.761422e-02
vertex -4.117987e-02 3.639448e-02 -1.675889e-02
endloop
endfacet
facet normal 0 0 0
outer loop
vertex -3.041773e-02 3.576504e-02 -3.155735e-02
vertex -3.684670e-02 3.608002e-02 -2.566651e-02
vertex -2.831887e-02 4.735104e-02 -1.903814e-02
endloop
endfacet
facet normal 0 0 0
outer loop
vertex -2.369813e-02 3.550714e-02 -3.772178e-02
vertex -3.684670e-02 3.608002e-02 -2.566651e-02
vertex -3.041773e-02 3.576504e-02 -3.155735e-02
endloop
endfacet
facet normal 0 0 0
outer loop
vertex -2.369813e-02 3.550714e-02 -3.772178e-02
vertex -3.041773e-02 3.576504e-02 -3.155735e-02
vertex -2.272138e-02 4.659522e-02 -2.518817e-02
endloop
endfacet
facet normal 0 0 0
outer loop
vertex -2.831887e-02 4.735104e-02 -1.903814e-02
vertex -2.272138e-02 4.659522e-02 -2.518817e-02
vertex -3.041773e-02 3.576504e-02 -3.155735e-02
endloop
endfacet
facet normal 0 0 0
outer loop
vertex -2.272138e-02 4.659522e-02 -2.518817e-02
vertex -1.876495e-02 4.704239e-02 -2.795779e-02
vertex -2.369813e-02 3.550714e-02 -3.772178e-02
endloop
endfacet
facet normal 0 0 0
outer loop
vertex -4.486887e-02 3.670062e-02 -9.121319e-03
vertex -3.437308e-02 4.748959e-02 5.069187e-03
vertex -3.393727e-02 4.745860e-02 -7.423270e-03
endloop
endfacet
facet normal 0 0 0
outer loop
vertex -2.369813e-02 3.550714e-02 -3.772178e-02
vertex -1.876495e-02 4.704239e-02 -2.795779e-02
vertex -1.360491e-02 4.606765e-02 -3.190905e-02
endloop
endfacet
facet normal 0 0 0
outer loop
vertex -2.369813e-02 3.550714e-02 -3.772178e-02
vertex -1.360491e-02 4.606765e-02 -3.190905e-02
vertex -9.457665e-03 3.587280e-02 -4.365627e-02
endloop
endfacet
facet normal 0 0 0
outer loop
vertex -9.457665e-03 3.587280e-02 -4.365627e-02
vertex -1.360491e-02 4.606765e-02 -3.190905e-02
vertex -5.667579e-03 4.616614e-02 -3.543761e-02
endloop
endfacet
facet normal 0 0 0
outer loop
vertex -7.303133e-03 4.582020e-02 -7.783819e-03
vertex -6.439793e-03 4.505011e-02 -4.128078e-03
vertex -4.751860e-03 4.666554e-02 -1.111322e-02
endloop
endfacet
facet normal 0 0 0
outer loop
vertex -7.153839e-03 4.485689e-02 4.769069e-04
vertex -2.796857e-03 4.213957e-02 -3.783750e-03
vertex -6.439793e-03 4.505011e-02 -4.128078e-03
endloop
endfacet
facet normal 0 0 0
outer loop
vertex -4.000750e-04 4.399146e-02 -7.490940e-03
vertex -4.751860e-03 4.666554e-02 -1.111322e-02
vertex -6.439793e-03 4.505011e-02 -4.128078e-03
endloop
endfacet
facet normal 0 0 0
outer loop
vertex -6.439793e-03 4.505011e-02 -4.128078e-03
vertex -2.796857e-03 4.213957e-02 -3.783750e-03
vertex -4.000750e-04 4.399146e-02 -7.490940e-03
endloop
endfacet
facet normal 0 0 0
outer loop
vertex 8.620252e-04 4.154934e-02 -1.249843e-03
vertex -2.796857e-03 4.213957e-02 -3.783750e-03
vertex -2.339155e-03 4.157880e-02 2.337354e-03
endloop
endfacet
facet normal 0 0 0
outer loop
vertex -2.339155e-03 4.157880e-02 2.337354e-03
vertex -2.796857e-03 4.213957e-02 -3.783750e-03
vertex -7.153839e-03 4.485689e-02 4.769069e-04
endloop
endfacet
facet normal 0 0 0
outer loop
vertex 1.175174e-03 4.150501e-02 -4.614674e-03
vertex -2.796857e-03 4.213957e-02 -3.783750e-03
vertex 8.620252e-04 4.154934e-02 -1.249843e-03
endloop
endfacet
facet normal 0 0 0
outer loop
vertex -4.000750e-04 4.399146e-02 -7.490940e-03
vertex -2.796857e-03 4.213957e-02 -3.783750e-03
vertex 1.175174e-03 4.150501e-02 -4.614674e-03
endloop
endfacet
facet normal 0 0 0
outer loop
vertex 8.620252e-04 4.154934e-02 -1.249843e-03
vertex -2.339155e-03 4.157880e-02 2.337354e-03
vertex 1.710068e-04 4.486444e-02 9.425713e-04
endloop
endfacet
facet normal 0 0 0
outer loop
vertex 1.710068e-04 4.486444e-02 9.425713e-04
vertex 3.611330e-04 4.933305e-02 -9.741099e-04
vertex 8.620252e-04 4.154934e-02 -1.249843e-03
endloop
endfacet
facet normal 0 0 0
outer loop
vertex -2.272138e-02 4.659522e-02 -2.518817e-02
vertex -2.482597e-02 4.820115e-02 -1.600646e-02
vertex -2.166823e-02 4.744240e-02 -1.928730e-02
endloop
endfacet
facet normal 0 0 0
outer loop
vertex -2.272138e-02 4.659522e-02 -2.518817e-02
vertex -1.670513e-02 4.776318e-02 -2.325726e-02
vertex -1.876495e-02 4.704239e-02 -2.795779e-02
endloop
endfacet
facet normal 0 0 0
outer loop
vertex -2.831887e-02 4.735104e-02 -1.903814e-02
vertex -3.684670e-02 3.608002e-02 -2.566651e-02
vertex -3.167867e-02 4.770275e-02 -1.095955e-02
endloop
endfacet
facet normal 0 0 0
outer loop
vertex -3.393727e-02 4.745860e-02 -7.423270e-03
vertex -3.167867e-02 4.770275e-02 -1.095955e-02
vertex -3.684670e-02 3.608002e-02 -2.566651e-02
endloop
endfacet
facet normal 0 0 0
outer loop
vertex -3.167867e-02 4.770275e-02 -1.095955e-02
vertex -3.393727e-02 4.745860e-02 -7.423270e-03
vertex -2.633884e-02 4.823963e-02 -7.672751e-03
endloop
endfacet
facet normal 0 0 0
outer loop
vertex -2.272138e-02 4.659522e-02 -2.518817e-02
vertex -2.831887e-02 4.735104e-02 -1.903814e-02
vertex -2.482597e-02 4.820115e-02 -1.600646e-02
endloop
endfacet
facet normal 0 0 0
outer loop
vertex -2.831887e-02 4.735104e-02 -1.903814e-02
vertex -2.633884e-02 4.823963e-02 -7.672751e-03
vertex -2.482597e-02 4.820115e-02 -1.600646e-02
endloop
endfacet
facet normal 0 0 0
outer loop
vertex -2.831887e-02 4.735104e-02 -1.903814e-02
vertex -3.167867e-02 4.770275e-02 -1.095955e-02
vertex -2.633884e-02 4.823963e-02 -7.672751e-03
endloop
endfacet
facet normal 0 0 0
outer loop
vertex -2.482597e-02 4.820115e-02 -1.600646e-02
vertex -2.633884e-02 4.823963e-02 -7.672751e-03
vertex -2.374168e-02 4.866730e-02 -1.166156e-02
endloop
endfacet
facet normal 0 0 0
outer loop
vertex -2.482597e-02 4.820115e-02 -1.600646e-02
vertex -2.031976e-02 4.911046e-02 -1.438590e-02
vertex -2.166823e-02 4.744240e-02 -1.928730e-02
endloop
endfacet
facet normal 0 0 0
outer loop
vertex -2.482597e-02 4.820115e-02 -1.600646e-02
vertex -2.374168e-02 4.866730e-02 -1.166156e-02
vertex -2.031976e-02 4.911046e-02 -1.438590e-02
endloop
endfacet
facet normal 0 0 0
outer loop
vertex -2.374168e-02 4.866730e-02 -1.166156e-02
vertex -1.723977e-02 5.064729e-02 -1.103781e-02
vertex -2.031976e-02 4.911046e-02 -1.438590e-02
endloop
endfacet
facet normal 0 0 0
outer loop
vertex -1.723977e-02 5.064729e-02 -1.103781e-02
vertex -2.374168e-02 4.866730e-02 -1.166156e-02
vertex -1.930053e-02 4.975213e-02 -7.807236e-03
endloop
endfacet
facet normal 0 0 0
outer loop
vertex -2.633884e-02 4.823963e-02 -7.672751e-03
vertex -3.393727e-02 4.745860e-02 -7.423270e-03
vertex -2.552341e-02 4.925762e-02 -3.861987e-03
endloop
endfacet
facet normal 0 0 0
outer loop
vertex -3.393727e-02 4.745860e-02 -7.423270e-03
vertex -2.560171e-02 4.888260e-02 1.621593e-03
vertex -2.552341e-02 4.925762e-02 -3.861987e-03
endloop
endfacet
facet normal 0 0 0
outer loop
vertex -3.393727e-02 4.745860e-02 -7.423270e-03
vertex -3.437308e-02 4.748959e-02 5.069187e-03
vertex -2.560171e-02 4.888260e-02 1.621593e-03
endloop
endfacet
facet normal 0 0 0
outer loop
vertex -2.374168e-02 4.866730e-02 -1.166156e-02
vertex -2.633884e-02 4.823963e-02 -7.672751e-03
vertex -1.930053e-02 4.975213e-02 -7.807236e-03
endloop
endfacet
facet normal 0 0 0
outer loop
vertex -2.633884e-02 4.823963e-02 -7.672751e-03
vertex -2.155777e-02 5.038664e-02 -2.111584e-03
vertex -1.930053e-02 4.975213e-02 -7.807236e-03
endloop
endfacet
facet normal 0 0 0
outer loop
vertex -2.633884e-02 4.823963e-02 -7.672751e-03
vertex -2.552341e-02 4.925762e-02 -3.861987e-03
vertex -2.155777e-02 5.038664e-02 -2.111584e-03
endloop
endfacet
facet normal 0 0 0
outer loop
vertex -1.930053e-02 4.975213e-02 -7.807236e-03
vertex -2.155777e-02 5.038664e-02 -2.111584e-03
vertex -1.737455e-02 4.937350e-02 -6.346995e-03
endloop
endfacet
facet normal 0 0 0
outer loop
vertex -2.552341e-02 4.925762e-02 -3.861987e-03
vertex -2.560171e-02 4.888260e-02 1.621593e-03
vertex -2.043911e-02 5.069583e-02 2.644520e-03
endloop
endfacet
facet normal 0 0 0
outer loop
vertex -2.552341e-02 4.925762e-02 -3.861987e-03
vertex -2.043911e-02 5.069583e-02 2.644520e-03
vertex -2.155777e-02 5.038664e-02 -2.111584e-03
endloop
endfacet
facet normal 0 0 0
outer loop
vertex -1.360491e-02 4.606765e-02 -3.190905e-02
vertex -1.876495e-02 4.704239e-02 -2.795779e-02
vertex -1.337784e-02 4.723830e-02 -2.561681e-02
endloop
endfacet
facet normal 0 0 0
outer loop
vertex -2.272138e-02 4.659522e-02 -2.518817e-02
vertex -2.166823e-02 4.744240e-02 -1.928730e-02
vertex -1.670513e-02 4.776318e-02 -2.325726e-02
endloop
endfacet
facet normal 0 0 0
outer loop
vertex -2.166823e-02 4.744240e-02 -1.928730e-02
vertex -1.567337e-02 4.860511e-02 -1.799716e-02
vertex -1.670513e-02 4.776318e-02 -2.325726e-02
endloop
endfacet
facet normal 0 0 0
outer loop
vertex -1.337784e-02 4.723830e-02 -2.561681e-02
vertex -1.876495e-02 4.704239e-02 -2.795779e-02
vertex -1.670513e-02 4.776318e-02 -2.325726e-02
endloop
endfacet
facet normal 0 0 0
outer loop
vertex -1.670513e-02 4.776318e-02 -2.325726e-02
vertex -1.567337e-02 4.860511e-02 -1.799716e-02
vertex -1.110175e-02 5.006492e-02 -1.835128e-02
endloop
endfacet
facet normal 0 0 0
outer loop
vertex -1.360491e-02 4.606765e-02 -3.190905e-02
vertex -1.337784e-02 4.723830e-02 -2.561681e-02
vertex -8.127023e-03 4.802895e-02 -2.627867e-02
endloop
endfacet
facet normal 0 0 0
outer loop
vertex -1.670513e-02 4.776318e-02 -2.325726e-02
vertex -1.110175e-02 5.006492e-02 -1.835128e-02
vertex -1.337784e-02 4.723830e-02 -2.561681e-02
endloop
endfacet
facet normal 0 0 0
outer loop
vertex -1.110175e-02 5.006492e-02 -1.835128e-02
vertex -9.195856e-03 4.940548e-02 -1.972189e-02
vertex -1.337784e-02 4.723830e-02 -2.561681e-02
endloop
endfacet
facet normal 0 0 0
outer loop
vertex -1.337784e-02 4.723830e-02 -2.561681e-02
vertex -9.195856e-03 4.940548e-02 -1.972189e-02
vertex -8.127023e-03 4.802895e-02 -2.627867e-02
endloop
endfacet
facet normal 0 0 0
outer loop
vertex -1.360491e-02 4.606765e-02 -3.190905e-02
vertex -5.300410e-03 4.776983e-02 -3.233181e-02
vertex -5.667579e-03 4.616614e-02 -3.543761e-02
endloop
endfacet
facet normal 0 0 0
outer loop
vertex -1.360491e-02 4.606765e-02 -3.190905e-02
vertex -8.127023e-03 4.802895e-02 -2.627867e-02
vertex -5.300410e-03 4.776983e-02 -3.233181e-02
endloop
endfacet
facet normal 0 0 0
outer loop
vertex -8.127023e-03 4.802895e-02 -2.627867e-02
vertex -3.329502e-03 4.769749e-02 -2.888747e-02
vertex -5.300410e-03 4.776983e-02 -3.233181e-02
endloop
endfacet
facet normal 0 0 0
outer loop
vertex -5.667579e-03 4.616614e-02 -3.543761e-02
vertex -5.300410e-03 4.776983e-02 -3.233181e-02
vertex 3.217810e-03 4.750888e-02 -2.672368e-02
endloop
endfacet
facet normal 0 0 0
outer loop
vertex -8.127023e-03 4.802895e-02 -2.627867e-02
vertex -2.862938e-03 4.958035e-02 -2.149447e-02
vertex -3.329502e-03 4.769749e-02 -2.888747e-02
endloop
endfacet
facet normal 0 0 0
outer loop
vertex -8.127023e-03 4.802895e-02 -2.627867e-02
vertex -9.195856e-03 4.940548e-02 -1.972189e-02
vertex -2.862938e-03 4.958035e-02 -2.149447e-02
endloop
endfacet
facet normal 0 0 0
outer loop
vertex -5.300410e-03 4.776983e-02 -3.233181e-02
vertex -3.329502e-03 4.769749e-02 -2.888747e-02
vertex 3.482130e-04 4.845028e-02 -2.628628e-02
endloop
endfacet
facet normal 0 0 0
outer loop
vertex -5.300410e-03 4.776983e-02 -3.233181e-02
vertex 3.482130e-04 4.845028e-02 -2.628628e-02
vertex 3.217810e-03 4.750888e-02 -2.672368e-02
endloop
endfacet
facet normal 0 0 0
outer loop
vertex -3.329502e-03 4.769749e-02 -2.888747e-02
vertex -2.862938e-03 4.958035e-02 -2.149447e-02
vertex 3.482130e-04 4.845028e-02 -2.628628e-02
endloop
endfacet
facet normal 0 0 0
outer loop
vertex -2.862938e-03 4.958035e-02 -2.149447e-02
vertex -2.535500e-04 4.789862e-02 -1.838834e-02
vertex 3.574590e-03 4.852156e-02 -1.936835e-02
endloop
endfacet
facet normal 0 0 0
outer loop
vertex -2.166823e-02 4.744240e-02 -1.928730e-02
vertex -2.031976e-02 4.911046e-02 -1.438590e-02
vertex -1.567337e-02 4.860511e-02 -1.799716e-02
endloop
endfacet
facet normal 0 0 0
outer loop
vertex -2.031976e-02 4.911046e-02 -1.438590e-02
vertex -1.723977e-02 5.064729e-02 -1.103781e-02
vertex -1.567337e-02 4.860511e-02 -1.799716e-02
endloop
endfacet
facet normal 0 0 0
outer loop
vertex -1.567337e-02 4.860511e-02 -1.799716e-02
vertex -1.723977e-02 5.064729e-02 -1.103781e-02
vertex -1.464218e-02 4.935402e-02 -1.374586e-02
endloop
endfacet
facet normal 0 0 0
outer loop
vertex -1.567337e-02 4.860511e-02 -1.799716e-02
vertex -1.464218e-02 4.935402e-02 -1.374586e-02
vertex -1.110175e-02 5.006492e-02 -1.835128e-02
endloop
endfacet
facet normal 0 0 0
outer loop
vertex -9.195856e-03 4.940548e-02 -1.972189e-02
vertex -1.110175e-02 5.006492e-02 -1.835128e-02
vertex -7.007837e-03 4.792892e-02 -1.542511e-02
endloop
endfacet
facet normal 0 0 0
outer loop
vertex -1.110175e-02 5.006492e-02 -1.835128e-02
vertex -1.464218e-02 4.935402e-02 -1.374586e-02
vertex -9.409674e-03 4.729193e-02 -1.032049e-02
endloop
endfacet
facet normal 0 0 0
outer loop
vertex -1.930053e-02 4.975213e-02 -7.807236e-03
vertex -1.737455e-02 4.937350e-02 -6.346995e-03
vertex -1.723977e-02 5.064729e-02 -1.103781e-02
endloop
endfacet
facet normal 0 0 0
outer loop
vertex -1.737455e-02 4.937350e-02 -6.346995e-03
vertex -2.155777e-02 5.038664e-02 -2.111584e-03
vertex -1.627478e-02 4.866720e-02 2.198013e-04
endloop
endfacet
facet normal 0 0 0
outer loop
vertex -1.737455e-02 4.937350e-02 -6.346995e-03
vertex -1.627478e-02 4.866720e-02 2.198013e-04
vertex -1.235305e-02 4.770942e-02 -5.530214e-03
endloop
endfacet
facet normal 0 0 0
outer loop
vertex -1.723977e-02 5.064729e-02 -1.103781e-02
vertex -1.737455e-02 4.937350e-02 -6.346995e-03
vertex -1.235305e-02 4.770942e-02 -5.530214e-03
endloop
endfacet
facet normal 0 0 0
outer loop
vertex -1.464218e-02 4.935402e-02 -1.374586e-02
vertex -1.723977e-02 5.064729e-02 -1.103781e-02
vertex -1.235305e-02 4.770942e-02 -5.530214e-03
endloop
endfacet
facet normal 0 0 0
outer loop
vertex -6.439793e-03 4.505011e-02 -4.128078e-03
vertex -9.409674e-03 4.729193e-02 -1.032049e-02
vertex -1.235305e-02 4.770942e-02 -5.530214e-03
endloop
endfacet
facet normal 0 0 0
outer loop
vertex -9.409674e-03 4.729193e-02 -1.032049e-02
vertex -1.464218e-02 4.935402e-02 -1.374586e-02
vertex -1.235305e-02 4.770942e-02 -5.530214e-03
endloop
endfacet
facet normal 0 0 0
outer loop
vertex -1.235305e-02 4.770942e-02 -5.530214e-03
vertex -1.627478e-02 4.866720e-02 2.198013e-04
vertex -1.182405e-02 4.754886e-02 -4.390980e-04
endloop
endfacet
facet normal 0 0 0
outer loop
vertex -6.439793e-03 4.505011e-02 -4.128078e-03
vertex -1.235305e-02 4.770942e-02 -5.530214e-03
vertex -7.153839e-03 4.485689e-02 4.769069e-04
endloop
endfacet
facet normal 0 0 0
outer loop
vertex -7.153839e-03 4.485689e-02 4.769069e-04
vertex -1.235305e-02 4.770942e-02 -5.530214e-03
vertex -1.182405e-02 4.754886e-02 -4.390980e-04
endloop
endfacet
facet normal 0 0 0
outer loop
vertex -9.195856e-03 4.940548e-02 -1.972189e-02
vertex -7.007837e-03 4.792892e-02 -1.542511e-02
vertex -2.862938e-03 4.958035e-02 -2.149447e-02
endloop
endfacet
facet normal 0 0 0
outer loop
vertex -4.751860e-03 4.666554e-02 -1.111322e-02
vertex -9.409674e-03 4.729193e-02 -1.032049e-02
vertex -7.303133e-03 4.582020e-02 -7.783819e-03
endloop
endfacet
facet normal 0 0 0
outer loop
vertex -1.110175e-02 5.006492e-02 -1.835128e-02
vertex -9.409674e-03 4.729193e-02 -1.032049e-02
vertex -7.007837e-03 4.792892e-02 -1.542511e-02
endloop
endfacet
facet normal 0 0 0
outer loop
vertex -4.751860e-03 4.666554e-02 -1.111322e-02
vertex -7.007837e-03 4.792892e-02 -1.542511e-02
vertex -9.409674e-03 4.729193e-02 -1.032049e-02
endloop
endfacet
facet normal 0 0 0
outer loop
vertex -2.862938e-03 4.958035e-02 -2.149447e-02
vertex -7.007837e-03 4.792892e-02 -1.542511e-02
vertex -3.306328e-04 4.678832e-02 -1.408307e-02
endloop
endfacet
facet normal 0 0 0
outer loop
vertex -3.306328e-04 4.678832e-02 -1.408307e-02
vertex 3.383323e-03 4.653615e-02 -1.390358e-02
vertex -2.535500e-04 4.789862e-02 -1.838834e-02
endloop
endfacet
facet normal 0 0 0
outer loop
vertex -2.862938e-03 4.958035e-02 -2.149447e-02
vertex -3.306328e-04 4.678832e-02 -1.408307e-02
vertex -2.535500e-04 4.789862e-02 -1.838834e-02
endloop
endfacet
facet normal 0 0 0
outer loop
vertex -7.007837e-03 4.792892e-02 -1.542511e-02
vertex -4.751860e-03 4.666554e-02 -1.111322e-02
vertex -3.306328e-04 4.678832e-02 -1.408307e-02
endloop
endfacet
facet normal 0 0 0
outer loop
vertex -3.306328e-04 4.678832e-02 -1.408307e-02
vertex -4.751860e-03 4.666554e-02 -1.111322e-02
vertex -4.000750e-04 4.399146e-02 -7.490940e-03
endloop
endfacet
facet normal 0 0 0
outer loop
vertex -6.439793e-03 4.505011e-02 -4.128078e-03
vertex -7.303133e-03 4.582020e-02 -7.783819e-03
vertex -9.409674e-03 4.729193e-02 -1.032049e-02
endloop
endfacet
facet normal 0 0 0
outer loop
vertex 3.611330e-04 4.933305e-02 -9.741099e-04
vertex 1.710068e-04 4.486444e-02 9.425713e-04
vertex -1.956778e-03 5.710256e-02 -1.297211e-03
endloop
endfacet
facet normal 0 0 0
outer loop
vertex -1.956778e-03 5.710256e-02 -1.297211e-03
vertex -5.596170e-05 5.618940e-02 -2.498693e-03
vertex 3.611330e-04 4.933305e-02 -9.741099e-04
endloop
endfacet
facet normal 0 0 0
outer loop
vertex -5.596170e-05 5.618940e-02 -2.498693e-03
vertex -1.956778e-03 5.710256e-02 -1.297211e-03
vertex -9.628768e-04 5.838299e-02 -4.963175e-04
endloop
endfacet
facet normal 0 0 0
outer loop
vertex -4.688374e-02 5.165309e-03 9.619109e-03
vertex -4.189380e-02 1.804248e-02 2.904790e-02
vertex -4.831316e-02 1.834903e-02 1.287100e-02
endloop
endfacet
facet normal 0 0 0
outer loop
vertex -4.933226e-02 1.824454e-02 8.680786e-03
vertex -4.688374e-02 5.165309e-03 9.619109e-03
vertex -4.831316e-02 1.834903e-02 1.287100e-02
endloop
endfacet
facet normal 0 0 0
outer loop
vertex -4.837497e-02 1.834260e-02 -9.953240e-03
vertex -4.933226e-02 1.824454e-02 8.680786e-03
vertex -4.469011e-02 3.665236e-02 7.853133e-03
endloop
endfacet
facet normal 0 0 0
outer loop
vertex -4.933226e-02 1.824454e-02 8.680786e-03
vertex -4.831316e-02 1.834903e-02 1.287100e-02
vertex -4.638208e-02 2.992174e-02 9.604303e-03
endloop
endfacet
facet normal 0 0 0
outer loop
vertex -4.688374e-02 5.165309e-03 9.619109e-03
vertex -3.949865e-02 1.702834e-03 2.728164e-02
vertex -4.189380e-02 1.804248e-02 2.904790e-02
endloop
endfacet
facet normal 0 0 0
outer loop
vertex -4.189380e-02 1.804248e-02 2.904790e-02
vertex -4.086044e-02 2.390398e-02 2.755455e-02
vertex -4.831316e-02 1.834903e-02 1.287100e-02
endloop
endfacet
facet normal 0 0 0
outer loop
vertex -4.189380e-02 1.804248e-02 2.904790e-02
vertex -3.736091e-02 2.494081e-02 2.928238e-02
vertex -4.086044e-02 2.390398e-02 2.755455e-02
endloop
endfacet
facet normal 0 0 0
outer loop
vertex -4.933226e-02 1.824454e-02 8.680786e-03
vertex -4.638208e-02 2.992174e-02 9.604303e-03
vertex -4.469011e-02 3.665236e-02 7.853133e-03
endloop
endfacet
facet normal 0 0 0
outer loop
vertex -4.638208e-02 2.992174e-02 9.604303e-03
vertex -4.319074e-02 3.567322e-02 1.275352e-02
vertex -4.469011e-02 3.665236e-02 7.853133e-03
endloop
endfacet
facet normal 0 0 0
outer loop
vertex -4.831316e-02 1.834903e-02 1.287100e-02
vertex -3.794454e-02 3.603012e-02 2.572881e-02
vertex -4.057515e-02 3.520684e-02 1.982351e-02
endloop
endfacet
facet normal 0 0 0
outer loop
vertex -4.638208e-02 2.992174e-02 9.604303e-03
vertex -4.831316e-02 1.834903e-02 1.287100e-02
vertex -4.057515e-02 3.520684e-02 1.982351e-02
endloop
endfacet
facet normal 0 0 0
outer loop
vertex -4.638208e-02 2.992174e-02 9.604303e-03
vertex -4.057515e-02 3.520684e-02 1.982351e-02
vertex -4.319074e-02 3.567322e-02 1.275352e-02
endloop
endfacet
facet normal 0 0 0
outer loop
vertex -4.469011e-02 3.665236e-02 7.853133e-03
vertex -4.319074e-02 3.567322e-02 1.275352e-02
vertex -4.125918e-02 3.865264e-02 9.361157e-03
endloop
endfacet
facet normal 0 0 0
outer loop
vertex -4.319074e-02 3.567322e-02 1.275352e-02
vertex -3.859420e-02 3.961945e-02 1.274252e-02
vertex -4.125918e-02 3.865264e-02 9.361157e-03
endloop
endfacet
facet normal 0 0 0
outer loop
vertex -4.319074e-02 3.567322e-02 1.275352e-02
vertex -4.057515e-02 3.520684e-02 1.982351e-02
vertex -3.859420e-02 3.961945e-02 1.274252e-02
endloop
endfacet
facet normal 0 0 0
outer loop
vertex -4.831316e-02 1.834903e-02 1.287100e-02
vertex -4.086044e-02 2.390398e-02 2.755455e-02
vertex -3.794454e-02 3.603012e-02 2.572881e-02
endloop
endfacet
facet normal 0 0 0
outer loop
vertex -4.086044e-02 2.390398e-02 2.755455e-02
vertex -3.915265e-02 3.031986e-02 2.680097e-02
vertex -3.794454e-02 3.603012e-02 2.572881e-02
endloop
endfacet
facet normal 0 0 0
outer loop
vertex -3.949865e-02 1.702834e-03 2.728164e-02
vertex -2.827396e-02 1.796718e-02 4.030803e-02
vertex -4.189380e-02 1.804248e-02 2.904790e-02
endloop
endfacet
facet normal 0 0 0
outer loop
vertex -4.189380e-02 1.804248e-02 2.904790e-02
vertex -3.841948e-02 2.128555e-02 3.032062e-02
vertex -3.736091e-02 2.494081e-02 2.928238e-02
endloop
endfacet
facet normal 0 0 0
outer loop
vertex -4.189380e-02 1.804248e-02 2.904790e-02
vertex -3.283646e-02 2.056624e-02 3.457416e-02
vertex -3.841948e-02 2.128555e-02 3.032062e-02
endloop
endfacet
facet normal 0 0 0
outer loop
vertex -3.841948e-02 2.128555e-02 3.032062e-02
vertex -3.283646e-02 2.056624e-02 3.457416e-02
vertex -2.779673e-02 3.019570e-02 3.571818e-02
endloop
endfacet
facet normal 0 0 0
outer loop
vertex -4.189380e-02 1.804248e-02 2.904790e-02
vertex -2.827396e-02 1.796718e-02 4.030803e-02
vertex -3.283646e-02 2.056624e-02 3.457416e-02
endloop
endfacet
facet normal 0 0 0
outer loop
vertex -2.827396e-02 1.796718e-02 4.030803e-02
vertex -2.617517e-02 6.408930e-03 3.919260e-02
vertex -2.507733e-02 1.768482e-02 4.160910e-02
endloop
endfacet
facet normal 0 0 0
outer loop
vertex -2.617517e-02 6.408930e-03 3.919260e-02
vertex -2.370861e-02 8.672946e-03 3.990889e-02
vertex -2.507733e-02 1.768482e-02 4.160910e-02
endloop
endfacet
facet normal 0 0 0
outer loop
vertex -2.827396e-02 1.796718e-02 4.030803e-02
vertex -2.575014e-02 2.187535e-02 4.021485e-02
vertex -3.283646e-02 2.056624e-02 3.457416e-02
endloop
endfacet
facet normal 0 0 0
outer loop
vertex -3.437308e-02 4.748959e-02 5.069187e-03
vertex -4.125918e-02 3.865264e-02 9.361157e-03
vertex -3.478155e-02 4.492096e-02 8.676510e-03
endloop
endfacet
facet normal 0 0 0
outer loop
vertex -4.469011e-02 3.665236e-02 7.853133e-03
vertex -4.125918e-02 3.865264e-02 9.361157e-03
vertex -3.437308e-02 4.748959e-02 5.069187e-03
endloop
endfacet
facet normal 0 0 0
outer loop
vertex -3.859420e-02 3.961945e-02 1.274252e-02
vertex -4.057515e-02 3.520684e-02 1.982351e-02
vertex -3.455379e-02 4.188867e-02 1.499185e-02
endloop
endfacet
facet normal 0 0 0
outer loop
vertex -4.057515e-02 3.520684e-02 1.982351e-02
vertex -3.213870e-02 4.144482e-02 2.188491e-02
vertex -3.455379e-02 4.188867e-02 1.499185e-02
endloop
endfacet
facet normal 0 0 0
outer loop
vertex -3.859420e-02 3.961945e-02 1.274252e-02
vertex -3.455379e-02 4.188867e-02 1.499185e-02
vertex -4.125918e-02 3.865264e-02 9.361157e-03
endloop
endfacet
facet normal 0 0 0
outer loop
vertex -4.125918e-02 3.865264e-02 9.361157e-03
vertex -3.455379e-02 4.188867e-02 1.499185e-02
vertex -3.478155e-02 4.492096e-02 8.676510e-03
endloop
endfacet
facet normal 0 0 0
outer loop
vertex -3.478155e-02 4.492096e-02 8.676510e-03
vertex -3.455379e-02 4.188867e-02 1.499185e-02
vertex -3.199127e-02 4.715089e-02 9.854415e-03
endloop
endfacet
facet normal 0 0 0
outer loop
vertex -3.455379e-02 4.188867e-02 1.499185e-02
vertex -2.976405e-02 4.630298e-02 1.582336e-02
vertex -3.199127e-02 4.715089e-02 9.854415e-03
endloop
endfacet
facet normal 0 0 0
outer loop
vertex -3.455379e-02 4.188867e-02 1.499185e-02
vertex -3.213870e-02 4.144482e-02 2.188491e-02
vertex -2.976405e-02 4.630298e-02 1.582336e-02
endloop
endfacet
facet normal 0 0 0
outer loop
vertex -2.976405e-02 4.630298e-02 1.582336e-02
vertex -3.213870e-02 4.144482e-02 2.188491e-02
vertex -2.764587e-02 4.623221e-02 2.012722e-02
endloop
endfacet
facet normal 0 0 0
outer loop
vertex -4.086044e-02 2.390398e-02 2.755455e-02
vertex -3.736091e-02 2.494081e-02 2.928238e-02
vertex -3.915265e-02 3.031986e-02 2.680097e-02
endloop
endfacet
facet normal 0 0 0
outer loop
vertex -3.915265e-02 3.031986e-02 2.680097e-02
vertex -3.736091e-02 2.494081e-02 2.928238e-02
vertex -3.303437e-02 3.612341e-02 2.897464e-02
endloop
endfacet
facet normal 0 0 0
outer loop
vertex -3.736091e-02 2.494081e-02 2.928238e-02
vertex -3.255790e-02 2.886258e-02 3.221057e-02
vertex -3.303437e-02 3.612341e-02 2.897464e-02
endloop
endfacet
facet normal 0 0 0
outer loop
vertex -3.794454e-02 3.603012e-02 2.572881e-02
vertex -3.915265e-02 3.031986e-02 2.680097e-02
vertex -3.303437e-02 3.612341e-02 2.897464e-02
endloop
endfacet
facet normal 0 0 0
outer loop
vertex -3.736091e-02 2.494081e-02 2.928238e-02
vertex -3.841948e-02 2.128555e-02 3.032062e-02
vertex -3.255790e-02 2.886258e-02 3.221057e-02
endloop
endfacet
facet normal 0 0 0
outer loop
vertex -3.841948e-02 2.128555e-02 3.032062e-02
vertex -2.779673e-02 3.019570e-02 3.571818e-02
vertex -3.255790e-02 2.886258e-02 3.221057e-02
endloop
endfacet
facet normal 0 0 0
outer loop
vertex -3.255790e-02 2.886258e-02 3.221057e-02
vertex -2.779673e-02 3.019570e-02 3.571818e-02
vertex -2.818703e-02 3.212235e-02 3.545746e-02
endloop
endfacet
facet normal 0 0 0
outer loop
vertex -3.283646e-02 2.056624e-02 3.457416e-02
vertex -2.575014e-02 2.187535e-02 4.021485e-02
vertex -2.779673e-02 3.019570e-02 3.571818e-02
endloop
endfacet
facet normal 0 0 0
outer loop
vertex -2.818703e-02 3.212235e-02 3.545746e-02
vertex -2.623466e-02 3.574460e-02 3.507860e-02
vertex -3.255790e-02 2.886258e-02 3.221057e-02
endloop
endfacet
facet normal 0 0 0
outer loop
vertex -3.255790e-02 2.886258e-02 3.221057e-02
vertex -2.623466e-02 3.574460e-02 3.507860e-02
vertex -3.303437e-02 3.612341e-02 2.897464e-02
endloop
endfacet
facet normal 0 0 0
outer loop
vertex -4.057515e-02 3.520684e-02 1.982351e-02
vertex -3.794454e-02 3.603012e-02 2.572881e-02
vertex -3.496861e-02 3.870607e-02 2.496107e-02
endloop
endfacet
facet normal 0 0 0
outer loop
vertex -4.057515e-02 3.520684e-02 1.982351e-02
vertex -3.496861e-02 3.870607e-02 2.496107e-02
vertex -3.213870e-02 4.144482e-02 2.188491e-02
endloop
endfacet
facet normal 0 0 0
outer loop
vertex -3.794454e-02 3.603012e-02 2.572881e-02
vertex -3.303437e-02 3.612341e-02 2.897464e-02
vertex -3.496861e-02 3.870607e-02 2.496107e-02
endloop
endfacet
facet normal 0 0 0
outer loop
vertex -3.496861e-02 3.870607e-02 2.496107e-02
vertex -3.303437e-02 3.612341e-02 2.897464e-02
vertex -2.887679e-02 3.903431e-02 2.790770e-02
endloop
endfacet
facet normal 0 0 0
outer loop
vertex -3.496861e-02 3.870607e-02 2.496107e-02
vertex -2.887679e-02 3.903431e-02 2.790770e-02
vertex -2.881895e-02 4.088112e-02 2.646685e-02
endloop
endfacet
facet normal 0 0 0
outer loop
vertex -3.213870e-02 4.144482e-02 2.188491e-02
vertex -3.496861e-02 3.870607e-02 2.496107e-02
vertex -2.881895e-02 4.088112e-02 2.646685e-02
endloop
endfacet
facet normal 0 0 0
outer loop
vertex -3.213870e-02 4.144482e-02 2.188491e-02
vertex -2.881895e-02 4.088112e-02 2.646685e-02
vertex -2.389095e-02 4.316885e-02 2.654881e-02
endloop
endfacet
facet normal 0 0 0
outer loop
vertex -2.575014e-02 2.187535e-02 4.021485e-02
vertex -2.560204e-02 2.742260e-02 3.886969e-02
vertex -2.779673e-02 3.019570e-02 3.571818e-02
endloop
endfacet
facet normal 0 0 0
outer loop
vertex -2.560204e-02 2.742260e-02 3.886969e-02
vertex -2.350980e-02 3.488092e-02 3.835652e-02
vertex -2.779673e-02 3.019570e-02 3.571818e-02
endloop
endfacet
facet normal 0 0 0
outer loop
vertex -2.818703e-02 3.212235e-02 3.545746e-02
vertex -2.779673e-02 3.019570e-02 3.571818e-02
vertex -2.350980e-02 3.488092e-02 3.835652e-02
endloop
endfacet
facet normal 0 0 0
outer loop
vertex -2.560204e-02 2.742260e-02 3.886969e-02
vertex -1.564355e-02 3.499940e-02 4.082536e-02
vertex -2.350980e-02 3.488092e-02 3.835652e-02
endloop
endfacet
facet normal 0 0 0
outer loop
vertex -2.764587e-02 4.623221e-02 2.012722e-02
vertex -3.213870e-02 4.144482e-02 2.188491e-02
vertex -2.162825e-02 4.554606e-02 2.514843e-02
endloop
endfacet
facet normal 0 0 0
outer loop
vertex -3.213870e-02 4.144482e-02 2.188491e-02
vertex -2.389095e-02 4.316885e-02 2.654881e-02
vertex -2.162825e-02 4.554606e-02 2.514843e-02
endloop
endfacet
facet normal 0 0 0
outer loop
vertex -2.881895e-02 4.088112e-02 2.646685e-02
vertex -2.887679e-02 3.903431e-02 2.790770e-02
vertex -2.389095e-02 4.316885e-02 2.654881e-02
endloop
endfacet
facet normal 0 0 0
outer loop
vertex -2.389095e-02 4.316885e-02 2.654881e-02
vertex -2.887679e-02 3.903431e-02 2.790770e-02
vertex -1.938589e-02 4.357302e-02 3.002946e-02
endloop
endfacet
facet normal 0 0 0
outer loop
vertex -2.162825e-02 4.554606e-02 2.514843e-02
vertex -1.938589e-02 4.357302e-02 3.002946e-02
vertex -1.819511e-02 4.607607e-02 2.804172e-02
endloop
endfacet
facet normal 0 0 0
outer loop
vertex -2.162825e-02 4.554606e-02 2.514843e-02
vertex -2.389095e-02 4.316885e-02 2.654881e-02
vertex -1.938589e-02 4.357302e-02 3.002946e-02
endloop
endfacet
facet normal 0 0 0
outer loop
vertex -3.303437e-02 3.612341e-02 2.897464e-02
vertex -2.623466e-02 3.574460e-02 3.507860e-02
vertex -2.887679e-02 3.903431e-02 2.790770e-02
endloop
endfacet
facet normal 0 0 0
outer loop
vertex -2.887679e-02 3.903431e-02 2.790770e-02
vertex -2.623466e-02 3.574460e-02 3.507860e-02
vertex -2.260466e-02 3.811201e-02 3.555596e-02
endloop
endfacet
facet normal 0 0 0
outer loop
vertex -2.887679e-02 3.903431e-02 2.790770e-02
vertex -2.260466e-02 3.811201e-02 3.555596e-02
vertex -2.062036e-02 4.139106e-02 3.209859e-02
endloop
endfacet
facet normal 0 0 0
outer loop
vertex -2.623466e-02 3.574460e-02 3.507860e-02
vertex -2.350980e-02 3.488092e-02 3.835652e-02
vertex -2.260466e-02 3.811201e-02 3.555596e-02
endloop
endfacet
facet normal 0 0 0
outer loop
vertex -2.818703e-02 3.212235e-02 3.545746e-02
vertex -2.350980e-02 3.488092e-02 3.835652e-02
vertex -2.623466e-02 3.574460e-02 3.507860e-02
endloop
endfacet
facet normal 0 0 0
outer loop
vertex -1.725870e-02 4.129301e-02 3.310394e-02
vertex -2.260466e-02 3.811201e-02 3.555596e-02
vertex -1.838560e-02 3.845296e-02 3.641856e-02
endloop
endfacet
facet normal 0 0 0
outer loop
vertex -2.350980e-02 3.488092e-02 3.835652e-02
vertex -1.838560e-02 3.845296e-02 3.641856e-02
vertex -2.260466e-02 3.811201e-02 3.555596e-02
endloop
endfacet
facet normal 0 0 0
outer loop
vertex -2.887679e-02 3.903431e-02 2.790770e-02
vertex -2.062036e-02 4.139106e-02 3.209859e-02
vertex -1.938589e-02 4.357302e-02 3.002946e-02
endloop
endfacet
facet normal 0 0 0
outer loop
vertex -1.725870e-02 4.129301e-02 3.310394e-02
vertex -2.062036e-02 4.139106e-02 3.209859e-02
vertex -2.260466e-02 3.811201e-02 3.555596e-02
endloop
endfacet
facet normal 0 0 0
outer loop
vertex -7.153839e-03 4.485689e-02 4.769069e-04
vertex -7.230615e-03 4.530552e-02 5.357374e-03
vertex -3.093576e-03 4.392767e-02 5.376248e-03
endloop
endfacet
facet normal 0 0 0
outer loop
vertex -7.230615e-03 4.530552e-02 5.357374e-03
vertex -3.116626e-03 4.503378e-02 8.843422e-03
vertex -3.093576e-03 4.392767e-02 5.376248e-03
endloop
endfacet
facet normal 0 0 0
outer loop
vertex -7.153839e-03 4.485689e-02 4.769069e-04
vertex -3.093576e-03 4.392767e-02 5.376248e-03
vertex -2.339155e-03 4.157880e-02 2.337354e-03
endloop
endfacet
facet normal 0 0 0
outer loop
vertex -2.339155e-03 4.157880e-02 2.337354e-03
vertex -3.093576e-03 4.392767e-02 5.376248e-03
vertex -2.385094e-04 4.164258e-02 3.974354e-03
endloop
endfacet
facet normal 0 0 0
outer loop
vertex -2.385094e-04 4.164258e-02 3.974354e-03
vertex 1.498827e-03 4.264887e-02 6.376961e-04
vertex -2.339155e-03 4.157880e-02 2.337354e-03
endloop
endfacet
facet normal 0 0 0
outer loop
vertex -2.339155e-03 4.157880e-02 2.337354e-03
vertex 1.498827e-03 4.264887e-02 6.376961e-04
vertex 1.710068e-04 4.486444e-02 9.425713e-04
endloop
endfacet
facet normal 0 0 0
outer loop
vertex -3.093576e-03 4.392767e-02 5.376248e-03
vertex 2.143977e-03 4.362559e-02 5.819056e-03
vertex -2.385094e-04 4.164258e-02 3.974354e-03
endloop
endfacet
facet normal 0 0 0
outer loop
vertex -3.116626e-03 4.503378e-02 8.843422e-03
vertex 4.443055e-03 4.525696e-02 9.963844e-03
vertex -3.093576e-03 4.392767e-02 5.376248e-03
endloop
endfacet
facet normal 0 0 0
outer loop
vertex -1.725870e-02 4.129301e-02 3.310394e-02
vertex -1.838560e-02 3.845296e-02 3.641856e-02
vertex -1.273905e-02 4.234064e-02 3.456151e-02
endloop
endfacet
facet normal 0 0 0
outer loop
vertex -2.350980e-02 3.488092e-02 3.835652e-02
vertex -1.564355e-02 3.499940e-02 4.082536e-02
vertex -1.838560e-02 3.845296e-02 3.641856e-02
endloop
endfacet
facet normal 0 0 0
outer loop
vertex -1.273905e-02 4.234064e-02 3.456151e-02
vertex -1.838560e-02 3.845296e-02 3.641856e-02
vertex -9.616116e-03 4.138634e-02 3.583093e-02
endloop
endfacet
facet normal 0 0 0
outer loop
vertex -1.938589e-02 4.357302e-02 3.002946e-02
vertex -2.062036e-02 4.139106e-02 3.209859e-02
vertex -1.725870e-02 4.129301e-02 3.310394e-02
endloop
endfacet
facet normal 0 0 0
outer loop
vertex -1.819511e-02 4.607607e-02 2.804172e-02
vertex -1.938589e-02 4.357302e-02 3.002946e-02
vertex -1.053740e-02 4.578393e-02 3.061146e-02
endloop
endfacet
facet normal 0 0 0
outer loop
vertex -1.725870e-02 4.129301e-02 3.310394e-02
vertex -1.053740e-02 4.578393e-02 3.061146e-02
vertex -1.938589e-02 4.357302e-02 3.002946e-02
endloop
endfacet
facet normal 0 0 0
outer loop
vertex -1.838560e-02 3.845296e-02 3.641856e-02
vertex -8.730976e-03 3.855303e-02 3.934707e-02
vertex -9.616116e-03 4.138634e-02 3.583093e-02
endloop
endfacet
facet normal 0 0 0
outer loop
vertex -1.564355e-02 3.499940e-02 4.082536e-02
vertex -8.730976e-03 3.855303e-02 3.934707e-02
vertex -1.838560e-02 3.845296e-02 3.641856e-02
endloop
endfacet
facet normal 0 0 0
outer loop
vertex -1.273905e-02 4.234064e-02 3.456151e-02
vertex -1.053740e-02 4.578393e-02 3.061146e-02
vertex -1.725870e-02 4.129301e-02 3.310394e-02
endloop
endfacet
facet normal 0 0 0
outer loop
vertex -1.053740e-02 4.578393e-02 3.061146e-02
vertex -1.273905e-02 4.234064e-02 3.456151e-02
vertex -6.187396e-03 4.427899e-02 3.491984e-02
endloop
endfacet
facet normal 0 0 0
outer loop
vertex -9.616116e-03 4.138634e-02 3.583093e-02
vertex -6.187396e-03 4.427899e-02 3.491984e-02
vertex -1.273905e-02 4.234064e-02 3.456151e-02
endloop
endfacet
facet normal 0 0 0
outer loop
vertex -9.616116e-03 4.138634e-02 3.583093e-02
vertex -8.730976e-03 3.855303e-02 3.934707e-02
vertex -6.187396e-03 4.427899e-02 3.491984e-02
endloop
endfacet
facet normal 0 0 0
outer loop
vertex -6.187396e-03 4.427899e-02 3.491984e-02
vertex -6.765091e-03 3.827325e-02 4.112415e-02
vertex -2.124205e-04 4.272116e-02 3.523916e-02
endloop
endfacet
facet normal 0 0 0
outer loop
vertex -6.765091e-03 3.827325e-02 4.112415e-02
vertex -6.187396e-03 4.427899e-02 3.491984e-02
vertex -8.730976e-03 3.855303e-02 3.934707e-02
endloop
endfacet
facet normal 0 0 0
outer loop
vertex -6.187396e-03 4.427899e-02 3.491984e-02
vertex -2.124205e-04 4.272116e-02 3.523916e-02
vertex 3.610076e-03 4.452696e-02 3.454966e-02
endloop
endfacet
facet normal 0 0 0
outer loop
vertex -6.765091e-03 3.827325e-02 4.112415e-02
vertex -2.583989e-03 3.895221e-02 4.011808e-02
vertex -2.124205e-04 4.272116e-02 3.523916e-02
endloop
endfacet
facet normal 0 0 0
outer loop
vertex -2.124205e-04 4.272116e-02 3.523916e-02
vertex -2.583989e-03 3.895221e-02 4.011808e-02
vertex 4.091466e-03 4.030950e-02 3.736502e-02
endloop
endfacet
facet normal 0 0 0
outer loop
vertex -2.370861e-02 8.672946e-03 3.990889e-02
vertex -1.567440e-02 1.790070e-02 4.508237e-02
vertex -2.507733e-02 1.768482e-02 4.160910e-02
endloop
endfacet
facet normal 0 0 0
outer loop
vertex -2.507733e-02 1.768482e-02 4.160910e-02
vertex -2.220779e-02 2.072161e-02 4.190342e-02
vertex -2.827396e-02 1.796718e-02 4.030803e-02
endloop
endfacet
facet normal 0 0 0
outer loop
vertex -2.827396e-02 1.796718e-02 4.030803e-02
vertex -2.220779e-02 2.072161e-02 4.190342e-02
vertex -2.575014e-02 2.187535e-02 4.021485e-02
endloop
endfacet
facet normal 0 0 0
outer loop
vertex -2.507733e-02 1.768482e-02 4.160910e-02
vertex -1.567440e-02 1.790070e-02 4.508237e-02
vertex -2.220779e-02 2.072161e-02 4.190342e-02
endloop
endfacet
facet normal 0 0 0
outer loop
vertex -2.575014e-02 2.187535e-02 4.021485e-02
vertex -2.220779e-02 2.072161e-02 4.190342e-02
vertex -1.347256e-02 3.111336e-02 4.235335e-02
endloop
endfacet
facet normal 0 0 0
outer loop
vertex -2.575014e-02 2.187535e-02 4.021485e-02
vertex -1.347256e-02 3.111336e-02 4.235335e-02
vertex -2.560204e-02 2.742260e-02 3.886969e-02
endloop
endfacet
facet normal 0 0 0
outer loop
vertex -1.252694e-02 1.237695e-02 4.493549e-02
vertex -1.567440e-02 1.790070e-02 4.508237e-02
vertex -2.370861e-02 8.672946e-03 3.990889e-02
endloop
endfacet
facet normal 0 0 0
outer loop
vertex -1.345063e-02 8.113485e-03 4.448802e-02
vertex -1.386149e-02 3.636641e-03 4.260178e-02
vertex -8.556695e-03 1.258477e-02 4.648352e-02
endloop
endfacet
facet normal 0 0 0
outer loop
vertex -8.556695e-03 1.258477e-02 4.648352e-02
vertex -1.252694e-02 1.237695e-02 4.493549e-02
vertex -1.345063e-02 8.113485e-03 4.448802e-02
endloop
endfacet
facet normal 0 0 0
outer loop
vertex -1.252694e-02 1.237695e-02 4.493549e-02
vertex -8.556695e-03 1.258477e-02 4.648352e-02
vertex -7.932953e-03 1.711131e-02 4.849077e-02
endloop
endfacet
facet normal 0 0 0
outer loop
vertex -1.252694e-02 1.237695e-02 4.493549e-02
vertex -7.932953e-03 1.711131e-02 4.849077e-02
vertex -1.567440e-02 1.790070e-02 4.508237e-02
endloop
endfacet
facet normal 0 0 0
outer loop
vertex -1.567440e-02 1.790070e-02 4.508237e-02
vertex -7.932953e-03 1.711131e-02 4.849077e-02
vertex -7.403717e-03 2.147499e-02 4.727036e-02
endloop
endfacet
facet normal 0 0 0
outer loop
vertex -1.567440e-02 1.790070e-02 4.508237e-02
vertex -7.403717e-03 2.147499e-02 4.727036e-02
vertex -2.220779e-02 2.072161e-02 4.190342e-02
endloop
endfacet
facet normal 0 0 0
outer loop
vertex -2.220779e-02 2.072161e-02 4.190342e-02
vertex -7.403717e-03 2.147499e-02 4.727036e-02
vertex -7.463192e-03 3.158616e-02 4.461101e-02
endloop
endfacet
facet normal 0 0 0
outer loop
vertex -8.556695e-03 1.258477e-02 4.648352e-02
vertex -7.661118e-03 3.564427e-03 4.501091e-02
vertex -5.010712e-03 1.588577e-02 4.727317e-02
endloop
endfacet
facet normal 0 0 0
outer loop
vertex -7.661118e-03 3.564427e-03 4.501091e-02
vertex -4.575361e-03 -2.448495e-04 4.405404e-02
vertex -5.010712e-03 1.588577e-02 4.727317e-02
endloop
endfacet
facet normal 0 0 0
outer loop
vertex -8.556695e-03 1.258477e-02 4.648352e-02
vertex -5.010712e-03 1.588577e-02 4.727317e-02
vertex -7.932953e-03 1.711131e-02 4.849077e-02
endloop
endfacet
facet normal 0 0 0
outer loop
vertex -7.932953e-03 1.711131e-02 4.849077e-02
vertex -5.010712e-03 1.588577e-02 4.727317e-02
vertex -4.160607e-03 1.996208e-02 4.725171e-02
endloop
endfacet
facet normal 0 0 0
outer loop
vertex -7.932953e-03 1.711131e-02 4.849077e-02
vertex -4.160607e-03 1.996208e-02 4.725171e-02
vertex -7.403717e-03 2.147499e-02 4.727036e-02
endloop
endfacet
facet normal 0 0 0
outer loop
vertex -7.403717e-03 2.147499e-02 4.727036e-02
vertex -4.160607e-03 1.996208e-02 4.725171e-02
vertex -7.133480e-03 2.689701e-02 4.599641e-02
endloop
endfacet
facet normal 0 0 0
outer loop
vertex -5.010712e-03 1.588577e-02 4.727317e-02
vertex 8.710145e-03 1.658865e-02 4.723627e-02
vertex -4.160607e-03 1.996208e-02 4.725171e-02
endloop
endfacet
facet normal 0 0 0
outer loop
vertex 8.710145e-03 1.658865e-02 4.723627e-02
vertex 1.235874e-02 1.838276e-02 4.746224e-02
vertex -4.160607e-03 1.996208e-02 4.725171e-02
endloop
endfacet
facet normal 0 0 0
outer loop
vertex -4.160607e-03 1.996208e-02 4.725171e-02
vertex 1.235874e-02 1.838276e-02 4.746224e-02
vertex 1.016894e-02 2.127591e-02 4.631281e-02
endloop
endfacet
facet normal 0 0 0
outer loop
vertex -2.220779e-02 2.072161e-02 4.190342e-02
vertex -1.763429e-02 2.537199e-02 4.299153e-02
vertex -1.347256e-02 3.111336e-02 4.235335e-02
endloop
endfacet
facet normal 0 0 0
outer loop
vertex -2.560204e-02 2.742260e-02 3.886969e-02
vertex -1.347256e-02 3.111336e-02 4.235335e-02
vertex -1.564355e-02 3.499940e-02 4.082536e-02
endloop
endfacet
facet normal 0 0 0
outer loop
vertex -2.220779e-02 2.072161e-02 4.190342e-02
vertex -7.463192e-03 3.158616e-02 4.461101e-02
vertex -1.763429e-02 2.537199e-02 4.299153e-02
endloop
endfacet
facet normal 0 0 0
outer loop
vertex -1.763429e-02 2.537199e-02 4.299153e-02
vertex -7.463192e-03 3.158616e-02 4.461101e-02
vertex -1.347256e-02 3.111336e-02 4.235335e-02
endloop
endfacet
facet normal 0 0 0
outer loop
vertex -7.463192e-03 3.158616e-02 4.461101e-02
vertex -9.849694e-03 3.243615e-02 4.430333e-02
vertex -1.347256e-02 3.111336e-02 4.235335e-02
endloop
endfacet
facet normal 0 0 0
outer loop
vertex -1.347256e-02 3.111336e-02 4.235335e-02
vertex -9.979737e-03 3.516741e-02 4.285730e-02
vertex -1.564355e-02 3.499940e-02 4.082536e-02
endloop
endfacet
facet normal 0 0 0
outer loop
vertex -1.347256e-02 3.111336e-02 4.235335e-02
vertex -9.849694e-03 3.243615e-02 4.430333e-02
vertex -9.979737e-03 3.516741e-02 4.285730e-02
endloop
endfacet
facet normal 0 0 0
outer loop
vertex -1.564355e-02 3.499940e-02 4.082536e-02
vertex -9.979737e-03 3.516741e-02 4.285730e-02
vertex -8.730976e-03 3.855303e-02 3.934707e-02
endloop
endfacet
facet normal 0 0 0
outer loop
vertex -7.403717e-03 2.147499e-02 4.727036e-02
vertex -7.133480e-03 2.689701e-02 4.599641e-02
vertex -7.463192e-03 3.158616e-02 4.461101e-02
endloop
endfacet
facet normal 0 0 0
outer loop
vertex -9.849694e-03 3.243615e-02 4.430333e-02
vertex -7.463192e-03 3.158616e-02 4.461101e-02
vertex -6.074091e-03 3.461313e-02 4.446973e-02
endloop
endfacet
facet normal 0 0 0
outer loop
vertex -7.133480e-03 2.689701e-02 4.599641e-02
vertex -4.160607e-03 1.996208e-02 4.725171e-02
vertex -7.463192e-03 3.158616e-02 4.461101e-02
endloop
endfacet
facet normal 0 0 0
outer loop
vertex 3.125900e-03 3.029874e-02 4.398263e-02
vertex -4.160607e-03 1.996208e-02 4.725171e-02
vertex 2.370782e-05 2.499960e-02 4.632463e-02
endloop
endfacet
facet normal 0 0 0
outer loop
vertex -4.160607e-03 1.996208e-02 4.725171e-02
vertex 3.125900e-03 3.029874e-02 4.398263e-02
vertex -7.463192e-03 3.158616e-02 4.461101e-02
endloop
endfacet
facet normal 0 0 0
outer loop
vertex 3.125900e-03 3.029874e-02 4.398263e-02
vertex -6.074091e-03 3.461313e-02 4.446973e-02
vertex -7.463192e-03 3.158616e-02 4.461101e-02
endloop
endfacet
facet normal 0 0 0
outer loop
vertex -8.730976e-03 3.855303e-02 3.934707e-02
vertex -9.979737e-03 3.516741e-02 4.285730e-02
vertex -6.765091e-03 3.827325e-02 4.112415e-02
endloop
endfacet
facet normal 0 0 0
outer loop
vertex -6.765091e-03 3.827325e-02 4.112415e-02
vertex -9.979737e-03 3.516741e-02 4.285730e-02
vertex -6.074091e-03 3.461313e-02 4.446973e-02
endloop
endfacet
facet normal 0 0 0
outer loop
vertex -9.849694e-03 3.243615e-02 4.430333e-02
vertex -6.074091e-03 3.461313e-02 4.446973e-02
vertex -9.979737e-03 3.516741e-02 4.285730e-02
endloop
endfacet
facet normal 0 0 0
outer loop
vertex -6.765091e-03 3.827325e-02 4.112415e-02
vertex -6.074091e-03 3.461313e-02 4.446973e-02
vertex -2.583989e-03 3.895221e-02 4.011808e-02
endloop
endfacet
facet normal 0 0 0
outer loop
vertex -6.074091e-03 3.461313e-02 4.446973e-02
vertex 4.091466e-03 4.030950e-02 3.736502e-02
vertex -2.583989e-03 3.895221e-02 4.011808e-02
endloop
endfacet
facet normal 0 0 0
outer loop
vertex -6.074091e-03 3.461313e-02 4.446973e-02
vertex 6.811059e-03 3.451500e-02 4.281923e-02
vertex 4.091466e-03 4.030950e-02 3.736502e-02
endloop
endfacet
facet normal 0 0 0
outer loop
vertex -3.437308e-02 4.748959e-02 5.069187e-03
vertex -3.478155e-02 4.492096e-02 8.676510e-03
vertex -3.199127e-02 4.715089e-02 9.854415e-03
endloop
endfacet
facet normal 0 0 0
outer loop
vertex -3.437308e-02 4.748959e-02 5.069187e-03
vertex -3.260711e-02 4.834716e-02 6.636770e-03
vertex -2.667803e-02 4.912287e-02 5.613121e-03
endloop
endfacet
facet normal 0 0 0
outer loop
vertex -3.437308e-02 4.748959e-02 5.069187e-03
vertex -3.199127e-02 4.715089e-02 9.854415e-03
vertex -3.260711e-02 4.834716e-02 6.636770e-03
endloop
endfacet
facet normal 0 0 0
outer loop
vertex -3.437308e-02 4.748959e-02 5.069187e-03
vertex -2.667803e-02 4.912287e-02 5.613121e-03
vertex -2.560171e-02 4.888260e-02 1.621593e-03
endloop
endfacet
facet normal 0 0 0
outer loop
vertex -3.260711e-02 4.834716e-02 6.636770e-03
vertex -2.452171e-02 4.817062e-02 1.067918e-02
vertex -2.667803e-02 4.912287e-02 5.613121e-03
endloop
endfacet
facet normal 0 0 0
outer loop
vertex -3.260711e-02 4.834716e-02 6.636770e-03
vertex -3.199127e-02 4.715089e-02 9.854415e-03
vertex -2.452171e-02 4.817062e-02 1.067918e-02
endloop
endfacet
facet normal 0 0 0
outer loop
vertex -2.667803e-02 4.912287e-02 5.613121e-03
vertex -2.452171e-02 4.817062e-02 1.067918e-02
vertex -2.282276e-02 4.876247e-02 8.527013e-03
endloop
endfacet
facet normal 0 0 0
outer loop
vertex -2.043911e-02 5.069583e-02 2.644520e-03
vertex -2.560171e-02 4.888260e-02 1.621593e-03
vertex -2.082265e-02 5.004979e-02 5.841676e-03
endloop
endfacet
facet normal 0 0 0
outer loop
vertex -2.560171e-02 4.888260e-02 1.621593e-03
vertex -2.667803e-02 4.912287e-02 5.613121e-03
vertex -2.082265e-02 5.004979e-02 5.841676e-03
endloop
endfacet
facet normal 0 0 0
outer loop
vertex -2.667803e-02 4.912287e-02 5.613121e-03
vertex -2.282276e-02 4.876247e-02 8.527013e-03
vertex -2.082265e-02 5.004979e-02 5.841676e-03
endloop
endfacet
facet normal 0 0 0
outer loop
vertex -3.199127e-02 4.715089e-02 9.854415e-03
vertex -2.976405e-02 4.630298e-02 1.582336e-02
vertex -2.452171e-02 4.817062e-02 1.067918e-02
endloop
endfacet
facet normal 0 0 0
outer loop
vertex -2.452171e-02 4.817062e-02 1.067918e-02
vertex -2.976405e-02 4.630298e-02 1.582336e-02
vertex -2.177036e-02 4.785712e-02 1.516768e-02
endloop
endfacet
facet normal 0 0 0
outer loop
vertex -2.976405e-02 4.630298e-02 1.582336e-02
vertex -2.509401e-02 4.773695e-02 1.772116e-02
vertex -2.177036e-02 4.785712e-02 1.516768e-02
endloop
endfacet
facet normal 0 0 0
outer loop
vertex -2.976405e-02 4.630298e-02 1.582336e-02
vertex -2.764587e-02 4.623221e-02 2.012722e-02
vertex -2.509401e-02 4.773695e-02 1.772116e-02
endloop
endfacet
facet normal 0 0 0
outer loop
vertex -2.452171e-02 4.817062e-02 1.067918e-02
vertex -2.177036e-02 4.785712e-02 1.516768e-02
vertex -2.282276e-02 4.876247e-02 8.527013e-03
endloop
endfacet
facet normal 0 0 0
outer loop
vertex -2.282276e-02 4.876247e-02 8.527013e-03
vertex -2.177036e-02 4.785712e-02 1.516768e-02
vertex -1.738781e-02 4.955994e-02 1.250323e-02
endloop
endfacet
facet normal 0 0 0
outer loop
vertex -2.509401e-02 4.773695e-02 1.772116e-02
vertex -1.680937e-02 4.733494e-02 1.940362e-02
vertex -2.177036e-02 4.785712e-02 1.516768e-02
endloop
endfacet
facet normal 0 0 0
outer loop
vertex -2.509401e-02 4.773695e-02 1.772116e-02
vertex -2.764587e-02 4.623221e-02 2.012722e-02
vertex -1.680937e-02 4.733494e-02 1.940362e-02
endloop
endfacet
facet normal 0 0 0
outer loop
vertex -2.764587e-02 4.623221e-02 2.012722e-02
vertex -2.162825e-02 4.554606e-02 2.514843e-02
vertex -1.680937e-02 4.733494e-02 1.940362e-02
endloop
endfacet
facet normal 0 0 0
outer loop
vertex -2.155777e-02 5.038664e-02 -2.111584e-03
vertex -2.043911e-02 5.069583e-02 2.644520e-03
vertex -1.627478e-02 4.866720e-02 2.198013e-04
endloop
endfacet
facet normal 0 0 0
outer loop
vertex -2.043911e-02 5.069583e-02 2.644520e-03
vertex -2.082265e-02 5.004979e-02 5.841676e-03
vertex -1.362282e-02 4.795715e-02 8.916142e-03
endloop
endfacet
facet normal 0 0 0
outer loop
vertex -2.082265e-02 5.004979e-02 5.841676e-03
vertex -1.738781e-02 4.955994e-02 1.250323e-02
vertex -1.362282e-02 4.795715e-02 8.916142e-03
endloop
endfacet
facet normal 0 0 0
outer loop
vertex -1.214193e-02 4.786768e-02 4.819637e-03
vertex -2.043911e-02 5.069583e-02 2.644520e-03
vertex -1.362282e-02 4.795715e-02 8.916142e-03
endloop
endfacet
facet normal 0 0 0
outer loop
vertex -1.182405e-02 4.754886e-02 -4.390980e-04
vertex -1.627478e-02 4.866720e-02 2.198013e-04
vertex -1.214193e-02 4.786768e-02 4.819637e-03
endloop
endfacet
facet normal 0 0 0
outer loop
vertex -1.627478e-02 4.866720e-02 2.198013e-04
vertex -2.043911e-02 5.069583e-02 2.644520e-03
vertex -1.214193e-02 4.786768e-02 4.819637e-03
endloop
endfacet
facet normal 0 0 0
outer loop
vertex -1.214193e-02 4.786768e-02 4.819637e-03
vertex -1.362282e-02 4.795715e-02 8.916142e-03
vertex -7.823036e-03 4.685752e-02 9.550900e-03
endloop
endfacet
facet normal 0 0 0
outer loop
vertex -2.082265e-02 5.004979e-02 5.841676e-03
vertex -2.282276e-02 4.876247e-02 8.527013e-03
vertex -1.738781e-02 4.955994e-02 1.250323e-02
endloop
endfacet
facet normal 0 0 0
outer loop
vertex -1.738781e-02 4.955994e-02 1.250323e-02
vertex -2.177036e-02 4.785712e-02 1.516768e-02
vertex -1.341899e-02 4.905528e-02 1.788693e-02
endloop
endfacet
facet normal 0 0 0
outer loop
vertex -2.177036e-02 4.785712e-02 1.516768e-02
vertex -1.680937e-02 4.733494e-02 1.940362e-02
vertex -1.341899e-02 4.905528e-02 1.788693e-02
endloop
endfacet
facet normal 0 0 0
outer loop
vertex -1.738781e-02 4.955994e-02 1.250323e-02
vertex -1.078909e-02 4.765309e-02 1.324058e-02
vertex -1.362282e-02 4.795715e-02 8.916142e-03
endloop
endfacet
facet normal 0 0 0
outer loop
vertex -1.738781e-02 4.955994e-02 1.250323e-02
vertex -1.341899e-02 4.905528e-02 1.788693e-02
vertex -1.078909e-02 4.765309e-02 1.324058e-02
endloop
endfacet
facet normal 0 0 0
outer loop
vertex -1.362282e-02 4.795715e-02 8.916142e-03
vertex -1.078909e-02 4.765309e-02 1.324058e-02
vertex -7.823036e-03 4.685752e-02 9.550900e-03
endloop
endfacet
facet normal 0 0 0
outer loop
vertex -1.341899e-02 4.905528e-02 1.788693e-02
vertex -1.680937e-02 4.733494e-02 1.940362e-02
vertex -1.344230e-02 4.761090e-02 2.148257e-02
endloop
endfacet
facet normal 0 0 0
outer loop
vertex -1.078909e-02 4.765309e-02 1.324058e-02
vertex -1.341899e-02 4.905528e-02 1.788693e-02
vertex -9.017582e-03 4.817043e-02 1.793071e-02
endloop
endfacet
facet normal 0 0 0
outer loop
vertex -1.341899e-02 4.905528e-02 1.788693e-02
vertex -1.344230e-02 4.761090e-02 2.148257e-02
vertex -8.955657e-03 4.751352e-02 2.277427e-02
endloop
endfacet
facet normal 0 0 0
outer loop
vertex -1.341899e-02 4.905528e-02 1.788693e-02
vertex -8.955657e-03 4.751352e-02 2.277427e-02
vertex -9.017582e-03 4.817043e-02 1.793071e-02
endloop
endfacet
facet normal 0 0 0
outer loop
vertex -1.182405e-02 4.754886e-02 -4.390980e-04
vertex -1.214193e-02 4.786768e-02 4.819637e-03
vertex -7.230615e-03 4.530552e-02 5.357374e-03
endloop
endfacet
facet normal 0 0 0
outer loop
vertex -7.230615e-03 4.530552e-02 5.357374e-03
vertex -7.153839e-03 4.485689e-02 4.769069e-04
vertex -1.182405e-02 4.754886e-02 -4.390980e-04
endloop
endfacet
facet normal 0 0 0
outer loop
vertex -7.230615e-03 4.530552e-02 5.357374e-03
vertex -1.214193e-02 4.786768e-02 4.819637e-03
vertex -7.823036e-03 4.685752e-02 9.550900e-03
endloop
endfacet
facet normal 0 0 0
outer loop
vertex -7.230615e-03 4.530552e-02 5.357374e-03
vertex -7.823036e-03 4.685752e-02 9.550900e-03
vertex -3.116626e-03 4.503378e-02 8.843422e-03
endloop
endfacet
facet normal 0 0 0
outer loop
vertex -7.823036e-03 4.685752e-02 9.550900e-03
vertex -6.468428e-04 4.662166e-02 1.291075e-02
vertex -3.116626e-03 4.503378e-02 8.843422e-03
endloop
endfacet
facet normal 0 0 0
outer loop
vertex 1.710068e-04 4.486444e-02 9.425713e-04
vertex 1.931223e-03 5.104656e-02 3.033564e-04
vertex -1.956778e-03 5.710256e-02 -1.297211e-03
endloop
endfacet
facet normal 0 0 0
outer loop
vertex -1.956778e-03 5.710256e-02 -1.297211e-03
vertex 1.931223e-03 5.104656e-02 3.033564e-04
vertex -9.628768e-04 5.838299e-02 -4.963175e-04
endloop
endfacet
facet normal 0 0 0
outer loop
vertex -7.823036e-03 4.685752e-02 9.550900e-03
vertex -1.078909e-02 4.765309e-02 1.324058e-02
vertex -5.634560e-03 4.729135e-02 1.488925e-02
endloop
endfacet
facet normal 0 0 0
outer loop
vertex -1.078909e-02 4.765309e-02 1.324058e-02
vertex -9.017582e-03 4.817043e-02 1.793071e-02
vertex -5.634560e-03 4.729135e-02 1.488925e-02
endloop
endfacet
facet normal 0 0 0
outer loop
vertex -7.823036e-03 4.685752e-02 9.550900e-03
vertex -5.634560e-03 4.729135e-02 1.488925e-02
vertex -6.468428e-04 4.662166e-02 1.291075e-02
endloop
endfacet
facet normal 0 0 0
outer loop
vertex -9.017582e-03 4.817043e-02 1.793071e-02
vertex -3.609759e-03 4.770875e-02 1.913179e-02
vertex -5.634560e-03 4.729135e-02 1.488925e-02
endloop
endfacet
facet normal 0 0 0
outer loop
vertex -9.017582e-03 4.817043e-02 1.793071e-02
vertex -4.170464e-03 4.838293e-02 2.257890e-02
vertex -3.609759e-03 4.770875e-02 1.913179e-02
endloop
endfacet
facet normal 0 0 0
outer loop
vertex -5.634560e-03 4.729135e-02 1.488925e-02
vertex 7.072970e-04 4.722365e-02 1.564080e-02
vertex -6.468428e-04 4.662166e-02 1.291075e-02
endloop
endfacet
facet normal 0 0 0
outer loop
vertex -3.116626e-03 4.503378e-02 8.843422e-03
vertex -6.468428e-04 4.662166e-02 1.291075e-02
vertex 4.443055e-03 4.525696e-02 9.963844e-03
endloop
endfacet
facet normal 0 0 0
outer loop
vertex -5.634560e-03 4.729135e-02 1.488925e-02
vertex -3.609759e-03 4.770875e-02 1.913179e-02
vertex 7.072970e-04 4.722365e-02 1.564080e-02
endloop
endfacet
facet normal 0 0 0
outer loop
vertex -3.609759e-03 4.770875e-02 1.913179e-02
vertex 1.455097e-03 4.724799e-02 1.966000e-02
vertex 7.072970e-04 4.722365e-02 1.564080e-02
endloop
endfacet
facet normal 0 0 0
outer loop
vertex -1.680937e-02 4.733494e-02 1.940362e-02
vertex -2.162825e-02 4.554606e-02 2.514843e-02
vertex -1.344230e-02 4.761090e-02 2.148257e-02
endloop
endfacet
facet normal 0 0 0
outer loop
vertex -2.162825e-02 4.554606e-02 2.514843e-02
vertex -1.819511e-02 4.607607e-02 2.804172e-02
vertex -1.344230e-02 4.761090e-02 2.148257e-02
endloop
endfacet
facet normal 0 0 0
outer loop
vertex -1.344230e-02 4.761090e-02 2.148257e-02
vertex -1.819511e-02 4.607607e-02 2.804172e-02
vertex -9.546265e-03 4.582594e-02 2.763142e-02
endloop
endfacet
facet normal 0 0 0
outer loop
vertex -1.819511e-02 4.607607e-02 2.804172e-02
vertex -1.053740e-02 4.578393e-02 3.061146e-02
vertex -9.546265e-03 4.582594e-02 2.763142e-02
endloop
endfacet
facet normal 0 0 0
outer loop
vertex -1.344230e-02 4.761090e-02 2.148257e-02
vertex -9.546265e-03 4.582594e-02 2.763142e-02
vertex -8.955657e-03 4.751352e-02 2.277427e-02
endloop
endfacet
facet normal 0 0 0
outer loop
vertex -8.955657e-03 4.751352e-02 2.277427e-02
vertex -9.546265e-03 4.582594e-02 2.763142e-02
vertex -4.170464e-03 4.838293e-02 2.257890e-02
endloop
endfacet
facet normal 0 0 0
outer loop
vertex -9.017582e-03 4.817043e-02 1.793071e-02
vertex -8.955657e-03 4.751352e-02 2.277427e-02
vertex -4.170464e-03 4.838293e-02 2.257890e-02
endloop
endfacet
facet normal 0 0 0
outer loop
vertex -9.546265e-03 4.582594e-02 2.763142e-02
vertex -1.053740e-02 4.578393e-02 3.061146e-02
vertex -4.116009e-03 4.627775e-02 3.032986e-02
endloop
endfacet
facet normal 0 0 0
outer loop
vertex -4.170464e-03 4.838293e-02 2.257890e-02
vertex 1.058540e-04 4.669513e-02 2.760933e-02
vertex 2.081888e-03 4.814900e-02 2.351656e-02
endloop
endfacet
facet normal 0 0 0
outer loop
vertex -3.609759e-03 4.770875e-02 1.913179e-02
vertex -4.170464e-03 4.838293e-02 2.257890e-02
vertex 2.081888e-03 4.814900e-02 2.351656e-02
endloop
endfacet
facet normal 0 0 0
outer loop
vertex -3.609759e-03 4.770875e-02 1.913179e-02
vertex 2.081888e-03 4.814900e-02 2.351656e-02
vertex 1.455097e-03 4.724799e-02 1.966000e-02
endloop
endfacet
facet normal 0 0 0
outer loop
vertex -9.546265e-03 4.582594e-02 2.763142e-02
vertex 1.058540e-04 4.669513e-02 2.760933e-02
vertex -4.170464e-03 4.838293e-02 2.257890e-02
endloop
endfacet
facet normal 0 0 0
outer loop
vertex -9.546265e-03 4.582594e-02 2.763142e-02
vertex -4.116009e-03 4.627775e-02 3.032986e-02
vertex 1.058540e-04 4.669513e-02 2.760933e-02
endloop
endfacet
facet normal 0 0 0
outer loop
vertex 4.493412e-03 4.663603e-02 2.698671e-02
vertex 1.058540e-04 4.669513e-02 2.760933e-02
vertex -4.116009e-03 4.627775e-02 3.032986e-02
endloop
endfacet
facet normal 0 0 0
outer loop
vertex -1.053740e-02 4.578393e-02 3.061146e-02
vertex -6.187396e-03 4.427899e-02 3.491984e-02
vertex -4.116009e-03 4.627775e-02 3.032986e-02
endloop
endfacet
facet normal 0 0 0
outer loop
vertex -6.187396e-03 4.427899e-02 3.491984e-02
vertex 3.610076e-03 4.452696e-02 3.454966e-02
vertex -4.116009e-03 4.627775e-02 3.032986e-02
endloop
endfacet
facet normal 0 0 0
outer loop
vertex 7.127958e-03 -3.468787e-02 -3.390132e-02
vertex 1.990120e-02 -3.458433e-02 -2.843376e-02
vertex 5.131731e-03 -4.887006e-02 -2.005200e-02
endloop
endfacet
facet normal 0 0 0
outer loop
vertex 1.276842e-02 -4.804447e-02 -1.750779e-02
vertex 5.131731e-03 -4.887006e-02 -2.005200e-02
vertex 1.990120e-02 -3.458433e-02 -2.843376e-02
endloop
endfacet
facet normal 0 0 0
outer loop
vertex -2.996315e-03 -4.914650e-02 -2.011299e-02
vertex 5.131731e-03 -4.887006e-02 -2.005200e-02
vertex -1.218637e-03 -4.452389e-02 -5.659092e-03
endloop
endfacet
facet normal 0 0 0
outer loop
vertex -1.218637e-03 -4.452389e-02 -5.659092e-03
vertex 5.131731e-03 -4.887006e-02 -2.005200e-02
vertex 3.904361e-03 -4.357653e-02 -2.568417e-03
endloop
endfacet
facet normal 0 0 0
outer loop
vertex 1.276842e-02 -4.804447e-02 -1.750779e-02
vertex 1.378651e-02 -4.842493e-02 -1.508572e-02
vertex 5.131731e-03 -4.887006e-02 -2.005200e-02
endloop
endfacet
facet normal 0 0 0
outer loop
vertex 5.131731e-03 -4.887006e-02 -2.005200e-02
vertex 1.378651e-02 -4.842493e-02 -1.508572e-02
vertex 3.904361e-03 -4.357653e-02 -2.568417e-03
endloop
endfacet
facet normal 0 0 0
outer loop
vertex -1.218637e-03 -4.452389e-02 -5.659092e-03
vertex 3.904361e-03 -4.357653e-02 -2.568417e-03
vertex 1.372717e-03 -4.197819e-02 1.503050e-04
endloop
endfacet
facet normal 0 0 0
outer loop
vertex 1.378651e-02 -4.842493e-02 -1.508572e-02
vertex 1.276842e-02 -4.804447e-02 -1.750779e-02
vertex 1.809124e-02 -4.854898e-02 -1.135550e-02
endloop
endfacet
facet normal 0 0 0
outer loop
vertex 1.378651e-02 -4.842493e-02 -1.508572e-02
vertex 1.809124e-02 -4.854898e-02 -1.135550e-02
vertex 2.075464e-02 -4.819304e-02 -4.535220e-03
endloop
endfacet
facet normal 0 0 0
outer loop
vertex 1.378651e-02 -4.842493e-02 -1.508572e-02
vertex 2.075464e-02 -4.819304e-02 -4.535220e-03
vertex 3.904361e-03 -4.357653e-02 -2.568417e-03
endloop
endfacet
facet normal 0 0 0
outer loop
vertex 3.904361e-03 -4.357653e-02 -2.568417e-03
vertex 2.075464e-02 -4.819304e-02 -4.535220e-03
vertex 1.983850e-02 -4.723077e-02 4.285178e-03
endloop
endfacet
facet normal 0 0 0
outer loop
vertex 1.276842e-02 -4.804447e-02 -1.750779e-02
vertex 1.990120e-02 -3.458433e-02 -2.843376e-02
vertex 1.809124e-02 -4.854898e-02 -1.135550e-02
endloop
endfacet
facet normal 0 0 0
outer loop
vertex 1.990120e-02 -3.458433e-02 -2.843376e-02
vertex 2.590976e-02 -3.963248e-02 -1.618406e-02
vertex 1.809124e-02 -4.854898e-02 -1.135550e-02
endloop
endfacet
facet normal 0 0 0
outer loop
vertex 1.990120e-02 -3.458433e-02 -2.843376e-02
vertex 2.982637e-02 -3.453438e-02 -1.932851e-02
vertex 2.590976e-02 -3.963248e-02 -1.618406e-02
endloop
endfacet
facet normal 0 0 0
outer loop
vertex 2.075464e-02 -4.819304e-02 -4.535220e-03
vertex 1.809124e-02 -4.854898e-02 -1.135550e-02
vertex 3.016236e-02 -3.910196e-02 -5.812631e-03
endloop
endfacet
facet normal 0 0 0
outer loop
vertex 2.075464e-02 -4.819304e-02 -4.535220e-03
vertex 2.277226e-02 -4.481101e-02 1.091443e-03
vertex 1.983850e-02 -4.723077e-02 4.285178e-03
endloop
endfacet
facet normal 0 0 0
outer loop
vertex 2.590976e-02 -3.963248e-02 -1.618406e-02
vertex 3.178100e-02 -3.475521e-02 -1.407331e-02
vertex 3.523621e-02 -3.431296e-02 -5.575365e-03
endloop
endfacet
facet normal 0 0 0
outer loop
vertex 1.809124e-02 -4.854898e-02 -1.135550e-02
vertex 2.590976e-02 -3.963248e-02 -1.618406e-02
vertex 3.016236e-02 -3.910196e-02 -5.812631e-03
endloop
endfacet
facet normal 0 0 0
outer loop
vertex 3.016236e-02 -3.910196e-02 -5.812631e-03
vertex 2.769098e-02 -4.058758e-02 -2.010681e-03
vertex 2.075464e-02 -4.819304e-02 -4.535220e-03
endloop
endfacet
facet normal 0 0 0
outer loop
vertex 2.075464e-02 -4.819304e-02 -4.535220e-03
vertex 2.769098e-02 -4.058758e-02 -2.010681e-03
vertex 2.277226e-02 -4.481101e-02 1.091443e-03
endloop
endfacet
facet normal 0 0 0
outer loop
vertex 2.769098e-02 -4.058758e-02 -2.010681e-03
vertex 2.468578e-02 -4.420765e-02 4.677211e-03
vertex 2.277226e-02 -4.481101e-02 1.091443e-03
endloop
endfacet
facet normal 0 0 0
outer loop
vertex 2.590976e-02 -3.963248e-02 -1.618406e-02
vertex 3.523621e-02 -3.431296e-02 -5.575365e-03
vertex 3.016236e-02 -3.910196e-02 -5.812631e-03
endloop
endfacet
facet normal 0 0 0
outer loop
vertex 3.016236e-02 -3.910196e-02 -5.812631e-03
vertex 3.197041e-02 -3.740681e-02 -1.379209e-03
vertex 2.769098e-02 -4.058758e-02 -2.010681e-03
endloop
endfacet
facet normal 0 0 0
outer loop
vertex 3.016236e-02 -3.910196e-02 -5.812631e-03
vertex 3.523621e-02 -3.431296e-02 -5.575365e-03
vertex 3.197041e-02 -3.740681e-02 -1.379209e-03
endloop
endfacet
facet normal 0 0 0
outer loop
vertex 8.278678e-03 -2.500627e-02 -3.770638e-02
vertex 1.006646e-02 -7.503878e-03 -4.458212e-02
vertex 2.189398e-02 -2.307639e-02 -3.248021e-02
endloop
endfacet
facet normal 0 0 0
outer loop
vertex -7.610887e-03 -7.200527e-03 -4.432115e-02
vertex 1.037606e-02 6.729404e-03 -4.651368e-02
vertex 1.006646e-02 -7.503878e-03 -4.458212e-02
endloop
endfacet
facet normal 0 0 0
outer loop
vertex 2.189398e-02 -2.307639e-02 -3.248021e-02
vertex 1.006646e-02 -7.503878e-03 -4.458212e-02
vertex 2.590873e-02 -7.435382e-03 -3.704115e-02
endloop
endfacet
facet normal 0 0 0
outer loop
vertex 1.037606e-02 6.729404e-03 -4.651368e-02
vertex 1.090145e-02 1.825559e-02 -4.807892e-02
vertex 1.006646e-02 -7.503878e-03 -4.458212e-02
endloop
endfacet
facet normal 0 0 0
outer loop
vertex 2.590873e-02 -7.435382e-03 -3.704115e-02
vertex 1.006646e-02 -7.503878e-03 -4.458212e-02
vertex 1.090145e-02 1.825559e-02 -4.807892e-02
endloop
endfacet
facet normal 0 0 0
outer loop
vertex 7.127958e-03 -3.468787e-02 -3.390132e-02
vertex -6.746501e-03 -3.486206e-02 -3.445299e-02
vertex 8.278678e-03 -2.500627e-02 -3.770638e-02
endloop
endfacet
facet normal 0 0 0
outer loop
vertex -6.746501e-03 -3.486206e-02 -3.445299e-02
vertex 1.006646e-02 -7.503878e-03 -4.458212e-02
vertex 8.278678e-03 -2.500627e-02 -3.770638e-02
endloop
endfacet
facet normal 0 0 0
outer loop
vertex 7.127958e-03 -3.468787e-02 -3.390132e-02
vertex 8.278678e-03 -2.500627e-02 -3.770638e-02
vertex 1.990120e-02 -3.458433e-02 -2.843376e-02
endloop
endfacet
facet normal 0 0 0
outer loop
vertex 1.990120e-02 -3.458433e-02 -2.843376e-02
vertex 8.278678e-03 -2.500627e-02 -3.770638e-02
vertex 2.189398e-02 -2.307639e-02 -3.248021e-02
endloop
endfacet
facet normal 0 0 0
outer loop
vertex 1.990120e-02 -3.458433e-02 -2.843376e-02
vertex 2.590873e-02 -7.435382e-03 -3.704115e-02
vertex 2.982637e-02 -3.453438e-02 -1.932851e-02
endloop
endfacet
facet normal 0 0 0
outer loop
vertex 1.990120e-02 -3.458433e-02 -2.843376e-02
vertex 2.189398e-02 -2.307639e-02 -3.248021e-02
vertex 2.590873e-02 -7.435382e-03 -3.704115e-02
endloop
endfacet
facet normal 0 0 0
outer loop
vertex 2.982637e-02 -3.453438e-02 -1.932851e-02
vertex 3.410370e-02 -1.987157e-02 -2.223244e-02
vertex 3.194484e-02 -2.807673e-02 -2.032097e-02
endloop
endfacet
facet normal 0 0 0
outer loop
vertex 2.590873e-02 -7.435382e-03 -3.704115e-02
vertex 3.410370e-02 -1.987157e-02 -2.223244e-02
vertex 2.982637e-02 -3.453438e-02 -1.932851e-02
endloop
endfacet
facet normal 0 0 0
outer loop
vertex 3.410370e-02 -1.987157e-02 -2.223244e-02
vertex 3.536268e-02 -1.432431e-02 -2.367585e-02
vertex 3.598676e-02 -1.673680e-02 -1.860159e-02
endloop
endfacet
facet normal 0 0 0
outer loop
vertex 2.590976e-02 -3.963248e-02 -1.618406e-02
vertex 2.982637e-02 -3.453438e-02 -1.932851e-02
vertex 3.178100e-02 -3.475521e-02 -1.407331e-02
endloop
endfacet
facet normal 0 0 0
outer loop
vertex 3.178100e-02 -3.475521e-02 -1.407331e-02
vertex 3.180828e-02 -2.902041e-02 -1.682287e-02
vertex 3.337754e-02 -3.159689e-02 -1.045676e-02
endloop
endfacet
facet normal 0 0 0
outer loop
vertex 2.982637e-02 -3.453438e-02 -1.932851e-02
vertex 3.180828e-02 -2.902041e-02 -1.682287e-02
vertex 3.178100e-02 -3.475521e-02 -1.407331e-02
endloop
endfacet
facet normal 0 0 0
outer loop
vertex 3.194484e-02 -2.807673e-02 -2.032097e-02
vertex 3.180828e-02 -2.902041e-02 -1.682287e-02
vertex 2.982637e-02 -3.453438e-02 -1.932851e-02
endloop
endfacet
facet normal 0 0 0
outer loop
vertex 3.523621e-02 -3.431296e-02 -5.575365e-03
vertex 3.178100e-02 -3.475521e-02 -1.407331e-02
vertex 3.337754e-02 -3.159689e-02 -1.045676e-02
endloop
endfacet
facet normal 0 0 0
outer loop
vertex 3.337754e-02 -3.159689e-02 -1.045676e-02
vertex 3.180828e-02 -2.902041e-02 -1.682287e-02
vertex 3.494111e-02 -2.702734e-02 -1.127590e-02
endloop
endfacet
facet normal 0 0 0
outer loop
vertex 3.494111e-02 -2.702734e-02 -1.127590e-02
vertex 3.612464e-02 -2.845870e-02 -7.452113e-03
vertex 3.337754e-02 -3.159689e-02 -1.045676e-02
endloop
endfacet
facet normal 0 0 0
outer loop
vertex 3.337754e-02 -3.159689e-02 -1.045676e-02
vertex 3.612464e-02 -2.845870e-02 -7.452113e-03
vertex 3.523621e-02 -3.431296e-02 -5.575365e-03
endloop
endfacet
facet normal 0 0 0
outer loop
vertex 3.612464e-02 -2.845870e-02 -7.452113e-03
vertex 3.587097e-02 -2.968605e-02 -4.083183e-03
vertex 3.523621e-02 -3.431296e-02 -5.575365e-03
endloop
endfacet
facet normal 0 0 0
outer loop
vertex 3.494111e-02 -2.702734e-02 -1.127590e-02
vertex 3.541090e-02 -2.257764e-02 -1.399048e-02
vertex 3.612464e-02 -2.845870e-02 -7.452113e-03
endloop
endfacet
facet normal 0 0 0
outer loop
vertex 3.410370e-02 -1.987157e-02 -2.223244e-02
vertex 3.180828e-02 -2.902041e-02 -1.682287e-02
vertex 3.194484e-02 -2.807673e-02 -2.032097e-02
endloop
endfacet
facet normal 0 0 0
outer loop
vertex 3.180828e-02 -2.902041e-02 -1.682287e-02
vertex 3.541090e-02 -2.257764e-02 -1.399048e-02
vertex 3.494111e-02 -2.702734e-02 -1.127590e-02
endloop
endfacet
facet normal 0 0 0
outer loop
vertex 3.180828e-02 -2.902041e-02 -1.682287e-02
vertex 3.410370e-02 -1.987157e-02 -2.223244e-02
vertex 3.598676e-02 -1.673680e-02 -1.860159e-02
endloop
endfacet
facet normal 0 0 0
outer loop
vertex 3.180828e-02 -2.902041e-02 -1.682287e-02
vertex 3.598676e-02 -1.673680e-02 -1.860159e-02
vertex 3.541090e-02 -2.257764e-02 -1.399048e-02
endloop
endfacet
facet normal 0 0 0
outer loop
vertex 3.541090e-02 -2.257764e-02 -1.399048e-02
vertex 4.069252e-02 -1.554875e-02 -7.886025e-03
vertex 3.945493e-02 -2.064274e-02 -6.429713e-03
endloop
endfacet
facet normal 0 0 0
outer loop
vertex 3.541090e-02 -2.257764e-02 -1.399048e-02
vertex 3.709457e-02 -1.883163e-02 -1.386040e-02
vertex 4.069252e-02 -1.554875e-02 -7.886025e-03
endloop
endfacet
facet normal 0 0 0
outer loop
vertex 3.541090e-02 -2.257764e-02 -1.399048e-02
vertex 3.598676e-02 -1.673680e-02 -1.860159e-02
vertex 3.709457e-02 -1.883163e-02 -1.386040e-02
endloop
endfacet
facet normal 0 0 0
outer loop
vertex 3.598676e-02 -1.673680e-02 -1.860159e-02
vertex 3.536268e-02 -1.432431e-02 -2.367585e-02
vertex 3.704644e-02 -1.233688e-02 -1.929254e-02
endloop
endfacet
facet normal 0 0 0
outer loop
vertex 3.598676e-02 -1.673680e-02 -1.860159e-02
vertex 3.704644e-02 -1.233688e-02 -1.929254e-02
vertex 3.709457e-02 -1.883163e-02 -1.386040e-02
endloop
endfacet
facet normal 0 0 0
outer loop
vertex 3.541090e-02 -2.257764e-02 -1.399048e-02
vertex 3.945493e-02 -2.064274e-02 -6.429713e-03
vertex 3.612464e-02 -2.845870e-02 -7.452113e-03
endloop
endfacet
facet normal 0 0 0
outer loop
vertex 3.612464e-02 -2.845870e-02 -7.452113e-03
vertex 3.945493e-02 -2.064274e-02 -6.429713e-03
vertex 3.587097e-02 -2.968605e-02 -4.083183e-03
endloop
endfacet
facet normal 0 0 0
outer loop
vertex 3.945493e-02 -2.064274e-02 -6.429713e-03
vertex 4.116692e-02 -1.537486e-02 -3.439802e-03
vertex 3.587097e-02 -2.968605e-02 -4.083183e-03
endloop
endfacet
facet normal 0 0 0
outer loop
vertex 4.116692e-02 -1.537486e-02 -3.439802e-03
vertex 3.760625e-02 -2.521574e-02 3.064630e-04
vertex 3.587097e-02 -2.968605e-02 -4.083183e-03
endloop
endfacet
facet normal 0 0 0
outer loop
vertex 3.760625e-02 -2.521574e-02 3.064630e-04
vertex 4.116692e-02 -1.537486e-02 -3.439802e-03
vertex 4.000599e-02 -1.898613e-02 -2.888668e-04
endloop
endfacet
facet normal 0 0 0
outer loop
vertex 3.760625e-02 -2.521574e-02 3.064630e-04
vertex 4.000599e-02 -1.898613e-02 -2.888668e-04
vertex 3.854464e-02 -2.424243e-02 2.547729e-03
endloop
endfacet
facet normal 0 0 0
outer loop
vertex 2.590873e-02 -7.435382e-03 -3.704115e-02
vertex 3.735287e-02 -7.148372e-03 -2.525352e-02
vertex 3.410370e-02 -1.987157e-02 -2.223244e-02
endloop
endfacet
facet normal 0 0 0
outer loop
vertex 1.090145e-02 1.825559e-02 -4.807892e-02
vertex 2.678161e-02 2.914813e-03 -3.849659e-02
vertex 2.590873e-02 -7.435382e-03 -3.704115e-02
endloop
endfacet
facet normal 0 0 0
outer loop
vertex 2.590873e-02 -7.435382e-03 -3.704115e-02
vertex 2.678161e-02 2.914813e-03 -3.849659e-02
vertex 3.735287e-02 -7.148372e-03 -2.525352e-02
endloop
endfacet
facet normal 0 0 0
outer loop
vertex 3.735287e-02 -7.148372e-03 -2.525352e-02
vertex 3.536268e-02 -1.432431e-02 -2.367585e-02
vertex 3.410370e-02 -1.987157e-02 -2.223244e-02
endloop
endfacet
facet normal 0 0 0
outer loop
vertex 3.735287e-02 -7.148372e-03 -2.525352e-02
vertex 3.768885e-02 -9.073228e-03 -2.116724e-02
vertex 3.536268e-02 -1.432431e-02 -2.367585e-02
endloop
endfacet
facet normal 0 0 0
outer loop
vertex 3.536268e-02 -1.432431e-02 -2.367585e-02
vertex 3.768885e-02 -9.073228e-03 -2.116724e-02
vertex 3.704644e-02 -1.233688e-02 -1.929254e-02
endloop
endfacet
facet normal 0 0 0
outer loop
vertex 3.735287e-02 -7.148372e-03 -2.525352e-02
vertex 3.895035e-02 -6.775018e-03 -2.161798e-02
vertex 3.768885e-02 -9.073228e-03 -2.116724e-02
endloop
endfacet
facet normal 0 0 0
outer loop
vertex 3.735287e-02 -7.148372e-03 -2.525352e-02
vertex 3.797437e-02 -3.855087e-03 -2.394687e-02
vertex 3.895035e-02 -6.775018e-03 -2.161798e-02
endloop
endfacet
facet normal 0 0 0
outer loop
vertex 3.883042e-02 2.426550e-03 -2.659399e-02
vertex 3.797437e-02 -3.855087e-03 -2.394687e-02
vertex 3.735287e-02 -7.148372e-03 -2.525352e-02
endloop
endfacet
facet normal 0 0 0
outer loop
vertex 3.895035e-02 -6.775018e-03 -2.161798e-02
vertex 3.797437e-02 -3.855087e-03 -2.394687e-02
vertex 4.086471e-02 -6.283905e-03 -1.624736e-02
endloop
endfacet
facet normal 0 0 0
outer loop
vertex 3.704644e-02 -1.233688e-02 -1.929254e-02
vertex 3.768885e-02 -9.073228e-03 -2.116724e-02
vertex 4.086471e-02 -6.283905e-03 -1.624736e-02
endloop
endfacet
facet normal 0 0 0
outer loop
vertex 3.709457e-02 -1.883163e-02 -1.386040e-02
vertex 3.704644e-02 -1.233688e-02 -1.929254e-02
vertex 4.069252e-02 -1.554875e-02 -7.886025e-03
endloop
endfacet
facet normal 0 0 0
outer loop
vertex 3.704644e-02 -1.233688e-02 -1.929254e-02
vertex 4.086471e-02 -6.283905e-03 -1.624736e-02
vertex 4.069252e-02 -1.554875e-02 -7.886025e-03
endloop
endfacet
facet normal 0 0 0
outer loop
vertex 3.768885e-02 -9.073228e-03 -2.116724e-02
vertex 3.895035e-02 -6.775018e-03 -2.161798e-02
vertex 4.086471e-02 -6.283905e-03 -1.624736e-02
endloop
endfacet
facet normal 0 0 0
outer loop
vertex 3.945493e-02 -2.064274e-02 -6.429713e-03
vertex 4.069252e-02 -1.554875e-02 -7.886025e-03
vertex 4.116692e-02 -1.537486e-02 -3.439802e-03
endloop
endfacet
facet normal 0 0 0
outer loop
vertex 3.797437e-02 -3.855087e-03 -2.394687e-02
vertex 4.263250e-02 9.475851e-03 -2.113550e-02
vertex 4.347391e-02 2.901513e-03 -1.542296e-02
endloop
endfacet
facet normal 0 0 0
outer loop
vertex 3.797437e-02 -3.855087e-03 -2.394687e-02
vertex 3.883042e-02 2.426550e-03 -2.659399e-02
vertex 4.263250e-02 9.475851e-03 -2.113550e-02
endloop
endfacet
facet normal 0 0 0
outer loop
vertex 4.086471e-02 -6.283905e-03 -1.624736e-02
vertex 4.267589e-02 -6.254012e-03 -1.228076e-02
vertex 4.069252e-02 -1.554875e-02 -7.886025e-03
endloop
endfacet
facet normal 0 0 0
outer loop
vertex 4.069252e-02 -1.554875e-02 -7.886025e-03
vertex 4.267589e-02 -6.254012e-03 -1.228076e-02
vertex 4.454912e-02 -4.949350e-03 -9.714218e-03
endloop
endfacet
facet normal 0 0 0
outer loop
vertex 4.069252e-02 -1.554875e-02 -7.886025e-03
vertex 4.454912e-02 -4.949350e-03 -9.714218e-03
vertex 4.363344e-02 -8.374862e-03 -7.900086e-03
endloop
endfacet
facet normal 0 0 0
outer loop
vertex 4.069252e-02 -1.554875e-02 -7.886025e-03
vertex 4.278193e-02 -1.216689e-02 -5.842112e-03
vertex 4.116692e-02 -1.537486e-02 -3.439802e-03
endloop
endfacet
facet normal 0 0 0
outer loop
vertex 4.069252e-02 -1.554875e-02 -7.886025e-03
vertex 4.363344e-02 -8.374862e-03 -7.900086e-03
vertex 4.278193e-02 -1.216689e-02 -5.842112e-03
endloop
endfacet
facet normal 0 0 0
outer loop
vertex 4.454912e-02 -4.949350e-03 -9.714218e-03
vertex 4.442013e-02 -5.381973e-03 -7.237300e-03
vertex 4.363344e-02 -8.374862e-03 -7.900086e-03
endloop
endfacet
facet normal 0 0 0
outer loop
vertex 4.278193e-02 -1.216689e-02 -5.842112e-03
vertex 4.363344e-02 -8.374862e-03 -7.900086e-03
vertex 4.116692e-02 -1.537486e-02 -3.439802e-03
endloop
endfacet
facet normal 0 0 0
outer loop
vertex 4.363344e-02 -8.374862e-03 -7.900086e-03
vertex 4.442013e-02 -5.381973e-03 -7.237300e-03
vertex 4.453143e-02 -5.183311e-03 5.208018e-03
endloop
endfacet
facet normal 0 0 0
outer loop
vertex 4.086471e-02 -6.283905e-03 -1.624736e-02
vertex 3.797437e-02 -3.855087e-03 -2.394687e-02
vertex 4.347391e-02 2.901513e-03 -1.542296e-02
endloop
endfacet
facet normal 0 0 0
outer loop
vertex 4.086471e-02 -6.283905e-03 -1.624736e-02
vertex 4.347391e-02 2.901513e-03 -1.542296e-02
vertex 4.400340e-02 -5.523063e-04 -1.263084e-02
endloop
endfacet
facet normal 0 0 0
outer loop
vertex 4.086471e-02 -6.283905e-03 -1.624736e-02
vertex 4.400340e-02 -5.523063e-04 -1.263084e-02
vertex 4.267589e-02 -6.254012e-03 -1.228076e-02
endloop
endfacet
facet normal 0 0 0
outer loop
vertex 4.267589e-02 -6.254012e-03 -1.228076e-02
vertex 4.400340e-02 -5.523063e-04 -1.263084e-02
vertex 4.454912e-02 -4.949350e-03 -9.714218e-03
endloop
endfacet
facet normal 0 0 0
outer loop
vertex 4.454912e-02 -4.949350e-03 -9.714218e-03
vertex 4.400340e-02 -5.523063e-04 -1.263084e-02
vertex 4.617526e-02 4.428964e-03 -9.185079e-03
endloop
endfacet
facet normal 0 0 0
outer loop
vertex 4.347391e-02 2.901513e-03 -1.542296e-02
vertex 4.617526e-02 4.428964e-03 -9.185079e-03
vertex 4.400340e-02 -5.523063e-04 -1.263084e-02
endloop
endfacet
facet normal 0 0 0
outer loop
vertex 4.454912e-02 -4.949350e-03 -9.714218e-03
vertex 4.617526e-02 4.428964e-03 -9.185079e-03
vertex 4.442013e-02 -5.381973e-03 -7.237300e-03
endloop
endfacet
facet normal 0 0 0
outer loop
vertex 4.442013e-02 -5.381973e-03 -7.237300e-03
vertex 4.668104e-02 4.904127e-03 9.027380e-04
vertex 4.453143e-02 -5.183311e-03 5.208018e-03
endloop
endfacet
facet normal 0 0 0
outer loop
vertex 4.453143e-02 -5.183311e-03 5.208018e-03
vertex 4.668104e-02 4.904127e-03 9.027380e-04
vertex 4.566343e-02 -2.293184e-04 3.818944e-03
endloop
endfacet
facet normal 0 0 0
outer loop
vertex 4.442013e-02 -5.381973e-03 -7.237300e-03
vertex 4.793047e-02 1.163144e-02 -6.799321e-03
vertex 4.668104e-02 4.904127e-03 9.027380e-04
endloop
endfacet
facet normal 0 0 0
outer loop
vertex -2.420960e-03 -4.697177e-02 1.961665e-02
vertex 7.294366e-03 -4.687366e-02 1.739556e-02
vertex 4.396826e-03 -4.576612e-02 2.133279e-02
endloop
endfacet
facet normal 0 0 0
outer loop
vertex 7.294366e-03 -4.687366e-02 1.739556e-02
vertex 7.253776e-03 -4.366659e-02 2.225902e-02
vertex 4.396826e-03 -4.576612e-02 2.133279e-02
endloop
endfacet
facet normal 0 0 0
outer loop
vertex 4.952604e-03 -4.369059e-02 3.634468e-03
vertex -9.426037e-04 -4.305137e-02 2.191727e-03
vertex 1.372717e-03 -4.197819e-02 1.503050e-04
endloop
endfacet
facet normal 0 0 0
outer loop
vertex 1.372717e-03 -4.197819e-02 1.503050e-04
vertex 3.904361e-03 -4.357653e-02 -2.568417e-03
vertex 4.952604e-03 -4.369059e-02 3.634468e-03
endloop
endfacet
facet normal 0 0 0
outer loop
vertex -9.426037e-04 -4.305137e-02 2.191727e-03
vertex 4.952604e-03 -4.369059e-02 3.634468e-03
vertex 7.294366e-03 -4.687366e-02 1.739556e-02
endloop
endfacet
facet normal 0 0 0
outer loop
vertex 4.952604e-03 -4.369059e-02 3.634468e-03
vertex 1.238908e-02 -4.717414e-02 1.572421e-02
vertex 7.294366e-03 -4.687366e-02 1.739556e-02
endloop
endfacet
facet normal 0 0 0
outer loop
vertex 3.904361e-03 -4.357653e-02 -2.568417e-03
vertex 1.983850e-02 -4.723077e-02 4.285178e-03
vertex 4.952604e-03 -4.369059e-02 3.634468e-03
endloop
endfacet
facet normal 0 0 0
outer loop
vertex 1.708674e-02 -4.690392e-02 1.014149e-02
vertex 4.952604e-03 -4.369059e-02 3.634468e-03
vertex 1.983850e-02 -4.723077e-02 4.285178e-03
endloop
endfacet
facet normal 0 0 0
outer loop
vertex 4.952604e-03 -4.369059e-02 3.634468e-03
vertex 1.708674e-02 -4.690392e-02 1.014149e-02
vertex 1.238908e-02 -4.717414e-02 1.572421e-02
endloop
endfacet
facet normal 0 0 0
outer loop
vertex 1.983850e-02 -4.723077e-02 4.285178e-03
vertex 1.946412e-02 -4.569961e-02 8.009717e-03
vertex 1.708674e-02 -4.690392e-02 1.014149e-02
endloop
endfacet
facet normal 0 0 0
outer loop
vertex 1.708674e-02 -4.690392e-02 1.014149e-02
vertex 1.541942e-02 -4.623224e-02 1.279058e-02
vertex 1.238908e-02 -4.717414e-02 1.572421e-02
endloop
endfacet
facet normal 0 0 0
outer loop
vertex 1.708674e-02 -4.690392e-02 1.014149e-02
vertex 1.946412e-02 -4.569961e-02 8.009717e-03
vertex 2.049288e-02 -4.342421e-02 1.421730e-02
endloop
endfacet
facet normal 0 0 0
outer loop
vertex 1.541942e-02 -4.623224e-02 1.279058e-02
vertex 1.708674e-02 -4.690392e-02 1.014149e-02
vertex 2.049288e-02 -4.342421e-02 1.421730e-02
endloop
endfacet
facet normal 0 0 0
outer loop
vertex 7.253776e-03 -4.366659e-02 2.225902e-02
vertex 7.294366e-03 -4.687366e-02 1.739556e-02
vertex 1.404289e-02 -4.302496e-02 2.053289e-02
endloop
endfacet
facet normal 0 0 0
outer loop
vertex 1.238908e-02 -4.717414e-02 1.572421e-02
vertex 1.404289e-02 -4.302496e-02 2.053289e-02
vertex 7.294366e-03 -4.687366e-02 1.739556e-02
endloop
endfacet
facet normal 0 0 0
outer loop
vertex 1.541942e-02 -4.623224e-02 1.279058e-02
vertex 2.049288e-02 -4.342421e-02 1.421730e-02
vertex 1.983662e-02 -4.103551e-02 1.872888e-02
endloop
endfacet
facet normal 0 0 0
outer loop
vertex 1.404289e-02 -4.302496e-02 2.053289e-02
vertex 1.238908e-02 -4.717414e-02 1.572421e-02
vertex 1.983662e-02 -4.103551e-02 1.872888e-02
endloop
endfacet
facet normal 0 0 0
outer loop
vertex 1.238908e-02 -4.717414e-02 1.572421e-02
vertex 1.541942e-02 -4.623224e-02 1.279058e-02
vertex 1.983662e-02 -4.103551e-02 1.872888e-02
endloop
endfacet
facet normal 0 0 0
outer loop
vertex -2.420960e-03 -4.697177e-02 1.961665e-02
vertex 4.396826e-03 -4.576612e-02 2.133279e-02
vertex 5.064474e-03 -3.411479e-02 3.493818e-02
endloop
endfacet
facet normal 0 0 0
outer loop
vertex 4.396826e-03 -4.576612e-02 2.133279e-02
vertex 8.602797e-03 -3.936131e-02 2.652129e-02
vertex 5.064474e-03 -3.411479e-02 3.493818e-02
endloop
endfacet
facet normal 0 0 0
outer loop
vertex 4.396826e-03 -4.576612e-02 2.133279e-02
vertex 7.253776e-03 -4.366659e-02 2.225902e-02
vertex 8.602797e-03 -3.936131e-02 2.652129e-02
endloop
endfacet
facet normal 0 0 0
outer loop
vertex 7.253776e-03 -4.366659e-02 2.225902e-02
vertex 1.073254e-02 -4.144917e-02 2.484993e-02
vertex 8.602797e-03 -3.936131e-02 2.652129e-02
endloop
endfacet
facet normal 0 0 0
outer loop
vertex 5.064474e-03 -3.411479e-02 3.493818e-02
vertex 8.602797e-03 -3.936131e-02 2.652129e-02
vertex 9.060689e-03 -3.307941e-02 3.385348e-02
endloop
endfacet
facet normal 0 0 0
outer loop
vertex 7.253776e-03 -4.366659e-02 2.225902e-02
vertex 1.404289e-02 -4.302496e-02 2.053289e-02
vertex 1.073254e-02 -4.144917e-02 2.484993e-02
endloop
endfacet
facet normal 0 0 0
outer loop
vertex 1.073254e-02 -4.144917e-02 2.484993e-02
vertex 1.404289e-02 -4.302496e-02 2.053289e-02
vertex 1.497309e-02 -3.864673e-02 2.613520e-02
endloop
endfacet
facet normal 0 0 0
outer loop
vertex 1.497309e-02 -3.864673e-02 2.613520e-02
vertex 1.560018e-02 -3.329265e-02 3.178009e-02
vertex 8.602797e-03 -3.936131e-02 2.652129e-02
endloop
endfacet
facet normal 0 0 0
outer loop
vertex 1.073254e-02 -4.144917e-02 2.484993e-02
vertex 1.497309e-02 -3.864673e-02 2.613520e-02
vertex 8.602797e-03 -3.936131e-02 2.652129e-02
endloop
endfacet
facet normal 0 0 0
outer loop
vertex 1.497309e-02 -3.864673e-02 2.613520e-02
vertex 1.854889e-02 -3.540544e-02 2.996725e-02
vertex 1.560018e-02 -3.329265e-02 3.178009e-02
endloop
endfacet
facet normal 0 0 0
outer loop
vertex 1.404289e-02 -4.302496e-02 2.053289e-02
vertex 1.983662e-02 -4.103551e-02 1.872888e-02
vertex 1.643140e-02 -3.941917e-02 2.442347e-02
endloop
endfacet
facet normal 0 0 0
outer loop
vertex 1.404289e-02 -4.302496e-02 2.053289e-02
vertex 1.643140e-02 -3.941917e-02 2.442347e-02
vertex 1.497309e-02 -3.864673e-02 2.613520e-02
endloop
endfacet
facet normal 0 0 0
outer loop
vertex 1.983662e-02 -4.103551e-02 1.872888e-02
vertex 2.546518e-02 -3.504370e-02 2.253238e-02
vertex 1.643140e-02 -3.941917e-02 2.442347e-02
endloop
endfacet
facet normal 0 0 0
outer loop
vertex 1.643140e-02 -3.941917e-02 2.442347e-02
vertex 2.546518e-02 -3.504370e-02 2.253238e-02
vertex 2.085159e-02 -3.339219e-02 2.969563e-02
endloop
endfacet
facet normal 0 0 0
outer loop
vertex 1.497309e-02 -3.864673e-02 2.613520e-02
vertex 1.643140e-02 -3.941917e-02 2.442347e-02
vertex 1.854889e-02 -3.540544e-02 2.996725e-02
endloop
endfacet
facet normal 0 0 0
outer loop
vertex 1.643140e-02 -3.941917e-02 2.442347e-02
vertex 2.085159e-02 -3.339219e-02 2.969563e-02
vertex 1.854889e-02 -3.540544e-02 2.996725e-02
endloop
endfacet
facet normal 0 0 0
outer loop
vertex 8.602797e-03 -3.936131e-02 2.652129e-02
vertex 1.560018e-02 -3.329265e-02 3.178009e-02
vertex 9.060689e-03 -3.307941e-02 3.385348e-02
endloop
endfacet
facet normal 0 0 0
outer loop
vertex 1.983850e-02 -4.723077e-02 4.285178e-03
vertex 2.277226e-02 -4.481101e-02 1.091443e-03
vertex 2.468578e-02 -4.420765e-02 4.677211e-03
endloop
endfacet
facet normal 0 0 0
outer loop
vertex 1.983850e-02 -4.723077e-02 4.285178e-03
vertex 2.468578e-02 -4.420765e-02 4.677211e-03
vertex 1.946412e-02 -4.569961e-02 8.009717e-03
endloop
endfacet
facet normal 0 0 0
outer loop
vertex 2.468578e-02 -4.420765e-02 4.677211e-03
vertex 2.757611e-02 -3.980679e-02 8.123145e-03
vertex 1.946412e-02 -4.569961e-02 8.009717e-03
endloop
endfacet
facet normal 0 0 0
outer loop
vertex 1.946412e-02 -4.569961e-02 8.009717e-03
vertex 2.757611e-02 -3.980679e-02 8.123145e-03
vertex 2.433827e-02 -4.184238e-02 1.025544e-02
endloop
endfacet
facet normal 0 0 0
outer loop
vertex 2.769098e-02 -4.058758e-02 -2.010681e-03
vertex 3.197041e-02 -3.740681e-02 -1.379209e-03
vertex 2.468578e-02 -4.420765e-02 4.677211e-03
endloop
endfacet
facet normal 0 0 0
outer loop
vertex 2.468578e-02 -4.420765e-02 4.677211e-03
vertex 3.197041e-02 -3.740681e-02 -1.379209e-03
vertex 3.113069e-02 -3.855404e-02 7.152663e-03
endloop
endfacet
facet normal 0 0 0
outer loop
vertex 2.468578e-02 -4.420765e-02 4.677211e-03
vertex 3.113069e-02 -3.855404e-02 7.152663e-03
vertex 2.757611e-02 -3.980679e-02 8.123145e-03
endloop
endfacet
facet normal 0 0 0
outer loop
vertex 2.757611e-02 -3.980679e-02 8.123145e-03
vertex 2.659132e-02 -3.867681e-02 1.269700e-02
vertex 2.433827e-02 -4.184238e-02 1.025544e-02
endloop
endfacet
facet normal 0 0 0
outer loop
vertex 3.113069e-02 -3.855404e-02 7.152663e-03
vertex 3.362714e-02 -3.409377e-02 1.094206e-02
vertex 2.757611e-02 -3.980679e-02 8.123145e-03
endloop
endfacet
facet normal 0 0 0
outer loop
vertex 2.757611e-02 -3.980679e-02 8.123145e-03
vertex 3.362714e-02 -3.409377e-02 1.094206e-02
vertex 2.659132e-02 -3.867681e-02 1.269700e-02
endloop
endfacet
facet normal 0 0 0
outer loop
vertex 1.946412e-02 -4.569961e-02 8.009717e-03
vertex 2.433827e-02 -4.184238e-02 1.025544e-02
vertex 2.049288e-02 -4.342421e-02 1.421730e-02
endloop
endfacet
facet normal 0 0 0
outer loop
vertex 2.049288e-02 -4.342421e-02 1.421730e-02
vertex 2.433827e-02 -4.184238e-02 1.025544e-02
vertex 2.659132e-02 -3.867681e-02 1.269700e-02
endloop
endfacet
facet normal 0 0 0
outer loop
vertex 2.049288e-02 -4.342421e-02 1.421730e-02
vertex 2.659132e-02 -3.867681e-02 1.269700e-02
vertex 2.448782e-02 -3.910385e-02 1.710478e-02
endloop
endfacet
facet normal 0 0 0
outer loop
vertex 2.049288e-02 -4.342421e-02 1.421730e-02
vertex 2.448782e-02 -3.910385e-02 1.710478e-02
vertex 1.983662e-02 -4.103551e-02 1.872888e-02
endloop
endfacet
facet normal 0 0 0
outer loop
vertex 1.983662e-02 -4.103551e-02 1.872888e-02
vertex 2.448782e-02 -3.910385e-02 1.710478e-02
vertex 2.556478e-02 -3.782680e-02 1.946738e-02
endloop
endfacet
facet normal 0 0 0
outer loop
vertex 2.659132e-02 -3.867681e-02 1.269700e-02
vertex 2.930814e-02 -3.407780e-02 2.143883e-02
vertex 2.448782e-02 -3.910385e-02 1.710478e-02
endloop
endfacet
facet normal 0 0 0
outer loop
vertex 2.659132e-02 -3.867681e-02 1.269700e-02
vertex 3.118781e-02 -3.402437e-02 1.682925e-02
vertex 2.930814e-02 -3.407780e-02 2.143883e-02
endloop
endfacet
facet normal 0 0 0
outer loop
vertex 2.448782e-02 -3.910385e-02 1.710478e-02
vertex 2.930814e-02 -3.407780e-02 2.143883e-02
vertex 2.556478e-02 -3.782680e-02 1.946738e-02
endloop
endfacet
facet normal 0 0 0
outer loop
vertex 3.197041e-02 -3.740681e-02 -1.379209e-03
vertex 3.523621e-02 -3.431296e-02 -5.575365e-03
vertex 3.113069e-02 -3.855404e-02 7.152663e-03
endloop
endfacet
facet normal 0 0 0
outer loop
vertex 3.523621e-02 -3.431296e-02 -5.575365e-03
vertex 3.511260e-02 -3.499670e-02 8.428335e-03
vertex 3.113069e-02 -3.855404e-02 7.152663e-03
endloop
endfacet
facet normal 0 0 0
outer loop
vertex 3.113069e-02 -3.855404e-02 7.152663e-03
vertex 3.511260e-02 -3.499670e-02 8.428335e-03
vertex 3.362714e-02 -3.409377e-02 1.094206e-02
endloop
endfacet
facet normal 0 0 0
outer loop
vertex 2.659132e-02 -3.867681e-02 1.269700e-02
vertex 3.362714e-02 -3.409377e-02 1.094206e-02
vertex 3.118781e-02 -3.402437e-02 1.682925e-02
endloop
endfacet
facet normal 0 0 0
outer loop
vertex 1.983662e-02 -4.103551e-02 1.872888e-02
vertex 2.556478e-02 -3.782680e-02 1.946738e-02
vertex 2.546518e-02 -3.504370e-02 2.253238e-02
endloop
endfacet
facet normal 0 0 0
outer loop
vertex 2.085159e-02 -3.339219e-02 2.969563e-02
vertex 2.546518e-02 -3.504370e-02 2.253238e-02
vertex 2.263671e-02 -3.394869e-02 2.713588e-02
endloop
endfacet
facet normal 0 0 0
outer loop
vertex 2.546518e-02 -3.504370e-02 2.253238e-02
vertex 2.556478e-02 -3.782680e-02 1.946738e-02
vertex 2.930814e-02 -3.407780e-02 2.143883e-02
endloop
endfacet
facet normal 0 0 0
outer loop
vertex 7.140421e-03 -3.041183e-02 3.558154e-02
vertex 5.777148e-03 -1.697683e-02 4.008456e-02
vertex -2.025936e-03 -2.954951e-02 3.533658e-02
endloop
endfacet
facet normal 0 0 0
outer loop
vertex 7.140421e-03 -3.041183e-02 3.558154e-02
vertex 7.156509e-03 -2.413602e-02 3.815372e-02
vertex 5.777148e-03 -1.697683e-02 4.008456e-02
endloop
endfacet
facet normal 0 0 0
outer loop
vertex 5.064474e-03 -3.411479e-02 3.493818e-02
vertex 9.060689e-03 -3.307941e-02 3.385348e-02
vertex 7.140421e-03 -3.041183e-02 3.558154e-02
endloop
endfacet
facet normal 0 0 0
outer loop
vertex 7.140421e-03 -3.041183e-02 3.558154e-02
vertex 9.060689e-03 -3.307941e-02 3.385348e-02
vertex 1.244239e-02 -2.612215e-02 3.494455e-02
endloop
endfacet
facet normal 0 0 0
outer loop
vertex 1.637298e-03 -1.957211e-02 3.960918e-02
vertex -2.025936e-03 -2.954951e-02 3.533658e-02
vertex 5.777148e-03 -1.697683e-02 4.008456e-02
endloop
endfacet
facet normal 0 0 0
outer loop
vertex 5.777148e-03 -1.697683e-02 4.008456e-02
vertex 7.156509e-03 -2.413602e-02 3.815372e-02
vertex 8.082664e-03 -1.875738e-02 3.980980e-02
endloop
endfacet
facet normal 0 0 0
outer loop
vertex 1.560018e-02 -3.329265e-02 3.178009e-02
vertex 1.854889e-02 -3.540544e-02 2.996725e-02
vertex 2.085159e-02 -3.339219e-02 2.969563e-02
endloop
endfacet
facet normal 0 0 0
outer loop
vertex 1.560018e-02 -3.329265e-02 3.178009e-02
vertex 2.085159e-02 -3.339219e-02 2.969563e-02
vertex 2.113356e-02 -2.853179e-02 3.125637e-02
endloop
endfacet
facet normal 0 0 0
outer loop
vertex 1.560018e-02 -3.329265e-02 3.178009e-02
vertex 2.148984e-02 -2.347788e-02 3.301549e-02
vertex 9.060689e-03 -3.307941e-02 3.385348e-02
endloop
endfacet
facet normal 0 0 0
outer loop
vertex 9.060689e-03 -3.307941e-02 3.385348e-02
vertex 2.148984e-02 -2.347788e-02 3.301549e-02
vertex 1.244239e-02 -2.612215e-02 3.494455e-02
endloop
endfacet
facet normal 0 0 0
outer loop
vertex 1.560018e-02 -3.329265e-02 3.178009e-02
vertex 2.113356e-02 -2.853179e-02 3.125637e-02
vertex 2.148984e-02 -2.347788e-02 3.301549e-02
endloop
endfacet
facet normal 0 0 0
outer loop
vertex 7.140421e-03 -3.041183e-02 3.558154e-02
vertex 1.244239e-02 -2.612215e-02 3.494455e-02
vertex 1.214602e-02 -2.169868e-02 3.681403e-02
endloop
endfacet
facet normal 0 0 0
outer loop
vertex 7.140421e-03 -3.041183e-02 3.558154e-02
vertex 1.214602e-02 -2.169868e-02 3.681403e-02
vertex 7.156509e-03 -2.413602e-02 3.815372e-02
endloop
endfacet
facet normal 0 0 0
outer loop
vertex 1.244239e-02 -2.612215e-02 3.494455e-02
vertex 1.642480e-02 -1.931534e-02 3.663880e-02
vertex 1.214602e-02 -2.169868e-02 3.681403e-02
endloop
endfacet
facet normal 0 0 0
outer loop
vertex 7.156509e-03 -2.413602e-02 3.815372e-02
vertex 1.214602e-02 -2.169868e-02 3.681403e-02
vertex 8.082664e-03 -1.875738e-02 3.980980e-02
endloop
endfacet
facet normal 0 0 0
outer loop
vertex 1.244239e-02 -2.612215e-02 3.494455e-02
vertex 2.148984e-02 -2.347788e-02 3.301549e-02
vertex 2.150697e-02 -1.407279e-02 3.594089e-02
endloop
endfacet
facet normal 0 0 0
outer loop
vertex 1.244239e-02 -2.612215e-02 3.494455e-02
vertex 2.150697e-02 -1.407279e-02 3.594089e-02
vertex 1.642480e-02 -1.931534e-02 3.663880e-02
endloop
endfacet
facet normal 0 0 0
outer loop
vertex 8.082664e-03 -1.875738e-02 3.980980e-02
vertex 2.203647e-02 -6.439536e-03 3.871309e-02
vertex 1.558124e-02 -6.251463e-03 4.152143e-02
endloop
endfacet
facet normal 0 0 0
outer loop
vertex 1.642480e-02 -1.931534e-02 3.663880e-02
vertex 2.150697e-02 -1.407279e-02 3.594089e-02
vertex 1.214602e-02 -2.169868e-02 3.681403e-02
endloop
endfacet
facet normal 0 0 0
outer loop
vertex 1.214602e-02 -2.169868e-02 3.681403e-02
vertex 2.150697e-02 -1.407279e-02 3.594089e-02
vertex 8.082664e-03 -1.875738e-02 3.980980e-02
endloop
endfacet
facet normal 0 0 0
outer loop
vertex 8.082664e-03 -1.875738e-02 3.980980e-02
vertex 2.150697e-02 -1.407279e-02 3.594089e-02
vertex 2.203647e-02 -6.439536e-03 3.871309e-02
endloop
endfacet
facet normal 0 0 0
outer loop
vertex 3.118781e-02 -3.402437e-02 1.682925e-02
vertex 3.076399e-02 -3.119520e-02 2.103024e-02
vertex 2.930814e-02 -3.407780e-02 2.143883e-02
endloop
endfacet
facet normal 0 0 0
outer loop
vertex 3.523621e-02 -3.431296e-02 -5.575365e-03
vertex 3.560386e-02 -3.189860e-02 5.126481e-03
vertex 3.511260e-02 -3.499670e-02 8.428335e-03
endloop
endfacet
facet normal 0 0 0
outer loop
vertex 3.560386e-02 -3.189860e-02 5.126481e-03
vertex 3.659634e-02 -2.995105e-02 8.231274e-03
vertex 3.511260e-02 -3.499670e-02 8.428335e-03
endloop
endfacet
facet normal 0 0 0
outer loop
vertex 3.511260e-02 -3.499670e-02 8.428335e-03
vertex 3.659634e-02 -2.995105e-02 8.231274e-03
vertex 3.362714e-02 -3.409377e-02 1.094206e-02
endloop
endfacet
facet normal 0 0 0
outer loop
vertex 3.523621e-02 -3.431296e-02 -5.575365e-03
vertex 3.587097e-02 -2.968605e-02 -4.083183e-03
vertex 3.560386e-02 -3.189860e-02 5.126481e-03
endloop
endfacet
facet normal 0 0 0
outer loop
vertex 3.587097e-02 -2.968605e-02 -4.083183e-03
vertex 3.760625e-02 -2.521574e-02 3.064630e-04
vertex 3.560386e-02 -3.189860e-02 5.126481e-03
endloop
endfacet
facet normal 0 0 0
outer loop
vertex 3.560386e-02 -3.189860e-02 5.126481e-03
vertex 3.760625e-02 -2.521574e-02 3.064630e-04
vertex 3.854464e-02 -2.424243e-02 2.547729e-03
endloop
endfacet
facet normal 0 0 0
outer loop
vertex 3.560386e-02 -3.189860e-02 5.126481e-03
vertex 3.854464e-02 -2.424243e-02 2.547729e-03
vertex 3.659634e-02 -2.995105e-02 8.231274e-03
endloop
endfacet
facet normal 0 0 0
outer loop
vertex 3.659634e-02 -2.995105e-02 8.231274e-03
vertex 3.854464e-02 -2.424243e-02 2.547729e-03
vertex 3.861795e-02 -2.330169e-02 8.530531e-03
endloop
endfacet
facet normal 0 0 0
outer loop
vertex 3.362714e-02 -3.409377e-02 1.094206e-02
vertex 3.204728e-02 -2.791147e-02 1.996227e-02
vertex 3.118781e-02 -3.402437e-02 1.682925e-02
endloop
endfacet
facet normal 0 0 0
outer loop
vertex 3.362714e-02 -3.409377e-02 1.094206e-02
vertex 3.395239e-02 -2.519746e-02 1.742537e-02
vertex 3.204728e-02 -2.791147e-02 1.996227e-02
endloop
endfacet
facet normal 0 0 0
outer loop
vertex 3.118781e-02 -3.402437e-02 1.682925e-02
vertex 3.204728e-02 -2.791147e-02 1.996227e-02
vertex 3.076399e-02 -3.119520e-02 2.103024e-02
endloop
endfacet
facet normal 0 0 0
outer loop
vertex 3.659634e-02 -2.995105e-02 8.231274e-03
vertex 3.815696e-02 -2.038823e-02 1.106401e-02
vertex 3.362714e-02 -3.409377e-02 1.094206e-02
endloop
endfacet
facet normal 0 0 0
outer loop
vertex 3.362714e-02 -3.409377e-02 1.094206e-02
vertex 3.815696e-02 -2.038823e-02 1.106401e-02
vertex 3.395239e-02 -2.519746e-02 1.742537e-02
endloop
endfacet
facet normal 0 0 0
outer loop
vertex 3.854464e-02 -2.424243e-02 2.547729e-03
vertex 4.000599e-02 -1.898613e-02 -2.888668e-04
vertex 3.861795e-02 -2.330169e-02 8.530531e-03
endloop
endfacet
facet normal 0 0 0
outer loop
vertex 4.000599e-02 -1.898613e-02 -2.888668e-04
vertex 4.330462e-02 -9.666893e-03 9.776464e-03
vertex 3.861795e-02 -2.330169e-02 8.530531e-03
endloop
endfacet
facet normal 0 0 0
outer loop
vertex 4.330462e-02 -9.666893e-03 9.776464e-03
vertex 4.151408e-02 -1.548497e-02 8.683684e-03
vertex 3.861795e-02 -2.330169e-02 8.530531e-03
endloop
endfacet
facet normal 0 0 0
outer loop
vertex 4.151408e-02 -1.548497e-02 8.683684e-03
vertex 4.041998e-02 -1.345811e-02 1.204877e-02
vertex 3.861795e-02 -2.330169e-02 8.530531e-03
endloop
endfacet
facet normal 0 0 0
outer loop
vertex 3.395239e-02 -2.519746e-02 1.742537e-02
vertex 3.646609e-02 -2.078009e-02 1.570256e-02
vertex 3.425406e-02 -1.816378e-02 2.372425e-02
endloop
endfacet
facet normal 0 0 0
outer loop
vertex 3.815696e-02 -2.038823e-02 1.106401e-02
vertex 3.646609e-02 -2.078009e-02 1.570256e-02
vertex 3.395239e-02 -2.519746e-02 1.742537e-02
endloop
endfacet
facet normal 0 0 0
outer loop
vertex 3.659634e-02 -2.995105e-02 8.231274e-03
vertex 3.861795e-02 -2.330169e-02 8.530531e-03
vertex 3.815696e-02 -2.038823e-02 1.106401e-02
endloop
endfacet
facet normal 0 0 0
outer loop
vertex 3.815696e-02 -2.038823e-02 1.106401e-02
vertex 3.880994e-02 -1.631901e-02 1.370778e-02
vertex 3.646609e-02 -2.078009e-02 1.570256e-02
endloop
endfacet
facet normal 0 0 0
outer loop
vertex 3.861795e-02 -2.330169e-02 8.530531e-03
vertex 4.041998e-02 -1.345811e-02 1.204877e-02
vertex 3.815696e-02 -2.038823e-02 1.106401e-02
endloop
endfacet
facet normal 0 0 0
outer loop
vertex 3.815696e-02 -2.038823e-02 1.106401e-02
vertex 4.041998e-02 -1.345811e-02 1.204877e-02
vertex 3.880994e-02 -1.631901e-02 1.370778e-02
endloop
endfacet
facet normal 0 0 0
outer loop
vertex 3.646609e-02 -2.078009e-02 1.570256e-02
vertex 3.880994e-02 -1.631901e-02 1.370778e-02
vertex 3.569253e-02 -1.358306e-02 2.402079e-02
endloop
endfacet
facet normal 0 0 0
outer loop
vertex 2.546518e-02 -3.504370e-02 2.253238e-02
vertex 2.636751e-02 -3.369898e-02 2.447577e-02
vertex 2.263671e-02 -3.394869e-02 2.713588e-02
endloop
endfacet
facet normal 0 0 0
outer loop
vertex 2.085159e-02 -3.339219e-02 2.969563e-02
vertex 2.504604e-02 -2.531712e-02 2.880524e-02
vertex 2.113356e-02 -2.853179e-02 3.125637e-02
endloop
endfacet
facet normal 0 0 0
outer loop
vertex 2.504604e-02 -2.531712e-02 2.880524e-02
vertex 2.263671e-02 -3.394869e-02 2.713588e-02
vertex 2.820903e-02 -3.033656e-02 2.318341e-02
endloop
endfacet
facet normal 0 0 0
outer loop
vertex 2.085159e-02 -3.339219e-02 2.969563e-02
vertex 2.263671e-02 -3.394869e-02 2.713588e-02
vertex 2.504604e-02 -2.531712e-02 2.880524e-02
endloop
endfacet
facet normal 0 0 0
outer loop
vertex 2.546518e-02 -3.504370e-02 2.253238e-02
vertex 2.930814e-02 -3.407780e-02 2.143883e-02
vertex 2.636751e-02 -3.369898e-02 2.447577e-02
endloop
endfacet
facet normal 0 0 0
outer loop
vertex 2.636751e-02 -3.369898e-02 2.447577e-02
vertex 2.930814e-02 -3.407780e-02 2.143883e-02
vertex 2.820903e-02 -3.033656e-02 2.318341e-02
endloop
endfacet
facet normal 0 0 0
outer loop
vertex 2.263671e-02 -3.394869e-02 2.713588e-02
vertex 2.636751e-02 -3.369898e-02 2.447577e-02
vertex 2.820903e-02 -3.033656e-02 2.318341e-02
endloop
endfacet
facet normal 0 0 0
outer loop
vertex 2.820903e-02 -3.033656e-02 2.318341e-02
vertex 2.930814e-02 -3.407780e-02 2.143883e-02
vertex 3.076399e-02 -3.119520e-02 2.103024e-02
endloop
endfacet
facet normal 0 0 0
outer loop
vertex 3.076399e-02 -3.119520e-02 2.103024e-02
vertex 3.220609e-02 -2.534566e-02 2.262308e-02
vertex 2.820903e-02 -3.033656e-02 2.318341e-02
endloop
endfacet
facet normal 0 0 0
outer loop
vertex 3.220609e-02 -2.534566e-02 2.262308e-02
vertex 3.161699e-02 -1.990312e-02 2.463534e-02
vertex 2.820903e-02 -3.033656e-02 2.318341e-02
endloop
endfacet
facet normal 0 0 0
outer loop
vertex 3.161699e-02 -1.990312e-02 2.463534e-02
vertex 2.504604e-02 -2.531712e-02 2.880524e-02
vertex 2.820903e-02 -3.033656e-02 2.318341e-02
endloop
endfacet
facet normal 0 0 0
outer loop
vertex 2.504604e-02 -2.531712e-02 2.880524e-02
vertex 3.161699e-02 -1.990312e-02 2.463534e-02
vertex 2.796470e-02 -2.105581e-02 2.786654e-02
endloop
endfacet
facet normal 0 0 0
outer loop
vertex 2.504604e-02 -2.531712e-02 2.880524e-02
vertex 2.282757e-02 -1.832688e-02 3.428459e-02
vertex 2.113356e-02 -2.853179e-02 3.125637e-02
endloop
endfacet
facet normal 0 0 0
outer loop
vertex 2.796470e-02 -2.105581e-02 2.786654e-02
vertex 2.282757e-02 -1.832688e-02 3.428459e-02
vertex 2.504604e-02 -2.531712e-02 2.880524e-02
endloop
endfacet
facet normal 0 0 0
outer loop
vertex 3.161699e-02 -1.990312e-02 2.463534e-02
vertex 3.060629e-02 -1.745993e-02 2.771470e-02
vertex 2.796470e-02 -2.105581e-02 2.786654e-02
endloop
endfacet
facet normal 0 0 0
outer loop
vertex 2.282757e-02 -1.832688e-02 3.428459e-02
vertex 2.148984e-02 -2.347788e-02 3.301549e-02
vertex 2.113356e-02 -2.853179e-02 3.125637e-02
endloop
endfacet
facet normal 0 0 0
outer loop
vertex 2.148984e-02 -2.347788e-02 3.301549e-02
vertex 2.282757e-02 -1.832688e-02 3.428459e-02
vertex 2.150697e-02 -1.407279e-02 3.594089e-02
endloop
endfacet
facet normal 0 0 0
outer loop
vertex 2.150697e-02 -1.407279e-02 3.594089e-02
vertex 2.282757e-02 -1.832688e-02 3.428459e-02
vertex 2.442128e-02 -1.274326e-02 3.588407e-02
endloop
endfacet
facet normal 0 0 0
outer loop
vertex 3.204728e-02 -2.791147e-02 1.996227e-02
vertex 3.220609e-02 -2.534566e-02 2.262308e-02
vertex 3.076399e-02 -3.119520e-02 2.103024e-02
endloop
endfacet
facet normal 0 0 0
outer loop
vertex 3.220609e-02 -2.534566e-02 2.262308e-02
vertex 3.425406e-02 -1.816378e-02 2.372425e-02
vertex 3.161699e-02 -1.990312e-02 2.463534e-02
endloop
endfacet
facet normal 0 0 0
outer loop
vertex 3.395239e-02 -2.519746e-02 1.742537e-02
vertex 3.425406e-02 -1.816378e-02 2.372425e-02
vertex 3.204728e-02 -2.791147e-02 1.996227e-02
endloop
endfacet
facet normal 0 0 0
outer loop
vertex 3.204728e-02 -2.791147e-02 1.996227e-02
vertex 3.425406e-02 -1.816378e-02 2.372425e-02
vertex 3.220609e-02 -2.534566e-02 2.262308e-02
endloop
endfacet
facet normal 0 0 0
outer loop
vertex 3.425406e-02 -1.816378e-02 2.372425e-02
vertex 3.646609e-02 -2.078009e-02 1.570256e-02
vertex 3.569253e-02 -1.358306e-02 2.402079e-02
endloop
endfacet
facet normal 0 0 0
outer loop
vertex 3.060629e-02 -1.745993e-02 2.771470e-02
vertex 3.161699e-02 -1.990312e-02 2.463534e-02
vertex 3.569253e-02 -1.358306e-02 2.402079e-02
endloop
endfacet
facet normal 0 0 0
outer loop
vertex 3.425406e-02 -1.816378e-02 2.372425e-02
vertex 3.569253e-02 -1.358306e-02 2.402079e-02
vertex 3.161699e-02 -1.990312e-02 2.463534e-02
endloop
endfacet
facet normal 0 0 0
outer loop
vertex 4.041998e-02 -1.345811e-02 1.204877e-02
vertex 4.205917e-02 -6.552781e-03 1.460702e-02
vertex 3.880994e-02 -1.631901e-02 1.370778e-02
endloop
endfacet
facet normal 0 0 0
outer loop
vertex 3.880994e-02 -1.631901e-02 1.370778e-02
vertex 4.205917e-02 -6.552781e-03 1.460702e-02
vertex 3.569253e-02 -1.358306e-02 2.402079e-02
endloop
endfacet
facet normal 0 0 0
outer loop
vertex 4.205917e-02 -6.552781e-03 1.460702e-02
vertex 4.053444e-02 -5.656494e-03 1.908897e-02
vertex 3.926758e-02 -6.421011e-03 2.248000e-02
endloop
endfacet
facet normal 0 0 0
outer loop
vertex 2.150697e-02 -1.407279e-02 3.594089e-02
vertex 2.456941e-02 -8.750182e-03 3.736122e-02
vertex 2.203647e-02 -6.439536e-03 3.871309e-02
endloop
endfacet
facet normal 0 0 0
outer loop
vertex 2.150697e-02 -1.407279e-02 3.594089e-02
vertex 2.442128e-02 -1.274326e-02 3.588407e-02
vertex 2.456941e-02 -8.750182e-03 3.736122e-02
endloop
endfacet
facet normal 0 0 0
outer loop
vertex 2.203647e-02 -6.439536e-03 3.871309e-02
vertex 2.456941e-02 -8.750182e-03 3.736122e-02
vertex 2.668942e-02 -2.828119e-03 3.717930e-02
endloop
endfacet
facet normal 0 0 0
outer loop
vertex 2.796470e-02 -2.105581e-02 2.786654e-02
vertex 2.780384e-02 -5.936484e-03 3.527984e-02
vertex 2.282757e-02 -1.832688e-02 3.428459e-02
endloop
endfacet
facet normal 0 0 0
outer loop
vertex 2.442128e-02 -1.274326e-02 3.588407e-02
vertex 2.282757e-02 -1.832688e-02 3.428459e-02
vertex 2.780384e-02 -5.936484e-03 3.527984e-02
endloop
endfacet
facet normal 0 0 0
outer loop
vertex 2.780384e-02 -5.936484e-03 3.527984e-02
vertex 2.796470e-02 -2.105581e-02 2.786654e-02
vertex 3.197417e-02 -6.194799e-03 3.105874e-02
endloop
endfacet
facet normal 0 0 0
outer loop
vertex 3.197417e-02 -6.194799e-03 3.105874e-02
vertex 2.872048e-02 -3.197237e-03 3.464293e-02
vertex 2.780384e-02 -5.936484e-03 3.527984e-02
endloop
endfacet
facet normal 0 0 0
outer loop
vertex 2.442128e-02 -1.274326e-02 3.588407e-02
vertex 2.780384e-02 -5.936484e-03 3.527984e-02
vertex 2.456941e-02 -8.750182e-03 3.736122e-02
endloop
endfacet
facet normal 0 0 0
outer loop
vertex 2.456941e-02 -8.750182e-03 3.736122e-02
vertex 2.780384e-02 -5.936484e-03 3.527984e-02
vertex 2.668942e-02 -2.828119e-03 3.717930e-02
endloop
endfacet
facet normal 0 0 0
outer loop
vertex 2.203647e-02 -6.439536e-03 3.871309e-02
vertex 2.668942e-02 -2.828119e-03 3.717930e-02
vertex 1.558124e-02 -6.251463e-03 4.152143e-02
endloop
endfacet
facet normal 0 0 0
outer loop
vertex 1.558124e-02 -6.251463e-03 4.152143e-02
vertex 2.668942e-02 -2.828119e-03 3.717930e-02
vertex 1.821646e-02 1.009961e-03 4.139675e-02
endloop
endfacet
facet normal 0 0 0
outer loop
vertex 2.668942e-02 -2.828119e-03 3.717930e-02
vertex 2.661080e-02 1.066192e-03 3.775467e-02
vertex 1.821646e-02 1.009961e-03 4.139675e-02
endloop
endfacet
facet normal 0 0 0
outer loop
vertex 1.821646e-02 1.009961e-03 4.139675e-02
vertex 2.661080e-02 1.066192e-03 3.775467e-02
vertex 2.494994e-02 9.579570e-03 3.984807e-02
endloop
endfacet
facet normal 0 0 0
outer loop
vertex 2.668942e-02 -2.828119e-03 3.717930e-02
vertex 2.780384e-02 -5.936484e-03 3.527984e-02
vertex 2.872048e-02 -3.197237e-03 3.464293e-02
endloop
endfacet
facet normal 0 0 0
outer loop
vertex 2.872048e-02 -3.197237e-03 3.464293e-02
vertex 2.661080e-02 1.066192e-03 3.775467e-02
vertex 2.668942e-02 -2.828119e-03 3.717930e-02
endloop
endfacet
facet normal 0 0 0
outer loop
vertex 2.661080e-02 1.066192e-03 3.775467e-02
vertex 2.872048e-02 -3.197237e-03 3.464293e-02
vertex 3.121609e-02 2.316144e-03 3.359383e-02
endloop
endfacet
facet normal 0 0 0
outer loop
vertex 2.796470e-02 -2.105581e-02 2.786654e-02
vertex 3.060629e-02 -1.745993e-02 2.771470e-02
vertex 3.569253e-02 -1.358306e-02 2.402079e-02
endloop
endfacet
facet normal 0 0 0
outer loop
vertex 2.796470e-02 -2.105581e-02 2.786654e-02
vertex 3.569253e-02 -1.358306e-02 2.402079e-02
vertex 3.197417e-02 -6.194799e-03 3.105874e-02
endloop
endfacet
facet normal 0 0 0
outer loop
vertex 3.569253e-02 -1.358306e-02 2.402079e-02
vertex 3.655593e-02 -1.088746e-02 2.546093e-02
vertex 3.516104e-02 -8.148068e-03 2.700778e-02
endloop
endfacet
facet normal 0 0 0
outer loop
vertex 3.197417e-02 -6.194799e-03 3.105874e-02
vertex 3.569253e-02 -1.358306e-02 2.402079e-02
vertex 3.516104e-02 -8.148068e-03 2.700778e-02
endloop
endfacet
facet normal 0 0 0
outer loop
vertex 3.516104e-02 -8.148068e-03 2.700778e-02
vertex 3.843483e-02 -2.262504e-03 2.515532e-02
vertex 3.197417e-02 -6.194799e-03 3.105874e-02
endloop
endfacet
facet normal 0 0 0
outer loop
vertex 3.569253e-02 -1.358306e-02 2.402079e-02
vertex 3.926758e-02 -6.421011e-03 2.248000e-02
vertex 3.655593e-02 -1.088746e-02 2.546093e-02
endloop
endfacet
facet normal 0 0 0
outer loop
vertex 3.569253e-02 -1.358306e-02 2.402079e-02
vertex 4.205917e-02 -6.552781e-03 1.460702e-02
vertex 3.926758e-02 -6.421011e-03 2.248000e-02
endloop
endfacet
facet normal 0 0 0
outer loop
vertex 3.834345e-02 -6.179623e-03 2.537712e-02
vertex 3.655593e-02 -1.088746e-02 2.546093e-02
vertex 3.926758e-02 -6.421011e-03 2.248000e-02
endloop
endfacet
facet normal 0 0 0
outer loop
vertex 3.516104e-02 -8.148068e-03 2.700778e-02
vertex 3.655593e-02 -1.088746e-02 2.546093e-02
vertex 3.834345e-02 -6.179623e-03 2.537712e-02
endloop
endfacet
facet normal 0 0 0
outer loop
vertex 3.516104e-02 -8.148068e-03 2.700778e-02
vertex 3.834345e-02 -6.179623e-03 2.537712e-02
vertex 3.843483e-02 -2.262504e-03 2.515532e-02
endloop
endfacet
facet normal 0 0 0
outer loop
vertex 3.197417e-02 -6.194799e-03 3.105874e-02
vertex 3.843483e-02 -2.262504e-03 2.515532e-02
vertex 3.121609e-02 2.316144e-03 3.359383e-02
endloop
endfacet
facet normal 0 0 0
outer loop
vertex 4.053444e-02 -5.656494e-03 1.908897e-02
vertex 3.843483e-02 -2.262504e-03 2.515532e-02
vertex 3.926758e-02 -6.421011e-03 2.248000e-02
endloop
endfacet
facet normal 0 0 0
outer loop
vertex 4.053444e-02 -5.656494e-03 1.908897e-02
vertex 4.146119e-02 2.406853e-04 2.109322e-02
vertex 3.843483e-02 -2.262504e-03 2.515532e-02
endloop
endfacet
facet normal 0 0 0
outer loop
vertex 3.926758e-02 -6.421011e-03 2.248000e-02
vertex 3.843483e-02 -2.262504e-03 2.515532e-02
vertex 3.834345e-02 -6.179623e-03 2.537712e-02
endloop
endfacet
facet normal 0 0 0
outer loop
vertex 3.955263e-02 4.506618e-03 2.624106e-02
vertex 3.121609e-02 2.316144e-03 3.359383e-02
vertex 3.843483e-02 -2.262504e-03 2.515532e-02
endloop
endfacet
facet normal 0 0 0
outer loop
vertex 2.872048e-02 -3.197237e-03 3.464293e-02
vertex 3.197417e-02 -6.194799e-03 3.105874e-02
vertex 3.121609e-02 2.316144e-03 3.359383e-02
endloop
endfacet
facet normal 0 0 0
outer loop
vertex 2.661080e-02 1.066192e-03 3.775467e-02
vertex 3.121609e-02 2.316144e-03 3.359383e-02
vertex 3.376333e-02 7.164283e-03 3.214738e-02
endloop
endfacet
facet normal 0 0 0
outer loop
vertex 1.637298e-03 -1.957211e-02 3.960918e-02
vertex 5.777148e-03 -1.697683e-02 4.008456e-02
vertex 2.143764e-03 -1.534395e-02 4.046220e-02
endloop
endfacet
facet normal 0 0 0
outer loop
vertex 2.143764e-03 -1.534395e-02 4.046220e-02
vertex 8.459379e-03 -9.420393e-03 4.371718e-02
vertex 6.210316e-03 -7.454169e-03 4.355336e-02
endloop
endfacet
facet normal 0 0 0
outer loop
vertex 2.143764e-03 -1.534395e-02 4.046220e-02
vertex 6.210316e-03 -7.454169e-03 4.355336e-02
vertex -6.933197e-03 -6.312612e-03 4.330806e-02
endloop
endfacet
facet normal 0 0 0
outer loop
vertex 6.210316e-03 -7.454169e-03 4.355336e-02
vertex 1.008298e-02 -3.806438e-03 4.422580e-02
vertex -1.601619e-03 -4.542124e-03 4.361194e-02
endloop
endfacet
facet normal 0 0 0
outer loop
vertex 2.143764e-03 -1.534395e-02 4.046220e-02
vertex 5.777148e-03 -1.697683e-02 4.008456e-02
vertex 8.459379e-03 -9.420393e-03 4.371718e-02
endloop
endfacet
facet normal 0 0 0
outer loop
vertex 8.082664e-03 -1.875738e-02 3.980980e-02
vertex 8.459379e-03 -9.420393e-03 4.371718e-02
vertex 5.777148e-03 -1.697683e-02 4.008456e-02
endloop
endfacet
facet normal 0 0 0
outer loop
vertex 6.210316e-03 -7.454169e-03 4.355336e-02
vertex 8.459379e-03 -9.420393e-03 4.371718e-02
vertex 1.008298e-02 -3.806438e-03 4.422580e-02
endloop
endfacet
facet normal 0 0 0
outer loop
vertex 8.459379e-03 -9.420393e-03 4.371718e-02
vertex 1.270709e-02 -5.178520e-03 4.361407e-02
vertex 1.008298e-02 -3.806438e-03 4.422580e-02
endloop
endfacet
facet normal 0 0 0
outer loop
vertex -1.601619e-03 -4.542124e-03 4.361194e-02
vertex 5.037404e-03 5.181747e-03 4.508815e-02
vertex -1.212523e-03 4.149140e-05 4.482603e-02
endloop
endfacet
facet normal 0 0 0
outer loop
vertex -1.601619e-03 -4.542124e-03 4.361194e-02
vertex 1.008298e-02 -3.806438e-03 4.422580e-02
vertex 5.037404e-03 5.181747e-03 4.508815e-02
endloop
endfacet
facet normal 0 0 0
outer loop
vertex -1.212523e-03 4.149140e-05 4.482603e-02
vertex 5.037404e-03 5.181747e-03 4.508815e-02
vertex 4.127719e-03 7.383696e-03 4.596099e-02
endloop
endfacet
facet normal 0 0 0
outer loop
vertex 1.008298e-02 -3.806438e-03 4.422580e-02
vertex 1.053345e-02 6.082394e-03 4.550704e-02
vertex 5.037404e-03 5.181747e-03 4.508815e-02
endloop
endfacet
facet normal 0 0 0
outer loop
vertex 8.082664e-03 -1.875738e-02 3.980980e-02
vertex 1.558124e-02 -6.251463e-03 4.152143e-02
vertex 8.459379e-03 -9.420393e-03 4.371718e-02
endloop
endfacet
facet normal 0 0 0
outer loop
vertex 8.459379e-03 -9.420393e-03 4.371718e-02
vertex 1.558124e-02 -6.251463e-03 4.152143e-02
vertex 1.270709e-02 -5.178520e-03 4.361407e-02
endloop
endfacet
facet normal 0 0 0
outer loop
vertex 1.008298e-02 -3.806438e-03 4.422580e-02
vertex 1.270709e-02 -5.178520e-03 4.361407e-02
vertex 1.270310e-02 -4.532721e-04 4.339403e-02
endloop
endfacet
facet normal 0 0 0
outer loop
vertex 1.270310e-02 -4.532721e-04 4.339403e-02
vertex 1.053345e-02 6.082394e-03 4.550704e-02
vertex 1.008298e-02 -3.806438e-03 4.422580e-02
endloop
endfacet
facet normal 0 0 0
outer loop
vertex 1.270709e-02 -5.178520e-03 4.361407e-02
vertex 1.558124e-02 -6.251463e-03 4.152143e-02
vertex 1.821646e-02 1.009961e-03 4.139675e-02
endloop
endfacet
facet normal 0 0 0
outer loop
vertex 1.270709e-02 -5.178520e-03 4.361407e-02
vertex 1.821646e-02 1.009961e-03 4.139675e-02
vertex 1.270310e-02 -4.532721e-04 4.339403e-02
endloop
endfacet
facet normal 0 0 0
outer loop
vertex 1.270310e-02 -4.532721e-04 4.339403e-02
vertex 1.821646e-02 1.009961e-03 4.139675e-02
vertex 1.997090e-02 5.126912e-03 4.220624e-02
endloop
endfacet
facet normal 0 0 0
outer loop
vertex 1.821646e-02 1.009961e-03 4.139675e-02
vertex 2.494994e-02 9.579570e-03 3.984807e-02
vertex 1.997090e-02 5.126912e-03 4.220624e-02
endloop
endfacet
facet normal 0 0 0
outer loop
vertex 4.000599e-02 -1.898613e-02 -2.888668e-04
vertex 4.116692e-02 -1.537486e-02 -3.439802e-03
vertex 4.330462e-02 -9.666893e-03 9.776464e-03
endloop
endfacet
facet normal 0 0 0
outer loop
vertex 4.116692e-02 -1.537486e-02 -3.439802e-03
vertex 4.363344e-02 -8.374862e-03 -7.900086e-03
vertex 4.330462e-02 -9.666893e-03 9.776464e-03
endloop
endfacet
facet normal 0 0 0
outer loop
vertex 4.330462e-02 -9.666893e-03 9.776464e-03
vertex 4.363344e-02 -8.374862e-03 -7.900086e-03
vertex 4.509548e-02 -5.754296e-03 8.581609e-03
endloop
endfacet
facet normal 0 0 0
outer loop
vertex 4.363344e-02 -8.374862e-03 -7.900086e-03
vertex 4.453143e-02 -5.183311e-03 5.208018e-03
vertex 4.509548e-02 -5.754296e-03 8.581609e-03
endloop
endfacet
facet normal 0 0 0
outer loop
vertex 4.151408e-02 -1.548497e-02 8.683684e-03
vertex 4.330462e-02 -9.666893e-03 9.776464e-03
vertex 4.041998e-02 -1.345811e-02 1.204877e-02
endloop
endfacet
facet normal 0 0 0
outer loop
vertex 4.330462e-02 -9.666893e-03 9.776464e-03
vertex 4.332273e-02 -5.171360e-03 1.188662e-02
vertex 4.205917e-02 -6.552781e-03 1.460702e-02
endloop
endfacet
facet normal 0 0 0
outer loop
vertex 4.330462e-02 -9.666893e-03 9.776464e-03
vertex 4.205917e-02 -6.552781e-03 1.460702e-02
vertex 4.041998e-02 -1.345811e-02 1.204877e-02
endloop
endfacet
facet normal 0 0 0
outer loop
vertex 4.509548e-02 -5.754296e-03 8.581609e-03
vertex 4.332273e-02 -5.171360e-03 1.188662e-02
vertex 4.330462e-02 -9.666893e-03 9.776464e-03
endloop
endfacet
facet normal 0 0 0
outer loop
vertex 4.453143e-02 -5.183311e-03 5.208018e-03
vertex 4.566343e-02 -2.293184e-04 3.818944e-03
vertex 4.509548e-02 -5.754296e-03 8.581609e-03
endloop
endfacet
facet normal 0 0 0
outer loop
vertex 4.509548e-02 -5.754296e-03 8.581609e-03
vertex 4.566343e-02 -2.293184e-04 3.818944e-03
vertex 4.601592e-02 1.898185e-03 8.606871e-03
endloop
endfacet
facet normal 0 0 0
outer loop
vertex 4.668104e-02 4.904127e-03 9.027380e-04
vertex 4.601592e-02 1.898185e-03 8.606871e-03
vertex 4.566343e-02 -2.293184e-04 3.818944e-03
endloop
endfacet
facet normal 0 0 0
outer loop
vertex 4.205917e-02 -6.552781e-03 1.460702e-02
vertex 4.256334e-02 3.807217e-03 1.909535e-02
vertex 4.053444e-02 -5.656494e-03 1.908897e-02
endloop
endfacet
facet normal 0 0 0
outer loop
vertex 4.332273e-02 -5.171360e-03 1.188662e-02
vertex 4.256334e-02 3.807217e-03 1.909535e-02
vertex 4.205917e-02 -6.552781e-03 1.460702e-02
endloop
endfacet
facet normal 0 0 0
outer loop
vertex 4.053444e-02 -5.656494e-03 1.908897e-02
vertex 4.256334e-02 3.807217e-03 1.909535e-02
vertex 4.146119e-02 2.406853e-04 2.109322e-02
endloop
endfacet
facet normal 0 0 0
outer loop
vertex 4.509548e-02 -5.754296e-03 8.581609e-03
vertex 4.601592e-02 1.898185e-03 8.606871e-03
vertex 4.332273e-02 -5.171360e-03 1.188662e-02
endloop
endfacet
facet normal 0 0 0
outer loop
vertex 4.332273e-02 -5.171360e-03 1.188662e-02
vertex 4.446024e-02 7.384567e-03 1.667293e-02
vertex 4.256334e-02 3.807217e-03 1.909535e-02
endloop
endfacet
facet normal 0 0 0
outer loop
vertex 4.332273e-02 -5.171360e-03 1.188662e-02
vertex 4.601592e-02 1.898185e-03 8.606871e-03
vertex 4.446024e-02 7.384567e-03 1.667293e-02
endloop
endfacet
facet normal 0 0 0
outer loop
vertex 4.601592e-02 1.898185e-03 8.606871e-03
vertex 4.642841e-02 1.064795e-02 1.339815e-02
vertex 4.446024e-02 7.384567e-03 1.667293e-02
endloop
endfacet
facet normal 0 0 0
outer loop
vertex 4.642841e-02 1.064795e-02 1.339815e-02
vertex 4.601592e-02 1.898185e-03 8.606871e-03
vertex 4.703951e-02 5.494172e-03 9.881525e-03
endloop
endfacet
facet normal 0 0 0
outer loop
vertex 3.843483e-02 -2.262504e-03 2.515532e-02
vertex 4.146119e-02 2.406853e-04 2.109322e-02
vertex 4.256334e-02 3.807217e-03 1.909535e-02
endloop
endfacet
facet normal 0 0 0
outer loop
vertex -8.223766e-03 1.842972e-02 -4.811488e-02
vertex 8.622702e-03 3.475342e-02 -4.414394e-02
vertex 1.090145e-02 1.825559e-02 -4.807892e-02
endloop
endfacet
facet normal 0 0 0
outer loop
vertex 1.090145e-02 1.825559e-02 -4.807892e-02
vertex 2.731518e-02 1.803235e-02 -4.094383e-02
vertex 2.678161e-02 2.914813e-03 -3.849659e-02
endloop
endfacet
facet normal 0 0 0
outer loop
vertex 1.090145e-02 1.825559e-02 -4.807892e-02
vertex 8.622702e-03 3.475342e-02 -4.414394e-02
vertex 1.184565e-02 3.363378e-02 -4.364335e-02
endloop
endfacet
facet normal 0 0 0
outer loop
vertex -7.644000e-03 3.567042e-02 -4.461059e-02
vertex 7.272730e-03 3.966343e-02 -4.019003e-02
vertex 8.622702e-03 3.475342e-02 -4.414394e-02
endloop
endfacet
facet normal 0 0 0
outer loop
vertex 1.184565e-02 3.363378e-02 -4.364335e-02
vertex 2.066635e-02 3.387556e-02 -3.977067e-02
vertex 1.090145e-02 1.825559e-02 -4.807892e-02
endloop
endfacet
facet normal 0 0 0
outer loop
vertex 2.731518e-02 1.803235e-02 -4.094383e-02
vertex 1.090145e-02 1.825559e-02 -4.807892e-02
vertex 2.536280e-02 2.913478e-02 -3.902446e-02
endloop
endfacet
facet normal 0 0 0
outer loop
vertex 1.090145e-02 1.825559e-02 -4.807892e-02
vertex 2.066635e-02 3.387556e-02 -3.977067e-02
vertex 2.536280e-02 2.913478e-02 -3.902446e-02
endloop
endfacet
facet normal 0 0 0
outer loop
vertex -7.644000e-03 3.567042e-02 -4.461059e-02
vertex -5.667579e-03 4.616614e-02 -3.543761e-02
vertex 6.343254e-03 4.573409e-02 -3.474266e-02
endloop
endfacet
facet normal 0 0 0
outer loop
vertex -7.644000e-03 3.567042e-02 -4.461059e-02
vertex 6.343254e-03 4.573409e-02 -3.474266e-02
vertex 7.272730e-03 3.966343e-02 -4.019003e-02
endloop
endfacet
facet normal 0 0 0
outer loop
vertex 6.343254e-03 4.573409e-02 -3.474266e-02
vertex 1.022485e-02 4.345489e-02 -3.508926e-02
vertex 7.272730e-03 3.966343e-02 -4.019003e-02
endloop
endfacet
facet normal 0 0 0
outer loop
vertex 7.272730e-03 3.966343e-02 -4.019003e-02
vertex 1.022485e-02 4.345489e-02 -3.508926e-02
vertex 8.622702e-03 3.475342e-02 -4.414394e-02
endloop
endfacet
facet normal 0 0 0
outer loop
vertex 1.184565e-02 3.363378e-02 -4.364335e-02
vertex 8.622702e-03 3.475342e-02 -4.414394e-02
vertex 1.742596e-02 3.944103e-02 -3.581820e-02
endloop
endfacet
facet normal 0 0 0
outer loop
vertex 1.742596e-02 3.944103e-02 -3.581820e-02
vertex 8.622702e-03 3.475342e-02 -4.414394e-02
vertex 1.022485e-02 4.345489e-02 -3.508926e-02
endloop
endfacet
facet normal 0 0 0
outer loop
vertex 1.022485e-02 4.345489e-02 -3.508926e-02
vertex 1.388600e-02 4.224975e-02 -3.437252e-02
vertex 1.742596e-02 3.944103e-02 -3.581820e-02
endloop
endfacet
facet normal 0 0 0
outer loop
vertex 1.022485e-02 4.345489e-02 -3.508926e-02
vertex 6.343254e-03 4.573409e-02 -3.474266e-02
vertex 1.165694e-02 4.608124e-02 -3.119713e-02
endloop
endfacet
facet normal 0 0 0
outer loop
vertex 1.022485e-02 4.345489e-02 -3.508926e-02
vertex 1.165694e-02 4.608124e-02 -3.119713e-02
vertex 1.388600e-02 4.224975e-02 -3.437252e-02
endloop
endfacet
facet normal 0 0 0
outer loop
vertex 1.388600e-02 4.224975e-02 -3.437252e-02
vertex 1.165694e-02 4.608124e-02 -3.119713e-02
vertex 1.742596e-02 3.944103e-02 -3.581820e-02
endloop
endfacet
facet normal 0 0 0
outer loop
vertex 1.184565e-02 3.363378e-02 -4.364335e-02
vertex 1.742596e-02 3.944103e-02 -3.581820e-02
vertex 2.066635e-02 3.387556e-02 -3.977067e-02
endloop
endfacet
facet normal 0 0 0
outer loop
vertex 1.742596e-02 3.944103e-02 -3.581820e-02
vertex 2.270838e-02 3.849629e-02 -3.432475e-02
vertex 2.066635e-02 3.387556e-02 -3.977067e-02
endloop
endfacet
facet normal 0 0 0
outer loop
vertex 1.742596e-02 3.944103e-02 -3.581820e-02
vertex 1.898700e-02 4.560044e-02 -2.862041e-02
vertex 2.141582e-02 4.162707e-02 -3.131310e-02
endloop
endfacet
facet normal 0 0 0
outer loop
vertex 1.742596e-02 3.944103e-02 -3.581820e-02
vertex 1.165694e-02 4.608124e-02 -3.119713e-02
vertex 1.898700e-02 4.560044e-02 -2.862041e-02
endloop
endfacet
facet normal 0 0 0
outer loop
vertex 2.270838e-02 3.849629e-02 -3.432475e-02
vertex 1.742596e-02 3.944103e-02 -3.581820e-02
vertex 2.141582e-02 4.162707e-02 -3.131310e-02
endloop
endfacet
facet normal 0 0 0
outer loop
vertex 1.898700e-02 4.560044e-02 -2.862041e-02
vertex 2.340114e-02 4.300985e-02 -2.815291e-02
vertex 2.141582e-02 4.162707e-02 -3.131310e-02
endloop
endfacet
facet normal 0 0 0
outer loop
vertex 4.647915e-03 4.277168e-02 -4.748815e-03
vertex -4.000750e-04 4.399146e-02 -7.490940e-03
vertex 1.175174e-03 4.150501e-02 -4.614674e-03
endloop
endfacet
facet normal 0 0 0
outer loop
vertex -3.306328e-04 4.678832e-02 -1.408307e-02
vertex -4.000750e-04 4.399146e-02 -7.490940e-03
vertex 3.876259e-03 4.433201e-02 -8.650130e-03
endloop
endfacet
facet normal 0 0 0
outer loop
vertex -4.000750e-04 4.399146e-02 -7.490940e-03
vertex 4.647915e-03 4.277168e-02 -4.748815e-03
vertex 3.876259e-03 4.433201e-02 -8.650130e-03
endloop
endfacet
facet normal 0 0 0
outer loop
vertex -3.306328e-04 4.678832e-02 -1.408307e-02
vertex 3.876259e-03 4.433201e-02 -8.650130e-03
vertex 6.267695e-03 4.523834e-02 -1.011183e-02
endloop
endfacet
facet normal 0 0 0
outer loop
vertex 3.876259e-03 4.433201e-02 -8.650130e-03
vertex 4.647915e-03 4.277168e-02 -4.748815e-03
vertex 9.894940e-03 4.482002e-02 -4.094965e-03
endloop
endfacet
facet normal 0 0 0
outer loop
vertex 1.175174e-03 4.150501e-02 -4.614674e-03
vertex 8.620252e-04 4.154934e-02 -1.249843e-03
vertex 4.358958e-03 4.150075e-02 -2.309697e-03
endloop
endfacet
facet normal 0 0 0
outer loop
vertex 1.175174e-03 4.150501e-02 -4.614674e-03
vertex 4.358958e-03 4.150075e-02 -2.309697e-03
vertex 4.647915e-03 4.277168e-02 -4.748815e-03
endloop
endfacet
facet normal 0 0 0
outer loop
vertex 8.620252e-04 4.154934e-02 -1.249843e-03
vertex 3.648023e-03 4.190231e-02 2.139056e-03
vertex 4.358958e-03 4.150075e-02 -2.309697e-03
endloop
endfacet
facet normal 0 0 0
outer loop
vertex 3.876259e-03 4.433201e-02 -8.650130e-03
vertex 9.894940e-03 4.482002e-02 -4.094965e-03
vertex 6.267695e-03 4.523834e-02 -1.011183e-02
endloop
endfacet
facet normal 0 0 0
outer loop
vertex 4.358958e-03 4.150075e-02 -2.309697e-03
vertex 8.318290e-03 4.496627e-02 4.848287e-03
vertex 4.647915e-03 4.277168e-02 -4.748815e-03
endloop
endfacet
facet normal 0 0 0
outer loop
vertex 2.678161e-02 2.914813e-03 -3.849659e-02
vertex 2.731518e-02 1.803235e-02 -4.094383e-02
vertex 3.735287e-02 -7.148372e-03 -2.525352e-02
endloop
endfacet
facet normal 0 0 0
outer loop
vertex 2.731518e-02 1.803235e-02 -4.094383e-02
vertex 3.450005e-02 1.709014e-02 -3.482544e-02
vertex 3.735287e-02 -7.148372e-03 -2.525352e-02
endloop
endfacet
facet normal 0 0 0
outer loop
vertex 2.731518e-02 1.803235e-02 -4.094383e-02
vertex 2.800142e-02 2.103292e-02 -3.858445e-02
vertex 3.450005e-02 1.709014e-02 -3.482544e-02
endloop
endfacet
facet normal 0 0 0
outer loop
vertex 2.731518e-02 1.803235e-02 -4.094383e-02
vertex 2.536280e-02 2.913478e-02 -3.902446e-02
vertex 2.800142e-02 2.103292e-02 -3.858445e-02
endloop
endfacet
facet normal 0 0 0
outer loop
vertex 3.735287e-02 -7.148372e-03 -2.525352e-02
vertex 3.450005e-02 1.709014e-02 -3.482544e-02
vertex 4.027638e-02 9.992911e-03 -2.776917e-02
endloop
endfacet
facet normal 0 0 0
outer loop
vertex 4.027638e-02 9.992911e-03 -2.776917e-02
vertex 3.450005e-02 1.709014e-02 -3.482544e-02
vertex 4.234432e-02 1.782732e-02 -2.824373e-02
endloop
endfacet
facet normal 0 0 0
outer loop
vertex 3.735287e-02 -7.148372e-03 -2.525352e-02
vertex 4.027638e-02 9.992911e-03 -2.776917e-02
vertex 3.883042e-02 2.426550e-03 -2.659399e-02
endloop
endfacet
facet normal 0 0 0
outer loop
vertex 4.027638e-02 9.992911e-03 -2.776917e-02
vertex 4.234432e-02 1.782732e-02 -2.824373e-02
vertex 4.173695e-02 1.429470e-02 -2.594475e-02
endloop
endfacet
facet normal 0 0 0
outer loop
vertex 3.450005e-02 1.709014e-02 -3.482544e-02
vertex 2.800142e-02 2.103292e-02 -3.858445e-02
vertex 3.681592e-02 2.079219e-02 -3.120417e-02
endloop
endfacet
facet normal 0 0 0
outer loop
vertex 3.681592e-02 2.079219e-02 -3.120417e-02
vertex 2.800142e-02 2.103292e-02 -3.858445e-02
vertex 3.462855e-02 2.485930e-02 -3.210799e-02
endloop
endfacet
facet normal 0 0 0
outer loop
vertex 2.800142e-02 2.103292e-02 -3.858445e-02
vertex 3.158554e-02 2.839424e-02 -3.372167e-02
vertex 3.462855e-02 2.485930e-02 -3.210799e-02
endloop
endfacet
facet normal 0 0 0
outer loop
vertex 3.450005e-02 1.709014e-02 -3.482544e-02
vertex 4.119464e-02 2.036542e-02 -2.804320e-02
vertex 4.234432e-02 1.782732e-02 -2.824373e-02
endloop
endfacet
facet normal 0 0 0
outer loop
vertex 3.450005e-02 1.709014e-02 -3.482544e-02
vertex 3.681592e-02 2.079219e-02 -3.120417e-02
vertex 4.119464e-02 2.036542e-02 -2.804320e-02
endloop
endfacet
facet normal 0 0 0
outer loop
vertex 3.681592e-02 2.079219e-02 -3.120417e-02
vertex 3.462855e-02 2.485930e-02 -3.210799e-02
vertex 3.770873e-02 2.522749e-02 -2.892458e-02
endloop
endfacet
facet normal 0 0 0
outer loop
vertex 3.681592e-02 2.079219e-02 -3.120417e-02
vertex 3.770873e-02 2.522749e-02 -2.892458e-02
vertex 4.119464e-02 2.036542e-02 -2.804320e-02
endloop
endfacet
facet normal 0 0 0
outer loop
vertex 4.119464e-02 2.036542e-02 -2.804320e-02
vertex 3.770873e-02 2.522749e-02 -2.892458e-02
vertex 4.025356e-02 2.669689e-02 -2.708977e-02
endloop
endfacet
facet normal 0 0 0
outer loop
vertex 2.066635e-02 3.387556e-02 -3.977067e-02
vertex 2.479005e-02 3.534722e-02 -3.758082e-02
vertex 2.536280e-02 2.913478e-02 -3.902446e-02
endloop
endfacet
facet normal 0 0 0
outer loop
vertex 2.800142e-02 2.103292e-02 -3.858445e-02
vertex 2.536280e-02 2.913478e-02 -3.902446e-02
vertex 2.682441e-02 2.985745e-02 -3.680891e-02
endloop
endfacet
facet normal 0 0 0
outer loop
vertex 2.682441e-02 2.985745e-02 -3.680891e-02
vertex 3.158554e-02 2.839424e-02 -3.372167e-02
vertex 2.800142e-02 2.103292e-02 -3.858445e-02
endloop
endfacet
facet normal 0 0 0
outer loop
vertex 3.158554e-02 2.839424e-02 -3.372167e-02
vertex 2.682441e-02 2.985745e-02 -3.680891e-02
vertex 2.943623e-02 3.050559e-02 -3.494019e-02
endloop
endfacet
facet normal 0 0 0
outer loop
vertex 2.536280e-02 2.913478e-02 -3.902446e-02
vertex 2.729182e-02 3.429817e-02 -3.588853e-02
vertex 2.682441e-02 2.985745e-02 -3.680891e-02
endloop
endfacet
facet normal 0 0 0
outer loop
vertex 2.536280e-02 2.913478e-02 -3.902446e-02
vertex 2.479005e-02 3.534722e-02 -3.758082e-02
vertex 2.729182e-02 3.429817e-02 -3.588853e-02
endloop
endfacet
facet normal 0 0 0
outer loop
vertex 2.729182e-02 3.429817e-02 -3.588853e-02
vertex 3.067434e-02 3.482195e-02 -3.276650e-02
vertex 2.943623e-02 3.050559e-02 -3.494019e-02
endloop
endfacet
facet normal 0 0 0
outer loop
vertex 2.682441e-02 2.985745e-02 -3.680891e-02
vertex 2.729182e-02 3.429817e-02 -3.588853e-02
vertex 2.943623e-02 3.050559e-02 -3.494019e-02
endloop
endfacet
facet normal 0 0 0
outer loop
vertex 2.066635e-02 3.387556e-02 -3.977067e-02
vertex 2.270838e-02 3.849629e-02 -3.432475e-02
vertex 2.479005e-02 3.534722e-02 -3.758082e-02
endloop
endfacet
facet normal 0 0 0
outer loop
vertex 2.479005e-02 3.534722e-02 -3.758082e-02
vertex 2.270838e-02 3.849629e-02 -3.432475e-02
vertex 2.729182e-02 3.429817e-02 -3.588853e-02
endloop
endfacet
facet normal 0 0 0
outer loop
vertex 2.729182e-02 3.429817e-02 -3.588853e-02
vertex 3.138519e-02 3.723595e-02 -2.862413e-02
vertex 3.067434e-02 3.482195e-02 -3.276650e-02
endloop
endfacet
facet normal 0 0 0
outer loop
vertex 2.729182e-02 3.429817e-02 -3.588853e-02
vertex 2.270838e-02 3.849629e-02 -3.432475e-02
vertex 3.138519e-02 3.723595e-02 -2.862413e-02
endloop
endfacet
facet normal 0 0 0
outer loop
vertex 2.270838e-02 3.849629e-02 -3.432475e-02
vertex 2.141582e-02 4.162707e-02 -3.131310e-02
vertex 3.138519e-02 3.723595e-02 -2.862413e-02
endloop
endfacet
facet normal 0 0 0
outer loop
vertex 2.141582e-02 4.162707e-02 -3.131310e-02
vertex 2.340114e-02 4.300985e-02 -2.815291e-02
vertex 3.138519e-02 3.723595e-02 -2.862413e-02
endloop
endfacet
facet normal 0 0 0
outer loop
vertex 1.898700e-02 4.560044e-02 -2.862041e-02
vertex 2.587030e-02 4.507679e-02 -2.348770e-02
vertex 2.340114e-02 4.300985e-02 -2.815291e-02
endloop
endfacet
facet normal 0 0 0
outer loop
vertex 2.340114e-02 4.300985e-02 -2.815291e-02
vertex 2.987937e-02 3.998677e-02 -2.718040e-02
vertex 3.138519e-02 3.723595e-02 -2.862413e-02
endloop
endfacet
facet normal 0 0 0
outer loop
vertex 2.987937e-02 3.998677e-02 -2.718040e-02
vertex 2.340114e-02 4.300985e-02 -2.815291e-02
vertex 3.238916e-02 3.944867e-02 -2.501664e-02
endloop
endfacet
facet normal 0 0 0
outer loop
vertex 2.340114e-02 4.300985e-02 -2.815291e-02
vertex 2.587030e-02 4.507679e-02 -2.348770e-02
vertex 2.961773e-02 4.588720e-02 -1.993833e-02
endloop
endfacet
facet normal 0 0 0
outer loop
vertex 2.340114e-02 4.300985e-02 -2.815291e-02
vertex 2.961773e-02 4.588720e-02 -1.993833e-02
vertex 3.153058e-02 4.305020e-02 -2.117786e-02
endloop
endfacet
facet normal 0 0 0
outer loop
vertex 3.238916e-02 3.944867e-02 -2.501664e-02
vertex 2.340114e-02 4.300985e-02 -2.815291e-02
vertex 3.153058e-02 4.305020e-02 -2.117786e-02
endloop
endfacet
facet normal 0 0 0
outer loop
vertex 2.943623e-02 3.050559e-02 -3.494019e-02
vertex 3.446649e-02 3.484324e-02 -2.912233e-02
vertex 3.158554e-02 2.839424e-02 -3.372167e-02
endloop
endfacet
facet normal 0 0 0
outer loop
vertex 2.943623e-02 3.050559e-02 -3.494019e-02
vertex 3.067434e-02 3.482195e-02 -3.276650e-02
vertex 3.446649e-02 3.484324e-02 -2.912233e-02
endloop
endfacet
facet normal 0 0 0
outer loop
vertex 3.158554e-02 2.839424e-02 -3.372167e-02
vertex 3.446649e-02 3.484324e-02 -2.912233e-02
vertex 3.462855e-02 2.485930e-02 -3.210799e-02
endloop
endfacet
facet normal 0 0 0
outer loop
vertex 3.462855e-02 2.485930e-02 -3.210799e-02
vertex 3.446649e-02 3.484324e-02 -2.912233e-02
vertex 3.770873e-02 2.522749e-02 -2.892458e-02
endloop
endfacet
facet normal 0 0 0
outer loop
vertex 3.770873e-02 2.522749e-02 -2.892458e-02
vertex 3.921987e-02 3.186085e-02 -2.583121e-02
vertex 4.025356e-02 2.669689e-02 -2.708977e-02
endloop
endfacet
facet normal 0 0 0
outer loop
vertex 3.770873e-02 2.522749e-02 -2.892458e-02
vertex 3.446649e-02 3.484324e-02 -2.912233e-02
vertex 3.921987e-02 3.186085e-02 -2.583121e-02
endloop
endfacet
facet normal 0 0 0
outer loop
vertex 3.446649e-02 3.484324e-02 -2.912233e-02
vertex 3.856212e-02 3.532859e-02 -2.597890e-02
vertex 3.921987e-02 3.186085e-02 -2.583121e-02
endloop
endfacet
facet normal 0 0 0
outer loop
vertex 3.921987e-02 3.186085e-02 -2.583121e-02
vertex 3.856212e-02 3.532859e-02 -2.597890e-02
vertex 4.132883e-02 3.179391e-02 -2.096380e-02
endloop
endfacet
facet normal 0 0 0
outer loop
vertex 4.132883e-02 3.179391e-02 -2.096380e-02
vertex 3.856212e-02 3.532859e-02 -2.597890e-02
vertex 4.244959e-02 3.504396e-02 -1.610513e-02
endloop
endfacet
facet normal 0 0 0
outer loop
vertex 3.446649e-02 3.484324e-02 -2.912233e-02
vertex 3.067434e-02 3.482195e-02 -3.276650e-02
vertex 3.138519e-02 3.723595e-02 -2.862413e-02
endloop
endfacet
facet normal 0 0 0
outer loop
vertex 3.138519e-02 3.723595e-02 -2.862413e-02
vertex 2.987937e-02 3.998677e-02 -2.718040e-02
vertex 3.238916e-02 3.944867e-02 -2.501664e-02
endloop
endfacet
facet normal 0 0 0
outer loop
vertex 3.138519e-02 3.723595e-02 -2.862413e-02
vertex 3.590488e-02 3.827762e-02 -2.448514e-02
vertex 3.856212e-02 3.532859e-02 -2.597890e-02
endloop
endfacet
facet normal 0 0 0
outer loop
vertex 3.138519e-02 3.723595e-02 -2.862413e-02
vertex 3.856212e-02 3.532859e-02 -2.597890e-02
vertex 3.446649e-02 3.484324e-02 -2.912233e-02
endloop
endfacet
facet normal 0 0 0
outer loop
vertex 3.138519e-02 3.723595e-02 -2.862413e-02
vertex 3.238916e-02 3.944867e-02 -2.501664e-02
vertex 3.590488e-02 3.827762e-02 -2.448514e-02
endloop
endfacet
facet normal 0 0 0
outer loop
vertex 3.238916e-02 3.944867e-02 -2.501664e-02
vertex 3.153058e-02 4.305020e-02 -2.117786e-02
vertex 3.590488e-02 3.827762e-02 -2.448514e-02
endloop
endfacet
facet normal 0 0 0
outer loop
vertex 3.590488e-02 3.827762e-02 -2.448514e-02
vertex 3.153058e-02 4.305020e-02 -2.117786e-02
vertex 3.313708e-02 4.328824e-02 -1.711041e-02
endloop
endfacet
facet normal 0 0 0
outer loop
vertex 2.961773e-02 4.588720e-02 -1.993833e-02
vertex 3.313708e-02 4.328824e-02 -1.711041e-02
vertex 3.153058e-02 4.305020e-02 -2.117786e-02
endloop
endfacet
facet normal 0 0 0
outer loop
vertex 2.961773e-02 4.588720e-02 -1.993833e-02
vertex 3.191445e-02 4.528364e-02 -1.547933e-02
vertex 3.313708e-02 4.328824e-02 -1.711041e-02
endloop
endfacet
facet normal 0 0 0
outer loop
vertex 3.730065e-02 4.039820e-02 -1.489829e-02
vertex 3.313708e-02 4.328824e-02 -1.711041e-02
vertex 3.912163e-02 3.982503e-02 -1.034382e-02
endloop
endfacet
facet normal 0 0 0
outer loop
vertex 3.912163e-02 3.982503e-02 -1.034382e-02
vertex 3.191445e-02 4.528364e-02 -1.547933e-02
vertex 3.817404e-02 4.267427e-02 -6.496049e-03
endloop
endfacet
facet normal 0 0 0
outer loop
vertex 3.313708e-02 4.328824e-02 -1.711041e-02
vertex 3.191445e-02 4.528364e-02 -1.547933e-02
vertex 3.912163e-02 3.982503e-02 -1.034382e-02
endloop
endfacet
facet normal 0 0 0
outer loop
vertex 3.817404e-02 4.267427e-02 -6.496049e-03
vertex 3.191445e-02 4.528364e-02 -1.547933e-02
vertex 3.529477e-02 4.604632e-02 -6.896781e-03
endloop
endfacet
facet normal 0 0 0
outer loop
vertex 3.590488e-02 3.827762e-02 -2.448514e-02
vertex 3.730065e-02 4.039820e-02 -1.489829e-02
vertex 3.856212e-02 3.532859e-02 -2.597890e-02
endloop
endfacet
facet normal 0 0 0
outer loop
vertex 3.730065e-02 4.039820e-02 -1.489829e-02
vertex 4.244959e-02 3.504396e-02 -1.610513e-02
vertex 3.856212e-02 3.532859e-02 -2.597890e-02
endloop
endfacet
facet normal 0 0 0
outer loop
vertex 4.244959e-02 3.504396e-02 -1.610513e-02
vertex 3.730065e-02 4.039820e-02 -1.489829e-02
vertex 4.108130e-02 3.795578e-02 -1.227595e-02
endloop
endfacet
facet normal 0 0 0
outer loop
vertex 3.912163e-02 3.982503e-02 -1.034382e-02
vertex 4.108130e-02 3.795578e-02 -1.227595e-02
vertex 3.730065e-02 4.039820e-02 -1.489829e-02
endloop
endfacet
facet normal 0 0 0
outer loop
vertex 3.730065e-02 4.039820e-02 -1.489829e-02
vertex 3.590488e-02 3.827762e-02 -2.448514e-02
vertex 3.313708e-02 4.328824e-02 -1.711041e-02
endloop
endfacet
facet normal 0 0 0
outer loop
vertex 4.271913e-02 3.782335e-02 -7.667828e-03
vertex 3.912163e-02 3.982503e-02 -1.034382e-02
vertex 3.817404e-02 4.267427e-02 -6.496049e-03
endloop
endfacet
facet normal 0 0 0
outer loop
vertex 3.529477e-02 4.604632e-02 -6.896781e-03
vertex 3.709297e-02 4.256150e-02 1.235383e-03
vertex 3.817404e-02 4.267427e-02 -6.496049e-03
endloop
endfacet
facet normal 0 0 0
outer loop
vertex 3.709297e-02 4.256150e-02 1.235383e-03
vertex 3.945877e-02 4.137776e-02 -1.107324e-03
vertex 3.817404e-02 4.267427e-02 -6.496049e-03
endloop
endfacet
facet normal 0 0 0
outer loop
vertex -5.667579e-03 4.616614e-02 -3.543761e-02
vertex 3.217810e-03 4.750888e-02 -2.672368e-02
vertex 6.343254e-03 4.573409e-02 -3.474266e-02
endloop
endfacet
facet normal 0 0 0
outer loop
vertex 6.343254e-03 4.573409e-02 -3.474266e-02
vertex 6.642194e-03 4.671181e-02 -3.086307e-02
vertex 1.120892e-02 4.616181e-02 -2.832080e-02
endloop
endfacet
facet normal 0 0 0
outer loop
vertex 6.343254e-03 4.573409e-02 -3.474266e-02
vertex 1.120892e-02 4.616181e-02 -2.832080e-02
vertex 1.165694e-02 4.608124e-02 -3.119713e-02
endloop
endfacet
facet normal 0 0 0
outer loop
vertex 6.343254e-03 4.573409e-02 -3.474266e-02
vertex 3.217810e-03 4.750888e-02 -2.672368e-02
vertex 6.642194e-03 4.671181e-02 -3.086307e-02
endloop
endfacet
facet normal 0 0 0
outer loop
vertex 6.642194e-03 4.671181e-02 -3.086307e-02
vertex 3.217810e-03 4.750888e-02 -2.672368e-02
vertex 7.892346e-03 4.762171e-02 -2.534505e-02
endloop
endfacet
facet normal 0 0 0
outer loop
vertex -2.862938e-03 4.958035e-02 -2.149447e-02
vertex 3.574590e-03 4.852156e-02 -1.936835e-02
vertex 3.482130e-04 4.845028e-02 -2.628628e-02
endloop
endfacet
facet normal 0 0 0
outer loop
vertex 3.482130e-04 4.845028e-02 -2.628628e-02
vertex 8.501384e-03 4.862395e-02 -2.059558e-02
vertex 3.217810e-03 4.750888e-02 -2.672368e-02
endloop
endfacet
facet normal 0 0 0
outer loop
vertex 3.217810e-03 4.750888e-02 -2.672368e-02
vertex 8.501384e-03 4.862395e-02 -2.059558e-02
vertex 7.892346e-03 4.762171e-02 -2.534505e-02
endloop
endfacet
facet normal 0 0 0
outer loop
vertex 3.482130e-04 4.845028e-02 -2.628628e-02
vertex 3.574590e-03 4.852156e-02 -1.936835e-02
vertex 8.501384e-03 4.862395e-02 -2.059558e-02
endloop
endfacet
facet normal 0 0 0
outer loop
vertex 6.642194e-03 4.671181e-02 -3.086307e-02
vertex 7.892346e-03 4.762171e-02 -2.534505e-02
vertex 1.120892e-02 4.616181e-02 -2.832080e-02
endloop
endfacet
facet normal 0 0 0
outer loop
vertex 1.120892e-02 4.616181e-02 -2.832080e-02
vertex 7.892346e-03 4.762171e-02 -2.534505e-02
vertex 1.537391e-02 4.784532e-02 -2.060793e-02
endloop
endfacet
facet normal 0 0 0
outer loop
vertex 1.165694e-02 4.608124e-02 -3.119713e-02
vertex 1.120892e-02 4.616181e-02 -2.832080e-02
vertex 1.898700e-02 4.560044e-02 -2.862041e-02
endloop
endfacet
facet normal 0 0 0
outer loop
vertex 1.120892e-02 4.616181e-02 -2.832080e-02
vertex 1.537391e-02 4.784532e-02 -2.060793e-02
vertex 1.777095e-02 4.631159e-02 -2.391347e-02
endloop
endfacet
facet normal 0 0 0
outer loop
vertex 1.120892e-02 4.616181e-02 -2.832080e-02
vertex 1.777095e-02 4.631159e-02 -2.391347e-02
vertex 1.898700e-02 4.560044e-02 -2.862041e-02
endloop
endfacet
facet normal 0 0 0
outer loop
vertex 7.892346e-03 4.762171e-02 -2.534505e-02
vertex 8.501384e-03 4.862395e-02 -2.059558e-02
vertex 1.537391e-02 4.784532e-02 -2.060793e-02
endloop
endfacet
facet normal 0 0 0
outer loop
vertex 1.777095e-02 4.631159e-02 -2.391347e-02
vertex 1.537391e-02 4.784532e-02 -2.060793e-02
vertex 2.376739e-02 4.661502e-02 -1.976880e-02
endloop
endfacet
facet normal 0 0 0
outer loop
vertex -2.535500e-04 4.789862e-02 -1.838834e-02
vertex 9.254674e-03 4.755202e-02 -1.612105e-02
vertex 3.574590e-03 4.852156e-02 -1.936835e-02
endloop
endfacet
facet normal 0 0 0
outer loop
vertex -2.535500e-04 4.789862e-02 -1.838834e-02
vertex 3.383323e-03 4.653615e-02 -1.390358e-02
vertex 9.254674e-03 4.755202e-02 -1.612105e-02
endloop
endfacet
facet normal 0 0 0
outer loop
vertex -3.306328e-04 4.678832e-02 -1.408307e-02
vertex 6.267695e-03 4.523834e-02 -1.011183e-02
vertex 3.383323e-03 4.653615e-02 -1.390358e-02
endloop
endfacet
facet normal 0 0 0
outer loop
vertex 8.501384e-03 4.862395e-02 -2.059558e-02
vertex 3.574590e-03 4.852156e-02 -1.936835e-02
vertex 9.254674e-03 4.755202e-02 -1.612105e-02
endloop
endfacet
facet normal 0 0 0
outer loop
vertex 3.383323e-03 4.653615e-02 -1.390358e-02
vertex 6.267695e-03 4.523834e-02 -1.011183e-02
vertex 1.041162e-02 4.660656e-02 -9.326473e-03
endloop
endfacet
facet normal 0 0 0
outer loop
vertex 9.254674e-03 4.755202e-02 -1.612105e-02
vertex 3.383323e-03 4.653615e-02 -1.390358e-02
vertex 1.041162e-02 4.660656e-02 -9.326473e-03
endloop
endfacet
facet normal 0 0 0
outer loop
vertex 8.620252e-04 4.154934e-02 -1.249843e-03
vertex 1.931223e-03 5.104656e-02 3.033564e-04
vertex 1.498827e-03 4.264887e-02 6.376961e-04
endloop
endfacet
facet normal 0 0 0
outer loop
vertex 8.620252e-04 4.154934e-02 -1.249843e-03
vertex 3.611330e-04 4.933305e-02 -9.741099e-04
vertex 1.931223e-03 5.104656e-02 3.033564e-04
endloop
endfacet
facet normal 0 0 0
outer loop
vertex 3.611330e-04 4.933305e-02 -9.741099e-04
vertex -5.596170e-05 5.618940e-02 -2.498693e-03
vertex 1.931223e-03 5.104656e-02 3.033564e-04
endloop
endfacet
facet normal 0 0 0
outer loop
vertex 1.931223e-03 5.104656e-02 3.033564e-04
vertex -5.596170e-05 5.618940e-02 -2.498693e-03
vertex -9.628768e-04 5.838299e-02 -4.963175e-04
endloop
endfacet
facet normal 0 0 0
outer loop
vertex 6.267695e-03 4.523834e-02 -1.011183e-02
vertex 9.894940e-03 4.482002e-02 -4.094965e-03
vertex 1.041162e-02 4.660656e-02 -9.326473e-03
endloop
endfacet
facet normal 0 0 0
outer loop
vertex 8.501384e-03 4.862395e-02 -2.059558e-02
vertex 9.254674e-03 4.755202e-02 -1.612105e-02
vertex 1.435712e-02 4.724963e-02 -1.435529e-02
endloop
endfacet
facet normal 0 0 0
outer loop
vertex 1.537391e-02 4.784532e-02 -2.060793e-02
vertex 8.501384e-03 4.862395e-02 -2.059558e-02
vertex 1.613384e-02 4.854342e-02 -1.555924e-02
endloop
endfacet
facet normal 0 0 0
outer loop
vertex 8.501384e-03 4.862395e-02 -2.059558e-02
vertex 1.435712e-02 4.724963e-02 -1.435529e-02
vertex 1.613384e-02 4.854342e-02 -1.555924e-02
endloop
endfacet
facet normal 0 0 0
outer loop
vertex 9.254674e-03 4.755202e-02 -1.612105e-02
vertex 1.041162e-02 4.660656e-02 -9.326473e-03
vertex 1.435712e-02 4.724963e-02 -1.435529e-02
endloop
endfacet
facet normal 0 0 0
outer loop
vertex 1.435712e-02 4.724963e-02 -1.435529e-02
vertex 1.041162e-02 4.660656e-02 -9.326473e-03
vertex 1.882019e-02 4.870740e-02 -1.064643e-02
endloop
endfacet
facet normal 0 0 0
outer loop
vertex 1.537391e-02 4.784532e-02 -2.060793e-02
vertex 1.613384e-02 4.854342e-02 -1.555924e-02
vertex 1.880419e-02 4.730876e-02 -1.694815e-02
endloop
endfacet
facet normal 0 0 0
outer loop
vertex 1.537391e-02 4.784532e-02 -2.060793e-02
vertex 1.880419e-02 4.730876e-02 -1.694815e-02
vertex 2.376739e-02 4.661502e-02 -1.976880e-02
endloop
endfacet
facet normal 0 0 0
outer loop
vertex 1.880419e-02 4.730876e-02 -1.694815e-02
vertex 1.613384e-02 4.854342e-02 -1.555924e-02
vertex 2.238507e-02 4.808830e-02 -1.366787e-02
endloop
endfacet
facet normal 0 0 0
outer loop
vertex 1.613384e-02 4.854342e-02 -1.555924e-02
vertex 1.435712e-02 4.724963e-02 -1.435529e-02
vertex 1.882019e-02 4.870740e-02 -1.064643e-02
endloop
endfacet
facet normal 0 0 0
outer loop
vertex 1.613384e-02 4.854342e-02 -1.555924e-02
vertex 1.882019e-02 4.870740e-02 -1.064643e-02
vertex 2.238507e-02 4.808830e-02 -1.366787e-02
endloop
endfacet
facet normal 0 0 0
outer loop
vertex 1.041162e-02 4.660656e-02 -9.326473e-03
vertex 9.894940e-03 4.482002e-02 -4.094965e-03
vertex 1.392922e-02 4.704974e-02 -4.234941e-03
endloop
endfacet
facet normal 0 0 0
outer loop
vertex 1.041162e-02 4.660656e-02 -9.326473e-03
vertex 1.747612e-02 4.774424e-02 -6.851051e-03
vertex 1.882019e-02 4.870740e-02 -1.064643e-02
endloop
endfacet
facet normal 0 0 0
outer loop
vertex 1.747612e-02 4.774424e-02 -6.851051e-03
vertex 1.041162e-02 4.660656e-02 -9.326473e-03
vertex 1.392922e-02 4.704974e-02 -4.234941e-03
endloop
endfacet
facet normal 0 0 0
outer loop
vertex 9.894940e-03 4.482002e-02 -4.094965e-03
vertex 1.483002e-02 4.735987e-02 2.678293e-03
vertex 1.392922e-02 4.704974e-02 -4.234941e-03
endloop
endfacet
facet normal 0 0 0
outer loop
vertex 1.882019e-02 4.870740e-02 -1.064643e-02
vertex 1.747612e-02 4.774424e-02 -6.851051e-03
vertex 2.189506e-02 4.893558e-02 -5.492220e-03
endloop
endfacet
facet normal 0 0 0
outer loop
vertex 1.747612e-02 4.774424e-02 -6.851051e-03
vertex 1.392922e-02 4.704974e-02 -4.234941e-03
vertex 2.166482e-02 4.797316e-02 -5.007197e-05
endloop
endfacet
facet normal 0 0 0
outer loop
vertex 1.392922e-02 4.704974e-02 -4.234941e-03
vertex 1.798096e-02 4.781917e-02 3.369252e-03
vertex 2.166482e-02 4.797316e-02 -5.007197e-05
endloop
endfacet
facet normal 0 0 0
outer loop
vertex 1.898700e-02 4.560044e-02 -2.862041e-02
vertex 1.777095e-02 4.631159e-02 -2.391347e-02
vertex 2.587030e-02 4.507679e-02 -2.348770e-02
endloop
endfacet
facet normal 0 0 0
outer loop
vertex 1.777095e-02 4.631159e-02 -2.391347e-02
vertex 2.376739e-02 4.661502e-02 -1.976880e-02
vertex 2.587030e-02 4.507679e-02 -2.348770e-02
endloop
endfacet
facet normal 0 0 0
outer loop
vertex 2.587030e-02 4.507679e-02 -2.348770e-02
vertex 2.376739e-02 4.661502e-02 -1.976880e-02
vertex 2.961773e-02 4.588720e-02 -1.993833e-02
endloop
endfacet
facet normal 0 0 0
outer loop
vertex 1.880419e-02 4.730876e-02 -1.694815e-02
vertex 2.522433e-02 4.690604e-02 -1.488161e-02
vertex 2.376739e-02 4.661502e-02 -1.976880e-02
endloop
endfacet
facet normal 0 0 0
outer loop
vertex 1.880419e-02 4.730876e-02 -1.694815e-02
vertex 2.238507e-02 4.808830e-02 -1.366787e-02
vertex 2.522433e-02 4.690604e-02 -1.488161e-02
endloop
endfacet
facet normal 0 0 0
outer loop
vertex 2.238507e-02 4.808830e-02 -1.366787e-02
vertex 1.882019e-02 4.870740e-02 -1.064643e-02
vertex 2.548497e-02 4.732627e-02 -7.620344e-03
endloop
endfacet
facet normal 0 0 0
outer loop
vertex 2.376739e-02 4.661502e-02 -1.976880e-02
vertex 2.522433e-02 4.690604e-02 -1.488161e-02
vertex 2.961773e-02 4.588720e-02 -1.993833e-02
endloop
endfacet
facet normal 0 0 0
outer loop
vertex 2.961773e-02 4.588720e-02 -1.993833e-02
vertex 2.522433e-02 4.690604e-02 -1.488161e-02
vertex 3.191445e-02 4.528364e-02 -1.547933e-02
endloop
endfacet
facet normal 0 0 0
outer loop
vertex 2.522433e-02 4.690604e-02 -1.488161e-02
vertex 3.529477e-02 4.604632e-02 -6.896781e-03
vertex 3.191445e-02 4.528364e-02 -1.547933e-02
endloop
endfacet
facet normal 0 0 0
outer loop
vertex 2.522433e-02 4.690604e-02 -1.488161e-02
vertex 2.238507e-02 4.808830e-02 -1.366787e-02
vertex 3.529477e-02 4.604632e-02 -6.896781e-03
endloop
endfacet
facet normal 0 0 0
outer loop
vertex 2.238507e-02 4.808830e-02 -1.366787e-02
vertex 3.313537e-02 4.644311e-02 -6.071431e-03
vertex 3.529477e-02 4.604632e-02 -6.896781e-03
endloop
endfacet
facet normal 0 0 0
outer loop
vertex 1.882019e-02 4.870740e-02 -1.064643e-02
vertex 2.189506e-02 4.893558e-02 -5.492220e-03
vertex 2.548497e-02 4.732627e-02 -7.620344e-03
endloop
endfacet
facet normal 0 0 0
outer loop
vertex 2.548497e-02 4.732627e-02 -7.620344e-03
vertex 2.189506e-02 4.893558e-02 -5.492220e-03
vertex 2.577187e-02 4.835023e-02 -3.840268e-03
endloop
endfacet
facet normal 0 0 0
outer loop
vertex 1.747612e-02 4.774424e-02 -6.851051e-03
vertex 2.166482e-02 4.797316e-02 -5.007197e-05
vertex 2.189506e-02 4.893558e-02 -5.492220e-03
endloop
endfacet
facet normal 0 0 0
outer loop
vertex 2.189506e-02 4.893558e-02 -5.492220e-03
vertex 2.166482e-02 4.797316e-02 -5.007197e-05
vertex 2.577187e-02 4.835023e-02 -3.840268e-03
endloop
endfacet
facet normal 0 0 0
outer loop
vertex 2.577187e-02 4.835023e-02 -3.840268e-03
vertex 2.504828e-02 4.821650e-02 5.053952e-03
vertex 2.623709e-02 4.731363e-02 1.923384e-03
endloop
endfacet
facet normal 0 0 0
outer loop
vertex 2.238507e-02 4.808830e-02 -1.366787e-02
vertex 2.548497e-02 4.732627e-02 -7.620344e-03
vertex 3.313537e-02 4.644311e-02 -6.071431e-03
endloop
endfacet
facet normal 0 0 0
outer loop
vertex 2.548497e-02 4.732627e-02 -7.620344e-03
vertex 2.577187e-02 4.835023e-02 -3.840268e-03
vertex 3.313537e-02 4.644311e-02 -6.071431e-03
endloop
endfacet
facet normal 0 0 0
outer loop
vertex 2.577187e-02 4.835023e-02 -3.840268e-03
vertex 2.623709e-02 4.731363e-02 1.923384e-03
vertex 3.212918e-02 4.647297e-02 5.705051e-03
endloop
endfacet
facet normal 0 0 0
outer loop
vertex 3.313537e-02 4.644311e-02 -6.071431e-03
vertex 2.577187e-02 4.835023e-02 -3.840268e-03
vertex 3.522155e-02 4.589006e-02 6.346031e-03
endloop
endfacet
facet normal 0 0 0
outer loop
vertex 3.313537e-02 4.644311e-02 -6.071431e-03
vertex 3.522155e-02 4.589006e-02 6.346031e-03
vertex 3.529477e-02 4.604632e-02 -6.896781e-03
endloop
endfacet
facet normal 0 0 0
outer loop
vertex 3.883042e-02 2.426550e-03 -2.659399e-02
vertex 4.027638e-02 9.992911e-03 -2.776917e-02
vertex 4.173695e-02 1.429470e-02 -2.594475e-02
endloop
endfacet
facet normal 0 0 0
outer loop
vertex 3.883042e-02 2.426550e-03 -2.659399e-02
vertex 4.173695e-02 1.429470e-02 -2.594475e-02
vertex 4.263250e-02 9.475851e-03 -2.113550e-02
endloop
endfacet
facet normal 0 0 0
outer loop
vertex 4.173695e-02 1.429470e-02 -2.594475e-02
vertex 4.317651e-02 1.549719e-02 -2.363622e-02
vertex 4.263250e-02 9.475851e-03 -2.113550e-02
endloop
endfacet
facet normal 0 0 0
outer loop
vertex 4.173695e-02 1.429470e-02 -2.594475e-02
vertex 4.234432e-02 1.782732e-02 -2.824373e-02
vertex 4.421616e-02 1.846263e-02 -2.324047e-02
endloop
endfacet
facet normal 0 0 0
outer loop
vertex 4.173695e-02 1.429470e-02 -2.594475e-02
vertex 4.421616e-02 1.846263e-02 -2.324047e-02
vertex 4.317651e-02 1.549719e-02 -2.363622e-02
endloop
endfacet
facet normal 0 0 0
outer loop
vertex 4.234432e-02 1.782732e-02 -2.824373e-02
vertex 4.119464e-02 2.036542e-02 -2.804320e-02
vertex 4.421616e-02 1.846263e-02 -2.324047e-02
endloop
endfacet
facet normal 0 0 0
outer loop
vertex 4.317651e-02 1.549719e-02 -2.363622e-02
vertex 4.421616e-02 1.846263e-02 -2.324047e-02
vertex 4.586258e-02 1.847871e-02 -1.795296e-02
endloop
endfacet
facet normal 0 0 0
outer loop
vertex 4.421616e-02 1.846263e-02 -2.324047e-02
vertex 4.119464e-02 2.036542e-02 -2.804320e-02
vertex 4.586258e-02 1.847871e-02 -1.795296e-02
endloop
endfacet
facet normal 0 0 0
outer loop
vertex 4.119464e-02 2.036542e-02 -2.804320e-02
vertex 4.427265e-02 2.670752e-02 -1.690640e-02
vertex 4.586258e-02 1.847871e-02 -1.795296e-02
endloop
endfacet
facet normal 0 0 0
outer loop
vertex 4.347391e-02 2.901513e-03 -1.542296e-02
vertex 4.263250e-02 9.475851e-03 -2.113550e-02
vertex 4.617526e-02 4.428964e-03 -9.185079e-03
endloop
endfacet
facet normal 0 0 0
outer loop
vertex 4.263250e-02 9.475851e-03 -2.113550e-02
vertex 4.317651e-02 1.549719e-02 -2.363622e-02
vertex 4.586258e-02 1.847871e-02 -1.795296e-02
endloop
endfacet
facet normal 0 0 0
outer loop
vertex 4.263250e-02 9.475851e-03 -2.113550e-02
vertex 4.952487e-02 1.724888e-02 -8.176160e-03
vertex 4.617526e-02 4.428964e-03 -9.185079e-03
endloop
endfacet
facet normal 0 0 0
outer loop
vertex 4.263250e-02 9.475851e-03 -2.113550e-02
vertex 4.586258e-02 1.847871e-02 -1.795296e-02
vertex 4.952487e-02 1.724888e-02 -8.176160e-03
endloop
endfacet
facet normal 0 0 0
outer loop
vertex 4.617526e-02 4.428964e-03 -9.185079e-03
vertex 4.793047e-02 1.163144e-02 -6.799321e-03
vertex 4.442013e-02 -5.381973e-03 -7.237300e-03
endloop
endfacet
facet normal 0 0 0
outer loop
vertex 4.793047e-02 1.163144e-02 -6.799321e-03
vertex 4.777109e-02 9.299394e-03 -2.541772e-03
vertex 4.668104e-02 4.904127e-03 9.027380e-04
endloop
endfacet
facet normal 0 0 0
outer loop
vertex 4.617526e-02 4.428964e-03 -9.185079e-03
vertex 4.952487e-02 1.724888e-02 -8.176160e-03
vertex 4.793047e-02 1.163144e-02 -6.799321e-03
endloop
endfacet
facet normal 0 0 0
outer loop
vertex 4.793047e-02 1.163144e-02 -6.799321e-03
vertex 4.832037e-02 1.425856e-02 -1.498191e-03
vertex 4.777109e-02 9.299394e-03 -2.541772e-03
endloop
endfacet
facet normal 0 0 0
outer loop
vertex 4.586258e-02 1.847871e-02 -1.795296e-02
vertex 4.427265e-02 2.670752e-02 -1.690640e-02
vertex 4.540744e-02 2.574972e-02 -1.452944e-02
endloop
endfacet
facet normal 0 0 0
outer loop
vertex 4.586258e-02 1.847871e-02 -1.795296e-02
vertex 4.791757e-02 1.908956e-02 -1.349925e-02
vertex 4.952487e-02 1.724888e-02 -8.176160e-03
endloop
endfacet
facet normal 0 0 0
outer loop
vertex 4.952487e-02 1.724888e-02 -8.176160e-03
vertex 4.791757e-02 1.908956e-02 -1.349925e-02
vertex 4.904426e-02 2.095390e-02 -9.518860e-03
endloop
endfacet
facet normal 0 0 0
outer loop
vertex 4.586258e-02 1.847871e-02 -1.795296e-02
vertex 4.702015e-02 2.209293e-02 -1.329311e-02
vertex 4.791757e-02 1.908956e-02 -1.349925e-02
endloop
endfacet
facet normal 0 0 0
outer loop
vertex 4.586258e-02 1.847871e-02 -1.795296e-02
vertex 4.540744e-02 2.574972e-02 -1.452944e-02
vertex 4.702015e-02 2.209293e-02 -1.329311e-02
endloop
endfacet
facet normal 0 0 0
outer loop
vertex 4.791757e-02 1.908956e-02 -1.349925e-02
vertex 4.702015e-02 2.209293e-02 -1.329311e-02
vertex 4.904426e-02 2.095390e-02 -9.518860e-03
endloop
endfacet
facet normal 0 0 0
outer loop
vertex 4.702015e-02 2.209293e-02 -1.329311e-02
vertex 4.737150e-02 2.626491e-02 -8.688541e-03
vertex 4.904426e-02 2.095390e-02 -9.518860e-03
endloop
endfacet
facet normal 0 0 0
outer loop
vertex 4.952487e-02 1.724888e-02 -8.176160e-03
vertex 4.904426e-02 2.095390e-02 -9.518860e-03
vertex 4.867074e-02 2.052031e-02 -6.272337e-03
endloop
endfacet
facet normal 0 0 0
outer loop
vertex 4.793047e-02 1.163144e-02 -6.799321e-03
vertex 4.952487e-02 1.724888e-02 -8.176160e-03
vertex 4.832037e-02 1.425856e-02 -1.498191e-03
endloop
endfacet
facet normal 0 0 0
outer loop
vertex 4.867074e-02 2.052031e-02 -6.272337e-03
vertex 4.672107e-02 2.746508e-02 -4.489585e-03
vertex 4.818057e-02 2.422117e-02 4.004826e-03
endloop
endfacet
facet normal 0 0 0
outer loop
vertex 4.867074e-02 2.052031e-02 -6.272337e-03
vertex 4.818057e-02 2.422117e-02 4.004826e-03
vertex 4.920907e-02 2.005735e-02 6.612789e-03
endloop
endfacet
facet normal 0 0 0
outer loop
vertex 4.119464e-02 2.036542e-02 -2.804320e-02
vertex 4.025356e-02 2.669689e-02 -2.708977e-02
vertex 4.132883e-02 3.179391e-02 -2.096380e-02
endloop
endfacet
facet normal 0 0 0
outer loop
vertex 4.119464e-02 2.036542e-02 -2.804320e-02
vertex 4.132883e-02 3.179391e-02 -2.096380e-02
vertex 4.427265e-02 2.670752e-02 -1.690640e-02
endloop
endfacet
facet normal 0 0 0
outer loop
vertex 4.025356e-02 2.669689e-02 -2.708977e-02
vertex 3.921987e-02 3.186085e-02 -2.583121e-02
vertex 4.132883e-02 3.179391e-02 -2.096380e-02
endloop
endfacet
facet normal 0 0 0
outer loop
vertex 4.132883e-02 3.179391e-02 -2.096380e-02
vertex 4.326535e-02 2.917218e-02 -1.836899e-02
vertex 4.427265e-02 2.670752e-02 -1.690640e-02
endloop
endfacet
facet normal 0 0 0
outer loop
vertex 4.427265e-02 2.670752e-02 -1.690640e-02
vertex 4.326535e-02 2.917218e-02 -1.836899e-02
vertex 4.540744e-02 2.574972e-02 -1.452944e-02
endloop
endfacet
facet normal 0 0 0
outer loop
vertex 4.326535e-02 2.917218e-02 -1.836899e-02
vertex 4.132883e-02 3.179391e-02 -2.096380e-02
vertex 4.540744e-02 2.574972e-02 -1.452944e-02
endloop
endfacet
facet normal 0 0 0
outer loop
vertex 4.132883e-02 3.179391e-02 -2.096380e-02
vertex 4.573670e-02 3.299418e-02 -8.382215e-03
vertex 4.540744e-02 2.574972e-02 -1.452944e-02
endloop
endfacet
facet normal 0 0 0
outer loop
vertex 4.132883e-02 3.179391e-02 -2.096380e-02
vertex 4.244959e-02 3.504396e-02 -1.610513e-02
vertex 4.573670e-02 3.299418e-02 -8.382215e-03
endloop
endfacet
facet normal 0 0 0
outer loop
vertex 4.573670e-02 3.299418e-02 -8.382215e-03
vertex 4.244959e-02 3.504396e-02 -1.610513e-02
vertex 4.510635e-02 3.617066e-02 -9.197644e-03
endloop
endfacet
facet normal 0 0 0
outer loop
vertex 4.540744e-02 2.574972e-02 -1.452944e-02
vertex 4.737150e-02 2.626491e-02 -8.688541e-03
vertex 4.702015e-02 2.209293e-02 -1.329311e-02
endloop
endfacet
facet normal 0 0 0
outer loop
vertex 4.540744e-02 2.574972e-02 -1.452944e-02
vertex 4.573670e-02 3.299418e-02 -8.382215e-03
vertex 4.737150e-02 2.626491e-02 -8.688541e-03
endloop
endfacet
facet normal 0 0 0
outer loop
vertex 4.573670e-02 3.299418e-02 -8.382215e-03
vertex 4.510635e-02 3.617066e-02 -9.197644e-03
vertex 4.510412e-02 3.589110e-02 -2.866266e-03
endloop
endfacet
facet normal 0 0 0
outer loop
vertex 4.573670e-02 3.299418e-02 -8.382215e-03
vertex 4.510412e-02 3.589110e-02 -2.866266e-03
vertex 4.646720e-02 3.095765e-02 -2.625284e-03
endloop
endfacet
facet normal 0 0 0
outer loop
vertex 4.646720e-02 3.095765e-02 -2.625284e-03
vertex 4.510412e-02 3.589110e-02 -2.866266e-03
vertex 4.532819e-02 3.250441e-02 1.359607e-04
endloop
endfacet
facet normal 0 0 0
outer loop
vertex 4.532819e-02 3.250441e-02 1.359607e-04
vertex 4.510412e-02 3.589110e-02 -2.866266e-03
vertex 4.427438e-02 3.572933e-02 5.580565e-03
endloop
endfacet
facet normal 0 0 0
outer loop
vertex 4.904426e-02 2.095390e-02 -9.518860e-03
vertex 4.672107e-02 2.746508e-02 -4.489585e-03
vertex 4.867074e-02 2.052031e-02 -6.272337e-03
endloop
endfacet
facet normal 0 0 0
outer loop
vertex 4.904426e-02 2.095390e-02 -9.518860e-03
vertex 4.737150e-02 2.626491e-02 -8.688541e-03
vertex 4.672107e-02 2.746508e-02 -4.489585e-03
endloop
endfacet
facet normal 0 0 0
outer loop
vertex 4.818057e-02 2.422117e-02 4.004826e-03
vertex 4.672107e-02 2.746508e-02 -4.489585e-03
vertex 4.760039e-02 2.710892e-02 1.523361e-03
endloop
endfacet
facet normal 0 0 0
outer loop
vertex 4.672107e-02 2.746508e-02 -4.489585e-03
vertex 4.646720e-02 3.095765e-02 -2.625284e-03
vertex 4.760039e-02 2.710892e-02 1.523361e-03
endloop
endfacet
facet normal 0 0 0
outer loop
vertex 4.737150e-02 2.626491e-02 -8.688541e-03
vertex 4.573670e-02 3.299418e-02 -8.382215e-03
vertex 4.672107e-02 2.746508e-02 -4.489585e-03
endloop
endfacet
facet normal 0 0 0
outer loop
vertex 4.672107e-02 2.746508e-02 -4.489585e-03
vertex 4.573670e-02 3.299418e-02 -8.382215e-03
vertex 4.646720e-02 3.095765e-02 -2.625284e-03
endloop
endfacet
facet normal 0 0 0
outer loop
vertex 4.244959e-02 3.504396e-02 -1.610513e-02
vertex 4.108130e-02 3.795578e-02 -1.227595e-02
vertex 4.510635e-02 3.617066e-02 -9.197644e-03
endloop
endfacet
facet normal 0 0 0
outer loop
vertex 4.108130e-02 3.795578e-02 -1.227595e-02
vertex 4.271913e-02 3.782335e-02 -7.667828e-03
vertex 4.510635e-02 3.617066e-02 -9.197644e-03
endloop
endfacet
facet normal 0 0 0
outer loop
vertex 3.912163e-02 3.982503e-02 -1.034382e-02
vertex 4.271913e-02 3.782335e-02 -7.667828e-03
vertex 4.108130e-02 3.795578e-02 -1.227595e-02
endloop
endfacet
facet normal 0 0 0
outer loop
vertex 4.271913e-02 3.782335e-02 -7.667828e-03
vertex 4.510412e-02 3.589110e-02 -2.866266e-03
vertex 4.510635e-02 3.617066e-02 -9.197644e-03
endloop
endfacet
facet normal 0 0 0
outer loop
vertex 3.817404e-02 4.267427e-02 -6.496049e-03
vertex 3.945877e-02 4.137776e-02 -1.107324e-03
vertex 4.271913e-02 3.782335e-02 -7.667828e-03
endloop
endfacet
facet normal 0 0 0
outer loop
vertex 3.945877e-02 4.137776e-02 -1.107324e-03
vertex 4.427438e-02 3.572933e-02 5.580565e-03
vertex 4.271913e-02 3.782335e-02 -7.667828e-03
endloop
endfacet
facet normal 0 0 0
outer loop
vertex 4.271913e-02 3.782335e-02 -7.667828e-03
vertex 4.427438e-02 3.572933e-02 5.580565e-03
vertex 4.510412e-02 3.589110e-02 -2.866266e-03
endloop
endfacet
facet normal 0 0 0
outer loop
vertex 1.498827e-03 4.264887e-02 6.376961e-04
vertex -2.385094e-04 4.164258e-02 3.974354e-03
vertex 3.648023e-03 4.190231e-02 2.139056e-03
endloop
endfacet
facet normal 0 0 0
outer loop
vertex 3.648023e-03 4.190231e-02 2.139056e-03
vertex -2.385094e-04 4.164258e-02 3.974354e-03
vertex 2.143977e-03 4.362559e-02 5.819056e-03
endloop
endfacet
facet normal 0 0 0
outer loop
vertex 8.620252e-04 4.154934e-02 -1.249843e-03
vertex 1.498827e-03 4.264887e-02 6.376961e-04
vertex 3.648023e-03 4.190231e-02 2.139056e-03
endloop
endfacet
facet normal 0 0 0
outer loop
vertex 3.648023e-03 4.190231e-02 2.139056e-03
vertex 2.143977e-03 4.362559e-02 5.819056e-03
vertex 8.318290e-03 4.496627e-02 4.848287e-03
endloop
endfacet
facet normal 0 0 0
outer loop
vertex 2.143977e-03 4.362559e-02 5.819056e-03
vertex -3.093576e-03 4.392767e-02 5.376248e-03
vertex 4.443055e-03 4.525696e-02 9.963844e-03
endloop
endfacet
facet normal 0 0 0
outer loop
vertex 2.143977e-03 4.362559e-02 5.819056e-03
vertex 7.425671e-03 4.666777e-02 1.110886e-02
vertex 8.318290e-03 4.496627e-02 4.848287e-03
endloop
endfacet
facet normal 0 0 0
outer loop
vertex 2.143977e-03 4.362559e-02 5.819056e-03
vertex 4.443055e-03 4.525696e-02 9.963844e-03
vertex 7.425671e-03 4.666777e-02 1.110886e-02
endloop
endfacet
facet normal 0 0 0
outer loop
vertex 4.358958e-03 4.150075e-02 -2.309697e-03
vertex 3.648023e-03 4.190231e-02 2.139056e-03
vertex 8.318290e-03 4.496627e-02 4.848287e-03
endloop
endfacet
facet normal 0 0 0
outer loop
vertex 4.647915e-03 4.277168e-02 -4.748815e-03
vertex 8.318290e-03 4.496627e-02 4.848287e-03
vertex 1.155587e-02 4.627496e-02 5.649031e-03
endloop
endfacet
facet normal 0 0 0
outer loop
vertex 4.647915e-03 4.277168e-02 -4.748815e-03
vertex 1.155587e-02 4.627496e-02 5.649031e-03
vertex 9.894940e-03 4.482002e-02 -4.094965e-03
endloop
endfacet
facet normal 0 0 0
outer loop
vertex 4.091466e-03 4.030950e-02 3.736502e-02
vertex 3.610076e-03 4.452696e-02 3.454966e-02
vertex -2.124205e-04 4.272116e-02 3.523916e-02
endloop
endfacet
facet normal 0 0 0
outer loop
vertex 3.610076e-03 4.452696e-02 3.454966e-02
vertex 4.091466e-03 4.030950e-02 3.736502e-02
vertex 7.189956e-03 4.448069e-02 3.450002e-02
endloop
endfacet
facet normal 0 0 0
outer loop
vertex 3.610076e-03 4.452696e-02 3.454966e-02
vertex 7.189956e-03 4.448069e-02 3.450002e-02
vertex 7.806547e-03 4.532248e-02 3.276670e-02
endloop
endfacet
facet normal 0 0 0
outer loop
vertex 4.091466e-03 4.030950e-02 3.736502e-02
vertex 7.994657e-03 3.921261e-02 3.879669e-02
vertex 7.189956e-03 4.448069e-02 3.450002e-02
endloop
endfacet
facet normal 0 0 0
outer loop
vertex 7.994657e-03 3.921261e-02 3.879669e-02
vertex 7.806547e-03 4.532248e-02 3.276670e-02
vertex 7.189956e-03 4.448069e-02 3.450002e-02
endloop
endfacet
facet normal 0 0 0
outer loop
vertex 1.421071e-02 3.997815e-02 3.604833e-02
vertex 7.806547e-03 4.532248e-02 3.276670e-02
vertex 7.994657e-03 3.921261e-02 3.879669e-02
endloop
endfacet
facet normal 0 0 0
outer loop
vertex 7.994657e-03 3.921261e-02 3.879669e-02
vertex 9.944392e-03 3.715499e-02 4.104530e-02
vertex 1.421071e-02 3.997815e-02 3.604833e-02
endloop
endfacet
facet normal 0 0 0
outer loop
vertex 1.237023e-02 3.389165e-02 4.197998e-02
vertex 1.884168e-02 4.139910e-02 3.210509e-02
vertex 9.944392e-03 3.715499e-02 4.104530e-02
endloop
endfacet
facet normal 0 0 0
outer loop
vertex 1.237023e-02 3.389165e-02 4.197998e-02
vertex 1.773261e-02 3.396409e-02 4.007961e-02
vertex 1.884168e-02 4.139910e-02 3.210509e-02
endloop
endfacet
facet normal 0 0 0
outer loop
vertex 1.884168e-02 4.139910e-02 3.210509e-02
vertex 1.421071e-02 3.997815e-02 3.604833e-02
vertex 9.944392e-03 3.715499e-02 4.104530e-02
endloop
endfacet
facet normal 0 0 0
outer loop
vertex 7.806547e-03 4.532248e-02 3.276670e-02
vertex 1.421071e-02 3.997815e-02 3.604833e-02
vertex 1.576494e-02 4.362525e-02 3.137165e-02
endloop
endfacet
facet normal 0 0 0
outer loop
vertex 1.576494e-02 4.362525e-02 3.137165e-02
vertex 1.154387e-02 4.449358e-02 3.217795e-02
vertex 7.806547e-03 4.532248e-02 3.276670e-02
endloop
endfacet
facet normal 0 0 0
outer loop
vertex 1.773261e-02 3.396409e-02 4.007961e-02
vertex 2.308385e-02 3.420547e-02 3.767194e-02
vertex 1.884168e-02 4.139910e-02 3.210509e-02
endloop
endfacet
facet normal 0 0 0
outer loop
vertex 1.884168e-02 4.139910e-02 3.210509e-02
vertex 1.576494e-02 4.362525e-02 3.137165e-02
vertex 1.421071e-02 3.997815e-02 3.604833e-02
endloop
endfacet
facet normal 0 0 0
outer loop
vertex 1.962034e-02 4.480311e-02 2.939977e-02
vertex 1.576494e-02 4.362525e-02 3.137165e-02
vertex 2.294174e-02 3.955412e-02 3.325584e-02
endloop
endfacet
facet normal 0 0 0
outer loop
vertex 1.884168e-02 4.139910e-02 3.210509e-02
vertex 2.294174e-02 3.955412e-02 3.325584e-02
vertex 1.576494e-02 4.362525e-02 3.137165e-02
endloop
endfacet
facet normal 0 0 0
outer loop
vertex 2.782852e-02 7.104316e-03 3.850656e-02
vertex 2.494994e-02 9.579570e-03 3.984807e-02
vertex 2.661080e-02 1.066192e-03 3.775467e-02
endloop
endfacet
facet normal 0 0 0
outer loop
vertex 3.376333e-02 7.164283e-03 3.214738e-02
vertex 2.782852e-02 7.104316e-03 3.850656e-02
vertex 2.661080e-02 1.066192e-03 3.775467e-02
endloop
endfacet
facet normal 0 0 0
outer loop
vertex 3.376333e-02 7.164283e-03 3.214738e-02
vertex 3.324309e-02 1.762085e-02 3.510090e-02
vertex 2.782852e-02 7.104316e-03 3.850656e-02
endloop
endfacet
facet normal 0 0 0
outer loop
vertex 2.494994e-02 9.579570e-03 3.984807e-02
vertex 2.782852e-02 7.104316e-03 3.850656e-02
vertex 2.726642e-02 1.462224e-02 4.049340e-02
endloop
endfacet
facet normal 0 0 0
outer loop
vertex 2.726642e-02 1.462224e-02 4.049340e-02
vertex 2.782852e-02 7.104316e-03 3.850656e-02
vertex 3.324309e-02 1.762085e-02 3.510090e-02
endloop
endfacet
facet normal 0 0 0
outer loop
vertex 3.324309e-02 1.762085e-02 3.510090e-02
vertex 3.076504e-02 1.897212e-02 3.758489e-02
vertex 2.726642e-02 1.462224e-02 4.049340e-02
endloop
endfacet
facet normal 0 0 0
outer loop
vertex 2.871471e-02 1.786911e-02 4.007372e-02
vertex 2.726642e-02 1.462224e-02 4.049340e-02
vertex 3.076504e-02 1.897212e-02 3.758489e-02
endloop
endfacet
facet normal 0 0 0
outer loop
vertex 2.871471e-02 1.786911e-02 4.007372e-02
vertex 2.784675e-02 2.505735e-02 3.868511e-02
vertex 2.645012e-02 3.008698e-02 3.730451e-02
endloop
endfacet
facet normal 0 0 0
outer loop
vertex 2.871471e-02 1.786911e-02 4.007372e-02
vertex 3.076504e-02 1.897212e-02 3.758489e-02
vertex 3.095218e-02 2.383437e-02 3.539975e-02
endloop
endfacet
facet normal 0 0 0
outer loop
vertex 2.784675e-02 2.505735e-02 3.868511e-02
vertex 2.871471e-02 1.786911e-02 4.007372e-02
vertex 3.095218e-02 2.383437e-02 3.539975e-02
endloop
endfacet
facet normal 0 0 0
outer loop
vertex 3.955263e-02 4.506618e-03 2.624106e-02
vertex 3.376333e-02 7.164283e-03 3.214738e-02
vertex 3.121609e-02 2.316144e-03 3.359383e-02
endloop
endfacet
facet normal 0 0 0
outer loop
vertex 3.376333e-02 7.164283e-03 3.214738e-02
vertex 3.955263e-02 4.506618e-03 2.624106e-02
vertex 4.045169e-02 1.402572e-02 2.744571e-02
endloop
endfacet
facet normal 0 0 0
outer loop
vertex 3.698979e-02 1.396136e-02 3.068333e-02
vertex 3.376333e-02 7.164283e-03 3.214738e-02
vertex 4.045169e-02 1.402572e-02 2.744571e-02
endloop
endfacet
facet normal 0 0 0
outer loop
vertex 3.376333e-02 7.164283e-03 3.214738e-02
vertex 3.698979e-02 1.396136e-02 3.068333e-02
vertex 3.324309e-02 1.762085e-02 3.510090e-02
endloop
endfacet
facet normal 0 0 0
outer loop
vertex 3.698979e-02 1.396136e-02 3.068333e-02
vertex 4.045169e-02 1.402572e-02 2.744571e-02
vertex 3.838457e-02 1.751711e-02 3.021936e-02
endloop
endfacet
facet normal 0 0 0
outer loop
vertex 4.045169e-02 1.402572e-02 2.744571e-02
vertex 4.178075e-02 1.968521e-02 2.698204e-02
vertex 3.838457e-02 1.751711e-02 3.021936e-02
endloop
endfacet
facet normal 0 0 0
outer loop
vertex 3.706792e-02 2.842965e-02 2.779935e-02
vertex 3.838457e-02 1.751711e-02 3.021936e-02
vertex 4.064748e-02 2.308119e-02 2.645268e-02
endloop
endfacet
facet normal 0 0 0
outer loop
vertex 4.178075e-02 1.968521e-02 2.698204e-02
vertex 4.064748e-02 2.308119e-02 2.645268e-02
vertex 3.838457e-02 1.751711e-02 3.021936e-02
endloop
endfacet
facet normal 0 0 0
outer loop
vertex 3.324309e-02 1.762085e-02 3.510090e-02
vertex 3.095218e-02 2.383437e-02 3.539975e-02
vertex 3.076504e-02 1.897212e-02 3.758489e-02
endloop
endfacet
facet normal 0 0 0
outer loop
vertex 3.838457e-02 1.751711e-02 3.021936e-02
vertex 3.095218e-02 2.383437e-02 3.539975e-02
vertex 3.324309e-02 1.762085e-02 3.510090e-02
endloop
endfacet
facet normal 0 0 0
outer loop
vertex 3.095218e-02 2.383437e-02 3.539975e-02
vertex 3.838457e-02 1.751711e-02 3.021936e-02
vertex 3.706792e-02 2.842965e-02 2.779935e-02
endloop
endfacet
facet normal 0 0 0
outer loop
vertex 3.324309e-02 1.762085e-02 3.510090e-02
vertex 3.698979e-02 1.396136e-02 3.068333e-02
vertex 3.838457e-02 1.751711e-02 3.021936e-02
endloop
endfacet
facet normal 0 0 0
outer loop
vertex 3.671134e-02 4.329371e-02 6.598578e-03
vertex 3.522155e-02 4.589006e-02 6.346031e-03
vertex 3.496343e-02 4.330792e-02 1.161643e-02
endloop
endfacet
facet normal 0 0 0
outer loop
vertex 3.671134e-02 4.329371e-02 6.598578e-03
vertex 3.709297e-02 4.256150e-02 1.235383e-03
vertex 3.522155e-02 4.589006e-02 6.346031e-03
endloop
endfacet
facet normal 0 0 0
outer loop
vertex 3.529477e-02 4.604632e-02 -6.896781e-03
vertex 3.522155e-02 4.589006e-02 6.346031e-03
vertex 3.709297e-02 4.256150e-02 1.235383e-03
endloop
endfacet
facet normal 0 0 0
outer loop
vertex 3.671134e-02 4.329371e-02 6.598578e-03
vertex 4.004550e-02 4.033802e-02 7.129015e-03
vertex 3.709297e-02 4.256150e-02 1.235383e-03
endloop
endfacet
facet normal 0 0 0
outer loop
vertex 3.193069e-02 4.597001e-02 1.173809e-02
vertex 2.977424e-02 4.589317e-02 1.696256e-02
vertex 3.496343e-02 4.330792e-02 1.161643e-02
endloop
endfacet
facet normal 0 0 0
outer loop
vertex 3.193069e-02 4.597001e-02 1.173809e-02
vertex 3.496343e-02 4.330792e-02 1.161643e-02
vertex 3.522155e-02 4.589006e-02 6.346031e-03
endloop
endfacet
facet normal 0 0 0
outer loop
vertex 3.158933e-02 4.273618e-02 2.107979e-02
vertex 2.977424e-02 4.589317e-02 1.696256e-02
vertex 2.909683e-02 4.640634e-02 1.962667e-02
endloop
endfacet
facet normal 0 0 0
outer loop
vertex 3.630339e-02 4.006387e-02 1.800736e-02
vertex 3.496343e-02 4.330792e-02 1.161643e-02
vertex 3.462033e-02 3.931740e-02 2.235488e-02
endloop
endfacet
facet normal 0 0 0
outer loop
vertex 3.462033e-02 3.931740e-02 2.235488e-02
vertex 3.496343e-02 4.330792e-02 1.161643e-02
vertex 2.977424e-02 4.589317e-02 1.696256e-02
endloop
endfacet
facet normal 0 0 0
outer loop
vertex 4.374218e-02 3.458565e-02 1.128363e-02
vertex 3.671134e-02 4.329371e-02 6.598578e-03
vertex 3.737868e-02 3.794808e-02 1.886004e-02
endloop
endfacet
facet normal 0 0 0
outer loop
vertex 4.374218e-02 3.458565e-02 1.128363e-02
vertex 3.737868e-02 3.794808e-02 1.886004e-02
vertex 4.063955e-02 3.508568e-02 1.798832e-02
endloop
endfacet
facet normal 0 0 0
outer loop
vertex 4.063955e-02 3.508568e-02 1.798832e-02
vertex 3.737868e-02 3.794808e-02 1.886004e-02
vertex 3.765099e-02 3.636614e-02 2.437893e-02
endloop
endfacet
facet normal 0 0 0
outer loop
vertex 3.496343e-02 4.330792e-02 1.161643e-02
vertex 3.737868e-02 3.794808e-02 1.886004e-02
vertex 3.671134e-02 4.329371e-02 6.598578e-03
endloop
endfacet
facet normal 0 0 0
outer loop
vertex 3.630339e-02 4.006387e-02 1.800736e-02
vertex 3.737868e-02 3.794808e-02 1.886004e-02
vertex 3.496343e-02 4.330792e-02 1.161643e-02
endloop
endfacet
facet normal 0 0 0
outer loop
vertex 3.095218e-02 2.383437e-02 3.539975e-02
vertex 2.645012e-02 3.008698e-02 3.730451e-02
vertex 2.784675e-02 2.505735e-02 3.868511e-02
endloop
endfacet
facet normal 0 0 0
outer loop
vertex 2.915262e-02 3.480670e-02 3.279747e-02
vertex 2.593941e-02 3.380930e-02 3.738144e-02
vertex 2.645012e-02 3.008698e-02 3.730451e-02
endloop
endfacet
facet normal 0 0 0
outer loop
vertex 1.962034e-02 4.480311e-02 2.939977e-02
vertex 2.692451e-02 4.256136e-02 2.564735e-02
vertex 2.259794e-02 4.499211e-02 2.627359e-02
endloop
endfacet
facet normal 0 0 0
outer loop
vertex 3.158933e-02 4.273618e-02 2.107979e-02
vertex 2.909683e-02 4.640634e-02 1.962667e-02
vertex 2.778771e-02 4.518677e-02 2.211007e-02
endloop
endfacet
facet normal 0 0 0
outer loop
vertex 2.692451e-02 4.256136e-02 2.564735e-02
vertex 3.158933e-02 4.273618e-02 2.107979e-02
vertex 2.778771e-02 4.518677e-02 2.211007e-02
endloop
endfacet
facet normal 0 0 0
outer loop
vertex 3.158933e-02 4.273618e-02 2.107979e-02
vertex 2.692451e-02 4.256136e-02 2.564735e-02
vertex 2.705265e-02 3.943127e-02 2.932357e-02
endloop
endfacet
facet normal 0 0 0
outer loop
vertex 2.308385e-02 3.420547e-02 3.767194e-02
vertex 2.294174e-02 3.955412e-02 3.325584e-02
vertex 1.884168e-02 4.139910e-02 3.210509e-02
endloop
endfacet
facet normal 0 0 0
outer loop
vertex 2.294174e-02 3.955412e-02 3.325584e-02
vertex 2.308385e-02 3.420547e-02 3.767194e-02
vertex 2.527770e-02 3.728609e-02 3.428184e-02
endloop
endfacet
facet normal 0 0 0
outer loop
vertex 2.527770e-02 3.728609e-02 3.428184e-02
vertex 2.705265e-02 3.943127e-02 2.932357e-02
vertex 2.294174e-02 3.955412e-02 3.325584e-02
endloop
endfacet
facet normal 0 0 0
outer loop
vertex 2.527770e-02 3.728609e-02 3.428184e-02
vertex 2.308385e-02 3.420547e-02 3.767194e-02
vertex 2.593941e-02 3.380930e-02 3.738144e-02
endloop
endfacet
facet normal 0 0 0
outer loop
vertex 1.962034e-02 4.480311e-02 2.939977e-02
vertex 2.294174e-02 3.955412e-02 3.325584e-02
vertex 2.692451e-02 4.256136e-02 2.564735e-02
endloop
endfacet
facet normal 0 0 0
outer loop
vertex 2.294174e-02 3.955412e-02 3.325584e-02
vertex 2.705265e-02 3.943127e-02 2.932357e-02
vertex 2.692451e-02 4.256136e-02 2.564735e-02
endloop
endfacet
facet normal 0 0 0
outer loop
vertex 2.527770e-02 3.728609e-02 3.428184e-02
vertex 2.593941e-02 3.380930e-02 3.738144e-02
vertex 2.915262e-02 3.480670e-02 3.279747e-02
endloop
endfacet
facet normal 0 0 0
outer loop
vertex 2.527770e-02 3.728609e-02 3.428184e-02
vertex 2.915262e-02 3.480670e-02 3.279747e-02
vertex 2.705265e-02 3.943127e-02 2.932357e-02
endloop
endfacet
facet normal 0 0 0
outer loop
vertex 4.064748e-02 2.308119e-02 2.645268e-02
vertex 3.864267e-02 3.070486e-02 2.609320e-02
vertex 3.706792e-02 2.842965e-02 2.779935e-02
endloop
endfacet
facet normal 0 0 0
outer loop
vertex 3.864267e-02 3.070486e-02 2.609320e-02
vertex 4.063955e-02 3.508568e-02 1.798832e-02
vertex 3.765099e-02 3.636614e-02 2.437893e-02
endloop
endfacet
facet normal 0 0 0
outer loop
vertex 3.864267e-02 3.070486e-02 2.609320e-02
vertex 3.765099e-02 3.636614e-02 2.437893e-02
vertex 3.841866e-02 3.472886e-02 2.535832e-02
endloop
endfacet
facet normal 0 0 0
outer loop
vertex 3.706792e-02 2.842965e-02 2.779935e-02
vertex 3.864267e-02 3.070486e-02 2.609320e-02
vertex 3.382947e-02 3.149303e-02 2.980640e-02
endloop
endfacet
facet normal 0 0 0
outer loop
vertex 3.382947e-02 3.149303e-02 2.980640e-02
vertex 3.864267e-02 3.070486e-02 2.609320e-02
vertex 3.463223e-02 3.463614e-02 2.901497e-02
endloop
endfacet
facet normal 0 0 0
outer loop
vertex 3.706792e-02 2.842965e-02 2.779935e-02
vertex 3.382947e-02 3.149303e-02 2.980640e-02
vertex 3.474783e-02 2.865798e-02 3.079831e-02
endloop
endfacet
facet normal 0 0 0
outer loop
vertex 3.864267e-02 3.070486e-02 2.609320e-02
vertex 3.841866e-02 3.472886e-02 2.535832e-02
vertex 3.463223e-02 3.463614e-02 2.901497e-02
endloop
endfacet
facet normal 0 0 0
outer loop
vertex 3.095218e-02 2.383437e-02 3.539975e-02
vertex 3.474783e-02 2.865798e-02 3.079831e-02
vertex 3.382947e-02 3.149303e-02 2.980640e-02
endloop
endfacet
facet normal 0 0 0
outer loop
vertex 2.645012e-02 3.008698e-02 3.730451e-02
vertex 3.095218e-02 2.383437e-02 3.539975e-02
vertex 3.382947e-02 3.149303e-02 2.980640e-02
endloop
endfacet
facet normal 0 0 0
outer loop
vertex 3.706792e-02 2.842965e-02 2.779935e-02
vertex 3.474783e-02 2.865798e-02 3.079831e-02
vertex 3.095218e-02 2.383437e-02 3.539975e-02
endloop
endfacet
facet normal 0 0 0
outer loop
vertex 3.382947e-02 3.149303e-02 2.980640e-02
vertex 2.915262e-02 3.480670e-02 3.279747e-02
vertex 2.645012e-02 3.008698e-02 3.730451e-02
endloop
endfacet
facet normal 0 0 0
outer loop
vertex 3.463223e-02 3.463614e-02 2.901497e-02
vertex 2.915262e-02 3.480670e-02 3.279747e-02
vertex 3.382947e-02 3.149303e-02 2.980640e-02
endloop
endfacet
facet normal 0 0 0
outer loop
vertex 3.158933e-02 4.273618e-02 2.107979e-02
vertex 3.841866e-02 3.472886e-02 2.535832e-02
vertex 3.462033e-02 3.931740e-02 2.235488e-02
endloop
endfacet
facet normal 0 0 0
outer loop
vertex 3.841866e-02 3.472886e-02 2.535832e-02
vertex 3.765099e-02 3.636614e-02 2.437893e-02
vertex 3.462033e-02 3.931740e-02 2.235488e-02
endloop
endfacet
facet normal 0 0 0
outer loop
vertex 3.841866e-02 3.472886e-02 2.535832e-02
vertex 3.158933e-02 4.273618e-02 2.107979e-02
vertex 2.915262e-02 3.480670e-02 3.279747e-02
endloop
endfacet
facet normal 0 0 0
outer loop
vertex 2.915262e-02 3.480670e-02 3.279747e-02
vertex 3.158933e-02 4.273618e-02 2.107979e-02
vertex 2.705265e-02 3.943127e-02 2.932357e-02
endloop
endfacet
facet normal 0 0 0
outer loop
vertex 2.915262e-02 3.480670e-02 3.279747e-02
vertex 3.463223e-02 3.463614e-02 2.901497e-02
vertex 3.841866e-02 3.472886e-02 2.535832e-02
endloop
endfacet
facet normal 0 0 0
outer loop
vertex 3.462033e-02 3.931740e-02 2.235488e-02
vertex 2.977424e-02 4.589317e-02 1.696256e-02
vertex 3.158933e-02 4.273618e-02 2.107979e-02
endloop
endfacet
facet normal 0 0 0
outer loop
vertex 3.462033e-02 3.931740e-02 2.235488e-02
vertex 3.737868e-02 3.794808e-02 1.886004e-02
vertex 3.630339e-02 4.006387e-02 1.800736e-02
endloop
endfacet
facet normal 0 0 0
outer loop
vertex 3.765099e-02 3.636614e-02 2.437893e-02
vertex 3.737868e-02 3.794808e-02 1.886004e-02
vertex 3.462033e-02 3.931740e-02 2.235488e-02
endloop
endfacet
facet normal 0 0 0
outer loop
vertex -4.575361e-03 -2.448495e-04 4.405404e-02
vertex 4.127719e-03 7.383696e-03 4.596099e-02
vertex 8.710145e-03 1.658865e-02 4.723627e-02
endloop
endfacet
facet normal 0 0 0
outer loop
vertex -4.575361e-03 -2.448495e-04 4.405404e-02
vertex 8.710145e-03 1.658865e-02 4.723627e-02
vertex -5.010712e-03 1.588577e-02 4.727317e-02
endloop
endfacet
facet normal 0 0 0
outer loop
vertex 8.710145e-03 1.658865e-02 4.723627e-02
vertex 4.127719e-03 7.383696e-03 4.596099e-02
vertex 9.285960e-03 1.414607e-02 4.712615e-02
endloop
endfacet
facet normal 0 0 0
outer loop
vertex 1.053345e-02 6.082394e-03 4.550704e-02
vertex 9.285960e-03 1.414607e-02 4.712615e-02
vertex 5.037404e-03 5.181747e-03 4.508815e-02
endloop
endfacet
facet normal 0 0 0
outer loop
vertex 5.037404e-03 5.181747e-03 4.508815e-02
vertex 9.285960e-03 1.414607e-02 4.712615e-02
vertex 4.127719e-03 7.383696e-03 4.596099e-02
endloop
endfacet
facet normal 0 0 0
outer loop
vertex -4.160607e-03 1.996208e-02 4.725171e-02
vertex 6.685372e-03 2.830259e-02 4.452547e-02
vertex 2.370782e-05 2.499960e-02 4.632463e-02
endloop
endfacet
facet normal 0 0 0
outer loop
vertex -4.160607e-03 1.996208e-02 4.725171e-02
vertex 1.016894e-02 2.127591e-02 4.631281e-02
vertex 6.685372e-03 2.830259e-02 4.452547e-02
endloop
endfacet
facet normal 0 0 0
outer loop
vertex 1.270310e-02 -4.532721e-04 4.339403e-02
vertex 2.244256e-02 1.343411e-02 4.154886e-02
vertex 1.053345e-02 6.082394e-03 4.550704e-02
endloop
endfacet
facet normal 0 0 0
outer loop
vertex 9.285960e-03 1.414607e-02 4.712615e-02
vertex 1.053345e-02 6.082394e-03 4.550704e-02
vertex 1.499979e-02 1.793974e-02 4.560279e-02
endloop
endfacet
facet normal 0 0 0
outer loop
vertex 1.053345e-02 6.082394e-03 4.550704e-02
vertex 2.244256e-02 1.343411e-02 4.154886e-02
vertex 1.499979e-02 1.793974e-02 4.560279e-02
endloop
endfacet
facet normal 0 0 0
outer loop
vertex 1.270310e-02 -4.532721e-04 4.339403e-02
vertex 1.997090e-02 5.126912e-03 4.220624e-02
vertex 2.244256e-02 1.343411e-02 4.154886e-02
endloop
endfacet
facet normal 0 0 0
outer loop
vertex 9.285960e-03 1.414607e-02 4.712615e-02
vertex 1.235874e-02 1.838276e-02 4.746224e-02
vertex 8.710145e-03 1.658865e-02 4.723627e-02
endloop
endfacet
facet normal 0 0 0
outer loop
vertex 9.285960e-03 1.414607e-02 4.712615e-02
vertex 1.499979e-02 1.793974e-02 4.560279e-02
vertex 1.235874e-02 1.838276e-02 4.746224e-02
endloop
endfacet
facet normal 0 0 0
outer loop
vertex 1.016894e-02 2.127591e-02 4.631281e-02
vertex 1.426105e-02 2.338875e-02 4.430233e-02
vertex 9.746160e-03 3.282572e-02 4.397105e-02
endloop
endfacet
facet normal 0 0 0
outer loop
vertex 1.235874e-02 1.838276e-02 4.746224e-02
vertex 1.426105e-02 2.338875e-02 4.430233e-02
vertex 1.016894e-02 2.127591e-02 4.631281e-02
endloop
endfacet
facet normal 0 0 0
outer loop
vertex 1.686138e-02 2.167761e-02 4.380564e-02
vertex 1.426105e-02 2.338875e-02 4.430233e-02
vertex 1.499979e-02 1.793974e-02 4.560279e-02
endloop
endfacet
facet normal 0 0 0
outer loop
vertex 1.426105e-02 2.338875e-02 4.430233e-02
vertex 1.235874e-02 1.838276e-02 4.746224e-02
vertex 1.499979e-02 1.793974e-02 4.560279e-02
endloop
endfacet
facet normal 0 0 0
outer loop
vertex 1.499979e-02 1.793974e-02 4.560279e-02
vertex 2.244256e-02 1.343411e-02 4.154886e-02
vertex 2.102762e-02 1.777378e-02 4.325440e-02
endloop
endfacet
facet normal 0 0 0
outer loop
vertex 1.499979e-02 1.793974e-02 4.560279e-02
vertex 2.102762e-02 1.777378e-02 4.325440e-02
vertex 1.686138e-02 2.167761e-02 4.380564e-02
endloop
endfacet
facet normal 0 0 0
outer loop
vertex 2.370782e-05 2.499960e-02 4.632463e-02
vertex 6.685372e-03 2.830259e-02 4.452547e-02
vertex 3.125900e-03 3.029874e-02 4.398263e-02
endloop
endfacet
facet normal 0 0 0
outer loop
vertex -6.074091e-03 3.461313e-02 4.446973e-02
vertex 3.125900e-03 3.029874e-02 4.398263e-02
vertex 6.811059e-03 3.451500e-02 4.281923e-02
endloop
endfacet
facet normal 0 0 0
outer loop
vertex 1.016894e-02 2.127591e-02 4.631281e-02
vertex 9.746160e-03 3.282572e-02 4.397105e-02
vertex 6.685372e-03 2.830259e-02 4.452547e-02
endloop
endfacet
facet normal 0 0 0
outer loop
vertex 6.685372e-03 2.830259e-02 4.452547e-02
vertex 9.746160e-03 3.282572e-02 4.397105e-02
vertex 3.125900e-03 3.029874e-02 4.398263e-02
endloop
endfacet
facet normal 0 0 0
outer loop
vertex 3.125900e-03 3.029874e-02 4.398263e-02
vertex 9.746160e-03 3.282572e-02 4.397105e-02
vertex 6.811059e-03 3.451500e-02 4.281923e-02
endloop
endfacet
facet normal 0 0 0
outer loop
vertex 6.811059e-03 3.451500e-02 4.281923e-02
vertex 9.944392e-03 3.715499e-02 4.104530e-02
vertex 4.091466e-03 4.030950e-02 3.736502e-02
endloop
endfacet
facet normal 0 0 0
outer loop
vertex 9.944392e-03 3.715499e-02 4.104530e-02
vertex 7.994657e-03 3.921261e-02 3.879669e-02
vertex 4.091466e-03 4.030950e-02 3.736502e-02
endloop
endfacet
facet normal 0 0 0
outer loop
vertex 6.811059e-03 3.451500e-02 4.281923e-02
vertex 9.746160e-03 3.282572e-02 4.397105e-02
vertex 9.944392e-03 3.715499e-02 4.104530e-02
endloop
endfacet
facet normal 0 0 0
outer loop
vertex 1.237023e-02 3.389165e-02 4.197998e-02
vertex 9.746160e-03 3.282572e-02 4.397105e-02
vertex 1.426105e-02 2.338875e-02 4.430233e-02
endloop
endfacet
facet normal 0 0 0
outer loop
vertex 9.746160e-03 3.282572e-02 4.397105e-02
vertex 1.237023e-02 3.389165e-02 4.197998e-02
vertex 9.944392e-03 3.715499e-02 4.104530e-02
endloop
endfacet
facet normal 0 0 0
outer loop
vertex 1.686138e-02 2.167761e-02 4.380564e-02
vertex 2.593941e-02 3.380930e-02 3.738144e-02
vertex 1.426105e-02 2.338875e-02 4.430233e-02
endloop
endfacet
facet normal 0 0 0
outer loop
vertex 1.426105e-02 2.338875e-02 4.430233e-02
vertex 2.593941e-02 3.380930e-02 3.738144e-02
vertex 2.308385e-02 3.420547e-02 3.767194e-02
endloop
endfacet
facet normal 0 0 0
outer loop
vertex 1.237023e-02 3.389165e-02 4.197998e-02
vertex 2.308385e-02 3.420547e-02 3.767194e-02
vertex 1.773261e-02 3.396409e-02 4.007961e-02
endloop
endfacet
facet normal 0 0 0
outer loop
vertex 1.426105e-02 2.338875e-02 4.430233e-02
vertex 2.308385e-02 3.420547e-02 3.767194e-02
vertex 1.237023e-02 3.389165e-02 4.197998e-02
endloop
endfacet
facet normal 0 0 0
outer loop
vertex 2.244256e-02 1.343411e-02 4.154886e-02
vertex 1.997090e-02 5.126912e-03 4.220624e-02
vertex 2.726642e-02 1.462224e-02 4.049340e-02
endloop
endfacet
facet normal 0 0 0
outer loop
vertex 1.997090e-02 5.126912e-03 4.220624e-02
vertex 2.494994e-02 9.579570e-03 3.984807e-02
vertex 2.726642e-02 1.462224e-02 4.049340e-02
endloop
endfacet
facet normal 0 0 0
outer loop
vertex 2.244256e-02 1.343411e-02 4.154886e-02
vertex 2.726642e-02 1.462224e-02 4.049340e-02
vertex 2.517129e-02 1.642539e-02 4.121843e-02
endloop
endfacet
facet normal 0 0 0
outer loop
vertex 2.244256e-02 1.343411e-02 4.154886e-02
vertex 2.517129e-02 1.642539e-02 4.121843e-02
vertex 2.102762e-02 1.777378e-02 4.325440e-02
endloop
endfacet
facet normal 0 0 0
outer loop
vertex 1.686138e-02 2.167761e-02 4.380564e-02
vertex 2.102762e-02 1.777378e-02 4.325440e-02
vertex 2.645012e-02 3.008698e-02 3.730451e-02
endloop
endfacet
facet normal 0 0 0
outer loop
vertex 2.645012e-02 3.008698e-02 3.730451e-02
vertex 2.102762e-02 1.777378e-02 4.325440e-02
vertex 2.871471e-02 1.786911e-02 4.007372e-02
endloop
endfacet
facet normal 0 0 0
outer loop
vertex 2.871471e-02 1.786911e-02 4.007372e-02
vertex 2.517129e-02 1.642539e-02 4.121843e-02
vertex 2.726642e-02 1.462224e-02 4.049340e-02
endloop
endfacet
facet normal 0 0 0
outer loop
vertex 2.517129e-02 1.642539e-02 4.121843e-02
vertex 2.871471e-02 1.786911e-02 4.007372e-02
vertex 2.102762e-02 1.777378e-02 4.325440e-02
endloop
endfacet
facet normal 0 0 0
outer loop
vertex 1.686138e-02 2.167761e-02 4.380564e-02
vertex 2.645012e-02 3.008698e-02 3.730451e-02
vertex 2.593941e-02 3.380930e-02 3.738144e-02
endloop
endfacet
facet normal 0 0 0
outer loop
vertex 1.710068e-04 4.486444e-02 9.425713e-04
vertex 1.498827e-03 4.264887e-02 6.376961e-04
vertex 1.931223e-03 5.104656e-02 3.033564e-04
endloop
endfacet
facet normal 0 0 0
outer loop
vertex 8.318290e-03 4.496627e-02 4.848287e-03
vertex 1.137992e-02 4.705144e-02 1.084482e-02
vertex 1.155587e-02 4.627496e-02 5.649031e-03
endloop
endfacet
facet normal 0 0 0
outer loop
vertex 8.318290e-03 4.496627e-02 4.848287e-03
vertex 7.425671e-03 4.666777e-02 1.110886e-02
vertex 1.137992e-02 4.705144e-02 1.084482e-02
endloop
endfacet
facet normal 0 0 0
outer loop
vertex 4.443055e-03 4.525696e-02 9.963844e-03
vertex -6.468428e-04 4.662166e-02 1.291075e-02
vertex 7.425671e-03 4.666777e-02 1.110886e-02
endloop
endfacet
facet normal 0 0 0
outer loop
vertex -6.468428e-04 4.662166e-02 1.291075e-02
vertex 7.072970e-04 4.722365e-02 1.564080e-02
vertex 7.425671e-03 4.666777e-02 1.110886e-02
endloop
endfacet
facet normal 0 0 0
outer loop
vertex 7.072970e-04 4.722365e-02 1.564080e-02
vertex 5.715653e-03 4.846723e-02 2.176207e-02
vertex 9.051720e-03 4.731731e-02 1.754460e-02
endloop
endfacet
facet normal 0 0 0
outer loop
vertex 7.072970e-04 4.722365e-02 1.564080e-02
vertex 1.455097e-03 4.724799e-02 1.966000e-02
vertex 5.715653e-03 4.846723e-02 2.176207e-02
endloop
endfacet
facet normal 0 0 0
outer loop
vertex 1.455097e-03 4.724799e-02 1.966000e-02
vertex 2.081888e-03 4.814900e-02 2.351656e-02
vertex 5.715653e-03 4.846723e-02 2.176207e-02
endloop
endfacet
facet normal 0 0 0
outer loop
vertex 7.425671e-03 4.666777e-02 1.110886e-02
vertex 7.072970e-04 4.722365e-02 1.564080e-02
vertex 9.051720e-03 4.731731e-02 1.754460e-02
endloop
endfacet
facet normal 0 0 0
outer loop
vertex 7.425671e-03 4.666777e-02 1.110886e-02
vertex 1.321752e-02 4.857429e-02 1.901386e-02
vertex 1.137992e-02 4.705144e-02 1.084482e-02
endloop
endfacet
facet normal 0 0 0
outer loop
vertex 7.425671e-03 4.666777e-02 1.110886e-02
vertex 9.051720e-03 4.731731e-02 1.754460e-02
vertex 1.321752e-02 4.857429e-02 1.901386e-02
endloop
endfacet
facet normal 0 0 0
outer loop
vertex 5.715653e-03 4.846723e-02 2.176207e-02
vertex 1.060293e-02 4.785491e-02 2.130732e-02
vertex 9.051720e-03 4.731731e-02 1.754460e-02
endloop
endfacet
facet normal 0 0 0
outer loop
vertex 9.894940e-03 4.482002e-02 -4.094965e-03
vertex 1.155587e-02 4.627496e-02 5.649031e-03
vertex 1.483002e-02 4.735987e-02 2.678293e-03
endloop
endfacet
facet normal 0 0 0
outer loop
vertex 1.155587e-02 4.627496e-02 5.649031e-03
vertex 1.137992e-02 4.705144e-02 1.084482e-02
vertex 1.639716e-02 4.799996e-02 9.505057e-03
endloop
endfacet
facet normal 0 0 0
outer loop
vertex 1.155587e-02 4.627496e-02 5.649031e-03
vertex 1.639716e-02 4.799996e-02 9.505057e-03
vertex 1.483002e-02 4.735987e-02 2.678293e-03
endloop
endfacet
facet normal 0 0 0
outer loop
vertex 1.392922e-02 4.704974e-02 -4.234941e-03
vertex 1.483002e-02 4.735987e-02 2.678293e-03
vertex 1.798096e-02 4.781917e-02 3.369252e-03
endloop
endfacet
facet normal 0 0 0
outer loop
vertex 1.798096e-02 4.781917e-02 3.369252e-03
vertex 2.247727e-02 4.902217e-02 5.527282e-03
vertex 2.166482e-02 4.797316e-02 -5.007197e-05
endloop
endfacet
facet normal 0 0 0
outer loop
vertex 1.483002e-02 4.735987e-02 2.678293e-03
vertex 1.639716e-02 4.799996e-02 9.505057e-03
vertex 1.798096e-02 4.781917e-02 3.369252e-03
endloop
endfacet
facet normal 0 0 0
outer loop
vertex 1.798096e-02 4.781917e-02 3.369252e-03
vertex 1.639716e-02 4.799996e-02 9.505057e-03
vertex 2.118568e-02 4.812445e-02 9.888162e-03
endloop
endfacet
facet normal 0 0 0
outer loop
vertex 1.137992e-02 4.705144e-02 1.084482e-02
vertex 1.671840e-02 4.789317e-02 1.654833e-02
vertex 1.639716e-02 4.799996e-02 9.505057e-03
endloop
endfacet
facet normal 0 0 0
outer loop
vertex 1.321752e-02 4.857429e-02 1.901386e-02
vertex 1.671840e-02 4.789317e-02 1.654833e-02
vertex 1.137992e-02 4.705144e-02 1.084482e-02
endloop
endfacet
facet normal 0 0 0
outer loop
vertex 9.051720e-03 4.731731e-02 1.754460e-02
vertex 1.060293e-02 4.785491e-02 2.130732e-02
vertex 1.321752e-02 4.857429e-02 1.901386e-02
endloop
endfacet
facet normal 0 0 0
outer loop
vertex 1.321752e-02 4.857429e-02 1.901386e-02
vertex 1.702733e-02 4.694055e-02 2.087636e-02
vertex 1.671840e-02 4.789317e-02 1.654833e-02
endloop
endfacet
facet normal 0 0 0
outer loop
vertex 1.639716e-02 4.799996e-02 9.505057e-03
vertex 1.981283e-02 4.852831e-02 1.332419e-02
vertex 2.118568e-02 4.812445e-02 9.888162e-03
endloop
endfacet
facet normal 0 0 0
outer loop
vertex 1.639716e-02 4.799996e-02 9.505057e-03
vertex 1.671840e-02 4.789317e-02 1.654833e-02
vertex 1.981283e-02 4.852831e-02 1.332419e-02
endloop
endfacet
facet normal 0 0 0
outer loop
vertex 1.671840e-02 4.789317e-02 1.654833e-02
vertex 1.702733e-02 4.694055e-02 2.087636e-02
vertex 2.259794e-02 4.499211e-02 2.627359e-02
endloop
endfacet
facet normal 0 0 0
outer loop
vertex 1.671840e-02 4.789317e-02 1.654833e-02
vertex 2.259794e-02 4.499211e-02 2.627359e-02
vertex 1.981283e-02 4.852831e-02 1.332419e-02
endloop
endfacet
facet normal 0 0 0
outer loop
vertex 2.081888e-03 4.814900e-02 2.351656e-02
vertex 1.058540e-04 4.669513e-02 2.760933e-02
vertex 4.493412e-03 4.663603e-02 2.698671e-02
endloop
endfacet
facet normal 0 0 0
outer loop
vertex 2.081888e-03 4.814900e-02 2.351656e-02
vertex 4.493412e-03 4.663603e-02 2.698671e-02
vertex 5.715653e-03 4.846723e-02 2.176207e-02
endloop
endfacet
facet normal 0 0 0
outer loop
vertex 5.715653e-03 4.846723e-02 2.176207e-02
vertex 8.546889e-03 4.639579e-02 2.747191e-02
vertex 1.060293e-02 4.785491e-02 2.130732e-02
endloop
endfacet
facet normal 0 0 0
outer loop
vertex 5.715653e-03 4.846723e-02 2.176207e-02
vertex 4.493412e-03 4.663603e-02 2.698671e-02
vertex 8.546889e-03 4.639579e-02 2.747191e-02
endloop
endfacet
facet normal 0 0 0
outer loop
vertex 4.493412e-03 4.663603e-02 2.698671e-02
vertex 7.806547e-03 4.532248e-02 3.276670e-02
vertex 8.546889e-03 4.639579e-02 2.747191e-02
endloop
endfacet
facet normal 0 0 0
outer loop
vertex 8.546889e-03 4.639579e-02 2.747191e-02
vertex 7.806547e-03 4.532248e-02 3.276670e-02
vertex 1.154387e-02 4.449358e-02 3.217795e-02
endloop
endfacet
facet normal 0 0 0
outer loop
vertex -4.116009e-03 4.627775e-02 3.032986e-02
vertex 3.610076e-03 4.452696e-02 3.454966e-02
vertex 4.493412e-03 4.663603e-02 2.698671e-02
endloop
endfacet
facet normal 0 0 0
outer loop
vertex 4.493412e-03 4.663603e-02 2.698671e-02
vertex 3.610076e-03 4.452696e-02 3.454966e-02
vertex 7.806547e-03 4.532248e-02 3.276670e-02
endloop
endfacet
facet normal 0 0 0
outer loop
vertex 1.060293e-02 4.785491e-02 2.130732e-02
vertex 1.506440e-02 4.652136e-02 2.414269e-02
vertex 1.321752e-02 4.857429e-02 1.901386e-02
endloop
endfacet
facet normal 0 0 0
outer loop
vertex 1.060293e-02 4.785491e-02 2.130732e-02
vertex 8.546889e-03 4.639579e-02 2.747191e-02
vertex 1.154387e-02 4.449358e-02 3.217795e-02
endloop
endfacet
facet normal 0 0 0
outer loop
vertex 1.506440e-02 4.652136e-02 2.414269e-02
vertex 1.060293e-02 4.785491e-02 2.130732e-02
vertex 1.154387e-02 4.449358e-02 3.217795e-02
endloop
endfacet
facet normal 0 0 0
outer loop
vertex 1.154387e-02 4.449358e-02 3.217795e-02
vertex 1.962034e-02 4.480311e-02 2.939977e-02
vertex 1.506440e-02 4.652136e-02 2.414269e-02
endloop
endfacet
facet normal 0 0 0
outer loop
vertex 1.154387e-02 4.449358e-02 3.217795e-02
vertex 1.576494e-02 4.362525e-02 3.137165e-02
vertex 1.962034e-02 4.480311e-02 2.939977e-02
endloop
endfacet
facet normal 0 0 0
outer loop
vertex 1.321752e-02 4.857429e-02 1.901386e-02
vertex 1.506440e-02 4.652136e-02 2.414269e-02
vertex 1.702733e-02 4.694055e-02 2.087636e-02
endloop
endfacet
facet normal 0 0 0
outer loop
vertex 1.506440e-02 4.652136e-02 2.414269e-02
vertex 1.892458e-02 4.613060e-02 2.728955e-02
vertex 1.702733e-02 4.694055e-02 2.087636e-02
endloop
endfacet
facet normal 0 0 0
outer loop
vertex 1.702733e-02 4.694055e-02 2.087636e-02
vertex 1.892458e-02 4.613060e-02 2.728955e-02
vertex 2.259794e-02 4.499211e-02 2.627359e-02
endloop
endfacet
facet normal 0 0 0
outer loop
vertex 1.506440e-02 4.652136e-02 2.414269e-02
vertex 1.962034e-02 4.480311e-02 2.939977e-02
vertex 1.892458e-02 4.613060e-02 2.728955e-02
endloop
endfacet
facet normal 0 0 0
outer loop
vertex 2.166482e-02 4.797316e-02 -5.007197e-05
vertex 2.504828e-02 4.821650e-02 5.053952e-03
vertex 2.577187e-02 4.835023e-02 -3.840268e-03
endloop
endfacet
facet normal 0 0 0
outer loop
vertex 2.166482e-02 4.797316e-02 -5.007197e-05
vertex 2.247727e-02 4.902217e-02 5.527282e-03
vertex 2.504828e-02 4.821650e-02 5.053952e-03
endloop
endfacet
facet normal 0 0 0
outer loop
vertex 1.798096e-02 4.781917e-02 3.369252e-03
vertex 2.118568e-02 4.812445e-02 9.888162e-03
vertex 2.247727e-02 4.902217e-02 5.527282e-03
endloop
endfacet
facet normal 0 0 0
outer loop
vertex 2.577187e-02 4.835023e-02 -3.840268e-03
vertex 3.212918e-02 4.647297e-02 5.705051e-03
vertex 3.522155e-02 4.589006e-02 6.346031e-03
endloop
endfacet
facet normal 0 0 0
outer loop
vertex 2.623709e-02 4.731363e-02 1.923384e-03
vertex 2.504828e-02 4.821650e-02 5.053952e-03
vertex 3.212918e-02 4.647297e-02 5.705051e-03
endloop
endfacet
facet normal 0 0 0
outer loop
vertex 2.247727e-02 4.902217e-02 5.527282e-03
vertex 2.977424e-02 4.589317e-02 1.696256e-02
vertex 2.504828e-02 4.821650e-02 5.053952e-03
endloop
endfacet
facet normal 0 0 0
outer loop
vertex 2.504828e-02 4.821650e-02 5.053952e-03
vertex 2.977424e-02 4.589317e-02 1.696256e-02
vertex 3.212918e-02 4.647297e-02 5.705051e-03
endloop
endfacet
facet normal 0 0 0
outer loop
vertex 2.977424e-02 4.589317e-02 1.696256e-02
vertex 3.193069e-02 4.597001e-02 1.173809e-02
vertex 3.212918e-02 4.647297e-02 5.705051e-03
endloop
endfacet
facet normal 0 0 0
outer loop
vertex 2.118568e-02 4.812445e-02 9.888162e-03
vertex 1.981283e-02 4.852831e-02 1.332419e-02
vertex 2.453428e-02 4.723001e-02 1.618705e-02
endloop
endfacet
facet normal 0 0 0
outer loop
vertex 2.453428e-02 4.723001e-02 1.618705e-02
vertex 2.247727e-02 4.902217e-02 5.527282e-03
vertex 2.118568e-02 4.812445e-02 9.888162e-03
endloop
endfacet
facet normal 0 0 0
outer loop
vertex 2.259794e-02 4.499211e-02 2.627359e-02
vertex 2.778771e-02 4.518677e-02 2.211007e-02
vertex 1.981283e-02 4.852831e-02 1.332419e-02
endloop
endfacet
facet normal 0 0 0
outer loop
vertex 2.778771e-02 4.518677e-02 2.211007e-02
vertex 2.453428e-02 4.723001e-02 1.618705e-02
vertex 1.981283e-02 4.852831e-02 1.332419e-02
endloop
endfacet
facet normal 0 0 0
outer loop
vertex 2.778771e-02 4.518677e-02 2.211007e-02
vertex 2.909683e-02 4.640634e-02 1.962667e-02
vertex 2.453428e-02 4.723001e-02 1.618705e-02
endloop
endfacet
facet normal 0 0 0
outer loop
vertex 2.247727e-02 4.902217e-02 5.527282e-03
vertex 2.453428e-02 4.723001e-02 1.618705e-02
vertex 2.977424e-02 4.589317e-02 1.696256e-02
endloop
endfacet
facet normal 0 0 0
outer loop
vertex 2.453428e-02 4.723001e-02 1.618705e-02
vertex 2.909683e-02 4.640634e-02 1.962667e-02
vertex 2.977424e-02 4.589317e-02 1.696256e-02
endloop
endfacet
facet normal 0 0 0
outer loop
vertex 3.212918e-02 4.647297e-02 5.705051e-03
vertex 3.193069e-02 4.597001e-02 1.173809e-02
vertex 3.522155e-02 4.589006e-02 6.346031e-03
endloop
endfacet
facet normal 0 0 0
outer loop
vertex 1.962034e-02 4.480311e-02 2.939977e-02
vertex 2.259794e-02 4.499211e-02 2.627359e-02
vertex 1.892458e-02 4.613060e-02 2.728955e-02
endloop
endfacet
facet normal 0 0 0
outer loop
vertex 2.259794e-02 4.499211e-02 2.627359e-02
vertex 2.692451e-02 4.256136e-02 2.564735e-02
vertex 2.778771e-02 4.518677e-02 2.211007e-02
endloop
endfacet
facet normal 0 0 0
outer loop
vertex 4.668104e-02 4.904127e-03 9.027380e-04
vertex 4.777109e-02 9.299394e-03 -2.541772e-03
vertex 4.832037e-02 1.425856e-02 -1.498191e-03
endloop
endfacet
facet normal 0 0 0
outer loop
vertex 4.668104e-02 4.904127e-03 9.027380e-04
vertex 4.832037e-02 1.425856e-02 -1.498191e-03
vertex 4.601592e-02 1.898185e-03 8.606871e-03
endloop
endfacet
facet normal 0 0 0
outer loop
vertex 4.601592e-02 1.898185e-03 8.606871e-03
vertex 4.832037e-02 1.425856e-02 -1.498191e-03
vertex 4.953204e-02 1.784609e-02 1.090931e-02
endloop
endfacet
facet normal 0 0 0
outer loop
vertex 4.601592e-02 1.898185e-03 8.606871e-03
vertex 4.953204e-02 1.784609e-02 1.090931e-02
vertex 4.703951e-02 5.494172e-03 9.881525e-03
endloop
endfacet
facet normal 0 0 0
outer loop
vertex 4.446024e-02 7.384567e-03 1.667293e-02
vertex 4.488080e-02 1.212666e-02 1.700729e-02
vertex 4.256334e-02 3.807217e-03 1.909535e-02
endloop
endfacet
facet normal 0 0 0
outer loop
vertex 4.642841e-02 1.064795e-02 1.339815e-02
vertex 4.488080e-02 1.212666e-02 1.700729e-02
vertex 4.446024e-02 7.384567e-03 1.667293e-02
endloop
endfacet
facet normal 0 0 0
outer loop
vertex 4.488080e-02 1.212666e-02 1.700729e-02
vertex 4.753064e-02 1.658954e-02 1.322723e-02
vertex 4.376698e-02 1.860084e-02 2.232452e-02
endloop
endfacet
facet normal 0 0 0
outer loop
vertex 4.703951e-02 5.494172e-03 9.881525e-03
vertex 4.953204e-02 1.784609e-02 1.090931e-02
vertex 4.642841e-02 1.064795e-02 1.339815e-02
endloop
endfacet
facet normal 0 0 0
outer loop
vertex 4.953204e-02 1.784609e-02 1.090931e-02
vertex 4.753064e-02 1.658954e-02 1.322723e-02
vertex 4.642841e-02 1.064795e-02 1.339815e-02
endloop
endfacet
facet normal 0 0 0
outer loop
vertex 4.488080e-02 1.212666e-02 1.700729e-02
vertex 4.642841e-02 1.064795e-02 1.339815e-02
vertex 4.753064e-02 1.658954e-02 1.322723e-02
endloop
endfacet
facet normal 0 0 0
outer loop
vertex 4.832037e-02 1.425856e-02 -1.498191e-03
vertex 4.952487e-02 1.724888e-02 -8.176160e-03
vertex 4.953204e-02 1.784609e-02 1.090931e-02
endloop
endfacet
facet normal 0 0 0
outer loop
vertex 4.952487e-02 1.724888e-02 -8.176160e-03
vertex 4.867074e-02 2.052031e-02 -6.272337e-03
vertex 4.920907e-02 2.005735e-02 6.612789e-03
endloop
endfacet
facet normal 0 0 0
outer loop
vertex 4.952487e-02 1.724888e-02 -8.176160e-03
vertex 4.920907e-02 2.005735e-02 6.612789e-03
vertex 4.953204e-02 1.784609e-02 1.090931e-02
endloop
endfacet
facet normal 0 0 0
outer loop
vertex 4.953204e-02 1.784609e-02 1.090931e-02
vertex 4.920907e-02 2.005735e-02 6.612789e-03
vertex 4.812090e-02 2.378917e-02 1.015849e-02
endloop
endfacet
facet normal 0 0 0
outer loop
vertex 4.920907e-02 2.005735e-02 6.612789e-03
vertex 4.818057e-02 2.422117e-02 4.004826e-03
vertex 4.781907e-02 2.385978e-02 8.036018e-03
endloop
endfacet
facet normal 0 0 0
outer loop
vertex 4.920907e-02 2.005735e-02 6.612789e-03
vertex 4.781907e-02 2.385978e-02 8.036018e-03
vertex 4.812090e-02 2.378917e-02 1.015849e-02
endloop
endfacet
facet normal 0 0 0
outer loop
vertex 4.318916e-02 2.153612e-02 2.044923e-02
vertex 4.628090e-02 1.872825e-02 1.704433e-02
vertex 4.747397e-02 2.054587e-02 1.212796e-02
endloop
endfacet
facet normal 0 0 0
outer loop
vertex 4.330150e-02 2.825814e-02 1.729449e-02
vertex 4.244074e-02 2.459610e-02 2.128001e-02
vertex 4.318916e-02 2.153612e-02 2.044923e-02
endloop
endfacet
facet normal 0 0 0
outer loop
vertex 4.753064e-02 1.658954e-02 1.322723e-02
vertex 4.953204e-02 1.784609e-02 1.090931e-02
vertex 4.628090e-02 1.872825e-02 1.704433e-02
endloop
endfacet
facet normal 0 0 0
outer loop
vertex 4.747397e-02 2.054587e-02 1.212796e-02
vertex 4.628090e-02 1.872825e-02 1.704433e-02
vertex 4.953204e-02 1.784609e-02 1.090931e-02
endloop
endfacet
facet normal 0 0 0
outer loop
vertex 4.376698e-02 1.860084e-02 2.232452e-02
vertex 4.753064e-02 1.658954e-02 1.322723e-02
vertex 4.628090e-02 1.872825e-02 1.704433e-02
endloop
endfacet
facet normal 0 0 0
outer loop
vertex 4.469996e-02 2.827687e-02 1.257330e-02
vertex 4.747397e-02 2.054587e-02 1.212796e-02
vertex 4.812090e-02 2.378917e-02 1.015849e-02
endloop
endfacet
facet normal 0 0 0
outer loop
vertex 4.747397e-02 2.054587e-02 1.212796e-02
vertex 4.953204e-02 1.784609e-02 1.090931e-02
vertex 4.812090e-02 2.378917e-02 1.015849e-02
endloop
endfacet
facet normal 0 0 0
outer loop
vertex 4.256334e-02 3.807217e-03 1.909535e-02
vertex 3.955263e-02 4.506618e-03 2.624106e-02
vertex 3.843483e-02 -2.262504e-03 2.515532e-02
endloop
endfacet
facet normal 0 0 0
outer loop
vertex 4.256334e-02 3.807217e-03 1.909535e-02
vertex 4.178075e-02 1.968521e-02 2.698204e-02
vertex 3.955263e-02 4.506618e-03 2.624106e-02
endloop
endfacet
facet normal 0 0 0
outer loop
vertex 4.488080e-02 1.212666e-02 1.700729e-02
vertex 4.178075e-02 1.968521e-02 2.698204e-02
vertex 4.256334e-02 3.807217e-03 1.909535e-02
endloop
endfacet
facet normal 0 0 0
outer loop
vertex 4.488080e-02 1.212666e-02 1.700729e-02
vertex 4.376698e-02 1.860084e-02 2.232452e-02
vertex 4.178075e-02 1.968521e-02 2.698204e-02
endloop
endfacet
facet normal 0 0 0
outer loop
vertex 4.178075e-02 1.968521e-02 2.698204e-02
vertex 4.045169e-02 1.402572e-02 2.744571e-02
vertex 3.955263e-02 4.506618e-03 2.624106e-02
endloop
endfacet
facet normal 0 0 0
outer loop
vertex 4.376698e-02 1.860084e-02 2.232452e-02
vertex 4.318916e-02 2.153612e-02 2.044923e-02
vertex 4.178075e-02 1.968521e-02 2.698204e-02
endloop
endfacet
facet normal 0 0 0
outer loop
vertex 4.628090e-02 1.872825e-02 1.704433e-02
vertex 4.318916e-02 2.153612e-02 2.044923e-02
vertex 4.376698e-02 1.860084e-02 2.232452e-02
endloop
endfacet
facet normal 0 0 0
outer loop
vertex 4.318916e-02 2.153612e-02 2.044923e-02
vertex 4.064748e-02 2.308119e-02 2.645268e-02
vertex 4.178075e-02 1.968521e-02 2.698204e-02
endloop
endfacet
facet normal 0 0 0
outer loop
vertex 4.064748e-02 2.308119e-02 2.645268e-02
vertex 4.318916e-02 2.153612e-02 2.044923e-02
vertex 4.244074e-02 2.459610e-02 2.128001e-02
endloop
endfacet
facet normal 0 0 0
outer loop
vertex 4.612755e-02 3.033771e-02 8.902872e-03
vertex 4.427438e-02 3.572933e-02 5.580565e-03
vertex 4.374218e-02 3.458565e-02 1.128363e-02
endloop
endfacet
facet normal 0 0 0
outer loop
vertex 4.427438e-02 3.572933e-02 5.580565e-03
vertex 4.461253e-02 3.575885e-02 7.984949e-03
vertex 4.374218e-02 3.458565e-02 1.128363e-02
endloop
endfacet
facet normal 0 0 0
outer loop
vertex 4.818057e-02 2.422117e-02 4.004826e-03
vertex 4.760039e-02 2.710892e-02 1.523361e-03
vertex 4.781907e-02 2.385978e-02 8.036018e-03
endloop
endfacet
facet normal 0 0 0
outer loop
vertex 4.532819e-02 3.250441e-02 1.359607e-04
vertex 4.427438e-02 3.572933e-02 5.580565e-03
vertex 4.760039e-02 2.710892e-02 1.523361e-03
endloop
endfacet
facet normal 0 0 0
outer loop
vertex 4.646720e-02 3.095765e-02 -2.625284e-03
vertex 4.532819e-02 3.250441e-02 1.359607e-04
vertex 4.760039e-02 2.710892e-02 1.523361e-03
endloop
endfacet
facet normal 0 0 0
outer loop
vertex 4.427438e-02 3.572933e-02 5.580565e-03
vertex 4.781907e-02 2.385978e-02 8.036018e-03
vertex 4.760039e-02 2.710892e-02 1.523361e-03
endloop
endfacet
facet normal 0 0 0
outer loop
vertex 4.612755e-02 3.033771e-02 8.902872e-03
vertex 4.812090e-02 2.378917e-02 1.015849e-02
vertex 4.781907e-02 2.385978e-02 8.036018e-03
endloop
endfacet
facet normal 0 0 0
outer loop
vertex 4.781907e-02 2.385978e-02 8.036018e-03
vertex 4.427438e-02 3.572933e-02 5.580565e-03
vertex 4.612755e-02 3.033771e-02 8.902872e-03
endloop
endfacet
facet normal 0 0 0
outer loop
vertex 4.612755e-02 3.033771e-02 8.902872e-03
vertex 4.469996e-02 2.827687e-02 1.257330e-02
vertex 4.812090e-02 2.378917e-02 1.015849e-02
endloop
endfacet
facet normal 0 0 0
outer loop
vertex 4.469996e-02 2.827687e-02 1.257330e-02
vertex 4.612755e-02 3.033771e-02 8.902872e-03
vertex 4.374218e-02 3.458565e-02 1.128363e-02
endloop
endfacet
facet normal 0 0 0
outer loop
vertex 4.250182e-02 3.138479e-02 1.623681e-02
vertex 4.244074e-02 2.459610e-02 2.128001e-02
vertex 4.330150e-02 2.825814e-02 1.729449e-02
endloop
endfacet
facet normal 0 0 0
outer loop
vertex 4.469996e-02 2.827687e-02 1.257330e-02
vertex 4.330150e-02 2.825814e-02 1.729449e-02
vertex 4.318916e-02 2.153612e-02 2.044923e-02
endloop
endfacet
facet normal 0 0 0
outer loop
vertex 4.318916e-02 2.153612e-02 2.044923e-02
vertex 4.747397e-02 2.054587e-02 1.212796e-02
vertex 4.469996e-02 2.827687e-02 1.257330e-02
endloop
endfacet
facet normal 0 0 0
outer loop
vertex 4.250182e-02 3.138479e-02 1.623681e-02
vertex 4.330150e-02 2.825814e-02 1.729449e-02
vertex 4.469996e-02 2.827687e-02 1.257330e-02
endloop
endfacet
facet normal 0 0 0
outer loop
vertex 4.250182e-02 3.138479e-02 1.623681e-02
vertex 4.469996e-02 2.827687e-02 1.257330e-02
vertex 4.374218e-02 3.458565e-02 1.128363e-02
endloop
endfacet
facet normal 0 0 0
outer loop
vertex 4.374218e-02 3.458565e-02 1.128363e-02
vertex 4.063955e-02 3.508568e-02 1.798832e-02
vertex 4.250182e-02 3.138479e-02 1.623681e-02
endloop
endfacet
facet normal 0 0 0
outer loop
vertex 3.864267e-02 3.070486e-02 2.609320e-02
vertex 4.250182e-02 3.138479e-02 1.623681e-02
vertex 4.063955e-02 3.508568e-02 1.798832e-02
endloop
endfacet
facet normal 0 0 0
outer loop
vertex 3.945877e-02 4.137776e-02 -1.107324e-03
vertex 3.709297e-02 4.256150e-02 1.235383e-03
vertex 4.427438e-02 3.572933e-02 5.580565e-03
endloop
endfacet
facet normal 0 0 0
outer loop
vertex 4.427438e-02 3.572933e-02 5.580565e-03
vertex 3.709297e-02 4.256150e-02 1.235383e-03
vertex 4.461253e-02 3.575885e-02 7.984949e-03
endloop
endfacet
facet normal 0 0 0
outer loop
vertex 4.004550e-02 4.033802e-02 7.129015e-03
vertex 4.374218e-02 3.458565e-02 1.128363e-02
vertex 4.461253e-02 3.575885e-02 7.984949e-03
endloop
endfacet
facet normal 0 0 0
outer loop
vertex 4.461253e-02 3.575885e-02 7.984949e-03
vertex 3.709297e-02 4.256150e-02 1.235383e-03
vertex 4.004550e-02 4.033802e-02 7.129015e-03
endloop
endfacet
facet normal 0 0 0
outer loop
vertex 4.004550e-02 4.033802e-02 7.129015e-03
vertex 3.671134e-02 4.329371e-02 6.598578e-03
vertex 4.374218e-02 3.458565e-02 1.128363e-02
endloop
endfacet
facet normal 0 0 0
outer loop
vertex 3.864267e-02 3.070486e-02 2.609320e-02
vertex 4.064748e-02 2.308119e-02 2.645268e-02
vertex 4.244074e-02 2.459610e-02 2.128001e-02
endloop
endfacet
facet normal 0 0 0
outer loop
vertex 4.244074e-02 2.459610e-02 2.128001e-02
vertex 4.250182e-02 3.138479e-02 1.623681e-02
vertex 3.864267e-02 3.070486e-02 2.609320e-02
endloop
endfacet
endsolid /home/lambda1/Documents/thor-grasp/assets/rum_gripper/meshes/new_left_new.stl
