mtllib Tennis_Racquet_3.mtl
g Cube.1755
v 0.009034963 0.04481285 6.8612E-05
v 0.009034963 0.04505054 6.8612E-05
v 0.009034963 0.04493169 -0.0001372246
v -0.008847195 0.04493169 -0.0001372246
v -0.008847195 0.04505054 6.8612E-05
v -0.008847195 0.04481285 6.8612E-05
v 0.008382165 0.04585541 6.8612E-05
v 0.008382165 0.04609309 6.8612E-05
v 0.008382165 0.04597425 -0.0001372246
v -0.008149774 0.04597425 -0.0001372246
v -0.008149774 0.04609309 6.8612E-05
v -0.008149774 0.04585541 6.8612E-05
v 0.01073647 0.03690432 6.8612E-05
v 0.01073647 0.037142 6.8612E-05
v 0.01073647 0.03702316 -0.0001372246
v -0.01033828 0.03702316 -0.0001372246
v -0.01033828 0.037142 6.8612E-05
v -0.01033828 0.03690432 6.8612E-05
v 0.01073647 0.03586177 6.8612E-05
v 0.01073647 0.03609945 6.8612E-05
v 0.01073647 0.03598061 -0.0001372246
v -0.01033828 0.03598061 -0.0001372246
v -0.01033828 0.03609945 6.8612E-05
v -0.01033828 0.03586177 6.8612E-05
v 0.01039703 0.03463828 6.8612E-05
v 0.01039703 0.03487596 6.8612E-05
v 0.01039703 0.03475712 -0.0001372246
v -0.01018842 0.03475712 -0.0001372246
v -0.01018842 0.03487596 6.8612E-05
v -0.01018842 0.03463828 6.8612E-05
v 0.009571745 0.04358936 6.861199E-05
v 0.009571745 0.04382704 6.861199E-05
v 0.009571745 0.0437082 -0.0001372246
v -0.00943062 0.0437082 -0.0001372246
v -0.00943062 0.04382705 6.861199E-05
v -0.00943062 0.04358936 6.861199E-05
v 0.01032403 0.033472 6.8612E-05
v 0.01032403 0.03370968 6.8612E-05
v 0.01032403 0.03359084 -0.0001372246
v -0.01001687 0.03359084 -0.0001372246
v -0.01001687 0.03370968 6.8612E-05
v -0.01001687 0.033472 6.8612E-05
v 0.01010751 0.03245012 6.8612E-05
v 0.01010751 0.0326878 6.8612E-05
v 0.01010751 0.03256897 -0.0001372246
v -0.009848136 0.03256897 -0.0001372246
v -0.009848136 0.03268781 6.8612E-05
v -0.009848136 0.03245012 6.8612E-05
v 0.009571745 0.03140757 6.861199E-05
v 0.009571745 0.03164525 6.861199E-05
v 0.009571745 0.03152641 -0.0001372246
v -0.00943062 0.03152641 -0.0001372246
v -0.00943062 0.03164525 6.861199E-05
v -0.00943062 0.03140757 6.861199E-05
v 0.009034963 0.03018408 6.8612E-05
v 0.009034963 0.03042176 6.8612E-05
v 0.009034963 0.03030292 -0.0001372246
v -0.008847195 0.03030292 -0.0001372246
v -0.008847195 0.03042176 6.8612E-05
v -0.008847195 0.03018408 6.8612E-05
v 0.008382165 0.02904675 6.8612E-05
v 0.008382165 0.02928443 6.8612E-05
v 0.008382165 0.02916559 -0.0001372246
v -0.008149776 0.02916559 -0.0001372246
v -0.008149776 0.02928443 6.8612E-05
v -0.008149776 0.02904675 6.8612E-05
v 0.01010751 0.04242308 6.8612E-05
v 0.01010751 0.04266076 6.8612E-05
v 0.01010751 0.04254192 -0.0001372246
v -0.009848136 0.04254192 -0.0001372246
v -0.009848136 0.04266076 6.8612E-05
v -0.009848136 0.04242308 6.8612E-05
v 0.01032403 0.0414012 6.8612E-05
v 0.01032403 0.04163889 6.8612E-05
v 0.01032403 0.04152005 -0.0001372246
v -0.01001687 0.04152005 -0.0001372246
v -0.01001687 0.04163889 6.8612E-05
v -0.01001687 0.04140121 6.8612E-05
v 0.01039703 0.04035866 6.8612E-05
v 0.01039703 0.04059633 6.8612E-05
v 0.01039703 0.04047749 -0.0001372246
v -0.01018842 0.04047749 -0.0001372246
v -0.01018842 0.04059633 6.8612E-05
v -0.01018842 0.04035866 6.8612E-05
v 0.01073647 0.03913516 6.8612E-05
v 0.01073647 0.03937284 6.8612E-05
v 0.01073647 0.039254 -0.0001372246
v -0.01033828 0.039254 -0.0001372246
v -0.01033828 0.03937284 6.8612E-05
v -0.01033828 0.03913516 6.8612E-05
v 0.01073647 0.03799783 6.8612E-05
v 0.01073647 0.03823551 6.8612E-05
v 0.01073647 0.03811667 -0.0001372246
v -0.01033828 0.03811667 -0.0001372246
v -0.01033828 0.03823551 6.8612E-05
v -0.01033828 0.03799783 6.8612E-05
v 0.008100452 0.02830189 6.8612E-05
v 0.008100452 0.02853956 6.8612E-05
v 0.008100452 0.02842073 -0.0001372246
v -0.007851952 0.02842073 -0.0001372246
v -0.007851952 0.02853957 6.8612E-05
v -0.007851952 0.02830189 6.8612E-05
v 0.007672164 0.02725933 6.861199E-05
v 0.007672164 0.02749701 6.861199E-05
v 0.007672164 0.02737817 -0.0001372246
v -0.007518192 0.02737817 -0.0001372246
v -0.007518192 0.02749701 6.861199E-05
v -0.007518192 0.02725933 6.861199E-05
v 0.006797231 0.02603584 6.8612E-05
v 0.006797231 0.02627352 6.8612E-05
v 0.006797231 0.02615468 -0.0001372246
v -0.00660486 0.02615468 -0.0001372246
v -0.00660486 0.02627352 6.8612E-05
v -0.00660486 0.02603584 6.8612E-05
v 0.006307981 0.02489851 6.8612E-05
v 0.006307981 0.02513619 6.8612E-05
v 0.006307981 0.02501735 -0.0001372246
v -0.006082166 0.02501735 -0.0001372246
v -0.006082166 0.02513619 6.8612E-05
v -0.006082166 0.02489851 6.8612E-05
v 0.005911603 0.04851133 6.8612E-05
v 0.005911603 0.048749 6.8612E-05
v 0.005911603 0.04863017 -0.0001372246
v -0.005729942 0.04863017 -0.0001372246
v -0.005729942 0.048749 6.8612E-05
v -0.005729942 0.04851133 6.8612E-05
v 0.007086541 0.04728783 6.861199E-05
v 0.007086541 0.04752551 6.861199E-05
v 0.007086541 0.04740668 -0.0001372246
v -0.006939307 0.04740668 -0.0001372246
v -0.006939307 0.04752552 6.861199E-05
v -0.006939307 0.04728783 6.861199E-05
v -0.00710335 0.04704972 6.8612E-05
v -0.00734103 0.04704972 6.8612E-05
v -0.00722219 0.04704972 -0.0001372246
v -0.00722219 0.02697928 -0.0001372246
v -0.00734103 0.02697928 6.8612E-05
v -0.00710335 0.02697928 6.8612E-05
v -0.008145902 0.045718 6.8612E-05
v -0.008383583 0.045718 6.8612E-05
v -0.008264744 0.045718 -0.0001372246
v -0.008264744 0.02880497 -0.0001372246
v -0.008383583 0.02880497 6.8612E-05
v -0.008145902 0.02880497 6.8612E-05
v 0.0008051796 0.05052083 6.8612E-05
v 0.0005674995 0.05052083 6.8612E-05
v 0.0006863393 0.05052083 -0.0001372246
v 0.0006863393 0.02307594 -0.0001372246
v 0.0005674995 0.02307594 6.8612E-05
v 0.0008051796 0.02307594 6.8612E-05
v 0.001847733 0.05052083 6.8612E-05
v 0.001610053 0.05052083 6.8612E-05
v 0.001728893 0.05052083 -0.0001372246
v 0.001728893 0.02307594 -0.0001372246
v 0.001610053 0.02307594 6.8612E-05
v 0.001847733 0.02307594 6.8612E-05
v 0.003071225 0.04982837 6.8612E-05
v 0.002833545 0.04982837 6.8612E-05
v 0.002952385 0.04982837 -0.0001372246
v 0.002952385 0.02346824 -0.0001372246
v 0.002833545 0.02346824 6.8612E-05
v 0.003071225 0.02346824 6.8612E-05
v -0.005879858 0.04814477 6.861199E-05
v -0.006117538 0.04814477 6.861199E-05
v -0.005998698 0.04814477 -0.0001372246
v -0.005998698 0.025452 -0.0001372246
v -0.006117538 0.025452 6.861199E-05
v -0.005879858 0.025452 6.861199E-05
v 0.004237506 0.04967944 6.8612E-05
v 0.003999826 0.04967944 6.8612E-05
v 0.004118666 0.04967944 -0.0001372246
v 0.004118666 0.02391732 -0.0001372246
v 0.003999826 0.02391732 6.8612E-05
v 0.004237506 0.02391732 6.8612E-05
v 0.00525938 0.04923774 6.8612E-05
v 0.005021701 0.04923774 6.8612E-05
v 0.00514054 0.04923774 -0.0001372246
v 0.00514054 0.02435903 -0.0001372246
v 0.005021701 0.02435903 6.8612E-05
v 0.00525938 0.02435903 6.8612E-05
v 0.006301933 0.04814477 6.861199E-05
v 0.006064253 0.04814477 6.861199E-05
v 0.006183093 0.04814477 -0.0001372246
v 0.006183093 0.025452 -0.0001372246
v 0.006064253 0.025452 6.861199E-05
v 0.006301933 0.025452 6.861199E-05
v 0.007525425 0.04704972 6.8612E-05
v 0.007287746 0.04704972 6.8612E-05
v 0.007406585 0.04704972 -0.0001372246
v 0.007406585 0.02697928 -0.0001372246
v 0.007287746 0.02697928 6.8612E-05
v 0.007525425 0.02697928 6.8612E-05
v 0.008662757 0.045718 6.8612E-05
v 0.008425076 0.045718 6.8612E-05
v 0.008543917 0.045718 -0.0001372246
v 0.008543917 0.02880497 -0.0001372246
v 0.008425076 0.02880497 6.8612E-05
v 0.008662757 0.02880497 6.8612E-05
v -0.004713577 0.04923774 6.8612E-05
v -0.004951257 0.04923774 6.8612E-05
v -0.004832417 0.04923774 -0.0001372246
v -0.004832417 0.02435903 -0.0001372246
v -0.004951257 0.02435903 6.8612E-05
v -0.004713577 0.02435903 6.8612E-05
v -0.003691703 0.04967944 6.8612E-05
v -0.003929383 0.04967944 6.8612E-05
v -0.003810543 0.04967944 -0.0001372246
v -0.003810543 0.02391732 -0.0001372246
v -0.003929383 0.02391732 6.8612E-05
v -0.003691703 0.02391732 6.8612E-05
v -0.00264915 0.04982837 6.8612E-05
v -0.002886829 0.04982837 6.8612E-05
v -0.002767989 0.04982837 -0.0001372246
v -0.002767989 0.02346824 -0.0001372246
v -0.002886829 0.02346824 6.8612E-05
v -0.00264915 0.02346824 6.8612E-05
v -0.001425658 0.05052083 6.8612E-05
v -0.001663337 0.05052083 6.8612E-05
v -0.001544497 0.05052083 -0.0001372246
v -0.001544497 0.02307594 -0.0001372246
v -0.001663337 0.02307594 6.8612E-05
v -0.001425658 0.02307594 6.8612E-05
v -0.0002883267 0.05052083 6.8612E-05
v -0.0005260062 0.05052083 6.8612E-05
v -0.0004071665 0.05052083 -0.0001372246
v -0.0004071665 0.02307594 -0.0001372246
v -0.0005260062 0.02307594 6.8612E-05
v -0.0002883267 0.02307594 6.8612E-05
v -0.008847195 0.04505054 6.8612E-05
v -0.008847195 0.04493169 -0.0001372246
v 0.009034963 0.04493169 -0.0001372246
v 0.009034963 0.04505054 6.8612E-05
v -0.008847195 0.04493169 -0.0001372246
v -0.008847195 0.04481285 6.8612E-05
v 0.009034963 0.04481285 6.8612E-05
v 0.009034963 0.04493169 -0.0001372246
v -0.008847195 0.04481285 6.8612E-05
v -0.008847195 0.04505054 6.8612E-05
v 0.009034963 0.04505054 6.8612E-05
v 0.009034963 0.04481285 6.8612E-05
v -0.008149774 0.04609309 6.8612E-05
v -0.008149774 0.04597425 -0.0001372246
v 0.008382165 0.04597425 -0.0001372246
v 0.008382165 0.04609309 6.8612E-05
v -0.008149774 0.04597425 -0.0001372246
v -0.008149774 0.04585541 6.8612E-05
v 0.008382165 0.04585541 6.8612E-05
v 0.008382165 0.04597425 -0.0001372246
v -0.008149774 0.04585541 6.8612E-05
v -0.008149774 0.04609309 6.8612E-05
v 0.008382165 0.04609309 6.8612E-05
v 0.008382165 0.04585541 6.8612E-05
v -0.01033828 0.03702316 -0.0001372246
v -0.01033828 0.03690432 6.8612E-05
v 0.01073647 0.03690432 6.8612E-05
v 0.01073647 0.03702316 -0.0001372246
v -0.01033828 0.03690432 6.8612E-05
v -0.01033828 0.037142 6.8612E-05
v 0.01073647 0.037142 6.8612E-05
v 0.01073647 0.03690432 6.8612E-05
v -0.01033828 0.037142 6.8612E-05
v -0.01033828 0.03702316 -0.0001372246
v 0.01073647 0.03702316 -0.0001372246
v 0.01073647 0.037142 6.8612E-05
v -0.01033828 0.03598061 -0.0001372246
v -0.01033828 0.03586177 6.8612E-05
v 0.01073647 0.03586177 6.8612E-05
v 0.01073647 0.03598061 -0.0001372246
v -0.01033828 0.03586177 6.8612E-05
v -0.01033828 0.03609945 6.8612E-05
v 0.01073647 0.03609945 6.8612E-05
v 0.01073647 0.03586177 6.8612E-05
v -0.01033828 0.03609945 6.8612E-05
v -0.01033828 0.03598061 -0.0001372246
v 0.01073647 0.03598061 -0.0001372246
v 0.01073647 0.03609945 6.8612E-05
v -0.01018842 0.03475712 -0.0001372246
v -0.01018842 0.03463828 6.8612E-05
v 0.01039703 0.03463828 6.8612E-05
v 0.01039703 0.03475712 -0.0001372246
v -0.01018842 0.03463828 6.8612E-05
v -0.01018842 0.03487596 6.8612E-05
v 0.01039703 0.03487596 6.8612E-05
v 0.01039703 0.03463828 6.8612E-05
v -0.01018842 0.03487596 6.8612E-05
v -0.01018842 0.03475712 -0.0001372246
v 0.01039703 0.03475712 -0.0001372246
v 0.01039703 0.03487596 6.8612E-05
v -0.00943062 0.04382705 6.861199E-05
v -0.00943062 0.0437082 -0.0001372246
v 0.009571745 0.0437082 -0.0001372246
v 0.009571745 0.04382704 6.861199E-05
v -0.00943062 0.0437082 -0.0001372246
v -0.00943062 0.04358936 6.861199E-05
v 0.009571745 0.04358936 6.861199E-05
v 0.009571745 0.0437082 -0.0001372246
v -0.00943062 0.04358936 6.861199E-05
v -0.00943062 0.04382705 6.861199E-05
v 0.009571745 0.04382704 6.861199E-05
v 0.009571745 0.04358936 6.861199E-05
v -0.01001687 0.03359084 -0.0001372246
v -0.01001687 0.033472 6.8612E-05
v 0.01032403 0.033472 6.8612E-05
v 0.01032403 0.03359084 -0.0001372246
v -0.01001687 0.03370968 6.8612E-05
v -0.01001687 0.03359084 -0.0001372246
v 0.01032403 0.03359084 -0.0001372246
v 0.01032403 0.03370968 6.8612E-05
v -0.01001687 0.033472 6.8612E-05
v -0.01001687 0.03370968 6.8612E-05
v 0.01032403 0.03370968 6.8612E-05
v 0.01032403 0.033472 6.8612E-05
v -0.009848136 0.03256897 -0.0001372246
v -0.009848136 0.03245012 6.8612E-05
v 0.01010751 0.03245012 6.8612E-05
v 0.01010751 0.03256897 -0.0001372246
v -0.009848136 0.03245012 6.8612E-05
v -0.009848136 0.03268781 6.8612E-05
v 0.01010751 0.0326878 6.8612E-05
v 0.01010751 0.03245012 6.8612E-05
v -0.009848136 0.03268781 6.8612E-05
v -0.009848136 0.03256897 -0.0001372246
v 0.01010751 0.03256897 -0.0001372246
v 0.01010751 0.0326878 6.8612E-05
v -0.00943062 0.03152641 -0.0001372246
v -0.00943062 0.03140757 6.861199E-05
v 0.009571745 0.03140757 6.861199E-05
v 0.009571745 0.03152641 -0.0001372246
v -0.00943062 0.03140757 6.861199E-05
v -0.00943062 0.03164525 6.861199E-05
v 0.009571745 0.03164525 6.861199E-05
v 0.009571745 0.03140757 6.861199E-05
v -0.00943062 0.03164525 6.861199E-05
v -0.00943062 0.03152641 -0.0001372246
v 0.009571745 0.03152641 -0.0001372246
v 0.009571745 0.03164525 6.861199E-05
v -0.008847195 0.03030292 -0.0001372246
v -0.008847195 0.03018408 6.8612E-05
v 0.009034963 0.03018408 6.8612E-05
v 0.009034963 0.03030292 -0.0001372246
v -0.008847195 0.03018408 6.8612E-05
v -0.008847195 0.03042176 6.8612E-05
v 0.009034963 0.03042176 6.8612E-05
v 0.009034963 0.03018408 6.8612E-05
v -0.008847195 0.03042176 6.8612E-05
v -0.008847195 0.03030292 -0.0001372246
v 0.009034963 0.03030292 -0.0001372246
v 0.009034963 0.03042176 6.8612E-05
v -0.008149776 0.02916559 -0.0001372246
v -0.008149776 0.02904675 6.8612E-05
v 0.008382165 0.02904675 6.8612E-05
v 0.008382165 0.02916559 -0.0001372246
v -0.008149776 0.02904675 6.8612E-05
v -0.008149776 0.02928443 6.8612E-05
v 0.008382165 0.02928443 6.8612E-05
v 0.008382165 0.02904675 6.8612E-05
v -0.008149776 0.02928443 6.8612E-05
v -0.008149776 0.02916559 -0.0001372246
v 0.008382165 0.02916559 -0.0001372246
v 0.008382165 0.02928443 6.8612E-05
v -0.009848136 0.04254192 -0.0001372246
v -0.009848136 0.04242308 6.8612E-05
v 0.01010751 0.04242308 6.8612E-05
v 0.01010751 0.04254192 -0.0001372246
v -0.009848136 0.04266076 6.8612E-05
v -0.009848136 0.04254192 -0.0001372246
v 0.01010751 0.04254192 -0.0001372246
v 0.01010751 0.04266076 6.8612E-05
v -0.009848136 0.04242308 6.8612E-05
v -0.009848136 0.04266076 6.8612E-05
v 0.01010751 0.04266076 6.8612E-05
v 0.01010751 0.04242308 6.8612E-05
v -0.01001687 0.04152005 -0.0001372246
v -0.01001687 0.04140121 6.8612E-05
v 0.01032403 0.0414012 6.8612E-05
v 0.01032403 0.04152005 -0.0001372246
v -0.01001687 0.04140121 6.8612E-05
v -0.01001687 0.04163889 6.8612E-05
v 0.01032403 0.04163889 6.8612E-05
v 0.01032403 0.0414012 6.8612E-05
v -0.01001687 0.04163889 6.8612E-05
v -0.01001687 0.04152005 -0.0001372246
v 0.01032403 0.04152005 -0.0001372246
v 0.01032403 0.04163889 6.8612E-05
v -0.01018842 0.04047749 -0.0001372246
v -0.01018842 0.04035866 6.8612E-05
v 0.01039703 0.04035866 6.8612E-05
v 0.01039703 0.04047749 -0.0001372246
v -0.01018842 0.04035866 6.8612E-05
v -0.01018842 0.04059633 6.8612E-05
v 0.01039703 0.04059633 6.8612E-05
v 0.01039703 0.04035866 6.8612E-05
v -0.01018842 0.04059633 6.8612E-05
v -0.01018842 0.04047749 -0.0001372246
v 0.01039703 0.04047749 -0.0001372246
v 0.01039703 0.04059633 6.8612E-05
v -0.01033828 0.039254 -0.0001372246
v -0.01033828 0.03913516 6.8612E-05
v 0.01073647 0.03913516 6.8612E-05
v 0.01073647 0.039254 -0.0001372246
v -0.01033828 0.03913516 6.8612E-05
v -0.01033828 0.03937284 6.8612E-05
v 0.01073647 0.03937284 6.8612E-05
v 0.01073647 0.03913516 6.8612E-05
v -0.01033828 0.03937284 6.8612E-05
v -0.01033828 0.039254 -0.0001372246
v 0.01073647 0.039254 -0.0001372246
v 0.01073647 0.03937284 6.8612E-05
v -0.01033828 0.03811667 -0.0001372246
v -0.01033828 0.03799783 6.8612E-05
v 0.01073647 0.03799783 6.8612E-05
v 0.01073647 0.03811667 -0.0001372246
v -0.01033828 0.03799783 6.8612E-05
v -0.01033828 0.03823551 6.8612E-05
v 0.01073647 0.03823551 6.8612E-05
v 0.01073647 0.03799783 6.8612E-05
v -0.01033828 0.03823551 6.8612E-05
v -0.01033828 0.03811667 -0.0001372246
v 0.01073647 0.03811667 -0.0001372246
v 0.01073647 0.03823551 6.8612E-05
v -0.007851952 0.02842073 -0.0001372246
v -0.007851952 0.02830189 6.8612E-05
v 0.008100452 0.02830189 6.8612E-05
v 0.008100452 0.02842073 -0.0001372246
v -0.007851952 0.02830189 6.8612E-05
v -0.007851952 0.02853957 6.8612E-05
v 0.008100452 0.02853956 6.8612E-05
v 0.008100452 0.02830189 6.8612E-05
v -0.007851952 0.02853957 6.8612E-05
v -0.007851952 0.02842073 -0.0001372246
v 0.008100452 0.02842073 -0.0001372246
v 0.008100452 0.02853956 6.8612E-05
v -0.007518192 0.02737817 -0.0001372246
v -0.007518192 0.02725933 6.861199E-05
v 0.007672164 0.02725933 6.861199E-05
v 0.007672164 0.02737817 -0.0001372246
v -0.007518192 0.02725933 6.861199E-05
v -0.007518192 0.02749701 6.861199E-05
v 0.007672164 0.02749701 6.861199E-05
v 0.007672164 0.02725933 6.861199E-05
v -0.007518192 0.02749701 6.861199E-05
v -0.007518192 0.02737817 -0.0001372246
v 0.007672164 0.02737817 -0.0001372246
v 0.007672164 0.02749701 6.861199E-05
v -0.00660486 0.02615468 -0.0001372246
v -0.00660486 0.02603584 6.8612E-05
v 0.006797231 0.02603584 6.8612E-05
v 0.006797231 0.02615468 -0.0001372246
v -0.00660486 0.02603584 6.8612E-05
v -0.00660486 0.02627352 6.8612E-05
v 0.006797231 0.02627352 6.8612E-05
v 0.006797231 0.02603584 6.8612E-05
v -0.00660486 0.02627352 6.8612E-05
v -0.00660486 0.02615468 -0.0001372246
v 0.006797231 0.02615468 -0.0001372246
v 0.006797231 0.02627352 6.8612E-05
v -0.006082166 0.02501735 -0.0001372246
v -0.006082166 0.02489851 6.8612E-05
v 0.006307981 0.02489851 6.8612E-05
v 0.006307981 0.02501735 -0.0001372246
v -0.006082166 0.02489851 6.8612E-05
v -0.006082166 0.02513619 6.8612E-05
v 0.006307981 0.02513619 6.8612E-05
v 0.006307981 0.02489851 6.8612E-05
v -0.006082166 0.02513619 6.8612E-05
v -0.006082166 0.02501735 -0.0001372246
v 0.006307981 0.02501735 -0.0001372246
v 0.006307981 0.02513619 6.8612E-05
v -0.005729942 0.048749 6.8612E-05
v -0.005729942 0.04863017 -0.0001372246
v 0.005911603 0.04863017 -0.0001372246
v 0.005911603 0.048749 6.8612E-05
v -0.005729942 0.04863017 -0.0001372246
v -0.005729942 0.04851133 6.8612E-05
v 0.005911603 0.04851133 6.8612E-05
v 0.005911603 0.04863017 -0.0001372246
v -0.005729942 0.04851133 6.8612E-05
v -0.005729942 0.048749 6.8612E-05
v 0.005911603 0.048749 6.8612E-05
v 0.005911603 0.04851133 6.8612E-05
v -0.006939307 0.04752552 6.861199E-05
v -0.006939307 0.04740668 -0.0001372246
v 0.007086541 0.04740668 -0.0001372246
v 0.007086541 0.04752551 6.861199E-05
v -0.006939307 0.04740668 -0.0001372246
v -0.006939307 0.04728783 6.861199E-05
v 0.007086541 0.04728783 6.861199E-05
v 0.007086541 0.04740668 -0.0001372246
v -0.006939307 0.04728783 6.861199E-05
v -0.006939307 0.04752552 6.861199E-05
v 0.007086541 0.04752551 6.861199E-05
v 0.007086541 0.04728783 6.861199E-05
v -0.00734103 0.02697928 6.8612E-05
v -0.00722219 0.02697928 -0.0001372246
v -0.00722219 0.04704972 -0.0001372246
v -0.00734103 0.04704972 6.8612E-05
v -0.00722219 0.02697928 -0.0001372246
v -0.00710335 0.02697928 6.8612E-05
v -0.00710335 0.04704972 6.8612E-05
v -0.00722219 0.04704972 -0.0001372246
v -0.00710335 0.02697928 6.8612E-05
v -0.00734103 0.02697928 6.8612E-05
v -0.00734103 0.04704972 6.8612E-05
v -0.00710335 0.04704972 6.8612E-05
v -0.008383583 0.02880497 6.8612E-05
v -0.008264744 0.02880497 -0.0001372246
v -0.008264744 0.045718 -0.0001372246
v -0.008383583 0.045718 6.8612E-05
v -0.008264744 0.02880497 -0.0001372246
v -0.008145902 0.02880497 6.8612E-05
v -0.008145902 0.045718 6.8612E-05
v -0.008264744 0.045718 -0.0001372246
v -0.008145902 0.02880497 6.8612E-05
v -0.008383583 0.02880497 6.8612E-05
v -0.008383583 0.045718 6.8612E-05
v -0.008145902 0.045718 6.8612E-05
v 0.0006863393 0.02307594 -0.0001372246
v 0.0008051796 0.02307594 6.8612E-05
v 0.0008051796 0.05052083 6.8612E-05
v 0.0006863393 0.05052083 -0.0001372246
v 0.0008051796 0.02307594 6.8612E-05
v 0.0005674995 0.02307594 6.8612E-05
v 0.0005674995 0.05052083 6.8612E-05
v 0.0008051796 0.05052083 6.8612E-05
v 0.0005674995 0.02307594 6.8612E-05
v 0.0006863393 0.02307594 -0.0001372246
v 0.0006863393 0.05052083 -0.0001372246
v 0.0005674995 0.05052083 6.8612E-05
v 0.001728893 0.02307594 -0.0001372246
v 0.001847733 0.02307594 6.8612E-05
v 0.001847733 0.05052083 6.8612E-05
v 0.001728893 0.05052083 -0.0001372246
v 0.001847733 0.02307594 6.8612E-05
v 0.001610053 0.02307594 6.8612E-05
v 0.001610053 0.05052083 6.8612E-05
v 0.001847733 0.05052083 6.8612E-05
v 0.001610053 0.02307594 6.8612E-05
v 0.001728893 0.02307594 -0.0001372246
v 0.001728893 0.05052083 -0.0001372246
v 0.001610053 0.05052083 6.8612E-05
v 0.002952385 0.02346824 -0.0001372246
v 0.003071225 0.02346824 6.8612E-05
v 0.003071225 0.04982837 6.8612E-05
v 0.002952385 0.04982837 -0.0001372246
v 0.003071225 0.02346824 6.8612E-05
v 0.002833545 0.02346824 6.8612E-05
v 0.002833545 0.04982837 6.8612E-05
v 0.003071225 0.04982837 6.8612E-05
v 0.002833545 0.02346824 6.8612E-05
v 0.002952385 0.02346824 -0.0001372246
v 0.002952385 0.04982837 -0.0001372246
v 0.002833545 0.04982837 6.8612E-05
v -0.006117538 0.025452 6.861199E-05
v -0.005998698 0.025452 -0.0001372246
v -0.005998698 0.04814477 -0.0001372246
v -0.006117538 0.04814477 6.861199E-05
v -0.005998698 0.025452 -0.0001372246
v -0.005879858 0.025452 6.861199E-05
v -0.005879858 0.04814477 6.861199E-05
v -0.005998698 0.04814477 -0.0001372246
v -0.005879858 0.025452 6.861199E-05
v -0.006117538 0.025452 6.861199E-05
v -0.006117538 0.04814477 6.861199E-05
v -0.005879858 0.04814477 6.861199E-05
v 0.004118666 0.02391732 -0.0001372246
v 0.004237506 0.02391732 6.8612E-05
v 0.004237506 0.04967944 6.8612E-05
v 0.004118666 0.04967944 -0.0001372246
v 0.003999826 0.02391732 6.8612E-05
v 0.004118666 0.02391732 -0.0001372246
v 0.004118666 0.04967944 -0.0001372246
v 0.003999826 0.04967944 6.8612E-05
v 0.004237506 0.02391732 6.8612E-05
v 0.003999826 0.02391732 6.8612E-05
v 0.003999826 0.04967944 6.8612E-05
v 0.004237506 0.04967944 6.8612E-05
v 0.00514054 0.02435903 -0.0001372246
v 0.00525938 0.02435903 6.8612E-05
v 0.00525938 0.04923774 6.8612E-05
v 0.00514054 0.04923774 -0.0001372246
v 0.00525938 0.02435903 6.8612E-05
v 0.005021701 0.02435903 6.8612E-05
v 0.005021701 0.04923774 6.8612E-05
v 0.00525938 0.04923774 6.8612E-05
v 0.005021701 0.02435903 6.8612E-05
v 0.00514054 0.02435903 -0.0001372246
v 0.00514054 0.04923774 -0.0001372246
v 0.005021701 0.04923774 6.8612E-05
v 0.006183093 0.025452 -0.0001372246
v 0.006301933 0.025452 6.861199E-05
v 0.006301933 0.04814477 6.861199E-05
v 0.006183093 0.04814477 -0.0001372246
v 0.006301933 0.025452 6.861199E-05
v 0.006064253 0.025452 6.861199E-05
v 0.006064253 0.04814477 6.861199E-05
v 0.006301933 0.04814477 6.861199E-05
v 0.006064253 0.025452 6.861199E-05
v 0.006183093 0.025452 -0.0001372246
v 0.006183093 0.04814477 -0.0001372246
v 0.006064253 0.04814477 6.861199E-05
v 0.007406585 0.02697928 -0.0001372246
v 0.007525425 0.02697928 6.8612E-05
v 0.007525425 0.04704972 6.8612E-05
v 0.007406585 0.04704972 -0.0001372246
v 0.007525425 0.02697928 6.8612E-05
v 0.007287746 0.02697928 6.8612E-05
v 0.007287746 0.04704972 6.8612E-05
v 0.007525425 0.04704972 6.8612E-05
v 0.007287746 0.02697928 6.8612E-05
v 0.007406585 0.02697928 -0.0001372246
v 0.007406585 0.04704972 -0.0001372246
v 0.007287746 0.04704972 6.8612E-05
v 0.008543917 0.02880497 -0.0001372246
v 0.008662757 0.02880497 6.8612E-05
v 0.008662757 0.045718 6.8612E-05
v 0.008543917 0.045718 -0.0001372246
v 0.008662757 0.02880497 6.8612E-05
v 0.008425076 0.02880497 6.8612E-05
v 0.008425076 0.045718 6.8612E-05
v 0.008662757 0.045718 6.8612E-05
v 0.008425076 0.02880497 6.8612E-05
v 0.008543917 0.02880497 -0.0001372246
v 0.008543917 0.045718 -0.0001372246
v 0.008425076 0.045718 6.8612E-05
v -0.004832417 0.02435903 -0.0001372246
v -0.004713577 0.02435903 6.8612E-05
v -0.004713577 0.04923774 6.8612E-05
v -0.004832417 0.04923774 -0.0001372246
v -0.004951257 0.02435903 6.8612E-05
v -0.004832417 0.02435903 -0.0001372246
v -0.004832417 0.04923774 -0.0001372246
v -0.004951257 0.04923774 6.8612E-05
v -0.004713577 0.02435903 6.8612E-05
v -0.004951257 0.02435903 6.8612E-05
v -0.004951257 0.04923774 6.8612E-05
v -0.004713577 0.04923774 6.8612E-05
v -0.003810543 0.02391732 -0.0001372246
v -0.003691703 0.02391732 6.8612E-05
v -0.003691703 0.04967944 6.8612E-05
v -0.003810543 0.04967944 -0.0001372246
v -0.003691703 0.02391732 6.8612E-05
v -0.003929383 0.02391732 6.8612E-05
v -0.003929383 0.04967944 6.8612E-05
v -0.003691703 0.04967944 6.8612E-05
v -0.003929383 0.02391732 6.8612E-05
v -0.003810543 0.02391732 -0.0001372246
v -0.003810543 0.04967944 -0.0001372246
v -0.003929383 0.04967944 6.8612E-05
v -0.002767989 0.02346824 -0.0001372246
v -0.00264915 0.02346824 6.8612E-05
v -0.00264915 0.04982837 6.8612E-05
v -0.002767989 0.04982837 -0.0001372246
v -0.00264915 0.02346824 6.8612E-05
v -0.002886829 0.02346824 6.8612E-05
v -0.002886829 0.04982837 6.8612E-05
v -0.00264915 0.04982837 6.8612E-05
v -0.002886829 0.02346824 6.8612E-05
v -0.002767989 0.02346824 -0.0001372246
v -0.002767989 0.04982837 -0.0001372246
v -0.002886829 0.04982837 6.8612E-05
v -0.001544497 0.02307594 -0.0001372246
v -0.001425658 0.02307594 6.8612E-05
v -0.001425658 0.05052083 6.8612E-05
v -0.001544497 0.05052083 -0.0001372246
v -0.001425658 0.02307594 6.8612E-05
v -0.001663337 0.02307594 6.8612E-05
v -0.001663337 0.05052083 6.8612E-05
v -0.001425658 0.05052083 6.8612E-05
v -0.001663337 0.02307594 6.8612E-05
v -0.001544497 0.02307594 -0.0001372246
v -0.001544497 0.05052083 -0.0001372246
v -0.001663337 0.05052083 6.8612E-05
v -0.0004071665 0.02307594 -0.0001372246
v -0.0002883267 0.02307594 6.8612E-05
v -0.0002883267 0.05052083 6.8612E-05
v -0.0004071665 0.05052083 -0.0001372246
v -0.0002883267 0.02307594 6.8612E-05
v -0.0005260062 0.02307594 6.8612E-05
v -0.0005260062 0.05052083 6.8612E-05
v -0.0002883267 0.05052083 6.8612E-05
v -0.0005260062 0.02307594 6.8612E-05
v -0.0004071665 0.02307594 -0.0001372246
v -0.0004071665 0.05052083 -0.0001372246
v -0.0005260062 0.05052083 6.8612E-05
v 0.0001105198 0.01276501 -0.0002523069
v 2.749724E-05 0.01163819 -0.0002213427
v 0.0008276803 0.01163819 -0.0005788399
v 0.001022642 0.01276501 -0.0006598153
v 0.001339191 0.01424033 -0.0005646036
v 0.000563949 0.01433079 -0.0002158989
v 0.002567536 0.01790581 -0.0005646
v 0.001839217 0.01818641 -0.0002158953
v -0.001512045 0.01419991 0.0002158989
v -0.002719426 0.01778045 0.0002159025
v -0.001991107 0.01806105 0.0005646072
v -0.0007368029 0.01429037 0.0005646036
v -0.00125665 0.01276501 0.0002523069
v -0.0003445282 0.01276501 0.0006598153
v -0.001171888 0.01163819 0.0002213427
v -0.0003717052 0.01163819 0.0005788399
v -0.001991107 0.01806105 0.0005646072
v -0.003522339 0.02196395 -0.0002158963
v -0.001665717 0.01818641 -0.0002158953
v -0.003816015 0.02177593 0.0005646061
v -0.005695587 0.02551587 -0.0002076008
v -0.005977981 0.02533508 0.000542918
v -0.007306403 0.02787199 -0.0002076041
v -0.007603195 0.02771596 0.0005429147
v -0.009022407 0.03186704 -0.0002076008
v -0.009350591 0.03179828 0.000542918
v -0.001165691 0.01424033 -0.0005646036
v -0.002394035 0.01790581 -0.0005646
v -0.002719426 0.01778045 0.0002159025
v -0.001512045 0.01419991 0.0002158989
v -0.000849142 0.01276501 -0.0006598153
v -0.00125665 0.01276501 0.0002523069
v -0.0008143907 0.01163819 -0.0005788399
v -0.001171888 0.01163819 0.0002213427
v -0.0007368029 0.01429037 0.0005646036
v -0.001991107 0.01806105 0.0005646072
v -0.001665717 0.01818641 -0.0002158953
v -0.0003904482 0.01433079 -0.0002158989
v -0.0003445282 0.01276501 0.0006598153
v 6.298022E-05 0.01276501 -0.0002523069
v -0.0003717052 0.01163819 0.0005788399
v -1.420806E-05 0.01163819 -0.0002213427
v -0.0003904482 0.01433079 -0.0002158989
v -0.001665717 0.01818641 -0.0002158953
v -0.002394035 0.01790581 -0.0005646
v -0.001165691 0.01424033 -0.0005646036
v 6.298022E-05 0.01276501 -0.0002523069
v -0.000849142 0.01276501 -0.0006598153
v -1.420806E-05 0.01163819 -0.0002213427
v -0.0008143907 0.01163819 -0.0005788399
v -0.004473347 0.0213551 0.0002159014
v -0.006610061 0.02493042 0.0002076091
v -0.005977981 0.02533508 0.000542918
v -0.003816015 0.02177593 0.0005646061
v -0.002719426 0.01778045 0.0002159025
v -0.001991107 0.01806105 0.0005646072
v -0.001665717 0.01818641 -0.0002158953
v -0.00417967 0.02154312 -0.000564601
v -0.002394035 0.01790581 -0.0005646
v -0.003522339 0.02196395 -0.0002158963
v -0.006327667 0.02511121 -0.0005429098
v -0.005695587 0.02551587 -0.0002076008
v -0.007970707 0.02752274 -0.000542913
v -0.007306403 0.02787199 -0.0002076041
v -0.002394035 0.01790581 -0.0005646
v -0.004473347 0.0213551 0.0002159014
v -0.002719426 0.01778045 0.0002159025
v -0.00417967 0.02154312 -0.000564601
v -0.006610061 0.02493042 0.0002076091
v -0.006327667 0.02511121 -0.0005429098
v -0.0082675 0.02736671 0.0002076058
v -0.007970707 0.02752274 -0.000542913
v -0.01008516 0.03164439 0.0002076091
v -0.009756976 0.03171314 -0.0005429098
v -0.006610061 0.02493042 0.0002076091
v -0.007603195 0.02771596 0.0005429147
v -0.005977981 0.02533508 0.000542918
v -0.0082675 0.02736671 0.0002076058
v -0.009350591 0.03179828 0.000542918
v -0.01008516 0.03164439 0.0002076091
v -0.01008516 0.03164439 0.0002076091
v -0.01011417 0.03604557 0.0005429183
v -0.009350591 0.03179828 0.000542918
v -0.01086466 0.03605203 0.0002076094
v -0.009721096 0.04136883 0.0005429098
v -0.01046711 0.04145088 0.0002076008
v -0.007306403 0.02787199 -0.0002076041
v -0.009022407 0.03186704 -0.0002076008
v -0.009756976 0.03171314 -0.0005429098
v -0.007970707 0.02752274 -0.000542913
v -0.01052936 0.03604914 -0.0005429094
v -0.01013382 0.04141422 -0.000542918
v -0.01046711 0.04145088 0.0002076008
v -0.01086466 0.03605203 0.0002076094
v -0.009756976 0.03171314 -0.0005429098
v -0.01008516 0.03164439 0.0002076091
v -0.009350591 0.03179828 0.000542918
v -0.009778873 0.03604268 -0.0002076005
v -0.009022407 0.03186704 -0.0002076008
v -0.01011417 0.03604557 0.0005429183
v -0.009387796 0.04133218 -0.0002076091
v -0.009721096 0.04136883 0.0005429098
v -0.009022407 0.03186704 -0.0002076008
v -0.01052936 0.03604914 -0.0005429094
v -0.009756976 0.03171314 -0.0005429098
v -0.009778873 0.03604268 -0.0002076005
v -0.01013382 0.04141422 -0.000542918
v -0.009387796 0.04133218 -0.0002076091
v -0.009721096 0.04136883 0.0005429098
v -0.008053322 0.04514474 -0.0002197167
v -0.009387796 0.04133218 -0.0002076091
v -0.008343262 0.04534933 0.0005745521
v -0.005954081 0.04753955 -0.0002197152
v -0.006161855 0.04782722 0.0005745536
v -0.009387796 0.04133218 -0.0002076091
v -0.008702288 0.04560268 -0.0005745718
v -0.01013382 0.04141422 -0.000542918
v -0.008053322 0.04514474 -0.0002197167
v -0.006419141 0.04818343 -0.0005745703
v -0.005954081 0.04753955 -0.0002197152
v -0.0035808 0.0498267 -0.0005745697
v -0.003436396 0.04904567 -0.0002197146
v -0.01046711 0.04145088 0.0002076008
v -0.008343262 0.04534933 0.0005745521
v -0.009721096 0.04136883 0.0005429098
v -0.008992228 0.04580727 0.000219697
v -0.006161855 0.04782722 0.0005745536
v -0.006626916 0.0484711 0.0002196984
v -0.003500909 0.04939462 0.0005745542
v -0.003645313 0.05017564 0.0002196991
v -0.01013382 0.04141422 -0.000542918
v -0.008992228 0.04580727 0.000219697
v -0.01046711 0.04145088 0.0002076008
v -0.008702288 0.04560268 -0.0005745718
v -0.006626916 0.0484711 0.0002196984
v -0.006419141 0.04818343 -0.0005745703
v -0.006161855 0.04782722 0.0005745536
v -0.003500909 0.04939462 0.0005745542
v -0.003436396 0.04904567 -0.0002197146
v -0.005954081 0.04753955 -0.0002197152
v -0.003436396 0.04904567 -0.0002197146
v 8.675022E-05 0.05048202 -0.0005745797
v -0.0035808 0.0498267 -0.0005745697
v 8.675022E-05 0.04968776 -0.0002197246
v 0.003609897 0.04904567 -0.0002197146
v 0.0037543 0.0498267 -0.0005745697
v 0.006127581 0.04753955 -0.0002197152
v 0.006592641 0.04818343 -0.0005745703
v -0.006419141 0.04818343 -0.0005745703
v -0.0035808 0.0498267 -0.0005745697
v -0.003645313 0.05017564 0.0002196991
v -0.006626916 0.0484711 0.0002196984
v 8.675022E-05 0.05048202 -0.0005745797
v 8.675022E-05 0.05083688 0.0002196891
v 8.675022E-05 0.05004262 0.0005745442
v 8.675022E-05 0.04968776 -0.0002197246
v -0.003645313 0.05017564 0.0002196991
v 8.675022E-05 0.05004262 0.0005745442
v -0.003500909 0.04939462 0.0005745542
v 8.675022E-05 0.05083688 0.0002196891
v 0.003818814 0.05017564 0.0002196991
v 0.00367441 0.04939462 0.0005745542
v -0.0035808 0.0498267 -0.0005745697
v 8.675022E-05 0.05083688 0.0002196891
v -0.003645313 0.05017564 0.0002196991
v 8.675022E-05 0.05048202 -0.0005745797
v 0.0037543 0.0498267 -0.0005745697
v 0.003818814 0.05017564 0.0002196991
v -0.003500909 0.04939462 0.0005745542
v 8.675022E-05 0.04968776 -0.0002197246
v -0.003436396 0.04904567 -0.0002197146
v 8.675022E-05 0.05004262 0.0005745442
v 0.00367441 0.04939462 0.0005745542
v 0.003609897 0.04904567 -0.0002197146
v 0.0005180282 0.01276501 0.0006598153
v 0.0003849945 0.01163819 0.0005788399
v 2.749724E-05 0.01163819 -0.0002213427
v 0.0001105198 0.01276501 -0.0002523069
v 0.000563949 0.01433079 -0.0002158989
v 0.000910303 0.01429037 0.0005646036
v 0.001839217 0.01818641 -0.0002158953
v 0.002164608 0.01806105 0.0005646072
v 0.001685546 0.01419991 0.0002158989
v 0.002164608 0.01806105 0.0005646072
v 0.002892926 0.01778045 0.0002159025
v 0.000910303 0.01429037 0.0005646036
v 0.001430151 0.01276501 0.0002523069
v 0.0005180282 0.01276501 0.0006598153
v 0.0003849945 0.01163819 0.0005788399
v 0.001185177 0.01163819 0.0002213427
v 0.002164608 0.01806105 0.0005646072
v 0.001839217 0.01818641 -0.0002158953
v 0.00369584 0.02196395 -0.0002158963
v 0.003989515 0.02177593 0.0005646061
v 0.005869087 0.02551587 -0.0002076008
v 0.006151481 0.02533508 0.000542918
v 0.007479903 0.02787199 -0.0002076041
v 0.007776695 0.02771596 0.0005429147
v 0.009195907 0.03186704 -0.0002076008
v 0.009524091 0.03179828 0.000542918
v 0.001339191 0.01424033 -0.0005646036
v 0.002892926 0.01778045 0.0002159025
v 0.002567536 0.01790581 -0.0005646
v 0.001685546 0.01419991 0.0002158989
v 0.001022642 0.01276501 -0.0006598153
v 0.001430151 0.01276501 0.0002523069
v 0.001185177 0.01163819 0.0002213427
v 0.0008276803 0.01163819 -0.0005788399
v 0.004646848 0.0213551 0.0002159014
v 0.006151481 0.02533508 0.000542918
v 0.006783561 0.02493042 0.0002076091
v 0.003989515 0.02177593 0.0005646061
v 0.002892926 0.01778045 0.0002159025
v 0.002164608 0.01806105 0.0005646072
v 0.001839217 0.01818641 -0.0002158953
v 0.002567536 0.01790581 -0.0005646
v 0.004353171 0.02154312 -0.000564601
v 0.00369584 0.02196395 -0.0002158963
v 0.006501167 0.02511121 -0.0005429098
v 0.005869087 0.02551587 -0.0002076008
v 0.008144208 0.02752274 -0.000542913
v 0.007479903 0.02787199 -0.0002076041
v 0.002567536 0.01790581 -0.0005646
v 0.002892926 0.01778045 0.0002159025
v 0.004646848 0.0213551 0.0002159014
v 0.004353171 0.02154312 -0.000564601
v 0.006783561 0.02493042 0.0002076091
v 0.006501167 0.02511121 -0.0005429098
v 0.008440999 0.02736671 0.0002076058
v 0.008144208 0.02752274 -0.000542913
v 0.01025866 0.03164439 0.0002076091
v 0.009930477 0.03171314 -0.0005429098
v 0.006783561 0.02493042 0.0002076091
v 0.006151481 0.02533508 0.000542918
v 0.007776695 0.02771596 0.0005429147
v 0.008440999 0.02736671 0.0002076058
v 0.009524091 0.03179828 0.000542918
v 0.01025866 0.03164439 0.0002076091
v 0.01025866 0.03164439 0.0002076091
v 0.009524091 0.03179828 0.000542918
v 0.01028767 0.03604557 0.0005429183
v 0.01103816 0.03605203 0.0002076094
v 0.009894596 0.04136883 0.0005429098
v 0.01064061 0.04145088 0.0002076008
v 0.007479903 0.02787199 -0.0002076041
v 0.008144208 0.02752274 -0.000542913
v 0.009930477 0.03171314 -0.0005429098
v 0.009195907 0.03186704 -0.0002076008
v 0.01070286 0.03604914 -0.0005429094
v 0.01064061 0.04145088 0.0002076008
v 0.01030732 0.04141422 -0.000542918
v 0.01103816 0.03605203 0.0002076094
v 0.009930477 0.03171314 -0.0005429098
v 0.01025866 0.03164439 0.0002076091
v 0.009524091 0.03179828 0.000542918
v 0.009195907 0.03186704 -0.0002076008
v 0.009952373 0.03604268 -0.0002076005
v 0.01028767 0.03604557 0.0005429183
v 0.009561296 0.04133218 -0.0002076091
v 0.009894596 0.04136883 0.0005429098
v 0.009195907 0.03186704 -0.0002076008
v 0.009930477 0.03171314 -0.0005429098
v 0.01070286 0.03604914 -0.0005429094
v 0.009952373 0.03604268 -0.0002076005
v 0.01030732 0.04141422 -0.000542918
v 0.009561296 0.04133218 -0.0002076091
v 0.009894596 0.04136883 0.0005429098
v 0.009561296 0.04133218 -0.0002076091
v 0.008226821 0.04514474 -0.0002197167
v 0.008516761 0.04534933 0.0005745521
v 0.006127581 0.04753955 -0.0002197152
v 0.006335355 0.04782722 0.0005745536
v 0.009561296 0.04133218 -0.0002076091
v 0.01030732 0.04141422 -0.000542918
v 0.008875789 0.04560268 -0.0005745718
v 0.008226821 0.04514474 -0.0002197167
v 0.006592641 0.04818343 -0.0005745703
v 0.006127581 0.04753955 -0.0002197152
v 0.01064061 0.04145088 0.0002076008
v 0.009894596 0.04136883 0.0005429098
v 0.008516761 0.04534933 0.0005745521
v 0.009165728 0.04580727 0.000219697
v 0.006335355 0.04782722 0.0005745536
v 0.006800415 0.0484711 0.0002196984
v 0.00367441 0.04939462 0.0005745542
v 0.003818814 0.05017564 0.0002196991
v 0.01030732 0.04141422 -0.000542918
v 0.01064061 0.04145088 0.0002076008
v 0.009165728 0.04580727 0.000219697
v 0.008875789 0.04560268 -0.0005745718
v 0.006800415 0.0484711 0.0002196984
v 0.006592641 0.04818343 -0.0005745703
v 0.006335355 0.04782722 0.0005745536
v 0.006127581 0.04753955 -0.0002197152
v 0.003609897 0.04904567 -0.0002197146
v 0.00367441 0.04939462 0.0005745542
v 0.006592641 0.04818343 -0.0005745703
v 0.006800415 0.0484711 0.0002196984
v 0.003818814 0.05017564 0.0002196991
v 0.0037543 0.0498267 -0.0005745697
v -0.0008143907 0.01163819 -0.0005788399
v -0.001171888 0.01163819 0.0002213427
v -0.0003717052 0.01163819 0.0005788399
v -1.420806E-05 0.01163819 -0.0002213427
v 0.0008276803 0.01163819 -0.0005788399
v 2.749724E-05 0.01163819 -0.0002213427
v 0.0003849945 0.01163819 0.0005788399
v 0.001185177 0.01163819 0.0002213427
v -0.006170989 0.02502069 -0.0004699695
v -0.005773441 0.02553455 -0.0001797092
v -0.005951054 0.02530497 0.0004699777
v -0.006348602 0.02479112 0.0001797174
v -0.003507055 0.02367567 0.0004699801
v -0.001390148 0.02244606 0.0001797223
v -0.003750284 0.02307324 0.0001797198
v -0.00146229 0.02309173 0.0004699826
v 0.00013967 0.02229184 0.0001797233
v 0.00013967 0.02294108 0.0004699836
v 0.001741629 0.02309173 0.0004699826
v 0.001669488 0.02244606 0.0001797223
v 0.003786395 0.02367567 0.0004699801
v 0.004029624 0.02307324 0.0001797198
v -0.005951054 0.02530497 0.0004699777
v -0.003507055 0.02367567 0.0004699801
v -0.003750284 0.02307324 0.0001797198
v -0.006348602 0.02479112 0.0001797174
v -0.006348602 0.02479112 0.0001797174
v -0.003750284 0.02307324 0.0001797198
v -0.003641617 0.02334238 -0.0004699671
v -0.006170989 0.02502069 -0.0004699695
v -0.005773441 0.02553455 -0.0001797092
v -0.003507055 0.02367567 0.0004699801
v -0.005951054 0.02530497 0.0004699777
v -0.003398386 0.02394482 -0.0001797068
v -0.00146229 0.02309173 0.0004699826
v -0.001494519 0.02338019 -0.0001797043
v 0.00013967 0.02294108 0.0004699836
v 0.00013967 0.02323114 -0.0001797033
v 0.001773859 0.02338019 -0.0001797043
v 0.001741629 0.02309173 0.0004699826
v 0.003677726 0.02394482 -0.0001797068
v 0.003786395 0.02367567 0.0004699801
v 0.005980877 0.02553455 -0.0001797092
v 0.006158489 0.02530497 0.0004699777
v -0.006170989 0.02502069 -0.0004699695
v -0.003641617 0.02334238 -0.0004699671
v -0.003398386 0.02394482 -0.0001797068
v -0.005773441 0.02553455 -0.0001797092
v -0.003750284 0.02307324 0.0001797198
v -0.001422378 0.02273453 -0.0004699646
v -0.003641617 0.02334238 -0.0004699671
v -0.001390148 0.02244606 0.0001797223
v 0.00013967 0.0225819 -0.0004699636
v 0.00013967 0.02229184 0.0001797233
v 0.001669488 0.02244606 0.0001797223
v 0.001701718 0.02273453 -0.0004699646
v 0.004029624 0.02307324 0.0001797198
v 0.003920957 0.02334238 -0.0004699671
v -0.003641617 0.02334238 -0.0004699671
v -0.001494519 0.02338019 -0.0001797043
v -0.003398386 0.02394482 -0.0001797068
v -0.001422378 0.02273453 -0.0004699646
v 0.00013967 0.02323114 -0.0001797033
v 0.00013967 0.0225819 -0.0004699636
v 0.001701718 0.02273453 -0.0004699646
v 0.001773859 0.02338019 -0.0001797043
v 0.003920957 0.02334238 -0.0004699671
v 0.003677726 0.02394482 -0.0001797068
v 0.00013967 0.0225819 -0.0004699636
v 0.00013967 0.02229184 0.0001797233
v 0.00013967 0.02294108 0.0004699836
v 0.00013967 0.02323114 -0.0001797033
v 0.006378425 0.02502069 -0.0004699695
v 0.006556037 0.02479112 0.0001797174
v 0.006158489 0.02530497 0.0004699777
v 0.005980877 0.02553455 -0.0001797092
v 0.006158489 0.02530497 0.0004699777
v 0.006556037 0.02479112 0.0001797174
v 0.004029624 0.02307324 0.0001797198
v 0.003786395 0.02367567 0.0004699801
v 0.006556037 0.02479112 0.0001797174
v 0.006378425 0.02502069 -0.0004699695
v 0.003920957 0.02334238 -0.0004699671
v 0.004029624 0.02307324 0.0001797198
v 0.006378425 0.02502069 -0.0004699695
v 0.005980877 0.02553455 -0.0001797092
v 0.003677726 0.02394482 -0.0001797068
v 0.003920957 0.02334238 -0.0004699671
v 0 0.01260513 0.001008864
v -0.0009837125 0.01230372 0.0009238999
v -0.0009958991 0.01260513 0.0007566483
v 0 0.01230372 0.001231866
v 0 0.01213358 0.001306201
v -0.0009796504 0.01213358 0.0009796504
v -0.000987691 0.01204976 0.000987691
v 0.0009837125 0.01230372 0.0009238999
v 0.0009958991 0.01260513 0.0007566483
v 0.0009796504 0.01213358 0.0009796504
v 0.000987691 0.01204976 0.000987691
v 0 0.01204976 0.001316921
v 0 0.01200732 0.001349084
v -0.001011813 0.01200732 0.001011813
v 0.001011813 0.01200732 0.001011813
v -0.001035935 0.01193264 0.001035935
v 0.001035935 0.01193264 0.001035935
v 0 0.01193264 0.001381247
v 0 0.01175213 0.001391967
v -0.001043975 0.01175213 0.001043975
v 0.001043975 0.01175213 0.001043975
v -0.00104555 0.01157208 0.00104555
v 0.00104555 0.01157208 0.00104555
v 0 0.01157208 0.001394066
v -0.001327865 0.01260513 0
v -0.0009837125 0.01230372 -0.0009238999
v -0.0009958991 0.01260513 -0.0007566483
v -0.001311617 0.01230372 0
v -0.001306201 0.01213358 0
v -0.0009796504 0.01213358 -0.0009796504
v -0.000987691 0.01204976 -0.000987691
v -0.0009837125 0.01230372 0.0009238999
v -0.0009958991 0.01260513 0.0007566483
v -0.0009796504 0.01213358 0.0009796504
v -0.000987691 0.01204976 0.000987691
v -0.001316921 0.01204976 0
v -0.001349084 0.01200732 0
v -0.001011813 0.01200732 -0.001011813
v -0.001011813 0.01200732 0.001011813
v -0.001035935 0.01193264 -0.001035935
v -0.001035935 0.01193264 0.001035935
v -0.001381246 0.01193264 0
v -0.001391967 0.01175213 0
v -0.001043975 0.01175213 -0.001043975
v -0.001043975 0.01175213 0.001043975
v -0.00104555 0.01157208 -0.00104555
v -0.00104555 0.01157208 0.00104555
v -0.001394066 0.01157208 0
v 0.001327865 0.01260513 0
v 0.0009837125 0.01230372 0.0009238999
v 0.0009958991 0.01260513 0.0007566483
v 0.001311617 0.01230372 0
v 0.001306201 0.01213358 0
v 0.0009796504 0.01213358 0.0009796504
v 0.000987691 0.01204976 0.000987691
v 0.0009837125 0.01230372 -0.0009238999
v 0.0009958991 0.01260513 -0.0007566483
v 0.0009796504 0.01213358 -0.0009796504
v 0.000987691 0.01204976 -0.000987691
v 0.001316921 0.01204976 0
v 0.001349084 0.01200732 0
v 0.001011813 0.01200732 0.001011813
v 0.001011813 0.01200732 -0.001011813
v 0.001035935 0.01193264 0.001035935
v 0.001035935 0.01193264 -0.001035935
v 0.001381246 0.01193264 0
v 0.001391967 0.01175213 0
v 0.001043975 0.01175213 0.001043975
v 0.001043975 0.01175213 -0.001043975
v 0.00104555 0.01157208 0.00104555
v 0.00104555 0.01157208 -0.00104555
v 0.001394066 0.01157208 0
v 0 0.01260513 -0.001008864
v 0.0009837125 0.01230372 -0.0009238999
v 0.0009958991 0.01260513 -0.0007566483
v 0 0.01230372 -0.001231866
v 0 0.01213358 -0.001306201
v 0.0009796504 0.01213358 -0.0009796504
v 0.000987691 0.01204976 -0.000987691
v -0.0009837125 0.01230372 -0.0009238999
v -0.0009958991 0.01260513 -0.0007566483
v -0.0009796504 0.01213358 -0.0009796504
v -0.000987691 0.01204976 -0.000987691
v 0 0.01204976 -0.001316921
v 0 0.01200732 -0.001349084
v 0.001011813 0.01200732 -0.001011813
v -0.001011813 0.01200732 -0.001011813
v 0.001035935 0.01193264 -0.001035935
v -0.001035935 0.01193264 -0.001035935
v 0 0.01193264 -0.001381246
v 0 0.01175213 -0.001391967
v 0.001043975 0.01175213 -0.001043975
v -0.001043975 0.01175213 -0.001043975
v 0.00104555 0.01157208 -0.00104555
v -0.00104555 0.01157208 -0.00104555
v 0 0.01157208 -0.001394066
v 0 0.01260513 0.001008864
v 0.0007425174 0.01280904 0.0004944056
v 0.0009958991 0.01260513 0.0007566483
v 0.001327865 0.01260513 0
v 0 0.01288041 0.0006079802
v 0 0.01297217 0
v -0.0007425174 0.01280904 0.0004944056
v -0.0009958991 0.01260513 0.0007566483
v -0.001327865 0.01260513 0
v 0.001006732 0.01288041 0
v 0.0007425174 0.01280904 -0.0004944056
v 0.0009958991 0.01260513 -0.0007566483
v 0 0.01260513 -0.001008864
v -0.001006732 0.01288041 0
v -0.0007425174 0.01280904 -0.0004944056
v -0.0009958991 0.01260513 -0.0007566483
v 0 0.01288041 -0.0006079802
v 0.001620044 -0.003630525 0
v 0.001272063 -0.003472516 -0.001272063
v 0.001215033 -0.003630525 -0.001215033
v 0.001696085 -0.003472516 0
v 0.001721431 -0.003234765 0
v 0.001291074 -0.003234765 -0.001291074
v 0.001272942 -0.002957143 -0.001272942
v 0.001272063 -0.003472516 0.001272063
v 0.001215033 -0.003630525 0.001215033
v 0.001291074 -0.003234765 0.001291074
v 0.001272942 -0.002957143 0.001272942
v 0.001697256 -0.002957143 0
v 0.001624731 -0.00267952 0
v 0.001218548 -0.00267952 -0.001218548
v 0.001218548 -0.00267952 0.001218548
v 0.001152972 -0.00235612 -0.001152972
v 0.001152972 -0.00235612 0.001152972
v 0.001537296 -0.00235612 0
v 0.001468394 -0.001941163 0
v 0.001101296 -0.001941163 -0.001101296
v 0.001101296 -0.001941163 0.001101296
v 0.00106775 2.42942E-05 -0.00106775
v 0.00106775 2.42942E-05 0.00106775
v 0.001423667 2.42942E-05 0
v 0.001408758 0.004999197 0
v 0.001056569 0.004999197 -0.001056569
v 0.001056569 0.004999197 0.001056569
v 0.001054994 0.009863902 -0.001054994
v 0.001054994 0.009863902 0.001054994
v 0.001406659 0.009863901 0
v 0 -0.003630525 -0.001620044
v -0.001272063 -0.003472516 -0.001272063
v -0.001215033 -0.003630525 -0.001215033
v 0 -0.003472516 -0.001696085
v 0 -0.003234765 -0.001721431
v -0.001291074 -0.003234765 -0.001291074
v -0.001272942 -0.002957143 -0.001272942
v 0.001272063 -0.003472516 -0.001272063
v 0.001215033 -0.003630525 -0.001215033
v 0.001291074 -0.003234765 -0.001291074
v 0.001272942 -0.002957143 -0.001272942
v 0 -0.002957143 -0.001697256
v 0 -0.00267952 -0.001624731
v -0.001218548 -0.00267952 -0.001218548
v 0.001218548 -0.00267952 -0.001218548
v -0.001152972 -0.00235612 -0.001152972
v 0.001152972 -0.00235612 -0.001152972
v 0 -0.00235612 -0.001537296
v 0 -0.001941163 -0.001468394
v -0.001101296 -0.001941163 -0.001101296
v 0.001101296 -0.001941163 -0.001101296
v -0.00106775 2.42942E-05 -0.00106775
v 0.00106775 2.42942E-05 -0.00106775
v 0 2.42942E-05 -0.001423667
v 0 0.004999197 -0.001408758
v -0.001056569 0.004999197 -0.001056569
v 0.001056569 0.004999197 -0.001056569
v -0.001054994 0.009863902 -0.001054994
v 0.001054994 0.009863902 -0.001054994
v 0 0.009863901 -0.001406659
v -0.001620044 -0.003630525 0
v -0.001272063 -0.003472516 0.001272063
v -0.001215033 -0.003630525 0.001215033
v -0.001696085 -0.003472516 0
v -0.001721431 -0.003234765 0
v -0.001291074 -0.003234765 0.001291074
v -0.001272942 -0.002957143 0.001272942
v -0.001272063 -0.003472516 -0.001272063
v -0.001215033 -0.003630525 -0.001215033
v -0.001291074 -0.003234765 -0.001291074
v -0.001272942 -0.002957143 -0.001272942
v -0.001697256 -0.002957143 0
v -0.001624731 -0.00267952 0
v -0.001218548 -0.00267952 0.001218548
v -0.001218548 -0.00267952 -0.001218548
v -0.001152972 -0.00235612 0.001152972
v -0.001152972 -0.00235612 -0.001152972
v -0.001537296 -0.00235612 0
v -0.001468394 -0.001941163 0
v -0.001101296 -0.001941163 0.001101296
v -0.001101296 -0.001941163 -0.001101296
v -0.00106775 2.42942E-05 0.00106775
v -0.00106775 2.42942E-05 -0.00106775
v -0.001423667 2.42942E-05 0
v -0.001408758 0.004999197 0
v -0.001056569 0.004999197 0.001056569
v -0.001056569 0.004999197 -0.001056569
v -0.001054994 0.009863902 0.001054994
v -0.001054994 0.009863902 -0.001054994
v -0.001406659 0.009863901 0
v 0 -0.003630525 0.001620044
v 0.001272063 -0.003472516 0.001272063
v 0.001215033 -0.003630525 0.001215033
v 0 -0.003472516 0.001696085
v 0 -0.003234765 0.001721431
v 0.001291074 -0.003234765 0.001291074
v 0.001272942 -0.002957143 0.001272942
v -0.001272063 -0.003472516 0.001272063
v -0.001215033 -0.003630525 0.001215033
v -0.001291074 -0.003234765 0.001291074
v -0.001272942 -0.002957143 0.001272942
v 0 -0.002957143 0.001697256
v 0 -0.00267952 0.001624731
v 0.001218548 -0.00267952 0.001218548
v -0.001218548 -0.00267952 0.001218548
v 0.001152972 -0.00235612 0.001152972
v -0.001152972 -0.00235612 0.001152972
v 0 -0.00235612 0.001537296
v 0 -0.001941163 0.001468394
v 0.001101296 -0.001941163 0.001101296
v -0.001101296 -0.001941163 0.001101296
v 0.00106775 2.42942E-05 0.00106775
v -0.00106775 2.42942E-05 0.00106775
v 0 2.42942E-05 0.001423667
v 0 0.004999197 0.001408758
v 0.001056569 0.004999197 0.001056569
v -0.001056569 0.004999197 0.001056569
v 0.001054994 0.009863902 0.001054994
v -0.001054994 0.009863902 0.001054994
v 0 0.009863902 0.001406659
v 0 0.01149876 0.001400363
v 0 0.009863902 0.001406659
v -0.001054994 0.009863902 0.001054994
v -0.001050272 0.01149876 0.001050272
v 0.001054994 0.009863902 0.001054994
v 0.001050272 0.01149876 0.001050272
v -0.001400363 0.01149876 0
v -0.001050272 0.01149876 0.001050272
v -0.001054994 0.009863902 0.001054994
v -0.001050272 0.01149876 -0.001050272
v -0.001406659 0.009863901 0
v -0.001054994 0.009863902 -0.001054994
v 0 0.01149876 -0.001400363
v -0.001050272 0.01149876 -0.001050272
v -0.001054994 0.009863902 -0.001054994
v 0.001050272 0.01149876 -0.001050272
v 0 0.009863901 -0.001406659
v 0.001054994 0.009863902 -0.001054994
v 0.001400363 0.01149876 0
v 0.001050272 0.01149876 -0.001050272
v 0.001054994 0.009863902 -0.001054994
v 0.001050272 0.01149876 0.001050272
v 0.001406659 0.009863901 0
v 0.001054994 0.009863902 0.001054994
v 0.001620044 -0.003630525 0
v 0.0008774942 -0.003696156 0.0008774942
v 0.001215033 -0.003630525 0.001215033
v 0 -0.003630525 0.001620044
v 0.00116434 -0.003719128 0
v 0 -0.003748662 0
v 0.0008774942 -0.003696156 -0.0008774942
v 0.001215033 -0.003630525 -0.001215033
v 0 -0.003630525 -0.001620044
v 0 -0.003719128 0.00116434
v -0.0008774942 -0.003696156 0.0008774942
v -0.001215033 -0.003630525 0.001215033
v -0.001620044 -0.003630525 0
v 0 -0.003719128 -0.00116434
v -0.0008774942 -0.003696156 -0.0008774942
v -0.001215033 -0.003630525 -0.001215033
v -0.00116434 -0.003719128 0
vn 1 0 0
vn 1 0 0
vn 1 0 0
vn -1 0 0
vn -1 0 0
vn -1 0 0
vn 1 0 0
vn 1 0 0
vn 1 0 0
vn -1 0 0
vn -1 0 0
vn -1 0 0
vn 1 0 0
vn 1 0 0
vn 1 0 0
vn -1 0 0
vn -1 0 0
vn -1 0 0
vn 1 0 0
vn 1 0 0
vn 1 0 0
vn -1 0 0
vn -1 0 0
vn -1 0 0
vn 1 0 0
vn 1 0 0
vn 1 0 0
vn -1 0 0
vn -1 0 0
vn -1 0 0
vn 1 0 0
vn 1 0 0
vn 1 0 0
vn -1 0 0
vn -1 0 0
vn -1 0 0
vn 1 0 0
vn 1 0 0
vn 1 0 0
vn -1 5.482495E-06 -1.73754E-06
vn -1 5.482495E-06 -1.73754E-06
vn -1 5.482495E-06 -1.73754E-06
vn 1 0 0
vn 1 0 0
vn 1 0 0
vn -1 0 0
vn -1 0 0
vn -1 0 0
vn 1 0 0
vn 1 0 0
vn 1 0 0
vn -1 0 0
vn -1 0 0
vn -1 0 0
vn 1 0 0
vn 1 0 0
vn 1 0 0
vn -1 0 0
vn -1 0 0
vn -1 0 0
vn 1 0 0
vn 1 0 0
vn 1 0 0
vn -1 0 0
vn -1 0 0
vn -1 0 0
vn 1 0 0
vn 1 0 0
vn 1 0 0
vn -1 0 0
vn -1 0 0
vn -1 0 0
vn 1 0 0
vn 1 0 0
vn 1 0 0
vn -1 0 0
vn -1 0 0
vn -1 0 0
vn 1 0 0
vn 1 0 0
vn 1 0 0
vn -1 0 0
vn -1 0 0
vn -1 0 0
vn 1 0 0
vn 1 0 0
vn 1 0 0
vn -1 0 0
vn -1 0 0
vn -1 0 0
vn 1 0 0
vn 1 0 0
vn 1 0 0
vn -1 0 0
vn -1 0 0
vn -1 0 0
vn 1 0 0
vn 1 0 0
vn 1 0 0
vn -1 0 0
vn -1 0 0
vn -1 0 0
vn 1 0 0
vn 1 0 0
vn 1 0 0
vn -1 0 0
vn -1 0 0
vn -1 0 0
vn 1 0 0
vn 1 0 0
vn 1 0 0
vn -1 0 0
vn -1 0 0
vn -1 0 0
vn 1 0 0
vn 1 0 0
vn 1 0 0
vn -1 0 0
vn -1 0 0
vn -1 0 0
vn 1 0 0
vn 1 0 0
vn 1 0 0
vn -1 0 0
vn -1 0 0
vn -1 0 0
vn 1 0 0
vn 1 0 0
vn 1 0 0
vn -1 0 0
vn -1 0 0
vn -1 0 0
vn 0 1 0
vn 0 1 0
vn 0 1 0
vn 0 -1 0
vn 0 -1 0
vn 0 -1 0
vn 0 1 0
vn 0 1 0
vn 0 1 0
vn 0 -1 2.192983E-05
vn 0 -1 2.192983E-05
vn 0 -1 2.192983E-05
vn 0 1 0
vn 0 1 0
vn 0 1 0
vn 0 -1 0
vn 0 -1 0
vn 0 -1 0
vn 0 1 -2.192991E-05
vn 0 1 -2.192991E-05
vn 0 1 -2.192991E-05
vn 0 -1 -2.192991E-05
vn 0 -1 -2.192991E-05
vn 0 -1 -2.192991E-05
vn 0 1 0
vn 0 1 0
vn 0 1 0
vn 0 -1 0
vn 0 -1 0
vn 0 -1 0
vn 0 1 0
vn 0 1 0
vn 0 1 0
vn 0 -1 0
vn 0 -1 0
vn 0 -1 0
vn 0 1 2.192995E-05
vn 0 1 2.192995E-05
vn 0 1 2.192995E-05
vn 0 -1 0
vn 0 -1 0
vn 0 -1 0
vn 0 1 2.193001E-05
vn 0 1 2.193001E-05
vn 0 1 2.193001E-05
vn 0 -1 0
vn 0 -1 0
vn 0 -1 0
vn 0 1 0
vn 0 1 0
vn 0 1 0
vn 0 -1 0
vn 0 -1 0
vn 0 -1 0
vn 0 1 0
vn 0 1 0
vn 0 1 0
vn 0 -1 0
vn 0 -1 0
vn 0 -1 0
vn 0 1 0
vn 0 1 0
vn 0 1 0
vn 0 -1 0
vn 0 -1 0
vn 0 -1 0
vn 0 1 2.193001E-05
vn 0 1 2.193001E-05
vn 0 1 2.193001E-05
vn 0 -1 0
vn 0 -1 0
vn 0 -1 0
vn 0 1 2.192995E-05
vn 0 1 2.192995E-05
vn 0 1 2.192995E-05
vn 0 -1 0
vn 0 -1 0
vn 0 -1 0
vn 0 1 0
vn 0 1 0
vn 0 1 0
vn 0 -1 0
vn 0 -1 0
vn 0 -1 0
vn 0 1 2.192997E-05
vn 0 1 2.192997E-05
vn 0 1 2.192997E-05
vn 0 -1 0
vn 0 -1 0
vn 0 -1 0
vn 0 1 0
vn 0 1 0
vn 0 1 0
vn 0 -1 0
vn 0 -1 0
vn 0 -1 0
vn 6.932334E-08 0.8660269 -0.4999976
vn 6.932334E-08 0.8660269 -0.4999976
vn 6.932334E-08 0.8660269 -0.4999976
vn 6.932334E-08 0.8660269 -0.4999976
vn -6.933202E-08 -0.8660269 -0.4999976
vn -6.933202E-08 -0.8660269 -0.4999976
vn -6.933202E-08 -0.8660269 -0.4999976
vn -6.933202E-08 -0.8660269 -0.4999976
vn 0 0 1
vn 0 0 1
vn 0 0 1
vn 0 0 1
vn 0 0.8660203 -0.5000087
vn 0 0.8660203 -0.5000087
vn 0 0.8660203 -0.5000087
vn 0 0.8660203 -0.5000087
vn 0 -0.8660203 -0.5000087
vn 0 -0.8660203 -0.5000087
vn 0 -0.8660203 -0.5000087
vn 0 -0.8660203 -0.5000087
vn 0 0 1
vn 0 0 1
vn 0 0 1
vn 0 0 1
vn 0 -0.8660237 -0.5000029
vn 0 -0.8660237 -0.5000029
vn 0 -0.8660237 -0.5000029
vn 0 -0.8660237 -0.5000029
vn 0 0 1
vn 0 0 1
vn 0 0 1
vn 0 0 1
vn 0 0.8660237 -0.5000029
vn 0 0.8660237 -0.5000029
vn 0 0.8660237 -0.5000029
vn 0 0.8660237 -0.5000029
vn 0 -0.8660296 -0.4999926
vn 0 -0.8660296 -0.4999926
vn 0 -0.8660296 -0.4999926
vn 0 -0.8660296 -0.4999926
vn 0 0 1
vn 0 0 1
vn 0 0 1
vn 0 0 1
vn 0 0.8660296 -0.4999926
vn 0 0.8660296 -0.4999926
vn 0 0.8660296 -0.4999926
vn 0 0.8660296 -0.4999926
vn -6.022715E-08 -0.8660246 -0.5000014
vn -6.022715E-08 -0.8660246 -0.5000014
vn -6.022715E-08 -0.8660246 -0.5000014
vn -6.022715E-08 -0.8660246 -0.5000014
vn 0 0 1
vn 0 0 1
vn 0 0 1
vn 0 0 1
vn 6.021961E-08 0.8660246 -0.5000014
vn 6.021961E-08 0.8660246 -0.5000014
vn 6.021961E-08 0.8660246 -0.5000014
vn 6.021961E-08 0.8660246 -0.5000014
vn 6.518624E-08 0.8660187 -0.5000117
vn 6.518624E-08 0.8660187 -0.5000117
vn 6.518624E-08 0.8660187 -0.5000117
vn 6.518624E-08 0.8660187 -0.5000117
vn 0 -0.8660253 -0.5000003
vn 0 -0.8660253 -0.5000003
vn 0 -0.8660253 -0.5000003
vn 0 -0.8660253 -0.5000003
vn 0 0 1
vn 0 0 1
vn 0 0 1
vn 0 0 1
vn -6.086672E-08 -0.8660355 -0.4999827
vn -6.086672E-08 -0.8660355 -0.4999827
vn -6.086672E-08 -0.8660355 -0.4999827
vn -6.086672E-08 -0.8660355 -0.4999827
vn 6.084321E-08 0.8660293 -0.4999934
vn 6.084321E-08 0.8660293 -0.4999934
vn 6.084321E-08 0.8660293 -0.4999934
vn 6.084321E-08 0.8660293 -0.4999934
vn 0 0 1
vn 0 0 1
vn 0 0 1
vn 0 0 1
vn -6.204056E-08 -0.8660183 -0.5000125
vn -6.204056E-08 -0.8660183 -0.5000125
vn -6.204056E-08 -0.8660183 -0.5000125
vn -6.204056E-08 -0.8660183 -0.5000125
vn 0 0 1
vn 0 0 1
vn 0 0 1
vn 0 0 1
vn 6.201747E-08 0.8660244 -0.5000016
vn 6.201747E-08 0.8660244 -0.5000016
vn 6.201747E-08 0.8660244 -0.5000016
vn 6.201747E-08 0.8660244 -0.5000016
vn 0 -0.8660253 -0.5000003
vn 0 -0.8660253 -0.5000003
vn 0 -0.8660253 -0.5000003
vn 0 -0.8660253 -0.5000003
vn 0 0 1
vn 0 0 1
vn 0 0 1
vn 0 0 1
vn 6.518722E-08 0.8660319 -0.4999889
vn 6.518722E-08 0.8660319 -0.4999889
vn 6.518722E-08 0.8660319 -0.4999889
vn 6.518722E-08 0.8660319 -0.4999889
vn 0 -0.8660233 -0.5000036
vn 0 -0.8660233 -0.5000036
vn 0 -0.8660233 -0.5000036
vn 0 -0.8660233 -0.5000036
vn 0 0 1
vn 0 0 1
vn 0 0 1
vn 0 0 1
vn 0 0.8660303 -0.4999915
vn 0 0.8660303 -0.4999915
vn 0 0.8660303 -0.4999915
vn 0 0.8660303 -0.4999915
vn 0 -0.8660204 -0.5000087
vn 0 -0.8660204 -0.5000087
vn 0 -0.8660204 -0.5000087
vn 0 -0.8660204 -0.5000087
vn 0 0 1
vn 0 0 1
vn 0 0 1
vn 0 0 1
vn 0 0.866028 -0.4999956
vn 0 0.866028 -0.4999956
vn 0 0.866028 -0.4999956
vn 0 0.866028 -0.4999956
vn -1.24168E-07 -0.8660183 -0.5000125
vn -1.24168E-07 -0.8660183 -0.5000125
vn -1.24168E-07 -0.8660183 -0.5000125
vn -1.24168E-07 -0.8660183 -0.5000125
vn 1.241394E-07 0.866037 -0.4999799
vn 1.241394E-07 0.866037 -0.4999799
vn 1.241394E-07 0.866037 -0.4999799
vn 1.241394E-07 0.866037 -0.4999799
vn 0 0 1
vn 0 0 1
vn 0 0 1
vn 0 0 1
vn -1.21817E-07 -0.8660231 -0.5000041
vn -1.21817E-07 -0.8660231 -0.5000041
vn -1.21817E-07 -0.8660231 -0.5000041
vn -1.21817E-07 -0.8660231 -0.5000041
vn 0 0 1
vn 0 0 1
vn 0 0 1
vn 0 0 1
vn 6.094307E-08 0.8660169 -0.5000147
vn 6.094307E-08 0.8660169 -0.5000147
vn 6.094307E-08 0.8660169 -0.5000147
vn 6.094307E-08 0.8660169 -0.5000147
vn 0 -0.8660307 -0.4999908
vn 0 -0.8660307 -0.4999908
vn 0 -0.8660307 -0.4999908
vn 0 -0.8660307 -0.4999908
vn 0 0 1
vn 0 0 1
vn 0 0 1
vn 0 0 1
vn 0 0.8660246 -0.5000014
vn 0 0.8660246 -0.5000014
vn 0 0.8660246 -0.5000014
vn 0 0.8660246 -0.5000014
vn 0 -0.8660237 -0.5000029
vn 0 -0.8660237 -0.5000029
vn 0 -0.8660237 -0.5000029
vn 0 -0.8660237 -0.5000029
vn 0 0 1
vn 0 0 1
vn 0 0 1
vn 0 0 1
vn 0 0.8660296 -0.4999926
vn 0 0.8660296 -0.4999926
vn 0 0.8660296 -0.4999926
vn 0 0.8660296 -0.4999926
vn 0 -0.8660237 -0.5000029
vn 0 -0.8660237 -0.5000029
vn 0 -0.8660237 -0.5000029
vn 0 -0.8660237 -0.5000029
vn 0 0 1
vn 0 0 1
vn 0 0 1
vn 0 0 1
vn 0 0.8660178 -0.5000132
vn 0 0.8660178 -0.5000132
vn 0 0.8660178 -0.5000132
vn 0 0.8660178 -0.5000132
vn -7.76101E-08 -0.866024 -0.5000026
vn -7.76101E-08 -0.866024 -0.5000026
vn -7.76101E-08 -0.866024 -0.5000026
vn -7.76101E-08 -0.866024 -0.5000026
vn 0 0 1
vn 0 0 1
vn 0 0 1
vn 0 0 1
vn 7.758031E-08 0.86602 -0.5000093
vn 7.758031E-08 0.86602 -0.5000093
vn 7.758031E-08 0.86602 -0.5000093
vn 7.758031E-08 0.86602 -0.5000093
vn 0 -0.8660247 -0.5000013
vn 0 -0.8660247 -0.5000013
vn 0 -0.8660247 -0.5000013
vn 0 -0.8660247 -0.5000013
vn 0 0 1
vn 0 0 1
vn 0 0 1
vn 0 0 1
vn 8.154562E-08 0.8660288 -0.499994
vn 8.154562E-08 0.8660288 -0.499994
vn 8.154562E-08 0.8660288 -0.499994
vn 8.154562E-08 0.8660288 -0.499994
vn 0 -0.86602 -0.5000095
vn 0 -0.86602 -0.5000095
vn 0 -0.86602 -0.5000095
vn 0 -0.86602 -0.5000095
vn 0 0 1
vn 0 0 1
vn 0 0 1
vn 0 0 1
vn 0 0.8660293 -0.4999934
vn 0 0.8660293 -0.4999934
vn 0 0.8660293 -0.4999934
vn 0 0.8660293 -0.4999934
vn 0 -0.8660255 -0.4999999
vn 0 -0.8660255 -0.4999999
vn 0 -0.8660255 -0.4999999
vn 0 -0.8660255 -0.4999999
vn 0 0 1
vn 0 0 1
vn 0 0 1
vn 0 0 1
vn 9.997596E-08 0.8660356 -0.4999824
vn 9.997596E-08 0.8660356 -0.4999824
vn 9.997596E-08 0.8660356 -0.4999824
vn 9.997596E-08 0.8660356 -0.4999824
vn 0 0.8660349 -0.4999836
vn 0 0.8660349 -0.4999836
vn 0 0.8660349 -0.4999836
vn 0 0.8660349 -0.4999836
vn 0 -0.8660187 -0.5000116
vn 0 -0.8660187 -0.5000116
vn 0 -0.8660187 -0.5000116
vn 0 -0.8660187 -0.5000116
vn 0 0 1
vn 0 0 1
vn 0 0 1
vn 0 0 1
vn 8.831564E-08 0.8660251 -0.5000005
vn 8.831564E-08 0.8660251 -0.5000005
vn 8.831564E-08 0.8660251 -0.5000005
vn 8.831564E-08 0.8660251 -0.5000005
vn 0 -0.8660251 -0.5000005
vn 0 -0.8660251 -0.5000005
vn 0 -0.8660251 -0.5000005
vn 0 -0.8660251 -0.5000005
vn 0 0 1
vn 0 0 1
vn 0 0 1
vn 0 0 1
vn -0.8660256 0 -0.4999997
vn -0.8660256 0 -0.4999997
vn -0.8660256 0 -0.4999997
vn -0.8660256 0 -0.4999997
vn 0.8660244 0 -0.5000019
vn 0.8660244 0 -0.5000019
vn 0.8660244 0 -0.5000019
vn 0.8660244 0 -0.5000019
vn 0 0 1
vn 0 0 1
vn 0 0 1
vn 0 0 1
vn -0.8660256 0 -0.4999996
vn -0.8660256 0 -0.4999996
vn -0.8660256 0 -0.4999996
vn -0.8660256 0 -0.4999996
vn 0.8660229 0 -0.5000042
vn 0.8660229 0 -0.5000042
vn 0.8660229 0 -0.5000042
vn 0.8660229 0 -0.5000042
vn 0 0 1
vn 0 0 1
vn 0 0 1
vn 0 0 1
vn 0.8660246 0 -0.5000014
vn 0.8660246 0 -0.5000014
vn 0.8660246 0 -0.5000014
vn 0.8660246 0 -0.5000014
vn 0 0 1
vn 0 0 1
vn 0 0 1
vn 0 0 1
vn -0.8660256 0 -0.4999997
vn -0.8660256 0 -0.4999997
vn -0.8660256 0 -0.4999997
vn -0.8660256 0 -0.4999997
vn 0.866025 0 -0.5000008
vn 0.866025 0 -0.5000008
vn 0.866025 0 -0.5000008
vn 0.866025 0 -0.5000008
vn 0 0 1
vn 0 0 1
vn 0 0 1
vn 0 0 1
vn -0.8660253 0 -0.5000002
vn -0.8660253 0 -0.5000002
vn -0.8660253 0 -0.5000002
vn -0.8660253 0 -0.5000002
vn 0.8660253 0 -0.5000002
vn 0.8660253 0 -0.5000002
vn 0.8660253 0 -0.5000002
vn 0.8660253 0 -0.5000002
vn 0 0 1
vn 0 0 1
vn 0 0 1
vn 0 0 1
vn -0.8660256 0 -0.4999996
vn -0.8660256 0 -0.4999996
vn -0.8660256 0 -0.4999996
vn -0.8660256 0 -0.4999996
vn -0.8660256 0 -0.4999997
vn -0.8660256 0 -0.4999997
vn -0.8660256 0 -0.4999997
vn -0.8660256 0 -0.4999997
vn 0.8660243 0 -0.5000019
vn 0.8660243 0 -0.5000019
vn 0.8660243 0 -0.5000019
vn 0.8660243 0 -0.5000019
vn 0 0 1
vn 0 0 1
vn 0 0 1
vn 0 0 1
vn 0.8660249 0 -0.5000008
vn 0.8660249 0 -0.5000008
vn 0.8660249 0 -0.5000008
vn 0.8660249 0 -0.5000008
vn -0.8660256 0 -0.4999996
vn -0.8660256 0 -0.4999996
vn -0.8660256 0 -0.4999996
vn -0.8660256 0 -0.4999996
vn 0 0 1
vn 0 0 1
vn 0 0 1
vn 0 0 1
vn 0.8660249 0 -0.5000008
vn 0.8660249 0 -0.5000008
vn 0.8660249 0 -0.5000008
vn 0.8660249 0 -0.5000008
vn 0 0 1
vn 0 0 1
vn 0 0 1
vn 0 0 1
vn -0.8660256 0 -0.4999996
vn -0.8660256 0 -0.4999996
vn -0.8660256 0 -0.4999996
vn -0.8660256 0 -0.4999996
vn 0.8660256 0 -0.4999997
vn 0.8660256 0 -0.4999997
vn 0.8660256 0 -0.4999997
vn 0.8660256 0 -0.4999997
vn 0 0 1
vn 0 0 1
vn 0 0 1
vn 0 0 1
vn -0.8660256 0 -0.4999997
vn -0.8660256 0 -0.4999997
vn -0.8660256 0 -0.4999997
vn -0.8660256 0 -0.4999997
vn 0.8660256 0 -0.4999997
vn 0.8660256 0 -0.4999997
vn 0.8660256 0 -0.4999997
vn 0.8660256 0 -0.4999997
vn 0 0 1
vn 0 0 1
vn 0 0 1
vn 0 0 1
vn -0.8660256 0 -0.4999997
vn -0.8660256 0 -0.4999997
vn -0.8660256 0 -0.4999997
vn -0.8660256 0 -0.4999997
vn 0.8660256 0 -0.4999996
vn 0.8660256 0 -0.4999996
vn 0.8660256 0 -0.4999996
vn 0.8660256 0 -0.4999996
vn 0 0 1
vn 0 0 1
vn 0 0 1
vn 0 0 1
vn -0.8660256 0 -0.4999996
vn -0.8660256 0 -0.4999996
vn -0.8660256 0 -0.4999996
vn -0.8660256 0 -0.4999996
vn 0.8660249 0 -0.5000008
vn 0.8660249 0 -0.5000008
vn 0.8660249 0 -0.5000008
vn 0.8660249 0 -0.5000008
vn -0.8660256 0 -0.4999996
vn -0.8660256 0 -0.4999996
vn -0.8660256 0 -0.4999996
vn -0.8660256 0 -0.4999996
vn 0 0 1
vn 0 0 1
vn 0 0 1
vn 0 0 1
vn 0.8660249 0 -0.5000008
vn 0.8660249 0 -0.5000008
vn 0.8660249 0 -0.5000008
vn 0.8660249 0 -0.5000008
vn 0 0 1
vn 0 0 1
vn 0 0 1
vn 0 0 1
vn -0.8660256 0 -0.4999996
vn -0.8660256 0 -0.4999996
vn -0.8660256 0 -0.4999996
vn -0.8660256 0 -0.4999996
vn 0.8660256 0 -0.4999996
vn 0.8660256 0 -0.4999996
vn 0.8660256 0 -0.4999996
vn 0.8660256 0 -0.4999996
vn 0 0 1
vn 0 0 1
vn 0 0 1
vn 0 0 1
vn -0.8660253 0 -0.5000002
vn -0.8660253 0 -0.5000002
vn -0.8660253 0 -0.5000002
vn -0.8660253 0 -0.5000002
vn 0.8660258 0 -0.4999994
vn 0.8660258 0 -0.4999994
vn 0.8660258 0 -0.4999994
vn 0.8660258 0 -0.4999994
vn 0 0 1
vn 0 0 1
vn 0 0 1
vn 0 0 1
vn -0.8660256 0 -0.4999997
vn -0.8660256 0 -0.4999997
vn -0.8660256 0 -0.4999997
vn -0.8660256 0 -0.4999997
vn 0.8660255 0 -0.4999997
vn 0.8660255 0 -0.4999997
vn 0.8660255 0 -0.4999997
vn 0.8660255 0 -0.4999997
vn 0 0 1
vn 0 0 1
vn 0 0 1
vn 0 0 1
vn -0.8660256 0 -0.4999997
vn -0.8660256 0 -0.4999997
vn -0.8660256 0 -0.4999997
vn -0.8660256 0 -0.4999997
vn -0.9221771 0.1594338 -0.3523781
vn -0.7834618 -0.5549941 -0.2795876
vn 0.2312761 -0.62107 -0.7488548
vn 0.334301 -0.06506569 -0.9402177
vn 0.3321048 -0.06067124 -0.9412891
vn -0.8935375 0.2832781 -0.3483448
vn 0.3056165 -0.1256464 -0.943828
vn -0.8680485 0.3548431 -0.3472438
vn -0.9025782 -0.2285897 0.3648279
vn -0.8600389 -0.354087 0.367363
vn 0.3546008 0.1453012 0.923659
vn 0.3550322 0.1352925 0.9250125
vn -0.9196264 -0.1167349 0.3750469
vn 0.3946445 0.0421471 0.9178667
vn -0.7421451 -0.6069738 0.2842595
vn 0.285384 -0.6053766 0.7430176
vn 0.3546008 0.1453012 0.923659
vn 0.8198407 0.4525101 -0.3508502
vn 0.8680485 0.3548431 -0.3472438
vn 0.3272557 0.1809779 0.9274431
vn 0.7854226 0.5083959 -0.3530511
vn 0.3078169 0.2015184 0.9298596
vn 0.8132972 0.4469182 -0.3725743
vn 0.2785762 0.1529301 0.9481602
vn 0.8868617 0.2694553 -0.3753269
vn 0.298657 0.08700909 0.9503859
vn -0.3321048 -0.06067124 -0.9412891
vn -0.3056165 -0.1256464 -0.943828
vn -0.8600389 -0.354087 0.367363
vn -0.9025782 -0.2285897 0.3648279
vn -0.310744 -0.03759935 -0.9497497
vn -0.9196264 -0.1167349 0.3750469
vn -0.2829473 -0.6062416 -0.7432442
vn -0.7421451 -0.6069738 0.2842595
vn 0.3550322 0.1352925 0.9250125
vn 0.3546008 0.1453012 0.923659
vn 0.8680485 0.3548431 -0.3472438
vn 0.8935375 0.2832781 -0.3483448
vn 0.3946445 0.0421471 0.9178667
vn 0.9346057 0.09469963 -0.3428474
vn 0.285384 -0.6053766 0.7430176
vn 0.7441227 -0.6046493 -0.2840436
vn 0.8935375 0.2832781 -0.3483448
vn 0.8680485 0.3548431 -0.3472438
vn -0.3056165 -0.1256464 -0.943828
vn -0.3321048 -0.06067124 -0.9412891
vn 0.9346057 0.09469963 -0.3428474
vn -0.310744 -0.03759935 -0.9497497
vn 0.7441227 -0.6046493 -0.2840436
vn -0.2829473 -0.6062416 -0.7432442
vn -0.8192059 -0.4432966 0.3638542
vn -0.7861118 -0.5015209 0.361255
vn 0.3078169 0.2015184 0.9298596
vn 0.3272557 0.1809779 0.9274431
vn -0.8600389 -0.354087 0.367363
vn 0.3546008 0.1453012 0.923659
vn 0.8680485 0.3548431 -0.3472438
vn -0.2990617 -0.1613572 -0.9404924
vn -0.3056165 -0.1256464 -0.943828
vn 0.8198407 0.4525101 -0.3508502
vn -0.2930735 -0.1846397 -0.9380917
vn 0.7854226 0.5083959 -0.3530511
vn -0.3459328 -0.1891872 -0.9189879
vn 0.8132972 0.4469182 -0.3725743
vn -0.3056165 -0.1256464 -0.943828
vn -0.8192059 -0.4432966 0.3638542
vn -0.8600389 -0.354087 0.367363
vn -0.2990617 -0.1613572 -0.9404924
vn -0.7861118 -0.5015209 0.361255
vn -0.2930735 -0.1846397 -0.9380917
vn -0.8244686 -0.4498794 0.3433073
vn -0.3459328 -0.1891872 -0.9189879
vn -0.9018491 -0.2650002 0.3412377
vn -0.3827091 -0.1165523 -0.9164875
vn -0.7861118 -0.5015209 0.361255
vn 0.2785762 0.1529301 0.9481602
vn 0.3078169 0.2015184 0.9298596
vn -0.8244686 -0.4498794 0.3433073
vn 0.298657 0.08700909 0.9503859
vn -0.9018491 -0.2650002 0.3412377
vn -0.9018491 -0.2650002 0.3412377
vn 0.3056217 0.01373375 0.952054
vn 0.298657 0.08700909 0.9503859
vn -0.9394023 -0.04562576 0.3397669
vn 0.297833 -0.06039671 0.9527055
vn -0.92284 0.1828101 0.339038
vn 0.8132972 0.4469182 -0.3725743
vn 0.8868617 0.2694553 -0.3753269
vn -0.3827091 -0.1165523 -0.9164875
vn -0.3459328 -0.1891872 -0.9189879
vn -0.403522 -0.02285872 -0.9146844
vn -0.3980588 0.08246223 -0.9136461
vn -0.92284 0.1828101 0.339038
vn -0.9394023 -0.04562576 0.3397669
vn -0.3827091 -0.1165523 -0.9164875
vn -0.9018491 -0.2650002 0.3412377
vn 0.298657 0.08700909 0.9503859
vn 0.9245456 0.05099742 -0.3776434
vn 0.8868617 0.2694553 -0.3753269
vn 0.3056217 0.01373375 0.952054
vn 0.9052989 -0.1942259 -0.37777
vn 0.297833 -0.06039671 0.9527055
vn 0.8868617 0.2694553 -0.3753269
vn -0.403522 -0.02285872 -0.9146844
vn -0.3827091 -0.1165523 -0.9164875
vn 0.9245456 0.05099742 -0.3776434
vn -0.3980588 0.08246223 -0.9136461
vn 0.9052989 -0.1942259 -0.37777
vn 0.297833 -0.06039671 0.9527055
vn 0.7974384 -0.4606276 -0.3897618
vn 0.9052989 -0.1942259 -0.37777
vn 0.234262 -0.1463374 0.9610966
vn 0.5917413 -0.7094547 -0.3827747
vn 0.1855879 -0.225324 0.9564446
vn 0.9052989 -0.1942259 -0.37777
vn -0.3746784 0.2089922 -0.9032931
vn -0.3980588 0.08246223 -0.9136461
vn 0.7974384 -0.4606276 -0.3897618
vn -0.2648435 0.3221581 -0.908885
vn 0.5917413 -0.7094547 -0.3827747
vn -0.1520159 0.393514 -0.9066631
vn 0.3318708 -0.8603187 -0.3869283
vn -0.92284 0.1828101 0.339038
vn 0.234262 -0.1463374 0.9610966
vn 0.297833 -0.06039671 0.9527055
vn -0.8136495 0.4778741 0.3310754
vn 0.1855879 -0.225324 0.9564446
vn -0.592846 0.7323518 0.3349542
vn 0.09152655 -0.2686589 0.9588771
vn -0.3138952 0.8888254 0.3338551
vn -0.3980588 0.08246223 -0.9136461
vn -0.8136495 0.4778741 0.3310754
vn -0.92284 0.1828101 0.339038
vn -0.3746784 0.2089922 -0.9032931
vn -0.592846 0.7323518 0.3349542
vn -0.2648435 0.3221581 -0.908885
vn 0.1855879 -0.225324 0.9564446
vn 0.09152655 -0.2686589 0.9588771
vn 0.3318708 -0.8603187 -0.3869283
vn 0.5917413 -0.7094547 -0.3827747
vn 0.3318708 -0.8603187 -0.3869283
vn -0.3427917 0.3966886 -0.8515469
vn -0.1520159 0.393514 -0.9066631
vn -0.3152023 -0.8749244 -0.3676343
vn -0.3318708 -0.8603187 -0.3869283
vn 0.1520159 0.393514 -0.9066631
vn -0.5917413 -0.7094547 -0.3827747
vn 0.2648435 0.3221581 -0.908885
vn -0.2648435 0.3221581 -0.908885
vn -0.1520159 0.393514 -0.9066631
vn -0.3138952 0.8888254 0.3338551
vn -0.592846 0.7323518 0.3349542
vn -0.3427917 0.3966886 -0.8515469
vn -0.3598454 0.8796695 0.3109545
vn -0.325482 -0.2681069 0.9067414
vn -0.3152023 -0.8749244 -0.3676343
vn -0.3138952 0.8888254 0.3338551
vn -0.325482 -0.2681069 0.9067414
vn 0.09152655 -0.2686589 0.9588771
vn -0.3598454 0.8796695 0.3109545
vn 0.3138952 0.8888254 0.3338551
vn -0.09152655 -0.2686589 0.9588771
vn -0.1520159 0.393514 -0.9066631
vn -0.3598454 0.8796695 0.3109545
vn -0.3138952 0.8888254 0.3338551
vn -0.3427917 0.3966886 -0.8515469
vn 0.1520159 0.393514 -0.9066631
vn 0.3138952 0.8888254 0.3338551
vn 0.09152655 -0.2686589 0.9588771
vn -0.3152023 -0.8749244 -0.3676343
vn 0.3318708 -0.8603187 -0.3869283
vn -0.325482 -0.2681069 0.9067414
vn -0.09152655 -0.2686589 0.9588771
vn -0.3318708 -0.8603187 -0.3869283
vn -0.3659878 0.06293085 0.9284894
vn -0.3363497 -0.5830957 0.7395054
vn -0.7834618 -0.5549941 -0.2795876
vn -0.9221771 0.1594338 -0.3523781
vn -0.8935375 0.2832781 -0.3483448
vn -0.3550322 0.1352925 0.9250125
vn -0.8680485 0.3548431 -0.3472438
vn -0.3546008 0.1453012 0.923659
vn 0.9025782 -0.2285897 0.3648279
vn -0.3546008 0.1453012 0.923659
vn 0.8600389 -0.354087 0.367363
vn -0.3550322 0.1352925 0.9250125
vn 0.9143065 -0.1772884 0.36416
vn -0.3659878 0.06293085 0.9284894
vn -0.3363497 -0.5830957 0.7395054
vn 0.6989598 -0.6542791 0.2887459
vn -0.3546008 0.1453012 0.923659
vn -0.8680485 0.3548431 -0.3472438
vn -0.8198407 0.4525101 -0.3508502
vn -0.3272557 0.1809779 0.9274431
vn -0.7854226 0.5083959 -0.3530511
vn -0.3078169 0.2015184 0.9298596
vn -0.8132972 0.4469182 -0.3725743
vn -0.2785762 0.1529301 0.9481602
vn -0.8868617 0.2694553 -0.3753269
vn -0.298657 0.08700909 0.9503859
vn 0.3321048 -0.06067124 -0.9412891
vn 0.8600389 -0.354087 0.367363
vn 0.3056165 -0.1256464 -0.943828
vn 0.9025782 -0.2285897 0.3648279
vn 0.334301 -0.06506569 -0.9402177
vn 0.9143065 -0.1772884 0.36416
vn 0.6989598 -0.6542791 0.2887459
vn 0.2312761 -0.62107 -0.7488548
vn 0.8192059 -0.4432966 0.3638542
vn -0.3078169 0.2015184 0.9298596
vn 0.7861118 -0.5015209 0.361255
vn -0.3272557 0.1809779 0.9274431
vn 0.8600389 -0.354087 0.367363
vn -0.3546008 0.1453012 0.923659
vn -0.8680485 0.3548431 -0.3472438
vn 0.3056165 -0.1256464 -0.943828
vn 0.2990617 -0.1613572 -0.9404924
vn -0.8198407 0.4525101 -0.3508502
vn 0.2930735 -0.1846397 -0.9380917
vn -0.7854226 0.5083959 -0.3530511
vn 0.3459328 -0.1891872 -0.9189879
vn -0.8132972 0.4469182 -0.3725743
vn 0.3056165 -0.1256464 -0.943828
vn 0.8600389 -0.354087 0.367363
vn 0.8192059 -0.4432966 0.3638542
vn 0.2990617 -0.1613572 -0.9404924
vn 0.7861118 -0.5015209 0.361255
vn 0.2930735 -0.1846397 -0.9380917
vn 0.8244686 -0.4498794 0.3433073
vn 0.3459328 -0.1891872 -0.9189879
vn 0.9018491 -0.2650002 0.3412377
vn 0.3827091 -0.1165523 -0.9164875
vn 0.7861118 -0.5015209 0.361255
vn -0.3078169 0.2015184 0.9298596
vn -0.2785762 0.1529301 0.9481602
vn 0.8244686 -0.4498794 0.3433073
vn -0.298657 0.08700909 0.9503859
vn 0.9018491 -0.2650002 0.3412377
vn 0.9018491 -0.2650002 0.3412377
vn -0.298657 0.08700909 0.9503859
vn -0.3056217 0.01373375 0.952054
vn 0.9394023 -0.04562576 0.3397669
vn -0.297833 -0.06039671 0.9527055
vn 0.92284 0.1828101 0.339038
vn -0.8132972 0.4469182 -0.3725743
vn 0.3459328 -0.1891872 -0.9189879
vn 0.3827091 -0.1165523 -0.9164875
vn -0.8868617 0.2694553 -0.3753269
vn 0.403522 -0.02285872 -0.9146844
vn 0.92284 0.1828101 0.339038
vn 0.3980588 0.08246223 -0.9136461
vn 0.9394023 -0.04562576 0.3397669
vn 0.3827091 -0.1165523 -0.9164875
vn 0.9018491 -0.2650002 0.3412377
vn -0.298657 0.08700909 0.9503859
vn -0.8868617 0.2694553 -0.3753269
vn -0.9245456 0.05099742 -0.3776434
vn -0.3056217 0.01373375 0.952054
vn -0.9052989 -0.1942259 -0.37777
vn -0.297833 -0.06039671 0.9527055
vn -0.8868617 0.2694553 -0.3753269
vn 0.3827091 -0.1165523 -0.9164875
vn 0.403522 -0.02285872 -0.9146844
vn -0.9245456 0.05099742 -0.3776434
vn 0.3980588 0.08246223 -0.9136461
vn -0.9052989 -0.1942259 -0.37777
vn -0.297833 -0.06039671 0.9527055
vn -0.9052989 -0.1942259 -0.37777
vn -0.7974384 -0.4606276 -0.3897618
vn -0.234262 -0.1463374 0.9610966
vn -0.5917413 -0.7094547 -0.3827747
vn -0.1855879 -0.225324 0.9564446
vn -0.9052989 -0.1942259 -0.37777
vn 0.3980588 0.08246223 -0.9136461
vn 0.3746784 0.2089922 -0.9032931
vn -0.7974384 -0.4606276 -0.3897618
vn 0.2648435 0.3221581 -0.908885
vn -0.5917413 -0.7094547 -0.3827747
vn 0.92284 0.1828101 0.339038
vn -0.297833 -0.06039671 0.9527055
vn -0.234262 -0.1463374 0.9610966
vn 0.8136495 0.4778741 0.3310754
vn -0.1855879 -0.225324 0.9564446
vn 0.592846 0.7323518 0.3349542
vn -0.09152655 -0.2686589 0.9588771
vn 0.3138952 0.8888254 0.3338551
vn 0.3980588 0.08246223 -0.9136461
vn 0.92284 0.1828101 0.339038
vn 0.8136495 0.4778741 0.3310754
vn 0.3746784 0.2089922 -0.9032931
vn 0.592846 0.7323518 0.3349542
vn 0.2648435 0.3221581 -0.908885
vn -0.1855879 -0.225324 0.9564446
vn -0.5917413 -0.7094547 -0.3827747
vn -0.3318708 -0.8603187 -0.3869283
vn -0.09152655 -0.2686589 0.9588771
vn 0.2648435 0.3221581 -0.908885
vn 0.592846 0.7323518 0.3349542
vn 0.3138952 0.8888254 0.3338551
vn 0.1520159 0.393514 -0.9066631
vn -0.2829473 -0.6062416 -0.7432442
vn -0.7421451 -0.6069738 0.2842595
vn 0.285384 -0.6053766 0.7430176
vn 0.7441227 -0.6046493 -0.2840436
vn 0.2312761 -0.62107 -0.7488548
vn -0.7834618 -0.5549941 -0.2795876
vn -0.3363497 -0.5830957 0.7395054
vn 0.6989598 -0.6542791 0.2887459
vn -0.6429282 0.09653385 -0.7598187
vn -0.01986797 0.9555548 -0.2941436
vn -0.3009222 0.5695244 0.7649103
vn -0.9146742 -0.2823374 0.2892348
vn 0.1244258 0.2657591 0.9559761
vn -0.1615074 -0.9242421 0.3459651
vn -0.3858817 -0.8595968 0.3349455
vn 0.05206496 0.3148007 0.9477288
vn 0.346093 -0.8812859 0.3217994
vn 0.330161 0.3011674 0.8945904
vn -0.05206496 0.3148007 0.9477288
vn 0.1615074 -0.9242421 0.3459651
vn -0.1247022 0.2623752 0.9568744
vn 0.3912218 -0.8574896 0.3341514
vn -0.3009222 0.5695244 0.7649103
vn 0.1244258 0.2657591 0.9559761
vn -0.3858817 -0.8595968 0.3349455
vn -0.9146742 -0.2823374 0.2892348
vn -0.9146742 -0.2823374 0.2892348
vn -0.3858817 -0.8595968 0.3349455
vn -0.17173 -0.3793198 -0.9091894
vn -0.6429282 0.09653385 -0.7598187
vn -0.01986797 0.9555548 -0.2941436
vn 0.1244258 0.2657591 0.9559761
vn -0.3009222 0.5695244 0.7649103
vn 0.3910694 0.8374087 -0.3818527
vn 0.05206496 0.3148007 0.9477288
vn 0.1818321 0.9100759 -0.3724231
vn 0.330161 0.3011674 0.8945904
vn 0.3221028 0.8789617 -0.3516762
vn -0.1818321 0.9100759 -0.3724231
vn -0.05206496 0.3148007 0.9477288
vn -0.3971117 0.8339589 -0.3831645
vn -0.1247022 0.2623752 0.9568744
vn 0.01330648 0.9558085 -0.2936888
vn 0.296801 0.5725436 0.7642663
vn -0.6429282 0.09653385 -0.7598187
vn -0.17173 -0.3793198 -0.9091894
vn 0.3910694 0.8374087 -0.3818527
vn -0.01986797 0.9555548 -0.2941436
vn -0.3858817 -0.8595968 0.3349455
vn -0.07751885 -0.3825586 -0.9206736
vn -0.17173 -0.3793198 -0.9091894
vn -0.1615074 -0.9242421 0.3459651
vn 0.3394295 -0.3709859 -0.8643824
vn 0.346093 -0.8812859 0.3217994
vn 0.1615074 -0.9242421 0.3459651
vn 0.07751885 -0.3825586 -0.9206736
vn 0.3912218 -0.8574896 0.3341514
vn 0.1755441 -0.380142 -0.908117
vn -0.17173 -0.3793198 -0.9091894
vn 0.1818321 0.9100759 -0.3724231
vn 0.3910694 0.8374087 -0.3818527
vn -0.07751885 -0.3825586 -0.9206736
vn 0.3221028 0.8789617 -0.3516762
vn 0.3394295 -0.3709859 -0.8643824
vn 0.07751885 -0.3825586 -0.9206736
vn -0.1818321 0.9100759 -0.3724231
vn 0.1755441 -0.380142 -0.908117
vn -0.3971117 0.8339589 -0.3831645
vn 0.3394295 -0.3709859 -0.8643824
vn 0.346093 -0.8812859 0.3217994
vn 0.330161 0.3011674 0.8945904
vn 0.3221028 0.8789617 -0.3516762
vn 0.6417608 0.1015989 -0.7601453
vn 0.9161466 -0.27702 0.2897158
vn 0.296801 0.5725436 0.7642663
vn 0.01330648 0.9558085 -0.2936888
vn 0.296801 0.5725436 0.7642663
vn 0.9161466 -0.27702 0.2897158
vn 0.3912218 -0.8574896 0.3341514
vn -0.1247022 0.2623752 0.9568744
vn 0.9161466 -0.27702 0.2897158
vn 0.6417608 0.1015989 -0.7601453
vn 0.1755441 -0.380142 -0.908117
vn 0.3912218 -0.8574896 0.3341514
vn 0.6417608 0.1015989 -0.7601453
vn 0.01330648 0.9558085 -0.2936888
vn -0.3971117 0.8339589 -0.3831645
vn 0.1755441 -0.380142 -0.908117
vn 0 0.6877751 0.7259238
vn -0.6659509 0.2816275 0.6907932
vn -0.6062683 0.5513639 0.5730938
vn 0 0.4410993 0.8974583
vn 0 0.236276 0.971686
vn -0.6734328 0.1804285 0.7168918
vn -0.6398489 0.4256605 0.6398489
vn 0.6659509 0.2816275 0.6907932
vn 0.6062683 0.5513639 0.5730938
vn 0.6734328 0.1804285 0.7168918
vn 0.6398364 0.4256522 0.6398669
vn 0 0.3976657 0.9175304
vn 0 0.4930957 0.869975
vn -0.6083454 0.5097369 0.6083454
vn 0.6083454 0.5097369 0.6083454
vn -0.6878435 0.2318245 0.6878435
vn 0.6878435 0.2318245 0.6878435
vn 0 0.2234306 0.9747199
vn 0 0.03531053 0.9993765
vn -0.7066132 0.03735562 0.7066132
vn 0.7066132 0.03735562 0.7066132
vn -0.7061443 0.05215665 0.7061443
vn 0.7061443 0.05215665 0.7061443
vn 0 0.04901365 0.9987981
vn -0.887694 0.4604338 0
vn -0.6659509 0.2816275 -0.6907932
vn -0.6062683 0.5513639 -0.5730938
vn -0.9989834 0.04507679 0
vn -0.996929 0.07831139 0
vn -0.6734328 0.1804285 -0.7168918
vn -0.6398489 0.4256605 -0.6398489
vn -0.6659509 0.2816275 0.6907932
vn -0.6062683 0.5513639 0.5730938
vn -0.6734328 0.1804285 0.7168918
vn -0.6398489 0.4256605 0.6398489
vn -0.9175304 0.3976657 0
vn -0.869975 0.4930957 0
vn -0.6083454 0.5097369 -0.6083454
vn -0.6083454 0.5097369 0.6083454
vn -0.6878435 0.2318245 -0.6878435
vn -0.6878435 0.2318245 0.6878435
vn -0.9747199 0.2234306 0
vn -0.9993765 0.03531053 0
vn -0.7066132 0.03735562 -0.7066132
vn -0.7066132 0.03735562 0.7066132
vn -0.7061443 0.05215665 -0.7061443
vn -0.7061443 0.05215665 0.7061443
vn -0.9987981 0.04901365 0
vn 0.887694 0.4604338 0
vn 0.6659509 0.2816275 0.6907932
vn 0.6062683 0.5513639 0.5730938
vn 0.9989834 0.04507679 0
vn 0.996929 0.07831139 0
vn 0.6734328 0.1804285 0.7168918
vn 0.6398364 0.4256522 0.6398669
vn 0.6659509 0.2816275 -0.6907932
vn 0.6062683 0.5513639 -0.5730938
vn 0.6734328 0.1804285 -0.7168918
vn 0.6398489 0.4256605 -0.6398489
vn 0.9175304 0.3976657 0
vn 0.869975 0.4930957 0
vn 0.6083454 0.5097369 0.6083454
vn 0.6083454 0.5097369 -0.6083454
vn 0.6878435 0.2318245 0.6878435
vn 0.6878435 0.2318245 -0.6878435
vn 0.9747199 0.2234306 0
vn 0.9993765 0.03531053 0
vn 0.7066132 0.03735562 0.7066132
vn 0.7066132 0.03735562 -0.7066132
vn 0.7061443 0.05215665 0.7061443
vn 0.7061443 0.05215665 -0.7061443
vn 0.9987981 0.04901365 0
vn 0 0.6877751 -0.7259238
vn 0.6659509 0.2816275 -0.6907932
vn 0.6062683 0.5513639 -0.5730938
vn 0 0.4410993 -0.8974583
vn 0 0.236276 -0.971686
vn 0.6734328 0.1804285 -0.7168918
vn 0.6398489 0.4256605 -0.6398489
vn -0.6659509 0.2816275 -0.6907932
vn -0.6062683 0.5513639 -0.5730938
vn -0.6734328 0.1804285 -0.7168918
vn -0.6398489 0.4256605 -0.6398489
vn 0 0.3976657 -0.9175304
vn 0 0.4930957 -0.869975
vn 0.6083454 0.5097369 -0.6083454
vn -0.6083454 0.5097369 -0.6083454
vn 0.6878435 0.2318245 -0.6878435
vn -0.6878435 0.2318245 -0.6878435
vn 0 0.2234306 -0.9747199
vn 0 0.03531053 -0.9993765
vn 0.7066132 0.03735562 -0.7066132
vn -0.7066132 0.03735562 -0.7066132
vn 0.7061443 0.05215665 -0.7061443
vn -0.7061443 0.05215665 -0.7061443
vn 0 0.04901365 -0.9987981
vn 0 0.6877751 0.7259238
vn 0.2564834 0.901629 0.3482547
vn 0.6062683 0.5513639 0.5730938
vn 0.887694 0.4604338 0
vn 0 0.9254385 0.3788978
vn 0 1 0
vn -0.2564834 0.901629 0.3482547
vn -0.6062683 0.5513639 0.5730938
vn -0.887694 0.4604338 0
vn 0.3927808 0.9196321 0
vn 0.2564834 0.901629 -0.3482547
vn 0.6062683 0.5513639 -0.5730938
vn 0 0.6877751 -0.7259238
vn -0.3927808 0.9196321 0
vn -0.2564834 0.901629 -0.3482547
vn -0.6062683 0.5513639 -0.5730938
vn 0 0.9254385 -0.3788978
vn 0.6536295 -0.7568147 0
vn 0.679848 -0.2749789 -0.679848
vn 0.4691511 -0.7481941 -0.4691511
vn 0.9641982 -0.2651828 0
vn 0.9999549 -0.009491409 0
vn 0.7070718 -0.0099493 -0.7070718
vn 0.6960875 0.1758531 -0.6960875
vn 0.679848 -0.2749789 0.679848
vn 0.4691511 -0.7481941 0.4691511
vn 0.7070718 -0.0099493 0.7070718
vn 0.6960875 0.1758531 0.6960875
vn 0.9858584 0.1675804 0
vn 0.9665009 0.2566634 0
vn 0.6806439 0.2710124 -0.6806439
vn 0.6806439 0.2710124 0.6806439
vn 0.6884506 0.2281916 -0.6884506
vn 0.6884506 0.2281916 0.6884506
vn 0.9766665 0.2147616 0
vn 0.9954914 0.09485231 0
vn 0.7034742 0.1012331 -0.7034742
vn 0.7034742 0.1012331 0.7034742
vn 0.7070407 0.01367265 -0.7070407
vn 0.7070407 0.01367265 0.7070407
vn 0.999917 0.01287892 0
vn 0.9999986 0.001709086 0
vn 0.7071056 0.001800649 -0.7071056
vn 0.7071056 0.001800649 0.7071056
vn 0.7071049 0.002258439 -0.7071049
vn 0.7071049 0.002258439 0.7071049
vn 0.9999977 0.002136356 0
vn 0 -0.7568147 -0.6536295
vn -0.679848 -0.2749789 -0.679848
vn -0.4691511 -0.7481941 -0.4691511
vn 0 -0.2651828 -0.9641982
vn 0 -0.009491409 -0.9999549
vn -0.7070718 -0.0099493 -0.7070718
vn -0.6960875 0.1758531 -0.6960875
vn 0.679848 -0.2749789 -0.679848
vn 0.4691511 -0.7481941 -0.4691511
vn 0.7070718 -0.0099493 -0.7070718
vn 0.6960875 0.1758531 -0.6960875
vn 0 0.1675804 -0.9858584
vn 0 0.2566634 -0.9665009
vn -0.6806439 0.2710124 -0.6806439
vn 0.6806439 0.2710124 -0.6806439
vn -0.6884506 0.2281916 -0.6884506
vn 0.6884506 0.2281916 -0.6884506
vn 0 0.2147616 -0.9766665
vn 0 0.09485231 -0.9954914
vn -0.7034742 0.1012331 -0.7034742
vn 0.7034742 0.1012331 -0.7034742
vn -0.7070407 0.01367265 -0.7070407
vn 0.7070407 0.01367265 -0.7070407
vn 0 0.01287892 -0.999917
vn 0 0.001709086 -0.9999986
vn -0.7071056 0.001800649 -0.7071056
vn 0.7071056 0.001800649 -0.7071056
vn -0.7071049 0.002258439 -0.7071049
vn 0.7071049 0.002258439 -0.7071049
vn 0 0.002136356 -0.9999977
vn -0.6536295 -0.7568147 0
vn -0.679848 -0.2749789 0.679848
vn -0.4691511 -0.7481941 0.4691511
vn -0.9641982 -0.2651828 0
vn -0.9999549 -0.009491409 0
vn -0.7070718 -0.0099493 0.7070718
vn -0.6960875 0.1758531 0.6960875
vn -0.679848 -0.2749789 -0.679848
vn -0.4691511 -0.7481941 -0.4691511
vn -0.7070718 -0.0099493 -0.7070718
vn -0.6960875 0.1758531 -0.6960875
vn -0.9858584 0.1675804 0
vn -0.9665009 0.2566634 0
vn -0.6806439 0.2710124 0.6806439
vn -0.6806439 0.2710124 -0.6806439
vn -0.6884506 0.2281916 0.6884506
vn -0.6884506 0.2281916 -0.6884506
vn -0.9766665 0.2147616 0
vn -0.9954914 0.09485231 0
vn -0.7034742 0.1012331 0.7034742
vn -0.7034742 0.1012331 -0.7034742
vn -0.7070407 0.01367265 0.7070407
vn -0.7070407 0.01367265 -0.7070407
vn -0.999917 0.01287892 0
vn -0.9999986 0.001709086 0
vn -0.7071056 0.001800649 0.7071056
vn -0.7071056 0.001800649 -0.7071056
vn -0.7071049 0.002258439 0.7071049
vn -0.7071049 0.002258439 -0.7071049
vn -0.9999977 0.002136356 0
vn 0 -0.7568147 0.6536295
vn 0.679848 -0.2749789 0.679848
vn 0.4691511 -0.7481941 0.4691511
vn 0 -0.2651828 0.9641982
vn 0 -0.009491409 0.9999549
vn 0.7070718 -0.0099493 0.7070718
vn 0.6960875 0.1758531 0.6960875
vn -0.679848 -0.2749789 0.679848
vn -0.4691511 -0.7481941 0.4691511
vn -0.7070718 -0.0099493 0.7070718
vn -0.6960875 0.1758531 0.6960875
vn 0 0.1675804 0.9858584
vn 0 0.2566634 0.9665009
vn 0.6806439 0.2710124 0.6806439
vn -0.6806439 0.2710124 0.6806439
vn 0.6884506 0.2281916 0.6884506
vn -0.6884506 0.2281916 0.6884506
vn 0 0.2147616 0.9766665
vn 0 0.09485231 0.9954914
vn 0.7034742 0.1012331 0.7034742
vn -0.7034742 0.1012331 0.7034742
vn 0.7070407 0.01367265 0.7070407
vn -0.7070407 0.01367265 0.7070407
vn 0 0.01287892 0.999917
vn 0 0.001709086 0.9999986
vn 0.7071056 0.001800649 0.7071056
vn -0.7071056 0.001800649 0.7071056
vn 0.7071049 0.002258439 0.7071049
vn -0.7071049 0.002258439 0.7071049
vn 0 0.002136356 0.9999977
vn 0 0.0443749 0.999015
vn 0 0.002136356 0.9999977
vn -0.7071049 0.002258439 0.7071049
vn -0.7063305 0.04684658 0.7063305
vn 0.7071049 0.002258439 0.7071049
vn 0.7063305 0.04684658 0.7063305
vn -0.999015 0.0443749 0
vn -0.7063305 0.04684658 0.7063305
vn -0.7071049 0.002258439 0.7071049
vn -0.7063305 0.04684658 -0.7063305
vn -0.9999977 0.002136356 0
vn -0.7071049 0.002258439 -0.7071049
vn 0 0.0443749 -0.999015
vn -0.7063305 0.04684658 -0.7063305
vn -0.7071049 0.002258439 -0.7071049
vn 0.7063305 0.04684658 -0.7063305
vn 0 0.002136356 -0.9999977
vn 0.7071049 0.002258439 -0.7071049
vn 0.999015 0.0443749 0
vn 0.7063305 0.04684658 -0.7063305
vn 0.7071049 0.002258439 -0.7071049
vn 0.7063305 0.04684658 0.7063305
vn 0.9999977 0.002136356 0
vn 0.7071049 0.002258439 0.7071049
vn 0.6536295 -0.7568147 0
vn 0.08499516 -0.9927496 0.08499516
vn 0.4691511 -0.7481941 0.4691511
vn 0 -0.7568147 0.6536295
vn 0.1104483 -0.9938818 0
vn 0 -1 0
vn 0.08499516 -0.9927496 -0.08499516
vn 0.4691511 -0.7481941 -0.4691511
vn 0 -0.7568147 -0.6536295
vn 0 -0.9938818 0.1104483
vn -0.08499516 -0.9927496 0.08499516
vn -0.4691511 -0.7481941 0.4691511
vn -0.6536295 -0.7568147 0
vn 0 -0.9938818 -0.1104483
vn -0.08499516 -0.9927496 -0.08499516
vn -0.4691511 -0.7481941 -0.4691511
vn -0.1104483 -0.9938818 0
vt 0.2993038 0.5057177
vt 0.3191104 0.5057177
vt 0.309207 0.4885646
vt 0.3092072 0.4885646
vt 0.3191104 0.5057177
vt 0.2993038 0.5057177
vt 0.386183 0.5057177
vt 0.4059899 0.5057177
vt 0.3960865 0.4885646
vt 0.3960865 0.4885646
vt 0.4059899 0.5057177
vt 0.386183 0.5057177
vt 0.6402595 0.5057177
vt 0.6600661 0.5057177
vt 0.6501629 0.4885646
vt 0.6501629 0.4885646
vt 0.6600664 0.5057177
vt 0.6402595 0.5057177
vt 0.55338 0.5057177
vt 0.5731866 0.5057177
vt 0.5632834 0.4885646
vt 0.5632834 0.4885646
vt 0.5731869 0.5057177
vt 0.5533803 0.5057177
vt 0.4514225 0.5057177
vt 0.4712291 0.5057177
vt 0.4613256 0.4885646
vt 0.4613259 0.4885646
vt 0.4712291 0.5057177
vt 0.4514225 0.5057177
vt 0.197346 0.5057177
vt 0.2171526 0.5057177
vt 0.2072494 0.4885646
vt 0.2072494 0.4885646
vt 0.2171528 0.5057177
vt 0.197346 0.5057177
vt 0.3542323 0.5057177
vt 0.3740389 0.5057177
vt 0.3641357 0.4885646
vt 0.3641357 0.4885646
vt 0.3740392 0.5057177
vt 0.3542325 0.5057177
vt 0.2690761 0.5057177
vt 0.2888827 0.5057177
vt 0.2789795 0.4885646
vt 0.2789795 0.4885646
vt 0.288883 0.5057177
vt 0.2690763 0.5057177
vt 0.1821969 0.5057177
vt 0.2020032 0.5057177
vt 0.1921 0.4885646
vt 0.1921 0.4885646
vt 0.2020035 0.5057177
vt 0.1821969 0.5057177
vt 0.08023906 0.5057177
vt 0.1000457 0.5057177
vt 0.09014249 0.4885646
vt 0.09014249 0.4885646
vt 0.1000457 0.5057177
vt 0.08023906 0.5057177
vt 0.9854615 0.5057177
vt 1.005268 0.5057177
vt 0.9953649 0.4885646
vt 0.9953649 0.4885646
vt 1.005268 0.5057177
vt 0.9854615 0.5057177
vt 0.1001558 0.5057177
vt 0.1199625 0.5057177
vt 0.1100593 0.4885646
vt 0.1100595 0.4885646
vt 0.1199627 0.5057177
vt 0.1001561 0.5057177
vt 0.01499963 0.5057177
vt 0.03480649 0.5057177
vt 0.02490306 0.4885646
vt 0.0249033 0.4885646
vt 0.03480649 0.5057177
vt 0.01499987 0.5057177
vt 0.9281204 0.5057177
vt 0.947927 0.5057177
vt 0.9380236 0.4885646
vt 0.9380236 0.4885646
vt 0.947927 0.5057177
vt 0.9281204 0.5057177
vt 0.8261626 0.5057177
vt 0.8459692 0.5057177
vt 0.836066 0.4885646
vt 0.836066 0.4885646
vt 0.8459692 0.5057177
vt 0.8261626 0.5057177
vt 0.731385 0.5057177
vt 0.7511916 0.5057177
vt 0.7412884 0.4885646
vt 0.7412884 0.4885646
vt 0.7511919 0.5057177
vt 0.7313852 0.5057177
vt 0.9233897 0.5057177
vt 0.9431963 0.5057177
vt 0.9332931 0.4885646
vt 0.9332931 0.4885646
vt 0.9431965 0.5057177
vt 0.9233899 0.5057177
vt 0.8365104 0.5057177
vt 0.8563168 0.5057177
vt 0.8464136 0.4885646
vt 0.8464136 0.4885646
vt 0.856317 0.5057177
vt 0.8365104 0.5057177
vt 0.7345526 0.5057177
vt 0.7543592 0.5057177
vt 0.7444561 0.4885646
vt 0.7444561 0.4885646
vt 0.7543592 0.5057177
vt 0.7345526 0.5057177
vt 0.639775 0.5057177
vt 0.6595814 0.5057177
vt 0.6496785 0.4885646
vt 0.6496785 0.4885646
vt 0.6595817 0.5057177
vt 0.639775 0.5057177
vt 0.6075099 0.5057177
vt 0.6273162 0.5057177
vt 0.6174133 0.4885646
vt 0.6174133 0.4885646
vt 0.6273162 0.5057177
vt 0.6075099 0.5057177
vt 0.5055521 0.5057177
vt 0.5253587 0.5057177
vt 0.5154555 0.4885646
vt 0.5154555 0.4885646
vt 0.5253589 0.5057177
vt 0.5055521 0.5057177
vt 0.8961091 0.5057177
vt 0.8763024 0.5057177
vt 0.8862057 0.4885646
vt 0.8862057 0.4885646
vt 0.8763024 0.5057177
vt 0.8961091 0.5057177
vt 0.8092297 0.5057177
vt 0.789423 0.5057177
vt 0.7993263 0.4885646
vt 0.7993263 0.4885646
vt 0.789423 0.5057177
vt 0.8092297 0.5057177
vt 0.5551533 0.5057177
vt 0.5353466 0.5057177
vt 0.5452499 0.4885646
vt 0.5452499 0.4885646
vt 0.5353466 0.5057177
vt 0.5551533 0.5057177
vt 0.6420327 0.5057177
vt 0.622226 0.5057177
vt 0.6321293 0.4885646
vt 0.6321293 0.4885646
vt 0.622226 0.5057177
vt 0.6420327 0.5057177
vt 0.7439903 0.5057177
vt 0.7241837 0.5057177
vt 0.734087 0.4885646
vt 0.734087 0.4885646
vt 0.7241837 0.5057177
vt 0.7439903 0.5057177
vt 0.9980668 0.5057177
vt 0.9782601 0.5057177
vt 0.9881634 0.4885646
vt 0.9881634 0.4885646
vt 0.9782601 0.5057177
vt 0.9980668 0.5057177
vt 0.8411804 0.5057177
vt 0.8213738 0.5057177
vt 0.8312771 0.4885646
vt 0.8312771 0.4885646
vt 0.8213738 0.5057177
vt 0.8411804 0.5057177
vt 0.9263366 0.5057177
vt 0.90653 0.5057177
vt 0.9164333 0.4885646
vt 0.9164333 0.4885646
vt 0.90653 0.5057177
vt 0.9263366 0.5057177
vt 0.01321602 0.5057177
vt -0.006590605 0.5057177
vt 0.003312707 0.4885646
vt 0.003312707 0.4885646
vt -0.006590605 0.5057177
vt 0.01321602 0.5057177
vt 0.1151737 0.5057177
vt 0.09536707 0.5057177
vt 0.1052704 0.4885646
vt 0.1052704 0.4885646
vt 0.09536707 0.5057177
vt 0.1151737 0.5057177
vt 0.2099513 0.5057177
vt 0.1901447 0.5057177
vt 0.200048 0.4885646
vt 0.200048 0.4885646
vt 0.1901447 0.5057177
vt 0.2099513 0.5057177
vt 0.09525684 0.5057177
vt 0.07545018 0.5057177
vt 0.08535349 0.4885646
vt 0.08535349 0.4885646
vt 0.07545018 0.5057177
vt 0.09525684 0.5057177
vt 0.180413 0.5057177
vt 0.1606064 0.5057177
vt 0.1705097 0.4885646
vt 0.1705097 0.4885646
vt 0.1606064 0.5057177
vt 0.180413 0.5057177
vt 0.2672924 0.5057177
vt 0.2474858 0.5057177
vt 0.2573891 0.4885646
vt 0.2573891 0.4885646
vt 0.2474858 0.5057177
vt 0.2672924 0.5057177
vt 0.3692501 0.5057177
vt 0.3494435 0.5057177
vt 0.3593468 0.4885646
vt 0.3593468 0.4885646
vt 0.3494435 0.5057177
vt 0.3692501 0.5057177
vt 0.4640277 0.5057177
vt 0.4442211 0.5057177
vt 0.4541244 0.4885646
vt 0.4541244 0.4885646
vt 0.4442211 0.5057177
vt 0.4640277 0.5057177
vt 0.7507887 0.5057177
vt 0.7507887 0.4885646
vt 2.240968 0.4885646
vt 2.240968 0.5057177
vt 0.7507887 0.4885646
vt 0.7507887 0.5057177
vt 2.240968 0.5057177
vt 2.240968 0.4885646
vt 0.7507887 0.2993038
vt 0.7507887 0.3191104
vt 2.240968 0.3191104
vt 2.240968 0.2993038
vt 0.8089071 0.5057177
vt 0.8089071 0.4885646
vt 2.186569 0.4885646
vt 2.186569 0.5057177
vt 0.8089071 0.4885646
vt 0.8089071 0.5057177
vt 2.186569 0.5057177
vt 2.186569 0.4885646
vt 0.8089071 0.386183
vt 0.8089071 0.4059899
vt 2.186569 0.4059899
vt 2.186569 0.386183
vt 0.6265315 0.4885646
vt 0.6265315 0.5057177
vt 2.38276 0.5057177
vt 2.38276 0.4885646
vt 0.6265315 0.6402595
vt 0.6265315 0.6600664
vt 2.38276 0.6600661
vt 2.38276 0.6402595
vt 0.6265315 0.5057177
vt 0.6265315 0.4885646
vt 2.38276 0.4885646
vt 2.38276 0.5057177
vt 0.6265315 0.4885646
vt 0.6265315 0.5057177
vt 2.38276 0.5057177
vt 2.38276 0.4885646
vt 0.6265315 0.5533803
vt 0.6265315 0.5731869
vt 2.38276 0.5731866
vt 2.38276 0.55338
vt 0.6265315 0.5057177
vt 0.6265315 0.4885646
vt 2.38276 0.4885646
vt 2.38276 0.5057177
vt 0.6390198 0.4885646
vt 0.6390198 0.5057177
vt 2.354474 0.5057177
vt 2.354474 0.4885646
vt 0.6390198 0.4514225
vt 0.6390198 0.4712291
vt 2.354474 0.4712291
vt 2.354474 0.4514225
vt 0.6390198 0.5057177
vt 0.6390198 0.4885646
vt 2.354474 0.4885646
vt 2.354474 0.5057177
vt 0.70217 0.5057177
vt 0.70217 0.4885646
vt 2.2857 0.4885646
vt 2.2857 0.5057177
vt 0.70217 0.4885646
vt 0.70217 0.5057177
vt 2.2857 0.5057177
vt 2.2857 0.4885646
vt 0.70217 0.197346
vt 0.70217 0.2171528
vt 2.2857 0.2171526
vt 2.2857 0.197346
vt 0.6533157 0.4885646
vt 0.6533156 0.5057177
vt 2.348391 0.5057177
vt 2.348391 0.4885646
vt 0.6533157 0.5057177
vt 0.6533157 0.4885646
vt 2.348391 0.4885646
vt 2.348391 0.5057177
vt 0.6533156 0.3542325
vt 0.6533157 0.3740392
vt 2.348391 0.3740389
vt 2.348391 0.3542323
vt 0.6673769 0.4885646
vt 0.6673769 0.5057177
vt 2.330348 0.5057177
vt 2.330348 0.4885646
vt 0.6673769 0.2690763
vt 0.6673769 0.288883
vt 2.330348 0.2888827
vt 2.330348 0.2690761
vt 0.6673769 0.5057177
vt 0.6673769 0.4885646
vt 2.330348 0.4885646
vt 2.330348 0.5057177
vt 0.70217 0.4885646
vt 0.70217 0.5057177
vt 2.2857 0.5057177
vt 2.2857 0.4885646
vt 0.70217 0.1821969
vt 0.70217 0.2020035
vt 2.2857 0.2020032
vt 2.2857 0.1821969
vt 0.70217 0.5057177
vt 0.70217 0.4885646
vt 2.2857 0.4885646
vt 2.2857 0.5057177
vt 0.7507887 0.4885646
vt 0.7507887 0.5057177
vt 2.240968 0.5057177
vt 2.240968 0.4885646
vt 0.7507887 0.08023906
vt 0.7507887 0.1000457
vt 2.240968 0.1000457
vt 2.240968 0.08023906
vt 0.7507887 0.5057177
vt 0.7507887 0.4885646
vt 2.240968 0.4885646
vt 2.240968 0.5057177
vt 0.808907 0.4885646
vt 0.808907 0.5057177
vt 2.186569 0.5057177
vt 2.186569 0.4885646
vt 0.808907 0.9854615
vt 0.808907 1.005268
vt 2.186569 1.005268
vt 2.186569 0.9854615
vt 0.808907 0.5057177
vt 0.808907 0.4885646
vt 2.186569 0.4885646
vt 2.186569 0.5057177
vt 0.6673769 0.4885646
vt 0.6673769 0.5057177
vt 2.330348 0.5057177
vt 2.330348 0.4885646
vt 0.6673769 0.5057177
vt 0.6673769 0.4885646
vt 2.330348 0.4885646
vt 2.330348 0.5057177
vt 0.6673769 0.1001561
vt 0.6673769 0.1199627
vt 2.330348 0.1199625
vt 2.330348 0.1001558
vt 0.6533157 0.4885646
vt 0.6533157 0.5057177
vt 2.348391 0.5057177
vt 2.348391 0.4885646
vt 0.6533157 0.01499987
vt 0.6533157 0.03480649
vt 2.348391 0.03480649
vt 2.348391 0.01499963
vt 0.6533157 0.5057177
vt 0.6533157 0.4885646
vt 2.348391 0.4885646
vt 2.348391 0.5057177
vt 0.6390198 0.4885646
vt 0.6390198 0.5057177
vt 2.354474 0.5057177
vt 2.354474 0.4885646
vt 0.6390198 0.9281204
vt 0.6390198 0.947927
vt 2.354474 0.947927
vt 2.354474 0.9281204
vt 0.6390198 0.5057177
vt 0.6390198 0.4885646
vt 2.354474 0.4885646
vt 2.354474 0.5057177
vt 0.6265315 0.4885646
vt 0.6265315 0.5057177
vt 2.38276 0.5057177
vt 2.38276 0.4885646
vt 0.6265315 0.8261626
vt 0.6265315 0.8459692
vt 2.38276 0.8459692
vt 2.38276 0.8261626
vt 0.6265315 0.5057177
vt 0.6265315 0.4885646
vt 2.38276 0.4885646
vt 2.38276 0.5057177
vt 0.6265315 0.4885646
vt 0.6265315 0.5057177
vt 2.38276 0.5057177
vt 2.38276 0.4885646
vt 0.6265315 0.7313852
vt 0.6265315 0.7511919
vt 2.38276 0.7511916
vt 2.38276 0.731385
vt 0.6265315 0.5057177
vt 0.6265315 0.4885646
vt 2.38276 0.4885646
vt 2.38276 0.5057177
vt 0.8337256 0.4885646
vt 0.8337256 0.5057177
vt 2.163093 0.5057177
vt 2.163093 0.4885646
vt 0.8337256 0.9233899
vt 0.8337256 0.9431965
vt 2.163093 0.9431963
vt 2.163093 0.9233897
vt 0.8337256 0.5057177
vt 0.8337256 0.4885646
vt 2.163093 0.4885646
vt 2.163093 0.5057177
vt 0.8615389 0.4885646
vt 0.8615389 0.5057177
vt 2.127402 0.5057177
vt 2.127402 0.4885646
vt 0.8615389 0.8365104
vt 0.8615389 0.856317
vt 2.127402 0.8563168
vt 2.127402 0.8365104
vt 0.8615389 0.5057177
vt 0.8615389 0.4885646
vt 2.127402 0.4885646
vt 2.127402 0.5057177
vt 0.93765 0.4885646
vt 0.93765 0.5057177
vt 2.054491 0.5057177
vt 2.054491 0.4885646
vt 0.93765 0.7345526
vt 0.93765 0.7543592
vt 2.054491 0.7543592
vt 2.054491 0.7345526
vt 0.93765 0.5057177
vt 0.93765 0.4885646
vt 2.054491 0.4885646
vt 2.054491 0.5057177
vt 0.9812077 0.4885646
vt 0.9812077 0.5057177
vt 2.01372 0.5057177
vt 2.01372 0.4885646
vt 0.9812077 0.639775
vt 0.9812077 0.6595817
vt 2.01372 0.6595814
vt 2.01372 0.639775
vt 0.9812077 0.5057177
vt 0.9812077 0.4885646
vt 2.01372 0.4885646
vt 2.01372 0.5057177
vt 0.0105598 0.5057177
vt 0.0105598 0.4885646
vt 0.9806885 0.4885646
vt 0.9806885 0.5057177
vt 0.0105598 0.4885646
vt 0.0105598 0.5057177
vt 0.9806885 0.5057177
vt 0.9806885 0.4885646
vt 0.0105598 0.6075099
vt 0.0105598 0.6273162
vt 0.9806885 0.6273162
vt 0.9806885 0.6075099
vt 0.9097794 0.5057177
vt 0.9097794 0.4885646
vt 2.0786 0.4885646
vt 2.0786 0.5057177
vt 0.9097794 0.4885646
vt 0.9097794 0.5057177
vt 2.0786 0.5057177
vt 2.0786 0.4885646
vt 0.9097794 0.5055521
vt 0.9097794 0.5253589
vt 2.0786 0.5253587
vt 2.0786 0.5055521
vt 0.8131721 0.5057177
vt 0.8131721 0.4885646
vt 2.485709 0.4885646
vt 2.485709 0.5057177
vt 0.8131721 0.4885646
vt 0.8131721 0.5057177
vt 2.485709 0.5057177
vt 2.485709 0.4885646
vt 0.8961091 0.8131721
vt 0.8763024 0.8131721
vt 0.8763024 2.485709
vt 0.8961091 2.485709
vt 0.965313 0.5057177
vt 0.965313 0.4885646
vt 2.374732 0.4885646
vt 2.374732 0.5057177
vt 0.965313 0.4885646
vt 0.965313 0.5057177
vt 2.374732 0.5057177
vt 2.374732 0.4885646
vt 0.8092297 0.965313
vt 0.789423 0.965313
vt 0.789423 2.374732
vt 0.8092297 2.374732
vt 0.4878943 0.4885646
vt 0.4878943 0.5057177
vt 2.774968 0.5057177
vt 2.774968 0.4885646
vt 0.5551533 0.4878943
vt 0.5353466 0.4878943
vt 0.5353466 2.774968
vt 0.5551533 2.774968
vt 0.4878943 0.5057177
vt 0.4878943 0.4885646
vt 2.774968 0.4885646
vt 2.774968 0.5057177
vt 0.4878943 0.4885646
vt 0.4878943 0.5057177
vt 2.774968 0.5057177
vt 2.774968 0.4885646
vt 0.6420327 0.4878943
vt 0.622226 0.4878943
vt 0.622226 2.774968
vt 0.6420327 2.774968
vt 0.4878943 0.5057177
vt 0.4878943 0.4885646
vt 2.774968 0.4885646
vt 2.774968 0.5057177
vt 0.5205859 0.4885646
vt 0.5205859 0.5057177
vt 2.717263 0.5057177
vt 2.717263 0.4885646
vt 0.7439903 0.5205859
vt 0.7241837 0.5205859
vt 0.7241837 2.717263
vt 0.7439903 2.717263
vt 0.5205859 0.5057177
vt 0.5205859 0.4885646
vt 2.717263 0.4885646
vt 2.717263 0.5057177
vt 0.685899 0.5057177
vt 0.685899 0.4885646
vt 2.576963 0.4885646
vt 2.576963 0.5057177
vt 0.685899 0.4885646
vt 0.685899 0.5057177
vt 2.576963 0.5057177
vt 2.576963 0.4885646
vt 0.9980668 0.685899
vt 0.9782601 0.685899
vt 0.9782601 2.576963
vt 0.9980668 2.576963
vt 0.5580093 0.4885646
vt 0.5580093 0.5057177
vt 2.704853 0.5057177
vt 2.704853 0.4885646
vt 0.5580093 0.5057177
vt 0.5580093 0.4885646
vt 2.704853 0.4885646
vt 2.704853 0.5057177
vt 0.8411804 0.5580093
vt 0.8213738 0.5580093
vt 0.8213738 2.704853
vt 0.8411804 2.704853
vt 0.5948184 0.4885646
vt 0.5948184 0.5057177
vt 2.668044 0.5057177
vt 2.668044 0.4885646
vt 0.9263366 0.5948184
vt 0.90653 0.5948184
vt 0.90653 2.668044
vt 0.9263366 2.668044
vt 0.5948184 0.5057177
vt 0.5948184 0.4885646
vt 2.668044 0.4885646
vt 2.668044 0.5057177
vt 0.685899 0.4885646
vt 0.685899 0.5057177
vt 2.576963 0.5057177
vt 2.576963 0.4885646
vt 0.01321602 0.685899
vt -0.006590605 0.685899
vt -0.006590605 2.576963
vt 0.01321602 2.576963
vt 0.685899 0.5057177
vt 0.685899 0.4885646
vt 2.576963 0.4885646
vt 2.576963 0.5057177
vt 0.8131721 0.4885646
vt 0.8131721 0.5057177
vt 2.485709 0.5057177
vt 2.485709 0.4885646
vt 0.1151737 0.8131721
vt 0.09536707 0.8131721
vt 0.09536707 2.485709
vt 0.1151737 2.485709
vt 0.8131721 0.5057177
vt 0.8131721 0.4885646
vt 2.485709 0.4885646
vt 2.485709 0.5057177
vt 0.965313 0.4885646
vt 0.965313 0.5057177
vt 2.374732 0.5057177
vt 2.374732 0.4885646
vt 0.2099513 0.965313
vt 0.1901447 0.965313
vt 0.1901447 2.374732
vt 0.2099513 2.374732
vt 0.965313 0.5057177
vt 0.965313 0.4885646
vt 2.374732 0.4885646
vt 2.374732 0.5057177
vt 0.5948184 0.4885646
vt 0.5948184 0.5057177
vt 2.668044 0.5057177
vt 2.668044 0.4885646
vt 0.5948184 0.5057177
vt 0.5948184 0.4885646
vt 2.668044 0.4885646
vt 2.668044 0.5057177
vt 0.09525684 0.5948184
vt 0.07545018 0.5948184
vt 0.07545018 2.668044
vt 0.09525684 2.668044
vt 0.5580093 0.4885646
vt 0.5580093 0.5057177
vt 2.704853 0.5057177
vt 2.704853 0.4885646
vt 0.180413 0.5580093
vt 0.1606064 0.5580093
vt 0.1606064 2.704853
vt 0.180413 2.704853
vt 0.5580093 0.5057177
vt 0.5580093 0.4885646
vt 2.704853 0.4885646
vt 2.704853 0.5057177
vt 0.5205859 0.4885646
vt 0.5205859 0.5057177
vt 2.717263 0.5057177
vt 2.717263 0.4885646
vt 0.2672924 0.5205859
vt 0.2474858 0.5205859
vt 0.2474858 2.717263
vt 0.2672924 2.717263
vt 0.5205859 0.5057177
vt 0.5205859 0.4885646
vt 2.717263 0.4885646
vt 2.717263 0.5057177
vt 0.4878943 0.4885646
vt 0.4878943 0.5057177
vt 2.774968 0.5057177
vt 2.774968 0.4885646
vt 0.3692501 0.4878943
vt 0.3494435 0.4878943
vt 0.3494435 2.774968
vt 0.3692501 2.774968
vt 0.4878943 0.5057177
vt 0.4878943 0.4885646
vt 2.774968 0.4885646
vt 2.774968 0.5057177
vt 0.4878943 0.4885646
vt 0.4878943 0.5057177
vt 2.774968 0.5057177
vt 2.774968 0.4885646
vt 0.4640277 0.4878943
vt 0.4442211 0.4878943
vt 0.4442211 2.774968
vt 0.4640277 2.774968
vt 0.4878943 0.5057177
vt 0.4878943 0.4885646
vt 2.774968 0.4885646
vt 2.774968 0.5057177
vt 0.4972649 0.6286498
vt 0.4903464 0.5347485
vt 0.5570283 0.5347485
vt 0.5732751 0.6286498
vt 0.5996542 0.7515934
vt 0.5350507 0.7591318
vt 0.7020163 1.05705
vt 0.641323 1.080433
vt 0.3620512 0.7482253
vt 0.2614361 1.046603
vt 0.3221293 1.069986
vt 0.4266547 0.7557638
vt 0.3833341 0.6286498
vt 0.4593443 0.6286498
vt 0.3903976 0.5347485
vt 0.4570795 0.5347485
vt 0.06998646 0.5470506
vt 0.3952284 0.4820086
vt 0.08043337 0.4820087
vt 0.3795605 0.5470505
vt 0.691222 0.4826999
vt 0.676156 0.5452431
vt 0.8875651 0.4826997
vt 0.8745623 0.5452429
vt 1.220486 0.4826999
vt 1.214756 0.5452431
vt 0.7515934 0.4529497
vt 1.05705 0.45295
vt 1.046603 0.5179919
vt 0.7482253 0.5179916
vt 0.6286498 0.4450154
vt 0.6286498 0.5210256
vt 0.5347485 0.4517633
vt 0.5347485 0.5184453
vt 0.7557638 0.5470503
vt 1.069986 0.5470506
vt 1.080433 0.4820087
vt 0.7591318 0.4820084
vt 0.6286498 0.5549846
vt 0.6286498 0.4789744
vt 0.5347485 0.5482367
vt 0.5347485 0.4815548
vt 0.4555176 0.7591318
vt 0.3492452 1.080433
vt 0.288552 1.05705
vt 0.3909141 0.7515934
vt 0.4933033 0.6286498
vt 0.4172931 0.6286498
vt 0.4868709 0.5347485
vt 0.4201891 0.5347485
vt 0.115276 0.3444912
vt -0.06278348 0.6424341
vt -0.01011014 0.676156
vt 0.1700537 0.3795605
vt 0.2614361 0.0466032
vt 0.3221293 0.06998646
vt 0.3492452 0.08043337
vt 0.1397491 0.3601592
vt 0.288552 0.05705011
vt 0.1945267 0.3952284
vt -0.03925061 0.6575
vt 0.0134227 0.691222
vt -0.1761707 0.8584611
vt -0.120812 0.8875651
vt 0.05705011 0.45295
vt 0.3444912 0.5179918
vt 0.0466032 0.5179919
vt 0.3601592 0.4529499
vt 0.6424341 0.5173007
vt 0.6575 0.4547575
vt 0.8454583 0.5173005
vt 0.8584611 0.4547572
vt 1.201931 0.5173007
vt 1.207661 0.4547575
vt 0.9372165 0.6424341
vt 0.8544554 0.8745623
vt 0.9898899 0.676156
vt 0.7990966 0.8454583
vt 0.708839 1.214756
vt 0.647625 1.201931
vt 0.647625 0.2019312
vt 0.6452074 0.5686967
vt 0.708839 0.214756
vt 0.5826666 0.5692353
vt 0.6779636 1.012302
vt 0.6157954 1.019139
vt 0.879188 0.8875651
vt 0.7361876 1.220486
vt 0.6749736 1.207661
vt 0.8238293 0.8584611
vt 0.5689945 0.4547575
vt 1.016084 0.4547568
vt 1.019139 0.5173001
vt 0.5692353 0.5173008
vt 0.2076609 0.4547575
vt 0.2019312 0.5173007
vt 0.214756 0.5452431
vt 0.5684562 0.4827
vt 0.2204859 0.4826999
vt 0.5686967 0.5452432
vt 1.009247 0.4826992
vt 1.012302 0.5452425
vt 0.7361876 0.2204859
vt 0.610608 0.5689945
vt 0.6749736 0.2076609
vt 0.6731488 0.5684562
vt 0.6435703 1.016084
vt 0.7057386 1.009247
vt 0.01230168 0.5452425
vt 0.3269608 0.4816903
vt 0.009247303 0.4826992
vt 0.3440101 0.5478793
vt 0.5265284 0.4816904
vt 0.5505006 0.5478795
vt 0.7057386 0.009247303
vt 0.7628642 0.3651221
vt 0.6435703 0.01608396
vt 0.8169448 0.3269608
vt 0.9531265 0.5801852
vt 0.9918815 0.5265284
vt 1.189655 0.7171242
vt 1.201689 0.6520388
vt 0.6157954 0.01913881
vt 0.7927831 0.3440101
vt 0.6779636 0.01230168
vt 0.7387027 0.3821714
vt 0.974567 0.5505006
vt 0.9358119 0.6041572
vt 1.196313 0.6811173
vt 1.184279 0.7462027
vt 0.01608396 0.4547568
vt 0.3821714 0.5183081
vt 0.01913881 0.5173001
vt 0.3651221 0.452119
vt 0.6041572 0.5183082
vt 0.5801852 0.4521191
vt 0.974567 0.5478795
vt 1.196313 0.5478795
vt 1.201689 0.4816905
vt 0.9918815 0.4816904
vt 0.2016886 0.6520388
vt 0.4952841 0.771734
vt 0.1896549 0.7171242
vt 0.4952841 0.7055457
vt 0.7888797 0.6520388
vt 0.8009133 0.7171242
vt 0.9986867 0.5265284
vt 1.037442 0.5801852
vt 0.9531265 0.4521191
vt 1.189655 0.4521192
vt 1.184279 0.5183083
vt 0.9358119 0.5183082
vt 0.771734 0.4521184
vt 0.801306 0.5183074
vt 0.7351177 0.5478787
vt 0.7055457 0.4816896
vt 0.1842788 0.7462027
vt 0.4952841 0.7351177
vt 0.1963125 0.6811173
vt 0.4952841 0.801306
vt 0.8062894 0.7462027
vt 0.7942557 0.6811173
vt 0.1896549 0.4521192
vt 0.4952841 0.5183074
vt 0.1842788 0.5183083
vt 0.4952841 0.4521184
vt 0.8009133 0.4521192
vt 0.8062894 0.5183083
vt 0.1963125 0.5478795
vt 0.4952841 0.4816896
vt 0.2016886 0.4816905
vt 0.4952841 0.5478787
vt 0.7942557 0.5478795
vt 0.7888797 0.4816905
vt 0.6286498 0.5549846
vt 0.5347485 0.5482367
vt 0.5347485 0.4815548
vt 0.6286498 0.4789744
vt 0.7591318 0.4820084
vt 0.7557638 0.5470503
vt 1.080433 0.4820087
vt 1.069986 0.5470506
vt 0.6285171 0.7482253
vt 0.6684389 1.069986
vt 0.7291321 1.046603
vt 0.5639135 0.7557638
vt 0.6072342 0.6286498
vt 0.531224 0.6286498
vt 0.5201378 0.5347485
vt 0.5868197 0.5347485
vt 0.06998646 0.5470506
vt 0.08043337 0.4820087
vt 0.3952284 0.4820086
vt 0.3795605 0.5470505
vt 0.691222 0.4826999
vt 0.676156 0.5452431
vt 0.8875651 0.4826997
vt 0.8745623 0.5452429
vt 1.220486 0.4826999
vt 1.214756 0.5452431
vt 0.7515934 0.4529497
vt 1.046603 0.5179919
vt 1.05705 0.45295
vt 0.7482253 0.5179916
vt 0.6286498 0.4450154
vt 0.6286498 0.5210256
vt 0.5347485 0.5184453
vt 0.5347485 0.4517633
vt 0.8752922 0.3444912
vt 1.000678 0.676156
vt 1.053352 0.6424341
vt 0.8205146 0.3795605
vt 0.7291321 0.0466032
vt 0.6684389 0.06998646
vt 0.641323 0.08043337
vt 0.7020163 0.05705011
vt 0.8508192 0.3601592
vt 0.7960415 0.3952284
vt 1.029819 0.6575
vt 0.9771456 0.691222
vt 1.166739 0.8584611
vt 1.11138 0.8875651
vt 0.05705011 0.45295
vt 0.0466032 0.5179919
vt 0.3444912 0.5179918
vt 0.3601592 0.4529499
vt 0.6424341 0.5173007
vt 0.6575 0.4547575
vt 0.8454583 0.5173005
vt 0.8584611 0.4547572
vt 1.201931 0.5173007
vt 1.207661 0.4547575
vt 0.05335164 0.6424341
vt 0.0006783009 0.676156
vt 0.1361129 0.8745623
vt 0.1914716 0.8454583
vt 0.2817292 1.214756
vt 0.3429432 1.201931
vt 0.3429432 0.2019312
vt 0.2817292 0.214756
vt 0.3453608 0.5686967
vt 0.4079015 0.5692353
vt 0.3126047 1.012302
vt 0.3747728 1.019139
vt 0.1113801 0.8875651
vt 0.166739 0.8584611
vt 0.3155947 1.207661
vt 0.2543805 1.220486
vt 0.5689945 0.4547575
vt 1.019139 0.5173001
vt 1.016084 0.4547568
vt 0.5692353 0.5173008
vt 0.2076609 0.4547575
vt 0.2019312 0.5173007
vt 0.214756 0.5452431
vt 0.2204859 0.4826999
vt 0.5684562 0.4827
vt 0.5686967 0.5452432
vt 1.009247 0.4826992
vt 1.012302 0.5452425
vt 0.2543805 0.2204859
vt 0.3155947 0.2076609
vt 0.3799601 0.5689945
vt 0.3174193 0.5684562
vt 0.346998 1.016084
vt 0.2848296 1.009247
vt 0.01230168 0.5452425
vt 0.009247303 0.4826992
vt 0.3269608 0.4816903
vt 0.3440101 0.5478793
vt 0.5265284 0.4816904
vt 0.5505006 0.5478795
vt 0.2848296 0.009247303
vt 0.346998 0.01608396
vt 0.227704 0.3651221
vt 0.1736233 0.3269608
vt 0.03744173 0.5801852
vt -0.001313269 0.5265284
vt 0.3747728 0.01913881
vt 0.3126047 0.01230168
vt 0.1977851 0.3440101
vt 0.2518656 0.3821714
vt 0.01600122 0.5505006
vt 0.05475616 0.6041572
vt -0.2057443 0.6811173
vt -0.1937106 0.7462027
vt 0.01608396 0.4547568
vt 0.01913881 0.5173001
vt 0.3821714 0.5183081
vt 0.3651221 0.452119
vt 0.6041572 0.5183082
vt 0.5801852 0.4521191
vt 0.01600122 0.5478795
vt -0.001313269 0.4816904
vt -0.2111203 0.4816905
vt -0.2057443 0.5478795
vt 0.03744173 0.4521191
vt 0.05475616 0.5183082
vt -0.1937106 0.5183083
vt -0.1990867 0.4521192
vt 0.4201891 0.4517633
vt 0.3903976 0.5184453
vt 0.4570795 0.5482367
vt 0.4868709 0.4815548
vt 0.5570283 0.4517633
vt 0.4903464 0.4815548
vt 0.5201378 0.5482367
vt 0.5868197 0.5184453
vt 0.6499569 0.4608359
vt 0.6927781 0.4850242
vt 0.6736469 0.5391648
vt 0.6308258 0.5149764
vt 0.1958004 0.5378717
vt 0.3722093 0.4354045
vt 0.1755312 0.4876688
vt 0.3661975 0.48921
vt 0.4996941 0.4225529
vt 0.4996941 0.4766557
vt 0.6331908 0.48921
vt 0.6271789 0.4354045
vt 0.8035878 0.5378717
vt 0.8238569 0.4876688
vt 0.9921337 0.6736469
vt 1.1958 0.5378717
vt 1.175531 0.4876688
vt 0.9590048 0.6308258
vt 0.9590048 0.5149764
vt 1.175531 0.5149766
vt 1.184587 0.4608361
vt 0.9738058 0.4608359
vt 0.006934822 0.4850242
vt 0.1958004 0.539165
vt -0.007866263 0.5391648
vt 0.2048561 0.4850244
vt 0.3661975 0.5391652
vt 0.3635117 0.4850246
vt 0.4996941 0.5391653
vt 0.4996941 0.4850247
vt 0.6358765 0.4850246
vt 0.6331908 0.5391652
vt 0.7945321 0.4850244
vt 0.8035878 0.539165
vt 0.9864613 0.4850242
vt 1.001262 0.5391648
vt 0.9738058 0.6499569
vt 1.184587 0.5100979
vt 1.204856 0.5603008
vt 1.006935 0.6927781
vt 0.1755312 0.5149766
vt 0.3695234 0.4608363
vt 0.1845869 0.4608361
vt 0.3722093 0.5149769
vt 0.4996941 0.4608364
vt 0.4996941 0.5149769
vt 0.6271789 0.5149769
vt 0.6298648 0.4608363
vt 0.8238569 0.5149766
vt 0.8148013 0.4608361
vt 0.1845869 0.5100979
vt 0.3635117 0.5132487
vt 0.2048561 0.5603008
vt 0.3695234 0.4594431
vt 0.4996941 0.5008272
vt 0.4996941 0.4467243
vt 0.6298648 0.4594431
vt 0.6358765 0.5132487
vt 0.8148013 0.5100979
vt 0.7945321 0.5603008
vt 0.4467243 0.4608364
vt 0.4225529 0.5149769
vt 0.4766557 0.5391653
vt 0.5008272 0.4850247
vt 0.6499569 0.4608359
vt 0.6308258 0.5149764
vt 0.6736469 0.5391648
vt 0.6927781 0.4850242
vt 0.001262426 0.6736469
vt 0.0343914 0.6308258
vt -0.1761431 0.4876688
vt -0.1964122 0.5378717
vt 0.0343914 0.5149764
vt 0.01959038 0.4608359
vt -0.1851987 0.4608361
vt -0.1761431 0.5149766
vt 0.01959038 0.6499569
vt -0.01353872 0.6927781
vt -0.2054679 0.5603008
vt -0.1851987 0.5100979
vt 0.4880549 0.6153264
vt 0.4060789 0.590209
vt 0.4050634 0.6153264
vt 0.4880549 0.590209
vt 0.4880549 0.5760309
vt 0.4064174 0.5760309
vt 0.4057474 0.5690461
vt 0.570031 0.590209
vt 0.5710465 0.6153264
vt 0.5696925 0.5760309
vt 0.5703625 0.5690461
vt 0.4880549 0.5690461
vt 0.4880549 0.5655091
vt 0.4037372 0.5655091
vt 0.5723727 0.5655091
vt 0.401727 0.5592859
vt 0.5743828 0.5592859
vt 0.4880549 0.5592859
vt 0.4880549 0.5442434
vt 0.401057 0.5442434
vt 0.5750529 0.5442434
vt 0.4009258 0.5292388
vt 0.5751841 0.5292388
vt 0.4880549 0.5292388
vt 0.6153264 0.5
vt 0.590209 0.4230083
vt 0.6153264 0.436946
vt 0.590209 0.5
vt 0.5760309 0.5
vt 0.5760309 0.4183625
vt 0.5690461 0.4176924
vt 0.590209 0.5769917
vt 0.6153264 0.563054
vt 0.5760309 0.5816375
vt 0.5690461 0.5823076
vt 0.5690461 0.5
vt 0.5655091 0.5
vt 0.5655091 0.4156823
vt 0.5655091 0.5843177
vt 0.5592859 0.4136721
vt 0.5592859 0.5863279
vt 0.5592859 0.5
vt 0.5442434 0.5
vt 0.5442434 0.413002
vt 0.5442434 0.586998
vt 0.5292388 0.4128709
vt 0.5292388 0.5871291
vt 0.5292388 0.5
vt 0.6153264 0.5
vt 0.590209 0.5769917
vt 0.6153264 0.563054
vt 0.590209 0.5
vt 0.5760309 0.5
vt 0.5760309 0.5816375
vt 0.5690461 0.5823076
vt 0.590209 0.4230083
vt 0.6153264 0.436946
vt 0.5760309 0.4183625
vt 0.5690461 0.4176924
vt 0.5690461 0.5
vt 0.5655091 0.5
vt 0.5655091 0.5843177
vt 0.5655091 0.4156823
vt 0.5592859 0.5863279
vt 0.5592859 0.4136721
vt 0.5592859 0.5
vt 0.5442434 0.5
vt 0.5442434 0.586998
vt 0.5442434 0.413002
vt 0.5292388 0.5871291
vt 0.5292388 0.4128709
vt 0.5292388 0.5
vt 0.4880549 0.6153264
vt 0.570031 0.590209
vt 0.5710465 0.6153264
vt 0.4880549 0.590209
vt 0.4880549 0.5760309
vt 0.5696925 0.5760309
vt 0.5703625 0.5690461
vt 0.4060789 0.590209
vt 0.4050634 0.6153264
vt 0.4064174 0.5760309
vt 0.4057474 0.5690461
vt 0.4880549 0.5690461
vt 0.4880549 0.5655091
vt 0.5723727 0.5655091
vt 0.4037372 0.5655091
vt 0.5743828 0.5592859
vt 0.401727 0.5592859
vt 0.4880549 0.5592859
vt 0.4880549 0.5442434
vt 0.5750529 0.5442434
vt 0.401057 0.5442434
vt 0.5751841 0.5292388
vt 0.4009258 0.5292388
vt 0.4880549 0.5292388
vt 0.4880549 0.5840721
vt 0.5499314 0.5412005
vt 0.5710465 0.563054
vt 0.5987104 0.5
vt 0.4880549 0.550665
vt 0.4880549 0.5
vt 0.4261785 0.5412005
vt 0.4050634 0.563054
vt 0.3773995 0.5
vt 0.5719492 0.5
vt 0.5499314 0.4587995
vt 0.5710465 0.436946
vt 0.4880549 0.415928
vt 0.4041606 0.5
vt 0.4261785 0.4587995
vt 0.4050634 0.436946
vt 0.4880549 0.449335
vt 0.2623556 0.5
vt 0.2755229 0.3939947
vt 0.2623556 0.3987472
vt 0.2755229 0.5
vt 0.2953355 0.5
vt 0.2953355 0.3924105
vt 0.3184707 0.3939215
vt 0.2755229 0.6060053
vt 0.2623556 0.6012528
vt 0.2953355 0.6075895
vt 0.3184707 0.6060785
vt 0.3184707 0.5
vt 0.3416059 0.5
vt 0.3416059 0.3984543
vt 0.3416059 0.6015457
vt 0.3685558 0.403919
vt 0.3685558 0.596081
vt 0.3685558 0.5
vt 0.4031355 0.5
vt 0.4031355 0.4082254
vt 0.4031355 0.5917746
vt 0.5669237 0.4110208
vt 0.5669237 0.5889792
vt 0.5669237 0.5
vt 0.981499 0.5
vt 0.981499 0.4119526
vt 0.981499 0.5880474
vt 1.386891 0.4120838
vt 1.386891 0.5879162
vt 1.386891 0.5
vt 0.4880549 0.2623556
vt 0.3820496 0.2755229
vt 0.3868022 0.2623556
vt 0.4880549 0.2755229
vt 0.4880549 0.2953355
vt 0.3804655 0.2953355
vt 0.3819764 0.3184707
vt 0.5940602 0.2755229
vt 0.5893077 0.2623556
vt 0.5956444 0.2953355
vt 0.5941334 0.3184707
vt 0.4880549 0.3184707
vt 0.4880549 0.3416059
vt 0.3865092 0.3416059
vt 0.5896006 0.3416059
vt 0.3919739 0.3685558
vt 0.5841359 0.3685558
vt 0.4880549 0.3685558
vt 0.4880549 0.4031355
vt 0.3962803 0.4031355
vt 0.5798296 0.4031355
vt 0.3990757 0.5669237
vt 0.5770341 0.5669237
vt 0.4880549 0.5669237
vt 0.4880549 0.981499
vt 0.4000075 0.981499
vt 0.5761023 0.981499
vt 0.4001387 1.386891
vt 0.5759711 1.386891
vt 0.4880549 1.386891
vt 0.2623556 0.5
vt 0.2755229 0.6060053
vt 0.2623556 0.6012528
vt 0.2755229 0.5
vt 0.2953355 0.5
vt 0.2953355 0.6075895
vt 0.3184707 0.6060785
vt 0.2755229 0.3939947
vt 0.2623556 0.3987472
vt 0.2953355 0.3924105
vt 0.3184707 0.3939215
vt 0.3184707 0.5
vt 0.3416059 0.5
vt 0.3416059 0.6015457
vt 0.3416059 0.3984543
vt 0.3685558 0.596081
vt 0.3685558 0.403919
vt 0.3685558 0.5
vt 0.4031355 0.5
vt 0.4031355 0.5917746
vt 0.4031355 0.4082254
vt 0.5669237 0.5889792
vt 0.5669237 0.4110208
vt 0.5669237 0.5
vt 0.981499 0.5
vt 0.981499 0.5880474
vt 0.981499 0.4119526
vt 1.386891 0.5879162
vt 1.386891 0.4120838
vt 1.386891 0.5
vt 0.4880549 0.2623556
vt 0.5940602 0.2755229
vt 0.5893077 0.2623556
vt 0.4880549 0.2755229
vt 0.4880549 0.2953355
vt 0.5956444 0.2953355
vt 0.5941334 0.3184707
vt 0.3820496 0.2755229
vt 0.3868022 0.2623556
vt 0.3804655 0.2953355
vt 0.3819764 0.3184707
vt 0.4880549 0.3184707
vt 0.4880549 0.3416059
vt 0.5896006 0.3416059
vt 0.3865092 0.3416059
vt 0.5841359 0.3685558
vt 0.3919739 0.3685558
vt 0.4880549 0.3685558
vt 0.4880549 0.4031355
vt 0.5798296 0.4031355
vt 0.3962803 0.4031355
vt 0.5770341 0.5669237
vt 0.3990757 0.5669237
vt 0.4880549 0.5669237
vt 0.4880549 0.981499
vt 0.5761023 0.981499
vt 0.4000075 0.981499
vt 0.5759711 1.386891
vt 0.4001387 1.386891
vt 0.4880549 1.386891
vt 0.4880549 0.5231295
vt 0.4880549 0.386891
vt 0.4001387 0.386891
vt 0.4005323 0.5231295
vt 0.5759711 0.386891
vt 0.5755776 0.5231295
vt 0.5231295 0.5
vt 0.5231295 0.5875227
vt 0.386891 0.5879162
vt 0.5231295 0.4124773
vt 0.3868909 0.5
vt 0.386891 0.4120838
vt 0.4880549 0.5231295
vt 0.4005323 0.5231295
vt 0.4001387 0.386891
vt 0.5755776 0.5231295
vt 0.4880549 0.3868909
vt 0.5759711 0.386891
vt 0.5231295 0.5
vt 0.5231295 0.4124773
vt 0.386891 0.4120838
vt 0.5231295 0.5875227
vt 0.3868909 0.5
vt 0.386891 0.5879162
vt 0.6230586 0.5
vt 0.5611795 0.5731245
vt 0.5893077 0.6012528
vt 0.4880549 0.6350037
vt 0.5850832 0.5
vt 0.4880549 0.5
vt 0.5611795 0.4268755
vt 0.5893077 0.3987472
vt 0.4880549 0.3649963
vt 0.4880549 0.5970283
vt 0.4149304 0.5731245
vt 0.3868022 0.6012528
vt 0.3530512 0.5
vt 0.4880549 0.4029717
vt 0.4149304 0.4268755
vt 0.3868022 0.3987472
vt 0.3910266 0.5
usemtl MaroonPlasticScratched
f 3/3/3 2/2/2 1/1/1
f 6/6/6 5/5/5 4/4/4
f 9/9/9 8/8/8 7/7/7
f 12/12/12 11/11/11 10/10/10
f 15/15/15 14/14/14 13/13/13
f 18/18/18 17/17/17 16/16/16
f 21/21/21 20/20/20 19/19/19
f 24/24/24 23/23/23 22/22/22
f 27/27/27 26/26/26 25/25/25
f 30/30/30 29/29/29 28/28/28
f 33/33/33 32/32/32 31/31/31
f 36/36/36 35/35/35 34/34/34
f 39/39/39 38/38/38 37/37/37
f 42/42/42 41/41/41 40/40/40
f 45/45/45 44/44/44 43/43/43
f 48/48/48 47/47/47 46/46/46
f 51/51/51 50/50/50 49/49/49
f 54/54/54 53/53/53 52/52/52
f 57/57/57 56/56/56 55/55/55
f 60/60/60 59/59/59 58/58/58
f 63/63/63 62/62/62 61/61/61
f 66/66/66 65/65/65 64/64/64
f 69/69/69 68/68/68 67/67/67
f 72/72/72 71/71/71 70/70/70
f 75/75/75 74/74/74 73/73/73
f 78/78/78 77/77/77 76/76/76
f 81/81/81 80/80/80 79/79/79
f 84/84/84 83/83/83 82/82/82
f 87/87/87 86/86/86 85/85/85
f 90/90/90 89/89/89 88/88/88
f 93/93/93 92/92/92 91/91/91
f 96/96/96 95/95/95 94/94/94
f 99/99/99 98/98/98 97/97/97
f 102/102/102 101/101/101 100/100/100
f 105/105/105 104/104/104 103/103/103
f 108/108/108 107/107/107 106/106/106
f 111/111/111 110/110/110 109/109/109
f 114/114/114 113/113/113 112/112/112
f 117/117/117 116/116/116 115/115/115
f 120/120/120 119/119/119 118/118/118
f 123/123/123 122/122/122 121/121/121
f 126/126/126 125/125/125 124/124/124
f 129/129/129 128/128/128 127/127/127
f 132/132/132 131/131/131 130/130/130
f 135/135/135 134/134/134 133/133/133
f 138/138/138 137/137/137 136/136/136
f 141/141/141 140/140/140 139/139/139
f 144/144/144 143/143/143 142/142/142
f 147/147/147 146/146/146 145/145/145
f 150/150/150 149/149/149 148/148/148
f 153/153/153 152/152/152 151/151/151
f 156/156/156 155/155/155 154/154/154
f 159/159/159 158/158/158 157/157/157
f 162/162/162 161/161/161 160/160/160
f 165/165/165 164/164/164 163/163/163
f 168/168/168 167/167/167 166/166/166
f 171/171/171 170/170/170 169/169/169
f 174/174/174 173/173/173 172/172/172
f 177/177/177 176/176/176 175/175/175
f 180/180/180 179/179/179 178/178/178
f 183/183/183 182/182/182 181/181/181
f 186/186/186 185/185/185 184/184/184
f 189/189/189 188/188/188 187/187/187
f 192/192/192 191/191/191 190/190/190
f 195/195/195 194/194/194 193/193/193
f 198/198/198 197/197/197 196/196/196
f 201/201/201 200/200/200 199/199/199
f 204/204/204 203/203/203 202/202/202
f 207/207/207 206/206/206 205/205/205
f 210/210/210 209/209/209 208/208/208
f 213/213/213 212/212/212 211/211/211
f 216/216/216 215/215/215 214/214/214
f 219/219/219 218/218/218 217/217/217
f 222/222/222 221/221/221 220/220/220
f 225/225/225 224/224/224 223/223/223
f 228/228/228 227/227/227 226/226/226
f 231/231/231 230/230/230 229/229/229
f 232/232/232 231/231/231 229/229/229
f 235/235/235 234/234/234 233/233/233
f 236/236/236 235/235/235 233/233/233
f 239/239/239 238/238/238 237/237/237
f 240/240/240 239/239/239 237/237/237
f 243/243/243 242/242/242 241/241/241
f 244/244/244 243/243/243 241/241/241
f 247/247/247 246/246/246 245/245/245
f 248/248/248 247/247/247 245/245/245
f 251/251/251 250/250/250 249/249/249
f 252/252/252 251/251/251 249/249/249
f 255/255/255 254/254/254 253/253/253
f 256/256/256 255/255/255 253/253/253
f 259/259/259 258/258/258 257/257/257
f 260/260/260 259/259/259 257/257/257
f 263/263/263 262/262/262 261/261/261
f 264/264/264 263/263/263 261/261/261
f 267/267/267 266/266/266 265/265/265
f 268/268/268 267/267/267 265/265/265
f 271/271/271 270/270/270 269/269/269
f 272/272/272 271/271/271 269/269/269
f 275/275/275 274/274/274 273/273/273
f 276/276/276 275/275/275 273/273/273
f 279/279/279 278/278/278 277/277/277
f 280/280/280 279/279/279 277/277/277
f 283/283/283 282/282/282 281/281/281
f 284/284/284 283/283/283 281/281/281
f 287/287/287 286/286/286 285/285/285
f 288/288/288 287/287/287 285/285/285
f 291/291/291 290/290/290 289/289/289
f 292/292/292 291/291/291 289/289/289
f 295/295/295 294/294/294 293/293/293
f 296/296/296 295/295/295 293/293/293
f 299/299/299 298/298/298 297/297/297
f 300/300/300 299/299/299 297/297/297
f 303/303/303 302/302/302 301/301/301
f 304/304/304 303/303/303 301/301/301
f 307/307/307 306/306/306 305/305/305
f 308/308/308 307/307/307 305/305/305
f 311/311/311 310/310/310 309/309/309
f 312/312/312 311/311/311 309/309/309
f 315/315/315 314/314/314 313/313/313
f 316/316/316 315/315/315 313/313/313
f 319/319/319 318/318/318 317/317/317
f 320/320/320 319/319/319 317/317/317
f 323/323/323 322/322/322 321/321/321
f 324/324/324 323/323/323 321/321/321
f 327/327/327 326/326/326 325/325/325
f 328/328/328 327/327/327 325/325/325
f 331/331/331 330/330/330 329/329/329
f 332/332/332 331/331/331 329/329/329
f 335/335/335 334/334/334 333/333/333
f 336/336/336 335/335/335 333/333/333
f 339/339/339 338/338/338 337/337/337
f 340/340/340 339/339/339 337/337/337
f 343/343/343 342/342/342 341/341/341
f 344/344/344 343/343/343 341/341/341
f 347/347/347 346/346/346 345/345/345
f 348/348/348 347/347/347 345/345/345
f 351/351/351 350/350/350 349/349/349
f 352/352/352 351/351/351 349/349/349
f 355/355/355 354/354/354 353/353/353
f 356/356/356 355/355/355 353/353/353
f 359/359/359 358/358/358 357/357/357
f 360/360/360 359/359/359 357/357/357
f 363/363/363 362/362/362 361/361/361
f 364/364/364 363/363/363 361/361/361
f 367/367/367 366/366/366 365/365/365
f 368/368/368 367/367/367 365/365/365
f 371/371/371 370/370/370 369/369/369
f 372/372/372 371/371/371 369/369/369
f 375/375/375 374/374/374 373/373/373
f 376/376/376 375/375/375 373/373/373
f 379/379/379 378/378/378 377/377/377
f 380/380/380 379/379/379 377/377/377
f 383/383/383 382/382/382 381/381/381
f 384/384/384 383/383/383 381/381/381
f 387/387/387 386/386/386 385/385/385
f 388/388/388 387/387/387 385/385/385
f 391/391/391 390/390/390 389/389/389
f 392/392/392 391/391/391 389/389/389
f 395/395/395 394/394/394 393/393/393
f 396/396/396 395/395/395 393/393/393
f 399/399/399 398/398/398 397/397/397
f 400/400/400 399/399/399 397/397/397
f 403/403/403 402/402/402 401/401/401
f 404/404/404 403/403/403 401/401/401
f 407/407/407 406/406/406 405/405/405
f 408/408/408 407/407/407 405/405/405
f 411/411/411 410/410/410 409/409/409
f 412/412/412 411/411/411 409/409/409
f 415/415/415 414/414/414 413/413/413
f 416/416/416 415/415/415 413/413/413
f 419/419/419 418/418/418 417/417/417
f 420/420/420 419/419/419 417/417/417
f 423/423/423 422/422/422 421/421/421
f 424/424/424 423/423/423 421/421/421
f 427/427/427 426/426/426 425/425/425
f 428/428/428 427/427/427 425/425/425
f 431/431/431 430/430/430 429/429/429
f 432/432/432 431/431/431 429/429/429
f 435/435/435 434/434/434 433/433/433
f 436/436/436 435/435/435 433/433/433
f 439/439/439 438/438/438 437/437/437
f 440/440/440 439/439/439 437/437/437
f 443/443/443 442/442/442 441/441/441
f 444/444/444 443/443/443 441/441/441
f 447/447/447 446/446/446 445/445/445
f 448/448/448 447/447/447 445/445/445
f 451/451/451 450/450/450 449/449/449
f 452/452/452 451/451/451 449/449/449
f 455/455/455 454/454/454 453/453/453
f 456/456/456 455/455/455 453/453/453
f 459/459/459 458/458/458 457/457/457
f 460/460/460 459/459/459 457/457/457
f 463/463/463 462/462/462 461/461/461
f 464/464/464 463/463/463 461/461/461
f 467/467/467 466/466/466 465/465/465
f 468/468/468 467/467/467 465/465/465
f 471/471/471 470/470/470 469/469/469
f 472/472/472 471/471/471 469/469/469
f 475/475/475 474/474/474 473/473/473
f 476/476/476 475/475/475 473/473/473
f 479/479/479 478/478/478 477/477/477
f 480/480/480 479/479/479 477/477/477
f 483/483/483 482/482/482 481/481/481
f 484/484/484 483/483/483 481/481/481
f 487/487/487 486/486/486 485/485/485
f 488/488/488 487/487/487 485/485/485
f 491/491/491 490/490/490 489/489/489
f 492/492/492 491/491/491 489/489/489
f 495/495/495 494/494/494 493/493/493
f 496/496/496 495/495/495 493/493/493
f 499/499/499 498/498/498 497/497/497
f 500/500/500 499/499/499 497/497/497
f 503/503/503 502/502/502 501/501/501
f 504/504/504 503/503/503 501/501/501
f 507/507/507 506/506/506 505/505/505
f 508/508/508 507/507/507 505/505/505
f 511/511/511 510/510/510 509/509/509
f 512/512/512 511/511/511 509/509/509
f 515/515/515 514/514/514 513/513/513
f 516/516/516 515/515/515 513/513/513
f 519/519/519 518/518/518 517/517/517
f 520/520/520 519/519/519 517/517/517
f 523/523/523 522/522/522 521/521/521
f 524/524/524 523/523/523 521/521/521
f 527/527/527 526/526/526 525/525/525
f 528/528/528 527/527/527 525/525/525
f 531/531/531 530/530/530 529/529/529
f 532/532/532 531/531/531 529/529/529
f 535/535/535 534/534/534 533/533/533
f 536/536/536 535/535/535 533/533/533
f 539/539/539 538/538/538 537/537/537
f 540/540/540 539/539/539 537/537/537
f 543/543/543 542/542/542 541/541/541
f 544/544/544 543/543/543 541/541/541
f 547/547/547 546/546/546 545/545/545
f 548/548/548 547/547/547 545/545/545
f 551/551/551 550/550/550 549/549/549
f 552/552/552 551/551/551 549/549/549
f 555/555/555 554/554/554 553/553/553
f 556/556/556 555/555/555 553/553/553
f 559/559/559 558/558/558 557/557/557
f 560/560/560 559/559/559 557/557/557
f 563/563/563 562/562/562 561/561/561
f 564/564/564 563/563/563 561/561/561
f 567/567/567 566/566/566 565/565/565
f 568/568/568 567/567/567 565/565/565
f 571/571/571 570/570/570 569/569/569
f 572/572/572 571/571/571 569/569/569
f 575/575/575 574/574/574 573/573/573
f 576/576/576 575/575/575 573/573/573
f 579/579/579 578/578/578 577/577/577
f 580/580/580 579/579/579 577/577/577
f 583/583/583 582/582/582 581/581/581
f 584/584/584 583/583/583 581/581/581
f 587/587/587 586/586/586 585/585/585
f 588/588/588 587/587/587 585/585/585
f 591/591/591 590/590/590 589/589/589
f 592/592/592 591/591/591 589/589/589
f 595/595/595 594/594/594 593/593/593
f 596/596/596 595/595/595 593/593/593
f 599/599/599 598/598/598 597/597/597
f 600/600/600 599/599/599 597/597/597
f 603/603/603 602/602/602 601/601/601
f 604/604/604 603/603/603 601/601/601
f 607/607/607 606/606/606 605/605/605
f 608/608/608 607/607/607 605/605/605
f 611/611/611 610/610/610 609/609/609
f 612/612/612 611/611/611 609/609/609
f 615/615/615 614/614/614 613/613/613
f 616/616/616 615/615/615 613/613/613
f 619/619/619 618/618/618 617/617/617
f 620/620/620 619/619/619 617/617/617
f 623/623/623 622/622/622 621/621/621
f 624/624/624 623/623/623 621/621/621
f 627/627/627 626/626/626 625/625/625
f 628/628/628 627/627/627 625/625/625
f 631/631/631 630/630/630 629/629/629
f 632/632/632 631/631/631 629/629/629
f 635/635/635 634/634/634 633/633/633
f 636/636/636 635/635/635 633/633/633
f 639/639/639 638/638/638 637/637/637
f 640/640/640 639/639/639 637/637/637
f 643/643/643 642/642/642 641/641/641
f 644/644/644 643/643/643 641/641/641
f 647/647/647 646/646/646 645/645/645
f 648/648/648 647/647/647 645/645/645
f 651/651/651 650/650/650 649/649/649
f 652/652/652 651/651/651 649/649/649
f 655/655/655 654/654/654 653/653/653
f 656/656/656 655/655/655 653/653/653
f 659/659/659 658/658/658 657/657/657
f 660/660/660 659/659/659 657/657/657
f 663/663/663 662/662/662 661/661/661
f 664/664/664 663/663/663 661/661/661
f 667/667/667 666/666/666 665/665/665
f 668/668/668 667/667/667 665/665/665
f 671/671/671 670/670/670 669/669/669
f 672/672/672 671/671/671 669/669/669
f 675/675/675 674/674/674 673/673/673
f 676/676/676 675/675/675 673/673/673
f 679/679/679 678/678/678 677/677/677
f 680/680/680 679/679/679 677/677/677
f 683/683/683 682/682/682 681/681/681
f 684/684/684 683/683/683 681/681/681
usemtl BrownMetal_s1
f 687/687/687 686/686/686 685/685/685
f 688/688/688 687/687/687 685/685/685
f 689/689/689 688/688/688 685/685/685
f 690/690/690 689/689/689 685/685/685
f 691/691/691 689/689/689 690/690/690
f 692/692/692 691/691/691 690/690/690
f 695/695/695 694/694/694 693/693/693
f 696/696/696 695/695/695 693/693/693
f 696/696/696 693/693/693 697/697/697
f 698/698/698 696/696/696 697/697/697
f 697/697/697 699/699/699 698/698/698
f 699/699/699 700/700/700 698/698/698
f 703/703/703 702/702/702 701/701/701
f 702/702/702 704/704/704 701/701/701
f 702/702/702 705/705/705 704/704/704
f 705/705/705 706/706/706 704/704/704
f 705/705/705 707/707/707 706/706/706
f 707/707/707 708/708/708 706/706/706
f 707/707/707 709/709/709 708/708/708
f 709/709/709 710/710/710 708/708/708
f 713/713/713 712/712/712 711/711/711
f 714/714/714 713/713/713 711/711/711
f 714/714/714 711/711/711 715/715/715
f 716/716/716 714/714/714 715/715/715
f 715/715/715 717/717/717 716/716/716
f 717/717/717 718/718/718 716/716/716
f 721/721/721 720/720/720 719/719/719
f 722/722/722 721/721/721 719/719/719
f 722/722/722 719/719/719 723/723/723
f 724/724/724 722/722/722 723/723/723
f 723/723/723 725/725/725 724/724/724
f 725/725/725 726/726/726 724/724/724
f 729/729/729 728/728/728 727/727/727
f 730/730/730 729/729/729 727/727/727
f 730/730/730 727/727/727 731/731/731
f 732/732/732 730/730/730 731/731/731
f 731/731/731 733/733/733 732/732/732
f 733/733/733 734/734/734 732/732/732
f 737/737/737 736/736/736 735/735/735
f 738/738/738 737/737/737 735/735/735
f 738/738/738 735/735/735 739/739/739
f 740/740/740 738/738/738 739/739/739
f 743/743/743 742/742/742 741/741/741
f 742/742/742 744/744/744 741/741/741
f 742/742/742 745/745/745 744/744/744
f 745/745/745 746/746/746 744/744/744
f 745/745/745 747/747/747 746/746/746
f 747/747/747 748/748/748 746/746/746
f 751/751/751 750/750/750 749/749/749
f 750/750/750 752/752/752 749/749/749
f 750/750/750 753/753/753 752/752/752
f 753/753/753 754/754/754 752/752/752
f 753/753/753 755/755/755 754/754/754
f 755/755/755 756/756/756 754/754/754
f 755/755/755 757/757/757 756/756/756
f 757/757/757 758/758/758 756/756/756
f 761/761/761 760/760/760 759/759/759
f 760/760/760 762/762/762 759/759/759
f 760/760/760 763/763/763 762/762/762
f 763/763/763 764/764/764 762/762/762
f 767/767/767 766/766/766 765/765/765
f 766/766/766 768/768/768 765/765/765
f 766/766/766 769/769/769 768/768/768
f 769/769/769 770/770/770 768/768/768
f 773/773/773 772/772/772 771/771/771
f 774/774/774 773/773/773 771/771/771
f 777/777/777 776/776/776 775/775/775
f 778/778/778 777/777/777 775/775/775
f 778/778/778 775/775/775 779/779/779
f 780/780/780 778/778/778 779/779/779
f 783/783/783 782/782/782 781/781/781
f 782/782/782 784/784/784 781/781/781
f 782/782/782 785/785/785 784/784/784
f 785/785/785 786/786/786 784/784/784
f 789/789/789 788/788/788 787/787/787
f 788/788/788 790/790/790 787/787/787
f 788/788/788 791/791/791 790/790/790
f 791/791/791 792/792/792 790/790/790
f 795/795/795 794/794/794 793/793/793
f 794/794/794 796/796/796 793/793/793
f 794/794/794 797/797/797 796/796/796
f 797/797/797 798/798/798 796/796/796
f 801/801/801 800/800/800 799/799/799
f 800/800/800 802/802/802 799/799/799
f 800/800/800 803/803/803 802/802/802
f 803/803/803 804/804/804 802/802/802
f 803/803/803 805/805/805 804/804/804
f 805/805/805 806/806/806 804/804/804
f 809/809/809 808/808/808 807/807/807
f 808/808/808 810/810/810 807/807/807
f 808/808/808 811/811/811 810/810/810
f 811/811/811 812/812/812 810/810/810
f 811/811/811 813/813/813 812/812/812
f 813/813/813 814/814/814 812/812/812
f 817/817/817 816/816/816 815/815/815
f 816/816/816 818/818/818 815/815/815
f 816/816/816 819/819/819 818/818/818
f 819/819/819 820/820/820 818/818/818
f 823/823/823 822/822/822 821/821/821
f 824/824/824 823/823/823 821/821/821
f 827/827/827 826/826/826 825/825/825
f 826/826/826 828/828/828 825/825/825
f 828/828/828 826/826/826 829/829/829
f 826/826/826 830/830/830 829/829/829
f 829/829/829 830/830/830 831/831/831
f 830/830/830 832/832/832 831/831/831
f 835/835/835 834/834/834 833/833/833
f 836/836/836 835/835/835 833/833/833
f 839/839/839 838/838/838 837/837/837
f 840/840/840 839/839/839 837/837/837
f 843/843/843 842/842/842 841/841/841
f 842/842/842 844/844/844 841/841/841
f 844/844/844 842/842/842 845/845/845
f 842/842/842 846/846/846 845/845/845
f 849/849/849 848/848/848 847/847/847
f 848/848/848 850/850/850 847/847/847
f 850/850/850 848/848/848 851/851/851
f 848/848/848 852/852/852 851/851/851
f 855/855/855 854/854/854 853/853/853
f 854/854/854 856/856/856 853/853/853
f 856/856/856 854/854/854 857/857/857
f 854/854/854 858/858/858 857/857/857
f 861/861/861 860/860/860 859/859/859
f 862/862/862 861/861/861 859/859/859
f 863/863/863 862/862/862 859/859/859
f 864/864/864 863/863/863 859/859/859
f 865/865/865 863/863/863 864/864/864
f 866/866/866 865/865/865 864/864/864
f 869/869/869 868/868/868 867/867/867
f 868/868/868 870/870/870 867/867/867
f 867/867/867 870/870/870 871/871/871
f 870/870/870 872/872/872 871/871/871
f 872/872/872 873/873/873 871/871/871
f 873/873/873 874/874/874 871/871/871
f 877/877/877 876/876/876 875/875/875
f 878/878/878 877/877/877 875/875/875
f 879/879/879 877/877/877 878/878/878
f 880/880/880 879/879/879 878/878/878
f 881/881/881 879/879/879 880/880/880
f 882/882/882 881/881/881 880/880/880
f 883/883/883 881/881/881 882/882/882
f 884/884/884 883/883/883 882/882/882
f 887/887/887 886/886/886 885/885/885
f 886/886/886 888/888/888 885/885/885
f 885/885/885 888/888/888 889/889/889
f 888/888/888 890/890/890 889/889/889
f 890/890/890 891/891/891 889/889/889
f 891/891/891 892/892/892 889/889/889
f 895/895/895 894/894/894 893/893/893
f 894/894/894 896/896/896 893/893/893
f 893/893/893 896/896/896 897/897/897
f 896/896/896 898/898/898 897/897/897
f 901/901/901 900/900/900 899/899/899
f 902/902/902 901/901/901 899/899/899
f 903/903/903 901/901/901 902/902/902
f 904/904/904 903/903/903 902/902/902
f 905/905/905 903/903/903 904/904/904
f 906/906/906 905/905/905 904/904/904
f 909/909/909 908/908/908 907/907/907
f 910/910/910 909/909/909 907/907/907
f 911/911/911 909/909/909 910/910/910
f 912/912/912 911/911/911 910/910/910
f 913/913/913 911/911/911 912/912/912
f 914/914/914 913/913/913 912/912/912
f 915/915/915 913/913/913 914/914/914
f 916/916/916 915/915/915 914/914/914
f 919/919/919 918/918/918 917/917/917
f 920/920/920 919/919/919 917/917/917
f 921/921/921 919/919/919 920/920/920
f 922/922/922 921/921/921 920/920/920
f 925/925/925 924/924/924 923/923/923
f 926/926/926 925/925/925 923/923/923
f 927/927/927 925/925/925 926/926/926
f 928/928/928 927/927/927 926/926/926
f 931/931/931 930/930/930 929/929/929
f 932/932/932 931/931/931 929/929/929
f 935/935/935 934/934/934 933/933/933
f 934/934/934 936/936/936 933/933/933
f 933/933/933 936/936/936 937/937/937
f 936/936/936 938/938/938 937/937/937
f 941/941/941 940/940/940 939/939/939
f 942/942/942 941/941/941 939/939/939
f 943/943/943 941/941/941 942/942/942
f 944/944/944 943/943/943 942/942/942
f 947/947/947 946/946/946 945/945/945
f 948/948/948 947/947/947 945/945/945
f 949/949/949 947/947/947 948/948/948
f 950/950/950 949/949/949 948/948/948
f 953/953/953 952/952/952 951/951/951
f 954/954/954 953/953/953 951/951/951
f 955/955/955 953/953/953 954/954/954
f 956/956/956 955/955/955 954/954/954
f 959/959/959 958/958/958 957/957/957
f 960/960/960 959/959/959 957/957/957
f 961/961/961 959/959/959 960/960/960
f 962/962/962 961/961/961 960/960/960
f 965/965/965 964/964/964 963/963/963
f 966/966/966 965/965/965 963/963/963
f 967/967/967 965/965/965 966/966/966
f 968/968/968 967/967/967 966/966/966
f 969/969/969 967/967/967 968/968/968
f 970/970/970 969/969/969 968/968/968
f 973/973/973 972/972/972 971/971/971
f 974/974/974 973/973/973 971/971/971
f 975/975/975 973/973/973 974/974/974
f 976/976/976 975/975/975 974/974/974
f 979/979/979 978/978/978 977/977/977
f 980/980/980 979/979/979 977/977/977
f 983/983/983 982/982/982 981/981/981
f 984/984/984 983/983/983 981/981/981
f 987/987/987 986/986/986 985/985/985
f 988/988/988 987/987/987 985/985/985
f 991/991/991 990/990/990 989/989/989
f 992/992/992 991/991/991 989/989/989
f 995/995/995 994/994/994 993/993/993
f 996/996/996 995/995/995 993/993/993
f 999/999/999 998/998/998 997/997/997
f 998/998/998 1000/1000/1000 997/997/997
f 998/998/998 1001/1001/1001 1000/1000/1000
f 1001/1001/1001 1002/1002/1002 1000/1000/1000
f 1002/1002/1002 1001/1001/1001 1003/1003/1003
f 1001/1001/1001 1004/1004/1004 1003/1003/1003
f 1003/1003/1003 1004/1004/1004 1005/1005/1005
f 1004/1004/1004 1006/1006/1006 1005/1005/1005
f 1009/1009/1009 1008/1008/1008 1007/1007/1007
f 1010/1010/1010 1009/1009/1009 1007/1007/1007
f 1013/1013/1013 1012/1012/1012 1011/1011/1011
f 1014/1014/1014 1013/1013/1013 1011/1011/1011
f 1017/1017/1017 1016/1016/1016 1015/1015/1015
f 1016/1016/1016 1018/1018/1018 1015/1015/1015
f 1016/1016/1016 1019/1019/1019 1018/1018/1018
f 1019/1019/1019 1020/1020/1020 1018/1018/1018
f 1019/1019/1019 1021/1021/1021 1020/1020/1020
f 1021/1021/1021 1022/1022/1022 1020/1020/1020
f 1022/1022/1022 1021/1021/1021 1023/1023/1023
f 1021/1021/1021 1024/1024/1024 1023/1023/1023
f 1023/1023/1023 1024/1024/1024 1025/1025/1025
f 1024/1024/1024 1026/1026/1026 1025/1025/1025
f 1025/1025/1025 1026/1026/1026 1027/1027/1027
f 1026/1026/1026 1028/1028/1028 1027/1027/1027
f 1031/1031/1031 1030/1030/1030 1029/1029/1029
f 1032/1032/1032 1031/1031/1031 1029/1029/1029
f 1035/1035/1035 1034/1034/1034 1033/1033/1033
f 1034/1034/1034 1036/1036/1036 1033/1033/1033
f 1034/1034/1034 1037/1037/1037 1036/1036/1036
f 1037/1037/1037 1038/1038/1038 1036/1036/1036
f 1038/1038/1038 1037/1037/1037 1039/1039/1039
f 1037/1037/1037 1040/1040/1040 1039/1039/1039
f 1039/1039/1039 1040/1040/1040 1041/1041/1041
f 1040/1040/1040 1042/1042/1042 1041/1041/1041
f 1045/1045/1045 1044/1044/1044 1043/1043/1043
f 1044/1044/1044 1046/1046/1046 1043/1043/1043
f 1044/1044/1044 1047/1047/1047 1046/1046/1046
f 1047/1047/1047 1048/1048/1048 1046/1046/1046
f 1048/1048/1048 1047/1047/1047 1049/1049/1049
f 1047/1047/1047 1050/1050/1050 1049/1049/1049
f 1049/1049/1049 1050/1050/1050 1051/1051/1051
f 1050/1050/1050 1052/1052/1052 1051/1051/1051
f 1055/1055/1055 1054/1054/1054 1053/1053/1053
f 1056/1056/1056 1055/1055/1055 1053/1053/1053
f 1059/1059/1059 1058/1058/1058 1057/1057/1057
f 1060/1060/1060 1059/1059/1059 1057/1057/1057
f 1063/1063/1063 1062/1062/1062 1061/1061/1061
f 1064/1064/1064 1063/1063/1063 1061/1061/1061
f 1067/1067/1067 1066/1066/1066 1065/1065/1065
f 1068/1068/1068 1067/1067/1067 1065/1065/1065
f 1071/1071/1071 1070/1070/1070 1069/1069/1069
f 1072/1072/1072 1071/1071/1071 1069/1069/1069
f 1075/1075/1075 1074/1074/1074 1073/1073/1073
f 1074/1074/1074 1076/1076/1076 1073/1073/1073
f 1076/1076/1076 1074/1074/1074 1077/1077/1077
f 1074/1074/1074 1078/1078/1078 1077/1077/1077
f 1078/1078/1078 1079/1079/1079 1077/1077/1077
f 1076/1076/1076 1080/1080/1080 1073/1073/1073
f 1080/1080/1080 1076/1076/1076 1077/1077/1077
f 1080/1080/1080 1081/1081/1081 1073/1073/1073
f 1082/1082/1082 1080/1080/1080 1077/1077/1077
f 1083/1083/1083 1082/1082/1082 1077/1077/1077
f 1079/1079/1079 1084/1084/1084 1077/1077/1077
f 1084/1084/1084 1083/1083/1083 1077/1077/1077
f 1084/1084/1084 1079/1079/1079 1085/1085/1085
f 1083/1083/1083 1084/1084/1084 1085/1085/1085
f 1079/1079/1079 1086/1086/1086 1085/1085/1085
f 1087/1087/1087 1083/1083/1083 1085/1085/1085
f 1086/1086/1086 1088/1088/1088 1085/1085/1085
f 1089/1089/1089 1087/1087/1087 1085/1085/1085
f 1088/1088/1088 1090/1090/1090 1085/1085/1085
f 1090/1090/1090 1089/1089/1089 1085/1085/1085
f 1090/1090/1090 1088/1088/1088 1091/1091/1091
f 1089/1089/1089 1090/1090/1090 1091/1091/1091
f 1088/1088/1088 1092/1092/1092 1091/1091/1091
f 1093/1093/1093 1089/1089/1089 1091/1091/1091
f 1092/1092/1092 1094/1094/1094 1091/1091/1091
f 1095/1095/1095 1093/1093/1093 1091/1091/1091
f 1094/1094/1094 1096/1096/1096 1091/1091/1091
f 1096/1096/1096 1095/1095/1095 1091/1091/1091
f 1099/1099/1099 1098/1098/1098 1097/1097/1097
f 1098/1098/1098 1100/1100/1100 1097/1097/1097
f 1100/1100/1100 1098/1098/1098 1101/1101/1101
f 1098/1098/1098 1102/1102/1102 1101/1101/1101
f 1102/1102/1102 1103/1103/1103 1101/1101/1101
f 1100/1100/1100 1104/1104/1104 1097/1097/1097
f 1104/1104/1104 1100/1100/1100 1101/1101/1101
f 1104/1104/1104 1105/1105/1105 1097/1097/1097
f 1106/1106/1106 1104/1104/1104 1101/1101/1101
f 1107/1107/1107 1106/1106/1106 1101/1101/1101
f 1103/1103/1103 1108/1108/1108 1101/1101/1101
f 1108/1108/1108 1107/1107/1107 1101/1101/1101
f 1108/1108/1108 1103/1103/1103 1109/1109/1109
f 1107/1107/1107 1108/1108/1108 1109/1109/1109
f 1103/1103/1103 1110/1110/1110 1109/1109/1109
f 1111/1111/1111 1107/1107/1107 1109/1109/1109
f 1110/1110/1110 1112/1112/1112 1109/1109/1109
f 1113/1113/1113 1111/1111/1111 1109/1109/1109
f 1112/1112/1112 1114/1114/1114 1109/1109/1109
f 1114/1114/1114 1113/1113/1113 1109/1109/1109
f 1114/1114/1114 1112/1112/1112 1115/1115/1115
f 1113/1113/1113 1114/1114/1114 1115/1115/1115
f 1112/1112/1112 1116/1116/1116 1115/1115/1115
f 1117/1117/1117 1113/1113/1113 1115/1115/1115
f 1116/1116/1116 1118/1118/1118 1115/1115/1115
f 1119/1119/1119 1117/1117/1117 1115/1115/1115
f 1118/1118/1118 1120/1120/1120 1115/1115/1115
f 1120/1120/1120 1119/1119/1119 1115/1115/1115
f 1123/1123/1123 1122/1122/1122 1121/1121/1121
f 1122/1122/1122 1124/1124/1124 1121/1121/1121
f 1124/1124/1124 1122/1122/1122 1125/1125/1125
f 1122/1122/1122 1126/1126/1126 1125/1125/1125
f 1126/1126/1126 1127/1127/1127 1125/1125/1125
f 1124/1124/1124 1128/1128/1128 1121/1121/1121
f 1128/1128/1128 1124/1124/1124 1125/1125/1125
f 1128/1128/1128 1129/1129/1129 1121/1121/1121
f 1130/1130/1130 1128/1128/1128 1125/1125/1125
f 1131/1131/1131 1130/1130/1130 1125/1125/1125
f 1127/1127/1127 1132/1132/1132 1125/1125/1125
f 1132/1132/1132 1131/1131/1131 1125/1125/1125
f 1132/1132/1132 1127/1127/1127 1133/1133/1133
f 1131/1131/1131 1132/1132/1132 1133/1133/1133
f 1127/1127/1127 1134/1134/1134 1133/1133/1133
f 1135/1135/1135 1131/1131/1131 1133/1133/1133
f 1134/1134/1134 1136/1136/1136 1133/1133/1133
f 1137/1137/1137 1135/1135/1135 1133/1133/1133
f 1136/1136/1136 1138/1138/1138 1133/1133/1133
f 1138/1138/1138 1137/1137/1137 1133/1133/1133
f 1138/1138/1138 1136/1136/1136 1139/1139/1139
f 1137/1137/1137 1138/1138/1138 1139/1139/1139
f 1136/1136/1136 1140/1140/1140 1139/1139/1139
f 1141/1141/1141 1137/1137/1137 1139/1139/1139
f 1140/1140/1140 1142/1142/1142 1139/1139/1139
f 1143/1143/1143 1141/1141/1141 1139/1139/1139
f 1142/1142/1142 1144/1144/1144 1139/1139/1139
f 1144/1144/1144 1143/1143/1143 1139/1139/1139
f 1147/1147/1147 1146/1146/1146 1145/1145/1145
f 1146/1146/1146 1148/1148/1148 1145/1145/1145
f 1148/1148/1148 1146/1146/1146 1149/1149/1149
f 1146/1146/1146 1150/1150/1150 1149/1149/1149
f 1150/1150/1150 1151/1151/1151 1149/1149/1149
f 1148/1148/1148 1152/1152/1152 1145/1145/1145
f 1152/1152/1152 1148/1148/1148 1149/1149/1149
f 1152/1152/1152 1153/1153/1153 1145/1145/1145
f 1154/1154/1154 1152/1152/1152 1149/1149/1149
f 1155/1155/1155 1154/1154/1154 1149/1149/1149
f 1151/1151/1151 1156/1156/1156 1149/1149/1149
f 1156/1156/1156 1155/1155/1155 1149/1149/1149
f 1156/1156/1156 1151/1151/1151 1157/1157/1157
f 1155/1155/1155 1156/1156/1156 1157/1157/1157
f 1151/1151/1151 1158/1158/1158 1157/1157/1157
f 1159/1159/1159 1155/1155/1155 1157/1157/1157
f 1158/1158/1158 1160/1160/1160 1157/1157/1157
f 1161/1161/1161 1159/1159/1159 1157/1157/1157
f 1160/1160/1160 1162/1162/1162 1157/1157/1157
f 1162/1162/1162 1161/1161/1161 1157/1157/1157
f 1162/1162/1162 1160/1160/1160 1163/1163/1163
f 1161/1161/1161 1162/1162/1162 1163/1163/1163
f 1160/1160/1160 1164/1164/1164 1163/1163/1163
f 1165/1165/1165 1161/1161/1161 1163/1163/1163
f 1164/1164/1164 1166/1166/1166 1163/1163/1163
f 1167/1167/1167 1165/1165/1165 1163/1163/1163
f 1166/1166/1166 1168/1168/1168 1163/1163/1163
f 1168/1168/1168 1167/1167/1167 1163/1163/1163
f 1171/1171/1171 1170/1170/1170 1169/1169/1169
f 1170/1170/1170 1171/1171/1171 1172/1172/1172
f 1170/1170/1170 1173/1173/1173 1169/1169/1169
f 1173/1173/1173 1170/1170/1170 1174/1174/1174
f 1173/1173/1173 1175/1175/1175 1169/1169/1169
f 1175/1175/1175 1173/1173/1173 1174/1174/1174
f 1175/1175/1175 1176/1176/1176 1169/1169/1169
f 1176/1176/1176 1175/1175/1175 1177/1177/1177
f 1178/1178/1178 1170/1170/1170 1172/1172/1172
f 1170/1170/1170 1178/1178/1178 1174/1174/1174
f 1179/1179/1179 1178/1178/1178 1172/1172/1172
f 1178/1178/1178 1179/1179/1179 1174/1174/1174
f 1180/1180/1180 1179/1179/1179 1172/1172/1172
f 1179/1179/1179 1180/1180/1180 1181/1181/1181
f 1175/1175/1175 1182/1182/1182 1177/1177/1177
f 1182/1182/1182 1175/1175/1175 1174/1174/1174
f 1182/1182/1182 1183/1183/1183 1177/1177/1177
f 1183/1183/1183 1182/1182/1182 1174/1174/1174
f 1183/1183/1183 1184/1184/1184 1177/1177/1177
f 1184/1184/1184 1183/1183/1183 1181/1181/1181
f 1179/1179/1179 1185/1185/1185 1174/1174/1174
f 1185/1185/1185 1179/1179/1179 1181/1181/1181
f 1185/1185/1185 1183/1183/1183 1174/1174/1174
f 1183/1183/1183 1185/1185/1185 1181/1181/1181
usemtl LightWoodCounters
f 1188/1188/1188 1187/1187/1187 1186/1186/1186
f 1187/1187/1187 1189/1189/1189 1186/1186/1186
f 1189/1189/1189 1187/1187/1187 1190/1190/1190
f 1187/1187/1187 1191/1191/1191 1190/1190/1190
f 1191/1191/1191 1192/1192/1192 1190/1190/1190
f 1189/1189/1189 1193/1193/1193 1186/1186/1186
f 1193/1193/1193 1189/1189/1189 1190/1190/1190
f 1193/1193/1193 1194/1194/1194 1186/1186/1186
f 1195/1195/1195 1193/1193/1193 1190/1190/1190
f 1196/1196/1196 1195/1195/1195 1190/1190/1190
f 1192/1192/1192 1197/1197/1197 1190/1190/1190
f 1197/1197/1197 1196/1196/1196 1190/1190/1190
f 1197/1197/1197 1192/1192/1192 1198/1198/1198
f 1196/1196/1196 1197/1197/1197 1198/1198/1198
f 1192/1192/1192 1199/1199/1199 1198/1198/1198
f 1200/1200/1200 1196/1196/1196 1198/1198/1198
f 1199/1199/1199 1201/1201/1201 1198/1198/1198
f 1202/1202/1202 1200/1200/1200 1198/1198/1198
f 1201/1201/1201 1203/1203/1203 1198/1198/1198
f 1203/1203/1203 1202/1202/1202 1198/1198/1198
f 1203/1203/1203 1201/1201/1201 1204/1204/1204
f 1202/1202/1202 1203/1203/1203 1204/1204/1204
f 1201/1201/1201 1205/1205/1205 1204/1204/1204
f 1206/1206/1206 1202/1202/1202 1204/1204/1204
f 1205/1205/1205 1207/1207/1207 1204/1204/1204
f 1208/1208/1208 1206/1206/1206 1204/1204/1204
f 1207/1207/1207 1209/1209/1209 1204/1204/1204
f 1209/1209/1209 1208/1208/1208 1204/1204/1204
f 1209/1209/1209 1207/1207/1207 1210/1210/1210
f 1208/1208/1208 1209/1209/1209 1210/1210/1210
f 1207/1207/1207 1211/1211/1211 1210/1210/1210
f 1212/1212/1212 1208/1208/1208 1210/1210/1210
f 1211/1211/1211 1213/1213/1213 1210/1210/1210
f 1214/1214/1214 1212/1212/1212 1210/1210/1210
f 1213/1213/1213 1215/1215/1215 1210/1210/1210
f 1215/1215/1215 1214/1214/1214 1210/1210/1210
f 1218/1218/1218 1217/1217/1217 1216/1216/1216
f 1217/1217/1217 1219/1219/1219 1216/1216/1216
f 1219/1219/1219 1217/1217/1217 1220/1220/1220
f 1217/1217/1217 1221/1221/1221 1220/1220/1220
f 1221/1221/1221 1222/1222/1222 1220/1220/1220
f 1219/1219/1219 1223/1223/1223 1216/1216/1216
f 1223/1223/1223 1219/1219/1219 1220/1220/1220
f 1223/1223/1223 1224/1224/1224 1216/1216/1216
f 1225/1225/1225 1223/1223/1223 1220/1220/1220
f 1226/1226/1226 1225/1225/1225 1220/1220/1220
f 1222/1222/1222 1227/1227/1227 1220/1220/1220
f 1227/1227/1227 1226/1226/1226 1220/1220/1220
f 1227/1227/1227 1222/1222/1222 1228/1228/1228
f 1226/1226/1226 1227/1227/1227 1228/1228/1228
f 1222/1222/1222 1229/1229/1229 1228/1228/1228
f 1230/1230/1230 1226/1226/1226 1228/1228/1228
f 1229/1229/1229 1231/1231/1231 1228/1228/1228
f 1232/1232/1232 1230/1230/1230 1228/1228/1228
f 1231/1231/1231 1233/1233/1233 1228/1228/1228
f 1233/1233/1233 1232/1232/1232 1228/1228/1228
f 1233/1233/1233 1231/1231/1231 1234/1234/1234
f 1232/1232/1232 1233/1233/1233 1234/1234/1234
f 1231/1231/1231 1235/1235/1235 1234/1234/1234
f 1236/1236/1236 1232/1232/1232 1234/1234/1234
f 1235/1235/1235 1237/1237/1237 1234/1234/1234
f 1238/1238/1238 1236/1236/1236 1234/1234/1234
f 1237/1237/1237 1239/1239/1239 1234/1234/1234
f 1239/1239/1239 1238/1238/1238 1234/1234/1234
f 1239/1239/1239 1237/1237/1237 1240/1240/1240
f 1238/1238/1238 1239/1239/1239 1240/1240/1240
f 1237/1237/1237 1241/1241/1241 1240/1240/1240
f 1242/1242/1242 1238/1238/1238 1240/1240/1240
f 1241/1241/1241 1243/1243/1243 1240/1240/1240
f 1244/1244/1244 1242/1242/1242 1240/1240/1240
f 1243/1243/1243 1245/1245/1245 1240/1240/1240
f 1245/1245/1245 1244/1244/1244 1240/1240/1240
f 1248/1248/1248 1247/1247/1247 1246/1246/1246
f 1247/1247/1247 1249/1249/1249 1246/1246/1246
f 1249/1249/1249 1247/1247/1247 1250/1250/1250
f 1247/1247/1247 1251/1251/1251 1250/1250/1250
f 1251/1251/1251 1252/1252/1252 1250/1250/1250
f 1249/1249/1249 1253/1253/1253 1246/1246/1246
f 1253/1253/1253 1249/1249/1249 1250/1250/1250
f 1253/1253/1253 1254/1254/1254 1246/1246/1246
f 1255/1255/1255 1253/1253/1253 1250/1250/1250
f 1256/1256/1256 1255/1255/1255 1250/1250/1250
f 1252/1252/1252 1257/1257/1257 1250/1250/1250
f 1257/1257/1257 1256/1256/1256 1250/1250/1250
f 1257/1257/1257 1252/1252/1252 1258/1258/1258
f 1256/1256/1256 1257/1257/1257 1258/1258/1258
f 1252/1252/1252 1259/1259/1259 1258/1258/1258
f 1260/1260/1260 1256/1256/1256 1258/1258/1258
f 1259/1259/1259 1261/1261/1261 1258/1258/1258
f 1262/1262/1262 1260/1260/1260 1258/1258/1258
f 1261/1261/1261 1263/1263/1263 1258/1258/1258
f 1263/1263/1263 1262/1262/1262 1258/1258/1258
f 1263/1263/1263 1261/1261/1261 1264/1264/1264
f 1262/1262/1262 1263/1263/1263 1264/1264/1264
f 1261/1261/1261 1265/1265/1265 1264/1264/1264
f 1266/1266/1266 1262/1262/1262 1264/1264/1264
f 1265/1265/1265 1267/1267/1267 1264/1264/1264
f 1268/1268/1268 1266/1266/1266 1264/1264/1264
f 1267/1267/1267 1269/1269/1269 1264/1264/1264
f 1269/1269/1269 1268/1268/1268 1264/1264/1264
f 1269/1269/1269 1267/1267/1267 1270/1270/1270
f 1268/1268/1268 1269/1269/1269 1270/1270/1270
f 1267/1267/1267 1271/1271/1271 1270/1270/1270
f 1272/1272/1272 1268/1268/1268 1270/1270/1270
f 1271/1271/1271 1273/1273/1273 1270/1270/1270
f 1274/1274/1274 1272/1272/1272 1270/1270/1270
f 1273/1273/1273 1275/1275/1275 1270/1270/1270
f 1275/1275/1275 1274/1274/1274 1270/1270/1270
f 1278/1278/1278 1277/1277/1277 1276/1276/1276
f 1277/1277/1277 1279/1279/1279 1276/1276/1276
f 1279/1279/1279 1277/1277/1277 1280/1280/1280
f 1277/1277/1277 1281/1281/1281 1280/1280/1280
f 1281/1281/1281 1282/1282/1282 1280/1280/1280
f 1279/1279/1279 1283/1283/1283 1276/1276/1276
f 1283/1283/1283 1279/1279/1279 1280/1280/1280
f 1283/1283/1283 1284/1284/1284 1276/1276/1276
f 1285/1285/1285 1283/1283/1283 1280/1280/1280
f 1286/1286/1286 1285/1285/1285 1280/1280/1280
f 1282/1282/1282 1287/1287/1287 1280/1280/1280
f 1287/1287/1287 1286/1286/1286 1280/1280/1280
f 1287/1287/1287 1282/1282/1282 1288/1288/1288
f 1286/1286/1286 1287/1287/1287 1288/1288/1288
f 1282/1282/1282 1289/1289/1289 1288/1288/1288
f 1290/1290/1290 1286/1286/1286 1288/1288/1288
f 1289/1289/1289 1291/1291/1291 1288/1288/1288
f 1292/1292/1292 1290/1290/1290 1288/1288/1288
f 1291/1291/1291 1293/1293/1293 1288/1288/1288
f 1293/1293/1293 1292/1292/1292 1288/1288/1288
f 1293/1293/1293 1291/1291/1291 1294/1294/1294
f 1292/1292/1292 1293/1293/1293 1294/1294/1294
f 1291/1291/1291 1295/1295/1295 1294/1294/1294
f 1296/1296/1296 1292/1292/1292 1294/1294/1294
f 1295/1295/1295 1297/1297/1297 1294/1294/1294
f 1298/1298/1298 1296/1296/1296 1294/1294/1294
f 1297/1297/1297 1299/1299/1299 1294/1294/1294
f 1299/1299/1299 1298/1298/1298 1294/1294/1294
f 1299/1299/1299 1297/1297/1297 1300/1300/1300
f 1298/1298/1298 1299/1299/1299 1300/1300/1300
f 1297/1297/1297 1301/1301/1301 1300/1300/1300
f 1302/1302/1302 1298/1298/1298 1300/1300/1300
f 1301/1301/1301 1303/1303/1303 1300/1300/1300
f 1304/1304/1304 1302/1302/1302 1300/1300/1300
f 1303/1303/1303 1305/1305/1305 1300/1300/1300
f 1305/1305/1305 1304/1304/1304 1300/1300/1300
f 1308/1308/1308 1307/1307/1307 1306/1306/1306
f 1309/1309/1309 1308/1308/1308 1306/1306/1306
f 1307/1307/1307 1310/1310/1310 1306/1306/1306
f 1094/1094/1094 1309/1309/1309 1306/1306/1306
f 1310/1310/1310 1311/1311/1311 1306/1306/1306
f 1096/1096/1096 1094/1094/1094 1306/1306/1306
f 1311/1311/1311 1095/1095/1095 1306/1306/1306
f 1095/1095/1095 1096/1096/1096 1306/1306/1306
f 1119/1119/1119 1120/1120/1120 1312/1312/1312
f 1313/1313/1313 1119/1119/1119 1312/1312/1312
f 1120/1120/1120 1118/1118/1118 1312/1312/1312
f 1314/1314/1314 1313/1313/1313 1312/1312/1312
f 1118/1118/1118 1315/1315/1315 1312/1312/1312
f 1316/1316/1316 1314/1314/1314 1312/1312/1312
f 1315/1315/1315 1317/1317/1317 1312/1312/1312
f 1317/1317/1317 1316/1316/1316 1312/1312/1312
f 1167/1167/1167 1168/1168/1168 1318/1318/1318
f 1319/1319/1319 1167/1167/1167 1318/1318/1318
f 1168/1168/1168 1166/1166/1166 1318/1318/1318
f 1320/1320/1320 1319/1319/1319 1318/1318/1318
f 1166/1166/1166 1321/1321/1321 1318/1318/1318
f 1322/1322/1322 1320/1320/1320 1318/1318/1318
f 1321/1321/1321 1323/1323/1323 1318/1318/1318
f 1323/1323/1323 1322/1322/1322 1318/1318/1318
f 1143/1143/1143 1144/1144/1144 1324/1324/1324
f 1325/1325/1325 1143/1143/1143 1324/1324/1324
f 1144/1144/1144 1142/1142/1142 1324/1324/1324
f 1326/1326/1326 1325/1325/1325 1324/1324/1324
f 1142/1142/1142 1327/1327/1327 1324/1324/1324
f 1328/1328/1328 1326/1326/1326 1324/1324/1324
f 1327/1327/1327 1329/1329/1329 1324/1324/1324
f 1329/1329/1329 1328/1328/1328 1324/1324/1324
f 1332/1332/1332 1331/1331/1331 1330/1330/1330
f 1331/1331/1331 1332/1332/1332 1333/1333/1333
f 1331/1331/1331 1334/1334/1334 1330/1330/1330
f 1334/1334/1334 1331/1331/1331 1335/1335/1335
f 1334/1334/1334 1336/1336/1336 1330/1330/1330
f 1336/1336/1336 1334/1334/1334 1335/1335/1335
f 1336/1336/1336 1337/1337/1337 1330/1330/1330
f 1337/1337/1337 1336/1336/1336 1338/1338/1338
f 1339/1339/1339 1331/1331/1331 1333/1333/1333
f 1331/1331/1331 1339/1339/1339 1335/1335/1335
f 1340/1340/1340 1339/1339/1339 1333/1333/1333
f 1339/1339/1339 1340/1340/1340 1335/1335/1335
f 1341/1341/1341 1340/1340/1340 1333/1333/1333
f 1340/1340/1340 1341/1341/1341 1342/1342/1342
f 1336/1336/1336 1343/1343/1343 1338/1338/1338
f 1343/1343/1343 1336/1336/1336 1335/1335/1335
f 1343/1343/1343 1344/1344/1344 1338/1338/1338
f 1344/1344/1344 1343/1343/1343 1335/1335/1335
f 1344/1344/1344 1345/1345/1345 1338/1338/1338
f 1345/1345/1345 1344/1344/1344 1342/1342/1342
f 1340/1340/1340 1346/1346/1346 1335/1335/1335
f 1346/1346/1346 1340/1340/1340 1342/1342/1342
f 1346/1346/1346 1344/1344/1344 1335/1335/1335
f 1344/1344/1344 1346/1346/1346 1342/1342/1342
