# https://github.com/mikedh/trimesh
mtllib material.mtl
usemtl material_0
v -0.53477250 1.00313040 0.16652000
v -0.54172210 1.02111720 0.16652000
v -0.53477250 1.02111720 0.17083000
v -0.53477250 1.08515520 0.17083000
v -0.54172210 1.08515520 0.16652000
v -0.53477250 1.10314200 0.16652000
v -0.53477250 1.00313040 -0.16568000
v -0.53477250 1.02111720 -0.16999000
v -0.54172210 1.02111720 -0.16568000
v -0.53477250 1.10314200 -0.16568000
v -0.54172210 1.08515520 -0.16568000
v -0.53477250 1.08515520 -0.16999000
v 0.54278440 1.00313040 0.16652000
v 0.54278440 1.02111720 0.17083000
v 0.54973400 1.02111720 0.16652000
v 0.54278440 1.10314200 0.16652000
v 0.54973400 1.08515520 0.16652000
v 0.54278440 1.08515520 0.17083000
v 0.54278440 1.00313040 -0.16567000
v 0.54973400 1.02111720 -0.16567000
v 0.54278440 1.02111720 -0.16999000
v 0.54278440 1.10314200 -0.16567000
v 0.54278440 1.08515520 -0.16998000
v 0.54973400 1.08515520 -0.16567000
v 0.54278440 1.02111720 0.17083000
v -0.53477250 1.02111720 0.17083000
v -0.53477250 1.08515520 0.17083000
v 0.54278440 1.08515520 0.17083000
v 0.54973400 1.02111720 -0.16567000
v 0.54973400 1.02111720 0.16652000
v 0.54973400 1.08515520 0.16652000
v 0.54973400 1.08515520 -0.16567000
v 0.54278440 1.10314200 -0.16567000
v 0.54278440 1.10314200 0.16652000
v -0.53477250 1.10314200 0.16652000
v -0.53477250 1.10314200 -0.16568000
v -0.54172210 1.02111720 0.16652000
v -0.54172210 1.02111720 -0.16568000
v -0.54172210 1.08515520 -0.16568000
v -0.54172210 1.08515520 0.16652000
v -0.53477250 1.02111720 -0.16999000
v 0.54278440 1.02111720 -0.16999000
v 0.54278440 1.08515520 -0.16998000
v -0.53477250 1.08515520 -0.16999000
v -0.53477250 1.00313040 -0.16568000
v -0.54172210 1.02111720 -0.16568000
v -0.54172210 1.02111720 0.16652000
v -0.53477250 1.00313040 0.16652000
v -0.53477250 1.02111720 0.17083000
v -0.54172210 1.02111720 0.16652000
v -0.54172210 1.08515520 0.16652000
v -0.53477250 1.08515520 0.17083000
v -0.53477250 1.10314200 0.16652000
v -0.54172210 1.08515520 0.16652000
v -0.54172210 1.08515520 -0.16568000
v -0.53477250 1.10314200 -0.16568000
v -0.53477250 1.08515520 -0.16999000
v -0.54172210 1.08515520 -0.16568000
v -0.54172210 1.02111720 -0.16568000
v -0.53477250 1.02111720 -0.16999000
v 0.54278440 1.00313040 -0.16567000
v 0.54278440 1.02111720 -0.16999000
v -0.53477250 1.02111720 -0.16999000
v -0.53477250 1.00313040 -0.16568000
v -0.53477250 1.10314200 -0.16568000
v -0.53477250 1.08515520 -0.16999000
v 0.54278440 1.08515520 -0.16998000
v 0.54278440 1.10314200 -0.16567000
v 0.54973400 1.08515520 -0.16567000
v 0.54278440 1.08515520 -0.16998000
v 0.54278440 1.02111720 -0.16999000
v 0.54973400 1.02111720 -0.16567000
v 0.54278440 1.00313040 0.16652000
v 0.54973400 1.02111720 0.16652000
v 0.54973400 1.02111720 -0.16567000
v 0.54278440 1.00313040 -0.16567000
v 0.54278440 1.10314200 -0.16567000
v 0.54973400 1.08515520 -0.16567000
v 0.54973400 1.08515520 0.16652000
v 0.54278440 1.10314200 0.16652000
v 0.54278440 1.08515520 0.17083000
v 0.54973400 1.08515520 0.16652000
v 0.54973400 1.02111720 0.16652000
v 0.54278440 1.02111720 0.17083000
v -0.53477250 1.00313040 0.16652000
v -0.53477250 1.02111720 0.17083000
v 0.54278440 1.02111720 0.17083000
v 0.54278440 1.00313040 0.16652000
v 0.54278440 1.10314200 0.16652000
v 0.54278440 1.08515520 0.17083000
v -0.53477250 1.08515520 0.17083000
v -0.53477250 1.10314200 0.16652000
v -0.53477250 1.00313040 -0.16568000
v -0.53477250 1.00313040 0.16652000
v 0.54278440 1.00313040 0.16652000
v 0.54278440 1.00313040 -0.16567000
v -0.45851730 -1.09675440 0.16429000
v -0.45851730 -1.09508520 0.16773000
v -0.45298380 -1.09508520 0.16429000
v -0.45851730 1.01394120 0.16773000
v -0.45851730 1.01562600 0.16429000
v -0.45298380 1.01394120 0.16429000
v -0.45851730 -1.09675440 0.12533000
v -0.45298380 -1.09508520 0.12533000
v -0.45851730 -1.09508520 0.12189000
v -0.45851730 1.01562600 0.12533000
v -0.45851730 1.01394120 0.12189000
v -0.45298380 1.01394120 0.12533000
v -0.52933420 -1.09675440 0.16429000
v -0.53486770 -1.09508520 0.16429000
v -0.52933420 -1.09508520 0.16773000
v -0.52933420 1.01562600 0.16429000
v -0.52933420 1.01394120 0.16773000
v -0.53486770 1.01394120 0.16429000
v -0.52933420 -1.09675440 0.12533000
v -0.52933420 -1.09508520 0.12189000
v -0.53486770 -1.09508520 0.12533000
v -0.52933420 1.01562600 0.12533000
v -0.53486770 1.01394120 0.12533000
v -0.52933420 1.01394120 0.12189000
v -0.45851730 -1.09677000 -0.12391000
v -0.45851730 -1.09508520 -0.12047000
v -0.45298380 -1.09508520 -0.12391000
v -0.45851730 1.01394120 -0.12047000
v -0.45851730 1.01562600 -0.12391000
v -0.45298380 1.01394120 -0.12391000
v -0.45851730 -1.09677000 -0.16287000
v -0.45298380 -1.09508520 -0.16287000
v -0.45851730 -1.09508520 -0.16631000
v -0.45851730 1.01562600 -0.16287000
v -0.45851730 1.01394120 -0.16631000
v -0.45298380 1.01394120 -0.16287000
v -0.52933420 -1.09677000 -0.12391000
v -0.53486770 -1.09508520 -0.12391000
v -0.52933420 -1.09508520 -0.12047000
v -0.52933420 1.01562600 -0.12391000
v -0.52933420 1.01394120 -0.12047000
v -0.53486770 1.01394120 -0.12391000
v -0.52933420 -1.09677000 -0.16287000
v -0.52933420 -1.09508520 -0.16631000
v -0.53486770 -1.09508520 -0.16287000
v -0.52933420 1.01562600 -0.16287000
v -0.53486770 1.01394120 -0.16287000
v -0.52933420 1.01394120 -0.16631000
v 0.46620790 -1.09675440 0.16429000
v 0.46067440 -1.09508520 0.16429000
v 0.46620790 -1.09508520 0.16773000
v 0.46620790 1.01394120 0.16773000
v 0.46067440 1.01394120 0.16429000
v 0.46620790 1.01562600 0.16429000
v 0.46620790 -1.09675440 0.12533000
v 0.46620790 -1.09508520 0.12190000
v 0.46067440 -1.09508520 0.12533000
v 0.46620790 1.01562600 0.12533000
v 0.46067440 1.01394120 0.12533000
v 0.46620790 1.01394120 0.12190000
v 0.53702480 -1.09675440 0.16429000
v 0.53702480 -1.09508520 0.16773000
v 0.54257020 -1.09508520 0.16429000
v 0.53702480 1.01562600 0.16429000
v 0.54257020 1.01394120 0.16429000
v 0.53702480 1.01394120 0.16773000
v 0.53702480 -1.09675440 0.12533000
v 0.54257020 -1.09508520 0.12533000
v 0.53702480 -1.09508520 0.12190000
v 0.53702480 1.01562600 0.12533000
v 0.53702480 1.01394120 0.12190000
v 0.54257020 1.01394120 0.12533000
v 0.46620790 -1.09677000 -0.12391000
v 0.46067440 -1.09508520 -0.12391000
v 0.46620790 -1.09508520 -0.12047000
v 0.46620790 1.01394120 -0.12047000
v 0.46067440 1.01394120 -0.12391000
v 0.46620790 1.01562600 -0.12391000
v 0.46620790 -1.09677000 -0.16287000
v 0.46620790 -1.09508520 -0.16630000
v 0.46067440 -1.09508520 -0.16287000
v 0.46620790 1.01562600 -0.16287000
v 0.46067440 1.01394120 -0.16287000
v 0.46620790 1.01394120 -0.16630000
v 0.53702480 -1.09677000 -0.12391000
v 0.53702480 -1.09508520 -0.12047000
v 0.54257020 -1.09508520 -0.12391000
v 0.53702480 1.01562600 -0.12391000
v 0.54257020 1.01394120 -0.12391000
v 0.53702480 1.01394120 -0.12047000
v 0.53702480 -1.09677000 -0.16287000
v 0.54257020 -1.09508520 -0.16287000
v 0.53702480 -1.09508520 -0.16630000
v 0.53702480 1.01562600 -0.16287000
v 0.53702480 1.01394120 -0.16630000
v 0.54257020 1.01394120 -0.16287000
v -0.45298380 -1.09508520 0.16429000
v -0.45298380 1.01394120 0.16429000
v -0.45298380 1.01394120 0.12533000
v -0.45298380 -1.09508520 0.12533000
v -0.52933420 -1.09508520 0.16773000
v -0.52933420 1.01394120 0.16773000
v -0.45851730 1.01394120 0.16773000
v -0.45851730 -1.09508520 0.16773000
v -0.53486770 -1.09508520 0.12533000
v -0.53486770 1.01394120 0.12533000
v -0.53486770 1.01394120 0.16429000
v -0.53486770 -1.09508520 0.16429000
v -0.45851730 -1.09675440 0.12533000
v -0.52933420 -1.09675440 0.12533000
v -0.52933420 -1.09675440 0.16429000
v -0.45851730 -1.09675440 0.16429000
v -0.52933420 1.01562600 0.12533000
v -0.45851730 1.01562600 0.12533000
v -0.45851730 1.01562600 0.16429000
v -0.52933420 1.01562600 0.16429000
v -0.45851730 -1.09508520 0.12189000
v -0.45851730 1.01394120 0.12189000
v -0.52933420 1.01394120 0.12189000
v -0.52933420 -1.09508520 0.12189000
v -0.45298380 -1.09508520 0.12533000
v -0.45851730 -1.09675440 0.12533000
v -0.45851730 -1.09675440 0.16429000
v -0.45298380 -1.09508520 0.16429000
v -0.45298380 -1.09508520 0.16429000
v -0.45851730 -1.09508520 0.16773000
v -0.45851730 1.01394120 0.16773000
v -0.45298380 1.01394120 0.16429000
v -0.45298380 1.01394120 0.16429000
v -0.45851730 1.01562600 0.16429000
v -0.45851730 1.01562600 0.12533000
v -0.45298380 1.01394120 0.12533000
v -0.45298380 1.01394120 0.12533000
v -0.45851730 1.01394120 0.12189000
v -0.45851730 -1.09508520 0.12189000
v -0.45298380 -1.09508520 0.12533000
v -0.52933420 -1.09508520 0.12189000
v -0.52933420 -1.09675440 0.12533000
v -0.45851730 -1.09675440 0.12533000
v -0.45851730 -1.09508520 0.12189000
v -0.45851730 1.01394120 0.12189000
v -0.45851730 1.01562600 0.12533000
v -0.52933420 1.01562600 0.12533000
v -0.52933420 1.01394120 0.12189000
v -0.52933420 1.01394120 0.12189000
v -0.53486770 1.01394120 0.12533000
v -0.53486770 -1.09508520 0.12533000
v -0.52933420 -1.09508520 0.12189000
v -0.53486770 -1.09508520 0.16429000
v -0.52933420 -1.09675440 0.16429000
v -0.52933420 -1.09675440 0.12533000
v -0.53486770 -1.09508520 0.12533000
v -0.53486770 1.01394120 0.12533000
v -0.52933420 1.01562600 0.12533000
v -0.52933420 1.01562600 0.16429000
v -0.53486770 1.01394120 0.16429000
v -0.53486770 1.01394120 0.16429000
v -0.52933420 1.01394120 0.16773000
v -0.52933420 -1.09508520 0.16773000
v -0.53486770 -1.09508520 0.16429000
v -0.45851730 -1.09508520 0.16773000
v -0.45851730 -1.09675440 0.16429000
v -0.52933420 -1.09675440 0.16429000
v -0.52933420 -1.09508520 0.16773000
v -0.52933420 1.01394120 0.16773000
v -0.52933420 1.01562600 0.16429000
v -0.45851730 1.01562600 0.16429000
v -0.45851730 1.01394120 0.16773000
v -0.45298380 -1.09508520 -0.12391000
v -0.45298380 1.01394120 -0.12391000
v -0.45298380 1.01394120 -0.16287000
v -0.45298380 -1.09508520 -0.16287000
v -0.52933420 -1.09508520 -0.12047000
v -0.52933420 1.01394120 -0.12047000
v -0.45851730 1.01394120 -0.12047000
v -0.45851730 -1.09508520 -0.12047000
v -0.53486770 -1.09508520 -0.16287000
v -0.53486770 1.01394120 -0.16287000
v -0.53486770 1.01394120 -0.12391000
v -0.53486770 -1.09508520 -0.12391000
v -0.45851730 -1.09677000 -0.16287000
v -0.52933420 -1.09677000 -0.16287000
v -0.52933420 -1.09677000 -0.12391000
v -0.45851730 -1.09677000 -0.12391000
v -0.52933420 1.01562600 -0.16287000
v -0.45851730 1.01562600 -0.16287000
v -0.45851730 1.01562600 -0.12391000
v -0.52933420 1.01562600 -0.12391000
v -0.45851730 -1.09508520 -0.16631000
v -0.45851730 1.01394120 -0.16631000
v -0.52933420 1.01394120 -0.16631000
v -0.52933420 -1.09508520 -0.16631000
v -0.45298380 -1.09508520 -0.16287000
v -0.45851730 -1.09677000 -0.16287000
v -0.45851730 -1.09677000 -0.12391000
v -0.45298380 -1.09508520 -0.12391000
v -0.45298380 -1.09508520 -0.12391000
v -0.45851730 -1.09508520 -0.12047000
v -0.45851730 1.01394120 -0.12047000
v -0.45298380 1.01394120 -0.12391000
v -0.45298380 1.01394120 -0.12391000
v -0.45851730 1.01562600 -0.12391000
v -0.45851730 1.01562600 -0.16287000
v -0.45298380 1.01394120 -0.16287000
v -0.45298380 1.01394120 -0.16287000
v -0.45851730 1.01394120 -0.16631000
v -0.45851730 -1.09508520 -0.16631000
v -0.45298380 -1.09508520 -0.16287000
v -0.52933420 -1.09508520 -0.16631000
v -0.52933420 -1.09677000 -0.16287000
v -0.45851730 -1.09677000 -0.16287000
v -0.45851730 -1.09508520 -0.16631000
v -0.45851730 1.01394120 -0.16631000
v -0.45851730 1.01562600 -0.16287000
v -0.52933420 1.01562600 -0.16287000
v -0.52933420 1.01394120 -0.16631000
v -0.52933420 1.01394120 -0.16631000
v -0.53486770 1.01394120 -0.16287000
v -0.53486770 -1.09508520 -0.16287000
v -0.52933420 -1.09508520 -0.16631000
v -0.53486770 -1.09508520 -0.12391000
v -0.52933420 -1.09677000 -0.12391000
v -0.52933420 -1.09677000 -0.16287000
v -0.53486770 -1.09508520 -0.16287000
v -0.53486770 1.01394120 -0.16287000
v -0.52933420 1.01562600 -0.16287000
v -0.52933420 1.01562600 -0.12391000
v -0.53486770 1.01394120 -0.12391000
v -0.53486770 1.01394120 -0.12391000
v -0.52933420 1.01394120 -0.12047000
v -0.52933420 -1.09508520 -0.12047000
v -0.53486770 -1.09508520 -0.12391000
v -0.45851730 -1.09508520 -0.12047000
v -0.45851730 -1.09677000 -0.12391000
v -0.52933420 -1.09677000 -0.12391000
v -0.52933420 -1.09508520 -0.12047000
v -0.52933420 1.01394120 -0.12047000
v -0.52933420 1.01562600 -0.12391000
v -0.45851730 1.01562600 -0.12391000
v -0.45851730 1.01394120 -0.12047000
v 0.46620790 -1.09675440 0.12533000
v 0.46620790 -1.09675440 0.16429000
v 0.53702480 -1.09675440 0.16429000
v 0.53702480 -1.09675440 0.12533000
v 0.53702480 -1.09508520 0.16773000
v 0.46620790 -1.09508520 0.16773000
v 0.46620790 1.01394120 0.16773000
v 0.53702480 1.01394120 0.16773000
v 0.54257020 -1.09508520 0.12533000
v 0.54257020 -1.09508520 0.16429000
v 0.54257020 1.01394120 0.16429000
v 0.54257020 1.01394120 0.12533000
v 0.53702480 1.01562600 0.12533000
v 0.53702480 1.01562600 0.16429000
v 0.46620790 1.01562600 0.16429000
v 0.46620790 1.01562600 0.12533000
v 0.46067440 -1.09508520 0.16429000
v 0.46067440 -1.09508520 0.12533000
v 0.46067440 1.01394120 0.12533000
v 0.46067440 1.01394120 0.16429000
v 0.46620790 -1.09508520 0.12190000
v 0.53702480 -1.09508520 0.12190000
v 0.53702480 1.01394120 0.12190000
v 0.46620790 1.01394120 0.12190000
v 0.46620790 -1.09675440 0.12533000
v 0.46067440 -1.09508520 0.12533000
v 0.46067440 -1.09508520 0.16429000
v 0.46620790 -1.09675440 0.16429000
v 0.46620790 -1.09508520 0.16773000
v 0.46067440 -1.09508520 0.16429000
v 0.46067440 1.01394120 0.16429000
v 0.46620790 1.01394120 0.16773000
v 0.46620790 1.01562600 0.16429000
v 0.46067440 1.01394120 0.16429000
v 0.46067440 1.01394120 0.12533000
v 0.46620790 1.01562600 0.12533000
v 0.46620790 1.01394120 0.12190000
v 0.46067440 1.01394120 0.12533000
v 0.46067440 -1.09508520 0.12533000
v 0.46620790 -1.09508520 0.12190000
v 0.53702480 -1.09675440 0.12533000
v 0.53702480 -1.09508520 0.12190000
v 0.46620790 -1.09508520 0.12190000
v 0.46620790 -1.09675440 0.12533000
v 0.46620790 1.01562600 0.12533000
v 0.46620790 1.01394120 0.12190000
v 0.53702480 1.01394120 0.12190000
v 0.53702480 1.01562600 0.12533000
v 0.54257020 1.01394120 0.12533000
v 0.53702480 1.01394120 0.12190000
v 0.53702480 -1.09508520 0.12190000
v 0.54257020 -1.09508520 0.12533000
v 0.53702480 -1.09675440 0.16429000
v 0.54257020 -1.09508520 0.16429000
v 0.54257020 -1.09508520 0.12533000
v 0.53702480 -1.09675440 0.12533000
v 0.53702480 1.01562600 0.12533000
v 0.54257020 1.01394120 0.12533000
v 0.54257020 1.01394120 0.16429000
v 0.53702480 1.01562600 0.16429000
v 0.53702480 1.01394120 0.16773000
v 0.54257020 1.01394120 0.16429000
v 0.54257020 -1.09508520 0.16429000
v 0.53702480 -1.09508520 0.16773000
v 0.46620790 -1.09675440 0.16429000
v 0.46620790 -1.09508520 0.16773000
v 0.53702480 -1.09508520 0.16773000
v 0.53702480 -1.09675440 0.16429000
v 0.53702480 1.01562600 0.16429000
v 0.53702480 1.01394120 0.16773000
v 0.46620790 1.01394120 0.16773000
v 0.46620790 1.01562600 0.16429000
v 0.53702480 -1.09508520 -0.12047000
v 0.46620790 -1.09508520 -0.12047000
v 0.46620790 1.01394120 -0.12047000
v 0.53702480 1.01394120 -0.12047000
v 0.54257020 -1.09508520 -0.16287000
v 0.54257020 -1.09508520 -0.12391000
v 0.54257020 1.01394120 -0.12391000
v 0.54257020 1.01394120 -0.16287000
v 0.53702480 1.01562600 -0.16287000
v 0.53702480 1.01562600 -0.12391000
v 0.46620790 1.01562600 -0.12391000
v 0.46620790 1.01562600 -0.16287000
v 0.46067440 -1.09508520 -0.12391000
v 0.46067440 -1.09508520 -0.16287000
v 0.46067440 1.01394120 -0.16287000
v 0.46067440 1.01394120 -0.12391000
v 0.46620790 -1.09508520 -0.16630000
v 0.53702480 -1.09508520 -0.16630000
v 0.53702480 1.01394120 -0.16630000
v 0.46620790 1.01394120 -0.16630000
v 0.46620790 -1.09677000 -0.16287000
v 0.46067440 -1.09508520 -0.16287000
v 0.46067440 -1.09508520 -0.12391000
v 0.46620790 -1.09677000 -0.12391000
v 0.46620790 -1.09508520 -0.12047000
v 0.46067440 -1.09508520 -0.12391000
v 0.46067440 1.01394120 -0.12391000
v 0.46620790 1.01394120 -0.12047000
v 0.46620790 1.01562600 -0.12391000
v 0.46067440 1.01394120 -0.12391000
v 0.46067440 1.01394120 -0.16287000
v 0.46620790 1.01562600 -0.16287000
v 0.46620790 1.01394120 -0.16630000
v 0.46067440 1.01394120 -0.16287000
v 0.46067440 -1.09508520 -0.16287000
v 0.46620790 -1.09508520 -0.16630000
v 0.53702480 -1.09677000 -0.16287000
v 0.53702480 -1.09508520 -0.16630000
v 0.46620790 -1.09508520 -0.16630000
v 0.46620790 -1.09677000 -0.16287000
v 0.46620790 1.01562600 -0.16287000
v 0.46620790 1.01394120 -0.16630000
v 0.53702480 1.01394120 -0.16630000
v 0.53702480 1.01562600 -0.16287000
v 0.54257020 1.01394120 -0.16287000
v 0.53702480 1.01394120 -0.16630000
v 0.53702480 -1.09508520 -0.16630000
v 0.54257020 -1.09508520 -0.16287000
v 0.53702480 -1.09677000 -0.12391000
v 0.54257020 -1.09508520 -0.12391000
v 0.54257020 -1.09508520 -0.16287000
v 0.53702480 -1.09677000 -0.16287000
v 0.53702480 1.01562600 -0.16287000
v 0.54257020 1.01394120 -0.16287000
v 0.54257020 1.01394120 -0.12391000
v 0.53702480 1.01562600 -0.12391000
v 0.53702480 1.01394120 -0.12047000
v 0.54257020 1.01394120 -0.12391000
v 0.54257020 -1.09508520 -0.12391000
v 0.53702480 -1.09508520 -0.12047000
v 0.46620790 -1.09677000 -0.12391000
v 0.46620790 -1.09508520 -0.12047000
v 0.53702480 -1.09508520 -0.12047000
v 0.53702480 -1.09677000 -0.12391000
v 0.53702480 1.01562600 -0.12391000
v 0.53702480 1.01394120 -0.12047000
v 0.46620790 1.01394120 -0.12047000
v 0.46620790 1.01562600 -0.12391000
v 0.46620790 -1.09677000 -0.16287000
v 0.46620790 -1.09677000 -0.12391000
v 0.53702480 -1.09677000 -0.12391000
v 0.53702480 -1.09677000 -0.16287000
v -0.49199200 -0.98828760 0.12165000
v -0.49199200 1.00771680 0.12165000
v -0.49199200 1.00771680 -0.12139000
v -0.49199200 -0.98828760 -0.12139000
v -0.49199200 -0.98828760 -0.12139000
v -0.49199200 1.00771680 -0.12139000
v -0.53295180 1.00771680 -0.12139000
v -0.53295180 -0.98828760 -0.12139000
v -0.53295180 -0.98828760 -0.12139000
v -0.53295180 1.00771680 -0.12139000
v -0.53295180 1.00771680 0.12165000
v -0.53295180 -0.98828760 0.12165000
v -0.53295180 -0.98828760 0.12165000
v -0.53295180 1.00771680 0.12165000
v -0.49199200 1.00771680 0.12165000
v -0.49199200 -0.98828760 0.12165000
v -0.49199200 -0.98828760 -0.12139000
v -0.53295180 -0.98828760 -0.12139000
v -0.53295180 -0.98828760 0.12165000
v -0.49199200 -0.98828760 0.12165000
v -0.53295180 1.00771680 -0.12139000
v -0.49199200 1.00771680 -0.12139000
v -0.49199200 1.00771680 0.12165000
v -0.53295180 1.00771680 0.12165000
v 0.50147950 -0.98828760 0.12165000
v 0.50147950 -0.98828760 -0.12139000
v 0.50147950 1.00771680 -0.12139000
v 0.50147950 1.00771680 0.12165000
v 0.50147950 -0.98828760 -0.12139000
v 0.54242740 -0.98828760 -0.12139000
v 0.54242740 1.00771680 -0.12139000
v 0.50147950 1.00771680 -0.12139000
v 0.54242740 -0.98828760 -0.12139000
v 0.54242740 -0.98828760 0.12165000
v 0.54242740 1.00771680 0.12165000
v 0.54242740 1.00771680 -0.12139000
v 0.54242740 -0.98828760 0.12165000
v 0.50147950 -0.98828760 0.12165000
v 0.50147950 1.00771680 0.12165000
v 0.54242740 1.00771680 0.12165000
v 0.50147950 -0.98828760 -0.12139000
v 0.50147950 -0.98828760 0.12165000
v 0.54242740 -0.98828760 0.12165000
v 0.54242740 -0.98828760 -0.12139000
v 0.54242740 1.00771680 -0.12139000
v 0.54242740 1.00771680 0.12165000
v 0.50147950 1.00771680 0.12165000
v 0.50147950 1.00771680 -0.12139000
v -0.46101630 -0.98828760 -0.14215000
v -0.46101630 1.00771680 -0.14215000
v 0.46871880 1.00771680 -0.14215000
v 0.46871880 -0.98828760 -0.14215000
v 0.46871880 -0.98828760 -0.14215000
v 0.46871880 1.00771680 -0.14215000
v 0.46871880 1.00771680 -0.16755000
v 0.46871880 -0.98828760 -0.16755000
v 0.46871880 -0.98828760 -0.16755000
v 0.46871880 1.00771680 -0.16755000
v -0.46101630 1.00771680 -0.16755000
v -0.46101630 -0.98828760 -0.16755000
v -0.46101630 -0.98828760 -0.16755000
v -0.46101630 1.00771680 -0.16755000
v -0.46101630 1.00771680 -0.14215000
v -0.46101630 -0.98828760 -0.14215000
v 0.46871880 -0.98828760 -0.14215000
v 0.46871880 -0.98828760 -0.16755000
v -0.46101630 -0.98828760 -0.16755000
v -0.46101630 -0.98828760 -0.14215000
v 0.46871880 1.00771680 -0.16755000
v 0.46871880 1.00771680 -0.14215000
v -0.46101630 1.00771680 -0.14215000
v -0.46101630 1.00771680 -0.16755000
v -0.00418720 0.48316680 0.16607000
v 0.46871880 0.51539640 0.16607000
v 0.45188030 0.48316680 0.16607000
v -0.00418720 0.51539640 0.16607000
v 0.45188030 0.54761040 0.16607000
v -0.00418720 0.54761040 0.16607000
v -0.00418720 0.54761040 0.16607000
v -0.46101630 0.51539640 0.16606000
v -0.44417780 0.54761040 0.16606000
v 0.46871880 -0.98828760 0.14068000
v 0.46871880 -0.98828760 0.16607000
v 0.46871880 0.00972240 0.16607000
v 0.46871880 1.00771680 0.16607000
v 0.46871880 1.00771680 0.14068000
v -0.44417780 -0.02250720 0.16607000
v -0.44417780 -0.02250720 -0.05204000
v -0.44417780 -0.95607360 -0.05204000
v -0.44417780 -0.95607360 0.16607000
v -0.46101630 1.00771680 0.14067000
v -0.46101630 1.00771680 0.16607000
v -0.46101630 0.00972240 0.16606000
v -0.46101630 -0.98828760 0.16607000
v -0.46101630 -0.98828760 0.14067000
v -0.00418720 -0.98828760 0.16607000
v 0.46871880 -0.98828760 0.16607000
v 0.46871880 -0.98828760 0.14068000
v -0.46101630 -0.98828760 0.14067000
v -0.46101630 -0.98828760 0.16607000
v -0.46101630 1.00771680 0.14067000
v 0.46871880 1.00771680 0.14068000
v 0.46871880 1.00771680 0.16607000
v -0.00418720 1.00771680 0.16607000
v -0.46101630 1.00771680 0.16607000
v 0.45188030 -0.95607360 0.16607000
v 0.45188030 -0.95607360 -0.05204000
v 0.45188030 -0.02250720 -0.05204000
v 0.45188030 -0.02250720 0.16607000
v 0.45188030 -0.95607360 0.16607000
v -0.00418720 -0.98828760 0.16607000
v -0.00418720 -0.95607360 0.16607000
v 0.46871880 -0.98828760 0.16607000
v 0.45188030 -0.02250720 0.16607000
v 0.46871880 0.00972240 0.16607000
v -0.00418720 -0.02250720 0.16607000
v -0.00418720 0.00972240 0.16607000
v 0.45188030 0.04193640 0.16607000
v -0.00418720 0.04193640 0.16607000
v 0.45188030 0.97550280 0.16607000
v 0.46871880 1.00771680 0.16607000
v -0.00418720 0.97550280 0.16607000
v -0.00418720 1.00771680 0.16607000
v -0.00418720 -0.95607360 0.16607000
v -0.46101630 -0.98828760 0.16607000
v -0.44417780 -0.95607360 0.16607000
v -0.00418720 0.04193640 0.16607000
v -0.46101630 0.00972240 0.16606000
v -0.44417780 0.04193640 0.16607000
v -0.44417780 -0.95607360 0.16607000
v -0.46101630 -0.98828760 0.16607000
v -0.46101630 0.00972240 0.16606000
v -0.44417780 -0.02250720 0.16607000
v -0.00418720 0.00972240 0.16607000
v -0.00418720 -0.02250720 0.16607000
v -0.44417780 0.04193640 0.16607000
v -0.46101630 1.00771680 0.16607000
v -0.44417780 0.97550280 0.16607000
v -0.00418720 1.00771680 0.16607000
v -0.00418720 0.97550280 0.16607000
v -0.00418720 0.04193640 -0.05204000
v -0.44417780 0.04193640 -0.05204000
v -0.44417780 0.97550280 -0.05204000
v -0.00418720 0.97550280 -0.05204000
v -0.00418720 -0.95607360 -0.05204000
v -0.44417780 -0.95607360 -0.05204000
v -0.44417780 -0.02250720 -0.05204000
v -0.00418720 -0.02250720 -0.05204000
v 0.45188030 -0.95607360 -0.05204000
v -0.00418720 -0.95607360 -0.05204000
v -0.00418720 -0.02250720 -0.05204000
v 0.45188030 -0.02250720 -0.05204000
v 0.45188030 0.04193640 -0.05204000
v -0.00418720 0.04193640 -0.05204000
v -0.00418720 0.97550280 -0.05204000
v 0.45188030 0.97550280 -0.05204000
v -0.00418720 -0.95607360 0.16607000
v -0.00418720 -0.95607360 -0.05204000
v 0.45188030 -0.95607360 -0.05204000
v 0.45188030 -0.95607360 0.16607000
v -0.00418720 0.97550280 0.16607000
v -0.00418720 0.97550280 -0.05204000
v -0.44417780 0.97550280 -0.05204000
v -0.44417780 0.97550280 0.16607000
v -0.44417780 -0.95607360 0.16607000
v -0.44417780 -0.95607360 -0.05204000
v -0.00418720 -0.95607360 -0.05204000
v -0.00418720 -0.95607360 0.16607000
v 0.45188030 0.04193640 0.16607000
v 0.45188030 0.04193640 -0.05204000
v 0.45188030 0.97550280 -0.05204000
v 0.45188030 0.97550280 0.16607000
v 0.45188030 -0.02250720 0.16607000
v 0.45188030 -0.02250720 -0.05204000
v -0.00418720 -0.02250720 -0.05204000
v -0.00418720 -0.02250720 0.16607000
v -0.44417780 0.97550280 0.16607000
v -0.44417780 0.97550280 -0.05204000
v -0.44417780 0.04193640 -0.05204000
v -0.44417780 0.04193640 0.16607000
v -0.00418720 -0.02250720 0.16607000
v -0.00418720 -0.02250720 -0.05204000
v -0.44417780 -0.02250720 -0.05204000
v -0.44417780 -0.02250720 0.16607000
v 0.45188030 0.97550280 0.16607000
v 0.45188030 0.97550280 -0.05204000
v -0.00418720 0.97550280 -0.05204000
v -0.00418720 0.97550280 0.16607000
v -0.44417780 0.04193640 0.16607000
v -0.44417780 0.04193640 -0.05204000
v -0.00418720 0.04193640 -0.05204000
v -0.00418720 0.04193640 0.16607000
v -0.00418720 0.04193640 0.16607000
v -0.00418720 0.04193640 -0.05204000
v 0.45188030 0.04193640 -0.05204000
v 0.45188030 0.04193640 0.16607000
v -0.44417780 0.48316680 0.16607000
v -0.46101630 0.51539640 0.16606000
v -0.00418720 0.51539640 0.16607000
v -0.00418720 0.48316680 0.16607000
v 0.45188030 0.48316680 0.16607000
v 0.45188030 0.48316680 -0.05204000
v -0.00418720 0.48316680 -0.05204000
v -0.00418720 0.48316680 0.16607000
v -0.00418720 0.48316680 0.16607000
v -0.00418720 0.48316680 -0.05204000
v -0.44417780 0.48316680 -0.05204000
v -0.44417780 0.48316680 0.16607000
v -0.44417780 0.54761040 0.16606000
v -0.44417780 0.54761040 -0.05204000
v -0.00418720 0.54761040 -0.05204000
v -0.00418720 0.54761040 0.16607000
v -0.00418720 0.54761040 0.16607000
v -0.00418720 0.54761040 -0.05204000
v 0.45188030 0.54761040 -0.05204000
v 0.45188030 0.54761040 0.16607000
v -0.00418720 -0.51927360 0.16607000
v 0.46871880 -0.48705960 0.16607000
v 0.45188030 -0.51927360 0.16607000
v -0.00418720 -0.48705960 0.16607000
v 0.45188030 -0.45483000 0.16607000
v -0.00418720 -0.45483000 0.16607000
v -0.00418720 -0.45483000 0.16607000
v -0.46101630 -0.48705960 0.16606000
v -0.44417780 -0.45483000 0.16607000
v -0.44417780 -0.51927360 0.16606000
v -0.46101630 -0.48705960 0.16606000
v -0.00418720 -0.48705960 0.16607000
v -0.00418720 -0.51927360 0.16607000
v 0.45188030 -0.51927360 0.16607000
v 0.45188030 -0.51927360 -0.05204000
v -0.00418720 -0.51927360 -0.05204000
v -0.00418720 -0.51927360 0.16607000
v -0.00418720 -0.51927360 0.16607000
v -0.00418720 -0.51927360 -0.05204000
v -0.44417780 -0.51927360 -0.05204000
v -0.44417780 -0.51927360 0.16606000
v -0.44417780 -0.45483000 0.16607000
v -0.44417780 -0.45483000 -0.05204000
v -0.00418720 -0.45483000 -0.05204000
v -0.00418720 -0.45483000 0.16607000
v -0.00418720 -0.45483000 0.16607000
v -0.00418720 -0.45483000 -0.05204000
v 0.45188030 -0.45483000 -0.05204000
v 0.45188030 -0.45483000 0.16607000
v -0.44775709 -0.02139165 0.16945548
v -0.45771571 -0.03036781 0.16945548
v -0.44775709 -0.03036781 0.16299657
v 0.45627238 -0.02139165 0.16945548
v 0.45627238 -0.03036781 0.16299657
v 0.46623100 -0.03036781 0.16945548
v -0.45771571 -0.47951451 0.16945548
v -0.44775709 -0.48847527 0.16945548
v -0.44775709 -0.47951451 0.16299657
v 0.45627238 -0.48847527 0.16945548
v 0.46623100 -0.47951451 0.16945548
v 0.45627238 -0.47951451 0.16299657
v 0.45627238 -0.02139165 0.18400137
v 0.46623100 -0.03036781 0.18400137
v 0.45627238 -0.03036781 0.19046028
v -0.44775709 -0.02139165 0.18400137
v -0.44775709 -0.03036781 0.19045138
v -0.45771571 -0.03036781 0.18400137
v -0.45771571 -0.47951451 0.18400137
v -0.44775709 -0.47951451 0.19045138
v -0.44775709 -0.48847527 0.18400137
v 0.45627238 -0.48847527 0.18400137
v 0.45627238 -0.47951451 0.19046028
v 0.46623100 -0.47951451 0.18400137
v 0.39999598 -0.47655838 0.19270222
v -0.39698130 -0.47655838 0.19270222
v -0.39698130 -0.04109917 0.19270222
v 0.39999598 -0.04109917 0.19270222
v -0.45771571 -0.03036781 0.16945548
v -0.45771571 -0.03036781 0.18400137
v -0.45771571 -0.47951451 0.18400137
v -0.45771571 -0.47951451 0.16945548
v 0.46623100 -0.47951451 0.16945548
v 0.46623100 -0.47951451 0.18400137
v 0.46623100 -0.03036781 0.18400137
v 0.46623100 -0.03036781 0.16945548
v 0.45627238 -0.47951451 0.19046028
v -0.44775709 -0.47951451 0.19045138
v -0.44775709 -0.03036781 0.19045138
v 0.45627238 -0.03036781 0.19046028
v 0.45627238 -0.02139165 0.16945548
v 0.45627238 -0.02139165 0.18400137
v -0.44775709 -0.02139165 0.18400137
v -0.44775709 -0.02139165 0.16945548
v 0.40921160 -0.04562574 -0.07341199
v 0.40921160 -0.43762063 -0.07341199
v -0.40070829 -0.43762063 -0.07341199
v -0.40070829 -0.04562574 -0.07341199
v -0.44775709 -0.48847527 0.16945548
v -0.44775709 -0.48847527 0.18400137
v 0.45627238 -0.48847527 0.18400137
v 0.45627238 -0.48847527 0.16945548
v 0.45627238 -0.03036781 0.16299657
v 0.45627238 -0.02139165 0.16945548
v -0.44775709 -0.02139165 0.16945548
v -0.44775709 -0.03036781 0.16299657
v -0.44775709 -0.03036781 0.16299657
v -0.45771571 -0.03036781 0.16945548
v -0.45771571 -0.47951451 0.16945548
v -0.44775709 -0.47951451 0.16299657
v 0.45627238 -0.48847527 0.16945548
v 0.45627238 -0.47951451 0.16299657
v -0.44775709 -0.47951451 0.16299657
v -0.44775709 -0.48847527 0.16945548
v 0.46623100 -0.03036781 0.16945548
v 0.45627238 -0.03036781 0.16299657
v 0.45627238 -0.47951451 0.16299657
v 0.46623100 -0.47951451 0.16945548
v 0.45627238 -0.02139165 0.18400137
v 0.45627238 -0.03036781 0.19046028
v -0.44775709 -0.03036781 0.19045138
v -0.44775709 -0.02139165 0.18400137
v -0.45771571 -0.03036781 0.18400137
v -0.44775709 -0.03036781 0.19045138
v -0.44775709 -0.47951451 0.19045138
v -0.45771571 -0.47951451 0.18400137
v 0.45627238 -0.47951451 0.19046028
v 0.45627238 -0.48847527 0.18400137
v -0.44775709 -0.48847527 0.18400137
v -0.44775709 -0.47951451 0.19045138
v 0.45627238 -0.03036781 0.19046028
v 0.46623100 -0.03036781 0.18400137
v 0.46623100 -0.47951451 0.18400137
v 0.45627238 -0.47951451 0.19046028
v -0.45771571 -0.03036781 0.16945548
v -0.44775709 -0.02139165 0.16945548
v -0.44775709 -0.02139165 0.18400137
v -0.45771571 -0.03036781 0.18400137
v 0.46623100 -0.03036781 0.18400137
v 0.45627238 -0.02139165 0.18400137
v 0.45627238 -0.02139165 0.16945548
v 0.46623100 -0.03036781 0.16945548
v -0.44775709 -0.48847527 0.16945548
v -0.45771571 -0.47951451 0.16945548
v -0.45771571 -0.47951451 0.18400137
v -0.44775709 -0.48847527 0.18400137
v 0.46623100 -0.47951451 0.16945548
v 0.45627238 -0.48847527 0.16945548
v 0.45627238 -0.48847527 0.18400137
v 0.46623100 -0.47951451 0.18400137
v 0.43931516 -0.04562574 0.16299657
v -0.44775709 -0.03036781 0.16299657
v -0.43079987 -0.04562574 0.16299657
v 0.45627238 -0.03036781 0.16299657
v 0.43931516 -0.46424118 0.16299657
v 0.45627238 -0.47951451 0.16299657
v -0.43079987 -0.04562574 0.16299657
v -0.44775709 -0.03036781 0.16299657
v -0.44775709 -0.47951451 0.16299657
v -0.43079987 -0.46424118 0.16299657
v 0.45627238 -0.47951451 0.16299657
v 0.43931516 -0.46424118 0.16299657
v 0.43931516 -0.46424118 -0.09292216
v 0.43931516 -0.04562574 -0.09292216
v -0.43079987 -0.04562574 -0.09292216
v -0.43079987 -0.46424118 -0.09292216
v -0.43079987 -0.46424118 0.16299657
v -0.43079987 -0.46424118 -0.09292216
v -0.43079987 -0.04562574 -0.09292216
v -0.43079987 -0.04562574 0.16299657
v 0.43931516 -0.46424118 0.16299657
v 0.43931516 -0.46424118 -0.09292216
v -0.43079987 -0.46424118 -0.09292216
v -0.43079987 -0.46424118 0.16299657
v 0.43931516 -0.04562574 0.16299657
v 0.43931516 -0.04562574 -0.09292216
v 0.43931516 -0.46424118 -0.09292216
v 0.43931516 -0.46424118 0.16299657
v -0.40070829 -0.04562574 -0.07341199
v -0.40070829 -0.43762063 -0.07341199
v -0.40070829 -0.43762063 0.14348639
v -0.40070829 -0.04562574 0.14348639
v 0.40921160 -0.04562574 0.14348639
v -0.43079987 -0.04562574 0.16299657
v -0.40070829 -0.04562574 0.14348639
v 0.43931516 -0.04562574 0.16299657
v 0.40921160 -0.04562574 -0.07341199
v 0.43931516 -0.04562574 -0.09292216
v -0.40070829 -0.04562574 -0.07341199
v 0.43931516 -0.04562574 -0.09292216
v 0.40921160 -0.04562574 -0.07341199
v -0.43079987 -0.04562574 -0.09292216
v -0.40070829 -0.04562574 0.14348639
v -0.43079987 -0.04562574 0.16299657
v -0.40070829 -0.43762063 0.14348639
v -0.40070829 -0.43762063 -0.07341199
v 0.40921160 -0.43762063 -0.07341199
v 0.40921160 -0.43762063 0.14348639
v -0.40070829 -0.04562574 0.14348639
v -0.40070829 -0.43762063 0.14348639
v 0.40921160 -0.43762063 0.14348639
v 0.40921160 -0.04562574 0.14348639
v 0.40921160 -0.04562574 0.14348639
v 0.40921160 -0.43762063 0.14348639
v 0.40921160 -0.43762063 -0.07341199
v 0.40921160 -0.04562574 -0.07341199
v -0.08456001 -0.19668000 0.23403850
v -0.08486001 -0.19655000 0.20232850
v -0.08487001 -0.19654000 0.23399850
v -0.08455001 -0.19668000 0.20232850
v -0.08455001 -0.19655000 0.20200850
v -0.08481001 -0.19649000 0.20206850
v 0.09255999 -0.19655000 0.20200850
v 0.09257999 -0.19668000 0.23403850
v -0.08456001 -0.19655000 0.23433850
v 0.09256999 -0.19655000 0.23434850
v 0.09255999 -0.19668000 0.20232850
v 0.09287999 -0.19654000 0.23399850
v 0.09286999 -0.19655000 0.20232850
v 0.09281999 -0.19649000 0.20206850
v -0.08456001 -0.19624000 0.23446850
v 0.09256999 -0.19655000 0.23434850
v -0.08456001 -0.19655000 0.23433850
v 0.09256999 -0.19624000 0.23446850
v 0.09255999 -0.17482000 0.23446850
v -0.08455001 -0.17482000 0.23446850
v -0.08487001 -0.19591000 0.23434850
v -0.08486001 -0.17482000 0.23433850
v -0.08455001 -0.17451000 0.23433850
v -0.08481001 -0.17456000 0.23427850
v 0.09255999 -0.17451000 0.23433850
v 0.09286999 -0.17482000 0.23433850
v 0.09287999 -0.19591000 0.23434850
v 0.09281999 -0.17456000 0.23427850
v -0.08455001 -0.18941000 0.23085850
v -0.08486001 -0.17482000 0.23098850
v -0.08487001 -0.18958000 0.23099850
v -0.08455001 -0.17482000 0.23085850
v -0.08455001 -0.17451000 0.23098850
v -0.08481001 -0.17456000 0.23104850
v 0.09255999 -0.17451000 0.23098850
v 0.09255999 -0.18941000 0.23085850
v -0.08456001 -0.18972000 0.23072850
v 0.09255999 -0.18972000 0.23072850
v 0.09255999 -0.17482000 0.23085850
v 0.09287999 -0.18958000 0.23099850
v 0.09286999 -0.17482000 0.23098850
v 0.09281999 -0.17456000 0.23104850
v -0.08456001 -0.19655000 0.23433850
v -0.08487001 -0.19591000 0.23434850
v -0.08456001 -0.19624000 0.23446850
v -0.08487001 -0.19636000 0.23423850
v -0.08487001 -0.19654000 0.23399850
v -0.08456001 -0.19668000 0.23403850
v -0.08499001 -0.19590000 0.23396850
v -0.08499001 -0.19514000 0.23401850
v -0.08486001 -0.17482000 0.23433850
v -0.08499001 -0.19622000 0.23385850
v -0.08499001 -0.19623000 0.20232850
v -0.08486001 -0.19655000 0.20232850
v -0.08486001 -0.19623000 0.20200850
v -0.08481001 -0.19649000 0.20206850
v -0.08499001 -0.19030000 0.20232850
v -0.08486001 -0.19030000 0.20200850
v -0.08499001 -0.19032000 0.23072850
v -0.08486001 -0.18998000 0.20232850
v -0.08481001 -0.19004000 0.20206850
v -0.08487001 -0.18999000 0.23052850
v -0.08499001 -0.19023000 0.23111850
v -0.08487001 -0.18986000 0.23085850
v -0.08499001 -0.19001000 0.23127850
v -0.08487001 -0.18958000 0.23099850
v -0.08456001 -0.18972000 0.23072850
v -0.08455001 -0.18941000 0.23085850
v -0.08499001 -0.17482000 0.23129850
v -0.08486001 -0.17482000 0.23098850
v -0.08499001 -0.17482000 0.23402850
v -0.08486001 -0.17451000 0.23129850
v -0.08481001 -0.17456000 0.23104850
v -0.08486001 -0.17451000 0.23402850
v -0.08481001 -0.17456000 0.23427850
v 0.09287999 -0.19591000 0.23434850
v 0.09256999 -0.19655000 0.23434850
v 0.09256999 -0.19624000 0.23446850
v 0.09287999 -0.19636000 0.23423850
v 0.09287999 -0.19654000 0.23399850
v 0.09257999 -0.19668000 0.23403850
v 0.09299999 -0.19591000 0.23397850
v 0.09299999 -0.19623000 0.23386850
v 0.09286999 -0.19655000 0.20232850
v 0.09299999 -0.19514000 0.23401850
v 0.09299999 -0.17482000 0.23402850
v 0.09286999 -0.17482000 0.23433850
v 0.09286999 -0.17451000 0.23402850
v 0.09281999 -0.17456000 0.23427850
v 0.09299999 -0.17482000 0.23129850
v 0.09286999 -0.17451000 0.23129850
v 0.09299999 -0.19001000 0.23127850
v 0.09286999 -0.17482000 0.23098850
v 0.09281999 -0.17456000 0.23104850
v 0.09287999 -0.18958000 0.23099850
v 0.09299999 -0.19023000 0.23111850
v 0.09299999 -0.19032000 0.23072850
v 0.09287999 -0.18986000 0.23085850
v 0.09255999 -0.18972000 0.23072850
v 0.09255999 -0.18941000 0.23085850
v 0.09287999 -0.18999000 0.23051850
v 0.09299999 -0.19030000 0.20232850
v 0.09286999 -0.18998000 0.20232850
v 0.09299999 -0.19623000 0.20232850
v 0.09286999 -0.19030000 0.20200850
v 0.09281999 -0.19004000 0.20206850
v 0.09286999 -0.19623000 0.20200850
v 0.09281999 -0.19649000 0.20206850
v -0.08456001 -0.18972000 0.23072850
v -0.08487001 -0.18986000 0.23085850
v -0.08487001 -0.18999000 0.23052850
v -0.08457001 -0.18985000 0.23042850
v 0.09255999 -0.18972000 0.23072850
v -0.08455001 -0.18985000 0.20232850
v -0.08486001 -0.18998000 0.20232850
v -0.08455001 -0.18998000 0.20200850
v -0.08481001 -0.19004000 0.20206850
v 0.09255999 -0.18985000 0.20232850
v 0.09255999 -0.18998000 0.20200850
v 0.09256999 -0.18985000 0.23041850
v 0.09286999 -0.18998000 0.20232850
v 0.09281999 -0.19004000 0.20206850
v 0.09287999 -0.18999000 0.23051850
v 0.09287999 -0.18986000 0.23085850
v -0.08455001 -0.18998000 0.20200850
v -0.08481001 -0.19004000 0.20206850
v -0.08486001 -0.19030000 0.20200850
v -0.08455001 -0.19030000 0.20187850
v 0.09255999 -0.18998000 0.20200850
v -0.08486001 -0.19623000 0.20200850
v 0.09255999 -0.19030000 0.20187850
v 0.09286999 -0.19030000 0.20200850
v 0.09281999 -0.19004000 0.20206850
v 0.09286999 -0.19623000 0.20200850
v 0.09255999 -0.19623000 0.20187850
v -0.08455001 -0.19623000 0.20187850
v -0.08455001 -0.19655000 0.20200850
v -0.08481001 -0.19649000 0.20206850
v 0.09255999 -0.19655000 0.20200850
v 0.09281999 -0.19649000 0.20206850
v -0.08486001 -0.17451000 0.23129850
v -0.08481001 -0.17456000 0.23104850
v -0.08455001 -0.17451000 0.23098850
v -0.08455001 -0.17438000 0.23129850
v -0.08486001 -0.17451000 0.23402850
v 0.09255999 -0.17438000 0.23129850
v 0.09255999 -0.17451000 0.23098850
v -0.08455001 -0.17438000 0.23402850
v 0.09286999 -0.17451000 0.23129850
v 0.09281999 -0.17456000 0.23104850
v 0.09255999 -0.17438000 0.23402850
v 0.09286999 -0.17451000 0.23402850
v 0.09255999 -0.17451000 0.23433850
v 0.09281999 -0.17456000 0.23427850
v -0.08455001 -0.17451000 0.23433850
v -0.08481001 -0.17456000 0.23427850
v -0.44775709 -0.50873148 0.17123468
v -0.45771571 -0.51770764 0.17123468
v -0.44775709 -0.51770764 0.16477577
v 0.45627238 -0.50873148 0.17123468
v 0.45627238 -0.51770764 0.16477577
v 0.46623100 -0.51770764 0.17123468
v -0.45771571 -0.96685433 0.17123468
v -0.44775709 -0.97581510 0.17123468
v -0.44775709 -0.96685433 0.16477577
v 0.45627238 -0.97581510 0.17123468
v 0.46623100 -0.96685433 0.17123468
v 0.45627238 -0.96685433 0.16477577
v 0.45627238 -0.50873148 0.18578057
v 0.46623100 -0.51770764 0.18578057
v 0.45627238 -0.51770764 0.19223058
v -0.44775709 -0.50873148 0.18577167
v -0.44775709 -0.51770764 0.19223058
v -0.45771571 -0.51770764 0.18577167
v -0.45771571 -0.96685433 0.18577167
v -0.44775709 -0.96685433 0.19223058
v -0.44775709 -0.97581510 0.18577167
v 0.45627238 -0.97581510 0.18578057
v 0.45627238 -0.96685433 0.19223058
v 0.46623100 -0.96685433 0.18578057
v 0.39999598 -0.95539934 0.19448142
v -0.39698130 -0.95539934 0.19447252
v -0.39698130 -0.51994013 0.19447252
v 0.39999598 -0.51994013 0.19448142
v -0.45771571 -0.51770764 0.17123468
v -0.45771571 -0.51770764 0.18577167
v -0.45771571 -0.96685433 0.18577167
v -0.45771571 -0.96685433 0.17123468
v 0.46623100 -0.96685433 0.17123468
v 0.46623100 -0.96685433 0.18578057
v 0.46623100 -0.51770764 0.18578057
v 0.46623100 -0.51770764 0.17123468
v 0.45627238 -0.96685433 0.19223058
v -0.44775709 -0.96685433 0.19223058
v -0.44775709 -0.51770764 0.19223058
v 0.45627238 -0.51770764 0.19223058
v 0.45627238 -0.50873148 0.17123468
v 0.45627238 -0.50873148 0.18578057
v -0.44775709 -0.50873148 0.18577167
v -0.44775709 -0.50873148 0.17123468
v 0.40921160 -0.53298096 -0.07162389
v 0.40921160 -0.92496046 -0.07162389
v -0.40070829 -0.92496046 -0.07163279
v -0.40070829 -0.53298096 -0.07163279
v -0.44775709 -0.97581510 0.17123468
v -0.44775709 -0.97581510 0.18577167
v 0.45627238 -0.97581510 0.18578057
v 0.45627238 -0.97581510 0.17123468
v 0.45627238 -0.51770764 0.16477577
v 0.45627238 -0.50873148 0.17123468
v -0.44775709 -0.50873148 0.17123468
v -0.44775709 -0.51770764 0.16477577
v -0.44775709 -0.51770764 0.16477577
v -0.45771571 -0.51770764 0.17123468
v -0.45771571 -0.96685433 0.17123468
v -0.44775709 -0.96685433 0.16477577
v 0.45627238 -0.97581510 0.17123468
v 0.45627238 -0.96685433 0.16477577
v -0.44775709 -0.96685433 0.16477577
v -0.44775709 -0.97581510 0.17123468
v 0.46623100 -0.51770764 0.17123468
v 0.45627238 -0.51770764 0.16477577
v 0.45627238 -0.96685433 0.16477577
v 0.46623100 -0.96685433 0.17123468
v 0.45627238 -0.50873148 0.18578057
v 0.45627238 -0.51770764 0.19223058
v -0.44775709 -0.51770764 0.19223058
v -0.44775709 -0.50873148 0.18577167
v -0.45771571 -0.51770764 0.18577167
v -0.44775709 -0.51770764 0.19223058
v -0.44775709 -0.96685433 0.19223058
v -0.45771571 -0.96685433 0.18577167
v 0.45627238 -0.96685433 0.19223058
v 0.45627238 -0.97581510 0.18578057
v -0.44775709 -0.97581510 0.18577167
v -0.44775709 -0.96685433 0.19223058
v 0.45627238 -0.51770764 0.19223058
v 0.46623100 -0.51770764 0.18578057
v 0.46623100 -0.96685433 0.18578057
v 0.45627238 -0.96685433 0.19223058
v -0.45771571 -0.51770764 0.17123468
v -0.44775709 -0.50873148 0.17123468
v -0.44775709 -0.50873148 0.18577167
v -0.45771571 -0.51770764 0.18577167
v 0.46623100 -0.51770764 0.18578057
v 0.45627238 -0.50873148 0.18578057
v 0.45627238 -0.50873148 0.17123468
v 0.46623100 -0.51770764 0.17123468
v -0.44775709 -0.97581510 0.17123468
v -0.45771571 -0.96685433 0.17123468
v -0.45771571 -0.96685433 0.18577167
v -0.44775709 -0.97581510 0.18577167
v 0.46623100 -0.96685433 0.17123468
v 0.45627238 -0.97581510 0.17123468
v 0.45627238 -0.97581510 0.18578057
v 0.46623100 -0.96685433 0.18578057
v 0.43931516 -0.53298096 0.16477577
v -0.44775709 -0.51770764 0.16477577
v -0.43079987 -0.53298096 0.16477577
v 0.45627238 -0.51770764 0.16477577
v 0.43931516 -0.95158100 0.16477577
v 0.45627238 -0.96685433 0.16477577
v -0.43079987 -0.53298096 0.16477577
v -0.44775709 -0.51770764 0.16477577
v -0.44775709 -0.96685433 0.16477577
v -0.43079987 -0.95158100 0.16477577
v 0.45627238 -0.96685433 0.16477577
v 0.43931516 -0.95158100 0.16477577
v 0.43931516 -0.95158100 -0.09114296
v 0.43931516 -0.53298096 -0.09114296
v -0.43079987 -0.53298096 -0.09114296
v -0.43079987 -0.95158100 -0.09114296
v -0.43079987 -0.95158100 0.16477577
v -0.43079987 -0.95158100 -0.09114296
v -0.43079987 -0.53298096 -0.09114296
v -0.43079987 -0.53298096 0.16477577
v 0.43931516 -0.95158100 0.16477577
v 0.43931516 -0.95158100 -0.09114296
v -0.43079987 -0.95158100 -0.09114296
v -0.43079987 -0.95158100 0.16477577
v 0.43931516 -0.53298096 0.16477577
v 0.43931516 -0.53298096 -0.09114296
v 0.43931516 -0.95158100 -0.09114296
v 0.43931516 -0.95158100 0.16477577
v -0.40070829 -0.53298096 -0.07163279
v -0.40070829 -0.92496046 -0.07163279
v -0.40070829 -0.92496046 0.14526559
v -0.40070829 -0.53298096 0.14526559
v 0.40921160 -0.53298096 0.14526559
v -0.43079987 -0.53298096 0.16477577
v -0.40070829 -0.53298096 0.14526559
v 0.43931516 -0.53298096 0.16477577
v 0.40921160 -0.53298096 -0.07162389
v 0.43931516 -0.53298096 -0.09114296
v -0.40070829 -0.53298096 -0.07163279
v 0.43931516 -0.53298096 -0.09114296
v 0.40921160 -0.53298096 -0.07162389
v -0.43079987 -0.53298096 -0.09114296
v -0.40070829 -0.53298096 0.14526559
v -0.43079987 -0.53298096 0.16477577
v -0.40070829 -0.92496046 0.14526559
v -0.40070829 -0.92496046 -0.07163279
v 0.40921160 -0.92496046 -0.07162389
v 0.40921160 -0.92496046 0.14526559
v -0.40070829 -0.53298096 0.14526559
v -0.40070829 -0.92496046 0.14526559
v 0.40921160 -0.92496046 0.14526559
v 0.40921160 -0.53298096 0.14526559
v 0.40921160 -0.53298096 0.14526559
v 0.40921160 -0.92496046 0.14526559
v 0.40921160 -0.92496046 -0.07162389
v 0.40921160 -0.53298096 -0.07162389
v -0.08456001 -0.68325000 0.23581770
v -0.08486001 -0.68312000 0.20410770
v -0.08487001 -0.68311000 0.23577770
v -0.08455001 -0.68325000 0.20410770
v -0.08455001 -0.68312000 0.20378770
v -0.08481001 -0.68306000 0.20384770
v 0.09255999 -0.68312000 0.20378770
v 0.09257999 -0.68325000 0.23581770
v -0.08456001 -0.68312000 0.23611770
v 0.09256999 -0.68312000 0.23612770
v 0.09255999 -0.68325000 0.20410770
v 0.09287999 -0.68311000 0.23577770
v 0.09286999 -0.68312000 0.20410770
v 0.09281999 -0.68306000 0.20384770
v -0.08456001 -0.68281000 0.23624770
v 0.09256999 -0.68312000 0.23612770
v -0.08456001 -0.68312000 0.23611770
v 0.09256999 -0.68281000 0.23624770
v 0.09255999 -0.66139000 0.23624770
v -0.08455001 -0.66139000 0.23624770
v -0.08487001 -0.68248000 0.23612770
v -0.08486001 -0.66139000 0.23611770
v -0.08455001 -0.66108000 0.23611770
v -0.08481001 -0.66113000 0.23605770
v 0.09255999 -0.66108000 0.23611770
v 0.09286999 -0.66139000 0.23611770
v 0.09287999 -0.68248000 0.23612770
v 0.09281999 -0.66113000 0.23605770
v -0.08455001 -0.67598000 0.23263770
v -0.08486001 -0.66139000 0.23276770
v -0.08487001 -0.67615000 0.23277770
v -0.08455001 -0.66139000 0.23263770
v -0.08455001 -0.66108000 0.23276770
v -0.08481001 -0.66113000 0.23282770
v 0.09255999 -0.66108000 0.23276770
v 0.09255999 -0.67598000 0.23263770
v -0.08456001 -0.67629000 0.23250770
v 0.09255999 -0.67629000 0.23250770
v 0.09255999 -0.66139000 0.23263770
v 0.09287999 -0.67615000 0.23277770
v 0.09286999 -0.66139000 0.23276770
v 0.09281999 -0.66113000 0.23282770
v -0.08456001 -0.68312000 0.23611770
v -0.08487001 -0.68248000 0.23612770
v -0.08456001 -0.68281000 0.23624770
v -0.08487001 -0.68293000 0.23601770
v -0.08487001 -0.68311000 0.23577770
v -0.08456001 -0.68325000 0.23581770
v -0.08499001 -0.68247000 0.23574770
v -0.08499001 -0.68171000 0.23579770
v -0.08486001 -0.66139000 0.23611770
v -0.08499001 -0.68279000 0.23563770
v -0.08499001 -0.68280000 0.20410770
v -0.08486001 -0.68312000 0.20410770
v -0.08486001 -0.68280000 0.20378770
v -0.08481001 -0.68306000 0.20384770
v -0.08499001 -0.67687000 0.20410770
v -0.08486001 -0.67687000 0.20378770
v -0.08499001 -0.67689000 0.23250770
v -0.08486001 -0.67655000 0.20410770
v -0.08481001 -0.67661000 0.20384770
v -0.08487001 -0.67656000 0.23230770
v -0.08499001 -0.67680000 0.23289770
v -0.08487001 -0.67643000 0.23263770
v -0.08499001 -0.67658000 0.23305770
v -0.08487001 -0.67615000 0.23277770
v -0.08456001 -0.67629000 0.23250770
v -0.08455001 -0.67598000 0.23263770
v -0.08499001 -0.66139000 0.23307770
v -0.08486001 -0.66139000 0.23276770
v -0.08499001 -0.66139000 0.23580770
v -0.08486001 -0.66108000 0.23307770
v -0.08481001 -0.66113000 0.23282770
v -0.08486001 -0.66108000 0.23580770
v -0.08481001 -0.66113000 0.23605770
v 0.09287999 -0.68248000 0.23612770
v 0.09256999 -0.68312000 0.23612770
v 0.09256999 -0.68281000 0.23624770
v 0.09287999 -0.68293000 0.23601770
v 0.09287999 -0.68311000 0.23577770
v 0.09257999 -0.68325000 0.23581770
v 0.09299999 -0.68248000 0.23575770
v 0.09299999 -0.68280000 0.23564770
v 0.09286999 -0.68312000 0.20410770
v 0.09299999 -0.68171000 0.23579770
v 0.09299999 -0.66139000 0.23580770
v 0.09286999 -0.66139000 0.23611770
v 0.09286999 -0.66108000 0.23580770
v 0.09281999 -0.66113000 0.23605770
v 0.09299999 -0.66139000 0.23307770
v 0.09286999 -0.66108000 0.23307770
v 0.09299999 -0.67658000 0.23305770
v 0.09286999 -0.66139000 0.23276770
v 0.09281999 -0.66113000 0.23282770
v 0.09287999 -0.67615000 0.23277770
v 0.09299999 -0.67680000 0.23289770
v 0.09299999 -0.67689000 0.23250770
v 0.09287999 -0.67643000 0.23263770
v 0.09255999 -0.67629000 0.23250770
v 0.09255999 -0.67598000 0.23263770
v 0.09287999 -0.67656000 0.23229770
v 0.09299999 -0.67687000 0.20410770
v 0.09286999 -0.67655000 0.20410770
v 0.09299999 -0.68280000 0.20410770
v 0.09286999 -0.67687000 0.20378770
v 0.09281999 -0.67661000 0.20384770
v 0.09286999 -0.68280000 0.20378770
v 0.09281999 -0.68306000 0.20384770
v -0.08456001 -0.67629000 0.23250770
v -0.08487001 -0.67643000 0.23263770
v -0.08487001 -0.67656000 0.23230770
v -0.08457001 -0.67642000 0.23220770
v 0.09255999 -0.67629000 0.23250770
v -0.08455001 -0.67642000 0.20410770
v -0.08486001 -0.67655000 0.20410770
v -0.08455001 -0.67655000 0.20378770
v -0.08481001 -0.67661000 0.20384770
v 0.09255999 -0.67642000 0.20410770
v 0.09255999 -0.67655000 0.20378770
v 0.09256999 -0.67642000 0.23219770
v 0.09286999 -0.67655000 0.20410770
v 0.09281999 -0.67661000 0.20384770
v 0.09287999 -0.67656000 0.23229770
v 0.09287999 -0.67643000 0.23263770
v -0.08455001 -0.67655000 0.20378770
v -0.08481001 -0.67661000 0.20384770
v -0.08486001 -0.67687000 0.20378770
v -0.08455001 -0.67687000 0.20365770
v 0.09255999 -0.67655000 0.20378770
v -0.08486001 -0.68280000 0.20378770
v 0.09255999 -0.67687000 0.20365770
v 0.09286999 -0.67687000 0.20378770
v 0.09281999 -0.67661000 0.20384770
v 0.09286999 -0.68280000 0.20378770
v 0.09255999 -0.68280000 0.20365770
v -0.08455001 -0.68280000 0.20365770
v -0.08455001 -0.68312000 0.20378770
v -0.08481001 -0.68306000 0.20384770
v 0.09255999 -0.68312000 0.20378770
v 0.09281999 -0.68306000 0.20384770
v -0.08486001 -0.66108000 0.23307770
v -0.08481001 -0.66113000 0.23282770
v -0.08455001 -0.66108000 0.23276770
v -0.08455001 -0.66095000 0.23307770
v -0.08486001 -0.66108000 0.23580770
v 0.09255999 -0.66095000 0.23307770
v 0.09255999 -0.66108000 0.23276770
v -0.08455001 -0.66095000 0.23580770
v 0.09286999 -0.66108000 0.23307770
v 0.09281999 -0.66113000 0.23282770
v 0.09255999 -0.66095000 0.23580770
v 0.09286999 -0.66108000 0.23580770
v 0.09255999 -0.66108000 0.23611770
v 0.09281999 -0.66113000 0.23605770
v -0.08455001 -0.66108000 0.23611770
v -0.08481001 -0.66113000 0.23605770
vn -0.60430566 -0.40129311 0.68831570
vn -0.60430566 -0.40129311 0.68831570
vn -0.60430566 -0.40129311 0.68831570
vn -0.60433944 0.40129438 0.68828531
vn -0.60433944 0.40129438 0.68828531
vn -0.60433944 0.40129438 0.68828531
vn -0.60430176 -0.40130649 -0.68831132
vn -0.60430176 -0.40130649 -0.68831132
vn -0.60430173 -0.40130661 -0.68831129
vn -0.60434876 0.40128864 -0.68828047
vn -0.60434886 0.40128864 -0.68828038
vn -0.60434876 0.40128864 -0.68828047
vn 0.60431843 -0.40130243 0.68829906
vn 0.60431843 -0.40130243 0.68829906
vn 0.60431843 -0.40130243 0.68829906
vn 0.60435171 0.40130560 0.68826799
vn 0.60435171 0.40130560 0.68826799
vn 0.60435171 0.40130560 0.68826799
vn 0.60431919 -0.40129986 -0.68829989
vn 0.60431919 -0.40129986 -0.68829989
vn 0.60431919 -0.40129986 -0.68829989
vn 0.60441332 0.40126383 -0.68823825
vn 0.60441332 0.40126383 -0.68823825
vn 0.60441338 0.40126380 -0.68823820
vn -0.00000308 -0.00001159 1.00000000
vn -0.00000156 -0.00001159 1.00000000
vn -0.00000161 -0.00001159 1.00000000
vn -0.00000313 -0.00001159 1.00000000
vn 1.00000000 -0.00000109 0.00000140
vn 1.00000000 0.00000000 0.00000140
vn 1.00000000 0.00000000 0.00000140
vn 1.00000000 -0.00000118 0.00000140
vn 0.00000000 1.00000000 0.00000013
vn 0.00000000 1.00000000 0.00000040
vn 0.00000000 1.00000000 -0.00000056
vn 0.00000000 1.00000000 -0.00000083
vn -1.00000000 0.00000000 -0.00000145
vn -1.00000000 0.00000000 -0.00000145
vn -1.00000000 0.00000000 -0.00000145
vn -1.00000000 0.00000000 -0.00000145
vn 0.00000237 0.00000033 -1.00000000
vn 0.00000313 0.00001159 -1.00000000
vn 0.00000311 0.00001126 -1.00000000
vn 0.00000234 0.00000000 -1.00000000
vn -0.83307107 -0.55316597 -0.00000112
vn -0.83307099 -0.55316610 -0.00000111
vn -0.83307727 -0.55315664 -0.00000139
vn -0.83307744 -0.55315639 -0.00000140
vn -0.65975074 -0.00000912 0.75148450
vn -0.65973361 -0.00000932 0.75149954
vn -0.65987053 -0.00000766 0.75137932
vn -0.65988770 -0.00000746 0.75136425
vn -0.83307763 0.55315609 -0.00000140
vn -0.83307786 0.55315575 -0.00000140
vn -0.83307076 0.55316644 -0.00000194
vn -0.83307056 0.55316674 -0.00000195
vn -0.65973758 0.00000000 -0.75149606
vn -0.65972642 0.00000000 -0.75150585
vn -0.65981566 0.00000000 -0.75142751
vn -0.65982692 0.00000000 -0.75141762
vn 0.00000299 -0.50368472 -0.86388755
vn 0.00000301 -0.50368487 -0.86388747
vn 0.00000122 -0.50367090 -0.86389561
vn 0.00000120 -0.50367086 -0.86389563
vn 0.00000239 0.50367075 -0.86389570
vn 0.00000240 0.50367086 -0.86389563
vn 0.00000181 0.50366379 -0.86389976
vn 0.00000180 0.50366379 -0.86389976
vn 0.65978180 0.00000839 -0.75145724
vn 0.65978738 0.00000839 -0.75145233
vn 0.65974383 0.00000839 -0.75149057
vn 0.65973831 0.00000839 -0.75149542
vn 0.83307695 -0.55315711 0.00000139
vn 0.83307695 -0.55315711 0.00000140
vn 0.83307616 -0.55315830 0.00000112
vn 0.83307616 -0.55315830 0.00000111
vn 0.83307865 0.55315455 0.00000111
vn 0.83307857 0.55315468 0.00000111
vn 0.83308216 0.55314927 0.00000084
vn 0.83308227 0.55314910 0.00000084
vn 0.65983355 -0.00000093 0.75141180
vn 0.65983874 0.00000000 0.75140724
vn 0.65979725 -0.00000746 0.75144367
vn 0.65979201 -0.00000839 0.75144827
vn -0.00000299 -0.50366390 0.86389969
vn -0.00000301 -0.50366379 0.86389976
vn -0.00000122 -0.50367079 0.86389567
vn -0.00000120 -0.50367090 0.86389561
vn -0.00000181 0.50369745 0.86388013
vn -0.00000180 0.50369745 0.86388013
vn -0.00000239 0.50369049 0.86388419
vn -0.00000240 0.50369049 0.86388419
vn 0.00000020 -1.00000000 -0.00000008
vn 0.00000026 -1.00000000 -0.00000022
vn 0.00000000 -1.00000000 0.00000028
vn 0.00000000 -1.00000000 0.00000042
vn 0.17039272 -0.96608387 0.19403164
vn 0.17039272 -0.96608387 0.19403164
vn 0.17039272 -0.96608387 0.19403164
vn 0.17040278 0.96607171 0.19408336
vn 0.17040278 0.96607172 0.19408330
vn 0.17040278 0.96607172 0.19408330
vn 0.17037784 -0.96609171 -0.19400569
vn 0.17037784 -0.96609171 -0.19400569
vn 0.17037784 -0.96609171 -0.19400569
vn 0.17041237 0.96608777 -0.19399495
vn 0.17041237 0.96608777 -0.19399495
vn 0.17041237 0.96608777 -0.19399495
vn -0.17038494 -0.96608576 0.19402908
vn -0.17038494 -0.96608577 0.19402901
vn -0.17038494 -0.96608577 0.19402901
vn -0.17043319 0.96606745 0.19407786
vn -0.17043319 0.96606745 0.19407786
vn -0.17043319 0.96606746 0.19407780
vn -0.17037796 -0.96609264 -0.19400094
vn -0.17037803 -0.96609261 -0.19400100
vn -0.17037796 -0.96609263 -0.19400100
vn -0.17039334 0.96608741 -0.19401345
vn -0.17039334 0.96608742 -0.19401339
vn -0.17039334 0.96608742 -0.19401339
vn 0.17035510 -0.96609288 0.19401979
vn 0.17035510 -0.96609288 0.19401979
vn 0.17035510 -0.96609287 0.19401986
vn 0.17037061 0.96608858 0.19402758
vn 0.17037061 0.96608858 0.19402758
vn 0.17037061 0.96608858 0.19402758
vn 0.17035901 -0.96609235 -0.19401903
vn 0.17035901 -0.96609235 -0.19401903
vn 0.17035901 -0.96609235 -0.19401903
vn 0.17038197 0.96609203 -0.19400047
vn 0.17038197 0.96609203 -0.19400047
vn 0.17038197 0.96609203 -0.19400047
vn -0.17035903 -0.96609226 0.19401946
vn -0.17035903 -0.96609226 0.19401946
vn -0.17035903 -0.96609226 0.19401946
vn -0.17039334 0.96608741 0.19401345
vn -0.17039334 0.96608742 0.19401339
vn -0.17039334 0.96608741 0.19401345
vn -0.17040452 -0.96608132 -0.19403396
vn -0.17040452 -0.96608132 -0.19403396
vn -0.17040452 -0.96608132 -0.19403396
vn -0.17039334 0.96608742 -0.19401339
vn -0.17039334 0.96608742 -0.19401339
vn -0.17039334 0.96608742 -0.19401339
vn -0.17037996 -0.96608622 0.19403115
vn -0.17037996 -0.96608622 0.19403115
vn -0.17037996 -0.96608622 0.19403115
vn -0.17037908 0.96608132 0.19405632
vn -0.17037908 0.96608132 0.19405632
vn -0.17037908 0.96608132 0.19405632
vn -0.17034713 -0.96609419 -0.19402030
vn -0.17034719 -0.96609418 -0.19402028
vn -0.17034711 -0.96609419 -0.19402028
vn -0.17040190 0.96609200 -0.19398308
vn -0.17040190 0.96609200 -0.19398308
vn -0.17040191 0.96609201 -0.19398302
vn 0.17038473 -0.96608460 0.19403503
vn 0.17038474 -0.96608461 0.19403497
vn 0.17038473 -0.96608460 0.19403503
vn 0.17035904 0.96606950 0.19413275
vn 0.17035912 0.96606947 0.19413281
vn 0.17035904 0.96606948 0.19413281
vn 0.17036999 -0.96609363 -0.19400300
vn 0.17037006 -0.96609361 -0.19400306
vn 0.17037006 -0.96609361 -0.19400306
vn 0.17030417 0.96611933 -0.19393282
vn 0.17030417 0.96611933 -0.19393282
vn 0.17030417 0.96611931 -0.19393289
vn -0.17033362 -0.96609966 0.19400488
vn -0.17033362 -0.96609966 0.19400488
vn -0.17033362 -0.96609966 0.19400488
vn -0.17038001 0.96608094 0.19405738
vn -0.17038001 0.96608094 0.19405738
vn -0.17038001 0.96608094 0.19405738
vn -0.17036042 -0.96608871 -0.19403588
vn -0.17036042 -0.96608871 -0.19403588
vn -0.17036041 -0.96608872 -0.19403586
vn -0.17041328 0.96607553 -0.19405512
vn -0.17041328 0.96607553 -0.19405512
vn -0.17041328 0.96607553 -0.19405512
vn 0.17035106 -0.96609325 0.19402151
vn 0.17035106 -0.96609325 0.19402151
vn 0.17035106 -0.96609325 0.19402151
vn 0.17039708 0.96607403 0.19407680
vn 0.17039708 0.96607403 0.19407680
vn 0.17039708 0.96607403 0.19407680
vn 0.17035108 -0.96609347 -0.19402039
vn 0.17035108 -0.96609347 -0.19402039
vn 0.17035108 -0.96609347 -0.19402039
vn 0.17040277 0.96607977 -0.19404323
vn 0.17040277 0.96607976 -0.19404330
vn 0.17040276 0.96607978 -0.19404321
vn 1.00000000 0.00000000 0.00000329
vn 1.00000000 0.00000000 0.00000329
vn 1.00000000 0.00000000 0.00000329
vn 1.00000000 0.00000000 0.00000329
vn 0.00000000 0.00000036 1.00000000
vn 0.00000000 0.00000036 1.00000000
vn 0.00000000 0.00000036 1.00000000
vn 0.00000000 0.00000036 1.00000000
vn -1.00000000 0.00000000 -0.00000412
vn -1.00000000 0.00000000 -0.00000412
vn -1.00000000 0.00000000 -0.00000412
vn -1.00000000 0.00000000 -0.00000412
vn 0.00000000 -1.00000000 -0.00000051
vn 0.00000000 -1.00000000 -0.00000053
vn 0.00000000 -1.00000000 -0.00000052
vn 0.00000000 -1.00000000 -0.00000050
vn 0.00000000 1.00000000 -0.00000249
vn 0.00000000 1.00000000 -0.00000675
vn 0.00000000 1.00000000 -0.00000426
vn 0.00000000 1.00000000 0.00000000
vn 0.00000000 0.00000000 -1.00000000
vn 0.00000000 0.00000000 -1.00000000
vn 0.00000000 0.00000000 -1.00000000
vn 0.00000000 0.00000000 -1.00000000
vn 0.17367146 -0.98480365 -0.00000023
vn 0.17367049 -0.98480382 -0.00000035
vn 0.17368185 -0.98480182 0.00000118
vn 0.17368279 -0.98480165 0.00000131
vn 0.65985424 0.00000022 0.75139362
vn 0.65985442 0.00000022 0.75139347
vn 0.65979273 0.00000000 0.75144764
vn 0.65979258 0.00000000 0.75144777
vn 0.17370951 0.98479694 -0.00000470
vn 0.17371013 0.98479683 -0.00000531
vn 0.17370208 0.98479825 0.00000204
vn 0.17370147 0.98479836 0.00000266
vn 0.65983250 0.00000000 -0.75141271
vn 0.65983222 0.00000000 -0.75141296
vn 0.65990861 0.00000000 -0.75134588
vn 0.65990878 0.00000000 -0.75134573
vn 0.00000000 -0.98042726 -0.19688166
vn 0.00000000 -0.98042726 -0.19688166
vn 0.00000000 -0.98042731 -0.19688141
vn 0.00000000 -0.98042731 -0.19688141
vn 0.00000000 0.98042186 -0.19690854
vn 0.00000000 0.98042144 -0.19691064
vn 0.00000000 0.98043204 -0.19685785
vn 0.00000000 0.98043246 -0.19685577
vn -0.65984147 -0.00000028 -0.75140484
vn -0.65984142 -0.00000029 -0.75140488
vn -0.65985530 0.00000000 -0.75139269
vn -0.65985530 0.00000000 -0.75139269
vn -0.17367972 -0.98480219 -0.00000046
vn -0.17367996 -0.98480215 -0.00000050
vn -0.17367650 -0.98480276 0.00000000
vn -0.17367618 -0.98480281 0.00000000
vn -0.17370713 0.98479736 -0.00000041
vn -0.17370730 0.98479733 0.00000000
vn -0.17370454 0.98479781 -0.00000490
vn -0.17370422 0.98479787 -0.00000531
vn -0.65984309 0.00000022 0.75140342
vn -0.65984309 0.00000022 0.75140342
vn -0.65984305 0.00000029 0.75140346
vn -0.65984298 0.00000029 0.75140351
vn 0.00000000 -0.98042120 0.19691182
vn 0.00000000 -0.98042120 0.19691182
vn 0.00000000 -0.98042108 0.19691245
vn 0.00000000 -0.98042108 0.19691245
vn 0.00000000 0.98041462 0.19694457
vn 0.00000000 0.98041462 0.19694457
vn 0.00000000 0.98041462 0.19694457
vn 0.00000000 0.98041462 0.19694457
vn 1.00000000 0.00000000 0.00000082
vn 1.00000000 0.00000000 0.00000082
vn 1.00000000 0.00000000 0.00000082
vn 1.00000000 0.00000000 0.00000082
vn 0.00000000 0.00000036 1.00000000
vn 0.00000000 0.00000036 1.00000000
vn 0.00000000 0.00000036 1.00000000
vn 0.00000000 0.00000036 1.00000000
vn -1.00000000 0.00000000 0.00000000
vn -1.00000000 0.00000000 0.00000000
vn -1.00000000 0.00000000 0.00000000
vn -1.00000000 0.00000000 0.00000000
vn 0.00000000 -1.00000000 0.00000074
vn 0.00000000 -1.00000000 0.00000074
vn 0.00000000 -1.00000000 0.00000074
vn 0.00000000 -1.00000000 0.00000074
vn 0.00000000 1.00000000 -0.00000426
vn 0.00000000 1.00000000 0.00000000
vn 0.00000000 1.00000000 -0.00000249
vn 0.00000000 1.00000000 -0.00000675
vn 0.00000000 -0.00000036 -1.00000000
vn 0.00000000 -0.00000036 -1.00000000
vn 0.00000000 -0.00000036 -1.00000000
vn 0.00000000 -0.00000036 -1.00000000
vn 0.17367319 -0.98480334 0.00000124
vn 0.17367341 -0.98480330 0.00000126
vn 0.17367075 -0.98480377 0.00000090
vn 0.17367049 -0.98480382 0.00000087
vn 0.65978253 0.00000022 0.75145659
vn 0.65978236 0.00000022 0.75145674
vn 0.65984599 0.00000000 0.75140087
vn 0.65984610 0.00000000 0.75140077
vn 0.17367853 0.98480240 0.00000000
vn 0.17367996 0.98480215 0.00000000
vn 0.17366256 0.98480522 0.00000000
vn 0.17366107 0.98480548 0.00000000
vn 0.65985526 -0.00000029 -0.75139273
vn 0.65985520 -0.00000029 -0.75139279
vn 0.65985526 -0.00000022 -0.75139273
vn 0.65985520 -0.00000022 -0.75139279
vn 0.00000269 -0.98042071 -0.19691425
vn 0.00000279 -0.98042058 -0.19691492
vn 0.00000011 -0.98042384 -0.19689868
vn 0.00000000 -0.98042397 -0.19689805
vn 0.00000269 0.98043552 -0.19684050
vn 0.00000279 0.98043593 -0.19683846
vn 0.00000011 0.98042575 -0.19688916
vn 0.00000000 0.98042535 -0.19689117
vn -0.65984905 -0.00000022 -0.75139818
vn -0.65984905 -0.00000022 -0.75139818
vn -0.65984905 -0.00000029 -0.75139818
vn -0.65984916 -0.00000029 -0.75139809
vn -0.17367311 -0.98480336 0.00000047
vn -0.17367341 -0.98480330 0.00000045
vn -0.17367075 -0.98480377 0.00000067
vn -0.17367049 -0.98480382 0.00000069
vn -0.17366042 0.98480559 0.00000245
vn -0.17365829 0.98480597 0.00000266
vn -0.17368350 0.98480152 0.00000021
vn -0.17368564 0.98480115 0.00000000
vn -0.65979273 0.00000022 0.75144764
vn -0.65979258 0.00000022 0.75144777
vn -0.65985502 0.00000029 0.75139294
vn -0.65985526 0.00000029 0.75139273
vn 0.00000000 -0.98042379 0.19689895
vn 0.00000000 -0.98042379 0.19689895
vn 0.00000000 -0.98042391 0.19689833
vn 0.00000000 -0.98042393 0.19689826
vn 0.00000000 0.98041818 0.19692688
vn 0.00000000 0.98041803 0.19692760
vn 0.00000000 0.98042172 0.19690924
vn 0.00000000 0.98042187 0.19690848
vn 0.00000000 -1.00000000 -0.00000053
vn 0.00000000 -1.00000000 -0.00000053
vn 0.00000000 -1.00000000 -0.00000053
vn 0.00000000 -1.00000000 -0.00000053
vn 0.00000000 0.00000036 1.00000000
vn 0.00000000 0.00000036 1.00000000
vn 0.00000000 0.00000036 1.00000000
vn 0.00000000 0.00000036 1.00000000
vn 1.00000000 0.00000000 0.00000124
vn 1.00000000 0.00000000 0.00000124
vn 1.00000000 0.00000000 0.00000124
vn 1.00000000 0.00000000 0.00000124
vn 0.00000000 1.00000000 -0.00000289
vn 0.00000000 1.00000000 -0.00000260
vn 0.00000000 1.00000000 -0.00000309
vn 0.00000000 1.00000000 -0.00000337
vn -1.00000000 0.00000000 -0.00000165
vn -1.00000000 0.00000000 -0.00000165
vn -1.00000000 0.00000000 -0.00000165
vn -1.00000000 0.00000000 -0.00000165
vn 0.00000032 0.00000000 -1.00000000
vn 0.00000000 0.00000000 -1.00000000
vn 0.00001123 -0.00000034 -1.00000000
vn 0.00001155 -0.00000036 -1.00000000
vn -0.17366137 -0.98480543 0.00000035
vn -0.17366034 -0.98480561 0.00000043
vn -0.17367209 -0.98480354 -0.00000062
vn -0.17367311 -0.98480336 -0.00000071
vn -0.65982698 0.00000026 0.75141756
vn -0.65982698 0.00000026 0.75141756
vn -0.65982776 0.00000026 0.75141688
vn -0.65982775 0.00000026 0.75141689
vn -0.17369447 0.98479959 -0.00000490
vn -0.17369437 0.98479961 -0.00000531
vn -0.17369586 0.98479934 -0.00000041
vn -0.17369603 0.98479931 0.00000000
vn -0.65975169 -0.00000026 -0.75148367
vn -0.65975124 -0.00000026 -0.75148406
vn -0.65995264 -0.00000026 -0.75130720
vn -0.65995316 -0.00000026 -0.75130675
vn 0.00000000 -0.98042719 -0.19688200
vn 0.00000000 -0.98042731 -0.19688141
vn 0.00000000 -0.98042409 -0.19689742
vn 0.00000000 -0.98042397 -0.19689805
vn 0.00000000 0.98042208 -0.19690743
vn 0.00000000 0.98042124 -0.19691163
vn 0.00000000 0.98044220 -0.19680724
vn 0.00000000 0.98044303 -0.19680309
vn 0.65981973 0.00000000 -0.75142393
vn 0.65981989 0.00000000 -0.75142379
vn 0.65977127 -0.00000025 -0.75146648
vn 0.65977110 -0.00000025 -0.75146663
vn 0.17367356 -0.98480328 0.00000086
vn 0.17367429 -0.98480315 0.00000095
vn 0.17366563 -0.98480468 -0.00000021
vn 0.17366485 -0.98480481 -0.00000031
vn 0.17365269 0.98480696 -0.00000041
vn 0.17365066 0.98480732 0.00000000
vn 0.17367507 0.98480301 -0.00000490
vn 0.17367712 0.98480265 -0.00000531
vn 0.65975555 0.00000000 0.75148028
vn 0.65975531 0.00000000 0.75148049
vn 0.65983066 0.00000025 0.75141433
vn 0.65983076 0.00000025 0.75141425
vn 0.00000000 -0.98042112 0.19691222
vn 0.00000000 -0.98042112 0.19691222
vn 0.00000000 -0.98042118 0.19691194
vn 0.00000000 -0.98042118 0.19691194
vn -0.00000011 0.98041120 0.19696161
vn 0.00000000 0.98041094 0.19696293
vn -0.00000269 0.98041760 0.19692976
vn -0.00000279 0.98041787 0.19692841
vn 0.00000000 0.00000036 1.00000000
vn 0.00000000 0.00000036 1.00000000
vn 0.00000000 0.00000036 1.00000000
vn 0.00000000 0.00000036 1.00000000
vn 1.00000000 0.00000000 0.00000165
vn 1.00000000 0.00000000 0.00000165
vn 1.00000000 0.00000000 0.00000165
vn 1.00000000 0.00000000 0.00000165
vn 0.00000000 1.00000000 0.00000152
vn 0.00000000 1.00000000 0.00000241
vn 0.00000000 1.00000000 0.00000089
vn 0.00000000 1.00000000 0.00000000
vn -1.00000000 0.00000000 -0.00000124
vn -1.00000000 0.00000000 -0.00000124
vn -1.00000000 0.00000000 -0.00000124
vn -1.00000000 0.00000000 -0.00000124
vn 0.00000000 -0.00000036 -1.00000000
vn 0.00000000 -0.00000036 -1.00000000
vn 0.00000000 -0.00000036 -1.00000000
vn 0.00000000 -0.00000036 -1.00000000
vn -0.17366215 -0.98480529 0.00000049
vn -0.17366222 -0.98480528 0.00000050
vn -0.17366073 -0.98480554 0.00000044
vn -0.17366058 -0.98480557 0.00000043
vn -0.65976402 0.00000026 0.75147285
vn -0.65976395 0.00000026 0.75147290
vn -0.65976501 0.00000026 0.75147197
vn -0.65976501 0.00000026 0.75147197
vn -0.17369862 0.98479886 -0.00000224
vn -0.17369879 0.98479883 -0.00000266
vn -0.17369618 0.98479929 0.00000224
vn -0.17369603 0.98479931 0.00000266
vn -0.65982608 0.00000000 -0.75141836
vn -0.65982614 0.00000000 -0.75141830
vn -0.65976374 -0.00000026 -0.75147310
vn -0.65976345 -0.00000026 -0.75147334
vn 0.00000011 -0.98042388 -0.19689852
vn 0.00000000 -0.98042401 -0.19689786
vn 0.00000269 -0.98042071 -0.19691425
vn 0.00000279 -0.98042058 -0.19691492
vn 0.00000011 0.98041774 -0.19692906
vn 0.00000000 0.98041790 -0.19692829
vn 0.00000269 0.98041417 -0.19694686
vn 0.00000279 0.98041401 -0.19694761
vn 0.65983539 -0.00000029 -0.75141018
vn 0.65983533 -0.00000029 -0.75141024
vn 0.65983539 -0.00000025 -0.75141018
vn 0.65983533 -0.00000025 -0.75141024
vn 0.17366356 -0.98480504 0.00000100
vn 0.17366341 -0.98480507 0.00000100
vn 0.17366475 -0.98480483 0.00000108
vn 0.17366485 -0.98480481 0.00000108
vn 0.17369942 0.98479872 0.00000021
vn 0.17369949 0.98479870 0.00000000
vn 0.17369862 0.98479886 0.00000245
vn 0.17369862 0.98479886 0.00000266
vn 0.65977116 0.00000000 0.75146658
vn 0.65977110 0.00000000 0.75146663
vn 0.65977116 0.00000028 0.75146658
vn 0.65977116 0.00000029 0.75146658
vn 0.00000000 -0.98042712 0.19688234
vn 0.00000000 -0.98042726 0.19688166
vn 0.00000000 -0.98042401 0.19689782
vn 0.00000000 -0.98042389 0.19689845
vn 0.00000000 0.98041461 0.19694463
vn 0.00000000 0.98041448 0.19694531
vn 0.00000000 0.98041774 0.19692906
vn 0.00000000 0.98041787 0.19692843
vn 0.00000000 -1.00000000 0.00000074
vn 0.00000000 -1.00000000 0.00000076
vn 0.00000000 -1.00000000 0.00000073
vn 0.00000000 -1.00000000 0.00000071
vn 1.00000000 0.00000000 0.00000185
vn 1.00000000 0.00000000 0.00000185
vn 1.00000000 0.00000000 0.00000185
vn 1.00000000 0.00000000 0.00000185
vn 0.00000000 0.00000000 -1.00000000
vn 0.00000000 0.00000000 -1.00000000
vn 0.00000000 0.00000000 -1.00000000
vn 0.00000000 0.00000000 -1.00000000
vn -1.00000000 0.00000000 -0.00000145
vn -1.00000000 0.00000000 -0.00000145
vn -1.00000000 0.00000000 -0.00000145
vn -1.00000000 0.00000000 -0.00000145
vn 0.00000000 0.00000000 1.00000000
vn 0.00000000 0.00000000 1.00000000
vn 0.00000000 0.00000000 1.00000000
vn 0.00000000 0.00000000 1.00000000
vn 0.00000000 -1.00000000 0.00000041
vn 0.00000000 -1.00000000 0.00000041
vn 0.00000000 -1.00000000 0.00000044
vn 0.00000000 -1.00000000 0.00000044
vn 0.00000000 1.00000000 -0.00000094
vn 0.00000000 1.00000000 -0.00000094
vn 0.00000000 1.00000000 -0.00000094
vn 0.00000000 1.00000000 -0.00000094
vn -1.00000000 0.00000000 -0.00000132
vn -1.00000000 0.00000000 -0.00000132
vn -1.00000000 0.00000000 -0.00000132
vn -1.00000000 0.00000000 -0.00000132
vn 0.00000000 0.00000000 -1.00000000
vn 0.00000000 0.00000000 -1.00000000
vn 0.00000000 0.00000000 -1.00000000
vn 0.00000000 0.00000000 -1.00000000
vn 1.00000000 0.00000000 0.00000145
vn 1.00000000 0.00000000 0.00000145
vn 1.00000000 0.00000000 0.00000145
vn 1.00000000 0.00000000 0.00000145
vn -0.00000036 0.00000000 1.00000000
vn 0.00000000 0.00000000 1.00000000
vn -0.00002075 0.00000000 1.00000000
vn -0.00002111 0.00000000 1.00000000
vn 0.00000000 -1.00000000 0.00000041
vn 0.00000000 -1.00000000 0.00000042
vn 0.00000000 -1.00000000 0.00000042
vn 0.00000000 -1.00000000 0.00000041
vn 0.00000000 1.00000000 -0.00000049
vn 0.00000000 1.00000000 -0.00000076
vn 0.00000000 1.00000000 -0.00000073
vn 0.00000000 1.00000000 -0.00000047
vn -0.00000278 0.00000000 1.00000000
vn -0.00000278 0.00000000 1.00000000
vn -0.00000278 0.00000000 1.00000000
vn -0.00000278 0.00000000 1.00000000
vn 1.00000000 0.00000000 0.00000126
vn 1.00000000 0.00000000 0.00000126
vn 1.00000000 0.00000000 0.00000126
vn 1.00000000 0.00000000 0.00000126
vn 0.00000278 0.00000000 -1.00000000
vn 0.00000278 0.00000000 -1.00000000
vn 0.00000278 0.00000000 -1.00000000
vn 0.00000278 0.00000000 -1.00000000
vn -1.00000000 0.00000000 0.00000000
vn -1.00000000 0.00000000 0.00000000
vn -1.00000000 0.00000000 0.00000000
vn -1.00000000 0.00000000 0.00000000
vn 0.00000000 -1.00000000 0.00000019
vn 0.00000000 -1.00000000 0.00000019
vn 0.00000000 -1.00000000 0.00000000
vn 0.00000000 -1.00000000 0.00000000
vn 0.00000000 1.00000000 0.00000290
vn 0.00000000 1.00000000 0.00000297
vn 0.00000000 1.00000000 0.00000000
vn 0.00000000 1.00000000 0.00000000
vn -0.00000353 0.00002306 1.00000000
vn -0.00000353 0.00002306 1.00000000
vn -0.00000367 0.00002560 1.00000000
vn -0.00000353 0.00002306 1.00000000
vn -0.00000182 -0.00000240 1.00000000
vn -0.00000367 0.00000000 1.00000000
vn -0.00000361 0.00000000 1.00000000
vn -0.00000192 0.00001165 1.00000000
vn -0.00000190 0.00000265 1.00000000
vn 1.00000000 0.00000000 0.00000066
vn 1.00000000 0.00000000 0.00000063
vn 1.00000000 0.00000000 0.00000313
vn 1.00000000 0.00000000 0.00000065
vn 1.00000000 0.00000000 0.00000063
vn 1.00000000 0.00000000 0.00000147
vn 1.00000000 0.00000000 0.00000147
vn 1.00000000 0.00000000 0.00000147
vn 1.00000000 0.00000000 0.00000147
vn -1.00000000 -0.00000024 -0.00000250
vn -1.00000000 -0.00000025 -0.00000252
vn -1.00000000 0.00000000 -0.00000502
vn -1.00000000 0.00000000 0.00000000
vn -1.00000000 0.00000000 0.00000000
vn 0.00000000 -1.00000000 0.00000039
vn 0.00000000 -1.00000000 0.00000000
vn 0.00000000 -1.00000000 0.00000000
vn 0.00000000 -1.00000000 0.00000040
vn 0.00000000 -1.00000000 0.00000040
vn 0.00000000 1.00000000 0.00000027
vn 0.00000000 1.00000000 0.00000000
vn 0.00000000 1.00000000 0.00000013
vn 0.00000000 1.00000000 0.00001215
vn 0.00000000 1.00000000 0.00000000
vn -1.00000000 0.00000000 -0.00000147
vn -1.00000000 0.00000000 -0.00000147
vn -1.00000000 0.00000000 -0.00000147
vn -1.00000000 0.00000000 -0.00000147
vn -0.00000158 -0.00001092 1.00000000
vn -0.00000189 -0.00000087 1.00000000
vn -0.00000183 0.00000000 1.00000000
vn -0.00000099 -0.00001505 1.00000000
vn 0.00004032 0.00001095 1.00000000
vn 0.00002373 0.00000672 1.00000000
vn -0.00000355 0.00002313 1.00000000
vn -0.00000357 0.00001168 1.00000000
vn 0.00002921 -0.00000109 1.00000000
vn -0.00000367 0.00000000 1.00000000
vn -0.00001783 0.00000109 1.00000000
vn -0.00001376 0.00000067 1.00000000
vn -0.00000349 -0.00002223 1.00000000
vn -0.00000353 -0.00002306 1.00000000
vn -0.00000189 0.00000000 1.00000000
vn -0.00001230 0.00000175 1.00000000
vn -0.00001546 0.00000154 1.00000000
vn -0.00000355 -0.00000070 1.00000000
vn 0.00000497 0.00000019 1.00000000
vn 0.00001572 -0.00000934 1.00000000
vn -0.00001546 0.00000154 1.00000000
vn -0.00001230 0.00000175 1.00000000
vn 0.00000497 0.00000019 1.00000000
vn -0.00000081 0.00000914 1.00000000
vn -0.00000280 0.00001128 1.00000000
vn -0.00000190 0.00002306 1.00000000
vn 0.00001572 -0.00000934 1.00000000
vn -0.00000176 -0.00000154 1.00000000
vn -0.00000158 -0.00000136 1.00000000
vn -0.00000013 -0.00002229 1.00000000
vn 0.00000000 -0.00002306 1.00000000
vn -0.00000309 0.00000000 1.00000000
vn -0.00000211 0.00000000 1.00000000
vn -0.00000211 0.00000000 1.00000000
vn -0.00000244 0.00000000 1.00000000
vn -0.00000274 0.00000000 1.00000000
vn -0.00000420 0.00000000 1.00000000
vn -0.00000284 0.00000000 1.00000000
vn -0.00000206 0.00000000 1.00000000
vn -0.00000202 0.00000000 1.00000000
vn -0.00000274 0.00000000 1.00000000
vn -0.00000206 0.00000000 1.00000000
vn -0.00000202 0.00000000 1.00000000
vn -0.00000332 0.00000000 1.00000000
vn -0.00000309 0.00000000 1.00000000
vn -0.00000244 0.00000000 1.00000000
vn -0.00000202 0.00000000 1.00000000
vn 0.00000000 1.00000000 0.00000000
vn 0.00000000 1.00000000 0.00000000
vn 0.00000000 1.00000000 0.00000000
vn 0.00000000 1.00000000 0.00000000
vn 0.00000000 -1.00000000 0.00000050
vn 0.00000000 -1.00000000 0.00000049
vn 0.00000000 -1.00000000 0.00000013
vn 0.00000000 -1.00000000 0.00000000
vn 0.00000000 1.00000000 0.00000000
vn 0.00000000 1.00000000 0.00000000
vn 0.00000000 1.00000000 0.00000000
vn 0.00000000 1.00000000 0.00000000
vn -1.00000000 0.00000000 -0.00000147
vn -1.00000000 0.00000000 -0.00000147
vn -1.00000000 0.00000000 -0.00000147
vn -1.00000000 0.00000000 -0.00000147
vn 0.00000000 -1.00000000 -0.00000015
vn 0.00000000 -1.00000000 -0.00000042
vn 0.00000000 -1.00000000 0.00000000
vn 0.00000000 -1.00000000 0.00000012
vn 1.00000000 0.00000000 0.00000147
vn 1.00000000 0.00000000 0.00000147
vn 1.00000000 0.00000000 0.00000147
vn 1.00000000 0.00000000 0.00000147
vn 0.00000000 -1.00000000 0.00000012
vn 0.00000000 -1.00000000 0.00000000
vn 0.00000000 -1.00000000 -0.00000007
vn 0.00000000 -1.00000000 0.00000000
vn 0.00000000 -1.00000000 0.00000047
vn 0.00000000 -1.00000000 0.00000033
vn 0.00000000 -1.00000000 0.00000049
vn 0.00000000 -1.00000000 0.00000050
vn 0.00000000 1.00000000 0.00000000
vn 0.00000000 1.00000000 -0.00000018
vn 0.00000000 1.00000000 0.00000000
vn 0.00000000 1.00000000 0.00000012
vn 0.00000000 1.00000000 0.00000012
vn 0.00000000 1.00000000 0.00000000
vn 0.00000000 1.00000000 -0.00000007
vn 0.00000000 1.00000000 0.00000000
vn -0.00000183 0.00002056 1.00000000
vn -0.00000192 0.00001165 1.00000000
vn -0.00000280 0.00001128 1.00000000
vn -0.00000190 0.00002306 1.00000000
vn 0.00000000 -1.00000000 -0.00000031
vn 0.00000000 -1.00000000 -0.00000031
vn 0.00000000 -1.00000000 -0.00000031
vn 0.00000000 -1.00000000 0.00000011
vn 0.00000000 -1.00000000 0.00000011
vn 0.00000000 -1.00000000 0.00000000
vn 0.00000000 -1.00000000 -0.00000031
vn 0.00000031 -1.00000000 0.00000000
vn 0.00000000 1.00000000 0.00000010
vn 0.00000000 1.00000000 0.00000010
vn 0.00000000 1.00000000 0.00000010
vn 0.00000000 1.00000000 0.00000000
vn 0.00000000 1.00000000 0.00000000
vn 0.00000000 1.00000000 0.00000012
vn 0.00000000 1.00000000 0.00000044
vn 0.00000000 1.00000000 -0.00000075
vn -0.00000353 0.00000000 1.00000000
vn -0.00000353 0.00000000 1.00000000
vn -0.00000183 0.00000256 1.00000000
vn -0.00000353 0.00000000 1.00000000
vn -0.00000355 -0.00002490 1.00000000
vn -0.00000367 0.00000000 1.00000000
vn -0.00000355 -0.00000070 1.00000000
vn -0.00000104 -0.00001115 1.00000000
vn 0.00000000 -0.00002129 1.00000000
vn -0.00000188 -0.00000248 1.00000000
vn -0.00000104 -0.00001115 1.00000000
vn -0.00000370 0.00000000 1.00000000
vn -0.00000381 0.00000000 1.00000000
vn 0.00000000 -1.00000000 0.00000000
vn 0.00000000 -1.00000000 0.00000000
vn 0.00000000 -1.00000000 0.00000000
vn 0.00000000 -1.00000000 0.00000015
vn 0.00000000 -1.00000000 0.00000015
vn 0.00000000 -1.00000000 0.00000012
vn 0.00000000 -1.00000000 0.00000008
vn 0.00000000 -1.00000000 0.00000039
vn 0.00000000 1.00000000 -0.00000031
vn 0.00000000 1.00000000 -0.00000031
vn 0.00000000 1.00000000 -0.00000031
vn -0.00000022 1.00000000 0.00000000
vn -0.00000022 1.00000000 0.00000000
vn -0.00000033 1.00000000 -0.00000008
vn -0.00000053 1.00000000 -0.00000012
vn 0.00000000 1.00000000 0.00000075
vn -0.44356483 0.81308118 -0.37702683
vn -0.44356483 0.81308118 -0.37702683
vn -0.44356483 0.81308118 -0.37702683
vn 0.44356650 0.81308085 -0.37702558
vn 0.44356650 0.81308085 -0.37702558
vn 0.44356650 0.81308085 -0.37702558
vn -0.44356483 -0.81308118 -0.37702683
vn -0.44356483 -0.81308118 -0.37702683
vn -0.44356483 -0.81308118 -0.37702683
vn 0.44356650 -0.81308085 -0.37702558
vn 0.44356650 -0.81308085 -0.37702558
vn 0.44356650 -0.81308085 -0.37702558
vn 0.44356483 0.81308118 0.37702683
vn 0.44356483 0.81308118 0.37702683
vn 0.44356483 0.81308118 0.37702683
vn -0.44356650 0.81308085 0.37702558
vn -0.44356650 0.81308085 0.37702558
vn -0.44356650 0.81308085 0.37702558
vn -0.44356650 -0.81308085 0.37702558
vn -0.44356650 -0.81308085 0.37702558
vn -0.44356650 -0.81308085 0.37702558
vn 0.44356483 -0.81308118 0.37702683
vn 0.44356483 -0.81308118 0.37702683
vn 0.44356483 -0.81308118 0.37702683
vn -0.00000057 0.00000000 1.00000000
vn -0.00000057 0.00000000 1.00000000
vn -0.00000057 0.00000000 1.00000000
vn -0.00000057 0.00000000 1.00000000
vn -1.00000000 0.00000000 -0.00000130
vn -1.00000000 0.00000000 -0.00000130
vn -1.00000000 0.00000000 -0.00000130
vn -1.00000000 0.00000000 -0.00000130
vn 1.00000000 0.00000000 0.00000130
vn 1.00000000 0.00000000 0.00000130
vn 1.00000000 0.00000000 0.00000130
vn 1.00000000 0.00000000 0.00000130
vn -0.00000236 0.00000175 1.00000000
vn -0.00000236 0.00000175 1.00000000
vn -0.00000236 0.00000175 1.00000000
vn -0.00000236 0.00000175 1.00000000
vn 0.00000000 1.00000000 0.00000000
vn 0.00000000 1.00000000 0.00000000
vn 0.00000000 1.00000000 0.00000000
vn 0.00000000 1.00000000 0.00000000
vn -0.00000236 0.00000000 1.00000000
vn -0.00000236 0.00000000 1.00000000
vn -0.00000236 0.00000000 1.00000000
vn -0.00000236 0.00000000 1.00000000
vn 0.00000000 -1.00000000 0.00000000
vn 0.00000000 -1.00000000 0.00000000
vn 0.00000000 -1.00000000 0.00000000
vn 0.00000000 -1.00000000 0.00000000
vn 0.00000099 0.90721155 -0.42067471
vn 0.00000099 0.90721155 -0.42067471
vn 0.00000099 0.90721155 -0.42067471
vn 0.00000099 0.90721155 -0.42067471
vn -0.76194145 -0.00000113 -0.64764592
vn -0.76194145 -0.00000113 -0.64764592
vn -0.76194145 -0.00000113 -0.64764592
vn -0.76194145 -0.00000113 -0.64764592
vn 0.00000099 -0.90721155 -0.42067471
vn 0.00000099 -0.90721155 -0.42067471
vn 0.00000099 -0.90721155 -0.42067471
vn 0.00000099 -0.90721155 -0.42067471
vn 0.76194373 -0.00000113 -0.64764322
vn 0.76194373 -0.00000113 -0.64764322
vn 0.76194373 -0.00000113 -0.64764322
vn 0.76194373 -0.00000113 -0.64764322
vn -0.00000099 0.90721176 0.42067425
vn -0.00000099 0.90721176 0.42067425
vn -0.00000099 0.90721176 0.42067425
vn -0.00000099 0.90721176 0.42067425
vn -0.76194373 0.00000113 0.64764322
vn -0.76194373 0.00000113 0.64764322
vn -0.76194373 0.00000113 0.64764322
vn -0.76194373 0.00000113 0.64764322
vn -0.00000099 -0.90721176 0.42067425
vn -0.00000099 -0.90721176 0.42067425
vn -0.00000099 -0.90721176 0.42067425
vn -0.00000099 -0.90721176 0.42067425
vn 0.76194145 0.00000113 0.64764592
vn 0.76194145 0.00000113 0.64764592
vn 0.76194145 0.00000113 0.64764592
vn 0.76194145 0.00000113 0.64764592
vn -0.47890777 0.87786522 -0.00000062
vn -0.47890777 0.87786522 -0.00000062
vn -0.47890777 0.87786522 -0.00000062
vn -0.47890777 0.87786522 -0.00000062
vn 0.47890777 0.87786522 0.00000062
vn 0.47890777 0.87786522 0.00000062
vn 0.47890777 0.87786522 0.00000062
vn 0.47890777 0.87786522 0.00000062
vn -0.47890777 -0.87786522 -0.00000062
vn -0.47890777 -0.87786522 -0.00000062
vn -0.47890777 -0.87786522 -0.00000062
vn -0.47890777 -0.87786522 -0.00000062
vn 0.47890777 -0.87786522 0.00000062
vn 0.47890777 -0.87786522 0.00000062
vn 0.47890777 -0.87786522 0.00000062
vn 0.47890777 -0.87786522 0.00000062
vn 0.00000236 0.00000000 -1.00000000
vn 0.00000236 0.00000000 -1.00000000
vn 0.00000236 0.00000000 -1.00000000
vn 0.00000236 0.00000000 -1.00000000
vn 0.00000236 -0.00000182 -1.00000000
vn 0.00000236 -0.00000182 -1.00000000
vn 0.00000236 0.00000000 -1.00000000
vn 0.00000236 0.00000000 -1.00000000
vn 0.00000236 -0.00000182 -1.00000000
vn 0.00000236 -0.00000182 -1.00000000
vn 0.00000236 -0.00000182 -1.00000000
vn 0.00000236 -0.00000182 -1.00000000
vn 0.00000236 -0.00000183 -1.00000000
vn 0.00000236 -0.00000183 -1.00000000
vn 0.00000236 -0.00000183 -1.00000000
vn 0.00000236 -0.00000183 -1.00000000
vn -1.00000000 0.00000000 -0.00000130
vn -1.00000000 0.00000000 -0.00000130
vn -1.00000000 0.00000000 -0.00000130
vn -1.00000000 0.00000000 -0.00000130
vn 0.00000000 -1.00000000 0.00000000
vn 0.00000000 -1.00000000 0.00000000
vn 0.00000000 -1.00000000 0.00000000
vn 0.00000000 -1.00000000 0.00000000
vn 1.00000000 0.00000000 0.00000130
vn 1.00000000 0.00000000 0.00000130
vn 1.00000000 0.00000000 0.00000130
vn 1.00000000 0.00000000 0.00000130
vn 1.00000000 0.00000000 0.00000130
vn 1.00000000 0.00000000 0.00000130
vn 1.00000000 0.00000000 0.00000130
vn 1.00000000 0.00000000 0.00000130
vn 0.00000000 1.00000000 0.00000000
vn 0.00000000 1.00000000 0.00000000
vn 0.00000000 1.00000000 0.00000000
vn 0.00000000 1.00000000 0.00000000
vn 0.00000000 1.00000000 0.00000000
vn 0.00000000 1.00000000 0.00000000
vn 0.00000000 1.00000000 0.00000000
vn 0.00000000 1.00000000 0.00000000
vn 0.00000000 1.00000000 0.00000000
vn 0.00000000 1.00000000 0.00000000
vn 0.00000000 1.00000000 0.00000000
vn 0.00000000 1.00000000 0.00000000
vn 0.00000000 1.00000000 0.00000000
vn 0.00000000 1.00000000 0.00000000
vn 0.00000000 1.00000000 0.00000000
vn 0.00000000 1.00000000 0.00000000
vn 0.00000236 0.00000000 -1.00000000
vn 0.00000236 0.00000000 -1.00000000
vn 0.00000236 0.00000000 -1.00000000
vn 0.00000236 0.00000000 -1.00000000
vn -1.00000000 0.00000000 -0.00000130
vn -1.00000000 0.00000000 -0.00000130
vn -1.00000000 0.00000000 -0.00000130
vn -1.00000000 0.00000000 -0.00000130
vn -0.00070210 -0.99999190 0.00396904
vn -0.71637750 -0.69770800 -0.00261697
vn -0.66785170 -0.74428180 0.00429956
vn -0.00075380 -0.99999150 -0.00404292
vn -0.00048832 -0.70710660 -0.70710660
vn -0.57730410 -0.57740340 -0.57734310
vn 0.00048829 -0.70710680 -0.70710660
vn 0.00069500 -0.99999200 0.00393699
vn -0.00102923 -0.70355230 0.71064270
vn 0.00099038 -0.70601020 0.70820100
vn 0.00074661 -0.99999150 -0.00404227
vn 0.66779330 -0.74433490 0.00420714
vn 0.71661000 -0.69746870 -0.00275530
vn 0.57729300 -0.57739400 -0.57736390
vn -0.00037283 -0.00579599 0.99998320
vn 0.00099038 -0.70601020 0.70820100
vn -0.00102923 -0.70355230 0.71064270
vn 0.00037226 -0.00584392 0.99998280
vn 0.00069445 0.00595741 0.99998200
vn -0.00069445 0.00595731 0.99998200
vn -0.49758920 -0.00268897 0.86740860
vn -0.71008780 0.00432816 0.70409980
vn -0.00048833 0.70710710 0.70710620
vn -0.57729870 0.57736700 0.57738510
vn 0.00048835 0.70710710 0.70710630
vn 0.71008780 0.00432783 0.70409980
vn 0.49747510 -0.00255025 0.86747460
vn 0.57731520 0.57734960 0.57738610
vn -0.00096894 0.00860795 -0.99996260
vn -0.70147030 0.00580261 -0.71267500
vn -0.80250500 0.00566552 -0.59661850
vn -0.00074676 0.00869111 -0.99996200
vn -0.00048855 0.70710710 -0.70710630
vn -0.57738760 0.57737830 -0.57728480
vn 0.00048856 0.70710710 -0.70710620
vn 0.00096907 0.00855436 -0.99996290
vn -0.00120957 0.70165380 -0.71251700
vn 0.00119872 0.69974760 -0.71438930
vn 0.00074676 0.00869126 -0.99996200
vn 0.80249350 0.00569665 -0.59663370
vn 0.70146660 0.00580254 -0.71267870
vn 0.57740030 0.57737030 -0.57728020
vn -0.00102923 -0.70355230 0.71064270
vn -0.49758920 -0.00268897 0.86740860
vn -0.00037283 -0.00579599 0.99998320
vn -0.78589140 -0.31575400 0.53167100
vn -0.66785170 -0.74428180 0.00429956
vn -0.00070210 -0.99999190 0.00396904
vn -0.99941920 -0.00701533 0.03334612
vn -0.98855300 -0.00005383 0.15087380
vn -0.71008780 0.00432816 0.70409980
vn -0.99931380 -0.03703666 0.00035011
vn -0.99975970 -0.02151494 -0.00420047
vn -0.71637750 -0.69770800 -0.00261697
vn -0.70703450 -0.01405316 -0.70703940
vn -0.57730410 -0.57740340 -0.57734310
vn -0.99980500 0.01928828 -0.00422123
vn -0.70703450 0.01405586 -0.70703950
vn -0.99994790 0.01020453 -0.00006276
vn -0.72232410 0.69154810 -0.00301870
vn -0.57727600 0.57743570 -0.57733910
vn -0.78755400 0.61624000 -0.00266406
vn -0.99992720 0.00986256 -0.00695781
vn -0.86146560 0.38641370 -0.32948700
vn -0.99995470 0.00027713 -0.00952049
vn -0.80250500 0.00566552 -0.59661850
vn -0.00120957 0.70165380 -0.71251700
vn -0.00096894 0.00860795 -0.99996260
vn -0.99931750 0.00704562 -0.03625900
vn -0.70147030 0.00580261 -0.71267500
vn -0.99885630 0.00677546 0.04732935
vn -0.70680500 0.70680160 -0.02929608
vn -0.57738760 0.57737830 -0.57728480
vn -0.70680360 0.70680210 0.02931751
vn -0.57729870 0.57736700 0.57738510
vn 0.49747510 -0.00255025 0.86747460
vn 0.00099038 -0.70601020 0.70820100
vn 0.00037226 -0.00584392 0.99998280
vn 0.78363910 -0.30648340 0.54034960
vn 0.66779330 -0.74433490 0.00420714
vn 0.00069500 -0.99999200 0.00393699
vn 0.99941750 -0.00652196 0.03349595
vn 0.99932500 -0.03673469 0.00034269
vn 0.71661000 -0.69746870 -0.00275530
vn 0.98855430 -0.00004770 0.15086550
vn 0.99885630 0.00677581 0.04732933
vn 0.71008780 0.00432783 0.70409980
vn 0.70679800 0.70680770 0.02931624
vn 0.57731520 0.57734960 0.57738610
vn 0.99931760 0.00704605 -0.03625763
vn 0.70679890 0.70680790 -0.02929474
vn 0.99995470 0.00027642 -0.00952107
vn 0.70146660 0.00580254 -0.71267870
vn 0.57740030 0.57737030 -0.57728020
vn 0.80249350 0.00569665 -0.59663370
vn 0.99992530 0.00997927 -0.00706533
vn 0.99994810 0.01018739 -0.00006405
vn 0.85917030 0.38977050 -0.33151970
vn 0.00119872 0.69974760 -0.71438930
vn 0.00096907 0.00855436 -0.99996290
vn 0.78561000 0.61871610 -0.00269547
vn 0.99980280 0.01940597 -0.00421662
vn 0.71884390 0.69516520 -0.00298782
vn 0.99976450 -0.02129278 -0.00420330
vn 0.70703480 0.01405419 -0.70703910
vn 0.57730520 0.57740800 -0.57733760
vn 0.70703430 -0.01405261 -0.70703950
vn 0.57729300 -0.57739400 -0.57736390
vn -0.00120957 0.70165380 -0.71251700
vn -0.86146560 0.38641370 -0.32948700
vn -0.78755400 0.61624000 -0.00266406
vn -0.00087363 0.99998950 -0.00451455
vn 0.00119872 0.69974760 -0.71438930
vn -0.00073533 0.99998940 -0.00455674
vn -0.72232410 0.69154810 -0.00301870
vn -0.00048827 0.70710660 -0.70710660
vn -0.57727600 0.57743570 -0.57733910
vn 0.00073146 0.99998940 -0.00455754
vn 0.00048833 0.70710660 -0.70710680
vn 0.00087087 0.99998940 -0.00454283
vn 0.71884390 0.69516520 -0.00298782
vn 0.57730520 0.57740800 -0.57733760
vn 0.78561000 0.61871610 -0.00269547
vn 0.85917030 0.38977050 -0.33151970
vn -0.00048827 0.70710660 -0.70710660
vn -0.57727600 0.57743570 -0.57733910
vn -0.70703450 0.01405586 -0.70703950
vn -0.00071775 0.02072039 -0.99978510
vn 0.00048833 0.70710660 -0.70710680
vn -0.70703450 -0.01405316 -0.70703940
vn 0.00071774 0.02072144 -0.99978500
vn 0.70703480 0.01405419 -0.70703910
vn 0.57730520 0.57740800 -0.57733760
vn 0.70703430 -0.01405261 -0.70703950
vn 0.00071769 -0.02072003 -0.99978510
vn -0.00071772 -0.02072108 -0.99978500
vn -0.00048832 -0.70710660 -0.70710660
vn -0.57730410 -0.57740340 -0.57734310
vn 0.00048829 -0.70710680 -0.70710660
vn 0.57729300 -0.57739400 -0.57736390
vn -0.70680500 0.70680160 -0.02929608
vn -0.57738760 0.57737830 -0.57728480
vn -0.00048855 0.70710710 -0.70710630
vn -0.00070368 0.99909250 -0.04258818
vn -0.70680360 0.70680210 0.02931751
vn 0.00070368 0.99909250 -0.04258886
vn 0.00048856 0.70710710 -0.70710620
vn -0.00070387 0.99909260 0.04258478
vn 0.70679890 0.70680790 -0.02929474
vn 0.57740030 0.57737030 -0.57728020
vn 0.00070387 0.99909260 0.04258546
vn 0.70679800 0.70680770 0.02931624
vn 0.00048835 0.70710710 0.70710630
vn 0.57731520 0.57734960 0.57738610
vn -0.00048833 0.70710710 0.70710620
vn -0.57729870 0.57736700 0.57738510
vn -0.44356483 0.81308118 -0.37702683
vn -0.44356483 0.81308118 -0.37702683
vn -0.44356483 0.81308118 -0.37702683
vn 0.44356650 0.81308085 -0.37702558
vn 0.44356650 0.81308085 -0.37702558
vn 0.44356650 0.81308085 -0.37702558
vn -0.44356483 -0.81308118 -0.37702683
vn -0.44356483 -0.81308118 -0.37702683
vn -0.44356483 -0.81308118 -0.37702683
vn 0.44356650 -0.81308085 -0.37702558
vn 0.44356650 -0.81308085 -0.37702558
vn 0.44356650 -0.81308085 -0.37702558
vn 0.44356674 0.81307940 0.37702844
vn 0.44356674 0.81307940 0.37702844
vn 0.44356674 0.81307940 0.37702844
vn -0.44356835 0.81307912 0.37702714
vn -0.44356835 0.81307912 0.37702714
vn -0.44356835 0.81307912 0.37702714
vn -0.44356718 -0.81307962 0.37702744
vn -0.44356718 -0.81307962 0.37702744
vn -0.44356718 -0.81307962 0.37702744
vn 0.44356558 -0.81307989 0.37702874
vn 0.44356558 -0.81307989 0.37702874
vn 0.44356558 -0.81307989 0.37702874
vn -0.00000057 0.00000000 1.00000000
vn -0.00000057 0.00000000 1.00000000
vn -0.00000057 0.00000000 1.00000000
vn -0.00000057 0.00000000 1.00000000
vn -1.00000000 0.00000000 -0.00000130
vn -1.00000000 0.00000000 -0.00000130
vn -1.00000000 0.00000000 -0.00000130
vn -1.00000000 0.00000000 -0.00000130
vn 1.00000000 0.00000000 0.00000130
vn 1.00000000 0.00000000 0.00000130
vn 1.00000000 0.00000000 0.00000130
vn 1.00000000 0.00000000 0.00000130
vn -0.00000236 0.00000047 1.00000000
vn -0.00000236 0.00000047 1.00000000
vn -0.00000236 0.00000047 1.00000000
vn -0.00000236 0.00000047 1.00000000
vn 0.00000000 1.00000000 0.00000000
vn 0.00000000 1.00000000 0.00000000
vn 0.00000000 1.00000000 0.00000000
vn 0.00000000 1.00000000 0.00000000
vn -0.00000236 0.00000019 1.00000000
vn -0.00000236 0.00000019 1.00000000
vn -0.00000236 0.00000019 1.00000000
vn -0.00000236 0.00000019 1.00000000
vn 0.00000000 -1.00000000 0.00000000
vn 0.00000000 -1.00000000 0.00000000
vn 0.00000000 -1.00000000 0.00000000
vn 0.00000000 -1.00000000 0.00000000
vn 0.00000099 0.90721155 -0.42067471
vn 0.00000099 0.90721155 -0.42067471
vn 0.00000099 0.90721155 -0.42067471
vn 0.00000099 0.90721155 -0.42067471
vn -0.76194291 -0.00000028 -0.64764420
vn -0.76194291 -0.00000028 -0.64764420
vn -0.76194291 -0.00000028 -0.64764420
vn -0.76194291 -0.00000028 -0.64764420
vn 0.00000099 -0.90721176 -0.42067425
vn 0.00000099 -0.90721176 -0.42067425
vn 0.00000099 -0.90721176 -0.42067425
vn 0.00000099 -0.90721176 -0.42067425
vn 0.76194373 -0.00000028 -0.64764322
vn 0.76194373 -0.00000028 -0.64764322
vn 0.76194373 -0.00000028 -0.64764322
vn 0.76194373 -0.00000028 -0.64764322
vn -0.00000099 0.90721096 0.42067597
vn -0.00000099 0.90721096 0.42067597
vn -0.00000099 0.90721096 0.42067597
vn -0.00000099 0.90721096 0.42067597
vn -0.76194392 0.00000028 0.64764301
vn -0.76194392 0.00000028 0.64764301
vn -0.76194392 0.00000028 0.64764301
vn -0.76194392 0.00000028 0.64764301
vn -0.00000099 -0.90721096 0.42067597
vn -0.00000099 -0.90721096 0.42067597
vn -0.00000099 -0.90721096 0.42067597
vn -0.00000099 -0.90721096 0.42067597
vn 0.76194031 0.00000028 0.64764726
vn 0.76194031 0.00000028 0.64764726
vn 0.76194031 0.00000028 0.64764726
vn 0.76194031 0.00000028 0.64764726
vn -0.47890777 0.87786522 -0.00000062
vn -0.47890777 0.87786522 -0.00000062
vn -0.47890777 0.87786522 -0.00000062
vn -0.47890777 0.87786522 -0.00000062
vn 0.47890777 0.87786522 0.00000062
vn 0.47890777 0.87786522 0.00000062
vn 0.47890777 0.87786522 0.00000062
vn 0.47890777 0.87786522 0.00000062
vn -0.47890777 -0.87786522 -0.00000062
vn -0.47890777 -0.87786522 -0.00000062
vn -0.47890777 -0.87786522 -0.00000062
vn -0.47890777 -0.87786522 -0.00000062
vn 0.47890777 -0.87786522 0.00000062
vn 0.47890777 -0.87786522 0.00000062
vn 0.47890777 -0.87786522 0.00000062
vn 0.47890777 -0.87786522 0.00000062
vn 0.00000236 0.00000154 -1.00000000
vn 0.00000236 0.00000154 -1.00000000
vn 0.00000236 0.00000154 -1.00000000
vn 0.00000236 0.00000154 -1.00000000
vn 0.00000279 -0.00000048 -1.00000000
vn 0.00000279 -0.00000048 -1.00000000
vn 0.00000236 0.00000154 -1.00000000
vn 0.00000236 0.00000154 -1.00000000
vn 0.00000191 -0.00000045 -1.00000000
vn 0.00000191 -0.00000045 -1.00000000
vn 0.00000279 -0.00000048 -1.00000000
vn 0.00000279 -0.00000048 -1.00000000
vn 0.00000236 -0.00000045 -1.00000000
vn 0.00000236 -0.00000045 -1.00000000
vn 0.00000236 -0.00000045 -1.00000000
vn 0.00000236 -0.00000045 -1.00000000
vn -1.00000000 0.00000000 -0.00000130
vn -1.00000000 0.00000000 -0.00000130
vn -1.00000000 0.00000000 -0.00000130
vn -1.00000000 0.00000000 -0.00000130
vn 0.00000000 -1.00000000 0.00000000
vn 0.00000000 -1.00000000 0.00000000
vn 0.00000000 -1.00000000 0.00000000
vn 0.00000000 -1.00000000 0.00000000
vn 1.00000000 0.00000000 0.00000130
vn 1.00000000 0.00000000 0.00000130
vn 1.00000000 0.00000000 0.00000130
vn 1.00000000 0.00000000 0.00000130
vn 1.00000000 0.00000000 0.00000130
vn 1.00000000 0.00000000 0.00000130
vn 1.00000000 0.00000000 0.00000130
vn 1.00000000 0.00000000 0.00000130
vn 0.00000000 1.00000000 0.00000000
vn 0.00000000 1.00000000 0.00000000
vn 0.00000000 1.00000000 0.00000000
vn 0.00000000 1.00000000 0.00000000
vn 0.00000053 1.00000000 0.00000000
vn 0.00000053 1.00000000 0.00000000
vn 0.00000000 1.00000000 0.00000000
vn 0.00000053 1.00000000 0.00000000
vn 0.00000053 1.00000000 0.00000000
vn 0.00000000 1.00000000 0.00000000
vn 0.00000000 1.00000000 0.00000000
vn 0.00000000 1.00000000 0.00000000
vn 0.00000000 1.00000000 0.00000000
vn 0.00000000 1.00000000 0.00000000
vn 0.00000000 1.00000000 0.00000000
vn 0.00000000 1.00000000 0.00000000
vn 0.00000236 0.00000000 -1.00000000
vn 0.00000236 0.00000000 -1.00000000
vn 0.00000236 0.00000000 -1.00000000
vn 0.00000236 0.00000000 -1.00000000
vn -1.00000000 0.00000000 -0.00000130
vn -1.00000000 0.00000000 -0.00000130
vn -1.00000000 0.00000000 -0.00000130
vn -1.00000000 0.00000000 -0.00000130
vn -0.00070210 -0.99999190 0.00396904
vn -0.71637750 -0.69770800 -0.00261697
vn -0.66785170 -0.74428180 0.00429956
vn -0.00075380 -0.99999150 -0.00404292
vn -0.00048832 -0.70710660 -0.70710660
vn -0.57730410 -0.57740340 -0.57734310
vn 0.00048829 -0.70710680 -0.70710660
vn 0.00069500 -0.99999200 0.00393699
vn -0.00102923 -0.70355230 0.71064270
vn 0.00099038 -0.70601020 0.70820100
vn 0.00074661 -0.99999150 -0.00404227
vn 0.66779330 -0.74433490 0.00420714
vn 0.71661000 -0.69746870 -0.00275530
vn 0.57729300 -0.57739400 -0.57736390
vn -0.00037283 -0.00579599 0.99998320
vn 0.00099038 -0.70601020 0.70820100
vn -0.00102923 -0.70355230 0.71064270
vn 0.00037226 -0.00584392 0.99998280
vn 0.00069445 0.00595741 0.99998200
vn -0.00069445 0.00595731 0.99998200
vn -0.49758920 -0.00268897 0.86740860
vn -0.71008780 0.00432816 0.70409980
vn -0.00048833 0.70710710 0.70710620
vn -0.57729870 0.57736700 0.57738510
vn 0.00048835 0.70710710 0.70710630
vn 0.71008780 0.00432783 0.70409980
vn 0.49747510 -0.00255025 0.86747460
vn 0.57731520 0.57734960 0.57738610
vn -0.00096894 0.00860795 -0.99996260
vn -0.70147030 0.00580261 -0.71267500
vn -0.80250500 0.00566552 -0.59661850
vn -0.00074676 0.00869111 -0.99996200
vn -0.00048855 0.70710710 -0.70710630
vn -0.57738760 0.57737830 -0.57728480
vn 0.00048856 0.70710710 -0.70710620
vn 0.00096907 0.00855436 -0.99996290
vn -0.00120957 0.70165380 -0.71251700
vn 0.00119872 0.69974760 -0.71438930
vn 0.00074676 0.00869126 -0.99996200
vn 0.80249350 0.00569665 -0.59663370
vn 0.70146660 0.00580254 -0.71267870
vn 0.57740030 0.57737030 -0.57728020
vn -0.00102923 -0.70355230 0.71064270
vn -0.49758920 -0.00268897 0.86740860
vn -0.00037283 -0.00579599 0.99998320
vn -0.78589140 -0.31575400 0.53167100
vn -0.66785170 -0.74428180 0.00429956
vn -0.00070210 -0.99999190 0.00396904
vn -0.99941920 -0.00701533 0.03334612
vn -0.98855300 -0.00005383 0.15087380
vn -0.71008780 0.00432816 0.70409980
vn -0.99931380 -0.03703666 0.00035011
vn -0.99975970 -0.02151494 -0.00420047
vn -0.71637750 -0.69770800 -0.00261697
vn -0.70703450 -0.01405316 -0.70703940
vn -0.57730410 -0.57740340 -0.57734310
vn -0.99980500 0.01928828 -0.00422123
vn -0.70703450 0.01405586 -0.70703950
vn -0.99994790 0.01020453 -0.00006276
vn -0.72232410 0.69154810 -0.00301870
vn -0.57727600 0.57743570 -0.57733910
vn -0.78755400 0.61624000 -0.00266406
vn -0.99992720 0.00986256 -0.00695781
vn -0.86146560 0.38641370 -0.32948700
vn -0.99995470 0.00027713 -0.00952049
vn -0.80250500 0.00566552 -0.59661850
vn -0.00120957 0.70165380 -0.71251700
vn -0.00096894 0.00860795 -0.99996260
vn -0.99931750 0.00704562 -0.03625900
vn -0.70147030 0.00580261 -0.71267500
vn -0.99885630 0.00677546 0.04732935
vn -0.70680500 0.70680160 -0.02929608
vn -0.57738760 0.57737830 -0.57728480
vn -0.70680360 0.70680210 0.02931751
vn -0.57729870 0.57736700 0.57738510
vn 0.49747510 -0.00255025 0.86747460
vn 0.00099038 -0.70601020 0.70820100
vn 0.00037226 -0.00584392 0.99998280
vn 0.78363910 -0.30648340 0.54034960
vn 0.66779330 -0.74433490 0.00420714
vn 0.00069500 -0.99999200 0.00393699
vn 0.99941750 -0.00652196 0.03349595
vn 0.99932500 -0.03673469 0.00034269
vn 0.71661000 -0.69746870 -0.00275530
vn 0.98855430 -0.00004770 0.15086550
vn 0.99885630 0.00677581 0.04732933
vn 0.71008780 0.00432783 0.70409980
vn 0.70679800 0.70680770 0.02931624
vn 0.57731520 0.57734960 0.57738610
vn 0.99931760 0.00704605 -0.03625763
vn 0.70679890 0.70680790 -0.02929474
vn 0.99995470 0.00027642 -0.00952107
vn 0.70146660 0.00580254 -0.71267870
vn 0.57740030 0.57737030 -0.57728020
vn 0.80249350 0.00569665 -0.59663370
vn 0.99992530 0.00997927 -0.00706533
vn 0.99994810 0.01018739 -0.00006405
vn 0.85917030 0.38977050 -0.33151970
vn 0.00119872 0.69974760 -0.71438930
vn 0.00096907 0.00855436 -0.99996290
vn 0.78561000 0.61871610 -0.00269547
vn 0.99980280 0.01940597 -0.00421662
vn 0.71884390 0.69516520 -0.00298782
vn 0.99976450 -0.02129278 -0.00420330
vn 0.70703480 0.01405419 -0.70703910
vn 0.57730520 0.57740800 -0.57733760
vn 0.70703430 -0.01405261 -0.70703950
vn 0.57729300 -0.57739400 -0.57736390
vn -0.00120957 0.70165380 -0.71251700
vn -0.86146560 0.38641370 -0.32948700
vn -0.78755400 0.61624000 -0.00266406
vn -0.00087363 0.99998950 -0.00451455
vn 0.00119872 0.69974760 -0.71438930
vn -0.00073533 0.99998940 -0.00455674
vn -0.72232410 0.69154810 -0.00301870
vn -0.00048827 0.70710660 -0.70710660
vn -0.57727600 0.57743570 -0.57733910
vn 0.00073146 0.99998940 -0.00455754
vn 0.00048833 0.70710660 -0.70710680
vn 0.00087087 0.99998940 -0.00454283
vn 0.71884390 0.69516520 -0.00298782
vn 0.57730520 0.57740800 -0.57733760
vn 0.78561000 0.61871610 -0.00269547
vn 0.85917030 0.38977050 -0.33151970
vn -0.00048827 0.70710660 -0.70710660
vn -0.57727600 0.57743570 -0.57733910
vn -0.70703450 0.01405586 -0.70703950
vn -0.00071775 0.02072039 -0.99978510
vn 0.00048833 0.70710660 -0.70710680
vn -0.70703450 -0.01405316 -0.70703940
vn 0.00071774 0.02072144 -0.99978500
vn 0.70703480 0.01405419 -0.70703910
vn 0.57730520 0.57740800 -0.57733760
vn 0.70703430 -0.01405261 -0.70703950
vn 0.00071769 -0.02072003 -0.99978510
vn -0.00071772 -0.02072108 -0.99978500
vn -0.00048832 -0.70710660 -0.70710660
vn -0.57730410 -0.57740340 -0.57734310
vn 0.00048829 -0.70710680 -0.70710660
vn 0.57729300 -0.57739400 -0.57736390
vn -0.70680500 0.70680160 -0.02929608
vn -0.57738760 0.57737830 -0.57728480
vn -0.00048855 0.70710710 -0.70710630
vn -0.00070368 0.99909250 -0.04258818
vn -0.70680360 0.70680210 0.02931751
vn 0.00070368 0.99909250 -0.04258886
vn 0.00048856 0.70710710 -0.70710620
vn -0.00070387 0.99909260 0.04258478
vn 0.70679890 0.70680790 -0.02929474
vn 0.57740030 0.57737030 -0.57728020
vn 0.00070387 0.99909260 0.04258546
vn 0.70679800 0.70680770 0.02931624
vn 0.00048835 0.70710710 0.70710630
vn 0.57731520 0.57734960 0.57738610
vn -0.00048833 0.70710710 0.70710620
vn -0.57729870 0.57736700 0.57738510
vt 0.26777170 0.82155290
vt 0.26777170 0.82434540
vt 0.26539060 0.82434540
vt 0.26539060 0.84190510
vt 0.26777170 0.84190510
vt 0.26777170 0.84469760
vt 0.45126910 0.82155290
vt 0.45365050 0.82434540
vt 0.45126910 0.82434540
vt 0.45126910 0.84469750
vt 0.45126910 0.84190510
vt 0.45365050 0.84190510
vt 0.26777170 0.82155290
vt 0.26539060 0.82434540
vt 0.26777170 0.82434540
vt 0.26777170 0.84469760
vt 0.26777170 0.84190510
vt 0.26539060 0.84190510
vt 0.45126910 0.82155290
vt 0.45126910 0.82434540
vt 0.45365050 0.82434540
vt 0.45126910 0.84469750
vt 0.45365050 0.84190510
vt 0.45126910 0.84190510
vt 0.39926050 0.82434540
vt -0.19642320 0.82434540
vt -0.19642320 0.84190510
vt 0.39926050 0.84190510
vt 0.45126910 0.82434540
vt 0.26777170 0.82434540
vt 0.26777170 0.84190510
vt 0.45126910 0.84190510
vt 0.39926050 0.45126910
vt 0.39926050 0.26777170
vt -0.19642320 0.26777170
vt -0.19642320 0.45126910
vt 0.26777170 0.82434540
vt 0.45126910 0.82434540
vt 0.45126910 0.84190510
vt 0.26777170 0.84190510
vt 0.80357680 0.82434540
vt 1.39926100 0.82434540
vt 1.39926100 0.84190510
vt 0.80357680 0.84190510
vt 0.45126910 0.82155290
vt 0.45126910 0.82434540
vt 0.26777170 0.82434540
vt 0.26777170 0.82155290
vt 0.26539060 0.82434540
vt 0.26777170 0.82434540
vt 0.26777170 0.84190510
vt 0.26539060 0.84190510
vt 0.26777170 0.84469760
vt 0.26777170 0.84190510
vt 0.45126910 0.84190510
vt 0.45126910 0.84469750
vt 0.45365050 0.84190510
vt 0.45126910 0.84190510
vt 0.45126910 0.82434540
vt 0.45365050 0.82434540
vt 0.39926050 0.82155290
vt 0.39926050 0.82434540
vt -0.19642320 0.82434540
vt -0.19642320 0.82155290
vt 0.80357680 0.84469750
vt 0.80357680 0.84190510
vt 1.39926100 0.84190510
vt 1.39926100 0.84469750
vt 0.45126910 0.84190510
vt 0.45365050 0.84190510
vt 0.45365050 0.82434540
vt 0.45126910 0.82434540
vt 0.26777170 0.82155290
vt 0.26777170 0.82434540
vt 0.45126910 0.82434540
vt 0.45126910 0.82155290
vt 0.45126910 0.84469750
vt 0.45126910 0.84190510
vt 0.26777170 0.84190510
vt 0.26777170 0.84469760
vt 0.26539060 0.84190510
vt 0.26777170 0.84190510
vt 0.26777170 0.82434540
vt 0.26539060 0.82434540
vt 0.80357680 0.82155290
vt 0.80357680 0.82434540
vt 1.39926100 0.82434540
vt 1.39926100 0.82155290
vt 0.39926050 0.84469760
vt 0.39926050 0.84190510
vt -0.19642320 0.84190510
vt -0.19642320 0.84469760
vt 0.80357680 0.45126910
vt 0.80357680 0.26777170
vt 1.39926100 0.26777170
vt 1.39926100 0.45126910
vt 0.82622250 0.26900200
vt 0.82622250 0.26710560
vt 0.82786660 0.26900200
vt 0.82622250 0.26710560
vt 0.82622250 0.26900200
vt 0.82786660 0.26900200
vt 0.82622250 0.29052450
vt 0.82786660 0.29052450
vt 0.82622250 0.29242090
vt 0.82622250 0.29052450
vt 0.82622250 0.29242090
vt 0.82786660 0.29052450
vt 0.80519310 0.26900200
vt 0.80354910 0.26900200
vt 0.80519310 0.26710560
vt 0.80519310 0.26900200
vt 0.80519310 0.26710560
vt 0.80354910 0.26900200
vt 0.80519310 0.29052450
vt 0.80519310 0.29242090
vt 0.80354910 0.29052450
vt 0.80519310 0.29052450
vt 0.80354910 0.29052450
vt 0.80519310 0.29242090
vt 0.82622250 0.42819760
vt 0.82622250 0.42630150
vt 0.82786660 0.42819760
vt 0.82622250 0.42630150
vt 0.82622250 0.42819760
vt 0.82786660 0.42819760
vt 0.82622250 0.44972040
vt 0.82786660 0.44972040
vt 0.82622250 0.45161650
vt 0.82622250 0.44972040
vt 0.82622250 0.45161650
vt 0.82786660 0.44972040
vt 0.80519310 0.42819760
vt 0.80354910 0.42819760
vt 0.80519310 0.42630150
vt 0.80519310 0.42819760
vt 0.80519310 0.42630150
vt 0.80354910 0.42819760
vt 0.80519310 0.44972040
vt 0.80519310 0.45161650
vt 0.80354910 0.44972040
vt 0.80519310 0.44972040
vt 0.80354910 0.44972040
vt 0.80519310 0.45161650
vt 0.37652160 0.26900200
vt 0.37487750 0.26900200
vt 0.37652160 0.26710560
vt 0.37652160 0.26710560
vt 0.37487750 0.26900200
vt 0.37652160 0.26900200
vt 0.37652160 0.29052450
vt 0.37652160 0.29242090
vt 0.37487750 0.29052450
vt 0.37652160 0.29052450
vt 0.37487750 0.29052450
vt 0.37652160 0.29242090
vt 0.39755080 0.26900200
vt 0.39755080 0.26710560
vt 0.39919500 0.26900200
vt 0.39755080 0.26900200
vt 0.39919500 0.26900200
vt 0.39755080 0.26710560
vt 0.39755080 0.29052450
vt 0.39919500 0.29052450
vt 0.39755080 0.29242090
vt 0.39755080 0.29052450
vt 0.39755080 0.29242090
vt 0.39919500 0.29052450
vt 0.37652160 0.42819760
vt 0.37487750 0.42819760
vt 0.37652160 0.42630150
vt 0.37652160 0.42630150
vt 0.37487750 0.42819760
vt 0.37652160 0.42819760
vt 0.37652160 0.44972040
vt 0.37652160 0.45161650
vt 0.37487750 0.44972040
vt 0.37652160 0.44972040
vt 0.37487750 0.44972040
vt 0.37652160 0.45161650
vt 0.39755080 0.42819760
vt 0.39755080 0.42630150
vt 0.39919500 0.42819760
vt 0.39755080 0.42819760
vt 0.39919500 0.42819760
vt 0.39755080 0.42630150
vt 0.39755080 0.44972040
vt 0.39919500 0.44972040
vt 0.39755080 0.45161650
vt 0.39755080 0.44972040
vt 0.39755080 0.45161650
vt 0.39919500 0.44972040
vt 0.26900200 0.49591370
vt 0.26900200 0.82323190
vt 0.29052450 0.82323190
vt 0.29052450 0.49591370
vt 0.80519310 0.49591370
vt 0.80519310 0.82323190
vt 0.82622250 0.82323190
vt 0.82622250 0.49591370
vt 0.29052450 0.49591370
vt 0.29052450 0.82323190
vt 0.26900200 0.82323190
vt 0.26900200 0.49591370
vt 0.82622250 0.29052450
vt 0.80519310 0.29052450
vt 0.80519310 0.26900200
vt 0.82622250 0.26900200
vt 0.80519310 0.29052450
vt 0.82622250 0.29052450
vt 0.82622250 0.26900200
vt 0.80519310 0.26900200
vt 0.82622250 0.49591370
vt 0.82622250 0.82323190
vt 0.80519310 0.82323190
vt 0.80519310 0.49591370
vt 0.82786660 0.29052450
vt 0.82622250 0.29052450
vt 0.82622250 0.26900200
vt 0.82786660 0.26900200
vt 0.26900200 0.49591370
vt 0.26710560 0.49591370
vt 0.26710560 0.82323190
vt 0.26900200 0.82323190
vt 0.82786660 0.26900200
vt 0.82622250 0.26900200
vt 0.82622250 0.29052450
vt 0.82786660 0.29052450
vt 0.29052450 0.82323190
vt 0.29242090 0.82323190
vt 0.29242090 0.49591370
vt 0.29052450 0.49591370
vt 0.80519310 0.29242090
vt 0.80519310 0.29052450
vt 0.82622250 0.29052450
vt 0.82622250 0.29242090
vt 0.82622250 0.29242090
vt 0.82622250 0.29052450
vt 0.80519310 0.29052450
vt 0.80519310 0.29242090
vt 0.29242090 0.82323190
vt 0.29052450 0.82323190
vt 0.29052450 0.49591370
vt 0.29242090 0.49591370
vt 0.80354910 0.26900200
vt 0.80519310 0.26900200
vt 0.80519310 0.29052450
vt 0.80354910 0.29052450
vt 0.80354910 0.29052450
vt 0.80519310 0.29052450
vt 0.80519310 0.26900200
vt 0.80354910 0.26900200
vt 0.26900200 0.82323190
vt 0.26710560 0.82323190
vt 0.26710560 0.49591370
vt 0.26900200 0.49591370
vt 0.82622250 0.26710560
vt 0.82622250 0.26900200
vt 0.80519310 0.26900200
vt 0.80519310 0.26710560
vt 0.80519310 0.26710560
vt 0.80519310 0.26900200
vt 0.82622250 0.26900200
vt 0.82622250 0.26710560
vt 0.42819760 0.49591360
vt 0.42819760 0.82323190
vt 0.44972040 0.82323190
vt 0.44972040 0.49591360
vt 0.80519310 0.49591360
vt 0.80519310 0.82323190
vt 0.82622250 0.82323190
vt 0.82622250 0.49591360
vt 0.44972040 0.49591360
vt 0.44972040 0.82323190
vt 0.42819760 0.82323190
vt 0.42819760 0.49591360
vt 0.82622250 0.44972040
vt 0.80519310 0.44972040
vt 0.80519310 0.42819760
vt 0.82622250 0.42819760
vt 0.80519310 0.44972040
vt 0.82622250 0.44972040
vt 0.82622250 0.42819760
vt 0.80519310 0.42819760
vt 0.82622250 0.49591360
vt 0.82622250 0.82323190
vt 0.80519310 0.82323190
vt 0.80519310 0.49591360
vt 0.82786660 0.44972040
vt 0.82622250 0.44972040
vt 0.82622250 0.42819760
vt 0.82786660 0.42819760
vt 0.42819760 0.49591360
vt 0.42630150 0.49591360
vt 0.42630150 0.82323190
vt 0.42819760 0.82323190
vt 0.82786660 0.42819760
vt 0.82622250 0.42819760
vt 0.82622250 0.44972040
vt 0.82786660 0.44972040
vt 0.44972040 0.82323190
vt 0.45161650 0.82323190
vt 0.45161650 0.49591360
vt 0.44972040 0.49591360
vt 0.80519310 0.45161650
vt 0.80519310 0.44972040
vt 0.82622250 0.44972040
vt 0.82622250 0.45161650
vt 0.82622250 0.45161650
vt 0.82622250 0.44972040
vt 0.80519310 0.44972040
vt 0.80519310 0.45161650
vt 0.45161650 0.82323190
vt 0.44972040 0.82323190
vt 0.44972040 0.49591360
vt 0.45161650 0.49591360
vt 0.80354910 0.42819760
vt 0.80519310 0.42819760
vt 0.80519310 0.44972040
vt 0.80354910 0.44972040
vt 0.80354910 0.44972040
vt 0.80519310 0.44972040
vt 0.80519310 0.42819760
vt 0.80354910 0.42819760
vt 0.42819760 0.82323190
vt 0.42630150 0.82323190
vt 0.42630150 0.49591360
vt 0.42819760 0.49591360
vt 0.82622250 0.42630150
vt 0.82622250 0.42819760
vt 0.80519310 0.42819760
vt 0.80519310 0.42630150
vt 0.80519310 0.42630150
vt 0.80519310 0.42819760
vt 0.82622250 0.42819760
vt 0.82622250 0.42630150
vt 0.37652160 0.29052450
vt 0.37652160 0.26900200
vt 0.39755080 0.26900200
vt 0.39755080 0.29052450
vt 0.39755080 0.49591370
vt 0.37652160 0.49591370
vt 0.37652160 0.82323190
vt 0.39755080 0.82323190
vt 0.29052450 0.49591370
vt 0.26900200 0.49591370
vt 0.26900200 0.82323190
vt 0.29052450 0.82323190
vt 0.39755080 0.29052450
vt 0.39755080 0.26900200
vt 0.37652160 0.26900200
vt 0.37652160 0.29052450
vt 0.26900200 0.49591370
vt 0.29052450 0.49591370
vt 0.29052450 0.82323190
vt 0.26900200 0.82323190
vt 0.37652160 0.49591370
vt 0.39755080 0.49591370
vt 0.39755080 0.82323190
vt 0.37652160 0.82323190
vt 0.37652160 0.29052450
vt 0.37487750 0.29052450
vt 0.37487750 0.26900200
vt 0.37652160 0.26900200
vt 0.26710560 0.49591370
vt 0.26900200 0.49591370
vt 0.26900200 0.82323190
vt 0.26710560 0.82323190
vt 0.37652160 0.26900200
vt 0.37487750 0.26900200
vt 0.37487750 0.29052450
vt 0.37652160 0.29052450
vt 0.29242090 0.82323190
vt 0.29052450 0.82323190
vt 0.29052450 0.49591370
vt 0.29242090 0.49591370
vt 0.39755080 0.29052450
vt 0.39755080 0.29242090
vt 0.37652160 0.29242090
vt 0.37652160 0.29052450
vt 0.37652160 0.29052450
vt 0.37652160 0.29242090
vt 0.39755080 0.29242090
vt 0.39755080 0.29052450
vt 0.29052450 0.82323190
vt 0.29242090 0.82323190
vt 0.29242090 0.49591370
vt 0.29052450 0.49591370
vt 0.39755080 0.26900200
vt 0.39919500 0.26900200
vt 0.39919500 0.29052450
vt 0.39755080 0.29052450
vt 0.39755080 0.29052450
vt 0.39919500 0.29052450
vt 0.39919500 0.26900200
vt 0.39755080 0.26900200
vt 0.26710560 0.82323190
vt 0.26900200 0.82323190
vt 0.26900200 0.49591370
vt 0.26710560 0.49591370
vt 0.37652160 0.26900200
vt 0.37652160 0.26710560
vt 0.39755080 0.26710560
vt 0.39755080 0.26900200
vt 0.39755080 0.26900200
vt 0.39755080 0.26710560
vt 0.37652160 0.26710560
vt 0.37652160 0.26900200
vt 0.39755080 0.49591360
vt 0.37652160 0.49591360
vt 0.37652160 0.82323190
vt 0.39755080 0.82323190
vt 0.44972040 0.49591360
vt 0.42819760 0.49591360
vt 0.42819760 0.82323190
vt 0.44972040 0.82323190
vt 0.39755080 0.44972040
vt 0.39755080 0.42819760
vt 0.37652160 0.42819760
vt 0.37652160 0.44972040
vt 0.42819760 0.49591360
vt 0.44972040 0.49591360
vt 0.44972040 0.82323190
vt 0.42819760 0.82323190
vt 0.37652160 0.49591360
vt 0.39755080 0.49591360
vt 0.39755080 0.82323190
vt 0.37652160 0.82323190
vt 0.37652160 0.44972040
vt 0.37487750 0.44972040
vt 0.37487750 0.42819760
vt 0.37652160 0.42819760
vt 0.42630150 0.49591360
vt 0.42819760 0.49591360
vt 0.42819760 0.82323190
vt 0.42630150 0.82323190
vt 0.37652160 0.42819760
vt 0.37487750 0.42819760
vt 0.37487750 0.44972040
vt 0.37652160 0.44972040
vt 0.45161650 0.82323190
vt 0.44972040 0.82323190
vt 0.44972040 0.49591360
vt 0.45161650 0.49591360
vt 0.39755080 0.44972040
vt 0.39755080 0.45161650
vt 0.37652160 0.45161650
vt 0.37652160 0.44972040
vt 0.37652160 0.44972040
vt 0.37652160 0.45161650
vt 0.39755080 0.45161650
vt 0.39755080 0.44972040
vt 0.44972040 0.82323190
vt 0.45161650 0.82323190
vt 0.45161650 0.49591360
vt 0.44972040 0.49591360
vt 0.39755080 0.42819760
vt 0.39919500 0.42819760
vt 0.39919500 0.44972040
vt 0.39755080 0.44972040
vt 0.39755080 0.44972040
vt 0.39919500 0.44972040
vt 0.39919500 0.42819760
vt 0.39755080 0.42819760
vt 0.42630150 0.82323190
vt 0.42819760 0.82323190
vt 0.42819760 0.49591360
vt 0.42630150 0.49591360
vt 0.37652160 0.42819760
vt 0.37652160 0.42630150
vt 0.39755080 0.42630150
vt 0.39755080 0.42819760
vt 0.39755080 0.42819760
vt 0.39755080 0.42630150
vt 0.37652160 0.42630150
vt 0.37652160 0.42819760
vt 0.37652160 0.44972040
vt 0.37652160 0.42819760
vt 0.39755080 0.42819760
vt 0.39755080 0.44972040
vt 0.29255820 0.51248840
vt 0.29255820 0.82226510
vt 0.42680670 0.82226500
vt 0.42680670 0.51248830
vt 0.81628010 0.51248830
vt 0.81628010 0.82226500
vt 0.80411890 0.82226500
vt 0.80411890 0.51248830
vt 0.42680670 0.51248830
vt 0.42680670 0.82226500
vt 0.29255820 0.82226510
vt 0.29255820 0.51248840
vt 0.80411890 0.51248840
vt 0.80411890 0.82226510
vt 0.81628010 0.82226510
vt 0.81628010 0.51248840
vt 0.81628010 0.42680670
vt 0.80411890 0.42680670
vt 0.80411890 0.29255820
vt 0.81628010 0.29255820
vt 0.80411890 0.42680670
vt 0.81628010 0.42680670
vt 0.81628010 0.29255820
vt 0.80411890 0.29255820
vt 0.29255820 0.51248840
vt 0.42680670 0.51248830
vt 0.42680670 0.82226500
vt 0.29255820 0.82226510
vt 0.38699270 0.51248830
vt 0.39915390 0.51248830
vt 0.39915390 0.82226500
vt 0.38699270 0.82226500
vt 0.42680670 0.51248830
vt 0.29255820 0.51248840
vt 0.29255820 0.82226510
vt 0.42680670 0.82226500
vt 0.39915390 0.51248840
vt 0.38699270 0.51248840
vt 0.38699270 0.82226510
vt 0.39915390 0.82226510
vt 0.38699270 0.42680670
vt 0.38699270 0.29255820
vt 0.39915390 0.29255820
vt 0.39915390 0.42680670
vt 0.39915390 0.42680670
vt 0.39915390 0.29255820
vt 0.38699270 0.29255820
vt 0.38699270 0.42680670
vt 0.82547930 0.51248830
vt 0.82547930 0.82226500
vt 1.37726500 0.82226500
vt 1.37726500 0.51248830
vt 0.43827680 0.51248830
vt 0.43827680 0.82226500
vt 0.45230340 0.82226500
vt 0.45230340 0.51248830
vt 0.37726470 0.51248830
vt 0.37726470 0.82226500
vt -0.17452070 0.82226500
vt -0.17452070 0.51248830
vt 0.45230340 0.51248830
vt 0.45230340 0.82226500
vt 0.43827680 0.82226500
vt 0.43827680 0.51248830
vt 0.37726470 0.43827680
vt 0.37726470 0.45230340
vt -0.17452070 0.45230340
vt -0.17452070 0.43827680
vt 0.37726470 0.45230340
vt 0.37726470 0.43827680
vt -0.17452070 0.43827680
vt -0.17452070 0.45230340
vt 0.09810399 0.66237600
vt 0.37726470 0.66737670
vt 0.37226490 0.66237670
vt 0.09935208 0.66737570
vt 0.37226490 0.67237670
vt 0.09617958 0.67237650
vt 0.10487630 0.67237680
vt -0.17452070 0.66737670
vt -0.16952070 0.67237670
vt 0.28204920 0.51248840
vt 0.26802250 0.51248840
vt 0.26802250 0.66737670
vt 0.26802250 0.82226510
vt 0.28204920 0.82226510
vt 0.26802250 0.66237670
vt 0.38849880 0.66237670
vt 0.38849880 0.51748840
vt 0.26802250 0.51748840
vt 0.28204920 0.82226510
vt 0.26802250 0.82226510
vt 0.26802250 0.66737670
vt 0.26802250 0.51248840
vt 0.28204920 0.51248840
vt 0.09946347 0.26802250
vt 0.37726470 0.26802250
vt 0.37726470 0.28204920
vt -0.17452070 0.28204920
vt -0.17452070 0.26802250
vt -0.17452070 0.28204920
vt 0.37726470 0.28204920
vt 0.37726470 0.26802250
vt 0.09898653 0.26802250
vt -0.17452070 0.26802250
vt 0.26802250 0.51748840
vt 0.38849880 0.51748840
vt 0.38849880 0.66237670
vt 0.26802250 0.66237670
vt 0.37226490 0.51748840
vt 0.09946402 0.51248770
vt 0.09617966 0.51748830
vt 0.37726470 0.51248840
vt 0.37226490 0.66237670
vt 0.37726470 0.66737670
vt 0.09810380 0.66237720
vt 0.09935256 0.66737700
vt 0.37226490 0.67237670
vt 0.09617950 0.67237650
vt 0.37226490 0.81726500
vt 0.37726470 0.82226510
vt 0.09810422 0.81726530
vt 0.10137210 0.82226530
vt 0.10487620 0.51748940
vt -0.17452070 0.51248840
vt -0.16952070 0.51748840
vt 0.10487630 0.67237560
vt -0.17452070 0.66737670
vt -0.16952070 0.67237670
vt 0.83047930 0.51748840
vt 0.82547930 0.51248840
vt 0.82547930 0.66737670
vt 0.83047930 0.66237670
vt 1.10309100 0.66737650
vt 1.10695200 0.66237730
vt 0.83047930 0.67237670
vt 0.82547930 0.82226510
vt 0.83047930 0.81726500
vt 1.10309100 0.82226380
vt 1.10695200 0.81726530
vt 0.10695190 0.67237800
vt -0.16952070 0.67237680
vt -0.16952070 0.81726500
vt 0.10695190 0.81726500
vt 0.10695190 0.51748830
vt -0.16952070 0.51748840
vt -0.16952070 0.66237670
vt 0.10695190 0.66237680
vt 0.37226490 0.51748840
vt 0.09617922 0.51748850
vt 0.09617957 0.66237710
vt 0.37226490 0.66237670
vt 0.37226490 0.67237680
vt 0.09617920 0.67237770
vt 0.09617925 0.81726590
vt 0.37226490 0.81726500
vt 0.09617946 0.26802250
vt 0.09617921 0.38849880
vt 0.37226490 0.38849880
vt 0.37226490 0.26802250
vt 0.10695220 0.26802250
vt 0.10695190 0.38849880
vt -0.16952070 0.38849880
vt -0.16952070 0.26802250
vt 0.83047930 0.26802250
vt 0.83047930 0.38849880
vt 1.10695200 0.38849880
vt 1.10695200 0.26802260
vt 0.26802250 0.67237670
vt 0.38849880 0.67237680
vt 0.38849880 0.81726500
vt 0.26802250 0.81726500
vt 0.37226490 0.26802250
vt 0.37226490 0.38849880
vt 0.09617919 0.38849880
vt 0.09617948 0.26802250
vt 0.26802250 0.81726500
vt 0.38849880 0.81726500
vt 0.38849880 0.67237680
vt 0.26802250 0.67237670
vt 0.10695220 0.26802250
vt 0.10695190 0.38849880
vt -0.16952070 0.38849880
vt -0.16952070 0.26802250
vt 0.37226490 0.26802250
vt 0.37226490 0.38849880
vt 0.09617921 0.38849880
vt 0.09617947 0.26802250
vt 0.83047930 0.26802250
vt 0.83047930 0.38849880
vt 1.10695200 0.38849880
vt 1.10695200 0.26802250
vt 0.09617946 0.26802250
vt 0.09617921 0.38849880
vt 0.37226490 0.38849880
vt 0.37226490 0.26802250
vt 0.83047930 0.66237670
vt 0.82547930 0.66737670
vt 1.10309100 0.66737660
vt 1.10695200 0.66237680
vt 0.37226490 0.26802250
vt 0.37226490 0.38849880
vt 0.09617916 0.38849880
vt 0.09617946 0.26802250
vt 0.10695220 0.26802250
vt 0.10695190 0.38849880
vt -0.16952070 0.38849880
vt -0.16952070 0.26802250
vt 0.83047930 0.26802250
vt 0.83047930 0.38849880
vt 1.10695200 0.38849900
vt 1.10695200 0.26802260
vt 0.09617946 0.26802250
vt 0.09617919 0.38849880
vt 0.37226490 0.38849880
vt 0.37226490 0.26802250
vt 0.09810399 0.66237650
vt 0.37726470 0.66737670
vt 0.37226490 0.66237670
vt 0.09935188 0.66737620
vt 0.37226490 0.67237670
vt 0.09617951 0.67237670
vt 0.10487620 0.67237670
vt -0.17452070 0.66737670
vt -0.16952070 0.67237670
vt 0.83047930 0.66237670
vt 0.82547930 0.66737670
vt 1.10309000 0.66737650
vt 1.10695200 0.66237700
vt 0.37226490 0.26802250
vt 0.37226490 0.38849880
vt 0.09617919 0.38849880
vt 0.09617947 0.26802250
vt 0.10695220 0.26802250
vt 0.10695190 0.38849880
vt -0.16952070 0.38849880
vt -0.16952070 0.26802250
vt 0.83047930 0.26802250
vt 0.83047930 0.38849880
vt 1.10695200 0.38849880
vt 1.10695200 0.26802250
vt 0.09617946 0.26802250
vt 0.09617920 0.38849880
vt 0.37226490 0.38849880
vt 0.37226490 0.26802250
vt 0.83013750 0.26403520
vt 0.82720020 0.26403520
vt 0.83013750 0.26697250
vt 0.26403520 0.82129900
vt 0.26697250 0.81836160
vt 0.26403520 0.81836160
vt 0.82720020 0.26403520
vt 0.83013750 0.26403520
vt 0.83013750 0.26697250
vt 0.09671378 0.26403520
vt 0.09965110 0.26403520
vt 0.09671378 0.26697250
vt 0.25742100 0.82129900
vt 0.25742100 0.81836160
vt 0.25448370 0.81836160
vt 0.83013750 0.25742100
vt 0.83013750 0.25448370
vt 0.82720020 0.25742100
vt 0.82720020 0.25742100
vt 0.83013750 0.25448370
vt 0.83013750 0.25742100
vt 0.09671378 0.25742100
vt 0.09671378 0.25448370
vt 0.09965110 0.25742100
vt 0.00000000 0.00000000
vt 0.00000000 1.00000000
vt 1.00000000 1.00000000
vt 1.00000000 0.00000000
vt 0.26403520 0.81836160
vt 0.25742100 0.81836160
vt 0.25742100 0.67128010
vt 0.26403520 0.67128010
vt 0.26403520 0.67128010
vt 0.25742100 0.67128010
vt 0.25742100 0.81836160
vt 0.26403520 0.81836160
vt 0.09671378 0.67128010
vt -0.16986250 0.67128010
vt -0.16986250 0.81836160
vt 0.09671378 0.81836160
vt 0.09671378 0.26403520
vt 0.09671378 0.25742100
vt -0.16986250 0.25742100
vt -0.16986250 0.26403520
vt 0.08283973 0.81336160
vt 0.08283973 0.68499660
vt -0.15598850 0.68499660
vt -0.15598850 0.81336160
vt 0.83013750 0.26403520
vt 0.83013750 0.25742100
vt 1.09671400 0.25742100
vt 1.09671400 0.26403520
vt 0.09671378 0.26697250
vt 0.09671378 0.26403520
vt -0.16986250 0.26403520
vt -0.16986250 0.26697250
vt 0.83013750 0.81836160
vt 0.82720020 0.81836160
vt 0.82720020 0.67128010
vt 0.83013750 0.67128010
vt 0.09671378 0.26403520
vt 0.09671378 0.26697250
vt -0.16986250 0.26697250
vt -0.16986250 0.26403520
vt 0.26403520 0.81836160
vt 0.26697250 0.81836160
vt 0.26697250 0.67128010
vt 0.26403520 0.67128010
vt 0.09671378 0.25742100
vt 0.09671378 0.25448370
vt -0.16986250 0.25448370
vt -0.16986250 0.25742100
vt 0.82720020 0.81836160
vt 0.83013750 0.81836160
vt 0.83013750 0.67128010
vt 0.82720020 0.67128010
vt 0.09671378 0.25448370
vt 0.09671378 0.25742100
vt -0.16986250 0.25742100
vt -0.16986250 0.25448370
vt 0.25448370 0.81836160
vt 0.25742100 0.81836160
vt 0.25742100 0.67128010
vt 0.25448370 0.67128010
vt 0.82720020 0.26403520
vt 0.83013750 0.26403520
vt 0.83013750 0.25742100
vt 0.82720020 0.25742100
vt 0.25742100 0.81836160
vt 0.25742100 0.82129900
vt 0.26403520 0.82129900
vt 0.26403520 0.81836160
vt 0.83013750 0.26403520
vt 0.82720020 0.26403520
vt 0.82720020 0.25742100
vt 0.83013750 0.25742100
vt 0.09965110 0.26403520
vt 0.09671378 0.26403520
vt 0.09671378 0.25742100
vt 0.09965110 0.25742100
vt 0.09171391 0.81336160
vt -0.16986250 0.81836160
vt -0.16486250 0.81336160
vt 0.09671378 0.81836160
vt 0.09171391 0.67628010
vt 0.09671378 0.67128010
vt 0.83513750 0.81336160
vt 0.83013750 0.81836160
vt 0.83013750 0.67128010
vt 0.83513750 0.67628010
vt 1.09671400 0.67128010
vt 1.09171400 0.67628010
vt 0.09171391 0.67628010
vt 0.09171391 0.81336160
vt -0.16486250 0.81336160
vt -0.16486250 0.67628010
vt 0.26697250 0.67628010
vt 0.38335990 0.67628010
vt 0.38335990 0.81336160
vt 0.26697250 0.81336160
vt 0.09171391 0.26697250
vt 0.09171391 0.38335990
vt -0.16486250 0.38335990
vt -0.16486250 0.26697250
vt 0.26697250 0.81336160
vt 0.38335990 0.81336160
vt 0.38335990 0.67628010
vt 0.26697250 0.67628010
vt 0.37448600 0.81336160
vt 0.37448600 0.68499660
vt 0.27584650 0.68499660
vt 0.27584650 0.81336160
vt 0.08283973 0.27584650
vt -0.16486250 0.26697250
vt -0.15598850 0.27584650
vt 0.09171391 0.26697250
vt 0.08283973 0.37448600
vt 0.09171391 0.38335990
vt 0.84401150 0.37448600
vt 1.09171400 0.38335990
vt 1.08284000 0.37448600
vt 0.83513750 0.38335990
vt 0.84401150 0.27584650
vt 0.83513750 0.26697250
vt 0.84401150 0.27584650
vt 0.84401150 0.37448600
vt 1.08284000 0.37448600
vt 1.08284000 0.27584650
vt 0.84401150 0.81336160
vt 0.84401150 0.68499660
vt 1.08284000 0.68499660
vt 1.08284000 0.81336160
vt 0.27584650 0.81336160
vt 0.27584650 0.68499660
vt 0.37448600 0.68499660
vt 0.37448600 0.81336160
vt -9.83188200 -0.01871353
vt -9.83247500 -0.08070290
vt -9.83248000 -0.01879346
vt -9.83186400 -0.08070290
vt -9.83186200 -0.08131450
vt -9.83236400 -0.08120203
vt -9.48561400 -0.08131449
vt -9.48557900 -0.01869657
vt -9.83188000 -0.01811397
vt -9.48558600 -0.01810888
vt -9.48561200 -0.08070283
vt -9.48499100 -0.01877561
vt -9.48500200 -0.08070282
vt -9.48511200 -0.08120205
vt -9.83193900 -0.22917620
vt -9.48552900 -0.22977560
vt -9.83193800 -0.22977550
vt -9.48553900 -0.22917610
vt -9.48555600 -0.18728290
vt -9.83192100 -0.18728300
vt -9.83254200 -0.22853370
vt -9.83253300 -0.18728300
vt -9.83192300 -0.18667110
vt -9.83242000 -0.18678360
vt -9.48555600 -0.18667100
vt -9.48494300 -0.18728300
vt -9.48493400 -0.22853350
vt -9.48505600 -0.18678360
vt -9.83198400 0.27365800
vt -9.83259900 0.24511130
vt -9.83260300 0.27399040
vt -9.83198800 0.24511130
vt -9.83198600 0.24449910
vt -9.83248800 0.24461180
vt -9.48544200 0.24449900
vt -9.48544700 0.27365810
vt -9.83199900 0.27427320
vt -9.48543700 0.27427320
vt -9.48544200 0.24511130
vt -9.48482900 0.27399040
vt -9.48483200 0.24511130
vt -9.48494200 0.24461170
vt -9.22004600 0.42014370
vt -9.22003300 0.42139080
vt -9.21979500 0.42074560
vt -9.22025400 0.42051780
vt -9.22072900 0.42016770
vt -9.22064900 0.41989440
vt -9.22077400 0.42141320
vt -9.22068200 0.42290790
vt -9.22005000 0.46281080
vt -9.22099400 0.42079470
vt -9.28291200 0.42076330
vt -9.28291200 0.42014890
vt -9.28352600 0.42076320
vt -9.28341500 0.42026180
vt -9.28291300 0.43241990
vt -9.28352700 0.43242000
vt -9.22713400 0.43237350
vt -9.28291300 0.43303420
vt -9.28341400 0.43292140
vt -9.22753900 0.43302930
vt -9.22637300 0.43254910
vt -9.22688300 0.43326850
vt -9.22605400 0.43297490
vt -9.22662000 0.43382810
vt -9.22713500 0.43354420
vt -9.22688700 0.43416150
vt -9.22601600 0.46281080
vt -9.22663000 0.46281080
vt -9.22066400 0.46281080
vt -9.22601800 0.46342520
vt -9.22652000 0.46331220
vt -9.22066600 0.46342520
vt -9.22016400 0.46331230
vt -9.28329200 0.55273880
vt -9.28328300 0.55149190
vt -9.28352600 0.55209370
vt -9.28307600 0.55186250
vt -9.28261400 0.55151070
vt -9.28269200 0.55124250
vt -9.28255500 0.55274980
vt -9.28235100 0.55212640
vt -9.22041000 0.55149690
vt -9.28264100 0.55425610
vt -9.28265900 0.59415910
vt -9.28327300 0.59415910
vt -9.28265900 0.59477350
vt -9.28315900 0.59466060
vt -9.27730500 0.59415910
vt -9.27730700 0.59477350
vt -9.27726700 0.56432310
vt -9.27669000 0.59415910
vt -9.27680400 0.59466060
vt -9.27670400 0.56517620
vt -9.27695400 0.56390050
vt -9.27619100 0.56372590
vt -9.27644000 0.56461870
vt -9.27618600 0.56489260
vt -9.27643600 0.56550970
vt -9.27577700 0.56438030
vt -9.22041000 0.56376800
vt -9.22041000 0.56438220
vt -9.22041100 0.55211130
vt -9.21979500 0.56376820
vt -9.21990800 0.56426950
vt -9.21979700 0.55211130
vt -9.21990900 0.55160980
vt -9.83188500 0.10127380
vt -9.83249200 0.10102440
vt -9.83249300 0.10167870
vt -9.83190000 0.10186710
vt -9.48557700 0.10127790
vt -9.83187500 0.15681320
vt -9.83248500 0.15681320
vt -9.83187400 0.15742500
vt -9.83237400 0.15731260
vt -9.48558200 0.15681320
vt -9.48558100 0.15742500
vt -9.48556900 0.10188040
vt -9.48497000 0.15681320
vt -9.48508400 0.15731250
vt -9.48496600 0.10168540
vt -9.48496500 0.10102610
vt -9.83237600 0.32120140
vt -9.83287400 0.32131380
vt -9.83298700 0.32181500
vt -9.83237300 0.32181500
vt -9.48504500 0.32120130
vt -9.83298900 0.33345600
vt -9.48504400 0.32181500
vt -9.48443000 0.32181500
vt -9.48454300 0.32131380
vt -9.48443200 0.33345590
vt -9.48504400 0.33345590
vt -9.83237500 0.33345600
vt -9.83237500 0.33406960
vt -9.83287400 0.33395700
vt -9.48504400 0.33406950
vt -9.48454300 0.33395700
vt -9.83363800 0.36572210
vt -9.83352200 0.36622500
vt -9.83302000 0.36633830
vt -9.83302100 0.36572230
vt -9.83363600 0.36035720
vt -9.48439800 0.36572220
vt -9.48439900 0.36633820
vt -9.83302000 0.36035720
vt -9.48378300 0.36572200
vt -9.48389500 0.36622500
vt -9.48439700 0.36035710
vt -9.48378300 0.36035710
vt -9.48439900 0.35974150
vt -9.48389500 0.35985470
vt -9.83302000 0.35974160
vt -9.83352200 0.35985470
vt 0.83013750 0.26403520
vt 0.82720020 0.26403520
vt 0.83013750 0.26697250
vt 0.26403520 0.82129900
vt 0.26697250 0.81836160
vt 0.26403520 0.81836160
vt 0.82720020 0.26403520
vt 0.83013750 0.26403520
vt 0.83013750 0.26697250
vt 0.09671378 0.26403520
vt 0.09965110 0.26403520
vt 0.09671378 0.26697250
vt 0.25742100 0.82129900
vt 0.25742100 0.81836160
vt 0.25448370 0.81836160
vt 0.83013750 0.25742100
vt 0.83013750 0.25448370
vt 0.82720020 0.25742100
vt 0.82720020 0.25742100
vt 0.83013750 0.25448370
vt 0.83013750 0.25742100
vt 0.09671378 0.25742100
vt 0.09671378 0.25448370
vt 0.09965110 0.25742100
vt 0.00000000 0.00000000
vt 0.00000000 1.00000000
vt 1.00000000 1.00000000
vt 1.00000000 0.00000000
vt 0.26403520 0.81836160
vt 0.25742100 0.81836160
vt 0.25742100 0.67128010
vt 0.26403520 0.67128010
vt 0.26403520 0.67128010
vt 0.25742100 0.67128010
vt 0.25742100 0.81836160
vt 0.26403520 0.81836160
vt 0.09671378 0.67128010
vt -0.16986250 0.67128010
vt -0.16986250 0.81836160
vt 0.09671378 0.81836160
vt 0.09671378 0.26403520
vt 0.09671378 0.25742100
vt -0.16986250 0.25742100
vt -0.16986250 0.26403520
vt 0.08283973 0.81336160
vt 0.08283973 0.68499660
vt -0.15598850 0.68499660
vt -0.15598850 0.81336160
vt 0.83013750 0.26403520
vt 0.83013750 0.25742100
vt 1.09671400 0.25742100
vt 1.09671400 0.26403520
vt 0.09671378 0.26697250
vt 0.09671378 0.26403520
vt -0.16986250 0.26403520
vt -0.16986250 0.26697250
vt 0.83013750 0.81836160
vt 0.82720020 0.81836160
vt 0.82720020 0.67128010
vt 0.83013750 0.67128010
vt 0.09671378 0.26403520
vt 0.09671378 0.26697250
vt -0.16986250 0.26697250
vt -0.16986250 0.26403520
vt 0.26403520 0.81836160
vt 0.26697250 0.81836160
vt 0.26697250 0.67128010
vt 0.26403520 0.67128010
vt 0.09671378 0.25742100
vt 0.09671378 0.25448370
vt -0.16986250 0.25448370
vt -0.16986250 0.25742100
vt 0.82720020 0.81836160
vt 0.83013750 0.81836160
vt 0.83013750 0.67128010
vt 0.82720020 0.67128010
vt 0.09671378 0.25448370
vt 0.09671378 0.25742100
vt -0.16986250 0.25742100
vt -0.16986250 0.25448370
vt 0.25448370 0.81836160
vt 0.25742100 0.81836160
vt 0.25742100 0.67128010
vt 0.25448370 0.67128010
vt 0.82720020 0.26403520
vt 0.83013750 0.26403520
vt 0.83013750 0.25742100
vt 0.82720020 0.25742100
vt 0.25742100 0.81836160
vt 0.25742100 0.82129900
vt 0.26403520 0.82129900
vt 0.26403520 0.81836160
vt 0.83013750 0.26403520
vt 0.82720020 0.26403520
vt 0.82720020 0.25742100
vt 0.83013750 0.25742100
vt 0.09965110 0.26403520
vt 0.09671378 0.26403520
vt 0.09671378 0.25742100
vt 0.09965110 0.25742100
vt 0.09171391 0.81336160
vt -0.16986250 0.81836160
vt -0.16486250 0.81336160
vt 0.09671378 0.81836160
vt 0.09171391 0.67628010
vt 0.09671378 0.67128010
vt 0.83513750 0.81336160
vt 0.83013750 0.81836160
vt 0.83013750 0.67128010
vt 0.83513750 0.67628010
vt 1.09671400 0.67128010
vt 1.09171400 0.67628010
vt 0.09171391 0.67628010
vt 0.09171391 0.81336160
vt -0.16486250 0.81336160
vt -0.16486250 0.67628010
vt 0.26697250 0.67628010
vt 0.38335990 0.67628010
vt 0.38335990 0.81336160
vt 0.26697250 0.81336160
vt 0.09171391 0.26697250
vt 0.09171391 0.38335990
vt -0.16486250 0.38335990
vt -0.16486250 0.26697250
vt 0.26697250 0.81336160
vt 0.38335990 0.81336160
vt 0.38335990 0.67628010
vt 0.26697250 0.67628010
vt 0.37448600 0.81336160
vt 0.37448600 0.68499660
vt 0.27584650 0.68499660
vt 0.27584650 0.81336160
vt 0.08283973 0.27584650
vt -0.16486250 0.26697250
vt -0.15598850 0.27584650
vt 0.09171391 0.26697250
vt 0.08283973 0.37448600
vt 0.09171391 0.38335990
vt 0.84401150 0.37448600
vt 1.09171400 0.38335990
vt 1.08284000 0.37448600
vt 0.83513750 0.38335990
vt 0.84401150 0.27584650
vt 0.83513750 0.26697250
vt 0.84401150 0.27584650
vt 0.84401150 0.37448600
vt 1.08284000 0.37448600
vt 1.08284000 0.27584650
vt 0.84401150 0.81336160
vt 0.84401150 0.68499660
vt 1.08284000 0.68499660
vt 1.08284000 0.81336160
vt 0.27584650 0.81336160
vt 0.27584650 0.68499660
vt 0.37448600 0.68499660
vt 0.37448600 0.81336160
vt -9.83188200 -0.01871353
vt -9.83247500 -0.08070290
vt -9.83248000 -0.01879346
vt -9.83186400 -0.08070290
vt -9.83186200 -0.08131450
vt -9.83236400 -0.08120203
vt -9.48561400 -0.08131449
vt -9.48557900 -0.01869657
vt -9.83188000 -0.01811397
vt -9.48558600 -0.01810888
vt -9.48561200 -0.08070283
vt -9.48499100 -0.01877561
vt -9.48500200 -0.08070282
vt -9.48511200 -0.08120205
vt -9.83193900 -0.22917620
vt -9.48552900 -0.22977560
vt -9.83193800 -0.22977550
vt -9.48553900 -0.22917610
vt -9.48555600 -0.18728290
vt -9.83192100 -0.18728300
vt -9.83254200 -0.22853370
vt -9.83253300 -0.18728300
vt -9.83192300 -0.18667110
vt -9.83242000 -0.18678360
vt -9.48555600 -0.18667100
vt -9.48494300 -0.18728300
vt -9.48493400 -0.22853350
vt -9.48505600 -0.18678360
vt -9.83198400 0.27365800
vt -9.83259900 0.24511130
vt -9.83260300 0.27399040
vt -9.83198800 0.24511130
vt -9.83198600 0.24449910
vt -9.83248800 0.24461180
vt -9.48544200 0.24449900
vt -9.48544700 0.27365810
vt -9.83199900 0.27427320
vt -9.48543700 0.27427320
vt -9.48544200 0.24511130
vt -9.48482900 0.27399040
vt -9.48483200 0.24511130
vt -9.48494200 0.24461170
vt -9.22004600 0.42014370
vt -9.22003300 0.42139080
vt -9.21979500 0.42074560
vt -9.22025400 0.42051780
vt -9.22072900 0.42016770
vt -9.22064900 0.41989440
vt -9.22077400 0.42141320
vt -9.22068200 0.42290790
vt -9.22005000 0.46281080
vt -9.22099400 0.42079470
vt -9.28291200 0.42076330
vt -9.28291200 0.42014890
vt -9.28352600 0.42076320
vt -9.28341500 0.42026180
vt -9.28291300 0.43241990
vt -9.28352700 0.43242000
vt -9.22713400 0.43237350
vt -9.28291300 0.43303420
vt -9.28341400 0.43292140
vt -9.22753900 0.43302930
vt -9.22637300 0.43254910
vt -9.22688300 0.43326850
vt -9.22605400 0.43297490
vt -9.22662000 0.43382810
vt -9.22713500 0.43354420
vt -9.22688700 0.43416150
vt -9.22601600 0.46281080
vt -9.22663000 0.46281080
vt -9.22066400 0.46281080
vt -9.22601800 0.46342520
vt -9.22652000 0.46331220
vt -9.22066600 0.46342520
vt -9.22016400 0.46331230
vt -9.28329200 0.55273880
vt -9.28328300 0.55149190
vt -9.28352600 0.55209370
vt -9.28307600 0.55186250
vt -9.28261400 0.55151070
vt -9.28269200 0.55124250
vt -9.28255500 0.55274980
vt -9.28235100 0.55212640
vt -9.22041000 0.55149690
vt -9.28264100 0.55425610
vt -9.28265900 0.59415910
vt -9.28327300 0.59415910
vt -9.28265900 0.59477350
vt -9.28315900 0.59466060
vt -9.27730500 0.59415910
vt -9.27730700 0.59477350
vt -9.27726700 0.56432310
vt -9.27669000 0.59415910
vt -9.27680400 0.59466060
vt -9.27670400 0.56517620
vt -9.27695400 0.56390050
vt -9.27619100 0.56372590
vt -9.27644000 0.56461870
vt -9.27618600 0.56489260
vt -9.27643600 0.56550970
vt -9.27577700 0.56438030
vt -9.22041000 0.56376800
vt -9.22041000 0.56438220
vt -9.22041100 0.55211130
vt -9.21979500 0.56376820
vt -9.21990800 0.56426950
vt -9.21979700 0.55211130
vt -9.21990900 0.55160980
vt -9.83188500 0.10127380
vt -9.83249200 0.10102440
vt -9.83249300 0.10167870
vt -9.83190000 0.10186710
vt -9.48557700 0.10127790
vt -9.83187500 0.15681320
vt -9.83248500 0.15681320
vt -9.83187400 0.15742500
vt -9.83237400 0.15731260
vt -9.48558200 0.15681320
vt -9.48558100 0.15742500
vt -9.48556900 0.10188040
vt -9.48497000 0.15681320
vt -9.48508400 0.15731250
vt -9.48496600 0.10168540
vt -9.48496500 0.10102610
vt -9.83237600 0.32120140
vt -9.83287400 0.32131380
vt -9.83298700 0.32181500
vt -9.83237300 0.32181500
vt -9.48504500 0.32120130
vt -9.83298900 0.33345600
vt -9.48504400 0.32181500
vt -9.48443000 0.32181500
vt -9.48454300 0.32131380
vt -9.48443200 0.33345590
vt -9.48504400 0.33345590
vt -9.83237500 0.33345600
vt -9.83237500 0.33406960
vt -9.83287400 0.33395700
vt -9.48504400 0.33406950
vt -9.48454300 0.33395700
vt -9.83363800 0.36572210
vt -9.83352200 0.36622500
vt -9.83302000 0.36633830
vt -9.83302100 0.36572230
vt -9.83363600 0.36035720
vt -9.48439800 0.36572220
vt -9.48439900 0.36633820
vt -9.83302000 0.36035720
vt -9.48378300 0.36572200
vt -9.48389500 0.36622500
vt -9.48439700 0.36035710
vt -9.48378300 0.36035710
vt -9.48439900 0.35974150
vt -9.48389500 0.35985470
vt -9.83302000 0.35974160
vt -9.83352200 0.35985470
f 3/3/3 2/2/2 1/1/1
f 6/6/6 5/5/5 4/4/4
f 9/9/9 8/8/8 7/7/7
f 12/12/12 11/11/11 10/10/10
f 15/15/15 14/14/14 13/13/13
f 18/18/18 17/17/17 16/16/16
f 21/21/21 20/20/20 19/19/19
f 24/24/24 23/23/23 22/22/22
f 27/27/27 26/26/26 25/25/25
f 28/28/28 27/27/27 25/25/25
f 31/31/31 30/30/30 29/29/29
f 32/32/32 31/31/31 29/29/29
f 35/35/35 34/34/34 33/33/33
f 36/36/36 35/35/35 33/33/33
f 39/39/39 38/38/38 37/37/37
f 40/40/40 39/39/39 37/37/37
f 43/43/43 42/42/42 41/41/41
f 44/44/44 43/43/43 41/41/41
f 47/47/47 46/46/46 45/45/45
f 48/48/48 47/47/47 45/45/45
f 51/51/51 50/50/50 49/49/49
f 52/52/52 51/51/51 49/49/49
f 55/55/55 54/54/54 53/53/53
f 56/56/56 55/55/55 53/53/53
f 59/59/59 58/58/58 57/57/57
f 60/60/60 59/59/59 57/57/57
f 63/63/63 62/62/62 61/61/61
f 64/64/64 63/63/63 61/61/61
f 67/67/67 66/66/66 65/65/65
f 68/68/68 67/67/67 65/65/65
f 71/71/71 70/70/70 69/69/69
f 72/72/72 71/71/71 69/69/69
f 75/75/75 74/74/74 73/73/73
f 76/76/76 75/75/75 73/73/73
f 79/79/79 78/78/78 77/77/77
f 80/80/80 79/79/79 77/77/77
f 83/83/83 82/82/82 81/81/81
f 84/84/84 83/83/83 81/81/81
f 87/87/87 86/86/86 85/85/85
f 88/88/88 87/87/87 85/85/85
f 91/91/91 90/90/90 89/89/89
f 92/92/92 91/91/91 89/89/89
f 95/95/95 94/94/94 93/93/93
f 96/96/96 95/95/95 93/93/93
f 99/99/99 98/98/98 97/97/97
f 102/102/102 101/101/101 100/100/100
f 105/105/105 104/104/104 103/103/103
f 108/108/108 107/107/107 106/106/106
f 111/111/111 110/110/110 109/109/109
f 114/114/114 113/113/113 112/112/112
f 117/117/117 116/116/116 115/115/115
f 120/120/120 119/119/119 118/118/118
f 123/123/123 122/122/122 121/121/121
f 126/126/126 125/125/125 124/124/124
f 129/129/129 128/128/128 127/127/127
f 132/132/132 131/131/131 130/130/130
f 135/135/135 134/134/134 133/133/133
f 138/138/138 137/137/137 136/136/136
f 141/141/141 140/140/140 139/139/139
f 144/144/144 143/143/143 142/142/142
f 147/147/147 146/146/146 145/145/145
f 150/150/150 149/149/149 148/148/148
f 153/153/153 152/152/152 151/151/151
f 156/156/156 155/155/155 154/154/154
f 159/159/159 158/158/158 157/157/157
f 162/162/162 161/161/161 160/160/160
f 165/165/165 164/164/164 163/163/163
f 168/168/168 167/167/167 166/166/166
f 171/171/171 170/170/170 169/169/169
f 174/174/174 173/173/173 172/172/172
f 177/177/177 176/176/176 175/175/175
f 180/180/180 179/179/179 178/178/178
f 183/183/183 182/182/182 181/181/181
f 186/186/186 185/185/185 184/184/184
f 189/189/189 188/188/188 187/187/187
f 192/192/192 191/191/191 190/190/190
f 195/195/195 194/194/194 193/193/193
f 196/196/196 195/195/195 193/193/193
f 199/199/199 198/198/198 197/197/197
f 200/200/200 199/199/199 197/197/197
f 203/203/203 202/202/202 201/201/201
f 204/204/204 203/203/203 201/201/201
f 207/207/207 206/206/206 205/205/205
f 208/208/208 207/207/207 205/205/205
f 211/211/211 210/210/210 209/209/209
f 212/212/212 211/211/211 209/209/209
f 215/215/215 214/214/214 213/213/213
f 216/216/216 215/215/215 213/213/213
f 219/219/219 218/218/218 217/217/217
f 220/220/220 219/219/219 217/217/217
f 223/223/223 222/222/222 221/221/221
f 224/224/224 223/223/223 221/221/221
f 227/227/227 226/226/226 225/225/225
f 228/228/228 227/227/227 225/225/225
f 231/231/231 230/230/230 229/229/229
f 232/232/232 231/231/231 229/229/229
f 235/235/235 234/234/234 233/233/233
f 236/236/236 235/235/235 233/233/233
f 239/239/239 238/238/238 237/237/237
f 240/240/240 239/239/239 237/237/237
f 243/243/243 242/242/242 241/241/241
f 244/244/244 243/243/243 241/241/241
f 247/247/247 246/246/246 245/245/245
f 248/248/248 247/247/247 245/245/245
f 251/251/251 250/250/250 249/249/249
f 252/252/252 251/251/251 249/249/249
f 255/255/255 254/254/254 253/253/253
f 256/256/256 255/255/255 253/253/253
f 259/259/259 258/258/258 257/257/257
f 260/260/260 259/259/259 257/257/257
f 263/263/263 262/262/262 261/261/261
f 264/264/264 263/263/263 261/261/261
f 267/267/267 266/266/266 265/265/265
f 268/268/268 267/267/267 265/265/265
f 271/271/271 270/270/270 269/269/269
f 272/272/272 271/271/271 269/269/269
f 275/275/275 274/274/274 273/273/273
f 276/276/276 275/275/275 273/273/273
f 279/279/279 278/278/278 277/277/277
f 280/280/280 279/279/279 277/277/277
f 283/283/283 282/282/282 281/281/281
f 284/284/284 283/283/283 281/281/281
f 287/287/287 286/286/286 285/285/285
f 288/288/288 287/287/287 285/285/285
f 291/291/291 290/290/290 289/289/289
f 292/292/292 291/291/291 289/289/289
f 295/295/295 294/294/294 293/293/293
f 296/296/296 295/295/295 293/293/293
f 299/299/299 298/298/298 297/297/297
f 300/300/300 299/299/299 297/297/297
f 303/303/303 302/302/302 301/301/301
f 304/304/304 303/303/303 301/301/301
f 307/307/307 306/306/306 305/305/305
f 308/308/308 307/307/307 305/305/305
f 311/311/311 310/310/310 309/309/309
f 312/312/312 311/311/311 309/309/309
f 315/315/315 314/314/314 313/313/313
f 316/316/316 315/315/315 313/313/313
f 319/319/319 318/318/318 317/317/317
f 320/320/320 319/319/319 317/317/317
f 323/323/323 322/322/322 321/321/321
f 324/324/324 323/323/323 321/321/321
f 327/327/327 326/326/326 325/325/325
f 328/328/328 327/327/327 325/325/325
f 331/331/331 330/330/330 329/329/329
f 332/332/332 331/331/331 329/329/329
f 335/335/335 334/334/334 333/333/333
f 336/336/336 335/335/335 333/333/333
f 339/339/339 338/338/338 337/337/337
f 340/340/340 339/339/339 337/337/337
f 343/343/343 342/342/342 341/341/341
f 344/344/344 343/343/343 341/341/341
f 347/347/347 346/346/346 345/345/345
f 348/348/348 347/347/347 345/345/345
f 351/351/351 350/350/350 349/349/349
f 352/352/352 351/351/351 349/349/349
f 355/355/355 354/354/354 353/353/353
f 356/356/356 355/355/355 353/353/353
f 359/359/359 358/358/358 357/357/357
f 360/360/360 359/359/359 357/357/357
f 363/363/363 362/362/362 361/361/361
f 364/364/364 363/363/363 361/361/361
f 367/367/367 366/366/366 365/365/365
f 368/368/368 367/367/367 365/365/365
f 371/371/371 370/370/370 369/369/369
f 372/372/372 371/371/371 369/369/369
f 375/375/375 374/374/374 373/373/373
f 376/376/376 375/375/375 373/373/373
f 379/379/379 378/378/378 377/377/377
f 380/380/380 379/379/379 377/377/377
f 383/383/383 382/382/382 381/381/381
f 384/384/384 383/383/383 381/381/381
f 387/387/387 386/386/386 385/385/385
f 388/388/388 387/387/387 385/385/385
f 391/391/391 390/390/390 389/389/389
f 392/392/392 391/391/391 389/389/389
f 395/395/395 394/394/394 393/393/393
f 396/396/396 395/395/395 393/393/393
f 399/399/399 398/398/398 397/397/397
f 400/400/400 399/399/399 397/397/397
f 403/403/403 402/402/402 401/401/401
f 404/404/404 403/403/403 401/401/401
f 407/407/407 406/406/406 405/405/405
f 408/408/408 407/407/407 405/405/405
f 411/411/411 410/410/410 409/409/409
f 412/412/412 411/411/411 409/409/409
f 415/415/415 414/414/414 413/413/413
f 416/416/416 415/415/415 413/413/413
f 419/419/419 418/418/418 417/417/417
f 420/420/420 419/419/419 417/417/417
f 423/423/423 422/422/422 421/421/421
f 424/424/424 423/423/423 421/421/421
f 427/427/427 426/426/426 425/425/425
f 428/428/428 427/427/427 425/425/425
f 431/431/431 430/430/430 429/429/429
f 432/432/432 431/431/431 429/429/429
f 435/435/435 434/434/434 433/433/433
f 436/436/436 435/435/435 433/433/433
f 439/439/439 438/438/438 437/437/437
f 440/440/440 439/439/439 437/437/437
f 443/443/443 442/442/442 441/441/441
f 444/444/444 443/443/443 441/441/441
f 447/447/447 446/446/446 445/445/445
f 448/448/448 447/447/447 445/445/445
f 451/451/451 450/450/450 449/449/449
f 452/452/452 451/451/451 449/449/449
f 455/455/455 454/454/454 453/453/453
f 456/456/456 455/455/455 453/453/453
f 459/459/459 458/458/458 457/457/457
f 460/460/460 459/459/459 457/457/457
f 463/463/463 462/462/462 461/461/461
f 464/464/464 463/463/463 461/461/461
f 467/467/467 466/466/466 465/465/465
f 468/468/468 467/467/467 465/465/465
f 471/471/471 470/470/470 469/469/469
f 472/472/472 471/471/471 469/469/469
f 475/475/475 474/474/474 473/473/473
f 476/476/476 475/475/475 473/473/473
f 479/479/479 478/478/478 477/477/477
f 480/480/480 479/479/479 477/477/477
f 483/483/483 482/482/482 481/481/481
f 484/484/484 483/483/483 481/481/481
f 487/487/487 486/486/486 485/485/485
f 488/488/488 487/487/487 485/485/485
f 491/491/491 490/490/490 489/489/489
f 492/492/492 491/491/491 489/489/489
f 495/495/495 494/494/494 493/493/493
f 496/496/496 495/495/495 493/493/493
f 499/499/499 498/498/498 497/497/497
f 500/500/500 499/499/499 497/497/497
f 503/503/503 502/502/502 501/501/501
f 504/504/504 503/503/503 501/501/501
f 507/507/507 506/506/506 505/505/505
f 508/508/508 507/507/507 505/505/505
f 511/511/511 510/510/510 509/509/509
f 512/512/512 511/511/511 509/509/509
f 515/515/515 514/514/514 513/513/513
f 516/516/516 515/515/515 513/513/513
f 519/519/519 518/518/518 517/517/517
f 520/520/520 519/519/519 517/517/517
f 523/523/523 522/522/522 521/521/521
f 524/524/524 523/523/523 521/521/521
f 527/527/527 526/526/526 525/525/525
f 528/528/528 527/527/527 525/525/525
f 531/531/531 530/530/530 529/529/529
f 532/532/532 531/531/531 529/529/529
f 535/535/535 534/534/534 533/533/533
f 536/536/536 535/535/535 533/533/533
f 539/539/539 538/538/538 537/537/537
f 540/540/540 539/539/539 537/537/537
f 543/543/543 542/542/542 541/541/541
f 544/544/544 543/543/543 541/541/541
f 547/547/547 546/546/546 545/545/545
f 548/548/548 547/547/547 545/545/545
f 551/551/551 550/550/550 549/549/549
f 552/552/552 551/551/551 549/549/549
f 555/555/555 554/554/554 553/553/553
f 554/554/554 556/556/556 553/553/553
f 556/556/556 554/554/554 557/557/557
f 558/558/558 556/556/556 557/557/557
f 560/560/560 556/556/556 559/559/559
f 561/561/561 560/560/560 559/559/559
f 564/564/564 563/563/563 562/562/562
f 562/562/562 565/565/565 564/564/564
f 562/562/562 566/566/566 565/565/565
f 569/569/569 568/568/568 567/567/567
f 570/570/570 569/569/569 567/567/567
f 573/573/573 572/572/572 571/571/571
f 571/571/571 574/574/574 573/573/573
f 571/571/571 575/575/575 574/574/574
f 578/578/578 577/577/577 576/576/576
f 576/576/576 579/579/579 578/578/578
f 576/576/576 580/580/580 579/579/579
f 583/583/583 582/582/582 581/581/581
f 581/581/581 584/584/584 583/583/583
f 581/581/581 585/585/585 584/584/584
f 588/588/588 587/587/587 586/586/586
f 589/589/589 588/588/588 586/586/586
f 592/592/592 591/591/591 590/590/590
f 591/591/591 593/593/593 590/590/590
f 590/590/590 593/593/593 594/594/594
f 593/593/593 595/595/595 594/594/594
f 594/594/594 595/595/595 596/596/596
f 595/595/595 597/597/597 596/596/596
f 597/597/597 595/595/595 598/598/598
f 599/599/599 597/597/597 598/598/598
f 598/598/598 595/595/595 600/600/600
f 595/595/595 601/601/601 600/600/600
f 600/600/600 601/601/601 602/602/602
f 601/601/601 603/603/603 602/602/602
f 605/605/605 591/591/591 604/604/604
f 606/606/606 605/605/605 604/604/604
f 608/608/608 597/597/597 607/607/607
f 609/609/609 608/608/608 607/607/607
f 612/612/612 611/611/611 610/610/610
f 613/613/613 612/612/612 610/610/610
f 614/614/614 612/612/612 613/613/613
f 615/615/615 614/614/614 613/613/613
f 617/617/617 612/612/612 616/616/616
f 618/618/618 617/617/617 616/616/616
f 619/619/619 617/617/617 618/618/618
f 620/620/620 619/619/619 618/618/618
f 623/623/623 622/622/622 621/621/621
f 624/624/624 623/623/623 621/621/621
f 627/627/627 626/626/626 625/625/625
f 628/628/628 627/627/627 625/625/625
f 631/631/631 630/630/630 629/629/629
f 632/632/632 631/631/631 629/629/629
f 635/635/635 634/634/634 633/633/633
f 636/636/636 635/635/635 633/633/633
f 639/639/639 638/638/638 637/637/637
f 640/640/640 639/639/639 637/637/637
f 643/643/643 642/642/642 641/641/641
f 644/644/644 643/643/643 641/641/641
f 647/647/647 646/646/646 645/645/645
f 648/648/648 647/647/647 645/645/645
f 651/651/651 650/650/650 649/649/649
f 652/652/652 651/651/651 649/649/649
f 655/655/655 654/654/654 653/653/653
f 656/656/656 655/655/655 653/653/653
f 659/659/659 658/658/658 657/657/657
f 660/660/660 659/659/659 657/657/657
f 663/663/663 662/662/662 661/661/661
f 664/664/664 663/663/663 661/661/661
f 667/667/667 666/666/666 665/665/665
f 668/668/668 667/667/667 665/665/665
f 671/671/671 670/670/670 669/669/669
f 672/672/672 671/671/671 669/669/669
f 675/675/675 674/674/674 673/673/673
f 676/676/676 675/675/675 673/673/673
f 679/679/679 678/678/678 677/677/677
f 680/680/680 679/679/679 677/677/677
f 683/683/683 682/682/682 681/681/681
f 684/684/684 683/683/683 681/681/681
f 687/687/687 686/686/686 685/685/685
f 688/688/688 687/687/687 685/685/685
f 691/691/691 690/690/690 689/689/689
f 692/692/692 691/691/691 689/689/689
f 695/695/695 694/694/694 693/693/693
f 696/696/696 695/695/695 693/693/693
f 699/699/699 698/698/698 697/697/697
f 698/698/698 700/700/700 697/697/697
f 700/700/700 698/698/698 701/701/701
f 702/702/702 700/700/700 701/701/701
f 704/704/704 700/700/700 703/703/703
f 705/705/705 704/704/704 703/703/703
f 708/708/708 707/707/707 706/706/706
f 709/709/709 708/708/708 706/706/706
f 712/712/712 711/711/711 710/710/710
f 713/713/713 712/712/712 710/710/710
f 716/716/716 715/715/715 714/714/714
f 717/717/717 716/716/716 714/714/714
f 720/720/720 719/719/719 718/718/718
f 721/721/721 720/720/720 718/718/718
f 724/724/724 723/723/723 722/722/722
f 725/725/725 724/724/724 722/722/722
f 728/728/728 727/727/727 726/726/726
f 731/731/731 730/730/730 729/729/729
f 734/734/734 733/733/733 732/732/732
f 737/737/737 736/736/736 735/735/735
f 740/740/740 739/739/739 738/738/738
f 743/743/743 742/742/742 741/741/741
f 746/746/746 745/745/745 744/744/744
f 749/749/749 748/748/748 747/747/747
f 752/752/752 751/751/751 750/750/750
f 753/753/753 752/752/752 750/750/750
f 756/756/756 755/755/755 754/754/754
f 757/757/757 756/756/756 754/754/754
f 760/760/760 759/759/759 758/758/758
f 761/761/761 760/760/760 758/758/758
f 764/764/764 763/763/763 762/762/762
f 765/765/765 764/764/764 762/762/762
f 768/768/768 767/767/767 766/766/766
f 769/769/769 768/768/768 766/766/766
f 772/772/772 771/771/771 770/770/770
f 773/773/773 772/772/772 770/770/770
f 776/776/776 775/775/775 774/774/774
f 777/777/777 776/776/776 774/774/774
f 780/780/780 779/779/779 778/778/778
f 781/781/781 780/780/780 778/778/778
f 784/784/784 783/783/783 782/782/782
f 785/785/785 784/784/784 782/782/782
f 788/788/788 787/787/787 786/786/786
f 789/789/789 788/788/788 786/786/786
f 792/792/792 791/791/791 790/790/790
f 793/793/793 792/792/792 790/790/790
f 796/796/796 795/795/795 794/794/794
f 797/797/797 796/796/796 794/794/794
f 800/800/800 799/799/799 798/798/798
f 801/801/801 800/800/800 798/798/798
f 804/804/804 803/803/803 802/802/802
f 805/805/805 804/804/804 802/802/802
f 808/808/808 807/807/807 806/806/806
f 809/809/809 808/808/808 806/806/806
f 812/812/812 811/811/811 810/810/810
f 813/813/813 812/812/812 810/810/810
f 816/816/816 815/815/815 814/814/814
f 817/817/817 816/816/816 814/814/814
f 820/820/820 819/819/819 818/818/818
f 821/821/821 820/820/820 818/818/818
f 824/824/824 823/823/823 822/822/822
f 825/825/825 824/824/824 822/822/822
f 828/828/828 827/827/827 826/826/826
f 827/827/827 829/829/829 826/826/826
f 826/826/826 829/829/829 830/830/830
f 829/829/829 831/831/831 830/830/830
f 834/834/834 833/833/833 832/832/832
f 835/835/835 834/834/834 832/832/832
f 836/836/836 834/834/834 835/835/835
f 837/837/837 836/836/836 835/835/835
f 840/840/840 839/839/839 838/838/838
f 841/841/841 840/840/840 838/838/838
f 844/844/844 843/843/843 842/842/842
f 845/845/845 844/844/844 842/842/842
f 848/848/848 847/847/847 846/846/846
f 849/849/849 848/848/848 846/846/846
f 852/852/852 851/851/851 850/850/850
f 853/853/853 852/852/852 850/850/850
f 856/856/856 855/855/855 854/854/854
f 857/857/857 856/856/856 854/854/854
f 860/860/860 859/859/859 858/858/858
f 859/859/859 861/861/861 858/858/858
f 858/858/858 861/861/861 862/862/862
f 861/861/861 863/863/863 862/862/862
f 866/866/866 865/865/865 864/864/864
f 865/865/865 867/867/867 864/864/864
f 864/864/864 867/867/867 868/868/868
f 867/867/867 869/869/869 868/868/868
f 872/872/872 871/871/871 870/870/870
f 873/873/873 872/872/872 870/870/870
f 876/876/876 875/875/875 874/874/874
f 877/877/877 876/876/876 874/874/874
f 880/880/880 879/879/879 878/878/878
f 881/881/881 880/880/880 878/878/878
f 884/884/884 883/883/883 882/882/882
f 883/883/883 885/885/885 882/882/882
f 885/885/885 883/883/883 886/886/886
f 883/883/883 887/887/887 886/886/886
f 886/886/886 888/888/888 885/885/885
f 889/889/889 882/882/882 885/885/885
f 882/882/882 889/889/889 890/890/890
f 889/889/889 891/891/891 890/890/890
f 892/892/892 889/889/889 885/885/885
f 888/888/888 892/892/892 885/885/885
f 889/889/889 892/892/892 893/893/893
f 892/892/892 894/894/894 893/893/893
f 892/892/892 888/888/888 894/894/894
f 888/888/888 895/895/895 894/894/894
f 898/898/898 897/897/897 896/896/896
f 897/897/897 899/899/899 896/896/896
f 899/899/899 900/900/900 896/896/896
f 900/900/900 901/901/901 896/896/896
f 896/896/896 901/901/901 902/902/902
f 901/901/901 903/903/903 902/902/902
f 901/901/901 904/904/904 903/903/903
f 901/901/901 900/900/900 904/904/904
f 904/904/904 905/905/905 903/903/903
f 900/900/900 906/906/906 904/904/904
f 907/907/907 900/900/900 899/899/899
f 900/900/900 907/907/907 906/906/906
f 908/908/908 907/907/907 899/899/899
f 907/907/907 909/909/909 906/906/906
f 912/912/912 911/911/911 910/910/910
f 911/911/911 913/913/913 910/910/910
f 913/913/913 911/911/911 914/914/914
f 911/911/911 915/915/915 914/914/914
f 914/914/914 916/916/916 913/913/913
f 910/910/910 913/913/913 917/917/917
f 910/910/910 917/917/917 918/918/918
f 917/917/917 919/919/919 918/918/918
f 913/913/913 920/920/920 917/917/917
f 916/916/916 920/920/920 913/913/913
f 917/917/917 920/920/920 921/921/921
f 920/920/920 922/922/922 921/921/921
f 920/920/920 916/916/916 922/922/922
f 916/916/916 923/923/923 922/922/922
f 926/926/926 925/925/925 924/924/924
f 925/925/925 927/927/927 924/924/924
f 924/924/924 927/927/927 928/928/928
f 929/929/929 924/924/924 928/928/928
f 930/930/930 927/927/927 925/925/925
f 928/928/928 927/927/927 930/930/930
f 931/931/931 930/930/930 925/925/925
f 925/925/925 932/932/932 931/931/931
f 933/933/933 928/928/928 930/930/930
f 933/933/933 934/934/934 928/928/928
f 934/934/934 935/935/935 928/928/928
f 934/934/934 936/936/936 935/935/935
f 936/936/936 937/937/937 935/935/935
f 936/936/936 934/934/934 938/938/938
f 939/939/939 936/936/936 938/938/938
f 934/934/934 933/933/933 940/940/940
f 938/938/938 934/934/934 940/940/940
f 938/938/938 941/941/941 939/939/939
f 941/941/941 938/938/938 940/940/940
f 941/941/941 942/942/942 939/939/939
f 943/943/943 941/941/941 940/940/940
f 940/940/940 933/933/933 944/944/944
f 940/940/940 944/944/944 943/943/943
f 933/933/933 930/930/930 944/944/944
f 944/944/944 945/945/945 943/943/943
f 944/944/944 930/930/930 946/946/946
f 930/930/930 931/931/931 946/946/946
f 947/947/947 945/945/945 944/944/944
f 946/946/946 947/947/947 944/944/944
f 948/948/948 945/945/945 947/947/947
f 949/949/949 948/948/948 947/947/947
f 946/946/946 950/950/950 947/947/947
f 946/946/946 931/931/931 950/950/950
f 950/950/950 951/951/951 947/947/947
f 931/931/931 952/952/952 950/950/950
f 932/932/932 952/952/952 931/931/931
f 950/950/950 953/953/953 951/951/951
f 950/950/950 952/952/952 953/953/953
f 953/953/953 954/954/954 951/951/951
f 952/952/952 955/955/955 953/953/953
f 952/952/952 932/932/932 955/955/955
f 932/932/932 956/956/956 955/955/955
f 959/959/959 958/958/958 957/957/957
f 958/958/958 960/960/960 957/957/957
f 961/961/961 960/960/960 958/958/958
f 962/962/962 961/961/961 958/958/958
f 963/963/963 960/960/960 961/961/961
f 957/957/957 960/960/960 963/963/963
f 964/964/964 963/963/963 961/961/961
f 961/961/961 965/965/965 964/964/964
f 966/966/966 957/957/957 963/963/963
f 966/966/966 967/967/967 957/957/957
f 967/967/967 968/968/968 957/957/957
f 967/967/967 969/969/969 968/968/968
f 969/969/969 970/970/970 968/968/968
f 969/969/969 967/967/967 971/971/971
f 972/972/972 969/969/969 971/971/971
f 967/967/967 966/966/966 973/973/973
f 971/971/971 967/967/967 973/973/973
f 971/971/971 974/974/974 972/972/972
f 974/974/974 971/971/971 973/973/973
f 974/974/974 975/975/975 972/972/972
f 976/976/976 974/974/974 973/973/973
f 973/973/973 966/966/966 977/977/977
f 966/966/966 963/963/963 977/977/977
f 973/973/973 977/977/977 976/976/976
f 977/977/977 963/963/963 978/978/978
f 963/963/963 964/964/964 978/978/978
f 977/977/977 979/979/979 976/976/976
f 976/976/976 979/979/979 980/980/980
f 981/981/981 976/976/976 980/980/980
f 982/982/982 979/979/979 977/977/977
f 978/978/978 982/982/982 977/977/977
f 978/978/978 983/983/983 982/982/982
f 978/978/978 964/964/964 983/983/983
f 983/983/983 984/984/984 982/982/982
f 964/964/964 985/985/985 983/983/983
f 965/965/965 985/985/985 964/964/964
f 983/983/983 986/986/986 984/984/984
f 983/983/983 985/985/985 986/986/986
f 986/986/986 987/987/987 984/984/984
f 985/985/985 988/988/988 986/986/986
f 985/985/985 965/965/965 988/988/988
f 965/965/965 989/989/989 988/988/988
f 992/992/992 991/991/991 990/990/990
f 993/993/993 992/992/992 990/990/990
f 990/990/990 994/994/994 993/993/993
f 993/993/993 995/995/995 992/992/992
f 995/995/995 996/996/996 992/992/992
f 995/995/995 997/997/997 996/996/996
f 997/997/997 998/998/998 996/996/996
f 995/995/995 999/999/999 997/997/997
f 999/999/999 995/995/995 993/993/993
f 999/999/999 1000/1000/1000 997/997/997
f 994/994/994 1001/1001/1001 993/993/993
f 1001/1001/1001 999/999/999 993/993/993
f 999/999/999 1002/1002/1002 1000/1000/1000
f 1002/1002/1002 999/999/999 1001/1001/1001
f 1002/1002/1002 1003/1003/1003 1000/1000/1000
f 1004/1004/1004 1002/1002/1002 1001/1001/1001
f 1001/1001/1001 994/994/994 1004/1004/1004
f 994/994/994 1005/1005/1005 1004/1004/1004
f 1008/1008/1008 1007/1007/1007 1006/1006/1006
f 1009/1009/1009 1008/1008/1008 1006/1006/1006
f 1006/1006/1006 1010/1010/1010 1009/1009/1009
f 1008/1008/1008 1009/1009/1009 1011/1011/1011
f 1010/1010/1010 1012/1012/1012 1009/1009/1009
f 1012/1012/1012 1010/1010/1010 1013/1013/1013
f 1010/1010/1010 1014/1014/1014 1013/1013/1013
f 1013/1013/1013 1015/1015/1015 1012/1012/1012
f 1012/1012/1012 1016/1016/1016 1009/1009/1009
f 1015/1015/1015 1016/1016/1016 1012/1012/1012
f 1009/1009/1009 1017/1017/1017 1011/1011/1011
f 1016/1016/1016 1017/1017/1017 1009/1009/1009
f 1017/1017/1017 1018/1018/1018 1011/1011/1011
f 1017/1017/1017 1016/1016/1016 1018/1018/1018
f 1018/1018/1018 1019/1019/1019 1011/1011/1011
f 1016/1016/1016 1020/1020/1020 1018/1018/1018
f 1016/1016/1016 1015/1015/1015 1020/1020/1020
f 1015/1015/1015 1021/1021/1021 1020/1020/1020
f 1024/1024/1024 1023/1023/1023 1022/1022/1022
f 1025/1025/1025 1024/1024/1024 1022/1022/1022
f 1022/1022/1022 1026/1026/1026 1025/1025/1025
f 1025/1025/1025 1027/1027/1027 1024/1024/1024
f 1027/1027/1027 1028/1028/1028 1024/1024/1024
f 1026/1026/1026 1029/1029/1029 1025/1025/1025
f 1025/1025/1025 1029/1029/1029 1027/1027/1027
f 1027/1027/1027 1030/1030/1030 1028/1028/1028
f 1030/1030/1030 1031/1031/1031 1028/1028/1028
f 1027/1027/1027 1032/1032/1032 1030/1030/1030
f 1029/1029/1029 1032/1032/1032 1027/1027/1027
f 1032/1032/1032 1033/1033/1033 1030/1030/1030
f 1032/1032/1032 1034/1034/1034 1033/1033/1033
f 1034/1034/1034 1032/1032/1032 1029/1029/1029
f 1034/1034/1034 1035/1035/1035 1033/1033/1033
f 1036/1036/1036 1034/1034/1034 1029/1029/1029
f 1029/1029/1029 1026/1026/1026 1036/1036/1036
f 1026/1026/1026 1037/1037/1037 1036/1036/1036
f 1040/1040/1040 1039/1039/1039 1038/1038/1038
f 1043/1043/1043 1042/1042/1042 1041/1041/1041
f 1046/1046/1046 1045/1045/1045 1044/1044/1044
f 1049/1049/1049 1048/1048/1048 1047/1047/1047
f 1052/1052/1052 1051/1051/1051 1050/1050/1050
f 1055/1055/1055 1054/1054/1054 1053/1053/1053
f 1058/1058/1058 1057/1057/1057 1056/1056/1056
f 1061/1061/1061 1060/1060/1060 1059/1059/1059
f 1064/1064/1064 1063/1063/1063 1062/1062/1062
f 1065/1065/1065 1064/1064/1064 1062/1062/1062
f 1068/1068/1068 1067/1067/1067 1066/1066/1066
f 1069/1069/1069 1068/1068/1068 1066/1066/1066
f 1072/1072/1072 1071/1071/1071 1070/1070/1070
f 1073/1073/1073 1072/1072/1072 1070/1070/1070
f 1076/1076/1076 1075/1075/1075 1074/1074/1074
f 1077/1077/1077 1076/1076/1076 1074/1074/1074
f 1080/1080/1080 1079/1079/1079 1078/1078/1078
f 1081/1081/1081 1080/1080/1080 1078/1078/1078
f 1084/1084/1084 1083/1083/1083 1082/1082/1082
f 1085/1085/1085 1084/1084/1084 1082/1082/1082
f 1088/1088/1088 1087/1087/1087 1086/1086/1086
f 1089/1089/1089 1088/1088/1088 1086/1086/1086
f 1092/1092/1092 1091/1091/1091 1090/1090/1090
f 1093/1093/1093 1092/1092/1092 1090/1090/1090
f 1096/1096/1096 1095/1095/1095 1094/1094/1094
f 1097/1097/1097 1096/1096/1096 1094/1094/1094
f 1100/1100/1100 1099/1099/1099 1098/1098/1098
f 1101/1101/1101 1100/1100/1100 1098/1098/1098
f 1104/1104/1104 1103/1103/1103 1102/1102/1102
f 1105/1105/1105 1104/1104/1104 1102/1102/1102
f 1108/1108/1108 1107/1107/1107 1106/1106/1106
f 1109/1109/1109 1108/1108/1108 1106/1106/1106
f 1112/1112/1112 1111/1111/1111 1110/1110/1110
f 1113/1113/1113 1112/1112/1112 1110/1110/1110
f 1116/1116/1116 1115/1115/1115 1114/1114/1114
f 1117/1117/1117 1116/1116/1116 1114/1114/1114
f 1120/1120/1120 1119/1119/1119 1118/1118/1118
f 1121/1121/1121 1120/1120/1120 1118/1118/1118
f 1124/1124/1124 1123/1123/1123 1122/1122/1122
f 1125/1125/1125 1124/1124/1124 1122/1122/1122
f 1128/1128/1128 1127/1127/1127 1126/1126/1126
f 1129/1129/1129 1128/1128/1128 1126/1126/1126
f 1132/1132/1132 1131/1131/1131 1130/1130/1130
f 1133/1133/1133 1132/1132/1132 1130/1130/1130
f 1136/1136/1136 1135/1135/1135 1134/1134/1134
f 1137/1137/1137 1136/1136/1136 1134/1134/1134
f 1140/1140/1140 1139/1139/1139 1138/1138/1138
f 1139/1139/1139 1141/1141/1141 1138/1138/1138
f 1138/1138/1138 1141/1141/1141 1142/1142/1142
f 1141/1141/1141 1143/1143/1143 1142/1142/1142
f 1146/1146/1146 1145/1145/1145 1144/1144/1144
f 1147/1147/1147 1146/1146/1146 1144/1144/1144
f 1148/1148/1148 1146/1146/1146 1147/1147/1147
f 1149/1149/1149 1148/1148/1148 1147/1147/1147
f 1152/1152/1152 1151/1151/1151 1150/1150/1150
f 1153/1153/1153 1152/1152/1152 1150/1150/1150
f 1156/1156/1156 1155/1155/1155 1154/1154/1154
f 1157/1157/1157 1156/1156/1156 1154/1154/1154
f 1160/1160/1160 1159/1159/1159 1158/1158/1158
f 1161/1161/1161 1160/1160/1160 1158/1158/1158
f 1164/1164/1164 1163/1163/1163 1162/1162/1162
f 1165/1165/1165 1164/1164/1164 1162/1162/1162
f 1168/1168/1168 1167/1167/1167 1166/1166/1166
f 1169/1169/1169 1168/1168/1168 1166/1166/1166
f 1172/1172/1172 1171/1171/1171 1170/1170/1170
f 1171/1171/1171 1173/1173/1173 1170/1170/1170
f 1170/1170/1170 1173/1173/1173 1174/1174/1174
f 1173/1173/1173 1175/1175/1175 1174/1174/1174
f 1178/1178/1178 1177/1177/1177 1176/1176/1176
f 1177/1177/1177 1179/1179/1179 1176/1176/1176
f 1176/1176/1176 1179/1179/1179 1180/1180/1180
f 1179/1179/1179 1181/1181/1181 1180/1180/1180
f 1184/1184/1184 1183/1183/1183 1182/1182/1182
f 1185/1185/1185 1184/1184/1184 1182/1182/1182
f 1188/1188/1188 1187/1187/1187 1186/1186/1186
f 1189/1189/1189 1188/1188/1188 1186/1186/1186
f 1192/1192/1192 1191/1191/1191 1190/1190/1190
f 1193/1193/1193 1192/1192/1192 1190/1190/1190
f 1196/1196/1196 1195/1195/1195 1194/1194/1194
f 1195/1195/1195 1197/1197/1197 1194/1194/1194
f 1197/1197/1197 1195/1195/1195 1198/1198/1198
f 1195/1195/1195 1199/1199/1199 1198/1198/1198
f 1198/1198/1198 1200/1200/1200 1197/1197/1197
f 1201/1201/1201 1194/1194/1194 1197/1197/1197
f 1194/1194/1194 1201/1201/1201 1202/1202/1202
f 1201/1201/1201 1203/1203/1203 1202/1202/1202
f 1204/1204/1204 1201/1201/1201 1197/1197/1197
f 1200/1200/1200 1204/1204/1204 1197/1197/1197
f 1201/1201/1201 1204/1204/1204 1205/1205/1205
f 1204/1204/1204 1206/1206/1206 1205/1205/1205
f 1204/1204/1204 1200/1200/1200 1206/1206/1206
f 1200/1200/1200 1207/1207/1207 1206/1206/1206
f 1210/1210/1210 1209/1209/1209 1208/1208/1208
f 1209/1209/1209 1211/1211/1211 1208/1208/1208
f 1211/1211/1211 1212/1212/1212 1208/1208/1208
f 1212/1212/1212 1213/1213/1213 1208/1208/1208
f 1208/1208/1208 1213/1213/1213 1214/1214/1214
f 1213/1213/1213 1215/1215/1215 1214/1214/1214
f 1213/1213/1213 1216/1216/1216 1215/1215/1215
f 1213/1213/1213 1212/1212/1212 1216/1216/1216
f 1216/1216/1216 1217/1217/1217 1215/1215/1215
f 1212/1212/1212 1218/1218/1218 1216/1216/1216
f 1219/1219/1219 1212/1212/1212 1211/1211/1211
f 1212/1212/1212 1219/1219/1219 1218/1218/1218
f 1220/1220/1220 1219/1219/1219 1211/1211/1211
f 1219/1219/1219 1221/1221/1221 1218/1218/1218
f 1224/1224/1224 1223/1223/1223 1222/1222/1222
f 1223/1223/1223 1225/1225/1225 1222/1222/1222
f 1225/1225/1225 1223/1223/1223 1226/1226/1226
f 1223/1223/1223 1227/1227/1227 1226/1226/1226
f 1226/1226/1226 1228/1228/1228 1225/1225/1225
f 1222/1222/1222 1225/1225/1225 1229/1229/1229
f 1222/1222/1222 1229/1229/1229 1230/1230/1230
f 1229/1229/1229 1231/1231/1231 1230/1230/1230
f 1225/1225/1225 1232/1232/1232 1229/1229/1229
f 1228/1228/1228 1232/1232/1232 1225/1225/1225
f 1229/1229/1229 1232/1232/1232 1233/1233/1233
f 1232/1232/1232 1234/1234/1234 1233/1233/1233
f 1232/1232/1232 1228/1228/1228 1234/1234/1234
f 1228/1228/1228 1235/1235/1235 1234/1234/1234
f 1238/1238/1238 1237/1237/1237 1236/1236/1236
f 1237/1237/1237 1239/1239/1239 1236/1236/1236
f 1236/1236/1236 1239/1239/1239 1240/1240/1240
f 1241/1241/1241 1236/1236/1236 1240/1240/1240
f 1242/1242/1242 1239/1239/1239 1237/1237/1237
f 1240/1240/1240 1239/1239/1239 1242/1242/1242
f 1243/1243/1243 1242/1242/1242 1237/1237/1237
f 1237/1237/1237 1244/1244/1244 1243/1243/1243
f 1245/1245/1245 1240/1240/1240 1242/1242/1242
f 1245/1245/1245 1246/1246/1246 1240/1240/1240
f 1246/1246/1246 1247/1247/1247 1240/1240/1240
f 1246/1246/1246 1248/1248/1248 1247/1247/1247
f 1248/1248/1248 1249/1249/1249 1247/1247/1247
f 1248/1248/1248 1246/1246/1246 1250/1250/1250
f 1251/1251/1251 1248/1248/1248 1250/1250/1250
f 1246/1246/1246 1245/1245/1245 1252/1252/1252
f 1250/1250/1250 1246/1246/1246 1252/1252/1252
f 1250/1250/1250 1253/1253/1253 1251/1251/1251
f 1253/1253/1253 1250/1250/1250 1252/1252/1252
f 1253/1253/1253 1254/1254/1254 1251/1251/1251
f 1255/1255/1255 1253/1253/1253 1252/1252/1252
f 1252/1252/1252 1245/1245/1245 1256/1256/1256
f 1252/1252/1252 1256/1256/1256 1255/1255/1255
f 1245/1245/1245 1242/1242/1242 1256/1256/1256
f 1256/1256/1256 1257/1257/1257 1255/1255/1255
f 1256/1256/1256 1242/1242/1242 1258/1258/1258
f 1242/1242/1242 1243/1243/1243 1258/1258/1258
f 1259/1259/1259 1257/1257/1257 1256/1256/1256
f 1258/1258/1258 1259/1259/1259 1256/1256/1256
f 1260/1260/1260 1257/1257/1257 1259/1259/1259
f 1261/1261/1261 1260/1260/1260 1259/1259/1259
f 1258/1258/1258 1262/1262/1262 1259/1259/1259
f 1258/1258/1258 1243/1243/1243 1262/1262/1262
f 1262/1262/1262 1263/1263/1263 1259/1259/1259
f 1243/1243/1243 1264/1264/1264 1262/1262/1262
f 1244/1244/1244 1264/1264/1264 1243/1243/1243
f 1262/1262/1262 1265/1265/1265 1263/1263/1263
f 1262/1262/1262 1264/1264/1264 1265/1265/1265
f 1265/1265/1265 1266/1266/1266 1263/1263/1263
f 1264/1264/1264 1267/1267/1267 1265/1265/1265
f 1264/1264/1264 1244/1244/1244 1267/1267/1267
f 1244/1244/1244 1268/1268/1268 1267/1267/1267
f 1271/1271/1271 1270/1270/1270 1269/1269/1269
f 1270/1270/1270 1272/1272/1272 1269/1269/1269
f 1273/1273/1273 1272/1272/1272 1270/1270/1270
f 1274/1274/1274 1273/1273/1273 1270/1270/1270
f 1275/1275/1275 1272/1272/1272 1273/1273/1273
f 1269/1269/1269 1272/1272/1272 1275/1275/1275
f 1276/1276/1276 1275/1275/1275 1273/1273/1273
f 1273/1273/1273 1277/1277/1277 1276/1276/1276
f 1278/1278/1278 1269/1269/1269 1275/1275/1275
f 1278/1278/1278 1279/1279/1279 1269/1269/1269
f 1279/1279/1279 1280/1280/1280 1269/1269/1269
f 1279/1279/1279 1281/1281/1281 1280/1280/1280
f 1281/1281/1281 1282/1282/1282 1280/1280/1280
f 1281/1281/1281 1279/1279/1279 1283/1283/1283
f 1284/1284/1284 1281/1281/1281 1283/1283/1283
f 1279/1279/1279 1278/1278/1278 1285/1285/1285
f 1283/1283/1283 1279/1279/1279 1285/1285/1285
f 1283/1283/1283 1286/1286/1286 1284/1284/1284
f 1286/1286/1286 1283/1283/1283 1285/1285/1285
f 1286/1286/1286 1287/1287/1287 1284/1284/1284
f 1288/1288/1288 1286/1286/1286 1285/1285/1285
f 1285/1285/1285 1278/1278/1278 1289/1289/1289
f 1278/1278/1278 1275/1275/1275 1289/1289/1289
f 1285/1285/1285 1289/1289/1289 1288/1288/1288
f 1289/1289/1289 1275/1275/1275 1290/1290/1290
f 1275/1275/1275 1276/1276/1276 1290/1290/1290
f 1289/1289/1289 1291/1291/1291 1288/1288/1288
f 1288/1288/1288 1291/1291/1291 1292/1292/1292
f 1293/1293/1293 1288/1288/1288 1292/1292/1292
f 1294/1294/1294 1291/1291/1291 1289/1289/1289
f 1290/1290/1290 1294/1294/1294 1289/1289/1289
f 1290/1290/1290 1295/1295/1295 1294/1294/1294
f 1290/1290/1290 1276/1276/1276 1295/1295/1295
f 1295/1295/1295 1296/1296/1296 1294/1294/1294
f 1276/1276/1276 1297/1297/1297 1295/1295/1295
f 1277/1277/1277 1297/1297/1297 1276/1276/1276
f 1295/1295/1295 1298/1298/1298 1296/1296/1296
f 1295/1295/1295 1297/1297/1297 1298/1298/1298
f 1298/1298/1298 1299/1299/1299 1296/1296/1296
f 1297/1297/1297 1300/1300/1300 1298/1298/1298
f 1297/1297/1297 1277/1277/1277 1300/1300/1300
f 1277/1277/1277 1301/1301/1301 1300/1300/1300
f 1304/1304/1304 1303/1303/1303 1302/1302/1302
f 1305/1305/1305 1304/1304/1304 1302/1302/1302
f 1302/1302/1302 1306/1306/1306 1305/1305/1305
f 1305/1305/1305 1307/1307/1307 1304/1304/1304
f 1307/1307/1307 1308/1308/1308 1304/1304/1304
f 1307/1307/1307 1309/1309/1309 1308/1308/1308
f 1309/1309/1309 1310/1310/1310 1308/1308/1308
f 1307/1307/1307 1311/1311/1311 1309/1309/1309
f 1311/1311/1311 1307/1307/1307 1305/1305/1305
f 1311/1311/1311 1312/1312/1312 1309/1309/1309
f 1306/1306/1306 1313/1313/1313 1305/1305/1305
f 1313/1313/1313 1311/1311/1311 1305/1305/1305
f 1311/1311/1311 1314/1314/1314 1312/1312/1312
f 1314/1314/1314 1311/1311/1311 1313/1313/1313
f 1314/1314/1314 1315/1315/1315 1312/1312/1312
f 1316/1316/1316 1314/1314/1314 1313/1313/1313
f 1313/1313/1313 1306/1306/1306 1316/1316/1316
f 1306/1306/1306 1317/1317/1317 1316/1316/1316
f 1320/1320/1320 1319/1319/1319 1318/1318/1318
f 1321/1321/1321 1320/1320/1320 1318/1318/1318
f 1318/1318/1318 1322/1322/1322 1321/1321/1321
f 1320/1320/1320 1321/1321/1321 1323/1323/1323
f 1322/1322/1322 1324/1324/1324 1321/1321/1321
f 1324/1324/1324 1322/1322/1322 1325/1325/1325
f 1322/1322/1322 1326/1326/1326 1325/1325/1325
f 1325/1325/1325 1327/1327/1327 1324/1324/1324
f 1324/1324/1324 1328/1328/1328 1321/1321/1321
f 1327/1327/1327 1328/1328/1328 1324/1324/1324
f 1321/1321/1321 1329/1329/1329 1323/1323/1323
f 1328/1328/1328 1329/1329/1329 1321/1321/1321
f 1329/1329/1329 1330/1330/1330 1323/1323/1323
f 1329/1329/1329 1328/1328/1328 1330/1330/1330
f 1330/1330/1330 1331/1331/1331 1323/1323/1323
f 1328/1328/1328 1332/1332/1332 1330/1330/1330
f 1328/1328/1328 1327/1327/1327 1332/1332/1332
f 1327/1327/1327 1333/1333/1333 1332/1332/1332
f 1336/1336/1336 1335/1335/1335 1334/1334/1334
f 1337/1337/1337 1336/1336/1336 1334/1334/1334
f 1334/1334/1334 1338/1338/1338 1337/1337/1337
f 1337/1337/1337 1339/1339/1339 1336/1336/1336
f 1339/1339/1339 1340/1340/1340 1336/1336/1336
f 1338/1338/1338 1341/1341/1341 1337/1337/1337
f 1337/1337/1337 1341/1341/1341 1339/1339/1339
f 1339/1339/1339 1342/1342/1342 1340/1340/1340
f 1342/1342/1342 1343/1343/1343 1340/1340/1340
f 1339/1339/1339 1344/1344/1344 1342/1342/1342
f 1341/1341/1341 1344/1344/1344 1339/1339/1339
f 1344/1344/1344 1345/1345/1345 1342/1342/1342
f 1344/1344/1344 1346/1346/1346 1345/1345/1345
f 1346/1346/1346 1344/1344/1344 1341/1341/1341
f 1346/1346/1346 1347/1347/1347 1345/1345/1345
f 1348/1348/1348 1346/1346/1346 1341/1341/1341
f 1341/1341/1341 1338/1338/1338 1348/1348/1348
f 1338/1338/1338 1349/1349/1349 1348/1348/1348

