mtllib RoboTHOR_alarm_clock_bajk_v.mtl
g robothor_alarm_clock_bajk
v 0.03203028 0.01796971 0.01655841
v 0.02264884 0.01077106 0.02482988
v 0.02264884 0.01077106 0.01655841
v 0.03203028 0.01796971 0.02482988
v 0.03922892 0.02735116 0.01655841
v 0.03922892 0.02735116 0.02482988
v 0.04375418 0.03827609 0.01655841
v 0.04375418 0.03827609 0.02482988
v 0.04529769 0.05 0.01655841
v 0.04529769 0.05 0.02482988
v 0.04375418 0.0617239 0.02482988
v 0.04375418 0.0617239 0.01655841
v 0.03922892 0.07264884 0.02482988
v 0.03922892 0.07264884 0.01655841
v 0.03203028 0.08203028 0.02482988
v 0.03203028 0.08203028 0.01655841
v 0.02264884 0.08922894 0.02482988
v 0.02264884 0.08922894 0.01655841
v 0.02264884 0.01077106 0.01655841
v 0.02264884 0.01077106 0.02482988
v 0.0117239 0.006245801 0.02482988
v 0.0117239 0.006245801 0.01655841
v -3.271129E-16 0.004702322 0.02482988
v -3.271129E-16 0.004702322 0.01655841
v -0.0117239 0.006245801 0.01655841
v -0.0117239 0.006245801 0.02482988
v -0.02264884 0.01077106 0.01655841
v -0.02264884 0.01077106 0.02482988
v 0.02264884 0.08922894 0.01655841
v 0.0117239 0.09375419 0.02482988
v 0.02264884 0.08922894 0.02482988
v 0.0117239 0.09375419 0.01655841
v -3.271129E-16 0.09529768 0.02482988
v -3.271129E-16 0.09529768 0.01655841
v -0.0117239 0.09375419 0.01655841
v -0.0117239 0.09375419 0.02482988
v -0.02264884 0.08922894 0.01655841
v -0.02264884 0.08922894 0.02482988
v -0.03203028 0.01796971 0.01655841
v -0.02264884 0.01077106 0.01655841
v -0.02264884 0.01077106 0.02482988
v -0.03203028 0.01796971 0.02482988
v -0.03922892 0.02735116 0.01655841
v -0.03922892 0.02735116 0.02482988
v -0.04375418 0.03827609 0.01655841
v -0.04375418 0.03827609 0.02482988
v -0.04529769 0.05 0.01655841
v -0.04529769 0.05 0.02482988
v -0.04375418 0.0617239 0.02482988
v -0.04375418 0.0617239 0.01655841
v -0.03922892 0.07264884 0.02482988
v -0.03922892 0.07264884 0.01655841
v -0.03203028 0.08203028 0.02482988
v -0.03203028 0.08203028 0.01655841
v -0.02264884 0.08922894 0.02482988
v -0.02264884 0.08922894 0.01655841
v -0.005347083 0.108855 1.509903E-16
v -0.004874405 0.1085832 -0.00281424
v -0.00463071 0.108855 -0.002673523
v -0.005628479 0.1085832 1.509903E-16
v -0.004874405 0.1085832 0.002814211
v -0.00463071 0.108855 0.002673542
v -0.004874405 0.09942959 -0.00281424
v -0.00281424 0.09942959 -0.004874415
v -0.00281424 0.1085832 -0.004874405
v -0.005628479 0.09942959 1.509903E-16
v -0.004874405 0.09942959 0.00281424
v -0.00281424 0.1085832 0.004874405
v -0.00281424 0.09942959 0.004874405
v 0.005347083 0.108855 1.509903E-16
v 0.004874405 0.1085832 0.00281424
v 0.00463071 0.108855 0.002673542
v 0.005628479 0.1085832 1.509903E-16
v 0.004874405 0.1085832 -0.002814247
v 0.00463071 0.108855 -0.00267353
v 0.004874405 0.09942959 0.002814232
v 0.00281424 0.09942959 0.004874398
v 0.00281424 0.1085832 0.004874463
v 0.005628479 0.09942959 -7.152557E-09
v 0.004874405 0.09942959 -0.00281424
v 0.00281424 0.1085832 -0.004874405
v 0.00281424 0.09942959 -0.004874415
v 0.00281424 0.09942959 -0.004874415
v 0.00281424 0.1085832 -0.004874405
v -3.269988E-16 0.1085832 -0.005628479
v -3.215864E-16 0.09942959 -0.005628479
v -0.00281424 0.1085832 -0.004874405
v -0.00281424 0.09942959 -0.004874415
v -0.00281424 0.09942959 0.004874405
v -0.00281424 0.1085832 0.004874405
v -3.282478E-16 0.1085832 0.005628498
v -3.269988E-16 0.09942959 0.005628491
v 0.00281424 0.1085832 0.004874463
v 0.00281424 0.09942959 0.004874398
v -0.04957639 0.0008055794 0.02456346
v -0.04945006 0.0003567306 0.02444525
v -0.04957639 0.0002556631 0.02392025
v -0.04986113 0.0008055794 0.02392025
v -0.04957639 0.02536362 0.02456346
v -0.04986113 0.0008055794 -0.0239133
v -0.04957639 0.0002556631 -0.0239133
v -0.04986113 0.02536362 0.02392025
v -0.04957639 0.03768181 0.02456346
v -0.04957639 0.0008055794 -0.02456633
v -0.04945006 0.0003567306 -0.02444631
v -0.04986113 0.02536362 -0.0239133
v -0.04957639 0.02536362 -0.02456633
v -0.04986113 0.03768181 0.02392025
v -0.04957639 0.05 0.02456346
v -0.04986113 0.03768181 -0.0239133
v -0.04957639 0.03768181 -0.02456633
v -0.04986113 0.05 0.02392025
v -0.04957639 0.06231819 0.02456346
v -0.04986113 0.05 -0.0239133
v -0.04957639 0.05 -0.02456633
v -0.04986113 0.06231819 0.02392025
v -0.04957639 0.07463638 0.02456346
v -0.04986113 0.06231819 -0.0239133
v -0.04957639 0.06231819 -0.02456633
v -0.04986113 0.07463638 0.02392025
v -0.04957639 0.09900704 0.02456346
v -0.04986113 0.07463638 -0.0239133
v -0.04957639 0.07463638 -0.02456633
v -0.04986113 0.09900704 0.02392025
v -0.04986113 0.09900704 -0.0239133
v -0.04957639 0.09900704 -0.02456633
v -0.04957639 0.0995275 -0.0239133
v -0.04945006 0.09943185 -0.02444631
v -0.04957639 0.0995275 0.02392025
v -0.04945006 0.09943185 0.02444525
v -0.04957639 0.0002556631 0.02392025
v -0.04945006 0.0003567306 0.02444525
v -0.048889 0.0002556631 0.02456346
v -0.048889 2.787865E-05 0.02392025
v -0.04957639 0.0002556631 -0.0239133
v -0.02465059 2.787865E-05 0.02392025
v -0.02465059 0.0002556631 0.02456346
v -0.048889 2.787865E-05 -0.0239133
v -0.0123253 2.787865E-05 0.02392025
v -0.0123253 0.0002556631 0.02456346
v -0.048889 0.0002556631 -0.02456633
v -0.04945006 0.0003567306 -0.02444631
v -0.02465059 0.0002556631 -0.02456633
v -0.02465059 2.787865E-05 -0.0239133
v -0.0123253 0.0002556631 -0.02456633
v -0.0123253 2.787865E-05 -0.0239133
v 0 0.0002556631 -0.02456633
v 0 2.787865E-05 0.02392025
v 0 0.0002556631 0.02456346
v 0 2.787865E-05 -0.0239133
v 0.0123253 0.0002556631 -0.02456633
v 0.0123253 2.787865E-05 -0.0239133
v 0.02465059 0.0002556631 -0.02456633
v 0.0123253 2.787865E-05 0.02392025
v 0.0123253 0.0002556631 0.02456346
v 0.02465059 2.787865E-05 -0.0239133
v 0.04892719 0.0002556631 -0.02456633
v 0.02465059 2.787865E-05 0.02392025
v 0.02465059 0.0002556631 0.02456346
v 0.04892719 2.787865E-05 -0.0239133
v 0.04892719 2.787865E-05 0.02392025
v 0.04892719 0.0002556631 0.02456346
v 0.04956057 0.0002556631 0.02392025
v 0.04944417 0.0003567306 0.02444525
v 0.04956057 0.0002556631 -0.0239133
v 0.04944417 0.0003567306 -0.02444631
v -0.048889 0.0002556631 0.02456346
v -0.04945006 0.0003567306 0.02444525
v -0.04957639 0.0008055794 0.02456346
v -0.048889 0.0008055794 0.02482988
v -0.02465059 0.0002556631 0.02456346
v -0.048889 0.02536362 0.02482988
v -0.04957639 0.02536362 0.02456346
v -0.02465059 0.0008055794 0.02482988
v -0.0123253 0.0002556631 0.02456346
v -0.048889 0.03768181 0.02482988
v -0.04957639 0.03768181 0.02456346
v -0.03203028 0.01796971 0.02482988
v -0.03922892 0.02735116 0.02482988
v -0.02264884 0.01077106 0.02482988
v -0.04375418 0.03827609 0.02482988
v -0.0117239 0.006245801 0.02482988
v -0.0123253 0.0008055794 0.02482988
v 0 0.0002556631 0.02456346
v -0.048889 0.05 0.02482988
v -0.04529769 0.05 0.02482988
v -0.04957639 0.05 0.02456346
v -0.04375418 0.0617239 0.02482988
v 0 0.0008055794 0.02482988
v -3.271129E-16 0.004702322 0.02482988
v 0.0123253 0.0002556631 0.02456346
v 0.0117239 0.006245801 0.02482988
v -0.048889 0.06231819 0.02482988
v -0.04957639 0.06231819 0.02456346
v -0.03922892 0.07264884 0.02482988
v 0.0123253 0.0008055794 0.02482988
v 0.02465059 0.0002556631 0.02456346
v -0.048889 0.07463638 0.02482988
v -0.04957639 0.07463638 0.02456346
v -0.03203028 0.08203028 0.02482988
v 0.02465059 0.0008055794 0.02482988
v 0.02264884 0.01077106 0.02482988
v 0.04892719 0.0002556631 0.02456346
v 0.03203028 0.01796971 0.02482988
v -0.048889 0.09900704 0.02482988
v -0.04957639 0.09900704 0.02456346
v 0.04892719 0.0008055794 0.02482988
v -0.02465059 0.09900704 0.02482988
v -0.02264884 0.08922894 0.02482988
v -0.0117239 0.09375419 0.02482988
v -0.048889 0.0995275 0.02456346
v -0.04945006 0.09943185 0.02444525
v -0.02465059 0.0995275 0.02456346
v -0.0123253 0.09900704 0.02482988
v -0.0123253 0.0995275 0.02456346
v 0 0.09900704 0.02482988
v -3.271129E-16 0.09529768 0.02482988
v 0 0.0995275 0.02456346
v 0.0117239 0.09375419 0.02482988
v 0.0123253 0.09900704 0.02482988
v 0.0123253 0.0995275 0.02456346
v 0.02465059 0.09900704 0.02482988
v 0.02264884 0.08922894 0.02482988
v 0.02465059 0.0995275 0.02456346
v 0.03203028 0.08203028 0.02482988
v 0.04892719 0.09900704 0.02482988
v 0.04892719 0.0995275 0.02456346
v 0.04892719 0.07463638 0.02482988
v 0.03922892 0.07264884 0.02482988
v 0.04956057 0.09900704 0.02456346
v 0.04944417 0.09943185 0.02444525
v 0.04956057 0.07463638 0.02456346
v 0.04892719 0.06231819 0.02482988
v 0.04375418 0.0617239 0.02482988
v 0.04956057 0.06231819 0.02456346
v 0.04892719 0.05 0.02482988
v 0.04529769 0.05 0.02482988
v 0.04956057 0.05 0.02456346
v 0.04375418 0.03827609 0.02482988
v 0.04892719 0.03768181 0.02482988
v 0.04956057 0.03768181 0.02456346
v 0.03922892 0.02735116 0.02482988
v 0.04892719 0.02536362 0.02482988
v 0.04956057 0.02536362 0.02456346
v 0.04956057 0.0008055794 0.02456346
v 0.04944417 0.0003567306 0.02444525
v 0.04956057 0.0002556631 0.02392025
v 0.04944417 0.0003567306 0.02444525
v 0.04956057 0.0008055794 0.02456346
v 0.04982293 0.0008055794 0.02392025
v 0.04956057 0.0002556631 -0.0239133
v 0.04982293 0.02536362 0.02392025
v 0.04956057 0.02536362 0.02456346
v 0.04982293 0.03768181 0.02392025
v 0.04956057 0.03768181 0.02456346
v 0.04982293 0.05 0.02392025
v 0.04956057 0.05 0.02456346
v 0.04982293 0.06231819 0.02392025
v 0.04956057 0.06231819 0.02456346
v 0.04982293 0.07463638 0.02392025
v 0.04956057 0.07463638 0.02456346
v 0.04982293 0.09900704 0.02392025
v 0.04956057 0.09900704 0.02456346
v 0.04956057 0.0995275 0.02392025
v 0.04944417 0.09943185 0.02444525
v 0.04982293 0.09900704 -0.0239133
v 0.04956057 0.0995275 -0.0239133
v 0.04982293 0.07463638 -0.0239133
v 0.04956057 0.09900704 -0.02456633
v 0.04944417 0.09943185 -0.02444631
v 0.04956057 0.07463638 -0.02456633
v 0.04982293 0.06231819 -0.0239133
v 0.04956057 0.06231819 -0.02456633
v 0.04982293 0.05 -0.0239133
v 0.04956057 0.05 -0.02456633
v 0.04982293 0.03768181 -0.0239133
v 0.04956057 0.03768181 -0.02456633
v 0.04982293 0.02536362 -0.0239133
v 0.04956057 0.02536362 -0.02456633
v 0.04982293 0.0008055794 -0.0239133
v 0.04956057 0.0008055794 -0.02456633
v 0.04944417 0.0003567306 -0.02444631
v -0.048889 0.0995275 0.02456346
v -0.04945006 0.09943185 0.02444525
v -0.04957639 0.0995275 0.02392025
v -0.048889 0.09974308 0.02392025
v -0.02465059 0.0995275 0.02456346
v -0.048889 0.09974308 -0.0239133
v -0.04957639 0.0995275 -0.0239133
v -0.02465059 0.09974308 0.02392025
v -0.0123253 0.0995275 0.02456346
v -0.048889 0.0995275 -0.02456633
v -0.04945006 0.09943185 -0.02444631
v -0.02465059 0.09974308 -0.0239133
v -0.02465059 0.0995275 -0.02456633
v -0.0123253 0.09974308 0.02392025
v 0 0.0995275 0.02456346
v -0.0123253 0.09974308 -0.0239133
v -0.0123253 0.0995275 -0.02456633
v 0 0.09974308 0.02392025
v 0.0123253 0.0995275 0.02456346
v 0 0.09974308 -0.0239133
v 0 0.0995275 -0.02456633
v 0.0123253 0.09974308 0.02392025
v 0.02465059 0.0995275 0.02456346
v 0.0123253 0.09974308 -0.0239133
v 0.0123253 0.0995275 -0.02456633
v 0.02465059 0.09974308 0.02392025
v 0.04892719 0.0995275 0.02456346
v 0.02465059 0.09974308 -0.0239133
v 0.02465059 0.0995275 -0.02456633
v 0.04892719 0.09974308 0.02392025
v 0.04892719 0.09974308 -0.0239133
v 0.04892719 0.0995275 -0.02456633
v 0.04956057 0.0995275 -0.0239133
v 0.04944417 0.09943185 -0.02444631
v 0.04956057 0.0995275 0.02392025
v 0.04944417 0.09943185 0.02444525
v -0.048889 0.0995275 -0.02456633
v -0.04945006 0.09943185 -0.02444631
v -0.04957639 0.09900704 -0.02456633
v -0.048889 0.09900704 -0.02483683
v -0.02465059 0.0995275 -0.02456633
v -0.048889 0.07463638 -0.02483683
v -0.02465059 0.09900704 -0.02483683
v -0.04957639 0.07463638 -0.02456633
v -0.0123253 0.0995275 -0.02456633
v -0.048889 0.06231819 -0.02483683
v -0.0123253 0.09900704 -0.02483683
v -0.04957639 0.06231819 -0.02456633
v 0 0.0995275 -0.02456633
v -0.048889 0.05 -0.02483683
v 0 0.09900704 -0.02483683
v -0.04957639 0.05 -0.02456633
v 0.0123253 0.0995275 -0.02456633
v -0.048889 0.03768181 -0.02483683
v 0.0123253 0.09900704 -0.02483683
v -0.04957639 0.03768181 -0.02456633
v 0.02465059 0.0995275 -0.02456633
v -0.048889 0.02536362 -0.02483683
v 0.02465059 0.09900704 -0.02483683
v -0.04957639 0.02536362 -0.02456633
v 0.04892719 0.0995275 -0.02456633
v -0.048889 0.0008055794 -0.02483683
v -0.04957639 0.0008055794 -0.02456633
v 0.04892719 0.09900704 -0.02483683
v -0.048889 0.0002556631 -0.02456633
v -0.04945006 0.0003567306 -0.02444631
v -0.02465059 0.0008055794 -0.02483683
v -0.02465059 0.0002556631 -0.02456633
v -0.0123253 0.0008055794 -0.02483683
v -0.0123253 0.0002556631 -0.02456633
v 0 0.0008055794 -0.02483683
v 0 0.0002556631 -0.02456633
v 0.0123253 0.0008055794 -0.02483683
v 0.0123253 0.0002556631 -0.02456633
v 0.02465059 0.0008055794 -0.02483683
v 0.02465059 0.0002556631 -0.02456633
v 0.04892719 0.0008055794 -0.02483683
v 0.04892719 0.0002556631 -0.02456633
v 0.04956057 0.0008055794 -0.02456633
v 0.04944417 0.0003567306 -0.02444631
v 0.04892719 0.02536362 -0.02483683
v 0.04956057 0.02536362 -0.02456633
v 0.04892719 0.03768181 -0.02483683
v 0.04956057 0.03768181 -0.02456633
v 0.04892719 0.05 -0.02483683
v 0.04956057 0.05 -0.02456633
v 0.04892719 0.06231819 -0.02483683
v 0.04956057 0.06231819 -0.02456633
v 0.04892719 0.07463638 -0.02483683
v 0.04956057 0.07463638 -0.02456633
v 0.04956057 0.09900704 -0.02456633
v 0.04944417 0.09943185 -0.02444631
v 0.02471106 0.02528892 -0.02483683
v 0.02465059 0.0008055794 -0.02483683
v 0.04892719 0.0008055794 -0.02483683
v 0.04892719 0.02536362 -0.02483683
v 0.01747335 0.01973523 -0.02483683
v 0.03026474 0.03252662 -0.02483683
v 0.04892719 0.03768181 -0.02483683
v 0.03375594 0.04095512 -0.02483683
v 0.009044874 0.01624403 -0.02483683
v 0.0123253 0.0008055794 -0.02483683
v 0.04892719 0.05 -0.02483683
v 0.03494677 0.05 -0.02483682
v 0.03375601 0.05904488 -0.02483682
v 0.04892719 0.06231819 -0.02483683
v 0.03026482 0.06747338 -0.02483682
v 0.04892719 0.07463638 -0.02483683
v 0 0.0008055794 -0.02483683
v -5.064642E-09 0.01505325 -0.02483683
v 0.02471112 0.07471109 -0.02483682
v 0.04892719 0.09900704 -0.02483683
v -0.009044885 0.01624402 -0.02483683
v -0.0123253 0.0008055794 -0.02483683
v 0.02465059 0.09900704 -0.02483683
v 0.0174734 0.08026478 -0.02483682
v -0.02465059 0.0008055794 -0.02483683
v -0.01747338 0.01973522 -0.02483683
v 0.009044894 0.08375598 -0.02483683
v 0.0123253 0.09900704 -0.02483683
v -0.02471109 0.02528891 -0.02483683
v -0.048889 0.0008055794 -0.02483683
v -0.048889 0.02536362 -0.02483683
v -0.03026478 0.03252662 -0.02483683
v -0.048889 0.03768181 -0.02483683
v -0.03375597 0.04095512 -0.02483683
v 0 0.09900704 -0.02483683
v -5.219792E-10 0.08494677 -0.02483683
v -0.048889 0.05 -0.02483683
v -0.03494677 0.05 -0.02483682
v -0.03375597 0.05904488 -0.02483685
v -0.048889 0.06231819 -0.02483683
v -0.03026477 0.06747338 -0.02483682
v -0.048889 0.07463638 -0.02483683
v -0.009044887 0.08375598 -0.02483681
v -0.0123253 0.09900704 -0.02483683
v -0.02471108 0.07471108 -0.02483682
v -0.048889 0.09900704 -0.02483683
v -0.02465059 0.09900704 -0.02483683
v -0.01747338 0.08026478 -0.02483681
v 0.002673542 0.108855 -0.004630697
v 0.00281424 0.1085832 -0.004874405
v 0.004874405 0.1085832 -0.002814247
v 0.00463071 0.108855 -0.00267353
v -3.269988E-16 0.1085832 -0.005628479
v -3.272069E-16 0.108855 -7.152557E-09
v 0.005347083 0.108855 1.509903E-16
v 0.00463071 0.108855 0.002673542
v -3.271129E-16 0.108855 -0.005347083
v 0.002673542 0.108855 0.00463071
v 0.004874405 0.1085832 0.00281424
v 0.00281424 0.1085832 0.004874463
v -3.282478E-16 0.1085832 0.005628498
v -0.002673542 0.108855 -0.00463069
v -0.00281424 0.1085832 -0.004874405
v -0.004874405 0.1085832 -0.00281424
v -0.00463071 0.108855 -0.002673523
v -0.005347083 0.108855 1.509903E-16
v -0.00463071 0.108855 0.002673542
v -3.265824E-16 0.108855 0.005347083
v -0.002673542 0.108855 0.004630681
v -0.004874405 0.1085832 0.002814211
v -0.00281424 0.1085832 0.004874405
v 0.03203028 0.01796971 0.01655841
v 0.02264884 0.01077106 0.01655841
v -3.271129E-16 0.05 0.01655841
v 0.03922892 0.02735116 0.01655841
v 0.0117239 0.006245801 0.01655841
v 0.04375418 0.03827609 0.01655841
v -3.271129E-16 0.004702322 0.01655841
v 0.04529769 0.05 0.01655841
v -0.0117239 0.006245801 0.01655841
v 0.04375418 0.0617239 0.01655841
v -0.02264884 0.01077106 0.01655841
v 0.03922892 0.07264884 0.01655841
v -0.03203028 0.01796971 0.01655841
v 0.03203028 0.08203028 0.01655841
v -0.03922892 0.02735116 0.01655841
v 0.02264884 0.08922894 0.01655841
v -0.04375418 0.03827609 0.01655841
v 0.0117239 0.09375419 0.01655841
v -0.04529769 0.05 0.01655841
v -3.271129E-16 0.09529768 0.01655841
v -0.04375418 0.0617239 0.01655841
v -0.0117239 0.09375419 0.01655841
v -0.03922892 0.07264884 0.01655841
v -0.02264884 0.08922894 0.01655841
v -0.03203028 0.08203028 0.01655841
v 0.02511807 0.03549808 -0.02081709
v 0.03026474 0.03252662 -0.02483683
v 0.03375594 0.04095512 -0.02483683
v 0.02801556 0.04249325 -0.02081709
v 0.03494677 0.05 -0.02483682
v 0.02050882 0.02949119 -0.02081709
v 0.02471106 0.02528892 -0.02483683
v 0.02900386 0.05 -0.0208171
v 0.03375601 0.05904488 -0.02483682
v 0.01450193 0.02488193 -0.0208171
v 0.01747335 0.01973523 -0.02483683
v 0.02801558 0.05750675 -0.0208171
v 0.03026482 0.06747338 -0.02483682
v 0.007506752 0.02198444 -0.02081708
v 0.009044874 0.01624403 -0.02483683
v 0.02511808 0.06450193 -0.0208171
v 0.02471112 0.07471109 -0.02483682
v -4.012486E-09 0.02099615 -0.02081707
v -5.064642E-09 0.01505325 -0.02483683
v 0.02050883 0.07050882 -0.02081709
v 0.0174734 0.08026478 -0.02483682
v -0.007506745 0.02198443 -0.02081708
v -0.009044885 0.01624402 -0.02483683
v 0.01450194 0.07511808 -0.02081707
v 0.009044894 0.08375598 -0.02483683
v -0.01450192 0.02488193 -0.02081707
v -0.01747338 0.01973522 -0.02483683
v 0.00750675 0.07801558 -0.02081707
v -5.219792E-10 0.08494677 -0.02483683
v -0.02050882 0.02949118 -0.02081708
v -0.02471109 0.02528891 -0.02483683
v -1.937372E-10 0.07900386 -0.02081706
v -0.009044887 0.08375598 -0.02483681
v -0.02511807 0.03549807 -0.02081709
v -0.03026478 0.03252662 -0.02483683
v -0.007506746 0.07801557 -0.02081707
v -0.01747338 0.08026478 -0.02483681
v -0.02801557 0.04249325 -0.02081708
v -0.03375597 0.04095512 -0.02483683
v -0.01450193 0.07511807 -0.02081712
v -0.02471108 0.07471108 -0.02483682
v -0.02900385 0.05 -0.0208171
v -0.03494677 0.05 -0.02483682
v -0.02050882 0.07050882 -0.02081709
v -0.03026477 0.06747338 -0.02483682
v -0.02801558 0.05750675 -0.0208171
v -0.03375597 0.05904488 -0.02483685
v -0.02511807 0.06450193 -0.0208171
v -0.01991241 0.03850356 -0.01760199
v -0.02220941 0.04404901 -0.01760198
v -0.02299288 0.05 -0.01760199
v -0.02220941 0.05595099 -0.01760198
v -0.01991242 0.06149644 -0.01760198
v -0.01625842 0.06625842 -0.01760198
v -0.01625842 0.03374158 -0.01760197
v -0.01149644 0.06991242 -0.01760199
v -0.01149644 0.03008758 -0.01760198
v -0.005950996 0.07220941 -0.01760198
v -0.00595099 0.02779059 -0.01760199
v -1.371566E-10 0.07299288 -0.01760199
v 3.289051E-09 0.02700713 -0.01760199
v 0.005950996 0.07220942 -0.01760199
v 0.005950989 0.02779059 -0.01760199
v 0.01149644 0.06991243 -0.01760198
v 0.01149644 0.03008759 -0.01760199
v 0.01625842 0.06625842 -0.01760199
v 0.01625842 0.03374159 -0.01760199
v 0.01991242 0.06149644 -0.01760199
v 0.01991241 0.03850356 -0.01760199
v 0.02220942 0.05595099 -0.01760198
v 0.02220941 0.04404901 -0.01760199
v 0.02299289 0.05 -0.01760199
v 0.007594854 0.03684528 -0.01470766
v 0.01074075 0.03925923 -0.01470767
v 3.164812E-10 0.05 -0.01338349
v 0.003931386 0.03532782 -0.01470767
v 0.01315475 0.04240512 -0.01470767
v -1.217787E-08 0.03481024 -0.01470767
v 0.01467219 0.0460686 -0.01470769
v -0.003931397 0.03532781 -0.01470767
v 0.01518974 0.05 -0.01470767
v -0.007594878 0.03684528 -0.01470767
v 0.01467218 0.0539314 -0.01470769
v -0.01074078 0.03925921 -0.01470767
v 0.0131547 0.05759488 -0.01470766
v -0.01315472 0.04240511 -0.01470766
v 0.01074077 0.06074079 -0.01470769
v -0.0146722 0.0460686 -0.01470767
v 0.007594884 0.06315473 -0.01470767
v -0.01518979 0.05 -0.01470767
v 0.003931401 0.06467219 -0.01470766
v -0.0146722 0.05393141 -0.01470766
v -1.444132E-08 0.06518976 -0.01470768
v -0.01315475 0.05759488 -0.01470767
v -0.003931415 0.06467219 -0.01470765
v -0.01074081 0.06074078 -0.01470769
v -0.007594899 0.06315472 -0.01470766
v 0.00179392 0.05103571 0.01596575
v 0.00103572 0.05179392 0.02033114
v 0.00103572 0.05179392 0.01596575
v 0.00179392 0.05103571 0.02033114
v 0.002071441 0.04999999 0.01596575
v 0.002071441 0.04999999 0.02033114
v 0.00179392 0.04896428 0.01596575
v 0.00179392 0.04896428 0.02033114
v 0.00103572 0.04820608 0.01596575
v 0.00103572 0.04820608 0.02033114
v 0.00103572 0.05179392 0.01596575
v 0.00103572 0.05179392 0.02033114
v -3.271129E-16 0.05207144 0.02033114
v -3.271129E-16 0.05207144 0.01596575
v -0.00103572 0.05179392 0.02033114
v -0.00103572 0.05179392 0.01596575
v -0.00103572 0.05179392 0.01596575
v -0.00103572 0.05179392 0.02033114
v -0.00179392 0.05103571 0.02033114
v -0.00179392 0.05103571 0.01596575
v -0.002071441 0.04999999 0.02033114
v -0.002071441 0.04999999 0.01596575
v -0.00179392 0.04896428 0.02033114
v -0.00179392 0.04896428 0.01596575
v -0.00103572 0.04820608 0.02033114
v -0.00103572 0.04820608 0.01596575
v -0.00103572 0.04820608 0.01596575
v -0.00103572 0.04820608 0.02033114
v -3.271129E-16 0.04792856 0.02033114
v -3.271129E-16 0.04792856 0.01596575
v 0.00103572 0.04820608 0.02033114
v 0.00103572 0.04820608 0.01596575
v -0.0023052 0.05133091 0.02033113
v -0.001330909 0.0523052 0.02033113
v -0.001429291 0.05247561 0.0205702
v -0.002475605 0.05142929 0.0205702
v -0.002661816 0.04999999 0.02033113
v -0.002475604 0.05142929 0.0219141
v -0.001429291 0.05247561 0.0219141
v -0.001357833 0.05235183 0.02218591
v -0.002351836 0.05135783 0.02218591
v -0.002715667 0.04999999 0.02218591
v -0.002858581 0.04999999 0.0205702
v -0.002305201 0.04866908 0.02033113
v -0.002858581 0.04999999 0.02191409
v -0.002475604 0.0485707 0.02191409
v -0.002351836 0.04864216 0.0221859
v -0.001357833 0.04764816 0.0221859
v -0.001429291 0.04752439 0.02191409
v -0.002475605 0.0485707 0.0205702
v -0.001330908 0.04769479 0.02033113
v -0.001429291 0.04752439 0.0205702
v -3.271129E-16 0.05266181 0.02033113
v 0.001330908 0.0523052 0.02033113
v 0.001429291 0.05247561 0.0205702
v -3.271129E-16 0.05285858 0.0205702
v -0.001330909 0.0523052 0.02033113
v -0.001429291 0.05247561 0.0205702
v -0.001429291 0.05247561 0.0219141
v -3.215864E-16 0.05285858 0.0219141
v 0.001429291 0.05247561 0.0219141
v -0.001357833 0.05235183 0.02218591
v 0.001357833 0.05235183 0.02218591
v -3.215864E-16 0.05271566 0.02218591
v 0.002305201 0.04866908 0.02033113
v 0.001330908 0.04769479 0.02033113
v 0.001429291 0.04752439 0.0205702
v 0.002475605 0.0485707 0.0205702
v 0.002661816 0.04999999 0.02033113
v 0.002475604 0.0485707 0.02191409
v 0.001429291 0.04752439 0.02191409
v 0.001357833 0.04764816 0.0221859
v 0.002351836 0.04864216 0.0221859
v 0.002715667 0.04999999 0.0221859
v 0.002858581 0.04999999 0.0205702
v 0.002305201 0.05133091 0.02033113
v 0.002858581 0.04999999 0.0219141
v 0.002475604 0.05142929 0.0219141
v 0.002351836 0.05135783 0.02218591
v 0.001357833 0.05235183 0.02218591
v 0.001429291 0.05247561 0.0219141
v 0.002475605 0.05142929 0.0205702
v 0.001330908 0.0523052 0.02033113
v 0.001429291 0.05247561 0.0205702
v -3.271129E-16 0.04733818 0.02033114
v -0.001330908 0.04769479 0.02033113
v -0.001429291 0.04752439 0.0205702
v -3.271129E-16 0.04714141 0.0205702
v 0.001330908 0.04769479 0.02033113
v 0.001429291 0.04752439 0.0205702
v 0.001429291 0.04752439 0.02191409
v -3.265824E-16 0.04714141 0.02191409
v -0.001429291 0.04752439 0.02191409
v 0.001357833 0.04764816 0.0221859
v -0.001357833 0.04764816 0.0221859
v -3.274151E-16 0.04728433 0.0221859
v -0.03752671 0.07166552 0.01667401
v -0.03524199 0.07034644 0.01667401
v -0.03620723 0.06938148 0.016674
v -0.03752601 0.06902854 0.01667401
v -0.03488855 0.07166552 0.016674
v -0.03524199 0.07298459 0.016674
v -0.038845 0.06938217 0.016674
v -0.03620763 0.07395022 0.01667402
v -0.04025763 0.0701707 0.016674
v -0.04202121 0.06126292 0.016674
v -0.03923069 0.07264931 0.01667402
v -0.04375332 0.06172716 0.01667402
v -0.03759683 0.07477933 0.016674
v -0.04494773 0.05266158 0.016674
v -0.0307617 0.08076504 0.016674
v -0.03202965 0.08203314 0.01667402
v -0.02478052 0.08759762 0.016674
v -0.04333011 0.05263815 0.01667401
v -0.0239514 0.08620843 0.016674
v -0.04333184 0.04999827 0.016674
v -0.04201102 0.05228471 0.01667399
v -0.04529943 0.04999825 0.016674
v -0.04104539 0.05131908 0.016674
v -0.04069367 0.04999827 0.01667399
v -0.04104886 0.04867825 0.016674
v -0.04201447 0.04771319 0.016674
v -0.04333358 0.04735996 0.016674
v -0.04495122 0.04733651 0.016674
v -0.04202463 0.03874038 0.016674
v -0.04375682 0.03827633 0.016674
v -0.04025842 0.02982811 0.016674
v -0.03884579 0.03061666 0.016674
v -0.03752671 0.02833194 0.016674
v -0.03752669 0.03097011 0.016674
v -0.03923069 0.02734813 0.016674
v -0.03620762 0.03061665 0.016674
v -0.03524199 0.02965103 0.016674
v -0.03488894 0.02833263 0.016674
v -0.03524267 0.02701405 0.016674
v -0.03620842 0.0260486 0.016674
v -0.03759762 0.02521948 0.016674
v -0.03076504 0.0192383 0.016674
v -0.03203315 0.01797035 0.016674
v -0.02477933 0.01240317 0.016674
v -0.02395023 0.01379237 0.016674
v -0.02166552 0.01247329 0.016674
v -0.02298459 0.01475801 0.016674
v -0.02264931 0.01076931 0.016674
v -0.02166551 0.01511145 0.016674
v -0.02034644 0.01475801 0.016674
v -0.01938149 0.01379276 0.016674
v -0.01902854 0.01247399 0.016674
v -0.01938217 0.011155 0.016674
v -0.0201707 0.009742375 0.016674
v -0.01126292 0.007978797 0.016674
v -0.01172716 0.006246681 0.016674
v -0.002661587 0.005052272 0.016674
v -0.002638154 0.006669886 0.016674
v 1.732222E-06 0.006668156 0.016674
v -0.002284709 0.007988975 0.016674
v 1.747609E-06 0.004700573 0.016674
v -0.001319077 0.008954607 0.016674
v 1.732222E-06 0.009306323 0.016674
v 0.001321754 0.008951141 0.016674
v 0.002286812 0.007985513 0.016674
v 0.002640043 0.006666424 0.016674
v 0.002663493 0.005048777 0.016674
v 0.01125962 0.007975373 0.016674
v 0.01172367 0.006243181 0.016674
v 0.02017189 0.009741584 0.016674
v 0.01938335 0.01115421 0.016674
v 0.02166806 0.01247329 0.016674
v 0.0190299 0.01247331 0.016674
v 0.02265187 0.01076931 0.016674
v 0.01938334 0.01379237 0.016674
v 0.02034897 0.01475801 0.016674
v 0.02166737 0.01511106 0.016674
v 0.02298595 0.01475733 0.016674
v 0.0239514 0.01379158 0.016674
v 0.02478052 0.01240238 0.016674
v 0.0307617 0.01923495 0.016674
v 0.03202965 0.01796685 0.016674
v 0.03759683 0.02522066 0.016674
v 0.03620763 0.02604977 0.016674
v 0.03752671 0.02833448 0.016674
v 0.03524199 0.02701541 0.016674
v 0.03923069 0.02735069 0.016674
v 0.03488855 0.02833449 0.016674
v 0.03524199 0.02965356 0.016674
v 0.03620723 0.03061851 0.016674
v 0.03752601 0.03097146 0.016674
v 0.038845 0.03061783 0.016674
v 0.04025763 0.0298293 0.016674
v 0.0420212 0.03873708 0.016674
v 0.04375332 0.03827284 0.016674
v 0.04494773 0.04733841 0.01667399
v 0.04333011 0.04736184 0.01667399
v 0.04333183 0.05000173 0.016674
v 0.04201102 0.04771529 0.016674
v 0.04529943 0.05000174 0.016674
v 0.04104539 0.04868092 0.016674
v 0.04069367 0.05000173 0.016674
v 0.04104886 0.05132175 0.016674
v 0.04201449 0.05228681 0.016674
v 0.04333358 0.05264004 0.016674
v 0.04495122 0.05266349 0.016674
v 0.04202463 0.06125962 0.016674
v 0.04375682 0.06172367 0.016674
v 0.04025842 0.07017189 0.016674
v 0.03884579 0.06938335 0.016674
v 0.03752671 0.07166806 0.016674
v 0.03752669 0.0690299 0.016674
v 0.03923069 0.07265186 0.016674
v 0.03620762 0.06938335 0.016674
v 0.03524199 0.07034897 0.016674
v 0.03488894 0.07166737 0.016674
v 0.03524267 0.07298595 0.016674
v 0.03620842 0.07395141 0.016674
v 0.03759762 0.07478052 0.016674
v 0.03076504 0.0807617 0.016674
v 0.03203315 0.08202965 0.016674
v 0.02477933 0.08759683 0.016674
v 0.02395023 0.08620763 0.016674
v 0.02166552 0.08752671 0.016674
v 0.02298459 0.085242 0.016674
v 0.02264931 0.08923069 0.016674
v 0.02166551 0.08488856 0.016674
v 0.02034644 0.085242 0.016674
v 0.01938149 0.08620723 0.016674
v 0.01902854 0.087526 0.016674
v 0.01938217 0.088845 0.016674
v 0.0201707 0.09025762 0.016674
v 0.01126292 0.0920212 0.016674
v 0.01172716 0.09375332 0.016674
v 0.002661587 0.09494773 0.016674
v 0.002638154 0.09333012 0.016674
v -1.732222E-06 0.09333184 0.016674
v 0.002284709 0.09201102 0.016674
v -1.747608E-06 0.09529942 0.016674
v 0.001319077 0.09104539 0.016674
v -1.732222E-06 0.09069367 0.016674
v -0.001321754 0.09104885 0.016674
v -0.002286812 0.09201449 0.016674
v -0.002640043 0.09333356 0.016674
v -0.002663493 0.09495123 0.016674
v -0.01125962 0.09202462 0.016674
v -0.01172367 0.09375682 0.016674
v -0.02017189 0.09025841 0.016674
v -0.01938335 0.08884578 0.016674
v -0.02166806 0.08752671 0.016674
v -0.0190299 0.08752669 0.016674
v -0.02265187 0.08923069 0.016674
v -0.01938334 0.08620763 0.016674
v -0.02034897 0.085242 0.016674
v -0.02166737 0.08488894 0.016674
v -0.02298595 0.08524267 0.016674
v -0.0007578785 0.05130227 0.01955187
v -6.209703E-09 0.04999999 0.01955188
v -0.001307477 0.05074886 0.01955188
v 0.03334576 0.06940603 0.01955188
v 0.03258788 0.07070829 0.01955188
v -0.001506738 0.04999479 0.01955188
v 0.03334055 0.07091276 0.01955188
v -0.001302274 0.04924212 0.01955187
v 0.03409462 0.07071349 0.01955188
v -0.0007488661 0.04869252 0.01955187
v 0.03464802 0.07016389 0.01955188
v 5.196855E-06 0.04849326 0.01955187
v 0.0007578673 0.04869773 0.01955187
v 0.03410363 0.06810375 0.01955188
v 0.03485249 0.06941123 0.01955188
v 0.03465323 0.06865716 0.01955188
v -0.0005759282 0.04966984 0.02117229
v 1.574291E-09 0.04999999 0.02117229
v -0.0003336918 0.04942611 0.02117229
v -0.01971063 0.08438386 0.0211723
v -0.02028656 0.0840537 0.02117229
v -2.043024E-06 0.04933615 0.02117229
v -0.02037448 0.08438591 0.02117229
v 0.0003301543 0.04942407 0.02117229
v -0.02028452 0.08471756 0.02117229
v 0.0005738868 0.0496663 0.02117229
v -0.02004079 0.08495979 0.02117229
v 0.0006638477 0.04999795 0.02117229
v 0.000575931 0.05033015 0.02117229
v -0.0191347 0.08471401 0.0211723
v -0.01970859 0.0850477 0.02117229
v -0.01937694 0.08495775 0.02117229
v -0.0009495685 0.04883013 0.01955188
v 5.57836E-09 0.04999999 0.01955187
v -0.0002374164 0.04851208 0.01955188
v -0.02185858 0.06774246 0.01955188
v -0.02280815 0.06657259 0.01955188
v 0.000538351 0.04859271 0.01955188
v -0.02326587 0.06720411 0.01955188
v 0.001169871 0.04905042 0.01955188
v -0.0233465 0.06797988 0.01955188
v 0.001487925 0.04976258 0.01955187
v -0.02302845 0.06869203 0.01955188
v 0.001407293 0.05053834 0.01955187
v 0.0009495784 0.05116986 0.01955187
v -0.02090901 0.06891232 0.01955188
v -0.02239693 0.06914975 0.01955188
v -0.02162116 0.06923039 0.01955188
v -3.269988E-16 0.04999999 0.02218591
v -3.215864E-16 0.05271566 0.02218591
v 0.001357833 0.05235183 0.02218591
v 0.002351836 0.05135783 0.02218591
v -0.001357833 0.05235183 0.02218591
v 0.002715667 0.04999999 0.0221859
v -0.002351836 0.05135783 0.02218591
v 0.002351836 0.04864216 0.0221859
v -0.002715667 0.04999999 0.02218591
v 0.001357833 0.04764816 0.0221859
v -0.002351836 0.04864216 0.0221859
v -3.274151E-16 0.04728433 0.0221859
v -0.001357833 0.04764816 0.0221859
v 0.002475604 0.05142929 0.01596575
v 0.00179392 0.05103571 0.01596575
v 0.00103572 0.05179392 0.01596575
v 0.001429291 0.05247561 0.01596575
v 0.002858581 0.04999999 0.01596575
v -3.271129E-16 0.05207144 0.01596575
v 0.002071441 0.04999999 0.01596575
v -3.282478E-16 0.05285858 0.01596575
v 0.002475604 0.0485707 0.01596575
v -0.00103572 0.05179392 0.01596575
v 0.00179392 0.04896428 0.01596575
v -0.001429291 0.05247561 0.01596575
v 0.001429291 0.04752439 0.01596575
v -0.00179392 0.05103571 0.01596575
v 0.00103572 0.04820608 0.01596575
v -0.002475604 0.05142929 0.01596575
v -3.269988E-16 0.04714141 0.01596575
v -0.002071441 0.04999999 0.01596575
v -3.271129E-16 0.04792856 0.01596575
v -0.002858581 0.04999999 0.01596575
v -0.001429291 0.04752439 0.01596575
v -0.00179392 0.04896428 0.01596575
v -0.00103572 0.04820608 0.01596575
v -0.002475604 0.0485707 0.01596575
v 0.001330908 0.0523052 0.02033113
v 0.00103572 0.05179392 0.02033114
v 0.00179392 0.05103571 0.02033114
v 0.002305201 0.05133091 0.02033113
v -3.271129E-16 0.05266181 0.02033113
v 0.002071441 0.04999999 0.02033114
v -3.271129E-16 0.05207144 0.02033114
v 0.002661816 0.04999999 0.02033113
v -0.001330909 0.0523052 0.02033113
v 0.00179392 0.04896428 0.02033114
v -0.00103572 0.05179392 0.02033114
v 0.002305201 0.04866908 0.02033113
v -0.0023052 0.05133091 0.02033113
v 0.00103572 0.04820608 0.02033114
v -0.00179392 0.05103571 0.02033114
v 0.001330908 0.04769479 0.02033113
v -0.002661816 0.04999999 0.02033113
v -3.271129E-16 0.04792856 0.02033114
v -0.002071441 0.04999999 0.02033114
v -3.271129E-16 0.04733818 0.02033114
v -0.002305201 0.04866908 0.02033113
v -0.00103572 0.04820608 0.02033114
v -0.00179392 0.04896428 0.02033114
v -0.001330908 0.04769479 0.02033113
v -0.000786676 0.04999999 0.01722366
v -3.309243E-16 0.04999999 0.01722366
v -0.0006812814 0.04960665 0.01722366
v 1.172206E-11 0.06590633 0.01722366
v -0.000786676 0.06590633 0.01722366
v -0.000393338 0.04931872 0.01722366
v -0.0006812814 0.06629967 0.01722366
v -3.242629E-16 0.04921332 0.01722366
v -0.000393338 0.06658761 0.01722366
v 0.000393338 0.04931871 0.01722366
v -3.293594E-16 0.066693 0.01722366
v 0.0006812814 0.04960665 0.01722366
v 0.000786676 0.04999999 0.01722366
v 0.0007866755 0.06590633 0.01722366
v 0.000393338 0.06658761 0.01722366
v 0.0006812816 0.06629967 0.01722366
v 0.03203028 0.01796971 0.02349965
v 0.02264884 0.01077106 0.02349959
v 0.02264884 0.01077106 0.02482988
v 0.03203028 0.01796971 0.02482993
v 0.03922892 0.02735116 0.02349965
v 0.03922892 0.02735116 0.02482988
v 0.04375418 0.03827609 0.02349959
v 0.04375418 0.03827609 0.02482988
v 0.04529769 0.05 0.02349965
v 0.04529769 0.05 0.02482988
v 0.04375418 0.0617239 0.02482988
v 0.04375418 0.0617239 0.02349959
v 0.03922892 0.07264884 0.02482988
v 0.03922892 0.07264884 0.02349959
v 0.03203028 0.08203028 0.02482988
v 0.03203028 0.08203027 0.02349964
v 0.02264884 0.08922894 0.02482988
v 0.02264884 0.08922894 0.02349959
v 0.02264884 0.01077106 0.02349959
v 0.0117239 0.006245803 0.02482988
v 0.02264884 0.01077106 0.02482988
v 0.0117239 0.006245803 0.02349959
v -3.265824E-16 0.004702321 0.02482988
v -3.271129E-16 0.004702318 0.02349959
v -0.0117239 0.006245803 0.02349959
v -0.0117239 0.006245805 0.02482988
v -0.02264884 0.01077105 0.02349959
v -0.02264884 0.01077106 0.02482988
v 0.02264884 0.08922894 0.02349959
v 0.02264884 0.08922894 0.02482988
v 0.0117239 0.09375419 0.02482988
v 0.0117239 0.09375419 0.02349959
v -3.215864E-16 0.09529768 0.02482988
v -3.265824E-16 0.09529768 0.02349959
v -0.0117239 0.09375419 0.02349959
v -0.0117239 0.09375419 0.02482988
v -0.02264884 0.08922894 0.02349959
v -0.02264884 0.08922894 0.02482988
v -0.03203028 0.01796971 0.0234996
v -0.02264884 0.01077106 0.02482988
v -0.02264884 0.01077105 0.02349959
v -0.03203028 0.01796971 0.02482988
v -0.03922892 0.02735115 0.02349959
v -0.03922892 0.02735116 0.02482988
v -0.04375418 0.0382761 0.02349962
v -0.04375418 0.03827609 0.02482988
v -0.04529769 0.05 0.02349959
v -0.04529769 0.05 0.02482988
v -0.04375418 0.0617239 0.02482988
v -0.04375418 0.0617239 0.02349959
v -0.03922892 0.07264884 0.02482988
v -0.03922892 0.07264884 0.02349959
v -0.03203028 0.08203028 0.02482988
v -0.03203028 0.08203027 0.02349955
v -0.02264884 0.08922894 0.02482988
v -0.02264884 0.08922894 0.02349959
v -3.271129E-16 0.05 0.02482988
v 0.04529769 0.05 0.02482988
v 0.04375418 0.03827609 0.02482988
v 0.03922892 0.02735116 0.02482988
v 0.04375418 0.0617239 0.02482988
v 0.03203028 0.01796971 0.02482993
v 0.03922892 0.07264884 0.02482988
v 0.02264884 0.01077106 0.02482988
v 0.03203028 0.08203028 0.02482988
v 0.0117239 0.006245803 0.02482988
v 0.02264884 0.08922894 0.02482988
v -3.265824E-16 0.004702321 0.02482988
v 0.0117239 0.09375419 0.02482988
v -0.0117239 0.006245805 0.02482988
v -3.215864E-16 0.09529768 0.02482988
v -0.02264884 0.01077106 0.02482988
v -0.0117239 0.09375419 0.02482988
v -0.03203028 0.01796971 0.02482988
v -0.02264884 0.08922894 0.02482988
v -0.03922892 0.02735116 0.02482988
v -0.03203028 0.08203028 0.02482988
v -0.04375418 0.03827609 0.02482988
v -0.03922892 0.07264884 0.02482988
v -0.04529769 0.05 0.02482988
v -0.04375418 0.0617239 0.02482988
v -3.282478E-16 0.05 0.02349959
v 0.02264884 0.01077106 0.02349959
v 0.03203028 0.01796971 0.02349965
v 0.03922892 0.02735116 0.02349965
v 0.0117239 0.006245803 0.02349959
v 0.04375418 0.03827609 0.02349959
v -3.271129E-16 0.004702318 0.02349959
v 0.04529769 0.05 0.02349965
v -0.0117239 0.006245803 0.02349959
v 0.04375418 0.0617239 0.02349959
v -0.02264884 0.01077105 0.02349959
v 0.03922892 0.07264884 0.02349959
v -0.03203028 0.01796971 0.0234996
v 0.03203028 0.08203027 0.02349964
v -0.03922892 0.02735115 0.02349959
v 0.02264884 0.08922894 0.02349959
v -0.04375418 0.0382761 0.02349962
v 0.0117239 0.09375419 0.02349959
v -0.04529769 0.05 0.02349959
v -3.265824E-16 0.09529768 0.02349959
v -0.04375418 0.0617239 0.02349959
v -0.0117239 0.09375419 0.02349959
v -0.03922892 0.07264884 0.02349959
v -0.02264884 0.08922894 0.02349959
v -0.03203028 0.08203027 0.02349955
vn -0.7071068 0.7071066 0
vn -0.5000006 0.8660251 0
vn -0.5000006 0.8660251 0
vn -0.7071068 0.7071066 0
vn -0.8660254 0.4999999 0
vn -0.8660254 0.4999999 0
vn -0.9659256 0.25882 0
vn -0.9659256 0.2588199 0
vn -1 0 0
vn -1 0 0
vn -0.9659256 -0.25882 0
vn -0.9659256 -0.25882 0
vn -0.8660254 -0.4999999 0
vn -0.8660254 -0.4999999 0
vn -0.7071068 -0.7071066 0
vn -0.7071068 -0.7071066 0
vn -0.5000004 -0.8660253 0
vn -0.5000004 -0.8660253 0
vn -0.5000006 0.8660251 0
vn -0.5000006 0.8660251 0
vn -0.2588193 0.9659257 0
vn -0.2588193 0.9659257 0
vn 0 1 0
vn 0 1 0
vn 0.2588193 0.9659257 0
vn 0.2588193 0.9659257 0
vn 0.5000006 0.8660251 0
vn 0.5000006 0.8660251 0
vn -0.5000004 -0.8660253 0
vn -0.2588193 -0.9659257 0
vn -0.5000004 -0.8660253 0
vn -0.2588193 -0.9659257 0
vn 0 -1 0
vn 0 -1 0
vn 0.2588193 -0.9659257 0
vn 0.2588193 -0.9659257 0
vn 0.5000004 -0.8660253 0
vn 0.5000004 -0.8660253 0
vn 0.7071068 0.7071066 0
vn 0.5000006 0.8660251 0
vn 0.5000006 0.8660251 0
vn 0.7071068 0.7071066 0
vn 0.8660254 0.4999999 0
vn 0.8660254 0.4999999 0
vn 0.9659256 0.25882 0
vn 0.9659256 0.25882 0
vn 1 0 0
vn 1 0 0
vn 0.9659256 -0.2588199 0
vn 0.9659256 -0.25882 0
vn 0.8660254 -0.4999999 0
vn 0.8660254 -0.4999999 0
vn 0.7071068 -0.7071066 0
vn 0.7071068 -0.7071066 0
vn 0.5000004 -0.8660253 0
vn 0.5000004 -0.8660253 0
vn -0.0651895 0.9978729 -1.365978E-07
vn -0.8657385 0.02573599 -0.4998345
vn -0.05645579 0.9978729 -0.03259451
vn -0.9996687 0.02573531 0
vn -0.8657387 0.02573583 0.4998342
vn -0.05645545 0.9978729 0.03259562
vn -0.8660254 1.876753E-07 -0.4999999
vn -0.4999997 4.479795E-07 -0.8660256
vn -0.4998342 0.02573659 -0.8657387
vn -1 2.024594E-07 0
vn -0.866025 7.69014E-07 0.5000007
vn -0.4998378 0.02573638 0.8657365
vn -0.5000039 3.713262E-07 0.8660232
vn 0.06518956 0.9978729 -1.250214E-07
vn 0.8657392 0.02573455 0.4998333
vn 0.05645468 0.9978731 0.03259366
vn 0.9996688 0.02573524 0
vn 0.8657383 0.02573575 -0.499835
vn 0.05645583 0.9978729 -0.03259484
vn 0.8660265 -1.533695E-06 0.4999981
vn 0.5000032 -3.383577E-06 0.8660235
vn 0.4998359 0.02573426 0.8657378
vn 1 -1.037211E-07 -1.380957E-07
vn 0.8660253 0 -0.5000002
vn 0.4998337 0.02573616 -0.865739
vn 0.4999993 3.069851E-07 -0.8660258
vn 0.4999993 3.069851E-07 -0.8660258
vn 0.4998337 0.02573616 -0.865739
vn 0 0.02573642 -0.9996687
vn 0 5.209302E-07 -1
vn -0.4998342 0.02573659 -0.8657387
vn -0.4999997 4.479795E-07 -0.8660256
vn -0.5000039 3.713262E-07 0.8660232
vn -0.4998378 0.02573638 0.8657365
vn -3.675878E-06 0.02573571 0.9996687
vn -4.207302E-06 -2.149316E-06 1
vn 0.4998359 0.02573426 0.8657378
vn 0.5000032 -3.383577E-06 0.8660235
vn -0.683299 -0.007260809 0.7301025
vn -0.517271 -0.6515194 0.5549354
vn -0.6248137 -0.7807661 0.003497276
vn -0.9999194 -0.01128557 0.00582677
vn -0.6832458 0 0.7301884
vn -0.9999194 -0.01128493 -0.005825736
vn -0.6248138 -0.780766 -0.003500344
vn -0.9999828 0 0.005873512
vn -0.6832457 0 0.7301887
vn -0.6887855 -0.007314205 -0.7249283
vn -0.519872 -0.6545733 -0.5488777
vn -0.9999828 0 -0.005872324
vn -0.6887493 0 -0.7249996
vn -0.9999828 0 0.005873512
vn -0.6832455 0 0.7301887
vn -0.9999828 0 -0.005872322
vn -0.6887496 0 -0.7249993
vn -0.9999828 0 0.005873512
vn -0.6832455 0 0.7301887
vn -0.9999828 0 -0.005872322
vn -0.6887496 0 -0.7249993
vn -0.9999828 0 0.005873512
vn -0.6832457 0 0.7301887
vn -0.9999828 0 -0.005872322
vn -0.6887496 0 -0.7249993
vn -0.9999828 0 0.005873512
vn -0.6832986 0.00728798 0.7301026
vn -0.9999828 0 -0.005872322
vn -0.6887498 0 -0.7249991
vn -0.9999182 0.01138326 0.005828402
vn -0.9999182 0.01138261 -0.005827367
vn -0.6887863 0.007341393 -0.7249272
vn -0.6037841 0.7971406 -0.003391363
vn -0.5070696 0.6753467 -0.5355251
vn -0.603784 0.7971408 0.003388471
vn -0.5046155 0.6723586 0.5415691
vn -0.6248137 -0.7807661 0.003497276
vn -0.517271 -0.6515194 0.5549354
vn -0.006684124 -0.7599205 0.6499816
vn -0.009099234 -0.9999478 0.004656694
vn -0.6248138 -0.780766 -0.003500344
vn 0 -0.999989 0.004698787
vn 0 -0.7600748 0.6498356
vn -0.009098729 -0.9999478 -0.00465584
vn 0 -0.999989 0.004698787
vn 0 -0.7600748 0.6498355
vn -0.006724438 -0.7647446 -0.6442985
vn -0.519872 -0.6545733 -0.5488777
vn 0 -0.7649119 -0.6441351
vn 0 -0.999989 -0.004697836
vn 0 -0.7649119 -0.6441349
vn 0 -0.999989 -0.004697835
vn 0 -0.7649119 -0.6441349
vn 0 -0.999989 0.004698787
vn 0 -0.7600748 0.6498355
vn 0 -0.999989 -0.004697835
vn 0 -0.7649119 -0.6441349
vn 0 -0.999989 -0.004697835
vn 0 -0.7649119 -0.6441349
vn 0 -0.999989 0.004698787
vn 0 -0.7600748 0.6498355
vn 0 -0.999989 -0.004697836
vn 0.00668907 -0.7647457 -0.6442977
vn 0 -0.999989 0.004698787
vn 0 -0.7600748 0.6498356
vn 0.009104008 -0.9999478 -0.004658672
vn 0.009104516 -0.9999477 0.004659527
vn 0.006649099 -0.7599215 0.6499808
vn 0.6556662 -0.7550433 0.003388119
vn 0.5499902 -0.6361337 0.5411512
vn 0.6556662 -0.7550432 -0.003391023
vn 0.5525907 -0.6390057 -0.5350842
vn -0.006684124 -0.7599205 0.6499816
vn -0.517271 -0.6515194 0.5549354
vn -0.683299 -0.007260809 0.7301025
vn -0.02278183 -0.02257118 0.9994856
vn 0 -0.7600748 0.6498356
vn -0.02481795 0 0.999692
vn -0.6832458 0 0.7301884
vn 0 -0.02459532 0.9996974
vn 0 -0.7600748 0.6498355
vn -0.0406945 0 0.9991716
vn -0.6832457 0 0.7301887
vn 0 0 1
vn 0 0 1
vn 0 0 1
vn 0 0 1
vn 0 0 1
vn 0 -0.03978438 0.9992083
vn 0 -0.7600748 0.6498355
vn -0.05359661 0 0.9985626
vn -4.525966E-07 0 1
vn -0.6832455 0 0.7301887
vn -1.505877E-07 0 1
vn 0 -0.05193225 0.9986506
vn 0 0 1
vn 0 -0.7600748 0.6498355
vn 0 0 1
vn -0.04069462 0 0.9991716
vn -0.6832455 0 0.7301887
vn 0 0 1
vn 0 -0.03978438 0.9992083
vn 0 -0.7600748 0.6498356
vn -0.02481184 0 0.9996922
vn -0.6832457 0 0.7301887
vn 1.842378E-07 0 1
vn 1.354514E-07 -0.02459677 0.9996974
vn 1.466771E-07 0 1
vn 0.006649099 -0.7599215 0.6499808
vn 1.817951E-07 0 1
vn -0.02284503 0.02282253 0.9994785
vn -0.6832986 0.00728798 0.7301026
vn 0.02284538 -0.02263654 0.9994826
vn 1.113628E-07 0.02498192 0.9996879
vn 1.234439E-07 0 1
vn 0 0 1
vn -0.006484829 0.7771932 0.6292287
vn -0.5046155 0.6723586 0.5415691
vn 0 0.7773824 0.6290283
vn 0 0.04104201 0.9991574
vn 0 0.7773817 0.6290292
vn 0 0.05417037 0.9985317
vn 0 0 1
vn 0 0.7773817 0.6290292
vn 0 0 1
vn 0 0.041042 0.9991574
vn 0 0.7773817 0.6290292
vn 0 0.02498329 0.9996879
vn 0 0 1
vn 0 0.7773832 0.6290272
vn 0 0 1
vn 0.02290882 0.02288866 0.9994755
vn 0.006451963 0.7771953 0.6292264
vn 0.0248719 0 0.9996907
vn 1.301598E-07 0 1
vn 0.7124902 0.007026243 0.7016469
vn 0.5372242 0.657288 0.5285477
vn 0.7125231 0 0.7016486
vn 0.04080786 0 0.999167
vn 0 0 1
vn 0.712523 0 0.7016487
vn 0.05377743 0 0.998553
vn 4.486864E-07 0 1
vn 0.712523 0 0.7016487
vn 0 0 1
vn 0.04080776 0 0.999167
vn 0.712523 0 0.7016487
vn 0 0 1
vn 0.02487811 0 0.9996905
vn 0.7125234 0 0.7016483
vn 0.7124907 -0.006999191 0.7016466
vn 0.5499902 -0.6361337 0.5411512
vn 0.6556662 -0.7550433 0.003388119
vn 0.5499902 -0.6361337 0.5411512
vn 0.7124907 -0.006999191 0.7016466
vn 0.9999316 -0.01040039 0.005370272
vn 0.6556662 -0.7550432 -0.003391023
vn 0.9999853 0 0.00541201
vn 0.7125234 0 0.7016483
vn 0.9999853 0 0.00541201
vn 0.712523 0 0.7016487
vn 0.9999853 0 0.00541201
vn 0.712523 0 0.7016487
vn 0.9999853 0 0.00541201
vn 0.712523 0 0.7016487
vn 0.9999853 0 0.00541201
vn 0.7125231 0 0.7016486
vn 0.9999306 0.01049047 0.005371761
vn 0.7124902 0.007026243 0.7016469
vn 0.6349611 0.7725371 0.003288819
vn 0.5372242 0.657288 0.5285477
vn 0.9999306 0.01048988 -0.005370793
vn 0.6349611 0.7725371 -0.00329151
vn 0.9999853 0 -0.005410913
vn 0.71777 0.007074258 -0.6962442
vn 0.5396821 0.6601068 -0.5224961
vn 0.7178183 0 -0.6962305
vn 0.9999853 0 -0.005410913
vn 0.7178181 0 -0.6962307
vn 0.9999853 0 -0.005410913
vn 0.7178181 0 -0.6962306
vn 0.9999853 0 -0.005410913
vn 0.7178181 0 -0.6962307
vn 0.9999853 0 -0.005410913
vn 0.7178178 0 -0.696231
vn 0.9999316 -0.0103998 -0.005369305
vn 0.7177695 -0.00704709 -0.6962452
vn 0.5525907 -0.6390057 -0.5350842
vn -0.006484829 0.7771932 0.6292287
vn -0.5046155 0.6723586 0.5415691
vn -0.603784 0.7971408 0.003388471
vn -0.008612186 0.9999533 0.004407814
vn 0 0.7773824 0.6290283
vn -0.008611707 0.9999533 -0.004407002
vn -0.6037841 0.7971406 -0.003391363
vn 0 0.9999901 0.004447036
vn 0 0.7773817 0.6290292
vn -0.006521697 0.7818139 -0.6234778
vn -0.5070696 0.6753467 -0.5355251
vn 0 0.9999901 -0.004446135
vn 0 0.782015 -0.6232596
vn 0 0.9999901 0.004446942
vn 0 0.7773817 0.6290292
vn 0 0.9999901 -0.004446041
vn 0 0.7820144 -0.6232604
vn 0 0.9999901 0.004446942
vn 0 0.7773817 0.6290292
vn 0 0.9999901 -0.004446041
vn 0 0.7820144 -0.6232604
vn 0 0.9999901 0.004446942
vn 0 0.7773832 0.6290272
vn 0 0.9999901 -0.004446041
vn 0 0.7820144 -0.6232604
vn 0 0.9999901 0.004447019
vn 0.006451963 0.7771953 0.6292264
vn 0 0.9999901 -0.004446118
vn 0 0.7820159 -0.6232586
vn 0.00861722 0.9999532 0.004410467
vn 0.008616741 0.9999532 -0.00440965
vn 0.006488577 0.7818161 -0.6234753
vn 0.6349611 0.7725371 -0.00329151
vn 0.5396821 0.6601068 -0.5224961
vn 0.6349611 0.7725371 0.003288819
vn 0.5372242 0.657288 0.5285477
vn -0.006521697 0.7818139 -0.6234778
vn -0.5070696 0.6753467 -0.5355251
vn -0.6887863 0.007341393 -0.7249272
vn -0.2149001 0.2146834 -0.9527481
vn 0 0.782015 -0.6232596
vn -0.3661753 0 -0.9305459
vn 0 0.4611573 -0.8873184
vn -0.6887498 0 -0.7249991
vn 0 0.7820144 -0.6232604
vn -0.3661733 0 -0.9305468
vn 0 0.4611528 -0.8873206
vn -0.6887496 0 -0.7249993
vn 0 0.7820144 -0.6232604
vn -0.3661733 0 -0.9305468
vn 0 0.4611528 -0.8873206
vn -0.6887496 0 -0.7249993
vn 0 0.7820144 -0.6232604
vn -0.3661744 0 -0.9305462
vn 0 0.4611528 -0.8873206
vn -0.6887496 0 -0.7249993
vn 0 0.7820159 -0.6232586
vn -0.3661747 0 -0.9305461
vn 0 0.4611581 -0.887318
vn -0.6887493 0 -0.7249996
vn 0.006488577 0.7818161 -0.6234753
vn -0.211066 -0.2091122 -0.954842
vn -0.6887855 -0.007314205 -0.7249283
vn 0.223904 0.2237034 -0.9485904
vn -0.006724438 -0.7647446 -0.6442985
vn -0.519872 -0.6545733 -0.5488777
vn 0 -0.4413754 -0.8973225
vn 0 -0.7649119 -0.6441351
vn 0 -0.4413754 -0.8973225
vn 0 -0.7649119 -0.6441349
vn 0 -0.4413754 -0.8973225
vn 0 -0.7649119 -0.6441349
vn 0 -0.4413754 -0.8973225
vn 0 -0.7649119 -0.6441349
vn 0 -0.4413753 -0.8973225
vn 0 -0.7649119 -0.6441349
vn 0.2197598 -0.2177497 -0.950942
vn 0.00668907 -0.7647457 -0.6442977
vn 0.7177695 -0.00704709 -0.6962452
vn 0.5525907 -0.6390057 -0.5350842
vn 0.392743 0 -0.9196482
vn 0.7178178 0 -0.696231
vn 0.3927427 0 -0.9196484
vn 0.7178181 0 -0.6962307
vn 0.3927415 0 -0.9196489
vn 0.7178181 0 -0.6962306
vn 0.3927415 0 -0.9196489
vn 0.7178181 0 -0.6962307
vn 0.3927436 0 -0.919648
vn 0.7178183 0 -0.6962305
vn 0.71777 0.007074258 -0.6962442
vn 0.5396821 0.6601068 -0.5224961
vn 0 0 -1
vn 0 0 -1
vn 0 0 -1
vn 1.909141E-07 0 -1
vn 0 0 -1
vn 1.772087E-07 0 -1
vn 0 0 -1
vn 0 0 -1
vn 0 0 -1
vn -1.098876E-07 0 -1
vn 0 1.59568E-07 -1
vn 0 1.595684E-07 -1
vn -1.434368E-07 0 -1
vn -1.568949E-07 0 -1
vn -2.518968E-07 0 -1
vn -2.513979E-07 0 -1
vn 0 0 -1
vn 0 0 -1
vn 0 -1.963482E-07 -1
vn 0 -1.963481E-07 -1
vn 0 0 -1
vn 0 0 -1
vn 0 -1.97328E-07 -1
vn 0 -1.975614E-07 -1
vn 0 0 -1
vn 0 0 -1
vn 0 -1.113679E-07 -1
vn 0 -1.217427E-07 -1
vn 1.238049E-07 0 -1
vn 1.238049E-07 0 -1
vn -1.615814E-07 0 -1
vn -1.405782E-07 0 -1
vn 1.983835E-07 1.358936E-07 -1
vn 2.075924E-07 1.540444E-07 -1
vn -2.364157E-07 -2.331115E-07 -1
vn -2.364157E-07 -2.331115E-07 -1
vn -1.525794E-07 -4.254596E-07 -1
vn -1.525794E-07 -4.254597E-07 -1
vn -1.995814E-07 2.204026E-07 -1
vn -1.608139E-07 3.542098E-07 -1
vn 3.935104E-07 2.972121E-07 -1
vn 4.141451E-07 2.14477E-07 -1
vn -1.430017E-07 -5.77624E-07 -1
vn -1.263708E-07 -5.880017E-07 -1
vn 0 -2.948995E-07 -1
vn 0 -2.948996E-07 -1
vn 0 -3.811816E-07 -1
vn 0 -4.017284E-07 -1
vn 0.03259476 0.9978729 -0.05645552
vn 0.4998337 0.02573616 -0.865739
vn 0.8657383 0.02573575 -0.499835
vn 0.05645583 0.9978729 -0.03259484
vn 0 0.02573642 -0.9996687
vn 0 1 0
vn 0.06518956 0.9978729 -1.250214E-07
vn 0.05645468 0.9978731 0.03259366
vn 0 0.9978729 -0.06518864
vn 0.03259375 0.9978731 0.05645328
vn 0.8657392 0.02573455 0.4998333
vn 0.4998359 0.02573426 0.8657378
vn -3.675878E-06 0.02573571 0.9996687
vn -0.03259493 0.9978729 -0.05645519
vn -0.4998342 0.02573659 -0.8657387
vn -0.8657385 0.02573599 -0.4998345
vn -0.05645579 0.9978729 -0.03259451
vn -0.0651895 0.9978729 -1.365978E-07
vn -0.05645545 0.9978729 0.03259562
vn -1.126345E-06 0.9978731 0.06518739
vn -0.03259506 0.9978729 0.05645519
vn -0.8657387 0.02573583 0.4998342
vn -0.4998378 0.02573638 0.8657365
vn 0 0 1
vn 0 0 1
vn 0 0 1
vn 0 1.490562E-07 1
vn 0 1.016806E-07 1
vn 0 2.23677E-07 1
vn 0 1.016806E-07 1
vn 0 0 1
vn 0 1.016806E-07 1
vn 0 -2.236771E-07 1
vn 0 0 1
vn 0 -1.490562E-07 1
vn 0 0 1
vn 0 0 1
vn 0 1.490562E-07 1
vn 0 0 1
vn 0 2.23677E-07 1
vn 0 -1.016806E-07 1
vn 0 0 1
vn 0 -1.016806E-07 1
vn 0 -2.23677E-07 1
vn 0 -1.016806E-07 1
vn 0 -1.490562E-07 1
vn 0 0 1
vn 0 0 1
vn -0.4550103 0.2626999 -0.8508551
vn -0.4852049 0.280133 -0.8283126
vn -0.5411752 0.1450084 -0.8283128
vn -0.5074975 0.1359842 -0.8508551
vn -0.5602641 1.458607E-06 -0.8283141
vn -0.3715141 0.3715141 -0.8508551
vn -0.3961675 0.3961679 -0.8283129
vn -0.5253993 1.25262E-06 -0.8508558
vn -0.5411724 -0.145006 -0.828315
vn -0.2627004 0.4550097 -0.8508553
vn -0.280133 0.485204 -0.8283131
vn -0.507496 -0.1359827 -0.8508564
vn -0.4852017 -0.280131 -0.8283152
vn -0.1359845 0.5074969 -0.8508555
vn -0.1450083 0.5411751 -0.8283128
vn -0.4550083 -0.2626992 -0.8508564
vn -0.3961667 -0.3961658 -0.8283143
vn -2.352865E-07 0.5253996 -0.8508556
vn -2.745608E-07 0.5602663 -0.8283126
vn -0.3715135 -0.3715127 -0.850856
vn -0.2801333 -0.4852042 -0.8283129
vn 0.1359833 0.5074973 -0.8508555
vn 0.1450075 0.5411757 -0.8283126
vn -0.2627003 -0.455009 -0.8508556
vn -0.1450079 -0.5411767 -0.8283119
vn 0.2626995 0.45501 -0.8508554
vn 0.2801329 0.4852048 -0.8283126
vn -0.1359835 -0.5074974 -0.8508554
vn -5.105107E-07 -0.5602676 -0.8283117
vn 0.3715141 0.3715136 -0.8508554
vn 0.3961677 0.3961676 -0.8283129
vn -2.420086E-07 -0.5253998 -0.8508555
vn 0.1450083 -0.5411743 -0.8283134
vn 0.4550096 0.2626999 -0.8508554
vn 0.485204 0.2801328 -0.8283132
vn 0.1359848 -0.507496 -0.8508559
vn 0.2801324 -0.4852015 -0.8283147
vn 0.507497 0.1359832 -0.8508556
vn 0.5411742 0.1450073 -0.8283135
vn 0.2627004 -0.4550084 -0.8508559
vn 0.3961658 -0.3961663 -0.8283144
vn 0.5253994 -6.386339E-07 -0.8508558
vn 0.5602645 -7.250125E-07 -0.8283138
vn 0.3715129 -0.3715135 -0.850856
vn 0.4852038 -0.2801319 -0.8283135
vn 0.5074974 -0.1359834 -0.8508554
vn 0.5411747 -0.1450074 -0.8283133
vn 0.4550098 -0.2626995 -0.8508555
vn 0.3626101 0.2093529 -0.9081218
vn 0.404439 0.1083688 -0.9081218
vn 0.4187067 -4.445807E-07 -0.9081215
vn 0.4044396 -0.1083689 -0.9081216
vn 0.3626102 -0.2093535 -0.9081217
vn 0.2960699 -0.2960705 -0.9081217
vn 0.2960698 0.296069 -0.9081221
vn 0.2093547 -0.3626102 -0.9081214
vn 0.2093517 0.3626097 -0.9081223
vn 0.10837 -0.4044379 -0.9081222
vn 0.1083684 0.4044383 -0.9081223
vn -1.909241E-07 -0.4187039 -0.9081228
vn -3.320722E-07 0.4187049 -0.9081224
vn -0.1083683 -0.4044371 -0.9081228
vn -0.1083694 0.4044384 -0.908122
vn -0.2093533 -0.3626082 -0.9081226
vn -0.2093532 0.3626102 -0.9081218
vn -0.29607 -0.2960689 -0.9081221
vn -0.29607 0.2960702 -0.9081217
vn -0.3626094 -0.2093529 -0.9081221
vn -0.3626103 0.2093524 -0.9081218
vn -0.4044385 -0.1083686 -0.9081221
vn -0.4044389 0.1083688 -0.9081219
vn -0.4187055 7.377851E-07 -0.9081221
vn -0.101788 0.1763021 -0.9790592
vn -0.1450859 0.1450855 -0.9787239
vn -3.747591E-07 -1.156172E-07 -1
vn -0.05310462 0.1981919 -0.9787236
vn -0.1763034 0.1017878 -0.9790589
vn 1.349854E-07 0.2035765 -0.979059
vn -0.1981921 0.05310479 -0.9787235
vn 0.05310494 0.1981914 -0.9787236
vn -0.2035757 4.097758E-07 -0.9790592
vn 0.1017875 0.1763023 -0.9790592
vn -0.198192 -0.05310486 -0.9787235
vn 0.1450855 0.1450861 -0.9787238
vn -0.1763017 -0.101788 -0.9790592
vn 0.1763019 0.1017881 -0.9790592
vn -0.1450865 -0.1450865 -0.9787235
vn 0.1981909 0.05310489 -0.9787238
vn -0.1017884 -0.1763018 -0.9790592
vn 0.2035765 -2.253771E-07 -0.979059
vn -0.05310422 -0.1981911 -0.9787238
vn 0.1981908 -0.05310489 -0.9787239
vn -6.062269E-07 -0.2035762 -0.9790592
vn 0.1763019 -0.1017883 -0.9790592
vn 0.05310368 -0.1981912 -0.9787238
vn 0.145087 -0.1450859 -0.9787236
vn 0.1017887 -0.1763014 -0.9790592
vn 0.8660262 0.4999985 0
vn 0.5000013 0.8660247 0
vn 0.5000013 0.8660247 0
vn 0.8660262 0.4999985 0
vn 1 0 0
vn 1 0 0
vn 0.8660246 -0.5000016 0
vn 0.8660246 -0.5000016 0
vn 0.4999996 -0.8660257 0
vn 0.4999994 -0.8660258 0
vn 0.5000013 0.8660247 0
vn 0.5000013 0.8660247 0
vn 0 1 0
vn 0 1 0
vn -0.5000013 0.8660247 0
vn -0.5000013 0.8660247 0
vn -0.5000013 0.8660247 0
vn -0.5000013 0.8660247 0
vn -0.8660262 0.4999985 0
vn -0.8660262 0.4999985 0
vn -1 0 0
vn -1 0 0
vn -0.8660246 -0.5000016 0
vn -0.8660246 -0.5000016 0
vn -0.4999994 -0.8660258 0
vn -0.4999996 -0.8660257 0
vn -0.4999996 -0.8660257 0
vn -0.4999994 -0.8660258 0
vn 0 -1 0
vn 0 -1 0
vn 0.4999994 -0.8660258 0
vn 0.4999996 -0.8660257 0
vn -0.3307803 0.1909755 -0.9241821
vn -0.1909758 0.3307806 -0.924182
vn -0.4970206 0.8608657 -0.1089989
vn -0.8608664 0.4970197 -0.1089975
vn -0.3819544 0 -0.9241811
vn -0.8632007 0.4983677 0.08071122
vn -0.4983683 0.8632002 0.08071247
vn -0.06156849 0.1066399 0.9923896
vn -0.1066409 0.06156754 0.9923896
vn -0.1231384 -2.544962E-06 0.9923895
vn -0.994042 2.393569E-07 -0.1089975
vn -0.3307837 -0.1909813 -0.9241798
vn -0.9967375 3.77406E-07 0.08071081
vn -0.8631995 -0.4983697 0.08071083
vn -0.1066414 -0.061571 0.9923894
vn -0.06156977 -0.1066422 0.9923894
vn -0.498369 -0.8631999 0.08071125
vn -0.8608657 -0.4970218 -0.1089946
vn -0.1909758 -0.330786 -0.9241801
vn -0.4970219 -0.8608655 -0.1089941
vn -3.795235E-07 0.381953 -0.9241817
vn 0.1909762 0.3307818 -0.9241815
vn 0.4970208 0.8608657 -0.1089989
vn 0 0.9940417 -0.1090003
vn -0.1909758 0.3307806 -0.924182
vn -0.4970206 0.8608657 -0.1089989
vn -0.4983683 0.8632002 0.08071247
vn 0 0.9967373 0.08071359
vn 0.4983684 0.8632001 0.08071244
vn -0.06156849 0.1066399 0.9923896
vn 0.06156864 0.1066401 0.9923896
vn 0 0.123137 0.9923897
vn 0.3307829 -0.1909801 -0.9241803
vn 0.1909748 -0.330785 -0.9241807
vn 0.4970215 -0.8608657 -0.1089949
vn 0.8608658 -0.4970213 -0.1089952
vn 0.3819548 0 -0.924181
vn 0.8631997 -0.4983697 0.08070996
vn 0.4983691 -0.8631999 0.08071036
vn 0.06157013 -0.1066426 0.9923893
vn 0.1066406 -0.06157069 0.9923895
vn 0.1231379 -2.489028E-06 0.9923896
vn 0.9940421 2.393563E-07 -0.1089972
vn 0.3307817 0.1909767 -0.9241815
vn 0.9967375 4.554919E-07 0.0807111
vn 0.8632008 0.4983673 0.08071127
vn 0.1066406 0.06156708 0.9923896
vn 0.06156864 0.1066401 0.9923896
vn 0.4983684 0.8632001 0.08071244
vn 0.8608665 0.4970195 -0.1089973
vn 0.1909762 0.3307818 -0.9241815
vn 0.4970208 0.8608657 -0.1089989
vn 0 -0.3819564 -0.9241803
vn -0.1909758 -0.330786 -0.9241801
vn -0.4970219 -0.8608655 -0.1089941
vn 0 -0.9940422 -0.1089962
vn 0.1909748 -0.330785 -0.9241807
vn 0.4970215 -0.8608657 -0.1089949
vn 0.4983691 -0.8631999 0.08071036
vn 1.561693E-07 -0.9967375 0.08071101
vn -0.498369 -0.8631999 0.08071125
vn 0.06157013 -0.1066426 0.9923893
vn -0.06156977 -0.1066422 0.9923894
vn 1.208155E-07 -0.123139 0.9923894
vn 7.028367E-07 -1.931446E-06 1
vn -2.722415E-06 -1.670341E-06 1
vn -2.572408E-06 -3.58649E-06 1
vn 8.569142E-07 0 1
vn 4.751093E-06 2.421569E-07 1
vn 5.13842E-06 -3.34034E-06 1
vn 4.122788E-06 -2.136743E-06 1
vn 0 0 1
vn 4.358848E-06 -2.643603E-06 1
vn 2.858719E-06 -9.310668E-07 1
vn 0 -2.090849E-06 1
vn 2.859118E-06 -9.311117E-07 1
vn -7.453316E-07 6.078581E-07 1
vn -8.437663E-07 -9.344536E-07 1
vn 1.133568E-06 -1.415041E-06 1
vn 1.133838E-06 -1.41524E-06 1
vn 2.156272E-06 -2.074606E-06 1
vn -2.154512E-07 -7.403493E-07 1
vn 2.225462E-06 -2.090911E-06 1
vn 0 -5.194988E-07 1
vn 3.422549E-06 3.115942E-07 1
vn -1.577608E-06 -9.113056E-07 1
vn 4.276698E-06 -2.918718E-06 1
vn 5.988699E-06 0 1
vn 1.998323E-06 3.128322E-06 1
vn 0 0 1
vn 0 1.79934E-07 1
vn 0 1.936398E-07 1
vn 0 1.320856E-07 1
vn 0 1.321012E-07 1
vn 0 0 1
vn 0 0 1
vn 0 0 1
vn 0 0 1
vn 0 0 1
vn 5.709337E-07 0 1
vn 4.284023E-07 0 1
vn -3.70694E-07 0 1
vn -1.27407E-07 0 1
vn -4.182474E-07 0 1
vn -4.335685E-07 0 1
vn -4.929058E-07 0 1
vn -4.929194E-07 0 1
vn -4.564471E-07 0 1
vn -4.44601E-07 0 1
vn 1.201221E-06 4.244397E-07 1
vn -4.282017E-07 0 1
vn 7.841027E-07 5.626132E-07 1
vn 1.427343E-06 0 1
vn 4.283342E-06 9.918938E-07 1
vn 3.142085E-06 6.61361E-07 1
vn 2.999195E-06 0 1
vn 1.132864E-06 1.659364E-06 1
vn 9.481614E-07 1.845624E-06 1
vn 2.957361E-07 1.053717E-06 1
vn 2.957636E-07 1.053864E-06 1
vn 0 0 1
vn 0 0 1
vn 1.983215E-07 0 1
vn 0 0 1
vn 2.302878E-07 0 1
vn 5.279598E-07 0 1
vn 8.563827E-07 0 1
vn 0 0 1
vn 0 0 1
vn 0 0 1
vn 0 0 1
vn 0 0 1
vn 0 0 1
vn 1.675614E-07 6.572129E-07 1
vn 4.3348E-07 4.889629E-07 1
vn 0 1.898029E-06 1
vn 2.569212E-06 0 1
vn -7.841011E-07 2.890813E-06 1
vn 3.425614E-06 9.037398E-07 1
vn 2.570118E-06 1.356081E-06 1
vn 0 0 1
vn 0 0 1
vn -1.376741E-06 1.624392E-06 1
vn -1.598506E-06 1.925015E-06 1
vn 0 3.779989E-07 1
vn 0 3.781406E-07 1
vn 1.239321E-06 -8.880207E-07 1
vn 1.239132E-06 -7.50155E-07 1
vn 1.090252E-07 -4.710784E-07 1
vn 8.564019E-07 0 1
vn -1.568156E-07 -7.585764E-07 1
vn 3.873251E-07 0 1
vn -7.03817E-07 0 1
vn 2.853572E-07 0 1
vn 8.569128E-07 0 1
vn 0 0 1
vn -1.676723E-07 0 1
vn 3.943587E-07 5.283986E-07 1
vn 3.943041E-07 5.283254E-07 1
vn 5.835206E-07 0 1
vn 8.501094E-07 0 1
vn 3.958626E-07 -1.04339E-06 1
vn 2.566917E-06 -1.356161E-06 1
vn 0 -1.347963E-06 1
vn 1.711925E-06 -9.044493E-07 1
vn 0 0 1
vn 0 0 1
vn 0 0 1
vn 0 -1.799341E-07 1
vn 0 -1.936396E-07 1
vn 0 -1.320856E-07 1
vn 0 -1.321012E-07 1
vn -6.702448E-07 0 1
vn -3.957195E-07 3.834632E-07 1
vn -1.777569E-06 0 1
vn 8.564005E-07 2.711194E-06 1
vn -3.136521E-06 -9.659484E-07 1
vn 1.14187E-06 2.469042E-06 1
vn 8.567065E-07 3.704157E-06 1
vn -1.07785E-07 1.809149E-06 1
vn -1.617172E-07 0 1
vn -1.976629E-06 -1.542982E-06 1
vn -2.306722E-06 -1.778779E-06 1
vn -8.871874E-07 -8.082359E-07 1
vn -8.873075E-07 -8.083451E-07 1
vn 0 0 1
vn 0 0 1
vn 1.622893E-07 0 1
vn 0 0 1
vn 1.56824E-07 0 1
vn 0 0 1
vn 8.56613E-07 0 1
vn 5.715575E-07 0 1
vn 0 0 1
vn -1.391011E-07 0 1
vn -1.32948E-07 0 1
vn -1.478649E-07 0 1
vn -1.478856E-07 0 1
vn -6.702942E-07 0 1
vn -7.641263E-07 1.664908E-07 1
vn -2.220505E-07 1.243368E-06 1
vn -2.208461E-06 1.354391E-06 1
vn -4.438824E-07 1.010422E-06 1
vn -2.042613E-06 1.806314E-06 1
vn 0 2.711177E-06 1
vn 2.283704E-06 1.807563E-06 1
vn 2.570086E-06 1.355247E-06 1
vn 6.308244E-07 2.025099E-06 1
vn 4.32548E-07 2.11054E-06 1
vn 0 1.074507E-06 1
vn 0 1.074636E-06 1
vn 0 0 1
vn 0 0 1
vn 0 -3.971185E-07 1
vn 0 0 1
vn -1.568236E-07 0 1
vn -2.854697E-07 -7.826599E-07 1
vn -1.284962E-06 -2.529971E-06 1
vn 5.707119E-07 -1.807711E-06 1
vn 1.713829E-06 -1.355185E-06 1
vn 1.050167E-05 1.589958E-05 1
vn 1.104187E-06 -1.359611E-06 1
vn 3.938157E-06 7.158684E-06 1
vn 1.083672E-06 0 1
vn 5.250778E-06 0 1
vn -6.255923E-07 -5.538144E-06 1
vn 2.625413E-06 0 1
vn -6.255921E-07 -6.490542E-06 1
vn -1.312712E-06 0 1
vn -3.938176E-06 -4.119241E-06 1
vn -6.87123E-07 -6.838143E-07 1
vn 0 -4.747008E-06 1
vn 5.250905E-06 -4.742642E-06 1
vn 0 0 1
vn 1.938304E-06 0 1
vn 1.312691E-06 6.865259E-07 1
vn 6.762605E-06 0 1
vn 1.294383E-06 0 1
vn 6.762606E-06 0 1
vn -8.078847E-06 8.036888E-06 1
vn -1.466112E-05 -2.853903E-06 1
vn 3.381301E-06 0 1
vn -1.409297E-05 0 1
vn 0 0 1
vn -1.014372E-05 5.4159E-06 1
vn 0 0 1
vn -1.014379E-05 9.347393E-06 1
vn -2.879403E-06 0 1
vn -5.758936E-06 0 1
vn -6.76224E-06 1.869398E-05 1
vn -3.381249E-06 1.077429E-05 1
vn 0 1.472985E-05 1
vn 0 4.487293E-06 1
vn -1.422116E-06 3.44781E-06 1
vn 0 4.687732E-06 1
vn 5.469602E-07 0 1
vn 0 0 1
vn -2.625454E-06 4.433711E-06 1
vn 3.281827E-07 0 1
vn -2.625429E-06 6.677281E-06 1
vn 1.640904E-06 0 1
vn -3.281774E-07 3.906351E-06 1
vn 1.312699E-06 0 1
vn -1.640914E-06 -1.021634E-06 1
vn -2.625499E-06 -4.806922E-07 1
vn 0 0 1
vn 0 0 1
vn 0 0 1
vn 4.041076E-07 -1.638257E-06 1
vn 0 0.123137 0.9923897
vn 0.06156864 0.1066401 0.9923896
vn 0.1066406 0.06156708 0.9923896
vn -0.06156849 0.1066399 0.9923896
vn 0.1231379 -2.489028E-06 0.9923896
vn -0.1066409 0.06156754 0.9923896
vn 0.1066406 -0.06157069 0.9923895
vn -0.1231384 -2.544962E-06 0.9923895
vn 0.06157013 -0.1066426 0.9923893
vn -0.1066414 -0.061571 0.9923894
vn 1.208155E-07 -0.123139 0.9923894
vn -0.06156977 -0.1066422 0.9923894
vn 1.535932E-06 -3.724601E-07 1
vn 1.535949E-06 -3.72464E-07 1
vn 0 0 1
vn 0 0 1
vn 3.83988E-06 -9.81161E-07 1
vn 0 0 1
vn 3.839882E-06 -9.811614E-07 1
vn 0 0 1
vn 4.223898E-06 -9.447349E-07 1
vn 0 0 1
vn 4.223897E-06 -9.44735E-07 1
vn 0 0 1
vn 1.919951E-06 -3.360342E-07 1
vn 0 0 1
vn 1.919947E-06 -3.360335E-07 1
vn 0 0 1
vn 0 0 1
vn 0 0 1
vn 0 0 1
vn 0 0 1
vn 3.839913E-07 0 1
vn 3.839911E-07 0 1
vn 3.839905E-07 0 1
vn 3.839913E-07 0 1
vn 0.1909762 0.3307818 -0.9241815
vn -7.465519E-06 -1.049214E-05 -1
vn -1.226473E-05 -6.057608E-06 -1
vn 0.3307817 0.1909767 -0.9241815
vn -3.795235E-07 0.381953 -0.9241817
vn -1.226473E-05 0 -1
vn -5.332572E-07 -1.211532E-05 -1
vn 0.3819548 0 -0.924181
vn -0.1909758 0.3307806 -0.924182
vn -1.013169E-05 4.974471E-06 -1
vn 6.398984E-06 -1.049208E-05 -1
vn 0.3307829 -0.1909801 -0.9241803
vn -0.3307803 0.1909755 -0.9241821
vn -7.998715E-06 4.866846E-06 -1
vn 1.226468E-05 -6.057581E-06 -1
vn 0.1909748 -0.330785 -0.9241807
vn -0.3819544 0 -0.9241811
vn 5.332423E-07 3.030995E-06 -1
vn 1.333125E-05 0 -1
vn 0 -0.3819564 -0.9241803
vn -0.3307837 -0.1909813 -0.9241798
vn 9.065187E-06 4.866831E-06 -1
vn 1.11982E-05 4.974465E-06 -1
vn -0.1909758 -0.330786 -0.9241801
vn 0 0 1
vn 0 0 1
vn 0 0 1
vn 8.026038E-07 2.624624E-06 1
vn 0 7.873811E-06 1
vn 2.407872E-06 0 1
vn 0 3.936906E-06 1
vn -2.407859E-06 0 1
vn 0 0 1
vn -2.407841E-06 0 1
vn 2.407799E-06 0 1
vn 2.407851E-06 0 1
vn 0 0 1
vn 0 7.87366E-06 1
vn 2.407845E-06 0 1
vn 0 3.936981E-06 1
vn 0.7071064 -0.7071072 0
vn 0.4999999 -0.8660255 3.821752E-07
vn 0.5000004 -0.8660253 3.821737E-07
vn 0.7071064 -0.7071072 0
vn 0.866026 -0.4999988 0
vn 0.8660259 -0.4999992 0
vn 0.9659256 -0.25882 0
vn 0.9659256 -0.2588201 0
vn 1 0 0
vn 1 0 0
vn 0.9659252 0.2588214 0
vn 0.9659252 0.2588216 0
vn 0.8660257 0.4999995 0
vn 0.8660258 0.4999993 0
vn 0.7071064 0.7071071 0
vn 0.7071069 0.7071066 0
vn 0.4999999 0.8660255 0
vn 0.4999998 0.8660255 0
vn 0.4999999 -0.8660255 3.821752E-07
vn 0.2588193 -0.9659257 9.554311E-07
vn 0.5000004 -0.8660253 3.821737E-07
vn 0.2588193 -0.9659257 9.554311E-07
vn 0 -1 1.528689E-06
vn 0 -1 1.52869E-06
vn -0.2588192 -0.9659257 2.866293E-06
vn -0.2588193 -0.9659257 2.866293E-06
vn -0.4999997 -0.8660255 3.057388E-06
vn -0.5000004 -0.8660253 3.057384E-06
vn 0.4999998 0.8660255 0
vn 0.4999999 0.8660255 0
vn 0.2588197 0.9659256 0
vn 0.2588197 0.9659256 0
vn 0 1 0
vn 0 1 0
vn -0.2588197 0.9659256 0
vn -0.2588197 0.9659256 0
vn -0.5000018 0.8660244 0
vn -0.5000017 0.8660244 0
vn -0.707107 -0.7071065 1.528696E-06
vn -0.5000004 -0.8660253 3.057384E-06
vn -0.4999997 -0.8660255 3.057388E-06
vn -0.7071069 -0.7071066 1.528697E-06
vn -0.8660249 -0.5000009 3.821771E-07
vn -0.8660253 -0.5000002 3.821746E-07
vn -0.9659256 -0.2588197 0
vn -0.9659255 -0.2588205 0
vn -1 8.743594E-07 0
vn -1 7.67915E-07 0
vn -0.9659256 0.2588202 0
vn -0.9659256 0.2588202 0
vn -0.8660247 0.5000013 0
vn -0.8660246 0.5000014 0
vn -0.7071064 0.7071072 0
vn -0.7071069 0.7071066 0
vn -0.5000017 0.8660244 0
vn -0.5000018 0.8660244 0
vn 0 0 1
vn 0 0 1
vn 0 0 1
vn 0 0 1
vn 0 0 1
vn -7.183107E-07 6.327004E-07 1
vn 0 0 1
vn -7.183106E-07 6.327004E-07 1
vn 0 0 1
vn 1.795775E-07 0 1
vn 0 0 1
vn 1.795775E-07 0 1
vn 0 0 1
vn 0 0 1
vn 0 0 1
vn 0 0 1
vn 0 0 1
vn 0 0 1
vn 0 0 1
vn 0 0 1
vn 0 0 1
vn 0 0 1
vn 0 0 1
vn 0 0 1
vn 0 0 1
vn 2.693665E-06 7.207003E-07 -1
vn 2.693665E-06 7.207003E-07 -1
vn 2.693665E-06 7.207004E-07 -1
vn 2.693665E-06 7.207004E-07 -1
vn 1.795775E-07 0 -1
vn 0 0 -1
vn 1.795775E-07 0 -1
vn 0 0 -1
vn 0 0 -1
vn 6.285215E-07 -2.370803E-06 -1
vn -1.795777E-07 -1.11653E-07 -1
vn 6.285215E-07 -2.370803E-06 -1
vn -1.795777E-07 -1.11653E-07 -1
vn 8.080995E-07 7.071357E-07 -1
vn -6.734155E-07 -1.498492E-07 -1
vn 8.080995E-07 7.071357E-07 -1
vn -6.734155E-07 -1.498492E-07 -1
vn -1.795775E-07 0 -1
vn -6.734154E-07 -1.498492E-07 -1
vn -1.795775E-07 0 -1
vn 0 0 -1
vn 1.795775E-07 0 -1
vn 5.38733E-07 -6.327002E-07 -1
vn 5.38733E-07 -6.327003E-07 -1
vn 5.38733E-07 -6.327002E-07 -1
vt -9.172046 0.6409805
vt -9.154305 0.6255417
vt -9.172046 0.6255417
vt -9.154305 0.6409805
vt -9.172046 0.6611006
vt -9.154305 0.6611006
vt -9.172046 0.684531
vt -9.154305 0.684531
vt -9.172046 0.709675
vt -9.154305 0.709675
vt -9.154305 0.7348189
vt -9.172046 0.7348189
vt -9.154305 0.7582493
vt -9.172046 0.7582493
vt -9.154305 0.7783694
vt -9.172046 0.7783694
vt -9.154305 0.7938082
vt -9.172046 0.7938082
vt -9.069168 0.6156447
vt -9.085676 0.6156447
vt -9.085676 0.6374491
vt -9.069168 0.6374491
vt -9.085676 0.6608482
vt -9.069168 0.6608482
vt -9.069168 0.6842473
vt -9.085676 0.6842473
vt -9.069168 0.7060517
vt -9.085676 0.7060517
vt -9.054493 0.6156446
vt -9.037985 0.6374491
vt -9.037985 0.6156446
vt -9.054493 0.6374491
vt -9.037985 0.6608481
vt -9.054493 0.6608481
vt -9.054493 0.6842471
vt -9.037985 0.6842471
vt -9.054493 0.7060516
vt -9.037985 0.7060516
vt -9.123122 0.640981
vt -9.123122 0.6255423
vt -9.140862 0.6255423
vt -9.140862 0.640981
vt -9.123122 0.6611009
vt -9.140862 0.6611009
vt -9.123122 0.6845312
vt -9.140862 0.6845312
vt -9.123122 0.7096749
vt -9.140862 0.7096749
vt -9.140862 0.7348186
vt -9.123122 0.7348186
vt -9.140862 0.7582489
vt -9.123122 0.7582489
vt -9.140862 0.7783688
vt -9.123122 0.7783688
vt -9.140862 0.7938074
vt -9.123122 0.7938074
vt -9.261583 0.8792902
vt -9.262165 0.8853109
vt -9.261583 0.8850099
vt -9.262165 0.8792902
vt -9.262165 0.8732694
vt -9.261583 0.8735703
vt -9.281749 0.8853109
vt -9.281749 0.8897184
vt -9.262165 0.8897184
vt -9.281749 0.8792902
vt -9.281749 0.8732694
vt -9.262165 0.8688618
vt -9.281749 0.8688618
vt -9.295475 0.8792902
vt -9.296057 0.8853109
vt -9.295475 0.8850099
vt -9.296057 0.8792902
vt -9.296057 0.8732694
vt -9.295475 0.8735704
vt -9.31564 0.8853109
vt -9.31564 0.8897185
vt -9.296057 0.8897186
vt -9.31564 0.8792902
vt -9.31564 0.8732694
vt -9.296057 0.8688619
vt -9.31564 0.8688619
vt -9.328266 0.8875085
vt -9.328266 0.8693188
vt -9.333859 0.8693188
vt -9.333859 0.8875085
vt -9.339452 0.8693188
vt -9.339452 0.8875085
vt -9.362163 0.8693182
vt -9.362163 0.8875092
vt -9.35657 0.8875092
vt -9.35657 0.8693182
vt -9.350977 0.8875092
vt -9.350977 0.8693182
vt -9.579212 0.05199015
vt -9.579443 0.05111182
vt -9.58047 0.05091404
vt -9.58047 0.05199015
vt -9.579212 0.1000471
vt -9.674075 0.05199015
vt -9.674075 0.05091404
vt -9.58047 0.1000471
vt -9.579212 0.1241523
vt -9.675352 0.05199015
vt -9.675118 0.05111182
vt -9.674075 0.1000471
vt -9.675352 0.1000471
vt -9.58047 0.1241523
vt -9.579212 0.1482574
vt -9.674075 0.1241523
vt -9.675352 0.1241523
vt -9.58047 0.1482574
vt -9.579212 0.1723626
vt -9.674075 0.1482574
vt -9.675352 0.1482574
vt -9.58047 0.1723626
vt -9.579212 0.1964677
vt -9.674075 0.1723626
vt -9.675352 0.1723626
vt -9.58047 0.1964677
vt -9.579212 0.244158
vt -9.674075 0.1964677
vt -9.675352 0.1964677
vt -9.58047 0.244158
vt -9.674075 0.244158
vt -9.675352 0.244158
vt -9.674075 0.2451765
vt -9.675118 0.2449893
vt -9.58047 0.2451765
vt -9.579443 0.2449893
vt -9.027556 0.5411104
vt -9.02653 0.5408634
vt -9.026299 0.5397663
vt -9.027556 0.5397663
vt -9.121091 0.5411104
vt -9.027556 0.4923703
vt -9.026299 0.4923703
vt -9.121091 0.5397663
vt -9.027556 0.4682693
vt -9.026299 0.4682693
vt -9.122367 0.5397663
vt -9.122133 0.5408634
vt -9.122367 0.4923703
vt -9.121091 0.4923703
vt -9.122367 0.4682693
vt -9.121091 0.4682693
vt -9.122367 0.4441684
vt -9.027556 0.4441684
vt -9.026299 0.4441684
vt -9.121091 0.4441684
vt -9.122367 0.4200674
vt -9.121091 0.4200674
vt -9.122367 0.3959664
vt -9.027556 0.4200674
vt -9.026299 0.4200674
vt -9.121091 0.3959664
vt -9.122367 0.3484958
vt -9.027556 0.3959664
vt -9.026299 0.3959664
vt -9.121091 0.3484958
vt -9.027556 0.3484958
vt -9.026299 0.3484958
vt -9.027556 0.3472573
vt -9.02653 0.3474849
vt -9.121091 0.3472573
vt -9.122133 0.3474849
vt -9.947816 0.05078467
vt -9.948915 0.05098271
vt -9.949162 0.05186222
vt -9.947816 0.05186222
vt -9.900321 0.05078467
vt -9.947816 0.0999832
vt -9.949162 0.0999832
vt -9.900321 0.05186222
vt -9.87617 0.05078467
vt -9.947816 0.1241205
vt -9.949162 0.1241205
vt -9.914782 0.08549499
vt -9.928886 0.1038778
vt -9.896398 0.07138938
vt -9.937753 0.1252849
vt -9.874991 0.06252223
vt -9.87617 0.05186222
vt -9.852018 0.05078467
vt -9.947816 0.1482577
vt -9.940779 0.1482577
vt -9.949162 0.1482577
vt -9.937753 0.1712305
vt -9.852018 0.05186222
vt -9.852018 0.05949781
vt -9.827868 0.05078467
vt -9.829045 0.06252223
vt -9.947816 0.1723949
vt -9.949162 0.1723949
vt -9.928886 0.1926377
vt -9.827868 0.05186222
vt -9.803716 0.05078467
vt -9.947816 0.1965322
vt -9.949162 0.1965322
vt -9.914782 0.2110204
vt -9.803716 0.05186222
vt -9.807638 0.07138938
vt -9.756146 0.05078467
vt -9.789256 0.08549499
vt -9.947816 0.244286
vt -9.949162 0.244286
vt -9.756146 0.05186222
vt -9.900321 0.244286
vt -9.896398 0.225126
vt -9.874991 0.2339932
vt -9.947816 0.2453058
vt -9.948915 0.2451184
vt -9.900321 0.2453058
vt -9.87617 0.244286
vt -9.87617 0.2453058
vt -9.852018 0.244286
vt -9.852018 0.2370176
vt -9.852018 0.2453058
vt -9.829045 0.2339932
vt -9.827868 0.244286
vt -9.827868 0.2453058
vt -9.803716 0.244286
vt -9.807638 0.225126
vt -9.803716 0.2453058
vt -9.789256 0.2110204
vt -9.756146 0.244286
vt -9.756146 0.2453058
vt -9.756146 0.1965322
vt -9.77515 0.1926377
vt -9.754906 0.244286
vt -9.755133 0.2451184
vt -9.754906 0.1965322
vt -9.756146 0.1723949
vt -9.766283 0.1712305
vt -9.754906 0.1723949
vt -9.756146 0.1482577
vt -9.763259 0.1482577
vt -9.754906 0.1482577
vt -9.766283 0.1252849
vt -9.756146 0.1241205
vt -9.754906 0.1241205
vt -9.77515 0.1038778
vt -9.756146 0.0999832
vt -9.754906 0.0999832
vt -9.754906 0.05186222
vt -9.755133 0.05098271
vt -9.522062 0.05094096
vt -9.523089 0.05113868
vt -9.523321 0.05201678
vt -9.522062 0.05201678
vt -9.428485 0.05094096
vt -9.522062 0.1000604
vt -9.523321 0.1000604
vt -9.522062 0.1241589
vt -9.523321 0.1241589
vt -9.522062 0.1482574
vt -9.523321 0.1482574
vt -9.522062 0.1723558
vt -9.523321 0.1723558
vt -9.522062 0.1964543
vt -9.523321 0.1964543
vt -9.522062 0.2441314
vt -9.523321 0.2441314
vt -9.522062 0.2451496
vt -9.523089 0.2449624
vt -9.428485 0.2441314
vt -9.428485 0.2451496
vt -9.428485 0.1964543
vt -9.427207 0.2441314
vt -9.427442 0.2449624
vt -9.427207 0.1964543
vt -9.428485 0.1723558
vt -9.427207 0.1723558
vt -9.428485 0.1482574
vt -9.427207 0.1482574
vt -9.428485 0.1241589
vt -9.427207 0.1241589
vt -9.428485 0.1000604
vt -9.427207 0.1000604
vt -9.428485 0.05201678
vt -9.427207 0.05201678
vt -9.427442 0.05113868
vt -9.273179 0.5397549
vt -9.272948 0.540852
vt -9.271922 0.541099
vt -9.271922 0.5397549
vt -9.273179 0.4923646
vt -9.178399 0.5397549
vt -9.178399 0.541099
vt -9.271922 0.4923646
vt -9.273179 0.4682665
vt -9.177122 0.5397549
vt -9.177357 0.540852
vt -9.178399 0.4923646
vt -9.177122 0.4923646
vt -9.271922 0.4682665
vt -9.273179 0.4441684
vt -9.178399 0.4682665
vt -9.177122 0.4682665
vt -9.271922 0.4441684
vt -9.273179 0.4200703
vt -9.178399 0.4441684
vt -9.177122 0.4441684
vt -9.271922 0.4200703
vt -9.273179 0.3959722
vt -9.178399 0.4200703
vt -9.177122 0.4200703
vt -9.271922 0.3959722
vt -9.273179 0.3485072
vt -9.178399 0.3959722
vt -9.177122 0.3959722
vt -9.271922 0.3485072
vt -9.178399 0.3485072
vt -9.177122 0.3485072
vt -9.178399 0.3472688
vt -9.177357 0.3474964
vt -9.271922 0.3472688
vt -9.272948 0.3474964
vt -9.349688 0.04642451
vt -9.350837 0.04662037
vt -9.351095 0.04749006
vt -9.349688 0.04749006
vt -9.300064 0.04642451
vt -9.349688 0.09738469
vt -9.300064 0.04749006
vt -9.351095 0.09738469
vt -9.27483 0.04642451
vt -9.349688 0.122604
vt -9.27483 0.04749006
vt -9.351095 0.122604
vt -9.249596 0.04642451
vt -9.349688 0.1478233
vt -9.249596 0.04749006
vt -9.351095 0.1478233
vt -9.224362 0.04642451
vt -9.349688 0.1730426
vt -9.224362 0.04749006
vt -9.351095 0.1730426
vt -9.199128 0.04642451
vt -9.349688 0.1982619
vt -9.199128 0.04749006
vt -9.351095 0.1982619
vt -9.149426 0.04642451
vt -9.349688 0.2485401
vt -9.351095 0.2485401
vt -9.149426 0.04749006
vt -9.349688 0.249666
vt -9.350837 0.2494591
vt -9.300064 0.2485401
vt -9.300064 0.249666
vt -9.27483 0.2485401
vt -9.27483 0.249666
vt -9.249596 0.2485401
vt -9.249596 0.249666
vt -9.224362 0.2485401
vt -9.224362 0.249666
vt -9.199128 0.2485401
vt -9.199128 0.249666
vt -9.149426 0.2485401
vt -9.149426 0.249666
vt -9.14813 0.2485401
vt -9.148368 0.2494591
vt -9.149426 0.1982619
vt -9.14813 0.1982619
vt -9.149426 0.1730426
vt -9.14813 0.1730426
vt -9.149426 0.1478233
vt -9.14813 0.1478233
vt -9.149426 0.122604
vt -9.14813 0.122604
vt -9.149426 0.09738469
vt -9.14813 0.09738469
vt -9.14813 0.04749006
vt -9.148368 0.04662037
vt -9.398323 0.4919911
vt -9.398443 0.540908
vt -9.349939 0.540908
vt -9.349939 0.4918419
vt -9.412784 0.5030872
vt -9.387227 0.4775305
vt -9.349939 0.4672306
vt -9.380251 0.4606906
vt -9.429624 0.5100625
vt -9.423069 0.540908
vt -9.349939 0.4426192
vt -9.377872 0.4426192
vt -9.380251 0.4245479
vt -9.349939 0.4180079
vt -9.387227 0.407708
vt -9.349939 0.3933966
vt -9.447695 0.540908
vt -9.447695 0.5124417
vt -9.398323 0.3932472
vt -9.349939 0.3447047
vt -9.465766 0.5100625
vt -9.472321 0.540908
vt -9.398443 0.3447047
vt -9.412784 0.3821512
vt -9.496946 0.540908
vt -9.482606 0.5030873
vt -9.429624 0.3751759
vt -9.423069 0.3447047
vt -9.497067 0.4919911
vt -9.545374 0.540908
vt -9.545374 0.4918419
vt -9.508162 0.4775305
vt -9.545374 0.4672306
vt -9.515139 0.4606906
vt -9.447695 0.3447047
vt -9.447695 0.3727967
vt -9.545374 0.4426192
vt -9.517517 0.4426192
vt -9.515139 0.4245479
vt -9.545374 0.4180079
vt -9.508162 0.407708
vt -9.545374 0.3933966
vt -9.465766 0.3751759
vt -9.472321 0.3447047
vt -9.497067 0.3932473
vt -9.545374 0.3447047
vt -9.496946 0.3447047
vt -9.482606 0.3821512
vt -9.230612 0.8906804
vt -9.230332 0.8911631
vt -9.226254 0.8870835
vt -9.226735 0.8868049
vt -9.235906 0.8926561
vt -9.235906 0.8815109
vt -9.225317 0.8815109
vt -9.226735 0.8762168
vt -9.235906 0.892099
vt -9.230612 0.8723413
vt -9.226254 0.8759382
vt -9.230332 0.8718585
vt -9.235906 0.8703654
vt -9.241199 0.8906804
vt -9.241478 0.8911631
vt -9.245558 0.8870835
vt -9.245075 0.8868049
vt -9.246493 0.8815109
vt -9.245075 0.8762168
vt -9.235906 0.8709227
vt -9.241199 0.8723413
vt -9.245558 0.8759382
vt -9.241478 0.8718587
vt -9.92717 0.6398437
vt -9.94123 0.6581669
vt -9.864611 0.7024029
vt -9.908847 0.6257839
vt -9.950068 0.6795047
vt -9.887509 0.6169455
vt -9.953083 0.7024029
vt -9.864611 0.6139308
vt -9.950068 0.7253011
vt -9.841712 0.6169455
vt -9.94123 0.7466389
vt -9.820375 0.6257839
vt -9.92717 0.764962
vt -9.802052 0.6398437
vt -9.908847 0.7790219
vt -9.787992 0.6581669
vt -9.887509 0.7878603
vt -9.779153 0.6795047
vt -9.864611 0.790875
vt -9.776138 0.7024029
vt -9.841712 0.7878603
vt -9.779153 0.7253011
vt -9.820375 0.7790219
vt -9.787992 0.7466389
vt -9.802052 0.764962
vt -9.397511 0.4715936
vt -9.387227 0.4775305
vt -9.380251 0.4606906
vt -9.391721 0.4576175
vt -9.377872 0.4426192
vt -9.406719 0.4835951
vt -9.398323 0.4919911
vt -9.389747 0.4426192
vt -9.380251 0.4245479
vt -9.41872 0.4928043
vt -9.412784 0.5030872
vt -9.391721 0.427621
vt -9.387227 0.407708
vt -9.432697 0.4985934
vt -9.429624 0.5100625
vt -9.397511 0.4136448
vt -9.398323 0.3932472
vt -9.447695 0.500568
vt -9.447695 0.5124417
vt -9.406719 0.4016433
vt -9.412784 0.3821512
vt -9.462693 0.4985934
vt -9.465766 0.5100625
vt -9.41872 0.3924341
vt -9.429624 0.3751759
vt -9.476669 0.4928043
vt -9.482606 0.5030873
vt -9.432697 0.386645
vt -9.447695 0.3727967
vt -9.48867 0.4835952
vt -9.497067 0.4919911
vt -9.447695 0.3846705
vt -9.465766 0.3751759
vt -9.49788 0.4715936
vt -9.508162 0.4775305
vt -9.462693 0.386645
vt -9.482606 0.3821512
vt -9.503669 0.4576175
vt -9.515139 0.4606906
vt -9.476669 0.3924341
vt -9.497067 0.3932473
vt -9.505644 0.4426192
vt -9.517517 0.4426192
vt -9.48867 0.4016433
vt -9.508162 0.407708
vt -9.503669 0.427621
vt -9.515139 0.4245479
vt -9.49788 0.4136449
vt -9.487479 0.4655887
vt -9.492069 0.4545091
vt -9.493634 0.4426192
vt -9.492069 0.4307293
vt -9.487479 0.4196497
vt -9.480179 0.4101354
vt -9.480179 0.475103
vt -9.470665 0.4028349
vt -9.470665 0.4824035
vt -9.459585 0.3982455
vt -9.459585 0.4869929
vt -9.447695 0.3966802
vt -9.447695 0.4885582
vt -9.435805 0.3982455
vt -9.435805 0.4869929
vt -9.424726 0.4028349
vt -9.424726 0.4824035
vt -9.415212 0.4101354
vt -9.415212 0.475103
vt -9.407911 0.4196497
vt -9.407911 0.4655887
vt -9.403321 0.4307293
vt -9.403322 0.4545091
vt -9.401755 0.4426192
vt -9.432521 0.4689019
vt -9.426235 0.4640789
vt -9.447695 0.4426192
vt -9.43984 0.4719338
vt -9.421412 0.4577936
vt -9.447695 0.4729679
vt -9.418381 0.450474
vt -9.455549 0.4719338
vt -9.417346 0.4426192
vt -9.46287 0.4689019
vt -9.418381 0.4347644
vt -9.469154 0.464079
vt -9.421412 0.4274449
vt -9.473977 0.4577936
vt -9.426235 0.4211595
vt -9.47701 0.450474
vt -9.43252 0.4163365
vt -9.478044 0.4426192
vt -9.43984 0.4133047
vt -9.47701 0.4347644
vt -9.447695 0.4122706
vt -9.473977 0.4274449
vt -9.455549 0.4133047
vt -9.469154 0.4211595
vt -9.46287 0.4163365
vt -19.46417 0.8639475
vt -19.46255 0.8732693
vt -19.46255 0.8639475
vt -19.46417 0.8732693
vt -19.46638 0.8639475
vt -19.46638 0.8732693
vt -19.4686 0.8639475
vt -19.4686 0.8732693
vt -19.47021 0.8639475
vt -19.47021 0.8732693
vt -19.4788 0.8729463
vt -19.4788 0.8642704
vt -19.48085 0.8642704
vt -19.48085 0.8729463
vt -19.48291 0.8642704
vt -19.48291 0.8729463
vt -19.49149 0.8732693
vt -19.49149 0.8639475
vt -19.49311 0.8639475
vt -19.49311 0.8732693
vt -19.49532 0.8639475
vt -19.49532 0.8732693
vt -19.49753 0.8639475
vt -19.49753 0.8732693
vt -19.49915 0.8639475
vt -19.49915 0.8732693
vt -19.51185 0.8642704
vt -19.51185 0.8729463
vt -19.50979 0.8729463
vt -19.50979 0.8642704
vt -19.50773 0.8729463
vt -19.50773 0.8642704
vt -19.45427 0.8751417
vt -19.45427 0.8772763
vt -19.45374 0.8776497
vt -19.45374 0.8753573
vt -19.45427 0.8722258
vt -19.4508 0.8753573
vt -19.4508 0.8776497
vt -19.4502 0.8773785
vt -19.4502 0.8752007
vt -19.4502 0.8722258
vt -19.45374 0.8722258
vt -19.45427 0.8693099
vt -19.4508 0.8722258
vt -19.4508 0.8690944
vt -19.4502 0.8692509
vt -19.4502 0.8670731
vt -19.4508 0.8668019
vt -19.45374 0.8690944
vt -19.45427 0.8671753
vt -19.45374 0.8668019
vt -19.51982 0.8663896
vt -19.51982 0.863677
vt -19.5203 0.8634765
vt -19.5203 0.8663896
vt -19.51982 0.8691023
vt -19.5203 0.8693029
vt -19.52304 0.8693029
vt -19.52304 0.8663896
vt -19.52304 0.8634765
vt -19.5236 0.8691573
vt -19.5236 0.8636221
vt -19.5236 0.8663896
vt -19.43861 0.8693102
vt -19.43861 0.8671758
vt -19.43913 0.8668025
vt -19.43913 0.8690947
vt -19.43861 0.8722258
vt -19.44208 0.8690947
vt -19.44208 0.8668025
vt -19.44267 0.8670736
vt -19.44267 0.8692512
vt -19.44267 0.8722258
vt -19.43913 0.8722258
vt -19.43861 0.8751415
vt -19.44208 0.8722258
vt -19.44208 0.875357
vt -19.44267 0.8752005
vt -19.44267 0.877378
vt -19.44208 0.8776492
vt -19.43913 0.875357
vt -19.43861 0.8772758
vt -19.43913 0.8776492
vt -19.5352 0.8663896
vt -19.5352 0.8691032
vt -19.53471 0.8693038
vt -19.53471 0.8663896
vt -19.5352 0.8636761
vt -19.53471 0.8634755
vt -19.53197 0.8634755
vt -19.53197 0.8663896
vt -19.53197 0.8693038
vt -19.53141 0.8636212
vt -19.53141 0.8691581
vt -19.53141 0.8663896
vt -19.68891 0.5049062
vt -19.69148 0.5004439
vt -19.69337 0.5023292
vt -19.69406 0.5049049
vt -19.68891 0.4997536
vt -19.68633 0.5004439
vt -19.69337 0.507481
vt -19.68445 0.5023299
vt -19.69183 0.51024
vt -19.70922 0.5136846
vt -19.68699 0.5082344
vt -19.70832 0.5170676
vt -19.68283 0.5050431
vt -19.72602 0.5194004
vt -19.67113 0.4916934
vt -19.66866 0.4941698
vt -19.65779 0.4800113
vt -19.72607 0.516241
vt -19.66051 0.478392
vt -19.73123 0.5162444
vt -19.72676 0.5136647
vt -19.73123 0.5200873
vt -19.72865 0.5117787
vt -19.73123 0.5110917
vt -19.7338 0.5117854
vt -19.73569 0.5136714
vt -19.73638 0.5162477
vt -19.73643 0.5194072
vt -19.75322 0.5136912
vt -19.75412 0.5170745
vt -19.77062 0.5102416
vt -19.76908 0.5074826
vt -19.77354 0.5049062
vt -19.76839 0.5049062
vt -19.77547 0.5082344
vt -19.76908 0.5023299
vt -19.77097 0.5004439
vt -19.77354 0.4997544
vt -19.77612 0.5004452
vt -19.778 0.5023315
vt -19.77962 0.5050448
vt -19.7913 0.4916999
vt -19.79378 0.4941766
vt -19.80465 0.480009
vt -19.80194 0.4783897
vt -19.80452 0.4739274
vt -19.80006 0.4765037
vt -19.80785 0.4758488
vt -19.79937 0.4739274
vt -19.80006 0.471351
vt -19.80194 0.4694664
vt -19.80452 0.468777
vt -19.80709 0.4694677
vt -19.80985 0.4710078
vt -19.8133 0.4536098
vt -19.81668 0.4545165
vt -19.81901 0.4368103
vt -19.81586 0.4367645
vt -19.81586 0.4316085
vt -19.81328 0.4360742
vt -19.8197 0.4316085
vt -19.81139 0.4341882
vt -19.8107 0.4316085
vt -19.8114 0.4290304
vt -19.81328 0.4271455
vt -19.81586 0.4264556
vt -19.81902 0.4264098
vt -19.8133 0.4096205
vt -19.81669 0.4087141
vt -19.80985 0.3922137
vt -19.80709 0.3937539
vt -19.80452 0.3892915
vt -19.80452 0.3944442
vt -19.80785 0.38737
vt -19.80194 0.3937539
vt -19.80006 0.3918679
vt -19.79937 0.3892928
vt -19.80006 0.3867175
vt -19.80194 0.3848318
vt -19.80466 0.3832124
vt -19.79131 0.3715305
vt -19.79379 0.369054
vt -19.77962 0.3581806
vt -19.778 0.3608939
vt -19.77354 0.3583176
vt -19.77612 0.3627799
vt -19.77546 0.3549895
vt -19.77354 0.3634703
vt -19.77096 0.3627799
vt -19.76908 0.3608947
vt -19.76839 0.358319
vt -19.76908 0.3557428
vt -19.77062 0.3529837
vt -19.75322 0.3495393
vt -19.75413 0.3461562
vt -19.73642 0.3438234
vt -19.73638 0.3469828
vt -19.73122 0.3469795
vt -19.73569 0.3495592
vt -19.73122 0.3431365
vt -19.7338 0.3514452
vt -19.73122 0.3521321
vt -19.72864 0.3514384
vt -19.72676 0.3495524
vt -19.72607 0.346976
vt -19.72602 0.3438166
vt -19.70923 0.3495326
vt -19.70833 0.3461494
vt -19.69183 0.3529822
vt -19.69337 0.3557413
vt -19.6889 0.3583176
vt -19.69406 0.3583176
vt -19.68698 0.3549895
vt -19.69337 0.3608939
vt -19.69148 0.3627799
vt -19.6889 0.3634695
vt -19.68633 0.3627786
vt -19.68444 0.3608924
vt -19.68283 0.3581791
vt -19.67114 0.371524
vt -19.66866 0.3690472
vt -19.65779 0.3832148
vt -19.66051 0.3848342
vt -19.65793 0.3892965
vt -19.66239 0.3867202
vt -19.6546 0.387375
vt -19.66308 0.3892965
vt -19.66239 0.3918728
vt -19.66051 0.3937575
vt -19.65793 0.3944468
vt -19.65535 0.3937561
vt -19.6526 0.392216
vt -19.64915 0.409614
vt -19.64577 0.4087073
vt -19.64344 0.4264135
vt -19.64659 0.4264593
vt -19.64659 0.4316153
vt -19.64917 0.4271496
vt -19.64275 0.4316154
vt -19.65106 0.4290356
vt -19.65174 0.4316153
vt -19.65105 0.4341935
vt -19.64916 0.4360783
vt -19.64659 0.4367682
vt -19.64343 0.4368141
vt -19.64915 0.4536034
vt -19.64576 0.4545097
vt -19.6526 0.4710101
vt -19.65535 0.46947
vt -19.65793 0.4739324
vt -19.65793 0.4687797
vt -19.6546 0.4758538
vt -19.66051 0.46947
vt -19.66239 0.471356
vt -19.66308 0.473931
vt -19.66239 0.4765064
vt -19.05141 0.8191198
vt -19.05395 0.8176395
vt -19.05249 0.8201932
vt -19.01605 0.7525113
vt -19.01351 0.7539915
vt -19.05396 0.8205824
vt -19.01311 0.7525215
vt -19.05543 0.8201831
vt -19.0135 0.7510487
vt -19.05651 0.8191022
vt -19.01457 0.7499678
vt -19.0569 0.8176294
vt -19.0565 0.8161594
vt -19.01859 0.7510311
vt -19.01604 0.7495685
vt -19.01752 0.7499576
vt -19.087 0.8475521
vt -19.08588 0.8481969
vt -19.08653 0.8470761
vt -19.12438 0.9153534
vt -19.1255 0.9147086
vt -19.08588 0.8469003
vt -19.12567 0.9153574
vt -19.08523 0.8470719
vt -19.1255 0.9160051
vt -19.08476 0.8475451
vt -19.12502 0.9164783
vt -19.08458 0.8481929
vt -19.08475 0.8488417
vt -19.12325 0.9159982
vt -19.12437 0.9166499
vt -19.12373 0.9164743
vt -19.19236 0.8820109
vt -19.19008 0.8801563
vt -19.19298 0.88062
vt -19.15542 0.9228495
vt -19.15771 0.9247043
vt -19.19283 0.8791047
vt -19.15647 0.9255983
vt -19.19193 0.8778713
vt -19.15496 0.9257557
vt -19.19054 0.8772501
vt -19.15357 0.9251345
vt -19.18902 0.8774076
vt -19.18779 0.8783016
vt -19.15314 0.9209949
vt -19.15267 0.9239011
vt -19.15251 0.9223858
vt -19.40196 0.8729329
vt -19.39666 0.8729329
vt -19.39737 0.8702807
vt -19.39931 0.8683394
vt -19.39737 0.8755849
vt -19.40196 0.8676287
vt -19.39931 0.8775263
vt -19.40461 0.8683394
vt -19.40196 0.8782369
vt -19.40656 0.8702807
vt -19.40461 0.8775263
vt -19.40727 0.8729329
vt -19.40656 0.8755849
vt -19.37458 0.8761452
vt -19.37591 0.8753765
vt -19.37739 0.8768573
vt -19.37662 0.8781887
vt -19.37383 0.8733537
vt -19.37941 0.8773994
vt -19.37536 0.8733537
vt -19.37941 0.8789366
vt -19.37458 0.8705622
vt -19.38144 0.8768573
vt -19.37591 0.8713309
vt -19.3822 0.8781887
vt -19.37662 0.8685188
vt -19.38291 0.8753765
vt -19.37739 0.8698501
vt -19.38424 0.8761452
vt -19.37941 0.8677707
vt -19.38346 0.8733537
vt -19.37941 0.8693081
vt -19.38499 0.8733537
vt -19.3822 0.8685188
vt -19.38291 0.8713309
vt -19.38144 0.8698501
vt -19.38424 0.8705622
vt -19.42133 0.8682728
vt -19.42191 0.8692712
vt -19.42043 0.8707517
vt -19.41943 0.8701753
vt -19.42393 0.8675764
vt -19.41989 0.8727742
vt -19.42393 0.8687292
vt -19.41873 0.8727742
vt -19.42653 0.8682728
vt -19.42043 0.8747967
vt -19.42595 0.8692712
vt -19.41943 0.8753731
vt -19.42843 0.8701753
vt -19.42191 0.8762773
vt -19.42744 0.8707517
vt -19.42133 0.8772756
vt -19.42913 0.8727742
vt -19.42393 0.8768192
vt -19.42798 0.8727742
vt -19.42393 0.8779721
vt -19.42843 0.8753731
vt -19.42595 0.8762773
vt -19.42744 0.8747967
vt -19.42653 0.8772756
vt -19.23505 0.8466797
vt -19.23363 0.8466797
vt -19.23486 0.8459698
vt -19.23363 0.8753897
vt -19.23505 0.8753897
vt -19.23434 0.8454502
vt -19.23486 0.8760996
vt -19.23363 0.8452599
vt -19.23434 0.8766195
vt -19.23292 0.8454502
vt -19.23363 0.8768096
vt -19.2324 0.8459698
vt -19.23221 0.8466797
vt -19.23221 0.8753897
vt -19.23292 0.8766195
vt -19.2324 0.8760996
vt -39.1096 0.6409812
vt -39.1096 0.6255426
vt -39.11245 0.6255426
vt -39.11245 0.6409812
vt -39.1096 0.661101
vt -39.11245 0.661101
vt -39.1096 0.6845312
vt -39.11245 0.6845312
vt -39.1096 0.7096749
vt -39.11245 0.7096749
vt -39.11245 0.7348185
vt -39.1096 0.7348185
vt -39.11245 0.7582487
vt -39.1096 0.7582487
vt -39.11245 0.7783686
vt -39.1096 0.7783686
vt -39.11245 0.7938071
vt -39.1096 0.7938071
vt -39.0266 0.6156457
vt -39.02395 0.6374496
vt -39.02395 0.6156457
vt -39.0266 0.6374496
vt -39.02395 0.6608482
vt -39.0266 0.6608482
vt -39.0266 0.6842468
vt -39.02395 0.6842468
vt -39.0266 0.7060507
vt -39.02395 0.7060507
vt -39.01226 0.6156457
vt -39.01491 0.6156457
vt -39.01491 0.6374496
vt -39.01226 0.6374496
vt -39.01491 0.6608482
vt -39.01226 0.6608482
vt -39.01226 0.6842468
vt -39.01491 0.6842468
vt -39.01226 0.7060507
vt -39.01491 0.7060507
vt -39.10076 0.6409795
vt -39.09791 0.6255405
vt -39.10076 0.6255405
vt -39.09791 0.6409795
vt -39.10076 0.6610999
vt -39.09791 0.6610999
vt -39.10076 0.6845306
vt -39.09791 0.6845306
vt -39.10076 0.7096749
vt -39.09791 0.7096749
vt -39.09791 0.7348192
vt -39.10076 0.7348192
vt -39.09791 0.7582499
vt -39.10076 0.7582499
vt -39.09791 0.7783704
vt -39.10076 0.7783704
vt -39.09791 0.7938094
vt -39.10076 0.7938094
vt -39.59156 0.7247918
vt -39.59156 0.6363198
vt -39.61446 0.6393345
vt -39.6358 0.6481729
vt -39.56866 0.6393345
vt -39.65412 0.6622327
vt -39.54733 0.6481729
vt -39.66818 0.6805559
vt -39.52901 0.6622327
vt -39.67702 0.7018936
vt -39.51494 0.6805559
vt -39.68003 0.7247918
vt -39.50611 0.7018936
vt -39.67702 0.7476901
vt -39.50309 0.7247918
vt -39.66818 0.7690279
vt -39.50611 0.7476901
vt -39.65412 0.7873511
vt -39.51494 0.7690279
vt -39.6358 0.8014109
vt -39.52901 0.7873511
vt -39.61446 0.8102493
vt -39.54733 0.8014109
vt -39.59156 0.813264
vt -39.56866 0.8102493
vt -39.31676 0.7275469
vt -39.24014 0.6833108
vt -39.2542 0.6649877
vt -39.27252 0.6509278
vt -39.2313 0.7046486
vt -39.29386 0.6420895
vt -39.22829 0.7275469
vt -39.31676 0.6390748
vt -39.2313 0.7504451
vt -39.33966 0.6420895
vt -39.24014 0.7717828
vt -39.361 0.6509278
vt -39.2542 0.7901059
vt -39.37932 0.6649877
vt -39.27252 0.8041658
vt -39.39338 0.6833108
vt -39.29386 0.8130043
vt -39.40222 0.7046486
vt -39.31676 0.8160189
vt -39.40523 0.7275469
vt -39.33966 0.8130043
vt -39.40222 0.7504451
vt -39.361 0.8041658
vt -39.39338 0.7717828
vt -39.37932 0.7901059
usemtl RoboTHOR_Alarm_Clock_Primary1_Mat
f 3/3/3 2/2/2 1/1/1
f 2/2/2 4/4/4 1/1/1
f 1/1/1 4/4/4 5/5/5
f 4/4/4 6/6/6 5/5/5
f 5/5/5 6/6/6 7/7/7
f 6/6/6 8/8/8 7/7/7
f 7/7/7 8/8/8 9/9/9
f 8/8/8 10/10/10 9/9/9
f 10/10/10 11/11/11 9/9/9
f 11/11/11 12/12/12 9/9/9
f 11/11/11 13/13/13 12/12/12
f 13/13/13 14/14/14 12/12/12
f 13/13/13 15/15/15 14/14/14
f 15/15/15 16/16/16 14/14/14
f 15/15/15 17/17/17 16/16/16
f 17/17/17 18/18/18 16/16/16
f 21/21/21 20/20/20 19/19/19
f 22/22/22 21/21/21 19/19/19
f 23/23/23 21/21/21 22/22/22
f 24/24/24 23/23/23 22/22/22
f 23/23/23 24/24/24 25/25/25
f 26/26/26 23/23/23 25/25/25
f 26/26/26 25/25/25 27/27/27
f 28/28/28 26/26/26 27/27/27
f 31/31/31 30/30/30 29/29/29
f 30/30/30 32/32/32 29/29/29
f 30/30/30 33/33/33 32/32/32
f 33/33/33 34/34/34 32/32/32
f 34/34/34 33/33/33 35/35/35
f 33/33/33 36/36/36 35/35/35
f 35/35/35 36/36/36 37/37/37
f 36/36/36 38/38/38 37/37/37
f 41/41/41 40/40/40 39/39/39
f 42/42/42 41/41/41 39/39/39
f 42/42/42 39/39/39 43/43/43
f 44/44/44 42/42/42 43/43/43
f 44/44/44 43/43/43 45/45/45
f 46/46/46 44/44/44 45/45/45
f 46/46/46 45/45/45 47/47/47
f 48/48/48 46/46/46 47/47/47
f 49/49/49 48/48/48 47/47/47
f 50/50/50 49/49/49 47/47/47
f 51/51/51 49/49/49 50/50/50
f 52/52/52 51/51/51 50/50/50
f 53/53/53 51/51/51 52/52/52
f 54/54/54 53/53/53 52/52/52
f 55/55/55 53/53/53 54/54/54
f 56/56/56 55/55/55 54/54/54
f 59/59/59 58/58/58 57/57/57
f 58/58/58 60/60/60 57/57/57
f 57/57/57 60/60/60 61/61/61
f 62/62/62 57/57/57 61/61/61
f 60/60/60 58/58/58 63/63/63
f 63/63/63 58/58/58 64/64/64
f 58/58/58 65/65/65 64/64/64
f 66/66/66 60/60/60 63/63/63
f 61/61/61 60/60/60 66/66/66
f 67/67/67 61/61/61 66/66/66
f 68/68/68 61/61/61 67/67/67
f 69/69/69 68/68/68 67/67/67
f 72/72/72 71/71/71 70/70/70
f 71/71/71 73/73/73 70/70/70
f 73/73/73 74/74/74 70/70/70
f 74/74/74 75/75/75 70/70/70
f 73/73/73 71/71/71 76/76/76
f 76/76/76 71/71/71 77/77/77
f 71/71/71 78/78/78 77/77/77
f 79/79/79 73/73/73 76/76/76
f 74/74/74 73/73/73 79/79/79
f 80/80/80 74/74/74 79/79/79
f 81/81/81 74/74/74 80/80/80
f 82/82/82 81/81/81 80/80/80
f 85/85/85 84/84/84 83/83/83
f 86/86/86 85/85/85 83/83/83
f 87/87/87 85/85/85 86/86/86
f 88/88/88 87/87/87 86/86/86
f 91/91/91 90/90/90 89/89/89
f 92/92/92 91/91/91 89/89/89
f 93/93/93 91/91/91 92/92/92
f 94/94/94 93/93/93 92/92/92
f 97/97/97 96/96/96 95/95/95
f 98/98/98 97/97/97 95/95/95
f 95/95/95 99/99/99 98/98/98
f 98/98/98 100/100/100 97/97/97
f 100/100/100 101/101/101 97/97/97
f 99/99/99 102/102/102 98/98/98
f 98/98/98 102/102/102 100/100/100
f 99/99/99 103/103/103 102/102/102
f 100/100/100 104/104/104 101/101/101
f 104/104/104 105/105/105 101/101/101
f 104/104/104 100/100/100 106/106/106
f 102/102/102 106/106/106 100/100/100
f 107/107/107 104/104/104 106/106/106
f 103/103/103 108/108/108 102/102/102
f 102/102/102 108/108/108 106/106/106
f 103/103/103 109/109/109 108/108/108
f 107/107/107 106/106/106 110/110/110
f 108/108/108 110/110/110 106/106/106
f 111/111/111 107/107/107 110/110/110
f 109/109/109 112/112/112 108/108/108
f 108/108/108 112/112/112 110/110/110
f 109/109/109 113/113/113 112/112/112
f 111/111/111 110/110/110 114/114/114
f 112/112/112 114/114/114 110/110/110
f 115/115/115 111/111/111 114/114/114
f 113/113/113 116/116/116 112/112/112
f 112/112/112 116/116/116 114/114/114
f 113/113/113 117/117/117 116/116/116
f 115/115/115 114/114/114 118/118/118
f 116/116/116 118/118/118 114/114/114
f 119/119/119 115/115/115 118/118/118
f 117/117/117 120/120/120 116/116/116
f 116/116/116 120/120/120 118/118/118
f 117/117/117 121/121/121 120/120/120
f 119/119/119 118/118/118 122/122/122
f 120/120/120 122/122/122 118/118/118
f 123/123/123 119/119/119 122/122/122
f 121/121/121 124/124/124 120/120/120
f 120/120/120 124/124/124 122/122/122
f 123/123/123 122/122/122 125/125/125
f 124/124/124 125/125/125 122/122/122
f 126/126/126 123/123/123 125/125/125
f 125/125/125 127/127/127 126/126/126
f 127/127/127 125/125/125 124/124/124
f 127/127/127 128/128/128 126/126/126
f 129/129/129 127/127/127 124/124/124
f 124/124/124 121/121/121 129/129/129
f 121/121/121 130/130/130 129/129/129
f 133/133/133 132/132/132 131/131/131
f 134/134/134 133/133/133 131/131/131
f 131/131/131 135/135/135 134/134/134
f 134/134/134 136/136/136 133/133/133
f 136/136/136 137/137/137 133/133/133
f 135/135/135 138/138/138 134/134/134
f 136/136/136 134/134/134 138/138/138
f 136/136/136 139/139/139 137/137/137
f 139/139/139 140/140/140 137/137/137
f 138/138/138 135/135/135 141/141/141
f 135/135/135 142/142/142 141/141/141
f 141/141/141 143/143/143 138/138/138
f 144/144/144 136/136/136 138/138/138
f 143/143/143 144/144/144 138/138/138
f 139/139/139 136/136/136 144/144/144
f 143/143/143 145/145/145 144/144/144
f 145/145/145 146/146/146 144/144/144
f 146/146/146 139/139/139 144/144/144
f 145/145/145 147/147/147 146/146/146
f 139/139/139 148/148/148 140/140/140
f 148/148/148 139/139/139 146/146/146
f 148/148/148 149/149/149 140/140/140
f 147/147/147 150/150/150 146/146/146
f 150/150/150 148/148/148 146/146/146
f 147/147/147 151/151/151 150/150/150
f 151/151/151 152/152/152 150/150/150
f 150/150/150 152/152/152 148/148/148
f 151/151/151 153/153/153 152/152/152
f 148/148/148 154/154/154 149/149/149
f 152/152/152 154/154/154 148/148/148
f 154/154/154 155/155/155 149/149/149
f 153/153/153 156/156/156 152/152/152
f 152/152/152 156/156/156 154/154/154
f 153/153/153 157/157/157 156/156/156
f 154/154/154 158/158/158 155/155/155
f 156/156/156 158/158/158 154/154/154
f 158/158/158 159/159/159 155/155/155
f 157/157/157 160/160/160 156/156/156
f 156/156/156 160/160/160 158/158/158
f 158/158/158 161/161/161 159/159/159
f 160/160/160 161/161/161 158/158/158
f 161/161/161 162/162/162 159/159/159
f 161/161/161 163/163/163 162/162/162
f 161/161/161 160/160/160 163/163/163
f 163/163/163 164/164/164 162/162/162
f 160/160/160 165/165/165 163/163/163
f 160/160/160 157/157/157 165/165/165
f 157/157/157 166/166/166 165/165/165
f 169/169/169 168/168/168 167/167/167
f 170/170/170 169/169/169 167/167/167
f 167/167/167 171/171/171 170/170/170
f 170/170/170 172/172/172 169/169/169
f 172/172/172 173/173/173 169/169/169
f 171/171/171 174/174/174 170/170/170
f 171/171/171 175/175/175 174/174/174
f 172/172/172 176/176/176 173/173/173
f 176/176/176 177/177/177 173/173/173
f 172/172/172 170/170/170 178/178/178
f 170/170/170 174/174/174 178/178/178
f 179/179/179 172/172/172 178/178/178
f 176/176/176 172/172/172 179/179/179
f 174/174/174 180/180/180 178/178/178
f 181/181/181 176/176/176 179/179/179
f 182/182/182 180/180/180 174/174/174
f 175/175/175 183/183/183 174/174/174
f 183/183/183 182/182/182 174/174/174
f 175/175/175 184/184/184 183/183/183
f 176/176/176 185/185/185 177/177/177
f 176/176/176 181/181/181 185/185/185
f 181/181/181 186/186/186 185/185/185
f 185/185/185 187/187/187 177/177/177
f 186/186/186 188/188/188 185/185/185
f 183/183/183 189/189/189 182/182/182
f 184/184/184 189/189/189 183/183/183
f 189/189/189 190/190/190 182/182/182
f 184/184/184 191/191/191 189/189/189
f 190/190/190 189/189/189 192/192/192
f 185/185/185 193/193/193 187/187/187
f 188/188/188 193/193/193 185/185/185
f 193/193/193 194/194/194 187/187/187
f 193/193/193 188/188/188 195/195/195
f 191/191/191 196/196/196 189/189/189
f 189/189/189 196/196/196 192/192/192
f 191/191/191 197/197/197 196/196/196
f 193/193/193 198/198/198 194/194/194
f 198/198/198 193/193/193 195/195/195
f 198/198/198 199/199/199 194/194/194
f 198/198/198 195/195/195 200/200/200
f 192/192/192 196/196/196 201/201/201
f 197/197/197 201/201/201 196/196/196
f 202/202/202 192/192/192 201/201/201
f 197/197/197 203/203/203 201/201/201
f 202/202/202 201/201/201 204/204/204
f 198/198/198 205/205/205 199/199/199
f 205/205/205 198/198/198 200/200/200
f 205/205/205 206/206/206 199/199/199
f 203/203/203 207/207/207 201/201/201
f 201/201/201 207/207/207 204/204/204
f 208/208/208 205/205/205 200/200/200
f 209/209/209 208/208/208 200/200/200
f 209/209/209 210/210/210 208/208/208
f 205/205/205 211/211/211 206/206/206
f 205/205/205 208/208/208 211/211/211
f 211/211/211 212/212/212 206/206/206
f 208/208/208 213/213/213 211/211/211
f 208/208/208 214/214/214 213/213/213
f 210/210/210 214/214/214 208/208/208
f 214/214/214 215/215/215 213/213/213
f 216/216/216 214/214/214 210/210/210
f 214/214/214 216/216/216 215/215/215
f 217/217/217 216/216/216 210/210/210
f 216/216/216 218/218/218 215/215/215
f 216/216/216 217/217/217 219/219/219
f 216/216/216 220/220/220 218/218/218
f 220/220/220 216/216/216 219/219/219
f 220/220/220 221/221/221 218/218/218
f 220/220/220 219/219/219 222/222/222
f 220/220/220 222/222/222 221/221/221
f 219/219/219 223/223/223 222/222/222
f 222/222/222 224/224/224 221/221/221
f 222/222/222 223/223/223 225/225/225
f 222/222/222 226/226/226 224/224/224
f 226/226/226 222/222/222 225/225/225
f 226/226/226 227/227/227 224/224/224
f 228/228/228 226/226/226 225/225/225
f 229/229/229 228/228/228 225/225/225
f 226/226/226 230/230/230 227/227/227
f 230/230/230 226/226/226 228/228/228
f 230/230/230 231/231/231 227/227/227
f 232/232/232 230/230/230 228/228/228
f 233/233/233 228/228/228 229/229/229
f 232/232/232 228/228/228 233/233/233
f 234/234/234 233/233/233 229/229/229
f 235/235/235 232/232/232 233/233/233
f 233/233/233 234/234/234 236/236/236
f 235/235/235 233/233/233 236/236/236
f 234/234/234 237/237/237 236/236/236
f 238/238/238 235/235/235 236/236/236
f 237/237/237 239/239/239 236/236/236
f 238/238/238 236/236/236 240/240/240
f 239/239/239 240/240/240 236/236/236
f 241/241/241 238/238/238 240/240/240
f 240/240/240 239/239/239 242/242/242
f 241/241/241 240/240/240 243/243/243
f 243/243/243 240/240/240 242/242/242
f 243/243/243 242/242/242 204/204/204
f 244/244/244 241/241/241 243/243/243
f 207/207/207 243/243/243 204/204/204
f 244/244/244 243/243/243 207/207/207
f 245/245/245 244/244/244 207/207/207
f 207/207/207 203/203/203 245/245/245
f 203/203/203 246/246/246 245/245/245
f 249/249/249 248/248/248 247/247/247
f 250/250/250 249/249/249 247/247/247
f 247/247/247 251/251/251 250/250/250
f 250/250/250 252/252/252 249/249/249
f 252/252/252 253/253/253 249/249/249
f 252/252/252 254/254/254 253/253/253
f 254/254/254 255/255/255 253/253/253
f 254/254/254 256/256/256 255/255/255
f 256/256/256 257/257/257 255/255/255
f 256/256/256 258/258/258 257/257/257
f 258/258/258 259/259/259 257/257/257
f 258/258/258 260/260/260 259/259/259
f 260/260/260 261/261/261 259/259/259
f 260/260/260 262/262/262 261/261/261
f 262/262/262 263/263/263 261/261/261
f 262/262/262 264/264/264 263/263/263
f 264/264/264 265/265/265 263/263/263
f 262/262/262 266/266/266 264/264/264
f 266/266/266 262/262/262 260/260/260
f 266/266/266 267/267/267 264/264/264
f 268/268/268 260/260/260 258/258/258
f 268/268/268 266/266/266 260/260/260
f 266/266/266 269/269/269 267/267/267
f 266/266/266 268/268/268 269/269/269
f 269/269/269 270/270/270 267/267/267
f 268/268/268 271/271/271 269/269/269
f 272/272/272 268/268/268 258/258/258
f 268/268/268 272/272/272 271/271/271
f 272/272/272 258/258/258 256/256/256
f 272/272/272 273/273/273 271/271/271
f 274/274/274 272/272/272 256/256/256
f 272/272/272 274/274/274 273/273/273
f 274/274/274 256/256/256 254/254/254
f 274/274/274 275/275/275 273/273/273
f 276/276/276 274/274/274 254/254/254
f 274/274/274 276/276/276 275/275/275
f 276/276/276 254/254/254 252/252/252
f 276/276/276 277/277/277 275/275/275
f 278/278/278 276/276/276 252/252/252
f 276/276/276 278/278/278 277/277/277
f 278/278/278 252/252/252 250/250/250
f 278/278/278 279/279/279 277/277/277
f 280/280/280 278/278/278 250/250/250
f 278/278/278 280/280/280 279/279/279
f 251/251/251 280/280/280 250/250/250
f 280/280/280 281/281/281 279/279/279
f 280/280/280 251/251/251 281/281/281
f 251/251/251 282/282/282 281/281/281
f 285/285/285 284/284/284 283/283/283
f 286/286/286 285/285/285 283/283/283
f 283/283/283 287/287/287 286/286/286
f 286/286/286 288/288/288 285/285/285
f 288/288/288 289/289/289 285/285/285
f 287/287/287 290/290/290 286/286/286
f 287/287/287 291/291/291 290/290/290
f 288/288/288 292/292/292 289/289/289
f 292/292/292 293/293/293 289/289/289
f 294/294/294 288/288/288 286/286/286
f 288/288/288 294/294/294 292/292/292
f 290/290/290 294/294/294 286/286/286
f 294/294/294 295/295/295 292/292/292
f 291/291/291 296/296/296 290/290/290
f 290/290/290 296/296/296 294/294/294
f 291/291/291 297/297/297 296/296/296
f 294/294/294 298/298/298 295/295/295
f 296/296/296 298/298/298 294/294/294
f 298/298/298 299/299/299 295/295/295
f 297/297/297 300/300/300 296/296/296
f 296/296/296 300/300/300 298/298/298
f 297/297/297 301/301/301 300/300/300
f 298/298/298 302/302/302 299/299/299
f 300/300/300 302/302/302 298/298/298
f 302/302/302 303/303/303 299/299/299
f 301/301/301 304/304/304 300/300/300
f 300/300/300 304/304/304 302/302/302
f 301/301/301 305/305/305 304/304/304
f 302/302/302 306/306/306 303/303/303
f 304/304/304 306/306/306 302/302/302
f 306/306/306 307/307/307 303/303/303
f 305/305/305 308/308/308 304/304/304
f 304/304/304 308/308/308 306/306/306
f 305/305/305 309/309/309 308/308/308
f 306/306/306 310/310/310 307/307/307
f 308/308/308 310/310/310 306/306/306
f 310/310/310 311/311/311 307/307/307
f 309/309/309 312/312/312 308/308/308
f 308/308/308 312/312/312 310/310/310
f 310/310/310 313/313/313 311/311/311
f 312/312/312 313/313/313 310/310/310
f 313/313/313 314/314/314 311/311/311
f 313/313/313 315/315/315 314/314/314
f 315/315/315 313/313/313 312/312/312
f 315/315/315 316/316/316 314/314/314
f 317/317/317 315/315/315 312/312/312
f 312/312/312 309/309/309 317/317/317
f 309/309/309 318/318/318 317/317/317
f 321/321/321 320/320/320 319/319/319
f 322/322/322 321/321/321 319/319/319
f 319/319/319 323/323/323 322/322/322
f 322/322/322 324/324/324 321/321/321
f 323/323/323 325/325/325 322/322/322
f 324/324/324 326/326/326 321/321/321
f 323/323/323 327/327/327 325/325/325
f 324/324/324 328/328/328 326/326/326
f 327/327/327 329/329/329 325/325/325
f 328/328/328 330/330/330 326/326/326
f 327/327/327 331/331/331 329/329/329
f 328/328/328 332/332/332 330/330/330
f 331/331/331 333/333/333 329/329/329
f 332/332/332 334/334/334 330/330/330
f 331/331/331 335/335/335 333/333/333
f 332/332/332 336/336/336 334/334/334
f 335/335/335 337/337/337 333/333/333
f 336/336/336 338/338/338 334/334/334
f 335/335/335 339/339/339 337/337/337
f 336/336/336 340/340/340 338/338/338
f 339/339/339 341/341/341 337/337/337
f 340/340/340 342/342/342 338/338/338
f 339/339/339 343/343/343 341/341/341
f 340/340/340 344/344/344 342/342/342
f 344/344/344 345/345/345 342/342/342
f 343/343/343 346/346/346 341/341/341
f 344/344/344 347/347/347 345/345/345
f 347/347/347 348/348/348 345/345/345
f 344/344/344 349/349/349 347/347/347
f 349/349/349 350/350/350 347/347/347
f 349/349/349 351/351/351 350/350/350
f 351/351/351 352/352/352 350/350/350
f 351/351/351 353/353/353 352/352/352
f 353/353/353 354/354/354 352/352/352
f 353/353/353 355/355/355 354/354/354
f 355/355/355 356/356/356 354/354/354
f 355/355/355 357/357/357 356/356/356
f 357/357/357 358/358/358 356/356/356
f 357/357/357 359/359/359 358/358/358
f 359/359/359 360/360/360 358/358/358
f 359/359/359 361/361/361 360/360/360
f 361/361/361 362/362/362 360/360/360
f 361/361/361 359/359/359 363/363/363
f 364/364/364 361/361/361 363/363/363
f 364/364/364 363/363/363 365/365/365
f 366/366/366 364/364/364 365/365/365
f 366/366/366 365/365/365 367/367/367
f 368/368/368 366/366/366 367/367/367
f 368/368/368 367/367/367 369/369/369
f 370/370/370 368/368/368 369/369/369
f 370/370/370 369/369/369 371/371/371
f 372/372/372 370/370/370 371/371/371
f 372/372/372 371/371/371 346/346/346
f 373/373/373 372/372/372 346/346/346
f 346/346/346 343/343/343 373/373/373
f 343/343/343 374/374/374 373/373/373
f 377/377/377 376/376/376 375/375/375
f 378/378/378 377/377/377 375/375/375
f 376/376/376 379/379/379 375/375/375
f 380/380/380 378/378/378 375/375/375
f 381/381/381 378/378/378 380/380/380
f 382/382/382 381/381/381 380/380/380
f 383/383/383 379/379/379 376/376/376
f 384/384/384 383/383/383 376/376/376
f 381/381/381 382/382/382 385/385/385
f 382/382/382 386/386/386 385/385/385
f 386/386/386 387/387/387 385/385/385
f 387/387/387 388/388/388 385/385/385
f 388/388/388 387/387/387 389/389/389
f 390/390/390 388/388/388 389/389/389
f 384/384/384 391/391/391 383/383/383
f 391/391/391 392/392/392 383/383/383
f 390/390/390 389/389/389 393/393/393
f 394/394/394 390/390/390 393/393/393
f 392/392/392 391/391/391 395/395/395
f 391/391/391 396/396/396 395/395/395
f 397/397/397 394/394/394 393/393/393
f 398/398/398 397/397/397 393/393/393
f 395/395/395 396/396/396 399/399/399
f 400/400/400 395/395/395 399/399/399
f 398/398/398 401/401/401 397/397/397
f 401/401/401 402/402/402 397/397/397
f 400/400/400 399/399/399 403/403/403
f 399/399/399 404/404/404 403/403/403
f 404/404/404 405/405/405 403/403/403
f 405/405/405 406/406/406 403/403/403
f 405/405/405 407/407/407 406/406/406
f 407/407/407 408/408/408 406/406/406
f 409/409/409 402/402/402 401/401/401
f 410/410/410 409/409/409 401/401/401
f 408/408/408 407/407/407 411/411/411
f 412/412/412 408/408/408 411/411/411
f 413/413/413 412/412/412 411/411/411
f 414/414/414 413/413/413 411/411/411
f 413/413/413 414/414/414 415/415/415
f 414/414/414 416/416/416 415/415/415
f 409/409/409 410/410/410 417/417/417
f 418/418/418 409/409/409 417/417/417
f 415/415/415 416/416/416 419/419/419
f 416/416/416 420/420/420 419/419/419
f 418/418/418 417/417/417 421/421/421
f 420/420/420 421/421/421 419/419/419
f 417/417/417 422/422/422 421/421/421
f 421/421/421 422/422/422 419/419/419
f 425/425/425 424/424/424 423/423/423
f 426/426/426 425/425/425 423/423/423
f 423/423/423 424/424/424 427/427/427
f 426/426/426 423/423/423 428/428/428
f 429/429/429 426/426/426 428/428/428
f 430/430/430 429/429/429 428/428/428
f 423/423/423 431/431/431 428/428/428
f 431/431/431 423/423/423 427/427/427
f 432/432/432 430/430/430 428/428/428
f 430/430/430 432/432/432 433/433/433
f 432/432/432 434/434/434 433/433/433
f 435/435/435 434/434/434 432/432/432
f 431/431/431 427/427/427 436/436/436
f 431/431/431 436/436/436 428/428/428
f 427/427/427 437/437/437 436/436/436
f 436/436/436 437/437/437 438/438/438
f 439/439/439 436/436/436 438/438/438
f 436/436/436 439/439/439 428/428/428
f 439/439/439 440/440/440 428/428/428
f 440/440/440 441/441/441 428/428/428
f 442/442/442 435/435/435 432/432/432
f 442/442/442 432/432/432 428/428/428
f 441/441/441 443/443/443 428/428/428
f 443/443/443 442/442/442 428/428/428
f 442/442/442 443/443/443 435/435/435
f 441/441/441 444/444/444 443/443/443
f 443/443/443 445/445/445 435/435/435
f 444/444/444 445/445/445 443/443/443
f 448/448/448 447/447/447 446/446/446
f 449/449/449 448/448/448 446/446/446
f 447/447/447 448/448/448 450/450/450
f 448/448/448 449/449/449 451/451/451
f 448/448/448 452/452/452 450/450/450
f 453/453/453 448/448/448 451/451/451
f 452/452/452 448/448/448 454/454/454
f 448/448/448 453/453/453 455/455/455
f 448/448/448 456/456/456 454/454/454
f 457/457/457 448/448/448 455/455/455
f 456/456/456 448/448/448 458/458/458
f 448/448/448 457/457/457 459/459/459
f 448/448/448 460/460/460 458/458/458
f 461/461/461 448/448/448 459/459/459
f 460/460/460 448/448/448 462/462/462
f 448/448/448 461/461/461 463/463/463
f 448/448/448 464/464/464 462/462/462
f 465/465/465 448/448/448 463/463/463
f 464/464/464 448/448/448 466/466/466
f 448/448/448 465/465/465 467/467/467
f 448/448/448 468/468/468 466/466/466
f 469/469/469 448/448/448 467/467/467
f 468/468/468 448/448/448 470/470/470
f 448/448/448 469/469/469 470/470/470
f 473/473/473 472/472/472 471/471/471
f 474/474/474 473/473/473 471/471/471
f 475/475/475 473/473/473 474/474/474
f 471/471/471 472/472/472 476/476/476
f 472/472/472 477/477/477 476/476/476
f 478/478/478 475/475/475 474/474/474
f 479/479/479 475/475/475 478/478/478
f 476/476/476 477/477/477 480/480/480
f 477/477/477 481/481/481 480/480/480
f 482/482/482 479/479/479 478/478/478
f 483/483/483 479/479/479 482/482/482
f 480/480/480 481/481/481 484/484/484
f 481/481/481 485/485/485 484/484/484
f 486/486/486 483/483/483 482/482/482
f 487/487/487 483/483/483 486/486/486
f 484/484/484 485/485/485 488/488/488
f 485/485/485 489/489/489 488/488/488
f 490/490/490 487/487/487 486/486/486
f 491/491/491 487/487/487 490/490/490
f 488/488/488 489/489/489 492/492/492
f 489/489/489 493/493/493 492/492/492
f 494/494/494 491/491/491 490/490/490
f 495/495/495 491/491/491 494/494/494
f 492/492/492 493/493/493 496/496/496
f 493/493/493 497/497/497 496/496/496
f 498/498/498 495/495/495 494/494/494
f 499/499/499 495/495/495 498/498/498
f 496/496/496 497/497/497 500/500/500
f 497/497/497 501/501/501 500/500/500
f 502/502/502 499/499/499 498/498/498
f 503/503/503 499/499/499 502/502/502
f 500/500/500 501/501/501 504/504/504
f 501/501/501 505/505/505 504/504/504
f 506/506/506 503/503/503 502/502/502
f 507/507/507 503/503/503 506/506/506
f 504/504/504 505/505/505 508/508/508
f 505/505/505 509/509/509 508/508/508
f 510/510/510 507/507/507 506/506/506
f 511/511/511 507/507/507 510/510/510
f 508/508/508 509/509/509 512/512/512
f 509/509/509 513/513/513 512/512/512
f 514/514/514 511/511/511 510/510/510
f 515/515/515 511/511/511 514/514/514
f 512/512/512 513/513/513 516/516/516
f 513/513/513 517/517/517 516/516/516
f 517/517/517 515/515/515 518/518/518
f 518/518/518 515/515/515 514/514/514
f 516/516/516 517/517/517 518/518/518
f 504/504/504 508/508/508 519/519/519
f 508/508/508 512/512/512 520/520/520
f 508/508/508 520/520/520 519/519/519
f 512/512/512 516/516/516 521/521/521
f 512/512/512 521/521/521 520/520/520
f 516/516/516 518/518/518 522/522/522
f 516/516/516 522/522/522 521/521/521
f 518/518/518 514/514/514 523/523/523
f 518/518/518 523/523/523 522/522/522
f 514/514/514 510/510/510 524/524/524
f 514/514/514 524/524/524 523/523/523
f 504/504/504 519/519/519 525/525/525
f 500/500/500 504/504/504 525/525/525
f 510/510/510 526/526/526 524/524/524
f 510/510/510 506/506/506 526/526/526
f 500/500/500 525/525/525 527/527/527
f 496/496/496 500/500/500 527/527/527
f 506/506/506 528/528/528 526/526/526
f 506/506/506 502/502/502 528/528/528
f 496/496/496 527/527/527 529/529/529
f 492/492/492 496/496/496 529/529/529
f 502/502/502 530/530/530 528/528/528
f 502/502/502 498/498/498 530/530/530
f 492/492/492 529/529/529 531/531/531
f 488/488/488 492/492/492 531/531/531
f 498/498/498 532/532/532 530/530/530
f 498/498/498 494/494/494 532/532/532
f 488/488/488 531/531/531 533/533/533
f 484/484/484 488/488/488 533/533/533
f 494/494/494 534/534/534 532/532/532
f 494/494/494 490/490/490 534/534/534
f 484/484/484 533/533/533 535/535/535
f 480/480/480 484/484/484 535/535/535
f 490/490/490 536/536/536 534/534/534
f 490/490/490 486/486/486 536/536/536
f 480/480/480 535/535/535 537/537/537
f 476/476/476 480/480/480 537/537/537
f 486/486/486 538/538/538 536/536/536
f 486/486/486 482/482/482 538/538/538
f 476/476/476 537/537/537 539/539/539
f 471/471/471 476/476/476 539/539/539
f 482/482/482 540/540/540 538/538/538
f 482/482/482 478/478/478 540/540/540
f 471/471/471 539/539/539 541/541/541
f 474/474/474 471/471/471 541/541/541
f 542/542/542 478/478/478 474/474/474
f 478/478/478 542/542/542 540/540/540
f 541/541/541 542/542/542 474/474/474
f 537/537/537 535/535/535 543/543/543
f 539/539/539 537/537/537 544/544/544
f 544/544/544 537/537/537 543/543/543
f 543/543/543 545/545/545 544/544/544
f 543/543/543 535/535/535 546/546/546
f 545/545/545 543/543/543 546/546/546
f 535/535/535 533/533/533 546/546/546
f 547/547/547 539/539/539 544/544/544
f 541/541/541 539/539/539 547/547/547
f 545/545/545 547/547/547 544/544/544
f 546/546/546 533/533/533 548/548/548
f 548/548/548 545/545/545 546/546/546
f 533/533/533 531/531/531 548/548/548
f 549/549/549 541/541/541 547/547/547
f 542/542/542 541/541/541 549/549/549
f 547/547/547 545/545/545 549/549/549
f 548/548/548 531/531/531 550/550/550
f 545/545/545 548/548/548 550/550/550
f 531/531/531 529/529/529 550/550/550
f 551/551/551 542/542/542 549/549/549
f 545/545/545 551/551/551 549/549/549
f 552/552/552 545/545/545 550/550/550
f 550/550/550 529/529/529 552/552/552
f 551/551/551 545/545/545 553/553/553
f 540/540/540 542/542/542 551/551/551
f 553/553/553 540/540/540 551/551/551
f 529/529/529 527/527/527 552/552/552
f 538/538/538 540/540/540 553/553/553
f 552/552/552 527/527/527 554/554/554
f 545/545/545 552/552/552 554/554/554
f 527/527/527 525/525/525 554/554/554
f 555/555/555 538/538/538 553/553/553
f 545/545/545 555/555/555 553/553/553
f 536/536/536 538/538/538 555/555/555
f 554/554/554 525/525/525 556/556/556
f 556/556/556 545/545/545 554/554/554
f 525/525/525 519/519/519 556/556/556
f 557/557/557 536/536/536 555/555/555
f 555/555/555 545/545/545 557/557/557
f 534/534/534 536/536/536 557/557/557
f 556/556/556 519/519/519 558/558/558
f 545/545/545 556/556/556 558/558/558
f 519/519/519 520/520/520 558/558/558
f 545/545/545 559/559/559 557/557/557
f 559/559/559 534/534/534 557/557/557
f 560/560/560 545/545/545 558/558/558
f 558/558/558 520/520/520 560/560/560
f 559/559/559 545/545/545 561/561/561
f 532/532/532 534/534/534 559/559/559
f 561/561/561 532/532/532 559/559/559
f 520/520/520 521/521/521 560/560/560
f 530/530/530 532/532/532 561/561/561
f 560/560/560 521/521/521 562/562/562
f 545/545/545 560/560/560 562/562/562
f 521/521/521 522/522/522 562/562/562
f 563/563/563 530/530/530 561/561/561
f 545/545/545 563/563/563 561/561/561
f 528/528/528 530/530/530 563/563/563
f 562/562/562 522/522/522 564/564/564
f 564/564/564 545/545/545 562/562/562
f 522/522/522 523/523/523 564/564/564
f 565/565/565 528/528/528 563/563/563
f 563/563/563 545/545/545 565/565/565
f 526/526/526 528/528/528 565/565/565
f 564/564/564 523/523/523 566/566/566
f 545/545/545 564/564/564 566/566/566
f 523/523/523 524/524/524 566/566/566
f 545/545/545 567/567/567 565/565/565
f 567/567/567 526/526/526 565/565/565
f 567/567/567 545/545/545 566/566/566
f 524/524/524 526/526/526 567/567/567
f 566/566/566 524/524/524 567/567/567
usemtl RoboTHOR_Alarm_Clock_Secondary1_Mat
f 570/570/570 569/569/569 568/568/568
f 569/569/569 571/571/571 568/568/568
f 568/568/568 571/571/571 572/572/572
f 571/571/571 573/573/573 572/572/572
f 572/572/572 573/573/573 574/574/574
f 573/573/573 575/575/575 574/574/574
f 574/574/574 575/575/575 576/576/576
f 575/575/575 577/577/577 576/576/576
f 580/580/580 579/579/579 578/578/578
f 581/581/581 580/580/580 578/578/578
f 582/582/582 580/580/580 581/581/581
f 583/583/583 582/582/582 581/581/581
f 586/586/586 585/585/585 584/584/584
f 587/587/587 586/586/586 584/584/584
f 588/588/588 586/586/586 587/587/587
f 589/589/589 588/588/588 587/587/587
f 590/590/590 588/588/588 589/589/589
f 591/591/591 590/590/590 589/589/589
f 592/592/592 590/590/590 591/591/591
f 593/593/593 592/592/592 591/591/591
f 596/596/596 595/595/595 594/594/594
f 597/597/597 596/596/596 594/594/594
f 598/598/598 596/596/596 597/597/597
f 599/599/599 598/598/598 597/597/597
f 602/602/602 601/601/601 600/600/600
f 603/603/603 602/602/602 600/600/600
f 600/600/600 604/604/604 603/603/603
f 603/603/603 605/605/605 602/602/602
f 605/605/605 606/606/606 602/602/602
f 607/607/607 606/606/606 605/605/605
f 608/608/608 607/607/607 605/605/605
f 608/608/608 605/605/605 609/609/609
f 604/604/604 610/610/610 603/603/603
f 610/610/610 604/604/604 611/611/611
f 612/612/612 605/605/605 603/603/603
f 605/605/605 612/612/612 609/609/609
f 610/610/610 612/612/612 603/603/603
f 609/609/609 612/612/612 613/613/613
f 613/613/613 612/612/612 610/610/610
f 614/614/614 609/609/609 613/613/613
f 614/614/614 613/613/613 615/615/615
f 613/613/613 616/616/616 615/615/615
f 617/617/617 610/610/610 611/611/611
f 617/617/617 613/613/613 610/610/610
f 616/616/616 613/613/613 617/617/617
f 617/617/617 611/611/611 618/618/618
f 619/619/619 616/616/616 617/617/617
f 619/619/619 617/617/617 618/618/618
f 622/622/622 621/621/621 620/620/620
f 623/623/623 622/622/622 620/620/620
f 623/623/623 620/620/620 624/624/624
f 625/625/625 623/623/623 624/624/624
f 625/625/625 626/626/626 623/623/623
f 623/623/623 627/627/627 622/622/622
f 626/626/626 627/627/627 623/623/623
f 627/627/627 628/628/628 622/622/622
f 627/627/627 626/626/626 629/629/629
f 630/630/630 628/628/628 627/627/627
f 631/631/631 627/627/627 629/629/629
f 631/631/631 630/630/630 627/627/627
f 634/634/634 633/633/633 632/632/632
f 635/635/635 634/634/634 632/632/632
f 635/635/635 632/632/632 636/636/636
f 635/635/635 637/637/637 634/634/634
f 637/637/637 638/638/638 634/634/634
f 639/639/639 638/638/638 637/637/637
f 640/640/640 639/639/639 637/637/637
f 640/640/640 637/637/637 641/641/641
f 642/642/642 635/635/635 636/636/636
f 642/642/642 636/636/636 643/643/643
f 644/644/644 637/637/637 635/635/635
f 637/637/637 644/644/644 641/641/641
f 642/642/642 644/644/644 635/635/635
f 644/644/644 645/645/645 641/641/641
f 645/645/645 644/644/644 642/642/642
f 645/645/645 646/646/646 641/641/641
f 646/646/646 645/645/645 647/647/647
f 645/645/645 648/648/648 647/647/647
f 649/649/649 642/642/642 643/643/643
f 649/649/649 645/645/645 642/642/642
f 648/648/648 645/645/645 649/649/649
f 649/649/649 643/643/643 650/650/650
f 651/651/651 648/648/648 649/649/649
f 651/651/651 649/649/649 650/650/650
f 654/654/654 653/653/653 652/652/652
f 655/655/655 654/654/654 652/652/652
f 655/655/655 652/652/652 656/656/656
f 657/657/657 655/655/655 656/656/656
f 657/657/657 658/658/658 655/655/655
f 655/655/655 659/659/659 654/654/654
f 658/658/658 659/659/659 655/655/655
f 659/659/659 660/660/660 654/654/654
f 659/659/659 658/658/658 661/661/661
f 662/662/662 660/660/660 659/659/659
f 663/663/663 659/659/659 661/661/661
f 663/663/663 662/662/662 659/659/659
f 666/666/666 665/665/665 664/664/664
f 667/667/667 666/666/666 664/664/664
f 665/665/665 668/668/668 664/664/664
f 668/668/668 669/669/669 664/664/664
f 670/670/670 667/667/667 664/664/664
f 669/669/669 671/671/671 664/664/664
f 672/672/672 670/670/670 664/664/664
f 673/673/673 670/670/670 672/672/672
f 674/674/674 672/672/672 664/664/664
f 675/675/675 673/673/673 672/672/672
f 676/676/676 674/674/674 664/664/664
f 671/671/671 676/676/676 664/664/664
f 673/673/673 675/675/675 677/677/677
f 671/671/671 678/678/678 676/676/676
f 678/678/678 679/679/679 676/676/676
f 679/679/679 678/678/678 680/680/680
f 681/681/681 673/673/673 677/677/677
f 678/678/678 682/682/682 680/680/680
f 681/681/681 677/677/677 683/683/683
f 684/684/684 681/681/681 683/683/683
f 677/677/677 685/685/685 683/683/683
f 686/686/686 684/684/684 683/683/683
f 687/687/687 686/686/686 683/683/683
f 688/688/688 687/687/687 683/683/683
f 689/689/689 688/688/688 683/683/683
f 690/690/690 689/689/689 683/683/683
f 685/685/685 691/691/691 683/683/683
f 691/691/691 690/690/690 683/683/683
f 692/692/692 690/690/690 691/691/691
f 693/693/693 692/692/692 691/691/691
f 692/692/692 693/693/693 694/694/694
f 695/695/695 692/692/692 694/694/694
f 695/695/695 694/694/694 696/696/696
f 697/697/697 695/695/695 696/696/696
f 694/694/694 698/698/698 696/696/696
f 699/699/699 697/697/697 696/696/696
f 700/700/700 699/699/699 696/696/696
f 701/701/701 700/700/700 696/696/696
f 702/702/702 701/701/701 696/696/696
f 703/703/703 702/702/702 696/696/696
f 698/698/698 704/704/704 696/696/696
f 704/704/704 703/703/703 696/696/696
f 705/705/705 703/703/703 704/704/704
f 706/706/706 705/705/705 704/704/704
f 705/705/705 706/706/706 707/707/707
f 708/708/708 705/705/705 707/707/707
f 708/708/708 707/707/707 709/709/709
f 710/710/710 708/708/708 709/709/709
f 707/707/707 711/711/711 709/709/709
f 712/712/712 710/710/710 709/709/709
f 713/713/713 712/712/712 709/709/709
f 714/714/714 713/713/713 709/709/709
f 715/715/715 714/714/714 709/709/709
f 716/716/716 715/715/715 709/709/709
f 711/711/711 717/717/717 709/709/709
f 717/717/717 716/716/716 709/709/709
f 718/718/718 716/716/716 717/717/717
f 719/719/719 718/718/718 717/717/717
f 718/718/718 719/719/719 720/720/720
f 721/721/721 718/718/718 720/720/720
f 721/721/721 720/720/720 722/722/722
f 723/723/723 721/721/721 722/722/722
f 720/720/720 724/724/724 722/722/722
f 725/725/725 723/723/723 722/722/722
f 726/726/726 725/725/725 722/722/722
f 727/727/727 726/726/726 722/722/722
f 728/728/728 727/727/727 722/722/722
f 729/729/729 728/728/728 722/722/722
f 724/724/724 730/730/730 722/722/722
f 730/730/730 729/729/729 722/722/722
f 731/731/731 729/729/729 730/730/730
f 732/732/732 731/731/731 730/730/730
f 731/731/731 732/732/732 733/733/733
f 734/734/734 731/731/731 733/733/733
f 734/734/734 733/733/733 735/735/735
f 736/736/736 734/734/734 735/735/735
f 733/733/733 737/737/737 735/735/735
f 738/738/738 736/736/736 735/735/735
f 739/739/739 738/738/738 735/735/735
f 740/740/740 739/739/739 735/735/735
f 741/741/741 740/740/740 735/735/735
f 742/742/742 741/741/741 735/735/735
f 737/737/737 743/743/743 735/735/735
f 743/743/743 742/742/742 735/735/735
f 744/744/744 742/742/742 743/743/743
f 745/745/745 744/744/744 743/743/743
f 744/744/744 745/745/745 746/746/746
f 747/747/747 744/744/744 746/746/746
f 747/747/747 746/746/746 748/748/748
f 749/749/749 747/747/747 748/748/748
f 746/746/746 750/750/750 748/748/748
f 751/751/751 749/749/749 748/748/748
f 752/752/752 751/751/751 748/748/748
f 753/753/753 752/752/752 748/748/748
f 754/754/754 753/753/753 748/748/748
f 755/755/755 754/754/754 748/748/748
f 750/750/750 756/756/756 748/748/748
f 756/756/756 755/755/755 748/748/748
f 757/757/757 755/755/755 756/756/756
f 758/758/758 757/757/757 756/756/756
f 757/757/757 758/758/758 759/759/759
f 760/760/760 757/757/757 759/759/759
f 760/760/760 759/759/759 761/761/761
f 762/762/762 760/760/760 761/761/761
f 759/759/759 763/763/763 761/761/761
f 764/764/764 762/762/762 761/761/761
f 765/765/765 764/764/764 761/761/761
f 766/766/766 765/765/765 761/761/761
f 767/767/767 766/766/766 761/761/761
f 768/768/768 767/767/767 761/761/761
f 763/763/763 769/769/769 761/761/761
f 769/769/769 768/768/768 761/761/761
f 770/770/770 768/768/768 769/769/769
f 771/771/771 770/770/770 769/769/769
f 770/770/770 771/771/771 772/772/772
f 773/773/773 770/770/770 772/772/772
f 773/773/773 772/772/772 774/774/774
f 775/775/775 773/773/773 774/774/774
f 772/772/772 776/776/776 774/774/774
f 777/777/777 775/775/775 774/774/774
f 778/778/778 777/777/777 774/774/774
f 779/779/779 778/778/778 774/774/774
f 780/780/780 779/779/779 774/774/774
f 781/781/781 780/780/780 774/774/774
f 776/776/776 782/782/782 774/774/774
f 782/782/782 781/781/781 774/774/774
f 783/783/783 781/781/781 782/782/782
f 784/784/784 783/783/783 782/782/782
f 783/783/783 784/784/784 785/785/785
f 786/786/786 783/783/783 785/785/785
f 786/786/786 785/785/785 787/787/787
f 788/788/788 786/786/786 787/787/787
f 785/785/785 789/789/789 787/787/787
f 790/790/790 788/788/788 787/787/787
f 791/791/791 790/790/790 787/787/787
f 792/792/792 791/791/791 787/787/787
f 793/793/793 792/792/792 787/787/787
f 794/794/794 793/793/793 787/787/787
f 789/789/789 795/795/795 787/787/787
f 795/795/795 794/794/794 787/787/787
f 796/796/796 794/794/794 795/795/795
f 797/797/797 796/796/796 795/795/795
f 796/796/796 797/797/797 798/798/798
f 799/799/799 796/796/796 798/798/798
f 799/799/799 798/798/798 800/800/800
f 801/801/801 799/799/799 800/800/800
f 798/798/798 802/802/802 800/800/800
f 803/803/803 801/801/801 800/800/800
f 804/804/804 803/803/803 800/800/800
f 805/805/805 804/804/804 800/800/800
f 806/806/806 805/805/805 800/800/800
f 807/807/807 806/806/806 800/800/800
f 802/802/802 808/808/808 800/800/800
f 808/808/808 807/807/807 800/800/800
f 809/809/809 807/807/807 808/808/808
f 810/810/810 809/809/809 808/808/808
f 809/809/809 810/810/810 811/811/811
f 812/812/812 809/809/809 811/811/811
f 812/812/812 811/811/811 813/813/813
f 814/814/814 812/812/812 813/813/813
f 811/811/811 815/815/815 813/813/813
f 816/816/816 814/814/814 813/813/813
f 815/815/815 680/680/680 813/813/813
f 817/817/817 816/816/816 813/813/813
f 680/680/680 682/682/682 813/813/813
f 818/818/818 817/817/817 813/813/813
f 682/682/682 819/819/819 813/813/813
f 819/819/819 818/818/818 813/813/813
f 822/822/822 821/821/821 820/820/820
f 821/821/821 823/823/823 820/820/820
f 823/823/823 824/824/824 820/820/820
f 825/825/825 821/821/821 822/822/822
f 824/824/824 823/823/823 826/826/826
f 827/827/827 821/821/821 825/825/825
f 826/826/826 823/823/823 828/828/828
f 829/829/829 821/821/821 827/827/827
f 828/828/828 823/823/823 830/830/830
f 831/831/831 821/821/821 829/829/829
f 832/832/832 821/821/821 831/831/831
f 832/832/832 833/833/833 821/821/821
f 833/833/833 823/823/823 821/821/821
f 830/830/830 823/823/823 834/834/834
f 835/835/835 823/823/823 833/833/833
f 834/834/834 823/823/823 835/835/835
f 838/838/838 837/837/837 836/836/836
f 837/837/837 839/839/839 836/836/836
f 839/839/839 840/840/840 836/836/836
f 841/841/841 837/837/837 838/838/838
f 840/840/840 839/839/839 842/842/842
f 843/843/843 837/837/837 841/841/841
f 842/842/842 839/839/839 844/844/844
f 845/845/845 837/837/837 843/843/843
f 844/844/844 839/839/839 846/846/846
f 847/847/847 837/837/837 845/845/845
f 848/848/848 837/837/837 847/847/847
f 848/848/848 849/849/849 837/837/837
f 849/849/849 839/839/839 837/837/837
f 846/846/846 839/839/839 850/850/850
f 851/851/851 839/839/839 849/849/849
f 850/850/850 839/839/839 851/851/851
f 854/854/854 853/853/853 852/852/852
f 853/853/853 855/855/855 852/852/852
f 855/855/855 856/856/856 852/852/852
f 857/857/857 853/853/853 854/854/854
f 856/856/856 855/855/855 858/858/858
f 859/859/859 853/853/853 857/857/857
f 858/858/858 855/855/855 860/860/860
f 861/861/861 853/853/853 859/859/859
f 860/860/860 855/855/855 862/862/862
f 863/863/863 853/853/853 861/861/861
f 864/864/864 853/853/853 863/863/863
f 864/864/864 865/865/865 853/853/853
f 865/865/865 855/855/855 853/853/853
f 862/862/862 855/855/855 866/866/866
f 867/867/867 855/855/855 865/865/865
f 866/866/866 855/855/855 867/867/867
f 870/870/870 869/869/869 868/868/868
f 871/871/871 870/870/870 868/868/868
f 869/869/869 872/872/872 868/868/868
f 873/873/873 871/871/871 868/868/868
f 872/872/872 874/874/874 868/868/868
f 875/875/875 873/873/873 868/868/868
f 874/874/874 876/876/876 868/868/868
f 877/877/877 875/875/875 868/868/868
f 876/876/876 878/878/878 868/868/868
f 879/879/879 877/877/877 868/868/868
f 878/878/878 880/880/880 868/868/868
f 880/880/880 879/879/879 868/868/868
f 883/883/883 882/882/882 881/881/881
f 884/884/884 883/883/883 881/881/881
f 881/881/881 882/882/882 885/885/885
f 886/886/886 883/883/883 884/884/884
f 882/882/882 887/887/887 885/885/885
f 888/888/888 886/886/886 884/884/884
f 885/885/885 887/887/887 889/889/889
f 890/890/890 886/886/886 888/888/888
f 887/887/887 891/891/891 889/889/889
f 892/892/892 890/890/890 888/888/888
f 889/889/889 891/891/891 893/893/893
f 894/894/894 890/890/890 892/892/892
f 891/891/891 895/895/895 893/893/893
f 896/896/896 894/894/894 892/892/892
f 893/893/893 895/895/895 897/897/897
f 898/898/898 894/894/894 896/896/896
f 895/895/895 899/899/899 897/897/897
f 900/900/900 898/898/898 896/896/896
f 897/897/897 899/899/899 901/901/901
f 902/902/902 898/898/898 900/900/900
f 899/899/899 903/903/903 901/901/901
f 904/904/904 902/902/902 900/900/900
f 901/901/901 903/903/903 904/904/904
f 903/903/903 902/902/902 904/904/904
f 907/907/907 906/906/906 905/905/905
f 908/908/908 907/907/907 905/905/905
f 905/905/905 906/906/906 909/909/909
f 910/910/910 907/907/907 908/908/908
f 906/906/906 911/911/911 909/909/909
f 912/912/912 910/910/910 908/908/908
f 909/909/909 911/911/911 913/913/913
f 914/914/914 910/910/910 912/912/912
f 911/911/911 915/915/915 913/913/913
f 916/916/916 914/914/914 912/912/912
f 913/913/913 915/915/915 917/917/917
f 918/918/918 914/914/914 916/916/916
f 915/915/915 919/919/919 917/917/917
f 920/920/920 918/918/918 916/916/916
f 917/917/917 919/919/919 921/921/921
f 922/922/922 918/918/918 920/920/920
f 919/919/919 923/923/923 921/921/921
f 924/924/924 922/922/922 920/920/920
f 921/921/921 923/923/923 925/925/925
f 926/926/926 922/922/922 924/924/924
f 923/923/923 927/927/927 925/925/925
f 928/928/928 926/926/926 924/924/924
f 925/925/925 927/927/927 928/928/928
f 927/927/927 926/926/926 928/928/928
usemtl RoboTHOR_Alarm_Clock_Tertiary1_Mat
f 931/931/931 930/930/930 929/929/929
f 930/930/930 932/932/932 929/929/929
f 932/932/932 933/933/933 929/929/929
f 934/934/934 930/930/930 931/931/931
f 933/933/933 932/932/932 935/935/935
f 936/936/936 930/930/930 934/934/934
f 935/935/935 932/932/932 937/937/937
f 938/938/938 930/930/930 936/936/936
f 937/937/937 932/932/932 939/939/939
f 940/940/940 930/930/930 938/938/938
f 941/941/941 930/930/930 940/940/940
f 941/941/941 942/942/942 930/930/930
f 942/942/942 932/932/932 930/930/930
f 939/939/939 932/932/932 943/943/943
f 944/944/944 932/932/932 942/942/942
f 943/943/943 932/932/932 944/944/944
usemtl Glass_White_Mat
f 947/947/947 946/946/946 945/945/945
f 948/948/948 947/947/947 945/945/945
f 948/948/948 945/945/945 949/949/949
f 950/950/950 948/948/948 949/949/949
f 950/950/950 949/949/949 951/951/951
f 952/952/952 950/950/950 951/951/951
f 952/952/952 951/951/951 953/953/953
f 954/954/954 952/952/952 953/953/953
f 955/955/955 954/954/954 953/953/953
f 956/956/956 955/955/955 953/953/953
f 957/957/957 955/955/955 956/956/956
f 958/958/958 957/957/957 956/956/956
f 959/959/959 957/957/957 958/958/958
f 960/960/960 959/959/959 958/958/958
f 961/961/961 959/959/959 960/960/960
f 962/962/962 961/961/961 960/960/960
f 965/965/965 964/964/964 963/963/963
f 964/964/964 966/966/966 963/963/963
f 964/964/964 967/967/967 966/966/966
f 967/967/967 968/968/968 966/966/966
f 968/968/968 967/967/967 969/969/969
f 967/967/967 970/970/970 969/969/969
f 969/969/969 970/970/970 971/971/971
f 970/970/970 972/972/972 971/971/971
f 975/975/975 974/974/974 973/973/973
f 976/976/976 975/975/975 973/973/973
f 977/977/977 975/975/975 976/976/976
f 978/978/978 977/977/977 976/976/976
f 977/977/977 978/978/978 979/979/979
f 980/980/980 977/977/977 979/979/979
f 980/980/980 979/979/979 981/981/981
f 982/982/982 980/980/980 981/981/981
f 985/985/985 984/984/984 983/983/983
f 984/984/984 986/986/986 983/983/983
f 983/983/983 986/986/986 987/987/987
f 986/986/986 988/988/988 987/987/987
f 987/987/987 988/988/988 989/989/989
f 988/988/988 990/990/990 989/989/989
f 989/989/989 990/990/990 991/991/991
f 990/990/990 992/992/992 991/991/991
f 992/992/992 993/993/993 991/991/991
f 993/993/993 994/994/994 991/991/991
f 993/993/993 995/995/995 994/994/994
f 995/995/995 996/996/996 994/994/994
f 995/995/995 997/997/997 996/996/996
f 997/997/997 998/998/998 996/996/996
f 997/997/997 999/999/999 998/998/998
f 999/999/999 1000/1000/1000 998/998/998
f 1003/1003/1003 1002/1002/1002 1001/1001/1001
f 1004/1004/1004 1003/1003/1003 1001/1001/1001
f 1002/1002/1002 1005/1005/1005 1001/1001/1001
f 1006/1006/1006 1004/1004/1004 1001/1001/1001
f 1005/1005/1005 1007/1007/1007 1001/1001/1001
f 1008/1008/1008 1006/1006/1006 1001/1001/1001
f 1007/1007/1007 1009/1009/1009 1001/1001/1001
f 1010/1010/1010 1008/1008/1008 1001/1001/1001
f 1009/1009/1009 1011/1011/1011 1001/1001/1001
f 1012/1012/1012 1010/1010/1010 1001/1001/1001
f 1011/1011/1011 1013/1013/1013 1001/1001/1001
f 1014/1014/1014 1012/1012/1012 1001/1001/1001
f 1013/1013/1013 1015/1015/1015 1001/1001/1001
f 1016/1016/1016 1014/1014/1014 1001/1001/1001
f 1015/1015/1015 1017/1017/1017 1001/1001/1001
f 1018/1018/1018 1016/1016/1016 1001/1001/1001
f 1017/1017/1017 1019/1019/1019 1001/1001/1001
f 1020/1020/1020 1018/1018/1018 1001/1001/1001
f 1019/1019/1019 1021/1021/1021 1001/1001/1001
f 1022/1022/1022 1020/1020/1020 1001/1001/1001
f 1021/1021/1021 1023/1023/1023 1001/1001/1001
f 1024/1024/1024 1022/1022/1022 1001/1001/1001
f 1023/1023/1023 1025/1025/1025 1001/1001/1001
f 1025/1025/1025 1024/1024/1024 1001/1001/1001
f 1028/1028/1028 1027/1027/1027 1026/1026/1026
f 1029/1029/1029 1028/1028/1028 1026/1026/1026
f 1027/1027/1027 1030/1030/1030 1026/1026/1026
f 1031/1031/1031 1029/1029/1029 1026/1026/1026
f 1030/1030/1030 1032/1032/1032 1026/1026/1026
f 1033/1033/1033 1031/1031/1031 1026/1026/1026
f 1032/1032/1032 1034/1034/1034 1026/1026/1026
f 1035/1035/1035 1033/1033/1033 1026/1026/1026
f 1034/1034/1034 1036/1036/1036 1026/1026/1026
f 1037/1037/1037 1035/1035/1035 1026/1026/1026
f 1036/1036/1036 1038/1038/1038 1026/1026/1026
f 1039/1039/1039 1037/1037/1037 1026/1026/1026
f 1038/1038/1038 1040/1040/1040 1026/1026/1026
f 1041/1041/1041 1039/1039/1039 1026/1026/1026
f 1040/1040/1040 1042/1042/1042 1026/1026/1026
f 1043/1043/1043 1041/1041/1041 1026/1026/1026
f 1042/1042/1042 1044/1044/1044 1026/1026/1026
f 1045/1045/1045 1043/1043/1043 1026/1026/1026
f 1044/1044/1044 1046/1046/1046 1026/1026/1026
f 1047/1047/1047 1045/1045/1045 1026/1026/1026
f 1046/1046/1046 1048/1048/1048 1026/1026/1026
f 1049/1049/1049 1047/1047/1047 1026/1026/1026
f 1048/1048/1048 1050/1050/1050 1026/1026/1026
f 1050/1050/1050 1049/1049/1049 1026/1026/1026
