mtllib Pan_30.mtl
v -0.001427612 0.0005660057 0.001428223
v -0.001427612 0.0005660057 -0.001428223
v 0.001427612 0.0005660057 -0.001428223
v -0.001427612 0.0005660057 0.001428223
v 0.001427612 0.0005660057 -0.001428223
v 0.001427612 0.0005660057 0.001428223
v 0.1123737 0.04340934 -0.1123743
v 0.09864593 0.007902973 -0.09864624
v 0.08416183 0.007947604 -0.1083521
v -0.1157031 0.0008015601 -6.103515E-07
v -0.1156953 0.0008015613 0.06987549
v -0.1129906 -8.583068E-08 0.06945312
v -0.08121444 0.04555644 -0.1339972
v -0.1015839 0.04551682 -0.1298523
v -0.100798 0.04443944 -0.1299683
v -0.08004303 0.04450157 -0.1341333
v -1.983643E-06 0.04557259 -0.1339697
v -0.08050445 0.04263548 -0.134165
v -0.1010327 0.04261234 -0.1300714
v 1.525879E-07 0.04451754 -0.1341272
v 0.08120911 0.04556678 -0.1339386
v 0 0.04263548 -0.134165
v -0.07045624 0.002925566 -0.1174194
v -0.08840484 0.002844945 -0.1138141
v -0.1184315 0.04258869 -0.1184314
v -0.1036261 0.002814178 -0.1036261
v 0 0.002925566 -0.1174194
v 0.08050445 0.04263548 -0.134165
v 0.07045608 0.002925565 -0.1174194
v 0.08840484 0.002844945 -0.1138141
v 0.08004211 0.0445118 -0.134118
v 0.1015575 0.04552848 -0.1297833
v 0.1007938 0.04445096 -0.1299524
v 0.1010324 0.04261234 -0.1300714
v 0.1036259 0.002814177 -0.1036261
v 0.1184315 0.04258869 -0.1184314
v -0.134476 0.04412511 -0.07946777
v -0.1301517 0.04532772 -0.1010425
v -0.1342967 0.04517577 -0.08063232
v -0.1303204 0.04425242 -0.100282
v -0.1187109 0.04545252 -0.1182922
v -0.1300716 0.04261234 -0.1010327
v -0.1184976 0.04435236 -0.1180798
v -0.1015839 0.04551682 -0.1298523
v -0.100798 0.04443944 -0.1299683
v -0.1010327 0.04261234 -0.1300714
v -0.1184315 0.04258869 -0.1184314
v -0.1036261 0.002814178 -0.1036261
v -0.1138142 0.002844945 -0.08840454
v -0.1122185 0.0007742351 -0.08746338
v -0.102301 0.0007633045 -0.102301
v -0.1343504 0.04501005 0.08179077
v -0.1302153 0.0447938 0.1020959
v -0.1303305 0.0437244 0.1013074
v -0.1344862 0.04396122 0.08061767
v -0.1343272 0.04510666 0.0005889892
v -0.1341653 0.04263548 0.08050476
v -0.1300716 0.04261234 0.1010327
v -0.1344847 0.04405676 0.0005834961
v -0.1342967 0.04517577 -0.08063232
v -0.134476 0.04412511 -0.07946777
v -0.1174193 0.002925565 0.07045654
v -0.1138142 0.002844945 0.08840454
v -0.1341653 0.04263548 0
v -0.1341653 0.04263548 -0.08050415
v -0.1300716 0.04261234 -0.1010327
v -0.1138142 0.002844945 -0.08840454
v -0.1174193 0.002925566 -0.07045654
v -0.1174193 0.002925566 0
v -0.1157031 0.0008015601 -6.103515E-07
v -0.1156953 0.0008015613 0.06987549
v -0.1122006 0.0007742204 0.08745544
v -0.102301 0.0007633045 0.102301
v 0.08121444 0.04461729 0.1347034
v 0.1015839 0.04459317 0.1305774
v 0.1007979 0.04352597 0.1306928
v 0.08004303 0.04357279 0.1348389
v 1.831055E-06 0.04464059 0.1346851
v 0.08050445 0.04263548 0.134165
v 0.1010324 0.04261234 0.1300714
v -1.525879E-07 0.04359583 0.1348419
v -0.08120911 0.04463521 0.1346545
v 0 0.04263548 0.134165
v 0.07045608 0.002925563 0.1174194
v 0.08840484 0.002844943 0.1138141
v 0.1184315 0.04258869 0.1184314
v 0.1036259 0.002814177 0.1036255
v 0 0.002925563 0.1174194
v -0.08050445 0.04263548 0.134165
v -0.07045624 0.002925564 0.1174194
v -0.08840484 0.002844942 0.1138141
v -0.08004196 0.04359052 0.134834
v -0.1015575 0.04461345 0.1305194
v -0.1007938 0.04354603 0.1306885
v -0.1010327 0.04261234 0.1300714
v -0.1036261 0.002814178 0.1036255
v -0.1184315 0.04258869 0.1184314
v -0.1187106 0.04463619 0.119129
v -0.1015575 0.04461345 0.1305194
v -0.1007938 0.04354603 0.1306885
v -0.1184975 0.04354503 0.1189148
v -0.1302153 0.0447938 0.1020959
v -0.1303305 0.0437244 0.1013074
v -0.1300716 0.04261234 0.1010327
v -0.1184315 0.04258869 0.1184314
v -0.1010327 0.04261234 0.1300714
v -0.1138142 0.002844945 0.08840454
v -0.1036261 0.002814178 0.1036255
v -0.102301 0.0007633045 0.102301
v 0.1007938 0.04445096 -0.1299524
v 0.1187106 0.04545319 -0.1182922
v 0.1015575 0.04552848 -0.1297833
v 0.1184975 0.04435302 -0.1180798
v 0.1184315 0.04258869 -0.1184314
v 0.1010324 0.04261234 -0.1300714
v 0.1184975 0.04435302 -0.1180798
v 0.1302155 0.04531619 -0.1010718
v 0.1187106 0.04545319 -0.1182922
v 0.1303305 0.04424101 -0.1002875
v 0.1343503 0.04516366 -0.0806372
v 0.1300716 0.04261234 -0.1010327
v 0.1184315 0.04258869 -0.1184314
v 0.1344862 0.04411313 -0.079469
v 0.1343271 0.0451065 0.0005847168
v 0.1138141 0.002844942 -0.08840454
v 0.1036259 0.002814177 -0.1036261
v 0.102301 0.0007633045 -0.102301
v 0.1122005 0.0007742192 -0.08745544
v 0.1174193 0.002925564 -0.07045654
v 0.1156953 0.0008015608 -0.06987549
v 0.1341653 0.04263548 -0.08050415
v 0.1344846 0.04405659 0.0005847168
v 0.1342967 0.0450262 0.0817865
v 0.1341653 0.04263548 0
v 0.1174193 0.002925563 0
v 0.1157031 0.0008015594 6.103515E-07
v 0.1344757 0.04397719 0.08061645
v 0.1301515 0.04481418 0.1020715
v 0.1341653 0.04263548 0.08050476
v 0.1174193 0.002925563 0.07045654
v 0.1157108 0.0008015579 0.06987671
v 0.1138141 0.002844943 0.08840454
v 0.1122186 0.0007742346 0.08746277
v 0.1303204 0.04374455 0.1013061
v 0.1187108 0.04463684 0.119129
v 0.1300716 0.04261234 0.1010327
v 0.1184315 0.04258869 0.1184314
v 0.1036259 0.002814177 0.1036255
v 0.102301 0.0007633045 0.102301
v 0.09585235 0.04339321 0.1234027
v 0.1123737 0.04340934 0.1123737
v 0.114113 0.04594684 0.1141125
v 0.09698181 0.04594684 0.1256067
v 0.07636017 0.0433499 0.1272583
v 0.07690979 0.04594684 0.1296142
v 0 0.0433499 0.1272583
v 1.678467E-06 0.04594684 0.129599
v -0.07636017 0.0433499 0.1272583
v -0.07690673 0.04594684 0.1295831
v -0.09585235 0.04339321 0.1234027
v -0.09696624 0.04594684 0.1255701
v -0.1123737 0.04340934 0.1123737
v -0.114113 0.04594684 0.1141125
v 0.1123737 0.04340934 0.1123737
v 0.1255701 0.04594684 0.09696594
v 0.114113 0.04594684 0.1141125
v 0.1234024 0.04339321 0.09585266
v 0.1295831 0.04594684 0.07690673
v 0.1234024 0.04339321 0.09585266
v 0.1272583 0.0433499 0.07635986
v 0.1295831 0.04594684 0.07690673
v 0.1295987 0.04594684 -1.831055E-06
v 0.1272583 0.0433499 0
v 0.1296142 0.04594684 -0.07690979
v 0.1272583 0.0433499 -0.07636047
v 0.1256073 0.04594684 -0.09698181
v 0.1234024 0.04339321 -0.09585266
v 0.114113 0.04594684 -0.1141125
v 0.1123737 0.04340934 -0.1123743
v 0.1123737 0.04340934 -0.1123743
v 0.0969661 0.04594684 -0.1255701
v 0.114113 0.04594684 -0.1141125
v 0.09585235 0.04339321 -0.1234027
v 0.07690673 0.04594684 -0.1295837
v 0.07636017 0.0433499 -0.1272583
v -0.09585235 0.04339321 -0.1234027
v -0.1123737 0.04340934 -0.1123743
v -0.114113 0.04594684 -0.1141125
v -0.09698166 0.04594684 -0.1256067
v -0.07636017 0.0433499 -0.1272583
v -0.07690979 0.04594684 -0.1296142
v 0 0.0433499 -0.1272583
v -1.525879E-06 0.04594684 -0.129599
v 0.07636017 0.0433499 -0.1272583
v 0.07690673 0.04594684 -0.1295837
v -0.1123737 0.04340934 -0.1123743
v -0.1255704 0.04594684 -0.09696594
v -0.114113 0.04594684 -0.1141125
v -0.1234026 0.04339321 -0.09585266
v -0.1295831 0.04594684 -0.07690673
v -0.1272584 0.0433499 -0.07636047
v -0.1295988 0.04594684 1.220703E-06
v -0.1272584 0.0433499 0
v -0.1296144 0.04594684 0.07690979
v -0.1272584 0.0433499 0.07635986
v -0.1256073 0.04594684 0.0969812
v -0.1234026 0.04339321 0.09585266
v -0.114113 0.04594684 0.1141125
v -0.1123737 0.04340934 0.1123737
v 0.09585235 0.04339321 0.1234027
v 0.09864593 0.007902977 0.09864624
v 0.1123737 0.04340934 0.1123737
v 0.08416183 0.007947604 0.1083521
v 0.07636017 0.0433499 0.1272583
v 0.06708725 0.008067544 0.1118042
v 0 0.008067544 0.1118042
v 0 0.0433499 0.1272583
v -0.07636017 0.0433499 0.1272583
v -0.0670874 0.008067544 0.1118042
v -0.09585235 0.04339321 0.1234027
v -0.08416198 0.007947604 0.1083521
v -0.1123737 0.04340934 0.1123737
v -0.09864624 0.007902971 0.09864624
v 0.1123737 0.04340934 0.1123737
v 0.1083519 0.007947604 0.08416198
v 0.1234024 0.04339321 0.09585266
v 0.09864593 0.007902977 0.09864624
v 0.09707916 0.005596558 0.09707946
v 0.1234024 0.04339321 -0.09585266
v 0.09864593 0.007902973 -0.09864624
v 0.1123737 0.04340934 -0.1123743
v 0.1083519 0.007947604 -0.08416259
v 0.1272583 0.0433499 -0.07636047
v 0.1064481 0.005617119 -0.08302856
v 0.09707916 0.005596556 -0.09707946
v 0.1097687 0.005670721 -0.06638183
v 0.1118048 0.008067544 -0.0670874
v 0.109778 0.00567072 1.220703E-06
v 0.1118048 0.008067544 0
v 0.1272583 0.0433499 0
v 0.1097873 0.005670717 0.06638306
v 0.1272583 0.0433499 0.07635986
v 0.1118048 0.008067544 0.0670874
v 0.1234024 0.04339321 0.09585266
v 0.1064699 0.005617137 0.08303772
v 0.1083519 0.007947604 0.08416198
v 0.09707916 0.005596558 0.09707946
v 0.1123737 0.04340934 -0.1123743
v 0.08416183 0.007947604 -0.1083521
v 0.09585235 0.04339321 -0.1234027
v 0.06708725 0.008067541 -0.1118048
v 0.07636017 0.0433499 -0.1272583
v 0 0.00806754 -0.1118048
v 0 0.0433499 -0.1272583
v -0.0670874 0.00806754 -0.1118048
v -0.07636017 0.0433499 -0.1272583
v -0.08416198 0.007947604 -0.1083521
v -0.09585235 0.04339321 -0.1234027
v -0.09864624 0.007902969 -0.09864624
v -0.1123737 0.04340934 -0.1123743
v -0.1234026 0.04339321 0.09585266
v -0.09864624 0.007902971 0.09864624
v -0.1123737 0.04340934 0.1123737
v -0.1083519 0.007947604 0.08416198
v -0.1272584 0.0433499 0.07635986
v -0.1064481 0.005617119 0.08302856
v -0.09707916 0.005596555 0.09707946
v -0.1097688 0.00567072 0.06638061
v -0.1118048 0.008067541 0.0670874
v -0.1272584 0.0433499 0
v -0.1097781 0.005670717 -1.220703E-06
v -0.1118048 0.00806754 0
v -0.1272584 0.0433499 -0.07636047
v -0.1097873 0.005670715 -0.06638306
v -0.1118048 0.00806754 -0.0670874
v -0.1234026 0.04339321 -0.09585266
v -0.10647 0.005617137 -0.08303833
v -0.1083519 0.007947604 -0.08416259
v -0.1123737 0.04340934 -0.1123743
v -0.09707916 0.005596553 -0.09707946
v -0.09864624 0.007902969 -0.09864624
v -0.0670874 0.008067544 0.1118042
v -0.08416198 0.007947604 0.1083521
v -0.08303802 0.005617137 0.1064697
v -0.09707916 0.005596555 0.09707946
v -0.09864624 0.007902971 0.09864624
v -0.08198608 0.004542199 0.1041064
v -0.06602722 0.004523295 0.1072278
v -0.06638306 0.005670717 0.109787
v -0.09523529 0.004563353 0.09523804
v -0.1064481 0.005617119 0.08302856
v -0.1040768 0.004550442 0.08197571
v -0.1097688 0.00567072 0.06638061
v -0.1072031 0.00453115 0.06602417
v -0.1097781 0.005670717 -1.220703E-06
v -0.1072024 0.004500736 -1.831055E-06
v -0.1097873 0.005670715 -0.06638306
v -0.1072276 0.004523292 -0.06602783
v -0.10647 0.005617137 -0.08303833
v -0.1041064 0.004542203 -0.08198608
v -0.09707916 0.005596553 -0.09707946
v -0.09523804 0.004563372 -0.09523559
v -0.08302902 0.005617119 -0.1064484
v -0.09864624 0.007902969 -0.09864624
v -0.08197556 0.00455046 -0.1040765
v -0.06638122 0.00567072 -0.1097687
v -0.06602401 0.004531149 -0.1072034
v -0.0670874 0.008067544 0.1118042
v -0.08303802 0.005617137 0.1064697
v -0.06638306 0.005670717 0.109787
v 0 0.008067544 0.1118042
v -9.155273E-07 0.00567072 0.1097778
v 0.06708725 0.008067544 0.1118042
v -1.373291E-06 0.00450075 0.1072021
v -0.06602722 0.004523295 0.1072278
v 0.06602386 0.004531152 0.1072034
v 0.06638122 0.005670721 0.1097687
v 0.08416183 0.007947604 0.1083521
v 0.08197525 0.004550431 0.1040771
v 0.08302887 0.005617119 0.1064477
v 0.09864593 0.007902977 0.09864624
v 0.09523819 0.004563343 0.09523559
v 0.09707916 0.005596558 0.09707946
v 0.09707916 0.005596556 -0.09707946
v 0.08416183 0.007947604 -0.1083521
v 0.09864593 0.007902973 -0.09864624
v 0.08303802 0.005617137 -0.1064697
v 0.06708725 0.008067541 -0.1118048
v 0.06638306 0.005670715 -0.1097876
v 0 0.00806754 -0.1118048
v 7.629394E-07 0.005670717 -0.1097778
v -0.0670874 0.00806754 -0.1118048
v -0.06638122 0.00567072 -0.1097687
v -0.08416198 0.007947604 -0.1083521
v -0.08302902 0.005617119 -0.1064484
v -0.09864624 0.007902969 -0.09864624
v -0.06602401 0.004531149 -0.1072034
v 1.373291E-06 0.004500743 -0.1072021
v 0.06602722 0.004523295 -0.1072278
v 0.08198593 0.004542197 -0.1041064
v 0.09523529 0.00456336 -0.09523804
v 0.1064481 0.005617119 -0.08302856
v 0.1040765 0.004550463 -0.08197509
v 0.1097687 0.005670721 -0.06638183
v 0.1072029 0.004531175 -0.06602417
v 0.102301 0.0007633045 0.102301
v 0.08840484 0.002844943 0.1138141
v 0.1036259 0.002814177 0.1036255
v 0.08745544 0.0007742197 0.1122009
v 0.07045608 0.002925563 0.1174194
v -0.1157106 0.0008015588 -0.06987671
v -0.1122185 0.0007742351 -0.08746338
v -0.1138142 0.002844945 -0.08840454
v -0.1174193 0.002925566 -0.07045654
v -0.1157031 0.0008015601 -6.103515E-07
v -0.07045624 0.002925564 0.1174194
v 0 0.002925563 0.1174194
v -7.629394E-07 0.0008015594 0.1157031
v -0.06987686 0.0008015582 0.1157104
v -0.08840484 0.002844942 0.1138141
v -0.08746292 0.0007742344 0.1122186
v -0.1036261 0.002814178 0.1036255
v -0.102301 0.0007633045 0.102301
v -0.08840484 0.002844945 -0.1138141
v -0.1036261 0.002814178 -0.1036261
v -0.102301 0.0007633045 -0.102301
v -0.08745544 0.00077422 -0.1122009
v -0.07045624 0.002925566 -0.1174194
v -0.06987518 0.0008015615 -0.1156958
v 0 0.002925566 -0.1174194
v 6.103515E-07 0.0008015601 -0.1157031
v 0.07045608 0.002925565 -0.1174194
v 0.06987671 0.0008015586 -0.1157104
v 0.08840484 0.002844945 -0.1138141
v 0.08746292 0.0007742353 -0.112218
v 0.1036259 0.002814177 -0.1036261
v 0.102301 0.0007633045 -0.102301
v 0 -8.583068E-08 0
v 0 -8.583068E-08 -0.07089538
v -0.07089569 -8.583068E-08 -0.07089538
v -0.07089569 -8.583068E-08 0
v 0.09707916 0.005596558 0.09707946
v 0.09523819 0.004563343 0.09523559
v 0.1041064 0.004542198 0.08198608
v 0.1064699 0.005617137 0.08303772
v 0.1072276 0.004523301 0.06602722
v 0.1097873 0.005670717 0.06638306
v 0.1072021 0.004500754 1.220703E-06
v 0.109778 0.00567072 1.220703E-06
v 0.1072029 0.004531175 -0.06602417
v 0.1097687 0.005670721 -0.06638183
v 0.006623077 0.00452975 -0.1009265
v 0.01026703 0.005147178 -0.1020435
v 0.00690033 0.005147178 -0.1006488
v 0.01026703 0.00452975 -0.1024359
v 0.01363342 0.005147178 -0.1006488
v 0.01391083 0.00452975 -0.1009265
v 0.01541992 0.00452975 0.09748657
v 0.01391083 0.00452975 0.1011304
v 0.01363342 0.005147178 0.1008527
v 0.01502777 0.005147178 0.09748657
v 0.01502777 0.005147178 -0.09728272
v 0.01541992 0.00452975 -0.09728272
v 0.01391083 0.00452975 -0.1009265
v 0.01363342 0.005147178 -0.1006488
v 0.01391083 0.005670609 -0.09728272
v 0.01284347 0.005670609 -0.0998584
v 0.01026703 0.005147178 -0.1020435
v 0.01026703 0.005670609 -0.1009265
v 0.00690033 0.005147178 -0.1006488
v 0.01284347 0.005670609 0.1000629
v 0.01391083 0.005670609 0.09748657
v 0.01223892 0.006020353 -0.09728272
v 0.01166122 0.006020353 -0.09867676
v 0.01026703 0.005670609 0.1011304
v 0.01026703 0.005147178 0.1022473
v 0.007690277 0.005670609 0.1000629
v 0.00690033 0.005147178 0.1008527
v 0.01166122 0.006020353 0.09888061
v 0.01223892 0.006020353 0.09748657
v 0.01026703 0.006143168 -0.09728272
v 0.01026703 0.006020353 -0.09925476
v 0.01026703 0.006020353 0.09945861
v 0.01026703 0.006143168 0.09748657
v 0.008872528 0.006020353 0.09888061
v 0.007690277 0.005670609 -0.0998584
v 0.008872528 0.006020353 -0.09867676
v 0.00829483 0.006020353 0.09748657
v 0.00829483 0.006020353 -0.09728272
v 0.006623077 0.005670609 -0.09728272
v 0.006623077 0.005670609 0.09748657
v 0.005505829 0.005147178 -0.09728272
v 0.005505829 0.005147178 0.09748657
v 0.006623077 0.00452975 0.1011304
v 0.00511383 0.00452975 0.09748657
v 0.00511383 0.00452975 -0.09728272
v 0.006623077 0.00452975 -0.1009265
v 0.01391083 0.00452975 0.1011304
v 0.01026703 0.005147178 0.1022473
v 0.01363342 0.005147178 0.1008527
v 0.01026703 0.00452975 0.1026398
v 0.00690033 0.005147178 0.1008527
v 0.006623077 0.00452975 0.1011304
v 0.02647369 0.00452975 -0.1009265
v 0.03011749 0.005147178 -0.1020435
v 0.0267511 0.005147178 -0.1006488
v 0.03011749 0.00452975 -0.1024359
v 0.03348389 0.005147178 -0.1006488
v 0.03376129 0.00452975 -0.1009265
v 0.03527069 0.00452975 0.09748657
v 0.03376129 0.00452975 0.1011304
v 0.03348389 0.005147178 0.1008527
v 0.03487839 0.005147178 0.09748657
v 0.03487839 0.005147178 -0.09728272
v 0.03527069 0.00452975 -0.09728272
v 0.03376129 0.00452975 -0.1009265
v 0.03348389 0.005147178 -0.1006488
v 0.03376129 0.005670609 -0.09728272
v 0.03269409 0.005670609 -0.0998584
v 0.03011749 0.005147178 -0.1020435
v 0.03011749 0.005670609 -0.1009265
v 0.0267511 0.005147178 -0.1006488
v 0.03269409 0.005670609 0.1000629
v 0.03376129 0.005670609 0.09748657
v 0.03208954 0.006020353 -0.09728272
v 0.03151184 0.006020353 -0.09867676
v 0.03011749 0.005670609 0.1011304
v 0.03011749 0.005147178 0.1022473
v 0.02754089 0.005670609 0.1000629
v 0.0267511 0.005147178 0.1008527
v 0.03151184 0.006020353 0.09888061
v 0.03208954 0.006020353 0.09748657
v 0.03011749 0.006143168 -0.09728272
v 0.03011749 0.006020353 -0.09925476
v 0.03011749 0.006020353 0.09945861
v 0.03011749 0.006143168 0.09748657
v 0.02872314 0.006020353 0.09888061
v 0.02754089 0.005670609 -0.0998584
v 0.02872314 0.006020353 -0.09867676
v 0.02814545 0.006020353 0.09748657
v 0.02814545 0.006020353 -0.09728272
v 0.02647369 0.005670609 -0.09728272
v 0.02647369 0.005670609 0.09748657
v 0.02535645 0.005147178 -0.09728272
v 0.02535645 0.005147178 0.09748657
v 0.02647369 0.00452975 0.1011304
v 0.02496429 0.00452975 0.09748657
v 0.02496429 0.00452975 -0.09728272
v 0.02647369 0.00452975 -0.1009265
v 0.03376129 0.00452975 0.1011304
v 0.03011749 0.005147178 0.1022473
v 0.03348389 0.005147178 0.1008527
v 0.03011749 0.00452975 0.1026398
v 0.0267511 0.005147178 0.1008527
v 0.02647369 0.00452975 0.1011304
v 0.04761245 0.00452975 -0.1009265
v 0.05125641 0.005147178 -0.1020435
v 0.04788971 0.005147178 -0.1006488
v 0.05125641 0.00452975 -0.1024359
v 0.0546228 0.005147178 -0.1006488
v 0.05490021 0.00452975 -0.1009265
v 0.0564096 0.00452975 0.09748657
v 0.05490021 0.00452975 0.1011304
v 0.0546228 0.005147178 0.1008527
v 0.05601715 0.005147178 0.09748657
v 0.05601715 0.005147178 -0.09728272
v 0.0564096 0.00452975 -0.09728272
v 0.05490021 0.00452975 -0.1009265
v 0.0546228 0.005147178 -0.1006488
v 0.05490021 0.005670609 -0.09728272
v 0.05383286 0.005670609 -0.0998584
v 0.05125641 0.005147178 -0.1020435
v 0.05125641 0.005670609 -0.1009265
v 0.04788971 0.005147178 -0.1006488
v 0.05383286 0.005670609 0.1000629
v 0.05490021 0.005670609 0.09748657
v 0.0532283 0.006020353 -0.09728272
v 0.05265076 0.006020353 -0.09867676
v 0.05125641 0.005670609 0.1011304
v 0.05125641 0.005147178 0.1022473
v 0.04867966 0.005670609 0.1000629
v 0.04788971 0.005147178 0.1008527
v 0.05265076 0.006020353 0.09888061
v 0.0532283 0.006020353 0.09748657
v 0.05125641 0.006143168 -0.09728272
v 0.05125641 0.006020353 -0.09925476
v 0.05125641 0.006020353 0.09945861
v 0.05125641 0.006143168 0.09748657
v 0.04986191 0.006020353 0.09888061
v 0.04867966 0.005670609 -0.0998584
v 0.04986191 0.006020353 -0.09867676
v 0.04928421 0.006020353 0.09748657
v 0.04928421 0.006020353 -0.09728272
v 0.04761245 0.005670609 -0.09728272
v 0.04761245 0.005670609 0.09748657
v 0.04649521 0.005147178 -0.09728272
v 0.04649521 0.005147178 0.09748657
v 0.04761245 0.00452975 0.1011304
v 0.04610306 0.00452975 0.09748657
v 0.04610306 0.00452975 -0.09728272
v 0.04761245 0.00452975 -0.1009265
v 0.05490021 0.00452975 0.1011304
v 0.05125641 0.005147178 0.1022473
v 0.0546228 0.005147178 0.1008527
v 0.05125641 0.00452975 0.1026398
v 0.04788971 0.005147178 0.1008527
v 0.04761245 0.00452975 0.1011304
v 0.06968521 0.00452975 -0.09875854
v 0.07332901 0.005147178 -0.09987549
v 0.06996261 0.005147178 -0.09848022
v 0.07332901 0.00452975 -0.1002679
v 0.07669555 0.005147178 -0.09848022
v 0.0769728 0.00452975 -0.09875854
v 0.0784822 0.00452975 0.09594421
v 0.0769728 0.00452975 0.09958862
v 0.07669555 0.005147178 0.09931091
v 0.0780899 0.005147178 0.09594421
v 0.0780899 0.005147178 -0.09511413
v 0.0784822 0.00452975 -0.09511413
v 0.0769728 0.00452975 -0.09875854
v 0.07669555 0.005147178 -0.09848022
v 0.0769728 0.005670609 -0.09511413
v 0.07590561 0.005670609 -0.09769043
v 0.07332901 0.005147178 -0.09987549
v 0.07332901 0.005670609 -0.09875854
v 0.06996261 0.005147178 -0.09848022
v 0.07590561 0.005670609 0.09852111
v 0.0769728 0.005670609 0.09594421
v 0.0753009 0.006020353 -0.09511413
v 0.07472351 0.006020353 -0.09650879
v 0.07332901 0.005670609 0.09958862
v 0.07332901 0.005147178 0.1007056
v 0.07075256 0.005670609 0.09852111
v 0.06996261 0.005147178 0.09931091
v 0.07472351 0.006020353 0.09733886
v 0.0753009 0.006020353 0.09594421
v 0.07332901 0.006143168 -0.09511413
v 0.07332901 0.006020353 -0.09708618
v 0.07332901 0.006020353 0.09791626
v 0.07332901 0.006143168 0.09594421
v 0.07193451 0.006020353 0.09733886
v 0.07075256 0.005670609 -0.09769043
v 0.07193451 0.006020353 -0.09650879
v 0.07135696 0.006020353 0.09594421
v 0.07135696 0.006020353 -0.09511413
v 0.06968521 0.005670609 -0.09511413
v 0.06968521 0.005670609 0.09594421
v 0.06856811 0.005147178 -0.09511413
v 0.06856811 0.005147178 0.09594421
v 0.06968521 0.00452975 0.09958862
v 0.06817581 0.00452975 0.09594421
v 0.06817581 0.00452975 -0.09511413
v 0.06968521 0.00452975 -0.09875854
v 0.0769728 0.00452975 0.09958862
v 0.07332901 0.005147178 0.1007056
v 0.07669555 0.005147178 0.09931091
v 0.07332901 0.00452975 0.1010974
v 0.06996261 0.005147178 0.09931091
v 0.06968521 0.00452975 0.09958862
v 0.09007904 0.00452975 -0.09119689
v 0.09372299 0.005147178 -0.09231384
v 0.0903566 0.005147178 -0.09091919
v 0.09372299 0.00452975 -0.0927063
v 0.09708939 0.005147178 -0.09091919
v 0.09736694 0.00452975 -0.09119689
v 0.09887619 0.00452975 0.08672119
v 0.09736694 0.00452975 0.09036499
v 0.09708939 0.005147178 0.09008789
v 0.09848388 0.005147178 0.08672119
v 0.09848388 0.005147178 -0.0875531
v 0.09887619 0.00452975 -0.0875531
v 0.09736694 0.00452975 -0.09119689
v 0.09708939 0.005147178 -0.09091919
v 0.09736694 0.005670609 -0.0875531
v 0.09629944 0.005670609 -0.09012939
v 0.09372299 0.005147178 -0.09231384
v 0.09372299 0.005670609 -0.09119689
v 0.0903566 0.005147178 -0.09091919
v 0.09629944 0.005670609 0.08929809
v 0.09736694 0.005670609 0.08672119
v 0.09569503 0.006020353 -0.0875531
v 0.09511734 0.006020353 -0.08894775
v 0.09372299 0.005670609 0.09036499
v 0.09372299 0.005147178 0.09148193
v 0.09114639 0.005670609 0.08929809
v 0.0903566 0.005147178 0.09008789
v 0.09511734 0.006020353 0.08811584
v 0.09569503 0.006020353 0.08672119
v 0.09372299 0.006143168 -0.0875531
v 0.09372299 0.006020353 -0.08952514
v 0.09372299 0.006020353 0.08869324
v 0.09372299 0.006143168 0.08672119
v 0.09232849 0.006020353 0.08811584
v 0.09114639 0.005670609 -0.09012939
v 0.09232849 0.006020353 -0.08894775
v 0.0917511 0.006020353 0.08672119
v 0.0917511 0.006020353 -0.0875531
v 0.09007904 0.005670609 -0.0875531
v 0.09007904 0.005670609 0.08672119
v 0.08896209 0.005147178 -0.0875531
v 0.08896209 0.005147178 0.08672119
v 0.09007904 0.00452975 0.09036499
v 0.08856964 0.00452975 0.08672119
v 0.08856964 0.00452975 -0.0875531
v 0.09007904 0.00452975 -0.09119689
v 0.09736694 0.00452975 0.09036499
v 0.09372299 0.005147178 0.09148193
v 0.09708939 0.005147178 0.09008789
v 0.09372299 0.00452975 0.09187439
v 0.0903566 0.005147178 0.09008789
v 0.09007904 0.00452975 0.09036499
v -0.006623077 0.00452975 -0.1009265
v -0.006900482 0.005147178 -0.1006488
v -0.01026688 0.005147178 -0.1020435
v -0.01026688 0.00452975 -0.1024359
v -0.01363342 0.005147178 -0.1006488
v -0.01391083 0.00452975 -0.1009265
v -0.01542007 0.00452975 0.09748657
v -0.01363342 0.005147178 0.1008527
v -0.01391083 0.00452975 0.1011304
v -0.01502777 0.005147178 0.09748657
v -0.01502777 0.005147178 -0.09728272
v -0.01542007 0.00452975 -0.09728272
v -0.01391083 0.00452975 -0.1009265
v -0.01363342 0.005147178 -0.1006488
v -0.01391083 0.005670609 -0.09728272
v -0.01284347 0.005670609 -0.0998584
v -0.01026688 0.005147178 -0.1020435
v -0.01026688 0.005670609 -0.1009265
v -0.006900482 0.005147178 -0.1006488
v -0.01284347 0.005670609 0.1000629
v -0.01391083 0.005670609 0.09748657
v -0.01223892 0.006020353 -0.09728272
v -0.01166122 0.006020353 -0.09867676
v -0.01026688 0.005670609 0.1011304
v -0.01026688 0.005147178 0.1022473
v -0.00769043 0.005670609 0.1000629
v -0.006900482 0.005147178 0.1008527
v -0.01166122 0.006020353 0.09888061
v -0.01223892 0.006020353 0.09748657
v -0.01026688 0.006143168 -0.09728272
v -0.01026688 0.006020353 -0.09925476
v -0.01026688 0.006020353 0.09945861
v -0.01026688 0.006143168 0.09748657
v -0.008872528 0.006020353 0.09888061
v -0.00769043 0.005670609 -0.0998584
v -0.008872528 0.006020353 -0.09867676
v -0.00829483 0.006020353 0.09748657
v -0.00829483 0.006020353 -0.09728272
v -0.006623077 0.005670609 -0.09728272
v -0.006623077 0.005670609 0.09748657
v -0.005505981 0.005147178 -0.09728272
v -0.005505981 0.005147178 0.09748657
v -0.006623077 0.00452975 0.1011304
v -0.00511383 0.00452975 0.09748657
v -0.00511383 0.00452975 -0.09728272
v -0.006623077 0.00452975 -0.1009265
v -0.01391083 0.00452975 0.1011304
v -0.01363342 0.005147178 0.1008527
v -0.01026688 0.005147178 0.1022473
v -0.01026688 0.00452975 0.1026398
v -0.006900482 0.005147178 0.1008527
v -0.006623077 0.00452975 0.1011304
v -0.02647369 0.00452975 -0.1009265
v -0.0267511 0.005147178 -0.1006488
v -0.03011749 0.005147178 -0.1020435
v -0.03011749 0.00452975 -0.1024359
v -0.03348389 0.005147178 -0.1006488
v -0.03376129 0.00452975 -0.1009265
v -0.03527069 0.00452975 0.09748657
v -0.03348389 0.005147178 0.1008527
v -0.03376129 0.00452975 0.1011304
v -0.03487839 0.005147178 0.09748657
v -0.03487839 0.005147178 -0.09728272
v -0.03527069 0.00452975 -0.09728272
v -0.03376129 0.00452975 -0.1009265
v -0.03348389 0.005147178 -0.1006488
v -0.03376129 0.005670609 -0.09728272
v -0.03269409 0.005670609 -0.0998584
v -0.03011749 0.005147178 -0.1020435
v -0.03011749 0.005670609 -0.1009265
v -0.0267511 0.005147178 -0.1006488
v -0.03269409 0.005670609 0.1000629
v -0.03376129 0.005670609 0.09748657
v -0.03208954 0.006020353 -0.09728272
v -0.03151184 0.006020353 -0.09867676
v -0.03011749 0.005670609 0.1011304
v -0.03011749 0.005147178 0.1022473
v -0.02754089 0.005670609 0.1000629
v -0.0267511 0.005147178 0.1008527
v -0.03151184 0.006020353 0.09888061
v -0.03208954 0.006020353 0.09748657
v -0.03011749 0.006143168 -0.09728272
v -0.03011749 0.006020353 -0.09925476
v -0.03011749 0.006020353 0.09945861
v -0.03011749 0.006143168 0.09748657
v -0.02872314 0.006020353 0.09888061
v -0.02754089 0.005670609 -0.0998584
v -0.02872314 0.006020353 -0.09867676
v -0.02814545 0.006020353 0.09748657
v -0.02814545 0.006020353 -0.09728272
v -0.02647369 0.005670609 -0.09728272
v -0.02647369 0.005670609 0.09748657
v -0.02535645 0.005147178 -0.09728272
v -0.02535645 0.005147178 0.09748657
v -0.02647369 0.00452975 0.1011304
v -0.02496429 0.00452975 0.09748657
v -0.02496429 0.00452975 -0.09728272
v -0.02647369 0.00452975 -0.1009265
v -0.03376129 0.00452975 0.1011304
v -0.03348389 0.005147178 0.1008527
v -0.03011749 0.005147178 0.1022473
v -0.03011749 0.00452975 0.1026398
v -0.0267511 0.005147178 0.1008527
v -0.02647369 0.00452975 0.1011304
v -0.04761245 0.00452975 -0.1009265
v -0.04788986 0.005147178 -0.1006488
v -0.05125641 0.005147178 -0.1020435
v -0.05125641 0.00452975 -0.1024359
v -0.0546228 0.005147178 -0.1006488
v -0.05490021 0.00452975 -0.1009265
v -0.05640945 0.00452975 0.09748657
v -0.0546228 0.005147178 0.1008527
v -0.05490021 0.00452975 0.1011304
v -0.05601715 0.005147178 0.09748657
v -0.05601715 0.005147178 -0.09728272
v -0.05640945 0.00452975 -0.09728272
v -0.05490021 0.00452975 -0.1009265
v -0.0546228 0.005147178 -0.1006488
v -0.05490021 0.005670609 -0.09728272
v -0.05383286 0.005670609 -0.0998584
v -0.05125641 0.005147178 -0.1020435
v -0.05125641 0.005670609 -0.1009265
v -0.04788986 0.005147178 -0.1006488
v -0.05383286 0.005670609 0.1000629
v -0.05490021 0.005670609 0.09748657
v -0.0532283 0.006020353 -0.09728272
v -0.05265076 0.006020353 -0.09867676
v -0.05125641 0.005670609 0.1011304
v -0.05125641 0.005147178 0.1022473
v -0.04867981 0.005670609 0.1000629
v -0.04788986 0.005147178 0.1008527
v -0.05265076 0.006020353 0.09888061
v -0.0532283 0.006020353 0.09748657
v -0.05125641 0.006143168 -0.09728272
v -0.05125641 0.006020353 -0.09925476
v -0.05125641 0.006020353 0.09945861
v -0.05125641 0.006143168 0.09748657
v -0.04986191 0.006020353 0.09888061
v -0.04867981 0.005670609 -0.0998584
v -0.04986191 0.006020353 -0.09867676
v -0.04928421 0.006020353 0.09748657
v -0.04928421 0.006020353 -0.09728272
v -0.04761245 0.005670609 -0.09728272
v -0.04761245 0.005670609 0.09748657
v -0.04649536 0.005147178 -0.09728272
v -0.04649536 0.005147178 0.09748657
v -0.04761245 0.00452975 0.1011304
v -0.04610306 0.00452975 0.09748657
v -0.04610306 0.00452975 -0.09728272
v -0.04761245 0.00452975 -0.1009265
v -0.05490021 0.00452975 0.1011304
v -0.0546228 0.005147178 0.1008527
v -0.05125641 0.005147178 0.1022473
v -0.05125641 0.00452975 0.1026398
v -0.04788986 0.005147178 0.1008527
v -0.04761245 0.00452975 0.1011304
v -0.06968521 0.00452975 -0.09875854
v -0.06996261 0.005147178 -0.09848022
v -0.07332901 0.005147178 -0.09987549
v -0.07332901 0.00452975 -0.1002679
v -0.07669555 0.005147178 -0.09848022
v -0.07697296 0.00452975 -0.09875854
v -0.0784822 0.00452975 0.09594421
v -0.07669555 0.005147178 0.09931091
v -0.07697296 0.00452975 0.09958862
v -0.0780899 0.005147178 0.09594421
v -0.0780899 0.005147178 -0.09511413
v -0.0784822 0.00452975 -0.09511413
v -0.07697296 0.00452975 -0.09875854
v -0.07669555 0.005147178 -0.09848022
v -0.07697296 0.005670609 -0.09511413
v -0.07590561 0.005670609 -0.09769043
v -0.07332901 0.005147178 -0.09987549
v -0.07332901 0.005670609 -0.09875854
v -0.06996261 0.005147178 -0.09848022
v -0.07590561 0.005670609 0.09852111
v -0.07697296 0.005670609 0.09594421
v -0.07530105 0.006020353 -0.09511413
v -0.07472351 0.006020353 -0.09650879
v -0.07332901 0.005670609 0.09958862
v -0.07332901 0.005147178 0.1007056
v -0.07075256 0.005670609 0.09852111
v -0.06996261 0.005147178 0.09931091
v -0.07472351 0.006020353 0.09733886
v -0.07530105 0.006020353 0.09594421
v -0.07332901 0.006143168 -0.09511413
v -0.07332901 0.006020353 -0.09708618
v -0.07332901 0.006020353 0.09791626
v -0.07332901 0.006143168 0.09594421
v -0.07193466 0.006020353 0.09733886
v -0.07075256 0.005670609 -0.09769043
v -0.07193466 0.006020353 -0.09650879
v -0.07135696 0.006020353 0.09594421
v -0.07135696 0.006020353 -0.09511413
v -0.06968521 0.005670609 -0.09511413
v -0.06968521 0.005670609 0.09594421
v -0.06856811 0.005147178 -0.09511413
v -0.06856811 0.005147178 0.09594421
v -0.06968521 0.00452975 0.09958862
v -0.06817581 0.00452975 0.09594421
v -0.06817581 0.00452975 -0.09511413
v -0.06968521 0.00452975 -0.09875854
v -0.07697296 0.00452975 0.09958862
v -0.07669555 0.005147178 0.09931091
v -0.07332901 0.005147178 0.1007056
v -0.07332901 0.00452975 0.1010974
v -0.06996261 0.005147178 0.09931091
v -0.06968521 0.00452975 0.09958862
v -0.09007904 0.00452975 -0.09119689
v -0.0903566 0.005147178 -0.09091919
v -0.09372299 0.005147178 -0.09231384
v -0.09372299 0.00452975 -0.0927063
v -0.09708954 0.005147178 -0.09091919
v -0.09736694 0.00452975 -0.09119689
v -0.09887619 0.00452975 0.08672119
v -0.09708954 0.005147178 0.09008789
v -0.09736694 0.00452975 0.09036499
v -0.09848388 0.005147178 0.08672119
v -0.09848388 0.005147178 -0.0875531
v -0.09887619 0.00452975 -0.0875531
v -0.09736694 0.00452975 -0.09119689
v -0.09708954 0.005147178 -0.09091919
v -0.09736694 0.005670609 -0.0875531
v -0.09629959 0.005670609 -0.09012939
v -0.09372299 0.005147178 -0.09231384
v -0.09372299 0.005670609 -0.09119689
v -0.0903566 0.005147178 -0.09091919
v -0.09629959 0.005670609 0.08929809
v -0.09736694 0.005670609 0.08672119
v -0.09569503 0.006020353 -0.0875531
v -0.09511734 0.006020353 -0.08894775
v -0.09372299 0.005670609 0.09036499
v -0.09372299 0.005147178 0.09148193
v -0.09114639 0.005670609 0.08929809
v -0.0903566 0.005147178 0.09008789
v -0.09511734 0.006020353 0.08811584
v -0.09569503 0.006020353 0.08672119
v -0.09372299 0.006143168 -0.0875531
v -0.09372299 0.006020353 -0.08952514
v -0.09372299 0.006020353 0.08869324
v -0.09372299 0.006143168 0.08672119
v -0.09232849 0.006020353 0.08811584
v -0.09114639 0.005670609 -0.09012939
v -0.09232849 0.006020353 -0.08894775
v -0.09175094 0.006020353 0.08672119
v -0.09175094 0.006020353 -0.0875531
v -0.09007904 0.005670609 -0.0875531
v -0.09007904 0.005670609 0.08672119
v -0.08896209 0.005147178 -0.0875531
v -0.08896209 0.005147178 0.08672119
v -0.09007904 0.00452975 0.09036499
v -0.08856979 0.00452975 0.08672119
v -0.08856979 0.00452975 -0.0875531
v -0.09007904 0.00452975 -0.09119689
v -0.09736694 0.00452975 0.09036499
v -0.09708954 0.005147178 0.09008789
v -0.09372299 0.005147178 0.09148193
v -0.09372299 0.00452975 0.09187439
v -0.0903566 0.005147178 0.09008789
v -0.09007904 0.00452975 0.09036499
v 0.009229736 0.03910248 -0.1534216
v 0.007258301 0.04089609 -0.1325769
v 0.007259521 0.04089965 -0.1534216
v 0.009227905 0.03910077 -0.1316559
v 0.009832459 0.03725537 -0.1534216
v 0.009830628 0.03725541 -0.1307086
v 0.007259521 0.04089965 -0.1534216
v 0.007258301 0.04089609 -0.1325769
v 0.004000244 0.042222 -0.1332587
v 0.00400116 0.04222686 -0.1534216
v 0 0.0427066 -0.1335071
v 0 0.04271192 -0.1534216
v -0.004000091 0.042222 -0.1332587
v -0.004000854 0.04222686 -0.1534216
v -0.007258148 0.04089609 -0.1325769
v -0.007259521 0.04089965 -0.1534216
v -0.007259521 0.04089965 -0.1534216
v -0.007258148 0.04089609 -0.1325769
v -0.0092276 0.03910068 -0.1316559
v -0.009229584 0.03910253 -0.1534216
v -0.009229584 0.03910253 -0.1534216
v -0.0092276 0.03910068 -0.1316559
v -0.009830322 0.03725541 -0.1307086
v -0.009832153 0.03725537 -0.1534216
v -0.0092276 0.03541005 -0.1297607
v -0.009229584 0.03540825 -0.1534216
v -0.009229584 0.03540825 -0.1534216
v -0.0092276 0.03541005 -0.1297607
v -0.007258148 0.03361464 -0.1288391
v -0.007259521 0.03361108 -0.1534216
v -0.007259521 0.03361108 -0.1534216
v -0.007258148 0.03361464 -0.1288391
v -0.004000091 0.03228873 -0.128158
v -0.004000854 0.03228392 -0.1534216
v 0 0.03180413 -0.1279095
v 0 0.03179881 -0.1534216
v 0.004000244 0.03228873 -0.128158
v 0.00400116 0.03228392 -0.1534216
v 0.007258301 0.03361464 -0.1288391
v 0.007259521 0.03361108 -0.1534216
v 0.007259521 0.03361108 -0.1534216
v 0.007258301 0.03361464 -0.1288391
v 0.009227905 0.03541005 -0.1297607
v 0.009229736 0.03540825 -0.1534216
v 0.009830628 0.03725541 -0.1307086
v 0.009832459 0.03725537 -0.1534216
v 0.1324905 0.04594684 0.08077636
v 0.1295987 0.04594684 -1.831055E-06
v 0.132512 0.04594684 -2.441406E-06
v 0.1325336 0.04594684 -0.08078125
v 0.1295831 0.04594684 0.07690673
v 0.1296142 0.04594684 -0.07690979
v 0.1256073 0.04594684 -0.09698181
v 0.1285065 0.04594684 -0.1006946
v 0.114113 0.04594684 -0.1141125
v 0.1173254 0.04594684 -0.1173254
v 0.0969661 0.04594684 -0.1255701
v 0.1006718 0.04594684 -0.1284534
v 0.07690673 0.04594684 -0.1295837
v 0.08077667 0.04594684 -0.1324902
v -1.525879E-06 0.04594684 -0.129599
v -2.13623E-06 0.04594684 -0.1325122
v -0.07690979 0.04594684 -0.1296142
v -0.08078095 0.04594684 -0.132533
v -0.09698166 0.04594684 -0.1256067
v -0.100694 0.04594684 -0.1285065
v -0.114113 0.04594684 -0.1141125
v -0.1173256 0.04594684 -0.1173254
v -0.1255704 0.04594684 -0.09696594
v -0.1284534 0.04594684 -0.100672
v -0.1295831 0.04594684 -0.07690673
v -0.1324904 0.04594684 -0.08077697
v -0.1295988 0.04594684 1.220703E-06
v -0.1325122 0.04594684 2.441406E-06
v -0.1296144 0.04594684 0.07690979
v -0.1325336 0.04594684 0.08078125
v -0.1256073 0.04594684 0.0969812
v -0.1285065 0.04594684 0.100694
v -0.114113 0.04594684 0.1141125
v -0.1173256 0.04594684 0.1173254
v -0.09696624 0.04594684 0.1255701
v -0.100672 0.04594684 0.1284534
v -0.07690673 0.04594684 0.1295831
v -0.08077667 0.04594684 0.1324902
v 1.678467E-06 0.04594684 0.129599
v -0.1343504 0.04501005 0.08179077
v -0.1302153 0.0447938 0.1020959
v -0.1343272 0.04510666 0.0005889892
v -0.1187106 0.04463619 0.119129
v -0.1325122 0.04594684 2.441406E-06
v -0.1015575 0.04461345 0.1305194
v -0.1342967 0.04517577 -0.08063232
v -0.1324904 0.04594684 -0.08077697
v -0.1301517 0.04532772 -0.1010425
v -0.1284534 0.04594684 -0.100672
v -0.1187109 0.04545252 -0.1182922
v -0.1173256 0.04594684 -0.1173254
v -0.1015839 0.04551682 -0.1298523
v -0.100694 0.04594684 -0.1285065
v -0.08121444 0.04555644 -0.1339972
v -0.08078095 0.04594684 -0.132533
v -1.983643E-06 0.04557259 -0.1339697
v -2.13623E-06 0.04594684 -0.1325122
v 0.08120911 0.04556678 -0.1339386
v 0.08077667 0.04594684 -0.1324902
v 0.1015575 0.04552848 -0.1297833
v 0.1006718 0.04594684 -0.1284534
v 0.1187106 0.04545319 -0.1182922
v 0.1173254 0.04594684 -0.1173254
v 0.1302155 0.04531619 -0.1010718
v 0.1285065 0.04594684 -0.1006946
v 0.1343503 0.04516366 -0.0806372
v 0.1325336 0.04594684 -0.08078125
v 0.1343271 0.0451065 0.0005847168
v 0.132512 0.04594684 -2.441406E-06
v 0.1342967 0.0450262 0.0817865
v 0.1324905 0.04594684 0.08077636
v 0.1301515 0.04481418 0.1020715
v 0.1284532 0.04594684 0.100672
v 0.1187108 0.04463684 0.119129
v 0.1173254 0.04594684 0.1173254
v 0.1015839 0.04459317 0.1305774
v 0.1006938 0.04594684 0.1285065
v 0.08121444 0.04461729 0.1347034
v 0.08078095 0.04594684 0.1325336
v 1.831055E-06 0.04464059 0.1346851
v 1.983643E-06 0.04594684 0.1325122
v -0.08120911 0.04463521 0.1346545
v 0.07690979 0.04594684 0.1296142
v 0.09698181 0.04594684 0.1256067
v 0.114113 0.04594684 0.1141125
v 0.1255701 0.04594684 0.09696594
v 0.1303204 0.04374455 0.1013061
v 0.1184975 0.04354568 0.1189148
v 0.1187108 0.04463684 0.119129
v 0.1184315 0.04258869 0.1184314
v 0.1015839 0.04459317 0.1305774
v 0.1010324 0.04261234 0.1300714
v 0.1007979 0.04352597 0.1306928
v 0.1060872 0.004642038 0.08280945
v 0.06595612 0.004642027 0.03957641
v 0.1093768 0.004642038 0.06624024
v 0.1093655 0.004642038 1.220703E-06
v 0.06394806 0.004642027 0.04967163
v 0 0.004642027 0
v 0.09676041 0.004642037 0.09676025
v 0.06595612 0.004642027 0
v 0.06595612 0.004642027 -0.0395758
v 0.1093542 0.004642038 -0.06623779
v 0.06394806 0.004642027 -0.04967102
v 0.1060605 0.004642038 -0.08279907
v 0.05822952 0.004642027 -0.05822998
v 0.09676041 0.004642037 -0.09676025
v 0.04967133 0.004642027 -0.06394836
v 0.08280929 0.004642038 -0.1060876
v 0.03957626 0.004642027 -0.06595581
v 0.06623993 0.004642038 -0.1093768
v 0.04967133 0.004642027 0.06394775
v 0 0.004642027 -0.06595581
v 1.068115E-06 0.004642038 -0.1093652
v -0.03957641 0.004642027 -0.06595581
v -0.06623764 0.004642038 -0.1093549
v -0.04967148 0.004642027 -0.06394836
v -0.08279846 0.004642038 -0.1060602
v -0.05822967 0.004642027 -0.05822998
v -0.09676041 0.004642037 -0.09676025
v -0.06394806 0.004642027 -0.04967102
v -0.106087 0.004642038 -0.08280884
v -0.06595626 0.004642027 -0.0395758
v -0.1093768 0.004642039 -0.06623963
v -0.1093657 0.004642038 -1.220703E-06
v -0.06595626 0.004642027 0
v -0.1093545 0.004642039 0.06623779
v -0.06595626 0.004642027 0.03957641
v -0.06394806 0.004642027 0.04967163
v -0.1060608 0.004642038 0.08279846
v -0.05822967 0.004642027 0.05822998
v -0.09676041 0.004642037 0.09676025
v -0.04967148 0.004642027 0.06394775
v -0.08280945 0.004642038 0.106087
v 0 0.004642027 0.06595642
v -0.03957641 0.004642027 0.06595642
v -0.06623993 0.004642039 0.1093768
v -1.068115E-06 0.004642038 0.1093658
v 0.06623749 0.004642038 0.1093542
v 0.03957626 0.004642027 0.06595642
v 0.08279831 0.004642038 0.1060608
v 0.05822952 0.004642027 0.05822998
v -0.1157031 0.0008015601 -6.103515E-07
v -0.1129906 -8.583068E-08 0.06945312
v -0.1130183 -8.583068E-08 -2.441406E-06
v -0.1157106 0.0008015588 -0.06987671
v -0.113046 -8.583068E-08 -0.06945923
v -0.1122185 0.0007742351 -0.08746338
v -0.1097336 -8.583068E-08 -0.08632813
v -0.102301 0.0007633045 -0.102301
v -0.1003587 -8.583068E-08 -0.1003589
v -0.08745544 0.00077422 -0.1122009
v -0.08630127 -8.583068E-08 -0.109668
v -0.06987518 0.0008015615 -0.1156958
v -0.06945373 -8.583068E-08 -0.1129907
v 6.103515E-07 0.0008015601 -0.1157031
v -0.07089569 -8.583068E-08 -0.07089538
v -0.07089569 -8.583068E-08 0
v 0 -8.583068E-08 -0.07089538
v 2.593994E-06 -8.583068E-08 -0.1130188
v 0.06987671 0.0008015586 -0.1157104
v -0.07089569 -8.583068E-08 0.07089538
v 0.06945892 -8.583068E-08 -0.1130457
v 0.08746292 0.0007742353 -0.112218
v 0.07089569 -8.583068E-08 -0.07089538
v 0.08632828 -8.583068E-08 -0.1097339
v 0.102301 0.0007633045 -0.102301
v 0.1003586 -8.583068E-08 -0.1003589
v 0.1122005 0.0007742192 -0.08745544
v 0.1096677 -8.583068E-08 -0.08630127
v 0.1156953 0.0008015608 -0.06987549
v 0.1129904 -8.583068E-08 -0.06945312
v 0.1157031 0.0008015594 6.103515E-07
v 0.1130182 -8.583068E-08 2.441406E-06
v 0.1157108 0.0008015579 0.06987671
v 0.07089569 -8.583068E-08 0
v 0 -8.583068E-08 0
v 0.07089569 -8.583068E-08 0.07089538
v 0.113046 -8.583068E-08 0.06945923
v 0.1122186 0.0007742346 0.08746277
v 0.1097334 -8.583068E-08 0.08632813
v 0.102301 0.0007633045 0.102301
v 0.1003586 -8.583068E-08 0.1003589
v 0.08745544 0.0007742197 0.1122009
v 0.08630112 -8.583068E-08 0.109668
v 0 -8.583068E-08 0.07089538
v 0.06987518 0.0008015606 0.1156952
v 0.07045608 0.002925563 0.1174194
v 0 0.002925563 0.1174194
v -7.629394E-07 0.0008015594 0.1157031
v 0.06945373 -8.583068E-08 0.1129907
v -2.746582E-06 -8.583068E-08 0.1130188
v -0.06987686 0.0008015582 0.1157104
v -0.06945923 -8.583068E-08 0.1130457
v -0.08746292 0.0007742344 0.1122186
v -0.1003587 -8.583068E-08 0.1003589
v -0.08632843 -8.583068E-08 0.1097339
v -0.102301 0.0007633045 0.102301
v -0.1122006 0.0007742204 0.08745544
v -0.1096677 -8.583068E-08 0.08630127
v -0.1156953 0.0008015613 0.06987549
v -0.002402344 0.04099182 -0.1263904
v -0.001745453 0.04052603 -0.1251971
v -0.002824097 0.0391651 -0.1246033
v -0.003887177 0.03911866 -0.1255737
v 0 0.0417073 -0.1267029
v -0.002824097 0.03748289 -0.123869
v -0.003887177 0.03680331 -0.1245642
v 0 0.04104586 -0.1254236
v 0.002402496 0.04099182 -0.1263904
v -0.001745453 0.03612197 -0.1232758
v -0.002402344 0.03493015 -0.1237463
v 0.001745453 0.04052603 -0.1251971
v 0.003887177 0.03911866 -0.1255737
v 0 0.03560214 -0.1230493
v 0 0.03421468 -0.1234338
v 0.002824249 0.0391651 -0.1246033
v 0.003887177 0.03680331 -0.1245642
v 0.001745453 0.03612197 -0.1232758
v 0.002402496 0.03493016 -0.1237463
v 0.002824249 0.03748289 -0.123869
v -0.0009176636 0.03739939 -0.123197
v 0 0.0371261 -0.1230786
v 0 0.03863737 -0.1235181
v -0.001484833 0.03811488 -0.1235083
v 0.0009176636 0.03739939 -0.123197
v 0.00148468 0.03811488 -0.1235083
v -0.001484833 0.03899926 -0.1238953
v 0.00148468 0.03899926 -0.1238953
v -0.0009176636 0.03971474 -0.1242072
v 0.0009176636 0.03971474 -0.1242072
v 0 0.03998803 -0.1243262
v -0.001427612 0.0005660057 0.001428223
v -0.001427612 0.0005660057 -0.001428223
v 0.001427612 0.0005660057 -0.001428223
v -0.001427612 0.0005660057 0.001428223
v 0.001427612 0.0005660057 -0.001428223
v 0.001427612 0.0005660057 0.001428223
v 0.002406769 0.03371361 -0.3002862
v 0.007663879 0.03258407 -0.2939642
v 0.004447327 0.03454462 -0.3002862
v 0.005027771 0.02986324 -0.288136
v 0.003524475 0.0311519 -0.2919769
v 0.00929718 0.03159136 -0.288136
v 0.005907593 0.02877027 -0.2823077
v 0.01093018 0.0307267 -0.2823077
v 0.004860382 0.02959172 -0.2057715
v 0.008049316 0.03234924 -0.1996613
v 0.00898056 0.03138991 -0.2057715
v 0.003886414 0.03153626 -0.1946222
v 0.007182617 0.03287745 -0.1946142
v 0.0070578 0.03295349 -0.1893396
v 0.005810699 0.03872252 -0.3002862
v 0.007663879 0.04192692 -0.2939642
v 0.004447327 0.0399662 -0.3002862
v 0.01001343 0.03978372 -0.2939642
v 0.006289368 0.0372555 -0.3002862
v 0.01083847 0.0372555 -0.2939642
v 0.00929718 0.04291964 -0.288136
v 0.01316238 0.0372555 -0.288136
v 0.01215652 0.0403248 -0.288136
v 0.01093018 0.04378429 -0.2823077
v 0.0154863 0.0372555 -0.2823077
v 0.01429962 0.04082365 -0.2823077
v 0.0127066 0.04431267 -0.2616016
v 0.01796967 0.0372555 -0.2616016
v 0.01660187 0.04123667 -0.2616016
v 0.01274902 0.0443373 -0.2371728
v 0.01802963 0.0372555 -0.2371728
v 0.0166571 0.04125134 -0.2371728
v 0.01054123 0.04398329 -0.2175244
v 0.01490738 0.03725545 -0.2175244
v 0.01377258 0.04092532 -0.2175244
v 0.00898056 0.04312104 -0.2057715
v 0.01173355 0.0404299 -0.2057715
v 0.01270035 0.03725545 -0.2057715
v 0.008049621 0.0426927 -0.1996613
v 0.01051193 0.03990951 -0.199646
v 0.01137787 0.0372555 -0.199646
v 0.01015976 0.0372555 -0.194602
v 0.009386596 0.03962537 -0.194602
v 0.007182617 0.04216445 -0.1946124
v 0.0070578 0.0420883 -0.1893396
v 0.009221343 0.0395837 -0.1893396
v 0.009981385 0.03725545 -0.1893396
v 0.007717285 0.0419593 -0.182417
v 0.0100827 0.03980116 -0.182417
v 0.01091354 0.03725546 -0.182417
v 0.008136291 0.0422147 -0.1734045
v 0.01063034 0.03993938 -0.1734045
v 0.01150604 0.03725546 -0.1734045
v 0.008414307 0.04238424 -0.1648309
v 0.0109938 0.04003113 -0.1648309
v 0.008454742 0.04240886 -0.1534216
v 0.01189972 0.03725548 -0.1648309
v 0.0110466 0.04004448 -0.1534216
v 0.01195663 0.03725545 -0.1534216
v 0.004447327 0.0399662 -0.3002862
v 0.007663879 0.04192692 -0.2939642
v 0.003524475 0.04335909 -0.2919769
v 0.00929718 0.04291964 -0.288136
v 0.005027771 0.04464775 -0.288136
v 0.01093018 0.04378429 -0.2823077
v 0.005907593 0.04574072 -0.2823077
v 0.0127066 0.04431267 -0.2616016
v 0.006876831 0.04628145 -0.2616016
v 0.01274902 0.0443373 -0.2371728
v 0 0.04640127 -0.2817541
v 0.006899719 0.04631175 -0.2371728
v 0.01054123 0.04398329 -0.2175244
v 0 0.04702526 -0.2616016
v -0.00590744 0.04574072 -0.2823077
v 0 0.04705787 -0.2371728
v 0.005704803 0.0460113 -0.2175244
v 0 0.04673271 -0.2175244
v 0 0.04555064 -0.2057715
v 0.004860382 0.04491919 -0.2057715
v 0.00898056 0.04312104 -0.2057715
v 0 0.04494974 -0.1996747
v 0.004357758 0.04442056 -0.199671
v 0.008049621 0.0426927 -0.1996613
v 0.003886719 0.04422641 -0.1946216
v 0.007182617 0.04216445 -0.1946124
v 0.003819733 0.04412794 -0.1893396
v 0 0.04459106 -0.1893396
v 0 0.0443148 -0.182417
v 0.0070578 0.0420883 -0.1893396
v 0.004176483 0.04380842 -0.182417
v 0.007717285 0.0419593 -0.182417
v 0.004403381 0.04373503 -0.1734045
v 0.008136291 0.0422147 -0.1734045
v 0.004553833 0.04395654 -0.1648309
v 0.008414307 0.04238424 -0.1648309
v 0.0045755 0.0439887 -0.1534216
v 0.008454742 0.04240886 -0.1534216
v 0.004447327 0.0399662 -0.3002862
v 0.003524475 0.04335909 -0.2919769
v 0.002406769 0.04079721 -0.3002869
v 0 0.04386188 -0.2935211
v 0 0.04108904 -0.3002869
v -0.002406769 0.04079721 -0.3002869
v -0.003524475 0.04335909 -0.2919769
v -0.007663879 0.04192692 -0.2939642
v -0.004447174 0.0399662 -0.3002862
v -0.005027466 0.04464775 -0.288136
v -0.009297027 0.04291964 -0.288136
v -0.00590744 0.04574072 -0.2823077
v -0.01093018 0.04378429 -0.2823077
v -0.006876526 0.04628145 -0.2616016
v 0 0.04702526 -0.2616016
v -0.0127063 0.04431267 -0.2616016
v 0 0.04705787 -0.2371728
v -0.006899566 0.04631175 -0.2371728
v -0.01274872 0.0443373 -0.2371728
v 0 0.04673271 -0.2175244
v -0.005704651 0.0460113 -0.2175244
v -0.01054077 0.04398329 -0.2175244
v -0.008980407 0.04312104 -0.2057715
v -0.004859924 0.04491923 -0.2057715
v 0 0.04555064 -0.2057715
v -0.008049011 0.04269253 -0.1996613
v -0.004357453 0.04442047 -0.1996704
v 0 0.04494974 -0.1996747
v -0.003886414 0.04422636 -0.1946222
v -0.007182312 0.04216433 -0.1946142
v -0.007057648 0.04208832 -0.1893396
v 1.525879E-07 0.04469715 -0.1946252
v 0.003886719 0.04422641 -0.1946216
v 0 0.04459106 -0.1893396
v -0.00381958 0.04412794 -0.1893396
v -0.00771698 0.0419593 -0.182417
v -0.00417633 0.04380843 -0.182417
v -0.008135987 0.04221471 -0.1734045
v 0 0.0443148 -0.182417
v -0.004403076 0.04373503 -0.1734045
v -0.008414001 0.04238424 -0.1648309
v 0 0.0442689 -0.1734045
v 0.004176483 0.04380842 -0.182417
v 0.004403381 0.04373503 -0.1734045
v -0.004553528 0.04395654 -0.1648309
v -0.008454285 0.04240886 -0.1534216
v -0.0045755 0.0439887 -0.1534216
v 0 0.04450865 -0.1648309
v 0.004553833 0.04395654 -0.1648309
v 0 0.04454346 -0.1534216
v 0.0045755 0.0439887 -0.1534216
v -0.005810394 0.03872252 -0.3002862
v -0.01083847 0.0372555 -0.2939642
v -0.006289368 0.0372555 -0.3002862
v -0.01001343 0.03978372 -0.2939642
v -0.004447174 0.0399662 -0.3002862
v -0.007663879 0.04192692 -0.2939642
v -0.009297027 0.04291964 -0.288136
v -0.01215652 0.0403248 -0.288136
v -0.01316223 0.0372555 -0.288136
v -0.01093018 0.04378429 -0.2823077
v -0.01429962 0.04082365 -0.2823077
v -0.01548614 0.0372555 -0.2823077
v -0.0127063 0.04431267 -0.2616016
v -0.01660187 0.04123667 -0.2616016
v -0.01796951 0.0372555 -0.2616016
v -0.01274872 0.0443373 -0.2371728
v -0.0166571 0.04125134 -0.2371728
v -0.01802963 0.0372555 -0.2371728
v -0.01054077 0.04398329 -0.2175244
v -0.01377243 0.04092532 -0.2175244
v -0.01490723 0.03725545 -0.2175244
v -0.01270035 0.03725545 -0.2057715
v -0.01173355 0.0404299 -0.2057715
v -0.008980407 0.04312104 -0.2057715
v -0.01137772 0.0372555 -0.199646
v -0.01051178 0.03990951 -0.199646
v -0.008049011 0.04269253 -0.1996613
v -0.007182312 0.04216433 -0.1946142
v -0.009386444 0.03962537 -0.194602
v -0.01015976 0.0372555 -0.194602
v -0.009981079 0.03725548 -0.1893396
v -0.009221343 0.0395837 -0.1893396
v -0.007057648 0.04208832 -0.1893396
v -0.01091354 0.03725546 -0.182417
v -0.0100827 0.03980117 -0.182417
v -0.00771698 0.0419593 -0.182417
v -0.01150604 0.03725547 -0.1734045
v -0.01063019 0.0399394 -0.1734045
v -0.008135987 0.04221471 -0.1734045
v -0.01189941 0.03725548 -0.1648309
v -0.01099365 0.04003115 -0.1648309
v -0.01195648 0.03725545 -0.1534216
v -0.008414001 0.04238424 -0.1648309
v -0.01104645 0.04004448 -0.1534216
v -0.008454285 0.04240886 -0.1534216
v -0.005810394 0.03578848 -0.3002862
v -0.007663879 0.03258407 -0.2939642
v -0.004447174 0.03454462 -0.3002862
v -0.01001343 0.03472727 -0.2939642
v -0.006289368 0.0372555 -0.3002862
v -0.01083847 0.0372555 -0.2939642
v -0.01316223 0.0372555 -0.288136
v -0.01215652 0.03418619 -0.288136
v -0.009297027 0.03159136 -0.288136
v -0.01548614 0.0372555 -0.2823077
v -0.01429962 0.03368734 -0.2823077
v -0.01093018 0.0307267 -0.2823077
v -0.01796951 0.0372555 -0.2616016
v -0.01660172 0.03327416 -0.2616016
v -0.0127063 0.03019815 -0.2616016
v -0.01802963 0.0372555 -0.2371728
v -0.0166571 0.03325956 -0.2371728
v -0.01274902 0.03017361 -0.2371728
v -0.01490723 0.03725545 -0.2175244
v -0.01377243 0.03358559 -0.2175244
v -0.01054077 0.0305277 -0.2175244
v -0.008980407 0.03138991 -0.2057715
v -0.01173355 0.03408105 -0.2057715
v -0.01270035 0.03725545 -0.2057715
v -0.008049164 0.03234907 -0.1996613
v -0.01051224 0.03460131 -0.1996478
v -0.01137772 0.0372555 -0.199646
v -0.01015976 0.0372555 -0.194602
v -0.009386749 0.0348855 -0.1946002
v -0.007182312 0.03287736 -0.1946124
v -0.007057648 0.03295349 -0.1893396
v -0.009221343 0.03492725 -0.1893396
v -0.009981079 0.03725548 -0.1893396
v -0.00771698 0.03255163 -0.182417
v -0.0100827 0.03470977 -0.182417
v -0.01091354 0.03725546 -0.182417
v -0.008135987 0.03229621 -0.1734045
v -0.01063019 0.03457153 -0.1734045
v -0.01150604 0.03725547 -0.1734045
v -0.008414154 0.03212668 -0.1648309
v -0.01099365 0.0344798 -0.1648309
v -0.00845459 0.03210205 -0.1534216
v -0.01189941 0.03725548 -0.1648309
v -0.01104645 0.03446647 -0.1534216
v -0.01195648 0.03725545 -0.1534216
v 0.002406769 0.03371361 -0.3002862
v 0.003524475 0.0311519 -0.2919769
v 0.007663879 0.03258407 -0.2939642
v 0 0.03342178 -0.3002862
v 0 0.03064894 -0.2935211
v -0.002406769 0.03371361 -0.3002862
v -0.003524475 0.0311519 -0.2919769
v -0.004447174 0.03454462 -0.3002862
v -0.007663879 0.03258407 -0.2939642
v -0.009297027 0.03159136 -0.288136
v -0.005027466 0.02986324 -0.288136
v -0.01093018 0.0307267 -0.2823077
v -0.00590744 0.02877027 -0.2823077
v -0.0127063 0.03019815 -0.2616016
v -0.006876526 0.02822937 -0.2616016
v -0.01274902 0.03017361 -0.2371728
v 0 0.02810955 -0.2817541
v -0.006899566 0.02819924 -0.2371728
v -0.01054077 0.0305277 -0.2175244
v 0 0.02748573 -0.2616016
v 0.005907593 0.02877027 -0.2823077
v 0.006876831 0.02822937 -0.2616016
v 0.01093018 0.0307267 -0.2823077
v 0.0127066 0.03019815 -0.2616016
v 0 0.02745303 -0.2371728
v 0.006899719 0.02819924 -0.2371728
v 0.01274902 0.03017361 -0.2371728
v -0.005704651 0.02849969 -0.2175244
v 0.005704803 0.02849969 -0.2175244
v 0.01054123 0.0305277 -0.2175244
v 0.00898056 0.03138991 -0.2057715
v 0.004860382 0.02959172 -0.2057715
v 0 0.02777829 -0.2175244
v -0.004859924 0.02959172 -0.2057715
v -0.008980407 0.03138991 -0.2057715
v 0 0.0289603 -0.2057715
v -0.004357605 0.03084296 -0.199671
v -0.008049164 0.03234907 -0.1996613
v -0.007182312 0.03287736 -0.1946124
v 0.004357605 0.03084304 -0.1996704
v 0.008049316 0.03234924 -0.1996613
v 0.003886414 0.03153626 -0.1946222
v 0 0.03031377 -0.1996747
v -0.003886414 0.03153621 -0.1946216
v 1.525879E-07 0.03106547 -0.1946252
v 0.003819733 0.03163466 -0.1893396
v 0.0070578 0.03295349 -0.1893396
v 0.007717285 0.03255163 -0.182417
v 0.004176483 0.0311096 -0.182417
v 0.008136291 0.03229621 -0.1734045
v 0 0.03117154 -0.1893396
v -0.00381958 0.03163466 -0.1893396
v -0.007057648 0.03295349 -0.1893396
v 0 0.03060324 -0.182417
v -0.00417633 0.03110961 -0.182417
v -0.00771698 0.03255163 -0.182417
v 0 0.03024204 -0.1734045
v -0.004403076 0.0307759 -0.1734045
v -0.008135987 0.03229621 -0.1734045
v 0 0.03000227 -0.1648309
v -0.00455368 0.03055439 -0.1648309
v 0 0.02996744 -0.1534216
v -0.008414154 0.03212668 -0.1648309
v -0.0045755 0.03052221 -0.1534216
v -0.00845459 0.03210205 -0.1534216
v 0.005810699 0.03578848 -0.3002862
v 0.01083847 0.0372555 -0.2939642
v 0.006289368 0.0372555 -0.3002862
v 0.01001343 0.03472727 -0.2939642
v 0.004447327 0.03454462 -0.3002862
v 0.007663879 0.03258407 -0.2939642
v 0.00929718 0.03159136 -0.288136
v 0.01215652 0.03418619 -0.288136
v 0.01316238 0.0372555 -0.288136
v 0.01093018 0.0307267 -0.2823077
v 0.01429962 0.03368734 -0.2823077
v 0.0154863 0.0372555 -0.2823077
v 0.0127066 0.03019815 -0.2616016
v 0.01660187 0.03327416 -0.2616016
v 0.01796967 0.0372555 -0.2616016
v 0.01274902 0.03017361 -0.2371728
v 0.0166571 0.03325956 -0.2371728
v 0.01802963 0.0372555 -0.2371728
v 0.01054123 0.0305277 -0.2175244
v 0.01377258 0.03358559 -0.2175244
v 0.01490738 0.03725545 -0.2175244
v 0.01270035 0.03725545 -0.2057715
v 0.01173355 0.03408105 -0.2057715
v 0.00898056 0.03138991 -0.2057715
v 0.01137787 0.0372555 -0.199646
v 0.01051193 0.03460148 -0.199646
v 0.008049316 0.03234924 -0.1996613
v 0.007182617 0.03287745 -0.1946142
v 0.009386596 0.03488558 -0.194602
v 0.01015976 0.0372555 -0.194602
v 0.009981385 0.03725545 -0.1893396
v 0.009221343 0.03492725 -0.1893396
v 0.0070578 0.03295349 -0.1893396
v 0.01091354 0.03725546 -0.182417
v 0.0100827 0.03470977 -0.182417
v 0.007717285 0.03255163 -0.182417
v 0.01150604 0.03725546 -0.1734045
v 0.01063034 0.03457153 -0.1734045
v 0.008136291 0.03229621 -0.1734045
v 0.01189972 0.03725548 -0.1648309
v 0.0109938 0.0344798 -0.1648309
v 0.01195663 0.03725545 -0.1534216
v 0.008414307 0.03212668 -0.1648309
v 0.0110466 0.03446647 -0.1534216
v 0.008454742 0.03210205 -0.1534216
v 0 0.03000227 -0.1648309
v 0 0.02996744 -0.1534216
v 0.0045755 0.03052221 -0.1534216
v 0.004553833 0.03055439 -0.1648309
v 0.008454742 0.03210205 -0.1534216
v 0 0.03024204 -0.1734045
v 0.008414307 0.03212668 -0.1648309
v 0.004403381 0.03077588 -0.1734045
v 0.008136291 0.03229621 -0.1734045
v 0 0.03060324 -0.182417
v 0.004176483 0.0311096 -0.182417
v 0 0.03117154 -0.1893396
v 0.003819733 0.03163466 -0.1893396
v 1.525879E-07 0.03106547 -0.1946252
v 0.00220932 0.04026832 -0.2904614
v 0 0.04220655 -0.2921387
v 0.00273529 0.04215711 -0.2910669
v 0 0.04028532 -0.2914288
v -0.002735138 0.04215711 -0.2910669
v 0.00220932 0.03424267 -0.2904614
v -0.002209167 0.04026832 -0.2904614
v 0 0.0342255 -0.2914288
v 0.00273529 0.03235371 -0.2910669
v -0.002209167 0.03424267 -0.2904614
v 0 0.03230444 -0.2921387
v -0.002735138 0.03235371 -0.2910669
v 0 0.04640127 -0.2817541
v 0.004489593 0.04291758 -0.2836536
v 0.005907593 0.04574072 -0.2823077
v 0 0.04295998 -0.2831781
v -0.00590744 0.04574072 -0.2823077
v -0.004489441 0.04291758 -0.2836536
v -0.003703003 0.04029424 -0.2844006
v 0 0.04029699 -0.2838464
v 0.003703003 0.04029424 -0.2844006
v -0.003703003 0.03421658 -0.2844006
v 0 0.034214 -0.2838464
v 0.003703003 0.03421658 -0.2844006
v -0.004489441 0.03159342 -0.2836536
v 0 0.03155102 -0.2831787
v 0.004489593 0.03159342 -0.2836536
v 0.005907593 0.02877027 -0.2823077
v 0 0.02810955 -0.2817541
v -0.00590744 0.02877027 -0.2823077
v 0.003524475 0.04335909 -0.2919769
v 0.00273529 0.04215711 -0.2910669
v 0 0.04220655 -0.2921387
v 0 0.04386188 -0.2935211
v -0.002735138 0.04215711 -0.2910669
v -0.003524475 0.04335909 -0.2919769
v 0 0.03064894 -0.2935211
v 0.00273529 0.03235371 -0.2910669
v 0.003524475 0.0311519 -0.2919769
v 0 0.03230444 -0.2921387
v -0.003524475 0.0311519 -0.2919769
v -0.002735138 0.03235371 -0.2910669
v -0.005027466 0.02986324 -0.288136
v -0.002735138 0.03235371 -0.2910669
v -0.003524475 0.0311519 -0.2919769
v -0.003827667 0.0319685 -0.2880835
v -0.00590744 0.02877027 -0.2823077
v -0.004489441 0.03159342 -0.2836536
v -0.003703003 0.03421658 -0.2844006
v -0.003151398 0.03420473 -0.288053
v -0.002209167 0.03424267 -0.2904614
v -0.003703003 0.04029424 -0.2844006
v -0.003151398 0.04030609 -0.288053
v -0.002209167 0.04026832 -0.2904614
v -0.004489441 0.04291758 -0.2836536
v -0.003827667 0.04254232 -0.2880835
v -0.002735138 0.04215711 -0.2910669
v -0.00590744 0.04574072 -0.2823077
v -0.003524475 0.04335909 -0.2919769
v -0.005027466 0.04464775 -0.288136
v 0.004447327 0.0399662 -0.3002862
v 0 0.0372555 -0.3002862
v 0.005810699 0.03872252 -0.3002862
v 0.002406769 0.04079721 -0.3002869
v 0.006289368 0.0372555 -0.3002862
v 0 0.04108904 -0.3002869
v 0.005810699 0.03578848 -0.3002862
v -0.002406769 0.04079721 -0.3002869
v 0.004447327 0.03454462 -0.3002862
v -0.004447174 0.0399662 -0.3002862
v 0.002406769 0.03371361 -0.3002862
v -0.005810394 0.03872252 -0.3002862
v 0 0.03342178 -0.3002862
v -0.006289368 0.0372555 -0.3002862
v -0.002406769 0.03371361 -0.3002862
v -0.005810394 0.03578848 -0.3002862
v -0.004447174 0.03454462 -0.3002862
v 0.00220932 0.03424267 -0.2904614
v 0.00382782 0.0319685 -0.2880835
v 0.00273529 0.03235371 -0.2910669
v 0.003524475 0.0311519 -0.2919769
v 0.005027771 0.02986324 -0.288136
v 0.005907593 0.02877027 -0.2823077
v 0.004489593 0.03159342 -0.2836536
v 0.003151398 0.03420473 -0.288053
v 0.00220932 0.04026832 -0.2904614
v 0.003703003 0.03421658 -0.2844006
v 0.003151398 0.04030609 -0.288053
v 0.00273529 0.04215711 -0.2910669
v 0.003703003 0.04029424 -0.2844006
v 0.00382782 0.04254232 -0.2880835
v 0.003524475 0.04335909 -0.2919769
v 0.004489593 0.04291758 -0.2836536
v 0.005027771 0.04464775 -0.288136
v 0.005907593 0.04574072 -0.2823077
v 0.0110466 0.04004448 -0.1534216
v 0.01195663 0.03725545 -0.1534216
v 0.009832459 0.03725537 -0.1534216
v 0.009229736 0.03910248 -0.1534216
v 0.009229736 0.03540825 -0.1534216
v 0.008454742 0.04240886 -0.1534216
v 0.0110466 0.03446647 -0.1534216
v 0.007259521 0.04089965 -0.1534216
v 0.007259521 0.03361108 -0.1534216
v 0.0045755 0.0439887 -0.1534216
v 0.008454742 0.03210205 -0.1534216
v 0.00400116 0.04222686 -0.1534216
v 0.00400116 0.03228392 -0.1534216
v 0 0.04454346 -0.1534216
v 0.0045755 0.03052221 -0.1534216
v 0 0.04271192 -0.1534216
v 0 0.03179881 -0.1534216
v -0.0045755 0.0439887 -0.1534216
v 0 0.02996744 -0.1534216
v -0.004000854 0.04222686 -0.1534216
v -0.004000854 0.03228392 -0.1534216
v -0.008454285 0.04240886 -0.1534216
v -0.0045755 0.03052221 -0.1534216
v -0.007259521 0.04089965 -0.1534216
v -0.007259521 0.03361108 -0.1534216
v -0.01104645 0.04004448 -0.1534216
v -0.00845459 0.03210205 -0.1534216
v -0.009229584 0.03910253 -0.1534216
v -0.009229584 0.03540825 -0.1534216
v -0.01195648 0.03725545 -0.1534216
v -0.01104645 0.03446647 -0.1534216
v -0.009832153 0.03725537 -0.1534216
v -0.001427612 0.0005660057 0.001428223
v -0.001427612 0.0005660057 -0.001428223
v 0.001427612 0.0005660057 -0.001428223
v -0.001427612 0.0005660057 0.001428223
v 0.001427612 0.0005660057 -0.001428223
v 0.001427612 0.0005660057 0.001428223
v -0.001427612 0.0005660057 0.001428223
v -0.001427612 0.0005660057 -0.001428223
v 0.001427612 0.0005660057 -0.001428223
v -0.001427612 0.0005660057 0.001428223
v 0.001427612 0.0005660057 -0.001428223
v 0.001427612 0.0005660057 0.001428223
v 0.08124267 0.04472757 0.1349084
v 0.1016774 0.04468007 0.1307739
v 0.1008697 0.04345312 0.1309033
v 0.08005615 0.04351558 0.1350659
v 1.831055E-06 0.04477057 0.1348798
v 0.08052856 0.0425229 0.1343689
v 0.1011192 0.04250636 0.1302618
v -1.525879E-07 0.0435417 0.1350702
v -0.08123718 0.04475007 0.1348572
v 0.07143372 0.006621633 0.1192316
v 0.0896875 0.006536926 0.1155615
v 0 0.04252162 0.1343701
v 0 0.006625288 0.119234
v -0.08052871 0.04252401 0.1343695
v -0.07143386 0.006621634 0.1192316
v -0.0896875 0.006536925 0.1155615
v -0.1011195 0.04250732 0.1302618
v -0.08005524 0.0435373 0.1350616
v -0.1016502 0.04470414 0.1307147
v -0.1008661 0.04347899 0.1309009
v -0.1188643 0.04471869 0.1192859
v -0.1016756 0.04562893 -0.1300366
v -0.1188612 0.04555645 -0.1184387
v -0.1186649 0.0443332 -0.1182428
v -0.1008783 0.04443524 -0.1301886
v -0.08124206 0.04569337 -0.1341852
v -0.08005828 0.04451709 -0.1343665
v -1.983643E-06 0.04572923 -0.1341443
v 1.525879E-07 0.0445373 -0.134361
v 0 0.04259139 -0.1343951
v -0.08053009 0.04259297 -0.1343939
v -0.101124 0.04257187 -0.1302832
v -0.07143386 0.006621636 -0.1192316
v 0 0.00662529 -0.119234
v -0.0896875 0.006536928 -0.1155615
v -0.118593 0.04254767 -0.1185962
v -0.1305421 0.04424094 -0.1003571
v -0.1051862 0.006501962 -0.1051855
v -0.1302803 0.04256479 -0.1011279
v -0.1155614 0.006536925 -0.08968689
v -0.1188612 0.04555645 -0.1184387
v -0.1305421 0.04424094 -0.1003571
v -0.1186649 0.0443332 -0.1182428
v -0.13034 0.04543582 -0.101131
v -0.1347099 0.04411929 -0.07948059
v -0.1344913 0.04530372 -0.08065857
v -0.1302803 0.04256479 -0.1011279
v -0.1347189 0.04404809 0.0005834961
v -0.1345152 0.04524658 0.0005889892
v -0.13439 0.04257468 -0.08053222
v -0.1155614 0.006536925 -0.08968689
v -0.1192314 0.006621632 -0.07143372
v -0.1192337 0.006625288 0
v -0.1343886 0.04256419 0
v -0.1192314 0.006621633 0.07143372
v -0.1347192 0.04394351 0.08063477
v -0.1345511 0.04512736 0.08182067
v -0.1343858 0.04255944 0.08052734
v -0.1305447 0.0436741 0.1013879
v -0.1304089 0.04488426 0.1021924
v -0.1302733 0.04252651 0.1011157
v -0.1155614 0.006536925 0.08968689
v -0.1186516 0.0434695 0.1190741
v -0.1188643 0.04471869 0.1192859
v -0.1008661 0.04347899 0.1309009
v -0.1185857 0.04249275 0.1185797
v -0.1051862 0.006501961 0.1051855
v -0.1011195 0.04250732 0.1302618
v -0.0896875 0.006536925 0.1155615
v 0.1186644 0.04433385 -0.1182434
v 0.1304053 0.04542077 -0.1011609
v 0.1188605 0.0455571 -0.1184393
v 0.1305519 0.0442239 -0.1003625
v 0.1345476 0.04528737 -0.08066345
v 0.1302802 0.04256428 -0.1011279
v 0.118593 0.04254776 -0.1185962
v 0.13472 0.04410365 -0.0794812
v 0.1345151 0.0452465 0.0005847168
v 0.1343898 0.04257397 -0.08053222
v 0.1347188 0.0440481 0.0005847168
v 0.1344948 0.0451479 0.08181579
v 0.1343886 0.0425641 0
v 0.1192316 0.006621632 -0.07143372
v 0.1155612 0.006536921 -0.08968689
v 0.105186 0.00650196 -0.1051855
v 0.1011237 0.04257252 -0.1302838
v 0.0896875 0.006536927 -0.1155615
v 0.1192339 0.006625287 0
v 0.1343861 0.04256036 0.08052734
v 0.1192316 0.006621629 0.07143372
v 0.1155612 0.006536921 0.08968689
v 0.134709 0.0439635 0.08063354
v 0.1303438 0.04490831 0.1021667
v 0.1302737 0.04252759 0.1011157
v 0.105186 0.006501961 0.1051855
v 0.1305357 0.0437 0.1013873
v 0.1188647 0.04471931 0.1192853
v 0.1185858 0.04249292 0.1185797
v 0.0896875 0.006536926 0.1155615
v 0.1011192 0.04250636 0.1302618
v 0.1186519 0.04347004 0.1190741
v 0.1016774 0.04468007 0.1307739
v 0.1008697 0.04345312 0.1309033
v -0.07689743 0.04616343 0.129494
v -0.0969342 0.04616629 0.1254944
v -0.09577926 0.0435314 0.1232281
v -0.07634033 0.04348072 0.1270648
v 1.678467E-06 0.04616095 0.1295038
v 0 0.04347699 0.1270612
v 0.07690063 0.04616366 0.1295258
v 0.07634048 0.04348125 0.1270654
v 0.07634048 0.04348125 0.1270654
v 0.09695007 0.04616652 0.1255316
v 0.07690063 0.04616366 0.1295258
v 0.09577942 0.043532 0.1232288
v 0.1140555 0.04616665 0.1140552
v 0.1122412 0.04355041 0.1122412
v 0.1254944 0.04616629 0.0969342
v 0.1232278 0.0435314 0.09577942
v 0.1294942 0.04616343 0.07689758
v 0.1270648 0.04348071 0.07634033
v 0.1295035 0.04616095 -1.831055E-06
v 0.1270615 0.04347698 0
v 0.1295258 0.04616366 -0.07690063
v 0.1270653 0.04348125 -0.07634094
v 0.1255322 0.04616653 -0.09695007
v 0.1232283 0.04353201 -0.09577942
v 0.1140556 0.04616665 -0.1140552
v 0.1122414 0.04355041 -0.1122418
v 0.09693405 0.04616629 -0.1254944
v 0.09577926 0.0435314 -0.1232281
v 0.07689743 0.04616343 -0.1294946
v 0.09577926 0.0435314 -0.1232281
v 0.07634033 0.04348072 -0.1270648
v 0.07689743 0.04616343 -0.1294946
v -1.525879E-06 0.04616095 -0.1295038
v 0 0.04347699 -0.1270612
v 0 0.04347699 -0.1270612
v -0.07690063 0.04616366 -0.1295258
v -1.525879E-06 0.04616095 -0.1295038
v -0.07634048 0.04348125 -0.1270654
v -0.09694992 0.04616652 -0.1255316
v -0.09577942 0.043532 -0.1232288
v -0.09577942 0.043532 -0.1232288
v -0.1140555 0.04616665 -0.1140552
v -0.09694992 0.04616652 -0.1255316
v -0.1122412 0.04355041 -0.1122418
v -0.1254945 0.04616629 -0.0969342
v -0.123228 0.0435314 -0.09577942
v -0.1294942 0.04616343 -0.07689758
v -0.127065 0.04348071 -0.07634094
v -0.1295036 0.04616095 1.220703E-06
v -0.1270616 0.04347698 0
v -0.1295259 0.04616366 0.07690063
v -0.1270654 0.04348125 0.07634033
v -0.1255321 0.04616653 0.09694946
v -0.1232285 0.043532 0.09577942
v -0.1140556 0.04616665 0.1140552
v -0.1122414 0.04355041 0.1122412
v -0.0969342 0.04616629 0.1254944
v -0.09577926 0.0435314 0.1232281
v -2.13623E-06 0.04617929 -0.1325421
v -1.525879E-06 0.04616095 -0.1295038
v -0.07690063 0.04616366 -0.1295258
v -0.08078384 0.04617897 -0.1325647
v -0.09694992 0.04616652 -0.1255316
v -0.1007072 0.04617855 -0.1285388
v -0.1140555 0.04616665 -0.1140552
v -0.1173531 0.04617798 -0.1173529
v -0.1254945 0.04616629 -0.0969342
v -0.1284949 0.04617687 -0.1006891
v -0.1294942 0.04616343 -0.07689758
v -0.1325389 0.04617604 -0.08078186
v -0.1295036 0.04616095 1.220703E-06
v -0.1325626 0.04617571 2.441406E-06
v -0.1295259 0.04616366 0.07690063
v -0.1325906 0.04617409 0.08078613
v -0.1255321 0.04616653 0.09694946
v -0.1285654 0.04617244 0.1007178
v -0.1140556 0.04616665 0.1140552
v -0.1173727 0.04617156 0.1173724
v -0.0969342 0.04616629 0.1254944
v -0.1006981 0.04617106 0.1285162
v -0.07689743 0.04616343 0.129494
v -0.08078293 0.04617167 0.1325562
v 1.678467E-06 0.04616095 0.1295038
v 1.983643E-06 0.04617257 0.1325751
v 0.0807872 0.04617153 0.1326001
v 0.07690063 0.04616366 0.1295258
v 0.09695007 0.04616652 0.1255316
v 0.1007201 0.0461709 0.1285699
v 0.1140555 0.04616665 0.1140552
v 0.1173726 0.04617157 0.1173724
v 0.1254944 0.04616629 0.0969342
v 0.1285117 0.04617259 0.1006952
v 0.1294942 0.04616343 0.07689758
v 0.1325471 0.0461742 0.08078125
v 0.1295035 0.04616095 -1.831055E-06
v 0.1325624 0.04617571 -2.441406E-06
v 0.1325825 0.04617597 -0.08078613
v 0.1295258 0.04616366 -0.07690063
v 0.1255322 0.04616653 -0.09695007
v 0.1285483 0.0461768 -0.1007117
v 0.1140556 0.04616665 -0.1140552
v 0.1173529 0.04617799 -0.1173529
v 0.09693405 0.04616629 -0.1254944
v 0.1006848 0.04617861 -0.1284857
v 0.07689743 0.04616343 -0.1294946
v 0.08077957 0.04617903 -0.132522
v -1.525879E-06 0.04616095 -0.1295038
v -2.13623E-06 0.04617929 -0.1325421
v 0.07634048 0.04348125 0.1270654
v 0.0840892 0.008081013 0.1081738
v 0.09577942 0.043532 0.1232288
v 0.0985115 0.008039879 0.09851196
v 0.1122412 0.04355041 0.1122412
v 0.1081732 0.008080689 0.08408935
v 0.09698348 0.005787914 0.09698364
v 0.1232278 0.0435314 0.09577942
v 0.1063417 0.005806568 0.08298645
v 0.1116081 0.008193603 0.06706848
v 0.1270648 0.04348071 0.07634033
v 0.1096465 0.005857651 0.06637024
v 0.111606 0.008191512 0
v 0.1270615 0.04347698 0
v 0.1096368 0.005857861 1.220703E-06
v 0.1270653 0.04348125 -0.07634094
v 0.1116083 0.008193956 -0.06706909
v 0.1096284 0.005858095 -0.06636902
v 0.1071092 0.004745814 -0.06601562
v 0.1039935 0.004767079 -0.08194153
v 0.1081734 0.008081016 -0.08408996
v 0.1232283 0.04353201 -0.09577942
v 0.1063205 0.005807011 -0.08297729
v 0.09517319 0.004780662 -0.09517578
v 0.0985115 0.008039877 -0.09851196
v 0.1122414 0.04355041 -0.1122418
v 0.09698348 0.005787916 -0.09698364
v 0.08195221 0.004758569 -0.1040228
v 0.08408905 0.008080689 -0.1081732
v 0.08298676 0.005806568 -0.1063415
v 0.06706863 0.008193596 -0.1116083
v 0.06601852 0.00473768 -0.1071338
v 0.06637039 0.005857647 -0.1096466
v 1.373291E-06 0.004714437 -0.1071057
v 0.1122414 0.04355041 -0.1122418
v 0.0985115 0.008039877 -0.09851196
v 0.08408905 0.008080689 -0.1081732
v 0.09577926 0.0435314 -0.1232281
v 0.06706863 0.008193596 -0.1116083
v 0.07634033 0.04348072 -0.1270648
v 0 0.008191506 -0.1116058
v 0 0.04347699 -0.1270612
v 0.06637039 0.005857647 -0.1096466
v 7.629394E-07 0.005857856 -0.1096368
v 1.373291E-06 0.004714437 -0.1071057
v -0.09577942 0.043532 -0.1232288
v -0.09851181 0.008039874 -0.09851196
v -0.1122412 0.04355041 -0.1122418
v -0.08408935 0.008081012 -0.1081738
v -0.07634048 0.04348125 -0.1270654
v -0.08297805 0.005807006 -0.1063208
v -0.09698348 0.005787914 -0.09698364
v -0.09517609 0.004780673 -0.09517334
v -0.08194213 0.004767074 -0.1039935
v -0.06636856 0.00585809 -0.1096283
v -0.06601532 0.004745785 -0.10711
v -0.06706879 0.008193949 -0.1116083
v 0 0.04347699 -0.1270612
v 0 0.008191506 -0.1116058
v 7.629394E-07 0.005857856 -0.1096368
v 1.373291E-06 0.004714437 -0.1071057
v -0.1232285 0.043532 0.09577942
v -0.09851181 0.008039877 0.09851196
v -0.1122414 0.04355041 0.1122412
v -0.1081734 0.008081017 0.08408935
v -0.1270654 0.04348125 0.07634033
v -0.1116083 0.008193948 0.06706909
v -0.1270616 0.04347698 0
v -0.111606 0.008191503 0
v -0.127065 0.04348071 -0.07634094
v -0.1116081 0.008193598 -0.06706848
v -0.123228 0.0435314 -0.09577942
v -0.1081732 0.008080693 -0.08408996
v -0.1122412 0.04355041 -0.1122418
v -0.09851181 0.008039874 -0.09851196
v -0.09698348 0.005787914 -0.09698364
v -0.106342 0.005806572 -0.08298706
v -0.1096465 0.005857649 -0.06637024
v -0.104023 0.004758575 -0.08195251
v -0.09517609 0.004780673 -0.09517334
v -0.1071333 0.004737677 -0.06601929
v -0.1071062 0.004714431 -1.831055E-06
v -0.109637 0.005857853 -1.220703E-06
v -0.1071094 0.004745787 0.06601562
v -0.1096286 0.005858087 0.0663678
v -0.1039938 0.004767055 0.08194213
v -0.1063205 0.005807009 0.08297729
v -0.09517319 0.004780652 0.09517578
v -0.09698348 0.005787916 0.09698364
v -0.0840892 0.008080691 0.1081732
v -0.08195236 0.004758569 0.1040228
v -0.08298676 0.005806568 0.1063415
v -0.1122414 0.04355041 0.1122412
v -0.09851181 0.008039877 0.09851196
v -0.0840892 0.008080691 0.1081732
v -0.09577926 0.0435314 0.1232281
v -0.06706879 0.008193596 0.1116077
v -0.07634033 0.04348072 0.1270648
v -0.08298676 0.005806568 0.1063415
v 0 0.0081915 0.1116052
v 0 0.04347699 0.1270612
v 0.07634048 0.04348125 0.1270654
v -0.06637039 0.005857644 0.109646
v 0.06706863 0.008193947 0.1116077
v 0.0840892 0.008081013 0.1081738
v -0.06601852 0.004737676 0.1071338
v -0.08195236 0.004758569 0.1040228
v -1.373291E-06 0.004714441 0.1071057
v -9.155273E-07 0.005857849 0.1096368
v 0.06601517 0.004745784 0.1071094
v 0.06636856 0.005858081 0.1096283
v 0.08194183 0.004767038 0.1039941
v 0.08297791 0.005807003 0.1063202
v 0.0985115 0.008039879 0.09851196
v 0.09517623 0.00478064 0.09517334
v 0.09698348 0.005787914 0.09698364
v 0.104023 0.004758567 0.08195251
v 0.1063417 0.005806568 0.08298645
v 0.1071333 0.004737684 0.06601868
v 0.1096465 0.005857651 0.06637024
v 0.1071059 0.004714448 1.220703E-06
v 0.1096368 0.005857861 1.220703E-06
v 0.1071092 0.004745814 -0.06601562
v 1.525879E-07 0.0445373 -0.134361
v 0.08123641 0.04570774 -0.1341235
v -1.983643E-06 0.04572923 -0.1341443
v 0.08005737 0.04453104 -0.1343512
v 0.1016482 0.045644 -0.1299658
v 0.08053024 0.0425937 -0.1343939
v 0 0.04259139 -0.1343951
v 0 0.00662529 -0.119234
v 0.07143372 0.006621636 -0.1192316
v 0.0896875 0.006536927 -0.1155615
v 0.1011237 0.04257252 -0.1302838
v 0.100874 0.04445238 -0.1301727
v 0.1188605 0.0455571 -0.1184393
v 0.118593 0.04254776 -0.1185962
v 0.1186644 0.04433385 -0.1182434
v -0.08078384 0.04617897 -0.1325647
v -1.983643E-06 0.04572923 -0.1341443
v -2.13623E-06 0.04617929 -0.1325421
v -0.08124206 0.04569337 -0.1341852
v -0.1007072 0.04617855 -0.1285388
v -0.1016756 0.04562893 -0.1300366
v -0.1173531 0.04617798 -0.1173529
v -0.1188612 0.04555645 -0.1184387
v -0.1284949 0.04617687 -0.1006891
v -0.13034 0.04543582 -0.101131
v -0.1325389 0.04617604 -0.08078186
v -0.1344913 0.04530372 -0.08065857
v -0.1325626 0.04617571 2.441406E-06
v -0.1345152 0.04524658 0.0005889892
v -0.1325906 0.04617409 0.08078613
v -0.1345511 0.04512736 0.08182067
v -0.1285654 0.04617244 0.1007178
v -0.1304089 0.04488426 0.1021924
v -0.1173727 0.04617156 0.1173724
v -0.1188643 0.04471869 0.1192859
v -0.1006981 0.04617106 0.1285162
v -0.1016502 0.04470414 0.1307147
v -0.08078293 0.04617167 0.1325562
v -0.08123718 0.04475007 0.1348572
v 1.983643E-06 0.04617257 0.1325751
v 1.831055E-06 0.04477057 0.1348798
v 0.0807872 0.04617153 0.1326001
v 0.08124267 0.04472757 0.1349084
v 0.1007201 0.0461709 0.1285699
v 0.1016774 0.04468007 0.1307739
v 0.1173726 0.04617157 0.1173724
v 0.1188647 0.04471931 0.1192853
v 0.1285117 0.04617259 0.1006952
v 0.1303438 0.04490831 0.1021667
v 0.1325471 0.0461742 0.08078125
v 0.1344948 0.0451479 0.08181579
v 0.1325624 0.04617571 -2.441406E-06
v 0.1345151 0.0452465 0.0005847168
v 0.1325825 0.04617597 -0.08078613
v 0.1345476 0.04528737 -0.08066345
v 0.1285483 0.0461768 -0.1007117
v 0.1304053 0.04542077 -0.1011609
v 0.1173529 0.04617799 -0.1173529
v 0.1188605 0.0455571 -0.1184393
v 0.1006848 0.04617861 -0.1284857
v 0.1016482 0.045644 -0.1299658
v 0.08077957 0.04617903 -0.132522
v 0.08123641 0.04570774 -0.1341235
v -2.13623E-06 0.04617929 -0.1325421
v -1.983643E-06 0.04572923 -0.1341443
v 0.006483154 0.004655414 -0.1010663
v 0.01026703 0.005315457 -0.1022064
v 0.006784973 0.005315426 -0.1007642
v 0.01026703 0.004655474 -0.1026337
v 0.01374878 0.00531544 -0.1007642
v 0.01405075 0.004655442 -0.1010663
v 0.01561539 0.004653875 0.09752319
v 0.01405075 0.004655447 0.1012701
v 0.01374878 0.005315438 0.100968
v 0.01518509 0.005317877 0.09751831
v 0.01518509 0.005317873 -0.09731445
v 0.01561539 0.004653868 -0.09731933
v 0.01405075 0.004655442 -0.1010663
v 0.01374878 0.00531544 -0.1007642
v 0.01398788 0.005891349 -0.0972992
v 0.01290024 0.005890823 -0.09991516
v 0.01026703 0.005315457 -0.1022064
v 0.01026703 0.005890823 -0.1010065
v 0.006784973 0.005315426 -0.1007642
v 0.01290024 0.005890821 0.1001196
v 0.01398773 0.005891351 0.09750305
v 0.01227158 0.006252285 -0.09729065
v 0.01168625 0.006252005 -0.09870178
v 0.01026703 0.005890819 0.1012103
v 0.01026703 0.005315453 0.1024103
v 0.007633514 0.005890819 0.1001196
v 0.006784973 0.005315426 0.100968
v 0.01168625 0.006252006 0.09890564
v 0.01227158 0.006252285 0.09749451
v 0.01026703 0.006377465 -0.0972876
v 0.01026703 0.006252242 -0.09928894
v 0.01026703 0.006252243 0.0994928
v 0.01026703 0.006377464 0.09749145
v 0.008847504 0.006252006 0.09890564
v 0.007633514 0.005890823 -0.09991516
v 0.008847504 0.006252005 -0.09870178
v 0.008262176 0.006252286 0.09749451
v 0.008262176 0.006252284 -0.09729065
v 0.006546173 0.005891351 -0.0972992
v 0.006546173 0.00589135 0.09750305
v 0.005348511 0.005317859 -0.09731445
v 0.005348511 0.00531786 0.09751831
v 0.006483154 0.004655425 0.1012701
v 0.004918365 0.004653837 0.09752319
v 0.004918365 0.00465383 -0.09731933
v 0.006483154 0.004655414 -0.1010663
v 0.01405075 0.004655447 0.1012701
v 0.01026703 0.005315453 0.1024103
v 0.01374878 0.005315438 0.100968
v 0.01026703 0.00465548 0.1028375
v 0.006784973 0.005315426 0.100968
v 0.006483154 0.004655425 0.1012701
v 0.02633377 0.004655445 -0.1010663
v 0.03011749 0.005315464 -0.1022064
v 0.02663574 0.005315441 -0.1007642
v 0.03011749 0.004655489 -0.1026337
v 0.03359924 0.00531543 -0.1007642
v 0.03390121 0.004655421 -0.1010663
v 0.03546616 0.004653883 0.09752319
v 0.03390121 0.004655427 0.1012701
v 0.03359924 0.005315429 0.100968
v 0.0350357 0.005317878 0.09751831
v 0.0350357 0.005317875 -0.09731445
v 0.03546616 0.004653876 -0.09731933
v 0.03390121 0.004655421 -0.1010663
v 0.03359924 0.00531543 -0.1007642
v 0.03383835 0.00589135 -0.0972992
v 0.03275085 0.005890823 -0.09991516
v 0.03011749 0.005315464 -0.1022064
v 0.03011749 0.005890822 -0.1010065
v 0.02663574 0.005315441 -0.1007642
v 0.03275085 0.005890821 0.1001196
v 0.03383819 0.005891351 0.09750305
v 0.03212219 0.006252285 -0.09729065
v 0.03153687 0.006252005 -0.09870178
v 0.03011749 0.005890819 0.1012103
v 0.03011749 0.005315456 0.1024103
v 0.02748413 0.005890821 0.1001196
v 0.02663574 0.005315441 0.100968
v 0.03153687 0.006252006 0.09890564
v 0.03212219 0.006252286 0.09749451
v 0.03011749 0.006377465 -0.0972876
v 0.03011749 0.006252242 -0.09928894
v 0.03011749 0.006252242 0.0994928
v 0.03011749 0.006377465 0.09749145
v 0.02869812 0.006252006 0.09890564
v 0.02748413 0.005890823 -0.09991516
v 0.02869812 0.006252006 -0.09870178
v 0.02811279 0.006252286 0.09749451
v 0.02811279 0.006252285 -0.09729065
v 0.02639679 0.005891351 -0.0972992
v 0.02639679 0.005891353 0.09750305
v 0.02519913 0.005317878 -0.09731445
v 0.02519913 0.005317881 0.09751831
v 0.02633377 0.004655451 0.1012701
v 0.02476883 0.004653874 0.09752319
v 0.02476883 0.004653868 -0.09731933
v 0.02633377 0.004655445 -0.1010663
v 0.03390121 0.004655427 0.1012701
v 0.03011749 0.005315456 0.1024103
v 0.03359924 0.005315429 0.100968
v 0.03011749 0.004655489 0.1028375
v 0.02663574 0.005315441 0.100968
v 0.02633377 0.004655451 0.1012701
v 0.04747253 0.004655407 -0.1010663
v 0.05125641 0.005315455 -0.1022064
v 0.04777435 0.005315424 -0.1007642
v 0.05125641 0.004655468 -0.1026337
v 0.05473816 0.00531545 -0.1007642
v 0.05504013 0.004655465 -0.1010663
v 0.05660492 0.004653944 0.09752319
v 0.05503998 0.004655477 0.1012701
v 0.05473816 0.005315453 0.100968
v 0.05617447 0.005317905 0.09751831
v 0.05617447 0.005317902 -0.09731445
v 0.05660492 0.004653937 -0.09731933
v 0.05504013 0.004655465 -0.1010663
v 0.05473816 0.00531545 -0.1007642
v 0.05497726 0.005891349 -0.0972992
v 0.05388962 0.005890823 -0.09991516
v 0.05125641 0.005315455 -0.1022064
v 0.05125641 0.005890823 -0.1010065
v 0.04777435 0.005315424 -0.1007642
v 0.05388962 0.005890821 0.1001196
v 0.05497711 0.005891351 0.09750305
v 0.05326096 0.006252285 -0.09729065
v 0.05267578 0.006252005 -0.09870178
v 0.05125641 0.005890819 0.1012103
v 0.05125641 0.005315454 0.1024103
v 0.0486229 0.005890822 0.1001196
v 0.04777435 0.005315426 0.100968
v 0.05267578 0.006252006 0.09890564
v 0.05326096 0.006252285 0.09749451
v 0.05125641 0.006377465 -0.0972876
v 0.05125641 0.006252242 -0.09928894
v 0.05125641 0.006252242 0.0994928
v 0.05125641 0.006377465 0.09749145
v 0.04983688 0.006252006 0.09890564
v 0.0486229 0.005890824 -0.09991516
v 0.04983688 0.006252006 -0.09870178
v 0.04925156 0.006252286 0.09749451
v 0.04925156 0.006252285 -0.09729065
v 0.04753555 0.005891351 -0.0972992
v 0.04753555 0.005891352 0.09750305
v 0.04633789 0.005317865 -0.09731445
v 0.04633789 0.005317869 0.09751831
v 0.04747253 0.004655418 0.1012701
v 0.04590759 0.004653852 0.09752319
v 0.04590759 0.004653845 -0.09731933
v 0.04747253 0.004655407 -0.1010663
v 0.05503998 0.004655477 0.1012701
v 0.05125641 0.005315454 0.1024103
v 0.05473816 0.005315453 0.100968
v 0.05125641 0.00465548 0.1028375
v 0.04777435 0.005315426 0.100968
v 0.04747253 0.004655418 0.1012701
v 0.06954544 0.004655521 -0.09889831
v 0.07332901 0.00531548 -0.1000384
v 0.06984726 0.00531547 -0.09859558
v 0.07332901 0.004655544 -0.1004657
v 0.07681091 0.005315457 -0.09859558
v 0.07711258 0.00465549 -0.09889831
v 0.07867767 0.004653887 0.09598083
v 0.07711273 0.004655415 0.09972839
v 0.07681091 0.005315421 0.09942627
v 0.07824722 0.005317882 0.09597595
v 0.07824722 0.005317892 -0.09514587
v 0.07867767 0.004653909 -0.09515075
v 0.07711258 0.00465549 -0.09889831
v 0.07681091 0.005315457 -0.09859558
v 0.07704971 0.005891351 -0.09513061
v 0.07596237 0.00589082 -0.09774719
v 0.07332901 0.00531548 -0.1000384
v 0.07332901 0.005890819 -0.0988385
v 0.06984726 0.00531547 -0.09859558
v 0.07596237 0.005890819 0.09857788
v 0.07704971 0.005891351 0.09596069
v 0.07533356 0.006252286 -0.09512207
v 0.07474853 0.006252006 -0.09653381
v 0.07332901 0.005890819 0.09966858
v 0.07332901 0.005315418 0.1008685
v 0.0706958 0.005890817 0.09857788
v 0.06984726 0.005315432 0.09942627
v 0.07474853 0.006252006 0.09736389
v 0.07533356 0.006252286 0.09595215
v 0.07332901 0.006377465 -0.09511901
v 0.07332901 0.006252243 -0.09712036
v 0.07332901 0.006252244 0.09795044
v 0.07332901 0.006377465 0.09594909
v 0.07190948 0.006252007 0.09736389
v 0.0706958 0.005890817 -0.09774719
v 0.07190948 0.006252006 -0.09653381
v 0.07132431 0.006252286 0.09595215
v 0.07132431 0.006252285 -0.09512207
v 0.06960815 0.005891347 -0.09513061
v 0.06960815 0.005891349 0.09596069
v 0.0684108 0.005317899 -0.09514587
v 0.0684108 0.005317901 0.09597595
v 0.06954544 0.004655446 0.09972839
v 0.0679805 0.004653932 0.09598083
v 0.0679805 0.004653932 -0.09515075
v 0.06954544 0.004655521 -0.09889831
v 0.07711273 0.004655415 0.09972839
v 0.07332901 0.005315418 0.1008685
v 0.07681091 0.005315421 0.09942627
v 0.07332901 0.004655408 0.1012952
v 0.06984726 0.005315432 0.09942627
v 0.06954544 0.004655446 0.09972839
v 0.09907165 0.004653904 0.08675781
v 0.09750687 0.00465544 0.09050476
v 0.09720474 0.005315433 0.09020325
v 0.0986412 0.005317885 0.08675293
v 0.0986412 0.005317896 -0.08758484
v 0.0990715 0.004653926 -0.08758972
v 0.09750671 0.004655508 -0.09133667
v 0.09720474 0.005315465 -0.09103455
v 0.09372299 0.0046555 -0.09290405
v 0.097444 0.005891347 -0.08756958
v 0.09372299 0.005315459 -0.09247681
v 0.08993927 0.004655482 -0.09133667
v 0.0963562 0.005890817 -0.09018616
v 0.09024124 0.005315455 -0.09103455
v 0.08837432 0.004653939 -0.08758972
v 0.09372299 0.005890817 -0.09127685
v 0.0963562 0.005890819 0.08935486
v 0.097444 0.005891348 0.08673767
v 0.09572769 0.006252285 -0.08756103
v 0.09514236 0.006252005 -0.08897278
v 0.09372299 0.005890817 0.09044494
v 0.09372299 0.005315426 0.0916449
v 0.09108963 0.005890819 0.08935486
v 0.09024124 0.005315432 0.09020325
v 0.09108963 0.005890819 -0.09018616
v 0.09372299 0.006252242 -0.08955932
v 0.09372299 0.006377465 -0.08755798
v 0.09572769 0.006252286 0.08672912
v 0.09514236 0.006252006 0.08814087
v 0.09372299 0.006252243 0.08872741
v 0.09372299 0.006377465 0.08672607
v 0.09230346 0.006252006 0.08814087
v 0.09230346 0.006252005 -0.08897278
v 0.09171844 0.006252285 0.08672912
v 0.09171844 0.006252285 -0.08756103
v 0.09000198 0.005891349 -0.08756958
v 0.09000198 0.005891348 0.08673767
v 0.08880477 0.005317901 -0.08758484
v 0.08880477 0.005317898 0.08675293
v 0.08993912 0.004655439 0.09050476
v 0.08837432 0.004653939 0.08675781
v 0.09750687 0.00465544 0.09050476
v 0.09372299 0.005315426 0.0916449
v 0.09720474 0.005315433 0.09020325
v 0.09372299 0.004655425 0.09207214
v 0.09024124 0.005315432 0.09020325
v 0.08993912 0.004655439 0.09050476
v -0.006483154 0.004655445 -0.1010663
v -0.006785125 0.005315438 -0.1007642
v -0.01026688 0.005315469 -0.1022064
v -0.01026688 0.004655498 -0.1026337
v -0.01374878 0.005315458 -0.1007642
v -0.01405075 0.004655482 -0.1010663
v -0.004918365 0.004653868 -0.09731933
v -0.006785125 0.005315438 -0.1007642
v -0.006483154 0.004655445 -0.1010663
v -0.005348663 0.005317871 -0.09731445
v -0.005348663 0.005317878 0.09751831
v -0.004918365 0.004653882 0.09752319
v -0.006483154 0.004655454 0.1012701
v -0.006785125 0.005315437 0.100968
v -0.01026688 0.004655489 0.1028375
v -0.006546021 0.005891349 0.09750305
v -0.01026688 0.005315455 0.1024103
v -0.0140506 0.004655485 0.1012701
v -0.007633667 0.005890817 0.1001196
v -0.01374878 0.005315456 0.100968
v -0.01561539 0.004653913 0.09752319
v -0.01026688 0.005890817 0.1012103
v -0.007633667 0.005890821 -0.09991516
v -0.006546021 0.005891347 -0.0972992
v -0.008262176 0.006252286 0.09749451
v -0.008847504 0.006252006 0.09890564
v -0.01026688 0.005890823 -0.1010065
v -0.01026688 0.005315469 -0.1022064
v -0.01290024 0.005890823 -0.09991516
v -0.01374878 0.005315458 -0.1007642
v -0.01290024 0.00589082 0.1001196
v -0.01026688 0.006252242 0.0994928
v -0.01026688 0.006377465 0.09749145
v -0.008262176 0.006252285 -0.09729065
v -0.008847504 0.006252006 -0.09870178
v -0.01026688 0.006252242 -0.09928894
v -0.01026688 0.006377464 -0.0972876
v -0.01168625 0.006252005 -0.09870178
v -0.01168625 0.006252006 0.09890564
v -0.01227158 0.006252285 -0.09729065
v -0.01227158 0.006252285 0.09749451
v -0.01398773 0.005891351 0.09750305
v -0.01398788 0.005891349 -0.0972992
v -0.01518509 0.005317893 0.09751831
v -0.01518509 0.005317889 -0.09731445
v -0.01405075 0.004655482 -0.1010663
v -0.01561554 0.004653905 -0.09731933
v -0.02633377 0.004655447 -0.1010663
v -0.02663574 0.00531544 -0.1007642
v -0.03011749 0.005315462 -0.1022064
v -0.03011749 0.004655486 -0.1026337
v -0.03359924 0.005315434 -0.1007642
v -0.03390121 0.004655426 -0.1010663
v -0.02476883 0.004653868 -0.09731933
v -0.02663574 0.00531544 -0.1007642
v -0.02633377 0.004655447 -0.1010663
v -0.02519913 0.005317876 -0.09731445
v -0.02519913 0.005317878 0.09751831
v -0.02476883 0.004653873 0.09752319
v -0.02633377 0.004655448 0.1012701
v -0.02663574 0.005315437 0.100968
v -0.03011749 0.004655485 0.1028375
v -0.02639679 0.005891351 0.09750305
v -0.03011749 0.005315453 0.1024103
v -0.03390121 0.004655424 0.1012701
v -0.02748413 0.005890819 0.1001196
v -0.03359924 0.005315426 0.100968
v -0.03546616 0.004653883 0.09752319
v -0.03011749 0.005890818 0.1012103
v -0.02748413 0.005890821 -0.09991516
v -0.02639664 0.00589135 -0.0972992
v -0.02811279 0.006252286 0.09749451
v -0.02869812 0.006252006 0.09890564
v -0.03011749 0.005890823 -0.1010065
v -0.03011749 0.005315462 -0.1022064
v -0.03275085 0.005890824 -0.09991516
v -0.03359924 0.005315434 -0.1007642
v -0.03275085 0.005890819 0.1001196
v -0.03011749 0.006252242 0.0994928
v -0.03011749 0.006377465 0.09749145
v -0.02811279 0.006252285 -0.09729065
v -0.02869812 0.006252006 -0.09870178
v -0.03011749 0.006252242 -0.09928894
v -0.03011749 0.006377465 -0.0972876
v -0.03153687 0.006252005 -0.09870178
v -0.03153687 0.006252006 0.09890564
v -0.03212219 0.006252285 -0.09729065
v -0.03212219 0.006252286 0.09749451
v -0.03383819 0.005891351 0.09750305
v -0.03383835 0.00589135 -0.0972992
v -0.0350357 0.005317877 0.09751831
v -0.0350357 0.00531788 -0.09731445
v -0.03390121 0.004655426 -0.1010663
v -0.03546616 0.004653885 -0.09731933
v -0.04747253 0.004655434 -0.1010663
v -0.0477745 0.005315433 -0.1007642
v -0.05125641 0.005315455 -0.1022064
v -0.05125641 0.004655469 -0.1026337
v -0.05473816 0.005315447 -0.1007642
v -0.05504013 0.00465546 -0.1010663
v -0.04590759 0.004653884 -0.09731933
v -0.0477745 0.005315433 -0.1007642
v -0.04747253 0.004655434 -0.1010663
v -0.04633804 0.005317878 -0.09731445
v -0.04633804 0.005317886 0.09751831
v -0.04590759 0.0046539 0.09752319
v -0.04747253 0.004655457 0.1012701
v -0.0477745 0.005315441 0.100968
v -0.05125641 0.004655481 0.1028375
v -0.0475354 0.005891349 0.09750305
v -0.05125641 0.005315454 0.1024103
v -0.05503998 0.004655476 0.1012701
v -0.04862304 0.005890819 0.1001196
v -0.05473816 0.005315451 0.100968
v -0.05660477 0.004653928 0.09752319
v -0.05125641 0.005890819 0.1012103
v -0.04862304 0.005890821 -0.09991516
v -0.0475354 0.005891347 -0.0972992
v -0.04925156 0.006252286 0.09749451
v -0.04983688 0.006252006 0.09890564
v -0.05125641 0.005890823 -0.1010065
v -0.05125641 0.005315455 -0.1022064
v -0.05388962 0.005890823 -0.09991516
v -0.05473816 0.005315447 -0.1007642
v -0.05388962 0.005890819 0.1001196
v -0.05125641 0.006252242 0.0994928
v -0.05125641 0.006377465 0.09749145
v -0.04925156 0.006252285 -0.09729065
v -0.04983688 0.006252006 -0.09870178
v -0.05125641 0.006252242 -0.09928894
v -0.05125641 0.006377465 -0.0972876
v -0.05267578 0.006252005 -0.09870178
v -0.05267578 0.006252006 0.09890564
v -0.05326096 0.006252285 -0.09729065
v -0.05326096 0.006252285 0.09749451
v -0.05497726 0.005891349 0.09750305
v -0.05497726 0.005891349 -0.0972992
v -0.05617447 0.005317898 0.09751831
v -0.05617447 0.005317894 -0.09731445
v -0.05504013 0.00465546 -0.1010663
v -0.05660477 0.004653918 -0.09731933
v -0.06954544 0.004655521 -0.09889831
v -0.06984726 0.00531547 -0.09859558
v -0.07332901 0.00531549 -0.1000384
v -0.07332901 0.004655563 -0.1004657
v -0.07681091 0.005315464 -0.09859558
v -0.07711273 0.004655507 -0.09889831
v -0.07867767 0.004653887 0.09598083
v -0.07681091 0.005315424 0.09942627
v -0.07711288 0.00465542 0.09972839
v -0.07824722 0.005317881 0.09597595
v -0.07824722 0.005317888 -0.09514587
v -0.07867767 0.004653907 -0.09515075
v -0.07711273 0.004655507 -0.09889831
v -0.07681091 0.005315464 -0.09859558
v -0.07705002 0.005891349 -0.09513061
v -0.07596237 0.005890819 -0.09774719
v -0.07332901 0.00531549 -0.1000384
v -0.07332901 0.005890819 -0.0988385
v -0.06984726 0.00531547 -0.09859558
v -0.07596237 0.00589082 0.09857788
v -0.07704987 0.005891351 0.09596069
v -0.07533371 0.006252286 -0.09512207
v -0.07474853 0.006252006 -0.09653381
v -0.07332901 0.005890818 0.09966858
v -0.07332901 0.005315422 0.1008685
v -0.0706958 0.005890816 0.09857788
v -0.06984726 0.005315434 0.09942627
v -0.07474853 0.006252006 0.09736389
v -0.07533371 0.006252286 0.09595215
v -0.07332901 0.006377465 -0.09511901
v -0.07332901 0.006252243 -0.09712036
v -0.07332901 0.006252243 0.09795044
v -0.07332901 0.006377465 0.09594909
v -0.07190964 0.006252006 0.09736389
v -0.0706958 0.005890817 -0.09774719
v -0.07190964 0.006252006 -0.09653381
v -0.07132431 0.006252286 0.09595215
v -0.07132431 0.006252286 -0.09512207
v -0.06960815 0.005891348 -0.09513061
v -0.06960815 0.00589135 0.09596069
v -0.0684108 0.005317899 -0.09514587
v -0.0684108 0.005317899 0.09597595
v -0.06954544 0.004655449 0.09972839
v -0.0679805 0.004653929 0.09598083
v -0.0679805 0.004653932 -0.09515075
v -0.06954544 0.004655521 -0.09889831
v -0.07711288 0.00465542 0.09972839
v -0.07681091 0.005315424 0.09942627
v -0.07332901 0.005315422 0.1008685
v -0.07332901 0.004655418 0.1012952
v -0.06984726 0.005315434 0.09942627
v -0.06954544 0.004655449 0.09972839
v -0.08993927 0.004655487 -0.09133667
v -0.09024124 0.005315456 -0.09103455
v -0.09372299 0.005315462 -0.09247681
v -0.09372299 0.004655506 -0.09290405
v -0.09720489 0.005315456 -0.09103455
v -0.09750671 0.004655485 -0.09133667
v -0.09907165 0.004653904 0.08675781
v -0.09720489 0.005315431 0.09020325
v -0.09750687 0.004655435 0.09050476
v -0.0986412 0.005317886 0.08675293
v -0.0986412 0.005317885 -0.08758484
v -0.09907165 0.004653903 -0.08758972
v -0.09750671 0.004655485 -0.09133667
v -0.09720489 0.005315456 -0.09103455
v -0.097444 0.005891347 -0.08756958
v -0.09635635 0.005890818 -0.09018616
v -0.09372299 0.005315462 -0.09247681
v -0.09372299 0.005890817 -0.09127685
v -0.09024124 0.005315456 -0.09103455
v -0.09635635 0.00589082 0.08935486
v -0.097444 0.005891348 0.08673767
v -0.09572769 0.006252285 -0.08756103
v -0.09514236 0.006252005 -0.08897278
v -0.09372299 0.005890817 0.09044494
v -0.09372299 0.005315423 0.0916449
v -0.09108963 0.005890819 0.08935486
v -0.09024124 0.005315434 0.09020325
v -0.09514236 0.006252006 0.08814087
v -0.09572769 0.006252285 0.08672912
v -0.09372299 0.006377465 -0.08755798
v -0.09372299 0.006252242 -0.08955932
v -0.09372299 0.006252243 0.08872741
v -0.09372299 0.006377465 0.08672607
v -0.09230346 0.006252006 0.08814087
v -0.09108963 0.005890817 -0.09018616
v -0.09230346 0.006252004 -0.08897278
v -0.09171829 0.006252285 0.08672912
v -0.09171829 0.006252285 -0.08756103
v -0.09000198 0.005891347 -0.08756958
v -0.09000198 0.005891347 0.08673767
v -0.08880477 0.005317886 -0.08758484
v -0.08880477 0.005317887 0.08675293
v -0.08993912 0.00465544 0.09050476
v -0.08837432 0.004653907 0.08675781
v -0.08837432 0.004653904 -0.08758972
v -0.08993927 0.004655487 -0.09133667
v -0.09750687 0.004655435 0.09050476
v -0.09720489 0.005315431 0.09020325
v -0.09372299 0.005315423 0.0916449
v -0.09372299 0.004655417 0.09207214
v -0.09024124 0.005315434 0.09020325
v -0.08993912 0.00465544 0.09050476
v 0.005913849 0.03879414 -0.300484
v 0.007768555 0.04211686 -0.2940527
v 0.00450531 0.04008767 -0.3004779
v 0.01019043 0.03989814 -0.2940668
v 0.006411743 0.0372555 -0.3004858
v 0.01104523 0.0372555 -0.2940747
v 0.009411621 0.04311297 -0.2882025
v 0.01338013 0.0372555 -0.2882226
v 0.01234116 0.04044608 -0.2882141
v 0.01104904 0.04398252 -0.2823462
v 0.01571381 0.0372555 -0.2823639
v 0.0144902 0.04095052 -0.2823578
v 0.01282135 0.04451687 -0.2616095
v 0.01820358 0.0372555 -0.2616156
v 0.01679428 0.04136987 -0.2616138
v 0.01286545 0.04454048 -0.2371643
v 0.0182634 0.0372555 -0.2371551
v 0.01685059 0.04138281 -0.2371582
v 0.01066467 0.04418104 -0.2175006
v 0.0151384 0.03725545 -0.2174847
v 0.01396744 0.04105085 -0.2174902
v 0.009111785 0.04331237 -0.2057379
v 0.01193054 0.04054946 -0.2057288
v 0.01292999 0.03725545 -0.2057245
v 0.008188324 0.04287796 -0.1996246
v 0.01071045 0.0400243 -0.1995978
v 0.01160629 0.0372555 -0.1995935
v 0.01039185 0.0372555 -0.1945697
v 0.009588471 0.03974086 -0.1945727
v 0.007330627 0.04234474 -0.1945898
v 0.009423218 0.0397025 -0.1893488
v 0.01021545 0.03725546 -0.1893518
v 0.01028091 0.0399247 -0.1824365
v 0.0111467 0.03725546 -0.1824402
v 0.01082703 0.04006626 -0.1734161
v 0.01173996 0.03725546 -0.1734174
v 0.0111908 0.04015803 -0.1648364
v 0.01213394 0.03725548 -0.164837
v 0.008539581 0.04258227 -0.1648352
v 0.008263703 0.04241123 -0.1734131
v 0.008547821 0.04255625 -0.1532648
v 0.01119583 0.0401408 -0.153269
v 0.01213638 0.03725545 -0.1532715
v -0.005913544 0.03879414 -0.300484
v -0.01104523 0.0372555 -0.2940747
v -0.006411743 0.0372555 -0.3004858
v -0.01019043 0.03989814 -0.2940668
v -0.004505005 0.04008768 -0.3004779
v -0.01234116 0.04044607 -0.2882141
v -0.01337997 0.0372555 -0.2882226
v -0.007768555 0.04211687 -0.2940527
v -0.002439423 0.04093521 -0.3004736
v -0.009411468 0.04311297 -0.2882025
v -0.0144902 0.04095052 -0.2823578
v -0.01571365 0.0372555 -0.2823639
v -0.01104904 0.04398252 -0.2823462
v -0.01679428 0.04136988 -0.2616138
v -0.01820343 0.03725549 -0.2616156
v -0.01282104 0.04451687 -0.2616095
v -0.01685059 0.04138281 -0.2371582
v -0.0182634 0.03725549 -0.2371551
v -0.01286514 0.04454048 -0.2371643
v -0.01396728 0.04105085 -0.2174902
v -0.01513824 0.03725545 -0.2174847
v -0.01292999 0.03725545 -0.2057245
v -0.01066422 0.04418104 -0.2175006
v -0.01193054 0.04054946 -0.2057288
v -0.01160614 0.03725551 -0.1995935
v -0.006928406 0.04650992 -0.2616064
v -0.00695282 0.04653995 -0.2371692
v -0.005762634 0.04623775 -0.2175079
v -0.009111634 0.04331237 -0.2057379
v -0.0107103 0.04002432 -0.1995978
v -0.005922546 0.04596498 -0.2823743
v -0.004952698 0.04486812 -0.288164
v -0.003498993 0.04359205 -0.2919769
v 0 0.04409528 -0.2934997
v 0 0.04122852 -0.3004754
v 0.002439423 0.04093521 -0.3004736
v 0.003498993 0.04359205 -0.2919769
v 0.00450531 0.04008767 -0.3004779
v 0.007768555 0.04211686 -0.2940527
v 0.009411621 0.04311297 -0.2882025
v 0.004953003 0.04486812 -0.288164
v 0.01104904 0.04398252 -0.2823462
v 0.005922699 0.04596498 -0.2823743
v 0.01282135 0.04451687 -0.2616095
v 0.006928711 0.04650992 -0.2616064
v 0.01286545 0.04454048 -0.2371643
v 0 0.04660219 -0.281875
v 0.006952972 0.04653995 -0.2371692
v 0.01066467 0.04418104 -0.2175006
v 0 0.04725958 -0.2616052
v 0 0.04729222 -0.237171
v 0.005762787 0.04623775 -0.2175079
v 0 0.04696664 -0.2175104
v 0.004922638 0.04514369 -0.2057465
v 0.009111785 0.04331237 -0.2057379
v 0 0.04578388 -0.2057483
v -0.00492218 0.04514374 -0.2057465
v 0.004425049 0.04464383 -0.1996478
v 0.008188324 0.04287796 -0.1996246
v 0.007330627 0.04234474 -0.1945898
v 0 0.04518348 -0.1996576
v -0.008187713 0.0428778 -0.1996246
v -0.004424743 0.04464374 -0.1996472
v 0.003960419 0.04444852 -0.1946088
v 1.525879E-07 0.04493136 -0.1946173
v -0.003960114 0.04444847 -0.1946094
v -0.007330322 0.04234461 -0.1945917
v -0.009588318 0.03974088 -0.1945727
v -0.01039185 0.03725551 -0.1945697
v -0.01021515 0.03725548 -0.1893518
v -0.009423218 0.0397025 -0.1893488
v -0.0111467 0.03725546 -0.1824402
v -0.007205048 0.0422705 -0.1893414
v -0.01028091 0.03992471 -0.1824365
v -0.01173996 0.03725547 -0.1734174
v -0.003894653 0.04434989 -0.1893347
v -0.01082687 0.04006628 -0.1734161
v -0.01213364 0.03725548 -0.164837
v -0.007854156 0.04214902 -0.1824274
v 0 0.0448253 -0.1893323
v -0.01119064 0.04015805 -0.1648364
v -0.01213623 0.03725545 -0.1532715
v -0.01119568 0.0401408 -0.153269
v -0.008263397 0.04241124 -0.1734131
v -0.00424591 0.04403221 -0.1824164
v -0.008539276 0.04258227 -0.1648352
v -0.008547363 0.04255625 -0.1532648
v 0.003894806 0.04434989 -0.1893347
v -0.004464722 0.04396108 -0.1734094
v -0.004612427 0.04418333 -0.1648346
v -0.004618835 0.04415561 -0.1532629
v 0 0.0445491 -0.1824115
v 0.0072052 0.04227048 -0.1893414
v 0.009588471 0.03974086 -0.1945727
v 0.009423218 0.0397025 -0.1893488
v 0 0.04474298 -0.1648346
v 0 0.04471532 -0.1532623
v 0 0.04450323 -0.173407
v 0.004246063 0.0440322 -0.1824164
v 0.007854462 0.04214902 -0.1824274
v 0.01028091 0.0399247 -0.1824365
v 0.004465027 0.04396108 -0.1734094
v 0.004612732 0.04418333 -0.1648346
v 0.004618835 0.0441556 -0.1532629
v 0.008263703 0.04241123 -0.1734131
v 0.01082703 0.04006626 -0.1734161
v 0.008539581 0.04258227 -0.1648352
v 0.008547821 0.04255625 -0.1532648
v 0.004505157 0.03442313 -0.3004779
v 0.01019043 0.03461285 -0.2940668
v 0.005913849 0.03571685 -0.300484
v 0.007768555 0.03239413 -0.2940527
v 0.002439423 0.03357558 -0.300473
v 0.009411621 0.03139802 -0.2882025
v 0.01234116 0.03406492 -0.2882141
v 0.003498993 0.03091894 -0.2919769
v 0 0.03328228 -0.3004749
v 0.004953003 0.02964287 -0.288164
v 0 0.03041554 -0.2934997
v -0.002439423 0.03357558 -0.300473
v -0.003498993 0.03091894 -0.2919769
v 0.005922699 0.02854601 -0.2823743
v -0.004505005 0.03442313 -0.3004779
v 0.01104904 0.03052847 -0.2823462
v 0.0144902 0.03356047 -0.2823578
v -0.007768555 0.03239413 -0.2940527
v -0.005913544 0.03571685 -0.300484
v 0.01282135 0.02999395 -0.2616095
v 0.01679428 0.03314095 -0.2616138
v 0.006928711 0.02800089 -0.2616064
v -0.009411468 0.03139802 -0.2882025
v -0.004952698 0.02964288 -0.288164
v -0.01019043 0.03461285 -0.2940668
v -0.006411743 0.0372555 -0.3004858
v -0.01104523 0.0372555 -0.2940747
v -0.01337997 0.0372555 -0.2882226
v -0.01234116 0.03406492 -0.2882141
v -0.01571365 0.0372555 -0.2823639
v -0.0144902 0.03356047 -0.2823578
v -0.01820343 0.03725549 -0.2616156
v -0.01104904 0.03052847 -0.2823462
v -0.005922546 0.02854601 -0.2823743
v -0.01679413 0.03314095 -0.2616138
v -0.0182634 0.03725549 -0.2371551
v -0.01282104 0.02999395 -0.2616095
v -0.01685059 0.0331281 -0.2371582
v -0.01513824 0.03725545 -0.2174847
v -0.006928406 0.02800089 -0.2616064
v 0 0.02790863 -0.281875
v -0.01286545 0.02997043 -0.2371643
v -0.01396728 0.03346006 -0.2174902
v 0 0.02725141 -0.2616052
v -0.00695282 0.02797104 -0.2371692
v 0 0.02721869 -0.237171
v -0.01066422 0.03032995 -0.2175006
v -0.01192886 0.03395931 -0.2057275
v -0.01292999 0.03725545 -0.2057245
v -0.01070587 0.03447903 -0.1995978
v -0.009106903 0.03119673 -0.2057318
v -0.005762634 0.02827325 -0.2175079
v 0.006952972 0.02797104 -0.2371692
v -0.008173828 0.03215593 -0.1996161
v -0.004920044 0.02936834 -0.2057343
v 0 0.02754436 -0.2175104
v 0.01286545 0.02997043 -0.2371643
v -0.009581451 0.03475827 -0.1945715
v -0.01039185 0.03725551 -0.1945697
v -0.009417419 0.0347994 -0.1893506
v -0.004416656 0.03062029 -0.1996277
v 0 0.02872885 -0.2057349
v 0.005762787 0.02827325 -0.2175079
v 0.01685059 0.03312811 -0.2371582
v 0.01820358 0.0372555 -0.2616156
v 0.01066467 0.03032995 -0.2175006
v 0.01396744 0.03346006 -0.2174902
v -0.007305908 0.03267964 -0.1945886
v 0 0.03008328 -0.1996326
v 0.004920502 0.02936834 -0.2057343
v 0.01192886 0.03395932 -0.2057275
v 0.01292999 0.03725545 -0.2057245
v 0.01160629 0.0372555 -0.1995935
v 0.009107055 0.03119673 -0.2057318
v 0.01070557 0.03447919 -0.1995959
v 0.009581299 0.03475835 -0.1945727
v 0.004416656 0.03062038 -0.1996271
v 0.008173981 0.0321561 -0.1996161
v 0.007306213 0.03267973 -0.1945904
v 0.003944549 0.03131016 -0.1946014
v 1.525879E-07 0.03083195 -0.1946057
v 0.009417419 0.0347994 -0.1893506
v 0.01021545 0.03725546 -0.1893518
v 0.0111467 0.03725546 -0.1824402
v 0.007182159 0.03275501 -0.1893481
v 0.01027893 0.03458345 -0.1824377
v 0.01173996 0.03725546 -0.1734174
v 0.01082703 0.03444466 -0.1734161
v 0.003878174 0.03140783 -0.1893475
v 0.007842255 0.03235418 -0.1824341
v -0.003944549 0.03131012 -0.1946008
v 0.008261413 0.03209827 -0.1734143
v 0.0111908 0.0343529 -0.1648364
v 0.004235382 0.03088325 -0.1824322
v 0 0.03093729 -0.1893469
v -0.003878021 0.03140783 -0.1893469
v 0.008539581 0.03192866 -0.1648352
v 0.01119583 0.03437015 -0.153269
v 0.008547821 0.03195465 -0.1532648
v 0.00446228 0.03054919 -0.1734131
v 0 0.03036932 -0.182431
v 0.004612732 0.0303276 -0.1648346
v 0.004618835 0.0303553 -0.1532629
v -0.007182007 0.03275501 -0.1893481
v 0 0.03000782 -0.1734125
v 0 0.02976794 -0.1648346
v 0 0.02979558 -0.1532623
v -0.004235229 0.03088326 -0.1824322
v -0.007841949 0.03235417 -0.1824341
v -0.01027893 0.03458345 -0.1824377
v -0.004461975 0.03054921 -0.1734131
v -0.004612579 0.0303276 -0.1648346
v -0.004618835 0.0303553 -0.1532629
v -0.008261108 0.03209827 -0.1734143
v -0.01082687 0.03444466 -0.1734161
v -0.008539429 0.03192866 -0.1648352
v -0.008547668 0.03195465 -0.1532648
v -0.01119064 0.0343529 -0.1648364
v -0.01119568 0.03437015 -0.153269
v 0.005913849 0.03571685 -0.300484
v 0.01104523 0.0372555 -0.2940747
v 0.006411743 0.0372555 -0.3004858
v 0.01019043 0.03461285 -0.2940668
v 0.01234116 0.03406492 -0.2882141
v 0.01338013 0.0372555 -0.2882226
v 0.0144902 0.03356047 -0.2823578
v 0.01571381 0.0372555 -0.2823639
v 0.01679428 0.03314095 -0.2616138
v 0.01820358 0.0372555 -0.2616156
v 0.01685059 0.03312811 -0.2371582
v 0.0182634 0.0372555 -0.2371551
v 0.01396744 0.03346006 -0.2174902
v 0.0151384 0.03725545 -0.2174847
v 0.01292999 0.03725545 -0.2057245
v -0.007342377 0.04103098 -0.1532459
v -0.009432068 0.03921508 -0.1316559
v -0.009355316 0.03918376 -0.1532416
v -0.007388763 0.04109063 -0.1325769
v -0.004040527 0.04237986 -0.1532489
v -0.004061279 0.04244824 -0.1332587
v 0 0.04287075 -0.1532495
v 0 0.04294096 -0.1335071
v 0.004040833 0.04237986 -0.1532489
v 0.004061432 0.04244824 -0.1332587
v 0.007342377 0.04103099 -0.1532459
v 0.007388916 0.04109064 -0.1325769
v 0.009355469 0.03918372 -0.1532416
v 0.009432373 0.03921517 -0.1316559
v 0.009977874 0.03725537 -0.1532379
v 0.01006393 0.0372334 -0.1307086
v -0.009355316 0.03918376 -0.1532416
v -0.009432068 0.03921508 -0.1316559
v -0.01006363 0.03723339 -0.1307086
v -0.00997757 0.03725537 -0.1532379
v -0.00997757 0.03725537 -0.1532379
v -0.01006363 0.03723339 -0.1307086
v -0.009415283 0.0352697 -0.1297607
v -0.009355316 0.03532702 -0.1532416
v -0.007377014 0.03341267 -0.1288391
v -0.007342377 0.03347974 -0.1532459
v -0.007342377 0.03347974 -0.1532459
v -0.007377014 0.03341267 -0.1288391
v -0.004056396 0.03206123 -0.128158
v -0.004040527 0.03213091 -0.1532489
v 0 0.03156978 -0.1279095
v 0 0.03163998 -0.1532495
v 0.004056549 0.03206123 -0.128158
v 0.004040833 0.03213091 -0.1532489
v 0.007377167 0.03341267 -0.1288391
v 0.007342377 0.03347974 -0.1532459
v 0.009415588 0.0352697 -0.1297607
v 0.007342377 0.03347974 -0.1532459
v 0.009415588 0.0352697 -0.1297607
v 0.009355469 0.03532702 -0.1532416
v 0.01006393 0.0372334 -0.1307086
v 0.009977874 0.03725537 -0.1532379
v 0.0111908 0.0343529 -0.1648364
v 0.01119583 0.03437015 -0.153269
v 0.01213638 0.03725545 -0.1532715
v 0.01213394 0.03725548 -0.164837
v 0.01082703 0.03444466 -0.1734161
v 0.01173996 0.03725546 -0.1734174
v -0.01213364 0.03725548 -0.164837
v -0.01213623 0.03725545 -0.1532715
v -0.01119568 0.03437015 -0.153269
v -0.01119064 0.0343529 -0.1648364
v -0.01173996 0.03725547 -0.1734174
v -0.01082687 0.03444466 -0.1734161
v -0.0111467 0.03725546 -0.1824402
v -0.01027893 0.03458345 -0.1824377
v -0.01021515 0.03725548 -0.1893518
v -0.009417419 0.0347994 -0.1893506
v -0.01039185 0.03725551 -0.1945697
v -0.01070587 0.03447903 -0.1995978
v -0.01160614 0.03725551 -0.1995935
v -0.01292999 0.03725545 -0.2057245
v 0 0.04033 -0.2840784
v 0.003518524 0.04034271 -0.2845367
v 0.004333191 0.04303402 -0.2837836
v 0 0.04304168 -0.2833978
v 0 0.04660219 -0.281875
v 0.005922699 0.04596498 -0.2823743
v -0.005922546 0.04596498 -0.2823743
v -0.004333038 0.04303402 -0.2837836
v -0.003518524 0.0403427 -0.2845367
v -0.003518524 0.0403427 -0.2845367
v -0.003518524 0.03416812 -0.2845367
v 0 0.03418101 -0.2840784
v 0.003518524 0.04034271 -0.2845367
v 0.003518524 0.03416812 -0.2845367
v -0.004333038 0.03147697 -0.2837836
v 0 0.03146932 -0.2833984
v 0.004333191 0.03147697 -0.2837836
v 0.005922699 0.02854601 -0.2823743
v 0 0.02790863 -0.281875
v -0.005922546 0.02854601 -0.2823743
v -0.004333038 0.04303402 -0.2837836
v -0.002926941 0.04034115 -0.2879956
v -0.003518524 0.0403427 -0.2845367
v -0.003617096 0.04263706 -0.2880432
v -0.002041931 0.04031246 -0.2903033
v -0.002585907 0.04228029 -0.290935
v -0.002041931 0.03419854 -0.2903033
v -0.002926941 0.03416966 -0.2879956
v -0.002585907 0.03223052 -0.290935
v -0.003617096 0.03187376 -0.2880432
v -0.004952698 0.02964288 -0.288164
v -0.003498993 0.03091894 -0.2919769
v -0.005922546 0.02854601 -0.2823743
v -0.004333038 0.03147697 -0.2837836
v -0.003518524 0.03416812 -0.2845367
v -0.003518524 0.0403427 -0.2845367
v -0.002926941 0.04034115 -0.2879956
v 0.004333191 0.03147697 -0.2837836
v 0.002926941 0.03416966 -0.2879956
v 0.003518524 0.03416812 -0.2845367
v 0.003617248 0.03187375 -0.2880432
v 0.005922699 0.02854601 -0.2823743
v 0.004953003 0.02964287 -0.288164
v 0.003498993 0.03091894 -0.2919769
v 0.00258606 0.03223052 -0.290935
v 0.002042084 0.03419853 -0.2903033
v 0 0.04033232 -0.2911993
v 0.002042084 0.04031246 -0.2903033
v 0.002926941 0.03416966 -0.2879956
v 0.002042084 0.03419853 -0.2903033
v 0.002926941 0.04034116 -0.2879956
v 0.003518524 0.03416812 -0.2845367
v 0.003518524 0.04034271 -0.2845367
v 0.00258606 0.04228029 -0.290935
v 0 0.04233508 -0.2919427
v 0.003617248 0.04263706 -0.2880432
v 0.004333191 0.04303402 -0.2837836
v 0.005922699 0.04596498 -0.2823743
v 0.004953003 0.04486812 -0.288164
v 0.003498993 0.04359205 -0.2919769
v 0 0.04409528 -0.2934997
v 0.00258606 0.03223052 -0.290935
v 0 0.0341785 -0.2911993
v 0.002042084 0.03419853 -0.2903033
v 0 0.03217591 -0.2919427
v -0.002041931 0.03419854 -0.2903033
v -0.002585907 0.03223052 -0.290935
v -0.003498993 0.03091894 -0.2919769
v 0 0.03041554 -0.2934997
v 0.003498993 0.03091894 -0.2919769
v -0.002585907 0.04228029 -0.290935
v 0 0.04033232 -0.2911993
v -0.002041931 0.04031246 -0.2903033
v 0 0.04233508 -0.2919427
v 0.002042084 0.04031246 -0.2903033
v 0 0.04409528 -0.2934997
v -0.003498993 0.04359205 -0.2919769
v 0.002042084 0.03419853 -0.2903033
v 0 0.0341785 -0.2911993
v -0.002041931 0.04031246 -0.2903033
v -0.002041931 0.03419854 -0.2903033
v -0.003498993 0.04359205 -0.2919769
v -0.002585907 0.04228029 -0.290935
v -0.003617096 0.04263706 -0.2880432
v -0.004952698 0.04486812 -0.288164
v -0.005922546 0.04596498 -0.2823743
v -0.004333038 0.04303402 -0.2837836
v 0.01160629 0.0372555 -0.1995935
v 0.009581299 0.03475835 -0.1945727
v 0.01039185 0.0372555 -0.1945697
v 0.01021545 0.03725546 -0.1893518
v -0.002489166 0.03489332 -0.1235321
v 0 0.03556713 -0.1228174
v 0 0.03415203 -0.123208
v -0.001818848 0.03610875 -0.1230536
v -0.00402771 0.03683416 -0.1243793
v 0 0.03715551 -0.1228461
v -0.00294281 0.03752685 -0.1236719
v -0.00402771 0.03923321 -0.1254254
v -0.0009564209 0.03744032 -0.1229694
v 0 0.03873108 -0.1233032
v -0.00294281 0.03927977 -0.1244366
v -0.002489166 0.04117411 -0.1262714
v -0.001547546 0.03818614 -0.1232941
v -0.001818848 0.04069787 -0.1250555
v 0 0.04191547 -0.1265955
v 0 0.04123954 -0.1252917
v -0.001547546 0.03910794 -0.1236975
v -0.0009564209 0.03985358 -0.1240222
v 0 0.0401384 -0.1241461
v 0.002489319 0.04117411 -0.1262714
v 0 0.04123954 -0.1252917
v 0 0.04191547 -0.1265955
v 0.001818848 0.04069787 -0.1250555
v 0.00402771 0.03923323 -0.1254254
v 0 0.0401384 -0.1241461
v 0.002942963 0.03927978 -0.1244366
v 0.004027863 0.03683417 -0.1243793
v 0.0009564209 0.03985357 -0.1240222
v 0 0.03873108 -0.1233032
v 0.002942963 0.03752686 -0.1236719
v 0.002489319 0.03489333 -0.1235321
v 0.001547394 0.03910793 -0.1236975
v 0.001818848 0.03610875 -0.1230536
v 0 0.03415203 -0.123208
v 0 0.03556713 -0.1228174
v 0.001547394 0.03818615 -0.1232941
v 0.0009562683 0.03744032 -0.1229694
v 0 0.03715551 -0.1228461
v 0.1060872 0.004876391 0.08280945
v 0.06595612 0.004876381 0.03957641
v 0.1093768 0.004876391 0.06624024
v 0.1093655 0.004876391 1.220703E-06
v 0.06394806 0.004876381 0.04967163
v 0 0.004876381 0
v 0.09676041 0.004876391 0.09676025
v 0.06595612 0.004876381 0
v 0.06595612 0.004876381 -0.0395758
v 0.1093542 0.004876391 -0.06623779
v 0.06394806 0.004876381 -0.04967102
v 0.1060605 0.004876391 -0.08279907
v 0.05822952 0.004876381 -0.05822998
v 0.09676041 0.004876391 -0.09676025
v 0.04967133 0.004876381 -0.06394836
v 0.08280929 0.004876391 -0.1060876
v 0.03957626 0.004876381 -0.06595581
v 0.06623993 0.004876391 -0.1093768
v 0.04967133 0.004876381 0.06394775
v 0 0.004876381 -0.06595581
v 1.068115E-06 0.004876391 -0.1093652
v -0.03957641 0.004876381 -0.06595581
v -0.06623764 0.004876391 -0.1093549
v -0.04967148 0.004876381 -0.06394836
v -0.08279846 0.004876391 -0.1060602
v -0.05822967 0.004876381 -0.05822998
v -0.09676041 0.004876391 -0.09676025
v -0.06394806 0.004876381 -0.04967102
v -0.106087 0.004876391 -0.08280884
v -0.06595626 0.004876381 -0.0395758
v -0.1093768 0.004876392 -0.06623963
v -0.1093657 0.004876391 -1.220703E-06
v -0.06595626 0.004876381 0
v -0.1093545 0.004876392 0.06623779
v -0.06595626 0.004876381 0.03957641
v -0.06394806 0.004876381 0.04967163
v -0.1060608 0.004876391 0.08279846
v -0.05822967 0.004876381 0.05822998
v -0.09676041 0.004876391 0.09676025
v -0.04967148 0.004876381 0.06394775
v -0.08280945 0.004876391 0.106087
v 0 0.004876381 0.06595642
v -0.03957641 0.004876381 0.06595642
v -0.06623993 0.004876392 0.1093768
v -1.068115E-06 0.004876391 0.1093658
v 0.06623749 0.004876391 0.1093542
v 0.03957626 0.004876381 0.06595642
v 0.08279831 0.004876391 0.1060608
v 0.05822952 0.004876381 0.05822998
v 0.00450531 0.04008767 -0.3004779
v 0 0.03725548 -0.3005206
v 0.005913849 0.03879414 -0.300484
v 0.002439423 0.04093521 -0.3004736
v 0.006411743 0.0372555 -0.3004858
v 0 0.04122852 -0.3004754
v 0.005913849 0.03571685 -0.300484
v -0.002439423 0.04093521 -0.3004736
v 0.004505157 0.03442313 -0.3004779
v -0.004505005 0.04008768 -0.3004779
v 0.002439423 0.03357558 -0.300473
v -0.005913544 0.03879414 -0.300484
v 0 0.03328228 -0.3004749
v -0.006411743 0.0372555 -0.3004858
v -0.002439423 0.03357558 -0.300473
v -0.005913544 0.03571685 -0.300484
v -0.004505005 0.03442313 -0.3004779
v 0.01119583 0.0401408 -0.153269
v 0.01213638 0.03725545 -0.1532715
v 0.009977874 0.03725537 -0.1532379
v 0.009355469 0.03918372 -0.1532416
v 0.009355469 0.03532702 -0.1532416
v 0.008547821 0.04255625 -0.1532648
v 0.01119583 0.03437015 -0.153269
v 0.007342377 0.04103099 -0.1532459
v 0.007342377 0.03347974 -0.1532459
v 0.004618835 0.0441556 -0.1532629
v 0.008547821 0.03195465 -0.1532648
v 0.004040833 0.04237986 -0.1532489
v 0.004040833 0.03213091 -0.1532489
v 0 0.04471532 -0.1532623
v 0.004618835 0.0303553 -0.1532629
v 0 0.04287075 -0.1532495
v 0 0.03163998 -0.1532495
v -0.004618835 0.04415561 -0.1532629
v 0 0.02979558 -0.1532623
v -0.004040527 0.04237986 -0.1532489
v -0.004040527 0.03213091 -0.1532489
v -0.008547363 0.04255625 -0.1532648
v -0.004618835 0.0303553 -0.1532629
v -0.007342377 0.04103098 -0.1532459
v -0.007342377 0.03347974 -0.1532459
v -0.01119568 0.0401408 -0.153269
v -0.008547668 0.03195465 -0.1532648
v -0.009355316 0.03918376 -0.1532416
v -0.009355316 0.03532702 -0.1532416
v -0.01213623 0.03725545 -0.1532715
v -0.01119568 0.03437015 -0.153269
v -0.00997757 0.03725537 -0.1532379
vt -69.84509 -14.6968
vt -69.84509 -14.69286
vt -69.84116 -14.69286
vt -69.84509 -14.6968
vt -69.84116 -14.69286
vt -69.84116 -14.6968
vt -69.73335 0.5446054
vt -69.83536 0.5840498
vt -69.83524 0.6256678
vt -70.08741 0.7414594
vt -70.08738 0.9306319
vt -70.08006 0.9294904
vt -69.93762 0.9738063
vt -69.93752 1.031944
vt -69.93443 1.029701
vt -69.93462 0.9704632
vt -69.93768 0.7420146
vt -69.92928 0.9717804
vt -69.92922 1.030371
vt -69.93466 0.7420087
vt -69.93765 0.510227
vt -69.92928 0.742009
vt -69.81595 0.9431013
vt -69.81572 0.994329
vt -69.92915 1.08003
vt -69.81564 1.037773
vt -69.81595 0.742009
vt -69.92928 0.5122381
vt -69.81595 0.5409175
vt -69.81572 0.4896891
vt -69.93465 0.5135577
vt -69.93755 0.4521497
vt -69.93447 0.4543298
vt -69.92922 0.4536481
vt -69.81564 0.4462461
vt -69.92915 0.4039886
vt -69.84296 0.9778587
vt -69.83952 1.039894
vt -69.83995 0.9812071
vt -69.84261 1.037705
vt -69.83915 1.089491
vt -69.84731 1.039865
vt -69.84232 1.08888
vt -69.83897 1.122729
vt -69.84207 1.123062
vt -69.84731 1.123359
vt -69.84739 1.08989
vt -69.96175 1.047322
vt -69.96166 1.003557
vt -69.96761 1.000849
vt -69.96764 1.043511
vt -69.84042 0.5141963
vt -69.84105 0.4558167
vt -69.84412 0.4580814
vt -69.84344 0.5175717
vt -69.84016 0.7476755
vt -69.84725 0.5178956
vt -69.84731 0.4588736
vt -69.84317 0.7476897
vt -69.83995 0.9812071
vt -69.84296 0.9778587
vt -69.96143 0.5467876
vt -69.96166 0.4951811
vt -69.84725 0.7493688
vt -69.84725 0.9808407
vt -69.84731 1.039865
vt -69.96166 1.003557
vt -69.96143 0.95195
vt -69.96143 0.7493688
vt -69.96754 0.7493702
vt -69.96754 0.5484583
vt -69.96761 0.4979113
vt -69.96764 0.4552253
vt -69.7914 0.5095116
vt -69.79147 0.4511989
vt -69.79453 0.453449
vt -69.7944 0.5128649
vt -69.79134 0.7420037
vt -69.79708 0.5115441
vt -69.79714 0.4527771
vt -69.79433 0.7420098
vt -69.79136 0.9744912
vt -69.79708 0.742009
vt -69.91076 0.5403101
vt -69.911 0.488927
vt -69.79722 0.4029677
vt -69.91109 0.4453528
vt -69.91076 0.742009
vt -69.79708 0.9724743
vt -69.91076 0.9437087
vt -69.911 0.995091
vt -69.79434 0.9711504
vt -69.79142 1.032744
vt -69.79447 1.030557
vt -69.79714 1.031242
vt -69.91109 1.038666
vt -69.79722 1.081051
vt -69.84151 0.4068413
vt -69.84157 0.3740888
vt -69.84463 0.373605
vt -69.84465 0.4074552
vt -69.84105 0.4558167
vt -69.84412 0.4580814
vt -69.84731 0.4588736
vt -69.84739 0.4088458
vt -69.84731 0.3753775
vt -69.96166 0.4951811
vt -69.96175 0.4514158
vt -69.96764 0.4552253
vt -69.86926 0.3739699
vt -69.86639 0.4074923
vt -69.86617 0.3744551
vt -69.86954 0.4081033
vt -69.87461 0.4070934
vt -69.87455 0.3736275
vt -69.86954 0.4081033
vt -69.86678 0.4570016
vt -69.86639 0.4074923
vt -69.86987 0.4592577
vt -69.86722 0.5157533
vt -69.87455 0.4571147
vt -69.87461 0.4070934
vt -69.87023 0.5191127
vt -69.86738 0.7492716
vt -69.98888 0.4934209
vt -69.98897 0.4496589
vt -69.99487 0.4534695
vt -69.99484 0.4961523
vt -69.98866 0.5450236
vt -69.99476 0.5466942
vt -69.87449 0.5161351
vt -69.87039 0.7492702
vt -69.86761 0.9827307
vt -69.87449 0.7475898
vt -69.98866 0.7475898
vt -69.99476 0.7475926
vt -69.87063 0.979367
vt -69.86823 1.041052
vt -69.87449 0.9790459
vt -69.98866 0.950156
vt -69.99476 0.9484897
vt -69.98888 1.001759
vt -69.99484 0.9990513
vt -69.87128 1.03885
vt -69.86873 1.090092
vt -69.87455 1.038064
vt -69.87461 1.088088
vt -69.98897 1.045521
vt -69.99487 1.041711
vt -70.36874 0.4774534
vt -70.33731 0.4303682
vt -70.34226 0.4254115
vt -70.37502 0.4742354
vt -70.37972 0.5330065
vt -70.38644 0.5314402
vt -70.37972 0.7506335
vt -70.3864 0.7506279
vt -70.37972 0.9682591
vt -70.38635 0.9698169
vt -70.36874 1.023812
vt -70.37492 1.026987
vt -70.33731 1.070897
vt -70.34226 1.075855
vt -69.66422 0.5412579
vt -69.65683 0.5861176
vt -69.65683 0.5361941
vt -69.66427 0.5893593
vt -69.65683 0.64452
vt -69.66427 0.5893593
vt -69.6644 0.6461114
vt -69.65683 0.64452
vt -69.65683 0.8684398
vt -69.6644 0.8684356
vt -69.65683 1.092358
vt -69.6644 1.09076
vt -69.65683 1.150799
vt -69.66427 1.147512
vt -69.65683 1.200677
vt -69.66422 1.195613
vt -69.69677 0.4303682
vt -69.65917 0.4742803
vt -69.69183 0.4254115
vt -69.66535 0.4774534
vt -69.64774 0.5314487
vt -69.65437 0.5330065
vt -69.66535 1.023812
vt -69.69677 1.070897
vt -69.69183 1.075855
vt -69.65907 1.027032
vt -69.65437 0.9682591
vt -69.64764 0.9698253
vt -69.65437 0.7506335
vt -69.64769 0.7506377
vt -69.65437 0.5330065
vt -69.64774 0.5314487
vt -69.68845 0.5411923
vt -69.68107 0.5860611
vt -69.68107 0.5361276
vt -69.6885 0.5893034
vt -69.68107 0.6444765
vt -69.68862 0.6460668
vt -69.68107 0.8684398
vt -69.68862 0.8684356
vt -69.68107 1.092404
vt -69.68862 1.090804
vt -69.68107 1.150856
vt -69.6885 1.147568
vt -69.68107 1.200743
vt -69.68845 1.195679
vt -69.8137 0.592068
vt -69.71172 0.5840408
vt -69.81374 0.544595
vt -69.71185 0.6256599
vt -69.81359 0.6480778
vt -69.7122 0.6747223
vt -69.7122 0.8674931
vt -69.81359 0.8674931
vt -69.81359 1.086909
vt -69.7122 1.060264
vt -69.8137 1.142919
vt -69.71185 1.109327
vt -69.81374 1.190392
vt -69.71172 1.150946
vt -69.66422 0.5412579
vt -69.76746 0.6233971
vt -69.66427 0.5893593
vt -69.76759 0.5812259
vt -69.77432 0.5857868
vt -69.66427 1.147512
vt -69.76759 1.155645
vt -69.66422 1.195613
vt -69.76746 1.113475
vt -69.6644 1.09076
vt -69.77425 1.110175
vt -69.77432 1.151083
vt -69.7741 1.061705
vt -69.76712 1.063761
vt -69.7741 0.8684327
vt -69.76712 0.8684356
vt -69.6644 0.8684356
vt -69.7741 0.67516
vt -69.6644 0.6461114
vt -69.76712 0.6731101
vt -69.66427 0.5893593
vt -69.77425 0.6266702
vt -69.76746 0.6233971
vt -69.77432 0.5857868
vt -69.73335 0.5446054
vt -69.83524 0.6256678
vt -69.73339 0.592077
vt -69.83489 0.6747286
vt -69.73351 0.6480849
vt -69.83489 0.8674931
vt -69.73351 0.8674931
vt -69.83489 1.060258
vt -69.73351 1.086902
vt -69.83524 1.109319
vt -69.73339 1.14291
vt -69.83536 1.150937
vt -69.73335 1.190381
vt -69.6885 1.147568
vt -69.79185 1.155703
vt -69.68845 1.195679
vt -69.79172 1.113523
vt -69.68862 1.090804
vt -69.7985 1.110224
vt -69.79857 1.151141
vt -69.79835 1.061744
vt -69.79137 1.0638
vt -69.68862 0.8684356
vt -69.79835 0.8684327
vt -69.79137 0.8684356
vt -69.68862 0.6460668
vt -69.79835 0.6751212
vt -69.79137 0.673071
vt -69.6885 0.5893034
vt -69.7985 0.6266204
vt -69.79172 0.6233466
vt -69.68845 0.5411923
vt -69.79857 0.5857316
vt -69.79185 0.5811683
vt -70.05529 0.5487779
vt -70.10606 0.5590433
vt -70.10272 0.5646405
vt -70.14449 0.5925621
vt -70.14915 0.5879042
vt -70.0996 0.571667
vt -70.05215 0.5623876
vt -70.0532 0.554776
vt -70.13899 0.5980379
vt -70.17233 0.6343422
vt -70.16528 0.6374743
vt -70.18222 0.6838435
vt -70.17458 0.6849056
vt -70.18224 0.8812302
vt -70.17458 0.8812318
vt -70.18227 1.078617
vt -70.17465 1.077559
vt -70.17239 1.12814
vt -70.16538 1.125011
vt -70.14449 1.169891
vt -70.13902 1.16441
vt -70.10271 1.19775
vt -70.14915 1.174551
vt -70.09957 1.190697
vt -70.0532 1.207623
vt -70.05215 1.199994
vt -70.05529 0.5487779
vt -70.10272 0.5646405
vt -70.0532 0.554776
vt -69.85583 0.5487779
vt -69.85583 0.5548037
vt -69.65633 0.5487779
vt -69.85583 0.5624621
vt -70.05215 0.5623876
vt -69.6595 0.5624607
vt -69.65843 0.5548315
vt -69.60557 0.5590433
vt -69.61206 0.5717547
vt -69.60892 0.5647049
vt -69.56248 0.5879042
vt -69.57262 0.5980451
vt -69.56715 0.5925621
vt -69.56715 1.169891
vt -69.60557 1.20341
vt -69.56248 1.174551
vt -69.60891 1.197814
vt -69.65633 1.213677
vt -69.65843 1.207679
vt -69.85583 1.213677
vt -69.85581 1.207651
vt -70.05529 1.213677
vt -70.0532 1.207623
vt -70.10606 1.20341
vt -70.10271 1.19775
vt -70.14915 1.174551
vt -70.05215 1.199994
vt -69.85581 1.199992
vt -69.65948 1.200067
vt -69.61202 1.190785
vt -69.57263 1.164417
vt -69.5393 1.128113
vt -69.54635 1.124979
vt -69.52941 1.078611
vt -69.53704 1.077549
vt -69.4972 1.018417
vt -69.53483 1.049586
vt -69.49363 1.022004
vt -69.5374 1.045218
vt -69.58342 1.059346
vt -69.96754 0.9502836
vt -69.96761 1.000849
vt -69.96166 1.003557
vt -69.96143 0.95195
vt -69.96754 0.7493702
vt -69.96491 1.059346
vt -69.77417 1.059346
vt -69.77417 1.0547
vt -69.96335 1.054721
vt -70.0135 1.049586
vt -70.01095 1.045267
vt -70.05471 1.022004
vt -70.05112 1.018417
vt -70.0135 0.4333351
vt -70.05471 0.4609172
vt -70.05112 0.4645055
vt -70.01093 0.4377038
vt -69.96491 0.4235756
vt -69.96333 0.4282416
vt -69.77417 0.4235756
vt -69.77417 0.428223
vt -69.58342 0.4235756
vt -69.58498 0.4282016
vt -69.53483 0.4333351
vt -69.53738 0.4376572
vt -69.49363 0.4609172
vt -69.4972 0.4645055
vt -69.94286 0.8687704
vt -70.13375 0.8687704
vt -70.13375 1.059663
vt -69.94286 1.059663
vt -69.56715 0.5925621
vt -69.57262 0.5980451
vt -69.54625 0.6374435
vt -69.53924 0.6343158
vt -69.53698 0.6848954
vt -69.52937 0.6838377
vt -69.53704 0.8812229
vt -69.5294 0.8812245
vt -69.53704 1.077549
vt -69.52941 1.078611
vt -70.05164 1.165837
vt -70.04135 1.168993
vt -70.05085 1.165054
vt -70.04135 1.1701
vt -70.03184 1.165054
vt -70.03105 1.165837
vt -70.02679 0.6054712
vt -70.03105 0.5951805
vt -70.03184 0.5959642
vt -70.02791 0.6054712
vt -70.02791 1.155547
vt -70.02679 1.155547
vt -70.03105 1.165837
vt -70.03184 1.165054
vt -70.03105 1.155547
vt -70.03407 1.162822
vt -70.04135 1.168993
vt -70.04135 1.165837
vt -70.05085 1.165054
vt -70.03407 0.5981944
vt -70.03105 0.6054712
vt -70.03577 1.155547
vt -70.03741 1.159485
vt -70.04135 0.5951805
vt -70.04135 0.5920249
vt -70.04861 0.5981944
vt -70.05085 0.5959642
vt -70.03741 0.6015334
vt -70.03577 0.6054712
vt -70.04135 1.155547
vt -70.04135 1.161116
vt -70.04135 0.599902
vt -70.04135 0.6054712
vt -70.04528 0.6015334
vt -70.04861 1.162822
vt -70.04528 1.159485
vt -70.04692 0.6054712
vt -70.04692 1.155547
vt -70.05164 1.155547
vt -70.05164 0.6054712
vt -70.05479 1.155547
vt -70.05479 0.6054712
vt -70.05164 0.5951805
vt -70.05589 0.6054712
vt -70.05589 1.155547
vt -70.05164 1.165837
vt -70.03105 0.5951805
vt -70.04135 0.5920249
vt -70.03184 0.5959642
vt -70.04135 0.5909175
vt -70.05085 0.5959642
vt -70.05164 0.5951805
vt -70.05959 1.165737
vt -70.04931 1.168892
vt -70.05882 1.164954
vt -70.04931 1.169999
vt -70.03982 1.164954
vt -70.03903 1.165737
vt -70.03476 0.6055678
vt -70.03903 0.5952808
vt -70.03982 0.5960641
vt -70.03587 0.6055678
vt -70.03587 1.15545
vt -70.03476 1.15545
vt -70.03903 1.165737
vt -70.03982 1.164954
vt -70.03903 1.15545
vt -70.04204 1.162723
vt -70.04931 1.168892
vt -70.04931 1.165737
vt -70.05882 1.164954
vt -70.04204 0.5982935
vt -70.03903 0.6055678
vt -70.04375 1.15545
vt -70.04538 1.159387
vt -70.04931 0.5952808
vt -70.04931 0.5921263
vt -70.05659 0.5982935
vt -70.05882 0.5960641
vt -70.04538 0.6016314
vt -70.04375 0.6055678
vt -70.04931 1.15545
vt -70.04931 1.161017
vt -70.04931 0.6000006
vt -70.04931 0.6055678
vt -70.05325 0.6016314
vt -70.05659 1.162723
vt -70.05325 1.159387
vt -70.05488 0.6055678
vt -70.05488 1.15545
vt -70.05959 1.15545
vt -70.05959 0.6055678
vt -70.06275 1.15545
vt -70.06275 0.6055678
vt -70.05959 0.5952808
vt -70.06387 0.6055678
vt -70.06387 1.15545
vt -70.05959 1.165737
vt -70.03903 0.5952808
vt -70.04931 0.5921263
vt -70.03982 0.5960641
vt -70.04931 0.5910193
vt -70.05882 0.5960641
vt -70.05959 0.5952808
vt -70.06757 1.165805
vt -70.05729 1.16896
vt -70.06679 1.165021
vt -70.05729 1.170068
vt -70.04778 1.165021
vt -70.04699 1.165805
vt -70.04273 0.6055024
vt -70.04699 0.5952129
vt -70.04778 0.5959965
vt -70.04385 0.6055024
vt -70.04385 1.155516
vt -70.04273 1.155516
vt -70.04699 1.165805
vt -70.04778 1.165021
vt -70.04699 1.155516
vt -70.05001 1.16279
vt -70.05729 1.16896
vt -70.05729 1.165805
vt -70.06679 1.165021
vt -70.05001 0.5982264
vt -70.04699 0.6055024
vt -70.05172 1.155516
vt -70.05334 1.159453
vt -70.05729 0.5952129
vt -70.05729 0.5920577
vt -70.06457 0.5982264
vt -70.06679 0.5959965
vt -70.05334 0.6015651
vt -70.05172 0.6055024
vt -70.05729 1.155516
vt -70.05729 1.161084
vt -70.05729 0.5999339
vt -70.05729 0.6055024
vt -70.06122 0.6015651
vt -70.06457 1.16279
vt -70.06122 1.159453
vt -70.06286 0.6055024
vt -70.06286 1.155516
vt -70.06757 1.155516
vt -70.06757 0.6055024
vt -70.07073 1.155516
vt -70.07073 0.6055024
vt -70.06757 0.5952129
vt -70.07183 0.6055024
vt -70.07183 1.155516
vt -70.06757 1.165805
vt -70.04699 0.5952129
vt -70.05729 0.5920577
vt -70.04778 0.5959965
vt -70.05729 0.5909504
vt -70.06679 0.5959965
vt -70.06757 0.5952129
vt -70.09832 1.272204
vt -70.08804 1.275358
vt -70.09755 1.271419
vt -70.08804 1.276467
vt -70.07854 1.271419
vt -70.07775 1.272204
vt -70.07348 0.7223781
vt -70.07775 0.7120886
vt -70.07854 0.7128722
vt -70.07459 0.7223781
vt -70.07459 1.261913
vt -70.07348 1.261913
vt -70.07775 1.272204
vt -70.07854 1.271419
vt -70.07775 1.261913
vt -70.08076 1.269189
vt -70.08804 1.275358
vt -70.08804 1.272204
vt -70.09755 1.271419
vt -70.08076 0.7151021
vt -70.07775 0.7223781
vt -70.08247 1.261913
vt -70.08411 1.265851
vt -70.08804 0.7120886
vt -70.08804 0.7089335
vt -70.09531 0.7151021
vt -70.09755 0.7128722
vt -70.08411 0.7184407
vt -70.08247 0.7223781
vt -70.08804 1.261913
vt -70.08804 1.267482
vt -70.08804 0.7168096
vt -70.08804 0.7223781
vt -70.09198 0.7184407
vt -70.09531 1.269189
vt -70.09198 1.265851
vt -70.09361 0.7223781
vt -70.09361 1.261913
vt -70.09832 1.261913
vt -70.09832 0.7223781
vt -70.10149 1.261913
vt -70.10149 0.7223781
vt -70.09832 0.7120886
vt -70.10259 0.7223781
vt -70.10259 1.261913
vt -70.09832 1.272204
vt -70.07775 0.7120886
vt -70.08804 0.7089335
vt -70.07854 0.7128722
vt -70.08804 0.707826
vt -70.09755 0.7128722
vt -70.09832 0.7120886
vt -70.08163 1.243862
vt -70.07135 1.247015
vt -70.08085 1.243079
vt -70.07135 1.248123
vt -70.06184 1.243079
vt -70.06105 1.243862
vt -70.0568 0.7416251
vt -70.06105 0.731338
vt -70.06184 0.7321212
vt -70.05791 0.7416251
vt -70.05791 1.233577
vt -70.0568 1.233577
vt -70.06105 1.243862
vt -70.06184 1.243079
vt -70.06105 1.233577
vt -70.06408 1.24085
vt -70.07135 1.247015
vt -70.07135 1.243862
vt -70.08085 1.243079
vt -70.06408 0.7343517
vt -70.06105 0.7416251
vt -70.06579 1.233577
vt -70.06741 1.237514
vt -70.07135 0.731338
vt -70.07135 0.7281852
vt -70.07863 0.7343517
vt -70.08085 0.7321212
vt -70.06741 0.7376876
vt -70.06579 0.7416251
vt -70.07135 1.233577
vt -70.07135 1.239143
vt -70.07135 0.7360572
vt -70.07135 0.7416251
vt -70.07528 0.7376876
vt -70.07863 1.24085
vt -70.07528 1.237514
vt -70.07691 0.7416251
vt -70.07691 1.233577
vt -70.08163 1.233577
vt -70.08163 0.7416251
vt -70.08479 1.233577
vt -70.08479 0.7416251
vt -70.08163 0.731338
vt -70.08588 0.7416251
vt -70.08588 1.233577
vt -70.08163 1.243862
vt -70.06105 0.731338
vt -70.07135 0.7281852
vt -70.06184 0.7321212
vt -70.07135 0.727077
vt -70.08085 0.7321212
vt -70.08163 0.731338
vt -70.05495 1.165805
vt -70.05574 1.165022
vt -70.06524 1.16896
vt -70.06524 1.170068
vt -70.07475 1.165022
vt -70.07554 1.165805
vt -70.0798 0.6055023
vt -70.07475 0.5959964
vt -70.07554 0.5952128
vt -70.07868 0.6055023
vt -70.07868 1.155516
vt -70.0798 1.155516
vt -70.07554 1.165805
vt -70.07475 1.165022
vt -70.07554 1.155516
vt -70.07251 1.16279
vt -70.06524 1.16896
vt -70.06524 1.165805
vt -70.05574 1.165022
vt -70.07251 0.5982263
vt -70.07554 0.6055023
vt -70.0708 1.155516
vt -70.06918 1.159453
vt -70.06524 0.5952128
vt -70.06524 0.5920575
vt -70.05796 0.5982263
vt -70.05574 0.5959964
vt -70.06918 0.601565
vt -70.0708 0.6055023
vt -70.06524 1.155516
vt -70.06524 1.161084
vt -70.06524 0.5999338
vt -70.06524 0.6055023
vt -70.0613 0.601565
vt -70.05796 1.16279
vt -70.0613 1.159453
vt -70.05967 0.6055023
vt -70.05967 1.155516
vt -70.05495 1.155516
vt -70.05495 0.6055023
vt -70.05179 1.155516
vt -70.05179 0.6055023
vt -70.05495 0.5952128
vt -70.0507 0.6055023
vt -70.0507 1.155516
vt -70.05495 1.165805
vt -70.07554 0.5952128
vt -70.07475 0.5959964
vt -70.06524 0.5920575
vt -70.06524 0.5909503
vt -70.05574 0.5959964
vt -70.05495 0.5952128
vt -70.06291 1.165804
vt -70.06368 1.165021
vt -70.0732 1.168959
vt -70.0732 1.170067
vt -70.0827 1.165021
vt -70.08349 1.165804
vt -70.08775 0.6055033
vt -70.0827 0.5959973
vt -70.08349 0.5952138
vt -70.08665 0.6055033
vt -70.08665 1.155515
vt -70.08775 1.155515
vt -70.08349 1.165804
vt -70.0827 1.165021
vt -70.08349 1.155515
vt -70.08047 1.162789
vt -70.0732 1.168959
vt -70.0732 1.165804
vt -70.06368 1.165021
vt -70.08047 0.5982271
vt -70.08349 0.6055033
vt -70.07877 1.155515
vt -70.07713 1.159452
vt -70.0732 0.5952138
vt -70.0732 0.5920585
vt -70.06593 0.5982271
vt -70.06368 0.5959973
vt -70.07713 0.6015658
vt -70.07877 0.6055033
vt -70.0732 1.155515
vt -70.0732 1.161083
vt -70.0732 0.5999348
vt -70.0732 0.6055033
vt -70.06925 0.6015658
vt -70.06593 1.162789
vt -70.06925 1.159452
vt -70.06763 0.6055033
vt -70.06763 1.155515
vt -70.06291 1.155515
vt -70.06291 0.6055033
vt -70.05975 1.155515
vt -70.05975 0.6055033
vt -70.06291 0.5952138
vt -70.05864 0.6055033
vt -70.05864 1.155515
vt -70.06291 1.165804
vt -70.08349 0.5952138
vt -70.0827 0.5959973
vt -70.0732 0.5920585
vt -70.0732 0.5909512
vt -70.06368 0.5959973
vt -70.06291 0.5952138
vt -70.07086 1.165905
vt -70.07165 1.165121
vt -70.08115 1.169062
vt -70.08115 1.170169
vt -70.09067 1.165121
vt -70.09145 1.165905
vt -70.09571 0.6054059
vt -70.09067 0.5958966
vt -70.09145 0.5951128
vt -70.0946 0.6054059
vt -70.0946 1.155612
vt -70.09571 1.155612
vt -70.09145 1.165905
vt -70.09067 1.165121
vt -70.09145 1.155612
vt -70.08842 1.162889
vt -70.08115 1.169062
vt -70.08115 1.165905
vt -70.07165 1.165121
vt -70.08842 0.5981274
vt -70.09145 0.6054059
vt -70.08673 1.155612
vt -70.0851 1.159551
vt -70.08115 0.5951128
vt -70.08115 0.5919565
vt -70.07388 0.5981274
vt -70.07165 0.5958966
vt -70.0851 0.6014673
vt -70.08673 0.6054059
vt -70.08115 1.155612
vt -70.08115 1.161183
vt -70.08115 0.5998355
vt -70.08115 0.6054059
vt -70.07722 0.6014673
vt -70.07388 1.162889
vt -70.07722 1.159551
vt -70.07558 0.6054059
vt -70.07558 1.155612
vt -70.07086 1.155612
vt -70.07086 0.6054059
vt -70.06771 1.155612
vt -70.06771 0.6054059
vt -70.07086 0.5951128
vt -70.0666 0.6054059
vt -70.0666 1.155612
vt -70.07086 1.165905
vt -70.09145 0.5951128
vt -70.09067 0.5958966
vt -70.08115 0.5919565
vt -70.08115 0.5908488
vt -70.07165 0.5958966
vt -70.07086 0.5951128
vt -70.06937 1.272138
vt -70.07015 1.271353
vt -70.07967 1.275291
vt -70.07967 1.276399
vt -70.08916 1.271353
vt -70.08994 1.272138
vt -70.0942 0.7224421
vt -70.08916 0.7129384
vt -70.08994 0.712155
vt -70.09311 0.7224421
vt -70.09311 1.261849
vt -70.0942 1.261849
vt -70.08994 1.272138
vt -70.08916 1.271353
vt -70.08994 1.261849
vt -70.08694 1.269124
vt -70.07967 1.275291
vt -70.07967 1.272138
vt -70.07015 1.271353
vt -70.08694 0.7151678
vt -70.08994 0.7224421
vt -70.08523 1.261849
vt -70.0836 1.265786
vt -70.07967 0.712155
vt -70.07967 0.7090005
vt -70.07239 0.7151678
vt -70.07015 0.7129384
vt -70.0836 0.7185056
vt -70.08523 0.7224421
vt -70.07967 1.261849
vt -70.07967 1.267417
vt -70.07967 0.716875
vt -70.07967 0.7224421
vt -70.07571 0.7185056
vt -70.07239 1.269124
vt -70.07571 1.265786
vt -70.0741 0.7224421
vt -70.0741 1.261849
vt -70.06937 1.261849
vt -70.06937 0.7224421
vt -70.06622 1.261849
vt -70.06622 0.7224421
vt -70.06937 0.712155
vt -70.06511 0.7224421
vt -70.06511 1.261849
vt -70.06937 1.272138
vt -70.08994 0.712155
vt -70.08916 0.7129384
vt -70.07967 0.7090005
vt -70.07967 0.7078935
vt -70.07015 0.7129384
vt -70.06937 0.712155
vt -70.05273 1.244197
vt -70.05351 1.243413
vt -70.06304 1.247354
vt -70.06304 1.248464
vt -70.07255 1.243413
vt -70.07333 1.244197
vt -70.07759 0.7413037
vt -70.07255 0.7317876
vt -70.07333 0.7310033
vt -70.0765 0.7413037
vt -70.0765 1.233898
vt -70.07759 1.233898
vt -70.07333 1.244197
vt -70.07255 1.243413
vt -70.07333 1.233898
vt -70.07033 1.241181
vt -70.06304 1.247354
vt -70.06304 1.244197
vt -70.05351 1.243413
vt -70.07033 0.7340209
vt -70.07333 0.7413037
vt -70.06861 1.233898
vt -70.06698 1.23784
vt -70.06304 0.7310033
vt -70.06304 0.7278464
vt -70.05576 0.7340209
vt -70.05351 0.7317876
vt -70.06698 0.7373612
vt -70.06861 0.7413037
vt -70.06304 1.233898
vt -70.06304 1.239472
vt -70.06304 0.7357286
vt -70.06304 0.7413037
vt -70.05909 0.7373612
vt -70.05576 1.241181
vt -70.05909 1.23784
vt -70.05746 0.7413037
vt -70.05746 1.233898
vt -70.05273 1.233898
vt -70.05273 0.7413037
vt -70.04958 1.233898
vt -70.04958 0.7413037
vt -70.05273 0.7310033
vt -70.04847 0.7413037
vt -70.04847 1.233898
vt -70.05273 1.244197
vt -70.07333 0.7310033
vt -70.07255 0.7317876
vt -70.06304 0.7278464
vt -70.06304 0.7267367
vt -70.05351 0.7317876
vt -70.05273 0.7310033
vt -69.99857 0.9145207
vt -69.99315 0.9775259
vt -69.99313 0.9145207
vt -69.99857 0.9803114
vt -70.00414 0.9145207
vt -70.00414 0.983174
vt -69.9686 0.9793689
vt -69.9686 0.9219506
vt -69.97756 0.9238276
vt -69.97756 0.9793689
vt -69.98859 0.9245133
vt -69.98859 0.9793689
vt -69.99961 0.9238276
vt -69.99961 0.9793689
vt -70.00858 0.9219506
vt -70.00858 0.9793689
vt -69.98629 0.9889328
vt -69.98629 0.9257425
vt -69.99174 0.9229488
vt -69.99174 0.9889328
vt -69.99174 0.9889328
vt -69.99174 0.9229488
vt -69.99733 0.9200777
vt -69.99733 0.9889328
vt -70.00293 0.917205
vt -70.00293 0.9889328
vt -70.00293 0.9889328
vt -70.00293 0.917205
vt -70.00837 0.9144115
vt -70.00839 0.9889328
vt -70.03273 0.9168537
vt -70.03273 0.9844376
vt -70.02377 0.9863111
vt -70.02377 0.9168537
vt -70.01276 0.9869941
vt -70.01276 0.9168537
vt -70.00178 0.9863111
vt -70.00178 0.9168537
vt -69.99281 0.9844376
vt -69.99281 0.9168537
vt -70.01517 0.9145207
vt -70.01515 0.9888237
vt -70.00973 0.9860382
vt -70.00974 0.9145207
vt -70.00414 0.983174
vt -70.00414 0.9145207
vt -70.24725 0.3730344
vt -70.01704 0.3812764
vt -70.01704 0.372974
vt -69.78682 0.3729124
vt -70.23624 0.3813213
vt -69.79785 0.3812315
vt -69.74065 0.3926523
vt -69.73006 0.3843892
vt -69.69183 0.4254115
vt -69.68268 0.4162552
vt -69.65917 0.4742803
vt -69.65096 0.4637177
vt -69.64774 0.5314487
vt -69.63944 0.5204191
vt -69.64769 0.7506377
vt -69.6394 0.7506391
vt -69.64764 0.9698253
vt -69.63934 0.9808577
vt -69.65907 1.027032
vt -69.6508 1.037611
vt -69.69183 1.075855
vt -69.68268 1.085012
vt -69.74069 1.108508
vt -69.73013 1.116725
vt -69.79787 1.119946
vt -69.78683 1.128231
vt -70.01705 1.119989
vt -70.01705 1.128293
vt -70.23624 1.120034
vt -70.24727 1.128353
vt -70.29344 1.108613
vt -70.30402 1.116876
vt -70.34226 1.075855
vt -70.35143 1.085012
vt -70.37492 1.026987
vt -70.38313 1.037548
vt -70.38635 0.9698169
vt -70.39465 0.9808465
vt -70.3864 0.7506279
vt -70.25015 1.133531
vt -70.30801 1.121746
vt -70.01871 1.133466
vt -70.35657 1.088958
vt -70.01705 1.128293
vt -70.38903 1.040072
vt -69.78724 1.133379
vt -69.78683 1.128231
vt -69.72906 1.121565
vt -69.73013 1.116725
vt -69.6799 1.088959
vt -69.68268 1.085012
vt -69.64697 1.040148
vt -69.6508 1.037611
vt -69.63516 0.9820944
vt -69.63934 0.9808577
vt -69.63522 0.7506391
vt -69.6394 0.7506391
vt -69.63531 0.5191866
vt -69.63944 0.5204191
vt -69.64716 0.4611937
vt -69.65096 0.4637177
vt -69.6799 0.4123067
vt -69.68268 0.4162552
vt -69.72899 0.3795195
vt -69.73006 0.3843892
vt -69.78722 0.3677341
vt -69.78682 0.3729124
vt -70.01871 0.3678015
vt -70.01704 0.372974
vt -70.25014 0.367887
vt -70.24725 0.3730344
vt -70.30795 0.3797004
vt -70.30396 0.3845406
vt -70.35657 0.4123067
vt -70.35143 0.4162552
vt -70.38918 0.4611195
vt -70.38329 0.4636546
vt -70.40095 0.5191725
vt -70.39478 0.5204065
vt -70.4009 0.7506279
vt -70.39471 0.7506279
vt -70.40081 0.982079
vt -70.38644 0.5314402
vt -70.37502 0.4742354
vt -70.34226 0.4254115
vt -70.2934 0.3927575
vt -69.87128 1.03885
vt -69.87186 1.089477
vt -69.86873 1.090092
vt -69.87461 1.088088
vt -69.86885 1.123009
vt -69.87455 1.121553
vt -69.87191 1.123338
vt -69.69128 0.6612387
vt -69.79933 0.7776494
vt -69.68241 0.7058541
vt -69.68243 0.8842119
vt -69.80474 0.7504666
vt -69.97691 0.8842145
vt -69.71638 0.6236737
vt -69.79933 0.8842145
vt -69.79933 0.990777
vt -69.68246 1.062569
vt -69.80474 1.017961
vt -69.69133 1.107161
vt -69.82014 1.041005
vt -69.71638 1.144754
vt -69.84318 1.056404
vt -69.75394 1.169869
vt -69.87036 1.061811
vt -69.79856 1.178726
vt -69.84318 0.7120247
vt -69.97691 1.061811
vt -69.97691 1.178696
vt -70.08349 1.061811
vt -70.15528 1.178668
vt -70.11067 1.056404
vt -70.19986 1.169796
vt -70.13371 1.041005
vt -70.23746 1.144754
vt -70.14911 1.017961
vt -70.26257 1.107188
vt -70.15452 0.990777
vt -70.27144 1.062574
vt -70.27141 0.8842173
vt -70.15452 0.8842145
vt -70.27138 0.7058606
vt -70.15452 0.7776494
vt -70.14911 0.7504666
vt -70.2625 0.6612678
vt -70.13371 0.7274224
vt -70.23746 0.6236737
vt -70.11067 0.7120247
vt -70.19989 0.5985603
vt -69.97691 0.706617
vt -70.08349 0.706617
vt -70.15528 0.5897017
vt -69.97693 0.5897321
vt -69.79856 0.5897626
vt -69.87036 0.706617
vt -69.75397 0.5986305
vt -69.82014 0.7274224
vt -70.08741 0.7414594
vt -70.08006 0.9294904
vt -70.08014 0.741454
vt -70.08743 0.5522854
vt -70.08021 0.5534176
vt -70.07798 0.5046746
vt -70.07125 0.5077474
vt -70.05112 0.4645055
vt -70.04587 0.4697627
vt -70.01093 0.4377038
vt -70.0078 0.4445621
vt -69.96333 0.4282416
vt -69.9622 0.435566
vt -69.77417 0.428223
vt -69.96609 0.5495283
vt -69.96609 0.7414607
vt -69.77417 0.5495283
vt -69.77415 0.4354888
vt -69.58498 0.4282016
vt -69.96609 0.9333944
vt -69.58612 0.4354155
vt -69.53738 0.4376572
vt -69.58224 0.5495283
vt -69.54046 0.4443836
vt -69.4972 0.4645055
vt -69.50246 0.4697627
vt -69.47041 0.5046973
vt -69.47726 0.5078207
vt -69.46095 0.5522894
vt -69.46827 0.5534322
vt -69.46093 0.7414633
vt -69.4682 0.7414687
vt -69.46091 0.9306359
vt -69.58224 0.7414607
vt -69.77417 0.7414607
vt -69.58224 0.9333944
vt -69.46812 0.9295051
vt -69.47036 0.9782467
vt -69.47708 0.9751753
vt -69.4972 1.018417
vt -69.50246 1.013159
vt -69.5374 1.045218
vt -69.54053 1.038361
vt -69.77417 0.9333944
vt -69.585 1.054678
vt -69.58342 1.059346
vt -69.77417 1.059346
vt -69.77417 1.0547
vt -69.58614 1.047357
vt -69.77417 1.047433
vt -69.96335 1.054721
vt -69.96221 1.047506
vt -70.01095 1.045267
vt -70.04587 1.013159
vt -70.00787 1.038539
vt -70.05112 1.018417
vt -70.07792 0.9782254
vt -70.07106 0.9751006
vt -70.08738 0.9306319
vt -69.81857 0.8806659
vt -69.81664 0.8780168
vt -69.81981 0.8736669
vt -69.82292 0.8746787
vt -69.81153 0.8829527
vt -69.81981 0.8682901
vt -69.82292 0.8672783
vt -69.81153 0.8796782
vt -69.80449 0.8806659
vt -69.81664 0.8639402
vt -69.81857 0.8612911
vt -69.80642 0.8780168
vt -69.80014 0.8746787
vt -69.81153 0.8622787
vt -69.81153 0.8590043
vt -69.80325 0.8736669
vt -69.80014 0.8672783
vt -69.80642 0.8639402
vt -69.80449 0.8612911
vt -69.80325 0.8682901
vt -69.81422 0.8672783
vt -69.81153 0.8664048
vt -69.81153 0.8709785
vt -69.81588 0.8695651
vt -69.80885 0.8672783
vt -69.80718 0.8695651
vt -69.81588 0.8723918
vt -69.80718 0.8723918
vt -69.81422 0.8746787
vt -69.80885 0.8746787
vt -69.81153 0.8755522
vt -46.79084 -14.79879
vt -46.77148 -14.79879
vt -46.77148 -14.81816
vt -46.79084 -14.79879
vt -46.77148 -14.81816
vt -46.79084 -14.81816
vt -47.14424 0.2718305
vt -47.12932 0.2897712
vt -47.13845 0.2718305
vt -47.1368 0.3063104
vt -47.14107 0.2954105
vt -47.12469 0.3063104
vt -47.13431 0.3228482
vt -47.12005 0.3228482
vt -47.13728 0.5400377
vt -47.12823 0.5573776
vt -47.12558 0.5400377
vt -47.14004 0.571677
vt -47.13069 0.5716993
vt -47.13104 0.5866681
vt -47.26694 0.2490985
vt -47.25686 0.2689963
vt -47.26303 0.2490985
vt -47.2636 0.2689963
vt -47.27156 0.2490985
vt -47.27156 0.2689963
vt -47.25373 0.2873398
vt -47.27156 0.2873398
vt -47.2619 0.2873383
vt -47.25101 0.3056818
vt -47.27156 0.3056818
vt -47.26033 0.3056818
vt -47.24935 0.3708503
vt -47.27156 0.3708503
vt -47.25903 0.3708503
vt -47.24927 0.4477359
vt -47.27156 0.4477359
vt -47.25898 0.4477359
vt -47.25039 0.5095756
vt -47.27156 0.5095756
vt -47.26001 0.5095756
vt -47.2531 0.5465648
vt -47.26157 0.5465648
vt -47.27156 0.5465648
vt -47.25445 0.5657964
vt -47.26321 0.5658428
vt -47.27156 0.5658428
vt -47.27156 0.5817192
vt -47.2641 0.5817192
vt -47.25611 0.5816867
vt -47.25635 0.5982822
vt -47.26423 0.5982822
vt -47.27156 0.5982822
vt -47.25676 0.620069
vt -47.26355 0.620069
vt -47.27156 0.620069
vt -47.25595 0.6484343
vt -47.26311 0.6484343
vt -47.27156 0.6484343
vt -47.25542 0.6754172
vt -47.26283 0.6754172
vt -47.25534 0.7113264
vt -47.27156 0.6754172
vt -47.26278 0.7113264
vt -47.27156 0.7113264
vt -47.32937 0.6886961
vt -47.32024 0.6707466
vt -47.33199 0.6651046
vt -47.3156 0.6541993
vt -47.32772 0.6542007
vt -47.31096 0.6376533
vt -47.32522 0.6376533
vt -47.30592 0.5788658
vt -47.32247 0.5788658
vt -47.3058 0.5095085
vt -47.342 0.636082
vt -47.3224 0.5095085
vt -47.31207 0.4537238
vt -47.342 0.5788658
vt -47.35876 0.6376533
vt -47.342 0.5095085
vt -47.3258 0.4537238
vt -47.342 0.4537238
vt -47.342 0.4203564
vt -47.32819 0.4203564
vt -47.3165 0.4203564
vt -47.342 0.4030457
vt -47.32962 0.403036
vt -47.31914 0.403008
vt -47.3307 0.3888393
vt -47.31971 0.3888565
vt -47.33089 0.3735537
vt -47.34178 0.3736934
vt -47.342 0.3540494
vt -47.32011 0.373145
vt -47.33014 0.3540494
vt -47.32008 0.3540494
vt -47.32949 0.3284616
vt -47.31889 0.3284616
vt -47.32907 0.3041207
vt -47.3181 0.3041207
vt -47.329 0.2717277
vt -47.31799 0.2717277
vt -47.32937 0.6886961
vt -47.33199 0.6651046
vt -47.33516 0.6886976
vt -47.342 0.6694885
vt -47.342 0.6886976
vt -47.34883 0.6886976
vt -47.352 0.6651046
vt -47.36375 0.6707466
vt -47.35462 0.6886961
vt -47.35627 0.6542007
vt -47.36839 0.6541993
vt -47.35876 0.6376533
vt -47.37303 0.6376533
vt -47.36152 0.5788658
vt -47.342 0.5788658
vt -47.37807 0.5788658
vt -47.342 0.5095085
vt -47.36158 0.5095085
vt -47.37819 0.5095085
vt -47.342 0.4537238
vt -47.35819 0.4537238
vt -47.37192 0.4537238
vt -47.36749 0.4203564
vt -47.35579 0.4203564
vt -47.342 0.4203564
vt -47.36485 0.403008
vt -47.35437 0.4030346
vt -47.342 0.4030457
vt -47.35287 0.3887477
vt -47.36381 0.3886476
vt -47.3633 0.3733139
vt -47.34183 0.3887696
vt -47.3307 0.3888393
vt -47.34178 0.3736934
vt -47.35257 0.373653
vt -47.3639 0.3540494
vt -47.35385 0.3540494
vt -47.36509 0.3284616
vt -47.342 0.3540494
vt -47.35449 0.3284616
vt -47.36588 0.3041207
vt -47.342 0.3284616
vt -47.33014 0.3540494
vt -47.32949 0.3284616
vt -47.35492 0.3041207
vt -47.366 0.2717277
vt -47.35498 0.2717277
vt -47.342 0.3041207
vt -47.32907 0.3041207
vt -47.342 0.2717277
vt -47.329 0.2717277
vt -47.21624 0.7113101
vt -47.22086 0.6914138
vt -47.22086 0.7113101
vt -47.2129 0.6914138
vt -47.21233 0.7113101
vt -47.20615 0.6914138
vt -47.20303 0.6730715
vt -47.2112 0.6730731
vt -47.22086 0.6730715
vt -47.20031 0.6547309
vt -47.20963 0.6547309
vt -47.22086 0.6547309
vt -47.19864 0.5895668
vt -47.20832 0.5895668
vt -47.22086 0.5895668
vt -47.19857 0.5126867
vt -47.20828 0.5126867
vt -47.22086 0.5126867
vt -47.19968 0.4508512
vt -47.20931 0.4508512
vt -47.22086 0.4508512
vt -47.22086 0.4138646
vt -47.21087 0.4138646
vt -47.2024 0.4138646
vt -47.22086 0.394588
vt -47.21251 0.394588
vt -47.20375 0.3946345
vt -47.20541 0.3787514
vt -47.2134 0.3787127
vt -47.22086 0.3787127
vt -47.22086 0.3621509
vt -47.21353 0.3621509
vt -47.20565 0.3621509
vt -47.22086 0.3403655
vt -47.21284 0.3403655
vt -47.20605 0.3403655
vt -47.22086 0.3120023
vt -47.21241 0.3120023
vt -47.20525 0.3120023
vt -47.22086 0.2850212
vt -47.21212 0.2850212
vt -47.22086 0.2491146
vt -47.20472 0.2850212
vt -47.21208 0.2491146
vt -47.20464 0.2491146
vt -47.22548 0.7113101
vt -47.23556 0.6914138
vt -47.22939 0.7113101
vt -47.22881 0.6914138
vt -47.22086 0.7113101
vt -47.22086 0.6914138
vt -47.22086 0.6730715
vt -47.23052 0.6730715
vt -47.23868 0.6730715
vt -47.22086 0.6547309
vt -47.23209 0.6547309
vt -47.2414 0.6547309
vt -47.22086 0.5895668
vt -47.23339 0.5895668
vt -47.24307 0.5895668
vt -47.22086 0.5126867
vt -47.23343 0.5126867
vt -47.24314 0.5126867
vt -47.22086 0.4508512
vt -47.23241 0.4508512
vt -47.24203 0.4508512
vt -47.23932 0.4138646
vt -47.23085 0.4138646
vt -47.22086 0.4138646
vt -47.2363 0.3946345
vt -47.22921 0.3945926
vt -47.22086 0.394588
vt -47.22086 0.3787127
vt -47.22831 0.3787065
vt -47.23463 0.3787452
vt -47.23439 0.3621509
vt -47.22818 0.3621509
vt -47.22086 0.3621509
vt -47.23566 0.3403655
vt -47.22887 0.3403655
vt -47.22086 0.3403655
vt -47.23646 0.3120023
vt -47.2293 0.3120023
vt -47.22086 0.3120023
vt -47.237 0.2850212
vt -47.22959 0.2850212
vt -47.23707 0.2491146
vt -47.22086 0.2850212
vt -47.22963 0.2491146
vt -47.22086 0.2491146
vt -47.14424 0.2718305
vt -47.14107 0.2954105
vt -47.12932 0.2897712
vt -47.15107 0.2718305
vt -47.15107 0.2910287
vt -47.1579 0.2718305
vt -47.16107 0.2954105
vt -47.16369 0.2718305
vt -47.17282 0.2897712
vt -47.17745 0.3063104
vt -47.16534 0.3063104
vt -47.18209 0.3228482
vt -47.16784 0.3228482
vt -47.18713 0.3816067
vt -47.17058 0.3816067
vt -47.18725 0.4509297
vt -47.15107 0.3244187
vt -47.17065 0.4509297
vt -47.18098 0.5066869
vt -47.15107 0.3816067
vt -47.13431 0.3228482
vt -47.13155 0.3816067
vt -47.12005 0.3228482
vt -47.11501 0.3816067
vt -47.15107 0.4509297
vt -47.13149 0.4509297
vt -47.11489 0.4509297
vt -47.16726 0.5066869
vt -47.13488 0.5066869
vt -47.12115 0.5066869
vt -47.12558 0.5400377
vt -47.13728 0.5400377
vt -47.15107 0.5066869
vt -47.16486 0.5400377
vt -47.17656 0.5400377
vt -47.15107 0.5400377
vt -47.16343 0.5573496
vt -47.17391 0.5573776
vt -47.17145 0.5717049
vt -47.13871 0.557351
vt -47.12823 0.5573776
vt -47.14004 0.571677
vt -47.15107 0.5573398
vt -47.1621 0.5716784
vt -47.15107 0.5716686
vt -47.14023 0.5866681
vt -47.13104 0.5866681
vt -47.12917 0.606312
vt -47.13922 0.606312
vt -47.12798 0.6318871
vt -47.15107 0.5866681
vt -47.16191 0.5866681
vt -47.1711 0.5866681
vt -47.15107 0.606312
vt -47.16292 0.606312
vt -47.17297 0.606312
vt -47.15107 0.6318871
vt -47.16357 0.6318871
vt -47.17416 0.6318871
vt -47.15107 0.656216
vt -47.16399 0.656216
vt -47.15107 0.6885931
vt -47.17495 0.656216
vt -47.16405 0.6885931
vt -47.17506 0.6885931
vt -47.27618 0.2490985
vt -47.27156 0.2689963
vt -47.27156 0.2490985
vt -47.27952 0.2689963
vt -47.28009 0.2490985
vt -47.28626 0.2689963
vt -47.28939 0.2873398
vt -47.28122 0.2873398
vt -47.27156 0.2873398
vt -47.29211 0.3056818
vt -47.28279 0.3056818
vt -47.27156 0.3056818
vt -47.29377 0.3708503
vt -47.28409 0.3708503
vt -47.27156 0.3708503
vt -47.29385 0.4477359
vt -47.28414 0.4477359
vt -47.27156 0.4477359
vt -47.29273 0.5095756
vt -47.28311 0.5095756
vt -47.27156 0.5095756
vt -47.27156 0.5465648
vt -47.28155 0.5465648
vt -47.29002 0.5465648
vt -47.27156 0.5658428
vt -47.27991 0.5658428
vt -47.287 0.5657964
vt -47.28534 0.5816805
vt -47.27902 0.5817192
vt -47.27156 0.5817192
vt -47.27156 0.5982822
vt -47.27889 0.5982822
vt -47.2851 0.5982822
vt -47.27156 0.620069
vt -47.27957 0.620069
vt -47.28637 0.620069
vt -47.27156 0.6484343
vt -47.28001 0.6484343
vt -47.28717 0.6484343
vt -47.27156 0.6754172
vt -47.2803 0.6754172
vt -47.27156 0.7113264
vt -47.2877 0.6754172
vt -47.28034 0.7113264
vt -47.28778 0.7113264
vt -47.15107 0.656216
vt -47.15107 0.6885931
vt -47.13809 0.6885931
vt -47.13815 0.656216
vt -47.12708 0.6885931
vt -47.15107 0.6318871
vt -47.12719 0.656216
vt -47.13857 0.6318871
vt -47.12798 0.6318871
vt -47.15107 0.606312
vt -47.13922 0.606312
vt -47.15107 0.5866681
vt -47.14023 0.5866681
vt -47.15107 0.5716686
vt -46.94524 0.3174852
vt -46.95172 0.3231712
vt -46.9437 0.3230262
vt -46.95172 0.317535
vt -46.95974 0.3230262
vt -46.94524 0.2998082
vt -46.9582 0.3174852
vt -46.95172 0.2997578
vt -46.9437 0.2942667
vt -46.9582 0.2998082
vt -46.95172 0.2941222
vt -46.95974 0.2942667
vt -47.03214 0.2375808
vt -47.01929 0.2475445
vt -47.01524 0.23947
vt -47.03214 0.2474232
vt -47.04903 0.23947
vt -47.04498 0.2475445
vt -47.04273 0.2550475
vt -47.03214 0.2550396
vt -47.02155 0.2550475
vt -47.04273 0.2724302
vt -47.03214 0.2724376
vt -47.02155 0.2724302
vt -47.04498 0.2799327
vt -47.03214 0.2800539
vt -47.01929 0.2799327
vt -47.01524 0.2880071
vt -47.03214 0.2898969
vt -47.04903 0.2880071
vt -47.33199 0.6651046
vt -47.33422 0.6625212
vt -47.342 0.6655645
vt -47.342 0.6694885
vt -47.34976 0.6625212
vt -47.352 0.6651046
vt -47.15107 0.2910287
vt -47.14331 0.2979926
vt -47.14107 0.2954105
vt -47.15107 0.2949508
vt -47.16107 0.2954105
vt -47.15883 0.2979926
vt -46.98954 0.2400828
vt -46.98104 0.2473031
vt -46.9784 0.2438188
vt -46.9897 0.2461863
vt -47.00644 0.236914
vt -47.00254 0.2450988
vt -47.00037 0.2527039
vt -46.98978 0.2526695
vt -46.9828 0.2527795
vt -47.00037 0.2703242
vt -46.98978 0.2703585
vt -46.9828 0.270249
vt -47.00254 0.2779297
vt -46.98969 0.2768418
vt -46.98104 0.275725
vt -47.00644 0.2861145
vt -46.9784 0.2792097
vt -46.98954 0.2829458
vt -46.93422 0.300808
vt -46.9267 0.3131534
vt -46.93077 0.297023
vt -46.93653 0.3064721
vt -46.9267 0.2956945
vt -46.93734 0.3131534
vt -46.92263 0.297023
vt -46.93653 0.3198343
vt -46.91917 0.300808
vt -46.93422 0.325498
vt -46.91687 0.3064721
vt -46.93077 0.3292823
vt -46.91606 0.3131534
vt -46.9267 0.3306119
vt -46.91687 0.3198343
vt -46.92263 0.3292823
vt -46.91917 0.325498
vt -46.96608 0.2527815
vt -46.95919 0.2461898
vt -46.96784 0.2473063
vt -46.97048 0.2438229
vt -46.95935 0.2400877
vt -46.94246 0.2369197
vt -46.94636 0.2451026
vt -46.95911 0.2526715
vt -46.96608 0.270247
vt -46.94852 0.2527059
vt -46.95911 0.2703565
vt -46.96784 0.2757217
vt -46.94852 0.2703221
vt -46.9592 0.2768382
vt -46.97048 0.2792057
vt -46.94636 0.2779259
vt -46.95935 0.2829408
vt -46.94246 0.2861089
vt -47.07229 0.2425199
vt -47.08003 0.2399921
vt -47.08004 0.2458926
vt -47.07491 0.2475666
vt -47.08517 0.2475666
vt -47.06572 0.2497193
vt -47.08778 0.2425199
vt -47.06991 0.253039
vt -47.09016 0.253039
vt -47.06133 0.2604945
vt -47.09435 0.2497193
vt -47.06623 0.2620902
vt -47.09385 0.2620902
vt -47.05979 0.2732039
vt -47.09874 0.2604945
vt -47.06488 0.2732039
vt -47.09519 0.2732039
vt -47.06133 0.285913
vt -47.10028 0.2732039
vt -47.06623 0.2843165
vt -47.09385 0.2843165
vt -47.06572 0.2966871
vt -47.09874 0.285913
vt -47.06991 0.2933685
vt -47.09016 0.2933685
vt -47.07229 0.3038869
vt -47.09435 0.2966874
vt -47.07491 0.2988401
vt -47.08517 0.2988401
vt -47.08003 0.3064147
vt -47.08778 0.3038869
vt -47.08004 0.3005138
vt -29.48635 -14.90251
vt -29.48635 -14.87006
vt -29.4539 -14.87006
vt -29.48635 -14.90251
vt -29.4539 -14.87006
vt -29.4539 -14.90251
vt -10.23391 -15.07865
vt -10.23391 -15.05881
vt -10.21408 -15.05881
vt -10.23391 -15.07865
vt -10.21408 -15.05881
vt -10.21408 -15.07865
vt 0.9296094 0.4753831
vt 1.024008 0.4748279
vt 1.020563 0.4604854
vt 0.924055 0.4612156
vt 0.4986803 0.4758859
vt 0.9279222 0.4496115
vt 1.023404 0.4494181
vt 0.4986686 0.4615208
vt 0.06762052 0.4756462
vt 0.9279219 0.008260843
vt 1.023444 0.007833758
vt 0.4986695 0.4495966
vt 0.4986692 0.008279256
vt 0.06941849 0.4496245
vt 0.06941691 0.008260843
vt -0.02610427 0.007833758
vt -0.02606493 0.4494295
vt 0.07327804 0.4614695
vt -0.0267399 0.4751093
vt -0.02321571 0.4607879
vt -0.124193 0.4752794
vt -1.468387 0.4859197
vt -1.370475 0.4850724
vt -1.370476 0.4707732
vt -1.471861 0.471966
vt -1.56284 0.4866729
vt -1.568445 0.4729228
vt -1.99389 0.4870922
vt -1.993903 0.473159
vt -1.993902 0.4504122
vt -1.566465 0.4504306
vt -1.471205 0.4501839
vt -1.56663 0.008260854
vt -1.993901 0.008279283
vt -1.471372 0.007833771
vt -1.371897 0.4499011
vt -1.26891 0.4696948
vt -1.372027 0.007657493
vt -1.272611 0.4501012
vt -1.272707 0.007833758
vt -1.370475 0.4850724
vt -1.26891 0.4696948
vt -1.370476 0.4707732
vt -1.272446 0.4836623
vt -1.172011 0.4682727
vt -1.177696 0.4821182
vt -1.272611 0.4501012
vt -0.7461677 0.4674404
vt -0.7461329 0.4814501
vt -1.177413 0.4502168
vt -1.272707 0.007833758
vt -1.177526 0.008260843
vt -0.749862 0.008279256
vt -0.749609 0.4500942
vt -0.3210116 0.008260843
vt -0.3211598 0.4662179
vt -0.3155873 0.4800565
vt -0.3207623 0.4500387
vt -0.2249756 0.4630685
vt -0.2215268 0.4772148
vt -0.2252122 0.4496537
vt -0.2254177 0.007833758
vt -0.1241894 0.4606768
vt -0.124193 0.4752794
vt -0.02321571 0.4607879
vt -0.1256241 0.4492591
vt -0.1257508 0.007657479
vt -0.02606493 0.4494295
vt -0.02610427 0.007833758
vt 2.367824 0.4707808
vt 2.269712 0.4834865
vt 2.367824 0.48508
vt 2.266247 0.4694955
vt 2.174914 0.481927
vt 2.269956 0.4500953
vt 2.369242 0.4499021
vt 2.169332 0.4680898
vt 1.743501 0.4814492
vt 2.174757 0.4502085
vt 1.743503 0.4674405
vt 1.312802 0.4802966
vt 1.746952 0.4500932
vt 2.17487 0.008260843
vt 2.270052 0.00783374
vt 2.369373 0.007657466
vt 2.468553 0.4501916
vt 2.468718 0.007833758
vt 1.747205 0.008279256
vt 1.318104 0.4500494
vt 1.318353 0.008260817
vt 1.222758 0.00783374
vt 1.31848 0.4664515
vt 1.218772 0.477496
vt 1.222554 0.4496663
vt 1.123091 0.007657479
vt 1.222292 0.4633713
vt 1.121537 0.4752866
vt 1.122965 0.4492611
vt 1.023444 0.007833758
vt 1.023404 0.4494181
vt 1.121531 0.4606832
vt 1.024008 0.4748279
vt 1.020563 0.4604854
vt 0.07259473 0.4921677
vt -0.02418679 0.4922012
vt -0.02660352 0.4614004
vt 0.06849718 0.460808
vt 0.4986797 0.4921388
vt 0.4986693 0.4607644
vt 0.9246739 0.4921705
vt 0.9288417 0.4608141
vt 0.9288417 0.4608141
vt 1.021476 0.4922039
vt 0.9246739 0.4921705
vt 1.023942 0.4614075
vt 1.122991 0.4922054
vt 1.123009 0.4616227
vt 1.224473 0.4922012
vt 1.222094 0.4614004
vt 1.321323 0.4921677
vt 1.317268 0.460808
vt 1.747038 0.4921388
vt 1.747066 0.4607643
vt 2.171582 0.4921705
vt 2.175748 0.4608142
vt 2.268064 0.492204
vt 2.270531 0.4614076
vt 2.369274 0.4922054
vt 2.369296 0.4616227
vt 2.470455 0.4922012
vt 2.46808 0.4614004
vt 2.56699 0.4921678
vt 2.46808 0.4614004
vt 2.562935 0.4608081
vt 2.56699 0.4921678
vt 2.991257 0.4921388
vt 2.991248 0.4607644
vt -1.993902 0.4607644
vt -1.569713 0.4921705
vt -1.993892 0.4921388
vt -1.565591 0.4608141
vt -1.473161 0.4922039
vt -1.470736 0.4614075
vt -1.470736 0.4614075
vt -1.37193 0.4922054
vt -1.473161 0.4922039
vt -1.371952 0.4616226
vt -1.270772 0.4922012
vt -1.273188 0.4614004
vt -1.174308 0.4921677
vt -1.178405 0.460808
vt -0.7496765 0.4921388
vt -0.7497237 0.4607643
vt -0.3240531 0.4921705
vt -0.3199286 0.4608141
vt -0.227187 0.492204
vt -0.2247552 0.4614075
vt -0.1256508 0.4922054
vt -0.1256688 0.4616227
vt -0.02418679 0.4922012
vt -0.02660352 0.4614004
vt -1.993889 0.4923531
vt -1.993892 0.4921388
vt -1.569713 0.4921705
vt -1.560567 0.4923494
vt -1.473161 0.4922039
vt -1.467623 0.4923444
vt -1.37193 0.4922054
vt -1.371897 0.4923378
vt -1.270772 0.4922012
vt -1.276256 0.4923249
vt -1.174308 0.4921677
vt -1.183378 0.4923152
vt -0.7496765 0.4921388
vt -0.7496216 0.4923112
vt -0.3240531 0.4921705
vt -0.3149192 0.4922923
vt -0.227187 0.492204
vt -0.2216599 0.4922731
vt -0.1256508 0.4922054
vt -0.1256169 0.4922628
vt -0.02418679 0.4922012
vt -0.02966475 0.4922569
vt 0.07259473 0.4921677
vt 0.06352043 0.492264
vt 0.4986797 0.4921388
vt 0.4986814 0.4922746
vt 0.9337208 0.4922625
vt 0.9246739 0.4921705
vt 1.021476 0.4922039
vt 1.026928 0.4922551
vt 1.122991 0.4922054
vt 1.122957 0.4922629
vt 1.224473 0.4922012
vt 1.218926 0.4922749
vt 1.321323 0.4921677
vt 1.312166 0.4922937
vt 1.747038 0.4921388
vt 1.746994 0.4923112
vt 2.180625 0.4923143
vt 2.171582 0.4921705
vt 2.268064 0.492204
vt 2.273526 0.492324
vt 2.369274 0.4922054
vt 2.369243 0.4923379
vt 2.470455 0.4922012
vt 2.464895 0.4923452
vt 2.56699 0.4921678
vt 2.557818 0.4923501
vt 2.991257 0.4921388
vt 2.99126 0.4923531
vt 0.9288417 0.4608141
vt 1.024141 0.01561872
vt 1.023942 0.4614075
vt 1.123173 0.01541133
vt 1.123009 0.4616227
vt 1.222231 0.01561708
vt 1.123196 0.004057402
vt 1.222094 0.4614004
vt 1.220763 0.004151454
vt 1.317407 0.01618637
vt 1.317268 0.460808
vt 1.314881 0.00440901
vt 1.747358 0.01617583
vt 1.747066 0.4607643
vt 1.747393 0.004410068
vt 2.175748 0.4608142
vt 2.176039 0.01618815
vt 2.178662 0.004411237
vt 2.185007 -0.001196643
vt 2.276028 -0.001089415
vt 2.270774 0.01561874
vt 2.270531 0.4614076
vt 2.272318 0.004153684
vt 2.369519 -0.001020944
vt 2.369462 0.01541133
vt 2.369296 0.4616227
vt 2.369482 0.004057413
vt 2.463073 -0.00113233
vt 2.468175 0.01561708
vt 2.466703 0.004151454
vt 2.562988 0.01618634
vt 2.554189 -0.001237649
vt 2.560461 0.004408993
vt 2.991238 -0.00135483
vt 2.369296 0.4616227
vt 2.369462 0.01541133
vt 2.468175 0.01561708
vt 2.46808 0.4614004
vt 2.562988 0.01618634
vt 2.562935 0.4608081
vt 2.991248 0.01617581
vt 2.991248 0.4607644
vt 2.560461 0.004408993
vt 2.991242 0.004410043
vt 2.991238 -0.00135483
vt -1.470736 0.4614075
vt -1.372116 0.0154113
vt -1.371952 0.4616226
vt -1.47083 0.01561872
vt -1.565591 0.4608141
vt -1.469323 0.004153671
vt -1.372137 0.004057402
vt -1.372151 -0.001020884
vt -1.465666 -0.001089441
vt -1.563066 0.004411213
vt -1.556781 -0.001196777
vt -1.565642 0.01618812
vt -1.993902 0.4607644
vt -1.993901 0.01617581
vt -1.993907 0.004410043
vt -1.993911 -0.00135483
vt -0.2247552 0.4614075
vt -0.1258346 0.01541133
vt -0.1256688 0.4616227
vt -0.2248915 0.01561875
vt -0.3199286 0.4608141
vt -0.3200634 0.01618811
vt -0.7497237 0.4607643
vt -0.7500155 0.0161758
vt -1.178405 0.460808
vt -1.178692 0.01618635
vt -1.273188 0.4614004
vt -1.27343 0.0156171
vt -1.371952 0.4616226
vt -1.372116 0.0154113
vt -1.372137 0.004057402
vt -1.274941 0.00415148
vt -1.181266 0.004408993
vt -1.278625 -0.001132311
vt -1.372151 -0.001020884
vt -1.187602 -0.001237674
vt -0.7501299 -0.001354855
vt -0.7500675 0.004410015
vt -0.3111937 -0.001196777
vt -0.3174967 0.004411198
vt -0.2197246 -0.001089543
vt -0.2233891 0.004153671
vt -0.1258723 -0.001020983
vt -0.1258561 0.004057413
vt -0.02680302 0.0156171
vt -0.03200877 -0.00113233
vt -0.02831751 0.004151454
vt -0.1256688 0.4616227
vt -0.1258346 0.01541133
vt -0.02680302 0.0156171
vt -0.02660352 0.4614004
vt 0.06828877 0.01618634
vt 0.06849718 0.460808
vt -0.02831751 0.004151454
vt 0.498669 0.01617577
vt 0.4986693 0.4607644
vt 0.9288417 0.4608141
vt 0.06571674 0.00440897
vt 0.9290499 0.01618811
vt 1.024141 0.01561872
vt 0.059378 -0.001237674
vt -0.03200877 -0.00113233
vt 0.4986588 -0.001354806
vt 0.4986624 0.004410004
vt 0.9380243 -0.001196792
vt 0.9316698 0.004411174
vt 1.029406 -0.001089642
vt 1.025694 0.00415365
vt 1.123173 0.01541133
vt 1.123235 -0.001021057
vt 1.123196 0.004057402
vt 1.217124 -0.001132341
vt 1.220763 0.004151454
vt 1.308597 -0.001237629
vt 1.314881 0.00440901
vt 1.74745 -0.001354778
vt 1.747393 0.004410068
vt 2.185007 -0.001196643
vt 2.991247 0.473159
vt 2.560048 0.486841
vt 2.991259 0.4870922
vt 2.565755 0.4730859
vt 2.465627 0.4860959
vt 2.56381 0.4504392
vt 2.991248 0.4504122
vt 2.991248 0.008279283
vt 2.563976 0.008260843
vt 2.468718 0.007833758
vt 2.468553 0.4501916
vt 2.469175 0.4721664
vt 2.367824 0.48508
vt 2.369242 0.4499021
vt 2.367824 0.4707808
vt -1.560567 0.4923494
vt -1.99389 0.4870922
vt -1.993889 0.4923531
vt -1.56284 0.4866729
vt -1.467623 0.4923444
vt -1.468387 0.4859197
vt -1.371897 0.4923378
vt -1.370475 0.4850724
vt -1.276256 0.4923249
vt -1.272446 0.4836623
vt -1.183378 0.4923152
vt -1.177696 0.4821182
vt -0.7496216 0.4923112
vt -0.7461329 0.4814501
vt -0.3149192 0.4922923
vt -0.3155873 0.4800565
vt -0.2216599 0.4922731
vt -0.2215268 0.4772148
vt -0.1256169 0.4922628
vt -0.124193 0.4752794
vt -0.02966475 0.4922569
vt -0.0267399 0.4751093
vt 0.06352043 0.492264
vt 0.06762052 0.4756462
vt 0.4986814 0.4922746
vt 0.4986803 0.4758859
vt 0.9337208 0.4922625
vt 0.9296094 0.4753831
vt 1.026928 0.4922551
vt 1.024008 0.4748279
vt 1.122957 0.4922629
vt 1.121537 0.4752866
vt 1.218926 0.4922749
vt 1.218772 0.477496
vt 1.312166 0.4922937
vt 1.312802 0.4802966
vt 1.746994 0.4923112
vt 1.743501 0.4814492
vt 2.180625 0.4923143
vt 2.174914 0.481927
vt 2.273526 0.492324
vt 2.269712 0.4834865
vt 2.369243 0.4923379
vt 2.367824 0.48508
vt 2.464895 0.4923452
vt 2.465627 0.4860959
vt 2.557818 0.4923501
vt 2.560048 0.486841
vt 2.99126 0.4923531
vt 2.991259 0.4870922
vt -1.234862 0.9806864
vt -1.226533 0.9832385
vt -1.234228 0.9800513
vt -1.226533 0.9841368
vt -1.218838 0.9800513
vt -1.218204 0.9806864
vt -1.214755 0.527178
vt -1.218204 0.5188487
vt -1.218838 0.5194838
vt -1.215651 0.527178
vt -1.215651 0.972357
vt -1.214755 0.972357
vt -1.218204 0.9806864
vt -1.218838 0.9800513
vt -1.218204 0.972357
vt -1.220644 0.978245
vt -1.226533 0.9832385
vt -1.226533 0.9806864
vt -1.234228 0.9800513
vt -1.220644 0.5212901
vt -1.218204 0.527178
vt -1.222026 0.972357
vt -1.223346 0.9755442
vt -1.226533 0.5188487
vt -1.226533 0.5162966
vt -1.232422 0.5212901
vt -1.234228 0.5194838
vt -1.223346 0.5239909
vt -1.222026 0.527178
vt -1.226533 0.972357
vt -1.226533 0.976866
vt -1.226533 0.522671
vt -1.226533 0.527178
vt -1.22972 0.5239909
vt -1.232422 0.978245
vt -1.22972 0.9755442
vt -1.23104 0.527178
vt -1.23104 0.972357
vt -1.234862 0.972357
vt -1.234862 0.527178
vt -1.237415 0.972357
vt -1.237415 0.527178
vt -1.234862 0.5188487
vt -1.238311 0.527178
vt -1.238311 0.972357
vt -1.234862 0.9806864
vt -1.218204 0.5188487
vt -1.226533 0.5162966
vt -1.218838 0.5194838
vt -1.226533 0.5154002
vt -1.234228 0.5194838
vt -1.234862 0.5188487
vt -1.189489 0.9806864
vt -1.181161 0.9832385
vt -1.188856 0.9800513
vt -1.181161 0.9841368
vt -1.173467 0.9800513
vt -1.172832 0.9806864
vt -1.169382 0.527178
vt -1.172832 0.5188487
vt -1.173467 0.5194838
vt -1.170279 0.527178
vt -1.170279 0.972357
vt -1.169382 0.972357
vt -1.172832 0.9806864
vt -1.173467 0.9800513
vt -1.172832 0.972357
vt -1.175271 0.978245
vt -1.181161 0.9832385
vt -1.181161 0.9806864
vt -1.188856 0.9800513
vt -1.175271 0.5212901
vt -1.172832 0.527178
vt -1.176653 0.972357
vt -1.177974 0.9755442
vt -1.181161 0.5188487
vt -1.181161 0.5162966
vt -1.18705 0.5212901
vt -1.188856 0.5194838
vt -1.177974 0.5239909
vt -1.176653 0.527178
vt -1.181161 0.972357
vt -1.181161 0.976866
vt -1.181161 0.522671
vt -1.181161 0.527178
vt -1.184348 0.5239909
vt -1.18705 0.978245
vt -1.184348 0.9755442
vt -1.185668 0.527178
vt -1.185668 0.972357
vt -1.189489 0.972357
vt -1.189489 0.527178
vt -1.192043 0.972357
vt -1.192043 0.527178
vt -1.189489 0.5188487
vt -1.19294 0.527178
vt -1.19294 0.972357
vt -1.189489 0.9806864
vt -1.172832 0.5188487
vt -1.181161 0.5162966
vt -1.173467 0.5194838
vt -1.181161 0.5154002
vt -1.188856 0.5194838
vt -1.189489 0.5188487
vt -1.141173 0.9806864
vt -1.132844 0.9832385
vt -1.14054 0.9800513
vt -1.132844 0.9841368
vt -1.12515 0.9800513
vt -1.124515 0.9806864
vt -1.121065 0.527178
vt -1.124515 0.5188487
vt -1.12515 0.5194838
vt -1.121963 0.527178
vt -1.121963 0.972357
vt -1.121065 0.972357
vt -1.124515 0.9806864
vt -1.12515 0.9800513
vt -1.124515 0.972357
vt -1.126955 0.978245
vt -1.132844 0.9832385
vt -1.132844 0.9806864
vt -1.14054 0.9800513
vt -1.126955 0.5212901
vt -1.124515 0.527178
vt -1.128337 0.972357
vt -1.129657 0.9755442
vt -1.132844 0.5188487
vt -1.132844 0.5162966
vt -1.138734 0.5212901
vt -1.14054 0.5194838
vt -1.129657 0.5239909
vt -1.128337 0.527178
vt -1.132844 0.972357
vt -1.132844 0.976866
vt -1.132844 0.522671
vt -1.132844 0.527178
vt -1.136032 0.5239909
vt -1.138734 0.978245
vt -1.136032 0.9755442
vt -1.137352 0.527178
vt -1.137352 0.972357
vt -1.141173 0.972357
vt -1.141173 0.527178
vt -1.143727 0.972357
vt -1.143727 0.527178
vt -1.141173 0.5188487
vt -1.144623 0.527178
vt -1.144623 0.972357
vt -1.141173 0.9806864
vt -1.124515 0.5188487
vt -1.132844 0.5162966
vt -1.12515 0.5194838
vt -1.132844 0.5154002
vt -1.14054 0.5194838
vt -1.141173 0.5188487
vt -1.090722 0.9757311
vt -1.082394 0.9782832
vt -1.090088 0.9750941
vt -1.082394 0.9791815
vt -1.074698 0.9750941
vt -1.074065 0.9757311
vt -1.070615 0.5307028
vt -1.074065 0.5223734
vt -1.074698 0.5230086
vt -1.071512 0.5307028
vt -1.071512 0.9674017
vt -1.070615 0.9674017
vt -1.074065 0.9757311
vt -1.074698 0.9750941
vt -1.074065 0.9674017
vt -1.076504 0.9732897
vt -1.082394 0.9782832
vt -1.082394 0.9757311
vt -1.090088 0.9750941
vt -1.076504 0.5248129
vt -1.074065 0.5307028
vt -1.077886 0.9674017
vt -1.079206 0.9705889
vt -1.082394 0.5223734
vt -1.082394 0.5198214
vt -1.088282 0.5248129
vt -1.090088 0.5230086
vt -1.079206 0.5275156
vt -1.077886 0.5307028
vt -1.082394 0.9674017
vt -1.082394 0.9719088
vt -1.082394 0.5261958
vt -1.082394 0.5307028
vt -1.085581 0.5275156
vt -1.088282 0.9732897
vt -1.085581 0.9705889
vt -1.086901 0.5307028
vt -1.086901 0.9674017
vt -1.090722 0.9674017
vt -1.090722 0.5307028
vt -1.093275 0.9674017
vt -1.093275 0.5307028
vt -1.090722 0.5223734
vt -1.094172 0.5307028
vt -1.094172 0.9674017
vt -1.090722 0.9757311
vt -1.074065 0.5223734
vt -1.082394 0.5198214
vt -1.074698 0.5230086
vt -1.082394 0.518925
vt -1.090088 0.5230086
vt -1.090722 0.5223734
vt -1.024001 0.5517848
vt -1.02745 0.5434554
vt -1.028085 0.5440886
vt -1.024897 0.5517848
vt -1.024897 0.9501193
vt -1.024001 0.9501193
vt -1.02745 0.9584467
vt -1.028085 0.9578135
vt -1.035779 0.9618971
vt -1.02745 0.9501193
vt -1.035779 0.9610007
vt -1.044108 0.9584467
vt -1.02989 0.9560072
vt -1.043474 0.9578135
vt -1.047558 0.9501193
vt -1.035779 0.9584467
vt -1.02989 0.5458949
vt -1.02745 0.5517848
vt -1.031272 0.9501193
vt -1.032592 0.9533064
vt -1.035779 0.5434554
vt -1.035779 0.5409033
vt -1.041669 0.5458949
vt -1.043474 0.5440886
vt -1.041669 0.9560072
vt -1.035779 0.9546263
vt -1.035779 0.9501193
vt -1.031272 0.5517848
vt -1.032592 0.5485957
vt -1.035779 0.5472777
vt -1.035779 0.5517848
vt -1.038967 0.5485957
vt -1.038967 0.9533064
vt -1.040286 0.5517848
vt -1.040286 0.9501193
vt -1.044108 0.9501193
vt -1.044108 0.5517848
vt -1.046661 0.9501193
vt -1.046661 0.5517848
vt -1.044108 0.5434554
vt -1.047558 0.5517848
vt -1.02745 0.5434554
vt -1.035779 0.5409033
vt -1.028085 0.5440886
vt -1.035779 0.540005
vt -1.043474 0.5440886
vt -1.044108 0.5434554
vt -1.265138 0.9806864
vt -1.265772 0.9800513
vt -1.273466 0.9832385
vt -1.273466 0.9841368
vt -1.281161 0.9800513
vt -1.281795 0.9806864
vt -1.261688 0.972357
vt -1.265772 0.9800513
vt -1.265138 0.9806864
vt -1.262585 0.972357
vt -1.262585 0.527178
vt -1.261688 0.527178
vt -1.265138 0.5188487
vt -1.265772 0.5194838
vt -1.273466 0.5154002
vt -1.265138 0.527178
vt -1.273466 0.5162966
vt -1.281795 0.5188487
vt -1.267578 0.5212901
vt -1.281161 0.5194838
vt -1.285245 0.527178
vt -1.273466 0.5188487
vt -1.267578 0.978245
vt -1.265138 0.972357
vt -1.268959 0.527178
vt -1.270279 0.5239909
vt -1.273466 0.9806864
vt -1.273466 0.9832385
vt -1.279356 0.978245
vt -1.281161 0.9800513
vt -1.279356 0.5212901
vt -1.273466 0.522671
vt -1.273466 0.527178
vt -1.268959 0.972357
vt -1.270279 0.9755442
vt -1.273466 0.976866
vt -1.273466 0.972357
vt -1.276654 0.9755442
vt -1.276654 0.5239909
vt -1.277974 0.972357
vt -1.277974 0.527178
vt -1.281795 0.527178
vt -1.281795 0.972357
vt -1.284348 0.527178
vt -1.284348 0.972357
vt -1.281795 0.9806864
vt -1.285245 0.972357
vt -1.31051 0.9806864
vt -1.311144 0.9800513
vt -1.318838 0.9832385
vt -1.318838 0.9841368
vt -1.326533 0.9800513
vt -1.327167 0.9806864
vt -1.30706 0.972357
vt -1.311144 0.9800513
vt -1.31051 0.9806864
vt -1.307957 0.972357
vt -1.307957 0.527178
vt -1.30706 0.527178
vt -1.31051 0.5188487
vt -1.311144 0.5194838
vt -1.318838 0.5154002
vt -1.31051 0.527178
vt -1.318838 0.5162966
vt -1.327167 0.5188487
vt -1.312949 0.5212901
vt -1.326533 0.5194838
vt -1.330617 0.527178
vt -1.318838 0.5188487
vt -1.312949 0.978245
vt -1.31051 0.972357
vt -1.314331 0.527178
vt -1.315652 0.5239909
vt -1.318838 0.9806864
vt -1.318838 0.9832385
vt -1.324728 0.978245
vt -1.326533 0.9800513
vt -1.324728 0.5212901
vt -1.318838 0.522671
vt -1.318838 0.527178
vt -1.314331 0.972357
vt -1.315652 0.9755442
vt -1.318838 0.976866
vt -1.318838 0.972357
vt -1.322026 0.9755442
vt -1.322026 0.5239909
vt -1.323346 0.972357
vt -1.323346 0.527178
vt -1.327167 0.527178
vt -1.327167 0.972357
vt -1.32972 0.527178
vt -1.32972 0.972357
vt -1.327167 0.9806864
vt -1.330617 0.972357
vt -1.358827 0.9806864
vt -1.35946 0.9800513
vt -1.367155 0.9832385
vt -1.367155 0.9841368
vt -1.37485 0.9800513
vt -1.375484 0.9806864
vt -1.355377 0.972357
vt -1.35946 0.9800513
vt -1.358827 0.9806864
vt -1.356273 0.972357
vt -1.356273 0.527178
vt -1.355377 0.527178
vt -1.358827 0.5188487
vt -1.35946 0.5194838
vt -1.367155 0.5154002
vt -1.358827 0.527178
vt -1.367155 0.5162966
vt -1.375484 0.5188487
vt -1.361266 0.5212901
vt -1.37485 0.5194838
vt -1.378933 0.527178
vt -1.367155 0.5188487
vt -1.361266 0.978245
vt -1.358827 0.972357
vt -1.362647 0.527178
vt -1.363968 0.5239909
vt -1.367155 0.9806864
vt -1.367155 0.9832385
vt -1.373044 0.978245
vt -1.37485 0.9800513
vt -1.373044 0.5212901
vt -1.367155 0.522671
vt -1.367155 0.527178
vt -1.362647 0.972357
vt -1.363968 0.9755442
vt -1.367155 0.976866
vt -1.367155 0.972357
vt -1.370342 0.9755442
vt -1.370342 0.5239909
vt -1.371662 0.972357
vt -1.371662 0.527178
vt -1.375484 0.527178
vt -1.375484 0.972357
vt -1.378037 0.527178
vt -1.378037 0.972357
vt -1.375484 0.9806864
vt -1.378933 0.972357
vt -1.409277 0.9757311
vt -1.409912 0.9750941
vt -1.417606 0.9782832
vt -1.417606 0.9791815
vt -1.425301 0.9750941
vt -1.425935 0.9757311
vt -1.429385 0.5307028
vt -1.425301 0.5230086
vt -1.425935 0.5223734
vt -1.428488 0.5307028
vt -1.428488 0.9674017
vt -1.429385 0.9674017
vt -1.425935 0.9757311
vt -1.425301 0.9750941
vt -1.425935 0.9674017
vt -1.423495 0.9732897
vt -1.417606 0.9782832
vt -1.417606 0.9757311
vt -1.409912 0.9750941
vt -1.423495 0.5248129
vt -1.425935 0.5307028
vt -1.422114 0.9674017
vt -1.420793 0.9705889
vt -1.417606 0.5223734
vt -1.417606 0.5198214
vt -1.411717 0.5248129
vt -1.409912 0.5230086
vt -1.420793 0.5275156
vt -1.422114 0.5307028
vt -1.417606 0.9674017
vt -1.417606 0.9719088
vt -1.417606 0.5261958
vt -1.417606 0.5307028
vt -1.414419 0.5275156
vt -1.411717 0.9732897
vt -1.414419 0.9705889
vt -1.413099 0.5307028
vt -1.413099 0.9674017
vt -1.409277 0.9674017
vt -1.409277 0.5307028
vt -1.406724 0.9674017
vt -1.406724 0.5307028
vt -1.409277 0.5223734
vt -1.405827 0.5307028
vt -1.405827 0.9674017
vt -1.409277 0.9757311
vt -1.425935 0.5223734
vt -1.425301 0.5230086
vt -1.417606 0.5198214
vt -1.417606 0.518925
vt -1.409912 0.5230086
vt -1.409277 0.5223734
vt -1.455891 0.9584467
vt -1.456526 0.9578135
vt -1.46422 0.9610007
vt -1.46422 0.9618971
vt -1.471915 0.9578135
vt -1.472549 0.9584467
vt -1.475999 0.5517848
vt -1.471915 0.5440886
vt -1.472549 0.5434554
vt -1.475102 0.5517848
vt -1.475102 0.9501193
vt -1.475999 0.9501193
vt -1.472549 0.9584467
vt -1.471915 0.9578135
vt -1.472549 0.9501193
vt -1.470109 0.9560072
vt -1.46422 0.9610007
vt -1.46422 0.9584467
vt -1.456526 0.9578135
vt -1.470109 0.5458949
vt -1.472549 0.5517848
vt -1.468727 0.9501193
vt -1.467407 0.9533064
vt -1.46422 0.5434554
vt -1.46422 0.5409033
vt -1.458331 0.5458949
vt -1.456526 0.5440886
vt -1.467407 0.5485957
vt -1.468727 0.5517848
vt -1.46422 0.9501193
vt -1.46422 0.9546263
vt -1.46422 0.5472777
vt -1.46422 0.5517848
vt -1.461033 0.5485957
vt -1.458331 0.9560072
vt -1.461033 0.9533064
vt -1.459713 0.5517848
vt -1.459713 0.9501193
vt -1.455891 0.9501193
vt -1.455891 0.5517848
vt -1.453339 0.9501193
vt -1.453339 0.5517848
vt -1.455891 0.5434554
vt -1.452442 0.5517848
vt -1.452442 0.9501193
vt -1.455891 0.9584467
vt -1.472549 0.5434554
vt -1.471915 0.5440886
vt -1.46422 0.5409033
vt -1.46422 0.540005
vt -1.456526 0.5440886
vt -1.455891 0.5434554
vt -1.514977 0.01231273
vt -1.519803 0.01941383
vt -1.511427 0.01231273
vt -1.525922 0.01941381
vt -1.516224 0.01231273
vt -1.528071 0.01941381
vt -1.524057 0.02595978
vt -1.534122 0.02595975
vt -1.531503 0.02595975
vt -1.528309 0.03250647
vt -1.540174 0.03250647
vt -1.537084 0.03250647
vt -1.532935 0.07985328
vt -1.546641 0.08004663
vt -1.543079 0.07978433
vt -1.533046 0.1972409
vt -1.546797 0.1974675
vt -1.543223 0.1973294
vt -1.527296 0.2548602
vt -1.538666 0.2548602
vt -1.535711 0.2548602
vt -1.523232 0.2854661
vt -1.530401 0.2854661
vt -1.532919 0.2854661
vt -1.520808 0.3013774
vt -1.52722 0.3014179
vt -1.529475 0.3014179
vt -1.526303 0.3145525
vt -1.524289 0.3145525
vt -1.51855 0.3145261
vt -1.523859 0.3282558
vt -1.525838 0.3282558
vt -1.526102 0.3462834
vt -1.528266 0.3462834
vt -1.527528 0.3697532
vt -1.529809 0.3697532
vt -1.528475 0.3920805
vt -1.530834 0.3920805
vt -1.521758 0.3920805
vt -1.521034 0.3697532
vt -1.521863 0.4217919
vt -1.528612 0.4217919
vt -1.530982 0.4217919
vt -1.484714 0.01231273
vt -1.47162 0.01941381
vt -1.483467 0.01231273
vt -1.473769 0.01941381
vt -1.488264 0.01231273
vt -1.468188 0.02595978
vt -1.465569 0.02595975
vt -1.479888 0.01941381
vt -1.493578 0.01231198
vt -1.475635 0.02595975
vt -1.462607 0.0325065
vt -1.459517 0.0325065
vt -1.471382 0.03250647
vt -1.456612 0.07978429
vt -1.45305 0.0800466
vt -1.466757 0.07985328
vt -1.456468 0.1973294
vt -1.452894 0.1974675
vt -1.466646 0.1972409
vt -1.46398 0.2548602
vt -1.461025 0.2548602
vt -1.466772 0.2854661
vt -1.472396 0.2548602
vt -1.46929 0.2854661
vt -1.470216 0.3014179
vt -1.481938 0.07976802
vt -1.481878 0.1967411
vt -1.48499 0.2548602
vt -1.476459 0.2854661
vt -1.472471 0.3014179
vt -1.484462 0.03250647
vt -1.486753 0.02595975
vt -1.490667 0.02164566
vt -1.499846 0.0199112
vt -1.499846 0.01231198
vt -1.506113 0.01231198
vt -1.509024 0.02164566
vt -1.511427 0.01231273
vt -1.519803 0.01941383
vt -1.524057 0.02595978
vt -1.512938 0.02595975
vt -1.528309 0.03250647
vt -1.51523 0.03250647
vt -1.532935 0.07985328
vt -1.517754 0.07976805
vt -1.533046 0.1972409
vt -1.499846 0.03312767
vt -1.517813 0.196741
vt -1.527296 0.2548602
vt -1.499846 0.07850848
vt -1.499846 0.196231
vt -1.514702 0.2548602
vt -1.499846 0.2548602
vt -1.512503 0.2854661
vt -1.523232 0.2854661
vt -1.499846 0.2854661
vt -1.48719 0.2854661
vt -1.511193 0.3013527
vt -1.520808 0.3013774
vt -1.51855 0.3145261
vt -1.499846 0.3013421
vt -1.478885 0.3013774
vt -1.488498 0.3013545
vt -1.509967 0.3145015
vt -1.499846 0.3144926
vt -1.489725 0.3144996
vt -1.481142 0.3145208
vt -1.475402 0.3145525
vt -1.473388 0.3145525
vt -1.473853 0.3282558
vt -1.475832 0.3282558
vt -1.471425 0.3462834
vt -1.481466 0.3282558
vt -1.473588 0.3462834
vt -1.469882 0.3697532
vt -1.489898 0.3282558
vt -1.472163 0.3697532
vt -1.468858 0.3920805
vt -1.479749 0.3462834
vt -1.499846 0.3282558
vt -1.471216 0.3920805
vt -1.468709 0.4217919
vt -1.471079 0.4217919
vt -1.478658 0.3697532
vt -1.48897 0.3462834
vt -1.477934 0.3920805
vt -1.477829 0.4217919
vt -1.509792 0.3282558
vt -1.488379 0.3697532
vt -1.487987 0.3920805
vt -1.48793 0.4217919
vt -1.499846 0.3462834
vt -1.518225 0.3282558
vt -1.524289 0.3145525
vt -1.523859 0.3282558
vt -1.499846 0.3920805
vt -1.499846 0.4217919
vt -1.499846 0.3697532
vt -1.510722 0.3462834
vt -1.519942 0.3462834
vt -1.526102 0.3462834
vt -1.511312 0.3697532
vt -1.511704 0.3920805
vt -1.511761 0.4217919
vt -1.521034 0.3697532
vt -1.527528 0.3697532
vt -1.521758 0.3920805
vt -1.521863 0.4217919
vt -1.511427 0.01231273
vt -1.525922 0.01941381
vt -1.514977 0.01231273
vt -1.519803 0.01941383
vt -1.506113 0.01231273
vt -1.524057 0.02595978
vt -1.531503 0.02595975
vt -1.509024 0.02164566
vt -1.499846 0.01231273
vt -1.512938 0.02595975
vt -1.499846 0.0199112
vt -1.493578 0.01231273
vt -1.490667 0.02164566
vt -1.51523 0.03250647
vt -1.488264 0.01231273
vt -1.528309 0.03250647
vt -1.537084 0.03250647
vt -1.479888 0.01941381
vt -1.484714 0.01231273
vt -1.532935 0.07985328
vt -1.543079 0.07978433
vt -1.517754 0.07976805
vt -1.475635 0.02595975
vt -1.486753 0.02595975
vt -1.473769 0.01941381
vt -1.483467 0.01231273
vt -1.47162 0.01941381
vt -1.465569 0.02595975
vt -1.468188 0.02595978
vt -1.459517 0.0325065
vt -1.462607 0.0325065
vt -1.45305 0.0800466
vt -1.471382 0.03250647
vt -1.484462 0.03250647
vt -1.456612 0.07978434
vt -1.452894 0.1974675
vt -1.466757 0.07985328
vt -1.456468 0.1973294
vt -1.461025 0.2548602
vt -1.481938 0.07976802
vt -1.499846 0.03312767
vt -1.466645 0.1972409
vt -1.46398 0.2548602
vt -1.499846 0.07850848
vt -1.481878 0.1967411
vt -1.499846 0.196231
vt -1.472396 0.2548602
vt -1.46929 0.2854661
vt -1.466772 0.2854661
vt -1.47247 0.3014126
vt -1.476459 0.2854661
vt -1.48499 0.2548602
vt -1.517813 0.196741
vt -1.478884 0.3013774
vt -1.48719 0.2854661
vt -1.499846 0.2548602
vt -1.533046 0.1972409
vt -1.475401 0.3145578
vt -1.473388 0.3145525
vt -1.475832 0.3282558
vt -1.488497 0.3013527
vt -1.499846 0.2854661
vt -1.514702 0.2548602
vt -1.543223 0.1973294
vt -1.546641 0.08004663
vt -1.527296 0.2548602
vt -1.535711 0.2548602
vt -1.481142 0.3145261
vt -1.499846 0.3013421
vt -1.512503 0.2854661
vt -1.530401 0.2854661
vt -1.532919 0.2854661
vt -1.529475 0.3014179
vt -1.523232 0.2854661
vt -1.52722 0.3014179
vt -1.524289 0.3145525
vt -1.511193 0.3013545
vt -1.520807 0.3013774
vt -1.51855 0.3145208
vt -1.509966 0.3144996
vt -1.499846 0.3144926
vt -1.523859 0.3282558
vt -1.525838 0.3282558
vt -1.528266 0.3462834
vt -1.518225 0.3282558
vt -1.526102 0.3462834
vt -1.529809 0.3697532
vt -1.527528 0.3697532
vt -1.509792 0.3282558
vt -1.519942 0.3462834
vt -1.489725 0.3145015
vt -1.521034 0.3697532
vt -1.528475 0.3920805
vt -1.510722 0.3462834
vt -1.499846 0.3282558
vt -1.489898 0.3282558
vt -1.521758 0.3920805
vt -1.528612 0.4217919
vt -1.521863 0.4217919
vt -1.511312 0.3697532
vt -1.499846 0.3462834
vt -1.511704 0.3920805
vt -1.511761 0.4217919
vt -1.481466 0.3282558
vt -1.499846 0.3697532
vt -1.499846 0.3920805
vt -1.499846 0.4217919
vt -1.48897 0.3462834
vt -1.479749 0.3462834
vt -1.473588 0.3462834
vt -1.488379 0.3697532
vt -1.487987 0.3920805
vt -1.48793 0.4217919
vt -1.478658 0.3697532
vt -1.472163 0.3697532
vt -1.477934 0.3920805
vt -1.477829 0.4217919
vt -1.471216 0.3920805
vt -1.471079 0.4217919
vt -1.514977 0.01231273
vt -1.528071 0.01941381
vt -1.516224 0.01231273
vt -1.525922 0.01941381
vt -1.531503 0.02595975
vt -1.534122 0.02595975
vt -1.537084 0.03250647
vt -1.540174 0.03250647
vt -1.543079 0.07978433
vt -1.546641 0.08004663
vt -1.543223 0.1973294
vt -1.546797 0.1974675
vt -1.535711 0.2548602
vt -1.538666 0.2548602
vt -1.532919 0.2854661
vt -1.480941 0.4217919
vt -1.475815 0.4784734
vt -1.475811 0.4217919
vt -1.480944 0.4760754
vt -1.489427 0.4217919
vt -1.489429 0.4742988
vt -1.499846 0.4217919
vt -1.499846 0.4736527
vt -1.510265 0.4217919
vt -1.510262 0.4742988
vt -1.51875 0.4217919
vt -1.518747 0.4760754
vt -1.523881 0.4217919
vt -1.523876 0.4784734
vt -1.525451 0.4217919
vt -1.525446 0.4809401
vt -1.475811 0.4217919
vt -1.475815 0.4784734
vt -1.474246 0.4809401
vt -1.474241 0.4217919
vt -1.474241 0.4217919
vt -1.474246 0.4809401
vt -1.475815 0.4834086
vt -1.475811 0.4217919
vt -1.480944 0.4858084
vt -1.480941 0.4217919
vt -1.480941 0.4217919
vt -1.480944 0.4858084
vt -1.489429 0.4875814
vt -1.489427 0.4217919
vt -1.499846 0.4882293
vt -1.499846 0.4217919
vt -1.510262 0.4875814
vt -1.510265 0.4217919
vt -1.518747 0.4858084
vt -1.51875 0.4217919
vt -1.523876 0.4834086
vt -1.51875 0.4217919
vt -1.523876 0.4834086
vt -1.523881 0.4217919
vt -1.525446 0.4809401
vt -1.525451 0.4217919
vt -1.528475 0.3920805
vt -1.528612 0.4217919
vt -1.530982 0.4217919
vt -1.530834 0.3920805
vt -1.527528 0.3697532
vt -1.529809 0.3697532
vt -1.468858 0.3920805
vt -1.468709 0.4217919
vt -1.471079 0.4217919
vt -1.471216 0.3920805
vt -1.469882 0.3697532
vt -1.472163 0.3697532
vt -1.471425 0.3462834
vt -1.473588 0.3462834
vt -1.473853 0.3282558
vt -1.475832 0.3282558
vt -1.473388 0.3145525
vt -1.47247 0.3014126
vt -1.470216 0.3014179
vt -1.466772 0.2854661
vt -1.499846 0.0307781
vt -1.509489 0.0301554
vt -1.511537 0.03099452
vt -1.499846 0.03152838
vt -1.499846 0.03312767
vt -1.51523 0.03250647
vt -1.484462 0.03250647
vt -1.488154 0.03099452
vt -1.490202 0.0301554
vt -1.490202 0.0301554
vt -1.490202 0.0301554
vt -1.499846 0.0307781
vt -1.509489 0.0301554
vt -1.509489 0.0301554
vt -1.488154 0.03099452
vt -1.499846 0.03152762
vt -1.511537 0.03099452
vt -1.51523 0.03250647
vt -1.499846 0.03312767
vt -1.484462 0.03250647
vt -1.488154 0.03099452
vt -1.491639 0.02605318
vt -1.490202 0.0301554
vt -1.489878 0.026019
vt -1.494092 0.02334823
vt -1.492723 0.0226678
vt -1.494092 0.02334823
vt -1.491639 0.02605318
vt -1.492723 0.0226678
vt -1.489878 0.026019
vt -1.486753 0.02595975
vt -1.490667 0.02164566
vt -1.484462 0.03250647
vt -1.488154 0.03099452
vt -1.490202 0.0301554
vt -1.490202 0.0301554
vt -1.491639 0.02605318
vt -1.511537 0.03099452
vt -1.508052 0.02605318
vt -1.509489 0.0301554
vt -1.509813 0.026019
vt -1.51523 0.03250647
vt -1.512938 0.02595975
vt -1.509024 0.02164566
vt -1.506969 0.0226678
vt -1.505599 0.02334823
vt -1.499846 0.02226152
vt -1.505599 0.02334823
vt -1.508052 0.02605318
vt -1.505599 0.02334823
vt -1.508052 0.02605318
vt -1.509489 0.0301554
vt -1.509489 0.0301554
vt -1.506969 0.0226678
vt -1.499846 0.02146416
vt -1.509813 0.026019
vt -1.511537 0.03099452
vt -1.51523 0.03250647
vt -1.512938 0.02595975
vt -1.509024 0.02164566
vt -1.499846 0.0199112
vt -1.506969 0.0226678
vt -1.499846 0.02226152
vt -1.505599 0.02334823
vt -1.499846 0.02146416
vt -1.494092 0.02334823
vt -1.492723 0.0226678
vt -1.490667 0.02164566
vt -1.499846 0.0199112
vt -1.509024 0.02164566
vt -1.492723 0.0226678
vt -1.499846 0.02226152
vt -1.494092 0.02334823
vt -1.499846 0.02146416
vt -1.505599 0.02334823
vt -1.499846 0.0199112
vt -1.490667 0.02164566
vt -1.505599 0.02334823
vt -1.499846 0.02226152
vt -1.494092 0.02334823
vt -1.494092 0.02334823
vt -1.490667 0.02164566
vt -1.492723 0.0226678
vt -1.489878 0.026019
vt -1.486753 0.02595975
vt -1.484462 0.03250647
vt -1.488154 0.03099452
vt -1.529475 0.3014179
vt -1.524289 0.3145525
vt -1.526303 0.3145525
vt -1.525838 0.3282558
vt -1.97796 0.3604251
vt -1.993902 0.3683015
vt -1.993902 0.3517597
vt -1.982207 0.3746329
vt -1.968287 0.3831127
vt -1.993902 0.3868691
vt -1.975077 0.3912098
vt -1.968501 0.4111564
vt -1.987748 0.3901984
vt -1.993902 0.4052868
vt -1.975193 0.4117008
vt -1.978305 0.4338447
vt -1.983971 0.3989167
vt -1.982394 0.4282777
vt -1.993902 0.4425109
vt -1.993902 0.4346096
vt -1.984003 0.4096921
vt -1.9878 0.4184083
vt -1.993902 0.4217378
vt 2.97565 0.4338447
vt 2.991248 0.4346096
vt 2.991248 0.4425109
vt 2.97974 0.4282777
vt 2.965847 0.4111567
vt 2.991248 0.4217378
vt 2.972538 0.4117009
vt 2.965633 0.3831128
vt 2.985146 0.4184082
vt 2.991248 0.4052868
vt 2.972423 0.39121
vt 2.975305 0.3604251
vt 2.98135 0.409692
vt 2.979553 0.3746329
vt 2.991248 0.3517597
vt 2.991248 0.3683015
vt 2.981318 0.3989168
vt 2.985095 0.3901984
vt 2.991248 0.3868691
vt -1.007519 0.5607245
vt -1.099245 0.6595423
vt -0.9999999 0.5985968
vt -1.000026 0.7499983
vt -1.103835 0.6364672
vt -1.25 0.7500002
vt -1.028837 0.5288374
vt -1.099245 0.7500002
vt -1.099245 0.8404582
vt -1.000051 0.9013999
vt -1.103835 0.8635333
vt -1.00758 0.9392531
vt -1.116906 0.883095
vt -1.028837 0.971163
vt -1.136467 0.8961661
vt -1.060725 0.9924834
vt -1.159541 0.9007552
vt -1.098597 1
vt -1.136467 0.6038363
vt -1.25 0.9007552
vt -1.249997 0.9999735
vt -1.340459 0.9007552
vt -1.401398 0.9999506
vt -1.363532 0.8961661
vt -1.43925 0.9924204
vt -1.383094 0.883095
vt -1.471163 0.971163
vt -1.396164 0.8635333
vt -1.49248 0.9392741
vt -1.400754 0.8404582
vt -1.5 0.9014037
vt -1.499974 0.7500041
vt -1.400754 0.7500002
vt -1.499949 0.5986025
vt -1.400754 0.6595423
vt -1.396164 0.6364672
vt -1.492421 0.5607512
vt -1.383094 0.6169055
vt -1.471163 0.5288374
vt -1.363532 0.6038363
vt -1.439275 0.5075209
vt -1.25 0.5992453
vt -1.340459 0.5992453
vt -1.401403 0.5000002
vt -1.250002 0.500025
vt -1.098602 0.5000517
vt -1.159541 0.5992453
vt -1.060749 0.50758
vt -1.116906 0.6169055
vt -1.511427 0.01231273
vt -1.499846 0.01231273
vt -1.514977 0.01231273
vt -1.506113 0.01231198
vt -1.516224 0.01231273
vt -1.499846 0.01231198
vt -1.514977 0.01231273
vt -1.493578 0.01231198
vt -1.511427 0.01231273
vt -1.488264 0.01231273
vt -1.506113 0.01231273
vt -1.484714 0.01231273
vt -1.499846 0.01231273
vt -1.483467 0.01231273
vt -1.493578 0.01231273
vt -1.484714 0.01231273
vt -1.488264 0.01231273
vt -1.528612 0.4217919
vt -1.530982 0.4217919
vt -1.525451 0.4217919
vt -1.523881 0.4217919
vt -1.523881 0.4217919
vt -1.521863 0.4217919
vt -1.528612 0.4217919
vt -1.51875 0.4217919
vt -1.51875 0.4217919
vt -1.511761 0.4217919
vt -1.521863 0.4217919
vt -1.510265 0.4217919
vt -1.510265 0.4217919
vt -1.499846 0.4217919
vt -1.511761 0.4217919
vt -1.499846 0.4217919
vt -1.499846 0.4217919
vt -1.48793 0.4217919
vt -1.499846 0.4217919
vt -1.489427 0.4217919
vt -1.489427 0.4217919
vt -1.477829 0.4217919
vt -1.48793 0.4217919
vt -1.480941 0.4217919
vt -1.480941 0.4217919
vt -1.471079 0.4217919
vt -1.477829 0.4217919
vt -1.475811 0.4217919
vt -1.475811 0.4217919
vt -1.468709 0.4217919
vt -1.471079 0.4217919
vt -1.474241 0.4217919
vn 0 1 0
vn 0 1 0
vn 0 1 0
vn 0 1 0
vn 0 1 0
vn 0 1 0
vn -0.6204224 0.4797488 0.6204169
vn -0.6150401 0.4934405 0.6150139
vn -0.3266435 0.4733374 0.8180805
vn -0.5545316 -0.8321626 6.025785E-05
vn -0.5722473 -0.8198264 0.02044066
vn -0.01938444 -0.9998119 0.0007054639
vn -0.05002858 0.7766895 -0.6278938
vn -0.3539346 0.6134081 -0.7060176
vn -0.3510152 0.01150652 -0.9362991
vn -0.02454906 0.06639078 -0.9974917
vn 0.0001390406 0.7484616 -0.6631781
vn -0.04536891 -0.3803151 -0.9237436
vn -0.3592005 -0.4265919 -0.8300568
vn 0.0001032442 0.06692012 -0.9977583
vn 0.04980378 0.7809422 -0.6226144
vn -1.799897E-06 -0.3718182 -0.9283056
vn -0.03099154 -0.4067897 -0.912996
vn -0.329683 -0.4565923 -0.8263369
vn -0.6327816 -0.4442103 -0.6342433
vn -0.6216888 -0.4764268 -0.6217079
vn -5.757744E-06 -0.402738 -0.9153153
vn 0.0453743 -0.3800593 -0.9238486
vn 0.03098541 -0.4066557 -0.9130559
vn 0.3297252 -0.4564236 -0.8264133
vn 0.02483951 0.07799991 -0.9966439
vn 0.3506128 0.6216536 -0.7004409
vn 0.3505297 0.03141667 -0.9360245
vn 0.3592287 -0.4263024 -0.8301932
vn 0.6216985 -0.4764297 -0.6216958
vn 0.6327695 -0.4441653 -0.6342869
vn -0.9986382 -0.04872762 -0.01863404
vn -0.7101924 0.6253337 -0.3233951
vn -0.6294803 0.7761428 -0.03683652
vn -0.9434121 -0.03895565 -0.3293268
vn -0.5747964 0.5999429 -0.5564867
vn -0.8276299 -0.430231 -0.3604583
vn -0.7141755 -0.03758796 -0.6989567
vn -0.3539346 0.6134081 -0.7060176
vn -0.3510152 0.01150652 -0.9362991
vn -0.3592005 -0.4265919 -0.8300568
vn -0.6327816 -0.4442103 -0.6342433
vn -0.6216888 -0.4764268 -0.6217079
vn -0.8264166 -0.4564231 -0.3297173
vn -0.5191705 -0.8288769 -0.2083869
vn -0.3888955 -0.8349997 -0.3892762
vn -0.6912168 0.7204683 0.05607907
vn -0.7049156 0.6151138 0.3531699
vn -0.9144761 -0.2176977 0.3410884
vn -0.9983506 -0.0509926 0.02637739
vn -0.6939942 0.7199805 0.0002398985
vn -0.9189689 -0.3918112 0.04450013
vn -0.8230379 -0.4434794 0.3548727
vn -0.9978936 -0.06487198 -0.0001040751
vn -0.6294803 0.7761428 -0.03683652
vn -0.9986382 -0.04872762 -0.01863404
vn -0.912991 -0.4068014 0.03098365
vn -0.8263273 -0.4566081 0.329685
vn -0.9238245 -0.3828163 -4.990426E-06
vn -0.9194095 -0.3906131 -0.04590891
vn -0.8276299 -0.430231 -0.3604583
vn -0.8264166 -0.4564231 -0.3297173
vn -0.9130547 -0.4066583 -0.03098419
vn -0.9153123 -0.4027448 2.357285E-06
vn -0.5545316 -0.8321626 6.025785E-05
vn -0.5722473 -0.8198264 0.02044066
vn -0.5156031 -0.8315198 0.2067081
vn -0.3892878 -0.8349882 0.3889085
vn 0.04301755 0.7249396 0.6874679
vn 0.3291993 0.6164835 0.7152454
vn 0.306757 -0.3120084 0.8991946
vn 0.0182146 -0.2290774 0.9732378
vn -0.0001234859 0.703021 0.7111691
vn 0.04503667 -0.4023836 0.9143627
vn 0.3559175 -0.4484366 0.8198947
vn -0.0001006976 -0.2496034 0.9683481
vn -0.04285822 0.729833 0.6822807
vn -1.140639E-06 -0.3941012 0.919067
vn 0.03098112 -0.4067941 0.9129944
vn 0.3296829 -0.4565946 0.8263355
vn 0.6276055 -0.4628425 0.6260098
vn 0.6216971 -0.4764247 0.6217011
vn 2.032665E-06 -0.4027407 0.9153141
vn -0.0450582 -0.4022231 0.9144322
vn -0.03098502 -0.4066547 0.9130563
vn -0.3297252 -0.4564226 0.8264138
vn -0.01864508 -0.2152384 0.9763836
vn -0.3265021 0.6241003 0.7098557
vn -0.3084805 -0.2885684 0.906404
vn -0.3559355 -0.4482217 0.8200044
vn -0.6217107 -0.4764243 0.6216879
vn -0.6275451 -0.4628929 0.626033
vn -0.5526825 0.6079174 0.5700689
vn -0.3265021 0.6241003 0.7098557
vn -0.3084805 -0.2885684 0.906404
vn -0.6604822 -0.3205512 0.6789773
vn -0.7049156 0.6151138 0.3531699
vn -0.9144761 -0.2176977 0.3410884
vn -0.8230379 -0.4434794 0.3548727
vn -0.6275451 -0.4628929 0.626033
vn -0.3559355 -0.4482217 0.8200044
vn -0.8263273 -0.4566081 0.329685
vn -0.6217107 -0.4764243 0.6216879
vn -0.3892878 -0.8349882 0.3889085
vn 0.3505297 0.03141667 -0.9360245
vn 0.5742628 0.5995741 -0.5574344
vn 0.3506128 0.6216536 -0.7004409
vn 0.7131906 -0.03748585 -0.6999671
vn 0.6327695 -0.4441653 -0.6342869
vn 0.3592287 -0.4263024 -0.8301932
vn 0.7131906 -0.03748585 -0.6999671
vn 0.7160052 0.6170657 -0.3264453
vn 0.5742628 0.5995741 -0.5574344
vn 0.9422519 -0.05950971 -0.3295753
vn 0.6343075 0.7721973 -0.03694989
vn 0.8275259 -0.4304409 -0.3604461
vn 0.6327695 -0.4441653 -0.6342869
vn 0.9979911 -0.06063817 -0.01835229
vn 0.6936996 0.7202643 0.0005092749
vn 0.8263309 -0.4566056 -0.3296793
vn 0.6216985 -0.4764297 -0.6216958
vn 0.3892769 -0.8350022 -0.388889
vn 0.5156072 -0.8315173 -0.2067076
vn 0.9129915 -0.4068003 -0.03098535
vn 0.5722344 -0.8198353 -0.02044155
vn 0.9193288 -0.3908038 -0.04590078
vn 0.9979341 -0.06424539 0.0001049246
vn 0.6855485 0.7258789 0.05588432
vn 0.9238108 -0.3828492 -2.162568E-06
vn 0.9153125 -0.4027444 -2.381162E-06
vn 0.5545104 -0.8321769 -6.064504E-05
vn 0.9989455 -0.03726599 0.02681434
vn 0.6998455 0.6225157 0.3502721
vn 0.9190691 -0.3915743 0.04451647
vn 0.9130545 -0.4066589 0.03098426
vn 0.5752494 -0.8177229 0.02043067
vn 0.8264068 -0.456432 0.3297294
vn 0.5191898 -0.8288679 0.2083746
vn 0.919214 -0.194236 0.3425173
vn 0.5533882 0.607616 0.5697054
vn 0.8231881 -0.4431764 0.3549028
vn 0.6276055 -0.4628425 0.6260098
vn 0.6216971 -0.4764247 0.6217011
vn 0.3889124 -0.8349856 0.3892893
vn -0.2714126 0.6934956 -0.6673821
vn -0.507344 0.6969038 -0.5068799
vn -0.2122049 0.9539436 -0.2120396
vn -0.1272315 0.9452639 -0.3004803
vn -0.02744212 0.6739454 -0.7382712
vn -0.01565595 0.9362212 -0.351062
vn 7.688831E-05 0.6694861 -0.7428245
vn 4.528271E-05 0.8992224 -0.4374917
vn 0.02767037 0.6709302 -0.7410041
vn 0.01578292 0.9357445 -0.3523254
vn 0.2726423 0.6893128 -0.6712034
vn 0.1280121 0.9444873 -0.3025831
vn 0.5068672 0.6969024 -0.5073584
vn 0.2120448 0.9539431 -0.2122022
vn -0.507344 0.6969038 -0.5068799
vn -0.3025844 0.9444878 -0.1280056
vn -0.2122049 0.9539436 -0.2120396
vn -0.6711812 0.6893292 -0.2726553
vn -0.3523186 0.935747 -0.0157831
vn -0.6711812 0.6893292 -0.2726553
vn -0.7410221 0.6709105 -0.02766644
vn -0.3523186 0.935747 -0.0157831
vn -0.4374964 0.8992202 -4.442955E-05
vn -0.7428521 0.6694555 -7.542169E-05
vn -0.3510613 0.9362216 0.01565281
vn -0.7382803 0.6739356 0.02744135
vn -0.3004782 0.9452658 0.1272224
vn -0.6673304 0.693547 0.2714089
vn -0.212055 0.9539403 0.212204
vn -0.5068727 0.6968856 0.5073761
vn -0.5068727 0.6968856 0.5073761
vn -0.1280215 0.9444811 0.3025986
vn -0.212055 0.9539403 0.212204
vn -0.2726557 0.6893116 0.6711992
vn -0.01578329 0.935744 0.3523267
vn -0.02767007 0.6709762 0.7409624
vn 0.2714233 0.6934713 0.6674033
vn 0.5073675 0.6968573 0.5069203
vn 0.212219 0.9539387 0.2120472
vn 0.1272367 0.9452578 0.3004971
vn 0.02744221 0.6739447 0.7382719
vn 0.01565669 0.9362156 0.3510773
vn -7.403761E-05 0.6695101 0.7428029
vn -4.360737E-05 0.8992171 0.4375027
vn -0.02767007 0.6709762 0.7409624
vn -0.01578329 0.935744 0.3523267
vn 0.5073675 0.6968573 0.5069203
vn 0.3025985 0.9444824 0.1280123
vn 0.212219 0.9539387 0.2120472
vn 0.6712098 0.6892951 0.2726713
vn 0.3523414 0.9357384 0.01578123
vn 0.7410236 0.6709086 0.02767067
vn 0.4375051 0.8992159 4.46558E-05
vn 0.7428507 0.6694571 7.580014E-05
vn 0.3510572 0.9362231 -0.0156556
vn 0.738291 0.6739241 -0.02743763
vn 0.3004926 0.9452614 -0.1272206
vn 0.6673522 0.6935185 -0.2714278
vn 0.2120448 0.9539431 -0.2122022
vn 0.5068672 0.6969024 -0.5073584
vn -0.353341 0.4619674 -0.8134718
vn -0.6150287 0.4934345 -0.6150301
vn -0.6204329 0.4797431 -0.6204109
vn -0.3265674 0.4735676 -0.8179776
vn -0.04500958 0.4107024 -0.9106578
vn -0.03075523 0.4229645 -0.9056242
vn -3.772633E-06 0.4195778 -0.9077194
vn 0 0.401212 -0.9159852
vn 0.04500945 0.410701 -0.9106585
vn 0.0307535 0.4227811 -0.9057099
vn 0.3533568 0.4619606 -0.8134688
vn 0.3266421 0.4733363 -0.8180817
vn 0.6204239 0.4797455 -0.6204178
vn 0.615041 0.4934399 -0.6150135
vn -0.6204329 0.4797431 -0.6204109
vn -0.8180891 0.4733198 -0.3266474
vn -0.8134797 0.4619427 -0.3533551
vn -0.6150287 0.4934345 -0.6150301
vn -0.4192474 0.8050634 -0.4196482
vn -0.8134617 0.461963 0.35337
vn -0.6150401 0.4934405 0.6150139
vn -0.6204224 0.4797488 0.6204169
vn -0.8179647 0.4735656 0.3266027
vn -0.9106618 0.4106925 0.0450226
vn -0.5582985 0.7991573 0.2228235
vn -0.4196221 0.8050864 0.4192291
vn -0.6228325 0.7820479 0.02192978
vn -0.9056242 0.4229638 0.03076297
vn -0.6123779 0.7905652 7.451421E-05
vn -0.9077195 0.4195776 3.764105E-06
vn -0.9159901 0.4012008 0
vn -0.6246421 0.7806048 -0.0218696
vn -0.9106622 0.4106912 -0.04502201
vn -0.9057112 0.4227776 -0.0307627
vn -0.8134797 0.4619427 -0.3533551
vn -0.5605354 0.7972744 -0.2239504
vn -0.8180891 0.4733198 -0.3266474
vn -0.4192474 0.8050634 -0.4196482
vn -0.6204224 0.4797488 0.6204169
vn -0.3266435 0.4733374 0.8180805
vn -0.3533583 0.461963 0.8134667
vn -0.03075355 0.4227749 0.9057127
vn -0.04500981 0.4106919 0.9106625
vn 3.729426E-06 0.4195744 0.907721
vn 0 0.4011991 0.9159909
vn 0.03074976 0.4229603 0.9056263
vn 0.04500131 0.4106907 0.9106635
vn 0.3265686 0.4735623 0.8179803
vn 0.3533449 0.4619617 0.8134733
vn 0.6150199 0.4934393 0.6150352
vn 0.6204215 0.4797464 0.6204196
vn 0.8134638 0.4619598 -0.3533692
vn 0.615041 0.4934399 -0.6150135
vn 0.6204239 0.4797455 -0.6204178
vn 0.8179675 0.4735641 -0.3265979
vn 0.9106606 0.4106951 -0.04502228
vn 0.5583169 0.7991417 -0.2228334
vn 0.4196207 0.8050871 -0.4192294
vn 0.6228747 0.7820144 -0.02192248
vn 0.9056266 0.4229588 -0.03076454
vn 0.9159885 0.4012045 0
vn 0.6123987 0.790549 -7.403654E-05
vn 0.9077201 0.4195764 -3.733693E-06
vn 0.9106607 0.4106945 0.04502235
vn 0.6246348 0.7806107 0.02186824
vn 0.90571 0.4227802 0.03076203
vn 0.8134689 0.4619556 0.353363
vn 0.5605141 0.7972929 0.2239369
vn 0.8180786 0.4733331 0.3266545
vn 0.6204215 0.4797464 0.6204196
vn 0.4192216 0.8050921 0.4196189
vn 0.6150199 0.4934393 0.6150352
vn 0.0307535 0.4227811 -0.9057099
vn 0.3266421 0.4733363 -0.8180817
vn 0.223947 0.7972744 -0.5605368
vn 0.4196207 0.8050871 -0.4192294
vn 0.615041 0.4934399 -0.6150135
vn 0.1430996 0.9232229 -0.3566259
vn 0.0146785 0.9129312 -0.4078493
vn 0.02186741 0.7805656 -0.6246912
vn 0.2649899 0.9272305 -0.2646202
vn 0.5583169 0.7991417 -0.2228334
vn 0.3543687 0.9242617 -0.1419967
vn 0.6228747 0.7820144 -0.02192248
vn 0.405895 0.9138008 -0.01473918
vn 0.6123987 0.790549 -7.403654E-05
vn 0.4105304 0.9118468 -9.395685E-05
vn 0.6246348 0.7806107 0.02186824
vn 0.4078197 0.9129445 0.0146797
vn 0.5605141 0.7972929 0.2239369
vn 0.356603 0.9232323 0.1430957
vn 0.4192216 0.8050921 0.4196189
vn 0.264609 0.927237 0.2649786
vn 0.222841 0.7991323 0.5583274
vn 0.6150199 0.4934393 0.6150352
vn 0.1419809 0.9242692 0.3543554
vn 0.02192226 0.7820266 0.6228594
vn 0.01473232 0.9137886 0.4059231
vn 0.0307535 0.4227811 -0.9057099
vn 0.223947 0.7972744 -0.5605368
vn 0.02186741 0.7805656 -0.6246912
vn -3.772633E-06 0.4195778 -0.9077194
vn -7.340388E-05 0.7905167 -0.6124404
vn -0.03075523 0.4229645 -0.9056242
vn -9.203231E-05 0.9118327 -0.4105619
vn 0.0146785 0.9129312 -0.4078493
vn -0.01473848 0.9137812 -0.4059393
vn -0.02193081 0.7819808 -0.6229166
vn -0.3265674 0.4735676 -0.8179776
vn -0.1419982 0.9242372 -0.354432
vn -0.222857 0.799109 -0.5583543
vn -0.6150287 0.4934345 -0.6150301
vn -0.2646377 0.9272184 -0.2650149
vn -0.4192474 0.8050634 -0.4196482
vn -0.4196221 0.8050864 0.4192291
vn -0.3266435 0.4733374 0.8180805
vn -0.6150401 0.4934405 0.6150139
vn -0.2239582 0.7972795 0.5605247
vn -0.03075355 0.4227749 0.9057127
vn -0.02186573 0.7806031 0.6246445
vn 3.729426E-06 0.4195744 0.907721
vn 7.306832E-05 0.7905566 0.612389
vn 0.03074976 0.4229603 0.9056263
vn 0.02192226 0.7820266 0.6228594
vn 0.3265686 0.4735623 0.8179803
vn 0.222841 0.7991323 0.5583274
vn 0.6150199 0.4934393 0.6150352
vn 0.01473232 0.9137886 0.4059231
vn 9.202285E-05 0.9118417 0.4105418
vn -0.01467407 0.9129493 0.407809
vn -0.1430981 0.9232318 0.3566032
vn -0.264981 0.9272386 0.2646008
vn -0.5582985 0.7991573 0.2228235
vn -0.3543344 0.9242786 0.141973
vn -0.6228325 0.7820479 0.02192978
vn -0.405896 0.9138006 0.01473275
vn 0.3889124 -0.8349856 0.3892893
vn 0.3296829 -0.4565946 0.8263355
vn 0.6216971 -0.4764247 0.6217011
vn 0.2067278 -0.8314909 0.5156418
vn 0.03098112 -0.4067941 0.9129944
vn -0.5752613 -0.8177145 -0.02043107
vn -0.5191705 -0.8288769 -0.2083869
vn -0.8264166 -0.4564231 -0.3297173
vn -0.9130547 -0.4066583 -0.03098419
vn -0.5545316 -0.8321626 6.025785E-05
vn -0.03098502 -0.4066547 0.9130563
vn 2.032665E-06 -0.4027407 0.9153141
vn 5.6455E-05 -0.8321617 0.5545331
vn -0.02043285 -0.8177291 0.5752404
vn -0.3297252 -0.4564226 0.8264138
vn -0.2083649 -0.8288693 0.5191914
vn -0.6217107 -0.4764243 0.6216879
vn -0.3892878 -0.8349882 0.3889085
vn -0.329683 -0.4565923 -0.8263369
vn -0.6216888 -0.4764268 -0.6217079
vn -0.3888955 -0.8349997 -0.3892762
vn -0.206706 -0.8315048 -0.5156281
vn -0.03099154 -0.4067897 -0.912996
vn -0.02043643 -0.8198177 -0.5722596
vn -5.757744E-06 -0.402738 -0.9153153
vn -5.769865E-05 -0.8321617 -0.5545331
vn 0.03098541 -0.4066557 -0.9130559
vn 0.02043783 -0.8177267 -0.5752438
vn 0.3297252 -0.4564236 -0.8264133
vn 0.2083667 -0.8288798 -0.519174
vn 0.6216985 -0.4764297 -0.6216958
vn 0.3892769 -0.8350022 -0.388889
vn 0 -1 0
vn 0 -1 0
vn 0 -1 0
vn 0 -1 0
vn -0.4192474 0.8050634 -0.4196482
vn -0.2646377 0.9272184 -0.2650149
vn -0.3566361 0.9232173 -0.1431106
vn -0.5605354 0.7972744 -0.2239504
vn -0.4078274 0.912941 -0.01467571
vn -0.6246421 0.7806048 -0.0218696
vn -0.4105356 0.9118446 9.450623E-05
vn -0.6123779 0.7905652 7.451421E-05
vn -0.405896 0.9138006 0.01473275
vn -0.6228325 0.7820479 0.02192978
vn -0.5968023 0.5362137 -0.5969102
vn 1.198946E-06 0.748866 -0.6627214
vn -0.4687184 0.7487628 -0.468676
vn 3.687322E-06 0.5364709 -0.8439188
vn 0.4686864 0.7488079 -0.4686361
vn 0.5967852 0.5363344 -0.5968189
vn 0.8441536 0.5360746 0.005380212
vn 0.5967352 0.5363582 0.5968475
vn 0.4686978 0.7487895 0.4686542
vn 0.6039602 0.7970042 0.004046854
vn 0.603961 0.7970037 -0.004046875
vn 0.8441542 0.5360735 -0.005380249
vn 0.5967852 0.5363344 -0.5968189
vn 0.4686864 0.7488079 -0.4686361
vn 0.2993763 0.9541335 -0.00174734
vn 0.2451525 0.9379832 -0.2451278
vn 1.198946E-06 0.748866 -0.6627214
vn -7.272714E-07 0.9379816 -0.3466849
vn -0.4687184 0.7487628 -0.468676
vn 0.2451498 0.9379744 0.2451646
vn 0.2993757 0.9541337 0.001747292
vn 0.1288197 0.9916679 -0.0006218382
vn 0.1119069 0.9873956 -0.1119232
vn 1.44101E-06 0.9379721 0.3467109
vn 1.084542E-05 0.7488173 0.6627766
vn -0.2451526 0.9379701 0.245178
vn -0.4687347 0.7487485 0.4686826
vn 0.1118955 0.9873999 0.1118971
vn 0.1288192 0.9916679 0.0006218059
vn 0 1 -0.0003122811
vn 8.839096E-07 0.9883188 -0.1524002
vn -2.49553E-06 0.9883223 0.1523781
vn 0 1 0.0003122757
vn -0.1118822 0.9874007 0.1119021
vn -0.2451471 0.9379805 -0.245144
vn -0.1118987 0.9873961 -0.1119269
vn -0.1288104 0.9916691 0.0006217096
vn -0.128811 0.9916689 -0.0006217659
vn -0.2993642 0.9541373 -0.0017472
vn -0.299364 0.9541374 0.001747287
vn -0.6039308 0.7970265 -0.004046932
vn -0.6039306 0.7970266 0.00404697
vn -0.5967447 0.5362641 0.5969226
vn -0.844232 0.535951 0.005381483
vn -0.8442327 0.5359499 -0.005381708
vn -0.5968023 0.5362137 -0.5969102
vn 0.5967352 0.5363582 0.5968475
vn 1.084542E-05 0.7488173 0.6627766
vn 0.4686978 0.7487895 0.4686542
vn 1.61338E-05 0.5364974 0.8439019
vn -0.4687347 0.7487485 0.4686826
vn -0.5967447 0.5362641 0.5969226
vn -0.596769 0.5363491 -0.596822
vn -2.881809E-06 0.7488874 -0.6626973
vn -0.4686718 0.7488044 -0.4686563
vn -1.557508E-06 0.5365364 -0.8438773
vn 0.4686964 0.7487869 -0.4686596
vn 0.596822 0.5362461 -0.5968614
vn 0.8440029 0.5363117 0.005380069
vn 0.5967818 0.5362699 0.5968803
vn 0.4687172 0.7487586 0.468684
vn 0.6038674 0.7970746 0.004046837
vn 0.6038679 0.7970742 -0.00404687
vn 0.8440036 0.5363107 -0.005379776
vn 0.596822 0.5362461 -0.5968614
vn 0.4686964 0.7487869 -0.4686596
vn 0.2993763 0.9541335 -0.001747377
vn 0.2451607 0.9379805 -0.2451302
vn -2.881809E-06 0.7488874 -0.6626973
vn -2.574046E-06 0.9379781 -0.3466947
vn -0.4686718 0.7488044 -0.4686563
vn 0.2451412 0.9379774 0.2451615
vn 0.2993755 0.9541338 0.001747184
vn 0.1288195 0.9916679 -0.000621742
vn 0.1118972 0.9873968 -0.1119224
vn 5.11391E-06 0.9379706 0.3467149
vn -1.199106E-06 0.7488236 0.6627693
vn -0.2451373 0.9379791 0.2451588
vn -0.4686838 0.7487887 0.4686694
vn 0.111887 0.9874002 0.1119018
vn 0.1288191 0.9916679 0.0006217694
vn 0 1 -0.0003122749
vn 0 0.9883181 -0.152405
vn 4.939528E-06 0.9883211 0.1523858
vn 0 1 0.0003122694
vn -0.1118863 0.9874009 0.1118966
vn -0.2451518 0.9379807 -0.2451381
vn -0.1119002 0.9873963 -0.1119232
vn -0.128819 0.9916679 0.0006217367
vn -0.1288196 0.9916679 -0.0006217706
vn -0.299364 0.9541374 -0.001747234
vn -0.2993632 0.9541376 0.001747121
vn -0.6038669 0.7970749 -0.004046781
vn -0.6038662 0.7970754 0.004046747
vn -0.59672 0.536373 0.5968496
vn -0.8441535 0.5360745 0.005381255
vn -0.8441542 0.5360734 -0.005381197
vn -0.596769 0.5363491 -0.596822
vn 0.5967818 0.5362699 0.5968803
vn -1.199106E-06 0.7488236 0.6627693
vn 0.4687172 0.7487586 0.468684
vn -6.216694E-06 0.5365364 0.8438771
vn -0.4686838 0.7487887 0.4686694
vn -0.59672 0.536373 0.5968496
vn -0.5968125 0.5361843 -0.5969265
vn -3.102198E-06 0.7488607 -0.6627275
vn -0.4687131 0.7487637 -0.46868
vn -2.502637E-06 0.5364444 -0.8439356
vn 0.468665 0.7488291 -0.4686236
vn 0.5967366 0.5364344 -0.5967777
vn 0.8439223 0.5364384 0.005378621
vn 0.5966812 0.5364847 0.5967878
vn 0.4686654 0.7488298 0.4686222
vn 0.603865 0.7970764 0.004046569
vn 0.6038656 0.7970757 -0.004046697
vn 0.843923 0.5364373 -0.005378752
vn 0.5967366 0.5364344 -0.5967777
vn 0.468665 0.7488291 -0.4686236
vn 0.2993763 0.9541335 -0.001747285
vn 0.2451581 0.9379792 -0.2451375
vn -3.102198E-06 0.7488607 -0.6627275
vn -1.1649E-06 0.9379803 -0.3466888
vn -0.4687131 0.7487637 -0.46868
vn 0.2451446 0.9379755 0.2451653
vn 0.2993757 0.9541337 0.001747195
vn 0.1288197 0.9916679 -0.0006217476
vn 0.1119081 0.9873957 -0.1119208
vn 1.402933E-06 0.937973 0.3467081
vn -1.070044E-06 0.7488244 0.6627686
vn -0.2451249 0.9379811 0.2451636
vn -0.4687177 0.748758 0.4686846
vn 0.1119024 0.9873979 0.111907
vn 0.1288192 0.9916679 0.000621748
vn 0 1 -0.0003122757
vn 1.879054E-06 0.9883194 -0.1523967
vn 1.87415E-06 0.9883205 0.1523901
vn 0 1 0.0003122757
vn -0.111886 0.9874001 0.1119037
vn -0.2451359 0.9379852 -0.2451371
vn -0.1118938 0.9873975 -0.1119198
vn -0.1288104 0.9916691 0.0006217364
vn -0.1288109 0.9916689 -0.0006217384
vn -0.299364 0.9541374 -0.001747148
vn -0.2993634 0.9541376 0.001747057
vn -0.6038994 0.7970502 -0.004046972
vn -0.6038986 0.7970508 0.004046747
vn -0.5967527 0.5362345 0.5969411
vn -0.8441556 0.5360712 0.005380986
vn -0.8441562 0.5360702 -0.005381305
vn -0.5968125 0.5361843 -0.5969265
vn 0.5966812 0.5364847 0.5967878
vn -1.070044E-06 0.7488244 0.6627686
vn 0.4686654 0.7488298 0.4686222
vn -2.569253E-06 0.5364974 0.8439019
vn -0.4687177 0.748758 0.4686846
vn -0.5967527 0.5362345 0.5969411
vn -0.5965574 0.5366725 -0.5967427
vn 4.209683E-06 0.7488953 -0.6626884
vn -0.468732 0.7488558 -0.4685139
vn 7.785808E-06 0.5367706 -0.8437282
vn 0.4687614 0.7488255 -0.468533
vn 0.5965906 0.5365402 -0.5968284
vn 0.8440295 0.5362688 0.005482909
vn 0.5968214 0.5362197 0.5968857
vn 0.4687892 0.748732 0.4686544
vn 0.6039029 0.7970473 0.004124342
vn 0.6039019 0.797048 -0.004123933
vn 0.8440273 0.536272 -0.005482607
vn 0.5965906 0.5365402 -0.5968284
vn 0.4687614 0.7488255 -0.468533
vn 0.2993765 0.9541334 -0.00178041
vn 0.2451714 0.937974 -0.2451443
vn 4.209683E-06 0.7488953 -0.6626884
vn -2.812157E-07 0.9379693 -0.3467186
vn -0.468732 0.7488558 -0.4685139
vn 0.2451758 0.9379718 0.2451482
vn 0.2993764 0.9541334 0.001780654
vn 0.128824 0.9916673 -0.0006335976
vn 0.1118963 0.9873989 -0.1119046
vn 3.146213E-06 0.9379733 0.3467076
vn -5.975398E-06 0.7487198 0.6628867
vn -0.2451871 0.9379639 0.2451674
vn -0.4687638 0.7487377 0.4686707
vn 0.1118939 0.9874008 0.1118896
vn 0.128824 0.9916673 0.0006336158
vn 0 1 -0.0003183103
vn 5.013167E-07 0.9883259 -0.1523543
vn 2.066002E-06 0.9883284 0.1523381
vn 0 1 0.0003182884
vn -0.1118835 0.9874029 0.1118824
vn -0.2452005 0.9379609 -0.2451656
vn -0.1118993 0.9873981 -0.1119085
vn -0.1288194 0.9916679 0.0006336738
vn -0.1288197 0.9916679 -0.0006337115
vn -0.2993896 0.9541293 -0.001780958
vn -0.2993892 0.9541295 0.001780845
vn -0.6039013 0.7970484 -0.004124323
vn -0.6039015 0.7970484 0.004124372
vn -0.5967695 0.536352 0.5968189
vn -0.8440253 0.5362754 0.005482886
vn -0.8440253 0.5362754 -0.005482694
vn -0.5965574 0.5366725 -0.5967427
vn 0.5968214 0.5362197 0.5968857
vn -5.975398E-06 0.7487198 0.6628867
vn 0.4687892 0.748732 0.4686544
vn -1.552193E-05 0.5361879 0.8440986
vn -0.4687638 0.7487377 0.4686707
vn -0.5967695 0.536352 0.5968189
vn -0.5966908 0.5365054 -0.5967596
vn -4.893153E-06 0.7488294 -0.6627629
vn -0.4686514 0.7488192 -0.4686531
vn -9.291197E-06 0.5365811 -0.8438488
vn 0.4686409 0.7488418 -0.4686275
vn 0.596646 0.5366143 -0.5967066
vn 0.8440508 0.5362297 0.006001472
vn 0.5969073 0.5363256 0.5967048
vn 0.4686871 0.7487573 0.4687163
vn 0.6040351 0.7969449 0.004515253
vn 0.6040345 0.7969454 -0.004515212
vn 0.8440485 0.5362333 -0.006001665
vn 0.596646 0.5366143 -0.5967066
vn 0.4686409 0.7488418 -0.4686275
vn 0.2994418 0.9541125 -0.001950081
vn 0.2451724 0.9379629 -0.2451855
vn -4.893153E-06 0.7488294 -0.6627629
vn -1.410523E-06 0.9379607 -0.3467416
vn -0.4686514 0.7488192 -0.4686531
vn 0.2451471 0.9379724 0.2451748
vn 0.2994418 0.9541125 0.001950183
vn 0.1288346 0.9916659 -0.0006942152
vn 0.1119093 0.9873964 -0.1119135
vn -5.717156E-06 0.9379619 0.3467383
vn -7.432219E-06 0.7487274 0.6628782
vn -0.2451513 0.9379703 0.2451783
vn -0.4686773 0.748757 0.4687264
vn 0.1118841 0.9874012 0.1118968
vn 0.1288344 0.9916659 0.0006942094
vn 0 1 -0.0003487257
vn -2.557826E-06 0.9883227 -0.1523759
vn -1.747732E-06 0.9883239 0.1523675
vn 0 1 0.0003487318
vn -0.1118941 0.9873995 0.1119022
vn -0.2451632 0.9379696 -0.2451696
vn -0.1119165 0.987395 -0.1119184
vn -0.1288394 0.9916652 0.000694053
vn -0.1288396 0.9916652 -0.0006940457
vn -0.299428 0.9541169 -0.001949761
vn -0.2994286 0.9541168 0.001949866
vn -0.6039649 0.7969981 -0.00451499
vn -0.6039651 0.7969979 0.004515001
vn -0.5969055 0.5363227 0.5967091
vn -0.8438804 0.5364978 0.006000461
vn -0.8438803 0.5364978 -0.006000722
vn -0.5966908 0.5365054 -0.5967596
vn 0.5969073 0.5363256 0.5967048
vn -7.432219E-06 0.7487274 0.6628782
vn 0.4686871 0.7487573 0.4687163
vn -6.257693E-06 0.5362634 0.8440507
vn -0.4686773 0.748757 0.4687264
vn -0.5969055 0.5363227 0.5967091
vn 0.5967802 0.5363483 -0.5968113
vn 0.4687017 0.7487851 -0.4686571
vn 3.833401E-06 0.7488997 -0.6626833
vn 6.123322E-07 0.5365744 -0.8438531
vn -0.4686432 0.7488586 -0.4685983
vn -0.5967084 0.5365043 -0.5967429
vn -0.8440751 0.5361981 0.005379744
vn -0.4686559 0.7488341 0.4686247
vn -0.5966578 0.536515 0.596784
vn -0.6039277 0.7970287 0.004046889
vn -0.6039286 0.7970281 -0.004046942
vn -0.8440759 0.5361968 -0.005379783
vn -0.5967084 0.5365043 -0.5967429
vn -0.4686432 0.7488586 -0.4685983
vn -0.2993764 0.9541335 -0.001747351
vn -0.2451539 0.9379809 -0.2451353
vn 3.833401E-06 0.7488997 -0.6626833
vn 4.571049E-06 0.9379798 -0.3466899
vn 0.4687017 0.7487851 -0.4686571
vn -0.2451505 0.9379718 0.2451735
vn -0.2993757 0.9541337 0.00174729
vn -0.1288153 0.9916685 -0.000621795
vn -0.1119001 0.9873964 -0.1119224
vn 6.697946E-06 0.9379636 0.3467337
vn 4.844707E-06 0.7488084 0.6627866
vn 0.2451641 0.9379636 0.2451914
vn 0.4687091 0.7487653 0.4686814
vn -0.1118987 0.9873979 0.1119106
vn -0.1288148 0.9916685 0.0006217974
vn 0 1 -0.0003122747
vn 7.822476E-07 0.9883199 -0.1523939
vn 2.092944E-06 0.9883208 0.1523874
vn 0 1 0.0003122801
vn 0.1118887 0.9874004 0.1118988
vn 0.2451659 0.9379733 -0.2451521
vn 0.1118965 0.9873977 -0.1119148
vn 0.1288147 0.9916685 0.0006217935
vn 0.1288152 0.9916685 -0.0006217943
vn 0.2993766 0.9541334 -0.001747413
vn 0.2993762 0.9541336 0.001747415
vn 0.6039303 0.7970269 -0.004047021
vn 0.6039292 0.7970277 0.004046931
vn 0.5967132 0.5363855 0.5968451
vn 0.8441529 0.5360755 0.005380517
vn 0.8441542 0.5360734 -0.005380746
vn 0.5967802 0.5363483 -0.5968113
vn -0.5966578 0.536515 0.596784
vn -0.4686559 0.7488341 0.4686247
vn 4.844707E-06 0.7488084 0.6627866
vn 6.123124E-07 0.5365347 0.8438783
vn 0.4687091 0.7487653 0.4686814
vn 0.5967132 0.5363855 0.5968451
vn 0.5967671 0.5363557 -0.5968179
vn 0.4686801 0.7487966 -0.4686605
vn 2.053837E-06 0.7488827 -0.6627027
vn 0 0.5365231 -0.8438857
vn -0.468681 0.7487992 -0.4686554
vn -0.5968054 0.5362659 -0.5968602
vn -0.8440029 0.5363117 0.005379786
vn -0.4687239 0.7487469 0.468696
vn -0.5967801 0.5362566 0.5968939
vn -0.6038676 0.7970743 0.004046755
vn -0.6038672 0.7970747 -0.004046663
vn -0.8440027 0.5363119 -0.005379489
vn -0.5968054 0.5362659 -0.5968602
vn -0.468681 0.7487992 -0.4686554
vn -0.2993762 0.9541336 -0.001747335
vn -0.2451547 0.9379836 -0.2451242
vn 2.053837E-06 0.7488827 -0.6627027
vn 3.844705E-06 0.9379792 -0.3466916
vn 0.4686801 0.7487966 -0.4686605
vn -0.2451531 0.9379725 0.2451686
vn -0.2993758 0.9541337 0.001747246
vn -0.1288196 0.9916679 -0.0006217691
vn -0.1118978 0.9873974 -0.1119164
vn -2.11451E-06 0.9379686 0.3467202
vn 2.462756E-06 0.748813 0.6627812
vn 0.2451535 0.9379721 0.2451696
vn 0.4686984 0.7487729 0.46868
vn -0.1118874 0.9874004 0.1119001
vn -0.1288191 0.9916679 0.0006217681
vn 0 1 -0.0003122694
vn 2.091311E-06 0.9883195 -0.1523959
vn -3.902018E-06 0.9883216 0.1523828
vn 0 1 0.0003122749
vn 0.11189 0.9874005 0.1118971
vn 0.2451629 0.9379761 -0.245145
vn 0.1118987 0.9873968 -0.1119206
vn 0.1288191 0.9916679 0.0006217682
vn 0.1288196 0.9916679 -0.0006217648
vn 0.2993643 0.9541373 -0.001747296
vn 0.2993636 0.9541375 0.001747267
vn 0.6038672 0.7970746 -0.004046866
vn 0.6038666 0.7970752 0.004046894
vn 0.5967271 0.5363596 0.5968544
vn 0.8441536 0.5360743 0.005381302
vn 0.8441542 0.5360734 -0.005381244
vn 0.5967671 0.5363557 -0.5968179
vn -0.5967801 0.5362566 0.5968939
vn -0.4687239 0.7487469 0.468696
vn 2.462756E-06 0.748813 0.6627812
vn 4.672554E-06 0.5365165 0.8438898
vn 0.4686984 0.7487729 0.46868
vn 0.5967271 0.5363596 0.5968544
vn 0.596784 0.5362998 -0.5968512
vn 0.4686974 0.7487736 -0.4686798
vn -5.053978E-07 0.7488546 -0.6627343
vn -2.169847E-06 0.5364486 -0.843933
vn -0.4686775 0.7488182 -0.4686285
vn -0.5967512 0.5364109 -0.5967841
vn -0.8439987 0.5363182 0.005379257
vn -0.4686797 0.7488181 0.4686264
vn -0.596688 0.5364811 0.5967842
vn -0.6038968 0.7970523 0.004046681
vn -0.6038974 0.7970518 -0.00404678
vn -0.8439997 0.5363165 -0.005379391
vn -0.5967512 0.5364109 -0.5967841
vn -0.4686775 0.7488182 -0.4686285
vn -0.2993765 0.9541335 -0.001747316
vn -0.2451613 0.9379781 -0.245139
vn -5.053978E-07 0.7488546 -0.6627343
vn 1.011657E-06 0.9379791 -0.3466916
vn 0.4686974 0.7487736 -0.4686798
vn -0.2451549 0.9379712 0.2451719
vn -0.299376 0.9541336 0.001747257
vn -0.1288197 0.9916679 -0.0006217476
vn -0.1119081 0.9873957 -0.1119208
vn 2.293166E-06 0.9379699 0.3467168
vn 5.377158E-07 0.7488255 0.6627673
vn 0.2451486 0.9379694 0.2451844
vn 0.4686827 0.7487919 0.4686654
vn -0.1119024 0.9873979 0.1119069
vn -0.1288192 0.9916679 0.0006217466
vn 0 1 -0.0003122757
vn -3.133729E-07 0.9883192 -0.1523978
vn -3.109906E-07 0.9883194 0.1523969
vn 0 1 0.0003122757
vn 0.1118909 0.9873991 0.1119082
vn 0.2451556 0.9379761 -0.2451521
vn 0.1118946 0.9873974 -0.11192
vn 0.1288104 0.9916691 0.0006217825
vn 0.1288109 0.9916689 -0.0006217832
vn 0.2993765 0.9541334 -0.001747412
vn 0.299376 0.9541336 0.001747383
vn 0.6038989 0.7970505 -0.004047041
vn 0.6038977 0.7970516 0.004046874
vn 0.5967045 0.5363965 0.5968439
vn 0.8440762 0.5361962 0.005379924
vn 0.8440778 0.5361937 -0.005380248
vn 0.596784 0.5362998 -0.5968512
vn -0.596688 0.5364811 0.5967842
vn -0.4686797 0.7488181 0.4686264
vn 5.377158E-07 0.7488255 0.6627673
vn -2.14329E-06 0.5365016 0.8438993
vn 0.4686827 0.7487919 0.4686654
vn 0.5967045 0.5363965 0.5968439
vn 0.5965618 0.5366725 -0.5967383
vn 0.4687359 0.748852 -0.4685161
vn 2.779472E-06 0.748927 -0.6626524
vn 6.25496E-07 0.5368524 -0.8436763
vn -0.4687441 0.7488439 -0.4685208
vn -0.5965909 0.5366131 -0.5967626
vn -0.8440295 0.5362688 0.005482401
vn -0.4687596 0.7487431 0.4686664
vn -0.5968248 0.5362395 0.5968647
vn -0.6039345 0.7970233 0.004124237
vn -0.6039345 0.7970234 -0.004124273
vn -0.8440277 0.5362716 -0.005482485
vn -0.5965909 0.5366131 -0.5967626
vn -0.4687441 0.7488439 -0.4685208
vn -0.2993892 0.9541295 -0.00178078
vn -0.2451794 0.9379707 -0.2451489
vn 2.779472E-06 0.748927 -0.6626524
vn 2.846013E-06 0.9379708 -0.3467141
vn 0.4687359 0.748852 -0.4685161
vn -0.2451589 0.9379766 0.2451471
vn -0.2993884 0.9541297 0.001780747
vn -0.1288197 0.9916679 -0.0006336843
vn -0.1118929 0.9873987 -0.1119096
vn 1.125925E-06 0.9379686 0.3467201
vn 2.350273E-06 0.7487274 0.6628782
vn 0.2451862 0.9379624 0.2451739
vn 0.4687598 0.748742 0.4686679
vn -0.1118887 0.9874008 0.1118949
vn -0.1288196 0.9916679 0.0006336924
vn 0 1 -0.0003182899
vn -1.879971E-07 0.9883258 -0.1523551
vn 1.374405E-06 0.9883268 0.1523485
vn 0 1 0.0003183119
vn 0.1118839 0.9874019 0.1118909
vn 0.2451971 0.937962 -0.2451647
vn 0.1118907 0.9873995 -0.1119058
vn 0.1288195 0.9916679 0.000633743
vn 0.1288197 0.9916679 -0.0006337352
vn 0.2993895 0.9541293 -0.00178091
vn 0.2993889 0.9541296 0.001780815
vn 0.6039016 0.7970482 -0.004124358
vn 0.6039014 0.7970483 0.004124358
vn 0.5967678 0.5363652 0.5968085
vn 0.8440255 0.536275 0.005482982
vn 0.8440253 0.5362754 -0.005482885
vn 0.5965618 0.5366725 -0.5967383
vn -0.5968248 0.5362395 0.5968647
vn -0.4687596 0.7487431 0.4686664
vn 2.350273E-06 0.7487274 0.6628782
vn 3.727174E-06 0.53623 0.8440719
vn 0.4687598 0.748742 0.4686679
vn 0.5967678 0.5363652 0.5968085
vn 0.5966836 0.5365282 -0.5967464
vn 0.4686528 0.7488242 -0.4686436
vn 2.317477E-06 0.7488446 -0.6627457
vn 4.618968E-06 0.5366099 -0.8438303
vn -0.4686682 0.7488279 -0.4686224
vn -0.5966687 0.536515 -0.5967731
vn -0.8440508 0.5362297 0.006001362
vn -0.4686973 0.7487546 0.4687104
vn -0.5968899 0.5363058 0.59674
vn -0.6040351 0.7969449 0.004515022
vn -0.6040353 0.7969447 -0.00451511
vn -0.8440509 0.5362295 -0.006001416
vn -0.5966687 0.536515 -0.5967731
vn -0.4686682 0.7488279 -0.4686224
vn -0.2994418 0.9541125 -0.001950042
vn -0.2451726 0.9379663 -0.2451725
vn 2.317477E-06 0.7488446 -0.6627457
vn 1.271966E-06 0.9379617 -0.3467388
vn 0.4686528 0.7488242 -0.4686436
vn -0.2451422 0.9379746 0.2451712
vn -0.2994418 0.9541125 0.001949935
vn -0.1288346 0.9916659 -0.0006941599
vn -0.1119064 0.9873967 -0.1119143
vn 4.239814E-07 0.9379649 0.3467302
vn 2.339302E-06 0.74872 0.6628863
vn 0.2451508 0.9379712 0.2451755
vn 0.4686742 0.7487616 0.4687223
vn -0.1118797 0.9874018 0.111896
vn -0.1288344 0.9916659 0.0006941622
vn 0 1 -0.0003487201
vn 2.531161E-06 0.9883223 -0.1523778
vn 2.217108E-07 0.9883239 0.1523671
vn 0 1 0.000348714
vn 0.1118928 0.9873991 0.1119066
vn 0.2451784 0.9379631 -0.245179
vn 0.1119172 0.9873942 -0.1119247
vn 0.1288394 0.9916652 0.0006941195
vn 0.1288396 0.9916652 -0.0006941303
vn 0.2994554 0.9541083 -0.001950115
vn 0.2994556 0.9541083 0.001950081
vn 0.6040351 0.7969449 -0.004515258
vn 0.604035 0.7969449 0.004515212
vn 0.5969006 0.5363257 0.5967113
vn 0.8440505 0.5362301 0.006001576
vn 0.8440508 0.5362297 -0.006001682
vn 0.5966836 0.5365282 -0.5967464
vn -0.5968899 0.5363058 0.59674
vn -0.4686973 0.7487546 0.4687104
vn 2.339302E-06 0.74872 0.6628863
vn 4.686505E-06 0.536226 0.8440744
vn 0.4686742 0.7487616 0.4687223
vn 0.5969006 0.5363257 0.5967113
vn 0.8199745 0.5724 0.0001221858
vn 0.5399512 0.8416963 0.0001759762
vn 0.5156658 0.8567898 0.0001816522
vn 0.8551855 0.518322 0.0001159315
vn 0.9999769 -0.006802056 9.323793E-05
vn 0.9949826 -0.1000474 9.237061E-05
vn 0.5156658 0.8567898 0.0001816522
vn 0.5399512 0.8416963 0.0001759762
vn 0.2536315 0.967301 0.0002338691
vn 0.2435926 0.9698776 0.000235624
vn 6.831871E-07 1 0.0002564437
vn 7.632448E-07 1 0.0002564437
vn -0.2536321 0.9673007 0.0002336636
vn -0.2435925 0.9698776 0.0002353993
vn -0.5399684 0.8416852 0.0001798302
vn -0.5156783 0.8567822 0.0001849185
vn -0.5156783 0.8567822 0.0001849185
vn -0.5399684 0.8416852 0.0001798302
vn -0.8552129 0.5182768 0.0001216657
vn -0.8200084 0.5723516 0.0001283049
vn -0.8200084 0.5723516 0.0001283049
vn -0.8552129 0.5182768 0.0001216657
vn -0.9949823 -0.1000511 9.602239E-05
vn -0.9999769 -0.006803226 9.706974E-05
vn -0.775576 -0.6312543 0.0001211035
vn -0.8139386 -0.5809509 0.0001168919
vn -0.8139386 -0.5809509 0.0001168919
vn -0.775576 -0.6312543 0.0001211035
vn -0.4847516 -0.8746519 0.0001594443
vn -0.5103863 -0.8599452 0.0001560423
vn -0.5103863 -0.8599452 0.0001560423
vn -0.4847516 -0.8746519 0.0001594443
vn -0.2301586 -0.9731531 0.0001896872
vn -0.240935 -0.9705412 0.0001885446
vn -3.40233E-07 -1 0.0002015434
vn -4.296497E-07 -1 0.0002015434
vn 0.2301576 -0.9731534 0.0001898916
vn 0.2409356 -0.9705411 0.000188727
vn 0.4847496 -0.8746529 0.0001579298
vn 0.5103777 -0.8599504 0.0001541815
vn 0.5103777 -0.8599504 0.0001541815
vn 0.4847496 -0.8746529 0.0001579298
vn 0.775544 -0.6312935 0.0001171201
vn 0.8139125 -0.5809874 0.0001130225
vn 0.9949826 -0.1000474 9.237061E-05
vn 0.9999769 -0.006802056 9.323793E-05
vn 0 1 0
vn -0.4374964 0.8992202 -4.442955E-05
vn 0 1 0
vn 0 1 0
vn -0.3523186 0.935747 -0.0157831
vn -0.3510613 0.9362216 0.01565281
vn -0.3004782 0.9452658 0.1272224
vn 0 1 -2.874854E-07
vn -0.212055 0.9539403 0.212204
vn 0 1 0
vn -0.1280215 0.9444811 0.3025986
vn 0 1 4.726414E-07
vn -0.01578329 0.935744 0.3523267
vn 0 1 -1.914973E-07
vn -4.360737E-05 0.8992171 0.4375027
vn 0 1 -7.921392E-07
vn 0.01565669 0.9362156 0.3510773
vn 0 1 -1.067824E-06
vn 0.1272367 0.9452578 0.3004971
vn 0 1 -4.463271E-07
vn 0.212219 0.9539387 0.2120472
vn 0 1 0
vn 0.3025985 0.9444824 0.1280123
vn 0 1 1.925003E-07
vn 0.3523414 0.9357384 0.01578123
vn 0 1 0
vn 0.4375051 0.8992159 4.46558E-05
vn 0 1 0
vn 0.3510572 0.9362231 -0.0156556
vn -0.2507601 0.9680116 0.008540378
vn 0.3004926 0.9452614 -0.1272206
vn -0.186017 0.9795457 0.07673217
vn 0.2120448 0.9539431 -0.2122022
vn -0.1501871 0.9771268 0.1505558
vn 0.1280121 0.9444873 -0.3025831
vn -0.08736064 0.9734833 0.2114202
vn 0.01578292 0.9357445 -0.3523254
vn -0.01181395 0.9504774 0.3105691
vn 4.528271E-05 0.8992224 -0.4374917
vn -0.6912168 0.7204683 0.05607907
vn -0.7049156 0.6151138 0.3531699
vn -0.6939942 0.7199805 0.0002398985
vn -0.5526825 0.6079174 0.5700689
vn -0.4201111 0.9074726 0.0003232709
vn -0.3265021 0.6241003 0.7098557
vn -0.6294803 0.7761428 -0.03683652
vn -0.3970326 0.9176693 -0.01575568
vn -0.7101924 0.6253337 -0.3233951
vn -0.3133785 0.9413044 -0.1254583
vn -0.5747964 0.5999429 -0.5564867
vn -0.2082223 0.9565102 -0.2042834
vn -0.3539346 0.6134081 -0.7060176
vn -0.1009221 0.9643356 -0.2446867
vn -0.05002858 0.7766895 -0.6278938
vn -0.009257479 0.9671984 -0.2538536
vn 0.0001390406 0.7484616 -0.6631781
vn 4.927608E-05 0.967673 -0.2522081
vn 0.04980378 0.7809422 -0.6226144
vn 0.00915676 0.967801 -0.2515498
vn 0.3506128 0.6216536 -0.7004409
vn 0.09980508 0.9651545 -0.2419005
vn 0.5742628 0.5995741 -0.5574344
vn 0.2081155 0.9565482 -0.2042145
vn 0.7160052 0.6170657 -0.3264453
vn 0.3157561 0.9403893 -0.1263567
vn 0.6343075 0.7721973 -0.03694989
vn 0.399015 0.9168091 -0.01575349
vn 0.6936996 0.7202643 0.0005092749
vn 0.4200827 0.9074858 0.0004970971
vn 0.6855485 0.7258789 0.05588432
vn 0.4397243 0.8980075 0.01500586
vn 0.6998455 0.6225157 0.3502721
vn 0.183994 0.9799962 0.07585235
vn 0.5533882 0.607616 0.5697054
vn 0.1502024 0.9771544 0.150361
vn 0.3291993 0.6164835 0.7152454
vn 0.08815426 0.972998 0.213316
vn 0.04301755 0.7249396 0.6874679
vn 0.01181945 0.9499502 0.3121778
vn -0.0001234859 0.703021 0.7111691
vn -4.823874E-05 0.9672604 0.253786
vn -0.04285822 0.729833 0.6822807
vn -0.01565595 0.9362212 -0.351062
vn -0.1272315 0.9452639 -0.3004803
vn -0.2122049 0.9539436 -0.2120396
vn -0.3025844 0.9444878 -0.1280056
vn 0.919214 -0.194236 0.3425173
vn 0.661877 -0.320681 0.6775562
vn 0.5533882 0.607616 0.5697054
vn 0.6276055 -0.4628425 0.6260098
vn 0.3291993 0.6164835 0.7152454
vn 0.3559175 -0.4484366 0.8198947
vn 0.306757 -0.3120084 0.8991946
vn -1.848518E-07 1 0
vn -1.263559E-07 1 0
vn -2.311536E-07 1 0
vn -2.402879E-07 1 0
vn 0 1 0
vn 0 1 0
vn -1.329292E-07 1 -1.400753E-07
vn -1.388522E-07 1 0
vn -1.263736E-07 1 0
vn -2.312248E-07 1 0
vn 0 1 0
vn -1.849876E-07 1 0
vn 0 1 0
vn -1.330147E-07 1 1.4835E-07
vn 0 1 0
vn 0 1 1.958525E-07
vn 0 1 1.251857E-07
vn 0 1 2.356825E-07
vn 0 1 0
vn 0 1 1.399565E-07
vn 0 1 2.415487E-07
vn 0 1 1.304476E-07
vn 0 1 2.326339E-07
vn 0 1 0
vn 0 1 1.85663E-07
vn 0 1 0
vn 1.329298E-07 1 1.400759E-07
vn 0 1 0
vn 1.960075E-07 1 0
vn 1.321131E-07 1 0
vn 2.465351E-07 1 0
vn 2.479927E-07 1 0
vn 1.433038E-07 1 0
vn 2.466045E-07 1 0
vn 1.321301E-07 1 0
vn 0 1 0
vn 1.961353E-07 1 0
vn 0 1 0
vn 1.330102E-07 1 -1.401078E-07
vn 0 1 0
vn 0 1 -1.993107E-07
vn 0 1 -1.458435E-07
vn 0 1 -1.393129E-07
vn 0 1 -2.552217E-07
vn 0 1 -2.517402E-07
vn 0 1 -2.391561E-07
vn 0 1 -1.284224E-07
vn 0 1 -1.856606E-07
vn 0 1 0
vn -0.5545316 -0.8321626 6.025785E-05
vn -0.01938444 -0.9998119 0.0007054639
vn -0.0177657 -0.9998422 4.504565E-06
vn -0.5752613 -0.8177145 -0.02043107
vn -0.01939605 -0.9998117 -0.0006957467
vn -0.5191705 -0.8288769 -0.2083869
vn -0.02091928 -0.9997458 -0.008415799
vn -0.3888955 -0.8349997 -0.3892762
vn -0.01565023 -0.9997544 -0.01569623
vn -0.206706 -0.8315048 -0.5156281
vn -0.008376706 -0.9997467 -0.02088451
vn -0.02043643 -0.8198177 -0.5722596
vn -0.0007055416 -0.9998119 -0.01938227
vn -5.769865E-05 -0.8321617 -0.5545331
vn 0 -1 0
vn 0 -1 0
vn 0 -1 0
vn -4.368638E-06 -0.9998422 -0.01776592
vn 0.02043783 -0.8177267 -0.5752438
vn 0 -1 0
vn 0.0006957036 -0.9998117 -0.01939621
vn 0.2083667 -0.8288798 -0.519174
vn 0 -1 0
vn 0.008416227 -0.9997457 -0.02092016
vn 0.3892769 -0.8350022 -0.388889
vn 0.01569588 -0.9997544 -0.01565072
vn 0.5156072 -0.8315173 -0.2067076
vn 0.02088446 -0.9997467 -0.008376365
vn 0.5722344 -0.8198353 -0.02044155
vn 0.01938469 -0.9998118 -0.0007054617
vn 0.5545104 -0.8321769 -6.064504E-05
vn 0.01776605 -0.9998422 -4.524215E-06
vn 0.5752494 -0.8177229 0.02043067
vn 0 -1 0
vn 0 -1 0
vn 0 -1 0
vn 0.01939636 -0.9998117 0.0006957422
vn 0.5191898 -0.8288679 0.2083746
vn 0.02091878 -0.9997458 0.008416497
vn 0.3889124 -0.8349856 0.3892893
vn 0.01565047 -0.9997544 0.01569646
vn 0.2067278 -0.8314909 0.5156418
vn 0.008376676 -0.9997467 0.02088463
vn 0 -1 0
vn 0.02044099 -0.8198234 0.5722516
vn 0.03098112 -0.4067941 0.9129944
vn 2.032665E-06 -0.4027407 0.9153141
vn 5.6455E-05 -0.8321617 0.5545331
vn 0.0007056275 -0.9998119 0.01938259
vn 4.412497E-06 -0.9998422 0.01776597
vn -0.02043285 -0.8177291 0.5752404
vn -0.0006956988 -0.9998117 0.01939589
vn -0.2083649 -0.8288693 0.5191914
vn -0.0156961 -0.9997544 0.01565038
vn -0.008416642 -0.9997457 0.0209199
vn -0.3892878 -0.8349882 0.3889085
vn -0.5156031 -0.8315198 0.2067081
vn -0.02088383 -0.9997469 0.008376086
vn -0.5722473 -0.8198264 0.02044066
vn -0.3707307 0.7778362 0.5074737
vn -0.3263189 0.7442055 0.5828159
vn -0.528012 0.4897894 0.6937648
vn -0.5998753 0.4887478 0.6334629
vn 1.103382E-06 0.8882461 0.4593682
vn -0.5281257 0.1752171 0.8308924
vn -0.5998678 0.1316347 0.7891964
vn 0 0.841363 0.5404707
vn 0.3706554 0.7778324 0.5075346
vn -0.3263511 -0.07909095 0.941934
vn -0.37064 -0.1571395 0.9153869
vn 0.3262485 0.7442002 0.582862
vn 0.5997828 0.4888497 0.6334718
vn -5.650326E-05 -0.176049 0.9843814
vn 5.681024E-06 -0.2673134 0.9636096
vn 0.5279201 0.4898475 0.6937938
vn 0.6000074 0.1316652 0.7890852
vn 0.3263505 -0.07909064 0.9419342
vn 0.370786 -0.1571402 0.9153276
vn 0.5281732 0.1752649 0.8308522
vn -0.1967255 0.1282757 0.9720311
vn -0.0001475405 0.06986093 0.9975567
vn -5.134213E-05 0.3998388 0.9165854
vn -0.3183586 0.2820314 0.9050449
vn 0.1964619 0.1282777 0.9720842
vn 0.318193 0.2820567 0.9050951
vn -0.318226 0.4718793 0.82223
vn 0.3181645 0.4718651 0.822262
vn -0.1966411 0.6250469 0.755413
vn 0.1966305 0.6250147 0.7554424
vn 5.306418E-07 0.6835918 0.7298646
vn 0 1 0
vn 0 1 0
vn 0 1 0
vn 0 1 0
vn 0 1 0
vn 0 1 0
vn 0.2168263 -0.9136733 -0.343784
vn 0.4221813 -0.8274205 -0.3703216
vn 0.3538832 -0.8414518 -0.4083205
vn 0.3168099 -0.9104493 -0.2659203
vn 0.2397893 -0.9139211 -0.3274892
vn 0.4781521 -0.8323894 -0.2801759
vn 0.2369385 -0.9696262 -0.06070532
vn 0.483377 -0.8694662 -0.101858
vn 0.2510823 -0.9577132 0.1405104
vn 0.5196294 -0.8315813 0.1961068
vn 0.5282646 -0.8347789 0.1551796
vn 0.2417025 -0.9662244 0.08938766
vn 0.5138071 -0.8517376 0.1026913
vn 0.5166007 -0.8549445 -0.04683659
vn 0.6844459 0.4924616 -0.5376015
vn 0.4221877 0.8274181 -0.3703199
vn 0.3538894 0.841453 -0.4083125
vn 0.7489783 0.5068883 -0.4267267
vn 0.8117195 0 -0.5840474
vn 0.8859527 1.634245E-06 -0.4637756
vn 0.4781452 0.8323929 -0.2801772
vn 0.9291734 2.56138E-06 -0.3696443
vn 0.7766061 0.5357795 -0.3313959
vn 0.4833769 0.8694669 -0.101853
vn 0.9858846 -1.303582E-06 -0.1674265
vn 0.8031053 0.5781502 -0.1440981
vn 0.4723423 0.8809386 -0.02897796
vn 0.9985681 0 -0.0534965
vn 0.8068819 0.5889972 -0.04498703
vn 0.4787202 0.8774665 0.02965765
vn 0.9978829 2.346432E-06 0.06503652
vn 0.8114958 0.5819621 0.05286342
vn 0.5048574 0.8584614 0.09034886
vn 0.9864851 1.922213E-06 0.1638507
vn 0.8170972 0.5598044 0.1377358
vn 0.5417216 0.8292964 0.1371319
vn 0.8283972 0.5323732 0.1741745
vn 0.9811411 -7.24792E-07 0.193293
vn 0.5801519 0.7998056 0.1540602
vn 0.8336205 0.5137516 0.2028204
vn 0.9747489 -1.838682E-06 0.2233039
vn 0.990109 7.641493E-06 0.1403008
vn 0.8460379 0.5181579 0.1254285
vn 0.6238804 0.7757747 0.09458748
vn 0.6167833 0.7870417 -0.0119883
vn 0.8449579 0.5327805 -0.04680917
vn 0.9979478 4.254869E-06 -0.06403331
vn 0.569194 0.8212079 -0.04044527
vn 0.8310367 0.5506577 -0.07844835
vn 0.9956252 -1.406289E-07 -0.09343639
vn 0.5306526 0.8468409 -0.03561471
vn 0.8263705 0.5609134 -0.0498798
vn 0.9984493 1.515402E-07 -0.05566752
vn 0.5209731 0.8534151 -0.01642346
vn 0.8273896 0.561274 -0.01994853
vn 0.5206355 0.8537712 -0.003685225
vn 0.9997525 2.023017E-06 -0.02225118
vn 0.8272188 0.5618619 -0.004480357
vn 0.9999875 2.288324E-06 -0.004998688
vn 0.3538894 0.841453 -0.4083125
vn 0.4221877 0.8274181 -0.3703199
vn 0.2397991 0.9139192 -0.3274877
vn 0.4781452 0.8323929 -0.2801772
vn 0.3168098 0.9104491 -0.265921
vn 0.4833769 0.8694669 -0.101853
vn 0.2369421 0.9696255 -0.06070224
vn 0.4723423 0.8809386 -0.02897796
vn 0.2149259 0.9764667 -0.01787518
vn 0.4787202 0.8774665 0.02965765
vn 0 0.9995173 -0.0310651
vn 0.2189842 0.9756413 0.01303488
vn 0.5048574 0.8584614 0.09034886
vn 6.128283E-07 0.9998974 -0.01432401
vn -0.2369453 0.9696248 -0.06070248
vn 6.401148E-07 0.9999721 0.007473284
vn 0.2360805 0.9700326 0.05747083
vn 2.047586E-06 0.9989142 0.04658614
vn 4.096393E-06 0.9950867 0.09900654
vn 0.2567332 0.9604466 0.1078444
vn 0.5417216 0.8292964 0.1371319
vn -2.376353E-06 0.9971139 0.07591985
vn 0.2795335 0.9550026 0.09915197
vn 0.5801519 0.7998056 0.1540602
vn 0.3120507 0.9484786 0.05488919
vn 0.6238804 0.7757747 0.09458748
vn 0.3165182 0.9483874 0.01943225
vn -3.94713E-06 0.9995043 0.03148286
vn -1.190771E-06 0.9998071 0.01964266
vn 0.6167833 0.7870417 -0.0119883
vn 0.2885012 0.9574786 0.001301611
vn 0.569194 0.8212079 -0.04044527
vn 0.2572607 0.966149 -0.01931301
vn 0.5306526 0.8468409 -0.03561471
vn 0.2450824 0.9693971 -0.01427892
vn 0.5209731 0.8534151 -0.01642346
vn 0.2448944 0.9695445 -0.003200669
vn 0.5206355 0.8537712 -0.003685225
vn 0.3538894 0.841453 -0.4083125
vn 0.2397991 0.9139192 -0.3274877
vn 0.2168452 0.9136706 -0.3437793
vn 1.010244E-05 0.9375734 -0.3477875
vn 1.00923E-05 0.9375734 -0.3477876
vn -0.2168022 0.9136807 -0.3437797
vn -0.2397683 0.9139318 -0.3274751
vn -0.4221624 0.8274313 -0.3703195
vn -0.353837 0.8414699 -0.4083233
vn -0.316801 0.910454 -0.2659146
vn -0.4781412 0.8323961 -0.2801744
vn -0.2369453 0.9696248 -0.06070248
vn -0.4833688 0.8694718 -0.1018495
vn -0.2149292 0.9764661 -0.01787477
vn 6.128283E-07 0.9998974 -0.01432401
vn -0.4723341 0.8809432 -0.02897597
vn 6.401148E-07 0.9999721 0.007473284
vn -0.2189898 0.9756401 0.01303499
vn -0.4787178 0.8774678 0.02965865
vn 2.047586E-06 0.9989142 0.04658614
vn -0.2360831 0.9700319 0.05747114
vn -0.5048487 0.8584666 0.09034817
vn -0.5417104 0.8293033 0.1371344
vn -0.2567406 0.9604441 0.1078485
vn 4.096393E-06 0.9950867 0.09900654
vn -0.5801319 0.7998157 0.1540845
vn -0.2795638 0.9549921 0.09916804
vn -2.376353E-06 0.9971139 0.07591985
vn -0.3120782 0.9484704 0.05487325
vn -0.6238729 0.7757813 0.09458348
vn -0.6167801 0.7870442 -0.01199602
vn -3.743012E-06 0.9993804 0.03519722
vn 0.3120507 0.9484786 0.05488919
vn -3.94713E-06 0.9995043 0.03148286
vn -0.3165466 0.9483781 0.01942278
vn -0.569181 0.8212172 -0.04043916
vn -0.2885231 0.957472 0.001303695
vn -0.5306532 0.8468406 -0.03561209
vn -1.190771E-06 0.9998071 0.01964266
vn -0.2572737 0.9661456 -0.01931132
vn -0.5209674 0.8534186 -0.01642266
vn -3.50695E-06 0.9999352 -0.01139233
vn 0.2885012 0.9574786 0.001301611
vn 0.2572607 0.966149 -0.01931301
vn -0.2450861 0.9693961 -0.01427983
vn -0.5206247 0.8537776 -0.00368459
vn -0.2448988 0.9695433 -0.003202822
vn -2.200735E-06 0.9999074 -0.01360801
vn 0.2450824 0.9693971 -0.01427892
vn -2.022367E-06 0.9999954 -0.003050932
vn 0.2448944 0.9695445 -0.003200669
vn -0.6843947 0.4924928 -0.5376383
vn -0.8859488 4.470367E-07 -0.4637831
vn -0.8116996 4.875657E-06 -0.5840753
vn -0.7489644 0.5068986 -0.4267388
vn -0.353837 0.8414699 -0.4083233
vn -0.4221624 0.8274313 -0.3703195
vn -0.4781412 0.8323961 -0.2801744
vn -0.7766122 0.5357721 -0.3313937
vn -0.9291757 -2.555241E-06 -0.3696385
vn -0.4833688 0.8694718 -0.1018495
vn -0.803103 0.578154 -0.1440949
vn -0.9858848 1.265378E-07 -0.1674248
vn -0.4723341 0.8809432 -0.02897597
vn -0.8068671 0.5890176 -0.04498614
vn -0.9985679 -1.814172E-05 -0.05349832
vn -0.4787178 0.8774678 0.02965865
vn -0.811477 0.5819883 0.05286449
vn -0.9978828 -1.860459E-05 0.06503753
vn -0.5048487 0.8584666 0.09034817
vn -0.8170819 0.5598271 0.1377346
vn -0.9864849 8.76651E-07 0.1638523
vn -0.9811409 7.275946E-06 0.1932945
vn -0.8283888 0.5323856 0.1741767
vn -0.5417104 0.8293033 0.1371344
vn -0.9747499 4.566496E-05 0.2232997
vn -0.8335896 0.5137933 0.2028418
vn -0.5801319 0.7998157 0.1540845
vn -0.6238729 0.7757813 0.09458348
vn -0.8460023 0.5182233 0.1253981
vn -0.9901062 3.995863E-05 0.1403206
vn -0.9979478 3.069857E-06 -0.06403296
vn -0.8449452 0.5328004 -0.04681369
vn -0.6167801 0.7870442 -0.01199602
vn -0.9956251 -5.689524E-06 -0.09343813
vn -0.8310129 0.5506942 -0.07844484
vn -0.569181 0.8212172 -0.04043916
vn -0.9984502 -3.374306E-06 -0.05565388
vn -0.8263571 0.5609339 -0.04987224
vn -0.5306532 0.8468406 -0.03561209
vn -0.9997525 1.147376E-06 -0.02224723
vn -0.8273846 0.5612817 -0.01994483
vn -0.9999875 2.437893E-06 -0.005005175
vn -0.5209674 0.8534186 -0.01642266
vn -0.8272074 0.5618789 -0.004480621
vn -0.5206247 0.8537776 -0.00368459
vn -0.6843759 -0.492503 -0.5376527
vn -0.4221665 -0.827428 -0.3703219
vn -0.3538624 -0.8414581 -0.4083253
vn -0.7489616 -0.5069008 -0.4267413
vn -0.8116996 4.875657E-06 -0.5840753
vn -0.8859488 4.470367E-07 -0.4637831
vn -0.9291757 -2.555241E-06 -0.3696385
vn -0.7766125 -0.5357717 -0.3313937
vn -0.4781439 -0.832394 -0.280176
vn -0.9858848 1.265378E-07 -0.1674248
vn -0.803106 -0.5781495 -0.1440969
vn -0.4833733 -0.8694687 -0.1018547
vn -0.9985679 -1.814172E-05 -0.05349832
vn -0.8068727 -0.5890098 -0.04498837
vn -0.4723386 -0.8809407 -0.02897867
vn -0.9978828 -1.860459E-05 0.06503753
vn -0.8114901 -0.5819702 0.05286384
vn -0.4787178 -0.8774676 0.0296615
vn -0.9864849 8.76651E-07 0.1638523
vn -0.8170882 -0.5598174 0.1377364
vn -0.5048366 -0.8584735 0.09035097
vn -0.5282459 -0.8347933 0.1551658
vn -0.8242167 -0.5373271 0.1787356
vn -0.9811409 7.275946E-06 0.1932945
vn -0.5196143 -0.8316005 0.1960649
vn -0.8147583 -0.5396706 0.2119542
vn -0.9747499 4.566496E-05 0.2232997
vn -0.9901062 3.995863E-05 0.1403206
vn -0.8176652 -0.5619626 0.1249867
vn -0.5138045 -0.8517393 0.1026893
vn -0.5165662 -0.8549655 -0.04683314
vn -0.8231629 -0.5649272 -0.05709687
vn -0.9979478 3.069857E-06 -0.06403296
vn -0.5198364 -0.8514568 -0.0692201
vn -0.8246682 -0.5593595 -0.08390101
vn -0.9956251 -5.689524E-06 -0.09343813
vn -0.5203997 -0.8529355 -0.04105018
vn -0.8263579 -0.5609324 -0.04987395
vn -0.9984502 -3.374306E-06 -0.05565388
vn -0.5209846 -0.853408 -0.01642705
vn -0.8273983 -0.5612613 -0.01994793
vn -0.5206456 -0.8537649 -0.003687417
vn -0.9997525 1.147376E-06 -0.02224723
vn -0.8272353 -0.5618376 -0.004483446
vn -0.9999875 2.437893E-06 -0.005005175
vn 0.2168263 -0.9136733 -0.343784
vn 0.2397893 -0.9139211 -0.3274892
vn 0.4221813 -0.8274205 -0.3703216
vn 0 -0.9375696 -0.3477976
vn 0 -0.9375696 -0.3477976
vn -0.2168235 -0.9136763 -0.3437778
vn -0.2397857 -0.9139266 -0.3274768
vn -0.3538624 -0.8414581 -0.4083253
vn -0.4221665 -0.827428 -0.3703219
vn -0.4781439 -0.832394 -0.280176
vn -0.3168055 -0.9104514 -0.2659184
vn -0.4833733 -0.8694687 -0.1018547
vn -0.2369456 -0.9696245 -0.060706
vn -0.4723386 -0.8809407 -0.02897867
vn -0.2149268 -0.9764666 -0.01787511
vn -0.4787178 -0.8774676 0.0296615
vn 1.363533E-06 -0.9995173 -0.03106519
vn -0.2189847 -0.9756412 0.01303764
vn -0.5048366 -0.8584735 0.09035097
vn 0 -0.9998975 -0.01432309
vn 0.2369385 -0.9696262 -0.06070532
vn 0.2149214 -0.9764678 -0.01787507
vn 0.483377 -0.8694662 -0.101858
vn 0.4723416 -0.880939 -0.02897861
vn -6.433645E-07 -0.9999721 0.007475344
vn 0.2189802 -0.9756422 0.01303761
vn 0.4787183 -0.8774673 0.02966038
vn -0.2360768 -0.9700333 0.05747167
vn 0.2360725 -0.9700345 0.05747037
vn 0.504845 -0.8584687 0.09034938
vn 0.5282646 -0.8347789 0.1551796
vn 0.2510823 -0.9577132 0.1405104
vn 1.981205E-06 -0.9989142 0.04658619
vn -0.2510805 -0.9577142 0.1405065
vn -0.5282459 -0.8347933 0.1551658
vn 4.172775E-06 -0.9907092 0.1359972
vn -0.2459603 -0.9508399 0.1881679
vn -0.5196143 -0.8316005 0.1960649
vn -0.5138045 -0.8517393 0.1026893
vn 0.2459578 -0.9508373 0.188184
vn 0.5196294 -0.8315813 0.1961068
vn 0.2417025 -0.9662244 0.08938766
vn 4.550394E-07 -0.9825241 0.1861353
vn -0.2417075 -0.9662222 0.08939883
vn 3.789177E-06 -0.996358 0.0852695
vn 0.2428225 -0.9692143 -0.04075297
vn 0.5166007 -0.8549445 -0.04683659
vn 0.5198455 -0.8514507 -0.06922704
vn 0.2446791 -0.967731 -0.06024039
vn 0.5203962 -0.8529378 -0.04104909
vn 0 -0.9992446 -0.03886177
vn -0.2428103 -0.9692174 -0.04075132
vn -0.5165662 -0.8549655 -0.04683314
vn -4.259625E-06 -0.9983503 -0.05741679
vn -0.2446885 -0.9677287 -0.06023816
vn -0.5198364 -0.8514568 -0.0692201
vn -4.895986E-06 -0.9994216 -0.03400718
vn -0.2448415 -0.9689061 -0.03568735
vn -0.5203997 -0.8529355 -0.04105018
vn -1.573814E-07 -0.9999074 -0.01360909
vn -0.2450902 -0.9693951 -0.01428219
vn 1.580544E-06 -0.9999954 -0.00305207
vn -0.5209846 -0.853408 -0.01642705
vn -0.2448958 -0.9695441 -0.00320379
vn -0.5206456 -0.8537649 -0.003687417
vn 0.6844187 -0.4924752 -0.5376238
vn 0.8859527 1.634245E-06 -0.4637756
vn 0.8117195 0 -0.5840474
vn 0.7489714 -0.5068948 -0.426731
vn 0.3538832 -0.8414518 -0.4083205
vn 0.4221813 -0.8274205 -0.3703216
vn 0.4781521 -0.8323894 -0.2801759
vn 0.7766088 -0.5357773 -0.3313932
vn 0.9291734 2.56138E-06 -0.3696443
vn 0.483377 -0.8694662 -0.101858
vn 0.8031113 -0.5781412 -0.1441009
vn 0.9858846 -1.303582E-06 -0.1674265
vn 0.4723416 -0.880939 -0.02897861
vn 0.8068859 -0.5889916 -0.04498799
vn 0.9985681 0 -0.0534965
vn 0.4787183 -0.8774673 0.02966038
vn 0.8115032 -0.5819519 0.05286345
vn 0.9978829 2.346432E-06 0.06503652
vn 0.504845 -0.8584687 0.09034938
vn 0.8170987 -0.5598025 0.1377348
vn 0.9864851 1.922213E-06 0.1638507
vn 0.9811411 -7.24792E-07 0.193293
vn 0.8242292 -0.5373055 0.1787428
vn 0.5282646 -0.8347789 0.1551796
vn 0.9747489 -1.838682E-06 0.2233039
vn 0.8147557 -0.5396616 0.2119864
vn 0.5196294 -0.8315813 0.1961068
vn 0.5138071 -0.8517376 0.1026913
vn 0.8176419 -0.5619923 0.1250051
vn 0.990109 7.641493E-06 0.1403008
vn 0.9979478 4.254869E-06 -0.06403331
vn 0.823168 -0.5649193 -0.05710142
vn 0.5166007 -0.8549445 -0.04683659
vn 0.9956252 -1.406289E-07 -0.09343639
vn 0.8246782 -0.559344 -0.08390561
vn 0.5198455 -0.8514507 -0.06922704
vn 0.9984493 1.515402E-07 -0.05566752
vn 0.8263646 -0.560922 -0.04988078
vn 0.5203962 -0.8529378 -0.04104909
vn 0.9997525 2.023017E-06 -0.02225118
vn 0.8273939 -0.5612676 -0.01994785
vn 0.9999875 2.288324E-06 -0.004998688
vn 0.5209808 -0.8534104 -0.01642293
vn 0.8272249 -0.5618531 -0.004480413
vn 0.5206382 -0.8537695 -0.003685999
vn -1.573814E-07 -0.9999074 -0.01360909
vn 1.580544E-06 -0.9999954 -0.00305207
vn 0.2448889 -0.9695459 -0.003202153
vn 0.2450867 -0.969396 -0.01427931
vn 0.5206382 -0.8537695 -0.003685999
vn -4.895986E-06 -0.9994216 -0.03400718
vn 0.5209808 -0.8534104 -0.01642293
vn 0.244828 -0.9689096 -0.03568626
vn 0.5203962 -0.8529378 -0.04104909
vn -4.259625E-06 -0.9983503 -0.05741679
vn 0.2446791 -0.967731 -0.06024039
vn 0 -0.9992446 -0.03886177
vn 0.2428225 -0.9692143 -0.04075297
vn 3.789177E-06 -0.996358 0.0852695
vn -0.7340481 0.1061578 0.6707488
vn -1.829157E-05 0.5594071 0.828893
vn -0.6553056 0.5333363 0.5349083
vn -1.361945E-05 0.1115187 0.9937623
vn 0.6552962 0.533338 0.5349182
vn -0.7340402 -0.106154 0.670758
vn 0.7340376 0.1061537 0.6707609
vn 9.071227E-07 -0.1115333 0.9937606
vn -0.6552063 -0.5334033 0.5349631
vn 0.7340366 -0.106143 0.6707637
vn 1.054875E-06 -0.5594065 0.8288934
vn 0.6552346 -0.5333755 0.5349562
vn 0 0.4160703 -0.9093325
vn -0.07894976 0.3737931 -0.9241459
vn -0.06182051 0.415278 -0.9075915
vn 2.066834E-05 0.3648624 -0.9310615
vn 0.06182256 0.4152708 -0.9075947
vn 0.0789857 0.3737803 -0.924148
vn 0.1385327 0.1004648 -0.985249
vn 1.817483E-05 0.0940595 -0.9955665
vn -0.1384928 0.1004763 -0.9852534
vn 0.1384926 -0.1004314 -0.985258
vn -2.096877E-05 -0.09401567 -0.9955707
vn -0.1385356 -0.1004344 -0.9852517
vn 0.07894922 -0.3737898 -0.9241473
vn -2.204808E-05 -0.3648553 -0.9310643
vn -0.07898156 -0.3737971 -0.9241416
vn -0.06181737 -0.4153197 -0.9075727
vn -3.110678E-07 -0.4161119 -0.9093135
vn 0.06181936 -0.4153122 -0.907576
vn -0.605032 0.6449729 0.466847
vn -0.6553056 0.5333363 0.5349083
vn -1.829157E-05 0.5594071 0.828893
vn 0 0.6672899 0.744798
vn 0.6552962 0.533338 0.5349182
vn 0.6050445 0.6449724 0.4668314
vn 0 -0.6672894 0.7447985
vn -0.6552063 -0.5334033 0.5349631
vn -0.6048673 -0.6450761 0.4669178
vn 1.054875E-06 -0.5594065 0.8288934
vn 0.6049237 -0.6450465 0.4668859
vn 0.6552346 -0.5333755 0.5349562
vn 0.8727638 -0.4784142 0.09697002
vn 0.6552346 -0.5333755 0.5349562
vn 0.6049237 -0.6450465 0.4668859
vn 0.9025933 -0.4038646 0.1490598
vn 0.8884104 -0.4539006 0.06856625
vn 0.9119505 -0.4008739 0.08744346
vn 0.9849898 -0.09488519 0.1441945
vn 0.9690204 -0.08841429 0.230613
vn 0.7340366 -0.106143 0.6707637
vn 0.9849924 0.09487399 0.1441835
vn 0.9690233 0.08840825 0.230603
vn 0.7340376 0.1061537 0.6707609
vn 0.9119562 0.4008628 0.0874356
vn 0.9026079 0.4038338 0.1490539
vn 0.6552962 0.533338 0.5349182
vn 0.8884047 0.4539119 0.06856447
vn 0.6050445 0.6449724 0.4668314
vn 0.8727629 0.4784149 0.09697501
vn 0.0002199609 -9.854617E-05 -1
vn -3.700753E-05 -7.018935E-05 -1
vn 0.0001243068 0 -1
vn 0 -0.0002428144 -1
vn 0 0 -1
vn 0 -0.0001592033 -1
vn 0 0 -1
vn -0.0002048515 -0.0002428104 -1
vn -0.0001107813 0 -1
vn -0.000220783 -9.855111E-05 -1
vn -0.0002048341 0 -1
vn -6.215372E-05 0 -1
vn 0 0 -1
vn 0 0 -1
vn 0 0 -1
vn 0 0 -1
vn 0 0 -1
vn -0.7340402 -0.106154 0.670758
vn -0.9025736 -0.4039094 0.1490572
vn -0.6552063 -0.5334033 0.5349631
vn -0.6048673 -0.6450761 0.4669178
vn -0.8727329 -0.4784713 0.09696613
vn -0.8883889 -0.4539454 0.06854707
vn -0.9119381 -0.4009053 0.08742812
vn -0.969026 -0.08842097 0.2305872
vn -0.7340481 0.1061578 0.6707488
vn -0.9849902 -0.09488305 0.1441922
vn -0.969028 0.08841891 0.2305794
vn -0.6553056 0.5333363 0.5349083
vn -0.9849916 0.09487984 0.1441856
vn -0.9025974 0.4038591 0.1490494
vn -0.605032 0.6449729 0.466847
vn -0.9119521 0.4008747 0.08742324
vn -0.8727542 0.4784324 0.09696614
vn -0.8884004 0.4539234 0.06854435
vn 0.0001517814 0 1
vn 0.0001549481 0 1
vn 0.0001549399 0 1
vn 0.0001326444 0 1
vn 0 0 1
vn 0.0001087221 0 1
vn 0 0 1
vn 0.0001233535 0 1
vn 0 0 1
vn 3.315632E-05 0 1
vn 0 0 1
vn 1.901174E-05 0 1
vn -5.268848E-05 0 1
vn 0 0 1
vn -4.886941E-05 0 1
vn 0 0 1
vn 0 0 1
vn 2.005996E-05 0 1
vn 0 0 1
vn 3.002009E-05 0 1
vn 5.269319E-05 0 1
vn -5.437114E-05 0 1
vn 4.886415E-05 0 1
vn -6.167447E-05 0 1
vn 0.0001091669 0 1
vn 0 0 1
vn 0.0001267436 0 1
vn 0 0 1
vn 0.0001471993 0 1
vn 0 0 1
vn 0.0001312934 0 1
vn 0 0 1
vn 0 1 0
vn 0 1 0
vn 0 1 0
vn 0 1 0
vn 0 1 0
vn 0 1 0
vn 0 1 0
vn 0 1 0
vn 0 1 0
vn 0 1 0
vn 0 1 0
vn 0 1 0
vn 0.04356476 0.7070101 0.7058604
vn 0.3333886 0.6004255 0.7268707
vn 0.3104542 -0.28906 0.905573
vn 0.01901471 -0.206196 0.978326
vn -0.0001197777 0.6871368 0.7265281
vn 0.04520624 -0.4028108 0.9141663
vn 0.356263 -0.4483867 0.8197719
vn -0.0001060234 -0.2224956 0.9749337
vn -0.04338701 0.7121629 0.7006722
vn 0.03081881 -0.3949494 0.9181858
vn 0.331239 -0.4452617 0.831879
vn -3.973017E-06 -0.3945576 0.9188712
vn -2.427422E-06 -0.3885267 0.9214376
vn -0.04524282 -0.4026217 0.9142476
vn -0.03083324 -0.39495 0.9181851
vn -0.3312506 -0.4452546 0.8318782
vn -0.3562817 -0.4481347 0.8199016
vn -0.01946613 -0.1928422 0.9810367
vn -0.33075 0.608336 0.7214789
vn -0.311917 -0.2666796 0.9119154
vn -0.5615475 0.5918701 0.5782338
vn -0.3509385 0.6133721 -0.7075429
vn -0.5754575 0.5980004 -0.5578927
vn -0.714412 -0.02792301 -0.6991678
vn -0.3503435 0.02045359 -0.936398
vn -0.04898801 0.7649396 -0.6422364
vn -0.02464976 0.07834594 -0.9966215
vn 0.0001427052 0.7416056 -0.670836
vn 0.0001147145 0.07847141 -0.9969164
vn 4.131827E-06 -0.3696698 -0.9291632
vn -0.04555794 -0.3781251 -0.9246328
vn -0.3598211 -0.424048 -0.8310909
vn -0.03084334 -0.3948432 -0.9182307
vn 2.015962E-06 -0.3884273 -0.9214793
vn -0.3312913 -0.4450536 -0.8319696
vn -0.633535 -0.4416891 -0.6352511
vn -0.9437922 -0.02891637 -0.3292723
vn -0.6257532 -0.4656105 -0.6258114
vn -0.8283333 -0.4281266 -0.361347
vn -0.8319067 -0.4451258 -0.3313522
vn -0.5754575 0.5980004 -0.5578927
vn -0.9437922 -0.02891637 -0.3292723
vn -0.714412 -0.02792301 -0.6991678
vn -0.7138407 0.6211188 -0.3234856
vn -0.9992419 -0.033937 -0.01907668
vn -0.646858 0.7617005 -0.03724269
vn -0.8283333 -0.4281266 -0.361347
vn -0.9988175 -0.04861649 -9.732544E-05
vn -0.7045706 0.7096338 0.0002509085
vn -0.9198123 -0.389627 -0.04621835
vn -0.8319067 -0.4451258 -0.3313522
vn -0.9181856 -0.394946 -0.03086679
vn -0.9214305 -0.3885435 -6.981946E-06
vn -0.9241855 -0.381944 -1.255897E-05
vn -0.9181759 -0.3949727 0.03081574
vn -0.9990004 -0.03598113 0.02652473
vn -0.7048628 0.7071806 0.05535359
vn -0.9193329 -0.3909484 0.04456955
vn -0.9179389 -0.1997157 0.3427854
vn -0.715002 0.6020822 0.3553437
vn -0.8233886 -0.4428321 0.3548676
vn -0.8319182 -0.4452518 0.3311539
vn -0.665359 -0.2983962 0.6842932
vn -0.5615475 0.5918701 0.5782338
vn -0.311917 -0.2666796 0.9119154
vn -0.6278718 -0.4624846 0.6260071
vn -0.6257365 -0.4658393 0.6256577
vn -0.3562817 -0.4481347 0.8199016
vn -0.3312506 -0.4452546 0.8318782
vn 0.7133228 -0.02780996 -0.7002836
vn 0.7196205 0.6128319 -0.3264711
vn 0.575026 0.5976079 -0.5587576
vn 0.9428665 -0.04889766 -0.329563
vn 0.6517603 0.7575028 -0.0373917
vn 0.8282049 -0.4283824 -0.3613378
vn 0.6334919 -0.4416461 -0.6353242
vn 0.9987772 -0.04574177 -0.01875413
vn 0.7042973 0.7099048 0.0005171802
vn 0.9197184 -0.3898498 -0.04620725
vn 0.998839 -0.04817515 0.0001223462
vn 0.6992962 0.7127019 0.05514331
vn 0.9241729 -0.3819745 -8.548283E-06
vn 0.9181881 -0.3949403 -0.03086733
vn 0.8319008 -0.4451328 -0.3313577
vn 0.6257284 -0.4656233 -0.6258266
vn 0.3598421 -0.4236969 -0.8312609
vn 0.331291 -0.4450534 -0.8319699
vn 0.9214323 -0.3885392 -6.302737E-06
vn 0.9194506 -0.3906689 0.04459188
vn 0.9181759 -0.3949724 0.03081834
vn 0.8319201 -0.4452491 0.3311527
vn 0.9993748 -0.02283881 0.02698925
vn 0.7099028 0.6097414 0.352496
vn 0.8235734 -0.4424692 0.3548914
vn 0.6257626 -0.4658322 0.6256369
vn 0.9221258 -0.1770616 0.3439958
vn 0.5621739 0.591588 0.5779136
vn 0.6279814 -0.4624144 0.6259491
vn 0.331239 -0.4452617 0.831879
vn 0.356263 -0.4483867 0.8197719
vn 0.6668493 -0.2983503 0.682861
vn 0.3333886 0.6004255 0.7268707
vn 0.3104542 -0.28906 0.905573
vn 0.01553415 0.93649 -0.3503501
vn 0.1269449 0.9452723 -0.300575
vn 0.271133 0.6934401 -0.6675535
vn 0.02750802 0.6748692 -0.7374244
vn 4.615908E-05 0.9012485 -0.4333027
vn 7.867562E-05 0.6733288 -0.7393432
vn -0.01541288 0.9369627 -0.3490892
vn -0.02728734 0.6777732 -0.7347645
vn -0.02728734 0.6777732 -0.7347645
vn -0.1261836 0.9460387 -0.2984771
vn -0.01541288 0.9369627 -0.3490892
vn -0.2699607 0.69746 -0.6638304
vn -0.2114748 0.9542754 -0.2112742
vn -0.5045631 0.7009338 -0.5040911
vn -0.3010624 0.9450973 -0.1270928
vn -0.6675329 0.6934578 -0.2711388
vn -0.351459 0.9360738 -0.01556691
vn -0.7374308 0.6748621 -0.02751526
vn -0.4345918 0.9006274 -4.141702E-05
vn -0.7393606 0.6733098 -7.549596E-05
vn -0.3506297 0.9363865 0.01546676
vn -0.7347656 0.6777718 0.02729015
vn -0.3001745 0.94541 0.1268667
vn -0.6637785 0.69752 0.2699333
vn -0.2126455 0.9536685 0.2128341
vn -0.5040896 0.7009224 0.5045804
vn -0.1279104 0.9443484 0.3030596
vn -0.2711503 0.6934388 0.6675478
vn -0.01563911 0.9352949 0.3535236
vn -0.2711503 0.6934388 0.6675478
vn -0.02750701 0.6749152 0.7373825
vn -0.01563911 0.9352949 0.3535236
vn -4.426239E-05 0.8997257 0.4364557
vn -7.484159E-05 0.6733517 0.7393223
vn -7.484159E-05 0.6733517 0.7393223
vn 0.01551678 0.935764 0.3522856
vn -4.426239E-05 0.8997257 0.4364557
vn 0.02728479 0.6777736 0.7347643
vn 0.1271464 0.9451162 0.3009805
vn 0.269965 0.6974353 0.6638545
vn 0.269965 0.6974353 0.6638545
vn 0.2128116 0.9536676 0.2126718
vn 0.1271464 0.9451162 0.3009805
vn 0.5045895 0.7008913 0.5041238
vn 0.3022797 0.9446343 0.1276433
vn 0.6675506 0.6934372 0.2711477
vn 0.3519072 0.935905 0.01559455
vn 0.7374673 0.6748217 0.02752126
vn 0.434616 0.9006159 4.771387E-05
vn 0.7393931 0.673274 7.588744E-05
vn 0.3502119 0.9365432 -0.01544076
vn 0.7347913 0.6777441 -0.02728698
vn 0.2989819 0.9458609 -0.1263211
vn 0.6638005 0.6974916 -0.2699523
vn 0.2113149 0.9542741 -0.2114407
vn 0.504085 0.7009359 -0.5045663
vn 0.1269449 0.9452723 -0.300575
vn 0.271133 0.6934401 -0.6675535
vn -6.930766E-07 0.9999846 0.005555043
vn -4.426239E-05 0.8997257 0.4364557
vn 0.01551678 0.935764 0.3522856
vn 0.0004083369 0.9999899 0.004495042
vn 0.1271464 0.9451162 0.3009805
vn 0.001236325 0.9999961 0.002514068
vn 0.2128116 0.9536676 0.2126718
vn 0.001686765 0.9999971 0.00173971
vn 0.3022797 0.9446343 0.1276433
vn 0.002237984 0.9999968 0.001171889
vn 0.3519072 0.935905 0.01559455
vn 0.003690964 0.9999932 0.0003665933
vn 0.434616 0.9006159 4.771387E-05
vn 0.004290593 0.9999908 6.54883E-06
vn 0.3502119 0.9365432 -0.01544076
vn -0.2588067 0.9658867 0.009060887
vn 0.2989819 0.9458609 -0.1263211
vn -0.1967883 0.9770546 0.08147781
vn 0.2113149 0.9542741 -0.2114407
vn -0.1584697 0.9745028 0.1588443
vn 0.1269449 0.9452723 -0.300575
vn -0.09151467 0.9710292 0.2207427
vn 0.01553415 0.93649 -0.3503501
vn -0.01216445 0.94907 0.3148301
vn 4.615908E-05 0.9012485 -0.4333027
vn -4.62132E-05 0.9663928 0.2570701
vn 0.01220013 0.9484139 0.3168001
vn -0.01541288 0.9369627 -0.3490892
vn -0.1261836 0.9460387 -0.2984771
vn 0.09240682 0.9704356 0.2229702
vn -0.2114748 0.9542754 -0.2112742
vn 0.1584571 0.9745308 0.1586854
vn -0.3010624 0.9450973 -0.1270928
vn 0.1944474 0.9776047 0.08049457
vn -0.351459 0.9360738 -0.01556691
vn -0.003156406 0.999995 -0.0002502348
vn -0.4345918 0.9006274 -4.141702E-05
vn -0.004293616 0.9999908 5.422833E-06
vn -0.003615816 0.9999934 0.0003558875
vn -0.3506297 0.9363865 0.01546676
vn -0.3001745 0.94541 0.1268667
vn -0.002190517 0.999997 0.001151625
vn -0.2126455 0.9536685 0.2128341
vn -0.001682119 0.9999971 0.00174506
vn -0.1279104 0.9443484 0.3030596
vn -0.001257206 0.9999959 0.002561493
vn -0.01563911 0.9352949 0.3535236
vn -0.0004194068 0.9999895 0.00456818
vn -4.426239E-05 0.8997257 0.4364557
vn -6.930766E-07 0.9999846 0.005555043
vn -0.0448564 0.4106925 -0.9106697
vn -0.3264489 0.4731898 -0.8182435
vn -0.3532217 0.4619631 -0.813526
vn -0.6151539 0.4931168 -0.6151597
vn -0.6204221 0.4797565 -0.6204114
vn -0.8183522 0.4729562 -0.3265153
vn -0.4184813 0.8058732 -0.4188578
vn -0.8135302 0.4619525 -0.3532256
vn -0.5596402 0.7980504 -0.2234244
vn -0.9059309 0.4223155 -0.03063837
vn -0.9106763 0.4106764 -0.04487197
vn -0.6238683 0.7812271 -0.02173924
vn -0.9079571 0.4190633 2.994563E-06
vn -0.9159837 0.4012154 -7.099703E-07
vn -0.6113058 0.7913945 7.466206E-05
vn -0.910672 0.410686 0.04487208
vn -0.9058425 0.4225051 0.0306389
vn -0.6220574 0.7826683 0.02179649
vn -0.4039382 0.9146696 0.01460763
vn -0.3523919 0.9251544 0.1411
vn -0.8182319 0.473195 0.3264708
vn -0.8135195 0.4619659 0.353233
vn -0.5573939 0.7999361 0.2222933
vn -0.2634065 0.9281319 0.2630366
vn -0.6151493 0.4931291 0.6151544
vn -0.6204028 0.4797681 0.6204217
vn -0.4188331 0.805901 0.4184524
vn -0.1422137 0.924118 0.3546564
vn -0.3264995 0.4729699 0.8183506
vn -0.2234333 0.7980568 0.5596274
vn -0.03063966 0.4223167 0.9059303
vn -0.01455146 0.9138091 0.4058831
vn -0.02174162 0.7812179 0.6238797
vn 9.379521E-05 0.9126989 0.4086329
vn -0.6204028 0.4797681 0.6204217
vn -0.6151493 0.4931291 0.6151544
vn -0.3264995 0.4729699 0.8183506
vn -0.3532074 0.4619683 0.8135292
vn -0.03063966 0.4223167 0.9059303
vn -0.04487327 0.4106781 0.9106755
vn -4.52024E-06 0.4190639 0.9079568
vn -8.838546E-06 0.401215 0.9159839
vn -0.02174162 0.7812179 0.6238797
vn 7.479911E-05 0.7913762 0.6113294
vn 9.379521E-05 0.9126989 0.4086329
vn 0.35322 0.4619614 0.8135277
vn 0.6151431 0.493122 0.6151664
vn 0.6204093 0.4797615 0.6204203
vn 0.3264525 0.4731877 0.8182434
vn 0.04485994 0.4106818 0.9106745
vn 0.2223002 0.7999305 0.5573993
vn 0.4184483 0.8058981 0.4188429
vn 0.2630361 0.9281315 0.2634084
vn 0.1410951 0.9251504 0.3524046
vn 0.02179151 0.7826425 0.6220899
vn 0.01460717 0.9146428 0.4039989
vn 0.03062611 0.4225028 0.9058441
vn -8.838546E-06 0.401215 0.9159839
vn -4.52024E-06 0.4190639 0.9079568
vn 7.479911E-05 0.7913762 0.6113294
vn 9.379521E-05 0.9126989 0.4086329
vn 0.8135296 0.4619562 -0.3532223
vn 0.6151795 0.493113 -0.6151373
vn 0.6204337 0.4797509 -0.6204039
vn 0.8182427 0.4731853 -0.3264576
vn 0.9106696 0.4106915 -0.04487074
vn 0.9058411 0.4225081 -0.03063987
vn 0.9159804 0.4012231 7.164338E-07
vn 0.9079545 0.4190686 -2.956523E-06
vn 0.9106754 0.4106785 0.04487184
vn 0.9059303 0.422317 0.03063732
vn 0.8135332 0.4619504 0.3532218
vn 0.818354 0.4729531 0.3265152
vn 0.6204093 0.4797615 0.6204203
vn 0.6151431 0.493122 0.6151664
vn 0.4184483 0.8058981 0.4188429
vn 0.5596346 0.7980542 0.223425
vn 0.6238654 0.7812294 0.02173721
vn 0.3546404 0.9241236 0.1422173
vn 0.2630361 0.9281315 0.2634084
vn 0.4058645 0.9138174 0.0145528
vn 0.408601 0.9127131 -9.417618E-05
vn 0.6113214 0.7913824 -7.414592E-05
vn 0.4039624 0.9146588 -0.01461543
vn 0.6220814 0.7826493 -0.02178933
vn 0.3524318 0.9251366 -0.1411168
vn 0.5574163 0.7999185 -0.2223004
vn 0.2634303 0.928122 -0.2630474
vn 0.4188494 0.8058915 -0.4184543
vn 0.3265103 0.4729644 -0.8183494
vn 0.1422434 0.9241031 -0.3546834
vn 0.2234445 0.7980396 -0.5596474
vn 0.6204337 0.4797509 -0.6204039
vn 0.6151795 0.493113 -0.6151373
vn 0.3265103 0.4729644 -0.8183494
vn 0.3532247 0.4619604 -0.8135262
vn 0.03062743 0.422324 -0.9059274
vn 0.04485768 0.4106891 -0.9106714
vn 0.2234445 0.7980396 -0.5596474
vn -2.72348E-06 0.4190679 -0.9079549
vn 1.037454E-06 0.4012288 -0.9159779
vn -0.0448564 0.4106925 -0.9106697
vn 0.02174534 0.7811778 -0.6239297
vn -0.03062587 0.4225065 -0.9058423
vn -0.3264489 0.4731898 -0.8182435
vn 0.01455257 0.9137906 -0.4059248
vn 0.1422434 0.9241031 -0.3546834
vn -9.380055E-05 0.9126998 -0.4086308
vn -7.4483E-05 0.791346 -0.6113685
vn -0.0146058 0.9146545 -0.4039726
vn -0.02179543 0.7826157 -0.6221235
vn -0.1411104 0.9251255 -0.3524637
vn -0.2223222 0.799911 -0.5574183
vn -0.6151539 0.4931168 -0.6151597
vn -0.26307 0.9281132 -0.263439
vn -0.4184813 0.8058732 -0.4188578
vn -0.3546619 0.9241135 -0.1422296
vn -0.5596402 0.7980504 -0.2234244
vn -0.4058604 0.9138192 -0.01454904
vn -0.6238683 0.7812271 -0.02173924
vn -0.4085864 0.9127196 9.476255E-05
vn -0.6113058 0.7913945 7.466206E-05
vn -0.4039382 0.9146696 0.01460763
vn 0.0001147145 0.07847141 -0.9969164
vn 0.0487446 0.7692928 -0.6370342
vn 0.0001427052 0.7416056 -0.670836
vn 0.02498036 0.08966979 -0.9956583
vn 0.3477739 0.6214355 -0.7020479
vn 0.04558211 -0.37782 -0.9247563
vn 4.131827E-06 -0.3696698 -0.9291632
vn 2.015962E-06 -0.3884273 -0.9214793
vn 0.0308516 -0.3948402 -0.9182317
vn 0.331291 -0.4450534 -0.8319699
vn 0.3598421 -0.4236969 -0.8312609
vn 0.3497743 0.0398348 -0.9359868
vn 0.575026 0.5976079 -0.5587576
vn 0.6334919 -0.4416461 -0.6353242
vn 0.7133228 -0.02780996 -0.7002836
vn -0.01078267 0.9597052 -0.2808015
vn 0.0001427052 0.7416056 -0.670836
vn 4.647686E-05 0.9607008 -0.277586
vn -0.04898801 0.7649396 -0.6422364
vn -0.1147955 0.9541404 -0.2764743
vn -0.3509385 0.6133721 -0.7075429
vn -0.2320761 0.9454119 -0.2287727
vn -0.5754575 0.5980004 -0.5578927
vn -0.3374857 0.9313329 -0.1368294
vn -0.7138407 0.6211188 -0.3234856
vn -0.4113717 0.9113133 -0.01677614
vn -0.646858 0.7617005 -0.03724269
vn -0.4322409 0.9017581 0.0003205402
vn -0.7045706 0.7096338 0.0002509085
vn -0.2588067 0.9658867 0.009060887
vn -0.7048628 0.7071806 0.05535359
vn -0.1967883 0.9770546 0.08147781
vn -0.715002 0.6020822 0.3553437
vn -0.1584697 0.9745028 0.1588443
vn -0.5615475 0.5918701 0.5782338
vn -0.09151467 0.9710292 0.2207427
vn -0.33075 0.608336 0.7214789
vn -0.01216445 0.94907 0.3148301
vn -0.04338701 0.7121629 0.7006722
vn -4.62132E-05 0.9663928 0.2570701
vn -0.0001197777 0.6871368 0.7265281
vn 0.01220013 0.9484139 0.3168001
vn 0.04356476 0.7070101 0.7058604
vn 0.09240682 0.9704356 0.2229702
vn 0.3333886 0.6004255 0.7268707
vn 0.1584571 0.9745308 0.1586854
vn 0.5621739 0.591588 0.5779136
vn 0.1944474 0.9776047 0.08049457
vn 0.7099028 0.6097414 0.352496
vn 0.4510833 0.89234 0.01591155
vn 0.6992962 0.7127019 0.05514331
vn 0.4322311 0.9017627 0.0004856578
vn 0.7042973 0.7099048 0.0005171802
vn 0.4138132 0.9102065 -0.01681621
vn 0.6517603 0.7575028 -0.0373917
vn 0.3403386 0.9301412 -0.137866
vn 0.7196205 0.6128319 -0.3264711
vn 0.2320301 0.945448 -0.2286704
vn 0.575026 0.5976079 -0.5587576
vn 0.1135558 0.9552287 -0.2732091
vn 0.3477739 0.6214355 -0.7020479
vn 0.01064494 0.9605418 -0.2779318
vn 0.0487446 0.7692928 -0.6370342
vn 4.647686E-05 0.9607008 -0.277586
vn 0.0001427052 0.7416056 -0.670836
vn -0.5922455 0.5436285 -0.5947381
vn -3.843894E-05 0.7483765 -0.6632742
vn -0.4676795 0.748555 -0.470044
vn -2.590618E-05 0.5433956 -0.8394768
vn 0.4676007 0.7486227 -0.4700145
vn 0.5921628 0.5438439 -0.5946234
vn 0.8391774 0.5438295 0.005533717
vn 0.5921845 0.5438218 0.594622
vn 0.467675 0.7485819 0.4700055
vn 0.6072841 0.7944736 0.004193477
vn 0.6072833 0.7944743 -0.004192896
vn 0.8391774 0.5438296 -0.005533156
vn 0.5921628 0.5438439 -0.5946234
vn 0.4676007 0.7486227 -0.4700145
vn 0.3066 0.9518366 -0.001842962
vn 0.2502396 0.9348862 -0.2517299
vn -3.843894E-05 0.7483765 -0.6632742
vn -3.720405E-05 0.9347501 -0.355306
vn -0.4676795 0.748555 -0.470044
vn 0.2502684 0.9348703 0.2517606
vn 0.306601 0.9518363 0.001843196
vn 0.1299026 0.9915265 -0.0006369934
vn 0.1125935 0.9871867 -0.113072
vn -2.171966E-05 0.9347374 0.3553392
vn -3.299806E-05 0.7483156 0.6633427
vn -0.2502438 0.9348752 0.2517668
vn -0.4676607 0.7485574 0.4700588
vn 0.1125699 0.9871907 0.1130602
vn 0.1299024 0.9915265 0.0006369874
vn 1.19997E-06 1 -0.000318394
vn -9.912254E-06 0.9880999 -0.1538132
vn 7.646021E-06 0.9881006 0.1538087
vn 1.221656E-06 1 0.0003183828
vn -0.1125713 0.9871902 0.1130628
vn -0.2502529 0.9348849 -0.2517215
vn -0.1125631 0.9871907 -0.1130678
vn -0.1299024 0.9915265 0.0006369638
vn -0.1299017 0.9915267 -0.0006369103
vn -0.3065662 0.9518476 -0.001842751
vn -0.3065669 0.9518474 0.001842875
vn -0.6072108 0.7945298 -0.004193056
vn -0.6072097 0.7945305 0.004193028
vn -0.5921779 0.5436637 0.5947732
vn -0.8392527 0.5437135 0.005534945
vn -0.8392537 0.543712 -0.005535206
vn -0.5922455 0.5436285 -0.5947381
vn 0.5921845 0.5438218 0.594622
vn -3.299806E-05 0.7483156 0.6633427
vn 0.467675 0.7485819 0.4700055
vn -2.552273E-05 0.543378 0.8394881
vn -0.4676607 0.7485574 0.4700588
vn -0.5921779 0.5436637 0.5947732
vn -0.5921974 0.543655 -0.5947618
vn -2.514567E-06 0.748351 -0.6633029
vn -0.4676319 0.7485691 -0.4700688
vn -9.078983E-06 0.5433406 -0.8395123
vn 0.4676124 0.748598 -0.4700423
vn 0.5921395 0.5438067 -0.5946807
vn 0.83903 0.544057 0.005533118
vn 0.5921228 0.5438367 0.59467
vn 0.4676212 0.7485965 0.4700359
vn 0.6071802 0.7945532 0.004193382
vn 0.6071804 0.794553 -0.00419322
vn 0.8390304 0.5440565 -0.005533273
vn 0.5921395 0.5438067 -0.5946807
vn 0.4676124 0.748598 -0.4700423
vn 0.3066005 0.9518366 -0.001843143
vn 0.2502753 0.9348791 -0.251721
vn -2.514567E-06 0.748351 -0.6633029
vn 1.064109E-05 0.934748 -0.3553113
vn -0.4676319 0.7485691 -0.4700688
vn 0.2502624 0.9348707 0.2517646
vn 0.3066011 0.9518362 0.001843368
vn 0.129909 0.9915257 -0.0006369952
vn 0.1125628 0.9871911 -0.113064
vn 1.220456E-05 0.934735 0.3553457
vn 1.471287E-05 0.7483004 0.6633599
vn -0.2502612 0.9348742 0.2517529
vn -0.46766 0.7485473 0.4700757
vn 0.1125678 0.9871913 0.1130571
vn 0.1299094 0.9915256 0.0006370496
vn -7.782938E-07 1 -0.000318405
vn 1.965405E-05 0.9880995 -0.1538157
vn 8.717232E-06 0.9881012 0.1538047
vn -9.060016E-07 1 0.0003183956
vn -0.1125763 0.9871902 0.1130581
vn -0.2502766 0.9348789 -0.25172
vn -0.1125505 0.9871916 -0.1130724
vn -0.1299035 0.9915264 0.0006369739
vn -0.1299028 0.9915265 -0.0006368769
vn -0.3065656 0.9518477 -0.001842868
vn -0.3065665 0.9518475 0.001842979
vn -0.607192 0.7945441 -0.004193383
vn -0.6071925 0.7945437 0.004193374
vn -0.5922003 0.5436541 0.5947598
vn -0.8391785 0.543828 0.005534665
vn -0.8391783 0.5438283 -0.00553481
vn -0.5921974 0.543655 -0.5947618
vn 0.5921228 0.5438367 0.59467
vn 1.471287E-05 0.7483004 0.6633599
vn 0.4676212 0.7485965 0.4700359
vn 1.730749E-05 0.5433682 0.8394945
vn -0.46766 0.7485473 0.4700757
vn -0.5922003 0.5436541 0.5947598
vn -0.5921599 0.5437149 -0.5947443
vn 4.508592E-06 0.7483593 -0.6632937
vn -0.4676408 0.7485783 -0.4700455
vn 2.880445E-05 0.5433488 -0.839507
vn 0.4676647 0.7485702 -0.4700344
vn 0.5922265 0.54372 -0.5946732
vn 0.8390359 0.5440478 0.005532806
vn 0.5921971 0.5437325 0.5946912
vn 0.4677072 0.7485574 0.4700125
vn 0.607205 0.7945341 0.004193352
vn 0.6072048 0.7945343 -0.004192943
vn 0.839036 0.5440478 -0.005532597
vn 0.5922265 0.54372 -0.5946732
vn 0.4676647 0.7485702 -0.4700344
vn 0.3065766 0.9518442 -0.001842908
vn 0.2502796 0.934877 -0.2517242
vn 4.508592E-06 0.7483593 -0.6632937
vn -4.922956E-06 0.9347494 -0.355308
vn -0.4676408 0.7485783 -0.4700455
vn 0.2502788 0.9348688 0.2517559
vn 0.3065773 0.951844 0.001843122
vn 0.1299071 0.9915259 -0.0006369767
vn 0.1126002 0.9871859 -0.1130724
vn -3.495517E-05 0.9347386 0.355336
vn -4.681206E-05 0.7483015 0.6633588
vn -0.250302 0.9348584 0.2517709
vn -0.4677156 0.7485301 0.4700475
vn 0.112577 0.9871897 0.1130617
vn 0.1299073 0.9915259 0.0006369794
vn -2.289311E-07 1 -0.0003184378
vn 2.45995E-05 0.988101 -0.1538066
vn -4.820486E-06 0.9881018 0.1538013
vn -3.494213E-07 1 0.0003184195
vn -0.1125562 0.987193 0.1130525
vn -0.2502684 0.9348781 -0.2517315
vn -0.1125372 0.9871939 -0.1130646
vn -0.1299038 0.9915264 0.0006369457
vn -0.1299034 0.9915264 -0.0006369846
vn -0.3065745 0.9518449 -0.001842852
vn -0.3065754 0.9518446 0.001843128
vn -0.6072127 0.7945284 -0.004193236
vn -0.6072131 0.7945279 0.004193516
vn -0.5921794 0.5437086 0.5947307
vn -0.8391631 0.5438516 0.005534341
vn -0.8391632 0.5438515 -0.005534423
vn -0.5921599 0.5437149 -0.5947443
vn 0.5921971 0.5437325 0.5946912
vn -4.681206E-05 0.7483015 0.6633588
vn 0.4677072 0.7485574 0.4700125
vn -4.346607E-05 0.543359 0.8395003
vn -0.4677156 0.7485301 0.4700475
vn -0.5921794 0.5437086 0.5947307
vn -0.5920148 0.5439629 -0.594662
vn -8.843966E-06 0.7484124 -0.6632337
vn -0.4677238 0.7486138 -0.4699062
vn 2.506481E-05 0.5436746 -0.8392962
vn 0.4677306 0.7486191 -0.4698909
vn 0.5919824 0.5439641 -0.5946931
vn 0.8391168 0.5439219 0.005639865
vn 0.5921786 0.5436499 0.5947852
vn 0.4677312 0.7485083 0.470067
vn 0.6072253 0.7945182 0.004273832
vn 0.6072231 0.7945199 -0.004273556
vn 0.8391137 0.543927 -0.005639654
vn 0.5919824 0.5439641 -0.5946931
vn 0.4677306 0.7486191 -0.4698909
vn 0.3065893 0.95184 -0.001878119
vn 0.2503364 0.9348595 -0.2517328
vn -8.843966E-06 0.7484124 -0.6632337
vn -2.50692E-05 0.9347419 -0.3553275
vn -0.4677238 0.7486138 -0.4699062
vn 0.2503338 0.9348556 0.2517499
vn 0.3065892 0.9518401 0.001878356
vn 0.129908 0.9915258 -0.000649066
vn 0.1125552 0.9871927 -0.1130563
vn 1.247671E-05 0.9347359 0.3553432
vn -1.956815E-05 0.7482184 0.6634526
vn -0.2503056 0.9348671 0.2517349
vn -0.4677385 0.7485103 0.4700564
vn 0.1125682 0.9871936 0.1130353
vn 0.1299083 0.9915258 0.0006490976
vn 6.828097E-07 1 -0.0003245554
vn 6.684854E-06 0.988106 -0.1537741
vn 1.500081E-06 0.9881092 0.1537541
vn 7.83512E-07 1 0.0003245377
vn -0.1125775 0.9871918 0.1130434
vn -0.2503099 0.9348643 -0.2517417
vn -0.112541 0.987193 -0.1130676
vn -0.1299045 0.9915263 0.0006491626
vn -0.1299039 0.9915264 -0.0006492456
vn -0.3065836 0.9518418 -0.001878465
vn -0.3065843 0.9518417 0.001878282
vn -0.6072441 0.7945039 -0.004273546
vn -0.6072455 0.7945027 0.00427352
vn -0.5922344 0.5435876 0.5947864
vn -0.8390849 0.5439714 0.00563928
vn -0.839082 0.5439758 -0.005639098
vn -0.5920148 0.5439629 -0.594662
vn 0.5921786 0.5436499 0.5947852
vn -1.956815E-05 0.7482184 0.6634526
vn 0.4677312 0.7485083 0.470067
vn -5.788596E-05 0.5431188 0.8396559
vn -0.4677385 0.7485103 0.4700564
vn -0.5922344 0.5435876 0.5947864
vn 0.8391226 0.5439073 0.006172522
vn 0.5923838 0.5436147 0.5946129
vn 0.4677012 0.7484945 0.4701186
vn 0.6073493 0.7944211 0.004678487
vn 0.6073484 0.7944218 -0.004678139
vn 0.8391216 0.5439088 -0.006173003
vn 0.592157 0.5438009 -0.5946685
vn 0.4676487 0.7485915 -0.4700164
vn -5.444696E-05 0.5434727 -0.8394268
vn 0.3066486 0.9518206 -0.002056781
vn -2.864939E-05 0.7483371 -0.6633186
vn -0.5921254 0.5438092 -0.5946924
vn 0.2502622 0.9348749 -0.2517493
vn -0.4676632 0.7485647 -0.4700447
vn -0.8389986 0.5440986 -0.006171974
vn 5.9399E-06 0.9347286 -0.3553623
vn 0.2502881 0.9348645 0.2517626
vn 0.3066489 0.9518205 0.002057109
vn 0.1299199 0.9915242 -0.0007111746
vn 0.1125381 0.9871933 -0.1130684
vn 6.72912E-06 0.9347286 0.3553624
vn 3.190006E-05 0.7482356 0.6634332
vn -0.250276 0.9348647 0.2517734
vn -0.4676239 0.7485366 0.4701286
vn -0.250324 0.9348537 -0.2517666
vn 1.214417E-05 0.9881022 -0.1537989
vn -1.366904E-06 1 -0.0003555299
vn 0.1299203 0.9915242 0.0007112329
vn 0.1125521 0.9871942 0.1130465
vn -7.318525E-06 0.9881043 0.153785
vn -1.356141E-06 1 0.0003555359
vn -0.1125629 0.9871917 0.1130581
vn -0.112556 0.9871907 -0.1130733
vn -0.1299144 0.9915249 0.0007109382
vn -0.1299145 0.9915249 -0.0007110144
vn -0.3066347 0.951825 -0.002056734
vn -0.3066333 0.9518256 0.002056851
vn -0.6073279 0.7944375 -0.00467838
vn -0.6073279 0.7944375 0.00467857
vn -0.5922868 0.5437059 0.5946261
vn -0.8389994 0.5440973 0.006172042
vn 0.5923838 0.5436147 0.5946129
vn 3.190006E-05 0.7482356 0.6634332
vn 0.4677012 0.7484945 0.4701186
vn 4.477555E-05 0.543209 0.8395975
vn -0.4676239 0.7485366 0.4701286
vn -0.5922868 0.5437059 0.5946261
vn 0.592126 0.5438098 -0.5946912
vn 0.4676042 0.7486096 -0.4700318
vn -1.916645E-05 0.7483868 -0.6632624
vn 5.688984E-06 0.5434445 -0.8394451
vn -0.467631 0.7485991 -0.4700219
vn -0.5921444 0.5438512 -0.5946352
vn 0.8391714 0.5438389 -0.005534311
vn 0.4676042 0.7486096 -0.4700318
vn 0.592126 0.5438098 -0.5946912
vn 0.6072505 0.7944994 -0.004193738
vn 0.6072516 0.7944984 0.004193609
vn 0.8391721 0.5438379 0.005534101
vn 0.5921209 0.5438216 0.5946857
vn 0.4676409 0.7485859 0.470033
vn 5.832842E-06 0.5434402 0.8394479
vn 0.3065673 0.9518473 0.001843155
vn 2.177468E-06 0.7483311 0.6633254
vn -0.5920613 0.5438629 0.5947072
vn 0.2502787 0.9348656 0.2517673
vn -0.467614 0.7486095 0.4700222
vn -0.8390218 0.5440696 0.005533694
vn 8.279022E-07 0.9347361 0.3553426
vn 0.2502781 0.9348764 -0.2517278
vn 0.3065664 0.9518475 -0.001843208
vn 0.1298949 0.9915276 0.00063701
vn 0.1125727 0.9871897 0.1130659
vn -2.75889E-05 0.9347473 -0.3553131
vn -1.916645E-05 0.7483868 -0.6632624
vn -0.2502975 0.9348681 -0.2517398
vn -0.467631 0.7485991 -0.4700219
vn -0.2502534 0.9348717 0.2517697
vn 2.134233E-06 0.9880999 0.1538133
vn 1.103596E-06 1 0.0003183892
vn 0.1298944 0.9915276 -0.0006369924
vn 0.11257 0.9871895 -0.1130703
vn -2.943003E-07 0.988099 -0.1538188
vn 1.084319E-06 1 -0.0003183852
vn -0.1125922 0.987186 -0.1130787
vn -0.112552 0.9871923 0.1130636
vn -0.1299018 0.9915267 -0.0006369765
vn -0.1299017 0.9915267 0.0006369966
vn -0.3065951 0.9518382 0.001843248
vn -0.3065948 0.9518384 -0.001842972
vn -0.6072088 0.7945312 0.00419359
vn -0.6072093 0.7945309 -0.004192954
vn -0.5921444 0.5438512 -0.5946352
vn -0.8390222 0.5440691 -0.005532509
vn 0.592259 0.5436323 -0.594721
vn 0.4676661 0.7485449 -0.4700734
vn 3.370525E-05 0.7483634 -0.663289
vn 6.745658E-05 0.543394 -0.8394778
vn -0.4676251 0.748594 -0.4700359
vn -0.5921422 0.5438395 -0.5946479
vn 0.8391762 0.5438316 -0.005534433
vn 0.4676661 0.7485449 -0.4700734
vn 0.592259 0.5436323 -0.594721
vn 0.6071922 0.7945439 -0.004193224
vn 0.6071919 0.7945442 0.00419351
vn 0.8391766 0.543831 0.005534621
vn 0.5922764 0.5436121 0.5947222
vn 0.4676861 0.7485343 0.4700703
vn -4.455656E-06 0.5433796 0.8394871
vn 0.306567 0.9518473 0.001843195
vn -3.786597E-06 0.7483061 0.6633536
vn -0.5922007 0.5437823 0.594642
vn 0.2502209 0.9348829 0.2517607
vn -0.4676746 0.7485638 0.4700348
vn -0.839026 0.5440633 0.005533487
vn -2.791136E-06 0.9347334 0.3553496
vn 0.2502626 0.9348791 -0.2517338
vn 0.3065671 0.9518473 -0.001843007
vn 0.1298997 0.9915269 0.0006370055
vn 0.1125562 0.9871922 0.1130608
vn -2.272385E-06 0.9347435 -0.3553231
vn 3.370525E-05 0.7483634 -0.663289
vn -0.2502916 0.9348706 -0.2517358
vn -0.4676251 0.748594 -0.4700359
vn -0.2502574 0.9348705 0.2517704
vn -1.075057E-06 0.9881008 0.1538077
vn -9.156468E-07 1 0.0003184008
vn 0.129899 0.991527 -0.0006369308
vn 0.1125613 0.9871901 -0.1130742
vn 7.564676E-07 0.9880994 -0.1538167
vn -9.084181E-07 1 -0.0003184019
vn -0.1125541 0.9871922 -0.1130634
vn -0.1125486 0.9871936 0.1130552
vn -0.1299132 0.9915251 -0.0006369805
vn -0.1299139 0.991525 0.0006370326
vn -0.3066129 0.9518326 0.001843302
vn -0.3066126 0.9518326 -0.001843058
vn -0.6071821 0.7945517 0.004193444
vn -0.6071821 0.7945517 -0.004193213
vn -0.5921422 0.5438395 -0.5946479
vn -0.8390255 0.544064 -0.005533555
vn 0.592168 0.5438361 -0.5946254
vn 0.4676611 0.7485846 -0.4700152
vn 3.617016E-05 0.7483845 -0.6632652
vn 7.439885E-05 0.5434435 -0.8394458
vn -0.4676705 0.7485746 -0.4700216
vn -0.5921935 0.5437681 -0.5946621
vn 0.8390958 0.5439555 -0.005533963
vn 0.4676611 0.7485846 -0.4700152
vn 0.592168 0.5438361 -0.5946254
vn 0.6072415 0.7945063 -0.004193826
vn 0.6072416 0.7945061 0.004193871
vn 0.8390956 0.5439559 0.005533669
vn 0.5921233 0.5438791 0.5946307
vn 0.467638 0.7485937 0.4700236
vn -1.172545E-05 0.5434315 0.8394535
vn 0.3065901 0.9518399 0.001843379
vn -5.26061E-06 0.7483295 0.6633271
vn -0.5921693 0.5437437 0.5947085
vn 0.2502535 0.9348686 0.2517812
vn -0.4676874 0.7485574 0.4700323
vn -0.8391624 0.5438527 0.005533949
vn -7.823744E-06 0.9347386 0.355336
vn 0.2503066 0.9348667 -0.2517357
vn 0.3065896 0.95184 -0.001843217
vn 0.1298995 0.991527 0.0006370269
vn 0.1125422 0.9871942 0.113057
vn -2.973728E-06 0.9347472 -0.3553135
vn 3.617016E-05 0.7483845 -0.6632652
vn -0.2503218 0.9348643 -0.2517297
vn -0.4676705 0.7485746 -0.4700216
vn -0.250263 0.9348707 0.2517643
vn -2.018566E-05 0.9881008 0.1538075
vn -3.686911E-07 1 0.0003184248
vn 0.1298992 0.991527 -0.0006370274
vn 0.1125551 0.9871911 -0.1130716
vn -5.917769E-06 0.9880993 -0.1538174
vn -4.891785E-07 1 -0.0003184167
vn -0.1126044 0.9871848 -0.1130772
vn -0.1125748 0.9871899 0.1130618
vn -0.1299034 0.9915264 -0.0006369836
vn -0.1299032 0.9915264 0.0006369524
vn -0.3065856 0.9518413 0.001843177
vn -0.3065856 0.9518413 -0.001843006
vn -0.6072887 0.7944703 0.004193782
vn -0.6072886 0.7944703 -0.004193681
vn -0.5921935 0.5437681 -0.5946621
vn -0.8391625 0.5438526 -0.005534265
vn 0.5920392 0.5439227 -0.5946743
vn 0.4677396 0.7485971 -0.4699171
vn -3.29232E-05 0.748425 -0.6632194
vn -6.071338E-05 0.5437216 -0.8392658
vn -0.467774 0.7485862 -0.4699002
vn -0.5920641 0.5439454 -0.594629
vn -0.8391376 0.5438898 0.00563943
vn -0.4677118 0.748513 0.4700786
vn -0.5921791 0.543667 0.5947689
vn -0.6072749 0.7944803 0.004273772
vn -0.6072742 0.7944807 -0.004273568
vn -0.8391363 0.5438921 -0.005639305
vn -0.5920641 0.5439454 -0.594629
vn -0.467774 0.7485862 -0.4699002
vn -0.306614 0.9518321 -0.001878294
vn -0.250348 0.9348524 -0.251748
vn -3.29232E-05 0.748425 -0.6632194
vn -9.533803E-07 0.9347399 -0.3553327
vn 0.4677396 0.7485971 -0.4699171
vn -0.2503406 0.9348536 0.2517502
vn -0.306614 0.9518321 0.001878488
vn -0.1299072 0.9915259 -0.0006491544
vn -0.1125474 0.9871938 -0.1130557
vn -1.266653E-06 0.9347374 0.3553395
vn -5.170215E-06 0.7482306 0.6634388
vn 0.2503527 0.934856 0.2517295
vn 0.4677453 0.748513 0.4700454
vn -0.1125774 0.9871922 0.1130404
vn -0.1299075 0.9915258 0.0006492186
vn 6.336718E-07 1 -0.0003245435
vn 1.00241E-06 0.9881067 -0.1537697
vn -4.515636E-06 0.9881083 0.153759
vn 5.084111E-07 1 0.0003245444
vn 0.1125659 0.9871926 0.1130467
vn 0.2503118 0.9348643 -0.2517391
vn 0.1125396 0.9871938 -0.113063
vn 0.1299012 0.9915268 0.0006492222
vn 0.1299007 0.9915268 -0.0006492788
vn 0.3065853 0.9518413 -0.001878551
vn 0.3065869 0.9518408 0.001878491
vn 0.6072297 0.7945148 -0.004273774
vn 0.6072315 0.7945135 0.004273982
vn 0.5921908 0.5436287 0.5947922
vn 0.8390595 0.5440105 0.005640087
vn 0.8390572 0.5440139 -0.005639636
vn 0.5920392 0.5439227 -0.5946743
vn -0.5921791 0.543667 0.5947689
vn -0.4677118 0.748513 0.4700786
vn -5.170215E-06 0.7482306 0.6634388
vn -8.898784E-06 0.5431468 0.8396377
vn 0.4677453 0.748513 0.4700454
vn 0.5921908 0.5436287 0.5947922
vn 0.5922218 0.5437467 -0.5946536
vn 0.467708 0.7485414 -0.4700372
vn 1.876392E-05 0.7483156 -0.6633429
vn -5.473546E-06 0.5434098 -0.8394676
vn -0.4676969 0.7485529 -0.4700302
vn -0.5921938 0.5437436 -0.5946842
vn -0.8391433 0.5438755 0.006173044
vn -0.4676755 0.7485043 0.4701286
vn -0.592295 0.5436354 0.5946825
vn -0.6073617 0.7944117 0.004678649
vn -0.607361 0.7944123 -0.004678365
vn -0.8391423 0.5438769 -0.006172375
vn -0.5921938 0.5437436 -0.5946842
vn -0.4676969 0.7485529 -0.4700302
vn -0.3066445 0.9518219 -0.002056825
vn -0.2502615 0.93487 -0.2517682
vn 1.876392E-05 0.7483156 -0.6633429
vn 3.709165E-05 0.9347265 -0.3553677
vn 0.467708 0.7485414 -0.4700372
vn -0.2503014 0.93486 0.2517657
vn -0.3066444 0.951822 0.002056835
vn -0.1299219 0.991524 -0.0007111162
vn -0.1125312 0.9871946 -0.1130646
vn -3.036787E-05 0.9347265 0.3553678
vn -2.515925E-05 0.7482235 0.6634468
vn 0.2502573 0.9348676 0.2517812
vn 0.4676593 0.7484991 0.4701531
vn -0.1125395 0.9871961 0.1130429
vn -0.1299216 0.9915241 0.0007111615
vn -1.089728E-06 1 -0.0003555541
vn 2.332765E-05 0.9881023 -0.1537985
vn 9.64376E-06 0.9881043 0.1537855
vn -1.092418E-06 1 0.0003555281
vn 0.112563 0.9871912 0.1130622
vn 0.2503105 0.9348565 -0.2517696
vn 0.1125791 0.9871877 -0.1130766
vn 0.1299125 0.9915251 0.0007110131
vn 0.129913 0.9915251 -0.0007110723
vn 0.306647 0.9518211 -0.002056868
vn 0.306646 0.9518214 0.002056854
vn 0.6073212 0.7944425 -0.004678353
vn 0.6073222 0.7944419 0.004678581
vn 0.5923695 0.5435913 0.5946484
vn 0.8389856 0.5441186 0.006172322
vn 0.8389841 0.544121 -0.006171877
vn 0.5922218 0.5437467 -0.5946536
vn -0.592295 0.5436354 0.5946825
vn -0.4676755 0.7485043 0.4701286
vn -2.515925E-05 0.7482235 0.6634468
vn 9.702911E-07 0.5431497 0.8396358
vn 0.4676593 0.7484991 0.4701531
vn 0.5923695 0.5435913 0.5946484
vn 0.6842909 0.4898086 -0.5402162
vn 0.4199887 0.8279544 -0.3716198
vn 0.3531741 0.8402209 -0.411457
vn 0.7492666 0.5044843 -0.4290632
vn 0.8105401 0 -0.5856832
vn 0.8849815 9.227874E-06 -0.4656264
vn 0.4755539 0.8336433 -0.2808686
vn 0.9292665 5.478569E-06 -0.3694101
vn 0.7779083 0.5337363 -0.3316387
vn 0.4834285 0.8693597 -0.1025209
vn 0.9858424 7.045451E-07 -0.1676745
vn 0.8048292 0.5756384 -0.1445351
vn 0.4735935 0.8802604 -0.02916832
vn 0.9985638 -1.458969E-06 -0.05357634
vn 0.8086035 0.5866212 -0.04512155
vn 0.480277 0.8766116 0.0297661
vn 0.9978824 -2.794918E-06 0.06504354
vn 0.8131116 0.5796933 0.05296446
vn 0.5061791 0.8576588 0.09057619
vn 0.9864949 -3.14943E-05 0.163792
vn 0.8184736 0.5577471 0.1379097
vn 0.5427981 0.8285697 0.1372674
vn 0.8296464 0.5303866 0.1742897
vn 0.9811479 -0.000221138 0.1932577
vn 0.5807722 0.7993288 0.1541983
vn 0.8350127 0.5114099 0.2030117
vn 0.9747365 -0.0007289319 0.2233568
vn 0.9901097 -0.001204821 0.1402911
vn 0.8476306 0.5155029 0.1256152
vn 0.6238527 0.775788 0.09466232
vn 0.8469011 0.52965 -0.04721592
vn 0.9979343 -0.0009983594 -0.06423499
vn 0.8332278 0.5473182 -0.07857648
vn 0.995624 -0.0004122063 -0.09344947
vn 0.8284385 0.5578507 -0.04992129
vn 0.9984498 -9.101152E-05 -0.05565857
vn 0.8290579 0.5589043 -0.01700084
vn 0.9998129 -1.354659E-07 -0.01934488
vn 0.5222362 0.8526965 -0.01334602
vn 0.5321062 0.8459257 -0.03567369
vn 0.5215716 0.8532062 0.001517118
vn 0.8285294 0.5599455 0.0005193939
vn 1 1.076476E-06 -8.062795E-05
vn -0.6843044 0.4897633 -0.5402402
vn -0.884972 1.50318E-06 -0.4656443
vn -0.8105283 0 -0.5856995
vn -0.7492766 0.5044559 -0.429079
vn -0.3531952 0.8402072 -0.4114668
vn -0.7779027 0.5337435 -0.3316402
vn -0.9292639 -1.50644E-06 -0.3694163
vn -0.4199948 0.8279494 -0.3716236
vn -0.2150627 0.9133641 -0.3457081
vn -0.4755332 0.8336556 -0.2808675
vn -0.8048267 0.5756417 -0.1445362
vn -0.9858422 -1.393676E-05 -0.1676763
vn -0.4834197 0.8693649 -0.1025186
vn -0.8085968 0.5866304 -0.04512085
vn -0.9985637 -1.486871E-05 -0.05357785
vn -0.4735822 0.8802666 -0.02916628
vn -0.8131014 0.5797075 0.05296532
vn -0.9978824 -8.105252E-06 0.06504354
vn -0.4802646 0.8766184 0.02976615
vn -0.8184603 0.5577666 0.1379103
vn -0.9864942 -3.815393E-05 0.163796
vn -0.9811492 -0.0002299893 0.1932517
vn -0.5061719 0.8576633 0.0905739
vn -0.8296244 0.5304215 0.1742884
vn -0.9747394 -0.0006801081 0.2233441
vn -0.2149004 0.9764666 -0.01818552
vn -0.2194295 0.9755408 0.01307504
vn -0.2365225 0.9699184 0.05757874
vn -0.542794 0.8285719 0.1372709
vn -0.8349856 0.5114493 0.2030239
vn -0.2353519 0.9699264 -0.0620669
vn -0.3111109 0.9123917 -0.2659914
vn -0.2365222 0.9148355 -0.3273123
vn -1.561119E-06 0.9370225 -0.3492689
vn -1.560752E-06 0.9370225 -0.3492689
vn 0.2150616 0.9133636 -0.3457101
vn 0.2365236 0.9148316 -0.3273222
vn 0.3531741 0.8402209 -0.411457
vn 0.4199887 0.8279544 -0.3716198
vn 0.4755539 0.8336433 -0.2808686
vn 0.311115 0.9123896 -0.2659937
vn 0.4834285 0.8693597 -0.1025209
vn 0.2353522 0.9699262 -0.06206731
vn 0.4735935 0.8802604 -0.02916832
vn 0.2148976 0.9764673 -0.01818618
vn 0.480277 0.8766116 0.0297661
vn 1.160633E-06 0.9994912 -0.03189667
vn 0.2194255 0.9755416 0.01307504
vn 0.5061791 0.8576588 0.09057619
vn 0 0.999892 -0.01469612
vn -6.443136E-07 0.999972 0.007493657
vn 0.2365136 0.9699206 0.05757859
vn 1.985957E-06 0.9989113 0.04664914
vn 0.2572447 0.9603012 0.1079206
vn 0.5427981 0.8285697 0.1372674
vn 1.952427E-06 0.9950836 0.09903877
vn -0.2572592 0.9602966 0.1079257
vn 0.2801272 0.9548158 0.09927475
vn 0.5807722 0.7993288 0.1541983
vn 0.6238527 0.775788 0.09466232
vn -5.899796E-06 0.9971067 0.07601402
vn -0.5807426 0.7993456 0.1542229
vn -0.2801331 0.9548123 0.0992917
vn 0.3122464 0.9484103 0.05495594
vn -1.006486E-06 0.9993784 0.03525141
vn -0.3122742 0.9484021 0.05493905
vn -0.6238464 0.7757943 0.09465124
vn -0.8476221 0.5155255 0.1255798
vn -0.9901066 -0.00113114 0.1403124
vn -0.9979342 -0.0009643834 -0.06423707
vn -0.8468793 0.5296844 -0.04722129
vn -0.9956238 -0.0004178354 -0.09345191
vn -0.6168417 0.7869924 -0.01222008
vn -0.8332045 0.5473541 -0.07857376
vn -0.9984506 -9.178279E-05 -0.05564481
vn -0.3166596 0.948342 0.01934716
vn -0.8284212 0.5578772 -0.0499128
vn -0.999813 3.173168E-06 -0.01934104
vn -0.5701737 0.8205235 -0.04053654
vn 0 0.9995056 0.0314397
vn -0.8290465 0.5589213 -0.01699734
vn -1 3.38524E-06 -8.724022E-05
vn -0.8285188 0.559961 0.0005191251
vn -0.5321043 0.8459272 -0.03567097
vn -0.2889032 0.9573575 0.001238093
vn -0.5222309 0.8526997 -0.01334532
vn -0.5215672 0.8532089 0.001517568
vn 0.3166341 0.9483502 0.01935627
vn -0.2577901 0.9660071 -0.01935821
vn -0.2454982 0.9693334 -0.01111381
vn -0.2451677 0.9694783 0.002157315
vn 1.3513E-06 0.9998084 0.01957608
vn 0.6168491 0.7869867 -0.01221152
vn 0.8476306 0.5155029 0.1256152
vn 0.8469011 0.52965 -0.04721592
vn -1.236741E-06 0.9999458 -0.01041582
vn -4.395295E-07 0.9999973 0.002360713
vn -2.409774E-06 0.9999346 -0.01143945
vn 0.2888859 0.9573628 0.001236007
vn 0.5701795 0.8205193 -0.04054169
vn 0.8332278 0.5473182 -0.07857648
vn 0.2577745 0.9660112 -0.01935958
vn 0.2454857 0.9693365 -0.01111264
vn 0.245151 0.9694826 0.002159616
vn 0.5321062 0.8459257 -0.03567369
vn 0.8284385 0.5578507 -0.04992129
vn 0.5222362 0.8526965 -0.01334602
vn 0.5215716 0.8532062 0.001517118
vn 0.3531839 -0.8402199 -0.4114509
vn 0.7492966 -0.5044559 -0.4290441
vn 0.6843272 -0.4897743 -0.5402012
vn 0.4200088 -0.8279489 -0.3716088
vn 0.2150705 -0.9133641 -0.3457032
vn 0.4755533 -0.8336449 -0.2808653
vn 0.7778974 -0.5337506 -0.3316411
vn 0.2365481 -0.9148289 -0.3273117
vn -1.43638E-06 -0.9370194 -0.3492775
vn 0.3111382 -0.9123836 -0.2659872
vn -1.414123E-06 -0.9370194 -0.3492774
vn -0.2150706 -0.9133646 -0.345702
vn -0.236525 -0.9148363 -0.3273077
vn 0.2353526 -0.9699259 -0.06207059
vn -0.3531589 -0.8402221 -0.4114678
vn 0.4834197 -0.8693637 -0.1025286
vn 0.8048222 -0.5756462 -0.1445427
vn -0.4199624 -0.827966 -0.3716233
vn -0.6842949 -0.4897615 -0.5402538
vn 0.4735861 -0.8802644 -0.02916965
vn 0.8086056 -0.5866184 -0.04512239
vn 0.214893 -0.9764682 -0.01818581
vn -0.4755342 -0.8336549 -0.280868
vn -0.3111109 -0.9123918 -0.2659909
vn -0.7492616 -0.5044718 -0.4290866
vn -0.8105283 0 -0.5856995
vn -0.884972 1.50318E-06 -0.4656443
vn -0.9292639 -1.50644E-06 -0.3694163
vn -0.7778901 -0.533757 -0.3316479
vn -0.9858422 -1.393676E-05 -0.1676763
vn -0.8048276 -0.57564 -0.1445376
vn -0.9985637 -1.486871E-05 -0.05357785
vn -0.4834217 -0.8693631 -0.1025243
vn -0.2353519 -0.9699261 -0.06207015
vn -0.8086109 -0.586611 -0.04512353
vn -0.9978824 -8.105252E-06 0.06504354
vn -0.4735796 -0.8802679 -0.02916944
vn -0.8131185 -0.5796833 0.05296616
vn -0.9864942 -3.815393E-05 0.163796
vn -0.2148919 -0.9764686 -0.01818562
vn -1.317215E-06 -0.9994912 -0.03189626
vn -0.4802665 -0.8766173 0.02976904
vn -0.8184354 -0.5577997 0.1379243
vn -5.399005E-07 -0.999892 -0.01469487
vn -0.2194222 -0.9755424 0.01307765
vn -6.314276E-07 -0.999972 0.007495759
vn -0.5061388 -0.8576819 0.09058311
vn -0.8254111 -0.5354488 0.1788606
vn -0.9811492 -0.0002299893 0.1932517
vn -0.8164169 -0.5370803 0.2121511
vn -0.5293261 -0.8340868 0.1552835
vn -0.2364993 -0.9699233 0.05759231
vn 0.2194201 -0.9755428 0.01307782
vn -0.5210611 -0.8306677 0.1961795
vn -0.2514572 -0.9576087 0.140552
vn 9.547975E-07 -0.9989102 0.04667304
vn 0.4802708 -0.8766149 0.02976855
vn -0.8196079 -0.5590743 0.1252153
vn -0.9901066 -0.00113114 0.1403124
vn -0.8252034 -0.5619128 -0.05738773
vn -0.2464659 -0.9506973 0.1882262
vn 4.142232E-06 -0.9907058 0.1360225
vn 0.2364946 -0.9699246 0.05759079
vn 0.8131126 -0.5796918 0.05296545
vn 0.9985638 -1.458969E-06 -0.05357634
vn 0.5061432 -0.8576793 0.09058226
vn 0.8184404 -0.5577924 0.137924
vn -0.5153512 -0.8507882 0.1028223
vn -3.315611E-06 -0.9825122 0.1861982
vn 0.2514548 -0.9576087 0.1405562
vn 0.8254219 -0.5354281 0.1788724
vn 0.9811479 -0.000221138 0.1932577
vn 0.9747365 -0.0007289319 0.2233568
vn 0.5293313 -0.8340818 0.1552934
vn 0.8164085 -0.5370834 0.2121757
vn 0.8195952 -0.5590931 0.1252142
vn 0.2464703 -0.9506928 0.1882434
vn 0.5210829 -0.830646 0.196214
vn 0.5153654 -0.8507787 0.1028308
vn 0.2422207 -0.9660916 0.08942059
vn -2.508276E-06 -0.9963569 0.08528084
vn 0.8251998 -0.5619178 -0.05739203
vn 0.9979343 -0.0009983594 -0.06423499
vn 0.995624 -0.0004122063 -0.09344947
vn 0.5182102 -0.8539574 -0.047062
vn 0.8266714 -0.5563709 -0.08405931
vn 0.9984498 -9.101152E-05 -0.05565857
vn 0.8282735 -0.5580929 -0.04995491
vn 0.2433466 -0.9690767 -0.04089875
vn 0.5214682 -0.8504506 -0.06931585
vn -0.2421988 -0.9660963 0.08942966
vn 0.5219326 -0.8519959 -0.04110014
vn 0.829036 -0.5589366 -0.01700851
vn 0.2452196 -0.9675926 -0.06026541
vn -4.465668E-07 -0.9992396 -0.0389918
vn -0.2433366 -0.9690791 -0.04090241
vn 0.5222245 -0.8527035 -0.01335194
vn 0.8285292 -0.5599456 0.0005190505
vn 0.5215756 -0.8532037 0.001515967
vn 0.2453338 -0.9687811 -0.03569992
vn 0 -0.9983499 -0.0574235
vn 0.2454686 -0.9693409 -0.01110748
vn 0.2451581 -0.9694808 0.002157763
vn -0.5181988 -0.8539649 -0.04705392
vn 0 -0.9994215 -0.034012
vn 0 -0.9999459 -0.01040745
vn 0 -0.9999973 0.002359233
vn -0.245229 -0.9675903 -0.06026368
vn -0.5214538 -0.8504599 -0.06931024
vn -0.8266591 -0.5563895 -0.08405744
vn -0.2453427 -0.9687788 -0.03570081
vn -0.245478 -0.9693385 -0.01111045
vn -0.2451743 -0.9694766 0.002155787
vn -0.5219218 -0.8520025 -0.04110098
vn -0.8282574 -0.5581171 -0.04994914
vn -0.5222312 -0.8526995 -0.0133558
vn -0.5215867 -0.8531969 0.001514048
vn -0.8290381 -0.5589333 -0.01700816
vn -0.8285311 -0.5599428 0.0005158387
vn 0.6843272 -0.4897743 -0.5402012
vn 0.8849815 9.227874E-06 -0.4656264
vn 0.8105401 0 -0.5856832
vn 0.7492966 -0.5044559 -0.4290441
vn 0.7778974 -0.5337506 -0.3316411
vn 0.9292665 5.478569E-06 -0.3694101
vn 0.8048222 -0.5756462 -0.1445427
vn 0.9858424 7.045451E-07 -0.1676745
vn 0.8086056 -0.5866184 -0.04512239
vn 0.9985638 -1.458969E-06 -0.05357634
vn 0.8131126 -0.5796918 0.05296545
vn 0.9978824 -2.794918E-06 0.06504354
vn 0.8184404 -0.5577924 0.137924
vn 0.9864949 -3.14943E-05 0.163792
vn 0.9811479 -0.000221138 0.1932577
vn -0.518681 0.8549603 -0.003603035
vn -0.8579261 0.5137598 -0.003691308
vn -0.8242326 0.5662394 -0.00368807
vn -0.5425897 0.8399901 -0.003605104
vn -0.2446363 0.9696084 -0.003563298
vn -0.2545887 0.9670429 -0.003563916
vn 1.137302E-06 0.9999937 -0.003550762
vn 1.055774E-06 0.9999937 -0.003550762
vn 0.2446281 0.9696105 -0.003563053
vn 0.2545796 0.9670452 -0.00356369
vn 0.5186781 0.8549621 -0.003606262
vn 0.5425857 0.8399927 -0.003608901
vn 0.8242211 0.5662561 -0.003694222
vn 0.8579166 0.5137758 -0.003697122
vn 0.9999468 -0.009601803 -0.00375165
vn 0.9952456 -0.09732535 -0.003731088
vn -0.8242326 0.5662394 -0.00368807
vn -0.8579261 0.5137598 -0.003691308
vn -0.9952501 -0.09727958 -0.003727279
vn -0.9999473 -0.009563182 -0.003747652
vn -0.9999473 -0.009563182 -0.003747652
vn -0.9952501 -0.09727958 -0.003727279
vn -0.7790351 -0.6269709 -0.003436014
vn -0.8155492 -0.5786771 -0.003487609
vn -0.4866422 -0.8735958 -0.003092959
vn -0.5115847 -0.8592272 -0.003121715
vn -0.5115847 -0.8592272 -0.003121715
vn -0.4866422 -0.8735958 -0.003092959
vn -0.2307272 -0.9730143 -0.002880579
vn -0.2413001 -0.9704462 -0.002887316
vn 7.831172E-07 -0.9999961 -0.002811637
vn 6.96844E-07 -0.9999961 -0.002811637
vn 0.2307159 -0.973017 -0.002880228
vn 0.2412896 -0.9704489 -0.002886974
vn 0.4866461 -0.8735937 -0.003094455
vn 0.5115898 -0.8592241 -0.003123615
vn 0.7790422 -0.626962 -0.003440332
vn 0.5115898 -0.8592241 -0.003123615
vn 0.7790422 -0.626962 -0.003440332
vn 0.8155483 -0.5786785 -0.00349176
vn 0.9952456 -0.09732535 -0.003731088
vn 0.9999468 -0.009601803 -0.00375165
vn 0.829036 -0.5589366 -0.01700851
vn 0.8285292 -0.5599456 0.0005190505
vn 1 1.076476E-06 -8.062795E-05
vn 0.9998129 -1.354659E-07 -0.01934488
vn 0.8282735 -0.5580929 -0.04995491
vn 0.9984498 -9.101152E-05 -0.05565857
vn -0.999813 3.173168E-06 -0.01934104
vn -1 3.38524E-06 -8.724022E-05
vn -0.8285311 -0.5599428 0.0005158387
vn -0.8290381 -0.5589333 -0.01700816
vn -0.9984506 -9.178279E-05 -0.05564481
vn -0.8282574 -0.5581171 -0.04994914
vn -0.9956238 -0.0004178354 -0.09345191
vn -0.8266591 -0.5563895 -0.08405744
vn -0.9979342 -0.0009643834 -0.06423707
vn -0.8252034 -0.5619128 -0.05738773
vn -0.9901066 -0.00113114 0.1403124
vn -0.8164169 -0.5370803 0.2121511
vn -0.9747394 -0.0006801081 0.2233441
vn -0.9811492 -0.0002299893 0.1932517
vn -2.012204E-05 0.09304389 -0.995662
vn -0.1206525 0.1007673 -0.9875672
vn -0.06625877 0.3797883 -0.9226975
vn 1.010676E-05 0.3684453 -0.9296494
vn -1.16255E-07 0.4221269 -0.9065368
vn -0.05149668 0.4215575 -0.9053382
vn 0.05149771 0.4215761 -0.9053295
vn 0.06627633 0.3797997 -0.9226916
vn 0.1206179 0.1007624 -0.987572
vn 0.1206179 0.1007624 -0.987572
vn 0.1205362 -0.1007249 -0.9875857
vn -5.018034E-05 -0.09299807 -0.9956663
vn -0.1206525 0.1007673 -0.9875672
vn -0.1206357 -0.1007263 -0.9875734
vn 0.06609359 -0.3798176 -0.9226972
vn -7.376062E-05 -0.3684447 -0.9296497
vn -0.06624272 -0.3798074 -0.9226907
vn -0.05149364 -0.4216144 -0.9053119
vn -8.143665E-05 -0.4221795 -0.9065122
vn 0.05133183 -0.421628 -0.9053148
vn 0.9021101 0.4205716 0.09652445
vn 0.9669394 0.08898447 0.2389771
vn 0.9820526 0.0957983 0.1624661
vn 0.8947814 0.4201934 0.1510092
vn 0.7401684 0.1087915 0.6635625
vn 0.6489273 0.5556933 0.5197099
vn 0.7401762 -0.1087868 0.6635545
vn 0.9669381 -0.08899014 0.23898
vn 0.6489397 -0.5556886 0.5196993
vn 0.8947887 -0.420178 0.1510091
vn 0.85914 -0.5020299 0.09921937
vn 0.5930953 -0.6679869 0.4494791
vn 0.8755708 -0.4770844 0.07593615
vn 0.9021338 -0.4205214 0.09652229
vn 0.9820524 -0.09579939 0.1624668
vn 0.9820526 0.0957983 0.1624661
vn 0.9669394 0.08898447 0.2389771
vn -0.9020741 -0.4206505 0.09651631
vn -0.9669423 -0.08899824 0.23896
vn -0.9820521 -0.09580402 0.1624657
vn -0.8947519 -0.4202568 0.1510068
vn -0.8754904 -0.4772339 0.07592364
vn -0.8590699 -0.5021503 0.0992166
vn -0.5930623 -0.6680047 0.4494962
vn -0.6489496 -0.5556925 0.5196828
vn -0.7401925 -0.1087995 0.6635343
vn 1.52574E-05 0.1149874 0.993367
vn -0.740161 0.1088092 0.6635678
vn -0.9669423 -0.08899824 0.23896
vn -0.7401925 -0.1087995 0.6635343
vn -0.9669439 0.08899139 0.2389558
vn -0.9820521 -0.09580402 0.1624657
vn -0.9820544 0.09579834 0.1624562
vn -0.6489097 0.5557127 0.519711
vn -2.838222E-06 0.5800216 0.8146012
vn -0.8947792 0.4202023 0.1509974
vn -0.9021218 0.4205526 0.0964967
vn -0.8755525 0.4771232 0.07590376
vn -0.8591218 0.5020631 0.09920919
vn -0.5930893 0.6679876 0.4494862
vn -9.503237E-07 0.6864235 0.7272021
vn -0.6489496 -0.5556925 0.5196828
vn 2.065792E-05 -0.1149941 0.9933662
vn -0.7401925 -0.1087995 0.6635343
vn 2.670168E-06 -0.5800124 0.8146076
vn 0.7401762 -0.1087868 0.6635545
vn 0.6489397 -0.5556886 0.5196993
vn 0.5930953 -0.6679869 0.4494791
vn -2.79241E-06 -0.6864185 0.7272066
vn -0.5930623 -0.6680047 0.4494962
vn 0.6489273 0.5556933 0.5197099
vn 1.52574E-05 0.1149874 0.993367
vn 0.7401684 0.1087915 0.6635625
vn -2.838222E-06 0.5800216 0.8146012
vn -0.740161 0.1088092 0.6635678
vn -9.503237E-07 0.6864235 0.7272021
vn 0.5931061 0.6679766 0.4494801
vn -0.7401925 -0.1087995 0.6635343
vn 2.065792E-05 -0.1149941 0.9933662
vn 0.7401684 0.1087915 0.6635625
vn 0.7401762 -0.1087868 0.6635545
vn 0.5931061 0.6679766 0.4494801
vn 0.6489273 0.5556933 0.5197099
vn 0.8947814 0.4201934 0.1510092
vn 0.8591134 0.5020742 0.09922524
vn 0.8755342 0.4771508 0.07593998
vn 0.9021101 0.4205716 0.09652445
vn 0.9747365 -0.0007289319 0.2233568
vn 0.8195952 -0.5590931 0.1252142
vn 0.9901097 -0.001204821 0.1402911
vn 0.9979343 -0.0009983594 -0.06423499
vn -0.3702927 -0.1562661 0.915677
vn 5.697966E-05 -0.1741621 0.984717
vn 2.63823E-06 -0.2662962 0.9638913
vn -0.3254173 -0.07748824 0.9423901
vn -0.5991604 0.132088 0.789658
vn 0.0001369552 0.06872867 0.9976354
vn -0.5266383 0.1760715 0.8316555
vn -0.5990451 0.4887838 0.6342204
vn -0.1970483 0.127353 0.972087
vn 0.000219795 0.3998178 0.9165946
vn -0.5266037 0.489654 0.6949299
vn -0.3700679 0.7775213 0.5084391
vn -0.3193709 0.2816005 0.9048222
vn -0.3253745 0.7434046 0.5843638
vn 1.097561E-06 0.8877298 0.4603648
vn -5.717636E-05 0.840313 0.5421014
vn -0.3195593 0.4718582 0.8217249
vn -0.1975432 0.6255726 0.7547421
vn -0.0001389938 0.6844469 0.7290628
vn 0.3701564 0.777481 0.5084364
vn -5.717636E-05 0.840313 0.5421014
vn 1.097561E-06 0.8877298 0.4603648
vn 0.3253385 0.7434082 0.5843793
vn 0.5992472 0.4887219 0.6340771
vn -0.0001389938 0.6844469 0.7290628
vn 0.5266321 0.4896664 0.6948996
vn 0.5992919 0.132142 0.7895491
vn 0.1974377 0.6255973 0.7547492
vn 0.000219795 0.3998178 0.9165946
vn 0.5266759 0.1761281 0.8316196
vn 0.3702845 -0.1562295 0.9156864
vn 0.3193575 0.471912 0.8217725
vn 0.325501 -0.0774515 0.9423643
vn 2.63823E-06 -0.2662962 0.9638913
vn 5.697966E-05 -0.1741621 0.984717
vn 0.319309 0.2816175 0.9048389
vn 0.1973577 0.127376 0.9720212
vn 0.0001369552 0.06872867 0.9976354
vn -1.848518E-07 1 0
vn -1.263559E-07 1 0
vn -2.311536E-07 1 0
vn -2.402879E-07 1 0
vn 0 1 0
vn 0 1 0
vn -1.329292E-07 1 -1.400652E-07
vn -1.388522E-07 1 0
vn -1.263736E-07 1 0
vn -2.312248E-07 1 0
vn 0 1 0
vn -1.849876E-07 1 0
vn 0 1 0
vn -1.330147E-07 1 1.071523E-07
vn 0 1 0
vn 0 1 1.752506E-07
vn 0 1 1.251857E-07
vn 0 1 2.356825E-07
vn 0 1 0
vn 0 1 1.384596E-07
vn 0 1 2.415536E-07
vn 0 1 1.271408E-07
vn 0 1 2.326402E-07
vn 0 1 0
vn 0 1 1.85663E-07
vn 0 1 0
vn 1.329298E-07 1 1.318302E-07
vn 0 1 0
vn 1.960075E-07 1 0
vn 1.321131E-07 1 0
vn 2.465351E-07 1 0
vn 2.479927E-07 1 0
vn 1.433038E-07 1 0
vn 2.466045E-07 1 0
vn 1.321301E-07 1 0
vn 0 1 0
vn 1.961353E-07 1 0
vn 0 1 0
vn 1.330102E-07 1 -1.401178E-07
vn 0 1 0
vn 0 1 -2.096116E-07
vn 0 1 -1.383451E-07
vn 0 1 -1.312325E-07
vn 0 1 -2.484547E-07
vn 0 1 -2.413592E-07
vn 0 1 -2.323859E-07
vn 0 1 -1.236517E-07
vn 0 1 -1.959718E-07
vn 0 1 0
vn 0.003316152 0.009668831 -0.9999478
vn 4.709686E-05 -6.651658E-05 -1
vn 0.004893816 0.005211744 -0.9999745
vn 0.002134488 0.0112138 -0.9999349
vn 0.00545771 0 -0.9999851
vn 0 0.01136802 -0.9999354
vn 0.004948692 -0.0052115 -0.9999743
vn -0.002328637 0.01121384 -0.9999344
vn 0.003315816 -0.009763779 -0.9999468
vn -0.003216931 0.009669094 -0.9999481
vn 0.002377135 -0.01144725 -0.9999317
vn -0.004817232 0.0052117 -0.9999748
vn 0.0003148438 -0.01152128 -0.9999336
vn -0.005523673 0 -0.9999847
vn -0.00213456 -0.01144691 -0.9999322
vn -0.004989815 -0.005211585 -0.999974
vn -0.003315989 -0.00976402 -0.9999468
vn 0.01114308 0.006844854 0.9999145
vn 0.014121 0 0.9999003
vn 0.01412099 -1.986179E-07 0.9999003
vn 0.01075448 0.007083699 0.9999171
vn 0.01035905 -0.007084279 0.9999213
vn 0.005578932 0.00852823 0.9999481
vn 0.01072757 -0.006845197 0.9999191
vn 0.005262807 0.008491399 0.9999502
vn 0.005276537 -0.008492005 0.9999501
vn 0.00212098 0.00776481 0.9999676
vn 0.005562056 -0.008528857 0.9999481
vn 0.002033711 0.007726727 0.9999681
vn 0.002130084 -0.007727323 0.9999679
vn 9.549196E-05 0.00727687 0.9999735
vn 0.00222554 -0.007765421 0.9999675
vn 9.548981E-05 0.00727687 0.9999735
vn 2.387236E-05 -0.007277451 0.9999735
vn -0.002129667 0.007764858 0.9999676
vn 2.387481E-05 -0.007277451 0.9999735
vn -0.002026574 0.007726695 0.9999682
vn -0.002104134 -0.007727076 0.9999679
vn -0.005684684 0.008528663 0.9999475
vn -0.002201695 -0.007765241 0.9999675
vn -0.005383134 0.008491806 0.9999495
vn -0.005276601 -0.008491968 0.9999501
vn -0.01099822 0.006844291 0.9999161
vn -0.00556196 -0.008528895 0.9999481
vn -0.01062733 0.007083356 0.9999185
vn -0.01048675 -0.00708368 0.9999199
vn -0.01412052 1.577344E-07 0.9999003
vn -0.01087283 -0.00684448 0.9999175
vn -0.01412052 0 0.9999003
usemtl Pan_Primary2_Mat (Aluminum)
f 3/3/3 2/2/2 1/1/1
f 6/6/6 5/5/5 4/4/4
f 9/9/9 8/8/8 7/7/7
f 12/12/12 11/11/11 10/10/10
f 15/15/15 14/14/14 13/13/13
f 16/16/16 15/15/15 13/13/13
f 13/13/13 17/17/17 16/16/16
f 15/15/15 16/16/16 18/18/18
f 19/19/19 15/15/15 18/18/18
f 17/17/17 20/20/20 16/16/16
f 17/17/17 21/21/21 20/20/20
f 18/18/18 16/16/16 22/22/22
f 16/16/16 20/20/20 22/22/22
f 19/19/19 18/18/18 23/23/23
f 23/23/23 18/18/18 22/22/22
f 24/24/24 19/19/19 23/23/23
f 25/25/25 19/19/19 24/24/24
f 26/26/26 25/25/25 24/24/24
f 27/27/27 23/23/23 22/22/22
f 27/27/27 22/22/22 28/28/28
f 22/22/22 20/20/20 28/28/28
f 29/29/29 27/27/27 28/28/28
f 30/30/30 29/29/29 28/28/28
f 21/21/21 31/31/31 20/20/20
f 20/20/20 31/31/31 28/28/28
f 21/21/21 32/32/32 31/31/31
f 32/32/32 33/33/33 31/31/31
f 31/31/31 33/33/33 34/34/34
f 28/28/28 31/31/31 34/34/34
f 34/34/34 30/30/30 28/28/28
f 35/35/35 30/30/30 34/34/34
f 36/36/36 35/35/35 34/34/34
f 39/39/39 38/38/38 37/37/37
f 38/38/38 40/40/40 37/37/37
f 40/40/40 38/38/38 41/41/41
f 37/37/37 40/40/40 42/42/42
f 43/43/43 40/40/40 41/41/41
f 43/43/43 41/41/41 44/44/44
f 45/45/45 43/43/43 44/44/44
f 43/43/43 45/45/45 46/46/46
f 47/47/47 43/43/43 46/46/46
f 40/40/40 43/43/43 47/47/47
f 42/42/42 40/40/40 47/47/47
f 42/42/42 47/47/47 48/48/48
f 49/49/49 42/42/42 48/48/48
f 50/50/50 49/49/49 48/48/48
f 51/51/51 50/50/50 48/48/48
f 54/54/54 53/53/53 52/52/52
f 55/55/55 54/54/54 52/52/52
f 55/55/55 52/52/52 56/56/56
f 54/54/54 55/55/55 57/57/57
f 58/58/58 54/54/54 57/57/57
f 59/59/59 55/55/55 56/56/56
f 59/59/59 56/56/56 60/60/60
f 61/61/61 59/59/59 60/60/60
f 58/58/58 57/57/57 62/62/62
f 63/63/63 58/58/58 62/62/62
f 57/57/57 55/55/55 64/64/64
f 55/55/55 59/59/59 64/64/64
f 62/62/62 57/57/57 64/64/64
f 59/59/59 61/61/61 65/65/65
f 64/64/64 59/59/59 65/65/65
f 65/65/65 61/61/61 66/66/66
f 65/65/65 66/66/66 67/67/67
f 68/68/68 65/65/65 67/67/67
f 69/69/69 64/64/64 65/65/65
f 68/68/68 69/69/69 65/65/65
f 69/69/69 62/62/62 64/64/64
f 70/70/70 69/69/69 68/68/68
f 70/70/70 71/71/71 69/69/69
f 71/71/71 62/62/62 69/69/69
f 71/71/71 72/72/72 62/62/62
f 72/72/72 63/63/63 62/62/62
f 72/72/72 73/73/73 63/63/63
f 76/76/76 75/75/75 74/74/74
f 77/77/77 76/76/76 74/74/74
f 77/77/77 74/74/74 78/78/78
f 76/76/76 77/77/77 79/79/79
f 80/80/80 76/76/76 79/79/79
f 81/81/81 77/77/77 78/78/78
f 81/81/81 78/78/78 82/82/82
f 79/79/79 77/77/77 83/83/83
f 77/77/77 81/81/81 83/83/83
f 79/79/79 84/84/84 80/80/80
f 84/84/84 79/79/79 83/83/83
f 84/84/84 85/85/85 80/80/80
f 80/80/80 85/85/85 86/86/86
f 85/85/85 87/87/87 86/86/86
f 88/88/88 84/84/84 83/83/83
f 88/88/88 83/83/83 89/89/89
f 83/83/83 81/81/81 89/89/89
f 90/90/90 88/88/88 89/89/89
f 90/90/90 89/89/89 91/91/91
f 92/92/92 81/81/81 82/82/82
f 81/81/81 92/92/92 89/89/89
f 82/82/82 93/93/93 92/92/92
f 93/93/93 94/94/94 92/92/92
f 92/92/92 94/94/94 95/95/95
f 89/89/89 92/92/92 95/95/95
f 89/89/89 95/95/95 91/91/91
f 91/91/91 95/95/95 96/96/96
f 95/95/95 97/97/97 96/96/96
f 100/100/100 99/99/99 98/98/98
f 101/101/101 100/100/100 98/98/98
f 101/101/101 98/98/98 102/102/102
f 103/103/103 101/101/101 102/102/102
f 101/101/101 103/103/103 104/104/104
f 100/100/100 101/101/101 105/105/105
f 105/105/105 101/101/101 104/104/104
f 106/106/106 100/100/100 105/105/105
f 105/105/105 104/104/104 107/107/107
f 108/108/108 105/105/105 107/107/107
f 109/109/109 108/108/108 107/107/107
f 112/112/112 111/111/111 110/110/110
f 111/111/111 113/113/113 110/110/110
f 110/110/110 113/113/113 114/114/114
f 115/115/115 110/110/110 114/114/114
f 118/118/118 117/117/117 116/116/116
f 117/117/117 119/119/119 116/116/116
f 119/119/119 117/117/117 120/120/120
f 116/116/116 119/119/119 121/121/121
f 122/122/122 116/116/116 121/121/121
f 123/123/123 119/119/119 120/120/120
f 120/120/120 124/124/124 123/123/123
f 121/121/121 125/125/125 122/122/122
f 125/125/125 126/126/126 122/122/122
f 126/126/126 125/125/125 127/127/127
f 125/125/125 128/128/128 127/127/127
f 128/128/128 125/125/125 129/129/129
f 129/129/129 125/125/125 121/121/121
f 130/130/130 128/128/128 129/129/129
f 121/121/121 119/119/119 131/131/131
f 119/119/119 123/123/123 131/131/131
f 131/131/131 129/129/129 121/121/121
f 124/124/124 132/132/132 123/123/123
f 124/124/124 133/133/133 132/132/132
f 131/131/131 123/123/123 134/134/134
f 131/131/131 134/134/134 129/129/129
f 123/123/123 132/132/132 134/134/134
f 129/129/129 135/135/135 130/130/130
f 134/134/134 135/135/135 129/129/129
f 135/135/135 136/136/136 130/130/130
f 133/133/133 137/137/137 132/132/132
f 133/133/133 138/138/138 137/137/137
f 134/134/134 132/132/132 139/139/139
f 134/134/134 139/139/139 135/135/135
f 132/132/132 137/137/137 139/139/139
f 135/135/135 140/140/140 136/136/136
f 139/139/139 140/140/140 135/135/135
f 140/140/140 141/141/141 136/136/136
f 140/140/140 142/142/142 141/141/141
f 142/142/142 140/140/140 139/139/139
f 142/142/142 143/143/143 141/141/141
f 138/138/138 144/144/144 137/137/137
f 138/138/138 145/145/145 144/144/144
f 139/139/139 137/137/137 146/146/146
f 137/137/137 144/144/144 146/146/146
f 146/146/146 142/142/142 139/139/139
f 146/146/146 144/144/144 147/147/147
f 147/147/147 148/148/148 146/146/146
f 148/148/148 142/142/142 146/146/146
f 142/142/142 148/148/148 143/143/143
f 148/148/148 149/149/149 143/143/143
f 152/152/152 151/151/151 150/150/150
f 153/153/153 152/152/152 150/150/150
f 153/153/153 150/150/150 154/154/154
f 155/155/155 153/153/153 154/154/154
f 155/155/155 154/154/154 156/156/156
f 157/157/157 155/155/155 156/156/156
f 157/157/157 156/156/156 158/158/158
f 159/159/159 157/157/157 158/158/158
f 158/158/158 160/160/160 159/159/159
f 160/160/160 161/161/161 159/159/159
f 161/161/161 160/160/160 162/162/162
f 163/163/163 161/161/161 162/162/162
f 166/166/166 165/165/165 164/164/164
f 165/165/165 167/167/167 164/164/164
f 165/165/165 168/168/168 167/167/167
f 171/171/171 170/170/170 169/169/169
f 171/171/171 172/172/172 170/170/170
f 172/172/172 173/173/173 170/170/170
f 172/172/172 174/174/174 173/173/173
f 174/174/174 175/175/175 173/173/173
f 174/174/174 176/176/176 175/175/175
f 176/176/176 177/177/177 175/175/175
f 176/176/176 178/178/178 177/177/177
f 178/178/178 179/179/179 177/177/177
f 182/182/182 181/181/181 180/180/180
f 181/181/181 183/183/183 180/180/180
f 181/181/181 184/184/184 183/183/183
f 184/184/184 185/185/185 183/183/183
f 188/188/188 187/187/187 186/186/186
f 189/189/189 188/188/188 186/186/186
f 189/189/189 186/186/186 190/190/190
f 191/191/191 189/189/189 190/190/190
f 191/191/191 190/190/190 192/192/192
f 193/193/193 191/191/191 192/192/192
f 193/193/193 192/192/192 194/194/194
f 195/195/195 193/193/193 194/194/194
f 198/198/198 197/197/197 196/196/196
f 197/197/197 199/199/199 196/196/196
f 197/197/197 200/200/200 199/199/199
f 200/200/200 201/201/201 199/199/199
f 200/200/200 202/202/202 201/201/201
f 202/202/202 203/203/203 201/201/201
f 202/202/202 204/204/204 203/203/203
f 204/204/204 205/205/205 203/203/203
f 204/204/204 206/206/206 205/205/205
f 206/206/206 207/207/207 205/205/205
f 206/206/206 208/208/208 207/207/207
f 208/208/208 209/209/209 207/207/207
f 212/212/212 211/211/211 210/210/210
f 211/211/211 213/213/213 210/210/210
f 210/210/210 213/213/213 214/214/214
f 213/213/213 215/215/215 214/214/214
f 214/214/214 215/215/215 216/216/216
f 217/217/217 214/214/214 216/216/216
f 217/217/217 216/216/216 218/218/218
f 216/216/216 219/219/219 218/218/218
f 218/218/218 219/219/219 220/220/220
f 219/219/219 221/221/221 220/220/220
f 220/220/220 221/221/221 222/222/222
f 221/221/221 223/223/223 222/222/222
f 226/226/226 225/225/225 224/224/224
f 225/225/225 227/227/227 224/224/224
f 227/227/227 225/225/225 228/228/228
f 231/231/231 230/230/230 229/229/229
f 230/230/230 232/232/232 229/229/229
f 229/229/229 232/232/232 233/233/233
f 232/232/232 230/230/230 234/234/234
f 230/230/230 235/235/235 234/234/234
f 232/232/232 234/234/234 236/236/236
f 237/237/237 232/232/232 236/236/236
f 232/232/232 237/237/237 233/233/233
f 237/237/237 236/236/236 238/238/238
f 233/233/233 237/237/237 239/239/239
f 239/239/239 237/237/237 238/238/238
f 240/240/240 233/233/233 239/239/239
f 239/239/239 238/238/238 241/241/241
f 240/240/240 239/239/239 242/242/242
f 243/243/243 239/239/239 241/241/241
f 239/239/239 243/243/243 242/242/242
f 242/242/242 243/243/243 244/244/244
f 243/243/243 241/241/241 245/245/245
f 243/243/243 246/246/246 244/244/244
f 246/246/246 243/243/243 245/245/245
f 246/246/246 245/245/245 247/247/247
f 250/250/250 249/249/249 248/248/248
f 251/251/251 249/249/249 250/250/250
f 252/252/252 251/251/251 250/250/250
f 253/253/253 251/251/251 252/252/252
f 254/254/254 253/253/253 252/252/252
f 255/255/255 253/253/253 254/254/254
f 256/256/256 255/255/255 254/254/254
f 257/257/257 255/255/255 256/256/256
f 258/258/258 257/257/257 256/256/256
f 259/259/259 257/257/257 258/258/258
f 260/260/260 259/259/259 258/258/258
f 263/263/263 262/262/262 261/261/261
f 262/262/262 264/264/264 261/261/261
f 261/261/261 264/264/264 265/265/265
f 264/264/264 262/262/262 266/266/266
f 262/262/262 267/267/267 266/266/266
f 264/264/264 266/266/266 268/268/268
f 264/264/264 269/269/269 265/265/265
f 269/269/269 264/264/264 268/268/268
f 265/265/265 269/269/269 270/270/270
f 269/269/269 268/268/268 271/271/271
f 269/269/269 272/272/272 270/270/270
f 272/272/272 269/269/269 271/271/271
f 270/270/270 272/272/272 273/273/273
f 272/272/272 271/271/271 274/274/274
f 272/272/272 275/275/275 273/273/273
f 275/275/275 272/272/272 274/274/274
f 273/273/273 275/275/275 276/276/276
f 275/275/275 274/274/274 277/277/277
f 275/275/275 278/278/278 276/276/276
f 278/278/278 275/275/275 277/277/277
f 276/276/276 278/278/278 279/279/279
f 278/278/278 277/277/277 280/280/280
f 278/278/278 281/281/281 279/279/279
f 281/281/281 278/278/278 280/280/280
f 284/284/284 283/283/283 282/282/282
f 283/283/283 284/284/284 285/285/285
f 286/286/286 283/283/283 285/285/285
f 284/284/284 287/287/287 285/285/285
f 288/288/288 287/287/287 284/284/284
f 289/289/289 288/288/288 284/284/284
f 287/287/287 290/290/290 285/285/285
f 285/285/285 290/290/290 291/291/291
f 290/290/290 292/292/292 291/291/291
f 291/291/291 292/292/292 293/293/293
f 292/292/292 294/294/294 293/293/293
f 293/293/293 294/294/294 295/295/295
f 294/294/294 296/296/296 295/295/295
f 295/295/295 296/296/296 297/297/297
f 296/296/296 298/298/298 297/297/297
f 297/297/297 298/298/298 299/299/299
f 298/298/298 300/300/300 299/299/299
f 299/299/299 300/300/300 301/301/301
f 300/300/300 302/302/302 301/301/301
f 301/301/301 302/302/302 303/303/303
f 304/304/304 301/301/301 303/303/303
f 302/302/302 305/305/305 303/303/303
f 303/303/303 305/305/305 306/306/306
f 305/305/305 307/307/307 306/306/306
f 310/310/310 309/309/309 308/308/308
f 308/308/308 311/311/311 310/310/310
f 311/311/311 312/312/312 310/310/310
f 311/311/311 313/313/313 312/312/312
f 312/312/312 314/314/314 310/310/310
f 314/314/314 315/315/315 310/310/310
f 316/316/316 314/314/314 312/312/312
f 313/313/313 317/317/317 312/312/312
f 317/317/317 316/316/316 312/312/312
f 313/313/313 318/318/318 317/317/317
f 319/319/319 316/316/316 317/317/317
f 318/318/318 320/320/320 317/317/317
f 320/320/320 319/319/319 317/317/317
f 318/318/318 321/321/321 320/320/320
f 322/322/322 319/319/319 320/320/320
f 321/321/321 323/323/323 320/320/320
f 323/323/323 322/322/322 320/320/320
f 326/326/326 325/325/325 324/324/324
f 325/325/325 327/327/327 324/324/324
f 325/325/325 328/328/328 327/327/327
f 328/328/328 329/329/329 327/327/327
f 328/328/328 330/330/330 329/329/329
f 330/330/330 331/331/331 329/329/329
f 330/330/330 332/332/332 331/331/331
f 332/332/332 333/333/333 331/331/331
f 332/332/332 334/334/334 333/333/333
f 334/334/334 335/335/335 333/333/333
f 334/334/334 336/336/336 335/335/335
f 333/333/333 337/337/337 331/331/331
f 337/337/337 338/338/338 331/331/331
f 331/331/331 338/338/338 329/329/329
f 338/338/338 339/339/339 329/329/329
f 329/329/329 339/339/339 327/327/327
f 339/339/339 340/340/340 327/327/327
f 327/327/327 340/340/340 324/324/324
f 340/340/340 341/341/341 324/324/324
f 324/324/324 341/341/341 342/342/342
f 341/341/341 343/343/343 342/342/342
f 342/342/342 343/343/343 344/344/344
f 343/343/343 345/345/345 344/344/344
f 348/348/348 347/347/347 346/346/346
f 347/347/347 349/349/349 346/346/346
f 349/349/349 347/347/347 350/350/350
f 353/353/353 352/352/352 351/351/351
f 354/354/354 353/353/353 351/351/351
f 351/351/351 355/355/355 354/354/354
f 358/358/358 357/357/357 356/356/356
f 359/359/359 358/358/358 356/356/356
f 356/356/356 360/360/360 359/359/359
f 360/360/360 361/361/361 359/359/359
f 361/361/361 360/360/360 362/362/362
f 363/363/363 361/361/361 362/362/362
f 366/366/366 365/365/365 364/364/364
f 367/367/367 366/366/366 364/364/364
f 367/367/367 364/364/364 368/368/368
f 369/369/369 367/367/367 368/368/368
f 368/368/368 370/370/370 369/369/369
f 370/370/370 371/371/371 369/369/369
f 370/370/370 372/372/372 371/371/371
f 372/372/372 373/373/373 371/371/371
f 372/372/372 374/374/374 373/373/373
f 374/374/374 375/375/375 373/373/373
f 374/374/374 376/376/376 375/375/375
f 376/376/376 377/377/377 375/375/375
f 380/380/380 379/379/379 378/378/378
f 381/381/381 380/380/380 378/378/378
f 384/384/384 383/383/383 382/382/382
f 385/385/385 384/384/384 382/382/382
f 386/386/386 384/384/384 385/385/385
f 387/387/387 386/386/386 385/385/385
f 388/388/388 386/386/386 387/387/387
f 389/389/389 388/388/388 387/387/387
f 390/390/390 388/388/388 389/389/389
f 391/391/391 390/390/390 389/389/389
f 394/394/394 393/393/393 392/392/392
f 393/393/393 395/395/395 392/392/392
f 393/393/393 396/396/396 395/395/395
f 396/396/396 397/397/397 395/395/395
f 400/400/400 399/399/399 398/398/398
f 401/401/401 400/400/400 398/398/398
f 401/401/401 398/398/398 402/402/402
f 398/398/398 403/403/403 402/402/402
f 402/402/402 403/403/403 404/404/404
f 405/405/405 402/402/402 404/404/404
f 406/406/406 402/402/402 405/405/405
f 401/401/401 402/402/402 406/406/406
f 407/407/407 406/406/406 405/405/405
f 407/407/407 405/405/405 408/408/408
f 409/409/409 407/407/407 408/408/408
f 409/409/409 408/408/408 410/410/410
f 411/411/411 400/400/400 401/401/401
f 412/412/412 401/401/401 406/406/406
f 412/412/412 411/411/411 401/401/401
f 413/413/413 406/406/406 407/407/407
f 412/412/412 406/406/406 413/413/413
f 414/414/414 407/407/407 409/409/409
f 414/414/414 413/413/413 407/407/407
f 411/411/411 415/415/415 400/400/400
f 415/415/415 416/416/416 400/400/400
f 415/415/415 417/417/417 416/416/416
f 417/417/417 418/418/418 416/416/416
f 419/419/419 411/411/411 412/412/412
f 420/420/420 412/412/412 413/413/413
f 420/420/420 419/419/419 412/412/412
f 413/413/413 414/414/414 421/421/421
f 420/420/420 413/413/413 421/421/421
f 422/422/422 414/414/414 409/409/409
f 414/414/414 422/422/422 421/421/421
f 423/423/423 415/415/415 411/411/411
f 419/419/419 423/423/423 411/411/411
f 419/419/419 420/420/420 424/424/424
f 423/423/423 419/419/419 424/424/424
f 424/424/424 420/420/420 421/421/421
f 423/423/423 425/425/425 415/415/415
f 425/425/425 417/417/417 415/415/415
f 425/425/425 423/423/423 424/424/424
f 422/422/422 409/409/409 426/426/426
f 426/426/426 409/409/409 410/410/410
f 422/422/422 427/427/427 421/421/421
f 427/427/427 422/422/422 426/426/426
f 425/425/425 428/428/428 417/417/417
f 428/428/428 425/425/425 424/424/424
f 424/424/424 421/421/421 429/429/429
f 427/427/427 429/429/429 421/421/421
f 428/428/428 424/424/424 429/429/429
f 429/429/429 427/427/427 430/430/430
f 427/427/427 426/426/426 430/430/430
f 428/428/428 429/429/429 430/430/430
f 428/428/428 431/431/431 417/417/417
f 431/431/431 428/428/428 430/430/430
f 417/417/417 431/431/431 418/418/418
f 430/430/430 426/426/426 432/432/432
f 426/426/426 410/410/410 432/432/432
f 431/431/431 430/430/430 432/432/432
f 431/431/431 433/433/433 418/418/418
f 433/433/433 431/431/431 432/432/432
f 418/418/418 433/433/433 434/434/434
f 433/433/433 435/435/435 434/434/434
f 435/435/435 433/433/433 436/436/436
f 433/433/433 432/432/432 436/436/436
f 432/432/432 410/410/410 436/436/436
f 410/410/410 437/437/437 436/436/436
f 440/440/440 439/439/439 438/438/438
f 439/439/439 441/441/441 438/438/438
f 439/439/439 442/442/442 441/441/441
f 442/442/442 443/443/443 441/441/441
f 446/446/446 445/445/445 444/444/444
f 445/445/445 447/447/447 444/444/444
f 445/445/445 448/448/448 447/447/447
f 448/448/448 449/449/449 447/447/447
f 452/452/452 451/451/451 450/450/450
f 453/453/453 452/452/452 450/450/450
f 453/453/453 450/450/450 454/454/454
f 450/450/450 455/455/455 454/454/454
f 454/454/454 455/455/455 456/456/456
f 457/457/457 454/454/454 456/456/456
f 458/458/458 454/454/454 457/457/457
f 453/453/453 454/454/454 458/458/458
f 459/459/459 458/458/458 457/457/457
f 459/459/459 457/457/457 460/460/460
f 461/461/461 459/459/459 460/460/460
f 461/461/461 460/460/460 462/462/462
f 463/463/463 452/452/452 453/453/453
f 464/464/464 453/453/453 458/458/458
f 464/464/464 463/463/463 453/453/453
f 465/465/465 458/458/458 459/459/459
f 464/464/464 458/458/458 465/465/465
f 466/466/466 459/459/459 461/461/461
f 466/466/466 465/465/465 459/459/459
f 463/463/463 467/467/467 452/452/452
f 467/467/467 468/468/468 452/452/452
f 467/467/467 469/469/469 468/468/468
f 469/469/469 470/470/470 468/468/468
f 471/471/471 463/463/463 464/464/464
f 472/472/472 464/464/464 465/465/465
f 472/472/472 471/471/471 464/464/464
f 465/465/465 466/466/466 473/473/473
f 472/472/472 465/465/465 473/473/473
f 474/474/474 466/466/466 461/461/461
f 466/466/466 474/474/474 473/473/473
f 475/475/475 467/467/467 463/463/463
f 471/471/471 475/475/475 463/463/463
f 471/471/471 472/472/472 476/476/476
f 475/475/475 471/471/471 476/476/476
f 476/476/476 472/472/472 473/473/473
f 475/475/475 477/477/477 467/467/467
f 477/477/477 469/469/469 467/467/467
f 477/477/477 475/475/475 476/476/476
f 474/474/474 461/461/461 478/478/478
f 478/478/478 461/461/461 462/462/462
f 474/474/474 479/479/479 473/473/473
f 479/479/479 474/474/474 478/478/478
f 477/477/477 480/480/480 469/469/469
f 480/480/480 477/477/477 476/476/476
f 476/476/476 473/473/473 481/481/481
f 479/479/479 481/481/481 473/473/473
f 480/480/480 476/476/476 481/481/481
f 481/481/481 479/479/479 482/482/482
f 479/479/479 478/478/478 482/482/482
f 480/480/480 481/481/481 482/482/482
f 480/480/480 483/483/483 469/469/469
f 483/483/483 480/480/480 482/482/482
f 469/469/469 483/483/483 470/470/470
f 482/482/482 478/478/478 484/484/484
f 478/478/478 462/462/462 484/484/484
f 483/483/483 482/482/482 484/484/484
f 483/483/483 485/485/485 470/470/470
f 485/485/485 483/483/483 484/484/484
f 470/470/470 485/485/485 486/486/486
f 485/485/485 487/487/487 486/486/486
f 487/487/487 485/485/485 488/488/488
f 485/485/485 484/484/484 488/488/488
f 484/484/484 462/462/462 488/488/488
f 462/462/462 489/489/489 488/488/488
f 492/492/492 491/491/491 490/490/490
f 491/491/491 493/493/493 490/490/490
f 491/491/491 494/494/494 493/493/493
f 494/494/494 495/495/495 493/493/493
f 498/498/498 497/497/497 496/496/496
f 497/497/497 499/499/499 496/496/496
f 497/497/497 500/500/500 499/499/499
f 500/500/500 501/501/501 499/499/499
f 504/504/504 503/503/503 502/502/502
f 505/505/505 504/504/504 502/502/502
f 505/505/505 502/502/502 506/506/506
f 502/502/502 507/507/507 506/506/506
f 506/506/506 507/507/507 508/508/508
f 509/509/509 506/506/506 508/508/508
f 510/510/510 506/506/506 509/509/509
f 505/505/505 506/506/506 510/510/510
f 511/511/511 510/510/510 509/509/509
f 511/511/511 509/509/509 512/512/512
f 513/513/513 511/511/511 512/512/512
f 513/513/513 512/512/512 514/514/514
f 515/515/515 504/504/504 505/505/505
f 516/516/516 505/505/505 510/510/510
f 516/516/516 515/515/515 505/505/505
f 517/517/517 510/510/510 511/511/511
f 516/516/516 510/510/510 517/517/517
f 518/518/518 511/511/511 513/513/513
f 518/518/518 517/517/517 511/511/511
f 515/515/515 519/519/519 504/504/504
f 519/519/519 520/520/520 504/504/504
f 519/519/519 521/521/521 520/520/520
f 521/521/521 522/522/522 520/520/520
f 523/523/523 515/515/515 516/516/516
f 524/524/524 516/516/516 517/517/517
f 524/524/524 523/523/523 516/516/516
f 517/517/517 518/518/518 525/525/525
f 524/524/524 517/517/517 525/525/525
f 526/526/526 518/518/518 513/513/513
f 518/518/518 526/526/526 525/525/525
f 527/527/527 519/519/519 515/515/515
f 523/523/523 527/527/527 515/515/515
f 523/523/523 524/524/524 528/528/528
f 527/527/527 523/523/523 528/528/528
f 528/528/528 524/524/524 525/525/525
f 527/527/527 529/529/529 519/519/519
f 529/529/529 521/521/521 519/519/519
f 529/529/529 527/527/527 528/528/528
f 526/526/526 513/513/513 530/530/530
f 530/530/530 513/513/513 514/514/514
f 526/526/526 531/531/531 525/525/525
f 531/531/531 526/526/526 530/530/530
f 529/529/529 532/532/532 521/521/521
f 532/532/532 529/529/529 528/528/528
f 528/528/528 525/525/525 533/533/533
f 531/531/531 533/533/533 525/525/525
f 532/532/532 528/528/528 533/533/533
f 533/533/533 531/531/531 534/534/534
f 531/531/531 530/530/530 534/534/534
f 532/532/532 533/533/533 534/534/534
f 532/532/532 535/535/535 521/521/521
f 535/535/535 532/532/532 534/534/534
f 521/521/521 535/535/535 522/522/522
f 534/534/534 530/530/530 536/536/536
f 530/530/530 514/514/514 536/536/536
f 535/535/535 534/534/534 536/536/536
f 535/535/535 537/537/537 522/522/522
f 537/537/537 535/535/535 536/536/536
f 522/522/522 537/537/537 538/538/538
f 537/537/537 539/539/539 538/538/538
f 539/539/539 537/537/537 540/540/540
f 537/537/537 536/536/536 540/540/540
f 536/536/536 514/514/514 540/540/540
f 514/514/514 541/541/541 540/540/540
f 544/544/544 543/543/543 542/542/542
f 543/543/543 545/545/545 542/542/542
f 543/543/543 546/546/546 545/545/545
f 546/546/546 547/547/547 545/545/545
f 550/550/550 549/549/549 548/548/548
f 549/549/549 551/551/551 548/548/548
f 549/549/549 552/552/552 551/551/551
f 552/552/552 553/553/553 551/551/551
f 556/556/556 555/555/555 554/554/554
f 557/557/557 556/556/556 554/554/554
f 557/557/557 554/554/554 558/558/558
f 554/554/554 559/559/559 558/558/558
f 558/558/558 559/559/559 560/560/560
f 561/561/561 558/558/558 560/560/560
f 562/562/562 558/558/558 561/561/561
f 557/557/557 558/558/558 562/562/562
f 563/563/563 562/562/562 561/561/561
f 563/563/563 561/561/561 564/564/564
f 565/565/565 563/563/563 564/564/564
f 565/565/565 564/564/564 566/566/566
f 567/567/567 556/556/556 557/557/557
f 568/568/568 557/557/557 562/562/562
f 568/568/568 567/567/567 557/557/557
f 569/569/569 562/562/562 563/563/563
f 568/568/568 562/562/562 569/569/569
f 570/570/570 563/563/563 565/565/565
f 570/570/570 569/569/569 563/563/563
f 567/567/567 571/571/571 556/556/556
f 571/571/571 572/572/572 556/556/556
f 571/571/571 573/573/573 572/572/572
f 573/573/573 574/574/574 572/572/572
f 575/575/575 567/567/567 568/568/568
f 576/576/576 568/568/568 569/569/569
f 576/576/576 575/575/575 568/568/568
f 569/569/569 570/570/570 577/577/577
f 576/576/576 569/569/569 577/577/577
f 578/578/578 570/570/570 565/565/565
f 570/570/570 578/578/578 577/577/577
f 579/579/579 571/571/571 567/567/567
f 575/575/575 579/579/579 567/567/567
f 575/575/575 576/576/576 580/580/580
f 579/579/579 575/575/575 580/580/580
f 580/580/580 576/576/576 577/577/577
f 579/579/579 581/581/581 571/571/571
f 581/581/581 573/573/573 571/571/571
f 581/581/581 579/579/579 580/580/580
f 578/578/578 565/565/565 582/582/582
f 582/582/582 565/565/565 566/566/566
f 578/578/578 583/583/583 577/577/577
f 583/583/583 578/578/578 582/582/582
f 581/581/581 584/584/584 573/573/573
f 584/584/584 581/581/581 580/580/580
f 580/580/580 577/577/577 585/585/585
f 583/583/583 585/585/585 577/577/577
f 584/584/584 580/580/580 585/585/585
f 585/585/585 583/583/583 586/586/586
f 583/583/583 582/582/582 586/586/586
f 584/584/584 585/585/585 586/586/586
f 584/584/584 587/587/587 573/573/573
f 587/587/587 584/584/584 586/586/586
f 573/573/573 587/587/587 574/574/574
f 586/586/586 582/582/582 588/588/588
f 582/582/582 566/566/566 588/588/588
f 587/587/587 586/586/586 588/588/588
f 587/587/587 589/589/589 574/574/574
f 589/589/589 587/587/587 588/588/588
f 574/574/574 589/589/589 590/590/590
f 589/589/589 591/591/591 590/590/590
f 591/591/591 589/589/589 592/592/592
f 589/589/589 588/588/588 592/592/592
f 588/588/588 566/566/566 592/592/592
f 566/566/566 593/593/593 592/592/592
f 596/596/596 595/595/595 594/594/594
f 595/595/595 597/597/597 594/594/594
f 595/595/595 598/598/598 597/597/597
f 598/598/598 599/599/599 597/597/597
f 602/602/602 601/601/601 600/600/600
f 601/601/601 603/603/603 600/600/600
f 601/601/601 604/604/604 603/603/603
f 604/604/604 605/605/605 603/603/603
f 608/608/608 607/607/607 606/606/606
f 609/609/609 608/608/608 606/606/606
f 609/609/609 606/606/606 610/610/610
f 606/606/606 611/611/611 610/610/610
f 610/610/610 611/611/611 612/612/612
f 613/613/613 610/610/610 612/612/612
f 614/614/614 610/610/610 613/613/613
f 609/609/609 610/610/610 614/614/614
f 615/615/615 614/614/614 613/613/613
f 615/615/615 613/613/613 616/616/616
f 617/617/617 615/615/615 616/616/616
f 617/617/617 616/616/616 618/618/618
f 619/619/619 608/608/608 609/609/609
f 620/620/620 609/609/609 614/614/614
f 620/620/620 619/619/619 609/609/609
f 621/621/621 614/614/614 615/615/615
f 620/620/620 614/614/614 621/621/621
f 622/622/622 615/615/615 617/617/617
f 622/622/622 621/621/621 615/615/615
f 619/619/619 623/623/623 608/608/608
f 623/623/623 624/624/624 608/608/608
f 623/623/623 625/625/625 624/624/624
f 625/625/625 626/626/626 624/624/624
f 627/627/627 619/619/619 620/620/620
f 628/628/628 620/620/620 621/621/621
f 628/628/628 627/627/627 620/620/620
f 621/621/621 622/622/622 629/629/629
f 628/628/628 621/621/621 629/629/629
f 630/630/630 622/622/622 617/617/617
f 622/622/622 630/630/630 629/629/629
f 631/631/631 623/623/623 619/619/619
f 627/627/627 631/631/631 619/619/619
f 627/627/627 628/628/628 632/632/632
f 631/631/631 627/627/627 632/632/632
f 632/632/632 628/628/628 629/629/629
f 631/631/631 633/633/633 623/623/623
f 633/633/633 625/625/625 623/623/623
f 633/633/633 631/631/631 632/632/632
f 630/630/630 617/617/617 634/634/634
f 634/634/634 617/617/617 618/618/618
f 630/630/630 635/635/635 629/629/629
f 635/635/635 630/630/630 634/634/634
f 633/633/633 636/636/636 625/625/625
f 636/636/636 633/633/633 632/632/632
f 632/632/632 629/629/629 637/637/637
f 635/635/635 637/637/637 629/629/629
f 636/636/636 632/632/632 637/637/637
f 637/637/637 635/635/635 638/638/638
f 635/635/635 634/634/634 638/638/638
f 636/636/636 637/637/637 638/638/638
f 636/636/636 639/639/639 625/625/625
f 639/639/639 636/636/636 638/638/638
f 625/625/625 639/639/639 626/626/626
f 638/638/638 634/634/634 640/640/640
f 634/634/634 618/618/618 640/640/640
f 639/639/639 638/638/638 640/640/640
f 639/639/639 641/641/641 626/626/626
f 641/641/641 639/639/639 640/640/640
f 626/626/626 641/641/641 642/642/642
f 641/641/641 643/643/643 642/642/642
f 643/643/643 641/641/641 644/644/644
f 641/641/641 640/640/640 644/644/644
f 640/640/640 618/618/618 644/644/644
f 618/618/618 645/645/645 644/644/644
f 648/648/648 647/647/647 646/646/646
f 647/647/647 649/649/649 646/646/646
f 647/647/647 650/650/650 649/649/649
f 650/650/650 651/651/651 649/649/649
f 654/654/654 653/653/653 652/652/652
f 655/655/655 654/654/654 652/652/652
f 656/656/656 654/654/654 655/655/655
f 657/657/657 656/656/656 655/655/655
f 660/660/660 659/659/659 658/658/658
f 659/659/659 661/661/661 658/658/658
f 658/658/658 661/661/661 662/662/662
f 663/663/663 658/658/658 662/662/662
f 663/663/663 662/662/662 664/664/664
f 662/662/662 665/665/665 664/664/664
f 662/662/662 666/666/666 665/665/665
f 662/662/662 661/661/661 666/666/666
f 666/666/666 667/667/667 665/665/665
f 665/665/665 667/667/667 668/668/668
f 667/667/667 669/669/669 668/668/668
f 668/668/668 669/669/669 670/670/670
f 659/659/659 671/671/671 661/661/661
f 661/661/661 672/672/672 666/666/666
f 671/671/671 672/672/672 661/661/661
f 666/666/666 673/673/673 667/667/667
f 666/666/666 672/672/672 673/673/673
f 667/667/667 674/674/674 669/669/669
f 673/673/673 674/674/674 667/667/667
f 675/675/675 671/671/671 659/659/659
f 676/676/676 675/675/675 659/659/659
f 677/677/677 675/675/675 676/676/676
f 678/678/678 677/677/677 676/676/676
f 671/671/671 679/679/679 672/672/672
f 672/672/672 680/680/680 673/673/673
f 679/679/679 680/680/680 672/672/672
f 674/674/674 673/673/673 681/681/681
f 673/673/673 680/680/680 681/681/681
f 674/674/674 682/682/682 669/669/669
f 682/682/682 674/674/674 681/681/681
f 675/675/675 683/683/683 671/671/671
f 683/683/683 679/679/679 671/671/671
f 680/680/680 679/679/679 684/684/684
f 679/679/679 683/683/683 684/684/684
f 680/680/680 684/684/684 681/681/681
f 685/685/685 683/683/683 675/675/675
f 677/677/677 685/685/685 675/675/675
f 683/683/683 685/685/685 684/684/684
f 669/669/669 682/682/682 686/686/686
f 669/669/669 686/686/686 670/670/670
f 687/687/687 682/682/682 681/681/681
f 682/682/682 687/687/687 686/686/686
f 688/688/688 685/685/685 677/677/677
f 685/685/685 688/688/688 684/684/684
f 681/681/681 684/684/684 689/689/689
f 689/689/689 687/687/687 681/681/681
f 684/684/684 688/688/688 689/689/689
f 687/687/687 689/689/689 690/690/690
f 686/686/686 687/687/687 690/690/690
f 689/689/689 688/688/688 690/690/690
f 691/691/691 688/688/688 677/677/677
f 688/688/688 691/691/691 690/690/690
f 691/691/691 677/677/677 678/678/678
f 686/686/686 690/690/690 692/692/692
f 670/670/670 686/686/686 692/692/692
f 690/690/690 691/691/691 692/692/692
f 693/693/693 691/691/691 678/678/678
f 691/691/691 693/693/693 692/692/692
f 693/693/693 678/678/678 694/694/694
f 695/695/695 693/693/693 694/694/694
f 693/693/693 695/695/695 696/696/696
f 692/692/692 693/693/693 696/696/696
f 670/670/670 692/692/692 696/696/696
f 697/697/697 670/670/670 696/696/696
f 700/700/700 699/699/699 698/698/698
f 701/701/701 700/700/700 698/698/698
f 702/702/702 700/700/700 701/701/701
f 703/703/703 702/702/702 701/701/701
f 706/706/706 705/705/705 704/704/704
f 707/707/707 706/706/706 704/704/704
f 708/708/708 706/706/706 707/707/707
f 709/709/709 708/708/708 707/707/707
f 712/712/712 711/711/711 710/710/710
f 711/711/711 713/713/713 710/710/710
f 710/710/710 713/713/713 714/714/714
f 715/715/715 710/710/710 714/714/714
f 715/715/715 714/714/714 716/716/716
f 714/714/714 717/717/717 716/716/716
f 714/714/714 718/718/718 717/717/717
f 714/714/714 713/713/713 718/718/718
f 718/718/718 719/719/719 717/717/717
f 717/717/717 719/719/719 720/720/720
f 719/719/719 721/721/721 720/720/720
f 720/720/720 721/721/721 722/722/722
f 711/711/711 723/723/723 713/713/713
f 713/713/713 724/724/724 718/718/718
f 723/723/723 724/724/724 713/713/713
f 718/718/718 725/725/725 719/719/719
f 718/718/718 724/724/724 725/725/725
f 719/719/719 726/726/726 721/721/721
f 725/725/725 726/726/726 719/719/719
f 727/727/727 723/723/723 711/711/711
f 728/728/728 727/727/727 711/711/711
f 729/729/729 727/727/727 728/728/728
f 730/730/730 729/729/729 728/728/728
f 723/723/723 731/731/731 724/724/724
f 724/724/724 732/732/732 725/725/725
f 731/731/731 732/732/732 724/724/724
f 726/726/726 725/725/725 733/733/733
f 725/725/725 732/732/732 733/733/733
f 726/726/726 734/734/734 721/721/721
f 734/734/734 726/726/726 733/733/733
f 727/727/727 735/735/735 723/723/723
f 735/735/735 731/731/731 723/723/723
f 732/732/732 731/731/731 736/736/736
f 731/731/731 735/735/735 736/736/736
f 732/732/732 736/736/736 733/733/733
f 737/737/737 735/735/735 727/727/727
f 729/729/729 737/737/737 727/727/727
f 735/735/735 737/737/737 736/736/736
f 721/721/721 734/734/734 738/738/738
f 721/721/721 738/738/738 722/722/722
f 739/739/739 734/734/734 733/733/733
f 734/734/734 739/739/739 738/738/738
f 740/740/740 737/737/737 729/729/729
f 737/737/737 740/740/740 736/736/736
f 733/733/733 736/736/736 741/741/741
f 741/741/741 739/739/739 733/733/733
f 736/736/736 740/740/740 741/741/741
f 739/739/739 741/741/741 742/742/742
f 738/738/738 739/739/739 742/742/742
f 741/741/741 740/740/740 742/742/742
f 743/743/743 740/740/740 729/729/729
f 740/740/740 743/743/743 742/742/742
f 743/743/743 729/729/729 730/730/730
f 738/738/738 742/742/742 744/744/744
f 722/722/722 738/738/738 744/744/744
f 742/742/742 743/743/743 744/744/744
f 745/745/745 743/743/743 730/730/730
f 743/743/743 745/745/745 744/744/744
f 745/745/745 730/730/730 746/746/746
f 747/747/747 745/745/745 746/746/746
f 745/745/745 747/747/747 748/748/748
f 744/744/744 745/745/745 748/748/748
f 722/722/722 744/744/744 748/748/748
f 749/749/749 722/722/722 748/748/748
f 752/752/752 751/751/751 750/750/750
f 753/753/753 752/752/752 750/750/750
f 754/754/754 752/752/752 753/753/753
f 755/755/755 754/754/754 753/753/753
f 758/758/758 757/757/757 756/756/756
f 759/759/759 758/758/758 756/756/756
f 760/760/760 758/758/758 759/759/759
f 761/761/761 760/760/760 759/759/759
f 764/764/764 763/763/763 762/762/762
f 763/763/763 765/765/765 762/762/762
f 762/762/762 765/765/765 766/766/766
f 767/767/767 762/762/762 766/766/766
f 767/767/767 766/766/766 768/768/768
f 766/766/766 769/769/769 768/768/768
f 766/766/766 770/770/770 769/769/769
f 766/766/766 765/765/765 770/770/770
f 770/770/770 771/771/771 769/769/769
f 769/769/769 771/771/771 772/772/772
f 771/771/771 773/773/773 772/772/772
f 772/772/772 773/773/773 774/774/774
f 763/763/763 775/775/775 765/765/765
f 765/765/765 776/776/776 770/770/770
f 775/775/775 776/776/776 765/765/765
f 770/770/770 777/777/777 771/771/771
f 770/770/770 776/776/776 777/777/777
f 771/771/771 778/778/778 773/773/773
f 777/777/777 778/778/778 771/771/771
f 779/779/779 775/775/775 763/763/763
f 780/780/780 779/779/779 763/763/763
f 781/781/781 779/779/779 780/780/780
f 782/782/782 781/781/781 780/780/780
f 775/775/775 783/783/783 776/776/776
f 776/776/776 784/784/784 777/777/777
f 783/783/783 784/784/784 776/776/776
f 778/778/778 777/777/777 785/785/785
f 777/777/777 784/784/784 785/785/785
f 778/778/778 786/786/786 773/773/773
f 786/786/786 778/778/778 785/785/785
f 779/779/779 787/787/787 775/775/775
f 787/787/787 783/783/783 775/775/775
f 784/784/784 783/783/783 788/788/788
f 783/783/783 787/787/787 788/788/788
f 784/784/784 788/788/788 785/785/785
f 789/789/789 787/787/787 779/779/779
f 781/781/781 789/789/789 779/779/779
f 787/787/787 789/789/789 788/788/788
f 773/773/773 786/786/786 790/790/790
f 773/773/773 790/790/790 774/774/774
f 791/791/791 786/786/786 785/785/785
f 786/786/786 791/791/791 790/790/790
f 792/792/792 789/789/789 781/781/781
f 789/789/789 792/792/792 788/788/788
f 785/785/785 788/788/788 793/793/793
f 793/793/793 791/791/791 785/785/785
f 788/788/788 792/792/792 793/793/793
f 791/791/791 793/793/793 794/794/794
f 790/790/790 791/791/791 794/794/794
f 793/793/793 792/792/792 794/794/794
f 795/795/795 792/792/792 781/781/781
f 792/792/792 795/795/795 794/794/794
f 795/795/795 781/781/781 782/782/782
f 790/790/790 794/794/794 796/796/796
f 774/774/774 790/790/790 796/796/796
f 794/794/794 795/795/795 796/796/796
f 797/797/797 795/795/795 782/782/782
f 795/795/795 797/797/797 796/796/796
f 797/797/797 782/782/782 798/798/798
f 799/799/799 797/797/797 798/798/798
f 797/797/797 799/799/799 800/800/800
f 796/796/796 797/797/797 800/800/800
f 774/774/774 796/796/796 800/800/800
f 801/801/801 774/774/774 800/800/800
f 804/804/804 803/803/803 802/802/802
f 805/805/805 804/804/804 802/802/802
f 806/806/806 804/804/804 805/805/805
f 807/807/807 806/806/806 805/805/805
f 810/810/810 809/809/809 808/808/808
f 811/811/811 810/810/810 808/808/808
f 812/812/812 810/810/810 811/811/811
f 813/813/813 812/812/812 811/811/811
f 816/816/816 815/815/815 814/814/814
f 815/815/815 817/817/817 814/814/814
f 814/814/814 817/817/817 818/818/818
f 819/819/819 814/814/814 818/818/818
f 819/819/819 818/818/818 820/820/820
f 818/818/818 821/821/821 820/820/820
f 818/818/818 822/822/822 821/821/821
f 818/818/818 817/817/817 822/822/822
f 822/822/822 823/823/823 821/821/821
f 821/821/821 823/823/823 824/824/824
f 823/823/823 825/825/825 824/824/824
f 824/824/824 825/825/825 826/826/826
f 815/815/815 827/827/827 817/817/817
f 817/817/817 828/828/828 822/822/822
f 827/827/827 828/828/828 817/817/817
f 822/822/822 829/829/829 823/823/823
f 822/822/822 828/828/828 829/829/829
f 823/823/823 830/830/830 825/825/825
f 829/829/829 830/830/830 823/823/823
f 831/831/831 827/827/827 815/815/815
f 832/832/832 831/831/831 815/815/815
f 833/833/833 831/831/831 832/832/832
f 834/834/834 833/833/833 832/832/832
f 827/827/827 835/835/835 828/828/828
f 828/828/828 836/836/836 829/829/829
f 835/835/835 836/836/836 828/828/828
f 830/830/830 829/829/829 837/837/837
f 829/829/829 836/836/836 837/837/837
f 830/830/830 838/838/838 825/825/825
f 838/838/838 830/830/830 837/837/837
f 831/831/831 839/839/839 827/827/827
f 839/839/839 835/835/835 827/827/827
f 836/836/836 835/835/835 840/840/840
f 835/835/835 839/839/839 840/840/840
f 836/836/836 840/840/840 837/837/837
f 841/841/841 839/839/839 831/831/831
f 833/833/833 841/841/841 831/831/831
f 839/839/839 841/841/841 840/840/840
f 825/825/825 838/838/838 842/842/842
f 825/825/825 842/842/842 826/826/826
f 843/843/843 838/838/838 837/837/837
f 838/838/838 843/843/843 842/842/842
f 844/844/844 841/841/841 833/833/833
f 841/841/841 844/844/844 840/840/840
f 837/837/837 840/840/840 845/845/845
f 845/845/845 843/843/843 837/837/837
f 840/840/840 844/844/844 845/845/845
f 843/843/843 845/845/845 846/846/846
f 842/842/842 843/843/843 846/846/846
f 845/845/845 844/844/844 846/846/846
f 847/847/847 844/844/844 833/833/833
f 844/844/844 847/847/847 846/846/846
f 847/847/847 833/833/833 834/834/834
f 842/842/842 846/846/846 848/848/848
f 826/826/826 842/842/842 848/848/848
f 846/846/846 847/847/847 848/848/848
f 849/849/849 847/847/847 834/834/834
f 847/847/847 849/849/849 848/848/848
f 849/849/849 834/834/834 850/850/850
f 851/851/851 849/849/849 850/850/850
f 849/849/849 851/851/851 852/852/852
f 848/848/848 849/849/849 852/852/852
f 826/826/826 848/848/848 852/852/852
f 853/853/853 826/826/826 852/852/852
f 856/856/856 855/855/855 854/854/854
f 857/857/857 856/856/856 854/854/854
f 858/858/858 856/856/856 857/857/857
f 859/859/859 858/858/858 857/857/857
f 862/862/862 861/861/861 860/860/860
f 863/863/863 862/862/862 860/860/860
f 864/864/864 862/862/862 863/863/863
f 865/865/865 864/864/864 863/863/863
f 868/868/868 867/867/867 866/866/866
f 867/867/867 869/869/869 866/866/866
f 866/866/866 869/869/869 870/870/870
f 871/871/871 866/866/866 870/870/870
f 871/871/871 870/870/870 872/872/872
f 870/870/870 873/873/873 872/872/872
f 870/870/870 874/874/874 873/873/873
f 870/870/870 869/869/869 874/874/874
f 874/874/874 875/875/875 873/873/873
f 873/873/873 875/875/875 876/876/876
f 875/875/875 877/877/877 876/876/876
f 876/876/876 877/877/877 878/878/878
f 867/867/867 879/879/879 869/869/869
f 869/869/869 880/880/880 874/874/874
f 879/879/879 880/880/880 869/869/869
f 874/874/874 881/881/881 875/875/875
f 874/874/874 880/880/880 881/881/881
f 875/875/875 882/882/882 877/877/877
f 881/881/881 882/882/882 875/875/875
f 883/883/883 879/879/879 867/867/867
f 884/884/884 883/883/883 867/867/867
f 885/885/885 883/883/883 884/884/884
f 886/886/886 885/885/885 884/884/884
f 879/879/879 887/887/887 880/880/880
f 880/880/880 888/888/888 881/881/881
f 887/887/887 888/888/888 880/880/880
f 882/882/882 881/881/881 889/889/889
f 881/881/881 888/888/888 889/889/889
f 882/882/882 890/890/890 877/877/877
f 890/890/890 882/882/882 889/889/889
f 883/883/883 891/891/891 879/879/879
f 891/891/891 887/887/887 879/879/879
f 888/888/888 887/887/887 892/892/892
f 887/887/887 891/891/891 892/892/892
f 888/888/888 892/892/892 889/889/889
f 893/893/893 891/891/891 883/883/883
f 885/885/885 893/893/893 883/883/883
f 891/891/891 893/893/893 892/892/892
f 877/877/877 890/890/890 894/894/894
f 877/877/877 894/894/894 878/878/878
f 895/895/895 890/890/890 889/889/889
f 890/890/890 895/895/895 894/894/894
f 896/896/896 893/893/893 885/885/885
f 893/893/893 896/896/896 892/892/892
f 889/889/889 892/892/892 897/897/897
f 897/897/897 895/895/895 889/889/889
f 892/892/892 896/896/896 897/897/897
f 895/895/895 897/897/897 898/898/898
f 894/894/894 895/895/895 898/898/898
f 897/897/897 896/896/896 898/898/898
f 899/899/899 896/896/896 885/885/885
f 896/896/896 899/899/899 898/898/898
f 899/899/899 885/885/885 886/886/886
f 894/894/894 898/898/898 900/900/900
f 878/878/878 894/894/894 900/900/900
f 898/898/898 899/899/899 900/900/900
f 901/901/901 899/899/899 886/886/886
f 899/899/899 901/901/901 900/900/900
f 901/901/901 886/886/886 902/902/902
f 903/903/903 901/901/901 902/902/902
f 901/901/901 903/903/903 904/904/904
f 900/900/900 901/901/901 904/904/904
f 878/878/878 900/900/900 904/904/904
f 905/905/905 878/878/878 904/904/904
f 908/908/908 907/907/907 906/906/906
f 909/909/909 908/908/908 906/906/906
f 910/910/910 908/908/908 909/909/909
f 911/911/911 910/910/910 909/909/909
f 914/914/914 913/913/913 912/912/912
f 913/913/913 915/915/915 912/912/912
f 912/912/912 915/915/915 916/916/916
f 915/915/915 917/917/917 916/916/916
f 920/920/920 919/919/919 918/918/918
f 921/921/921 920/920/920 918/918/918
f 922/922/922 920/920/920 921/921/921
f 923/923/923 922/922/922 921/921/921
f 924/924/924 922/922/922 923/923/923
f 925/925/925 924/924/924 923/923/923
f 926/926/926 924/924/924 925/925/925
f 927/927/927 926/926/926 925/925/925
f 930/930/930 929/929/929 928/928/928
f 931/931/931 930/930/930 928/928/928
f 934/934/934 933/933/933 932/932/932
f 935/935/935 934/934/934 932/932/932
f 936/936/936 934/934/934 935/935/935
f 937/937/937 936/936/936 935/935/935
f 940/940/940 939/939/939 938/938/938
f 941/941/941 940/940/940 938/938/938
f 944/944/944 943/943/943 942/942/942
f 945/945/945 944/944/944 942/942/942
f 946/946/946 944/944/944 945/945/945
f 947/947/947 946/946/946 945/945/945
f 948/948/948 946/946/946 947/947/947
f 949/949/949 948/948/948 947/947/947
f 950/950/950 948/948/948 949/949/949
f 951/951/951 950/950/950 949/949/949
f 954/954/954 953/953/953 952/952/952
f 955/955/955 954/954/954 952/952/952
f 956/956/956 954/954/954 955/955/955
f 957/957/957 956/956/956 955/955/955
f 960/960/960 959/959/959 958/958/958
f 960/960/960 961/961/961 959/959/959
f 959/959/959 962/962/962 958/958/958
f 961/961/961 963/963/963 959/959/959
f 964/964/964 963/963/963 961/961/961
f 965/965/965 964/964/964 961/961/961
f 966/966/966 964/964/964 965/965/965
f 967/967/967 966/966/966 965/965/965
f 968/968/968 966/966/966 967/967/967
f 969/969/969 968/968/968 967/967/967
f 970/970/970 968/968/968 969/969/969
f 971/971/971 970/970/970 969/969/969
f 972/972/972 970/970/970 971/971/971
f 973/973/973 972/972/972 971/971/971
f 974/974/974 972/972/972 973/973/973
f 975/975/975 974/974/974 973/973/973
f 976/976/976 974/974/974 975/975/975
f 977/977/977 976/976/976 975/975/975
f 978/978/978 976/976/976 977/977/977
f 979/979/979 978/978/978 977/977/977
f 980/980/980 978/978/978 979/979/979
f 981/981/981 980/980/980 979/979/979
f 982/982/982 980/980/980 981/981/981
f 983/983/983 982/982/982 981/981/981
f 984/984/984 982/982/982 983/983/983
f 985/985/985 984/984/984 983/983/983
f 986/986/986 984/984/984 985/985/985
f 987/987/987 986/986/986 985/985/985
f 988/988/988 986/986/986 987/987/987
f 989/989/989 988/988/988 987/987/987
f 990/990/990 988/988/988 989/989/989
f 991/991/991 990/990/990 989/989/989
f 992/992/992 990/990/990 991/991/991
f 993/993/993 992/992/992 991/991/991
f 994/994/994 992/992/992 993/993/993
f 995/995/995 994/994/994 993/993/993
f 996/996/996 994/994/994 995/995/995
f 987/987/987 997/997/997 989/989/989
f 997/997/997 998/998/998 989/989/989
f 989/989/989 998/998/998 991/991/991
f 999/999/999 997/997/997 987/987/987
f 998/998/998 1000/1000/1000 991/991/991
f 991/991/991 1000/1000/1000 993/993/993
f 1001/1001/1001 999/999/999 987/987/987
f 1000/1000/1000 1002/1002/1002 993/993/993
f 993/993/993 1002/1002/1002 995/995/995
f 1003/1003/1003 999/999/999 1001/1001/1001
f 1004/1004/1004 1003/1003/1003 1001/1001/1001
f 1005/1005/1005 1003/1003/1003 1004/1004/1004
f 1006/1006/1006 1005/1005/1005 1004/1004/1004
f 1007/1007/1007 1005/1005/1005 1006/1006/1006
f 1008/1008/1008 1007/1007/1007 1006/1006/1006
f 1009/1009/1009 1007/1007/1007 1008/1008/1008
f 1010/1010/1010 1009/1009/1009 1008/1008/1008
f 1011/1011/1011 1009/1009/1009 1010/1010/1010
f 1012/1012/1012 1011/1011/1011 1010/1010/1010
f 1013/1013/1013 1011/1011/1011 1012/1012/1012
f 1014/1014/1014 1013/1013/1013 1012/1012/1012
f 1015/1015/1015 1013/1013/1013 1014/1014/1014
f 1016/1016/1016 1015/1015/1015 1014/1014/1014
f 1017/1017/1017 1015/1015/1015 1016/1016/1016
f 1018/1018/1018 1017/1017/1017 1016/1016/1016
f 1019/1019/1019 1017/1017/1017 1018/1018/1018
f 1020/1020/1020 1019/1019/1019 1018/1018/1018
f 1021/1021/1021 1019/1019/1019 1020/1020/1020
f 1022/1022/1022 1021/1021/1021 1020/1020/1020
f 1023/1023/1023 1021/1021/1021 1022/1022/1022
f 1024/1024/1024 1023/1023/1023 1022/1022/1022
f 1025/1025/1025 1023/1023/1023 1024/1024/1024
f 1026/1026/1026 1025/1025/1025 1024/1024/1024
f 1027/1027/1027 1025/1025/1025 1026/1026/1026
f 1028/1028/1028 1027/1027/1027 1026/1026/1026
f 1029/1029/1029 1027/1027/1027 1028/1028/1028
f 1030/1030/1030 1029/1029/1029 1028/1028/1028
f 1031/1031/1031 1029/1029/1029 1030/1030/1030
f 1032/1032/1032 1031/1031/1031 1030/1030/1030
f 1033/1033/1033 1031/1031/1031 1032/1032/1032
f 1034/1034/1034 1033/1033/1033 1032/1032/1032
f 1035/1035/1035 1033/1033/1033 1034/1034/1034
f 1036/1036/1036 1035/1035/1035 1034/1034/1034
f 1037/1037/1037 1035/1035/1035 1036/1036/1036
f 1038/1038/1038 1037/1037/1037 1036/1036/1036
f 1039/1039/1039 1037/1037/1037 1038/1038/1038
f 995/995/995 1039/1039/1039 1038/1038/1038
f 1002/1002/1002 1039/1039/1039 995/995/995
f 1038/1038/1038 996/996/996 995/995/995
f 1038/1038/1038 1036/1036/1036 996/996/996
f 1036/1036/1036 1040/1040/1040 996/996/996
f 1041/1041/1041 1040/1040/1040 1036/1036/1036
f 1034/1034/1034 1041/1041/1041 1036/1036/1036
f 1042/1042/1042 1041/1041/1041 1034/1034/1034
f 1032/1032/1032 1042/1042/1042 1034/1034/1034
f 1043/1043/1043 1042/1042/1042 1032/1032/1032
f 1030/1030/1030 1043/1043/1043 1032/1032/1032
f 962/962/962 1043/1043/1043 1030/1030/1030
f 958/958/958 962/962/962 1030/1030/1030
f 1046/1046/1046 1045/1045/1045 1044/1044/1044
f 1044/1044/1044 1045/1045/1045 1047/1047/1047
f 1046/1046/1046 1048/1048/1048 1045/1045/1045
f 1047/1047/1047 1045/1045/1045 1049/1049/1049
f 1048/1048/1048 1050/1050/1050 1045/1045/1045
f 1045/1045/1045 1050/1050/1050 1049/1049/1049
f 1053/1053/1053 1052/1052/1052 1051/1051/1051
f 1053/1053/1053 1054/1054/1054 1052/1052/1052
f 1052/1052/1052 1055/1055/1055 1051/1051/1051
f 1056/1056/1056 1055/1055/1055 1052/1052/1052
f 1051/1051/1051 1055/1055/1055 1057/1057/1057
f 1054/1054/1054 1058/1058/1058 1052/1052/1052
f 1058/1058/1058 1056/1056/1056 1052/1052/1052
f 1059/1059/1059 1058/1058/1058 1054/1054/1054
f 1058/1058/1058 1059/1059/1059 1056/1056/1056
f 1060/1060/1060 1059/1059/1059 1054/1054/1054
f 1061/1061/1061 1059/1059/1059 1060/1060/1060
f 1059/1059/1059 1061/1061/1061 1056/1056/1056
f 1062/1062/1062 1061/1061/1061 1060/1060/1060
f 1063/1063/1063 1061/1061/1061 1062/1062/1062
f 1061/1061/1061 1063/1063/1063 1056/1056/1056
f 1064/1064/1064 1063/1063/1063 1062/1062/1062
f 1065/1065/1065 1063/1063/1063 1064/1064/1064
f 1063/1063/1063 1065/1065/1065 1056/1056/1056
f 1066/1066/1066 1065/1065/1065 1064/1064/1064
f 1065/1065/1065 1067/1067/1067 1056/1056/1056
f 1067/1067/1067 1065/1065/1065 1066/1066/1066
f 1068/1068/1068 1067/1067/1067 1066/1066/1066
f 1056/1056/1056 1069/1069/1069 1055/1055/1055
f 1067/1067/1067 1070/1070/1070 1056/1056/1056
f 1068/1068/1068 1071/1071/1071 1067/1067/1067
f 1071/1071/1071 1070/1070/1070 1067/1067/1067
f 1072/1072/1072 1070/1070/1070 1071/1071/1071
f 1073/1073/1073 1072/1072/1072 1071/1071/1071
f 1070/1070/1070 1072/1072/1072 1074/1074/1074
f 1074/1074/1074 1072/1072/1072 1073/1073/1073
f 1056/1056/1056 1070/1070/1070 1074/1074/1074
f 1075/1075/1075 1074/1074/1074 1073/1073/1073
f 1076/1076/1076 1074/1074/1074 1075/1075/1075
f 1077/1077/1077 1076/1076/1076 1075/1075/1075
f 1074/1074/1074 1076/1076/1076 1078/1078/1078
f 1078/1078/1078 1076/1076/1076 1077/1077/1077
f 1056/1056/1056 1074/1074/1074 1078/1078/1078
f 1079/1079/1079 1078/1078/1078 1077/1077/1077
f 1080/1080/1080 1078/1078/1078 1079/1079/1079
f 1081/1081/1081 1080/1080/1080 1079/1079/1079
f 1081/1081/1081 1082/1082/1082 1080/1080/1080
f 1078/1078/1078 1080/1080/1080 1083/1083/1083
f 1082/1082/1082 1083/1083/1083 1080/1080/1080
f 1056/1056/1056 1078/1078/1078 1083/1083/1083
f 1082/1082/1082 1084/1084/1084 1083/1083/1083
f 1084/1084/1084 1085/1085/1085 1083/1083/1083
f 1083/1083/1083 1085/1085/1085 1086/1086/1086
f 1086/1086/1086 1085/1085/1085 1084/1084/1084
f 1056/1056/1056 1083/1083/1083 1086/1086/1086
f 1087/1087/1087 1086/1086/1086 1084/1084/1084
f 1088/1088/1088 1086/1086/1086 1087/1087/1087
f 1089/1089/1089 1088/1088/1088 1087/1087/1087
f 1086/1086/1086 1088/1088/1088 1090/1090/1090
f 1090/1090/1090 1088/1088/1088 1089/1089/1089
f 1056/1056/1056 1086/1086/1086 1090/1090/1090
f 1091/1091/1091 1090/1090/1090 1089/1089/1089
f 1056/1056/1056 1090/1090/1090 1092/1092/1092
f 1056/1056/1056 1092/1092/1092 1069/1069/1069
f 1093/1093/1093 1090/1090/1090 1091/1091/1091
f 1090/1090/1090 1093/1093/1093 1092/1092/1092
f 1094/1094/1094 1093/1093/1093 1091/1091/1091
f 1094/1094/1094 1095/1095/1095 1093/1093/1093
f 1095/1095/1095 1092/1092/1092 1093/1093/1093
f 1095/1095/1095 1096/1096/1096 1092/1092/1092
f 1096/1096/1096 1097/1097/1097 1092/1092/1092
f 1092/1092/1092 1097/1097/1097 1069/1069/1069
f 1069/1069/1069 1097/1097/1097 1096/1096/1096
f 1098/1098/1098 1069/1069/1069 1096/1096/1096
f 1099/1099/1099 1069/1069/1069 1098/1098/1098
f 1057/1057/1057 1099/1099/1099 1098/1098/1098
f 1069/1069/1069 1099/1099/1099 1055/1055/1055
f 1055/1055/1055 1099/1099/1099 1057/1057/1057
f 1102/1102/1102 1101/1101/1101 1100/1100/1100
f 1102/1102/1102 1100/1100/1100 1103/1103/1103
f 1104/1104/1104 1102/1102/1102 1103/1103/1103
f 1103/1103/1103 1105/1105/1105 1104/1104/1104
f 1105/1105/1105 1106/1106/1106 1104/1104/1104
f 1106/1106/1106 1105/1105/1105 1107/1107/1107
f 1108/1108/1108 1106/1106/1106 1107/1107/1107
f 1104/1104/1104 1106/1106/1106 1108/1108/1108
f 1108/1108/1108 1107/1107/1107 1109/1109/1109
f 1110/1110/1110 1108/1108/1108 1109/1109/1109
f 1110/1110/1110 1109/1109/1109 1111/1111/1111
f 1112/1112/1112 1110/1110/1110 1111/1111/1111
f 1108/1108/1108 1110/1110/1110 1112/1112/1112
f 1111/1111/1111 1113/1113/1113 1112/1112/1112
f 1114/1114/1114 1104/1104/1104 1108/1108/1108
f 1114/1114/1114 1108/1108/1108 1112/1112/1112
f 1114/1114/1114 1115/1115/1115 1104/1104/1104
f 1115/1115/1115 1102/1102/1102 1104/1104/1104
f 1114/1114/1114 1112/1112/1112 1116/1116/1116
f 1113/1113/1113 1117/1117/1117 1112/1112/1112
f 1112/1112/1112 1117/1117/1117 1116/1116/1116
f 1113/1113/1113 1118/1118/1118 1117/1117/1117
f 1115/1115/1115 1119/1119/1119 1102/1102/1102
f 1119/1119/1119 1101/1101/1101 1102/1102/1102
f 1118/1118/1118 1120/1120/1120 1117/1117/1117
f 1118/1118/1118 1121/1121/1121 1120/1120/1120
f 1116/1116/1116 1117/1117/1117 1122/1122/1122
f 1117/1117/1117 1120/1120/1120 1122/1122/1122
f 1121/1121/1121 1123/1123/1123 1120/1120/1120
f 1121/1121/1121 1124/1124/1124 1123/1123/1123
f 1120/1120/1120 1123/1123/1123 1125/1125/1125
f 1124/1124/1124 1125/1125/1125 1123/1123/1123
f 1122/1122/1122 1120/1120/1120 1125/1125/1125
f 1124/1124/1124 1126/1126/1126 1125/1125/1125
f 1126/1126/1126 1127/1127/1127 1125/1125/1125
f 1127/1127/1127 1126/1126/1126 1128/1128/1128
f 1125/1125/1125 1127/1127/1127 1129/1129/1129
f 1129/1129/1129 1127/1127/1127 1128/1128/1128
f 1122/1122/1122 1125/1125/1125 1129/1129/1129
f 1128/1128/1128 1130/1130/1130 1129/1129/1129
f 1130/1130/1130 1131/1131/1131 1129/1129/1129
f 1122/1122/1122 1129/1129/1129 1131/1131/1131
f 1130/1130/1130 1132/1132/1132 1131/1131/1131
f 1116/1116/1116 1122/1122/1122 1133/1133/1133
f 1133/1133/1133 1122/1122/1122 1131/1131/1131
f 1134/1134/1134 1116/1116/1116 1133/1133/1133
f 1134/1134/1134 1133/1133/1133 1135/1135/1135
f 1132/1132/1132 1136/1136/1136 1131/1131/1131
f 1133/1133/1133 1131/1131/1131 1136/1136/1136
f 1135/1135/1135 1133/1133/1133 1136/1136/1136
f 1132/1132/1132 1137/1137/1137 1136/1136/1136
f 1137/1137/1137 1138/1138/1138 1136/1136/1136
f 1136/1136/1136 1138/1138/1138 1135/1135/1135
f 1137/1137/1137 1139/1139/1139 1138/1138/1138
f 1139/1139/1139 1140/1140/1140 1138/1138/1138
f 1138/1138/1138 1140/1140/1140 1135/1135/1135
f 1139/1139/1139 1141/1141/1141 1140/1140/1140
f 1141/1141/1141 1142/1142/1142 1140/1140/1140
f 1140/1140/1140 1142/1142/1142 1135/1135/1135
f 1143/1143/1143 1134/1134/1134 1135/1135/1135
f 1115/1115/1115 1134/1134/1134 1143/1143/1143
f 1119/1119/1119 1115/1115/1115 1143/1143/1143
f 1142/1142/1142 1141/1141/1141 1144/1144/1144
f 1144/1144/1144 1141/1141/1141 1145/1145/1145
f 1144/1144/1144 1145/1145/1145 1146/1146/1146
f 1147/1147/1147 1144/1144/1144 1146/1146/1146
f 1142/1142/1142 1148/1148/1148 1135/1135/1135
f 1148/1148/1148 1142/1142/1142 1144/1144/1144
f 1143/1143/1143 1135/1135/1135 1148/1148/1148
f 1148/1148/1148 1144/1144/1144 1147/1147/1147
f 1149/1149/1149 1143/1143/1143 1148/1148/1148
f 1149/1149/1149 1148/1148/1148 1147/1147/1147
f 1119/1119/1119 1143/1143/1143 1149/1149/1149
f 1149/1149/1149 1147/1147/1147 1150/1150/1150
f 1151/1151/1151 1149/1149/1149 1150/1150/1150
f 1151/1151/1151 1119/1119/1119 1149/1149/1149
f 1150/1150/1150 1152/1152/1152 1151/1151/1151
f 1119/1119/1119 1151/1151/1151 1153/1153/1153
f 1119/1119/1119 1153/1153/1153 1101/1101/1101
f 1152/1152/1152 1154/1154/1154 1151/1151/1151
f 1151/1151/1151 1154/1154/1154 1153/1153/1153
f 1154/1154/1154 1152/1152/1152 1155/1155/1155
f 1153/1153/1153 1154/1154/1154 1155/1155/1155
f 1153/1153/1153 1155/1155/1155 1156/1156/1156
f 1153/1153/1153 1157/1157/1157 1101/1101/1101
f 1157/1157/1157 1153/1153/1153 1156/1156/1156
f 1101/1101/1101 1157/1157/1157 1158/1158/1158
f 1157/1157/1157 1156/1156/1156 1158/1158/1158
f 1161/1161/1161 1160/1160/1160 1159/1159/1159
f 1162/1162/1162 1161/1161/1161 1159/1159/1159
f 1159/1159/1159 1160/1160/1160 1163/1163/1163
f 1164/1164/1164 1161/1161/1161 1162/1162/1162
f 1165/1165/1165 1164/1164/1164 1162/1162/1162
f 1160/1160/1160 1166/1166/1166 1163/1163/1163
f 1163/1163/1163 1166/1166/1166 1167/1167/1167
f 1168/1168/1168 1164/1164/1164 1165/1165/1165
f 1169/1169/1169 1168/1168/1168 1165/1165/1165
f 1166/1166/1166 1170/1170/1170 1167/1167/1167
f 1167/1167/1167 1170/1170/1170 1171/1171/1171
f 1172/1172/1172 1168/1168/1168 1169/1169/1169
f 1173/1173/1173 1172/1172/1172 1169/1169/1169
f 1170/1170/1170 1174/1174/1174 1171/1171/1171
f 1171/1171/1171 1174/1174/1174 1175/1175/1175
f 1176/1176/1176 1172/1172/1172 1173/1173/1173
f 1177/1177/1177 1176/1176/1176 1173/1173/1173
f 1175/1175/1175 1178/1178/1178 1177/1177/1177
f 1174/1174/1174 1178/1178/1178 1175/1175/1175
f 1178/1178/1178 1176/1176/1176 1177/1177/1177
f 1168/1168/1168 1179/1179/1179 1164/1164/1164
f 1172/1172/1172 1180/1180/1180 1168/1168/1168
f 1180/1180/1180 1179/1179/1179 1168/1168/1168
f 1180/1180/1180 1181/1181/1181 1179/1179/1179
f 1179/1179/1179 1181/1181/1181 1182/1182/1182
f 1179/1179/1179 1182/1182/1182 1164/1164/1164
f 1183/1183/1183 1181/1181/1181 1180/1180/1180
f 1183/1183/1183 1180/1180/1180 1172/1172/1172
f 1176/1176/1176 1183/1183/1183 1172/1172/1172
f 1164/1164/1164 1182/1182/1182 1161/1161/1161
f 1184/1184/1184 1183/1183/1183 1176/1176/1176
f 1178/1178/1178 1184/1184/1184 1176/1176/1176
f 1184/1184/1184 1181/1181/1181 1183/1183/1183
f 1182/1182/1182 1185/1185/1185 1161/1161/1161
f 1182/1182/1182 1181/1181/1181 1185/1185/1185
f 1161/1161/1161 1185/1185/1185 1160/1160/1160
f 1186/1186/1186 1184/1184/1184 1178/1178/1178
f 1186/1186/1186 1181/1181/1181 1184/1184/1184
f 1174/1174/1174 1186/1186/1186 1178/1178/1178
f 1185/1185/1185 1187/1187/1187 1160/1160/1160
f 1185/1185/1185 1181/1181/1181 1187/1187/1187
f 1160/1160/1160 1187/1187/1187 1166/1166/1166
f 1188/1188/1188 1186/1186/1186 1174/1174/1174
f 1188/1188/1188 1181/1181/1181 1186/1186/1186
f 1170/1170/1170 1188/1188/1188 1174/1174/1174
f 1166/1166/1166 1189/1189/1189 1170/1170/1170
f 1187/1187/1187 1189/1189/1189 1166/1166/1166
f 1187/1187/1187 1181/1181/1181 1189/1189/1189
f 1189/1189/1189 1188/1188/1188 1170/1170/1170
f 1189/1189/1189 1181/1181/1181 1188/1188/1188
usemtl Pan_Secondary2_Mat (Plastic)
f 1192/1192/1192 1191/1191/1191 1190/1190/1190
f 1195/1195/1195 1194/1194/1194 1193/1193/1193
f 1198/1198/1198 1197/1197/1197 1196/1196/1196
f 1200/1200/1200 1197/1197/1197 1199/1199/1199
f 1197/1197/1197 1201/1201/1201 1199/1199/1199
f 1199/1199/1199 1201/1201/1201 1202/1202/1202
f 1201/1201/1201 1203/1203/1203 1202/1202/1202
f 1206/1206/1206 1205/1205/1205 1204/1204/1204
f 1208/1208/1208 1207/1207/1207 1205/1205/1205
f 1208/1208/1208 1209/1209/1209 1207/1207/1207
f 1212/1212/1212 1211/1211/1211 1210/1210/1210
f 1211/1211/1211 1213/1213/1213 1210/1210/1210
f 1210/1210/1210 1213/1213/1213 1214/1214/1214
f 1213/1213/1213 1215/1215/1215 1214/1214/1214
f 1211/1211/1211 1216/1216/1216 1213/1213/1213
f 1215/1215/1215 1213/1213/1213 1217/1217/1217
f 1216/1216/1216 1218/1218/1218 1213/1213/1213
f 1213/1213/1213 1218/1218/1218 1217/1217/1217
f 1216/1216/1216 1219/1219/1219 1218/1218/1218
f 1217/1217/1217 1218/1218/1218 1220/1220/1220
f 1219/1219/1219 1221/1221/1221 1218/1218/1218
f 1218/1218/1218 1221/1221/1221 1220/1220/1220
f 1219/1219/1219 1222/1222/1222 1221/1221/1221
f 1220/1220/1220 1221/1221/1221 1223/1223/1223
f 1222/1222/1222 1224/1224/1224 1221/1221/1221
f 1221/1221/1221 1224/1224/1224 1223/1223/1223
f 1222/1222/1222 1225/1225/1225 1224/1224/1224
f 1223/1223/1223 1224/1224/1224 1226/1226/1226
f 1225/1225/1225 1227/1227/1227 1224/1224/1224
f 1224/1224/1224 1227/1227/1227 1226/1226/1226
f 1225/1225/1225 1228/1228/1228 1227/1227/1227
f 1226/1226/1226 1227/1227/1227 1229/1229/1229
f 1228/1228/1228 1230/1230/1230 1227/1227/1227
f 1227/1227/1227 1230/1230/1230 1229/1229/1229
f 1228/1228/1228 1231/1231/1231 1230/1230/1230
f 1230/1230/1230 1232/1232/1232 1229/1229/1229
f 1231/1231/1231 1232/1232/1232 1230/1230/1230
f 1232/1232/1232 1233/1233/1233 1229/1229/1229
f 1231/1231/1231 1234/1234/1234 1232/1232/1232
f 1232/1232/1232 1235/1235/1235 1233/1233/1233
f 1234/1234/1234 1235/1235/1235 1232/1232/1232
f 1235/1235/1235 1236/1236/1236 1233/1233/1233
f 1237/1237/1237 1236/1236/1236 1235/1235/1235
f 1238/1238/1238 1235/1235/1235 1234/1234/1234
f 1238/1238/1238 1237/1237/1237 1235/1235/1235
f 1239/1239/1239 1238/1238/1238 1234/1234/1234
f 1239/1239/1239 1240/1240/1240 1238/1238/1238
f 1238/1238/1238 1241/1241/1241 1237/1237/1237
f 1240/1240/1240 1241/1241/1241 1238/1238/1238
f 1241/1241/1241 1242/1242/1242 1237/1237/1237
f 1240/1240/1240 1243/1243/1243 1241/1241/1241
f 1241/1241/1241 1244/1244/1244 1242/1242/1242
f 1243/1243/1243 1244/1244/1244 1241/1241/1241
f 1244/1244/1244 1245/1245/1245 1242/1242/1242
f 1243/1243/1243 1246/1246/1246 1244/1244/1244
f 1244/1244/1244 1247/1247/1247 1245/1245/1245
f 1246/1246/1246 1247/1247/1247 1244/1244/1244
f 1247/1247/1247 1248/1248/1248 1245/1245/1245
f 1246/1246/1246 1249/1249/1249 1247/1247/1247
f 1247/1247/1247 1250/1250/1250 1248/1248/1248
f 1249/1249/1249 1250/1250/1250 1247/1247/1247
f 1249/1249/1249 1251/1251/1251 1250/1250/1250
f 1250/1250/1250 1252/1252/1252 1248/1248/1248
f 1251/1251/1251 1253/1253/1253 1250/1250/1250
f 1250/1250/1250 1253/1253/1253 1252/1252/1252
f 1253/1253/1253 1254/1254/1254 1252/1252/1252
f 1257/1257/1257 1256/1256/1256 1255/1255/1255
f 1256/1256/1256 1257/1257/1257 1258/1258/1258
f 1257/1257/1257 1259/1259/1259 1258/1258/1258
f 1258/1258/1258 1259/1259/1259 1260/1260/1260
f 1259/1259/1259 1261/1261/1261 1260/1260/1260
f 1260/1260/1260 1261/1261/1261 1262/1262/1262
f 1261/1261/1261 1263/1263/1263 1262/1262/1262
f 1262/1262/1262 1263/1263/1263 1264/1264/1264
f 1261/1261/1261 1265/1265/1265 1263/1263/1263
f 1263/1263/1263 1266/1266/1266 1264/1264/1264
f 1264/1264/1264 1266/1266/1266 1267/1267/1267
f 1265/1265/1265 1268/1268/1268 1263/1263/1263
f 1263/1263/1263 1268/1268/1268 1266/1266/1266
f 1265/1265/1265 1269/1269/1269 1268/1268/1268
f 1268/1268/1268 1270/1270/1270 1266/1266/1266
f 1266/1266/1266 1270/1270/1270 1271/1271/1271
f 1266/1266/1266 1271/1271/1271 1267/1267/1267
f 1270/1270/1270 1272/1272/1272 1271/1271/1271
f 1272/1272/1272 1273/1273/1273 1271/1271/1271
f 1271/1271/1271 1274/1274/1274 1267/1267/1267
f 1273/1273/1273 1274/1274/1274 1271/1271/1271
f 1274/1274/1274 1275/1275/1275 1267/1267/1267
f 1273/1273/1273 1276/1276/1276 1274/1274/1274
f 1274/1274/1274 1277/1277/1277 1275/1275/1275
f 1276/1276/1276 1277/1277/1277 1274/1274/1274
f 1277/1277/1277 1278/1278/1278 1275/1275/1275
f 1279/1279/1279 1277/1277/1277 1276/1276/1276
f 1280/1280/1280 1278/1278/1278 1277/1277/1277
f 1279/1279/1279 1280/1280/1280 1277/1277/1277
f 1279/1279/1279 1281/1281/1281 1280/1280/1280
f 1282/1282/1282 1281/1281/1281 1279/1279/1279
f 1282/1282/1282 1283/1283/1283 1281/1281/1281
f 1281/1281/1281 1284/1284/1284 1280/1280/1280
f 1283/1283/1283 1285/1285/1285 1281/1281/1281
f 1281/1281/1281 1285/1285/1285 1284/1284/1284
f 1285/1285/1285 1286/1286/1286 1284/1284/1284
f 1285/1285/1285 1287/1287/1287 1286/1286/1286
f 1287/1287/1287 1288/1288/1288 1286/1286/1286
f 1287/1287/1287 1289/1289/1289 1288/1288/1288
f 1289/1289/1289 1290/1290/1290 1288/1288/1288
f 1289/1289/1289 1291/1291/1291 1290/1290/1290
f 1291/1291/1291 1292/1292/1292 1290/1290/1290
f 1295/1295/1295 1294/1294/1294 1293/1293/1293
f 1296/1296/1296 1294/1294/1294 1295/1295/1295
f 1297/1297/1297 1296/1296/1296 1295/1295/1295
f 1297/1297/1297 1298/1298/1298 1296/1296/1296
f 1298/1298/1298 1299/1299/1299 1296/1296/1296
f 1300/1300/1300 1299/1299/1299 1298/1298/1298
f 1301/1301/1301 1300/1300/1300 1298/1298/1298
f 1299/1299/1299 1300/1300/1300 1302/1302/1302
f 1300/1300/1300 1303/1303/1303 1302/1302/1302
f 1302/1302/1302 1303/1303/1303 1304/1304/1304
f 1303/1303/1303 1305/1305/1305 1304/1304/1304
f 1304/1304/1304 1305/1305/1305 1306/1306/1306
f 1304/1304/1304 1306/1306/1306 1307/1307/1307
f 1305/1305/1305 1308/1308/1308 1306/1306/1306
f 1307/1307/1307 1306/1306/1306 1309/1309/1309
f 1306/1306/1306 1308/1308/1308 1310/1310/1310
f 1306/1306/1306 1310/1310/1310 1309/1309/1309
f 1308/1308/1308 1311/1311/1311 1310/1310/1310
f 1309/1309/1309 1310/1310/1310 1312/1312/1312
f 1310/1310/1310 1311/1311/1311 1313/1313/1313
f 1310/1310/1310 1313/1313/1313 1312/1312/1312
f 1311/1311/1311 1314/1314/1314 1313/1313/1313
f 1314/1314/1314 1315/1315/1315 1313/1313/1313
f 1313/1313/1313 1316/1316/1316 1312/1312/1312
f 1315/1315/1315 1316/1316/1316 1313/1313/1313
f 1316/1316/1316 1317/1317/1317 1312/1312/1312
f 1315/1315/1315 1318/1318/1318 1316/1316/1316
f 1316/1316/1316 1319/1319/1319 1317/1317/1317
f 1318/1318/1318 1319/1319/1319 1316/1316/1316
f 1319/1319/1319 1320/1320/1320 1317/1317/1317
f 1321/1321/1321 1319/1319/1319 1318/1318/1318
f 1322/1322/1322 1321/1321/1321 1318/1318/1318
f 1322/1322/1322 1323/1323/1323 1321/1321/1321
f 1320/1320/1320 1319/1319/1319 1324/1324/1324
f 1319/1319/1319 1321/1321/1321 1324/1324/1324
f 1324/1324/1324 1325/1325/1325 1320/1320/1320
f 1324/1324/1324 1326/1326/1326 1325/1325/1325
f 1323/1323/1323 1327/1327/1327 1321/1321/1321
f 1321/1321/1321 1327/1327/1327 1324/1324/1324
f 1327/1327/1327 1326/1326/1326 1324/1324/1324
f 1323/1323/1323 1328/1328/1328 1327/1327/1327
f 1327/1327/1327 1329/1329/1329 1326/1326/1326
f 1328/1328/1328 1329/1329/1329 1327/1327/1327
f 1328/1328/1328 1330/1330/1330 1329/1329/1329
f 1329/1329/1329 1331/1331/1331 1326/1326/1326
f 1330/1330/1330 1332/1332/1332 1329/1329/1329
f 1329/1329/1329 1332/1332/1332 1331/1331/1331
f 1330/1330/1330 1333/1333/1333 1332/1332/1332
f 1332/1332/1332 1334/1334/1334 1331/1331/1331
f 1331/1331/1331 1334/1334/1334 1335/1335/1335
f 1334/1334/1334 1336/1336/1336 1335/1335/1335
f 1333/1333/1333 1337/1337/1337 1332/1332/1332
f 1332/1332/1332 1337/1337/1337 1334/1334/1334
f 1333/1333/1333 1338/1338/1338 1337/1337/1337
f 1338/1338/1338 1339/1339/1339 1337/1337/1337
f 1334/1334/1334 1340/1340/1340 1336/1336/1336
f 1337/1337/1337 1340/1340/1340 1334/1334/1334
f 1337/1337/1337 1339/1339/1339 1340/1340/1340
f 1340/1340/1340 1341/1341/1341 1336/1336/1336
f 1339/1339/1339 1342/1342/1342 1340/1340/1340
f 1340/1340/1340 1342/1342/1342 1341/1341/1341
f 1342/1342/1342 1343/1343/1343 1341/1341/1341
f 1346/1346/1346 1345/1345/1345 1344/1344/1344
f 1345/1345/1345 1347/1347/1347 1344/1344/1344
f 1344/1344/1344 1347/1347/1347 1348/1348/1348
f 1347/1347/1347 1349/1349/1349 1348/1348/1348
f 1349/1349/1349 1347/1347/1347 1350/1350/1350
f 1347/1347/1347 1345/1345/1345 1351/1351/1351
f 1347/1347/1347 1351/1351/1351 1350/1350/1350
f 1345/1345/1345 1352/1352/1352 1351/1351/1351
f 1350/1350/1350 1351/1351/1351 1353/1353/1353
f 1351/1351/1351 1352/1352/1352 1354/1354/1354
f 1351/1351/1351 1354/1354/1354 1353/1353/1353
f 1352/1352/1352 1355/1355/1355 1354/1354/1354
f 1353/1353/1353 1354/1354/1354 1356/1356/1356
f 1354/1354/1354 1355/1355/1355 1357/1357/1357
f 1354/1354/1354 1357/1357/1357 1356/1356/1356
f 1355/1355/1355 1358/1358/1358 1357/1357/1357
f 1356/1356/1356 1357/1357/1357 1359/1359/1359
f 1357/1357/1357 1358/1358/1358 1360/1360/1360
f 1357/1357/1357 1360/1360/1360 1359/1359/1359
f 1358/1358/1358 1361/1361/1361 1360/1360/1360
f 1359/1359/1359 1360/1360/1360 1362/1362/1362
f 1360/1360/1360 1361/1361/1361 1363/1363/1363
f 1360/1360/1360 1363/1363/1363 1362/1362/1362
f 1361/1361/1361 1364/1364/1364 1363/1363/1363
f 1364/1364/1364 1365/1365/1365 1363/1363/1363
f 1363/1363/1363 1366/1366/1366 1362/1362/1362
f 1365/1365/1365 1366/1366/1366 1363/1363/1363
f 1366/1366/1366 1367/1367/1367 1362/1362/1362
f 1365/1365/1365 1368/1368/1368 1366/1366/1366
f 1366/1366/1366 1369/1369/1369 1367/1367/1367
f 1368/1368/1368 1369/1369/1369 1366/1366/1366
f 1369/1369/1369 1370/1370/1370 1367/1367/1367
f 1371/1371/1371 1370/1370/1370 1369/1369/1369
f 1372/1372/1372 1369/1369/1369 1368/1368/1368
f 1372/1372/1372 1371/1371/1371 1369/1369/1369
f 1373/1373/1373 1372/1372/1372 1368/1368/1368
f 1373/1373/1373 1374/1374/1374 1372/1372/1372
f 1372/1372/1372 1375/1375/1375 1371/1371/1371
f 1374/1374/1374 1375/1375/1375 1372/1372/1372
f 1375/1375/1375 1376/1376/1376 1371/1371/1371
f 1374/1374/1374 1377/1377/1377 1375/1375/1375
f 1375/1375/1375 1378/1378/1378 1376/1376/1376
f 1377/1377/1377 1378/1378/1378 1375/1375/1375
f 1378/1378/1378 1379/1379/1379 1376/1376/1376
f 1377/1377/1377 1380/1380/1380 1378/1378/1378
f 1378/1378/1378 1381/1381/1381 1379/1379/1379
f 1380/1380/1380 1381/1381/1381 1378/1378/1378
f 1381/1381/1381 1382/1382/1382 1379/1379/1379
f 1380/1380/1380 1383/1383/1383 1381/1381/1381
f 1381/1381/1381 1384/1384/1384 1382/1382/1382
f 1383/1383/1383 1384/1384/1384 1381/1381/1381
f 1383/1383/1383 1385/1385/1385 1384/1384/1384
f 1384/1384/1384 1386/1386/1386 1382/1382/1382
f 1385/1385/1385 1387/1387/1387 1384/1384/1384
f 1384/1384/1384 1387/1387/1387 1386/1386/1386
f 1387/1387/1387 1388/1388/1388 1386/1386/1386
f 1391/1391/1391 1390/1390/1390 1389/1389/1389
f 1390/1390/1390 1392/1392/1392 1389/1389/1389
f 1389/1389/1389 1392/1392/1392 1393/1393/1393
f 1392/1392/1392 1394/1394/1394 1393/1393/1393
f 1394/1394/1394 1392/1392/1392 1395/1395/1395
f 1392/1392/1392 1390/1390/1390 1396/1396/1396
f 1392/1392/1392 1396/1396/1396 1395/1395/1395
f 1390/1390/1390 1397/1397/1397 1396/1396/1396
f 1395/1395/1395 1396/1396/1396 1398/1398/1398
f 1396/1396/1396 1397/1397/1397 1399/1399/1399
f 1396/1396/1396 1399/1399/1399 1398/1398/1398
f 1397/1397/1397 1400/1400/1400 1399/1399/1399
f 1398/1398/1398 1399/1399/1399 1401/1401/1401
f 1399/1399/1399 1400/1400/1400 1402/1402/1402
f 1399/1399/1399 1402/1402/1402 1401/1401/1401
f 1400/1400/1400 1403/1403/1403 1402/1402/1402
f 1401/1401/1401 1402/1402/1402 1404/1404/1404
f 1402/1402/1402 1403/1403/1403 1405/1405/1405
f 1402/1402/1402 1405/1405/1405 1404/1404/1404
f 1403/1403/1403 1406/1406/1406 1405/1405/1405
f 1404/1404/1404 1405/1405/1405 1407/1407/1407
f 1405/1405/1405 1406/1406/1406 1408/1408/1408
f 1405/1405/1405 1408/1408/1408 1407/1407/1407
f 1406/1406/1406 1409/1409/1409 1408/1408/1408
f 1409/1409/1409 1410/1410/1410 1408/1408/1408
f 1408/1408/1408 1411/1411/1411 1407/1407/1407
f 1410/1410/1410 1411/1411/1411 1408/1408/1408
f 1411/1411/1411 1412/1412/1412 1407/1407/1407
f 1410/1410/1410 1413/1413/1413 1411/1411/1411
f 1411/1411/1411 1414/1414/1414 1412/1412/1412
f 1413/1413/1413 1414/1414/1414 1411/1411/1411
f 1414/1414/1414 1415/1415/1415 1412/1412/1412
f 1416/1416/1416 1415/1415/1415 1414/1414/1414
f 1417/1417/1417 1414/1414/1414 1413/1413/1413
f 1417/1417/1417 1416/1416/1416 1414/1414/1414
f 1418/1418/1418 1417/1417/1417 1413/1413/1413
f 1418/1418/1418 1419/1419/1419 1417/1417/1417
f 1417/1417/1417 1420/1420/1420 1416/1416/1416
f 1419/1419/1419 1420/1420/1420 1417/1417/1417
f 1420/1420/1420 1421/1421/1421 1416/1416/1416
f 1419/1419/1419 1422/1422/1422 1420/1420/1420
f 1420/1420/1420 1423/1423/1423 1421/1421/1421
f 1422/1422/1422 1423/1423/1423 1420/1420/1420
f 1423/1423/1423 1424/1424/1424 1421/1421/1421
f 1422/1422/1422 1425/1425/1425 1423/1423/1423
f 1423/1423/1423 1426/1426/1426 1424/1424/1424
f 1425/1425/1425 1426/1426/1426 1423/1423/1423
f 1426/1426/1426 1427/1427/1427 1424/1424/1424
f 1425/1425/1425 1428/1428/1428 1426/1426/1426
f 1426/1426/1426 1429/1429/1429 1427/1427/1427
f 1428/1428/1428 1429/1429/1429 1426/1426/1426
f 1428/1428/1428 1430/1430/1430 1429/1429/1429
f 1429/1429/1429 1431/1431/1431 1427/1427/1427
f 1430/1430/1430 1432/1432/1432 1429/1429/1429
f 1429/1429/1429 1432/1432/1432 1431/1431/1431
f 1432/1432/1432 1433/1433/1433 1431/1431/1431
f 1436/1436/1436 1435/1435/1435 1434/1434/1434
f 1434/1434/1434 1435/1435/1435 1437/1437/1437
f 1435/1435/1435 1438/1438/1438 1437/1437/1437
f 1437/1437/1437 1438/1438/1438 1439/1439/1439
f 1438/1438/1438 1440/1440/1440 1439/1439/1439
f 1439/1439/1439 1440/1440/1440 1441/1441/1441
f 1440/1440/1440 1442/1442/1442 1441/1441/1441
f 1442/1442/1442 1440/1440/1440 1443/1443/1443
f 1440/1440/1440 1444/1444/1444 1443/1443/1443
f 1443/1443/1443 1444/1444/1444 1445/1445/1445
f 1444/1444/1444 1446/1446/1446 1445/1445/1445
f 1445/1445/1445 1446/1446/1446 1447/1447/1447
f 1446/1446/1446 1448/1448/1448 1447/1447/1447
f 1447/1447/1447 1448/1448/1448 1449/1449/1449
f 1446/1446/1446 1450/1450/1450 1448/1448/1448
f 1448/1448/1448 1451/1451/1451 1449/1449/1449
f 1449/1449/1449 1451/1451/1451 1452/1452/1452
f 1450/1450/1450 1453/1453/1453 1448/1448/1448
f 1448/1448/1448 1453/1453/1453 1451/1451/1451
f 1450/1450/1450 1454/1454/1454 1453/1453/1453
f 1454/1454/1454 1455/1455/1455 1453/1453/1453
f 1454/1454/1454 1456/1456/1456 1455/1455/1455
f 1456/1456/1456 1457/1457/1457 1455/1455/1455
f 1453/1453/1453 1458/1458/1458 1451/1451/1451
f 1453/1453/1453 1455/1455/1455 1458/1458/1458
f 1455/1455/1455 1457/1457/1457 1459/1459/1459
f 1455/1455/1455 1459/1459/1459 1458/1458/1458
f 1457/1457/1457 1460/1460/1460 1459/1459/1459
f 1451/1451/1451 1461/1461/1461 1452/1452/1452
f 1451/1451/1451 1458/1458/1458 1461/1461/1461
f 1459/1459/1459 1460/1460/1460 1462/1462/1462
f 1460/1460/1460 1463/1463/1463 1462/1462/1462
f 1463/1463/1463 1464/1464/1464 1462/1462/1462
f 1464/1464/1464 1465/1465/1465 1462/1462/1462
f 1458/1458/1458 1459/1459/1459 1466/1466/1466
f 1459/1459/1459 1462/1462/1462 1466/1466/1466
f 1458/1458/1458 1466/1466/1466 1461/1461/1461
f 1462/1462/1462 1465/1465/1465 1466/1466/1466
f 1461/1461/1461 1467/1467/1467 1452/1452/1452
f 1467/1467/1467 1468/1468/1468 1452/1452/1452
f 1466/1466/1466 1469/1469/1469 1461/1461/1461
f 1465/1465/1465 1469/1469/1469 1466/1466/1466
f 1469/1469/1469 1467/1467/1467 1461/1461/1461
f 1467/1467/1467 1470/1470/1470 1468/1468/1468
f 1470/1470/1470 1471/1471/1471 1468/1468/1468
f 1472/1472/1472 1471/1471/1471 1470/1470/1470
f 1465/1465/1465 1473/1473/1473 1469/1469/1469
f 1474/1474/1474 1473/1473/1473 1465/1465/1465
f 1475/1475/1475 1473/1473/1473 1474/1474/1474
f 1469/1469/1469 1476/1476/1476 1467/1467/1467
f 1476/1476/1476 1470/1470/1470 1467/1467/1467
f 1473/1473/1473 1476/1476/1476 1469/1469/1469
f 1477/1477/1477 1472/1472/1472 1470/1470/1470
f 1477/1477/1477 1470/1470/1470 1476/1476/1476
f 1478/1478/1478 1476/1476/1476 1473/1473/1473
f 1475/1475/1475 1478/1478/1478 1473/1473/1473
f 1478/1478/1478 1477/1477/1477 1476/1476/1476
f 1475/1475/1475 1479/1479/1479 1478/1478/1478
f 1480/1480/1480 1479/1479/1479 1475/1475/1475
f 1480/1480/1480 1481/1481/1481 1479/1479/1479
f 1481/1481/1481 1482/1482/1482 1479/1479/1479
f 1481/1481/1481 1483/1483/1483 1482/1482/1482
f 1478/1478/1478 1484/1484/1484 1477/1477/1477
f 1477/1477/1477 1485/1485/1485 1472/1472/1472
f 1484/1484/1484 1485/1485/1485 1477/1477/1477
f 1485/1485/1485 1486/1486/1486 1472/1472/1472
f 1484/1484/1484 1487/1487/1487 1485/1485/1485
f 1485/1485/1485 1488/1488/1488 1486/1486/1486
f 1487/1487/1487 1488/1488/1488 1485/1485/1485
f 1488/1488/1488 1489/1489/1489 1486/1486/1486
f 1487/1487/1487 1490/1490/1490 1488/1488/1488
f 1488/1488/1488 1491/1491/1491 1489/1489/1489
f 1490/1490/1490 1491/1491/1491 1488/1488/1488
f 1491/1491/1491 1492/1492/1492 1489/1489/1489
f 1490/1490/1490 1493/1493/1493 1491/1491/1491
f 1491/1491/1491 1494/1494/1494 1492/1492/1492
f 1493/1493/1493 1494/1494/1494 1491/1491/1491
f 1493/1493/1493 1495/1495/1495 1494/1494/1494
f 1494/1494/1494 1496/1496/1496 1492/1492/1492
f 1495/1495/1495 1497/1497/1497 1494/1494/1494
f 1494/1494/1494 1497/1497/1497 1496/1496/1496
f 1497/1497/1497 1498/1498/1498 1496/1496/1496
f 1501/1501/1501 1500/1500/1500 1499/1499/1499
f 1500/1500/1500 1502/1502/1502 1499/1499/1499
f 1499/1499/1499 1502/1502/1502 1503/1503/1503
f 1502/1502/1502 1504/1504/1504 1503/1503/1503
f 1504/1504/1504 1502/1502/1502 1505/1505/1505
f 1502/1502/1502 1500/1500/1500 1506/1506/1506
f 1502/1502/1502 1506/1506/1506 1505/1505/1505
f 1500/1500/1500 1507/1507/1507 1506/1506/1506
f 1505/1505/1505 1506/1506/1506 1508/1508/1508
f 1506/1506/1506 1507/1507/1507 1509/1509/1509
f 1506/1506/1506 1509/1509/1509 1508/1508/1508
f 1507/1507/1507 1510/1510/1510 1509/1509/1509
f 1508/1508/1508 1509/1509/1509 1511/1511/1511
f 1509/1509/1509 1510/1510/1510 1512/1512/1512
f 1509/1509/1509 1512/1512/1512 1511/1511/1511
f 1510/1510/1510 1513/1513/1513 1512/1512/1512
f 1511/1511/1511 1512/1512/1512 1514/1514/1514
f 1512/1512/1512 1513/1513/1513 1515/1515/1515
f 1512/1512/1512 1515/1515/1515 1514/1514/1514
f 1513/1513/1513 1516/1516/1516 1515/1515/1515
f 1514/1514/1514 1515/1515/1515 1517/1517/1517
f 1515/1515/1515 1516/1516/1516 1518/1518/1518
f 1515/1515/1515 1518/1518/1518 1517/1517/1517
f 1516/1516/1516 1519/1519/1519 1518/1518/1518
f 1519/1519/1519 1520/1520/1520 1518/1518/1518
f 1518/1518/1518 1521/1521/1521 1517/1517/1517
f 1520/1520/1520 1521/1521/1521 1518/1518/1518
f 1521/1521/1521 1522/1522/1522 1517/1517/1517
f 1520/1520/1520 1523/1523/1523 1521/1521/1521
f 1521/1521/1521 1524/1524/1524 1522/1522/1522
f 1523/1523/1523 1524/1524/1524 1521/1521/1521
f 1524/1524/1524 1525/1525/1525 1522/1522/1522
f 1526/1526/1526 1525/1525/1525 1524/1524/1524
f 1527/1527/1527 1524/1524/1524 1523/1523/1523
f 1527/1527/1527 1526/1526/1526 1524/1524/1524
f 1528/1528/1528 1527/1527/1527 1523/1523/1523
f 1528/1528/1528 1529/1529/1529 1527/1527/1527
f 1527/1527/1527 1530/1530/1530 1526/1526/1526
f 1529/1529/1529 1530/1530/1530 1527/1527/1527
f 1530/1530/1530 1531/1531/1531 1526/1526/1526
f 1529/1529/1529 1532/1532/1532 1530/1530/1530
f 1530/1530/1530 1533/1533/1533 1531/1531/1531
f 1532/1532/1532 1533/1533/1533 1530/1530/1530
f 1533/1533/1533 1534/1534/1534 1531/1531/1531
f 1532/1532/1532 1535/1535/1535 1533/1533/1533
f 1533/1533/1533 1536/1536/1536 1534/1534/1534
f 1535/1535/1535 1536/1536/1536 1533/1533/1533
f 1536/1536/1536 1537/1537/1537 1534/1534/1534
f 1535/1535/1535 1538/1538/1538 1536/1536/1536
f 1536/1536/1536 1539/1539/1539 1537/1537/1537
f 1538/1538/1538 1539/1539/1539 1536/1536/1536
f 1538/1538/1538 1540/1540/1540 1539/1539/1539
f 1539/1539/1539 1541/1541/1541 1537/1537/1537
f 1540/1540/1540 1542/1542/1542 1539/1539/1539
f 1539/1539/1539 1542/1542/1542 1541/1541/1541
f 1542/1542/1542 1543/1543/1543 1541/1541/1541
f 1546/1546/1546 1545/1545/1545 1544/1544/1544
f 1547/1547/1547 1546/1546/1546 1544/1544/1544
f 1548/1548/1548 1546/1546/1546 1547/1547/1547
f 1547/1547/1547 1544/1544/1544 1549/1549/1549
f 1550/1550/1550 1548/1548/1548 1547/1547/1547
f 1551/1551/1551 1547/1547/1547 1549/1549/1549
f 1550/1550/1550 1547/1547/1547 1551/1551/1551
f 1552/1552/1552 1550/1550/1550 1551/1551/1551
f 1551/1551/1551 1549/1549/1549 1553/1553/1553
f 1552/1552/1552 1551/1551/1551 1554/1554/1554
f 1554/1554/1554 1551/1551/1551 1553/1553/1553
f 1554/1554/1554 1553/1553/1553 1555/1555/1555
f 1556/1556/1556 1554/1554/1554 1555/1555/1555
f 1556/1556/1556 1555/1555/1555 1557/1557/1557
f 1560/1560/1560 1559/1559/1559 1558/1558/1558
f 1559/1559/1559 1561/1561/1561 1558/1558/1558
f 1561/1561/1561 1559/1559/1559 1562/1562/1562
f 1558/1558/1558 1561/1561/1561 1563/1563/1563
f 1564/1564/1564 1561/1561/1561 1562/1562/1562
f 1561/1561/1561 1565/1565/1565 1563/1563/1563
f 1561/1561/1561 1564/1564/1564 1565/1565/1565
f 1563/1563/1563 1565/1565/1565 1566/1566/1566
f 1564/1564/1564 1567/1567/1567 1565/1565/1565
f 1565/1565/1565 1568/1568/1568 1566/1566/1566
f 1565/1565/1565 1567/1567/1567 1568/1568/1568
f 1567/1567/1567 1569/1569/1569 1568/1568/1568
f 1572/1572/1572 1571/1571/1571 1570/1570/1570
f 1571/1571/1571 1573/1573/1573 1570/1570/1570
f 1570/1570/1570 1573/1573/1573 1574/1574/1574
f 1573/1573/1573 1575/1575/1575 1574/1574/1574
f 1576/1576/1576 1575/1575/1575 1573/1573/1573
f 1573/1573/1573 1571/1571/1571 1577/1577/1577
f 1577/1577/1577 1576/1576/1576 1573/1573/1573
f 1571/1571/1571 1578/1578/1578 1577/1577/1577
f 1579/1579/1579 1576/1576/1576 1577/1577/1577
f 1577/1577/1577 1578/1578/1578 1580/1580/1580
f 1580/1580/1580 1579/1579/1579 1577/1577/1577
f 1578/1578/1578 1581/1581/1581 1580/1580/1580
f 1582/1582/1582 1579/1579/1579 1580/1580/1580
f 1580/1580/1580 1581/1581/1581 1583/1583/1583
f 1583/1583/1583 1582/1582/1582 1580/1580/1580
f 1581/1581/1581 1584/1584/1584 1583/1583/1583
f 1583/1583/1583 1584/1584/1584 1585/1585/1585
f 1586/1586/1586 1583/1583/1583 1585/1585/1585
f 1582/1582/1582 1583/1583/1583 1586/1586/1586
f 1587/1587/1587 1582/1582/1582 1586/1586/1586
f 1590/1590/1590 1589/1589/1589 1588/1588/1588
f 1591/1591/1591 1590/1590/1590 1588/1588/1588
f 1592/1592/1592 1590/1590/1590 1591/1591/1591
f 1593/1593/1593 1592/1592/1592 1591/1591/1591
f 1596/1596/1596 1595/1595/1595 1594/1594/1594
f 1595/1595/1595 1597/1597/1597 1594/1594/1594
f 1594/1594/1594 1597/1597/1597 1598/1598/1598
f 1597/1597/1597 1599/1599/1599 1598/1598/1598
f 1602/1602/1602 1601/1601/1601 1600/1600/1600
f 1601/1601/1601 1603/1603/1603 1600/1600/1600
f 1600/1600/1600 1603/1603/1603 1604/1604/1604
f 1603/1603/1603 1605/1605/1605 1604/1604/1604
f 1605/1605/1605 1603/1603/1603 1606/1606/1606
f 1603/1603/1603 1601/1601/1601 1607/1607/1607
f 1603/1603/1603 1607/1607/1607 1606/1606/1606
f 1601/1601/1601 1608/1608/1608 1607/1607/1607
f 1606/1606/1606 1607/1607/1607 1609/1609/1609
f 1607/1607/1607 1608/1608/1608 1610/1610/1610
f 1607/1607/1607 1610/1610/1610 1609/1609/1609
f 1608/1608/1608 1611/1611/1611 1610/1610/1610
f 1609/1609/1609 1610/1610/1610 1612/1612/1612
f 1613/1613/1613 1610/1610/1610 1611/1611/1611
f 1610/1610/1610 1613/1613/1613 1612/1612/1612
f 1614/1614/1614 1613/1613/1613 1611/1611/1611
f 1615/1615/1615 1612/1612/1612 1613/1613/1613
f 1613/1613/1613 1614/1614/1614 1616/1616/1616
f 1617/1617/1617 1615/1615/1615 1613/1613/1613
f 1617/1617/1617 1613/1613/1613 1616/1616/1616
f 1620/1620/1620 1619/1619/1619 1618/1618/1618
f 1618/1618/1618 1619/1619/1619 1621/1621/1621
f 1622/1622/1622 1619/1619/1619 1620/1620/1620
f 1621/1621/1621 1619/1619/1619 1623/1623/1623
f 1624/1624/1624 1619/1619/1619 1622/1622/1622
f 1623/1623/1623 1619/1619/1619 1625/1625/1625
f 1626/1626/1626 1619/1619/1619 1624/1624/1624
f 1625/1625/1625 1619/1619/1619 1627/1627/1627
f 1628/1628/1628 1619/1619/1619 1626/1626/1626
f 1627/1627/1627 1619/1619/1619 1629/1629/1629
f 1630/1630/1630 1619/1619/1619 1628/1628/1628
f 1629/1629/1629 1619/1619/1619 1631/1631/1631
f 1632/1632/1632 1619/1619/1619 1630/1630/1630
f 1631/1631/1631 1619/1619/1619 1633/1633/1633
f 1634/1634/1634 1619/1619/1619 1632/1632/1632
f 1633/1633/1633 1619/1619/1619 1634/1634/1634
f 1637/1637/1637 1636/1636/1636 1635/1635/1635
f 1636/1636/1636 1637/1637/1637 1638/1638/1638
f 1639/1639/1639 1636/1636/1636 1638/1638/1638
f 1639/1639/1639 1640/1640/1640 1636/1636/1636
f 1640/1640/1640 1641/1641/1641 1636/1636/1636
f 1636/1636/1636 1642/1642/1642 1635/1635/1635
f 1642/1642/1642 1636/1636/1636 1641/1641/1641
f 1643/1643/1643 1635/1635/1635 1642/1642/1642
f 1644/1644/1644 1642/1642/1642 1641/1641/1641
f 1645/1645/1645 1643/1643/1643 1642/1642/1642
f 1645/1645/1645 1642/1642/1642 1644/1644/1644
f 1646/1646/1646 1643/1643/1643 1645/1645/1645
f 1647/1647/1647 1645/1645/1645 1644/1644/1644
f 1648/1648/1648 1646/1646/1646 1645/1645/1645
f 1648/1648/1648 1645/1645/1645 1647/1647/1647
f 1649/1649/1649 1646/1646/1646 1648/1648/1648
f 1650/1650/1650 1648/1648/1648 1647/1647/1647
f 1651/1651/1651 1649/1649/1649 1648/1648/1648
f 1648/1648/1648 1650/1650/1650 1652/1652/1652
f 1651/1651/1651 1648/1648/1648 1652/1652/1652
f 1655/1655/1655 1654/1654/1654 1653/1653/1653
f 1656/1656/1656 1655/1655/1655 1653/1653/1653
f 1654/1654/1654 1655/1655/1655 1657/1657/1657
f 1653/1653/1653 1658/1658/1658 1656/1656/1656
f 1659/1659/1659 1654/1654/1654 1657/1657/1657
f 1658/1658/1658 1660/1660/1660 1656/1656/1656
f 1659/1659/1659 1657/1657/1657 1661/1661/1661
f 1658/1658/1658 1662/1662/1662 1660/1660/1660
f 1663/1663/1663 1659/1659/1659 1661/1661/1661
f 1662/1662/1662 1664/1664/1664 1660/1660/1660
f 1663/1663/1663 1661/1661/1661 1665/1665/1665
f 1662/1662/1662 1666/1666/1666 1664/1664/1664
f 1667/1667/1667 1663/1663/1663 1665/1665/1665
f 1666/1666/1666 1668/1668/1668 1664/1664/1664
f 1667/1667/1667 1665/1665/1665 1669/1669/1669
f 1666/1666/1666 1670/1670/1670 1668/1668/1668
f 1671/1671/1671 1667/1667/1667 1669/1669/1669
f 1670/1670/1670 1672/1672/1672 1668/1668/1668
f 1671/1671/1671 1669/1669/1669 1673/1673/1673
f 1670/1670/1670 1674/1674/1674 1672/1672/1672
f 1675/1675/1675 1671/1671/1671 1673/1673/1673
f 1674/1674/1674 1676/1676/1676 1672/1672/1672
f 1675/1675/1675 1673/1673/1673 1677/1677/1677
f 1674/1674/1674 1678/1678/1678 1676/1676/1676
f 1679/1679/1679 1675/1675/1675 1677/1677/1677
f 1678/1678/1678 1680/1680/1680 1676/1676/1676
f 1679/1679/1679 1677/1677/1677 1681/1681/1681
f 1678/1678/1678 1682/1682/1682 1680/1680/1680
f 1683/1683/1683 1679/1679/1679 1681/1681/1681
f 1682/1682/1682 1684/1684/1684 1680/1680/1680
f 1683/1683/1683 1681/1681/1681 1684/1684/1684
f 1682/1682/1682 1683/1683/1683 1684/1684/1684
usemtl Pan_Detail_Mat
f 1687/1687/1687 1686/1686/1686 1685/1685/1685
f 1690/1690/1690 1689/1689/1689 1688/1688/1688
usemtl Pan_Glass_Mat
f 1693/1693/1693 1692/1692/1692 1691/1691/1691
f 1696/1696/1696 1695/1695/1695 1694/1694/1694
usemtl Pot_Pan_Decals_Off_Mat
f 1699/1699/1699 1698/1698/1698 1697/1697/1697
f 1700/1700/1700 1699/1699/1699 1697/1697/1697
f 1700/1700/1700 1697/1697/1697 1701/1701/1701
f 1699/1699/1699 1700/1700/1700 1702/1702/1702
f 1703/1703/1703 1699/1699/1699 1702/1702/1702
f 1704/1704/1704 1700/1700/1700 1701/1701/1701
f 1704/1704/1704 1701/1701/1701 1705/1705/1705
f 1702/1702/1702 1706/1706/1706 1703/1703/1703
f 1706/1706/1706 1707/1707/1707 1703/1703/1703
f 1702/1702/1702 1700/1700/1700 1708/1708/1708
f 1706/1706/1706 1702/1702/1702 1708/1708/1708
f 1700/1700/1700 1704/1704/1704 1708/1708/1708
f 1709/1709/1709 1706/1706/1706 1708/1708/1708
f 1709/1709/1709 1708/1708/1708 1710/1710/1710
f 1708/1708/1708 1704/1704/1704 1710/1710/1710
f 1711/1711/1711 1709/1709/1709 1710/1710/1710
f 1711/1711/1711 1710/1710/1710 1712/1712/1712
f 1710/1710/1710 1713/1713/1713 1712/1712/1712
f 1714/1714/1714 1704/1704/1704 1705/1705/1705
f 1704/1704/1704 1714/1714/1714 1710/1710/1710
f 1710/1710/1710 1714/1714/1714 1713/1713/1713
f 1705/1705/1705 1715/1715/1715 1714/1714/1714
f 1714/1714/1714 1716/1716/1716 1713/1713/1713
f 1715/1715/1715 1716/1716/1716 1714/1714/1714
f 1716/1716/1716 1715/1715/1715 1717/1717/1717
f 1720/1720/1720 1719/1719/1719 1718/1718/1718
f 1721/1721/1721 1720/1720/1720 1718/1718/1718
f 1721/1721/1721 1718/1718/1718 1722/1722/1722
f 1723/1723/1723 1721/1721/1721 1722/1722/1722
f 1722/1722/1722 1724/1724/1724 1723/1723/1723
f 1724/1724/1724 1725/1725/1725 1723/1723/1723
f 1723/1723/1723 1725/1725/1725 1726/1726/1726
f 1721/1721/1721 1723/1723/1723 1727/1727/1727
f 1727/1727/1727 1723/1723/1723 1726/1726/1726
f 1720/1720/1720 1721/1721/1721 1728/1728/1728
f 1728/1728/1728 1721/1721/1721 1727/1727/1727
f 1729/1729/1729 1727/1727/1727 1726/1726/1726
f 1728/1728/1728 1727/1727/1727 1729/1729/1729
f 1730/1730/1730 1729/1729/1729 1726/1726/1726
f 1731/1731/1731 1728/1728/1728 1729/1729/1729
f 1732/1732/1732 1720/1720/1720 1728/1728/1728
f 1732/1732/1732 1728/1728/1728 1731/1731/1731
f 1733/1733/1733 1720/1720/1720 1732/1732/1732
f 1734/1734/1734 1732/1732/1732 1731/1731/1731
f 1735/1735/1735 1733/1733/1733 1732/1732/1732
f 1735/1735/1735 1732/1732/1732 1734/1734/1734
f 1736/1736/1736 1735/1735/1735 1734/1734/1734
f 1739/1739/1739 1738/1738/1738 1737/1737/1737
f 1738/1738/1738 1740/1740/1740 1737/1737/1737
f 1740/1740/1740 1738/1738/1738 1741/1741/1741
f 1742/1742/1742 1740/1740/1740 1741/1741/1741
f 1741/1741/1741 1738/1738/1738 1743/1743/1743
f 1741/1741/1741 1744/1744/1744 1742/1742/1742
f 1744/1744/1744 1745/1745/1745 1742/1742/1742
f 1746/1746/1746 1741/1741/1741 1743/1743/1743
f 1744/1744/1744 1741/1741/1741 1746/1746/1746
f 1746/1746/1746 1743/1743/1743 1747/1747/1747
f 1748/1748/1748 1746/1746/1746 1747/1747/1747
f 1748/1748/1748 1749/1749/1749 1746/1746/1746
f 1749/1749/1749 1750/1750/1750 1746/1746/1746
f 1750/1750/1750 1744/1744/1744 1746/1746/1746
f 1749/1749/1749 1751/1751/1751 1750/1750/1750
f 1744/1744/1744 1752/1752/1752 1745/1745/1745
f 1752/1752/1752 1744/1744/1744 1750/1750/1750
f 1752/1752/1752 1753/1753/1753 1745/1745/1745
f 1751/1751/1751 1754/1754/1754 1750/1750/1750
f 1754/1754/1754 1752/1752/1752 1750/1750/1750
f 1752/1752/1752 1755/1755/1755 1753/1753/1753
f 1755/1755/1755 1752/1752/1752 1754/1754/1754
f 1755/1755/1755 1756/1756/1756 1753/1753/1753
f 1757/1757/1757 1754/1754/1754 1751/1751/1751
f 1757/1757/1757 1755/1755/1755 1754/1754/1754
f 1758/1758/1758 1757/1757/1757 1751/1751/1751
f 1755/1755/1755 1759/1759/1759 1756/1756/1756
f 1759/1759/1759 1755/1755/1755 1757/1757/1757
f 1759/1759/1759 1760/1760/1760 1756/1756/1756
f 1759/1759/1759 1761/1761/1761 1760/1760/1760
f 1762/1762/1762 1757/1757/1757 1758/1758/1758
f 1762/1762/1762 1759/1759/1759 1757/1757/1757
f 1761/1761/1761 1759/1759/1759 1762/1762/1762
f 1763/1763/1763 1762/1762/1762 1758/1758/1758
f 1764/1764/1764 1761/1761/1761 1762/1762/1762
f 1764/1764/1764 1762/1762/1762 1763/1763/1763
f 1765/1765/1765 1764/1764/1764 1763/1763/1763
f 1768/1768/1768 1767/1767/1767 1766/1766/1766
f 1767/1767/1767 1769/1769/1769 1766/1766/1766
f 1769/1769/1769 1767/1767/1767 1770/1770/1770
f 1766/1766/1766 1769/1769/1769 1771/1771/1771
f 1772/1772/1772 1766/1766/1766 1771/1771/1771
f 1773/1773/1773 1769/1769/1769 1770/1770/1770
f 1770/1770/1770 1774/1774/1774 1773/1773/1773
f 1771/1771/1771 1769/1769/1769 1775/1775/1775
f 1769/1769/1769 1773/1773/1773 1775/1775/1775
f 1774/1774/1774 1776/1776/1776 1773/1773/1773
f 1774/1774/1774 1777/1777/1777 1776/1776/1776
f 1775/1775/1775 1773/1773/1773 1778/1778/1778
f 1773/1773/1773 1776/1776/1776 1778/1778/1778
f 1775/1775/1775 1779/1779/1779 1771/1771/1771
f 1775/1775/1775 1778/1778/1778 1779/1779/1779
f 1779/1779/1779 1780/1780/1780 1771/1771/1771
f 1771/1771/1771 1780/1780/1780 1772/1772/1772
f 1780/1780/1780 1781/1781/1781 1772/1772/1772
f 1772/1772/1772 1781/1781/1781 1782/1782/1782
f 1781/1781/1781 1783/1783/1783 1782/1782/1782
f 1778/1778/1778 1784/1784/1784 1779/1779/1779
f 1778/1778/1778 1785/1785/1785 1784/1784/1784
f 1778/1778/1778 1776/1776/1776 1785/1785/1785
f 1785/1785/1785 1786/1786/1786 1784/1784/1784
f 1787/1787/1787 1786/1786/1786 1785/1785/1785
f 1776/1776/1776 1788/1788/1788 1785/1785/1785
f 1777/1777/1777 1788/1788/1788 1776/1776/1776
f 1777/1777/1777 1789/1789/1789 1788/1788/1788
f 1790/1790/1790 1787/1787/1787 1785/1785/1785
f 1785/1785/1785 1788/1788/1788 1790/1790/1790
f 1791/1791/1791 1787/1787/1787 1790/1790/1790
f 1789/1789/1789 1792/1792/1792 1788/1788/1788
f 1788/1788/1788 1792/1792/1792 1790/1790/1790
f 1789/1789/1789 1793/1793/1793 1792/1792/1792
f 1794/1794/1794 1791/1791/1791 1790/1790/1790
f 1790/1790/1790 1792/1792/1792 1794/1794/1794
f 1795/1795/1795 1791/1791/1791 1794/1794/1794
f 1796/1796/1796 1795/1795/1795 1794/1794/1794
f 1793/1793/1793 1797/1797/1797 1792/1792/1792
f 1792/1792/1792 1797/1797/1797 1794/1794/1794
f 1794/1794/1794 1797/1797/1797 1796/1796/1796
f 1793/1793/1793 1798/1798/1798 1797/1797/1797
f 1797/1797/1797 1799/1799/1799 1796/1796/1796
f 1798/1798/1798 1799/1799/1799 1797/1797/1797
f 1802/1802/1802 1801/1801/1801 1800/1800/1800
f 1803/1803/1803 1802/1802/1802 1800/1800/1800
f 1800/1800/1800 1804/1804/1804 1803/1803/1803
f 1804/1804/1804 1805/1805/1805 1803/1803/1803
f 1804/1804/1804 1806/1806/1806 1805/1805/1805
f 1806/1806/1806 1807/1807/1807 1805/1805/1805
f 1810/1810/1810 1809/1809/1809 1808/1808/1808
f 1809/1809/1809 1811/1811/1811 1808/1808/1808
f 1809/1809/1809 1812/1812/1812 1811/1811/1811
f 1812/1812/1812 1813/1813/1813 1811/1811/1811
f 1812/1812/1812 1814/1814/1814 1813/1813/1813
f 1814/1814/1814 1815/1815/1815 1813/1813/1813
f 1814/1814/1814 1816/1816/1816 1815/1815/1815
f 1816/1816/1816 1817/1817/1817 1815/1815/1815
f 1816/1816/1816 1818/1818/1818 1817/1817/1817
f 1818/1818/1818 1819/1819/1819 1817/1817/1817
f 1818/1818/1818 1820/1820/1820 1819/1819/1819
f 1820/1820/1820 1821/1821/1821 1819/1819/1819
f 1820/1820/1820 1822/1822/1822 1821/1821/1821
f 1822/1822/1822 1823/1823/1823 1821/1821/1821
f 1822/1822/1822 1824/1824/1824 1823/1823/1823
f 1824/1824/1824 1825/1825/1825 1823/1823/1823
f 1824/1824/1824 1826/1826/1826 1825/1825/1825
f 1826/1826/1826 1827/1827/1827 1825/1825/1825
f 1826/1826/1826 1828/1828/1828 1827/1827/1827
f 1831/1831/1831 1830/1830/1830 1829/1829/1829
f 1831/1831/1831 1832/1832/1832 1830/1830/1830
f 1832/1832/1832 1833/1833/1833 1830/1830/1830
f 1836/1836/1836 1835/1835/1835 1834/1834/1834
f 1835/1835/1835 1837/1837/1837 1834/1834/1834
f 1835/1835/1835 1838/1838/1838 1837/1837/1837
f 1838/1838/1838 1839/1839/1839 1837/1837/1837
f 1842/1842/1842 1841/1841/1841 1840/1840/1840
f 1841/1841/1841 1843/1843/1843 1840/1840/1840
f 1841/1841/1841 1844/1844/1844 1843/1843/1843
f 1844/1844/1844 1845/1845/1845 1843/1843/1843
f 1844/1844/1844 1846/1846/1846 1845/1845/1845
f 1846/1846/1846 1847/1847/1847 1845/1845/1845
f 1846/1846/1846 1848/1848/1848 1847/1847/1847
f 1848/1848/1848 1849/1849/1849 1847/1847/1847
f 1848/1848/1848 1850/1850/1850 1849/1849/1849
f 1850/1850/1850 1851/1851/1851 1849/1849/1849
f 1850/1850/1850 1852/1852/1852 1851/1851/1851
f 1852/1852/1852 1853/1853/1853 1851/1851/1851
f 1852/1852/1852 1854/1854/1854 1853/1853/1853
f 1854/1854/1854 1855/1855/1855 1853/1853/1853
f 1854/1854/1854 1856/1856/1856 1855/1855/1855
f 1856/1856/1856 1857/1857/1857 1855/1855/1855
f 1860/1860/1860 1859/1859/1859 1858/1858/1858
f 1861/1861/1861 1860/1860/1860 1858/1858/1858
f 1862/1862/1862 1860/1860/1860 1861/1861/1861
f 1863/1863/1863 1862/1862/1862 1861/1861/1861
f 1864/1864/1864 1862/1862/1862 1863/1863/1863
f 1865/1865/1865 1864/1864/1864 1863/1863/1863
f 1866/1866/1866 1864/1864/1864 1865/1865/1865
f 1867/1867/1867 1866/1866/1866 1865/1865/1865
f 1868/1868/1868 1866/1866/1866 1867/1867/1867
f 1869/1869/1869 1868/1868/1868 1867/1867/1867
f 1870/1870/1870 1868/1868/1868 1869/1869/1869
f 1871/1871/1871 1870/1870/1870 1869/1869/1869
f 1872/1872/1872 1870/1870/1870 1871/1871/1871
f 1873/1873/1873 1872/1872/1872 1871/1871/1871
f 1874/1874/1874 1872/1872/1872 1873/1873/1873
f 1875/1875/1875 1874/1874/1874 1873/1873/1873
f 1876/1876/1876 1874/1874/1874 1875/1875/1875
f 1877/1877/1877 1876/1876/1876 1875/1875/1875
f 1878/1878/1878 1876/1876/1876 1877/1877/1877
f 1879/1879/1879 1878/1878/1878 1877/1877/1877
f 1880/1880/1880 1878/1878/1878 1879/1879/1879
f 1881/1881/1881 1880/1880/1880 1879/1879/1879
f 1882/1882/1882 1880/1880/1880 1881/1881/1881
f 1883/1883/1883 1882/1882/1882 1881/1881/1881
f 1883/1883/1883 1884/1884/1884 1882/1882/1882
f 1884/1884/1884 1885/1885/1885 1882/1882/1882
f 1886/1886/1886 1885/1885/1885 1884/1884/1884
f 1887/1887/1887 1886/1886/1886 1884/1884/1884
f 1888/1888/1888 1886/1886/1886 1887/1887/1887
f 1889/1889/1889 1888/1888/1888 1887/1887/1887
f 1890/1890/1890 1888/1888/1888 1889/1889/1889
f 1891/1891/1891 1890/1890/1890 1889/1889/1889
f 1892/1892/1892 1890/1890/1890 1891/1891/1891
f 1893/1893/1893 1892/1892/1892 1891/1891/1891
f 1894/1894/1894 1892/1892/1892 1893/1893/1893
f 1895/1895/1895 1894/1894/1894 1893/1893/1893
f 1895/1895/1895 1896/1896/1896 1894/1894/1894
f 1896/1896/1896 1897/1897/1897 1894/1894/1894
f 1898/1898/1898 1897/1897/1897 1896/1896/1896
f 1899/1899/1899 1898/1898/1898 1896/1896/1896
f 1900/1900/1900 1898/1898/1898 1899/1899/1899
f 1901/1901/1901 1900/1900/1900 1899/1899/1899
f 1902/1902/1902 1900/1900/1900 1901/1901/1901
f 1903/1903/1903 1902/1902/1902 1901/1901/1901
f 1904/1904/1904 1902/1902/1902 1903/1903/1903
f 1905/1905/1905 1904/1904/1904 1903/1903/1903
f 1906/1906/1906 1904/1904/1904 1905/1905/1905
f 1907/1907/1907 1906/1906/1906 1905/1905/1905
f 1910/1910/1910 1909/1909/1909 1908/1908/1908
f 1911/1911/1911 1909/1909/1909 1910/1910/1910
f 1912/1912/1912 1911/1911/1911 1910/1910/1910
f 1913/1913/1913 1911/1911/1911 1912/1912/1912
f 1911/1911/1911 1913/1913/1913 1914/1914/1914
f 1915/1915/1915 1913/1913/1913 1912/1912/1912
f 1913/1913/1913 1916/1916/1916 1914/1914/1914
f 1917/1917/1917 1913/1913/1913 1915/1915/1915
f 1913/1913/1913 1917/1917/1917 1916/1916/1916
f 1918/1918/1918 1917/1917/1917 1915/1915/1915
f 1917/1917/1917 1919/1919/1919 1916/1916/1916
f 1920/1920/1920 1917/1917/1917 1918/1918/1918
f 1917/1917/1917 1920/1920/1920 1919/1919/1919
f 1921/1921/1921 1920/1920/1920 1918/1918/1918
f 1920/1920/1920 1922/1922/1922 1919/1919/1919
f 1921/1921/1921 1923/1923/1923 1920/1920/1920
f 1920/1920/1920 1924/1924/1924 1922/1922/1922
f 1923/1923/1923 1924/1924/1924 1920/1920/1920
f 1924/1924/1924 1925/1925/1925 1922/1922/1922
f 1925/1925/1925 1926/1926/1926 1922/1922/1922
f 1927/1927/1927 1926/1926/1926 1925/1925/1925
f 1928/1928/1928 1924/1924/1924 1923/1923/1923
f 1924/1924/1924 1928/1928/1928 1925/1925/1925
f 1929/1929/1929 1928/1928/1928 1923/1923/1923
f 1930/1930/1930 1927/1927/1927 1925/1925/1925
f 1928/1928/1928 1930/1930/1930 1925/1925/1925
f 1931/1931/1931 1927/1927/1927 1930/1930/1930
f 1932/1932/1932 1928/1928/1928 1929/1929/1929
f 1928/1928/1928 1932/1932/1932 1930/1930/1930
f 1933/1933/1933 1932/1932/1932 1929/1929/1929
f 1934/1934/1934 1931/1931/1931 1930/1930/1930
f 1932/1932/1932 1934/1934/1934 1930/1930/1930
f 1935/1935/1935 1931/1931/1931 1934/1934/1934
f 1932/1932/1932 1936/1936/1936 1934/1934/1934
f 1937/1937/1937 1935/1935/1935 1934/1934/1934
f 1936/1936/1936 1937/1937/1937 1934/1934/1934
f 1936/1936/1936 1938/1938/1938 1937/1937/1937
f 1939/1939/1939 1935/1935/1935 1937/1937/1937
f 1938/1938/1938 1940/1940/1940 1937/1937/1937
f 1940/1940/1940 1939/1939/1939 1937/1937/1937
f 1941/1941/1941 1939/1939/1939 1940/1940/1940
f 1944/1944/1944 1943/1943/1943 1942/1942/1942
f 1945/1945/1945 1944/1944/1944 1942/1942/1942
f 1946/1946/1946 1944/1944/1944 1945/1945/1945
f 1947/1947/1947 1946/1946/1946 1945/1945/1945
f 1948/1948/1948 1946/1946/1946 1947/1947/1947
f 1949/1949/1949 1948/1948/1948 1947/1947/1947
f 1946/1946/1946 1948/1948/1948 1950/1950/1950
f 1948/1948/1948 1951/1951/1951 1950/1950/1950
f 1951/1951/1951 1952/1952/1952 1950/1950/1950
f 1955/1955/1955 1954/1954/1954 1953/1953/1953
f 1954/1954/1954 1956/1956/1956 1953/1953/1953
f 1953/1953/1953 1956/1956/1956 1957/1957/1957
f 1956/1956/1956 1954/1954/1954 1958/1958/1958
f 1954/1954/1954 1959/1959/1959 1958/1958/1958
f 1959/1959/1959 1960/1960/1960 1958/1958/1958
f 1960/1960/1960 1961/1961/1961 1958/1958/1958
f 1958/1958/1958 1961/1961/1961 1962/1962/1962
f 1956/1956/1956 1958/1958/1958 1962/1962/1962
f 1961/1961/1961 1963/1963/1963 1962/1962/1962
f 1956/1956/1956 1964/1964/1964 1957/1957/1957
f 1964/1964/1964 1956/1956/1956 1962/1962/1962
f 1957/1957/1957 1964/1964/1964 1965/1965/1965
f 1964/1964/1964 1966/1966/1966 1965/1965/1965
f 1966/1966/1966 1964/1964/1964 1967/1967/1967
f 1964/1964/1964 1962/1962/1962 1967/1967/1967
f 1962/1962/1962 1963/1963/1963 1967/1967/1967
f 1963/1963/1963 1968/1968/1968 1967/1967/1967
f 1971/1971/1971 1970/1970/1970 1969/1969/1969
f 1970/1970/1970 1972/1972/1972 1969/1969/1969
f 1969/1969/1969 1972/1972/1972 1973/1973/1973
f 1972/1972/1972 1974/1974/1974 1973/1973/1973
f 1973/1973/1973 1974/1974/1974 1975/1975/1975
f 1974/1974/1974 1976/1976/1976 1975/1975/1975
f 1975/1975/1975 1976/1976/1976 1977/1977/1977
f 1976/1976/1976 1978/1978/1978 1977/1977/1977
f 1977/1977/1977 1978/1978/1978 1979/1979/1979
f 1978/1978/1978 1980/1980/1980 1979/1979/1979
f 1979/1979/1979 1980/1980/1980 1981/1981/1981
f 1980/1980/1980 1982/1982/1982 1981/1981/1981
f 1982/1982/1982 1980/1980/1980 1983/1983/1983
f 1980/1980/1980 1978/1978/1978 1984/1984/1984
f 1980/1980/1980 1984/1984/1984 1983/1983/1983
f 1978/1978/1978 1976/1976/1976 1985/1985/1985
f 1978/1978/1978 1985/1985/1985 1984/1984/1984
f 1984/1984/1984 1986/1986/1986 1983/1983/1983
f 1986/1986/1986 1987/1987/1987 1983/1983/1983
f 1988/1988/1988 1986/1986/1986 1984/1984/1984
f 1985/1985/1985 1988/1988/1988 1984/1984/1984
f 1989/1989/1989 1988/1988/1988 1985/1985/1985
f 1976/1976/1976 1990/1990/1990 1985/1985/1985
f 1990/1990/1990 1989/1989/1989 1985/1985/1985
f 1976/1976/1976 1974/1974/1974 1990/1990/1990
f 1991/1991/1991 1989/1989/1989 1990/1990/1990
f 1974/1974/1974 1992/1992/1992 1990/1990/1990
f 1992/1992/1992 1991/1991/1991 1990/1990/1990
f 1974/1974/1974 1972/1972/1972 1992/1992/1992
f 1993/1993/1993 1991/1991/1991 1992/1992/1992
f 1972/1972/1972 1994/1994/1994 1992/1992/1992
f 1994/1994/1994 1993/1993/1993 1992/1992/1992
f 1972/1972/1972 1970/1970/1970 1994/1994/1994
f 1995/1995/1995 1993/1993/1993 1994/1994/1994
f 1970/1970/1970 1996/1996/1996 1994/1994/1994
f 1996/1996/1996 1995/1995/1995 1994/1994/1994
f 1970/1970/1970 1997/1997/1997 1996/1996/1996
f 1998/1998/1998 1995/1995/1995 1996/1996/1996
f 1997/1997/1997 1999/1999/1999 1996/1996/1996
f 1999/1999/1999 1998/1998/1998 1996/1996/1996
f 2002/2002/2002 2001/2001/2001 2000/2000/2000
f 2003/2003/2003 2002/2002/2002 2000/2000/2000
f 2004/2004/2004 2002/2002/2002 2003/2003/2003
f 2005/2005/2005 2004/2004/2004 2003/2003/2003
f 2006/2006/2006 2002/2002/2002 2004/2004/2004
f 2007/2007/2007 2004/2004/2004 2005/2005/2005
f 2008/2008/2008 2007/2007/2007 2005/2005/2005
f 2008/2008/2008 2009/2009/2009 2007/2007/2007
f 2010/2010/2010 2006/2006/2006 2004/2004/2004
f 2004/2004/2004 2007/2007/2007 2010/2010/2010
f 2009/2009/2009 2011/2011/2011 2007/2007/2007
f 2012/2012/2012 2011/2011/2011 2009/2009/2009
f 2010/2010/2010 2013/2013/2013 2006/2006/2006
f 2013/2013/2013 2014/2014/2014 2006/2006/2006
f 2015/2015/2015 2013/2013/2013 2010/2010/2010
f 2007/2007/2007 2016/2016/2016 2010/2010/2010
f 2016/2016/2016 2015/2015/2015 2010/2010/2010
f 2007/2007/2007 2011/2011/2011 2016/2016/2016
f 2017/2017/2017 2015/2015/2015 2016/2016/2016
f 2011/2011/2011 2018/2018/2018 2016/2016/2016
f 2018/2018/2018 2017/2017/2017 2016/2016/2016
f 2011/2011/2011 2012/2012/2012 2018/2018/2018
f 2019/2019/2019 2017/2017/2017 2018/2018/2018
f 2012/2012/2012 2020/2020/2020 2018/2018/2018
f 2020/2020/2020 2019/2019/2019 2018/2018/2018
f 2012/2012/2012 2021/2021/2021 2020/2020/2020
f 2022/2022/2022 2019/2019/2019 2020/2020/2020
f 2021/2021/2021 2023/2023/2023 2020/2020/2020
f 2023/2023/2023 2022/2022/2022 2020/2020/2020
f 2024/2024/2024 2022/2022/2022 2023/2023/2023
f 2025/2025/2025 2024/2024/2024 2023/2023/2023
f 2026/2026/2026 2024/2024/2024 2025/2025/2025
f 2027/2027/2027 2026/2026/2026 2025/2025/2025
f 2028/2028/2028 2026/2026/2026 2027/2027/2027
f 2029/2029/2029 2028/2028/2028 2027/2027/2027
f 2030/2030/2030 2028/2028/2028 2029/2029/2029
f 2033/2033/2033 2032/2032/2032 2031/2031/2031
f 2032/2032/2032 2034/2034/2034 2031/2031/2031
f 2032/2032/2032 2035/2035/2035 2034/2034/2034
f 2031/2031/2031 2034/2034/2034 2036/2036/2036
f 2037/2037/2037 2031/2031/2031 2036/2036/2036
f 2038/2038/2038 2037/2037/2037 2036/2036/2036
f 2039/2039/2039 2038/2038/2038 2036/2036/2036
f 2040/2040/2040 2039/2039/2039 2036/2036/2036
f 2041/2041/2041 2040/2040/2040 2036/2036/2036
f 2036/2036/2036 2034/2034/2034 2041/2041/2041
f 2035/2035/2035 2042/2042/2042 2034/2034/2034
f 2034/2034/2034 2042/2042/2042 2041/2041/2041
f 2035/2035/2035 2043/2043/2043 2042/2042/2042
f 2041/2041/2041 2042/2042/2042 2044/2044/2044
f 2043/2043/2043 2045/2045/2045 2042/2042/2042
f 2042/2042/2042 2045/2045/2045 2044/2044/2044
f 2048/2048/2048 2047/2047/2047 2046/2046/2046
f 2047/2047/2047 2049/2049/2049 2046/2046/2046
f 2046/2046/2046 2049/2049/2049 2050/2050/2050
f 2049/2049/2049 2051/2051/2051 2050/2050/2050
f 2050/2050/2050 2051/2051/2051 2052/2052/2052
f 2051/2051/2051 2053/2053/2053 2052/2052/2052
f 2052/2052/2052 2053/2053/2053 2054/2054/2054
f 2053/2053/2053 2055/2055/2055 2054/2054/2054
f 2054/2054/2054 2055/2055/2055 2056/2056/2056
f 2055/2055/2055 2057/2057/2057 2056/2056/2056
f 2056/2056/2056 2057/2057/2057 2058/2058/2058
f 2057/2057/2057 2059/2059/2059 2058/2058/2058
f 2058/2058/2058 2059/2059/2059 2060/2060/2060
f 2059/2059/2059 2061/2061/2061 2060/2060/2060
f 2060/2060/2060 2061/2061/2061 2062/2062/2062
f 2061/2061/2061 2063/2063/2063 2062/2062/2062
f 2062/2062/2062 2063/2063/2063 2064/2064/2064
f 2063/2063/2063 2065/2065/2065 2064/2064/2064
f 2064/2064/2064 2065/2065/2065 2066/2066/2066
f 2065/2065/2065 2067/2067/2067 2066/2066/2066
f 2066/2066/2066 2067/2067/2067 2068/2068/2068
f 2067/2067/2067 2069/2069/2069 2068/2068/2068
f 2068/2068/2068 2069/2069/2069 2070/2070/2070
f 2069/2069/2069 2071/2071/2071 2070/2070/2070
f 2070/2070/2070 2071/2071/2071 2072/2072/2072
f 2071/2071/2071 2073/2073/2073 2072/2072/2072
f 2072/2072/2072 2073/2073/2073 2074/2074/2074
f 2073/2073/2073 2075/2075/2075 2074/2074/2074
f 2074/2074/2074 2075/2075/2075 2076/2076/2076
f 2075/2075/2075 2077/2077/2077 2076/2076/2076
f 2076/2076/2076 2077/2077/2077 2078/2078/2078
f 2077/2077/2077 2079/2079/2079 2078/2078/2078
f 2078/2078/2078 2079/2079/2079 2080/2080/2080
f 2079/2079/2079 2081/2081/2081 2080/2080/2080
f 2080/2080/2080 2081/2081/2081 2082/2082/2082
f 2081/2081/2081 2083/2083/2083 2082/2082/2082
f 2082/2082/2082 2083/2083/2083 2084/2084/2084
f 2083/2083/2083 2085/2085/2085 2084/2084/2084
f 2084/2084/2084 2085/2085/2085 2086/2086/2086
f 2085/2085/2085 2087/2087/2087 2086/2086/2086
f 2086/2086/2086 2087/2087/2087 2088/2088/2088
f 2087/2087/2087 2089/2089/2089 2088/2088/2088
f 2088/2088/2088 2089/2089/2089 2090/2090/2090
f 2089/2089/2089 2091/2091/2091 2090/2090/2090
f 2090/2090/2090 2091/2091/2091 2092/2092/2092
f 2091/2091/2091 2093/2093/2093 2092/2092/2092
f 2092/2092/2092 2093/2093/2093 2094/2094/2094
f 2093/2093/2093 2095/2095/2095 2094/2094/2094
f 2098/2098/2098 2097/2097/2097 2096/2096/2096
f 2097/2097/2097 2099/2099/2099 2096/2096/2096
f 2097/2097/2097 2100/2100/2100 2099/2099/2099
f 2100/2100/2100 2101/2101/2101 2099/2099/2099
f 2104/2104/2104 2103/2103/2103 2102/2102/2102
f 2105/2105/2105 2104/2104/2104 2102/2102/2102
f 2105/2105/2105 2102/2102/2102 2106/2106/2106
f 2102/2102/2102 2107/2107/2107 2106/2106/2106
f 2106/2106/2106 2107/2107/2107 2108/2108/2108
f 2109/2109/2109 2106/2106/2106 2108/2108/2108
f 2110/2110/2110 2106/2106/2106 2109/2109/2109
f 2105/2105/2105 2106/2106/2106 2110/2110/2110
f 2111/2111/2111 2110/2110/2110 2109/2109/2109
f 2111/2111/2111 2109/2109/2109 2112/2112/2112
f 2113/2113/2113 2111/2111/2111 2112/2112/2112
f 2113/2113/2113 2112/2112/2112 2114/2114/2114
f 2115/2115/2115 2104/2104/2104 2105/2105/2105
f 2116/2116/2116 2105/2105/2105 2110/2110/2110
f 2116/2116/2116 2115/2115/2115 2105/2105/2105
f 2117/2117/2117 2110/2110/2110 2111/2111/2111
f 2116/2116/2116 2110/2110/2110 2117/2117/2117
f 2118/2118/2118 2111/2111/2111 2113/2113/2113
f 2118/2118/2118 2117/2117/2117 2111/2111/2111
f 2115/2115/2115 2119/2119/2119 2104/2104/2104
f 2119/2119/2119 2120/2120/2120 2104/2104/2104
f 2119/2119/2119 2121/2121/2121 2120/2120/2120
f 2121/2121/2121 2122/2122/2122 2120/2120/2120
f 2123/2123/2123 2115/2115/2115 2116/2116/2116
f 2124/2124/2124 2116/2116/2116 2117/2117/2117
f 2124/2124/2124 2123/2123/2123 2116/2116/2116
f 2117/2117/2117 2118/2118/2118 2125/2125/2125
f 2124/2124/2124 2117/2117/2117 2125/2125/2125
f 2126/2126/2126 2118/2118/2118 2113/2113/2113
f 2118/2118/2118 2126/2126/2126 2125/2125/2125
f 2127/2127/2127 2119/2119/2119 2115/2115/2115
f 2123/2123/2123 2127/2127/2127 2115/2115/2115
f 2123/2123/2123 2124/2124/2124 2128/2128/2128
f 2127/2127/2127 2123/2123/2123 2128/2128/2128
f 2128/2128/2128 2124/2124/2124 2125/2125/2125
f 2127/2127/2127 2129/2129/2129 2119/2119/2119
f 2129/2129/2129 2121/2121/2121 2119/2119/2119
f 2129/2129/2129 2127/2127/2127 2128/2128/2128
f 2126/2126/2126 2113/2113/2113 2130/2130/2130
f 2130/2130/2130 2113/2113/2113 2114/2114/2114
f 2126/2126/2126 2131/2131/2131 2125/2125/2125
f 2131/2131/2131 2126/2126/2126 2130/2130/2130
f 2129/2129/2129 2132/2132/2132 2121/2121/2121
f 2132/2132/2132 2129/2129/2129 2128/2128/2128
f 2128/2128/2128 2125/2125/2125 2133/2133/2133
f 2131/2131/2131 2133/2133/2133 2125/2125/2125
f 2132/2132/2132 2128/2128/2128 2133/2133/2133
f 2133/2133/2133 2131/2131/2131 2134/2134/2134
f 2131/2131/2131 2130/2130/2130 2134/2134/2134
f 2132/2132/2132 2133/2133/2133 2134/2134/2134
f 2132/2132/2132 2135/2135/2135 2121/2121/2121
f 2135/2135/2135 2132/2132/2132 2134/2134/2134
f 2121/2121/2121 2135/2135/2135 2122/2122/2122
f 2134/2134/2134 2130/2130/2130 2136/2136/2136
f 2130/2130/2130 2114/2114/2114 2136/2136/2136
f 2135/2135/2135 2134/2134/2134 2136/2136/2136
f 2135/2135/2135 2137/2137/2137 2122/2122/2122
f 2137/2137/2137 2135/2135/2135 2136/2136/2136
f 2122/2122/2122 2137/2137/2137 2138/2138/2138
f 2137/2137/2137 2139/2139/2139 2138/2138/2138
f 2139/2139/2139 2137/2137/2137 2140/2140/2140
f 2137/2137/2137 2136/2136/2136 2140/2140/2140
f 2136/2136/2136 2114/2114/2114 2140/2140/2140
f 2114/2114/2114 2141/2141/2141 2140/2140/2140
f 2144/2144/2144 2143/2143/2143 2142/2142/2142
f 2143/2143/2143 2145/2145/2145 2142/2142/2142
f 2143/2143/2143 2146/2146/2146 2145/2145/2145
f 2146/2146/2146 2147/2147/2147 2145/2145/2145
f 2150/2150/2150 2149/2149/2149 2148/2148/2148
f 2149/2149/2149 2151/2151/2151 2148/2148/2148
f 2149/2149/2149 2152/2152/2152 2151/2151/2151
f 2152/2152/2152 2153/2153/2153 2151/2151/2151
f 2156/2156/2156 2155/2155/2155 2154/2154/2154
f 2157/2157/2157 2156/2156/2156 2154/2154/2154
f 2157/2157/2157 2154/2154/2154 2158/2158/2158
f 2154/2154/2154 2159/2159/2159 2158/2158/2158
f 2158/2158/2158 2159/2159/2159 2160/2160/2160
f 2161/2161/2161 2158/2158/2158 2160/2160/2160
f 2162/2162/2162 2158/2158/2158 2161/2161/2161
f 2157/2157/2157 2158/2158/2158 2162/2162/2162
f 2163/2163/2163 2162/2162/2162 2161/2161/2161
f 2163/2163/2163 2161/2161/2161 2164/2164/2164
f 2165/2165/2165 2163/2163/2163 2164/2164/2164
f 2165/2165/2165 2164/2164/2164 2166/2166/2166
f 2167/2167/2167 2156/2156/2156 2157/2157/2157
f 2168/2168/2168 2157/2157/2157 2162/2162/2162
f 2168/2168/2168 2167/2167/2167 2157/2157/2157
f 2169/2169/2169 2162/2162/2162 2163/2163/2163
f 2168/2168/2168 2162/2162/2162 2169/2169/2169
f 2170/2170/2170 2163/2163/2163 2165/2165/2165
f 2170/2170/2170 2169/2169/2169 2163/2163/2163
f 2167/2167/2167 2171/2171/2171 2156/2156/2156
f 2171/2171/2171 2172/2172/2172 2156/2156/2156
f 2171/2171/2171 2173/2173/2173 2172/2172/2172
f 2173/2173/2173 2174/2174/2174 2172/2172/2172
f 2175/2175/2175 2167/2167/2167 2168/2168/2168
f 2176/2176/2176 2168/2168/2168 2169/2169/2169
f 2176/2176/2176 2175/2175/2175 2168/2168/2168
f 2169/2169/2169 2170/2170/2170 2177/2177/2177
f 2176/2176/2176 2169/2169/2169 2177/2177/2177
f 2178/2178/2178 2170/2170/2170 2165/2165/2165
f 2170/2170/2170 2178/2178/2178 2177/2177/2177
f 2179/2179/2179 2171/2171/2171 2167/2167/2167
f 2175/2175/2175 2179/2179/2179 2167/2167/2167
f 2175/2175/2175 2176/2176/2176 2180/2180/2180
f 2179/2179/2179 2175/2175/2175 2180/2180/2180
f 2180/2180/2180 2176/2176/2176 2177/2177/2177
f 2179/2179/2179 2181/2181/2181 2171/2171/2171
f 2181/2181/2181 2173/2173/2173 2171/2171/2171
f 2181/2181/2181 2179/2179/2179 2180/2180/2180
f 2178/2178/2178 2165/2165/2165 2182/2182/2182
f 2182/2182/2182 2165/2165/2165 2166/2166/2166
f 2178/2178/2178 2183/2183/2183 2177/2177/2177
f 2183/2183/2183 2178/2178/2178 2182/2182/2182
f 2181/2181/2181 2184/2184/2184 2173/2173/2173
f 2184/2184/2184 2181/2181/2181 2180/2180/2180
f 2180/2180/2180 2177/2177/2177 2185/2185/2185
f 2183/2183/2183 2185/2185/2185 2177/2177/2177
f 2184/2184/2184 2180/2180/2180 2185/2185/2185
f 2185/2185/2185 2183/2183/2183 2186/2186/2186
f 2183/2183/2183 2182/2182/2182 2186/2186/2186
f 2184/2184/2184 2185/2185/2185 2186/2186/2186
f 2184/2184/2184 2187/2187/2187 2173/2173/2173
f 2187/2187/2187 2184/2184/2184 2186/2186/2186
f 2173/2173/2173 2187/2187/2187 2174/2174/2174
f 2186/2186/2186 2182/2182/2182 2188/2188/2188
f 2182/2182/2182 2166/2166/2166 2188/2188/2188
f 2187/2187/2187 2186/2186/2186 2188/2188/2188
f 2187/2187/2187 2189/2189/2189 2174/2174/2174
f 2189/2189/2189 2187/2187/2187 2188/2188/2188
f 2174/2174/2174 2189/2189/2189 2190/2190/2190
f 2189/2189/2189 2191/2191/2191 2190/2190/2190
f 2191/2191/2191 2189/2189/2189 2192/2192/2192
f 2189/2189/2189 2188/2188/2188 2192/2192/2192
f 2188/2188/2188 2166/2166/2166 2192/2192/2192
f 2166/2166/2166 2193/2193/2193 2192/2192/2192
f 2196/2196/2196 2195/2195/2195 2194/2194/2194
f 2195/2195/2195 2197/2197/2197 2194/2194/2194
f 2195/2195/2195 2198/2198/2198 2197/2197/2197
f 2198/2198/2198 2199/2199/2199 2197/2197/2197
f 2202/2202/2202 2201/2201/2201 2200/2200/2200
f 2201/2201/2201 2203/2203/2203 2200/2200/2200
f 2201/2201/2201 2204/2204/2204 2203/2203/2203
f 2204/2204/2204 2205/2205/2205 2203/2203/2203
f 2208/2208/2208 2207/2207/2207 2206/2206/2206
f 2209/2209/2209 2208/2208/2208 2206/2206/2206
f 2209/2209/2209 2206/2206/2206 2210/2210/2210
f 2206/2206/2206 2211/2211/2211 2210/2210/2210
f 2210/2210/2210 2211/2211/2211 2212/2212/2212
f 2213/2213/2213 2210/2210/2210 2212/2212/2212
f 2214/2214/2214 2210/2210/2210 2213/2213/2213
f 2209/2209/2209 2210/2210/2210 2214/2214/2214
f 2215/2215/2215 2214/2214/2214 2213/2213/2213
f 2215/2215/2215 2213/2213/2213 2216/2216/2216
f 2217/2217/2217 2215/2215/2215 2216/2216/2216
f 2217/2217/2217 2216/2216/2216 2218/2218/2218
f 2219/2219/2219 2208/2208/2208 2209/2209/2209
f 2220/2220/2220 2209/2209/2209 2214/2214/2214
f 2220/2220/2220 2219/2219/2219 2209/2209/2209
f 2221/2221/2221 2214/2214/2214 2215/2215/2215
f 2220/2220/2220 2214/2214/2214 2221/2221/2221
f 2222/2222/2222 2215/2215/2215 2217/2217/2217
f 2222/2222/2222 2221/2221/2221 2215/2215/2215
f 2219/2219/2219 2223/2223/2223 2208/2208/2208
f 2223/2223/2223 2224/2224/2224 2208/2208/2208
f 2223/2223/2223 2225/2225/2225 2224/2224/2224
f 2225/2225/2225 2226/2226/2226 2224/2224/2224
f 2227/2227/2227 2219/2219/2219 2220/2220/2220
f 2228/2228/2228 2220/2220/2220 2221/2221/2221
f 2228/2228/2228 2227/2227/2227 2220/2220/2220
f 2221/2221/2221 2222/2222/2222 2229/2229/2229
f 2228/2228/2228 2221/2221/2221 2229/2229/2229
f 2230/2230/2230 2222/2222/2222 2217/2217/2217
f 2222/2222/2222 2230/2230/2230 2229/2229/2229
f 2231/2231/2231 2223/2223/2223 2219/2219/2219
f 2227/2227/2227 2231/2231/2231 2219/2219/2219
f 2227/2227/2227 2228/2228/2228 2232/2232/2232
f 2231/2231/2231 2227/2227/2227 2232/2232/2232
f 2232/2232/2232 2228/2228/2228 2229/2229/2229
f 2231/2231/2231 2233/2233/2233 2223/2223/2223
f 2233/2233/2233 2225/2225/2225 2223/2223/2223
f 2233/2233/2233 2231/2231/2231 2232/2232/2232
f 2230/2230/2230 2217/2217/2217 2234/2234/2234
f 2234/2234/2234 2217/2217/2217 2218/2218/2218
f 2230/2230/2230 2235/2235/2235 2229/2229/2229
f 2235/2235/2235 2230/2230/2230 2234/2234/2234
f 2233/2233/2233 2236/2236/2236 2225/2225/2225
f 2236/2236/2236 2233/2233/2233 2232/2232/2232
f 2232/2232/2232 2229/2229/2229 2237/2237/2237
f 2235/2235/2235 2237/2237/2237 2229/2229/2229
f 2236/2236/2236 2232/2232/2232 2237/2237/2237
f 2237/2237/2237 2235/2235/2235 2238/2238/2238
f 2235/2235/2235 2234/2234/2234 2238/2238/2238
f 2236/2236/2236 2237/2237/2237 2238/2238/2238
f 2236/2236/2236 2239/2239/2239 2225/2225/2225
f 2239/2239/2239 2236/2236/2236 2238/2238/2238
f 2225/2225/2225 2239/2239/2239 2226/2226/2226
f 2238/2238/2238 2234/2234/2234 2240/2240/2240
f 2234/2234/2234 2218/2218/2218 2240/2240/2240
f 2239/2239/2239 2238/2238/2238 2240/2240/2240
f 2239/2239/2239 2241/2241/2241 2226/2226/2226
f 2241/2241/2241 2239/2239/2239 2240/2240/2240
f 2226/2226/2226 2241/2241/2241 2242/2242/2242
f 2241/2241/2241 2243/2243/2243 2242/2242/2242
f 2243/2243/2243 2241/2241/2241 2244/2244/2244
f 2241/2241/2241 2240/2240/2240 2244/2244/2244
f 2240/2240/2240 2218/2218/2218 2244/2244/2244
f 2218/2218/2218 2245/2245/2245 2244/2244/2244
f 2248/2248/2248 2247/2247/2247 2246/2246/2246
f 2247/2247/2247 2249/2249/2249 2246/2246/2246
f 2247/2247/2247 2250/2250/2250 2249/2249/2249
f 2250/2250/2250 2251/2251/2251 2249/2249/2249
f 2254/2254/2254 2253/2253/2253 2252/2252/2252
f 2253/2253/2253 2255/2255/2255 2252/2252/2252
f 2253/2253/2253 2256/2256/2256 2255/2255/2255
f 2256/2256/2256 2257/2257/2257 2255/2255/2255
f 2260/2260/2260 2259/2259/2259 2258/2258/2258
f 2261/2261/2261 2260/2260/2260 2258/2258/2258
f 2261/2261/2261 2258/2258/2258 2262/2262/2262
f 2258/2258/2258 2263/2263/2263 2262/2262/2262
f 2262/2262/2262 2263/2263/2263 2264/2264/2264
f 2265/2265/2265 2262/2262/2262 2264/2264/2264
f 2266/2266/2266 2262/2262/2262 2265/2265/2265
f 2261/2261/2261 2262/2262/2262 2266/2266/2266
f 2267/2267/2267 2266/2266/2266 2265/2265/2265
f 2267/2267/2267 2265/2265/2265 2268/2268/2268
f 2269/2269/2269 2267/2267/2267 2268/2268/2268
f 2269/2269/2269 2268/2268/2268 2270/2270/2270
f 2271/2271/2271 2260/2260/2260 2261/2261/2261
f 2272/2272/2272 2261/2261/2261 2266/2266/2266
f 2272/2272/2272 2271/2271/2271 2261/2261/2261
f 2273/2273/2273 2266/2266/2266 2267/2267/2267
f 2272/2272/2272 2266/2266/2266 2273/2273/2273
f 2274/2274/2274 2267/2267/2267 2269/2269/2269
f 2274/2274/2274 2273/2273/2273 2267/2267/2267
f 2271/2271/2271 2275/2275/2275 2260/2260/2260
f 2275/2275/2275 2276/2276/2276 2260/2260/2260
f 2275/2275/2275 2277/2277/2277 2276/2276/2276
f 2277/2277/2277 2278/2278/2278 2276/2276/2276
f 2279/2279/2279 2271/2271/2271 2272/2272/2272
f 2280/2280/2280 2272/2272/2272 2273/2273/2273
f 2280/2280/2280 2279/2279/2279 2272/2272/2272
f 2273/2273/2273 2274/2274/2274 2281/2281/2281
f 2280/2280/2280 2273/2273/2273 2281/2281/2281
f 2282/2282/2282 2274/2274/2274 2269/2269/2269
f 2274/2274/2274 2282/2282/2282 2281/2281/2281
f 2283/2283/2283 2275/2275/2275 2271/2271/2271
f 2279/2279/2279 2283/2283/2283 2271/2271/2271
f 2279/2279/2279 2280/2280/2280 2284/2284/2284
f 2283/2283/2283 2279/2279/2279 2284/2284/2284
f 2284/2284/2284 2280/2280/2280 2281/2281/2281
f 2283/2283/2283 2285/2285/2285 2275/2275/2275
f 2285/2285/2285 2277/2277/2277 2275/2275/2275
f 2285/2285/2285 2283/2283/2283 2284/2284/2284
f 2282/2282/2282 2269/2269/2269 2286/2286/2286
f 2286/2286/2286 2269/2269/2269 2270/2270/2270
f 2282/2282/2282 2287/2287/2287 2281/2281/2281
f 2287/2287/2287 2282/2282/2282 2286/2286/2286
f 2285/2285/2285 2288/2288/2288 2277/2277/2277
f 2288/2288/2288 2285/2285/2285 2284/2284/2284
f 2284/2284/2284 2281/2281/2281 2289/2289/2289
f 2287/2287/2287 2289/2289/2289 2281/2281/2281
f 2288/2288/2288 2284/2284/2284 2289/2289/2289
f 2289/2289/2289 2287/2287/2287 2290/2290/2290
f 2287/2287/2287 2286/2286/2286 2290/2290/2290
f 2288/2288/2288 2289/2289/2289 2290/2290/2290
f 2288/2288/2288 2291/2291/2291 2277/2277/2277
f 2291/2291/2291 2288/2288/2288 2290/2290/2290
f 2277/2277/2277 2291/2291/2291 2278/2278/2278
f 2290/2290/2290 2286/2286/2286 2292/2292/2292
f 2286/2286/2286 2270/2270/2270 2292/2292/2292
f 2291/2291/2291 2290/2290/2290 2292/2292/2292
f 2291/2291/2291 2293/2293/2293 2278/2278/2278
f 2293/2293/2293 2291/2291/2291 2292/2292/2292
f 2278/2278/2278 2293/2293/2293 2294/2294/2294
f 2293/2293/2293 2295/2295/2295 2294/2294/2294
f 2295/2295/2295 2293/2293/2293 2296/2296/2296
f 2293/2293/2293 2292/2292/2292 2296/2296/2296
f 2292/2292/2292 2270/2270/2270 2296/2296/2296
f 2270/2270/2270 2297/2297/2297 2296/2296/2296
f 2300/2300/2300 2299/2299/2299 2298/2298/2298
f 2299/2299/2299 2301/2301/2301 2298/2298/2298
f 2299/2299/2299 2302/2302/2302 2301/2301/2301
f 2302/2302/2302 2303/2303/2303 2301/2301/2301
f 2306/2306/2306 2305/2305/2305 2304/2304/2304
f 2307/2307/2307 2306/2306/2306 2304/2304/2304
f 2307/2307/2307 2304/2304/2304 2308/2308/2308
f 2304/2304/2304 2309/2309/2309 2308/2308/2308
f 2308/2308/2308 2309/2309/2309 2310/2310/2310
f 2311/2311/2311 2308/2308/2308 2310/2310/2310
f 2311/2311/2311 2310/2310/2310 2312/2312/2312
f 2307/2307/2307 2308/2308/2308 2313/2313/2313
f 2313/2313/2313 2308/2308/2308 2311/2311/2311
f 2314/2314/2314 2311/2311/2311 2312/2312/2312
f 2314/2314/2314 2312/2312/2312 2315/2315/2315
f 2316/2316/2316 2313/2313/2313 2311/2311/2311
f 2316/2316/2316 2311/2311/2311 2314/2314/2314
f 2317/2317/2317 2314/2314/2314 2315/2315/2315
f 2317/2317/2317 2315/2315/2315 2318/2318/2318
f 2319/2319/2319 2316/2316/2316 2314/2314/2314
f 2319/2319/2319 2314/2314/2314 2317/2317/2317
f 2320/2320/2320 2306/2306/2306 2307/2307/2307
f 2321/2321/2321 2307/2307/2307 2313/2313/2313
f 2321/2321/2321 2320/2320/2320 2307/2307/2307
f 2322/2322/2322 2313/2313/2313 2316/2316/2316
f 2321/2321/2321 2313/2313/2313 2322/2322/2322
f 2323/2323/2323 2316/2316/2316 2319/2319/2319
f 2323/2323/2323 2322/2322/2322 2316/2316/2316
f 2320/2320/2320 2324/2324/2324 2306/2306/2306
f 2324/2324/2324 2325/2325/2325 2306/2306/2306
f 2324/2324/2324 2326/2326/2326 2325/2325/2325
f 2326/2326/2326 2327/2327/2327 2325/2325/2325
f 2328/2328/2328 2319/2319/2319 2317/2317/2317
f 2329/2329/2329 2323/2323/2323 2319/2319/2319
f 2329/2329/2329 2319/2319/2319 2328/2328/2328
f 2322/2322/2322 2323/2323/2323 2330/2330/2330
f 2323/2323/2323 2329/2329/2329 2330/2330/2330
f 2331/2331/2331 2321/2321/2321 2322/2322/2322
f 2331/2331/2331 2322/2322/2322 2330/2330/2330
f 2332/2332/2332 2320/2320/2320 2321/2321/2321
f 2331/2331/2331 2332/2332/2332 2321/2321/2321
f 2333/2333/2333 2324/2324/2324 2320/2320/2320
f 2332/2332/2332 2333/2333/2333 2320/2320/2320
f 2332/2332/2332 2331/2331/2331 2334/2334/2334
f 2333/2333/2333 2332/2332/2332 2334/2334/2334
f 2334/2334/2334 2331/2331/2331 2330/2330/2330
f 2333/2333/2333 2335/2335/2335 2324/2324/2324
f 2335/2335/2335 2326/2326/2326 2324/2324/2324
f 2335/2335/2335 2333/2333/2333 2334/2334/2334
f 2329/2329/2329 2336/2336/2336 2330/2330/2330
f 2336/2336/2336 2329/2329/2329 2328/2328/2328
f 2335/2335/2335 2337/2337/2337 2326/2326/2326
f 2337/2337/2337 2335/2335/2335 2334/2334/2334
f 2334/2334/2334 2330/2330/2330 2338/2338/2338
f 2336/2336/2336 2338/2338/2338 2330/2330/2330
f 2337/2337/2337 2334/2334/2334 2338/2338/2338
f 2338/2338/2338 2336/2336/2336 2339/2339/2339
f 2336/2336/2336 2328/2328/2328 2339/2339/2339
f 2337/2337/2337 2338/2338/2338 2339/2339/2339
f 2337/2337/2337 2340/2340/2340 2326/2326/2326
f 2340/2340/2340 2337/2337/2337 2339/2339/2339
f 2326/2326/2326 2340/2340/2340 2327/2327/2327
f 2339/2339/2339 2328/2328/2328 2341/2341/2341
f 2340/2340/2340 2339/2339/2339 2341/2341/2341
f 2328/2328/2328 2317/2317/2317 2341/2341/2341
f 2341/2341/2341 2317/2317/2317 2318/2318/2318
f 2340/2340/2340 2342/2342/2342 2327/2327/2327
f 2342/2342/2342 2340/2340/2340 2341/2341/2341
f 2342/2342/2342 2341/2341/2341 2318/2318/2318
f 2327/2327/2327 2342/2342/2342 2343/2343/2343
f 2344/2344/2344 2342/2342/2342 2318/2318/2318
f 2342/2342/2342 2344/2344/2344 2343/2343/2343
f 2347/2347/2347 2346/2346/2346 2345/2345/2345
f 2346/2346/2346 2348/2348/2348 2345/2345/2345
f 2346/2346/2346 2349/2349/2349 2348/2348/2348
f 2349/2349/2349 2350/2350/2350 2348/2348/2348
f 2353/2353/2353 2352/2352/2352 2351/2351/2351
f 2354/2354/2354 2353/2353/2353 2351/2351/2351
f 2355/2355/2355 2353/2353/2353 2354/2354/2354
f 2356/2356/2356 2355/2355/2355 2354/2354/2354
f 2359/2359/2359 2358/2358/2358 2357/2357/2357
f 2358/2358/2358 2360/2360/2360 2357/2357/2357
f 2360/2360/2360 2361/2361/2361 2357/2357/2357
f 2361/2361/2361 2362/2362/2362 2357/2357/2357
f 2362/2362/2362 2361/2361/2361 2363/2363/2363
f 2361/2361/2361 2364/2364/2364 2363/2363/2363
f 2363/2363/2363 2364/2364/2364 2365/2365/2365
f 2366/2366/2366 2361/2361/2361 2360/2360/2360
f 2361/2361/2361 2366/2366/2366 2364/2364/2364
f 2364/2364/2364 2367/2367/2367 2365/2365/2365
f 2365/2365/2365 2367/2367/2367 2368/2368/2368
f 2366/2366/2366 2369/2369/2369 2364/2364/2364
f 2364/2364/2364 2369/2369/2369 2367/2367/2367
f 2367/2367/2367 2370/2370/2370 2368/2368/2368
f 2368/2368/2368 2370/2370/2370 2371/2371/2371
f 2369/2369/2369 2372/2372/2372 2367/2367/2367
f 2367/2367/2367 2372/2372/2372 2370/2370/2370
f 2358/2358/2358 2373/2373/2373 2360/2360/2360
f 2374/2374/2374 2366/2366/2366 2360/2360/2360
f 2373/2373/2373 2374/2374/2374 2360/2360/2360
f 2366/2366/2366 2375/2375/2375 2369/2369/2369
f 2375/2375/2375 2366/2366/2366 2374/2374/2374
f 2369/2369/2369 2376/2376/2376 2372/2372/2372
f 2375/2375/2375 2376/2376/2376 2369/2369/2369
f 2377/2377/2377 2373/2373/2373 2358/2358/2358
f 2378/2378/2378 2377/2377/2377 2358/2358/2358
f 2379/2379/2379 2377/2377/2377 2378/2378/2378
f 2380/2380/2380 2379/2379/2379 2378/2378/2378
f 2372/2372/2372 2381/2381/2381 2370/2370/2370
f 2376/2376/2376 2382/2382/2382 2372/2372/2372
f 2372/2372/2372 2382/2382/2382 2381/2381/2381
f 2376/2376/2376 2375/2375/2375 2383/2383/2383
f 2382/2382/2382 2376/2376/2376 2383/2383/2383
f 2384/2384/2384 2375/2375/2375 2374/2374/2374
f 2383/2383/2383 2375/2375/2375 2384/2384/2384
f 2373/2373/2373 2385/2385/2385 2374/2374/2374
f 2385/2385/2385 2384/2384/2384 2374/2374/2374
f 2377/2377/2377 2386/2386/2386 2373/2373/2373
f 2386/2386/2386 2385/2385/2385 2373/2373/2373
f 2384/2384/2384 2385/2385/2385 2387/2387/2387
f 2385/2385/2385 2386/2386/2386 2387/2387/2387
f 2387/2387/2387 2383/2383/2383 2384/2384/2384
f 2388/2388/2388 2386/2386/2386 2377/2377/2377
f 2386/2386/2386 2388/2388/2388 2387/2387/2387
f 2379/2379/2379 2388/2388/2388 2377/2377/2377
f 2389/2389/2389 2382/2382/2382 2383/2383/2383
f 2382/2382/2382 2389/2389/2389 2381/2381/2381
f 2388/2388/2388 2390/2390/2390 2387/2387/2387
f 2390/2390/2390 2388/2388/2388 2379/2379/2379
f 2391/2391/2391 2383/2383/2383 2387/2387/2387
f 2391/2391/2391 2389/2389/2389 2383/2383/2383
f 2390/2390/2390 2391/2391/2391 2387/2387/2387
f 2389/2389/2389 2391/2391/2391 2392/2392/2392
f 2381/2381/2381 2389/2389/2389 2392/2392/2392
f 2392/2392/2392 2391/2391/2391 2390/2390/2390
f 2393/2393/2393 2390/2390/2390 2379/2379/2379
f 2393/2393/2393 2392/2392/2392 2390/2390/2390
f 2393/2393/2393 2379/2379/2379 2380/2380/2380
f 2381/2381/2381 2392/2392/2392 2394/2394/2394
f 2394/2394/2394 2392/2392/2392 2393/2393/2393
f 2370/2370/2370 2381/2381/2381 2394/2394/2394
f 2370/2370/2370 2394/2394/2394 2371/2371/2371
f 2395/2395/2395 2393/2393/2393 2380/2380/2380
f 2395/2395/2395 2394/2394/2394 2393/2393/2393
f 2371/2371/2371 2394/2394/2394 2395/2395/2395
f 2395/2395/2395 2380/2380/2380 2396/2396/2396
f 2397/2397/2397 2371/2371/2371 2395/2395/2395
f 2397/2397/2397 2395/2395/2395 2396/2396/2396
f 2400/2400/2400 2399/2399/2399 2398/2398/2398
f 2401/2401/2401 2400/2400/2400 2398/2398/2398
f 2402/2402/2402 2400/2400/2400 2401/2401/2401
f 2403/2403/2403 2402/2402/2402 2401/2401/2401
f 2406/2406/2406 2405/2405/2405 2404/2404/2404
f 2405/2405/2405 2407/2407/2407 2404/2404/2404
f 2407/2407/2407 2408/2408/2408 2404/2404/2404
f 2408/2408/2408 2409/2409/2409 2404/2404/2404
f 2409/2409/2409 2408/2408/2408 2410/2410/2410
f 2408/2408/2408 2411/2411/2411 2410/2410/2410
f 2410/2410/2410 2411/2411/2411 2412/2412/2412
f 2413/2413/2413 2408/2408/2408 2407/2407/2407
f 2408/2408/2408 2413/2413/2413 2411/2411/2411
f 2411/2411/2411 2414/2414/2414 2412/2412/2412
f 2412/2412/2412 2414/2414/2414 2415/2415/2415
f 2413/2413/2413 2416/2416/2416 2411/2411/2411
f 2411/2411/2411 2416/2416/2416 2414/2414/2414
f 2414/2414/2414 2417/2417/2417 2415/2415/2415
f 2415/2415/2415 2417/2417/2417 2418/2418/2418
f 2416/2416/2416 2419/2419/2419 2414/2414/2414
f 2414/2414/2414 2419/2419/2419 2417/2417/2417
f 2405/2405/2405 2420/2420/2420 2407/2407/2407
f 2421/2421/2421 2413/2413/2413 2407/2407/2407
f 2420/2420/2420 2421/2421/2421 2407/2407/2407
f 2413/2413/2413 2422/2422/2422 2416/2416/2416
f 2422/2422/2422 2413/2413/2413 2421/2421/2421
f 2416/2416/2416 2423/2423/2423 2419/2419/2419
f 2422/2422/2422 2423/2423/2423 2416/2416/2416
f 2424/2424/2424 2420/2420/2420 2405/2405/2405
f 2425/2425/2425 2424/2424/2424 2405/2405/2405
f 2426/2426/2426 2424/2424/2424 2425/2425/2425
f 2427/2427/2427 2426/2426/2426 2425/2425/2425
f 2419/2419/2419 2428/2428/2428 2417/2417/2417
f 2423/2423/2423 2429/2429/2429 2419/2419/2419
f 2419/2419/2419 2429/2429/2429 2428/2428/2428
f 2423/2423/2423 2422/2422/2422 2430/2430/2430
f 2429/2429/2429 2423/2423/2423 2430/2430/2430
f 2431/2431/2431 2422/2422/2422 2421/2421/2421
f 2430/2430/2430 2422/2422/2422 2431/2431/2431
f 2420/2420/2420 2432/2432/2432 2421/2421/2421
f 2432/2432/2432 2431/2431/2431 2421/2421/2421
f 2424/2424/2424 2433/2433/2433 2420/2420/2420
f 2433/2433/2433 2432/2432/2432 2420/2420/2420
f 2431/2431/2431 2432/2432/2432 2434/2434/2434
f 2432/2432/2432 2433/2433/2433 2434/2434/2434
f 2434/2434/2434 2430/2430/2430 2431/2431/2431
f 2435/2435/2435 2433/2433/2433 2424/2424/2424
f 2433/2433/2433 2435/2435/2435 2434/2434/2434
f 2426/2426/2426 2435/2435/2435 2424/2424/2424
f 2436/2436/2436 2429/2429/2429 2430/2430/2430
f 2429/2429/2429 2436/2436/2436 2428/2428/2428
f 2435/2435/2435 2437/2437/2437 2434/2434/2434
f 2437/2437/2437 2435/2435/2435 2426/2426/2426
f 2438/2438/2438 2430/2430/2430 2434/2434/2434
f 2438/2438/2438 2436/2436/2436 2430/2430/2430
f 2437/2437/2437 2438/2438/2438 2434/2434/2434
f 2436/2436/2436 2438/2438/2438 2439/2439/2439
f 2428/2428/2428 2436/2436/2436 2439/2439/2439
f 2439/2439/2439 2438/2438/2438 2437/2437/2437
f 2440/2440/2440 2437/2437/2437 2426/2426/2426
f 2440/2440/2440 2439/2439/2439 2437/2437/2437
f 2440/2440/2440 2426/2426/2426 2427/2427/2427
f 2428/2428/2428 2439/2439/2439 2441/2441/2441
f 2441/2441/2441 2439/2439/2439 2440/2440/2440
f 2417/2417/2417 2428/2428/2428 2441/2441/2441
f 2417/2417/2417 2441/2441/2441 2418/2418/2418
f 2442/2442/2442 2440/2440/2440 2427/2427/2427
f 2442/2442/2442 2441/2441/2441 2440/2440/2440
f 2418/2418/2418 2441/2441/2441 2442/2442/2442
f 2442/2442/2442 2427/2427/2427 2443/2443/2443
f 2444/2444/2444 2418/2418/2418 2442/2442/2442
f 2444/2444/2444 2442/2442/2442 2443/2443/2443
f 2447/2447/2447 2446/2446/2446 2445/2445/2445
f 2448/2448/2448 2447/2447/2447 2445/2445/2445
f 2449/2449/2449 2447/2447/2447 2448/2448/2448
f 2450/2450/2450 2449/2449/2449 2448/2448/2448
f 2453/2453/2453 2452/2452/2452 2451/2451/2451
f 2452/2452/2452 2454/2454/2454 2451/2451/2451
f 2454/2454/2454 2455/2455/2455 2451/2451/2451
f 2455/2455/2455 2456/2456/2456 2451/2451/2451
f 2456/2456/2456 2455/2455/2455 2457/2457/2457
f 2455/2455/2455 2458/2458/2458 2457/2457/2457
f 2457/2457/2457 2458/2458/2458 2459/2459/2459
f 2460/2460/2460 2455/2455/2455 2454/2454/2454
f 2455/2455/2455 2460/2460/2460 2458/2458/2458
f 2458/2458/2458 2461/2461/2461 2459/2459/2459
f 2459/2459/2459 2461/2461/2461 2462/2462/2462
f 2460/2460/2460 2463/2463/2463 2458/2458/2458
f 2458/2458/2458 2463/2463/2463 2461/2461/2461
f 2461/2461/2461 2464/2464/2464 2462/2462/2462
f 2462/2462/2462 2464/2464/2464 2465/2465/2465
f 2463/2463/2463 2466/2466/2466 2461/2461/2461
f 2461/2461/2461 2466/2466/2466 2464/2464/2464
f 2452/2452/2452 2467/2467/2467 2454/2454/2454
f 2468/2468/2468 2460/2460/2460 2454/2454/2454
f 2467/2467/2467 2468/2468/2468 2454/2454/2454
f 2460/2460/2460 2469/2469/2469 2463/2463/2463
f 2469/2469/2469 2460/2460/2460 2468/2468/2468
f 2463/2463/2463 2470/2470/2470 2466/2466/2466
f 2469/2469/2469 2470/2470/2470 2463/2463/2463
f 2471/2471/2471 2467/2467/2467 2452/2452/2452
f 2472/2472/2472 2471/2471/2471 2452/2452/2452
f 2473/2473/2473 2471/2471/2471 2472/2472/2472
f 2474/2474/2474 2473/2473/2473 2472/2472/2472
f 2466/2466/2466 2475/2475/2475 2464/2464/2464
f 2470/2470/2470 2476/2476/2476 2466/2466/2466
f 2466/2466/2466 2476/2476/2476 2475/2475/2475
f 2470/2470/2470 2469/2469/2469 2477/2477/2477
f 2476/2476/2476 2470/2470/2470 2477/2477/2477
f 2478/2478/2478 2469/2469/2469 2468/2468/2468
f 2477/2477/2477 2469/2469/2469 2478/2478/2478
f 2467/2467/2467 2479/2479/2479 2468/2468/2468
f 2479/2479/2479 2478/2478/2478 2468/2468/2468
f 2471/2471/2471 2480/2480/2480 2467/2467/2467
f 2480/2480/2480 2479/2479/2479 2467/2467/2467
f 2478/2478/2478 2479/2479/2479 2481/2481/2481
f 2479/2479/2479 2480/2480/2480 2481/2481/2481
f 2481/2481/2481 2477/2477/2477 2478/2478/2478
f 2482/2482/2482 2480/2480/2480 2471/2471/2471
f 2480/2480/2480 2482/2482/2482 2481/2481/2481
f 2473/2473/2473 2482/2482/2482 2471/2471/2471
f 2483/2483/2483 2476/2476/2476 2477/2477/2477
f 2476/2476/2476 2483/2483/2483 2475/2475/2475
f 2482/2482/2482 2484/2484/2484 2481/2481/2481
f 2484/2484/2484 2482/2482/2482 2473/2473/2473
f 2485/2485/2485 2477/2477/2477 2481/2481/2481
f 2485/2485/2485 2483/2483/2483 2477/2477/2477
f 2484/2484/2484 2485/2485/2485 2481/2481/2481
f 2483/2483/2483 2485/2485/2485 2486/2486/2486
f 2475/2475/2475 2483/2483/2483 2486/2486/2486
f 2486/2486/2486 2485/2485/2485 2484/2484/2484
f 2487/2487/2487 2484/2484/2484 2473/2473/2473
f 2487/2487/2487 2486/2486/2486 2484/2484/2484
f 2487/2487/2487 2473/2473/2473 2474/2474/2474
f 2475/2475/2475 2486/2486/2486 2488/2488/2488
f 2488/2488/2488 2486/2486/2486 2487/2487/2487
f 2464/2464/2464 2475/2475/2475 2488/2488/2488
f 2464/2464/2464 2488/2488/2488 2465/2465/2465
f 2489/2489/2489 2487/2487/2487 2474/2474/2474
f 2489/2489/2489 2488/2488/2488 2487/2487/2487
f 2465/2465/2465 2488/2488/2488 2489/2489/2489
f 2489/2489/2489 2474/2474/2474 2490/2490/2490
f 2491/2491/2491 2465/2465/2465 2489/2489/2489
f 2491/2491/2491 2489/2489/2489 2490/2490/2490
f 2494/2494/2494 2493/2493/2493 2492/2492/2492
f 2495/2495/2495 2494/2494/2494 2492/2492/2492
f 2496/2496/2496 2494/2494/2494 2495/2495/2495
f 2497/2497/2497 2496/2496/2496 2495/2495/2495
f 2500/2500/2500 2499/2499/2499 2498/2498/2498
f 2499/2499/2499 2501/2501/2501 2498/2498/2498
f 2498/2498/2498 2501/2501/2501 2502/2502/2502
f 2503/2503/2503 2498/2498/2498 2502/2502/2502
f 2503/2503/2503 2502/2502/2502 2504/2504/2504
f 2502/2502/2502 2505/2505/2505 2504/2504/2504
f 2502/2502/2502 2506/2506/2506 2505/2505/2505
f 2502/2502/2502 2501/2501/2501 2506/2506/2506
f 2506/2506/2506 2507/2507/2507 2505/2505/2505
f 2505/2505/2505 2507/2507/2507 2508/2508/2508
f 2507/2507/2507 2509/2509/2509 2508/2508/2508
f 2508/2508/2508 2509/2509/2509 2510/2510/2510
f 2499/2499/2499 2511/2511/2511 2501/2501/2501
f 2501/2501/2501 2512/2512/2512 2506/2506/2506
f 2511/2511/2511 2512/2512/2512 2501/2501/2501
f 2506/2506/2506 2513/2513/2513 2507/2507/2507
f 2506/2506/2506 2512/2512/2512 2513/2513/2513
f 2507/2507/2507 2514/2514/2514 2509/2509/2509
f 2513/2513/2513 2514/2514/2514 2507/2507/2507
f 2515/2515/2515 2511/2511/2511 2499/2499/2499
f 2516/2516/2516 2515/2515/2515 2499/2499/2499
f 2517/2517/2517 2515/2515/2515 2516/2516/2516
f 2518/2518/2518 2517/2517/2517 2516/2516/2516
f 2511/2511/2511 2519/2519/2519 2512/2512/2512
f 2512/2512/2512 2520/2520/2520 2513/2513/2513
f 2519/2519/2519 2520/2520/2520 2512/2512/2512
f 2514/2514/2514 2513/2513/2513 2521/2521/2521
f 2513/2513/2513 2520/2520/2520 2521/2521/2521
f 2514/2514/2514 2522/2522/2522 2509/2509/2509
f 2522/2522/2522 2514/2514/2514 2521/2521/2521
f 2515/2515/2515 2523/2523/2523 2511/2511/2511
f 2523/2523/2523 2519/2519/2519 2511/2511/2511
f 2520/2520/2520 2519/2519/2519 2524/2524/2524
f 2519/2519/2519 2523/2523/2523 2524/2524/2524
f 2520/2520/2520 2524/2524/2524 2521/2521/2521
f 2525/2525/2525 2523/2523/2523 2515/2515/2515
f 2517/2517/2517 2525/2525/2525 2515/2515/2515
f 2523/2523/2523 2525/2525/2525 2524/2524/2524
f 2509/2509/2509 2522/2522/2522 2526/2526/2526
f 2509/2509/2509 2526/2526/2526 2510/2510/2510
f 2527/2527/2527 2522/2522/2522 2521/2521/2521
f 2522/2522/2522 2527/2527/2527 2526/2526/2526
f 2528/2528/2528 2525/2525/2525 2517/2517/2517
f 2525/2525/2525 2528/2528/2528 2524/2524/2524
f 2521/2521/2521 2524/2524/2524 2529/2529/2529
f 2529/2529/2529 2527/2527/2527 2521/2521/2521
f 2524/2524/2524 2528/2528/2528 2529/2529/2529
f 2527/2527/2527 2529/2529/2529 2530/2530/2530
f 2526/2526/2526 2527/2527/2527 2530/2530/2530
f 2529/2529/2529 2528/2528/2528 2530/2530/2530
f 2531/2531/2531 2528/2528/2528 2517/2517/2517
f 2528/2528/2528 2531/2531/2531 2530/2530/2530
f 2531/2531/2531 2517/2517/2517 2518/2518/2518
f 2526/2526/2526 2530/2530/2530 2532/2532/2532
f 2510/2510/2510 2526/2526/2526 2532/2532/2532
f 2530/2530/2530 2531/2531/2531 2532/2532/2532
f 2533/2533/2533 2531/2531/2531 2518/2518/2518
f 2531/2531/2531 2533/2533/2533 2532/2532/2532
f 2533/2533/2533 2518/2518/2518 2534/2534/2534
f 2535/2535/2535 2533/2533/2533 2534/2534/2534
f 2533/2533/2533 2535/2535/2535 2536/2536/2536
f 2532/2532/2532 2533/2533/2533 2536/2536/2536
f 2510/2510/2510 2532/2532/2532 2536/2536/2536
f 2537/2537/2537 2510/2510/2510 2536/2536/2536
f 2540/2540/2540 2539/2539/2539 2538/2538/2538
f 2541/2541/2541 2540/2540/2540 2538/2538/2538
f 2542/2542/2542 2540/2540/2540 2541/2541/2541
f 2543/2543/2543 2542/2542/2542 2541/2541/2541
f 2546/2546/2546 2545/2545/2545 2544/2544/2544
f 2547/2547/2547 2546/2546/2546 2544/2544/2544
f 2548/2548/2548 2546/2546/2546 2547/2547/2547
f 2549/2549/2549 2548/2548/2548 2547/2547/2547
f 2552/2552/2552 2551/2551/2551 2550/2550/2550
f 2551/2551/2551 2553/2553/2553 2550/2550/2550
f 2550/2550/2550 2553/2553/2553 2554/2554/2554
f 2555/2555/2555 2550/2550/2550 2554/2554/2554
f 2555/2555/2555 2554/2554/2554 2556/2556/2556
f 2554/2554/2554 2557/2557/2557 2556/2556/2556
f 2554/2554/2554 2558/2558/2558 2557/2557/2557
f 2554/2554/2554 2553/2553/2553 2558/2558/2558
f 2558/2558/2558 2559/2559/2559 2557/2557/2557
f 2557/2557/2557 2559/2559/2559 2560/2560/2560
f 2559/2559/2559 2561/2561/2561 2560/2560/2560
f 2560/2560/2560 2561/2561/2561 2562/2562/2562
f 2551/2551/2551 2563/2563/2563 2553/2553/2553
f 2553/2553/2553 2564/2564/2564 2558/2558/2558
f 2563/2563/2563 2564/2564/2564 2553/2553/2553
f 2558/2558/2558 2565/2565/2565 2559/2559/2559
f 2558/2558/2558 2564/2564/2564 2565/2565/2565
f 2559/2559/2559 2566/2566/2566 2561/2561/2561
f 2565/2565/2565 2566/2566/2566 2559/2559/2559
f 2567/2567/2567 2563/2563/2563 2551/2551/2551
f 2568/2568/2568 2567/2567/2567 2551/2551/2551
f 2569/2569/2569 2567/2567/2567 2568/2568/2568
f 2570/2570/2570 2569/2569/2569 2568/2568/2568
f 2563/2563/2563 2571/2571/2571 2564/2564/2564
f 2564/2564/2564 2572/2572/2572 2565/2565/2565
f 2571/2571/2571 2572/2572/2572 2564/2564/2564
f 2566/2566/2566 2565/2565/2565 2573/2573/2573
f 2565/2565/2565 2572/2572/2572 2573/2573/2573
f 2566/2566/2566 2574/2574/2574 2561/2561/2561
f 2574/2574/2574 2566/2566/2566 2573/2573/2573
f 2567/2567/2567 2575/2575/2575 2563/2563/2563
f 2575/2575/2575 2571/2571/2571 2563/2563/2563
f 2572/2572/2572 2571/2571/2571 2576/2576/2576
f 2571/2571/2571 2575/2575/2575 2576/2576/2576
f 2572/2572/2572 2576/2576/2576 2573/2573/2573
f 2577/2577/2577 2575/2575/2575 2567/2567/2567
f 2569/2569/2569 2577/2577/2577 2567/2567/2567
f 2575/2575/2575 2577/2577/2577 2576/2576/2576
f 2561/2561/2561 2574/2574/2574 2578/2578/2578
f 2561/2561/2561 2578/2578/2578 2562/2562/2562
f 2579/2579/2579 2574/2574/2574 2573/2573/2573
f 2574/2574/2574 2579/2579/2579 2578/2578/2578
f 2580/2580/2580 2577/2577/2577 2569/2569/2569
f 2577/2577/2577 2580/2580/2580 2576/2576/2576
f 2573/2573/2573 2576/2576/2576 2581/2581/2581
f 2581/2581/2581 2579/2579/2579 2573/2573/2573
f 2576/2576/2576 2580/2580/2580 2581/2581/2581
f 2579/2579/2579 2581/2581/2581 2582/2582/2582
f 2578/2578/2578 2579/2579/2579 2582/2582/2582
f 2581/2581/2581 2580/2580/2580 2582/2582/2582
f 2583/2583/2583 2580/2580/2580 2569/2569/2569
f 2580/2580/2580 2583/2583/2583 2582/2582/2582
f 2583/2583/2583 2569/2569/2569 2570/2570/2570
f 2578/2578/2578 2582/2582/2582 2584/2584/2584
f 2562/2562/2562 2578/2578/2578 2584/2584/2584
f 2582/2582/2582 2583/2583/2583 2584/2584/2584
f 2585/2585/2585 2583/2583/2583 2570/2570/2570
f 2583/2583/2583 2585/2585/2585 2584/2584/2584
f 2585/2585/2585 2570/2570/2570 2586/2586/2586
f 2587/2587/2587 2585/2585/2585 2586/2586/2586
f 2585/2585/2585 2587/2587/2587 2588/2588/2588
f 2584/2584/2584 2585/2585/2585 2588/2588/2588
f 2562/2562/2562 2584/2584/2584 2588/2588/2588
f 2589/2589/2589 2562/2562/2562 2588/2588/2588
f 2592/2592/2592 2591/2591/2591 2590/2590/2590
f 2593/2593/2593 2592/2592/2592 2590/2590/2590
f 2594/2594/2594 2592/2592/2592 2593/2593/2593
f 2595/2595/2595 2594/2594/2594 2593/2593/2593
f 2598/2598/2598 2597/2597/2597 2596/2596/2596
f 2597/2597/2597 2599/2599/2599 2596/2596/2596
f 2596/2596/2596 2599/2599/2599 2600/2600/2600
f 2599/2599/2599 2601/2601/2601 2600/2600/2600
f 2597/2597/2597 2602/2602/2602 2599/2599/2599
f 2601/2601/2601 2599/2599/2599 2603/2603/2603
f 2602/2602/2602 2604/2604/2604 2599/2599/2599
f 2599/2599/2599 2604/2604/2604 2603/2603/2603
f 2602/2602/2602 2605/2605/2605 2604/2604/2604
f 2603/2603/2603 2604/2604/2604 2606/2606/2606
f 2605/2605/2605 2607/2607/2607 2604/2604/2604
f 2604/2604/2604 2607/2607/2607 2606/2606/2606
f 2605/2605/2605 2608/2608/2608 2607/2607/2607
f 2606/2606/2606 2607/2607/2607 2609/2609/2609
f 2608/2608/2608 2610/2610/2610 2607/2607/2607
f 2607/2607/2607 2610/2610/2610 2609/2609/2609
f 2608/2608/2608 2611/2611/2611 2610/2610/2610
f 2609/2609/2609 2610/2610/2610 2612/2612/2612
f 2611/2611/2611 2613/2613/2613 2610/2610/2610
f 2610/2610/2610 2613/2613/2613 2612/2612/2612
f 2611/2611/2611 2614/2614/2614 2613/2613/2613
f 2612/2612/2612 2613/2613/2613 2615/2615/2615
f 2614/2614/2614 2616/2616/2616 2613/2613/2613
f 2613/2613/2613 2616/2616/2616 2615/2615/2615
f 2614/2614/2614 2617/2617/2617 2616/2616/2616
f 2616/2616/2616 2618/2618/2618 2615/2615/2615
f 2617/2617/2617 2618/2618/2618 2616/2616/2616
f 2618/2618/2618 2619/2619/2619 2615/2615/2615
f 2617/2617/2617 2620/2620/2620 2618/2618/2618
f 2618/2618/2618 2621/2621/2621 2619/2619/2619
f 2620/2620/2620 2621/2621/2621 2618/2618/2618
f 2621/2621/2621 2622/2622/2622 2619/2619/2619
f 2623/2623/2623 2622/2622/2622 2621/2621/2621
f 2624/2624/2624 2621/2621/2621 2620/2620/2620
f 2624/2624/2624 2623/2623/2623 2621/2621/2621
f 2625/2625/2625 2624/2624/2624 2620/2620/2620
f 2624/2624/2624 2626/2626/2626 2623/2623/2623
f 2626/2626/2626 2627/2627/2627 2623/2623/2623
f 2626/2626/2626 2628/2628/2628 2627/2627/2627
f 2628/2628/2628 2629/2629/2629 2627/2627/2627
f 2628/2628/2628 2630/2630/2630 2629/2629/2629
f 2630/2630/2630 2631/2631/2631 2629/2629/2629
f 2630/2630/2630 2632/2632/2632 2631/2631/2631
f 2632/2632/2632 2633/2633/2633 2631/2631/2631
f 2634/2634/2634 2632/2632/2632 2630/2630/2630
f 2635/2635/2635 2634/2634/2634 2630/2630/2630
f 2634/2634/2634 2636/2636/2636 2632/2632/2632
f 2636/2636/2636 2637/2637/2637 2632/2632/2632
f 2632/2632/2632 2637/2637/2637 2633/2633/2633
f 2637/2637/2637 2638/2638/2638 2633/2633/2633
f 2641/2641/2641 2640/2640/2640 2639/2639/2639
f 2640/2640/2640 2642/2642/2642 2639/2639/2639
f 2639/2639/2639 2642/2642/2642 2643/2643/2643
f 2642/2642/2642 2640/2640/2640 2644/2644/2644
f 2640/2640/2640 2645/2645/2645 2644/2644/2644
f 2642/2642/2642 2646/2646/2646 2643/2643/2643
f 2643/2643/2643 2646/2646/2646 2647/2647/2647
f 2642/2642/2642 2644/2644/2644 2648/2648/2648
f 2646/2646/2646 2642/2642/2642 2648/2648/2648
f 2644/2644/2644 2645/2645/2645 2649/2649/2649
f 2645/2645/2645 2650/2650/2650 2649/2649/2649
f 2648/2648/2648 2644/2644/2644 2651/2651/2651
f 2644/2644/2644 2649/2649/2649 2651/2651/2651
f 2649/2649/2649 2650/2650/2650 2652/2652/2652
f 2650/2650/2650 2653/2653/2653 2652/2652/2652
f 2651/2651/2651 2649/2649/2649 2654/2654/2654
f 2649/2649/2649 2652/2652/2652 2654/2654/2654
f 2652/2652/2652 2653/2653/2653 2655/2655/2655
f 2653/2653/2653 2656/2656/2656 2655/2655/2655
f 2654/2654/2654 2652/2652/2652 2657/2657/2657
f 2652/2652/2652 2655/2655/2655 2657/2657/2657
f 2655/2655/2655 2656/2656/2656 2658/2658/2658
f 2656/2656/2656 2659/2659/2659 2658/2658/2658
f 2659/2659/2659 2660/2660/2660 2658/2658/2658
f 2655/2655/2655 2658/2658/2658 2661/2661/2661
f 2657/2657/2657 2655/2655/2655 2661/2661/2661
f 2660/2660/2660 2662/2662/2662 2658/2658/2658
f 2658/2658/2658 2662/2662/2662 2661/2661/2661
f 2660/2660/2660 2663/2663/2663 2662/2662/2662
f 2651/2651/2651 2654/2654/2654 2664/2664/2664
f 2654/2654/2654 2657/2657/2657 2665/2665/2665
f 2664/2664/2664 2654/2654/2654 2665/2665/2665
f 2657/2657/2657 2661/2661/2661 2666/2666/2666
f 2665/2665/2665 2657/2657/2657 2666/2666/2666
f 2662/2662/2662 2667/2667/2667 2661/2661/2661
f 2661/2661/2661 2667/2667/2667 2666/2666/2666
f 2663/2663/2663 2668/2668/2668 2662/2662/2662
f 2662/2662/2662 2668/2668/2668 2667/2667/2667
f 2669/2669/2669 2651/2651/2651 2664/2664/2664
f 2648/2648/2648 2651/2651/2651 2669/2669/2669
f 2670/2670/2670 2648/2648/2648 2669/2669/2669
f 2646/2646/2646 2648/2648/2648 2670/2670/2670
f 2671/2671/2671 2646/2646/2646 2670/2670/2670
f 2646/2646/2646 2671/2671/2671 2647/2647/2647
f 2647/2647/2647 2671/2671/2671 2672/2672/2672
f 2673/2673/2673 2647/2647/2647 2672/2672/2672
f 2673/2673/2673 2672/2672/2672 2674/2674/2674
f 2672/2672/2672 2675/2675/2675 2674/2674/2674
f 2674/2674/2674 2675/2675/2675 2676/2676/2676
f 2675/2675/2675 2677/2677/2677 2676/2676/2676
f 2677/2677/2677 2675/2675/2675 2678/2678/2678
f 2675/2675/2675 2679/2679/2679 2678/2678/2678
f 2678/2678/2678 2679/2679/2679 2680/2680/2680
f 2679/2679/2679 2681/2681/2681 2680/2680/2680
f 2680/2680/2680 2681/2681/2681 2682/2682/2682
f 2681/2681/2681 2683/2683/2683 2682/2682/2682
f 2682/2682/2682 2683/2683/2683 2684/2684/2684
f 2681/2681/2681 2685/2685/2685 2683/2683/2683
f 2683/2683/2683 2686/2686/2686 2684/2684/2684
f 2684/2684/2684 2686/2686/2686 2687/2687/2687
f 2685/2685/2685 2688/2688/2688 2683/2683/2683
f 2683/2683/2683 2688/2688/2688 2686/2686/2686
f 2685/2685/2685 2669/2669/2669 2688/2688/2688
f 2669/2669/2669 2664/2664/2664 2688/2688/2688
f 2688/2688/2688 2664/2664/2664 2689/2689/2689
f 2688/2688/2688 2689/2689/2689 2686/2686/2686
f 2664/2664/2664 2665/2665/2665 2689/2689/2689
f 2686/2686/2686 2690/2690/2690 2687/2687/2687
f 2686/2686/2686 2689/2689/2689 2690/2690/2690
f 2689/2689/2689 2665/2665/2665 2691/2691/2691
f 2689/2689/2689 2691/2691/2691 2690/2690/2690
f 2665/2665/2665 2666/2666/2666 2691/2691/2691
f 2690/2690/2690 2692/2692/2692 2687/2687/2687
f 2692/2692/2692 2693/2693/2693 2687/2687/2687
f 2691/2691/2691 2694/2694/2694 2690/2690/2690
f 2694/2694/2694 2692/2692/2692 2690/2690/2690
f 2666/2666/2666 2695/2695/2695 2691/2691/2691
f 2695/2695/2695 2694/2694/2694 2691/2691/2691
f 2667/2667/2667 2695/2695/2695 2666/2666/2666
f 2692/2692/2692 2696/2696/2696 2693/2693/2693
f 2696/2696/2696 2697/2697/2697 2693/2693/2693
f 2698/2698/2698 2697/2697/2697 2696/2696/2696
f 2694/2694/2694 2699/2699/2699 2692/2692/2692
f 2699/2699/2699 2696/2696/2696 2692/2692/2692
f 2667/2667/2667 2700/2700/2700 2695/2695/2695
f 2668/2668/2668 2700/2700/2700 2667/2667/2667
f 2695/2695/2695 2701/2701/2701 2694/2694/2694
f 2701/2701/2701 2699/2699/2699 2694/2694/2694
f 2700/2700/2700 2701/2701/2701 2695/2695/2695
f 2702/2702/2702 2696/2696/2696 2699/2699/2699
f 2702/2702/2702 2698/2698/2698 2696/2696/2696
f 2699/2699/2699 2701/2701/2701 2703/2703/2703
f 2703/2703/2703 2702/2702/2702 2699/2699/2699
f 2704/2704/2704 2701/2701/2701 2700/2700/2700
f 2701/2701/2701 2704/2704/2704 2703/2703/2703
f 2705/2705/2705 2700/2700/2700 2668/2668/2668
f 2705/2705/2705 2704/2704/2704 2700/2700/2700
f 2706/2706/2706 2705/2705/2705 2668/2668/2668
f 2706/2706/2706 2668/2668/2668 2663/2663/2663
f 2707/2707/2707 2706/2706/2706 2663/2663/2663
f 2707/2707/2707 2708/2708/2708 2706/2706/2706
f 2708/2708/2708 2709/2709/2709 2706/2706/2706
f 2706/2706/2706 2709/2709/2709 2705/2705/2705
f 2708/2708/2708 2710/2710/2710 2709/2709/2709
f 2705/2705/2705 2711/2711/2711 2704/2704/2704
f 2709/2709/2709 2711/2711/2711 2705/2705/2705
f 2710/2710/2710 2712/2712/2712 2709/2709/2709
f 2709/2709/2709 2712/2712/2712 2711/2711/2711
f 2710/2710/2710 2713/2713/2713 2712/2712/2712
f 2704/2704/2704 2714/2714/2714 2703/2703/2703
f 2711/2711/2711 2714/2714/2714 2704/2704/2704
f 2713/2713/2713 2715/2715/2715 2712/2712/2712
f 2713/2713/2713 2716/2716/2716 2715/2715/2715
f 2712/2712/2712 2717/2717/2717 2711/2711/2711
f 2711/2711/2711 2717/2717/2717 2714/2714/2714
f 2712/2712/2712 2715/2715/2715 2717/2717/2717
f 2714/2714/2714 2718/2718/2718 2703/2703/2703
f 2703/2703/2703 2718/2718/2718 2702/2702/2702
f 2716/2716/2716 2719/2719/2719 2715/2715/2715
f 2716/2716/2716 2720/2720/2720 2719/2719/2719
f 2720/2720/2720 2721/2721/2721 2719/2719/2719
f 2715/2715/2715 2722/2722/2722 2717/2717/2717
f 2715/2715/2715 2719/2719/2719 2722/2722/2722
f 2717/2717/2717 2723/2723/2723 2714/2714/2714
f 2714/2714/2714 2723/2723/2723 2718/2718/2718
f 2717/2717/2717 2722/2722/2722 2723/2723/2723
f 2719/2719/2719 2721/2721/2721 2724/2724/2724
f 2719/2719/2719 2724/2724/2724 2722/2722/2722
f 2721/2721/2721 2725/2725/2725 2724/2724/2724
f 2718/2718/2718 2726/2726/2726 2702/2702/2702
f 2702/2702/2702 2726/2726/2726 2698/2698/2698
f 2722/2722/2722 2727/2727/2727 2723/2723/2723
f 2722/2722/2722 2724/2724/2724 2727/2727/2727
f 2724/2724/2724 2725/2725/2725 2728/2728/2728
f 2724/2724/2724 2728/2728/2728 2727/2727/2727
f 2725/2725/2725 2729/2729/2729 2728/2728/2728
f 2723/2723/2723 2730/2730/2730 2718/2718/2718
f 2723/2723/2723 2727/2727/2727 2730/2730/2730
f 2718/2718/2718 2730/2730/2730 2726/2726/2726
f 2726/2726/2726 2731/2731/2731 2698/2698/2698
f 2698/2698/2698 2731/2731/2731 2732/2732/2732
f 2731/2731/2731 2733/2733/2733 2732/2732/2732
f 2728/2728/2728 2729/2729/2729 2734/2734/2734
f 2729/2729/2729 2735/2735/2735 2734/2734/2734
f 2727/2727/2727 2728/2728/2728 2736/2736/2736
f 2727/2727/2727 2736/2736/2736 2730/2730/2730
f 2728/2728/2728 2734/2734/2734 2736/2736/2736
f 2730/2730/2730 2737/2737/2737 2726/2726/2726
f 2726/2726/2726 2737/2737/2737 2731/2731/2731
f 2730/2730/2730 2736/2736/2736 2737/2737/2737
f 2731/2731/2731 2738/2738/2738 2733/2733/2733
f 2737/2737/2737 2738/2738/2738 2731/2731/2731
f 2738/2738/2738 2739/2739/2739 2733/2733/2733
f 2736/2736/2736 2740/2740/2740 2737/2737/2737
f 2736/2736/2736 2734/2734/2734 2740/2740/2740
f 2737/2737/2737 2740/2740/2740 2738/2738/2738
f 2734/2734/2734 2735/2735/2735 2741/2741/2741
f 2734/2734/2734 2741/2741/2741 2740/2740/2740
f 2735/2735/2735 2742/2742/2742 2741/2741/2741
f 2738/2738/2738 2743/2743/2743 2739/2739/2739
f 2740/2740/2740 2743/2743/2743 2738/2738/2738
f 2740/2740/2740 2741/2741/2741 2743/2743/2743
f 2743/2743/2743 2744/2744/2744 2739/2739/2739
f 2741/2741/2741 2745/2745/2745 2743/2743/2743
f 2741/2741/2741 2742/2742/2742 2745/2745/2745
f 2742/2742/2742 2746/2746/2746 2745/2745/2745
f 2749/2749/2749 2748/2748/2748 2747/2747/2747
f 2748/2748/2748 2750/2750/2750 2747/2747/2747
f 2747/2747/2747 2750/2750/2750 2751/2751/2751
f 2750/2750/2750 2748/2748/2748 2752/2752/2752
f 2748/2748/2748 2753/2753/2753 2752/2752/2752
f 2750/2750/2750 2754/2754/2754 2751/2751/2751
f 2751/2751/2751 2754/2754/2754 2755/2755/2755
f 2754/2754/2754 2750/2750/2750 2756/2756/2756
f 2750/2750/2750 2752/2752/2752 2756/2756/2756
f 2754/2754/2754 2757/2757/2757 2755/2755/2755
f 2755/2755/2755 2757/2757/2757 2758/2758/2758
f 2757/2757/2757 2759/2759/2759 2758/2758/2758
f 2756/2756/2756 2752/2752/2752 2760/2760/2760
f 2758/2758/2758 2759/2759/2759 2761/2761/2761
f 2752/2752/2752 2753/2753/2753 2762/2762/2762
f 2752/2752/2752 2762/2762/2762 2760/2760/2760
f 2753/2753/2753 2763/2763/2763 2762/2762/2762
f 2759/2759/2759 2764/2764/2764 2761/2761/2761
f 2761/2761/2761 2764/2764/2764 2765/2765/2765
f 2762/2762/2762 2763/2763/2763 2766/2766/2766
f 2763/2763/2763 2767/2767/2767 2766/2766/2766
f 2760/2760/2760 2762/2762/2762 2768/2768/2768
f 2762/2762/2762 2766/2766/2766 2768/2768/2768
f 2764/2764/2764 2759/2759/2759 2769/2769/2769
f 2759/2759/2759 2770/2770/2770 2769/2769/2769
f 2764/2764/2764 2771/2771/2771 2765/2765/2765
f 2765/2765/2765 2771/2771/2771 2772/2772/2772
f 2771/2771/2771 2773/2773/2773 2772/2772/2772
f 2773/2773/2773 2771/2771/2771 2774/2774/2774
f 2771/2771/2771 2764/2764/2764 2775/2775/2775
f 2771/2771/2771 2775/2775/2775 2774/2774/2774
f 2764/2764/2764 2769/2769/2769 2775/2775/2775
f 2774/2774/2774 2775/2775/2775 2776/2776/2776
f 2775/2775/2775 2777/2777/2777 2776/2776/2776
f 2775/2775/2775 2769/2769/2769 2777/2777/2777
f 2776/2776/2776 2777/2777/2777 2778/2778/2778
f 2769/2769/2769 2770/2770/2770 2779/2779/2779
f 2769/2769/2769 2779/2779/2779 2777/2777/2777
f 2770/2770/2770 2780/2780/2780 2779/2779/2779
f 2777/2777/2777 2781/2781/2781 2778/2778/2778
f 2777/2777/2777 2779/2779/2779 2781/2781/2781
f 2778/2778/2778 2781/2781/2781 2782/2782/2782
f 2779/2779/2779 2780/2780/2780 2783/2783/2783
f 2779/2779/2779 2783/2783/2783 2781/2781/2781
f 2781/2781/2781 2784/2784/2784 2782/2782/2782
f 2781/2781/2781 2783/2783/2783 2784/2784/2784
f 2782/2782/2782 2784/2784/2784 2785/2785/2785
f 2780/2780/2780 2786/2786/2786 2783/2783/2783
f 2780/2780/2780 2787/2787/2787 2786/2786/2786
f 2783/2783/2783 2788/2788/2788 2784/2784/2784
f 2783/2783/2783 2786/2786/2786 2788/2788/2788
f 2784/2784/2784 2789/2789/2789 2785/2785/2785
f 2784/2784/2784 2788/2788/2788 2789/2789/2789
f 2787/2787/2787 2790/2790/2790 2786/2786/2786
f 2787/2787/2787 2760/2760/2760 2790/2790/2790
f 2760/2760/2760 2768/2768/2768 2790/2790/2790
f 2786/2786/2786 2791/2791/2791 2788/2788/2788
f 2786/2786/2786 2790/2790/2790 2791/2791/2791
f 2790/2790/2790 2768/2768/2768 2792/2792/2792
f 2790/2790/2790 2792/2792/2792 2791/2791/2791
f 2788/2788/2788 2791/2791/2791 2793/2793/2793
f 2788/2788/2788 2793/2793/2793 2789/2789/2789
f 2789/2789/2789 2794/2794/2794 2785/2785/2785
f 2794/2794/2794 2795/2795/2795 2785/2785/2785
f 2794/2794/2794 2796/2796/2796 2795/2795/2795
f 2797/2797/2797 2794/2794/2794 2789/2789/2789
f 2793/2793/2793 2797/2797/2797 2789/2789/2789
f 2791/2791/2791 2798/2798/2798 2793/2793/2793
f 2791/2791/2791 2792/2792/2792 2798/2798/2798
f 2768/2768/2768 2799/2799/2799 2792/2792/2792
f 2768/2768/2768 2766/2766/2766 2799/2799/2799
f 2800/2800/2800 2796/2796/2796 2794/2794/2794
f 2797/2797/2797 2800/2800/2800 2794/2794/2794
f 2801/2801/2801 2797/2797/2797 2793/2793/2793
f 2798/2798/2798 2801/2801/2801 2793/2793/2793
f 2792/2792/2792 2802/2802/2802 2798/2798/2798
f 2792/2792/2792 2799/2799/2799 2802/2802/2802
f 2766/2766/2766 2803/2803/2803 2799/2799/2799
f 2766/2766/2766 2767/2767/2767 2803/2803/2803
f 2804/2804/2804 2796/2796/2796 2800/2800/2800
f 2804/2804/2804 2805/2805/2805 2796/2796/2796
f 2804/2804/2804 2806/2806/2806 2805/2805/2805
f 2807/2807/2807 2800/2800/2800 2797/2797/2797
f 2801/2801/2801 2807/2807/2807 2797/2797/2797
f 2808/2808/2808 2801/2801/2801 2798/2798/2798
f 2802/2802/2802 2808/2808/2808 2798/2798/2798
f 2799/2799/2799 2809/2809/2809 2802/2802/2802
f 2799/2799/2799 2803/2803/2803 2809/2809/2809
f 2767/2767/2767 2810/2810/2810 2803/2803/2803
f 2767/2767/2767 2811/2811/2811 2810/2810/2810
f 2803/2803/2803 2810/2810/2810 2812/2812/2812
f 2803/2803/2803 2812/2812/2812 2809/2809/2809
f 2810/2810/2810 2813/2813/2813 2812/2812/2812
f 2814/2814/2814 2804/2804/2804 2800/2800/2800
f 2814/2814/2814 2800/2800/2800 2807/2807/2807
f 2815/2815/2815 2807/2807/2807 2801/2801/2801
f 2808/2808/2808 2815/2815/2815 2801/2801/2801
f 2816/2816/2816 2808/2808/2808 2802/2802/2802
f 2809/2809/2809 2816/2816/2816 2802/2802/2802
f 2813/2813/2813 2817/2817/2817 2812/2812/2812
f 2818/2818/2818 2817/2817/2817 2813/2813/2813
f 2818/2818/2818 2819/2819/2819 2817/2817/2817
f 2812/2812/2812 2820/2820/2820 2809/2809/2809
f 2817/2817/2817 2820/2820/2820 2812/2812/2812
f 2820/2820/2820 2816/2816/2816 2809/2809/2809
f 2819/2819/2819 2821/2821/2821 2817/2817/2817
f 2817/2817/2817 2821/2821/2821 2820/2820/2820
f 2822/2822/2822 2821/2821/2821 2819/2819/2819
f 2816/2816/2816 2823/2823/2823 2808/2808/2808
f 2823/2823/2823 2815/2815/2815 2808/2808/2808
f 2820/2820/2820 2824/2824/2824 2816/2816/2816
f 2821/2821/2821 2824/2824/2824 2820/2820/2820
f 2824/2824/2824 2823/2823/2823 2816/2816/2816
f 2822/2822/2822 2825/2825/2825 2821/2821/2821
f 2825/2825/2825 2824/2824/2824 2821/2821/2821
f 2826/2826/2826 2823/2823/2823 2824/2824/2824
f 2825/2825/2825 2826/2826/2826 2824/2824/2824
f 2827/2827/2827 2815/2815/2815 2823/2823/2823
f 2826/2826/2826 2827/2827/2827 2823/2823/2823
f 2822/2822/2822 2828/2828/2828 2825/2825/2825
f 2829/2829/2829 2828/2828/2828 2822/2822/2822
f 2829/2829/2829 2830/2830/2830 2828/2828/2828
f 2825/2825/2825 2831/2831/2831 2826/2826/2826
f 2828/2828/2828 2831/2831/2831 2825/2825/2825
f 2830/2830/2830 2832/2832/2832 2828/2828/2828
f 2828/2828/2828 2832/2832/2832 2831/2831/2831
f 2830/2830/2830 2833/2833/2833 2832/2832/2832
f 2833/2833/2833 2834/2834/2834 2832/2832/2832
f 2831/2831/2831 2835/2835/2835 2826/2826/2826
f 2826/2826/2826 2835/2835/2835 2827/2827/2827
f 2832/2832/2832 2836/2836/2836 2831/2831/2831
f 2832/2832/2832 2834/2834/2834 2836/2836/2836
f 2831/2831/2831 2836/2836/2836 2835/2835/2835
f 2827/2827/2827 2837/2837/2837 2815/2815/2815
f 2837/2837/2837 2807/2807/2807 2815/2815/2815
f 2837/2837/2837 2814/2814/2814 2807/2807/2807
f 2834/2834/2834 2838/2838/2838 2836/2836/2836
f 2834/2834/2834 2839/2839/2839 2838/2838/2838
f 2836/2836/2836 2840/2840/2840 2835/2835/2835
f 2836/2836/2836 2838/2838/2838 2840/2840/2840
f 2835/2835/2835 2841/2841/2841 2827/2827/2827
f 2827/2827/2827 2841/2841/2841 2837/2837/2837
f 2835/2835/2835 2840/2840/2840 2841/2841/2841
f 2837/2837/2837 2842/2842/2842 2814/2814/2814
f 2841/2841/2841 2842/2842/2842 2837/2837/2837
f 2839/2839/2839 2843/2843/2843 2838/2838/2838
f 2839/2839/2839 2844/2844/2844 2843/2843/2843
f 2844/2844/2844 2845/2845/2845 2843/2843/2843
f 2838/2838/2838 2846/2846/2846 2840/2840/2840
f 2838/2838/2838 2843/2843/2843 2846/2846/2846
f 2840/2840/2840 2847/2847/2847 2841/2841/2841
f 2841/2841/2841 2847/2847/2847 2842/2842/2842
f 2840/2840/2840 2846/2846/2846 2847/2847/2847
f 2843/2843/2843 2845/2845/2845 2848/2848/2848
f 2843/2843/2843 2848/2848/2848 2846/2846/2846
f 2845/2845/2845 2849/2849/2849 2848/2848/2848
f 2842/2842/2842 2850/2850/2850 2814/2814/2814
f 2814/2814/2814 2850/2850/2850 2804/2804/2804
f 2850/2850/2850 2806/2806/2806 2804/2804/2804
f 2846/2846/2846 2851/2851/2851 2847/2847/2847
f 2846/2846/2846 2848/2848/2848 2851/2851/2851
f 2848/2848/2848 2849/2849/2849 2852/2852/2852
f 2848/2848/2848 2852/2852/2852 2851/2851/2851
f 2849/2849/2849 2853/2853/2853 2852/2852/2852
f 2847/2847/2847 2854/2854/2854 2842/2842/2842
f 2842/2842/2842 2854/2854/2854 2850/2850/2850
f 2847/2847/2847 2851/2851/2851 2854/2854/2854
f 2850/2850/2850 2855/2855/2855 2806/2806/2806
f 2854/2854/2854 2855/2855/2855 2850/2850/2850
f 2855/2855/2855 2856/2856/2856 2806/2806/2806
f 2851/2851/2851 2857/2857/2857 2854/2854/2854
f 2851/2851/2851 2852/2852/2852 2857/2857/2857
f 2854/2854/2854 2857/2857/2857 2855/2855/2855
f 2852/2852/2852 2853/2853/2853 2858/2858/2858
f 2852/2852/2852 2858/2858/2858 2857/2857/2857
f 2853/2853/2853 2859/2859/2859 2858/2858/2858
f 2855/2855/2855 2860/2860/2860 2856/2856/2856
f 2857/2857/2857 2860/2860/2860 2855/2855/2855
f 2857/2857/2857 2858/2858/2858 2860/2860/2860
f 2860/2860/2860 2861/2861/2861 2856/2856/2856
f 2858/2858/2858 2859/2859/2859 2862/2862/2862
f 2858/2858/2858 2862/2862/2862 2860/2860/2860
f 2860/2860/2860 2862/2862/2862 2861/2861/2861
f 2859/2859/2859 2863/2863/2863 2862/2862/2862
f 2862/2862/2862 2864/2864/2864 2861/2861/2861
f 2862/2862/2862 2863/2863/2863 2864/2864/2864
f 2863/2863/2863 2865/2865/2865 2864/2864/2864
f 2868/2868/2868 2867/2867/2867 2866/2866/2866
f 2867/2867/2867 2869/2869/2869 2866/2866/2866
f 2869/2869/2869 2867/2867/2867 2870/2870/2870
f 2867/2867/2867 2871/2871/2871 2870/2870/2870
f 2870/2870/2870 2871/2871/2871 2872/2872/2872
f 2871/2871/2871 2873/2873/2873 2872/2872/2872
f 2872/2872/2872 2873/2873/2873 2874/2874/2874
f 2873/2873/2873 2875/2875/2875 2874/2874/2874
f 2875/2875/2875 2877/2877/2877 2876/2876/2876
f 2876/2876/2876 2877/2877/2877 2878/2878/2878
f 2877/2877/2877 2879/2879/2879 2878/2878/2878
f 2879/2879/2879 2880/2880/2880 2878/2878/2878
f 2883/2883/2883 2882/2882/2882 2881/2881/2881
f 2882/2882/2882 2884/2884/2884 2881/2881/2881
f 2881/2881/2881 2884/2884/2884 2885/2885/2885
f 2884/2884/2884 2886/2886/2886 2885/2885/2885
f 2885/2885/2885 2886/2886/2886 2887/2887/2887
f 2886/2886/2886 2888/2888/2888 2887/2887/2887
f 2887/2887/2887 2888/2888/2888 2889/2889/2889
f 2888/2888/2888 2890/2890/2890 2889/2889/2889
f 2889/2889/2889 2890/2890/2890 2891/2891/2891
f 2890/2890/2890 2892/2892/2892 2891/2891/2891
f 2891/2891/2891 2892/2892/2892 2893/2893/2893
f 2892/2892/2892 2894/2894/2894 2893/2893/2893
f 2893/2893/2893 2894/2894/2894 2895/2895/2895
f 2894/2894/2894 2896/2896/2896 2895/2895/2895
f 2899/2899/2899 2898/2898/2898 2897/2897/2897
f 2900/2900/2900 2899/2899/2899 2897/2897/2897
f 2903/2903/2903 2902/2902/2902 2901/2901/2901
f 2904/2904/2904 2903/2903/2903 2901/2901/2901
f 2905/2905/2905 2903/2903/2903 2904/2904/2904
f 2906/2906/2906 2905/2905/2905 2904/2904/2904
f 2909/2909/2909 2908/2908/2908 2907/2907/2907
f 2910/2910/2910 2909/2909/2909 2907/2907/2907
f 2911/2911/2911 2909/2909/2909 2910/2910/2910
f 2912/2912/2912 2911/2911/2911 2910/2910/2910
f 2913/2913/2913 2911/2911/2911 2912/2912/2912
f 2914/2914/2914 2913/2913/2913 2912/2912/2912
f 2915/2915/2915 2913/2913/2913 2914/2914/2914
f 2916/2916/2916 2915/2915/2915 2914/2914/2914
f 2917/2917/2917 2915/2915/2915 2916/2916/2916
f 2920/2920/2920 2919/2919/2919 2918/2918/2918
f 2921/2921/2921 2919/2919/2919 2920/2920/2920
f 2922/2922/2922 2921/2921/2921 2920/2920/2920
f 2925/2925/2925 2924/2924/2924 2923/2923/2923
f 2926/2926/2926 2925/2925/2925 2923/2923/2923
f 2926/2926/2926 2923/2923/2923 2927/2927/2927
f 2928/2928/2928 2926/2926/2926 2927/2927/2927
f 2931/2931/2931 2930/2930/2930 2929/2929/2929
f 2932/2932/2932 2931/2931/2931 2929/2929/2929
f 2932/2932/2932 2929/2929/2929 2933/2933/2933
f 2934/2934/2934 2932/2932/2932 2933/2933/2933
f 2934/2934/2934 2933/2933/2933 2935/2935/2935
f 2936/2936/2936 2934/2934/2934 2935/2935/2935
f 2936/2936/2936 2935/2935/2935 2937/2937/2937
f 2938/2938/2938 2936/2936/2936 2937/2937/2937
f 2938/2938/2938 2937/2937/2937 2939/2939/2939
f 2939/2939/2939 2941/2941/2941 2940/2940/2940
f 2940/2940/2940 2941/2941/2941 2942/2942/2942
f 2945/2945/2945 2944/2944/2944 2943/2943/2943
f 2946/2946/2946 2945/2945/2945 2943/2943/2943
f 2945/2945/2945 2946/2946/2946 2947/2947/2947
f 2948/2948/2948 2945/2945/2945 2947/2947/2947
f 2947/2947/2947 2946/2946/2946 2949/2949/2949
f 2946/2946/2946 2950/2950/2950 2949/2949/2949
f 2951/2951/2951 2950/2950/2950 2946/2946/2946
f 2943/2943/2943 2951/2951/2951 2946/2946/2946
f 2953/2953/2953 2952/2952/2952 2943/2943/2943
f 2954/2954/2954 2953/2953/2953 2943/2943/2943
f 2943/2943/2943 2955/2955/2955 2954/2954/2954
f 2955/2955/2955 2956/2956/2956 2954/2954/2954
f 2957/2957/2957 2953/2953/2953 2954/2954/2954
f 2954/2954/2954 2956/2956/2956 2958/2958/2958
f 2958/2958/2958 2957/2957/2957 2954/2954/2954
f 2956/2956/2956 2959/2959/2959 2958/2958/2958
f 2958/2958/2958 2959/2959/2959 2960/2960/2960
f 2961/2961/2961 2958/2958/2958 2960/2960/2960
f 2957/2957/2957 2958/2958/2958 2961/2961/2961
f 2962/2962/2962 2957/2957/2957 2961/2961/2961
f 2965/2965/2965 2964/2964/2964 2963/2963/2963
f 2964/2964/2964 2966/2966/2966 2963/2963/2963
f 2966/2966/2966 2964/2964/2964 2967/2967/2967
f 2968/2968/2968 2966/2966/2966 2967/2967/2967
f 2969/2969/2969 2967/2967/2967 2964/2964/2964
f 2970/2970/2970 2969/2969/2969 2964/2964/2964
f 2971/2971/2971 2969/2969/2969 2970/2970/2970
f 2972/2972/2972 2971/2971/2971 2970/2970/2970
f 2971/2971/2971 2972/2972/2972 2973/2973/2973
f 2974/2974/2974 2971/2971/2971 2973/2973/2973
f 2973/2973/2973 2972/2972/2972 2975/2975/2975
f 2972/2972/2972 2976/2976/2976 2975/2975/2975
f 2976/2976/2976 2972/2972/2972 2977/2977/2977
f 2972/2972/2972 2970/2970/2970 2977/2977/2977
f 2977/2977/2977 2970/2970/2970 2978/2978/2978
f 2970/2970/2970 2979/2979/2979 2978/2978/2978
f 2982/2982/2982 2981/2981/2981 2980/2980/2980
f 2981/2981/2981 2983/2983/2983 2980/2980/2980
f 2984/2984/2984 2980/2980/2980 2983/2983/2983
f 2985/2985/2985 2984/2984/2984 2983/2983/2983
f 2985/2985/2985 2983/2983/2983 2986/2986/2986
f 2983/2983/2983 2987/2987/2987 2986/2986/2986
f 2983/2983/2983 2981/2981/2981 2988/2988/2988
f 2987/2987/2987 2983/2983/2983 2988/2988/2988
f 2990/2990/2990 2989/2989/2989 2988/2988/2988
f 2990/2990/2990 2992/2992/2992 2991/2991/2991
f 2993/2993/2993 2990/2990/2990 2991/2991/2991
f 2993/2993/2993 2991/2991/2991 2994/2994/2994
f 2995/2995/2995 2993/2993/2993 2994/2994/2994
f 2996/2996/2996 2990/2990/2990 2993/2993/2993
f 2996/2996/2996 2997/2997/2997 2990/2990/2990
f 2998/2998/2998 2993/2993/2993 2995/2995/2995
f 2998/2998/2998 2996/2996/2996 2993/2993/2993
f 2999/2999/2999 2998/2998/2998 2995/2995/2995
f 2998/2998/2998 2999/2999/2999 3000/3000/3000
f 3001/3001/3001 2998/2998/2998 3000/3000/3000
f 3001/3001/3001 3002/3002/3002 2998/2998/2998
f 3002/3002/3002 2996/2996/2996 2998/2998/2998
f 2997/2997/2997 2996/2996/2996 3002/3002/3002
f 3003/3003/3003 2997/2997/2997 3002/3002/3002
f 3006/3006/3006 3005/3005/3005 3004/3004/3004
f 3005/3005/3005 3007/3007/3007 3004/3004/3004
f 3005/3005/3005 3008/3008/3008 3007/3007/3007
f 3008/3008/3008 3009/3009/3009 3007/3007/3007
f 3007/3007/3007 3009/3009/3009 3010/3010/3010
f 3011/3011/3011 3007/3007/3007 3010/3010/3010
f 3004/3004/3004 3007/3007/3007 3011/3011/3011
f 3012/3012/3012 3004/3004/3004 3011/3011/3011
f 3015/3015/3015 3014/3014/3014 3013/3013/3013
f 3014/3014/3014 3016/3016/3016 3013/3013/3013
f 3016/3016/3016 3014/3014/3014 3017/3017/3017
f 3013/3013/3013 3016/3016/3016 3018/3018/3018
f 3019/3019/3019 3013/3013/3013 3018/3018/3018
f 3014/3014/3014 3021/3021/3021 3020/3020/3020
f 3014/3014/3014 3022/3022/3022 3021/3021/3021
f 3022/3022/3022 3023/3023/3023 3021/3021/3021
f 3026/3026/3026 3025/3025/3025 3024/3024/3024
f 3027/3027/3027 3026/3026/3026 3024/3024/3024
f 3027/3027/3027 3028/3028/3028 3026/3026/3026
f 3028/3028/3028 3029/3029/3029 3026/3026/3026
f 3032/3032/3032 3031/3031/3031 3030/3030/3030
f 3032/3032/3032 3033/3033/3033 3031/3031/3031
f 3036/3036/3036 3035/3035/3035 3034/3034/3034
f 3035/3035/3035 3037/3037/3037 3034/3034/3034
f 3034/3034/3034 3037/3037/3037 3038/3038/3038
f 3035/3035/3035 3039/3039/3039 3037/3037/3037
f 3037/3037/3037 3040/3040/3040 3038/3038/3038
f 3038/3038/3038 3040/3040/3040 3041/3041/3041
f 3039/3039/3039 3042/3042/3042 3037/3037/3037
f 3037/3037/3037 3042/3042/3042 3040/3040/3040
f 3039/3039/3039 3043/3043/3043 3042/3042/3042
f 3040/3040/3040 3044/3044/3044 3041/3041/3041
f 3041/3041/3041 3044/3044/3044 3045/3045/3045
f 3042/3042/3042 3046/3046/3046 3040/3040/3040
f 3042/3042/3042 3043/3043/3043 3046/3046/3046
f 3040/3040/3040 3046/3046/3046 3044/3044/3044
f 3044/3044/3044 3047/3047/3047 3045/3045/3045
f 3045/3045/3045 3047/3047/3047 3048/3048/3048
f 3047/3047/3047 3049/3049/3049 3048/3048/3048
f 3046/3046/3046 3050/3050/3050 3044/3044/3044
f 3046/3046/3046 3043/3043/3043 3050/3050/3050
f 3044/3044/3044 3050/3050/3050 3047/3047/3047
f 3047/3047/3047 3051/3051/3051 3049/3049/3049
f 3050/3050/3050 3051/3051/3051 3047/3047/3047
f 3050/3050/3050 3043/3043/3043 3051/3051/3051
f 3051/3051/3051 3052/3052/3052 3049/3049/3049
f 3051/3051/3051 3043/3043/3043 3052/3052/3052
f 3055/3055/3055 3054/3054/3054 3053/3053/3053
f 3054/3054/3054 3056/3056/3056 3053/3053/3053
f 3053/3053/3053 3056/3056/3056 3057/3057/3057
f 3054/3054/3054 3058/3058/3058 3056/3056/3056
f 3056/3056/3056 3059/3059/3059 3057/3057/3057
f 3057/3057/3057 3059/3059/3059 3060/3060/3060
f 3058/3058/3058 3061/3061/3061 3056/3056/3056
f 3056/3056/3056 3061/3061/3061 3059/3059/3059
f 3058/3058/3058 3062/3062/3062 3061/3061/3061
f 3059/3059/3059 3063/3063/3063 3060/3060/3060
f 3060/3060/3060 3063/3063/3063 3064/3064/3064
f 3061/3061/3061 3065/3065/3065 3059/3059/3059
f 3061/3061/3061 3062/3062/3062 3065/3065/3065
f 3059/3059/3059 3065/3065/3065 3063/3063/3063
f 3063/3063/3063 3066/3066/3066 3064/3064/3064
f 3064/3064/3064 3066/3066/3066 3067/3067/3067
f 3066/3066/3066 3068/3068/3068 3067/3067/3067
f 3065/3065/3065 3069/3069/3069 3063/3063/3063
f 3065/3065/3065 3062/3062/3062 3069/3069/3069
f 3063/3063/3063 3069/3069/3069 3066/3066/3066
f 3066/3066/3066 3070/3070/3070 3068/3068/3068
f 3069/3069/3069 3070/3070/3070 3066/3066/3066
f 3069/3069/3069 3062/3062/3062 3070/3070/3070
f 3070/3070/3070 3071/3071/3071 3068/3068/3068
f 3070/3070/3070 3062/3062/3062 3071/3071/3071
f 3074/3074/3074 3073/3073/3073 3072/3072/3072
f 3074/3074/3074 3075/3075/3075 3073/3073/3073
f 3073/3073/3073 3076/3076/3076 3072/3072/3072
f 3077/3077/3077 3076/3076/3076 3073/3073/3073
f 3072/3072/3072 3076/3076/3076 3078/3078/3078
f 3075/3075/3075 3079/3079/3079 3073/3073/3073
f 3079/3079/3079 3077/3077/3077 3073/3073/3073
f 3080/3080/3080 3079/3079/3079 3075/3075/3075
f 3079/3079/3079 3080/3080/3080 3077/3077/3077
f 3081/3081/3081 3080/3080/3080 3075/3075/3075
f 3082/3082/3082 3080/3080/3080 3081/3081/3081
f 3080/3080/3080 3082/3082/3082 3077/3077/3077
f 3083/3083/3083 3082/3082/3082 3081/3081/3081
f 3084/3084/3084 3082/3082/3082 3083/3083/3083
f 3082/3082/3082 3084/3084/3084 3077/3077/3077
f 3085/3085/3085 3084/3084/3084 3083/3083/3083
f 3086/3086/3086 3084/3084/3084 3085/3085/3085
f 3084/3084/3084 3086/3086/3086 3077/3077/3077
f 3087/3087/3087 3086/3086/3086 3085/3085/3085
f 3086/3086/3086 3088/3088/3088 3077/3077/3077
f 3088/3088/3088 3086/3086/3086 3087/3087/3087
f 3089/3089/3089 3088/3088/3088 3087/3087/3087
f 3077/3077/3077 3090/3090/3090 3076/3076/3076
f 3088/3088/3088 3091/3091/3091 3077/3077/3077
f 3089/3089/3089 3092/3092/3092 3088/3088/3088
f 3092/3092/3092 3091/3091/3091 3088/3088/3088
f 3093/3093/3093 3091/3091/3091 3092/3092/3092
f 3094/3094/3094 3093/3093/3093 3092/3092/3092
f 3091/3091/3091 3093/3093/3093 3095/3095/3095
f 3095/3095/3095 3093/3093/3093 3094/3094/3094
f 3077/3077/3077 3091/3091/3091 3095/3095/3095
f 3096/3096/3096 3095/3095/3095 3094/3094/3094
f 3097/3097/3097 3095/3095/3095 3096/3096/3096
f 3098/3098/3098 3097/3097/3097 3096/3096/3096
f 3095/3095/3095 3097/3097/3097 3099/3099/3099
f 3099/3099/3099 3097/3097/3097 3098/3098/3098
f 3077/3077/3077 3095/3095/3095 3099/3099/3099
f 3100/3100/3100 3099/3099/3099 3098/3098/3098
f 3101/3101/3101 3099/3099/3099 3100/3100/3100
f 3102/3102/3102 3101/3101/3101 3100/3100/3100
f 3102/3102/3102 3103/3103/3103 3101/3101/3101
f 3099/3099/3099 3101/3101/3101 3104/3104/3104
f 3103/3103/3103 3104/3104/3104 3101/3101/3101
f 3077/3077/3077 3099/3099/3099 3104/3104/3104
f 3103/3103/3103 3105/3105/3105 3104/3104/3104
f 3105/3105/3105 3106/3106/3106 3104/3104/3104
f 3104/3104/3104 3106/3106/3106 3107/3107/3107
f 3107/3107/3107 3106/3106/3106 3105/3105/3105
f 3077/3077/3077 3104/3104/3104 3107/3107/3107
f 3108/3108/3108 3107/3107/3107 3105/3105/3105
f 3109/3109/3109 3107/3107/3107 3108/3108/3108
f 3110/3110/3110 3109/3109/3109 3108/3108/3108
f 3107/3107/3107 3109/3109/3109 3111/3111/3111
f 3111/3111/3111 3109/3109/3109 3110/3110/3110
f 3077/3077/3077 3107/3107/3107 3111/3111/3111
f 3112/3112/3112 3111/3111/3111 3110/3110/3110
f 3077/3077/3077 3111/3111/3111 3113/3113/3113
f 3077/3077/3077 3113/3113/3113 3090/3090/3090
f 3114/3114/3114 3111/3111/3111 3112/3112/3112
f 3111/3111/3111 3114/3114/3114 3113/3113/3113
f 3115/3115/3115 3114/3114/3114 3112/3112/3112
f 3115/3115/3115 3116/3116/3116 3114/3114/3114
f 3116/3116/3116 3113/3113/3113 3114/3114/3114
f 3116/3116/3116 3117/3117/3117 3113/3113/3113
f 3117/3117/3117 3118/3118/3118 3113/3113/3113
f 3113/3113/3113 3118/3118/3118 3090/3090/3090
f 3090/3090/3090 3118/3118/3118 3117/3117/3117
f 3119/3119/3119 3090/3090/3090 3117/3117/3117
f 3120/3120/3120 3090/3090/3090 3119/3119/3119
f 3078/3078/3078 3120/3120/3120 3119/3119/3119
f 3090/3090/3090 3120/3120/3120 3076/3076/3076
f 3076/3076/3076 3120/3120/3120 3078/3078/3078
f 3123/3123/3123 3122/3122/3122 3121/3121/3121
f 3121/3121/3121 3122/3122/3122 3124/3124/3124
f 3125/3125/3125 3122/3122/3122 3123/3123/3123
f 3124/3124/3124 3122/3122/3122 3126/3126/3126
f 3127/3127/3127 3122/3122/3122 3125/3125/3125
f 3126/3126/3126 3122/3122/3122 3128/3128/3128
f 3129/3129/3129 3122/3122/3122 3127/3127/3127
f 3128/3128/3128 3122/3122/3122 3130/3130/3130
f 3131/3131/3131 3122/3122/3122 3129/3129/3129
f 3130/3130/3130 3122/3122/3122 3132/3132/3132
f 3133/3133/3133 3122/3122/3122 3131/3131/3131
f 3132/3132/3132 3122/3122/3122 3134/3134/3134
f 3135/3135/3135 3122/3122/3122 3133/3133/3133
f 3134/3134/3134 3122/3122/3122 3136/3136/3136
f 3137/3137/3137 3122/3122/3122 3135/3135/3135
f 3136/3136/3136 3122/3122/3122 3137/3137/3137
f 3140/3140/3140 3139/3139/3139 3138/3138/3138
f 3141/3141/3141 3140/3140/3140 3138/3138/3138
f 3139/3139/3139 3140/3140/3140 3142/3142/3142
f 3138/3138/3138 3143/3143/3143 3141/3141/3141
f 3144/3144/3144 3139/3139/3139 3142/3142/3142
f 3143/3143/3143 3145/3145/3145 3141/3141/3141
f 3144/3144/3144 3142/3142/3142 3146/3146/3146
f 3143/3143/3143 3147/3147/3147 3145/3145/3145
f 3148/3148/3148 3144/3144/3144 3146/3146/3146
f 3147/3147/3147 3149/3149/3149 3145/3145/3145
f 3148/3148/3148 3146/3146/3146 3150/3150/3150
f 3147/3147/3147 3151/3151/3151 3149/3149/3149
f 3152/3152/3152 3148/3148/3148 3150/3150/3150
f 3151/3151/3151 3153/3153/3153 3149/3149/3149
f 3152/3152/3152 3150/3150/3150 3154/3154/3154
f 3151/3151/3151 3155/3155/3155 3153/3153/3153
f 3156/3156/3156 3152/3152/3152 3154/3154/3154
f 3155/3155/3155 3157/3157/3157 3153/3153/3153
f 3156/3156/3156 3154/3154/3154 3158/3158/3158
f 3155/3155/3155 3159/3159/3159 3157/3157/3157
f 3160/3160/3160 3156/3156/3156 3158/3158/3158
f 3159/3159/3159 3161/3161/3161 3157/3157/3157
f 3160/3160/3160 3158/3158/3158 3162/3162/3162
f 3159/3159/3159 3163/3163/3163 3161/3161/3161
f 3164/3164/3164 3160/3160/3160 3162/3162/3162
f 3163/3163/3163 3165/3165/3165 3161/3161/3161
f 3164/3164/3164 3162/3162/3162 3166/3166/3166
f 3163/3163/3163 3167/3167/3167 3165/3165/3165
f 3168/3168/3168 3164/3164/3164 3166/3166/3166
f 3167/3167/3167 3169/3169/3169 3165/3165/3165
f 3168/3168/3168 3166/3166/3166 3169/3169/3169
f 3167/3167/3167 3168/3168/3168 3169/3169/3169
