# https://github.com/mikedh/trimesh
mtllib material.mtl
usemtl material_0
v 0.75988000 -0.40426000 -0.25064000
v 0.75988000 -0.40676000 -0.24818000
v 0.76266000 -0.40426000 -0.24818000
v 0.75988000 0.40732000 -0.25064000
v 0.76266000 0.40732000 -0.24818000
v 0.75988000 0.40981000 -0.24818000
v -0.74665000 -0.40676000 -0.24819000
v -0.74665000 -0.40426000 -0.25064000
v -0.74943000 -0.40426000 -0.24819000
v -0.74943000 0.40732000 -0.24819000
v -0.74665000 0.40732000 -0.25064000
v -0.74665000 0.40981000 -0.24819000
v -0.00275000 -0.25434000 -0.16208000
v -0.00552000 -0.25434000 -0.16453000
v -0.00552000 -0.25185000 -0.16208000
v -0.00275000 -0.38434000 -0.16208000
v -0.00552000 -0.38683000 -0.16208000
v -0.00552000 -0.38434000 -0.16453000
v -0.72446000 -0.25185000 -0.16209000
v -0.72446000 -0.25434000 -0.16454000
v -0.72723000 -0.25434000 -0.16209000
v -0.72723000 -0.38434000 -0.16209000
v -0.72446000 -0.38434000 -0.16454000
v -0.72446000 -0.38683000 -0.16209000
v -0.00275000 -0.09103000 -0.16208000
v -0.00552000 -0.09103000 -0.16453000
v -0.00552000 -0.08853000 -0.16208000
v -0.00275000 -0.23255000 -0.16208000
v -0.00552000 -0.23504000 -0.16208000
v -0.00552000 -0.23255000 -0.16453000
v -0.72446000 -0.23504000 -0.16209000
v -0.72723000 -0.23255000 -0.16209000
v -0.72446000 -0.23255000 -0.16454000
v -0.72446000 -0.08853000 -0.16209000
v -0.72446000 -0.09103000 -0.16454000
v -0.72723000 -0.09103000 -0.16209000
v -0.00275000 0.07229000 -0.16208000
v -0.00552000 0.07229000 -0.16453000
v -0.00552000 0.07478000 -0.16208000
v -0.00275000 -0.06923000 -0.16208000
v -0.00552000 -0.07173000 -0.16208000
v -0.00552000 -0.06923000 -0.16453000
v -0.72446000 -0.07173000 -0.16209000
v -0.72723000 -0.06923000 -0.16209000
v -0.72446000 -0.06923000 -0.16454000
v -0.72446000 0.07478000 -0.16209000
v -0.72446000 0.07229000 -0.16454000
v -0.72723000 0.07229000 -0.16209000
v -0.00275000 0.23560000 -0.16208000
v -0.00552000 0.23560000 -0.16453000
v -0.00552000 0.23809000 -0.16208000
v -0.00275000 0.09408000 -0.16208000
v -0.00552000 0.09159000 -0.16208000
v -0.00552000 0.09408000 -0.16453000
v -0.72446000 0.09159000 -0.16209000
v -0.72723000 0.09408000 -0.16209000
v -0.72446000 0.09408000 -0.16454000
v -0.72446000 0.23809000 -0.16209000
v -0.72446000 0.23560000 -0.16454000
v -0.72723000 0.23560000 -0.16209000
v -0.00275000 0.38739000 -0.16208000
v -0.00552000 0.38739000 -0.16453000
v -0.00552000 0.38988000 -0.16208000
v -0.00275000 0.25739000 -0.16208000
v -0.00552000 0.25490000 -0.16208000
v -0.00552000 0.25739000 -0.16453000
v -0.72446000 0.25490000 -0.16209000
v -0.72723000 0.25739000 -0.16209000
v -0.72446000 0.25739000 -0.16454000
v -0.72446000 0.38988000 -0.16209000
v -0.72446000 0.38739000 -0.16454000
v -0.72723000 0.38739000 -0.16209000
v 0.01598000 0.38739000 -0.16208000
v 0.01875000 0.38988000 -0.16208000
v 0.01875000 0.38739000 -0.16454000
v 0.01598000 0.25739000 -0.16208000
v 0.01875000 0.25739000 -0.16454000
v 0.01875000 0.25490000 -0.16208000
v 0.73769000 0.25490000 -0.16208000
v 0.73769000 0.25739000 -0.16453000
v 0.74047000 0.25739000 -0.16208000
v 0.74047000 0.38739000 -0.16208000
v 0.73769000 0.38739000 -0.16453000
v 0.73769000 0.38988000 -0.16208000
v 0.01598000 0.23560000 -0.16208000
v 0.01875000 0.23809000 -0.16208000
v 0.01875000 0.23560000 -0.16454000
v 0.01598000 0.09408000 -0.16208000
v 0.01875000 0.09408000 -0.16454000
v 0.01875000 0.09159000 -0.16208000
v 0.73769000 0.09159000 -0.16208000
v 0.73769000 0.09408000 -0.16453000
v 0.74047000 0.09408000 -0.16208000
v 0.73769000 0.23809000 -0.16208000
v 0.74047000 0.23560000 -0.16208000
v 0.73769000 0.23560000 -0.16453000
v 0.01598000 0.07229000 -0.16208000
v 0.01875000 0.07478000 -0.16208000
v 0.01875000 0.07229000 -0.16454000
v 0.01598000 -0.06923000 -0.16208000
v 0.01875000 -0.06923000 -0.16454000
v 0.01875000 -0.07173000 -0.16208000
v 0.73769000 -0.07173000 -0.16208000
v 0.73769000 -0.06923000 -0.16453000
v 0.74047000 -0.06923000 -0.16208000
v 0.73769000 0.07478000 -0.16208000
v 0.74047000 0.07229000 -0.16208000
v 0.73769000 0.07229000 -0.16453000
v 0.01598000 -0.09103000 -0.16208000
v 0.01875000 -0.08853000 -0.16208000
v 0.01875000 -0.09103000 -0.16454000
v 0.01598000 -0.23255000 -0.16208000
v 0.01875000 -0.23255000 -0.16454000
v 0.01875000 -0.23504000 -0.16208000
v 0.73769000 -0.23504000 -0.16208000
v 0.73769000 -0.23255000 -0.16453000
v 0.74047000 -0.23255000 -0.16208000
v 0.73769000 -0.08853000 -0.16208000
v 0.74047000 -0.09103000 -0.16208000
v 0.73769000 -0.09103000 -0.16453000
v 0.01598000 -0.25434000 -0.16208000
v 0.01875000 -0.25185000 -0.16208000
v 0.01875000 -0.25434000 -0.16454000
v 0.01598000 -0.38434000 -0.16208000
v 0.01875000 -0.38434000 -0.16454000
v 0.01875000 -0.38683000 -0.16208000
v 0.73769000 -0.25185000 -0.16208000
v 0.74047000 -0.25434000 -0.16208000
v 0.73769000 -0.25434000 -0.16453000
v 0.73769000 -0.38683000 -0.16208000
v 0.73769000 -0.38434000 -0.16453000
v 0.74047000 -0.38434000 -0.16208000
v -0.00275000 -0.38434000 0.22415000
v -0.00275000 -0.38434000 -0.16208000
v -0.00275000 -0.25434000 -0.16208000
v -0.00275000 -0.25434000 0.22415000
v -0.74943000 -0.40426000 0.23779000
v -0.74943000 -0.40426000 -0.24819000
v -0.74943000 -0.24593000 -0.24819000
v -0.74943000 -0.24593000 0.23779000
v -0.74943000 -0.24095000 0.23779000
v -0.74943000 -0.24095000 -0.24819000
v -0.74943000 -0.08262000 -0.24819000
v -0.74943000 -0.08262000 0.23779000
v -0.74943000 -0.07764000 0.23779000
v -0.74943000 -0.07764000 -0.24819000
v -0.74943000 0.08069000 -0.24819000
v -0.74943000 0.08069000 0.23779000
v -0.74943000 0.08568000 0.23779000
v -0.74943000 0.08568000 -0.24819000
v -0.74943000 0.24400000 -0.24819000
v -0.74943000 0.24400000 0.23779000
v -0.74943000 0.24899000 0.23779000
v -0.74943000 0.24899000 -0.24819000
v -0.74943000 0.40732000 -0.24819000
v -0.74943000 0.40732000 0.23779000
v -0.74665000 0.24899000 -0.25064000
v 0.00384000 0.40732000 -0.25064000
v -0.74665000 0.40732000 -0.25064000
v 0.00384000 0.24899000 -0.25064000
v 0.00939000 0.40732000 -0.25064000
v 0.00384000 0.24400000 -0.25064000
v -0.74665000 0.24400000 -0.25064000
v -0.74665000 0.08568000 -0.25064000
v 0.00939000 0.24899000 -0.25064000
v 0.75988000 0.40732000 -0.25064000
v 0.75988000 0.24899000 -0.25064000
v 0.75988000 0.24400000 -0.25064000
v 0.00939000 0.24400000 -0.25064000
v 0.00384000 0.08568000 -0.25064000
v 0.00939000 0.08568000 -0.25064000
v 0.75988000 0.08568000 -0.25064000
v 0.75988000 0.08069000 -0.25064000
v 0.00384000 0.08069000 -0.25064000
v -0.74665000 0.08069000 -0.25064000
v -0.74665000 -0.07764000 -0.25064000
v 0.00939000 0.08069000 -0.25064000
v 0.00384000 -0.07764000 -0.25064000
v 0.00939000 -0.07764000 -0.25064000
v 0.75988000 -0.07764000 -0.25064000
v 0.75988000 -0.08262000 -0.25064000
v 0.00384000 -0.08262000 -0.25064000
v -0.74665000 -0.08262000 -0.25064000
v -0.74665000 -0.24095000 -0.25064000
v 0.00939000 -0.08262000 -0.25064000
v 0.00384000 -0.24095000 -0.25064000
v 0.00939000 -0.24095000 -0.25064000
v 0.75988000 -0.24095000 -0.25064000
v 0.75988000 -0.24593000 -0.25064000
v 0.00384000 -0.24593000 -0.25064000
v -0.74665000 -0.24593000 -0.25064000
v -0.74665000 -0.40426000 -0.25064000
v 0.00384000 -0.40426000 -0.25064000
v 0.00939000 -0.24593000 -0.25064000
v 0.00939000 -0.40426000 -0.25064000
v 0.75988000 -0.40426000 -0.25064000
v 0.76266000 0.24899000 -0.24818000
v 0.76266000 0.40732000 0.23780000
v 0.76266000 0.40732000 -0.24818000
v 0.76266000 0.24899000 0.23780000
v 0.76266000 0.24400000 0.23780000
v 0.76266000 0.24400000 -0.24818000
v 0.76266000 0.08568000 -0.24818000
v 0.76266000 0.08568000 0.23780000
v 0.76266000 0.08069000 0.23780000
v 0.76266000 0.08069000 -0.24818000
v 0.76266000 -0.07764000 -0.24818000
v 0.76266000 -0.07764000 0.23780000
v 0.76266000 -0.08262000 0.23780000
v 0.76266000 -0.08262000 -0.24818000
v 0.76266000 -0.24095000 -0.24818000
v 0.76266000 -0.24095000 0.23780000
v 0.76266000 -0.24593000 0.23780000
v 0.76266000 -0.24593000 -0.24818000
v 0.76266000 -0.40426000 -0.24818000
v 0.76266000 -0.40426000 0.23780000
v -0.74665000 0.40981000 -0.24819000
v 0.00384000 0.40981000 0.23779000
v -0.74665000 0.40981000 0.23779000
v 0.00384000 0.40981000 -0.24819000
v 0.00939000 0.40981000 0.23779000
v 0.00939000 0.40981000 -0.24819000
v 0.75988000 0.40981000 0.23780000
v 0.75988000 0.40981000 -0.24818000
v -0.74665000 -0.40676000 0.23779000
v 0.00384000 -0.40676000 -0.24819000
v -0.74665000 -0.40676000 -0.24819000
v 0.00384000 -0.40676000 0.23779000
v 0.00939000 -0.40676000 -0.24819000
v 0.00939000 -0.40676000 0.23779000
v 0.75988000 -0.40676000 -0.24818000
v 0.75988000 -0.40676000 0.23780000
v 0.73931000 -0.23753000 0.22661000
v 0.01332000 -0.24095000 0.22661000
v 0.01712000 -0.23753000 0.22661000
v 0.74312000 -0.24095000 0.22661000
v 0.01332000 -0.24593000 0.22661000
v 0.74312000 -0.24593000 0.22661000
v 0.74705000 -0.23743000 0.22661000
v 0.74324000 -0.23401000 0.22661000
v 0.74324000 -0.08957000 0.22661000
v 0.74705000 -0.24946000 0.22661000
v 0.74705000 -0.08615000 0.22661000
v 0.74324000 -0.25288000 0.22661000
v 0.73931000 -0.24935000 0.22661000
v 0.74705000 -0.38922000 0.22661000
v 0.74324000 -0.38580000 0.22661000
v 0.73931000 -0.38932000 0.22661000
v 0.74312000 -0.39274000 0.22661000
v 0.01332000 -0.39274000 0.22661000
v 0.01712000 -0.38932000 0.22661000
v 0.74312000 -0.08262000 0.22661000
v 0.73931000 -0.08604000 0.22661000
v 0.74312000 -0.07764000 0.22661000
v 0.01332000 -0.08262000 0.22661000
v 0.01332000 -0.07764000 0.22661000
v 0.74705000 -0.07411000 0.22661000
v 0.73931000 -0.07422000 0.22661000
v 0.01712000 -0.07422000 0.22661000
v 0.74324000 -0.07069000 0.22661000
v 0.74324000 0.07375000 0.22661000
v 0.74705000 0.07717000 0.22661000
v 0.74312000 0.08069000 0.22661000
v 0.73931000 0.07727000 0.22661000
v 0.74312000 0.08568000 0.22661000
v 0.01332000 0.08069000 0.22661000
v 0.01332000 0.08568000 0.22661000
v 0.74705000 0.08920000 0.22661000
v 0.73931000 0.08909000 0.22661000
v 0.01712000 0.08909000 0.22661000
v 0.74324000 0.09262000 0.22661000
v 0.74324000 0.23706000 0.22661000
v 0.74705000 0.24048000 0.22661000
v 0.74312000 0.24400000 0.22661000
v 0.73931000 0.24058000 0.22661000
v 0.74312000 0.24899000 0.22661000
v 0.01332000 0.24400000 0.22661000
v 0.01332000 0.24899000 0.22661000
v 0.74705000 0.25251000 0.22661000
v 0.73931000 0.25241000 0.22661000
v 0.01712000 0.25241000 0.22661000
v 0.74324000 0.25593000 0.22661000
v 0.74324000 0.38885000 0.22661000
v 0.74705000 0.39227000 0.22661000
v 0.74312000 0.39579000 0.22661000
v 0.73931000 0.39238000 0.22661000
v 0.75026000 -0.24593000 0.22903000
v 0.75187000 -0.39455000 0.23783000
v 0.75026000 -0.39311000 0.22903000
v 0.75187000 -0.24593000 0.23783000
v 0.75187000 -0.24095000 0.23783000
v 0.75026000 -0.24095000 0.22903000
v 0.75026000 -0.08262000 0.22903000
v 0.75187000 -0.08262000 0.23783000
v 0.75187000 -0.07764000 0.23783000
v 0.75026000 -0.07764000 0.22903000
v 0.75026000 0.08069000 0.22903000
v 0.75187000 0.08069000 0.23783000
v 0.75187000 0.08568000 0.23783000
v 0.75026000 0.08568000 0.22903000
v 0.75026000 0.24400000 0.22903000
v 0.75187000 0.24400000 0.23783000
v 0.75187000 0.24899000 0.23783000
v 0.75026000 0.24899000 0.22903000
v 0.75026000 0.39616000 0.22903000
v 0.75187000 0.39760000 0.23783000
v 0.00384000 -0.39996000 0.24025000
v 0.00939000 -0.39996000 0.24025000
v 0.00939000 -0.40426000 0.24025000
v 0.00384000 -0.40426000 0.24025000
v -0.74273000 -0.40426000 0.24025000
v -0.73793000 -0.39996000 0.24024000
v -0.74186000 -0.39643000 0.24024000
v -0.74665000 -0.40074000 0.24025000
v -0.74665000 -0.24593000 0.24025000
v -0.74186000 -0.24593000 0.24024000
v -0.74186000 -0.24095000 0.24024000
v -0.74665000 -0.24095000 0.24025000
v -0.74665000 -0.08262000 0.24025000
v -0.74186000 -0.08262000 0.24024000
v -0.74186000 -0.07764000 0.24024000
v -0.74665000 -0.07764000 0.24025000
v -0.74665000 0.08069000 0.24025000
v -0.74186000 0.08069000 0.24024000
v -0.74186000 0.08568000 0.24024000
v -0.74665000 0.08568000 0.24025000
v -0.74665000 0.24400000 0.24025000
v -0.74186000 0.24400000 0.24024000
v -0.74186000 0.24899000 0.24024000
v -0.74665000 0.24899000 0.24025000
v -0.74665000 0.40379000 0.24025000
v -0.74186000 0.39949000 0.24024000
v -0.73793000 0.40301000 0.24024000
v -0.74273000 0.40732000 0.24025000
v 0.00384000 0.40732000 0.24025000
v 0.00384000 0.40301000 0.24025000
v 0.00939000 0.40301000 0.24025000
v 0.00939000 0.40732000 0.24025000
v 0.75596000 0.40732000 0.24025000
v 0.75116000 0.40301000 0.24025000
v 0.75596000 0.40732000 0.24025000
v 0.75509000 0.39949000 0.24025000
v 0.75116000 0.40301000 0.24025000
v 0.75988000 0.40379000 0.24025000
v 0.75988000 0.24899000 0.24025000
v 0.75509000 0.24899000 0.24025000
v 0.75509000 0.24400000 0.24025000
v 0.75988000 0.24400000 0.24025000
v 0.75988000 0.08568000 0.24025000
v 0.75509000 0.08568000 0.24025000
v 0.75509000 0.08069000 0.24025000
v 0.75988000 0.08069000 0.24025000
v 0.75988000 -0.07764000 0.24025000
v 0.75509000 -0.07764000 0.24025000
v 0.75509000 -0.08262000 0.24025000
v 0.75988000 -0.08262000 0.24025000
v 0.75988000 -0.24095000 0.24025000
v 0.75509000 -0.24095000 0.24025000
v 0.75509000 -0.24593000 0.24025000
v 0.75988000 -0.24593000 0.24025000
v 0.75988000 -0.40074000 0.24025000
v 0.75509000 -0.39643000 0.24025000
v 0.75116000 -0.39996000 0.24025000
v 0.75595000 -0.40426000 0.24025000
v 0.00939000 -0.40426000 0.24025000
v 0.00939000 -0.39996000 0.24025000
v -0.00552000 -0.25185000 0.22415000
v -0.00552000 -0.25185000 -0.16208000
v -0.72446000 -0.25185000 -0.16209000
v -0.72446000 -0.25185000 0.22415000
v -0.72446000 -0.38683000 0.22415000
v -0.72446000 -0.38683000 -0.16209000
v -0.00552000 -0.38683000 -0.16208000
v -0.00552000 -0.38683000 0.22415000
v -0.72724000 -0.25434000 0.22415000
v -0.72723000 -0.25434000 -0.16209000
v -0.72723000 -0.38434000 -0.16209000
v -0.72724000 -0.38434000 0.22415000
v -0.00275000 -0.23255000 0.22415000
v -0.00275000 -0.23255000 -0.16208000
v -0.00275000 -0.09103000 -0.16208000
v -0.00275000 -0.09103000 0.22415000
v -0.72446000 -0.23504000 0.22415000
v -0.72446000 -0.23504000 -0.16209000
v -0.00552000 -0.23504000 -0.16208000
v -0.00552000 -0.23504000 0.22415000
v -0.72724000 -0.09103000 0.22415000
v -0.72723000 -0.09103000 -0.16209000
v -0.72723000 -0.23255000 -0.16209000
v -0.72724000 -0.23255000 0.22415000
v -0.00552000 -0.08853000 0.22415000
v -0.00552000 -0.08853000 -0.16208000
v -0.72446000 -0.08853000 -0.16209000
v -0.72446000 -0.08853000 0.22415000
v -0.00275000 -0.06923000 0.22415000
v -0.00275000 -0.06923000 -0.16208000
v -0.00275000 0.07229000 -0.16208000
v -0.00275000 0.07229000 0.22415000
v -0.72446000 -0.07173000 0.22415000
v -0.72446000 -0.07173000 -0.16209000
v -0.00552000 -0.07173000 -0.16208000
v -0.00552000 -0.07173000 0.22415000
v -0.72724000 0.07229000 0.22415000
v -0.72723000 0.07229000 -0.16209000
v -0.72723000 -0.06923000 -0.16209000
v -0.72724000 -0.06923000 0.22415000
v -0.00552000 0.07478000 0.22415000
v -0.00552000 0.07478000 -0.16208000
v -0.72446000 0.07478000 -0.16209000
v -0.72446000 0.07478000 0.22415000
v -0.00275000 0.09408000 0.22415000
v -0.00275000 0.09408000 -0.16208000
v -0.00275000 0.23560000 -0.16208000
v -0.00275000 0.23560000 0.22415000
v -0.72446000 0.09159000 0.22415000
v -0.72446000 0.09159000 -0.16209000
v -0.00552000 0.09159000 -0.16208000
v -0.00552000 0.09159000 0.22415000
v -0.72724000 0.23560000 0.22415000
v -0.72723000 0.23560000 -0.16209000
v -0.72723000 0.09408000 -0.16209000
v -0.72724000 0.09408000 0.22415000
v -0.00552000 0.23809000 0.22415000
v -0.00552000 0.23809000 -0.16208000
v -0.72446000 0.23809000 -0.16209000
v -0.72446000 0.23809000 0.22415000
v -0.00275000 0.25739000 0.22415000
v -0.00275000 0.25739000 -0.16208000
v -0.00275000 0.38739000 -0.16208000
v -0.00275000 0.38739000 0.22415000
v -0.72446000 0.25490000 0.22415000
v -0.72446000 0.25490000 -0.16209000
v -0.00552000 0.25490000 -0.16208000
v -0.00552000 0.25490000 0.22415000
v -0.72724000 0.38739000 0.22415000
v -0.72723000 0.38739000 -0.16209000
v -0.72723000 0.25739000 -0.16209000
v -0.72724000 0.25739000 0.22415000
v -0.00552000 0.38988000 0.22415000
v -0.00552000 0.38988000 -0.16208000
v -0.72446000 0.38988000 -0.16209000
v -0.72446000 0.38988000 0.22415000
v -0.73704000 0.24899000 0.22902000
v -0.73864000 0.39760000 0.23782000
v -0.73704000 0.39616000 0.22902000
v -0.73864000 0.24899000 0.23782000
v -0.73864000 0.24400000 0.23782000
v -0.73704000 0.24400000 0.22902000
v -0.73704000 0.08568000 0.22902000
v -0.73864000 0.08568000 0.23782000
v -0.73864000 0.08069000 0.23782000
v -0.73704000 0.08069000 0.22902000
v -0.73704000 -0.07764000 0.22902000
v -0.73864000 -0.07764000 0.23782000
v -0.73864000 -0.08262000 0.23782000
v -0.73704000 -0.08262000 0.22902000
v -0.73704000 -0.24095000 0.22902000
v -0.73864000 -0.24095000 0.23782000
v -0.73864000 -0.24593000 0.23782000
v -0.73704000 -0.24593000 0.22902000
v -0.73704000 -0.39311000 0.22902000
v -0.73864000 -0.39455000 0.23782000
v 0.01875000 0.25490000 0.22415000
v 0.01875000 0.25490000 -0.16208000
v 0.73769000 0.25490000 -0.16208000
v 0.73769000 0.25490000 0.22416000
v 0.73769000 0.38988000 0.22416000
v 0.73769000 0.38988000 -0.16208000
v 0.01875000 0.38988000 -0.16208000
v 0.01875000 0.38988000 0.22415000
v 0.74046000 0.25739000 0.22416000
v 0.74047000 0.25739000 -0.16208000
v 0.74047000 0.38739000 -0.16208000
v 0.74046000 0.38739000 0.22416000
v 0.01598000 0.23560000 0.22415000
v 0.01598000 0.23560000 -0.16208000
v 0.01598000 0.09408000 -0.16208000
v 0.01598000 0.09408000 0.22415000
v 0.74046000 0.09408000 0.22416000
v 0.74047000 0.09408000 -0.16208000
v 0.74047000 0.23560000 -0.16208000
v 0.74046000 0.23560000 0.22416000
v 0.73769000 0.23809000 0.22416000
v 0.73769000 0.23809000 -0.16208000
v 0.01875000 0.23809000 -0.16208000
v 0.01875000 0.23809000 0.22415000
v 0.01875000 0.09159000 0.22415000
v 0.01875000 0.09159000 -0.16208000
v 0.73769000 0.09159000 -0.16208000
v 0.73769000 0.09159000 0.22416000
v 0.01598000 0.07229000 0.22415000
v 0.01598000 0.07229000 -0.16208000
v 0.01598000 -0.06923000 -0.16208000
v 0.01598000 -0.06923000 0.22415000
v 0.74046000 -0.06923000 0.22416000
v 0.74047000 -0.06923000 -0.16208000
v 0.74047000 0.07229000 -0.16208000
v 0.74046000 0.07229000 0.22416000
v 0.73769000 0.07478000 0.22416000
v 0.73769000 0.07478000 -0.16208000
v 0.01875000 0.07478000 -0.16208000
v 0.01875000 0.07478000 0.22415000
v 0.01875000 -0.07173000 0.22415000
v 0.01875000 -0.07173000 -0.16208000
v 0.73769000 -0.07173000 -0.16208000
v 0.73769000 -0.07173000 0.22416000
v 0.01598000 -0.09103000 0.22415000
v 0.01598000 -0.09103000 -0.16208000
v 0.01598000 -0.23255000 -0.16208000
v 0.01598000 -0.23255000 0.22415000
v 0.74046000 -0.23255000 0.22416000
v 0.74047000 -0.23255000 -0.16208000
v 0.74047000 -0.09103000 -0.16208000
v 0.74046000 -0.09103000 0.22416000
v 0.73769000 -0.08853000 0.22416000
v 0.73769000 -0.08853000 -0.16208000
v 0.01875000 -0.08853000 -0.16208000
v 0.01875000 -0.08853000 0.22415000
v 0.01875000 -0.23504000 0.22415000
v 0.01875000 -0.23504000 -0.16208000
v 0.73769000 -0.23504000 -0.16208000
v 0.73769000 -0.23504000 0.22416000
v 0.01598000 -0.25434000 0.22415000
v 0.01598000 -0.25434000 -0.16208000
v 0.01598000 -0.38434000 -0.16208000
v 0.01598000 -0.38434000 0.22415000
v 0.73769000 -0.25185000 0.22416000
v 0.73769000 -0.25185000 -0.16208000
v 0.01875000 -0.25185000 -0.16208000
v 0.01875000 -0.25185000 0.22415000
v 0.74046000 -0.38434000 0.22416000
v 0.74047000 -0.38434000 -0.16208000
v 0.74047000 -0.25434000 -0.16208000
v 0.74046000 -0.25434000 0.22416000
v 0.01875000 -0.38683000 0.22415000
v 0.01875000 -0.38683000 -0.16208000
v 0.73769000 -0.38683000 -0.16208000
v 0.73769000 -0.38683000 0.22416000
v 0.01598000 0.38739000 0.22415000
v 0.01598000 0.38739000 -0.16208000
v 0.01598000 0.25739000 -0.16208000
v 0.01598000 0.25739000 0.22415000
v -0.73423000 0.39868000 0.22903000
v -0.73583000 0.40012000 0.23782000
v 0.00384000 0.40012000 0.23783000
v 0.00384000 0.39868000 0.22903000
v 0.00939000 0.39868000 0.22903000
v 0.00939000 0.40012000 0.23783000
v 0.74906000 0.40012000 0.23783000
v 0.74745000 0.39868000 0.22903000
v 0.01712000 -0.08604000 0.22661000
v 0.74312000 -0.08262000 0.22661000
v 0.73931000 -0.08604000 0.22661000
v 0.01332000 -0.08262000 0.22661000
v 0.00939000 -0.08615000 0.22661000
v 0.01320000 -0.08957000 0.22661000
v 0.01320000 -0.23401000 0.22661000
v 0.00939000 -0.07411000 0.22661000
v 0.01332000 -0.07764000 0.22661000
v 0.00384000 -0.07411000 0.22661000
v 0.00384000 -0.08615000 0.22661000
v 0.00939000 -0.23743000 0.22661000
v 0.00384000 -0.23743000 0.22661000
v 0.00939000 -0.24946000 0.22661000
v 0.01332000 -0.24095000 0.22661000
v 0.01712000 -0.23753000 0.22661000
v 0.01332000 -0.24593000 0.22661000
v 0.01320000 -0.07069000 0.22661000
v 0.00939000 0.07717000 0.22661000
v 0.01712000 -0.07422000 0.22661000
v 0.01320000 0.07375000 0.22661000
v 0.01712000 0.07727000 0.22661000
v 0.01712000 -0.24935000 0.22661000
v 0.74312000 -0.24593000 0.22661000
v 0.73931000 -0.24935000 0.22661000
v 0.01320000 -0.25288000 0.22661000
v 0.01320000 -0.38580000 0.22661000
v 0.00384000 0.07717000 0.22661000
v 0.00384000 0.08920000 0.22661000
v 0.01332000 0.08069000 0.22661000
v 0.74312000 0.08069000 0.22661000
v 0.73931000 0.07727000 0.22661000
v 0.00939000 0.08920000 0.22661000
v 0.01332000 0.08568000 0.22661000
v 0.01320000 0.09262000 0.22661000
v 0.00939000 0.24048000 0.22661000
v 0.01712000 0.08909000 0.22661000
v 0.01320000 0.23706000 0.22661000
v 0.01712000 0.24058000 0.22661000
v 0.00384000 0.24048000 0.22661000
v 0.00384000 0.25251000 0.22661000
v 0.01332000 0.24400000 0.22661000
v 0.74312000 0.24400000 0.22661000
v 0.73931000 0.24058000 0.22661000
v 0.00939000 0.25251000 0.22661000
v 0.01332000 0.24899000 0.22661000
v 0.01320000 0.25593000 0.22661000
v 0.01712000 0.25241000 0.22661000
v 0.00939000 0.39227000 0.22661000
v 0.01320000 0.38885000 0.22661000
v 0.01712000 0.39238000 0.22661000
v 0.01332000 0.39579000 0.22661000
v 0.74312000 0.39579000 0.22661000
v 0.73931000 0.39238000 0.22661000
v 0.00384000 0.39227000 0.22661000
v 0.00003000 0.38885000 0.22661000
v -0.00009000 0.39580000 0.22661000
v -0.00390000 0.39238000 0.22661000
v 0.00003000 0.25593000 0.22661000
v -0.72609000 0.39238000 0.22660000
v -0.72989000 0.39580000 0.22660000
v -0.73382000 0.39227000 0.22660000
v -0.73001000 0.38885000 0.22660000
v -0.73001000 0.25593000 0.22660000
v -0.00390000 0.25241000 0.22661000
v -0.73382000 0.25251000 0.22660000
v -0.00009000 0.24899000 0.22661000
v -0.72989000 0.24899000 0.22660000
v -0.72609000 0.25241000 0.22660000
v -0.72989000 0.24400000 0.22660000
v -0.73382000 0.24048000 0.22660000
v -0.00009000 0.24400000 0.22661000
v -0.72609000 0.24058000 0.22660000
v -0.73001000 0.23706000 0.22660000
v -0.00390000 0.24058000 0.22661000
v -0.73001000 0.09262000 0.22660000
v 0.00003000 0.23706000 0.22661000
v 0.00003000 0.09262000 0.22661000
v -0.73382000 0.08920000 0.22660000
v -0.00390000 0.08909000 0.22661000
v -0.72989000 0.08568000 0.22660000
v -0.72609000 0.08909000 0.22660000
v -0.00009000 0.08568000 0.22661000
v -0.72989000 0.08069000 0.22660000
v -0.73382000 0.07717000 0.22660000
v -0.00009000 0.08069000 0.22661000
v -0.72609000 0.07727000 0.22660000
v -0.73001000 0.07375000 0.22660000
v -0.00390000 0.07727000 0.22661000
v -0.73001000 -0.07069000 0.22660000
v 0.00003000 0.07375000 0.22661000
v 0.00003000 -0.07069000 0.22661000
v -0.73382000 -0.07411000 0.22660000
v -0.00390000 -0.07422000 0.22661000
v -0.72989000 -0.07764000 0.22660000
v -0.72609000 -0.07422000 0.22660000
v -0.73382000 -0.08615000 0.22660000
v -0.00009000 -0.07764000 0.22661000
v -0.00009000 -0.08262000 0.22661000
v -0.72989000 -0.08262000 0.22660000
v 0.00003000 -0.08957000 0.22661000
v -0.00390000 -0.08604000 0.22661000
v 0.00003000 -0.23401000 0.22661000
v -0.72609000 -0.08604000 0.22660000
v -0.73001000 -0.08957000 0.22660000
v -0.73001000 -0.23401000 0.22660000
v -0.73382000 -0.23743000 0.22660000
v -0.00390000 -0.23753000 0.22661000
v -0.72989000 -0.24095000 0.22660000
v -0.72609000 -0.23753000 0.22660000
v -0.00009000 -0.24095000 0.22661000
v -0.72989000 -0.24593000 0.22660000
v -0.73382000 -0.24946000 0.22660000
v 0.00384000 -0.24946000 0.22661000
v -0.00009000 -0.24593000 0.22661000
v -0.72609000 -0.24935000 0.22660000
v -0.73001000 -0.25288000 0.22660000
v -0.00390000 -0.24935000 0.22661000
v -0.73001000 -0.38580000 0.22660000
v -0.73382000 -0.38922000 0.22660000
v 0.00003000 -0.25288000 0.22661000
v -0.72989000 -0.39274000 0.22660000
v -0.72609000 -0.38932000 0.22660000
v -0.00390000 -0.38932000 0.22661000
v -0.00009000 -0.39274000 0.22661000
v 0.00384000 -0.38922000 0.22661000
v 0.00003000 -0.38580000 0.22661000
v 0.00939000 -0.38922000 0.22661000
v 0.01332000 -0.39274000 0.22661000
v 0.01712000 -0.38932000 0.22661000
v 0.74745000 -0.39563000 0.22903000
v 0.74906000 -0.39707000 0.23783000
v 0.00939000 -0.39707000 0.23783000
v 0.00939000 -0.39563000 0.22903000
v -0.00552000 -0.38434000 -0.16453000
v -0.72446000 -0.38434000 -0.16454000
v -0.72446000 -0.25434000 -0.16454000
v -0.00552000 -0.25434000 -0.16453000
v 0.00384000 -0.39563000 0.22903000
v -0.73583000 -0.39707000 0.23782000
v -0.73423000 -0.39563000 0.22903000
v 0.00384000 -0.39707000 0.23783000
v 0.00939000 -0.39707000 0.23783000
v 0.00939000 -0.39563000 0.22903000
v 0.73769000 0.25739000 -0.16453000
v 0.01875000 0.25739000 -0.16454000
v 0.01875000 0.38739000 -0.16454000
v 0.73769000 0.38739000 -0.16453000
v 0.73769000 0.09408000 -0.16453000
v 0.01875000 0.09408000 -0.16454000
v 0.01875000 0.23560000 -0.16454000
v 0.73769000 0.23560000 -0.16453000
v 0.73769000 -0.38434000 -0.16453000
v 0.01875000 -0.38434000 -0.16454000
v 0.01875000 -0.25434000 -0.16454000
v 0.73769000 -0.25434000 -0.16453000
v 0.73769000 -0.23255000 -0.16453000
v 0.01875000 -0.23255000 -0.16454000
v 0.01875000 -0.09103000 -0.16454000
v 0.73769000 -0.09103000 -0.16453000
v 0.73769000 -0.06923000 -0.16453000
v 0.01875000 -0.06923000 -0.16454000
v 0.01875000 0.07229000 -0.16454000
v 0.73769000 0.07229000 -0.16453000
v -0.00552000 -0.23255000 -0.16453000
v -0.72446000 -0.23255000 -0.16454000
v -0.72446000 -0.09103000 -0.16454000
v -0.00552000 -0.09103000 -0.16453000
v -0.00552000 -0.06923000 -0.16453000
v -0.72446000 -0.06923000 -0.16454000
v -0.72446000 0.07229000 -0.16454000
v -0.00552000 0.07229000 -0.16453000
v -0.00552000 0.09408000 -0.16453000
v -0.72446000 0.09408000 -0.16454000
v -0.72446000 0.23560000 -0.16454000
v -0.00552000 0.23560000 -0.16453000
v -0.00552000 0.25739000 -0.16453000
v -0.72446000 0.25739000 -0.16454000
v -0.72446000 0.38739000 -0.16454000
v -0.00552000 0.38739000 -0.16453000
v 0.73769000 -0.38683000 0.22416000
v 0.74046000 -0.38434000 0.22416000
v 0.74324000 -0.38580000 0.22661000
v 0.73931000 -0.38932000 0.22661000
v 0.74046000 0.38739000 0.22416000
v 0.73769000 0.38988000 0.22416000
v 0.73931000 0.39238000 0.22661000
v 0.74324000 0.38885000 0.22661000
v -0.72724000 -0.38434000 0.22415000
v -0.72446000 -0.38683000 0.22415000
v -0.72609000 -0.38932000 0.22660000
v -0.73001000 -0.38580000 0.22660000
v -0.72446000 0.38988000 0.22415000
v -0.72724000 0.38739000 0.22415000
v -0.73001000 0.38885000 0.22660000
v -0.72609000 0.39238000 0.22660000
v -0.00275000 -0.38434000 0.22415000
v 0.00003000 -0.38580000 0.22661000
v -0.00390000 -0.38932000 0.22661000
v -0.00552000 -0.38683000 0.22415000
v -0.00275000 0.38739000 0.22415000
v -0.00552000 0.38988000 0.22415000
v -0.00390000 0.39238000 0.22661000
v 0.00003000 0.38885000 0.22661000
v 0.00384000 -0.40426000 -0.25064000
v 0.00939000 -0.40676000 -0.24819000
v 0.00939000 -0.40426000 -0.25064000
v 0.00384000 -0.40676000 -0.24819000
v -0.74665000 -0.40426000 -0.25064000
v -0.74665000 -0.40676000 -0.24819000
v 0.00939000 0.40981000 -0.24819000
v 0.75988000 0.40732000 -0.25064000
v 0.75988000 0.40981000 -0.24818000
v 0.00939000 0.40732000 -0.25064000
v 0.00384000 0.40981000 -0.24819000
v 0.00384000 0.40732000 -0.25064000
v -0.74665000 0.40981000 -0.24819000
v -0.74665000 0.40732000 -0.25064000
v 0.73769000 -0.23504000 0.22416000
v 0.74046000 -0.23255000 0.22416000
v 0.74324000 -0.23401000 0.22661000
v 0.73931000 -0.23753000 0.22661000
v 0.73769000 -0.07173000 0.22416000
v 0.74046000 -0.06923000 0.22416000
v 0.74324000 -0.07069000 0.22661000
v 0.73931000 -0.07422000 0.22661000
v 0.73769000 0.09159000 0.22416000
v 0.74046000 0.09408000 0.22416000
v 0.74324000 0.09262000 0.22661000
v 0.73931000 0.08909000 0.22661000
v 0.73769000 0.25490000 0.22416000
v 0.74046000 0.25739000 0.22416000
v 0.74324000 0.25593000 0.22661000
v 0.73931000 0.25241000 0.22661000
v -0.72446000 0.23809000 0.22415000
v -0.72724000 0.23560000 0.22415000
v -0.73001000 0.23706000 0.22660000
v -0.72609000 0.24058000 0.22660000
v -0.72446000 0.07478000 0.22415000
v -0.72724000 0.07229000 0.22415000
v -0.73001000 0.07375000 0.22660000
v -0.72609000 0.07727000 0.22660000
v -0.72446000 -0.08853000 0.22415000
v -0.72724000 -0.09103000 0.22415000
v -0.73001000 -0.08957000 0.22660000
v -0.72609000 -0.08604000 0.22660000
v -0.72446000 -0.25185000 0.22415000
v -0.72724000 -0.25434000 0.22415000
v -0.73001000 -0.25288000 0.22660000
v -0.72609000 -0.24935000 0.22660000
v -0.74665000 0.40732000 -0.25064000
v -0.74943000 0.40732000 -0.24819000
v -0.74943000 0.24899000 -0.24819000
v -0.74665000 0.24899000 -0.25064000
v -0.74665000 0.24400000 -0.25064000
v -0.74943000 0.24400000 -0.24819000
v -0.74943000 0.08568000 -0.24819000
v -0.74665000 0.08568000 -0.25064000
v -0.74665000 0.08069000 -0.25064000
v -0.74943000 0.08069000 -0.24819000
v -0.74943000 -0.07764000 -0.24819000
v -0.74665000 -0.07764000 -0.25064000
v -0.74665000 -0.08262000 -0.25064000
v -0.74943000 -0.08262000 -0.24819000
v -0.74943000 -0.24095000 -0.24819000
v -0.74665000 -0.24095000 -0.25064000
v -0.74943000 -0.24593000 -0.24819000
v -0.74665000 -0.24593000 -0.25064000
v -0.74943000 -0.40426000 -0.24819000
v -0.74665000 -0.40426000 -0.25064000
v 0.76266000 0.40732000 -0.24818000
v 0.75988000 0.40732000 -0.25064000
v 0.75988000 0.24899000 -0.25064000
v 0.76266000 0.24899000 -0.24818000
v 0.76266000 0.24400000 -0.24818000
v 0.75988000 0.24400000 -0.25064000
v 0.75988000 0.08568000 -0.25064000
v 0.76266000 0.08568000 -0.24818000
v 0.76266000 0.08069000 -0.24818000
v 0.75988000 0.08069000 -0.25064000
v 0.75988000 -0.07764000 -0.25064000
v 0.76266000 -0.07764000 -0.24818000
v 0.76266000 -0.08262000 -0.24818000
v 0.75988000 -0.08262000 -0.25064000
v 0.75988000 -0.24095000 -0.25064000
v 0.76266000 -0.24095000 -0.24818000
v 0.75988000 -0.24593000 -0.25064000
v 0.76266000 -0.24593000 -0.24818000
v 0.75988000 -0.40426000 -0.25064000
v 0.76266000 -0.40426000 -0.24818000
v -0.00275000 0.23560000 0.22415000
v -0.00552000 0.23809000 0.22415000
v -0.00390000 0.24058000 0.22661000
v 0.00003000 0.23706000 0.22661000
v -0.00275000 0.07229000 0.22415000
v -0.00552000 0.07478000 0.22415000
v -0.00390000 0.07727000 0.22661000
v 0.00003000 0.07375000 0.22661000
v -0.00275000 -0.09103000 0.22415000
v -0.00552000 -0.08853000 0.22415000
v -0.00390000 -0.08604000 0.22661000
v 0.00003000 -0.08957000 0.22661000
v -0.00275000 -0.25434000 0.22415000
v -0.00552000 -0.25185000 0.22415000
v -0.00390000 -0.24935000 0.22661000
v 0.00003000 -0.25288000 0.22661000
v 0.00939000 -0.40676000 0.23779000
v 0.75595000 -0.40426000 0.24025000
v 0.75988000 -0.40676000 0.23780000
v 0.00939000 -0.40426000 0.24025000
v 0.00384000 -0.40676000 0.23779000
v 0.00384000 -0.40426000 0.24025000
v -0.74665000 -0.40676000 0.23779000
v -0.74273000 -0.40426000 0.24025000
v 0.75595000 -0.40426000 0.24025000
v 0.75988000 -0.40074000 0.24025000
v 0.76266000 -0.40426000 0.23780000
v 0.75988000 -0.40676000 0.23780000
v 0.76266000 0.24899000 0.23780000
v 0.75988000 0.40379000 0.24025000
v 0.76266000 0.40732000 0.23780000
v 0.75988000 0.24899000 0.24025000
v 0.76266000 0.24400000 0.23780000
v 0.75988000 0.24400000 0.24025000
v 0.76266000 0.08568000 0.23780000
v 0.75988000 0.08568000 0.24025000
v 0.75988000 0.08069000 0.24025000
v 0.76266000 0.08069000 0.23780000
v 0.76266000 -0.07764000 0.23780000
v 0.75988000 -0.07764000 0.24025000
v 0.75988000 -0.08262000 0.24025000
v 0.76266000 -0.08262000 0.23780000
v 0.76266000 -0.24095000 0.23780000
v 0.75988000 -0.24095000 0.24025000
v 0.75988000 -0.24593000 0.24025000
v 0.76266000 -0.24593000 0.23780000
v 0.76266000 -0.40426000 0.23780000
v 0.75988000 -0.40074000 0.24025000
v 0.75988000 0.40379000 0.24025000
v 0.75596000 0.40732000 0.24025000
v 0.75988000 0.40981000 0.23780000
v 0.76266000 0.40732000 0.23780000
v 0.00384000 0.40732000 0.24025000
v 0.00939000 0.40981000 0.23779000
v 0.00939000 0.40732000 0.24025000
v 0.00384000 0.40981000 0.23779000
v -0.74273000 0.40732000 0.24025000
v -0.74665000 0.40981000 0.23779000
v -0.74273000 0.40732000 0.24025000
v -0.74665000 0.40379000 0.24025000
v -0.74943000 0.40732000 0.23779000
v -0.74665000 0.40981000 0.23779000
v -0.74943000 -0.24593000 0.23779000
v -0.74665000 -0.40074000 0.24025000
v -0.74943000 -0.40426000 0.23779000
v -0.74665000 -0.24593000 0.24025000
v -0.74943000 -0.24095000 0.23779000
v -0.74665000 -0.24095000 0.24025000
v -0.74943000 -0.08262000 0.23779000
v -0.74665000 -0.08262000 0.24025000
v -0.74665000 -0.07764000 0.24025000
v -0.74943000 -0.07764000 0.23779000
v -0.74943000 0.08069000 0.23779000
v -0.74665000 0.08069000 0.24025000
v -0.74665000 0.08568000 0.24025000
v -0.74943000 0.08568000 0.23779000
v -0.74943000 0.24400000 0.23779000
v -0.74665000 0.24400000 0.24025000
v -0.74665000 0.24899000 0.24025000
v -0.74943000 0.24899000 0.23779000
v -0.74943000 0.40732000 0.23779000
v -0.74665000 0.40379000 0.24025000
v -0.74665000 -0.40074000 0.24025000
v -0.74273000 -0.40426000 0.24025000
v -0.74665000 -0.40676000 0.23779000
v -0.74943000 -0.40426000 0.23779000
v -0.00275000 -0.23255000 0.22415000
v 0.00003000 -0.23401000 0.22661000
v -0.00390000 -0.23753000 0.22661000
v -0.00552000 -0.23504000 0.22415000
v 0.01598000 -0.38434000 0.22415000
v 0.01875000 -0.38683000 0.22415000
v 0.01712000 -0.38932000 0.22661000
v 0.01320000 -0.38580000 0.22661000
v -0.72446000 -0.23504000 0.22415000
v -0.72609000 -0.23753000 0.22660000
v -0.73001000 -0.23401000 0.22660000
v -0.72724000 -0.23255000 0.22415000
v -0.73382000 -0.38922000 0.22660000
v -0.72989000 -0.39274000 0.22660000
v -0.73423000 -0.39563000 0.22903000
v -0.73704000 -0.39311000 0.22902000
v -0.00275000 -0.06923000 0.22415000
v 0.00003000 -0.07069000 0.22661000
v -0.00390000 -0.07422000 0.22661000
v -0.00552000 -0.07173000 0.22415000
v 0.01598000 -0.23255000 0.22415000
v 0.01875000 -0.23504000 0.22415000
v 0.01712000 -0.23753000 0.22661000
v 0.01320000 -0.23401000 0.22661000
v -0.72446000 -0.07173000 0.22415000
v -0.72609000 -0.07422000 0.22660000
v -0.73001000 -0.07069000 0.22660000
v -0.72724000 -0.06923000 0.22415000
v -0.00275000 0.09408000 0.22415000
v 0.00003000 0.09262000 0.22661000
v -0.00390000 0.08909000 0.22661000
v -0.00552000 0.09159000 0.22415000
v 0.01598000 -0.06923000 0.22415000
v 0.01875000 -0.07173000 0.22415000
v 0.01712000 -0.07422000 0.22661000
v 0.01320000 -0.07069000 0.22661000
v -0.72446000 0.09159000 0.22415000
v -0.72609000 0.08909000 0.22660000
v -0.73001000 0.09262000 0.22660000
v -0.72724000 0.09408000 0.22415000
v -0.00275000 0.25739000 0.22415000
v 0.00003000 0.25593000 0.22661000
v -0.00390000 0.25241000 0.22661000
v -0.00552000 0.25490000 0.22415000
v 0.01598000 0.09408000 0.22415000
v 0.01875000 0.09159000 0.22415000
v 0.01712000 0.08909000 0.22661000
v 0.01320000 0.09262000 0.22661000
v -0.72446000 0.25490000 0.22415000
v -0.72609000 0.25241000 0.22660000
v -0.73001000 0.25593000 0.22660000
v -0.72724000 0.25739000 0.22415000
v 0.01598000 0.38739000 0.22415000
v 0.01320000 0.38885000 0.22661000
v 0.01712000 0.39238000 0.22661000
v 0.01875000 0.38988000 0.22415000
v 0.01598000 0.25739000 0.22415000
v 0.01875000 0.25490000 0.22415000
v 0.01712000 0.25241000 0.22661000
v 0.01320000 0.25593000 0.22661000
v -0.72989000 0.39580000 0.22660000
v -0.73382000 0.39227000 0.22660000
v -0.73704000 0.39616000 0.22902000
v -0.73423000 0.39868000 0.22903000
v 0.00939000 0.39868000 0.22903000
v 0.01332000 0.39579000 0.22661000
v 0.00939000 0.39227000 0.22661000
v 0.00384000 0.39868000 0.22903000
v 0.00384000 0.39227000 0.22661000
v -0.00009000 0.39580000 0.22661000
v 0.01598000 0.23560000 0.22415000
v 0.01320000 0.23706000 0.22661000
v 0.01712000 0.24058000 0.22661000
v 0.01875000 0.23809000 0.22415000
v 0.73769000 0.23809000 0.22416000
v 0.73931000 0.24058000 0.22661000
v 0.74324000 0.23706000 0.22661000
v 0.74046000 0.23560000 0.22416000
v 0.74705000 0.39227000 0.22661000
v 0.74312000 0.39579000 0.22661000
v 0.74745000 0.39868000 0.22903000
v 0.75026000 0.39616000 0.22903000
v 0.01598000 0.07229000 0.22415000
v 0.01320000 0.07375000 0.22661000
v 0.01712000 0.07727000 0.22661000
v 0.01875000 0.07478000 0.22415000
v 0.73769000 0.07478000 0.22416000
v 0.73931000 0.07727000 0.22661000
v 0.74324000 0.07375000 0.22661000
v 0.74046000 0.07229000 0.22416000
v 0.01598000 -0.09103000 0.22415000
v 0.01320000 -0.08957000 0.22661000
v 0.01712000 -0.08604000 0.22661000
v 0.01875000 -0.08853000 0.22415000
v 0.73769000 -0.08853000 0.22416000
v 0.73931000 -0.08604000 0.22661000
v 0.74324000 -0.08957000 0.22661000
v 0.74046000 -0.09103000 0.22416000
v 0.01598000 -0.25434000 0.22415000
v 0.01320000 -0.25288000 0.22661000
v 0.01712000 -0.24935000 0.22661000
v 0.01875000 -0.25185000 0.22415000
v 0.73769000 -0.25185000 0.22416000
v 0.73931000 -0.24935000 0.22661000
v 0.74324000 -0.25288000 0.22661000
v 0.74046000 -0.25434000 0.22416000
v 0.00939000 -0.38922000 0.22661000
v 0.01332000 -0.39274000 0.22661000
v 0.00939000 -0.39563000 0.22903000
v 0.00384000 -0.38922000 0.22661000
v 0.00384000 -0.39563000 0.22903000
v -0.00009000 -0.39274000 0.22661000
v 0.74312000 -0.39274000 0.22661000
v 0.74705000 -0.38922000 0.22661000
v 0.75026000 -0.39311000 0.22903000
v 0.74745000 -0.39563000 0.22903000
v 0.74906000 -0.39707000 0.23783000
v 0.75187000 -0.39455000 0.23783000
v 0.75509000 -0.39643000 0.24025000
v 0.75116000 -0.39996000 0.24025000
v -0.73793000 -0.39996000 0.24024000
v -0.73583000 -0.39707000 0.23782000
v 0.00384000 -0.39707000 0.23783000
v 0.00384000 -0.39996000 0.24025000
v 0.00939000 -0.39996000 0.24025000
v 0.00939000 -0.39707000 0.23783000
v 0.74906000 -0.39707000 0.23783000
v 0.75116000 -0.39996000 0.24025000
v 0.75187000 0.39760000 0.23783000
v 0.74906000 0.40012000 0.23783000
v 0.75116000 0.40301000 0.24025000
v 0.75509000 0.39949000 0.24025000
v 0.75509000 -0.39643000 0.24025000
v 0.75187000 -0.39455000 0.23783000
v 0.75187000 -0.24593000 0.23783000
v 0.75509000 -0.24593000 0.24025000
v 0.75509000 -0.24095000 0.24025000
v 0.75187000 -0.24095000 0.23783000
v 0.75187000 -0.08262000 0.23783000
v 0.75509000 -0.08262000 0.24025000
v 0.75509000 -0.07764000 0.24025000
v 0.75187000 -0.07764000 0.23783000
v 0.75187000 0.08069000 0.23783000
v 0.75509000 0.08069000 0.24025000
v 0.75509000 0.08568000 0.24025000
v 0.75187000 0.08568000 0.23783000
v 0.75187000 0.24400000 0.23783000
v 0.75509000 0.24400000 0.24025000
v 0.75509000 0.24899000 0.24025000
v 0.75187000 0.24899000 0.23783000
v 0.75187000 0.39760000 0.23783000
v 0.75509000 0.39949000 0.24025000
v -0.73583000 0.40012000 0.23782000
v -0.73864000 0.39760000 0.23782000
v -0.74186000 0.39949000 0.24024000
v -0.73793000 0.40301000 0.24024000
v 0.00384000 0.40301000 0.24025000
v 0.00939000 0.40301000 0.24025000
v 0.00939000 0.40012000 0.23783000
v 0.00384000 0.40012000 0.23783000
v -0.73583000 0.40012000 0.23782000
v -0.73793000 0.40301000 0.24024000
v -0.73864000 -0.39455000 0.23782000
v -0.73583000 -0.39707000 0.23782000
v -0.73793000 -0.39996000 0.24024000
v -0.74186000 -0.39643000 0.24024000
v -0.74186000 0.39949000 0.24024000
v -0.73864000 0.39760000 0.23782000
v -0.73864000 0.24899000 0.23782000
v -0.74186000 0.24899000 0.24024000
v -0.74186000 0.24400000 0.24024000
v -0.73864000 0.24400000 0.23782000
v -0.73864000 0.08568000 0.23782000
v -0.74186000 0.08568000 0.24024000
v -0.74186000 0.08069000 0.24024000
v -0.73864000 0.08069000 0.23782000
v -0.73864000 -0.07764000 0.23782000
v -0.74186000 -0.07764000 0.24024000
v -0.74186000 -0.08262000 0.24024000
v -0.73864000 -0.08262000 0.23782000
v -0.73864000 -0.24095000 0.23782000
v -0.74186000 -0.24095000 0.24024000
v -0.74186000 -0.24593000 0.24024000
v -0.73864000 -0.24593000 0.23782000
v -0.73864000 -0.39455000 0.23782000
v -0.74186000 -0.39643000 0.24024000
v -0.74665000 -0.40676000 -0.24819000
v -0.74943000 -0.40426000 -0.24819000
v -0.74943000 -0.40426000 0.23779000
v -0.74665000 -0.40676000 0.23779000
v -0.74665000 0.40981000 0.23779000
v -0.74943000 0.40732000 0.23779000
v -0.74943000 0.40732000 -0.24819000
v -0.74665000 0.40981000 -0.24819000
v 0.75988000 -0.40676000 0.23780000
v 0.76266000 -0.40426000 0.23780000
v 0.76266000 -0.40426000 -0.24818000
v 0.75988000 -0.40676000 -0.24818000
v 0.75988000 0.40981000 -0.24818000
v 0.76266000 0.40732000 -0.24818000
v 0.76266000 0.40732000 0.23780000
v 0.75988000 0.40981000 0.23780000
v 0.75988000 0.40981000 0.23780000
v 0.75596000 0.40732000 0.24025000
v 0.00939000 0.40732000 0.24025000
v 0.00939000 0.40981000 0.23779000
v 0.75988000 -0.40676000 -0.24818000
v 0.75988000 -0.40426000 -0.25064000
v 0.00939000 -0.40426000 -0.25064000
v 0.00939000 -0.40676000 -0.24819000
v 0.00939000 -0.39563000 0.22903000
v 0.01332000 -0.39274000 0.22661000
v 0.74312000 -0.39274000 0.22661000
v 0.74745000 -0.39563000 0.22903000
v 0.75026000 0.24899000 0.22903000
v 0.74705000 0.39227000 0.22661000
v 0.75026000 0.39616000 0.22903000
v 0.74705000 0.25251000 0.22661000
v 0.75026000 0.24400000 0.22903000
v 0.74705000 0.24048000 0.22661000
v 0.75026000 0.08568000 0.22903000
v 0.74705000 0.08920000 0.22661000
v 0.75026000 0.08069000 0.22903000
v 0.74705000 0.07717000 0.22661000
v 0.75026000 -0.07764000 0.22903000
v 0.74705000 -0.07411000 0.22661000
v 0.75026000 -0.08262000 0.22903000
v 0.74705000 -0.08615000 0.22661000
v 0.75026000 -0.24095000 0.22903000
v 0.74705000 -0.23743000 0.22661000
v 0.75026000 -0.24593000 0.22903000
v 0.74705000 -0.24946000 0.22661000
v 0.75026000 -0.39311000 0.22903000
v 0.74705000 -0.38922000 0.22661000
v 0.00384000 0.39868000 0.22903000
v -0.00009000 0.39580000 0.22661000
v -0.72989000 0.39580000 0.22660000
v -0.73423000 0.39868000 0.22903000
v -0.73704000 -0.24593000 0.22902000
v -0.73382000 -0.38922000 0.22660000
v -0.73704000 -0.39311000 0.22902000
v -0.73382000 -0.24946000 0.22660000
v -0.73704000 -0.24095000 0.22902000
v -0.73382000 -0.23743000 0.22660000
v -0.73704000 -0.08262000 0.22902000
v -0.73382000 -0.08615000 0.22660000
v -0.73704000 -0.07764000 0.22902000
v -0.73382000 -0.07411000 0.22660000
v -0.73704000 0.08069000 0.22902000
v -0.73382000 0.07717000 0.22660000
v -0.73704000 0.08568000 0.22902000
v -0.73382000 0.08920000 0.22660000
v -0.73704000 0.24400000 0.22902000
v -0.73382000 0.24048000 0.22660000
v -0.73704000 0.24899000 0.22902000
v -0.73382000 0.25251000 0.22660000
v -0.73704000 0.39616000 0.22902000
v -0.73382000 0.39227000 0.22660000
v -0.73423000 -0.39563000 0.22903000
v -0.72989000 -0.39274000 0.22660000
v -0.00009000 -0.39274000 0.22661000
v 0.00384000 -0.39563000 0.22903000
v 0.74745000 0.39868000 0.22903000
v 0.74312000 0.39579000 0.22661000
v 0.01332000 0.39579000 0.22661000
v 0.00939000 0.39868000 0.22903000
v 0.75187000 -0.39455000 0.23783000
v 0.74906000 -0.39707000 0.23783000
v 0.74745000 -0.39563000 0.22903000
v 0.75026000 -0.39311000 0.22903000
v 0.74906000 0.40012000 0.23783000
v 0.75187000 0.39760000 0.23783000
v 0.75026000 0.39616000 0.22903000
v 0.74745000 0.39868000 0.22903000
v -0.73864000 0.39760000 0.23782000
v -0.73583000 0.40012000 0.23782000
v -0.73423000 0.39868000 0.22903000
v -0.73704000 0.39616000 0.22902000
v -0.73583000 -0.39707000 0.23782000
v -0.73864000 -0.39455000 0.23782000
v -0.73704000 -0.39311000 0.22902000
v -0.73423000 -0.39563000 0.22903000
v -0.00275000 -0.25434000 0.22415000
v 0.00003000 -0.25288000 0.22661000
v 0.00003000 -0.38580000 0.22661000
v -0.00275000 -0.38434000 0.22415000
v -0.00390000 -0.24935000 0.22661000
v -0.00552000 -0.25185000 0.22415000
v -0.72446000 -0.25185000 0.22415000
v -0.72609000 -0.24935000 0.22660000
v -0.73001000 -0.25288000 0.22660000
v -0.72724000 -0.25434000 0.22415000
v -0.72724000 -0.38434000 0.22415000
v -0.73001000 -0.38580000 0.22660000
v -0.72609000 -0.38932000 0.22660000
v -0.72446000 -0.38683000 0.22415000
v -0.00552000 -0.38683000 0.22415000
v -0.00390000 -0.38932000 0.22661000
v -0.00275000 -0.09103000 0.22415000
v 0.00003000 -0.08957000 0.22661000
v 0.00003000 -0.23401000 0.22661000
v -0.00275000 -0.23255000 0.22415000
v -0.00552000 -0.23504000 0.22415000
v -0.00390000 -0.23753000 0.22661000
v -0.72609000 -0.23753000 0.22660000
v -0.72446000 -0.23504000 0.22415000
v -0.00390000 -0.08604000 0.22661000
v -0.00552000 -0.08853000 0.22415000
v -0.72446000 -0.08853000 0.22415000
v -0.72609000 -0.08604000 0.22660000
v -0.73001000 -0.08957000 0.22660000
v -0.72724000 -0.09103000 0.22415000
v -0.72724000 -0.23255000 0.22415000
v -0.73001000 -0.23401000 0.22660000
v -0.00275000 0.07229000 0.22415000
v 0.00003000 0.07375000 0.22661000
v 0.00003000 -0.07069000 0.22661000
v -0.00275000 -0.06923000 0.22415000
v -0.00552000 -0.07173000 0.22415000
v -0.00390000 -0.07422000 0.22661000
v -0.72609000 -0.07422000 0.22660000
v -0.72446000 -0.07173000 0.22415000
v -0.00390000 0.07727000 0.22661000
v -0.00552000 0.07478000 0.22415000
v -0.72446000 0.07478000 0.22415000
v -0.72609000 0.07727000 0.22660000
v -0.73001000 0.07375000 0.22660000
v -0.72724000 0.07229000 0.22415000
v -0.72724000 -0.06923000 0.22415000
v -0.73001000 -0.07069000 0.22660000
v -0.00275000 0.23560000 0.22415000
v 0.00003000 0.23706000 0.22661000
v 0.00003000 0.09262000 0.22661000
v -0.00275000 0.09408000 0.22415000
v -0.00552000 0.09159000 0.22415000
v -0.00390000 0.08909000 0.22661000
v -0.72609000 0.08909000 0.22660000
v -0.72446000 0.09159000 0.22415000
v -0.00390000 0.24058000 0.22661000
v -0.00552000 0.23809000 0.22415000
v -0.72446000 0.23809000 0.22415000
v -0.72609000 0.24058000 0.22660000
v -0.73001000 0.23706000 0.22660000
v -0.72724000 0.23560000 0.22415000
v -0.72724000 0.09408000 0.22415000
v -0.73001000 0.09262000 0.22660000
v -0.00275000 0.38739000 0.22415000
v 0.00003000 0.38885000 0.22661000
v 0.00003000 0.25593000 0.22661000
v -0.00275000 0.25739000 0.22415000
v -0.00552000 0.25490000 0.22415000
v -0.00390000 0.25241000 0.22661000
v -0.72609000 0.25241000 0.22660000
v -0.72446000 0.25490000 0.22415000
v -0.00390000 0.39238000 0.22661000
v -0.00552000 0.38988000 0.22415000
v -0.72446000 0.38988000 0.22415000
v -0.72609000 0.39238000 0.22660000
v -0.73001000 0.38885000 0.22660000
v -0.72724000 0.38739000 0.22415000
v -0.72724000 0.25739000 0.22415000
v -0.73001000 0.25593000 0.22660000
v 0.01320000 0.38885000 0.22661000
v 0.01598000 0.38739000 0.22415000
v 0.01598000 0.25739000 0.22415000
v 0.01320000 0.25593000 0.22661000
v 0.73769000 0.25490000 0.22416000
v 0.73931000 0.25241000 0.22661000
v 0.01712000 0.25241000 0.22661000
v 0.01875000 0.25490000 0.22415000
v 0.74324000 0.25593000 0.22661000
v 0.74046000 0.25739000 0.22416000
v 0.74046000 0.38739000 0.22416000
v 0.74324000 0.38885000 0.22661000
v 0.73931000 0.39238000 0.22661000
v 0.73769000 0.38988000 0.22416000
v 0.01875000 0.38988000 0.22415000
v 0.01712000 0.39238000 0.22661000
v 0.01320000 0.23706000 0.22661000
v 0.01598000 0.23560000 0.22415000
v 0.01598000 0.09408000 0.22415000
v 0.01320000 0.09262000 0.22661000
v 0.73769000 0.09159000 0.22416000
v 0.73931000 0.08909000 0.22661000
v 0.01712000 0.08909000 0.22661000
v 0.01875000 0.09159000 0.22415000
v 0.73931000 0.24058000 0.22661000
v 0.73769000 0.23809000 0.22416000
v 0.01875000 0.23809000 0.22415000
v 0.01712000 0.24058000 0.22661000
v 0.74324000 0.09262000 0.22661000
v 0.74046000 0.09408000 0.22416000
v 0.74046000 0.23560000 0.22416000
v 0.74324000 0.23706000 0.22661000
v 0.01320000 0.07375000 0.22661000
v 0.01598000 0.07229000 0.22415000
v 0.01598000 -0.06923000 0.22415000
v 0.01320000 -0.07069000 0.22661000
v 0.73769000 -0.07173000 0.22416000
v 0.73931000 -0.07422000 0.22661000
v 0.01712000 -0.07422000 0.22661000
v 0.01875000 -0.07173000 0.22415000
v 0.73931000 0.07727000 0.22661000
v 0.73769000 0.07478000 0.22416000
v 0.01875000 0.07478000 0.22415000
v 0.01712000 0.07727000 0.22661000
v 0.74324000 -0.07069000 0.22661000
v 0.74046000 -0.06923000 0.22416000
v 0.74046000 0.07229000 0.22416000
v 0.74324000 0.07375000 0.22661000
v 0.01320000 -0.08957000 0.22661000
v 0.01598000 -0.09103000 0.22415000
v 0.01598000 -0.23255000 0.22415000
v 0.01320000 -0.23401000 0.22661000
v 0.73769000 -0.23504000 0.22416000
v 0.73931000 -0.23753000 0.22661000
v 0.01712000 -0.23753000 0.22661000
v 0.01875000 -0.23504000 0.22415000
v 0.73931000 -0.08604000 0.22661000
v 0.73769000 -0.08853000 0.22416000
v 0.01875000 -0.08853000 0.22415000
v 0.01712000 -0.08604000 0.22661000
v 0.74324000 -0.23401000 0.22661000
v 0.74046000 -0.23255000 0.22416000
v 0.74046000 -0.09103000 0.22416000
v 0.74324000 -0.08957000 0.22661000
v 0.01320000 -0.25288000 0.22661000
v 0.01598000 -0.25434000 0.22415000
v 0.01598000 -0.38434000 0.22415000
v 0.01320000 -0.38580000 0.22661000
v 0.73931000 -0.24935000 0.22661000
v 0.73769000 -0.25185000 0.22416000
v 0.01875000 -0.25185000 0.22415000
v 0.01712000 -0.24935000 0.22661000
v 0.01712000 -0.38932000 0.22661000
v 0.01875000 -0.38683000 0.22415000
v 0.73769000 -0.38683000 0.22416000
v 0.73931000 -0.38932000 0.22661000
v 0.74324000 -0.38580000 0.22661000
v 0.74046000 -0.38434000 0.22416000
v 0.74046000 -0.25434000 0.22416000
v 0.74324000 -0.25288000 0.22661000
v 0.75116000 0.40301000 0.24025000
v 0.74906000 0.40012000 0.23783000
v 0.00939000 0.40012000 0.23783000
v 0.00939000 0.40301000 0.24025000
v -0.00552000 -0.25434000 -0.16453000
v -0.00275000 -0.25434000 -0.16208000
v -0.00275000 -0.38434000 -0.16208000
v -0.00552000 -0.38434000 -0.16453000
v -0.00552000 -0.25185000 -0.16208000
v -0.00552000 -0.25434000 -0.16453000
v -0.72446000 -0.25434000 -0.16454000
v -0.72446000 -0.25185000 -0.16209000
v -0.72723000 -0.25434000 -0.16209000
v -0.72446000 -0.25434000 -0.16454000
v -0.72446000 -0.38434000 -0.16454000
v -0.72723000 -0.38434000 -0.16209000
v -0.72446000 -0.38683000 -0.16209000
v -0.72446000 -0.38434000 -0.16454000
v -0.00552000 -0.38434000 -0.16453000
v -0.00552000 -0.38683000 -0.16208000
v -0.00552000 -0.09103000 -0.16453000
v -0.00275000 -0.09103000 -0.16208000
v -0.00275000 -0.23255000 -0.16208000
v -0.00552000 -0.23255000 -0.16453000
v -0.00552000 -0.23255000 -0.16453000
v -0.00552000 -0.23504000 -0.16208000
v -0.72446000 -0.23504000 -0.16209000
v -0.72446000 -0.23255000 -0.16454000
v -0.00552000 -0.08853000 -0.16208000
v -0.00552000 -0.09103000 -0.16453000
v -0.72446000 -0.09103000 -0.16454000
v -0.72446000 -0.08853000 -0.16209000
v -0.72723000 -0.09103000 -0.16209000
v -0.72446000 -0.09103000 -0.16454000
v -0.72446000 -0.23255000 -0.16454000
v -0.72723000 -0.23255000 -0.16209000
v -0.00552000 0.07229000 -0.16453000
v -0.00275000 0.07229000 -0.16208000
v -0.00275000 -0.06923000 -0.16208000
v -0.00552000 -0.06923000 -0.16453000
v -0.00552000 -0.06923000 -0.16453000
v -0.00552000 -0.07173000 -0.16208000
v -0.72446000 -0.07173000 -0.16209000
v -0.72446000 -0.06923000 -0.16454000
v -0.00552000 0.07478000 -0.16208000
v -0.00552000 0.07229000 -0.16453000
v -0.72446000 0.07229000 -0.16454000
v -0.72446000 0.07478000 -0.16209000
v -0.72723000 0.07229000 -0.16209000
v -0.72446000 0.07229000 -0.16454000
v -0.72446000 -0.06923000 -0.16454000
v -0.72723000 -0.06923000 -0.16209000
v -0.00552000 0.23560000 -0.16453000
v -0.00275000 0.23560000 -0.16208000
v -0.00275000 0.09408000 -0.16208000
v -0.00552000 0.09408000 -0.16453000
v -0.00552000 0.09408000 -0.16453000
v -0.00552000 0.09159000 -0.16208000
v -0.72446000 0.09159000 -0.16209000
v -0.72446000 0.09408000 -0.16454000
v -0.00552000 0.23809000 -0.16208000
v -0.00552000 0.23560000 -0.16453000
v -0.72446000 0.23560000 -0.16454000
v -0.72446000 0.23809000 -0.16209000
v -0.72723000 0.23560000 -0.16209000
v -0.72446000 0.23560000 -0.16454000
v -0.72446000 0.09408000 -0.16454000
v -0.72723000 0.09408000 -0.16209000
v -0.00552000 0.38739000 -0.16453000
v -0.00275000 0.38739000 -0.16208000
v -0.00275000 0.25739000 -0.16208000
v -0.00552000 0.25739000 -0.16453000
v -0.00552000 0.25739000 -0.16453000
v -0.00552000 0.25490000 -0.16208000
v -0.72446000 0.25490000 -0.16209000
v -0.72446000 0.25739000 -0.16454000
v -0.00552000 0.38988000 -0.16208000
v -0.00552000 0.38739000 -0.16453000
v -0.72446000 0.38739000 -0.16454000
v -0.72446000 0.38988000 -0.16209000
v -0.72723000 0.38739000 -0.16209000
v -0.72446000 0.38739000 -0.16454000
v -0.72446000 0.25739000 -0.16454000
v -0.72723000 0.25739000 -0.16209000
v 0.01598000 0.38739000 -0.16208000
v 0.01875000 0.38739000 -0.16454000
v 0.01875000 0.25739000 -0.16454000
v 0.01598000 0.25739000 -0.16208000
v 0.73769000 0.25739000 -0.16453000
v 0.73769000 0.25490000 -0.16208000
v 0.01875000 0.25490000 -0.16208000
v 0.01875000 0.25739000 -0.16454000
v 0.74047000 0.25739000 -0.16208000
v 0.73769000 0.25739000 -0.16453000
v 0.73769000 0.38739000 -0.16453000
v 0.74047000 0.38739000 -0.16208000
v 0.73769000 0.38988000 -0.16208000
v 0.73769000 0.38739000 -0.16453000
v 0.01875000 0.38739000 -0.16454000
v 0.01875000 0.38988000 -0.16208000
v 0.01598000 0.23560000 -0.16208000
v 0.01875000 0.23560000 -0.16454000
v 0.01875000 0.09408000 -0.16454000
v 0.01598000 0.09408000 -0.16208000
v 0.73769000 0.09408000 -0.16453000
v 0.73769000 0.09159000 -0.16208000
v 0.01875000 0.09159000 -0.16208000
v 0.01875000 0.09408000 -0.16454000
v 0.73769000 0.23809000 -0.16208000
v 0.73769000 0.23560000 -0.16453000
v 0.01875000 0.23560000 -0.16454000
v 0.01875000 0.23809000 -0.16208000
v 0.74047000 0.09408000 -0.16208000
v 0.73769000 0.09408000 -0.16453000
v 0.73769000 0.23560000 -0.16453000
v 0.74047000 0.23560000 -0.16208000
v 0.01598000 0.07229000 -0.16208000
v 0.01875000 0.07229000 -0.16454000
v 0.01875000 -0.06923000 -0.16454000
v 0.01598000 -0.06923000 -0.16208000
v 0.73769000 -0.06923000 -0.16453000
v 0.73769000 -0.07173000 -0.16208000
v 0.01875000 -0.07173000 -0.16208000
v 0.01875000 -0.06923000 -0.16454000
v 0.73769000 0.07478000 -0.16208000
v 0.73769000 0.07229000 -0.16453000
v 0.01875000 0.07229000 -0.16454000
v 0.01875000 0.07478000 -0.16208000
v 0.74047000 -0.06923000 -0.16208000
v 0.73769000 -0.06923000 -0.16453000
v 0.73769000 0.07229000 -0.16453000
v 0.74047000 0.07229000 -0.16208000
v 0.01598000 -0.09103000 -0.16208000
v 0.01875000 -0.09103000 -0.16454000
v 0.01875000 -0.23255000 -0.16454000
v 0.01598000 -0.23255000 -0.16208000
v 0.73769000 -0.23255000 -0.16453000
v 0.73769000 -0.23504000 -0.16208000
v 0.01875000 -0.23504000 -0.16208000
v 0.01875000 -0.23255000 -0.16454000
v 0.73769000 -0.08853000 -0.16208000
v 0.73769000 -0.09103000 -0.16453000
v 0.01875000 -0.09103000 -0.16454000
v 0.01875000 -0.08853000 -0.16208000
v 0.74047000 -0.23255000 -0.16208000
v 0.73769000 -0.23255000 -0.16453000
v 0.73769000 -0.09103000 -0.16453000
v 0.74047000 -0.09103000 -0.16208000
v 0.01598000 -0.25434000 -0.16208000
v 0.01875000 -0.25434000 -0.16454000
v 0.01875000 -0.38434000 -0.16454000
v 0.01598000 -0.38434000 -0.16208000
v 0.73769000 -0.25185000 -0.16208000
v 0.73769000 -0.25434000 -0.16453000
v 0.01875000 -0.25434000 -0.16454000
v 0.01875000 -0.25185000 -0.16208000
v 0.01875000 -0.38683000 -0.16208000
v 0.01875000 -0.38434000 -0.16454000
v 0.73769000 -0.38434000 -0.16453000
v 0.73769000 -0.38683000 -0.16208000
v 0.74047000 -0.38434000 -0.16208000
v 0.73769000 -0.38434000 -0.16453000
v 0.73769000 -0.25434000 -0.16453000
v 0.74047000 -0.25434000 -0.16208000
v 0.01598000 -0.09103000 0.22415000
v 0.01875000 -0.08853000 0.22415000
v 0.01875000 -0.08853000 -0.16208000
v 0.01598000 -0.09103000 -0.16208000
v 0.74047000 -0.09103000 -0.16208000
v 0.73769000 -0.08853000 -0.16208000
v 0.73769000 -0.08853000 0.22416000
v 0.74046000 -0.09103000 0.22416000
v -0.72724000 0.23560000 0.22415000
v -0.72446000 0.23809000 0.22415000
v -0.72446000 0.23809000 -0.16209000
v -0.72723000 0.23560000 -0.16209000
v -0.00275000 0.23560000 -0.16208000
v -0.00552000 0.23809000 -0.16208000
v -0.00552000 0.23809000 0.22415000
v -0.00275000 0.23560000 0.22415000
v 0.01875000 0.25490000 0.22415000
v 0.01598000 0.25739000 0.22415000
v 0.01598000 0.25739000 -0.16208000
v 0.01875000 0.25490000 -0.16208000
v 0.01875000 0.38988000 -0.16208000
v 0.01598000 0.38739000 -0.16208000
v 0.01598000 0.38739000 0.22415000
v 0.01875000 0.38988000 0.22415000
v 0.73769000 -0.23504000 -0.16208000
v 0.74047000 -0.23255000 -0.16208000
v 0.74046000 -0.23255000 0.22416000
v 0.73769000 -0.23504000 0.22416000
v -0.00552000 -0.25185000 0.22415000
v -0.00275000 -0.25434000 0.22415000
v -0.00275000 -0.25434000 -0.16208000
v -0.00552000 -0.25185000 -0.16208000
v -0.00552000 -0.38683000 -0.16208000
v -0.00275000 -0.38434000 -0.16208000
v -0.00275000 -0.38434000 0.22415000
v -0.00552000 -0.38683000 0.22415000
v -0.72446000 0.09159000 0.22415000
v -0.72724000 0.09408000 0.22415000
v -0.72723000 0.09408000 -0.16209000
v -0.72446000 0.09159000 -0.16209000
v 0.74046000 0.25739000 0.22416000
v 0.73769000 0.25490000 0.22416000
v 0.73769000 0.25490000 -0.16208000
v 0.74047000 0.25739000 -0.16208000
v -0.72724000 -0.25434000 0.22415000
v -0.72446000 -0.25185000 0.22415000
v -0.72446000 -0.25185000 -0.16209000
v -0.72723000 -0.25434000 -0.16209000
v 0.73769000 0.38988000 0.22416000
v 0.74046000 0.38739000 0.22416000
v 0.74047000 0.38739000 -0.16208000
v 0.73769000 0.38988000 -0.16208000
v -0.72446000 -0.38683000 0.22415000
v -0.72724000 -0.38434000 0.22415000
v -0.72723000 -0.38434000 -0.16209000
v -0.72446000 -0.38683000 -0.16209000
v 0.01875000 -0.07173000 0.22415000
v 0.01598000 -0.06923000 0.22415000
v 0.01598000 -0.06923000 -0.16208000
v 0.01875000 -0.07173000 -0.16208000
v 0.01875000 0.07478000 -0.16208000
v 0.01598000 0.07229000 -0.16208000
v 0.01598000 0.07229000 0.22415000
v 0.01875000 0.07478000 0.22415000
v -0.00552000 0.07478000 0.22415000
v -0.00275000 0.07229000 0.22415000
v -0.00275000 0.07229000 -0.16208000
v -0.00552000 0.07478000 -0.16208000
v -0.00552000 -0.07173000 -0.16208000
v -0.00275000 -0.06923000 -0.16208000
v -0.00275000 -0.06923000 0.22415000
v -0.00552000 -0.07173000 0.22415000
v 0.74046000 -0.06923000 0.22416000
v 0.73769000 -0.07173000 0.22416000
v 0.73769000 -0.07173000 -0.16208000
v 0.74047000 -0.06923000 -0.16208000
v -0.72723000 -0.06923000 -0.16209000
v -0.72446000 -0.07173000 -0.16209000
v -0.72446000 -0.07173000 0.22415000
v -0.72724000 -0.06923000 0.22415000
v 0.74047000 0.07229000 -0.16208000
v 0.73769000 0.07478000 -0.16208000
v 0.73769000 0.07478000 0.22416000
v 0.74046000 0.07229000 0.22416000
v -0.72724000 0.07229000 0.22415000
v -0.72446000 0.07478000 0.22415000
v -0.72446000 0.07478000 -0.16209000
v -0.72723000 0.07229000 -0.16209000
v 0.01875000 -0.38683000 0.22415000
v 0.01598000 -0.38434000 0.22415000
v 0.01598000 -0.38434000 -0.16208000
v 0.01875000 -0.38683000 -0.16208000
v 0.01875000 -0.25185000 -0.16208000
v 0.01598000 -0.25434000 -0.16208000
v 0.01598000 -0.25434000 0.22415000
v 0.01875000 -0.25185000 0.22415000
v -0.00552000 0.38988000 0.22415000
v -0.00275000 0.38739000 0.22415000
v -0.00275000 0.38739000 -0.16208000
v -0.00552000 0.38988000 -0.16208000
v -0.00552000 0.25490000 -0.16208000
v -0.00275000 0.25739000 -0.16208000
v -0.00275000 0.25739000 0.22415000
v -0.00552000 0.25490000 0.22415000
v 0.74047000 -0.25434000 -0.16208000
v 0.73769000 -0.25185000 -0.16208000
v 0.73769000 -0.25185000 0.22416000
v 0.74046000 -0.25434000 0.22416000
v -0.72723000 0.25739000 -0.16209000
v -0.72446000 0.25490000 -0.16209000
v -0.72446000 0.25490000 0.22415000
v -0.72724000 0.25739000 0.22415000
v 0.74046000 -0.38434000 0.22416000
v 0.73769000 -0.38683000 0.22416000
v 0.73769000 -0.38683000 -0.16208000
v 0.74047000 -0.38434000 -0.16208000
v -0.72724000 0.38739000 0.22415000
v -0.72446000 0.38988000 0.22415000
v -0.72446000 0.38988000 -0.16209000
v -0.72723000 0.38739000 -0.16209000
v 0.01875000 0.09159000 0.22415000
v 0.01598000 0.09408000 0.22415000
v 0.01598000 0.09408000 -0.16208000
v 0.01875000 0.09159000 -0.16208000
v 0.01875000 0.23809000 -0.16208000
v 0.01598000 0.23560000 -0.16208000
v 0.01598000 0.23560000 0.22415000
v 0.01875000 0.23809000 0.22415000
v -0.00552000 -0.08853000 0.22415000
v -0.00275000 -0.09103000 0.22415000
v -0.00275000 -0.09103000 -0.16208000
v -0.00552000 -0.08853000 -0.16208000
v -0.00552000 -0.23504000 -0.16208000
v -0.00275000 -0.23255000 -0.16208000
v -0.00275000 -0.23255000 0.22415000
v -0.00552000 -0.23504000 0.22415000
v 0.74046000 0.09408000 0.22416000
v 0.73769000 0.09159000 0.22416000
v 0.73769000 0.09159000 -0.16208000
v 0.74047000 0.09408000 -0.16208000
v -0.72723000 -0.23255000 -0.16209000
v -0.72446000 -0.23504000 -0.16209000
v -0.72446000 -0.23504000 0.22415000
v -0.72724000 -0.23255000 0.22415000
v 0.74047000 0.23560000 -0.16208000
v 0.73769000 0.23809000 -0.16208000
v 0.73769000 0.23809000 0.22416000
v 0.74046000 0.23560000 0.22416000
v -0.72724000 -0.09103000 0.22415000
v -0.72446000 -0.08853000 0.22415000
v -0.72446000 -0.08853000 -0.16209000
v -0.72723000 -0.09103000 -0.16209000
v 0.01875000 -0.23504000 0.22415000
v 0.01598000 -0.23255000 0.22415000
v 0.01598000 -0.23255000 -0.16208000
v 0.01875000 -0.23504000 -0.16208000
v -0.00552000 0.09159000 -0.16208000
v -0.00275000 0.09408000 -0.16208000
v -0.00275000 0.09408000 0.22415000
v -0.00552000 0.09159000 0.22415000
v 0.74426537 -0.39286328 0.21651684
v 0.74791537 -0.38959328 0.21651684
v 0.74426537 -0.38959328 0.21329684
v 0.00852537 -0.38959328 0.21651684
v 0.01217537 -0.39286328 0.21651684
v 0.01217537 -0.38959328 0.21329684
v 0.00852537 -0.24908328 0.21651684
v 0.01217537 -0.24908328 0.21329684
v 0.01217537 -0.24581328 0.21651684
v 0.74426537 -0.24581328 0.21651684
v 0.74426537 -0.24908328 0.21329684
v 0.74791537 -0.24908328 0.21651684
v 0.00852537 -0.24908328 0.23349684
v 0.01217537 -0.24581328 0.23349684
v 0.01217537 -0.24908328 0.23672684
v 0.00852537 -0.38959328 0.23349684
v 0.01217537 -0.38959328 0.23672684
v 0.01217537 -0.39286328 0.23349684
v 0.74426537 -0.24581328 0.23350684
v 0.74791537 -0.24908328 0.23350684
v 0.74426537 -0.24908328 0.23672684
v 0.74426537 -0.39286328 0.23350684
v 0.74426537 -0.38959328 0.23672684
v 0.74791537 -0.38959328 0.23350684
v 0.02855537 -0.25538328 -0.16790316
v 0.02855537 -0.37691328 -0.16790316
v 0.02854537 -0.37691328 0.20501684
v 0.02854537 -0.25538328 0.20501684
v 0.01918537 -0.38329328 0.21329684
v 0.01918537 -0.38329328 -0.17617316
v 0.01918537 -0.25538328 -0.17617316
v 0.01918537 -0.25538328 0.21329684
v 0.74791537 -0.38959328 0.21651684
v 0.74791537 -0.38959328 0.23350684
v 0.74791537 -0.24908328 0.23350684
v 0.74791537 -0.24908328 0.21651684
v 0.74426537 -0.38959328 0.23672684
v 0.01217537 -0.38959328 0.23672684
v 0.01217537 -0.24908328 0.23672684
v 0.74426537 -0.24908328 0.23672684
v 0.74426537 -0.24581328 0.21651684
v 0.74426537 -0.24581328 0.23350684
v 0.01217537 -0.24581328 0.23349684
v 0.01217537 -0.24581328 0.21651684
v 0.00852537 -0.24908328 0.21651684
v 0.00852537 -0.24908328 0.23349684
v 0.00852537 -0.38959328 0.23349684
v 0.00852537 -0.38959328 0.21651684
v 0.01217537 -0.39286328 0.21651684
v 0.01217537 -0.39286328 0.23349684
v 0.74426537 -0.39286328 0.23350684
v 0.74426537 -0.39286328 0.21651684
v 0.36107537 -0.31943328 0.24390684
v 0.36609537 -0.33031328 0.24878684
v 0.36609537 -0.33031328 0.24390684
v 0.36107537 -0.31943328 0.24878684
v 0.36609537 -0.30854328 0.24390684
v 0.36609537 -0.30854328 0.24878684
v 0.36902537 -0.31943328 0.24129684
v 0.37171537 -0.32527328 0.24129684
v 0.37171537 -0.32527328 0.23624684
v 0.36902537 -0.31943328 0.23624684
v 0.37171537 -0.31359328 0.24129684
v 0.37171537 -0.31359328 0.23624684
v 0.39536537 -0.31943328 0.24390684
v 0.39034537 -0.30854328 0.24878684
v 0.39034537 -0.30854328 0.24390684
v 0.39536537 -0.31943328 0.24878684
v 0.39034537 -0.33031328 0.24390684
v 0.39034537 -0.33031328 0.24878684
v 0.37171537 -0.32527328 0.24129684
v 0.37821537 -0.32768328 0.23624684
v 0.37171537 -0.32527328 0.23624684
v 0.37821537 -0.32768328 0.24129684
v 0.38472537 -0.32527328 0.23624684
v 0.38472537 -0.32527328 0.24129684
v 0.37821537 -0.33482328 0.24390684
v 0.39034537 -0.33031328 0.24878684
v 0.39034537 -0.33031328 0.24390684
v 0.37821537 -0.33482328 0.24878684
v 0.36609537 -0.33031328 0.24390684
v 0.36609537 -0.33031328 0.24878684
v 0.39034537 -0.30854328 0.24390684
v 0.39034537 -0.30854328 0.24878684
v 0.37821537 -0.30403328 0.24878684
v 0.37821537 -0.30403328 0.24390684
v 0.36609537 -0.30854328 0.24878684
v 0.36609537 -0.30854328 0.24390684
v 0.38472537 -0.32527328 0.24129684
v 0.38741537 -0.31943328 0.23624684
v 0.38472537 -0.32527328 0.23624684
v 0.38741537 -0.31943328 0.24129684
v 0.38472537 -0.31359328 0.23624684
v 0.38472537 -0.31359328 0.24129684
v 0.38472537 -0.31359328 0.24129684
v 0.37821537 -0.31117328 0.23624684
v 0.38472537 -0.31359328 0.23624684
v 0.37821537 -0.31117328 0.24129684
v 0.37171537 -0.31359328 0.23624684
v 0.37171537 -0.31359328 0.24129684
v 0.01217537 -0.24908328 0.21329684
v 0.00852537 -0.24908328 0.21651684
v 0.00852537 -0.38959328 0.21651684
v 0.01217537 -0.38959328 0.21329684
v 0.74426537 -0.24908328 0.21329684
v 0.74426537 -0.24581328 0.21651684
v 0.01217537 -0.24581328 0.21651684
v 0.01217537 -0.24908328 0.21329684
v 0.01217537 -0.38959328 0.21329684
v 0.01217537 -0.39286328 0.21651684
v 0.74426537 -0.39286328 0.21651684
v 0.74426537 -0.38959328 0.21329684
v 0.74426537 -0.38959328 0.21329684
v 0.74791537 -0.38959328 0.21651684
v 0.74791537 -0.24908328 0.21651684
v 0.74426537 -0.24908328 0.21329684
v 0.00852537 -0.24908328 0.23349684
v 0.01217537 -0.24908328 0.23672684
v 0.01217537 -0.38959328 0.23672684
v 0.00852537 -0.38959328 0.23349684
v 0.74426537 -0.24581328 0.23350684
v 0.74426537 -0.24908328 0.23672684
v 0.01217537 -0.24908328 0.23672684
v 0.01217537 -0.24581328 0.23349684
v 0.01217537 -0.39286328 0.23349684
v 0.01217537 -0.38959328 0.23672684
v 0.74426537 -0.38959328 0.23672684
v 0.74426537 -0.39286328 0.23350684
v 0.74791537 -0.38959328 0.23350684
v 0.74426537 -0.38959328 0.23672684
v 0.74426537 -0.24908328 0.23672684
v 0.74791537 -0.24908328 0.23350684
v 0.01217537 -0.39286328 0.21651684
v 0.00852537 -0.38959328 0.21651684
v 0.00852537 -0.38959328 0.23349684
v 0.01217537 -0.39286328 0.23349684
v 0.01217537 -0.24581328 0.23349684
v 0.00852537 -0.24908328 0.23349684
v 0.00852537 -0.24908328 0.21651684
v 0.01217537 -0.24581328 0.21651684
v 0.74791537 -0.24908328 0.23350684
v 0.74426537 -0.24581328 0.23350684
v 0.74426537 -0.24581328 0.21651684
v 0.74791537 -0.24908328 0.21651684
v 0.74791537 -0.38959328 0.21651684
v 0.74426537 -0.39286328 0.21651684
v 0.74426537 -0.39286328 0.23350684
v 0.74791537 -0.38959328 0.23350684
v 0.01918537 -0.25538328 0.21329684
v 0.01217537 -0.24908328 0.21329684
v 0.01217537 -0.38959328 0.21329684
v 0.01918537 -0.38329328 0.21329684
v 0.74426537 -0.38959328 0.21329684
v 0.73725537 -0.38329328 0.21329684
v 0.73725537 -0.25538328 0.21329684
v 0.01217537 -0.24908328 0.21329684
v 0.01918537 -0.25538328 0.21329684
v 0.74426537 -0.24908328 0.21329684
v 0.73725537 -0.38329328 0.21329684
v 0.74426537 -0.38959328 0.21329684
v 0.73725537 -0.38329328 -0.17617316
v 0.73725537 -0.25538328 -0.17617316
v 0.01918537 -0.25538328 -0.17617316
v 0.01918537 -0.38329328 -0.17617316
v 0.73725537 -0.38329328 0.21329684
v 0.73725537 -0.38329328 -0.17617316
v 0.01918537 -0.38329328 -0.17617316
v 0.01918537 -0.38329328 0.21329684
v 0.73725537 -0.25538328 0.21329684
v 0.73725537 -0.25538328 -0.17617316
v 0.73725537 -0.38329328 -0.17617316
v 0.73725537 -0.38329328 0.21329684
v 0.72789537 -0.25538328 0.20502684
v 0.73725537 -0.25538328 0.21329684
v 0.01918537 -0.25538328 0.21329684
v 0.02854537 -0.25538328 0.20501684
v 0.02855537 -0.25538328 -0.16790316
v 0.01918537 -0.25538328 -0.17617316
v 0.73725537 -0.25538328 -0.17617316
v 0.72789537 -0.25538328 -0.16789316
v 0.02854537 -0.25538328 0.20501684
v 0.01918537 -0.25538328 0.21329684
v 0.01918537 -0.25538328 -0.17617316
v 0.02855537 -0.25538328 -0.16790316
v 0.72789537 -0.25538328 -0.16789316
v 0.73725537 -0.25538328 -0.17617316
v 0.73725537 -0.25538328 0.21329684
v 0.72789537 -0.25538328 0.20502684
v 0.02854537 -0.37691328 0.20501684
v 0.02855537 -0.37691328 -0.16790316
v 0.72789537 -0.37691328 -0.16789316
v 0.72789537 -0.37691328 0.20502684
v 0.02854537 -0.25538328 0.20501684
v 0.02854537 -0.37691328 0.20501684
v 0.72789537 -0.37691328 0.20502684
v 0.72789537 -0.25538328 0.20502684
v 0.72789537 -0.25538328 0.20502684
v 0.72789537 -0.37691328 0.20502684
v 0.72789537 -0.37691328 -0.16789316
v 0.72789537 -0.25538328 -0.16789316
v 0.72789537 -0.25538328 -0.16789316
v 0.72789537 -0.37691328 -0.16789316
v 0.02855537 -0.37691328 -0.16790316
v 0.02855537 -0.25538328 -0.16790316
v 0.37821537 -0.31117328 0.24129684
v 0.37821537 -0.30403328 0.24390684
v 0.36609537 -0.30854328 0.24390684
v 0.37171537 -0.31359328 0.24129684
v 0.38472537 -0.31359328 0.24129684
v 0.36107537 -0.31943328 0.24390684
v 0.39034537 -0.30854328 0.24390684
v 0.36902537 -0.31943328 0.24129684
v 0.38741537 -0.31943328 0.24129684
v 0.36609537 -0.33031328 0.24390684
v 0.39536537 -0.31943328 0.24390684
v 0.37171537 -0.32527328 0.24129684
v 0.38472537 -0.32527328 0.24129684
v 0.37821537 -0.33482328 0.24390684
v 0.39034537 -0.33031328 0.24390684
v 0.37821537 -0.32768328 0.24129684
v 0.36609537 -0.30854328 0.24878684
v 0.36838537 -0.31060328 0.25143684
v 0.36431537 -0.31943328 0.25143684
v 0.36107537 -0.31943328 0.24878684
v 0.37821537 -0.30403328 0.24878684
v 0.36838537 -0.32826328 0.25143684
v 0.36609537 -0.33031328 0.24878684
v 0.37821537 -0.33191328 0.25143684
v 0.37821537 -0.33482328 0.24878684
v 0.37821537 -0.30694328 0.25143684
v 0.39034537 -0.30854328 0.24878684
v 0.38805537 -0.31060328 0.25143684
v 0.39536537 -0.31943328 0.24878684
v 0.38805537 -0.32826328 0.25143684
v 0.39034537 -0.33031328 0.24878684
v 0.39212537 -0.31943328 0.25143684
v 0.74426537 -0.24159108 0.21639985
v 0.74791537 -0.23831108 0.21639985
v 0.74426537 -0.23831108 0.21317985
v 0.00852537 -0.23831108 0.21639985
v 0.01217537 -0.24159108 0.21639985
v 0.01217537 -0.23831108 0.21317985
v 0.00852537 -0.08526108 0.21639985
v 0.01217537 -0.08526108 0.21317985
v 0.01217537 -0.08198108 0.21639985
v 0.74426537 -0.08198108 0.21639985
v 0.74426537 -0.08526108 0.21317985
v 0.74791537 -0.08526108 0.21639985
v 0.00852537 -0.08526108 0.23337985
v 0.01217537 -0.08198108 0.23337985
v 0.01217537 -0.08526108 0.23660985
v 0.00852537 -0.23831108 0.23337985
v 0.01217537 -0.23831108 0.23660985
v 0.01217537 -0.24159108 0.23337985
v 0.74426537 -0.24159108 0.23338985
v 0.74426537 -0.23831108 0.23660985
v 0.74791537 -0.23831108 0.23338985
v 0.74426537 -0.08198108 0.23338985
v 0.74791537 -0.08526108 0.23338985
v 0.74426537 -0.08526108 0.23660985
v 0.74791537 -0.23831108 0.21639985
v 0.74791537 -0.23831108 0.23338985
v 0.74791537 -0.08526108 0.23338985
v 0.74791537 -0.08526108 0.21639985
v 0.74426537 -0.23831108 0.23660985
v 0.01217537 -0.23831108 0.23660985
v 0.01217537 -0.08526108 0.23660985
v 0.74426537 -0.08526108 0.23660985
v 0.01217537 -0.24159108 0.21639985
v 0.01217537 -0.24159108 0.23337985
v 0.74426537 -0.24159108 0.23338985
v 0.74426537 -0.24159108 0.21639985
v 0.74426537 -0.08198108 0.21639985
v 0.74426537 -0.08198108 0.23338985
v 0.01217537 -0.08198108 0.23337985
v 0.01217537 -0.08198108 0.21639985
v 0.00852537 -0.08526108 0.21639985
v 0.00852537 -0.08526108 0.23337985
v 0.00852537 -0.23831108 0.23337985
v 0.00852537 -0.23831108 0.21639985
v 0.36107537 -0.16179108 0.24378985
v 0.36609537 -0.17268108 0.24866985
v 0.36609537 -0.17268108 0.24378985
v 0.36107537 -0.16179108 0.24866985
v 0.36609537 -0.15091108 0.24378985
v 0.36609537 -0.15091108 0.24866985
v 0.36902537 -0.16179108 0.24117985
v 0.37171537 -0.16763108 0.24117985
v 0.37171537 -0.16763108 0.23612985
v 0.36902537 -0.16179108 0.23612985
v 0.37171537 -0.15595108 0.24117985
v 0.37171537 -0.15595108 0.23612985
v 0.39536537 -0.16179108 0.24378985
v 0.39034537 -0.15091108 0.24866985
v 0.39034537 -0.15091108 0.24378985
v 0.39536537 -0.16179108 0.24866985
v 0.39034537 -0.17268108 0.24378985
v 0.39034537 -0.17268108 0.24866985
v 0.37171537 -0.16763108 0.24117985
v 0.37821537 -0.17005108 0.23612985
v 0.37171537 -0.16763108 0.23612985
v 0.37821537 -0.17005108 0.24117985
v 0.38472537 -0.16763108 0.23612985
v 0.38472537 -0.16763108 0.24117985
v 0.37821537 -0.17718108 0.24378985
v 0.39034537 -0.17268108 0.24866985
v 0.39034537 -0.17268108 0.24378985
v 0.37821537 -0.17718108 0.24866985
v 0.36609537 -0.17268108 0.24378985
v 0.36609537 -0.17268108 0.24866985
v 0.39034537 -0.15091108 0.24378985
v 0.39034537 -0.15091108 0.24866985
v 0.37821537 -0.14640108 0.24866985
v 0.37821537 -0.14640108 0.24378985
v 0.36609537 -0.15091108 0.24866985
v 0.36609537 -0.15091108 0.24378985
v 0.38472537 -0.16763108 0.24117985
v 0.38741537 -0.16179108 0.23612985
v 0.38472537 -0.16763108 0.23612985
v 0.38741537 -0.16179108 0.24117985
v 0.38472537 -0.15595108 0.23612985
v 0.38472537 -0.15595108 0.24117985
v 0.38472537 -0.15595108 0.24117985
v 0.37821537 -0.15353108 0.23612985
v 0.38472537 -0.15595108 0.23612985
v 0.37821537 -0.15353108 0.24117985
v 0.37171537 -0.15595108 0.23612985
v 0.37171537 -0.15595108 0.24117985
v 0.01217537 -0.08526108 0.21317985
v 0.00852537 -0.08526108 0.21639985
v 0.00852537 -0.23831108 0.21639985
v 0.01217537 -0.23831108 0.21317985
v 0.74426537 -0.24159108 0.21639985
v 0.74426537 -0.23831108 0.21317985
v 0.01217537 -0.23831108 0.21317985
v 0.01217537 -0.24159108 0.21639985
v 0.74426537 -0.08526108 0.21317985
v 0.74426537 -0.08198108 0.21639985
v 0.01217537 -0.08198108 0.21639985
v 0.01217537 -0.08526108 0.21317985
v 0.74426537 -0.23831108 0.21317985
v 0.74791537 -0.23831108 0.21639985
v 0.74791537 -0.08526108 0.21639985
v 0.74426537 -0.08526108 0.21317985
v 0.00852537 -0.08526108 0.23337985
v 0.01217537 -0.08526108 0.23660985
v 0.01217537 -0.23831108 0.23660985
v 0.00852537 -0.23831108 0.23337985
v 0.74426537 -0.23831108 0.23660985
v 0.74426537 -0.24159108 0.23338985
v 0.01217537 -0.24159108 0.23337985
v 0.01217537 -0.23831108 0.23660985
v 0.74426537 -0.08198108 0.23338985
v 0.74426537 -0.08526108 0.23660985
v 0.01217537 -0.08526108 0.23660985
v 0.01217537 -0.08198108 0.23337985
v 0.74791537 -0.23831108 0.23338985
v 0.74426537 -0.23831108 0.23660985
v 0.74426537 -0.08526108 0.23660985
v 0.74791537 -0.08526108 0.23338985
v 0.74791537 -0.23831108 0.21639985
v 0.74426537 -0.24159108 0.21639985
v 0.74426537 -0.24159108 0.23338985
v 0.74791537 -0.23831108 0.23338985
v 0.00852537 -0.23831108 0.23337985
v 0.01217537 -0.24159108 0.23337985
v 0.01217537 -0.24159108 0.21639985
v 0.00852537 -0.23831108 0.21639985
v 0.00852537 -0.08526108 0.21639985
v 0.01217537 -0.08198108 0.21639985
v 0.01217537 -0.08198108 0.23337985
v 0.00852537 -0.08526108 0.23337985
v 0.74791537 -0.08526108 0.23338985
v 0.74426537 -0.08198108 0.23338985
v 0.74426537 -0.08198108 0.21639985
v 0.74791537 -0.08526108 0.21639985
v 0.01918537 -0.09155108 0.21317985
v 0.01217537 -0.08526108 0.21317985
v 0.01217537 -0.23831108 0.21317985
v 0.01918537 -0.23202108 0.21317985
v 0.74426537 -0.23831108 0.21317985
v 0.73725537 -0.23202108 0.21317985
v 0.73725537 -0.09155108 0.21317985
v 0.01217537 -0.08526108 0.21317985
v 0.01918537 -0.09155108 0.21317985
v 0.74426537 -0.08526108 0.21317985
v 0.73725537 -0.23202108 0.21317985
v 0.74426537 -0.23831108 0.21317985
v 0.73725537 -0.23202108 -0.17629015
v 0.73725537 -0.09155108 -0.17629015
v 0.01918537 -0.09155108 -0.17629015
v 0.01918537 -0.23202108 -0.17629015
v 0.01918537 -0.23202108 0.21317985
v 0.01918537 -0.23202108 -0.17629015
v 0.01918537 -0.09155108 -0.17629015
v 0.01918537 -0.09155108 0.21317985
v 0.73725537 -0.23202108 0.21317985
v 0.73725537 -0.23202108 -0.17629015
v 0.01918537 -0.23202108 -0.17629015
v 0.01918537 -0.23202108 0.21317985
v 0.73725537 -0.09155108 0.21317985
v 0.73725537 -0.09155108 -0.17629015
v 0.73725537 -0.23202108 -0.17629015
v 0.73725537 -0.23202108 0.21317985
v 0.72789537 -0.09155108 0.20490985
v 0.73725537 -0.09155108 0.21317985
v 0.01918537 -0.09155108 0.21317985
v 0.02854537 -0.09155108 0.20489985
v 0.02854537 -0.09155108 -0.16802015
v 0.01918537 -0.09155108 -0.17629015
v 0.73725537 -0.09155108 -0.17629015
v 0.72789537 -0.09155108 -0.16801015
v 0.02854537 -0.09155108 0.20489985
v 0.01918537 -0.09155108 0.21317985
v 0.01918537 -0.09155108 -0.17629015
v 0.02854537 -0.09155108 -0.16802015
v 0.72789537 -0.09155108 -0.16801015
v 0.73725537 -0.09155108 -0.17629015
v 0.73725537 -0.09155108 0.21317985
v 0.72789537 -0.09155108 0.20490985
v 0.02854537 -0.22435108 0.20489985
v 0.02854537 -0.22435108 -0.16802015
v 0.72789537 -0.22435108 -0.16801015
v 0.72789537 -0.22435108 0.20490985
v 0.72789537 -0.09155108 -0.16801015
v 0.72789537 -0.22435108 -0.16801015
v 0.02854537 -0.22435108 -0.16802015
v 0.02854537 -0.09155108 -0.16802015
v 0.02854537 -0.09155108 0.20489985
v 0.02854537 -0.22435108 0.20489985
v 0.72789537 -0.22435108 0.20490985
v 0.72789537 -0.09155108 0.20490985
v 0.72789537 -0.09155108 0.20490985
v 0.72789537 -0.22435108 0.20490985
v 0.72789537 -0.22435108 -0.16801015
v 0.72789537 -0.09155108 -0.16801015
v 0.02854537 -0.09155108 -0.16802015
v 0.02854537 -0.22435108 -0.16802015
v 0.02854537 -0.22435108 0.20489985
v 0.02854537 -0.09155108 0.20489985
v 0.37821537 -0.15353108 0.24117985
v 0.37821537 -0.14640108 0.24378985
v 0.36609537 -0.15091108 0.24378985
v 0.37171537 -0.15595108 0.24117985
v 0.38472537 -0.15595108 0.24117985
v 0.36107537 -0.16179108 0.24378985
v 0.39034537 -0.15091108 0.24378985
v 0.36902537 -0.16179108 0.24117985
v 0.38741537 -0.16179108 0.24117985
v 0.36609537 -0.17268108 0.24378985
v 0.39536537 -0.16179108 0.24378985
v 0.37171537 -0.16763108 0.24117985
v 0.38472537 -0.16763108 0.24117985
v 0.37821537 -0.17718108 0.24378985
v 0.39034537 -0.17268108 0.24378985
v 0.37821537 -0.17005108 0.24117985
v 0.36609537 -0.15091108 0.24866985
v 0.36838537 -0.15296108 0.25131985
v 0.36431537 -0.16179108 0.25131985
v 0.36107537 -0.16179108 0.24866985
v 0.37821537 -0.14640108 0.24866985
v 0.36838537 -0.17062108 0.25131985
v 0.36609537 -0.17268108 0.24866985
v 0.37821537 -0.17428108 0.25131985
v 0.37821537 -0.17718108 0.24866985
v 0.37821537 -0.14931108 0.25131985
v 0.39034537 -0.15091108 0.24866985
v 0.38805537 -0.15296108 0.25131985
v 0.39536537 -0.16179108 0.24866985
v 0.38805537 -0.17062108 0.25131985
v 0.39034537 -0.17268108 0.24866985
v 0.39212537 -0.16179108 0.25131985
v 0.74426537 -0.07827849 0.21632584
v 0.74791537 -0.07499849 0.21632584
v 0.74426537 -0.07499849 0.21310584
v 0.00852537 -0.07499849 0.21632584
v 0.01217537 -0.07827849 0.21632584
v 0.01217537 -0.07499849 0.21310584
v 0.00852537 0.07805151 0.21632584
v 0.01217537 0.07805151 0.21310584
v 0.01217537 0.08133151 0.21632584
v 0.74426537 0.08133151 0.21632584
v 0.74426537 0.07805151 0.21310584
v 0.74791537 0.07805151 0.21632584
v 0.00852537 0.07805151 0.23330584
v 0.01217537 0.08133151 0.23330584
v 0.01217537 0.07805151 0.23652584
v 0.00852537 -0.07499849 0.23330584
v 0.01217537 -0.07499849 0.23652584
v 0.01217537 -0.07827849 0.23330584
v 0.74426537 -0.07827849 0.23331584
v 0.74426537 -0.07499849 0.23653584
v 0.74791537 -0.07499849 0.23331584
v 0.74426537 0.08133151 0.23331584
v 0.74791537 0.07805151 0.23331584
v 0.74426537 0.07805151 0.23653584
v 0.74791537 -0.07499849 0.21632584
v 0.74791537 -0.07499849 0.23331584
v 0.74791537 0.07805151 0.23331584
v 0.74791537 0.07805151 0.21632584
v 0.74426537 -0.07499849 0.23653584
v 0.01217537 -0.07499849 0.23652584
v 0.01217537 0.07805151 0.23652584
v 0.74426537 0.07805151 0.23653584
v 0.00852537 0.07805151 0.21632584
v 0.00852537 0.07805151 0.23330584
v 0.00852537 -0.07499849 0.23330584
v 0.00852537 -0.07499849 0.21632584
v 0.74426537 0.08133151 0.21632584
v 0.74426537 0.08133151 0.23331584
v 0.01217537 0.08133151 0.23330584
v 0.01217537 0.08133151 0.21632584
v 0.01217537 -0.07827849 0.21632584
v 0.01217537 -0.07827849 0.23330584
v 0.74426537 -0.07827849 0.23331584
v 0.74426537 -0.07827849 0.21632584
v 0.36107537 0.00166151 0.24371584
v 0.36609537 -0.00921849 0.24859584
v 0.36609537 -0.00921849 0.24371584
v 0.36107537 0.00166151 0.24859584
v 0.36609537 0.01254151 0.24371584
v 0.36609537 0.01254151 0.24859584
v 0.36902537 0.00166151 0.24110584
v 0.37171537 -0.00417849 0.24110584
v 0.37171537 -0.00417849 0.23605584
v 0.36902537 0.00166151 0.23605584
v 0.37171537 0.00750151 0.24110584
v 0.37171537 0.00750151 0.23605584
v 0.39536537 0.00166151 0.24371584
v 0.39034537 0.01254151 0.24859584
v 0.39034537 0.01254151 0.24371584
v 0.39536537 0.00166151 0.24859584
v 0.39034537 -0.00922849 0.24371584
v 0.39034537 -0.00922849 0.24859584
v 0.37171537 -0.00417849 0.24110584
v 0.37821537 -0.00659849 0.23605584
v 0.37171537 -0.00417849 0.23605584
v 0.37821537 -0.00659849 0.24110584
v 0.38472537 -0.00417849 0.23605584
v 0.38472537 -0.00417849 0.24110584
v 0.37821537 -0.01372849 0.24371584
v 0.39034537 -0.00922849 0.24859584
v 0.39034537 -0.00922849 0.24371584
v 0.37821537 -0.01372849 0.24859584
v 0.36609537 -0.00921849 0.24371584
v 0.36609537 -0.00921849 0.24859584
v 0.39034537 0.01254151 0.24371584
v 0.39034537 0.01254151 0.24859584
v 0.37821537 0.01705151 0.24859584
v 0.37821537 0.01705151 0.24371584
v 0.36609537 0.01254151 0.24859584
v 0.36609537 0.01254151 0.24371584
v 0.38472537 -0.00417849 0.24110584
v 0.38741537 0.00166151 0.23605584
v 0.38472537 -0.00417849 0.23605584
v 0.38741537 0.00166151 0.24110584
v 0.38472537 0.00750151 0.23605584
v 0.38472537 0.00750151 0.24110584
v 0.38472537 0.00750151 0.24110584
v 0.37821537 0.00992151 0.23605584
v 0.38472537 0.00750151 0.23605584
v 0.37821537 0.00992151 0.24110584
v 0.37171537 0.00750151 0.23605584
v 0.37171537 0.00750151 0.24110584
v 0.01217537 0.07805151 0.21310584
v 0.00852537 0.07805151 0.21632584
v 0.00852537 -0.07499849 0.21632584
v 0.01217537 -0.07499849 0.21310584
v 0.74426537 -0.07827849 0.21632584
v 0.74426537 -0.07499849 0.21310584
v 0.01217537 -0.07499849 0.21310584
v 0.01217537 -0.07827849 0.21632584
v 0.74426537 0.07805151 0.21310584
v 0.74426537 0.08133151 0.21632584
v 0.01217537 0.08133151 0.21632584
v 0.01217537 0.07805151 0.21310584
v 0.74426537 -0.07499849 0.21310584
v 0.74791537 -0.07499849 0.21632584
v 0.74791537 0.07805151 0.21632584
v 0.74426537 0.07805151 0.21310584
v 0.00852537 0.07805151 0.23330584
v 0.01217537 0.07805151 0.23652584
v 0.01217537 -0.07499849 0.23652584
v 0.00852537 -0.07499849 0.23330584
v 0.74426537 -0.07499849 0.23653584
v 0.74426537 -0.07827849 0.23331584
v 0.01217537 -0.07827849 0.23330584
v 0.01217537 -0.07499849 0.23652584
v 0.74426537 0.08133151 0.23331584
v 0.74426537 0.07805151 0.23653584
v 0.01217537 0.07805151 0.23652584
v 0.01217537 0.08133151 0.23330584
v 0.74791537 -0.07499849 0.23331584
v 0.74426537 -0.07499849 0.23653584
v 0.74426537 0.07805151 0.23653584
v 0.74791537 0.07805151 0.23331584
v 0.01217537 -0.07827849 0.21632584
v 0.00852537 -0.07499849 0.21632584
v 0.00852537 -0.07499849 0.23330584
v 0.01217537 -0.07827849 0.23330584
v 0.01217537 0.08133151 0.23330584
v 0.00852537 0.07805151 0.23330584
v 0.00852537 0.07805151 0.21632584
v 0.01217537 0.08133151 0.21632584
v 0.74791537 -0.07499849 0.21632584
v 0.74426537 -0.07827849 0.21632584
v 0.74426537 -0.07827849 0.23331584
v 0.74791537 -0.07499849 0.23331584
v 0.74791537 0.07805151 0.23331584
v 0.74426537 0.08133151 0.23331584
v 0.74426537 0.08133151 0.21632584
v 0.74791537 0.07805151 0.21632584
v 0.01918537 0.07176151 0.21310584
v 0.01217537 0.07805151 0.21310584
v 0.01217537 -0.07499849 0.21310584
v 0.01918537 -0.06870849 0.21310584
v 0.74426537 -0.07499849 0.21310584
v 0.73725537 -0.06870849 0.21310584
v 0.73725537 0.07176151 0.21310584
v 0.01217537 0.07805151 0.21310584
v 0.01918537 0.07176151 0.21310584
v 0.74426537 0.07805151 0.21310584
v 0.73725537 -0.06870849 0.21310584
v 0.74426537 -0.07499849 0.21310584
v 0.73725537 -0.06870849 -0.17636416
v 0.73725537 0.07176151 -0.17636416
v 0.01918537 0.07176151 -0.17636416
v 0.01918537 -0.06870849 -0.17636416
v 0.72789537 0.07176151 -0.16808416
v 0.72789537 -0.06123849 -0.16808416
v 0.02854537 -0.06123849 -0.16809416
v 0.02854537 0.07176151 -0.16809416
v 0.01918537 -0.06870849 0.21310584
v 0.01918537 -0.06870849 -0.17636416
v 0.01918537 0.07176151 -0.17636416
v 0.01918537 0.07176151 0.21310584
v 0.73725537 -0.06870849 0.21310584
v 0.73725537 -0.06870849 -0.17636416
v 0.01918537 -0.06870849 -0.17636416
v 0.01918537 -0.06870849 0.21310584
v 0.73725537 0.07176151 0.21310584
v 0.73725537 0.07176151 -0.17636416
v 0.73725537 -0.06870849 -0.17636416
v 0.73725537 -0.06870849 0.21310584
v 0.72788537 0.07176151 0.20483584
v 0.73725537 0.07176151 0.21310584
v 0.01918537 0.07176151 0.21310584
v 0.02854537 0.07176151 0.20483584
v 0.02854537 0.07176151 -0.16809416
v 0.01918537 0.07176151 -0.17636416
v 0.73725537 0.07176151 -0.17636416
v 0.72789537 0.07176151 -0.16808416
v 0.02854537 0.07176151 0.20483584
v 0.01918537 0.07176151 0.21310584
v 0.01918537 0.07176151 -0.17636416
v 0.02854537 0.07176151 -0.16809416
v 0.72789537 0.07176151 -0.16808416
v 0.73725537 0.07176151 -0.17636416
v 0.73725537 0.07176151 0.21310584
v 0.72788537 0.07176151 0.20483584
v 0.02854537 -0.06123849 0.20483584
v 0.02854537 -0.06123849 -0.16809416
v 0.72789537 -0.06123849 -0.16808416
v 0.72788537 -0.06123849 0.20483584
v 0.02854537 0.07176151 0.20483584
v 0.02854537 -0.06123849 0.20483584
v 0.72788537 -0.06123849 0.20483584
v 0.72788537 0.07176151 0.20483584
v 0.02854537 0.07176151 -0.16809416
v 0.02854537 -0.06123849 -0.16809416
v 0.02854537 -0.06123849 0.20483584
v 0.02854537 0.07176151 0.20483584
v 0.72788537 0.07176151 0.20483584
v 0.72788537 -0.06123849 0.20483584
v 0.72789537 -0.06123849 -0.16808416
v 0.72789537 0.07176151 -0.16808416
v 0.37821537 0.00992151 0.24110584
v 0.37821537 0.01705151 0.24371584
v 0.36609537 0.01254151 0.24371584
v 0.37171537 0.00750151 0.24110584
v 0.38472537 0.00750151 0.24110584
v 0.36107537 0.00166151 0.24371584
v 0.39034537 0.01254151 0.24371584
v 0.36902537 0.00166151 0.24110584
v 0.38741537 0.00166151 0.24110584
v 0.36609537 -0.00921849 0.24371584
v 0.39536537 0.00166151 0.24371584
v 0.37171537 -0.00417849 0.24110584
v 0.38472537 -0.00417849 0.24110584
v 0.37821537 -0.01372849 0.24371584
v 0.39034537 -0.00922849 0.24371584
v 0.37821537 -0.00659849 0.24110584
v 0.36609537 0.01254151 0.24859584
v 0.36838537 0.01049151 0.25124584
v 0.36431537 0.00166151 0.25124584
v 0.36107537 0.00166151 0.24859584
v 0.37821537 0.01705151 0.24859584
v 0.36838537 -0.00716849 0.25124584
v 0.36609537 -0.00921849 0.24859584
v 0.37821537 -0.01082849 0.25124584
v 0.37821537 -0.01372849 0.24859584
v 0.37821537 0.01414151 0.25124584
v 0.39034537 0.01254151 0.24859584
v 0.38805537 0.01049151 0.25124584
v 0.39536537 0.00166151 0.24859584
v 0.38805537 -0.00716849 0.25124584
v 0.39034537 -0.00922849 0.24859584
v 0.39212537 0.00166151 0.25124584
v 0.74426525 0.08503400 0.21623185
v 0.74791525 0.08831400 0.21623185
v 0.74426525 0.08831400 0.21301185
v 0.01217525 0.08503400 0.21623185
v 0.01217525 0.08831400 0.21301185
v 0.00852525 0.08831400 0.21623185
v 0.01217525 0.24464400 0.21623185
v 0.00852525 0.24136400 0.21623185
v 0.01217525 0.24136400 0.21301185
v 0.74426525 0.24464400 0.21623185
v 0.74426525 0.24136400 0.21301185
v 0.74791525 0.24136400 0.21623185
v 0.74426525 0.24464400 0.23322185
v 0.74791525 0.24136400 0.23322185
v 0.74426525 0.24136400 0.23644185
v 0.01217525 0.24464400 0.23321185
v 0.01217525 0.24136400 0.23644185
v 0.00852525 0.24136400 0.23321185
v 0.74426525 0.08503400 0.23322185
v 0.74426525 0.08831400 0.23644185
v 0.74791525 0.08831400 0.23322185
v 0.01217525 0.08503400 0.23321185
v 0.00852525 0.08831400 0.23321185
v 0.01217525 0.08831400 0.23644185
v 0.01918525 0.09460400 0.21301185
v 0.01918525 0.09460400 -0.17645815
v 0.01918525 0.23507400 -0.17645815
v 0.01918525 0.23507400 0.21301185
v 0.73725525 0.09460400 0.21301185
v 0.73725525 0.09460400 -0.17645815
v 0.01918525 0.09460400 -0.17645815
v 0.01918525 0.09460400 0.21301185
v 0.72788525 0.23507400 0.20474185
v 0.72788525 0.10102400 0.20474185
v 0.72789525 0.10102400 -0.16817815
v 0.72789525 0.23507400 -0.16817815
v 0.74791525 0.08831400 0.21623185
v 0.74791525 0.08831400 0.23322185
v 0.74791525 0.24136400 0.23322185
v 0.74791525 0.24136400 0.21623185
v 0.74426525 0.24464400 0.21623185
v 0.74426525 0.24464400 0.23322185
v 0.01217525 0.24464400 0.23321185
v 0.01217525 0.24464400 0.21623185
v 0.00852525 0.24136400 0.21623185
v 0.00852525 0.24136400 0.23321185
v 0.00852525 0.08831400 0.23321185
v 0.00852525 0.08831400 0.21623185
v 0.74426525 0.08831400 0.23644185
v 0.01217525 0.08831400 0.23644185
v 0.01217525 0.24136400 0.23644185
v 0.74426525 0.24136400 0.23644185
v 0.01217525 0.08503400 0.21623185
v 0.01217525 0.08503400 0.23321185
v 0.74426525 0.08503400 0.23322185
v 0.74426525 0.08503400 0.21623185
v 0.02854525 0.23507400 0.20473185
v 0.02854525 0.10102400 0.20473185
v 0.72788525 0.10102400 0.20474185
v 0.72788525 0.23507400 0.20474185
v 0.36107525 0.16494400 0.24362185
v 0.36609525 0.15405400 0.24850185
v 0.36609525 0.15405400 0.24362185
v 0.36107525 0.16494400 0.24850185
v 0.36609525 0.17582400 0.24362185
v 0.36609525 0.17582400 0.24850185
v 0.36902525 0.16494400 0.24101185
v 0.37171525 0.15910400 0.24101185
v 0.37171525 0.15910400 0.23596185
v 0.36902525 0.16494400 0.23596185
v 0.37171525 0.17078400 0.24101185
v 0.37171525 0.17078400 0.23596185
v 0.39536525 0.16494400 0.24362185
v 0.39034525 0.17582400 0.24850185
v 0.39034525 0.17582400 0.24362185
v 0.39536525 0.16494400 0.24850185
v 0.39034525 0.15405400 0.24362185
v 0.39034525 0.15405400 0.24850185
v 0.37171525 0.15910400 0.24101185
v 0.37821525 0.15668400 0.23596185
v 0.37171525 0.15910400 0.23596185
v 0.37821525 0.15668400 0.24101185
v 0.38472525 0.15910400 0.23596185
v 0.38472525 0.15910400 0.24101185
v 0.37821525 0.14954400 0.24362185
v 0.39034525 0.15405400 0.24850185
v 0.39034525 0.15405400 0.24362185
v 0.37821525 0.14954400 0.24850185
v 0.36609525 0.15405400 0.24362185
v 0.36609525 0.15405400 0.24850185
v 0.39034525 0.17582400 0.24362185
v 0.39034525 0.17582400 0.24850185
v 0.37821525 0.18033400 0.24850185
v 0.37821525 0.18033400 0.24362185
v 0.36609525 0.17582400 0.24850185
v 0.36609525 0.17582400 0.24362185
v 0.38472525 0.15910400 0.24101185
v 0.38741525 0.16494400 0.23596185
v 0.38472525 0.15910400 0.23596185
v 0.38741525 0.16494400 0.24101185
v 0.38472525 0.17078400 0.23596185
v 0.38472525 0.17078400 0.24101185
v 0.38472525 0.17078400 0.24101185
v 0.37821525 0.17319400 0.23596185
v 0.38472525 0.17078400 0.23596185
v 0.37821525 0.17319400 0.24101185
v 0.37171525 0.17078400 0.23596185
v 0.37171525 0.17078400 0.24101185
v 0.74426525 0.24136400 0.21301185
v 0.74426525 0.24464400 0.21623185
v 0.01217525 0.24464400 0.21623185
v 0.01217525 0.24136400 0.21301185
v 0.74426525 0.08503400 0.21623185
v 0.74426525 0.08831400 0.21301185
v 0.01217525 0.08831400 0.21301185
v 0.01217525 0.08503400 0.21623185
v 0.01217525 0.24136400 0.21301185
v 0.00852525 0.24136400 0.21623185
v 0.00852525 0.08831400 0.21623185
v 0.01217525 0.08831400 0.21301185
v 0.74426525 0.08831400 0.21301185
v 0.74791525 0.08831400 0.21623185
v 0.74791525 0.24136400 0.21623185
v 0.74426525 0.24136400 0.21301185
v 0.74426525 0.24464400 0.23322185
v 0.74426525 0.24136400 0.23644185
v 0.01217525 0.24136400 0.23644185
v 0.01217525 0.24464400 0.23321185
v 0.74426525 0.08831400 0.23644185
v 0.74426525 0.08503400 0.23322185
v 0.01217525 0.08503400 0.23321185
v 0.01217525 0.08831400 0.23644185
v 0.00852525 0.24136400 0.23321185
v 0.01217525 0.24136400 0.23644185
v 0.01217525 0.08831400 0.23644185
v 0.00852525 0.08831400 0.23321185
v 0.74791525 0.08831400 0.23322185
v 0.74426525 0.08831400 0.23644185
v 0.74426525 0.24136400 0.23644185
v 0.74791525 0.24136400 0.23322185
v 0.74426525 0.24464400 0.21623185
v 0.74791525 0.24136400 0.21623185
v 0.74791525 0.24136400 0.23322185
v 0.74426525 0.24464400 0.23322185
v 0.74426525 0.08503400 0.23322185
v 0.74791525 0.08831400 0.23322185
v 0.74791525 0.08831400 0.21623185
v 0.74426525 0.08503400 0.21623185
v 0.00852525 0.24136400 0.21623185
v 0.01217525 0.24464400 0.21623185
v 0.01217525 0.24464400 0.23321185
v 0.00852525 0.24136400 0.23321185
v 0.00852525 0.08831400 0.23321185
v 0.01217525 0.08503400 0.23321185
v 0.01217525 0.08503400 0.21623185
v 0.00852525 0.08831400 0.21623185
v 0.73725525 0.23507400 0.21301185
v 0.01217525 0.24136400 0.21301185
v 0.01918525 0.23507400 0.21301185
v 0.74426525 0.24136400 0.21301185
v 0.73725525 0.09460400 0.21301185
v 0.74426525 0.08831400 0.21301185
v 0.01918525 0.09460400 0.21301185
v 0.74426525 0.08831400 0.21301185
v 0.73725525 0.09460400 0.21301185
v 0.01217525 0.08831400 0.21301185
v 0.01918525 0.23507400 0.21301185
v 0.01217525 0.24136400 0.21301185
v 0.73725525 0.09460400 -0.17645815
v 0.73725525 0.23507400 -0.17644815
v 0.01918525 0.23507400 -0.17645815
v 0.01918525 0.09460400 -0.17645815
v 0.73725525 0.23507400 0.21301185
v 0.73725525 0.23507400 -0.17644815
v 0.73725525 0.09460400 -0.17645815
v 0.73725525 0.09460400 0.21301185
v 0.72788525 0.23507400 0.20474185
v 0.73725525 0.23507400 0.21301185
v 0.01918525 0.23507400 0.21301185
v 0.02854525 0.23507400 0.20473185
v 0.02854525 0.23507400 -0.16818815
v 0.01918525 0.23507400 -0.17645815
v 0.73725525 0.23507400 -0.17644815
v 0.72789525 0.23507400 -0.16817815
v 0.72789525 0.23507400 -0.16817815
v 0.73725525 0.23507400 -0.17644815
v 0.73725525 0.23507400 0.21301185
v 0.72788525 0.23507400 0.20474185
v 0.02854525 0.23507400 0.20473185
v 0.01918525 0.23507400 0.21301185
v 0.01918525 0.23507400 -0.17645815
v 0.02854525 0.23507400 -0.16818815
v 0.02854525 0.10102400 0.20473185
v 0.02854525 0.10102400 -0.16818815
v 0.72789525 0.10102400 -0.16817815
v 0.72788525 0.10102400 0.20474185
v 0.02854525 0.23507400 -0.16818815
v 0.02854525 0.10102400 -0.16818815
v 0.02854525 0.10102400 0.20473185
v 0.02854525 0.23507400 0.20473185
v 0.72789525 0.23507400 -0.16817815
v 0.72789525 0.10102400 -0.16817815
v 0.02854525 0.10102400 -0.16818815
v 0.02854525 0.23507400 -0.16818815
v 0.37821525 0.17319400 0.24101185
v 0.37821525 0.18033400 0.24362185
v 0.36609525 0.17582400 0.24362185
v 0.37171525 0.17078400 0.24101185
v 0.38472525 0.17078400 0.24101185
v 0.36107525 0.16494400 0.24362185
v 0.39034525 0.17582400 0.24362185
v 0.36902525 0.16494400 0.24101185
v 0.38741525 0.16494400 0.24101185
v 0.36609525 0.15405400 0.24362185
v 0.39536525 0.16494400 0.24362185
v 0.37171525 0.15910400 0.24101185
v 0.38472525 0.15910400 0.24101185
v 0.37821525 0.14954400 0.24362185
v 0.39034525 0.15405400 0.24362185
v 0.37821525 0.15668400 0.24101185
v 0.36609525 0.17582400 0.24850185
v 0.36838525 0.17377400 0.25115185
v 0.36431525 0.16494400 0.25115185
v 0.36107525 0.16494400 0.24850185
v 0.37821525 0.18033400 0.24850185
v 0.36838525 0.15611400 0.25115185
v 0.36609525 0.15405400 0.24850185
v 0.37821525 0.15245400 0.25115185
v 0.37821525 0.14954400 0.24850185
v 0.37821525 0.17742400 0.25115185
v 0.39034525 0.17582400 0.24850185
v 0.38805525 0.17377400 0.25115185
v 0.39536525 0.16494400 0.24850185
v 0.38805525 0.15611400 0.25115185
v 0.39034525 0.15405400 0.24850185
v 0.39212525 0.16494400 0.25115185
v 0.74791537 0.25213642 0.21584485
v 0.74426537 0.25213642 0.21262485
v 0.74426537 0.24886642 0.21584485
v 0.74426537 0.39591642 0.21584485
v 0.74426537 0.39264642 0.21262485
v 0.74791537 0.39264642 0.21584485
v 0.01217537 0.39591642 0.21584485
v 0.00852537 0.39264642 0.21584485
v 0.01217537 0.39264642 0.21262485
v 0.01217537 0.24886642 0.21584485
v 0.01217537 0.25213642 0.21262485
v 0.00852537 0.25213642 0.21584485
v 0.74426537 0.39591642 0.23283485
v 0.74791537 0.39264642 0.23283485
v 0.74426537 0.39264642 0.23605485
v 0.01217537 0.39591642 0.23282485
v 0.01217537 0.39264642 0.23604485
v 0.00852537 0.39264642 0.23282485
v 0.74791537 0.25213642 0.23283485
v 0.74426537 0.24886642 0.23283485
v 0.74426537 0.25213642 0.23605485
v 0.01217537 0.24886642 0.23282485
v 0.00852537 0.25213642 0.23282485
v 0.01217537 0.25213642 0.23604485
v 0.01217537 0.24886642 0.21584485
v 0.01217537 0.24886642 0.23282485
v 0.74426537 0.24886642 0.23283485
v 0.74426537 0.24886642 0.21584485
v 0.74426537 0.25213642 0.23605485
v 0.01217537 0.25213642 0.23604485
v 0.01217537 0.39264642 0.23604485
v 0.74426537 0.39264642 0.23605485
v 0.74426537 0.39591642 0.21584485
v 0.74426537 0.39591642 0.23283485
v 0.01217537 0.39591642 0.23282485
v 0.01217537 0.39591642 0.21584485
v 0.74791537 0.25213642 0.21584485
v 0.74791537 0.25213642 0.23283485
v 0.74791537 0.39264642 0.23283485
v 0.74791537 0.39264642 0.21584485
v 0.00852537 0.39264642 0.21584485
v 0.00852537 0.39264642 0.23282485
v 0.00852537 0.25213642 0.23282485
v 0.00852537 0.25213642 0.21584485
v 0.36107537 0.32238642 0.24323485
v 0.36609537 0.31150642 0.24811485
v 0.36609537 0.31150642 0.24323485
v 0.36107537 0.32238642 0.24811485
v 0.36609537 0.33327642 0.24323485
v 0.36609537 0.33327642 0.24811485
v 0.36902537 0.32238642 0.24062485
v 0.37171537 0.31655642 0.24062485
v 0.37171537 0.31655642 0.23557485
v 0.36902537 0.32238642 0.23557485
v 0.37171537 0.32822642 0.24062485
v 0.37171537 0.32822642 0.23557485
v 0.39536537 0.32238642 0.24323485
v 0.39034537 0.33327642 0.24811485
v 0.39034537 0.33327642 0.24323485
v 0.39536537 0.32238642 0.24811485
v 0.39034537 0.31150642 0.24323485
v 0.39034537 0.31150642 0.24811485
v 0.37171537 0.31655642 0.24062485
v 0.37821537 0.31413642 0.23557485
v 0.37171537 0.31655642 0.23557485
v 0.37821537 0.31413642 0.24062485
v 0.38472537 0.31655642 0.23557485
v 0.38472537 0.31655642 0.24062485
v 0.37821537 0.30699642 0.24323485
v 0.39034537 0.31150642 0.24811485
v 0.39034537 0.31150642 0.24323485
v 0.37821537 0.30699642 0.24811485
v 0.36609537 0.31150642 0.24323485
v 0.36609537 0.31150642 0.24811485
v 0.39034537 0.33327642 0.24323485
v 0.39034537 0.33327642 0.24811485
v 0.37821537 0.33778642 0.24811485
v 0.37821537 0.33778642 0.24323485
v 0.36609537 0.33327642 0.24811485
v 0.36609537 0.33327642 0.24323485
v 0.38472537 0.31655642 0.24062485
v 0.38741537 0.32238642 0.23557485
v 0.38472537 0.31655642 0.23557485
v 0.38741537 0.32238642 0.24062485
v 0.38472537 0.32822642 0.23557485
v 0.38472537 0.32822642 0.24062485
v 0.38472537 0.32822642 0.24062485
v 0.37821537 0.33064642 0.23557485
v 0.38472537 0.32822642 0.23557485
v 0.37821537 0.33064642 0.24062485
v 0.37171537 0.32822642 0.23557485
v 0.37171537 0.32822642 0.24062485
v 0.74426537 0.39264642 0.21262485
v 0.74426537 0.39591642 0.21584485
v 0.01217537 0.39591642 0.21584485
v 0.01217537 0.39264642 0.21262485
v 0.74426537 0.25213642 0.21262485
v 0.74791537 0.25213642 0.21584485
v 0.74791537 0.39264642 0.21584485
v 0.74426537 0.39264642 0.21262485
v 0.74426537 0.24886642 0.21584485
v 0.74426537 0.25213642 0.21262485
v 0.01217537 0.25213642 0.21262485
v 0.01217537 0.24886642 0.21584485
v 0.01217537 0.39264642 0.21262485
v 0.00852537 0.39264642 0.21584485
v 0.00852537 0.25213642 0.21584485
v 0.01217537 0.25213642 0.21262485
v 0.74426537 0.39591642 0.23283485
v 0.74426537 0.39264642 0.23605485
v 0.01217537 0.39264642 0.23604485
v 0.01217537 0.39591642 0.23282485
v 0.74791537 0.25213642 0.23283485
v 0.74426537 0.25213642 0.23605485
v 0.74426537 0.39264642 0.23605485
v 0.74791537 0.39264642 0.23283485
v 0.74426537 0.25213642 0.23605485
v 0.74426537 0.24886642 0.23283485
v 0.01217537 0.24886642 0.23282485
v 0.01217537 0.25213642 0.23604485
v 0.00852537 0.39264642 0.23282485
v 0.01217537 0.39264642 0.23604485
v 0.01217537 0.25213642 0.23604485
v 0.00852537 0.25213642 0.23282485
v 0.01217537 0.24886642 0.21584485
v 0.00852537 0.25213642 0.21584485
v 0.00852537 0.25213642 0.23282485
v 0.01217537 0.24886642 0.23282485
v 0.01217537 0.39591642 0.23282485
v 0.00852537 0.39264642 0.23282485
v 0.00852537 0.39264642 0.21584485
v 0.01217537 0.39591642 0.21584485
v 0.74791537 0.39264642 0.23283485
v 0.74426537 0.39591642 0.23283485
v 0.74426537 0.39591642 0.21584485
v 0.74791537 0.39264642 0.21584485
v 0.74426537 0.24886642 0.23283485
v 0.74791537 0.25213642 0.23283485
v 0.74791537 0.25213642 0.21584485
v 0.74426537 0.24886642 0.21584485
v 0.73725537 0.38634642 0.21262485
v 0.01217537 0.39264642 0.21262485
v 0.01918537 0.38634642 0.21262485
v 0.74426537 0.39264642 0.21262485
v 0.73725537 0.25843642 0.21262485
v 0.74426537 0.25213642 0.21262485
v 0.01918537 0.25843642 0.21262485
v 0.74426537 0.25213642 0.21262485
v 0.73725537 0.25843642 0.21262485
v 0.01217537 0.25213642 0.21262485
v 0.01918537 0.38634642 0.21262485
v 0.01217537 0.39264642 0.21262485
v 0.73725537 0.25843642 -0.17684515
v 0.73725537 0.38634642 -0.17684515
v 0.01918537 0.38634642 -0.17684515
v 0.01918537 0.25843642 -0.17684515
v 0.72789537 0.38634642 0.20435485
v 0.72789537 0.26555642 0.20435485
v 0.72789537 0.26555642 -0.16856515
v 0.72789537 0.38634642 -0.16856515
v 0.73725537 0.38634642 0.21262485
v 0.73725537 0.38634642 -0.17684515
v 0.73725537 0.25843642 -0.17684515
v 0.73725537 0.25843642 0.21262485
v 0.73725537 0.25843642 0.21262485
v 0.73725537 0.25843642 -0.17684515
v 0.01918537 0.25843642 -0.17684515
v 0.01918537 0.25843642 0.21262485
v 0.01918537 0.25843642 0.21262485
v 0.01918537 0.25843642 -0.17684515
v 0.01918537 0.38634642 -0.17684515
v 0.01918537 0.38634642 0.21262485
v 0.72789537 0.38634642 0.20435485
v 0.01918537 0.38634642 0.21262485
v 0.02854537 0.38634642 0.20435485
v 0.73725537 0.38634642 0.21262485
v 0.72789537 0.38634642 -0.16856515
v 0.73725537 0.38634642 -0.17684515
v 0.02854537 0.38634642 -0.16857515
v 0.73725537 0.38634642 -0.17684515
v 0.72789537 0.38634642 -0.16856515
v 0.01918537 0.38634642 -0.17684515
v 0.02854537 0.38634642 0.20435485
v 0.01918537 0.38634642 0.21262485
v 0.02854537 0.26555642 0.20435485
v 0.02854537 0.26555642 -0.16857515
v 0.72789537 0.26555642 -0.16856515
v 0.72789537 0.26555642 0.20435485
v 0.02854537 0.38634642 0.20435485
v 0.02854537 0.26555642 0.20435485
v 0.72789537 0.26555642 0.20435485
v 0.72789537 0.38634642 0.20435485
v 0.02854537 0.38634642 -0.16857515
v 0.02854537 0.26555642 -0.16857515
v 0.02854537 0.26555642 0.20435485
v 0.02854537 0.38634642 0.20435485
v 0.72789537 0.38634642 -0.16856515
v 0.72789537 0.26555642 -0.16856515
v 0.02854537 0.26555642 -0.16857515
v 0.02854537 0.38634642 -0.16857515
v 0.37821537 0.33064642 0.24062485
v 0.37821537 0.33778642 0.24323485
v 0.36609537 0.33327642 0.24323485
v 0.37171537 0.32822642 0.24062485
v 0.38472537 0.32822642 0.24062485
v 0.36107537 0.32238642 0.24323485
v 0.39034537 0.33327642 0.24323485
v 0.36902537 0.32238642 0.24062485
v 0.38741537 0.32238642 0.24062485
v 0.36609537 0.31150642 0.24323485
v 0.39536537 0.32238642 0.24323485
v 0.37171537 0.31655642 0.24062485
v 0.38472537 0.31655642 0.24062485
v 0.37821537 0.30699642 0.24323485
v 0.39034537 0.31150642 0.24323485
v 0.37821537 0.31413642 0.24062485
v 0.36609537 0.33327642 0.24811485
v 0.36838537 0.33121642 0.25076485
v 0.36431537 0.32238642 0.25076485
v 0.36107537 0.32238642 0.24811485
v 0.37821537 0.33778642 0.24811485
v 0.36838537 0.31356642 0.25076485
v 0.36609537 0.31150642 0.24811485
v 0.37821537 0.30990642 0.25076485
v 0.37821537 0.30699642 0.24811485
v 0.37821537 0.33487642 0.25076485
v 0.39034537 0.33327642 0.24811485
v 0.38805537 0.33121642 0.25076485
v 0.39536537 0.32238642 0.24811485
v 0.38805537 0.31356642 0.25076485
v 0.39034537 0.31150642 0.24811485
v 0.39212537 0.32239642 0.25076485
v 0.00105466 -0.24581328 0.21651184
v 0.00105466 -0.24908328 0.21329184
v 0.00470466 -0.24908328 0.21651184
v -0.73468534 -0.24908328 0.21651184
v -0.73103534 -0.24908328 0.21329184
v -0.73103534 -0.24581328 0.21651184
v 0.00105466 -0.39286328 0.21651184
v 0.00470466 -0.38959328 0.21651184
v 0.00105466 -0.38959328 0.21329184
v -0.73103534 -0.39286328 0.21651184
v -0.73103534 -0.38959328 0.21329184
v -0.73468534 -0.38959328 0.21651184
v -0.73103534 -0.39286328 0.23349184
v -0.73468534 -0.38959328 0.23349184
v -0.73103534 -0.38959328 0.23671184
v 0.00105466 -0.39286328 0.23350184
v 0.00105466 -0.38959328 0.23672184
v 0.00470466 -0.38959328 0.23350184
v -0.73468534 -0.24908328 0.23349184
v -0.73103534 -0.24581328 0.23349184
v -0.73103534 -0.24908328 0.23671184
v 0.00105466 -0.24581328 0.23350184
v 0.00470466 -0.24908328 0.23350184
v 0.00105466 -0.24908328 0.23672184
v 0.00470466 -0.38959328 0.21651184
v 0.00470466 -0.38959328 0.23350184
v 0.00470466 -0.24908328 0.23350184
v 0.00470466 -0.24908328 0.21651184
v 0.00105466 -0.38959328 0.23672184
v -0.73103534 -0.38959328 0.23671184
v -0.73103534 -0.24908328 0.23671184
v 0.00105466 -0.24908328 0.23672184
v -0.73103534 -0.39286328 0.21651184
v -0.73103534 -0.39286328 0.23349184
v 0.00105466 -0.39286328 0.23350184
v 0.00105466 -0.39286328 0.21651184
v -0.73468534 -0.24908328 0.21651184
v -0.73468534 -0.24908328 0.23349184
v -0.73468534 -0.38959328 0.23349184
v -0.73468534 -0.38959328 0.21651184
v -0.38168534 -0.31943328 0.24390184
v -0.37666534 -0.33031328 0.24878184
v -0.37666534 -0.33031328 0.24390184
v -0.38168534 -0.31943328 0.24878184
v -0.37666534 -0.30854328 0.24390184
v -0.37666534 -0.30854328 0.24878184
v -0.37373534 -0.31943328 0.24129184
v -0.37104534 -0.32527328 0.24129184
v -0.37104534 -0.32527328 0.23624184
v -0.37373534 -0.31943328 0.23624184
v -0.37104534 -0.31359328 0.24129184
v -0.37104534 -0.31359328 0.23624184
v -0.34738534 -0.31943328 0.24390184
v -0.35241534 -0.30854328 0.24878184
v -0.35241534 -0.30854328 0.24390184
v -0.34739534 -0.31943328 0.24878184
v -0.35241534 -0.33031328 0.24390184
v -0.35241534 -0.33031328 0.24878184
v -0.37104534 -0.32527328 0.24129184
v -0.36453534 -0.32768328 0.23624184
v -0.37104534 -0.32527328 0.23624184
v -0.36453534 -0.32768328 0.24129184
v -0.35803534 -0.32527328 0.23624184
v -0.35803534 -0.32527328 0.24129184
v -0.36453534 -0.33482328 0.24390184
v -0.35241534 -0.33031328 0.24878184
v -0.35241534 -0.33031328 0.24390184
v -0.36453534 -0.33482328 0.24878184
v -0.37666534 -0.33031328 0.24390184
v -0.37666534 -0.33031328 0.24878184
v -0.35241534 -0.30854328 0.24390184
v -0.35241534 -0.30854328 0.24878184
v -0.36453534 -0.30403328 0.24878184
v -0.36453534 -0.30403328 0.24390184
v -0.37666534 -0.30854328 0.24878184
v -0.37666534 -0.30854328 0.24390184
v -0.35803534 -0.32527328 0.24129184
v -0.35533534 -0.31943328 0.23624184
v -0.35803534 -0.32527328 0.23624184
v -0.35533534 -0.31943328 0.24129184
v -0.35803534 -0.31359328 0.23624184
v -0.35803534 -0.31359328 0.24129184
v -0.35803534 -0.31359328 0.24129184
v -0.36453534 -0.31117328 0.23624184
v -0.35803534 -0.31359328 0.23624184
v -0.36453534 -0.31117328 0.24129184
v -0.37104534 -0.31359328 0.23624184
v -0.37104534 -0.31359328 0.24129184
v -0.73103534 -0.38959328 0.21329184
v -0.73103534 -0.39286328 0.21651184
v 0.00105466 -0.39286328 0.21651184
v 0.00105466 -0.38959328 0.21329184
v -0.73103534 -0.24908328 0.21329184
v -0.73468534 -0.24908328 0.21651184
v -0.73468534 -0.38959328 0.21651184
v -0.73103534 -0.38959328 0.21329184
v 0.00105466 -0.24908328 0.21329184
v 0.00105466 -0.24581328 0.21651184
v -0.73103534 -0.24581328 0.21651184
v -0.73103534 -0.24908328 0.21329184
v 0.00470466 -0.24908328 0.21651184
v 0.00105466 -0.24908328 0.21329184
v 0.00105466 -0.38959328 0.21329184
v 0.00470466 -0.38959328 0.21651184
v -0.73103534 -0.39286328 0.23349184
v -0.73103534 -0.38959328 0.23671184
v 0.00105466 -0.38959328 0.23672184
v 0.00105466 -0.39286328 0.23350184
v -0.73468534 -0.24908328 0.23349184
v -0.73103534 -0.24908328 0.23671184
v -0.73103534 -0.38959328 0.23671184
v -0.73468534 -0.38959328 0.23349184
v 0.00105466 -0.24581328 0.23350184
v 0.00105466 -0.24908328 0.23672184
v -0.73103534 -0.24908328 0.23671184
v -0.73103534 -0.24581328 0.23349184
v 0.00105466 -0.24908328 0.23672184
v 0.00470466 -0.24908328 0.23350184
v 0.00470466 -0.38959328 0.23350184
v 0.00105466 -0.38959328 0.23672184
v 0.00470466 -0.38959328 0.21651184
v 0.00105466 -0.39286328 0.21651184
v 0.00105466 -0.39286328 0.23350184
v 0.00470466 -0.38959328 0.23350184
v -0.73468534 -0.38959328 0.23349184
v -0.73103534 -0.39286328 0.23349184
v -0.73103534 -0.39286328 0.21651184
v -0.73468534 -0.38959328 0.21651184
v -0.73103534 -0.24581328 0.23349184
v -0.73468534 -0.24908328 0.23349184
v -0.73468534 -0.24908328 0.21651184
v -0.73103534 -0.24581328 0.21651184
v 0.00470466 -0.24908328 0.23350184
v 0.00105466 -0.24581328 0.23350184
v 0.00105466 -0.24581328 0.21651184
v 0.00470466 -0.24908328 0.21651184
v 0.00105466 -0.24581328 0.21651184
v 0.00105466 -0.24581328 0.23350184
v -0.73103534 -0.24581328 0.23349184
v -0.73103534 -0.24581328 0.21651184
v -0.00595534 -0.25538328 0.21329184
v -0.00595534 -0.25538328 -0.17616816
v -0.00595534 -0.38329328 -0.17616816
v -0.00595534 -0.38329328 0.21329184
v -0.71466534 -0.25538328 0.20501184
v -0.71466534 -0.37691328 0.20501184
v -0.01531534 -0.37691328 0.20502184
v -0.01531534 -0.25538328 0.20502184
v -0.00595534 -0.38329328 -0.17616816
v -0.00595534 -0.25538328 -0.17616816
v -0.72402534 -0.25538328 -0.17617816
v -0.72402534 -0.38329328 -0.17617816
v -0.00595534 -0.38329328 0.21329184
v -0.00595534 -0.38329328 -0.17616816
v -0.72402534 -0.38329328 -0.17617816
v -0.72402534 -0.38329328 0.21329184
v -0.72402534 -0.38329328 0.21329184
v -0.72402534 -0.38329328 -0.17617816
v -0.72402534 -0.25538328 -0.17617816
v -0.72402534 -0.25538328 0.21329184
v -0.01531534 -0.25538328 0.20502184
v -0.00595534 -0.25538328 0.21329184
v -0.72402534 -0.25538328 0.21329184
v -0.71466534 -0.25538328 0.20501184
v -0.72402534 -0.25538328 -0.17617816
v -0.71466534 -0.25538328 -0.16790816
v -0.71466534 -0.25538328 -0.16790816
v -0.72402534 -0.25538328 -0.17617816
v -0.00595534 -0.25538328 -0.17616816
v -0.01531534 -0.25538328 -0.16789816
v -0.00595534 -0.25538328 0.21329184
v -0.01531534 -0.25538328 0.20502184
v -0.71466534 -0.37691328 0.20501184
v -0.71466534 -0.37691328 -0.16790816
v -0.01531534 -0.37691328 -0.16789816
v -0.01531534 -0.37691328 0.20502184
v -0.71466534 -0.25538328 -0.16790816
v -0.71466534 -0.37691328 -0.16790816
v -0.71466534 -0.37691328 0.20501184
v -0.71466534 -0.25538328 0.20501184
v -0.01531534 -0.25538328 -0.16789816
v -0.01531534 -0.37691328 -0.16789816
v -0.71466534 -0.37691328 -0.16790816
v -0.71466534 -0.25538328 -0.16790816
v -0.01531534 -0.25538328 0.20502184
v -0.01531534 -0.37691328 0.20502184
v -0.01531534 -0.37691328 -0.16789816
v -0.01531534 -0.25538328 -0.16789816
v -0.36453534 -0.31117328 0.24129184
v -0.36453534 -0.30403328 0.24390184
v -0.37666534 -0.30854328 0.24390184
v -0.37104534 -0.31359328 0.24129184
v -0.35803534 -0.31359328 0.24129184
v -0.38168534 -0.31943328 0.24390184
v -0.35241534 -0.30854328 0.24390184
v -0.37373534 -0.31943328 0.24129184
v -0.35533534 -0.31943328 0.24129184
v -0.37666534 -0.33031328 0.24390184
v -0.34738534 -0.31943328 0.24390184
v -0.37104534 -0.32527328 0.24129184
v -0.35803534 -0.32527328 0.24129184
v -0.36453534 -0.33482328 0.24390184
v -0.35241534 -0.33031328 0.24390184
v -0.36453534 -0.32768328 0.24129184
v -0.72402534 -0.38329328 0.21329184
v -0.73103534 -0.38959328 0.21329184
v 0.00105466 -0.38959328 0.21329184
v -0.00595534 -0.38329328 0.21329184
v -0.72402534 -0.25538328 0.21329184
v 0.00105466 -0.24908328 0.21329184
v -0.73103534 -0.24908328 0.21329184
v -0.00595534 -0.25538328 0.21329184
v -0.37666534 -0.30854328 0.24878184
v -0.37437534 -0.31060328 0.25143184
v -0.37844534 -0.31943328 0.25143184
v -0.38168534 -0.31943328 0.24878184
v -0.36453534 -0.30403328 0.24878184
v -0.37437534 -0.32826328 0.25143184
v -0.37666534 -0.33031328 0.24878184
v -0.36453534 -0.33191328 0.25143184
v -0.36453534 -0.33482328 0.24878184
v -0.36453534 -0.30694328 0.25143184
v -0.35241534 -0.30854328 0.24878184
v -0.35470534 -0.31060328 0.25143184
v -0.34739534 -0.31943328 0.24878184
v -0.35470534 -0.32826328 0.25143184
v -0.35241534 -0.33031328 0.24878184
v -0.35062534 -0.31943328 0.25143184
v 0.00105466 -0.08198108 0.21639585
v 0.00105466 -0.08526108 0.21317585
v 0.00470466 -0.08526108 0.21639585
v -0.73468534 -0.08526108 0.21639585
v -0.73103534 -0.08526108 0.21317585
v -0.73103534 -0.08198108 0.21639585
v 0.00105466 -0.24159108 0.21639585
v 0.00470466 -0.23831108 0.21639585
v 0.00105466 -0.23831108 0.21317585
v -0.73468534 -0.23831108 0.21639585
v -0.73103534 -0.24159108 0.21639585
v -0.73103534 -0.23831108 0.21317585
v -0.73468534 -0.08526108 0.23337585
v -0.73103534 -0.08198108 0.23337585
v -0.73103534 -0.08526108 0.23660585
v -0.73468534 -0.23831108 0.23337585
v -0.73103534 -0.23831108 0.23660585
v -0.73103534 -0.24159108 0.23337585
v 0.00105466 -0.08198108 0.23337585
v 0.00470466 -0.08526108 0.23338585
v 0.00105466 -0.08526108 0.23660585
v 0.00105466 -0.24159108 0.23337585
v 0.00105466 -0.23831108 0.23660585
v 0.00470466 -0.23831108 0.23338585
v 0.00470466 -0.23831108 0.21639585
v 0.00470466 -0.23831108 0.23338585
v 0.00470466 -0.08526108 0.23338585
v 0.00470466 -0.08526108 0.21639585
v 0.00105466 -0.23831108 0.23660585
v -0.73103534 -0.23831108 0.23660585
v -0.73103534 -0.08526108 0.23660585
v 0.00105466 -0.08526108 0.23660585
v -0.73468534 -0.08526108 0.21639585
v -0.73468534 -0.08526108 0.23337585
v -0.73468534 -0.23831108 0.23337585
v -0.73468534 -0.23831108 0.21639585
v -0.73103534 -0.24159108 0.21639585
v -0.73103534 -0.24159108 0.23337585
v 0.00105466 -0.24159108 0.23337585
v 0.00105466 -0.24159108 0.21639585
v 0.00105466 -0.08198108 0.21639585
v 0.00105466 -0.08198108 0.23337585
v -0.73103534 -0.08198108 0.23337585
v -0.73103534 -0.08198108 0.21639585
v -0.38168534 -0.16179108 0.24378585
v -0.37666534 -0.17268108 0.24866585
v -0.37666534 -0.17268108 0.24378585
v -0.38168534 -0.16179108 0.24866585
v -0.37666534 -0.15091108 0.24378585
v -0.37666534 -0.15091108 0.24866585
v -0.37373534 -0.16179108 0.24117585
v -0.37104534 -0.16763108 0.24117585
v -0.37104534 -0.16763108 0.23612585
v -0.37373534 -0.16179108 0.23612585
v -0.37104534 -0.15595108 0.24117585
v -0.37104534 -0.15595108 0.23612585
v -0.34738534 -0.16179108 0.24378585
v -0.35241534 -0.15091108 0.24866585
v -0.35241534 -0.15091108 0.24378585
v -0.34739534 -0.16179108 0.24866585
v -0.35241534 -0.17268108 0.24378585
v -0.35241534 -0.17268108 0.24866585
v -0.37104534 -0.16763108 0.24117585
v -0.36453534 -0.17005108 0.23612585
v -0.37104534 -0.16763108 0.23612585
v -0.36453534 -0.17005108 0.24117585
v -0.35803534 -0.16763108 0.23612585
v -0.35803534 -0.16763108 0.24117585
v -0.36453534 -0.17718108 0.24378585
v -0.35241534 -0.17268108 0.24866585
v -0.35241534 -0.17268108 0.24378585
v -0.36453534 -0.17718108 0.24866585
v -0.37666534 -0.17268108 0.24378585
v -0.37666534 -0.17268108 0.24866585
v -0.35241534 -0.15091108 0.24378585
v -0.35241534 -0.15091108 0.24866585
v -0.36453534 -0.14640108 0.24866585
v -0.36453534 -0.14640108 0.24378585
v -0.37666534 -0.15091108 0.24866585
v -0.37666534 -0.15091108 0.24378585
v -0.35803534 -0.16763108 0.24117585
v -0.35533534 -0.16179108 0.23612585
v -0.35803534 -0.16763108 0.23612585
v -0.35533534 -0.16179108 0.24117585
v -0.35803534 -0.15595108 0.23612585
v -0.35803534 -0.15595108 0.24117585
v -0.35803534 -0.15595108 0.24117585
v -0.36453534 -0.15353108 0.23612585
v -0.35803534 -0.15595108 0.23612585
v -0.36453534 -0.15353108 0.24117585
v -0.37104534 -0.15595108 0.23612585
v -0.37104534 -0.15595108 0.24117585
v -0.73103534 -0.08526108 0.21317585
v -0.73468534 -0.08526108 0.21639585
v -0.73468534 -0.23831108 0.21639585
v -0.73103534 -0.23831108 0.21317585
v 0.00105466 -0.08526108 0.21317585
v 0.00105466 -0.08198108 0.21639585
v -0.73103534 -0.08198108 0.21639585
v -0.73103534 -0.08526108 0.21317585
v 0.00105466 -0.24159108 0.21639585
v 0.00105466 -0.23831108 0.21317585
v -0.73103534 -0.23831108 0.21317585
v -0.73103534 -0.24159108 0.21639585
v 0.00470466 -0.08526108 0.21639585
v 0.00105466 -0.08526108 0.21317585
v 0.00105466 -0.23831108 0.21317585
v 0.00470466 -0.23831108 0.21639585
v -0.73468534 -0.08526108 0.23337585
v -0.73103534 -0.08526108 0.23660585
v -0.73103534 -0.23831108 0.23660585
v -0.73468534 -0.23831108 0.23337585
v 0.00105466 -0.08198108 0.23337585
v 0.00105466 -0.08526108 0.23660585
v -0.73103534 -0.08526108 0.23660585
v -0.73103534 -0.08198108 0.23337585
v 0.00105466 -0.23831108 0.23660585
v 0.00105466 -0.24159108 0.23337585
v -0.73103534 -0.24159108 0.23337585
v -0.73103534 -0.23831108 0.23660585
v 0.00105466 -0.08526108 0.23660585
v 0.00470466 -0.08526108 0.23338585
v 0.00470466 -0.23831108 0.23338585
v 0.00105466 -0.23831108 0.23660585
v -0.73468534 -0.08526108 0.21639585
v -0.73103534 -0.08198108 0.21639585
v -0.73103534 -0.08198108 0.23337585
v -0.73468534 -0.08526108 0.23337585
v 0.00470466 -0.08526108 0.23338585
v 0.00105466 -0.08198108 0.23337585
v 0.00105466 -0.08198108 0.21639585
v 0.00470466 -0.08526108 0.21639585
v 0.00470466 -0.23831108 0.21639585
v 0.00105466 -0.24159108 0.21639585
v 0.00105466 -0.24159108 0.23337585
v 0.00470466 -0.23831108 0.23338585
v -0.73468534 -0.23831108 0.23337585
v -0.73103534 -0.24159108 0.23337585
v -0.73103534 -0.24159108 0.21639585
v -0.73468534 -0.23831108 0.21639585
v -0.00595534 -0.23202108 -0.17628415
v -0.00595534 -0.09155108 -0.17628415
v -0.72402534 -0.09155108 -0.17629415
v -0.72402534 -0.23202108 -0.17629415
v -0.72402534 -0.23202108 0.21317585
v -0.72402534 -0.23202108 -0.17629415
v -0.72402534 -0.09155108 -0.17629415
v -0.72402534 -0.09155108 0.21317585
v -0.01531534 -0.09155108 0.20490585
v -0.01531534 -0.22435108 0.20490585
v -0.01531534 -0.22435108 -0.16801415
v -0.01531534 -0.09155108 -0.16801415
v -0.71466534 -0.09155108 0.20489585
v -0.71466534 -0.22435108 0.20489585
v -0.01531534 -0.22435108 0.20490585
v -0.01531534 -0.09155108 0.20490585
v -0.00595534 -0.23202108 0.21317585
v -0.00595534 -0.23202108 -0.17628415
v -0.72402534 -0.23202108 -0.17629415
v -0.72402534 -0.23202108 0.21317585
v -0.00595534 -0.09155108 0.21317585
v -0.00595534 -0.09155108 -0.17628415
v -0.00595534 -0.23202108 -0.17628415
v -0.00595534 -0.23202108 0.21317585
v -0.01531534 -0.09155108 0.20490585
v -0.00595534 -0.09155108 0.21317585
v -0.72402534 -0.09155108 0.21317585
v -0.71466534 -0.09155108 0.20489585
v -0.72402534 -0.09155108 -0.17629415
v -0.71466534 -0.09155108 -0.16802415
v -0.71466534 -0.09155108 -0.16802415
v -0.72402534 -0.09155108 -0.17629415
v -0.00595534 -0.09155108 -0.17628415
v -0.01531534 -0.09155108 -0.16801415
v -0.00595534 -0.09155108 0.21317585
v -0.01531534 -0.09155108 0.20490585
v -0.71466534 -0.22435108 0.20489585
v -0.71466534 -0.22435108 -0.16802415
v -0.01531534 -0.22435108 -0.16801415
v -0.01531534 -0.22435108 0.20490585
v -0.71466534 -0.09155108 -0.16802415
v -0.71466534 -0.22435108 -0.16802415
v -0.71466534 -0.22435108 0.20489585
v -0.71466534 -0.09155108 0.20489585
v -0.01531534 -0.09155108 -0.16801415
v -0.01531534 -0.22435108 -0.16801415
v -0.71466534 -0.22435108 -0.16802415
v -0.71466534 -0.09155108 -0.16802415
v -0.36453534 -0.15353108 0.24117585
v -0.36453534 -0.14640108 0.24378585
v -0.37666534 -0.15091108 0.24378585
v -0.37104534 -0.15595108 0.24117585
v -0.35803534 -0.15595108 0.24117585
v -0.38168534 -0.16179108 0.24378585
v -0.35241534 -0.15091108 0.24378585
v -0.37373534 -0.16179108 0.24117585
v -0.35533534 -0.16179108 0.24117585
v -0.37666534 -0.17268108 0.24378585
v -0.34738534 -0.16179108 0.24378585
v -0.37104534 -0.16763108 0.24117585
v -0.35803534 -0.16763108 0.24117585
v -0.36453534 -0.17718108 0.24378585
v -0.35241534 -0.17268108 0.24378585
v -0.36453534 -0.17005108 0.24117585
v -0.72402534 -0.09155108 0.21317585
v -0.73103534 -0.08526108 0.21317585
v -0.73103534 -0.23831108 0.21317585
v -0.72402534 -0.23202108 0.21317585
v -0.00595534 -0.09155108 0.21317585
v 0.00105466 -0.23831108 0.21317585
v 0.00105466 -0.08526108 0.21317585
v -0.00595534 -0.23202108 0.21317585
v -0.37666534 -0.15091108 0.24866585
v -0.37437534 -0.15296108 0.25131585
v -0.37844534 -0.16179108 0.25131585
v -0.38168534 -0.16179108 0.24866585
v -0.36453534 -0.14640108 0.24866585
v -0.37437534 -0.17062108 0.25131585
v -0.37666534 -0.17268108 0.24866585
v -0.36453534 -0.17428108 0.25131585
v -0.36453534 -0.17718108 0.24866585
v -0.36453534 -0.14931108 0.25131585
v -0.35241534 -0.15091108 0.24866585
v -0.35470534 -0.15296108 0.25131585
v -0.34739534 -0.16179108 0.24866585
v -0.35470534 -0.17062108 0.25131585
v -0.35241534 -0.17268108 0.24866585
v -0.35062534 -0.16179108 0.25131585
v 0.00105466 0.08133151 0.21632184
v 0.00105466 0.07805151 0.21310184
v 0.00470466 0.07805151 0.21632184
v -0.73468534 0.07805151 0.21632184
v -0.73103534 0.07805151 0.21310184
v -0.73103534 0.08133151 0.21632184
v 0.00105466 -0.07827849 0.21632184
v 0.00470466 -0.07499849 0.21632184
v 0.00105466 -0.07499849 0.21310184
v -0.73468534 -0.07499849 0.21632184
v -0.73103534 -0.07827849 0.21632184
v -0.73103534 -0.07499849 0.21310184
v -0.73468534 0.07805151 0.23330184
v -0.73103534 0.08133151 0.23330184
v -0.73103534 0.07805151 0.23653184
v -0.73468534 -0.07499849 0.23330184
v -0.73103534 -0.07499849 0.23653184
v -0.73103534 -0.07827849 0.23330184
v 0.00105466 0.08133151 0.23331184
v 0.00470466 0.07805151 0.23331184
v 0.00105466 0.07805151 0.23653184
v 0.00105466 -0.07827849 0.23331184
v 0.00105466 -0.07499849 0.23653184
v 0.00470466 -0.07499849 0.23331184
v 0.00470466 -0.07499849 0.21632184
v 0.00470466 -0.07499849 0.23331184
v 0.00470466 0.07805151 0.23331184
v 0.00470466 0.07805151 0.21632184
v 0.00105466 -0.07499849 0.23653184
v -0.73103534 -0.07499849 0.23653184
v -0.73103534 0.07805151 0.23653184
v 0.00105466 0.07805151 0.23653184
v 0.00105466 0.08133151 0.21632184
v 0.00105466 0.08133151 0.23331184
v -0.73103534 0.08133151 0.23330184
v -0.73103534 0.08133151 0.21632184
v -0.73103534 -0.07827849 0.21632184
v -0.73103534 -0.07827849 0.23330184
v 0.00105466 -0.07827849 0.23331184
v 0.00105466 -0.07827849 0.21632184
v -0.73468534 0.07805151 0.21632184
v -0.73468534 0.07805151 0.23330184
v -0.73468534 -0.07499849 0.23330184
v -0.73468534 -0.07499849 0.21632184
v -0.38168534 0.00166151 0.24371184
v -0.37666534 -0.00921849 0.24859184
v -0.37666534 -0.00921849 0.24371184
v -0.38168534 0.00166151 0.24859184
v -0.37666534 0.01254151 0.24371184
v -0.37666534 0.01254151 0.24859184
v -0.37373534 0.00166151 0.24110184
v -0.37104534 -0.00417849 0.24110184
v -0.37104534 -0.00417849 0.23605184
v -0.37373534 0.00166151 0.23605184
v -0.37104534 0.00750151 0.24110184
v -0.37104534 0.00750151 0.23605184
v -0.34738534 0.00166151 0.24371184
v -0.35241534 0.01254151 0.24859184
v -0.35241534 0.01254151 0.24371184
v -0.34738534 0.00166151 0.24859184
v -0.35241534 -0.00921849 0.24371184
v -0.35241534 -0.00921849 0.24859184
v -0.37104534 -0.00417849 0.24110184
v -0.36453534 -0.00659849 0.23605184
v -0.37104534 -0.00417849 0.23605184
v -0.36453534 -0.00659849 0.24110184
v -0.35803534 -0.00417849 0.23605184
v -0.35803534 -0.00417849 0.24110184
v -0.36453534 -0.01372849 0.24371184
v -0.35241534 -0.00921849 0.24859184
v -0.35241534 -0.00921849 0.24371184
v -0.36453534 -0.01372849 0.24859184
v -0.37666534 -0.00921849 0.24371184
v -0.37666534 -0.00921849 0.24859184
v -0.35241534 0.01254151 0.24371184
v -0.35241534 0.01254151 0.24859184
v -0.36453534 0.01705151 0.24859184
v -0.36453534 0.01705151 0.24371184
v -0.37666534 0.01254151 0.24859184
v -0.37666534 0.01254151 0.24371184
v -0.35803534 -0.00417849 0.24110184
v -0.35533534 0.00166151 0.23605184
v -0.35803534 -0.00417849 0.23605184
v -0.35533534 0.00166151 0.24110184
v -0.35803534 0.00750151 0.23605184
v -0.35803534 0.00750151 0.24110184
v -0.35803534 0.00750151 0.24110184
v -0.36453534 0.00992151 0.23605184
v -0.35803534 0.00750151 0.23605184
v -0.36453534 0.00992151 0.24110184
v -0.37104534 0.00750151 0.23605184
v -0.37104534 0.00750151 0.24110184
v -0.73103534 0.07805151 0.21310184
v -0.73468534 0.07805151 0.21632184
v -0.73468534 -0.07499849 0.21632184
v -0.73103534 -0.07499849 0.21310184
v 0.00105466 0.07805151 0.21310184
v 0.00105466 0.08133151 0.21632184
v -0.73103534 0.08133151 0.21632184
v -0.73103534 0.07805151 0.21310184
v 0.00105466 -0.07827849 0.21632184
v 0.00105466 -0.07499849 0.21310184
v -0.73103534 -0.07499849 0.21310184
v -0.73103534 -0.07827849 0.21632184
v 0.00470466 0.07805151 0.21632184
v 0.00105466 0.07805151 0.21310184
v 0.00105466 -0.07499849 0.21310184
v 0.00470466 -0.07499849 0.21632184
v -0.73468534 0.07805151 0.23330184
v -0.73103534 0.07805151 0.23653184
v -0.73103534 -0.07499849 0.23653184
v -0.73468534 -0.07499849 0.23330184
v 0.00105466 0.08133151 0.23331184
v 0.00105466 0.07805151 0.23653184
v -0.73103534 0.07805151 0.23653184
v -0.73103534 0.08133151 0.23330184
v 0.00105466 -0.07499849 0.23653184
v 0.00105466 -0.07827849 0.23331184
v -0.73103534 -0.07827849 0.23330184
v -0.73103534 -0.07499849 0.23653184
v 0.00105466 0.07805151 0.23653184
v 0.00470466 0.07805151 0.23331184
v 0.00470466 -0.07499849 0.23331184
v 0.00105466 -0.07499849 0.23653184
v -0.73103534 -0.07827849 0.21632184
v -0.73468534 -0.07499849 0.21632184
v -0.73468534 -0.07499849 0.23330184
v -0.73103534 -0.07827849 0.23330184
v -0.73103534 0.08133151 0.23330184
v -0.73468534 0.07805151 0.23330184
v -0.73468534 0.07805151 0.21632184
v -0.73103534 0.08133151 0.21632184
v 0.00470466 0.07805151 0.23331184
v 0.00105466 0.08133151 0.23331184
v 0.00105466 0.08133151 0.21632184
v 0.00470466 0.07805151 0.21632184
v 0.00470466 -0.07499849 0.21632184
v 0.00105466 -0.07827849 0.21632184
v 0.00105466 -0.07827849 0.23331184
v 0.00470466 -0.07499849 0.23331184
v -0.00595534 -0.06870849 -0.17635816
v -0.00595534 0.07176151 -0.17635816
v -0.72402534 0.07176151 -0.17636816
v -0.72402534 -0.06870849 -0.17636816
v -0.72402534 -0.06870849 0.21310184
v -0.72402534 -0.06870849 -0.17636816
v -0.72402534 0.07176151 -0.17636816
v -0.72402534 0.07176151 0.21310184
v -0.00595534 -0.06870849 0.21310184
v -0.00595534 -0.06870849 -0.17635816
v -0.72402534 -0.06870849 -0.17636816
v -0.72402534 -0.06870849 0.21310184
v -0.00595534 0.07176151 0.21310184
v -0.00595534 0.07176151 -0.17635816
v -0.00595534 -0.06870849 -0.17635816
v -0.00595534 -0.06870849 0.21310184
v -0.01532534 0.07176151 0.20483184
v -0.01532534 -0.06123849 0.20483184
v -0.01531534 -0.06123849 -0.16808816
v -0.01531534 0.07176151 -0.16808816
v -0.01532534 0.07176151 0.20483184
v -0.00595534 0.07176151 0.21310184
v -0.72402534 0.07176151 0.21310184
v -0.71466534 0.07176151 0.20482184
v -0.72402534 0.07176151 -0.17636816
v -0.71466534 0.07176151 -0.16809816
v -0.71466534 0.07176151 -0.16809816
v -0.72402534 0.07176151 -0.17636816
v -0.00595534 0.07176151 -0.17635816
v -0.01531534 0.07176151 -0.16808816
v -0.00595534 0.07176151 0.21310184
v -0.01532534 0.07176151 0.20483184
v -0.71466534 -0.06123849 0.20482184
v -0.71466534 -0.06123849 -0.16809816
v -0.01531534 -0.06123849 -0.16808816
v -0.01532534 -0.06123849 0.20483184
v -0.71466534 0.07176151 -0.16809816
v -0.71466534 -0.06123849 -0.16809816
v -0.71466534 -0.06123849 0.20482184
v -0.71466534 0.07176151 0.20482184
v -0.01531534 0.07176151 -0.16808816
v -0.01531534 -0.06123849 -0.16808816
v -0.71466534 -0.06123849 -0.16809816
v -0.71466534 0.07176151 -0.16809816
v -0.71466534 0.07176151 0.20482184
v -0.71466534 -0.06123849 0.20482184
v -0.01532534 -0.06123849 0.20483184
v -0.01532534 0.07176151 0.20483184
v -0.36453534 0.00992151 0.24110184
v -0.36453534 0.01705151 0.24371184
v -0.37666534 0.01254151 0.24371184
v -0.37104534 0.00750151 0.24110184
v -0.35803534 0.00750151 0.24110184
v -0.38168534 0.00166151 0.24371184
v -0.35241534 0.01254151 0.24371184
v -0.37373534 0.00166151 0.24110184
v -0.35533534 0.00166151 0.24110184
v -0.37666534 -0.00921849 0.24371184
v -0.34738534 0.00166151 0.24371184
v -0.37104534 -0.00417849 0.24110184
v -0.35803534 -0.00417849 0.24110184
v -0.36453534 -0.01372849 0.24371184
v -0.35241534 -0.00921849 0.24371184
v -0.36453534 -0.00659849 0.24110184
v -0.72402534 0.07176151 0.21310184
v -0.73103534 0.07805151 0.21310184
v -0.73103534 -0.07499849 0.21310184
v -0.72402534 -0.06870849 0.21310184
v -0.00595534 0.07176151 0.21310184
v 0.00105466 -0.07499849 0.21310184
v 0.00105466 0.07805151 0.21310184
v -0.00595534 -0.06870849 0.21310184
v -0.37666534 0.01254151 0.24859184
v -0.37436534 0.01049151 0.25124184
v -0.37844534 0.00166151 0.25124184
v -0.38168534 0.00166151 0.24859184
v -0.36453534 0.01705151 0.24859184
v -0.37436534 -0.00716849 0.25124184
v -0.37666534 -0.00921849 0.24859184
v -0.36453534 -0.01082849 0.25124184
v -0.36453534 -0.01372849 0.24859184
v -0.36453534 0.01414151 0.25124184
v -0.35241534 0.01254151 0.24859184
v -0.35470534 0.01049151 0.25124184
v -0.34738534 0.00166151 0.24859184
v -0.35470534 -0.00716849 0.25124184
v -0.35241534 -0.00921849 0.24859184
v -0.35062534 0.00166151 0.25124184
v 0.00105466 0.24464412 0.21622685
v 0.00105466 0.24136412 0.21300685
v 0.00470466 0.24136412 0.21622685
v -0.73468534 0.24136412 0.21622685
v -0.73103534 0.24136412 0.21300685
v -0.73103534 0.24464412 0.21622685
v 0.00105466 0.08503412 0.21622685
v 0.00470466 0.08831412 0.21622685
v 0.00105466 0.08831412 0.21300685
v -0.73468534 0.08831412 0.21622685
v -0.73103534 0.08503412 0.21622685
v -0.73103534 0.08831412 0.21300685
v -0.73468534 0.24136412 0.23320685
v -0.73103534 0.24464412 0.23320685
v -0.73103534 0.24136412 0.23643685
v -0.73468534 0.08831412 0.23320685
v -0.73103534 0.08831412 0.23643685
v -0.73103534 0.08503412 0.23320685
v 0.00105466 0.24464412 0.23321685
v 0.00470466 0.24136412 0.23321685
v 0.00105466 0.24136412 0.23643685
v 0.00105466 0.08503412 0.23321685
v 0.00105466 0.08831412 0.23643685
v 0.00470466 0.08831412 0.23321685
v 0.00470466 0.08831412 0.21622685
v 0.00470466 0.08831412 0.23321685
v 0.00470466 0.24136412 0.23321685
v 0.00470466 0.24136412 0.21622685
v 0.00105466 0.08831412 0.23643685
v -0.73103534 0.08831412 0.23643685
v -0.73103534 0.24136412 0.23643685
v 0.00105466 0.24136412 0.23643685
v -0.73468534 0.24136412 0.21622685
v -0.73468534 0.24136412 0.23320685
v -0.73468534 0.08831412 0.23320685
v -0.73468534 0.08831412 0.21622685
v 0.00105466 0.24464412 0.21622685
v 0.00105466 0.24464412 0.23321685
v -0.73103534 0.24464412 0.23320685
v -0.73103534 0.24464412 0.21622685
v -0.73103534 0.08503412 0.21622685
v -0.73103534 0.08503412 0.23320685
v 0.00105466 0.08503412 0.23321685
v 0.00105466 0.08503412 0.21622685
v -0.38168534 0.16494412 0.24361685
v -0.37666534 0.15405412 0.24849685
v -0.37666534 0.15405412 0.24361685
v -0.38168534 0.16494412 0.24849685
v -0.37666534 0.17582412 0.24361685
v -0.37666534 0.17582412 0.24849685
v -0.37373534 0.16494412 0.24100685
v -0.37104534 0.15910412 0.24100685
v -0.37104534 0.15910412 0.23595685
v -0.37373534 0.16494412 0.23595685
v -0.37104534 0.17078412 0.24100685
v -0.37104534 0.17078412 0.23595685
v -0.34738534 0.16494412 0.24361685
v -0.35241534 0.17582412 0.24849685
v -0.35241534 0.17582412 0.24361685
v -0.34738534 0.16494412 0.24849685
v -0.35241534 0.15405412 0.24361685
v -0.35241534 0.15405412 0.24849685
v -0.37104534 0.15910412 0.24100685
v -0.36453534 0.15668412 0.23595685
v -0.37104534 0.15910412 0.23595685
v -0.36453534 0.15668412 0.24100685
v -0.35803534 0.15910412 0.23595685
v -0.35803534 0.15910412 0.24100685
v -0.36453534 0.14954412 0.24361685
v -0.35241534 0.15405412 0.24849685
v -0.35241534 0.15405412 0.24361685
v -0.36453534 0.14954412 0.24849685
v -0.37666534 0.15405412 0.24361685
v -0.37666534 0.15405412 0.24849685
v -0.35241534 0.17582412 0.24361685
v -0.35241534 0.17582412 0.24849685
v -0.36453534 0.18033412 0.24849685
v -0.36453534 0.18033412 0.24361685
v -0.37666534 0.17582412 0.24849685
v -0.37666534 0.17582412 0.24361685
v -0.35803534 0.15910412 0.24100685
v -0.35533534 0.16494412 0.23595685
v -0.35803534 0.15910412 0.23595685
v -0.35533534 0.16494412 0.24100685
v -0.35803534 0.17078412 0.23595685
v -0.35803534 0.17078412 0.24100685
v -0.35803534 0.17078412 0.24100685
v -0.36453534 0.17319412 0.23595685
v -0.35803534 0.17078412 0.23595685
v -0.36453534 0.17319412 0.24100685
v -0.37104534 0.17078412 0.23595685
v -0.37104534 0.17078412 0.24100685
v -0.73103534 0.24136412 0.21300685
v -0.73468534 0.24136412 0.21622685
v -0.73468534 0.08831412 0.21622685
v -0.73103534 0.08831412 0.21300685
v 0.00105466 0.24136412 0.21300685
v 0.00105466 0.24464412 0.21622685
v -0.73103534 0.24464412 0.21622685
v -0.73103534 0.24136412 0.21300685
v 0.00105466 0.08503412 0.21622685
v 0.00105466 0.08831412 0.21300685
v -0.73103534 0.08831412 0.21300685
v -0.73103534 0.08503412 0.21622685
v 0.00470466 0.24136412 0.21622685
v 0.00105466 0.24136412 0.21300685
v 0.00105466 0.08831412 0.21300685
v 0.00470466 0.08831412 0.21622685
v -0.73468534 0.24136412 0.23320685
v -0.73103534 0.24136412 0.23643685
v -0.73103534 0.08831412 0.23643685
v -0.73468534 0.08831412 0.23320685
v 0.00105466 0.24464412 0.23321685
v 0.00105466 0.24136412 0.23643685
v -0.73103534 0.24136412 0.23643685
v -0.73103534 0.24464412 0.23320685
v 0.00105466 0.08831412 0.23643685
v 0.00105466 0.08503412 0.23321685
v -0.73103534 0.08503412 0.23320685
v -0.73103534 0.08831412 0.23643685
v 0.00105466 0.24136412 0.23643685
v 0.00470466 0.24136412 0.23321685
v 0.00470466 0.08831412 0.23321685
v 0.00105466 0.08831412 0.23643685
v -0.73103534 0.08503412 0.21622685
v -0.73468534 0.08831412 0.21622685
v -0.73468534 0.08831412 0.23320685
v -0.73103534 0.08503412 0.23320685
v -0.73103534 0.24464412 0.23320685
v -0.73468534 0.24136412 0.23320685
v -0.73468534 0.24136412 0.21622685
v -0.73103534 0.24464412 0.21622685
v 0.00470466 0.24136412 0.23321685
v 0.00105466 0.24464412 0.23321685
v 0.00105466 0.24464412 0.21622685
v 0.00470466 0.24136412 0.21622685
v 0.00470466 0.08831412 0.21622685
v 0.00105466 0.08503412 0.21622685
v 0.00105466 0.08503412 0.23321685
v 0.00470466 0.08831412 0.23321685
v -0.00595534 0.23507412 0.21300685
v -0.00595534 0.23507412 -0.17645315
v -0.00595534 0.09460412 -0.17645315
v -0.00595534 0.09460412 0.21300685
v -0.00595534 0.09460412 0.21300685
v -0.00595534 0.09460412 -0.17645315
v -0.72402534 0.09460412 -0.17646315
v -0.72402534 0.09460412 0.21300685
v -0.00595534 0.09460412 -0.17645315
v -0.00595534 0.23507412 -0.17645315
v -0.72402534 0.23507412 -0.17646315
v -0.72402534 0.09460412 -0.17646315
v -0.72402534 0.09460412 0.21300685
v -0.72402534 0.09460412 -0.17646315
v -0.72402534 0.23507412 -0.17646315
v -0.72402534 0.23507412 0.21300685
v -0.01532534 0.23507412 0.20473685
v -0.00595534 0.23507412 0.21300685
v -0.72402534 0.23507412 0.21300685
v -0.71466534 0.23507412 0.20472685
v -0.72402534 0.23507412 -0.17646315
v -0.71466534 0.23507412 -0.16819315
v -0.71466534 0.23507412 -0.16819315
v -0.72402534 0.23507412 -0.17646315
v -0.00595534 0.23507412 -0.17645315
v -0.01531534 0.23507412 -0.16818315
v -0.00595534 0.23507412 0.21300685
v -0.01532534 0.23507412 0.20473685
v -0.71466534 0.10102412 0.20472685
v -0.71466534 0.10102412 -0.16819315
v -0.01531534 0.10102412 -0.16818315
v -0.01532534 0.10102412 0.20473685
v -0.01532534 0.23507412 0.20473685
v -0.01532534 0.10102412 0.20473685
v -0.01531534 0.10102412 -0.16818315
v -0.01531534 0.23507412 -0.16818315
v -0.01531534 0.23507412 -0.16818315
v -0.01531534 0.10102412 -0.16818315
v -0.71466534 0.10102412 -0.16819315
v -0.71466534 0.23507412 -0.16819315
v -0.71466534 0.23507412 0.20472685
v -0.71466534 0.10102412 0.20472685
v -0.01532534 0.10102412 0.20473685
v -0.01532534 0.23507412 0.20473685
v -0.71466534 0.23507412 -0.16819315
v -0.71466534 0.10102412 -0.16819315
v -0.71466534 0.10102412 0.20472685
v -0.71466534 0.23507412 0.20472685
v -0.36453534 0.17319412 0.24100685
v -0.36453534 0.18033412 0.24361685
v -0.37666534 0.17582412 0.24361685
v -0.37104534 0.17078412 0.24100685
v -0.35803534 0.17078412 0.24100685
v -0.38168534 0.16494412 0.24361685
v -0.35241534 0.17582412 0.24361685
v -0.37373534 0.16494412 0.24100685
v -0.35533534 0.16494412 0.24100685
v -0.37666534 0.15405412 0.24361685
v -0.34738534 0.16494412 0.24361685
v -0.37104534 0.15910412 0.24100685
v -0.35803534 0.15910412 0.24100685
v -0.36453534 0.14954412 0.24361685
v -0.35241534 0.15405412 0.24361685
v -0.36453534 0.15668412 0.24100685
v -0.72402534 0.23507412 0.21300685
v -0.73103534 0.24136412 0.21300685
v -0.73103534 0.08831412 0.21300685
v -0.72402534 0.09460412 0.21300685
v -0.00595534 0.23507412 0.21300685
v 0.00105466 0.08831412 0.21300685
v 0.00105466 0.24136412 0.21300685
v -0.00595534 0.09460412 0.21300685
v -0.37666534 0.17582412 0.24849685
v -0.37437534 0.17377412 0.25114685
v -0.37844534 0.16494412 0.25114685
v -0.38168534 0.16494412 0.24849685
v -0.36453534 0.18033412 0.24849685
v -0.37437534 0.15611412 0.25114685
v -0.37666534 0.15405412 0.24849685
v -0.36453534 0.15245412 0.25114685
v -0.36453534 0.14954412 0.24849685
v -0.36453534 0.17742412 0.25114685
v -0.35241534 0.17582412 0.24849685
v -0.35470534 0.17377412 0.25114685
v -0.34738534 0.16494412 0.24849685
v -0.35470534 0.15611412 0.25114685
v -0.35241534 0.15405412 0.24849685
v -0.35062534 0.16494412 0.25114685
v 0.00105466 0.39591618 0.21584084
v 0.00105466 0.39264618 0.21262084
v 0.00470466 0.39264618 0.21584084
v -0.73468534 0.39264618 0.21584084
v -0.73103534 0.39264618 0.21262084
v -0.73103534 0.39591618 0.21584084
v 0.00105466 0.24886618 0.21584084
v 0.00470466 0.25213618 0.21584084
v 0.00105466 0.25213618 0.21262084
v -0.73468534 0.25213618 0.21584084
v -0.73103534 0.24886618 0.21584084
v -0.73103534 0.25213618 0.21262084
v -0.73468534 0.39264618 0.23282084
v -0.73103534 0.39591618 0.23282084
v -0.73103534 0.39264618 0.23605084
v -0.73468534 0.25213618 0.23282084
v -0.73103534 0.25213618 0.23605084
v -0.73103534 0.24886618 0.23282084
v 0.00105466 0.39591618 0.23283084
v 0.00470466 0.39264618 0.23283084
v 0.00105466 0.39264618 0.23605084
v 0.00105466 0.24886618 0.23283084
v 0.00105466 0.25213618 0.23605084
v 0.00470466 0.25213618 0.23283084
v 0.00470466 0.25213618 0.21584084
v 0.00470466 0.25213618 0.23283084
v 0.00470466 0.39264618 0.23283084
v 0.00470466 0.39264618 0.21584084
v 0.00105466 0.25213618 0.23605084
v -0.73103534 0.25213618 0.23605084
v -0.73103534 0.39264618 0.23605084
v 0.00105466 0.39264618 0.23605084
v 0.00105466 0.39591618 0.21584084
v 0.00105466 0.39591618 0.23283084
v -0.73103534 0.39591618 0.23282084
v -0.73103534 0.39591618 0.21584084
v -0.73468534 0.39264618 0.21584084
v -0.73468534 0.39264618 0.23282084
v -0.73468534 0.25213618 0.23282084
v -0.73468534 0.25213618 0.21584084
v -0.73103534 0.24886618 0.21584084
v -0.73103534 0.24886618 0.23282084
v 0.00105466 0.24886618 0.23283084
v 0.00105466 0.24886618 0.21584084
v -0.38168534 0.32238618 0.24323084
v -0.37666534 0.31150618 0.24811084
v -0.37666534 0.31150618 0.24323084
v -0.38168534 0.32238618 0.24811084
v -0.37666534 0.33327618 0.24323084
v -0.37666534 0.33327618 0.24811084
v -0.37373534 0.32238618 0.24062084
v -0.37104534 0.31655618 0.24062084
v -0.37104534 0.31655618 0.23557084
v -0.37373534 0.32238618 0.23557084
v -0.37104534 0.32822618 0.24062084
v -0.37104534 0.32822618 0.23557084
v -0.34738534 0.32238618 0.24323084
v -0.35241534 0.33327618 0.24811084
v -0.35241534 0.33327618 0.24323084
v -0.34738534 0.32238618 0.24811084
v -0.35241534 0.31150618 0.24323084
v -0.35241534 0.31150618 0.24811084
v -0.37104534 0.31655618 0.24062084
v -0.36453534 0.31413618 0.23557084
v -0.37104534 0.31655618 0.23557084
v -0.36453534 0.31413618 0.24062084
v -0.35803534 0.31655618 0.23557084
v -0.35803534 0.31655618 0.24062084
v -0.36453534 0.30699618 0.24323084
v -0.35241534 0.31150618 0.24811084
v -0.35241534 0.31150618 0.24323084
v -0.36453534 0.30699618 0.24811084
v -0.37666534 0.31150618 0.24323084
v -0.37666534 0.31150618 0.24811084
v -0.35241534 0.33327618 0.24323084
v -0.35241534 0.33327618 0.24811084
v -0.36453534 0.33778618 0.24811084
v -0.36453534 0.33778618 0.24323084
v -0.37666534 0.33327618 0.24811084
v -0.37666534 0.33327618 0.24323084
v -0.35803534 0.31655618 0.24062084
v -0.35533534 0.32238618 0.23557084
v -0.35803534 0.31655618 0.23557084
v -0.35533534 0.32238618 0.24062084
v -0.35803534 0.32822618 0.23557084
v -0.35803534 0.32822618 0.24062084
v -0.35803534 0.32822618 0.24062084
v -0.36453534 0.33064618 0.23557084
v -0.35803534 0.32822618 0.23557084
v -0.36453534 0.33064618 0.24062084
v -0.37104534 0.32822618 0.23557084
v -0.37104534 0.32822618 0.24062084
v -0.73103534 0.39264618 0.21262084
v -0.73468534 0.39264618 0.21584084
v -0.73468534 0.25213618 0.21584084
v -0.73103534 0.25213618 0.21262084
v 0.00105466 0.39264618 0.21262084
v 0.00105466 0.39591618 0.21584084
v -0.73103534 0.39591618 0.21584084
v -0.73103534 0.39264618 0.21262084
v 0.00105466 0.24886618 0.21584084
v 0.00105466 0.25213618 0.21262084
v -0.73103534 0.25213618 0.21262084
v -0.73103534 0.24886618 0.21584084
v 0.00470466 0.39264618 0.21584084
v 0.00105466 0.39264618 0.21262084
v 0.00105466 0.25213618 0.21262084
v 0.00470466 0.25213618 0.21584084
v -0.73468534 0.39264618 0.23282084
v -0.73103534 0.39264618 0.23605084
v -0.73103534 0.25213618 0.23605084
v -0.73468534 0.25213618 0.23282084
v 0.00105466 0.39591618 0.23283084
v 0.00105466 0.39264618 0.23605084
v -0.73103534 0.39264618 0.23605084
v -0.73103534 0.39591618 0.23282084
v 0.00105466 0.25213618 0.23605084
v 0.00105466 0.24886618 0.23283084
v -0.73103534 0.24886618 0.23282084
v -0.73103534 0.25213618 0.23605084
v 0.00105466 0.39264618 0.23605084
v 0.00470466 0.39264618 0.23283084
v 0.00470466 0.25213618 0.23283084
v 0.00105466 0.25213618 0.23605084
v -0.73103534 0.24886618 0.21584084
v -0.73468534 0.25213618 0.21584084
v -0.73468534 0.25213618 0.23282084
v -0.73103534 0.24886618 0.23282084
v -0.73103534 0.39591618 0.23282084
v -0.73468534 0.39264618 0.23282084
v -0.73468534 0.39264618 0.21584084
v -0.73103534 0.39591618 0.21584084
v 0.00470466 0.39264618 0.23283084
v 0.00105466 0.39591618 0.23283084
v 0.00105466 0.39591618 0.21584084
v 0.00470466 0.39264618 0.21584084
v 0.00470466 0.25213618 0.21584084
v 0.00105466 0.24886618 0.21584084
v 0.00105466 0.24886618 0.23283084
v 0.00470466 0.25213618 0.23283084
v -0.00595534 0.25843618 -0.17683916
v -0.00595534 0.38634618 -0.17683916
v -0.72402534 0.38634618 -0.17684916
v -0.72402534 0.25843618 -0.17684916
v -0.72402534 0.25843618 0.21262084
v -0.72402534 0.25843618 -0.17684916
v -0.72402534 0.38634618 -0.17684916
v -0.72402534 0.38634618 0.21262084
v -0.71466534 0.38634618 0.20434084
v -0.71466534 0.26555618 0.20434084
v -0.01532534 0.26555618 0.20435084
v -0.01532534 0.38634618 0.20435084
v -0.00595534 0.25843618 0.21262084
v -0.00595534 0.25843618 -0.17683916
v -0.72402534 0.25843618 -0.17684916
v -0.72402534 0.25843618 0.21262084
v -0.00595534 0.38634618 0.21262084
v -0.00595534 0.38634618 -0.17683916
v -0.00595534 0.25843618 -0.17683916
v -0.00595534 0.25843618 0.21262084
v -0.71466534 0.26555618 0.20434084
v -0.71466534 0.26555618 -0.16857916
v -0.01531534 0.26555618 -0.16856916
v -0.01532534 0.26555618 0.20435084
v -0.01532534 0.38634618 0.20435084
v -0.01532534 0.26555618 0.20435084
v -0.01531534 0.26555618 -0.16856916
v -0.01531534 0.38634618 -0.16856916
v -0.01531534 0.38634618 -0.16856916
v -0.01531534 0.26555618 -0.16856916
v -0.71466534 0.26555618 -0.16857916
v -0.71466534 0.38634618 -0.16857916
v -0.71466534 0.38634618 -0.16857916
v -0.71466534 0.26555618 -0.16857916
v -0.71466534 0.26555618 0.20434084
v -0.71466534 0.38634618 0.20434084
v -0.36453534 0.33064618 0.24062084
v -0.36453534 0.33778618 0.24323084
v -0.37666534 0.33327618 0.24323084
v -0.37104534 0.32822618 0.24062084
v -0.35803534 0.32822618 0.24062084
v -0.38168534 0.32238618 0.24323084
v -0.35241534 0.33327618 0.24323084
v -0.37373534 0.32238618 0.24062084
v -0.35533534 0.32238618 0.24062084
v -0.37666534 0.31150618 0.24323084
v -0.34738534 0.32238618 0.24323084
v -0.37104534 0.31655618 0.24062084
v -0.35803534 0.31655618 0.24062084
v -0.36453534 0.30699618 0.24323084
v -0.35241534 0.31150618 0.24323084
v -0.36453534 0.31413618 0.24062084
v -0.72402534 0.38634618 0.21262084
v -0.73103534 0.39264618 0.21262084
v -0.73103534 0.25213618 0.21262084
v -0.72402534 0.25843618 0.21262084
v -0.00595534 0.38634618 0.21262084
v 0.00105466 0.25213618 0.21262084
v 0.00105466 0.39264618 0.21262084
v -0.00595534 0.25843618 0.21262084
v -0.71466534 0.38634618 0.20434084
v -0.72402534 0.38634618 -0.17684916
v -0.71466534 0.38634618 -0.16857916
v -0.72402534 0.38634618 0.21262084
v -0.00595534 0.38634618 -0.17683916
v -0.01532534 0.38634618 0.20435084
v -0.01531534 0.38634618 -0.16856916
v -0.00595534 0.38634618 0.21262084
v -0.37666534 0.33327618 0.24811084
v -0.37437534 0.33121618 0.25076084
v -0.37844534 0.32239618 0.25076084
v -0.38168534 0.32238618 0.24811084
v -0.36453534 0.33778618 0.24811084
v -0.37437534 0.31356618 0.25076084
v -0.37666534 0.31150618 0.24811084
v -0.36453534 0.30990618 0.25076084
v -0.36453534 0.30699618 0.24811084
v -0.36453534 0.33487618 0.25076084
v -0.35241534 0.33327618 0.24811084
v -0.35470534 0.33121618 0.25076084
v -0.34738534 0.32238618 0.24811084
v -0.35470534 0.31356618 0.25076084
v -0.35241534 0.31150618 0.24811084
v -0.35062534 0.32239618 0.25076084
vt 0.50195210 0.77771350
vt 0.50046910 0.77919630
vt 0.50195210 0.77919630
vt 0.93459630 0.77771350
vt 0.93311350 0.77919630
vt 0.93459630 0.77919630
vt 0.50046910 0.77919630
vt 0.50195210 0.77771350
vt 0.50195210 0.77919630
vt 0.74077220 0.77919630
vt 0.73928950 0.77771350
vt 0.73928950 0.77919630
vt 0.59115520 0.83123900
vt 0.59115520 0.82975630
vt 0.59263810 0.83123900
vt 0.51380680 0.83123900
vt 0.51232390 0.83123900
vt 0.51380680 0.82975630
vt 0.59263810 0.83123900
vt 0.59115520 0.82975630
vt 0.59115520 0.83123900
vt 0.51380680 0.83123900
vt 0.51380680 0.82975630
vt 0.51232390 0.83123900
vt 0.68832410 0.83123900
vt 0.68832410 0.82975630
vt 0.68980700 0.83123900
vt 0.60412100 0.83123900
vt 0.60263810 0.83123900
vt 0.60412100 0.82975630
vt 0.60263810 0.83123900
vt 0.60412100 0.83123900
vt 0.60412100 0.82975630
vt 0.68980700 0.83123900
vt 0.68832410 0.82975630
vt 0.68832410 0.83123900
vt 0.34194280 0.83123900
vt 0.34342580 0.82975630
vt 0.34342580 0.83123900
vt 0.70128990 0.83123900
vt 0.69980700 0.83123900
vt 0.70128990 0.82975630
vt 0.69980700 0.83123900
vt 0.70128990 0.83123900
vt 0.70128990 0.82975630
vt 0.72743460 0.83123900
vt 0.72743460 0.82975630
vt 0.72891760 0.83123900
vt 0.34194280 0.83123900
vt 0.34342580 0.82975630
vt 0.34342580 0.83123900
vt 0.34194280 0.83123900
vt 0.34342580 0.83123900
vt 0.34342580 0.82975630
vt 0.72743460 0.83123900
vt 0.72891760 0.83123900
vt 0.72743460 0.82975630
vt 0.72743460 0.83123900
vt 0.72743460 0.82975630
vt 0.72891760 0.83123900
vt 0.34194280 0.83123900
vt 0.34342580 0.82975630
vt 0.34342580 0.83123900
vt 0.34194280 0.83123900
vt 0.34342580 0.83123900
vt 0.34342580 0.82975630
vt 0.72743460 0.83123900
vt 0.72891760 0.83123900
vt 0.72743460 0.82975630
vt 0.72743460 0.83123900
vt 0.72743460 0.82975630
vt 0.72891760 0.83123900
vt 0.33194300 0.83123900
vt 0.33046010 0.83123900
vt 0.33046010 0.82975630
vt 0.33194300 0.83123900
vt 0.33046010 0.82975630
vt 0.33046010 0.83123900
vt 0.94645110 0.83123900
vt 0.94645110 0.82975630
vt 0.94496820 0.83123900
vt 0.94496820 0.83123900
vt 0.94645110 0.82975630
vt 0.94645110 0.83123900
vt 0.33194300 0.83123900
vt 0.33046010 0.83123900
vt 0.33046010 0.82975630
vt 0.33194300 0.83123900
vt 0.33046010 0.82975630
vt 0.33046010 0.83123900
vt 0.94645110 0.83123900
vt 0.94645110 0.82975630
vt 0.94496820 0.83123900
vt 0.94645110 0.83123900
vt 0.94496820 0.83123900
vt 0.94645110 0.82975630
vt 0.33194300 0.83123900
vt 0.33046010 0.83123900
vt 0.33046010 0.82975630
vt 0.33194300 0.83123900
vt 0.33046010 0.82975630
vt 0.33046010 0.83123900
vt 0.69980700 0.83123900
vt 0.70128990 0.82975630
vt 0.70128990 0.83123900
vt 0.94645110 0.83123900
vt 0.94496820 0.83123900
vt 0.94645110 0.82975630
vt 0.33194300 0.83123900
vt 0.33046010 0.83123900
vt 0.33046010 0.82975630
vt 0.33194300 0.83123900
vt 0.33046010 0.82975630
vt 0.33046010 0.83123900
vt 0.60263810 0.83123900
vt 0.60412100 0.82975630
vt 0.60412100 0.83123900
vt 0.68980700 0.83123900
vt 0.68832410 0.83123900
vt 0.68832410 0.82975630
vt 0.33194300 0.83123900
vt 0.33046010 0.83123900
vt 0.33046010 0.82975630
vt 0.33194300 0.83123900
vt 0.33046010 0.82975630
vt 0.33046010 0.83123900
vt 0.59263810 0.83123900
vt 0.59115520 0.83123900
vt 0.59115520 0.82975630
vt 0.51232390 0.83123900
vt 0.51380680 0.82975630
vt 0.51380680 0.83123900
vt 0.51380680 0.06468400
vt 0.51380680 0.83123900
vt 0.59115520 0.83123900
vt 0.59115520 0.06468400
vt 0.50195210 0.07293000
vt 0.50195210 0.77919630
vt 0.59615520 0.77919630
vt 0.59615520 0.07293000
vt 0.59912100 0.07293000
vt 0.59912100 0.77919630
vt 0.69332410 0.77919630
vt 0.69332410 0.07293000
vt 0.69628990 0.07293000
vt 0.69628990 0.77919630
vt 0.79049300 0.77919630
vt 0.79049300 0.07293000
vt 0.79345880 0.07293000
vt 0.79345880 0.77919630
vt 0.88766190 0.77919630
vt 0.88766190 0.07293000
vt 0.89062770 0.07293000
vt 0.89062770 0.77919630
vt 0.98483090 0.77919630
vt 0.98483090 0.07293000
vt 0.89062770 0.53076700
vt 0.98483090 0.93163080
vt 0.98483090 0.53076700
vt 0.89062770 0.93163080
vt 0.98483090 0.93459630
vt 0.88766190 0.93163080
vt 0.88766190 0.53076700
vt 0.79345880 0.53076700
vt 0.89062770 0.93459630
vt 0.98483090 0.33546000
vt 0.89062770 0.33546000
vt 0.88766190 0.33546000
vt 0.88766190 0.93459630
vt 0.79345880 0.93163080
vt 0.79345880 0.93459630
vt 0.79345880 0.33546000
vt 0.79049300 0.33546000
vt 0.79049300 0.93163080
vt 0.79049300 0.53076700
vt 0.69628990 0.53076700
vt 0.79049300 0.93459630
vt 0.69628990 0.93163080
vt 0.69628990 0.93459630
vt 0.69628990 0.33546000
vt 0.69332410 0.33546000
vt 0.69332410 0.93163080
vt 0.69332410 0.53076700
vt 0.59912100 0.53076700
vt 0.69332410 0.93459630
vt 0.59912100 0.93163080
vt 0.59912100 0.93459630
vt 0.59912100 0.33546000
vt 0.59615520 0.33546000
vt 0.59615520 0.93163080
vt 0.59615520 0.53076700
vt 0.50195210 0.53076700
vt 0.50195210 0.93163080
vt 0.59615520 0.93459630
vt 0.50195210 0.93459630
vt 0.50195210 0.33546000
vt 0.59652450 0.77882700
vt 0.89025840 0.68462380
vt 0.59652450 0.68462380
vt 0.89025840 0.77882690
vt 0.89025840 0.78179270
vt 0.59652450 0.78179270
vt 0.59652450 0.87599590
vt 0.89025840 0.87599590
vt 0.89025840 0.87896160
vt 0.59652450 0.87896160
vt 0.59652450 0.97316470
vt 0.89025840 0.97316470
vt 0.89025840 0.97613050
vt 0.59652450 0.97613050
vt 0.59652450 0.07033400
vt 0.89025840 0.07033400
vt 0.89025840 0.07329900
vt 0.59652450 0.07329900
vt 0.59652450 0.16750300
vt 0.89025840 0.16750300
vt 0.73928950 0.77919630
vt 0.33842570 0.07293000
vt 0.73928950 0.07293000
vt 0.33842560 0.77919630
vt 0.33546020 0.07293000
vt 0.33546020 0.77919630
vt 0.93459630 0.07293000
vt 0.93459630 0.77919630
vt 0.73928950 0.07293000
vt 0.33842560 0.77919630
vt 0.73928950 0.77919630
vt 0.33842570 0.07293000
vt 0.33546020 0.77919630
vt 0.33546020 0.07293000
vt 0.93459630 0.77919630
vt 0.93459630 0.07293000
vt 0.60115520 0.32447410
vt 0.59912100 0.93669343
vt 0.60115520 0.93872786
vt 0.59912100 0.32650830
vt 0.59615520 0.93669343
vt 0.59615520 0.32650830
vt 0.60121800 0.32860540
vt 0.60325230 0.32657120
vt 0.68919280 0.32657120
vt 0.59405810 0.32860540
vt 0.69122700 0.32860540
vt 0.59202380 0.32657120
vt 0.59412100 0.32447410
vt 0.51090390 0.32860540
vt 0.51293810 0.32657120
vt 0.51084100 0.32447410
vt 0.50880680 0.32650830
vt 0.50880670 0.93669343
vt 0.51084100 0.93872786
vt 0.69332410 0.32650830
vt 0.69128990 0.32447410
vt 0.69628990 0.32650830
vt 0.69332410 0.93669343
vt 0.69628990 0.93669343
vt 0.69838700 0.32860540
vt 0.69832410 0.32447410
vt 0.69832410 0.93872786
vt 0.70042120 0.32657120
vt 0.78636160 0.32657120
vt 0.78839590 0.32860540
vt 0.79049300 0.32650830
vt 0.78845880 0.32447410
vt 0.79345880 0.32650830
vt 0.79049300 0.93669343
vt 0.79345870 0.93669343
vt 0.79555590 0.32860540
vt 0.79549300 0.32447410
vt 0.79549300 0.93872786
vt 0.79759010 0.32657120
vt 0.88353060 0.32657120
vt 0.88556480 0.32860540
vt 0.88766190 0.32650830
vt 0.88562770 0.32447410
vt 0.89062770 0.32650830
vt 0.88766190 0.93669343
vt 0.89062760 0.93669343
vt 0.89272480 0.32860540
vt 0.89266190 0.32447410
vt 0.89266190 0.93872786
vt 0.89475910 0.32657120
vt 0.97384480 0.32657120
vt 0.97587900 0.32860540
vt 0.97797610 0.32650830
vt 0.97594190 0.32447410
vt 0.59615520 0.06763100
vt 0.50773270 0.07294900
vt 0.50858950 0.06763100
vt 0.59615520 0.07294900
vt 0.59912100 0.07294900
vt 0.59912100 0.06763100
vt 0.69332410 0.06763100
vt 0.69332410 0.07294900
vt 0.69628990 0.07294900
vt 0.69628990 0.06763100
vt 0.79049300 0.06763100
vt 0.79049300 0.07294900
vt 0.79345880 0.07294900
vt 0.79345880 0.06763100
vt 0.88766190 0.06763100
vt 0.88766190 0.07294900
vt 0.89062770 0.07294900
vt 0.89062770 0.06763100
vt 0.97819340 0.06763100
vt 0.97905020 0.07294900
vt 0.50451240 0.93163080
vt 0.50451240 0.93459630
vt 0.50195210 0.93459630
vt 0.50195210 0.93163080
vt 0.50195210 0.53286410
vt 0.50451240 0.53542450
vt 0.50660960 0.53332730
vt 0.50404920 0.53076700
vt 0.59615520 0.53076700
vt 0.59615520 0.53332730
vt 0.59912100 0.53332730
vt 0.59912100 0.53076700
vt 0.69332410 0.53076700
vt 0.69332410 0.53332730
vt 0.69628990 0.53332730
vt 0.69628990 0.53076700
vt 0.79049300 0.53076700
vt 0.79049300 0.53332730
vt 0.79345880 0.53332730
vt 0.79345880 0.53076700
vt 0.88766190 0.53076700
vt 0.88766190 0.53332730
vt 0.89062770 0.53332730
vt 0.89062770 0.53076700
vt 0.98273370 0.53076700
vt 0.98017330 0.53332730
vt 0.98227050 0.53542450
vt 0.98483090 0.53286410
vt 0.98483090 0.93163080
vt 0.98227050 0.93163080
vt 0.98227050 0.93459630
vt 0.98483090 0.93459630
vt 0.98483090 0.33336300
vt 0.98227050 0.33080300
vt 0.98483090 0.33336310
vt 0.98017330 0.33289980
vt 0.98227050 0.33080270
vt 0.98273370 0.33546020
vt 0.89062770 0.33546020
vt 0.89062770 0.33289980
vt 0.88766190 0.33289980
vt 0.88766190 0.33546020
vt 0.79345880 0.33546020
vt 0.79345880 0.33289980
vt 0.79049300 0.33289980
vt 0.79049300 0.33546020
vt 0.69628990 0.33546020
vt 0.69628990 0.33289980
vt 0.69332410 0.33289980
vt 0.69332410 0.33546020
vt 0.59912100 0.33546020
vt 0.59912100 0.33289980
vt 0.59615520 0.33289980
vt 0.59615520 0.33546020
vt 0.50404920 0.33546020
vt 0.50660960 0.33289980
vt 0.50451240 0.33080270
vt 0.50195210 0.33336310
vt 0.50195210 0.93459630
vt 0.50451240 0.93459630
vt 0.34342580 0.06468400
vt 0.34342580 0.83123900
vt 0.72743460 0.83123900
vt 0.72743460 0.06468400
vt 0.72743460 0.06468400
vt 0.72743460 0.83123900
vt 0.34342580 0.83123900
vt 0.34342580 0.06468400
vt 0.59115520 0.06468400
vt 0.59115520 0.83123900
vt 0.51380680 0.83123900
vt 0.51380680 0.06468400
vt 0.60412100 0.06468400
vt 0.60412100 0.83123900
vt 0.68832410 0.83123900
vt 0.68832410 0.06468400
vt 0.72743460 0.06468400
vt 0.72743460 0.83123900
vt 0.34342580 0.83123900
vt 0.34342580 0.06468400
vt 0.68832410 0.06468400
vt 0.68832410 0.83123900
vt 0.60412100 0.83123900
vt 0.60412100 0.06468400
vt 0.34342580 0.06468400
vt 0.34342580 0.83123900
vt 0.72743460 0.83123900
vt 0.72743460 0.06468400
vt 0.70128990 0.06468400
vt 0.70128990 0.83123900
vt 0.78549300 0.83123900
vt 0.78549300 0.06468400
vt 0.72743460 0.06468400
vt 0.72743460 0.83123900
vt 0.34342580 0.83123900
vt 0.34342580 0.06468400
vt 0.78549300 0.06468400
vt 0.78549300 0.83123900
vt 0.70128990 0.83123900
vt 0.70128990 0.06468400
vt 0.34342580 0.06468400
vt 0.34342580 0.83123900
vt 0.72743460 0.83123900
vt 0.72743460 0.06468400
vt 0.79845880 0.06468400
vt 0.79845880 0.83123900
vt 0.88266190 0.83123900
vt 0.88266190 0.06468400
vt 0.72743460 0.06468400
vt 0.72743460 0.83123900
vt 0.34342580 0.83123900
vt 0.34342580 0.06468400
vt 0.88266190 0.06468400
vt 0.88266190 0.83123900
vt 0.79845880 0.83123900
vt 0.79845880 0.06468400
vt 0.34342580 0.06468400
vt 0.34342580 0.83123900
vt 0.72743460 0.83123900
vt 0.72743460 0.06468400
vt 0.89562770 0.06468400
vt 0.89562770 0.83123900
vt 0.97297610 0.83123900
vt 0.97297610 0.06468400
vt 0.72743460 0.06468400
vt 0.72743460 0.83123900
vt 0.34342580 0.83123900
vt 0.34342580 0.06468400
vt 0.97297610 0.06468400
vt 0.97297610 0.83123900
vt 0.89562770 0.83123900
vt 0.89562770 0.06468400
vt 0.34342580 0.06468400
vt 0.34342580 0.83123900
vt 0.72743460 0.83123900
vt 0.72743460 0.06468400
vt 0.89062770 0.06763100
vt 0.97905020 0.07294900
vt 0.97819340 0.06763100
vt 0.89062770 0.07294900
vt 0.88766190 0.07294900
vt 0.88766190 0.06763100
vt 0.79345880 0.06763100
vt 0.79345880 0.07294900
vt 0.79049300 0.07294900
vt 0.79049300 0.06763100
vt 0.69628990 0.06763100
vt 0.69628990 0.07294900
vt 0.69332410 0.07294900
vt 0.69332410 0.06763100
vt 0.59912100 0.06763100
vt 0.59912100 0.07294900
vt 0.59615520 0.07294900
vt 0.59615520 0.06763100
vt 0.50858950 0.06763100
vt 0.50773270 0.07294900
vt 0.33046010 0.06468400
vt 0.33046010 0.83123900
vt 0.94645107 0.83123900
vt 0.94645107 0.06468400
vt 0.94645110 0.06468400
vt 0.94645110 0.83123900
vt 0.33046000 0.83123900
vt 0.33046000 0.06468400
vt 0.89562770 0.06468400
vt 0.89562770 0.83123900
vt 0.97297610 0.83123900
vt 0.97297610 0.06468400
vt 0.88266190 0.06468400
vt 0.88266190 0.83123900
vt 0.79845880 0.83123900
vt 0.79845880 0.06468400
vt 0.79845880 0.06468400
vt 0.79845880 0.83123900
vt 0.88266190 0.83123900
vt 0.88266190 0.06468400
vt 0.94645110 0.06468400
vt 0.94645110 0.83123900
vt 0.33046000 0.83123900
vt 0.33046000 0.06468400
vt 0.33046010 0.06468400
vt 0.33046010 0.83123900
vt 0.94645107 0.83123900
vt 0.94645107 0.06468400
vt 0.78549300 0.06468400
vt 0.78549300 0.83123900
vt 0.70128990 0.83123900
vt 0.70128990 0.06468400
vt 0.70128990 0.06468400
vt 0.70128990 0.83123900
vt 0.78549300 0.83123900
vt 0.78549300 0.06468400
vt 0.94645110 0.06468400
vt 0.94645110 0.83123900
vt 0.33046000 0.83123900
vt 0.33046000 0.06468400
vt 0.33046010 0.06468400
vt 0.33046010 0.83123900
vt 0.94645107 0.83123900
vt 0.94645107 0.06468400
vt 0.68832410 0.06468400
vt 0.68832410 0.83123900
vt 0.60412100 0.83123900
vt 0.60412100 0.06468400
vt 0.60412100 0.06468400
vt 0.60412100 0.83123900
vt 0.68832410 0.83123900
vt 0.68832410 0.06468400
vt 0.94645110 0.06468400
vt 0.94645110 0.83123900
vt 0.33046000 0.83123900
vt 0.33046000 0.06468400
vt 0.33046010 0.06468400
vt 0.33046010 0.83123900
vt 0.94645107 0.83123900
vt 0.94645107 0.06468400
vt 0.59115520 0.06468400
vt 0.59115520 0.83123900
vt 0.51380680 0.83123900
vt 0.51380680 0.06468400
vt 0.94645110 0.06468400
vt 0.94645110 0.83123900
vt 0.33046000 0.83123900
vt 0.33046000 0.06468400
vt 0.51380680 0.06468400
vt 0.51380680 0.83123900
vt 0.59115520 0.83123900
vt 0.59115520 0.06468400
vt 0.33046010 0.06468400
vt 0.33046010 0.83123900
vt 0.94645107 0.83123900
vt 0.94645107 0.06468400
vt 0.97297610 0.06468400
vt 0.97297610 0.83123900
vt 0.89562770 0.83123900
vt 0.89562770 0.06468400
vt 0.73265190 0.06763100
vt 0.73350880 0.07294900
vt 0.33842570 0.07294900
vt 0.33842570 0.06763100
vt 0.33546020 0.06763100
vt 0.33546020 0.07294900
vt 0.94037700 0.07294900
vt 0.94123387 0.06763100
vt 0.69128990 0.93872790
vt 0.69332410 0.32650800
vt 0.69128990 0.32447400
vt 0.69332410 0.93669340
vt 0.69122700 0.93459630
vt 0.68919280 0.93663070
vt 0.60325230 0.93663070
vt 0.69838700 0.93459630
vt 0.69628990 0.93669340
vt 0.69838700 0.93163080
vt 0.69122700 0.93163080
vt 0.60121810 0.93459630
vt 0.60121810 0.93163080
vt 0.59405800 0.93459630
vt 0.59912100 0.93669340
vt 0.60115520 0.93872790
vt 0.59615520 0.93669340
vt 0.70042120 0.93663070
vt 0.78839590 0.93459630
vt 0.69832410 0.93872790
vt 0.78636170 0.93663070
vt 0.78845880 0.93872790
vt 0.59412100 0.93872790
vt 0.59615520 0.32650800
vt 0.59412100 0.32447400
vt 0.59202380 0.93663070
vt 0.51293810 0.93663070
vt 0.78839590 0.93163080
vt 0.79555590 0.93163080
vt 0.79049300 0.93669340
vt 0.79049300 0.32650800
vt 0.78845880 0.32447400
vt 0.79555590 0.93459630
vt 0.79345880 0.93669340
vt 0.79759010 0.93663070
vt 0.88556480 0.93459630
vt 0.79549300 0.93872790
vt 0.88353060 0.93663070
vt 0.88562770 0.93872790
vt 0.88556480 0.93163080
vt 0.89272480 0.93163080
vt 0.88766190 0.93669340
vt 0.88766190 0.32650800
vt 0.88562770 0.32447400
vt 0.89272480 0.93459630
vt 0.89062770 0.93669340
vt 0.89475910 0.93663070
vt 0.89266190 0.93872790
vt 0.97587900 0.93459630
vt 0.97384480 0.93663070
vt 0.97594190 0.93872790
vt 0.97797610 0.93669340
vt 0.97797610 0.32650800
vt 0.97594190 0.32447400
vt 0.97587900 0.93163080
vt 0.97384480 0.92959640
vt 0.97797610 0.92953370
vt 0.97594190 0.92749930
vt 0.89475910 0.92959640
vt 0.97594190 0.54175310
vt 0.97797610 0.53971890
vt 0.97587900 0.53762170
vt 0.97384480 0.53965590
vt 0.89475910 0.53965590
vt 0.89266190 0.92749930
vt 0.89272480 0.53762170
vt 0.89062770 0.92953370
vt 0.89062770 0.53971890
vt 0.89266190 0.54175310
vt 0.88766190 0.53971890
vt 0.88556480 0.53762170
vt 0.88766190 0.92953370
vt 0.88562770 0.54175310
vt 0.88353060 0.53965590
vt 0.88562770 0.92749930
vt 0.79759010 0.53965590
vt 0.88353060 0.92959640
vt 0.79759010 0.92959640
vt 0.79555590 0.53762170
vt 0.79549300 0.92749930
vt 0.79345880 0.53971890
vt 0.79549300 0.54175310
vt 0.79345880 0.92953370
vt 0.79049300 0.53971890
vt 0.78839590 0.53762170
vt 0.79049300 0.92953370
vt 0.78845880 0.54175310
vt 0.78636160 0.53965590
vt 0.78845880 0.92749930
vt 0.70042120 0.53965590
vt 0.78636170 0.92959640
vt 0.70042120 0.92959640
vt 0.69838700 0.53762170
vt 0.69832410 0.92749930
vt 0.69628990 0.53971890
vt 0.69832410 0.54175310
vt 0.69122700 0.53762170
vt 0.69628990 0.92953370
vt 0.69332410 0.92953370
vt 0.69332410 0.53971890
vt 0.68919280 0.92959640
vt 0.69128990 0.92749930
vt 0.60325230 0.92959640
vt 0.69128990 0.54175310
vt 0.68919270 0.53965590
vt 0.60325230 0.53965590
vt 0.60121800 0.53762170
vt 0.60115520 0.92749930
vt 0.59912100 0.53971890
vt 0.60115520 0.54175310
vt 0.59912100 0.92953370
vt 0.59615520 0.53971890
vt 0.59405800 0.53762170
vt 0.59405800 0.93163080
vt 0.59615520 0.92953370
vt 0.59412100 0.54175310
vt 0.59202380 0.53965590
vt 0.59412100 0.92749930
vt 0.51293810 0.53965590
vt 0.51090390 0.53762170
vt 0.59202380 0.92959640
vt 0.50880680 0.53971890
vt 0.51084100 0.54175310
vt 0.51084100 0.92749930
vt 0.50880680 0.92953370
vt 0.51090390 0.93163080
vt 0.51293810 0.92959640
vt 0.51090390 0.93459630
vt 0.50880680 0.93669340
vt 0.51084100 0.93872790
vt 0.94123390 0.06763100
vt 0.94037700 0.07294900
vt 0.33546000 0.07294900
vt 0.33546000 0.06763100
vt 0.51380680 0.92663070
vt 0.51380680 0.54262190
vt 0.59115520 0.54262190
vt 0.59115520 0.92663070
vt 0.33842570 0.06763100
vt 0.73350880 0.07294900
vt 0.73265190 0.06763100
vt 0.33842570 0.07294900
vt 0.33546020 0.07294900
vt 0.33546020 0.06763100
vt 0.89562770 0.32360540
vt 0.89562760 0.93959641
vt 0.97297610 0.93959641
vt 0.97297610 0.32360540
vt 0.79845880 0.32360540
vt 0.79845870 0.93959641
vt 0.88266190 0.93959641
vt 0.88266190 0.32360540
vt 0.51380680 0.32360540
vt 0.51380670 0.93959641
vt 0.59115520 0.93959641
vt 0.59115520 0.32360540
vt 0.60412100 0.32360540
vt 0.60412100 0.93959641
vt 0.68832410 0.93959641
vt 0.68832410 0.32360540
vt 0.70128990 0.32360540
vt 0.70128990 0.93959641
vt 0.78549300 0.93959641
vt 0.78549300 0.32360540
vt 0.60412100 0.92663070
vt 0.60412100 0.54262190
vt 0.68832410 0.54262190
vt 0.68832410 0.92663070
vt 0.70128990 0.92663070
vt 0.70128990 0.54262190
vt 0.78549300 0.54262190
vt 0.78549300 0.92663070
vt 0.79845880 0.92663070
vt 0.79845880 0.54262190
vt 0.88266190 0.54262190
vt 0.88266190 0.92663070
vt 0.89562770 0.92663070
vt 0.89562770 0.54262190
vt 0.97297610 0.54262190
vt 0.97297610 0.92663070
vt 0.51232390 0.32360540
vt 0.51380680 0.32508830
vt 0.51293810 0.32657120
vt 0.51084100 0.32447410
vt 0.97297610 0.32508830
vt 0.97445900 0.32360540
vt 0.97594190 0.32447410
vt 0.97384480 0.32657120
vt 0.51380680 0.54113890
vt 0.51232390 0.54262190
vt 0.51084100 0.54175310
vt 0.51293810 0.53965590
vt 0.97445900 0.54262190
vt 0.97297610 0.54113890
vt 0.97384480 0.53965590
vt 0.97594190 0.54175310
vt 0.51380680 0.92811370
vt 0.51293810 0.92959640
vt 0.51084100 0.92749930
vt 0.51232390 0.92663070
vt 0.97297610 0.92811370
vt 0.97445900 0.92663070
vt 0.97594190 0.92749930
vt 0.97384480 0.92959640
vt 0.33842560 0.77771350
vt 0.33546020 0.77919630
vt 0.33546020 0.77771350
vt 0.33842560 0.77919630
vt 0.73928950 0.77771350
vt 0.73928950 0.77919630
vt 0.33546020 0.77919630
vt 0.93459630 0.77771350
vt 0.93459630 0.77919630
vt 0.33546020 0.77771350
vt 0.33842560 0.77919630
vt 0.33842560 0.77771350
vt 0.73928950 0.77919630
vt 0.73928950 0.77771350
vt 0.60263810 0.32360540
vt 0.60412100 0.32508830
vt 0.60325230 0.32657120
vt 0.60115520 0.32447410
vt 0.69980700 0.32360540
vt 0.70128990 0.32508830
vt 0.70042120 0.32657120
vt 0.69832410 0.32447410
vt 0.79697590 0.32360540
vt 0.79845880 0.32508830
vt 0.79759010 0.32657120
vt 0.79549300 0.32447410
vt 0.89414480 0.32360540
vt 0.89562770 0.32508830
vt 0.89475910 0.32657120
vt 0.89266190 0.32447410
vt 0.88414480 0.54262190
vt 0.88266190 0.54113890
vt 0.88353060 0.53965590
vt 0.88562770 0.54175310
vt 0.78697590 0.54262190
vt 0.78549300 0.54113890
vt 0.78636160 0.53965590
vt 0.78845880 0.54175310
vt 0.68980700 0.54262190
vt 0.68832410 0.54113890
vt 0.68919270 0.53965590
vt 0.69128990 0.54175310
vt 0.59263810 0.54262190
vt 0.59115520 0.54113890
vt 0.59202380 0.53965590
vt 0.59412100 0.54175310
vt 0.98483090 0.77771350
vt 0.98483090 0.77919630
vt 0.89062770 0.77919630
vt 0.89062770 0.77771350
vt 0.88766190 0.77771350
vt 0.88766190 0.77919630
vt 0.79345880 0.77919630
vt 0.79345880 0.77771350
vt 0.79049300 0.77771350
vt 0.79049300 0.77919630
vt 0.69628990 0.77919630
vt 0.69628990 0.77771350
vt 0.69332410 0.77771350
vt 0.69332410 0.77919630
vt 0.59912100 0.77919630
vt 0.59912100 0.77771350
vt 0.59615520 0.77919630
vt 0.59615520 0.77771350
vt 0.50195210 0.77919630
vt 0.50195210 0.77771350
vt 0.98483090 0.77919630
vt 0.98483090 0.77771350
vt 0.89062770 0.77771350
vt 0.89062770 0.77919630
vt 0.88766190 0.77919630
vt 0.88766190 0.77771350
vt 0.79345880 0.77771350
vt 0.79345880 0.77919630
vt 0.79049300 0.77919630
vt 0.79049300 0.77771350
vt 0.69628990 0.77771350
vt 0.69628990 0.77919630
vt 0.69332410 0.77919630
vt 0.69332410 0.77771350
vt 0.59912100 0.77771350
vt 0.59912100 0.77919630
vt 0.59615520 0.77771350
vt 0.59615520 0.77919630
vt 0.50195210 0.77771350
vt 0.50195210 0.77919630
vt 0.88266190 0.92811370
vt 0.88414480 0.92663070
vt 0.88562770 0.92749930
vt 0.88353060 0.92959640
vt 0.78549300 0.92811370
vt 0.78697590 0.92663070
vt 0.78845880 0.92749930
vt 0.78636170 0.92959640
vt 0.68832410 0.92811370
vt 0.68980700 0.92663070
vt 0.69128990 0.92749930
vt 0.68919280 0.92959640
vt 0.59115520 0.92811370
vt 0.59263810 0.92663070
vt 0.59412100 0.92749930
vt 0.59202380 0.92959640
vt 0.33546020 0.07293000
vt 0.93669343 0.07441300
vt 0.93459630 0.07293000
vt 0.33546020 0.07441300
vt 0.33842570 0.07293000
vt 0.33842570 0.07441300
vt 0.73928950 0.07293000
vt 0.73719240 0.07441300
vt 0.50195210 0.33336310
vt 0.50404920 0.33546020
vt 0.50195210 0.33694300
vt 0.50046910 0.33546020
vt 0.89062770 0.07293000
vt 0.98273370 0.07441300
vt 0.98483090 0.07293000
vt 0.89062770 0.07441300
vt 0.88766190 0.07293000
vt 0.88766190 0.07441300
vt 0.79345880 0.07293000
vt 0.79345880 0.07441300
vt 0.79049300 0.07441300
vt 0.79049300 0.07293000
vt 0.69628990 0.07293000
vt 0.69628990 0.07441300
vt 0.69332410 0.07441300
vt 0.69332410 0.07293000
vt 0.59912100 0.07293000
vt 0.59912100 0.07441300
vt 0.59615520 0.07441300
vt 0.59615520 0.07293000
vt 0.50195210 0.07293000
vt 0.50404920 0.07441300
vt 0.98273370 0.33546020
vt 0.98483090 0.33336310
vt 0.98631370 0.33546020
vt 0.98483090 0.33694300
vt 0.33842570 0.07441300
vt 0.33546020 0.07293000
vt 0.33546020 0.07441300
vt 0.33842570 0.07293000
vt 0.73719240 0.07441300
vt 0.73928950 0.07293000
vt 0.98483090 0.53286410
vt 0.98273370 0.53076700
vt 0.98483090 0.52928420
vt 0.98631370 0.53076700
vt 0.59615520 0.07293000
vt 0.50404920 0.07441300
vt 0.50195210 0.07293000
vt 0.59615520 0.07441300
vt 0.59912100 0.07293000
vt 0.59912100 0.07441300
vt 0.69332410 0.07293000
vt 0.69332410 0.07441300
vt 0.69628990 0.07441300
vt 0.69628990 0.07293000
vt 0.79049300 0.07293000
vt 0.79049300 0.07441300
vt 0.79345880 0.07441300
vt 0.79345880 0.07293000
vt 0.88766190 0.07293000
vt 0.88766190 0.07441300
vt 0.89062770 0.07441300
vt 0.89062770 0.07293000
vt 0.98483090 0.07293000
vt 0.98273370 0.07441300
vt 0.50404920 0.53076700
vt 0.50195210 0.53286410
vt 0.50046910 0.53076700
vt 0.50195210 0.52928420
vt 0.60412100 0.92811370
vt 0.60325230 0.92959640
vt 0.60115520 0.92749930
vt 0.60263810 0.92663070
vt 0.51380680 0.93811350
vt 0.51232390 0.93959640
vt 0.51084100 0.93872790
vt 0.51293810 0.93663070
vt 0.60263810 0.54262190
vt 0.60115520 0.54175310
vt 0.60325230 0.53965590
vt 0.60412100 0.54113890
vt 0.51090390 0.53762170
vt 0.50880680 0.53971890
vt 0.50708800 0.53740450
vt 0.50858950 0.53590300
vt 0.70128990 0.92811370
vt 0.70042120 0.92959640
vt 0.69832410 0.92749930
vt 0.69980700 0.92663070
vt 0.60412100 0.93811350
vt 0.60263810 0.93959640
vt 0.60115520 0.93872790
vt 0.60325230 0.93663070
vt 0.69980700 0.54262190
vt 0.69832410 0.54175310
vt 0.70042120 0.53965590
vt 0.70128990 0.54113890
vt 0.79845880 0.92811370
vt 0.79759010 0.92959640
vt 0.79549300 0.92749930
vt 0.79697590 0.92663070
vt 0.70128990 0.93811350
vt 0.69980700 0.93959640
vt 0.69832410 0.93872790
vt 0.70042120 0.93663070
vt 0.79697590 0.54262190
vt 0.79549300 0.54175310
vt 0.79759010 0.53965590
vt 0.79845880 0.54113890
vt 0.89562770 0.92811370
vt 0.89475910 0.92959640
vt 0.89266190 0.92749930
vt 0.89414480 0.92663070
vt 0.79845880 0.93811350
vt 0.79697590 0.93959640
vt 0.79549300 0.93872790
vt 0.79759010 0.93663070
vt 0.89414480 0.54262190
vt 0.89266190 0.54175310
vt 0.89475910 0.53965590
vt 0.89562770 0.54113890
vt 0.97297610 0.93811350
vt 0.97384480 0.93663070
vt 0.97594190 0.93872790
vt 0.97445900 0.93959640
vt 0.89562770 0.93811350
vt 0.89414480 0.93959640
vt 0.89266190 0.93872790
vt 0.89475910 0.93663070
vt 0.97797610 0.53971890
vt 0.97587900 0.53762170
vt 0.97819330 0.53590300
vt 0.97969480 0.53740450
vt 0.97969480 0.93459630
vt 0.97797610 0.93669340
vt 0.97587900 0.93459630
vt 0.97969480 0.93163080
vt 0.97587900 0.93163080
vt 0.97797610 0.92953370
vt 0.88266190 0.93811350
vt 0.88353060 0.93663070
vt 0.88562770 0.93872790
vt 0.88414480 0.93959640
vt 0.88414480 0.32360540
vt 0.88562770 0.32447410
vt 0.88353060 0.32657120
vt 0.88266190 0.32508830
vt 0.97587900 0.32860540
vt 0.97797610 0.32650830
vt 0.97969480 0.32882260
vt 0.97819330 0.33032410
vt 0.78549300 0.93811350
vt 0.78636170 0.93663070
vt 0.78845880 0.93872790
vt 0.78697590 0.93959640
vt 0.78697590 0.32360540
vt 0.78845880 0.32447410
vt 0.78636160 0.32657120
vt 0.78549300 0.32508830
vt 0.68832410 0.93811350
vt 0.68919280 0.93663070
vt 0.69128990 0.93872790
vt 0.68980700 0.93959640
vt 0.68980700 0.32360540
vt 0.69128990 0.32447410
vt 0.68919280 0.32657120
vt 0.68832410 0.32508830
vt 0.59115520 0.93811350
vt 0.59202380 0.93663070
vt 0.59412100 0.93872790
vt 0.59263810 0.93959640
vt 0.59263810 0.32360540
vt 0.59412100 0.32447410
vt 0.59202380 0.32657120
vt 0.59115520 0.32508830
vt 0.51090390 0.93459630
vt 0.50880680 0.93669340
vt 0.50708800 0.93459630
vt 0.51090390 0.93163080
vt 0.50708800 0.93163080
vt 0.50880680 0.92953370
vt 0.50880680 0.32650830
vt 0.51090390 0.32860540
vt 0.50858950 0.33032420
vt 0.50708800 0.32882260
vt 0.50623120 0.32967950
vt 0.50773270 0.33118100
vt 0.50660960 0.33289980
vt 0.50451240 0.33080270
vt 0.50451240 0.53542450
vt 0.50623120 0.53654770
vt 0.50623120 0.93163080
vt 0.50451240 0.93163080
vt 0.50451240 0.93459630
vt 0.50623120 0.93459630
vt 0.50623120 0.32967900
vt 0.50451240 0.33080300
vt 0.97905020 0.33118100
vt 0.98055170 0.32967950
vt 0.98227050 0.33080270
vt 0.98017330 0.33289980
vt 0.50660960 0.33289980
vt 0.50773270 0.33118100
vt 0.59615520 0.33118100
vt 0.59615520 0.33289980
vt 0.59912100 0.33289980
vt 0.59912100 0.33118100
vt 0.69332410 0.33118100
vt 0.69332410 0.33289980
vt 0.69628990 0.33289980
vt 0.69628990 0.33118100
vt 0.79049300 0.33118100
vt 0.79049300 0.33289980
vt 0.79345880 0.33289980
vt 0.79345880 0.33118100
vt 0.88766190 0.33118100
vt 0.88766190 0.33289980
vt 0.89062770 0.33289980
vt 0.89062770 0.33118100
vt 0.97905020 0.33118100
vt 0.98017330 0.33289980
vt 0.98055170 0.53654770
vt 0.97905020 0.53504610
vt 0.98017330 0.53332730
vt 0.98227050 0.53542450
vt 0.98227050 0.93163080
vt 0.98227050 0.93459630
vt 0.98055170 0.93459630
vt 0.98055170 0.93163080
vt 0.98055170 0.53654770
vt 0.98227050 0.53542450
vt 0.50773270 0.53504610
vt 0.50623120 0.53654770
vt 0.50451240 0.53542450
vt 0.50660960 0.53332730
vt 0.98017330 0.53332730
vt 0.97905020 0.53504610
vt 0.89062770 0.53504610
vt 0.89062770 0.53332730
vt 0.88766190 0.53332730
vt 0.88766190 0.53504610
vt 0.79345880 0.53504610
vt 0.79345880 0.53332730
vt 0.79049300 0.53332730
vt 0.79049300 0.53504610
vt 0.69628990 0.53504610
vt 0.69628990 0.53332730
vt 0.69332410 0.53332730
vt 0.69332410 0.53504610
vt 0.59912100 0.53504610
vt 0.59912100 0.53332730
vt 0.59615520 0.53332730
vt 0.59615520 0.53504610
vt 0.50773270 0.53504610
vt 0.50660960 0.53332730
vt 0.50046910 0.77919630
vt 0.50195210 0.77919630
vt 0.50195210 0.07293000
vt 0.50046910 0.07293000
vt 0.73928950 0.07293000
vt 0.74077220 0.07293000
vt 0.74077220 0.77919630
vt 0.73928950 0.77919630
vt 0.50046910 0.07293000
vt 0.50195210 0.07293000
vt 0.50195210 0.77919630
vt 0.50046910 0.77919630
vt 0.93459630 0.77919630
vt 0.93311350 0.77919630
vt 0.93311350 0.07293000
vt 0.93459630 0.07293000
vt 0.93459630 0.07293000
vt 0.93669340 0.07441300
vt 0.33546000 0.07441300
vt 0.33546000 0.07293000
vt 0.93459630 0.77919630
vt 0.93459630 0.77771350
vt 0.33546000 0.77771350
vt 0.33546000 0.77919630
vt 0.50708800 0.93459630
vt 0.50880680 0.93669340
vt 0.50880680 0.32650800
vt 0.50708810 0.32882300
vt 0.89062770 0.33032420
vt 0.97587900 0.32860540
vt 0.97819330 0.33032410
vt 0.89272480 0.32860540
vt 0.88766190 0.33032420
vt 0.88556480 0.32860540
vt 0.79345880 0.33032420
vt 0.79555590 0.32860540
vt 0.79049300 0.33032420
vt 0.78839590 0.32860540
vt 0.69628990 0.33032420
vt 0.69838700 0.32860540
vt 0.69332410 0.33032420
vt 0.69122700 0.32860540
vt 0.59912100 0.33032420
vt 0.60121800 0.32860540
vt 0.59615520 0.33032420
vt 0.59405810 0.32860540
vt 0.50858950 0.33032420
vt 0.51090390 0.32860540
vt 0.97969480 0.93163080
vt 0.97797610 0.92953370
vt 0.97797610 0.53971890
vt 0.97969480 0.53740450
vt 0.59615520 0.53590300
vt 0.51090390 0.53762170
vt 0.50858950 0.53590300
vt 0.59405800 0.53762170
vt 0.59912100 0.53590300
vt 0.60121800 0.53762170
vt 0.69332410 0.53590300
vt 0.69122700 0.53762170
vt 0.69628990 0.53590300
vt 0.69838700 0.53762170
vt 0.79049300 0.53590300
vt 0.78839590 0.53762170
vt 0.79345880 0.53590300
vt 0.79555590 0.53762170
vt 0.88766190 0.53590300
vt 0.88556480 0.53762170
vt 0.89062770 0.53590300
vt 0.89272480 0.53762170
vt 0.97819330 0.53590300
vt 0.97587900 0.53762170
vt 0.50708800 0.53740450
vt 0.50880680 0.53971890
vt 0.50880680 0.92953370
vt 0.50708800 0.93163080
vt 0.97969480 0.32882260
vt 0.97797610 0.32650830
vt 0.97797610 0.93669343
vt 0.97969480 0.93459630
vt 0.50773270 0.07294900
vt 0.50623120 0.07294900
vt 0.50708800 0.06763100
vt 0.50858950 0.06763100
vt 0.94037700 0.07294900
vt 0.93887540 0.07294900
vt 0.93973230 0.06763100
vt 0.94123390 0.06763100
vt 0.73501040 0.07294900
vt 0.73350880 0.07294900
vt 0.73265190 0.06763100
vt 0.73415350 0.06763100
vt 0.50623120 0.07294900
vt 0.50773270 0.07294900
vt 0.50858950 0.06763100
vt 0.50708800 0.06763100
vt 0.59115520 0.06468400
vt 0.59202380 0.06616700
vt 0.51293810 0.06616700
vt 0.51380680 0.06468400
vt 0.34255720 0.06616700
vt 0.34342580 0.06468400
vt 0.72743460 0.06468400
vt 0.72830340 0.06616700
vt 0.59202380 0.06616700
vt 0.59115520 0.06468400
vt 0.51380680 0.06468400
vt 0.51293810 0.06616700
vt 0.72830340 0.06616700
vt 0.72743460 0.06468400
vt 0.34342580 0.06468400
vt 0.34255720 0.06616700
vt 0.68832410 0.06468400
vt 0.68919280 0.06616700
vt 0.60325230 0.06616700
vt 0.60412100 0.06468400
vt 0.34342580 0.06468400
vt 0.34255720 0.06616700
vt 0.72830340 0.06616700
vt 0.72743460 0.06468400
vt 0.34255720 0.06616700
vt 0.34342580 0.06468400
vt 0.72743460 0.06468400
vt 0.72830340 0.06616700
vt 0.68919270 0.06616700
vt 0.68832410 0.06468400
vt 0.60412100 0.06468400
vt 0.60325230 0.06616700
vt 0.78549300 0.06468400
vt 0.78636170 0.06616700
vt 0.70042120 0.06616700
vt 0.70128990 0.06468400
vt 0.34342580 0.06468400
vt 0.34255720 0.06616700
vt 0.72830340 0.06616700
vt 0.72743460 0.06468400
vt 0.34255720 0.06616700
vt 0.34342580 0.06468400
vt 0.72743460 0.06468400
vt 0.72830340 0.06616700
vt 0.78636160 0.06616700
vt 0.78549300 0.06468400
vt 0.70128990 0.06468400
vt 0.70042120 0.06616700
vt 0.88266190 0.06468400
vt 0.88353060 0.06616700
vt 0.79759010 0.06616700
vt 0.79845880 0.06468400
vt 0.34342580 0.06468400
vt 0.34255720 0.06616700
vt 0.72830340 0.06616700
vt 0.72743460 0.06468400
vt 0.34255720 0.06616700
vt 0.34342580 0.06468400
vt 0.72743460 0.06468400
vt 0.72830340 0.06616700
vt 0.88353060 0.06616700
vt 0.88266190 0.06468400
vt 0.79845880 0.06468400
vt 0.79759010 0.06616700
vt 0.97297610 0.06468400
vt 0.97384480 0.06616700
vt 0.89475910 0.06616700
vt 0.89562770 0.06468400
vt 0.34342580 0.06468400
vt 0.34255720 0.06616700
vt 0.72830340 0.06616700
vt 0.72743460 0.06468400
vt 0.34255720 0.06616700
vt 0.34342580 0.06468400
vt 0.72743460 0.06468400
vt 0.72830340 0.06616700
vt 0.97384480 0.06616700
vt 0.97297610 0.06468400
vt 0.89562770 0.06468400
vt 0.89475910 0.06616700
vt 0.97384480 0.06616700
vt 0.97297610 0.06468400
vt 0.89562770 0.06468400
vt 0.89475910 0.06616700
vt 0.94645110 0.06468400
vt 0.94558240 0.06616700
vt 0.33132900 0.06616700
vt 0.33046000 0.06468400
vt 0.89475910 0.06616700
vt 0.89562770 0.06468400
vt 0.97297610 0.06468400
vt 0.97384480 0.06616700
vt 0.94558240 0.06616700
vt 0.94645110 0.06468400
vt 0.33046000 0.06468400
vt 0.33132900 0.06616700
vt 0.88353060 0.06616700
vt 0.88266190 0.06468400
vt 0.79845880 0.06468400
vt 0.79759010 0.06616700
vt 0.94645110 0.06468400
vt 0.94558240 0.06616700
vt 0.33132900 0.06616700
vt 0.33046000 0.06468400
vt 0.94558240 0.06616700
vt 0.94645110 0.06468400
vt 0.33046000 0.06468400
vt 0.33132900 0.06616700
vt 0.79759010 0.06616700
vt 0.79845880 0.06468400
vt 0.88266190 0.06468400
vt 0.88353060 0.06616700
vt 0.78636170 0.06616700
vt 0.78549300 0.06468400
vt 0.70128990 0.06468400
vt 0.70042120 0.06616700
vt 0.94645110 0.06468400
vt 0.94558240 0.06616700
vt 0.33132900 0.06616700
vt 0.33046000 0.06468400
vt 0.94558240 0.06616700
vt 0.94645110 0.06468400
vt 0.33046000 0.06468400
vt 0.33132900 0.06616700
vt 0.70042120 0.06616700
vt 0.70128990 0.06468400
vt 0.78549300 0.06468400
vt 0.78636160 0.06616700
vt 0.68919280 0.06616700
vt 0.68832410 0.06468400
vt 0.60412100 0.06468400
vt 0.60325230 0.06616700
vt 0.94645110 0.06468400
vt 0.94558240 0.06616700
vt 0.33132900 0.06616700
vt 0.33046000 0.06468400
vt 0.94558240 0.06616700
vt 0.94645110 0.06468400
vt 0.33046000 0.06468400
vt 0.33132900 0.06616700
vt 0.60325230 0.06616700
vt 0.60412100 0.06468400
vt 0.68832410 0.06468400
vt 0.68919280 0.06616700
vt 0.59202380 0.06616700
vt 0.59115520 0.06468400
vt 0.51380680 0.06468400
vt 0.51293810 0.06616700
vt 0.94558240 0.06616700
vt 0.94645110 0.06468400
vt 0.33046000 0.06468400
vt 0.33132900 0.06616700
vt 0.33132870 0.06616700
vt 0.33046010 0.06468400
vt 0.94645107 0.06468400
vt 0.94558239 0.06616700
vt 0.51293810 0.06616700
vt 0.51380680 0.06468400
vt 0.59115520 0.06468400
vt 0.59202380 0.06616700
vt 0.98227050 0.33080270
vt 0.98055170 0.32967950
vt 0.98055170 0.93459630
vt 0.98227050 0.93459630
vt 0.59115520 0.82975630
vt 0.59115520 0.83123900
vt 0.51380680 0.83123900
vt 0.51380680 0.82975630
vt 0.34342580 0.83123900
vt 0.34342580 0.82975630
vt 0.72743460 0.82975630
vt 0.72743460 0.83123900
vt 0.59115520 0.83123900
vt 0.59115520 0.82975630
vt 0.51380680 0.82975630
vt 0.51380680 0.83123900
vt 0.72743460 0.83123900
vt 0.72743460 0.82975630
vt 0.34342580 0.82975630
vt 0.34342580 0.83123900
vt 0.68832410 0.82975630
vt 0.68832410 0.83123900
vt 0.60412100 0.83123900
vt 0.60412100 0.82975630
vt 0.34342580 0.82975630
vt 0.34342580 0.83123900
vt 0.72743460 0.83123900
vt 0.72743460 0.82975630
vt 0.34342580 0.83123900
vt 0.34342580 0.82975630
vt 0.72743460 0.82975630
vt 0.72743460 0.83123900
vt 0.68832410 0.83123900
vt 0.68832410 0.82975630
vt 0.60412100 0.82975630
vt 0.60412100 0.83123900
vt 0.78549300 0.82975630
vt 0.78549300 0.83123900
vt 0.70128990 0.83123900
vt 0.70128990 0.82975630
vt 0.34342580 0.82975630
vt 0.34342580 0.83123900
vt 0.72743460 0.83123900
vt 0.72743460 0.82975630
vt 0.34342580 0.83123900
vt 0.34342580 0.82975630
vt 0.72743460 0.82975630
vt 0.72743460 0.83123900
vt 0.78549300 0.83123900
vt 0.78549300 0.82975630
vt 0.70128990 0.82975630
vt 0.70128990 0.83123900
vt 0.88266190 0.82975630
vt 0.88266190 0.83123900
vt 0.79845880 0.83123900
vt 0.79845880 0.82975630
vt 0.34342580 0.82975630
vt 0.34342580 0.83123900
vt 0.72743460 0.83123900
vt 0.72743460 0.82975630
vt 0.34342580 0.83123900
vt 0.34342580 0.82975630
vt 0.72743460 0.82975630
vt 0.72743460 0.83123900
vt 0.88266190 0.83123900
vt 0.88266190 0.82975630
vt 0.79845880 0.82975630
vt 0.79845880 0.83123900
vt 0.97297610 0.82975630
vt 0.97297610 0.83123900
vt 0.89562770 0.83123900
vt 0.89562770 0.82975630
vt 0.34342580 0.82975630
vt 0.34342580 0.83123900
vt 0.72743460 0.83123900
vt 0.72743460 0.82975630
vt 0.34342580 0.83123900
vt 0.34342580 0.82975630
vt 0.72743460 0.82975630
vt 0.72743460 0.83123900
vt 0.97297610 0.83123900
vt 0.97297610 0.82975630
vt 0.89562770 0.82975630
vt 0.89562770 0.83123900
vt 0.97297610 0.83123900
vt 0.97297610 0.82975630
vt 0.89562770 0.82975630
vt 0.89562770 0.83123900
vt 0.94645110 0.82975630
vt 0.94645110 0.83123900
vt 0.33046000 0.83123900
vt 0.33046000 0.82975630
vt 0.89562770 0.83123900
vt 0.89562770 0.82975630
vt 0.97297610 0.82975630
vt 0.97297610 0.83123900
vt 0.94645110 0.83123900
vt 0.94645110 0.82975630
vt 0.33046000 0.82975630
vt 0.33046000 0.83123900
vt 0.88266190 0.83123900
vt 0.88266190 0.82975630
vt 0.79845880 0.82975630
vt 0.79845880 0.83123900
vt 0.94645110 0.82975630
vt 0.94645110 0.83123900
vt 0.33046000 0.83123900
vt 0.33046000 0.82975630
vt 0.94645110 0.83123900
vt 0.94645110 0.82975630
vt 0.33046000 0.82975630
vt 0.33046000 0.83123900
vt 0.79845880 0.83123900
vt 0.79845880 0.82975630
vt 0.88266190 0.82975630
vt 0.88266190 0.83123900
vt 0.78549300 0.83123900
vt 0.78549300 0.82975630
vt 0.70128990 0.82975630
vt 0.70128990 0.83123900
vt 0.94645110 0.82975630
vt 0.94645110 0.83123900
vt 0.33046000 0.83123900
vt 0.33046000 0.82975630
vt 0.94645110 0.83123900
vt 0.94645110 0.82975630
vt 0.33046000 0.82975630
vt 0.33046000 0.83123900
vt 0.70128990 0.83123900
vt 0.70128990 0.82975630
vt 0.78549300 0.82975630
vt 0.78549300 0.83123900
vt 0.68832410 0.83123900
vt 0.68832410 0.82975630
vt 0.60412100 0.82975630
vt 0.60412100 0.83123900
vt 0.94645110 0.82975630
vt 0.94645110 0.83123900
vt 0.33046000 0.83123900
vt 0.33046000 0.82975630
vt 0.94645110 0.83123900
vt 0.94645110 0.82975630
vt 0.33046000 0.82975630
vt 0.33046000 0.83123900
vt 0.60412100 0.83123900
vt 0.60412100 0.82975630
vt 0.68832410 0.82975630
vt 0.68832410 0.83123900
vt 0.59115520 0.83123900
vt 0.59115520 0.82975630
vt 0.51380680 0.82975630
vt 0.51380680 0.83123900
vt 0.94645110 0.83123900
vt 0.94645110 0.82975630
vt 0.33046000 0.82975630
vt 0.33046000 0.83123900
vt 0.33046010 0.83123900
vt 0.33046010 0.82975630
vt 0.94645107 0.82975630
vt 0.94645107 0.83123900
vt 0.51380680 0.83123900
vt 0.51380680 0.82975630
vt 0.59115520 0.82975630
vt 0.59115520 0.83123900
vt 0.33194310 0.06468400
vt 0.33046010 0.06468400
vt 0.33046010 0.83123900
vt 0.33194300 0.83123900
vt 0.68832410 0.83123900
vt 0.68980700 0.83123900
vt 0.68980700 0.06468400
vt 0.68832410 0.06468400
vt 0.72891760 0.06468400
vt 0.72743460 0.06468400
vt 0.72743460 0.83123900
vt 0.72891760 0.83123900
vt 0.34194280 0.83123900
vt 0.34342580 0.83123900
vt 0.34342580 0.06468400
vt 0.34194280 0.06468400
vt 0.33046010 0.06468400
vt 0.33194310 0.06468400
vt 0.33194300 0.83123900
vt 0.33046010 0.83123900
vt 0.33046010 0.83123900
vt 0.33194300 0.83123900
vt 0.33194310 0.06468400
vt 0.33046010 0.06468400
vt 0.60263810 0.83123900
vt 0.60412100 0.83123900
vt 0.60412100 0.06468400
vt 0.60263810 0.06468400
vt 0.59263810 0.06468400
vt 0.59115520 0.06468400
vt 0.59115520 0.83123900
vt 0.59263810 0.83123900
vt 0.51232390 0.83123900
vt 0.51380680 0.83123900
vt 0.51380680 0.06468400
vt 0.51232390 0.06468400
vt 0.72743460 0.06468400
vt 0.72891760 0.06468400
vt 0.72891760 0.83123900
vt 0.72743460 0.83123900
vt 0.94496820 0.06468400
vt 0.94645110 0.06468400
vt 0.94645110 0.83123900
vt 0.94496820 0.83123900
vt 0.59115520 0.06468400
vt 0.59263810 0.06468400
vt 0.59263810 0.83123900
vt 0.59115520 0.83123900
vt 0.94645110 0.06468400
vt 0.94496820 0.06468400
vt 0.94496820 0.83123900
vt 0.94645110 0.83123900
vt 0.51232390 0.06468400
vt 0.51380680 0.06468400
vt 0.51380680 0.83123900
vt 0.51232390 0.83123900
vt 0.33046010 0.06468400
vt 0.33194310 0.06468400
vt 0.33194300 0.83123900
vt 0.33046010 0.83123900
vt 0.33046010 0.83123900
vt 0.33194300 0.83123900
vt 0.33194310 0.06468400
vt 0.33046010 0.06468400
vt 0.34342580 0.06468400
vt 0.34194280 0.06468400
vt 0.34194280 0.83123900
vt 0.34342580 0.83123900
vt 0.69980700 0.83123900
vt 0.70128990 0.83123900
vt 0.70128990 0.06468400
vt 0.69980700 0.06468400
vt 0.70128990 0.06468400
vt 0.69980700 0.06468400
vt 0.69980700 0.83123900
vt 0.70128990 0.83123900
vt 0.70128990 0.83123900
vt 0.69980700 0.83123900
vt 0.69980700 0.06468400
vt 0.70128990 0.06468400
vt 0.94496820 0.83123900
vt 0.94645110 0.83123900
vt 0.94645110 0.06468400
vt 0.94496820 0.06468400
vt 0.72891760 0.06468400
vt 0.72743460 0.06468400
vt 0.72743460 0.83123900
vt 0.72891760 0.83123900
vt 0.33046010 0.06468400
vt 0.33194310 0.06468400
vt 0.33194300 0.83123900
vt 0.33046010 0.83123900
vt 0.33046010 0.83123900
vt 0.33194300 0.83123900
vt 0.33194310 0.06468400
vt 0.33046010 0.06468400
vt 0.34342580 0.06468400
vt 0.34194280 0.06468400
vt 0.34194280 0.83123900
vt 0.34342580 0.83123900
vt 0.34342580 0.83123900
vt 0.34194280 0.83123900
vt 0.34194280 0.06468400
vt 0.34342580 0.06468400
vt 0.59115520 0.83123900
vt 0.59263810 0.83123900
vt 0.59263810 0.06468400
vt 0.59115520 0.06468400
vt 0.72891760 0.83123900
vt 0.72743460 0.83123900
vt 0.72743460 0.06468400
vt 0.72891760 0.06468400
vt 0.51380680 0.06468400
vt 0.51232390 0.06468400
vt 0.51232390 0.83123900
vt 0.51380680 0.83123900
vt 0.72891760 0.06468400
vt 0.72743460 0.06468400
vt 0.72743460 0.83123900
vt 0.72891760 0.83123900
vt 0.33046010 0.06468400
vt 0.33194310 0.06468400
vt 0.33194300 0.83123900
vt 0.33046010 0.83123900
vt 0.33046010 0.83123900
vt 0.33194300 0.83123900
vt 0.33194310 0.06468400
vt 0.33046010 0.06468400
vt 0.68980700 0.06468400
vt 0.68832410 0.06468400
vt 0.68832410 0.83123900
vt 0.68980700 0.83123900
vt 0.60263810 0.83123900
vt 0.60412100 0.83123900
vt 0.60412100 0.06468400
vt 0.60263810 0.06468400
vt 0.94496820 0.06468400
vt 0.94645110 0.06468400
vt 0.94645110 0.83123900
vt 0.94496820 0.83123900
vt 0.60412100 0.83123900
vt 0.60263810 0.83123900
vt 0.60263810 0.06468400
vt 0.60412100 0.06468400
vt 0.94496820 0.83123900
vt 0.94645110 0.83123900
vt 0.94645110 0.06468400
vt 0.94496820 0.06468400
vt 0.68832410 0.06468400
vt 0.68980700 0.06468400
vt 0.68980700 0.83123900
vt 0.68832410 0.83123900
vt 0.33046010 0.06468400
vt 0.33194310 0.06468400
vt 0.33194300 0.83123900
vt 0.33046010 0.83123900
vt 0.34342580 0.83123900
vt 0.34194280 0.83123900
vt 0.34194280 0.06468400
vt 0.34342580 0.06468400
vt 0.93078040 0.50873330
vt 0.93078040 0.51068060
vt 0.93272780 0.51068060
vt 0.33592130 0.51068060
vt 0.33397390 0.50873330
vt 0.33397390 0.51068060
vt 0.93078040 0.33592130
vt 0.93272780 0.33397390
vt 0.93078040 0.33397390
vt 0.93078040 0.94293710
vt 0.93272780 0.94293710
vt 0.93078040 0.94098970
vt 0.92051580 0.33592130
vt 0.92051580 0.33397390
vt 0.91856840 0.33397390
vt 0.33592130 0.51068060
vt 0.33397390 0.51068060
vt 0.33397390 0.50873330
vt 0.92051580 0.94293710
vt 0.92051580 0.94098970
vt 0.91856840 0.94293710
vt 0.92051580 0.50873330
vt 0.91856840 0.51068060
vt 0.92051580 0.51068060
vt 0.16312650 0.59053450
vt 0.16312650 0.51822530
vt 0.93772781 0.51822530
vt 0.93772781 0.59053450
vt 0.93272780 0.51442740
vt 0.16812600 0.51442740
vt 0.16812600 0.59053450
vt 0.93272780 0.59053450
vt 0.93078040 0.51068060
vt 0.92051580 0.51068060
vt 0.92051580 0.59428130
vt 0.93078040 0.59428130
vt 0.94293710 0.51068060
vt 0.33397400 0.51068060
vt 0.33397400 0.59428130
vt 0.94293710 0.59428130
vt 0.93078040 0.94293710
vt 0.92051580 0.94293710
vt 0.92051580 0.33397400
vt 0.93078040 0.33397400
vt 0.93078040 0.59428130
vt 0.92051580 0.59428130
vt 0.92051580 0.51068060
vt 0.93078040 0.51068060
vt 0.93078040 0.33397390
vt 0.92051580 0.33397390
vt 0.92051580 0.94293714
vt 0.93078040 0.94293714
vt 0.91422650 0.55242600
vt 0.91127550 0.54595010
vt 0.91422650 0.54595010
vt 0.91127550 0.55242600
vt 0.91422650 0.55890210
vt 0.91127550 0.55890210
vt 0.91580430 0.55242600
vt 0.91580430 0.54895210
vt 0.91885510 0.54895210
vt 0.91885510 0.55242600
vt 0.91580430 0.55590000
vt 0.91885510 0.55590000
vt 0.91422650 0.55242600
vt 0.91127550 0.55890210
vt 0.91422650 0.55890210
vt 0.91127550 0.55242600
vt 0.91422650 0.54595010
vt 0.91127550 0.54595010
vt 0.91580430 0.14192910
vt 0.91885510 0.13845540
vt 0.91885510 0.14192910
vt 0.91580430 0.13845540
vt 0.91885510 0.13498140
vt 0.91580430 0.13498140
vt 0.91422650 0.13845540
vt 0.91127550 0.13197950
vt 0.91422650 0.13197950
vt 0.91127550 0.13845540
vt 0.91422650 0.14493130
vt 0.91127550 0.14493130
vt 0.91422650 0.13197950
vt 0.91127550 0.13197950
vt 0.91127550 0.13845540
vt 0.91422650 0.13845540
vt 0.91127550 0.14493130
vt 0.91422650 0.14493130
vt 0.91580430 0.54895210
vt 0.91885510 0.55242600
vt 0.91885510 0.54895210
vt 0.91580430 0.55242600
vt 0.91885510 0.55590000
vt 0.91580430 0.55590000
vt 0.91580430 0.13498140
vt 0.91885510 0.13845540
vt 0.91885510 0.13498140
vt 0.91580430 0.13845540
vt 0.91885510 0.14192910
vt 0.91580430 0.14192910
vt 0.33397390 0.59428130
vt 0.33592130 0.59428130
vt 0.33592130 0.51068060
vt 0.33397390 0.51068060
vt 0.93272780 0.94293710
vt 0.93078040 0.94293710
vt 0.93078040 0.33397400
vt 0.93272780 0.33397400
vt 0.33397390 0.51068060
vt 0.33397390 0.50873330
vt 0.94293714 0.50873330
vt 0.94293714 0.51068060
vt 0.93272780 0.51068060
vt 0.93078040 0.51068060
vt 0.93078040 0.59428130
vt 0.93272780 0.59428130
vt 0.33592130 0.59428130
vt 0.33397390 0.59428130
vt 0.33397390 0.51068060
vt 0.33592130 0.51068060
vt 0.92051580 0.94293710
vt 0.91856840 0.94293710
vt 0.91856840 0.33397400
vt 0.92051580 0.33397400
vt 0.33397390 0.50873330
vt 0.33397390 0.51068060
vt 0.94293714 0.51068060
vt 0.94293714 0.50873330
vt 0.92051580 0.51068060
vt 0.91856840 0.51068060
vt 0.91856840 0.59428130
vt 0.92051580 0.59428130
vt 0.93078040 0.33397390
vt 0.93078040 0.33592130
vt 0.92051580 0.33592130
vt 0.92051580 0.33397390
vt 0.92051580 0.33397390
vt 0.92051580 0.33592130
vt 0.93078040 0.33592130
vt 0.93078040 0.33397390
vt 0.92051580 0.94098970
vt 0.92051580 0.94293710
vt 0.93078040 0.94293710
vt 0.93078040 0.94098970
vt 0.93078040 0.51068060
vt 0.93078040 0.50873330
vt 0.92051580 0.50873330
vt 0.92051580 0.51068060
vt 0.33022690 0.59053450
vt 0.33397390 0.59428130
vt 0.33397390 0.51068060
vt 0.33022690 0.51442740
vt 0.94293714 0.51068060
vt 0.94668388 0.51442740
vt 0.94668390 0.59053450
vt 0.33397400 0.59428130
vt 0.33022700 0.59053450
vt 0.94293710 0.59428130
vt 0.94668390 0.51442740
vt 0.94293710 0.51068060
vt 0.94668390 0.51442740
vt 0.94668390 0.59053450
vt 0.33022700 0.59053450
vt 0.33022700 0.51442740
vt 0.93272780 0.94668390
vt 0.16812600 0.94668390
vt 0.16812600 0.33022700
vt 0.93272780 0.33022700
vt 0.93272780 0.59053450
vt 0.16812600 0.59053450
vt 0.16812600 0.51442740
vt 0.93272780 0.51442740
vt 0.93772780 0.95168390
vt 0.93272780 0.94668390
vt 0.93272780 0.33022700
vt 0.93772780 0.32522700
vt 0.16312650 0.32522700
vt 0.16812630 0.33022690
vt 0.16812630 0.94668388
vt 0.16312650 0.95168388
vt 0.93772780 0.32522700
vt 0.93272780 0.33022690
vt 0.16812600 0.33022690
vt 0.16312600 0.32522700
vt 0.16312650 0.95168390
vt 0.16812630 0.94668390
vt 0.93272781 0.94668390
vt 0.93772781 0.95168390
vt 0.93772780 0.32522700
vt 0.16312600 0.32522700
vt 0.16312600 0.95168388
vt 0.93772780 0.95168388
vt 0.32522700 0.59053450
vt 0.32522700 0.51822530
vt 0.95168388 0.51822530
vt 0.95168388 0.59053450
vt 0.93772780 0.59053450
vt 0.93772780 0.51822530
vt 0.16312600 0.51822530
vt 0.16312600 0.59053450
vt 0.95168390 0.59053450
vt 0.95168390 0.51822530
vt 0.32522700 0.51822530
vt 0.32522700 0.59053450
vt 0.13845540 0.55733890
vt 0.13845540 0.56158470
vt 0.14493130 0.55890210
vt 0.14192910 0.55590000
vt 0.13498140 0.55590000
vt 0.14761400 0.55242600
vt 0.13197950 0.55890210
vt 0.14336820 0.55242600
vt 0.13354250 0.55242600
vt 0.14493130 0.54595010
vt 0.12929680 0.55242600
vt 0.14192910 0.54895210
vt 0.13498140 0.54895210
vt 0.13845540 0.54326770
vt 0.13197950 0.54595010
vt 0.13845540 0.54751310
vt 0.14493130 0.55890210
vt 0.14370800 0.55767890
vt 0.14588380 0.55242600
vt 0.14761400 0.55242600
vt 0.13845540 0.56158470
vt 0.14370800 0.54717330
vt 0.14493130 0.54595010
vt 0.13845540 0.54499770
vt 0.13845540 0.54326770
vt 0.13845540 0.55985460
vt 0.13197950 0.55890210
vt 0.13320260 0.55767890
vt 0.12929680 0.55242600
vt 0.13320260 0.54717360
vt 0.13197950 0.54595010
vt 0.13102670 0.55242600
vt 0.93078040 0.94293710
vt 0.93078040 0.94098970
vt 0.93272780 0.94293710
vt 0.93078040 0.33592130
vt 0.93078040 0.33397390
vt 0.93272780 0.33397390
vt 0.93078040 0.33592130
vt 0.93272780 0.33397390
vt 0.93078040 0.33397390
vt 0.93078040 0.94293710
vt 0.93272780 0.94293710
vt 0.93078040 0.94098970
vt 0.92051580 0.33592130
vt 0.92051580 0.33397390
vt 0.91856840 0.33397390
vt 0.92051580 0.33592130
vt 0.91856840 0.33397390
vt 0.92051580 0.33397390
vt 0.92051580 0.94293710
vt 0.91856840 0.94293710
vt 0.92051580 0.94098970
vt 0.92051580 0.94293710
vt 0.92051580 0.94098970
vt 0.91856840 0.94293710
vt 0.93078040 0.60068830
vt 0.92051580 0.60068830
vt 0.92051580 0.69175670
vt 0.93078040 0.69175670
vt 0.94293710 0.60068830
vt 0.33397400 0.60068830
vt 0.33397400 0.69175670
vt 0.94293710 0.69175670
vt 0.93078040 0.33397390
vt 0.92051580 0.33397390
vt 0.92051580 0.94293714
vt 0.93078040 0.94293714
vt 0.93078040 0.94293710
vt 0.92051580 0.94293710
vt 0.92051580 0.33397400
vt 0.93078040 0.33397400
vt 0.93078040 0.69175670
vt 0.92051580 0.69175670
vt 0.92051580 0.60068830
vt 0.93078040 0.60068830
vt 0.91422650 0.64621850
vt 0.91127550 0.63974260
vt 0.91422650 0.63974260
vt 0.91127550 0.64621850
vt 0.91422650 0.65269470
vt 0.91127550 0.65269470
vt 0.91580430 0.64621850
vt 0.91580430 0.64274470
vt 0.91885510 0.64274470
vt 0.91885510 0.64621850
vt 0.91580430 0.64969250
vt 0.91885510 0.64969250
vt 0.91422650 0.64621850
vt 0.91127550 0.65269470
vt 0.91422650 0.65269470
vt 0.91127550 0.64621850
vt 0.91422650 0.63974260
vt 0.91127550 0.63974260
vt 0.91580430 0.14192910
vt 0.91885510 0.13845540
vt 0.91885510 0.14192910
vt 0.91580430 0.13845540
vt 0.91885510 0.13498140
vt 0.91580430 0.13498140
vt 0.91422650 0.13845540
vt 0.91127550 0.13197950
vt 0.91422650 0.13197950
vt 0.91127550 0.13845540
vt 0.91422650 0.14493130
vt 0.91127550 0.14493130
vt 0.91422650 0.13197950
vt 0.91127550 0.13197950
vt 0.91127550 0.13845540
vt 0.91422650 0.13845540
vt 0.91127550 0.14493130
vt 0.91422650 0.14493130
vt 0.91580430 0.64274470
vt 0.91885510 0.64621850
vt 0.91885510 0.64274470
vt 0.91580430 0.64621850
vt 0.91885510 0.64969250
vt 0.91580430 0.64969250
vt 0.91580430 0.13498140
vt 0.91885510 0.13845540
vt 0.91885510 0.13498140
vt 0.91580430 0.13845540
vt 0.91885510 0.14192910
vt 0.91580430 0.14192910
vt 0.33397390 0.69175670
vt 0.33592130 0.69175670
vt 0.33592130 0.60068830
vt 0.33397390 0.60068830
vt 0.93078040 0.94293710
vt 0.93272780 0.94293710
vt 0.93272780 0.33397400
vt 0.93078040 0.33397400
vt 0.93272780 0.94293710
vt 0.93078040 0.94293710
vt 0.93078040 0.33397400
vt 0.93272780 0.33397400
vt 0.93272780 0.60068830
vt 0.93078040 0.60068830
vt 0.93078040 0.69175670
vt 0.93272780 0.69175670
vt 0.33592130 0.69175670
vt 0.33397390 0.69175670
vt 0.33397390 0.60068830
vt 0.33592130 0.60068830
vt 0.91856840 0.94293710
vt 0.92051580 0.94293710
vt 0.92051580 0.33397400
vt 0.91856840 0.33397400
vt 0.92051580 0.94293710
vt 0.91856840 0.94293710
vt 0.91856840 0.33397400
vt 0.92051580 0.33397400
vt 0.92051580 0.60068830
vt 0.91856840 0.60068830
vt 0.91856840 0.69175670
vt 0.92051580 0.69175670
vt 0.93078040 0.94098970
vt 0.93078040 0.94293710
vt 0.92051580 0.94293710
vt 0.92051580 0.94098970
vt 0.92051580 0.33592130
vt 0.92051580 0.33397390
vt 0.93078040 0.33397390
vt 0.93078040 0.33592130
vt 0.93078040 0.33592130
vt 0.93078040 0.33397390
vt 0.92051580 0.33397390
vt 0.92051580 0.33592130
vt 0.92051580 0.94098970
vt 0.92051580 0.94293710
vt 0.93078040 0.94293710
vt 0.93078040 0.94098970
vt 0.33022690 0.68800990
vt 0.33397390 0.69175670
vt 0.33397390 0.60068830
vt 0.33022690 0.60443510
vt 0.94293714 0.60068830
vt 0.94668388 0.60443510
vt 0.94668390 0.68800990
vt 0.33397400 0.69175670
vt 0.33022700 0.68800990
vt 0.94293710 0.69175670
vt 0.94668390 0.60443510
vt 0.94293710 0.60068830
vt 0.94668390 0.60443510
vt 0.94668390 0.68800990
vt 0.33022700 0.68800990
vt 0.33022700 0.60443510
vt 0.93272780 0.60443510
vt 0.16812600 0.60443510
vt 0.16812600 0.68800990
vt 0.93272780 0.68800990
vt 0.93272780 0.94668390
vt 0.16812600 0.94668390
vt 0.16812600 0.33022700
vt 0.93272780 0.33022700
vt 0.93272780 0.68800990
vt 0.16812600 0.68800990
vt 0.16812600 0.60443510
vt 0.93272780 0.60443510
vt 0.93772780 0.95168390
vt 0.93272780 0.94668390
vt 0.93272780 0.33022700
vt 0.93772780 0.32522700
vt 0.16312650 0.32522700
vt 0.16812630 0.33022690
vt 0.16812630 0.94668388
vt 0.16312650 0.95168388
vt 0.93772780 0.32522700
vt 0.93272780 0.33022690
vt 0.16812600 0.33022690
vt 0.16312600 0.32522700
vt 0.16312650 0.95168390
vt 0.16812630 0.94668390
vt 0.93272781 0.94668390
vt 0.93772781 0.95168390
vt 0.93772780 0.32522700
vt 0.16312600 0.32522700
vt 0.16312600 0.95168388
vt 0.93772780 0.95168388
vt 0.95168390 0.68800990
vt 0.95168390 0.60899750
vt 0.32522700 0.60899750
vt 0.32522700 0.68800990
vt 0.32522700 0.68800990
vt 0.32522700 0.60899750
vt 0.95168388 0.60899750
vt 0.95168388 0.68800990
vt 0.93772780 0.68800990
vt 0.93772780 0.60899750
vt 0.16312600 0.60899750
vt 0.16312600 0.68800990
vt 0.16312650 0.68800990
vt 0.16312650 0.60899750
vt 0.93772781 0.60899750
vt 0.93772781 0.68800990
vt 0.13845540 0.65113150
vt 0.13845540 0.65537730
vt 0.14493130 0.65269470
vt 0.14192910 0.64969250
vt 0.13498140 0.64969250
vt 0.14761400 0.64621850
vt 0.13197950 0.65269470
vt 0.14336820 0.64621850
vt 0.13354250 0.64621850
vt 0.14493130 0.63974260
vt 0.12929680 0.64621850
vt 0.14192910 0.64274470
vt 0.13498140 0.64274470
vt 0.13845540 0.63706020
vt 0.13197950 0.63974260
vt 0.13845540 0.64130570
vt 0.14493130 0.65269470
vt 0.14370800 0.65147140
vt 0.14588380 0.64621850
vt 0.14761400 0.64621850
vt 0.13845540 0.65537730
vt 0.14370800 0.64096580
vt 0.14493130 0.63974260
vt 0.13845540 0.63879020
vt 0.13845540 0.63706020
vt 0.13845540 0.65364720
vt 0.13197950 0.65269470
vt 0.13320260 0.65147140
vt 0.12929680 0.64621850
vt 0.13320260 0.64096610
vt 0.13197950 0.63974260
vt 0.13102670 0.64621850
vt 0.93078040 0.94293710
vt 0.93078040 0.94098970
vt 0.93272780 0.94293710
vt 0.93078040 0.33592130
vt 0.93078040 0.33397390
vt 0.93272780 0.33397390
vt 0.93078040 0.33592130
vt 0.93272780 0.33397390
vt 0.93078040 0.33397390
vt 0.93078040 0.94293710
vt 0.93272780 0.94293710
vt 0.93078040 0.94098970
vt 0.92051580 0.33592130
vt 0.92051580 0.33397390
vt 0.91856840 0.33397390
vt 0.92051580 0.33592130
vt 0.91856840 0.33397390
vt 0.92051580 0.33397390
vt 0.92051580 0.94293710
vt 0.91856840 0.94293710
vt 0.92051580 0.94098970
vt 0.92051580 0.94293710
vt 0.92051580 0.94098970
vt 0.91856840 0.94293710
vt 0.93078040 0.69785730
vt 0.92051580 0.69785730
vt 0.92051580 0.78892560
vt 0.93078040 0.78892560
vt 0.94293710 0.69785730
vt 0.33397400 0.69785730
vt 0.33397400 0.78892560
vt 0.94293710 0.78892560
vt 0.93078040 0.78892560
vt 0.92051580 0.78892560
vt 0.92051580 0.69785730
vt 0.93078040 0.69785730
vt 0.93078040 0.94293710
vt 0.92051580 0.94293710
vt 0.92051580 0.33397400
vt 0.93078040 0.33397400
vt 0.93078040 0.33397390
vt 0.92051580 0.33397390
vt 0.92051580 0.94293714
vt 0.93078040 0.94293714
vt 0.91422650 0.74347130
vt 0.91127550 0.73699530
vt 0.91422650 0.73699530
vt 0.91127550 0.74347130
vt 0.91422650 0.74994740
vt 0.91127550 0.74994740
vt 0.91580430 0.74347130
vt 0.91580430 0.73999740
vt 0.91885510 0.73999740
vt 0.91885510 0.74347130
vt 0.91580430 0.74694530
vt 0.91885510 0.74694530
vt 0.91422650 0.74347130
vt 0.91127550 0.74994740
vt 0.91422650 0.74994740
vt 0.91127550 0.74347130
vt 0.91422650 0.73699530
vt 0.91127550 0.73699530
vt 0.91580430 0.14192910
vt 0.91885510 0.13845540
vt 0.91885510 0.14192910
vt 0.91580430 0.13845540
vt 0.91885510 0.13498140
vt 0.91580430 0.13498140
vt 0.91422650 0.13845540
vt 0.91127550 0.13197950
vt 0.91422650 0.13197950
vt 0.91127550 0.13845540
vt 0.91422650 0.14493130
vt 0.91127550 0.14493130
vt 0.91422650 0.13197950
vt 0.91127550 0.13197950
vt 0.91127550 0.13845540
vt 0.91422650 0.13845540
vt 0.91127550 0.14493130
vt 0.91422650 0.14493130
vt 0.91580430 0.73999740
vt 0.91885510 0.74347130
vt 0.91885510 0.73999740
vt 0.91580430 0.74347130
vt 0.91885510 0.74694530
vt 0.91580430 0.74694530
vt 0.91580430 0.13498140
vt 0.91885510 0.13845540
vt 0.91885510 0.13498140
vt 0.91580430 0.13845540
vt 0.91885510 0.14192910
vt 0.91580430 0.14192910
vt 0.33397390 0.78892560
vt 0.33592130 0.78892560
vt 0.33592130 0.69785730
vt 0.33397390 0.69785730
vt 0.93078040 0.94293710
vt 0.93272780 0.94293710
vt 0.93272780 0.33397400
vt 0.93078040 0.33397400
vt 0.93272780 0.94293710
vt 0.93078040 0.94293710
vt 0.93078040 0.33397400
vt 0.93272780 0.33397400
vt 0.93272780 0.69785730
vt 0.93078040 0.69785730
vt 0.93078040 0.78892560
vt 0.93272780 0.78892560
vt 0.33592130 0.78892560
vt 0.33397390 0.78892560
vt 0.33397390 0.69785730
vt 0.33592130 0.69785730
vt 0.91856840 0.94293710
vt 0.92051580 0.94293710
vt 0.92051580 0.33397400
vt 0.91856840 0.33397400
vt 0.92051580 0.94293710
vt 0.91856840 0.94293710
vt 0.91856840 0.33397400
vt 0.92051580 0.33397400
vt 0.92051580 0.69785730
vt 0.91856840 0.69785730
vt 0.91856840 0.78892560
vt 0.92051580 0.78892560
vt 0.93078040 0.33397390
vt 0.93078040 0.33592130
vt 0.92051580 0.33592130
vt 0.92051580 0.33397390
vt 0.92051580 0.33397390
vt 0.92051580 0.33592130
vt 0.93078040 0.33592130
vt 0.93078040 0.33397390
vt 0.93078040 0.94098970
vt 0.93078040 0.94293710
vt 0.92051580 0.94293710
vt 0.92051580 0.94098970
vt 0.92051580 0.94098970
vt 0.92051580 0.94293710
vt 0.93078040 0.94293710
vt 0.93078040 0.94098970
vt 0.33022690 0.78517880
vt 0.33397390 0.78892560
vt 0.33397390 0.69785730
vt 0.33022690 0.70160410
vt 0.94293714 0.69785730
vt 0.94668388 0.70160410
vt 0.94668390 0.78517880
vt 0.33397400 0.78892560
vt 0.33022700 0.78517880
vt 0.94293710 0.78892560
vt 0.94668390 0.70160410
vt 0.94293710 0.69785730
vt 0.94668390 0.70160410
vt 0.94668390 0.78517880
vt 0.33022700 0.78517880
vt 0.33022700 0.70160410
vt 0.95168390 0.78517880
vt 0.95168390 0.70604530
vt 0.32522700 0.70604530
vt 0.32522700 0.78517880
vt 0.93272780 0.70160410
vt 0.16812600 0.70160410
vt 0.16812600 0.78517880
vt 0.93272780 0.78517880
vt 0.93272780 0.94668390
vt 0.16812600 0.94668390
vt 0.16812600 0.33022700
vt 0.93272780 0.33022700
vt 0.93272780 0.78517880
vt 0.16812600 0.78517880
vt 0.16812600 0.70160410
vt 0.93272780 0.70160410
vt 0.93772780 0.95168390
vt 0.93272780 0.94668390
vt 0.93272780 0.33022700
vt 0.93772780 0.32522700
vt 0.16312650 0.32522700
vt 0.16812630 0.33022690
vt 0.16812630 0.94668388
vt 0.16312650 0.95168388
vt 0.93772780 0.32522700
vt 0.93272780 0.33022690
vt 0.16812600 0.33022690
vt 0.16312600 0.32522700
vt 0.16312650 0.95168390
vt 0.16812630 0.94668390
vt 0.93272781 0.94668390
vt 0.93772781 0.95168390
vt 0.93772780 0.32522700
vt 0.16312600 0.32522700
vt 0.16312600 0.95168388
vt 0.93772780 0.95168388
vt 0.32522700 0.78517880
vt 0.32522700 0.70604530
vt 0.95168388 0.70604530
vt 0.95168388 0.78517880
vt 0.16312650 0.78517880
vt 0.16312650 0.70604530
vt 0.93772781 0.70604530
vt 0.93772781 0.78517880
vt 0.93772780 0.78517880
vt 0.93772780 0.70604530
vt 0.16312600 0.70604530
vt 0.16312600 0.78517880
vt 0.13845540 0.74838420
vt 0.13845540 0.75263000
vt 0.14493130 0.74994740
vt 0.14192910 0.74694530
vt 0.13498140 0.74694530
vt 0.14761400 0.74347130
vt 0.13197950 0.74994740
vt 0.14336820 0.74347130
vt 0.13354250 0.74347130
vt 0.14493130 0.73699530
vt 0.12929680 0.74347130
vt 0.14192910 0.73999740
vt 0.13498140 0.73999740
vt 0.13845540 0.73431290
vt 0.13197950 0.73699530
vt 0.13845540 0.73855840
vt 0.14493130 0.74994740
vt 0.14370800 0.74872420
vt 0.14588380 0.74347130
vt 0.14761400 0.74347130
vt 0.13845540 0.75263000
vt 0.14370800 0.73821850
vt 0.14493130 0.73699530
vt 0.13845540 0.73604300
vt 0.13845540 0.73431290
vt 0.13845540 0.75089990
vt 0.13197950 0.74994740
vt 0.13320260 0.74872420
vt 0.12929680 0.74347130
vt 0.13320260 0.73821880
vt 0.13197950 0.73699530
vt 0.13102670 0.74347130
vt 0.93078040 0.94293710
vt 0.93078040 0.94098970
vt 0.93272780 0.94293710
vt 0.93078040 0.33397390
vt 0.93272780 0.33397390
vt 0.93078040 0.33592130
vt 0.93078040 0.33397390
vt 0.93078040 0.33592130
vt 0.93272780 0.33397390
vt 0.93078040 0.94293710
vt 0.93272780 0.94293710
vt 0.93078040 0.94098970
vt 0.92051580 0.94293710
vt 0.92051580 0.94098970
vt 0.91856840 0.94293710
vt 0.92051580 0.33397390
vt 0.91856840 0.33397390
vt 0.92051580 0.33592130
vt 0.92051580 0.94293710
vt 0.91856840 0.94293710
vt 0.92051580 0.94098970
vt 0.92051580 0.33397390
vt 0.92051580 0.33592130
vt 0.91856840 0.33397390
vt 0.93272780 0.79877290
vt 0.16812600 0.79877290
vt 0.16812600 0.88234770
vt 0.93272780 0.88234770
vt 0.93272780 0.94668390
vt 0.16812600 0.94668390
vt 0.16812600 0.33022700
vt 0.93272780 0.33022700
vt 0.93772780 0.88234770
vt 0.93772780 0.80259040
vt 0.16312600 0.80259040
vt 0.16312600 0.88234770
vt 0.93078040 0.79502620
vt 0.92051580 0.79502620
vt 0.92051580 0.88609460
vt 0.93078040 0.88609460
vt 0.93078040 0.94293710
vt 0.92051580 0.94293710
vt 0.92051580 0.33397400
vt 0.93078040 0.33397400
vt 0.93078040 0.88609460
vt 0.92051580 0.88609460
vt 0.92051580 0.79502620
vt 0.93078040 0.79502620
vt 0.94293710 0.79502620
vt 0.33397400 0.79502620
vt 0.33397400 0.88609460
vt 0.94293710 0.88609460
vt 0.93078040 0.33397390
vt 0.92051580 0.33397390
vt 0.92051580 0.94293714
vt 0.93078040 0.94293714
vt 0.32522700 0.88234770
vt 0.32522700 0.80259040
vt 0.95168388 0.80259040
vt 0.95168388 0.88234770
vt 0.91422650 0.84062120
vt 0.91127550 0.83414520
vt 0.91422650 0.83414520
vt 0.91127550 0.84062120
vt 0.91422650 0.84709730
vt 0.91127550 0.84709730
vt 0.91580430 0.84062120
vt 0.91580430 0.83714720
vt 0.91885510 0.83714720
vt 0.91885510 0.84062120
vt 0.91580430 0.84409520
vt 0.91885510 0.84409520
vt 0.91422650 0.84062120
vt 0.91127550 0.84709730
vt 0.91422650 0.84709730
vt 0.91127550 0.84062120
vt 0.91422650 0.83414520
vt 0.91127550 0.83414520
vt 0.91580430 0.14192910
vt 0.91885510 0.13845540
vt 0.91885510 0.14192910
vt 0.91580430 0.13845540
vt 0.91885510 0.13498140
vt 0.91580430 0.13498140
vt 0.91422650 0.13845540
vt 0.91127550 0.13197950
vt 0.91422650 0.13197950
vt 0.91127550 0.13845540
vt 0.91422650 0.14493130
vt 0.91127550 0.14493130
vt 0.91422650 0.13197950
vt 0.91127550 0.13197950
vt 0.91127550 0.13845540
vt 0.91422650 0.13845540
vt 0.91127550 0.14493130
vt 0.91422650 0.14493130
vt 0.91580430 0.83714720
vt 0.91885510 0.84062120
vt 0.91885510 0.83714720
vt 0.91580430 0.84062120
vt 0.91885510 0.84409520
vt 0.91580430 0.84409520
vt 0.91580430 0.13498140
vt 0.91885510 0.13845540
vt 0.91885510 0.13498140
vt 0.91580430 0.13845540
vt 0.91885510 0.14192910
vt 0.91580430 0.14192910
vt 0.93272780 0.94293710
vt 0.93078040 0.94293710
vt 0.93078040 0.33397400
vt 0.93272780 0.33397400
vt 0.93078040 0.94293710
vt 0.93272780 0.94293710
vt 0.93272780 0.33397400
vt 0.93078040 0.33397400
vt 0.33397390 0.88609460
vt 0.33592130 0.88609460
vt 0.33592130 0.79502620
vt 0.33397390 0.79502620
vt 0.93272780 0.79502620
vt 0.93078040 0.79502620
vt 0.93078040 0.88609460
vt 0.93272780 0.88609460
vt 0.92051580 0.94293710
vt 0.91856840 0.94293710
vt 0.91856840 0.33397400
vt 0.92051580 0.33397400
vt 0.91856840 0.94293710
vt 0.92051580 0.94293710
vt 0.92051580 0.33397400
vt 0.91856840 0.33397400
vt 0.33592130 0.88609460
vt 0.33397390 0.88609460
vt 0.33397390 0.79502620
vt 0.33592130 0.79502620
vt 0.92051580 0.79502620
vt 0.91856840 0.79502620
vt 0.91856840 0.88609460
vt 0.92051580 0.88609460
vt 0.93078040 0.94293710
vt 0.93078040 0.94098970
vt 0.92051580 0.94098970
vt 0.92051580 0.94293710
vt 0.92051580 0.94293710
vt 0.92051580 0.94098970
vt 0.93078040 0.94098970
vt 0.93078040 0.94293710
vt 0.93078040 0.33592130
vt 0.93078040 0.33397390
vt 0.92051580 0.33397390
vt 0.92051580 0.33592130
vt 0.92051580 0.33592130
vt 0.92051580 0.33397390
vt 0.93078040 0.33397390
vt 0.93078040 0.33592130
vt 0.94668390 0.88234770
vt 0.33397400 0.88609460
vt 0.33022700 0.88234770
vt 0.94293710 0.88609460
vt 0.94668390 0.79877290
vt 0.94293710 0.79502620
vt 0.33022690 0.79877290
vt 0.94293714 0.79502620
vt 0.94668388 0.79877290
vt 0.33397390 0.79502620
vt 0.33022690 0.88234770
vt 0.33397390 0.88609460
vt 0.94668390 0.79877290
vt 0.94668390 0.88234770
vt 0.33022700 0.88234770
vt 0.33022700 0.79877290
vt 0.93272780 0.88234770
vt 0.16812600 0.88234770
vt 0.16812600 0.79877290
vt 0.93272780 0.79877290
vt 0.93772780 0.95168390
vt 0.93272780 0.94668390
vt 0.93272780 0.33022700
vt 0.93772780 0.32522700
vt 0.16312650 0.32522700
vt 0.16812630 0.33022690
vt 0.16812630 0.94668388
vt 0.16312650 0.95168388
vt 0.16312650 0.95168390
vt 0.16812630 0.94668390
vt 0.93272781 0.94668390
vt 0.93772781 0.95168390
vt 0.93772780 0.32522700
vt 0.93272780 0.33022690
vt 0.16812600 0.33022690
vt 0.16312600 0.32522700
vt 0.93772780 0.32522700
vt 0.16312600 0.32522700
vt 0.16312600 0.95168388
vt 0.93772780 0.95168388
vt 0.16312650 0.88234770
vt 0.16312650 0.80259040
vt 0.93772781 0.80259040
vt 0.93772781 0.88234770
vt 0.95168390 0.88234770
vt 0.95168390 0.80259040
vt 0.32522700 0.80259040
vt 0.32522700 0.88234770
vt 0.13845540 0.84553410
vt 0.13845540 0.84977990
vt 0.14493130 0.84709730
vt 0.14192910 0.84409520
vt 0.13498140 0.84409520
vt 0.14761400 0.84062120
vt 0.13197950 0.84709730
vt 0.14336820 0.84062120
vt 0.13354250 0.84062120
vt 0.14493130 0.83414520
vt 0.12929680 0.84062120
vt 0.14192910 0.83714720
vt 0.13498140 0.83714720
vt 0.13845540 0.83146290
vt 0.13197950 0.83414520
vt 0.13845540 0.83570830
vt 0.14493130 0.84709730
vt 0.14370800 0.84587410
vt 0.14588380 0.84062120
vt 0.14761400 0.84062120
vt 0.13845540 0.84977990
vt 0.14370800 0.83536850
vt 0.14493130 0.83414520
vt 0.13845540 0.83319290
vt 0.13845540 0.83146290
vt 0.13845540 0.84804980
vt 0.13197950 0.84709730
vt 0.13320260 0.84587410
vt 0.12929680 0.84062120
vt 0.13320260 0.83536880
vt 0.13197950 0.83414520
vt 0.13102670 0.84062120
vt 0.20688770 0.94098970
vt 0.20883510 0.94293710
vt 0.20688770 0.94293710
vt 0.20688770 0.94293710
vt 0.20883510 0.94293710
vt 0.20688770 0.94098970
vt 0.20688770 0.33397390
vt 0.20688770 0.33592130
vt 0.20883510 0.33397390
vt 0.20688770 0.33397390
vt 0.20883510 0.33397390
vt 0.20688770 0.33592130
vt 0.19662310 0.94293710
vt 0.19662310 0.94098970
vt 0.19467570 0.94293710
vt 0.19662310 0.33397390
vt 0.19467570 0.33397390
vt 0.19662310 0.33592130
vt 0.19662310 0.94098970
vt 0.19662310 0.94293710
vt 0.19467570 0.94293710
vt 0.19662310 0.33397390
vt 0.19662310 0.33592130
vt 0.19467570 0.33397390
vt 0.20688770 0.33397390
vt 0.19662310 0.33397390
vt 0.19662310 0.94293714
vt 0.20688770 0.94293714
vt 0.94293710 0.89250160
vt 0.33397400 0.89250160
vt 0.33397400 0.97610220
vt 0.94293710 0.97610220
vt 0.20688770 0.94293710
vt 0.19662310 0.94293710
vt 0.19662310 0.33397400
vt 0.20688770 0.33397400
vt 0.20688770 0.89250160
vt 0.19662310 0.89250160
vt 0.19662310 0.97610220
vt 0.20688770 0.97610220
vt 0.20688770 0.97610220
vt 0.19662310 0.97610220
vt 0.19662310 0.89250160
vt 0.20688770 0.89250160
vt 0.19033380 0.93430190
vt 0.18738270 0.92782590
vt 0.19033380 0.92782590
vt 0.18738270 0.93430190
vt 0.19033380 0.94077800
vt 0.18738270 0.94077800
vt 0.19191170 0.93430190
vt 0.19191170 0.93082800
vt 0.19496250 0.93082800
vt 0.19496250 0.93430190
vt 0.19191170 0.93777590
vt 0.19496250 0.93777590
vt 0.19033380 0.93430190
vt 0.18738270 0.94077800
vt 0.19033380 0.94077800
vt 0.18738270 0.93430190
vt 0.19033380 0.92782590
vt 0.18738270 0.92782590
vt 0.19191170 0.14192910
vt 0.19496250 0.13845540
vt 0.19496250 0.14192910
vt 0.19191170 0.13845540
vt 0.19496250 0.13498140
vt 0.19191170 0.13498140
vt 0.19033380 0.13845540
vt 0.18738270 0.13197950
vt 0.19033380 0.13197950
vt 0.18738270 0.13845540
vt 0.19033380 0.14493130
vt 0.18738270 0.14493130
vt 0.19033380 0.13197950
vt 0.18738270 0.13197950
vt 0.18738270 0.13845540
vt 0.19033380 0.13845540
vt 0.18738270 0.14493130
vt 0.19033380 0.14493130
vt 0.19191170 0.93082800
vt 0.19496250 0.93430190
vt 0.19496250 0.93082800
vt 0.19191170 0.93430190
vt 0.19496250 0.93777590
vt 0.19191170 0.93777590
vt 0.19191170 0.13498140
vt 0.19496250 0.13845540
vt 0.19496250 0.13498140
vt 0.19191170 0.13845540
vt 0.19496250 0.14192910
vt 0.19191170 0.14192910
vt 0.20883510 0.94293710
vt 0.20688770 0.94293710
vt 0.20688770 0.33397400
vt 0.20883510 0.33397400
vt 0.20883510 0.89250160
vt 0.20688770 0.89250160
vt 0.20688770 0.97610220
vt 0.20883510 0.97610220
vt 0.20688770 0.94293710
vt 0.20883510 0.94293710
vt 0.20883510 0.33397400
vt 0.20688770 0.33397400
vt 0.33397390 0.97610220
vt 0.33592130 0.97610220
vt 0.33592130 0.89250160
vt 0.33397390 0.89250160
vt 0.19662310 0.94293710
vt 0.19467570 0.94293710
vt 0.19467570 0.33397400
vt 0.19662310 0.33397400
vt 0.19662310 0.89250160
vt 0.19467570 0.89250160
vt 0.19467570 0.97610220
vt 0.19662310 0.97610220
vt 0.19467570 0.94293710
vt 0.19662310 0.94293710
vt 0.19662310 0.33397400
vt 0.19467570 0.33397400
vt 0.33592130 0.97610220
vt 0.33397390 0.97610220
vt 0.33397390 0.89250160
vt 0.33592130 0.89250160
vt 0.20688770 0.33397390
vt 0.20688770 0.33592130
vt 0.19662310 0.33592130
vt 0.19662310 0.33397390
vt 0.19662310 0.33397390
vt 0.19662310 0.33592130
vt 0.20688770 0.33592130
vt 0.20688770 0.33397390
vt 0.19662310 0.94098970
vt 0.19662310 0.94293710
vt 0.20688770 0.94293710
vt 0.20688770 0.94098970
vt 0.19662310 0.94293710
vt 0.19662310 0.94098970
vt 0.20688770 0.94098970
vt 0.20688770 0.94293710
vt 0.94668390 0.97235550
vt 0.33397400 0.97610220
vt 0.33022700 0.97235550
vt 0.94293710 0.97610220
vt 0.94668390 0.89624830
vt 0.94293710 0.89250160
vt 0.33022690 0.89624830
vt 0.94293714 0.89250160
vt 0.94668388 0.89624830
vt 0.33397390 0.89250160
vt 0.33022690 0.97235550
vt 0.33397390 0.97610220
vt 0.94668390 0.89624830
vt 0.94668390 0.97235550
vt 0.33022700 0.97235550
vt 0.33022700 0.89624830
vt 0.21383520 0.97235550
vt 0.21383520 0.90048490
vt 0.43923380 0.90048490
vt 0.43923380 0.97235550
vt 0.20883510 0.97235550
vt 0.44423370 0.97235550
vt 0.44423370 0.89624830
vt 0.20883510 0.89624830
vt 0.20883510 0.94668390
vt 0.44423370 0.94668390
vt 0.44423370 0.33022700
vt 0.20883510 0.33022700
vt 0.20883510 0.89624830
vt 0.44423370 0.89624830
vt 0.44423370 0.97235550
vt 0.20883510 0.97235550
vt 0.21383520 0.95168390
vt 0.20883510 0.33022700
vt 0.21383520 0.32522700
vt 0.20883510 0.94668390
vt 0.43923380 0.95168390
vt 0.44423370 0.94668390
vt 0.43923380 0.32522700
vt 0.44423370 0.94668388
vt 0.43923380 0.95168388
vt 0.44423370 0.33022690
vt 0.21383520 0.32522700
vt 0.20883510 0.33022690
vt 0.21383520 0.32522700
vt 0.43923380 0.32522700
vt 0.43923380 0.95168388
vt 0.21383520 0.95168388
vt 0.32522700 0.97235550
vt 0.32522700 0.90048490
vt 0.95168388 0.90048490
vt 0.95168388 0.97235550
vt 0.43923380 0.97235550
vt 0.43923380 0.90048490
vt 0.21383520 0.90048490
vt 0.21383520 0.97235550
vt 0.95168390 0.97235550
vt 0.95168390 0.90048490
vt 0.32522700 0.90048490
vt 0.32522700 0.97235550
vt 0.13845540 0.93921480
vt 0.13845540 0.94346060
vt 0.14493130 0.94077800
vt 0.14192910 0.93777590
vt 0.13498140 0.93777590
vt 0.14761400 0.93430190
vt 0.13197950 0.94077800
vt 0.14336820 0.93430190
vt 0.13354250 0.93430190
vt 0.14493130 0.92782590
vt 0.12929680 0.93430190
vt 0.14192910 0.93082800
vt 0.13498140 0.93082800
vt 0.13845540 0.92514350
vt 0.13197950 0.92782590
vt 0.13845540 0.92938900
vt 0.14493130 0.94077800
vt 0.14370800 0.93955480
vt 0.14588380 0.93430190
vt 0.14761400 0.93430190
vt 0.13845540 0.94346060
vt 0.14370800 0.92904920
vt 0.14493130 0.92782590
vt 0.13845540 0.92687360
vt 0.13845540 0.92514350
vt 0.13845540 0.94173050
vt 0.13197950 0.94077800
vt 0.13320260 0.93955480
vt 0.12929680 0.93430190
vt 0.13320260 0.92904940
vt 0.13197950 0.92782590
vt 0.13102670 0.93430190
vt 0.93078040 0.33991190
vt 0.93272780 0.33991190
vt 0.93078040 0.33796450
vt 0.93078040 0.73289590
vt 0.93272780 0.73094840
vt 0.93078040 0.73094840
vt 0.33991190 0.50873330
vt 0.33796450 0.51068060
vt 0.33991190 0.51068060
vt 0.93078040 0.50873330
vt 0.93272780 0.51068060
vt 0.93078040 0.51068060
vt 0.92051580 0.50873330
vt 0.92051580 0.51068060
vt 0.91856840 0.51068060
vt 0.33991190 0.50873330
vt 0.33991190 0.51068060
vt 0.33796450 0.51068060
vt 0.92051580 0.73289590
vt 0.92051580 0.73094840
vt 0.91856840 0.73094840
vt 0.92051580 0.33991190
vt 0.92051580 0.33796450
vt 0.91856840 0.33991190
vt 0.93078040 0.51068060
vt 0.92051580 0.51068060
vt 0.92051580 0.59428130
vt 0.93078040 0.59428130
vt 0.33991190 0.51068060
vt 0.73094840 0.51068060
vt 0.73094840 0.59428130
vt 0.33991190 0.59428130
vt 0.93078040 0.73094840
vt 0.92051580 0.73094840
vt 0.92051580 0.33991190
vt 0.93078040 0.33991190
vt 0.93078040 0.59428130
vt 0.92051580 0.59428130
vt 0.92051580 0.51068060
vt 0.93078040 0.51068060
vt 0.91422650 0.55242600
vt 0.91127550 0.54595010
vt 0.91422650 0.54595010
vt 0.91127550 0.55242600
vt 0.91422650 0.55890210
vt 0.91127550 0.55890210
vt 0.91580430 0.55242600
vt 0.91580430 0.54895210
vt 0.91885510 0.54895210
vt 0.91885510 0.55242600
vt 0.91580430 0.55590000
vt 0.91885510 0.55590000
vt 0.91422650 0.55242600
vt 0.91127550 0.55890210
vt 0.91422650 0.55890210
vt 0.91127550 0.55242600
vt 0.91422650 0.54595010
vt 0.91127550 0.54595010
vt 0.91580430 0.53866120
vt 0.91885510 0.53518720
vt 0.91885510 0.53866120
vt 0.91580430 0.53518720
vt 0.91885510 0.53171350
vt 0.91580430 0.53171350
vt 0.91422650 0.53518720
vt 0.91127550 0.52871130
vt 0.91422650 0.52871130
vt 0.91127550 0.53518720
vt 0.91422650 0.54166340
vt 0.91127550 0.54166340
vt 0.91422650 0.52871130
vt 0.91127550 0.52871130
vt 0.91127550 0.53518720
vt 0.91422650 0.53518720
vt 0.91127550 0.54166340
vt 0.91422650 0.54166340
vt 0.91580430 0.54895210
vt 0.91885510 0.55242600
vt 0.91885510 0.54895210
vt 0.91580430 0.55242600
vt 0.91885510 0.55590000
vt 0.91580430 0.55590000
vt 0.91580430 0.53171350
vt 0.91885510 0.53518720
vt 0.91885510 0.53171350
vt 0.91580430 0.53518720
vt 0.91885510 0.53866120
vt 0.91580430 0.53866120
vt 0.73094840 0.51068060
vt 0.73094840 0.50873330
vt 0.33991190 0.50873330
vt 0.33991190 0.51068060
vt 0.93272780 0.59428130
vt 0.93078040 0.59428130
vt 0.93078040 0.51068060
vt 0.93272780 0.51068060
vt 0.93272780 0.33991190
vt 0.93078040 0.33991190
vt 0.93078040 0.73094840
vt 0.93272780 0.73094840
vt 0.33796450 0.59428130
vt 0.33991190 0.59428130
vt 0.33991190 0.51068060
vt 0.33796450 0.51068060
vt 0.73094840 0.50873330
vt 0.73094840 0.51068060
vt 0.33991190 0.51068060
vt 0.33991190 0.50873330
vt 0.92051580 0.59428130
vt 0.91856840 0.59428130
vt 0.91856840 0.51068060
vt 0.92051580 0.51068060
vt 0.92051580 0.33991190
vt 0.91856840 0.33991190
vt 0.91856840 0.73094840
vt 0.92051580 0.73094840
vt 0.33991190 0.59428130
vt 0.33796450 0.59428130
vt 0.33796450 0.51068060
vt 0.33991190 0.51068060
vt 0.93078040 0.33796450
vt 0.93078040 0.33991190
vt 0.92051580 0.33991190
vt 0.92051580 0.33796450
vt 0.92051580 0.51068060
vt 0.92051580 0.50873330
vt 0.93078040 0.50873330
vt 0.93078040 0.51068060
vt 0.92051580 0.73094840
vt 0.92051580 0.73289590
vt 0.93078040 0.73289590
vt 0.93078040 0.73094840
vt 0.92051580 0.33796450
vt 0.92051580 0.33991190
vt 0.93078040 0.33991190
vt 0.93078040 0.33796450
vt 0.93078040 0.33991190
vt 0.92051580 0.33991190
vt 0.92051580 0.73094840
vt 0.93078040 0.73094840
vt 0.93272780 0.59053450
vt 0.16812600 0.59053450
vt 0.16812600 0.51442740
vt 0.93272780 0.51442740
vt 0.72220180 0.59053450
vt 0.72220180 0.51822530
vt 0.34865860 0.51822530
vt 0.34865860 0.59053450
vt 0.34365840 0.51442740
vt 0.34365840 0.59053450
vt 0.72720170 0.59053450
vt 0.72720170 0.51442740
vt 0.93272780 0.34365840
vt 0.16812600 0.34365840
vt 0.16812600 0.72720170
vt 0.93272780 0.72720170
vt 0.93272780 0.51442740
vt 0.16812600 0.51442740
vt 0.16812600 0.59053450
vt 0.93272780 0.59053450
vt 0.93772780 0.34865860
vt 0.93272780 0.34365840
vt 0.93272780 0.72720170
vt 0.93772780 0.72220180
vt 0.16812600 0.72720170
vt 0.16312600 0.72220180
vt 0.16312650 0.72220180
vt 0.16812630 0.72720170
vt 0.16812630 0.34365840
vt 0.16312650 0.34865860
vt 0.93272781 0.34365840
vt 0.93772781 0.34865860
vt 0.93772780 0.72220180
vt 0.16312600 0.72220180
vt 0.16312600 0.34865860
vt 0.93772780 0.34865860
vt 0.16312650 0.59053450
vt 0.16312650 0.51822530
vt 0.93772781 0.51822530
vt 0.93772781 0.59053450
vt 0.34865860 0.59053450
vt 0.34865860 0.51822530
vt 0.72220180 0.51822530
vt 0.72220180 0.59053450
vt 0.93772780 0.59053450
vt 0.93772780 0.51822530
vt 0.16312600 0.51822530
vt 0.16312600 0.59053450
vt 0.53518720 0.55733890
vt 0.53518720 0.56158470
vt 0.54166340 0.55890210
vt 0.53866120 0.55590000
vt 0.53171350 0.55590000
vt 0.54434590 0.55242600
vt 0.52871130 0.55890210
vt 0.54010030 0.55242600
vt 0.53027440 0.55242600
vt 0.54166340 0.54595010
vt 0.52602890 0.55242600
vt 0.53866120 0.54895210
vt 0.53171350 0.54895210
vt 0.53518720 0.54326770
vt 0.52871130 0.54595010
vt 0.53518720 0.54751310
vt 0.72720170 0.51442740
vt 0.73094840 0.51068060
vt 0.33991190 0.51068060
vt 0.34365840 0.51442740
vt 0.72720170 0.59053450
vt 0.33991190 0.59428130
vt 0.73094840 0.59428130
vt 0.34365840 0.59053450
vt 0.54166340 0.55890210
vt 0.54043980 0.55767890
vt 0.54261570 0.55242600
vt 0.54434590 0.55242600
vt 0.53518720 0.56158470
vt 0.54043980 0.54717330
vt 0.54166340 0.54595010
vt 0.53518750 0.54499770
vt 0.53518720 0.54326770
vt 0.53518720 0.55985460
vt 0.52871130 0.55890210
vt 0.52993460 0.55767890
vt 0.52602890 0.55242600
vt 0.52993460 0.54717360
vt 0.52871130 0.54595010
vt 0.52775880 0.55242600
vt 0.93078040 0.33991190
vt 0.93272780 0.33991190
vt 0.93078040 0.33796450
vt 0.93078040 0.73289590
vt 0.93272780 0.73094840
vt 0.93078040 0.73094840
vt 0.93078040 0.33991190
vt 0.93078040 0.33796450
vt 0.93272780 0.33991190
vt 0.93078040 0.73289590
vt 0.93078040 0.73094840
vt 0.93272780 0.73094840
vt 0.92051580 0.73289590
vt 0.92051580 0.73094840
vt 0.91856840 0.73094840
vt 0.92051580 0.73289590
vt 0.91856840 0.73094840
vt 0.92051580 0.73094840
vt 0.92051580 0.33991190
vt 0.92051580 0.33796450
vt 0.91856840 0.33991190
vt 0.92051580 0.33991190
vt 0.91856840 0.33991190
vt 0.92051580 0.33796450
vt 0.93078040 0.60068830
vt 0.92051580 0.60068830
vt 0.92051580 0.69175670
vt 0.93078040 0.69175670
vt 0.33991190 0.60068830
vt 0.73094840 0.60068830
vt 0.73094840 0.69175670
vt 0.33991190 0.69175670
vt 0.93078040 0.69175670
vt 0.92051580 0.69175670
vt 0.92051580 0.60068830
vt 0.93078040 0.60068830
vt 0.93078040 0.73094840
vt 0.92051580 0.73094840
vt 0.92051580 0.33991190
vt 0.93078040 0.33991190
vt 0.93078040 0.33991190
vt 0.92051580 0.33991190
vt 0.92051580 0.73094840
vt 0.93078040 0.73094840
vt 0.91422650 0.64621850
vt 0.91127550 0.63974260
vt 0.91422650 0.63974260
vt 0.91127550 0.64621850
vt 0.91422650 0.65269470
vt 0.91127550 0.65269470
vt 0.91580430 0.64621850
vt 0.91580430 0.64274470
vt 0.91885510 0.64274470
vt 0.91885510 0.64621850
vt 0.91580430 0.64969250
vt 0.91885510 0.64969250
vt 0.91422650 0.64621850
vt 0.91127550 0.65269470
vt 0.91422650 0.65269470
vt 0.91127550 0.64621850
vt 0.91422650 0.63974260
vt 0.91127550 0.63974260
vt 0.91580430 0.53866120
vt 0.91885510 0.53518720
vt 0.91885510 0.53866120
vt 0.91580430 0.53518720
vt 0.91885510 0.53171350
vt 0.91580430 0.53171350
vt 0.91422650 0.53518720
vt 0.91127550 0.52871130
vt 0.91422650 0.52871130
vt 0.91127550 0.53518720
vt 0.91422650 0.54166340
vt 0.91127550 0.54166340
vt 0.91422650 0.52871130
vt 0.91127550 0.52871130
vt 0.91127550 0.53518720
vt 0.91422650 0.53518720
vt 0.91127550 0.54166340
vt 0.91422650 0.54166340
vt 0.91580430 0.64274470
vt 0.91885510 0.64621850
vt 0.91885510 0.64274470
vt 0.91580430 0.64621850
vt 0.91885510 0.64969250
vt 0.91580430 0.64969250
vt 0.91580430 0.53171350
vt 0.91885510 0.53518720
vt 0.91885510 0.53171350
vt 0.91580430 0.53518720
vt 0.91885510 0.53866120
vt 0.91580430 0.53866120
vt 0.93272780 0.69175670
vt 0.93078040 0.69175670
vt 0.93078040 0.60068830
vt 0.93272780 0.60068830
vt 0.93272780 0.33991190
vt 0.93078040 0.33991190
vt 0.93078040 0.73094840
vt 0.93272780 0.73094840
vt 0.93078040 0.33991190
vt 0.93272780 0.33991190
vt 0.93272780 0.73094840
vt 0.93078040 0.73094840
vt 0.33796450 0.69175670
vt 0.33991190 0.69175670
vt 0.33991190 0.60068830
vt 0.33796450 0.60068830
vt 0.92051580 0.69175670
vt 0.91856840 0.69175670
vt 0.91856840 0.60068830
vt 0.92051580 0.60068830
vt 0.92051580 0.33991190
vt 0.91856840 0.33991190
vt 0.91856840 0.73094840
vt 0.92051580 0.73094840
vt 0.91856840 0.33991190
vt 0.92051580 0.33991190
vt 0.92051580 0.73094840
vt 0.91856840 0.73094840
vt 0.33991190 0.69175670
vt 0.33796450 0.69175670
vt 0.33796450 0.60068830
vt 0.33991190 0.60068830
vt 0.93078040 0.73289590
vt 0.93078040 0.73094840
vt 0.92051580 0.73094840
vt 0.92051580 0.73289590
vt 0.92051580 0.33796450
vt 0.92051580 0.33991190
vt 0.93078040 0.33991190
vt 0.93078040 0.33796450
vt 0.93078040 0.33796450
vt 0.93078040 0.33991190
vt 0.92051580 0.33991190
vt 0.92051580 0.33796450
vt 0.92051580 0.73289590
vt 0.92051580 0.73094840
vt 0.93078040 0.73094840
vt 0.93078040 0.73289590
vt 0.34365840 0.60443510
vt 0.34365840 0.68800990
vt 0.72720170 0.68800990
vt 0.72720170 0.60443510
vt 0.93272780 0.60443510
vt 0.16812600 0.60443510
vt 0.16812600 0.68800990
vt 0.93272780 0.68800990
vt 0.93772780 0.68800990
vt 0.93772780 0.60899750
vt 0.16312600 0.60899750
vt 0.16312600 0.68800990
vt 0.72220180 0.68800990
vt 0.72220180 0.60899750
vt 0.34865860 0.60899750
vt 0.34865860 0.68800990
vt 0.93272780 0.34365840
vt 0.16812600 0.34365840
vt 0.16812600 0.72720170
vt 0.93272780 0.72720170
vt 0.93272780 0.68800990
vt 0.16812600 0.68800990
vt 0.16812600 0.60443510
vt 0.93272780 0.60443510
vt 0.93772780 0.34865860
vt 0.93272780 0.34365840
vt 0.93272780 0.72720170
vt 0.93772780 0.72220180
vt 0.16812600 0.72720170
vt 0.16312600 0.72220180
vt 0.16312650 0.72220180
vt 0.16812630 0.72720170
vt 0.16812630 0.34365840
vt 0.16312650 0.34865860
vt 0.93272781 0.34365840
vt 0.93772781 0.34865860
vt 0.93772780 0.72220180
vt 0.16312600 0.72220180
vt 0.16312600 0.34865860
vt 0.93772780 0.34865860
vt 0.16312650 0.68800990
vt 0.16312650 0.60899750
vt 0.93772781 0.60899750
vt 0.93772781 0.68800990
vt 0.34865860 0.68800990
vt 0.34865860 0.60899750
vt 0.72220180 0.60899750
vt 0.72220180 0.68800990
vt 0.53518720 0.65113150
vt 0.53518720 0.65537730
vt 0.54166340 0.65269470
vt 0.53866120 0.64969250
vt 0.53171350 0.64969250
vt 0.54434590 0.64621850
vt 0.52871130 0.65269470
vt 0.54010030 0.64621850
vt 0.53027440 0.64621850
vt 0.54166340 0.63974260
vt 0.52602890 0.64621850
vt 0.53866120 0.64274470
vt 0.53171350 0.64274470
vt 0.53518720 0.63706020
vt 0.52871130 0.63974260
vt 0.53518720 0.64130570
vt 0.72720170 0.68800990
vt 0.73094840 0.69175670
vt 0.73094840 0.60068830
vt 0.72720170 0.60443510
vt 0.34365840 0.68800990
vt 0.33991190 0.60068830
vt 0.33991190 0.69175670
vt 0.34365840 0.60443510
vt 0.54166340 0.65269470
vt 0.54043980 0.65147140
vt 0.54261570 0.64621850
vt 0.54434590 0.64621850
vt 0.53518720 0.65537730
vt 0.54043980 0.64096580
vt 0.54166340 0.63974260
vt 0.53518750 0.63879020
vt 0.53518720 0.63706020
vt 0.53518720 0.65364720
vt 0.52871130 0.65269470
vt 0.52993460 0.65147140
vt 0.52602890 0.64621850
vt 0.52993460 0.64096610
vt 0.52871130 0.63974260
vt 0.52775880 0.64621850
vt 0.93078040 0.33991190
vt 0.93272780 0.33991190
vt 0.93078040 0.33796450
vt 0.93078040 0.73289590
vt 0.93272780 0.73094840
vt 0.93078040 0.73094840
vt 0.93078040 0.33991190
vt 0.93078040 0.33796450
vt 0.93272780 0.33991190
vt 0.93078040 0.73289590
vt 0.93078040 0.73094840
vt 0.93272780 0.73094840
vt 0.92051580 0.73289590
vt 0.92051580 0.73094840
vt 0.91856840 0.73094840
vt 0.92051580 0.73289590
vt 0.91856840 0.73094840
vt 0.92051580 0.73094840
vt 0.92051580 0.33991190
vt 0.92051580 0.33796450
vt 0.91856840 0.33991190
vt 0.92051580 0.33991190
vt 0.91856840 0.33991190
vt 0.92051580 0.33796450
vt 0.93078040 0.69785730
vt 0.92051580 0.69785730
vt 0.92051580 0.78892560
vt 0.93078040 0.78892560
vt 0.33991190 0.69785730
vt 0.73094840 0.69785730
vt 0.73094840 0.78892560
vt 0.33991190 0.78892560
vt 0.93078040 0.33991190
vt 0.92051580 0.33991190
vt 0.92051580 0.73094840
vt 0.93078040 0.73094840
vt 0.93078040 0.73094840
vt 0.92051580 0.73094840
vt 0.92051580 0.33991190
vt 0.93078040 0.33991190
vt 0.93078040 0.78892560
vt 0.92051580 0.78892560
vt 0.92051580 0.69785730
vt 0.93078040 0.69785730
vt 0.91422650 0.74347130
vt 0.91127550 0.73699530
vt 0.91422650 0.73699530
vt 0.91127550 0.74347130
vt 0.91422650 0.74994740
vt 0.91127550 0.74994740
vt 0.91580430 0.74347130
vt 0.91580430 0.73999740
vt 0.91885510 0.73999740
vt 0.91885510 0.74347130
vt 0.91580430 0.74694530
vt 0.91885510 0.74694530
vt 0.91422650 0.74347130
vt 0.91127550 0.74994740
vt 0.91422650 0.74994740
vt 0.91127550 0.74347130
vt 0.91422650 0.73699530
vt 0.91127550 0.73699530
vt 0.91580430 0.53866120
vt 0.91885510 0.53518720
vt 0.91885510 0.53866120
vt 0.91580430 0.53518720
vt 0.91885510 0.53171350
vt 0.91580430 0.53171350
vt 0.91422650 0.53518720
vt 0.91127550 0.52871130
vt 0.91422650 0.52871130
vt 0.91127550 0.53518720
vt 0.91422650 0.54166340
vt 0.91127550 0.54166340
vt 0.91422650 0.52871130
vt 0.91127550 0.52871130
vt 0.91127550 0.53518720
vt 0.91422650 0.53518720
vt 0.91127550 0.54166340
vt 0.91422650 0.54166340
vt 0.91580430 0.73999740
vt 0.91885510 0.74347130
vt 0.91885510 0.73999740
vt 0.91580430 0.74347130
vt 0.91885510 0.74694530
vt 0.91580430 0.74694530
vt 0.91580430 0.53171350
vt 0.91885510 0.53518720
vt 0.91885510 0.53171350
vt 0.91580430 0.53518720
vt 0.91885510 0.53866120
vt 0.91580430 0.53866120
vt 0.93272780 0.78892560
vt 0.93078040 0.78892560
vt 0.93078040 0.69785730
vt 0.93272780 0.69785730
vt 0.93272780 0.33991190
vt 0.93078040 0.33991190
vt 0.93078040 0.73094840
vt 0.93272780 0.73094840
vt 0.93078040 0.33991190
vt 0.93272780 0.33991190
vt 0.93272780 0.73094840
vt 0.93078040 0.73094840
vt 0.33796450 0.78892560
vt 0.33991190 0.78892560
vt 0.33991190 0.69785730
vt 0.33796450 0.69785730
vt 0.92051580 0.78892560
vt 0.91856840 0.78892560
vt 0.91856840 0.69785730
vt 0.92051580 0.69785730
vt 0.92051580 0.33991190
vt 0.91856840 0.33991190
vt 0.91856840 0.73094840
vt 0.92051580 0.73094840
vt 0.91856840 0.33991190
vt 0.92051580 0.33991190
vt 0.92051580 0.73094840
vt 0.91856840 0.73094840
vt 0.33991190 0.78892560
vt 0.33796450 0.78892560
vt 0.33796450 0.69785730
vt 0.33991190 0.69785730
vt 0.93078040 0.73094840
vt 0.93078040 0.73289590
vt 0.92051580 0.73289590
vt 0.92051580 0.73094840
vt 0.92051580 0.73094840
vt 0.92051580 0.73289590
vt 0.93078040 0.73289590
vt 0.93078040 0.73094840
vt 0.92051580 0.33796450
vt 0.92051580 0.33991190
vt 0.93078040 0.33991190
vt 0.93078040 0.33796450
vt 0.93078040 0.33796450
vt 0.93078040 0.33991190
vt 0.92051580 0.33991190
vt 0.92051580 0.33796450
vt 0.34365840 0.70160410
vt 0.34365840 0.78517880
vt 0.72720170 0.78517880
vt 0.72720170 0.70160410
vt 0.93272780 0.70160410
vt 0.16812600 0.70160410
vt 0.16812600 0.78517880
vt 0.93272780 0.78517880
vt 0.93272780 0.34365840
vt 0.16812600 0.34365840
vt 0.16812600 0.72720170
vt 0.93272780 0.72720170
vt 0.93272780 0.78517880
vt 0.16812600 0.78517880
vt 0.16812600 0.70160410
vt 0.93272780 0.70160410
vt 0.93772780 0.78517880
vt 0.93772780 0.70604530
vt 0.16312600 0.70604530
vt 0.16312600 0.78517880
vt 0.93772780 0.34865860
vt 0.93272780 0.34365840
vt 0.93272780 0.72720170
vt 0.93772780 0.72220180
vt 0.16812600 0.72720170
vt 0.16312600 0.72220180
vt 0.16312650 0.72220180
vt 0.16812630 0.72720170
vt 0.16812630 0.34365840
vt 0.16312650 0.34865860
vt 0.93272781 0.34365840
vt 0.93772781 0.34865860
vt 0.93772780 0.72220180
vt 0.16312600 0.72220180
vt 0.16312600 0.34865860
vt 0.93772780 0.34865860
vt 0.16312650 0.78517880
vt 0.16312650 0.70604530
vt 0.93772781 0.70604530
vt 0.93772781 0.78517880
vt 0.34865860 0.78517880
vt 0.34865860 0.70604530
vt 0.72220180 0.70604530
vt 0.72220180 0.78517880
vt 0.72220180 0.78517880
vt 0.72220180 0.70604530
vt 0.34865860 0.70604530
vt 0.34865860 0.78517880
vt 0.53518720 0.74838420
vt 0.53518720 0.75263000
vt 0.54166340 0.74994740
vt 0.53866120 0.74694530
vt 0.53171350 0.74694530
vt 0.54434590 0.74347130
vt 0.52871130 0.74994740
vt 0.54010030 0.74347130
vt 0.53027440 0.74347130
vt 0.54166340 0.73699530
vt 0.52602890 0.74347130
vt 0.53866120 0.73999740
vt 0.53171350 0.73999740
vt 0.53518720 0.73431290
vt 0.52871130 0.73699530
vt 0.53518720 0.73855840
vt 0.72720170 0.78517880
vt 0.73094840 0.78892560
vt 0.73094840 0.69785730
vt 0.72720170 0.70160410
vt 0.34365840 0.78517880
vt 0.33991190 0.69785730
vt 0.33991190 0.78892560
vt 0.34365840 0.70160410
vt 0.54166340 0.74994740
vt 0.54043980 0.74872420
vt 0.54261570 0.74347130
vt 0.54434590 0.74347130
vt 0.53518720 0.75263000
vt 0.54043980 0.73821850
vt 0.54166340 0.73699530
vt 0.53518750 0.73604300
vt 0.53518720 0.73431290
vt 0.53518720 0.75089990
vt 0.52871130 0.74994740
vt 0.52993460 0.74872420
vt 0.52602890 0.74347130
vt 0.52993460 0.73821880
vt 0.52871130 0.73699530
vt 0.52775880 0.74347130
vt 0.93078040 0.33991190
vt 0.93272780 0.33991190
vt 0.93078040 0.33796450
vt 0.93078040 0.73289590
vt 0.93272780 0.73094840
vt 0.93078040 0.73094840
vt 0.93078040 0.33991190
vt 0.93078040 0.33796450
vt 0.93272780 0.33991190
vt 0.93078040 0.73289590
vt 0.93078040 0.73094840
vt 0.93272780 0.73094840
vt 0.92051580 0.73289590
vt 0.92051580 0.73094840
vt 0.91856840 0.73094840
vt 0.92051580 0.73289590
vt 0.91856840 0.73094840
vt 0.92051580 0.73094840
vt 0.92051580 0.33991190
vt 0.92051580 0.33796450
vt 0.91856840 0.33991190
vt 0.92051580 0.33991190
vt 0.91856840 0.33991190
vt 0.92051580 0.33796450
vt 0.93078040 0.79502620
vt 0.92051580 0.79502620
vt 0.92051580 0.88609460
vt 0.93078040 0.88609460
vt 0.33991190 0.79502620
vt 0.73094840 0.79502620
vt 0.73094840 0.88609460
vt 0.33991190 0.88609460
vt 0.93078040 0.88609460
vt 0.92051580 0.88609460
vt 0.92051580 0.79502620
vt 0.93078040 0.79502620
vt 0.93078040 0.33991190
vt 0.92051580 0.33991190
vt 0.92051580 0.73094840
vt 0.93078040 0.73094840
vt 0.93078040 0.73094840
vt 0.92051580 0.73094840
vt 0.92051580 0.33991190
vt 0.93078040 0.33991190
vt 0.91422650 0.84062120
vt 0.91127550 0.83414520
vt 0.91422650 0.83414520
vt 0.91127550 0.84062120
vt 0.91422650 0.84709730
vt 0.91127550 0.84709730
vt 0.91580430 0.84062120
vt 0.91580430 0.83714720
vt 0.91885510 0.83714720
vt 0.91885510 0.84062120
vt 0.91580430 0.84409520
vt 0.91885510 0.84409520
vt 0.91422650 0.84062120
vt 0.91127550 0.84709730
vt 0.91422650 0.84709730
vt 0.91127550 0.84062120
vt 0.91422650 0.83414520
vt 0.91127550 0.83414520
vt 0.91580430 0.53866120
vt 0.91885510 0.53518720
vt 0.91885510 0.53866120
vt 0.91580430 0.53518720
vt 0.91885510 0.53171350
vt 0.91580430 0.53171350
vt 0.91422650 0.53518720
vt 0.91127550 0.52871130
vt 0.91422650 0.52871130
vt 0.91127550 0.53518720
vt 0.91422650 0.54166340
vt 0.91127550 0.54166340
vt 0.91422650 0.52871130
vt 0.91127550 0.52871130
vt 0.91127550 0.53518720
vt 0.91422650 0.53518720
vt 0.91127550 0.54166340
vt 0.91422650 0.54166340
vt 0.91580430 0.83714720
vt 0.91885510 0.84062120
vt 0.91885510 0.83714720
vt 0.91580430 0.84062120
vt 0.91885510 0.84409520
vt 0.91580430 0.84409520
vt 0.91580430 0.53171350
vt 0.91885510 0.53518720
vt 0.91885510 0.53171350
vt 0.91580430 0.53518720
vt 0.91885510 0.53866120
vt 0.91580430 0.53866120
vt 0.93272780 0.88609460
vt 0.93078040 0.88609460
vt 0.93078040 0.79502620
vt 0.93272780 0.79502620
vt 0.93272780 0.33991190
vt 0.93078040 0.33991190
vt 0.93078040 0.73094840
vt 0.93272780 0.73094840
vt 0.93078040 0.33991190
vt 0.93272780 0.33991190
vt 0.93272780 0.73094840
vt 0.93078040 0.73094840
vt 0.33796450 0.88609460
vt 0.33991190 0.88609460
vt 0.33991190 0.79502620
vt 0.33796450 0.79502620
vt 0.92051580 0.88609460
vt 0.91856840 0.88609460
vt 0.91856840 0.79502620
vt 0.92051580 0.79502620
vt 0.92051580 0.33991190
vt 0.91856840 0.33991190
vt 0.91856840 0.73094840
vt 0.92051580 0.73094840
vt 0.91856840 0.33991190
vt 0.92051580 0.33991190
vt 0.92051580 0.73094840
vt 0.91856840 0.73094840
vt 0.33991190 0.88609460
vt 0.33796450 0.88609460
vt 0.33796450 0.79502620
vt 0.33991190 0.79502620
vt 0.93078040 0.73094840
vt 0.93078040 0.73289590
vt 0.92051580 0.73289590
vt 0.92051580 0.73094840
vt 0.92051580 0.73094840
vt 0.92051580 0.73289590
vt 0.93078040 0.73289590
vt 0.93078040 0.73094840
vt 0.92051580 0.33796450
vt 0.92051580 0.33991190
vt 0.93078040 0.33991190
vt 0.93078040 0.33796450
vt 0.93078040 0.33796450
vt 0.93078040 0.33991190
vt 0.92051580 0.33991190
vt 0.92051580 0.33796450
vt 0.93272780 0.88234770
vt 0.16812600 0.88234770
vt 0.16812600 0.79877290
vt 0.93272780 0.79877290
vt 0.93272780 0.34365840
vt 0.16812600 0.34365840
vt 0.16812600 0.72720170
vt 0.93272780 0.72720170
vt 0.34365840 0.79877290
vt 0.34365840 0.88234770
vt 0.72720170 0.88234770
vt 0.72720170 0.79877290
vt 0.93272780 0.79877290
vt 0.16812600 0.79877290
vt 0.16812600 0.88234770
vt 0.93272780 0.88234770
vt 0.93772780 0.34865860
vt 0.93272780 0.34365840
vt 0.93272780 0.72720170
vt 0.93772780 0.72220180
vt 0.16812600 0.72720170
vt 0.16312600 0.72220180
vt 0.16312650 0.72220180
vt 0.16812630 0.72720170
vt 0.16812630 0.34365840
vt 0.16312650 0.34865860
vt 0.93272781 0.34365840
vt 0.93772781 0.34865860
vt 0.93772780 0.72220180
vt 0.16312600 0.72220180
vt 0.16312600 0.34865860
vt 0.93772780 0.34865860
vt 0.93772780 0.88234770
vt 0.93772780 0.80259040
vt 0.16312600 0.80259040
vt 0.16312600 0.88234770
vt 0.34865860 0.88234770
vt 0.34865860 0.80259040
vt 0.72220180 0.80259040
vt 0.72220180 0.88234770
vt 0.72220180 0.88234770
vt 0.72220180 0.80259040
vt 0.34865860 0.80259040
vt 0.34865860 0.88234770
vt 0.16312650 0.88234770
vt 0.16312650 0.80259040
vt 0.93772781 0.80259040
vt 0.93772781 0.88234770
vt 0.53518720 0.84553410
vt 0.53518720 0.84977990
vt 0.54166340 0.84709730
vt 0.53866120 0.84409520
vt 0.53171350 0.84409520
vt 0.54434590 0.84062120
vt 0.52871130 0.84709730
vt 0.54010030 0.84062120
vt 0.53027440 0.84062120
vt 0.54166340 0.83414520
vt 0.52602890 0.84062120
vt 0.53866120 0.83714720
vt 0.53171350 0.83714720
vt 0.53518720 0.83146290
vt 0.52871130 0.83414520
vt 0.53518720 0.83570830
vt 0.72720170 0.88234770
vt 0.73094840 0.88609460
vt 0.73094840 0.79502620
vt 0.72720170 0.79877290
vt 0.34365840 0.88234770
vt 0.33991190 0.79502620
vt 0.33991190 0.88609460
vt 0.34365840 0.79877290
vt 0.54166340 0.84709730
vt 0.54043980 0.84587410
vt 0.54261570 0.84062120
vt 0.54434590 0.84062120
vt 0.53518720 0.84977990
vt 0.54043980 0.83536850
vt 0.54166340 0.83414520
vt 0.53518750 0.83319290
vt 0.53518720 0.83146290
vt 0.53518720 0.84804980
vt 0.52871130 0.84709730
vt 0.52993460 0.84587410
vt 0.52602890 0.84062120
vt 0.52993460 0.83536880
vt 0.52871130 0.83414520
vt 0.52775880 0.84062120
vt 0.20688800 0.33991190
vt 0.20883510 0.33991190
vt 0.20688800 0.33796450
vt 0.20688800 0.73289590
vt 0.20883510 0.73094870
vt 0.20688800 0.73094870
vt 0.20688800 0.33991190
vt 0.20688800 0.33796450
vt 0.20883510 0.33991190
vt 0.20688800 0.73289590
vt 0.20688800 0.73094870
vt 0.20883510 0.73094870
vt 0.19662310 0.73289590
vt 0.19662310 0.73094870
vt 0.19467590 0.73094870
vt 0.19662310 0.73289590
vt 0.19467590 0.73094870
vt 0.19662310 0.73094870
vt 0.19662310 0.33991190
vt 0.19662310 0.33796450
vt 0.19467590 0.33991190
vt 0.19662310 0.33991190
vt 0.19467590 0.33991190
vt 0.19662310 0.33796450
vt 0.20688800 0.89250160
vt 0.19662310 0.89250160
vt 0.19662310 0.97610220
vt 0.20688800 0.97610220
vt 0.33991190 0.89250160
vt 0.73094870 0.89250160
vt 0.73094870 0.97610220
vt 0.33991190 0.97610220
vt 0.20688800 0.33991190
vt 0.19662310 0.33991190
vt 0.19662310 0.73094870
vt 0.20688800 0.73094870
vt 0.20688800 0.97610220
vt 0.19662310 0.97610220
vt 0.19662310 0.89250160
vt 0.20688800 0.89250160
vt 0.20688800 0.73094870
vt 0.19662310 0.73094870
vt 0.19662310 0.33991190
vt 0.20688800 0.33991190
vt 0.19033380 0.93430190
vt 0.18738290 0.92782590
vt 0.19033380 0.92782590
vt 0.18738290 0.93430190
vt 0.19033380 0.94077800
vt 0.18738290 0.94077800
vt 0.19191170 0.93430190
vt 0.19191170 0.93082800
vt 0.19496250 0.93082800
vt 0.19496250 0.93430190
vt 0.19191170 0.93777590
vt 0.19496250 0.93777590
vt 0.19033380 0.93430190
vt 0.18738290 0.94077800
vt 0.19033380 0.94077800
vt 0.18738290 0.93430190
vt 0.19033380 0.92782590
vt 0.18738290 0.92782590
vt 0.19191170 0.53866150
vt 0.19496250 0.53518750
vt 0.19496250 0.53866150
vt 0.19191170 0.53518750
vt 0.19496250 0.53171350
vt 0.19191170 0.53171350
vt 0.19033380 0.53518750
vt 0.18738290 0.52871130
vt 0.19033380 0.52871130
vt 0.18738290 0.53518750
vt 0.19033380 0.54166340
vt 0.18738290 0.54166340
vt 0.19033380 0.52871130
vt 0.18738290 0.52871130
vt 0.18738290 0.53518750
vt 0.19033380 0.53518750
vt 0.18738290 0.54166340
vt 0.19033380 0.54166340
vt 0.19191170 0.93082800
vt 0.19496250 0.93430190
vt 0.19496250 0.93082800
vt 0.19191170 0.93430190
vt 0.19496250 0.93777590
vt 0.19191170 0.93777590
vt 0.19191170 0.53171350
vt 0.19496250 0.53518750
vt 0.19496250 0.53171350
vt 0.19191170 0.53518750
vt 0.19496250 0.53866150
vt 0.19191170 0.53866150
vt 0.20883510 0.97610220
vt 0.20688800 0.97610220
vt 0.20688800 0.89250160
vt 0.20883510 0.89250160
vt 0.20883510 0.33991190
vt 0.20688800 0.33991190
vt 0.20688800 0.73094870
vt 0.20883510 0.73094870
vt 0.20688800 0.33991190
vt 0.20883510 0.33991190
vt 0.20883510 0.73094870
vt 0.20688800 0.73094870
vt 0.33796450 0.97610220
vt 0.33991190 0.97610220
vt 0.33991190 0.89250160
vt 0.33796450 0.89250160
vt 0.19662310 0.97610220
vt 0.19467590 0.97610220
vt 0.19467590 0.89250160
vt 0.19662310 0.89250160
vt 0.19662310 0.33991190
vt 0.19467590 0.33991190
vt 0.19467590 0.73094870
vt 0.19662310 0.73094870
vt 0.19467590 0.33991190
vt 0.19662310 0.33991190
vt 0.19662310 0.73094870
vt 0.19467590 0.73094870
vt 0.33991190 0.97610220
vt 0.33796450 0.97610220
vt 0.33796450 0.89250160
vt 0.33991190 0.89250160
vt 0.20688800 0.73094870
vt 0.20688800 0.73289590
vt 0.19662310 0.73289590
vt 0.19662310 0.73094870
vt 0.19662310 0.73094870
vt 0.19662310 0.73289590
vt 0.20688800 0.73289590
vt 0.20688800 0.73094870
vt 0.19662310 0.33796450
vt 0.19662310 0.33991190
vt 0.20688800 0.33991190
vt 0.20688800 0.33796450
vt 0.20688800 0.33796450
vt 0.20688800 0.33991190
vt 0.19662310 0.33991190
vt 0.19662310 0.33796450
vt 0.34365870 0.89624830
vt 0.34365870 0.97235550
vt 0.72720190 0.97235550
vt 0.72720190 0.89624830
vt 0.20883510 0.89624830
vt 0.44423390 0.89624830
vt 0.44423390 0.97235550
vt 0.20883510 0.97235550
vt 0.72220180 0.97235550
vt 0.72220180 0.90048490
vt 0.34865860 0.90048490
vt 0.34865860 0.97235550
vt 0.20883510 0.34365870
vt 0.44423390 0.34365870
vt 0.44423390 0.72720190
vt 0.20883510 0.72720190
vt 0.20883510 0.97235550
vt 0.44423390 0.97235550
vt 0.44423390 0.89624830
vt 0.20883510 0.89624830
vt 0.21383520 0.72220180
vt 0.43923380 0.72220180
vt 0.43923380 0.34865860
vt 0.21383520 0.34865860
vt 0.21383520 0.97235550
vt 0.21383520 0.90048490
vt 0.43923380 0.90048490
vt 0.43923380 0.97235550
vt 0.34865860 0.97235550
vt 0.34865860 0.90048490
vt 0.72220180 0.90048490
vt 0.72220180 0.97235550
vt 0.43923380 0.97235550
vt 0.43923380 0.90048490
vt 0.21383520 0.90048490
vt 0.21383520 0.97235550
vt 0.53518750 0.93921480
vt 0.53518750 0.94346060
vt 0.54166340 0.94077800
vt 0.53866150 0.93777590
vt 0.53171350 0.93777590
vt 0.54434590 0.93430190
vt 0.52871130 0.94077800
vt 0.54010030 0.93430190
vt 0.53027460 0.93430190
vt 0.54166340 0.92782590
vt 0.52602890 0.93430190
vt 0.53866150 0.93082800
vt 0.53171350 0.93082800
vt 0.53518750 0.92514350
vt 0.52871130 0.92782590
vt 0.53518750 0.92938900
vt 0.72720190 0.97235550
vt 0.73094870 0.97610220
vt 0.73094870 0.89250160
vt 0.72720190 0.89624830
vt 0.34365870 0.97235550
vt 0.33991190 0.89250160
vt 0.33991190 0.97610220
vt 0.34365870 0.89624830
vt 0.21383520 0.72220180
vt 0.44423390 0.72720190
vt 0.43923380 0.72220180
vt 0.20883510 0.72720190
vt 0.44423390 0.34365870
vt 0.21383520 0.34865860
vt 0.43923380 0.34865860
vt 0.20883510 0.34365870
vt 0.54166340 0.94077800
vt 0.54044010 0.93955480
vt 0.54261590 0.93430190
vt 0.54434590 0.93430190
vt 0.53518750 0.94346060
vt 0.54044010 0.92904920
vt 0.54166340 0.92782590
vt 0.53518770 0.92687360
vt 0.53518750 0.92514350
vt 0.53518750 0.94173050
vt 0.52871130 0.94077800
vt 0.52993490 0.93955480
vt 0.52602890 0.93430190
vt 0.52993460 0.92904940
vt 0.52871130 0.92782590
vt 0.52775910 0.93430190
f 3/3 2/2 1/1
f 6/6 5/5 4/4
f 9/9 8/8 7/7
f 12/12 11/11 10/10
f 15/15 14/14 13/13
f 18/18 17/17 16/16
f 21/21 20/20 19/19
f 24/24 23/23 22/22
f 27/27 26/26 25/25
f 30/30 29/29 28/28
f 33/33 32/32 31/31
f 36/36 35/35 34/34
f 39/39 38/38 37/37
f 42/42 41/41 40/40
f 45/45 44/44 43/43
f 48/48 47/47 46/46
f 51/51 50/50 49/49
f 54/54 53/53 52/52
f 57/57 56/56 55/55
f 60/60 59/59 58/58
f 63/63 62/62 61/61
f 66/66 65/65 64/64
f 69/69 68/68 67/67
f 72/72 71/71 70/70
f 75/75 74/74 73/73
f 78/78 77/77 76/76
f 81/81 80/80 79/79
f 84/84 83/83 82/82
f 87/87 86/86 85/85
f 90/90 89/89 88/88
f 93/93 92/92 91/91
f 96/96 95/95 94/94
f 99/99 98/98 97/97
f 102/102 101/101 100/100
f 105/105 104/104 103/103
f 108/108 107/107 106/106
f 111/111 110/110 109/109
f 114/114 113/113 112/112
f 117/117 116/116 115/115
f 120/120 119/119 118/118
f 123/123 122/122 121/121
f 126/126 125/125 124/124
f 129/129 128/128 127/127
f 132/132 131/131 130/130
f 135/135 134/134 133/133
f 136/136 135/135 133/133
f 139/139 138/138 137/137
f 140/140 139/139 137/137
f 139/139 140/140 141/141
f 142/142 139/139 141/141
f 143/143 142/142 141/141
f 144/144 143/143 141/141
f 143/143 144/144 145/145
f 146/146 143/143 145/145
f 147/147 146/146 145/145
f 148/148 147/147 145/145
f 147/147 148/148 149/149
f 150/150 147/147 149/149
f 151/151 150/150 149/149
f 152/152 151/151 149/149
f 151/151 152/152 153/153
f 154/154 151/151 153/153
f 155/155 154/154 153/153
f 156/156 155/155 153/153
f 159/159 158/158 157/157
f 158/158 160/160 157/157
f 160/160 158/158 161/161
f 160/160 162/162 157/157
f 162/162 163/163 157/157
f 163/163 162/162 164/164
f 165/165 160/160 161/161
f 162/162 160/160 165/165
f 161/161 166/166 165/165
f 166/166 167/167 165/165
f 167/167 168/168 165/165
f 169/169 162/162 165/165
f 168/168 169/169 165/165
f 162/162 170/170 164/164
f 170/170 162/162 169/169
f 169/169 168/168 171/171
f 171/171 170/170 169/169
f 168/168 172/172 171/171
f 172/172 173/173 171/171
f 170/170 174/174 164/164
f 174/174 170/170 171/171
f 174/174 175/175 164/164
f 175/175 174/174 176/176
f 173/173 177/177 171/171
f 177/177 174/174 171/171
f 174/174 178/178 176/176
f 178/178 174/174 177/177
f 177/177 173/173 179/179
f 179/179 178/178 177/177
f 173/173 180/180 179/179
f 180/180 181/181 179/179
f 178/178 182/182 176/176
f 182/182 178/178 179/179
f 182/182 183/183 176/176
f 183/183 182/182 184/184
f 181/181 185/185 179/179
f 185/185 182/182 179/179
f 182/182 186/186 184/184
f 186/186 182/182 185/185
f 185/185 181/181 187/187
f 187/187 186/186 185/185
f 181/181 188/188 187/187
f 188/188 189/189 187/187
f 186/186 190/190 184/184
f 190/190 191/191 184/184
f 191/191 190/190 192/192
f 190/190 193/193 192/192
f 186/186 187/187 194/194
f 190/190 186/186 194/194
f 193/193 190/190 194/194
f 189/189 194/194 187/187
f 195/195 193/193 194/194
f 194/194 189/189 195/195
f 189/189 196/196 195/195
f 199/199 198/198 197/197
f 198/198 200/200 197/197
f 200/200 201/201 197/197
f 201/201 202/202 197/197
f 202/202 201/201 203/203
f 201/201 204/204 203/203
f 204/204 205/205 203/203
f 205/205 206/206 203/203
f 206/206 205/205 207/207
f 205/205 208/208 207/207
f 208/208 209/209 207/207
f 209/209 210/210 207/207
f 210/210 209/209 211/211
f 209/209 212/212 211/211
f 212/212 213/213 211/211
f 213/213 214/214 211/211
f 214/214 213/213 215/215
f 213/213 216/216 215/215
f 219/219 218/218 217/217
f 218/218 220/220 217/217
f 220/220 218/218 221/221
f 222/222 220/220 221/221
f 221/221 223/223 222/222
f 223/223 224/224 222/222
f 227/227 226/226 225/225
f 226/226 228/228 225/225
f 228/228 226/226 229/229
f 230/230 228/228 229/229
f 229/229 231/231 230/230
f 231/231 232/232 230/230
f 235/235 234/234 233/233
f 234/234 236/236 233/233
f 234/234 237/237 236/236
f 237/237 238/238 236/236
f 233/233 236/236 239/239
f 240/240 233/233 239/239
f 240/240 239/239 241/241
f 239/239 236/236 242/242
f 236/236 238/238 242/242
f 239/239 243/243 241/241
f 242/242 238/238 244/244
f 238/238 245/245 244/244
f 246/246 242/242 244/244
f 247/247 246/246 244/244
f 247/247 248/248 246/246
f 248/248 249/249 246/246
f 250/250 249/249 248/248
f 251/251 250/250 248/248
f 243/243 252/252 241/241
f 252/252 253/253 241/241
f 254/254 252/252 243/243
f 255/255 252/252 254/254
f 256/256 255/255 254/254
f 257/257 254/254 243/243
f 256/256 254/254 258/258
f 258/258 254/254 257/257
f 259/259 256/256 258/258
f 260/260 258/258 257/257
f 260/260 257/257 261/261
f 257/257 262/262 261/261
f 262/262 263/263 261/261
f 263/263 264/264 261/261
f 265/265 263/263 262/262
f 266/266 263/263 265/265
f 267/267 266/266 265/265
f 268/268 265/265 262/262
f 267/267 265/265 269/269
f 269/269 265/265 268/268
f 270/270 267/267 269/269
f 271/271 269/269 268/268
f 271/271 268/268 272/272
f 268/268 273/273 272/272
f 273/273 274/274 272/272
f 274/274 275/275 272/272
f 276/276 274/274 273/273
f 277/277 274/274 276/276
f 278/278 277/277 276/276
f 279/279 276/276 273/273
f 278/278 276/276 280/280
f 280/280 276/276 279/279
f 281/281 278/278 280/280
f 282/282 280/280 279/279
f 282/282 279/279 283/283
f 279/279 284/284 283/283
f 283/283 284/284 285/285
f 286/286 283/283 285/285
f 289/289 288/288 287/287
f 288/288 290/290 287/287
f 287/287 290/290 291/291
f 292/292 287/287 291/291
f 292/292 291/291 293/293
f 291/291 294/294 293/293
f 293/293 294/294 295/295
f 296/296 293/293 295/295
f 296/296 295/295 297/297
f 295/295 298/298 297/297
f 297/297 298/298 299/299
f 300/300 297/297 299/299
f 300/300 299/299 301/301
f 299/299 302/302 301/301
f 302/302 303/303 301/301
f 303/303 304/304 301/301
f 304/304 303/303 305/305
f 303/303 306/306 305/305
f 309/309 308/308 307/307
f 310/310 309/309 307/307
f 311/311 310/310 307/307
f 312/312 311/311 307/307
f 312/312 313/313 311/311
f 313/313 314/314 311/311
f 315/315 314/314 313/313
f 316/316 315/315 313/313
f 315/315 316/316 317/317
f 318/318 315/315 317/317
f 319/319 318/318 317/317
f 320/320 319/319 317/317
f 320/320 321/321 319/319
f 321/321 322/322 319/319
f 323/323 322/322 321/321
f 324/324 323/323 321/321
f 324/324 325/325 323/323
f 325/325 326/326 323/323
f 327/327 326/326 325/325
f 328/328 327/327 325/325
f 328/328 329/329 327/327
f 329/329 330/330 327/327
f 331/331 330/330 329/329
f 332/332 331/331 329/329
f 332/332 333/333 331/331
f 333/333 334/334 331/331
f 335/335 334/334 333/333
f 336/336 335/335 333/333
f 335/335 336/336 337/337
f 338/338 335/335 337/337
f 339/339 338/338 337/337
f 340/340 339/339 337/337
f 343/343 342/342 341/341
f 342/342 344/344 341/341
f 345/345 344/344 342/342
f 346/346 345/345 342/342
f 345/345 346/346 347/347
f 348/348 345/345 347/347
f 349/349 348/348 347/347
f 350/350 349/349 347/347
f 350/350 351/351 349/349
f 351/351 352/352 349/349
f 353/353 352/352 351/351
f 354/354 353/353 351/351
f 354/354 355/355 353/353
f 355/355 356/356 353/353
f 357/357 356/356 355/355
f 358/358 357/357 355/355
f 358/358 359/359 357/357
f 359/359 360/360 357/357
f 361/361 360/360 359/359
f 362/362 361/361 359/359
f 362/362 363/363 361/361
f 363/363 364/364 361/361
f 365/365 364/364 363/363
f 366/366 365/365 363/363
f 369/369 368/368 367/367
f 370/370 369/369 367/367
f 373/373 372/372 371/371
f 374/374 373/373 371/371
f 377/377 376/376 375/375
f 378/378 377/377 375/375
f 381/381 380/380 379/379
f 382/382 381/381 379/379
f 385/385 384/384 383/383
f 386/386 385/385 383/383
f 389/389 388/388 387/387
f 390/390 389/389 387/387
f 393/393 392/392 391/391
f 394/394 393/393 391/391
f 397/397 396/396 395/395
f 398/398 397/397 395/395
f 401/401 400/400 399/399
f 402/402 401/401 399/399
f 405/405 404/404 403/403
f 406/406 405/405 403/403
f 409/409 408/408 407/407
f 410/410 409/409 407/407
f 413/413 412/412 411/411
f 414/414 413/413 411/411
f 417/417 416/416 415/415
f 418/418 417/417 415/415
f 421/421 420/420 419/419
f 422/422 421/421 419/419
f 425/425 424/424 423/423
f 426/426 425/425 423/423
f 429/429 428/428 427/427
f 430/430 429/429 427/427
f 433/433 432/432 431/431
f 434/434 433/433 431/431
f 437/437 436/436 435/435
f 438/438 437/437 435/435
f 441/441 440/440 439/439
f 442/442 441/441 439/439
f 445/445 444/444 443/443
f 444/444 446/446 443/443
f 443/443 446/446 447/447
f 448/448 443/443 447/447
f 448/448 447/447 449/449
f 447/447 450/450 449/449
f 449/449 450/450 451/451
f 452/452 449/449 451/451
f 452/452 451/451 453/453
f 451/451 454/454 453/453
f 453/453 454/454 455/455
f 456/456 453/453 455/455
f 456/456 455/455 457/457
f 455/455 458/458 457/457
f 458/458 459/459 457/457
f 459/459 460/460 457/457
f 460/460 459/459 461/461
f 459/459 462/462 461/461
f 465/465 464/464 463/463
f 466/466 465/465 463/463
f 469/469 468/468 467/467
f 470/470 469/469 467/467
f 473/473 472/472 471/471
f 474/474 473/473 471/471
f 477/477 476/476 475/475
f 478/478 477/477 475/475
f 481/481 480/480 479/479
f 482/482 481/481 479/479
f 485/485 484/484 483/483
f 486/486 485/485 483/483
f 489/489 488/488 487/487
f 490/490 489/489 487/487
f 493/493 492/492 491/491
f 494/494 493/493 491/491
f 497/497 496/496 495/495
f 498/498 497/497 495/495
f 501/501 500/500 499/499
f 502/502 501/501 499/499
f 505/505 504/504 503/503
f 506/506 505/505 503/503
f 509/509 508/508 507/507
f 510/510 509/509 507/507
f 513/513 512/512 511/511
f 514/514 513/513 511/511
f 517/517 516/516 515/515
f 518/518 517/517 515/515
f 521/521 520/520 519/519
f 522/522 521/521 519/519
f 525/525 524/524 523/523
f 526/526 525/525 523/523
f 529/529 528/528 527/527
f 530/530 529/529 527/527
f 533/533 532/532 531/531
f 534/534 533/533 531/531
f 537/537 536/536 535/535
f 538/538 537/537 535/535
f 541/541 540/540 539/539
f 542/542 541/541 539/539
f 545/545 544/544 543/543
f 546/546 545/545 543/543
f 545/545 546/546 547/547
f 548/548 545/545 547/547
f 549/549 548/548 547/547
f 550/550 549/549 547/547
f 553/553 552/552 551/551
f 552/552 554/554 551/551
f 554/554 555/555 551/551
f 555/555 556/556 551/551
f 556/556 555/555 557/557
f 558/558 555/555 554/554
f 554/554 559/559 558/558
f 558/558 560/560 555/555
f 560/560 561/561 555/555
f 555/555 562/562 557/557
f 562/562 555/555 561/561
f 563/563 562/562 561/561
f 562/562 563/563 564/564
f 557/557 562/562 565/565
f 566/566 557/557 565/565
f 567/567 565/565 562/562
f 562/562 564/564 567/567
f 568/568 558/558 559/559
f 569/569 558/558 568/568
f 570/570 568/568 559/559
f 571/571 569/569 568/568
f 569/569 571/571 572/572
f 567/567 564/564 573/573
f 574/574 567/567 573/573
f 575/575 574/574 573/573
f 564/564 576/576 573/573
f 576/576 564/564 577/577
f 558/558 569/569 578/578
f 579/579 578/578 569/569
f 560/560 558/558 578/578
f 580/580 569/569 572/572
f 581/581 580/580 572/572
f 582/582 581/581 572/572
f 583/583 569/569 580/580
f 583/583 579/579 569/569
f 580/580 584/584 583/583
f 585/585 583/583 584/584
f 586/586 583/583 585/585
f 587/587 585/585 584/584
f 588/588 586/586 585/585
f 586/586 588/588 589/589
f 579/579 583/583 590/590
f 583/583 586/586 590/590
f 591/591 590/590 586/586
f 592/592 586/586 589/589
f 593/593 592/592 589/589
f 594/594 593/593 589/589
f 595/595 586/586 592/592
f 595/595 591/591 586/586
f 592/592 596/596 595/595
f 597/597 595/595 596/596
f 598/598 597/597 596/596
f 599/599 595/595 597/597
f 600/600 599/599 597/597
f 599/599 600/600 601/601
f 602/602 599/599 601/601
f 603/603 602/602 601/601
f 604/604 603/603 601/601
f 595/595 599/599 605/605
f 591/591 595/595 605/605
f 591/591 605/605 606/606
f 606/606 605/605 607/607
f 608/608 606/606 607/607
f 609/609 591/591 606/606
f 608/608 607/607 610/610
f 607/607 611/611 610/610
f 610/610 611/611 612/612
f 613/613 610/610 612/612
f 613/613 612/612 614/614
f 591/591 609/609 615/615
f 612/612 616/616 614/614
f 617/617 591/591 615/615
f 591/591 617/617 590/590
f 616/616 618/618 614/614
f 618/618 617/617 615/615
f 618/618 619/619 614/614
f 619/619 618/618 615/615
f 620/620 618/618 616/616
f 618/618 620/620 617/617
f 616/616 621/621 620/620
f 617/617 622/622 590/590
f 620/620 622/622 617/617
f 623/623 620/620 621/621
f 622/622 620/620 623/623
f 624/624 623/623 621/621
f 625/625 622/622 623/623
f 624/624 621/621 626/626
f 625/625 627/627 622/622
f 627/627 590/590 622/622
f 579/579 590/590 627/627
f 628/628 579/579 627/627
f 621/621 629/629 626/626
f 579/579 628/628 630/630
f 629/629 631/631 626/626
f 631/631 632/632 626/626
f 632/632 631/631 630/630
f 633/633 579/579 630/630
f 631/631 633/633 630/630
f 579/579 633/633 578/578
f 634/634 631/631 629/629
f 631/631 634/634 633/633
f 629/629 635/635 634/634
f 633/633 636/636 578/578
f 634/634 636/636 633/633
f 637/637 634/634 635/635
f 636/636 634/634 637/637
f 638/638 637/637 635/635
f 639/639 636/636 637/637
f 638/638 635/635 640/640
f 639/639 641/641 636/636
f 641/641 578/578 636/636
f 560/560 578/578 641/641
f 642/642 560/560 641/641
f 635/635 643/643 640/640
f 560/560 642/642 644/644
f 643/643 645/645 640/640
f 645/645 646/646 640/640
f 646/646 645/645 644/644
f 645/645 643/643 647/647
f 648/648 560/560 644/644
f 645/645 648/648 644/644
f 560/560 648/648 649/649
f 560/560 649/649 561/561
f 645/645 650/650 648/648
f 647/647 650/650 645/645
f 650/650 649/649 648/648
f 651/651 561/561 649/649
f 563/563 561/561 651/651
f 652/652 651/651 649/649
f 653/653 563/563 651/651
f 652/652 649/649 654/654
f 649/649 650/650 654/654
f 654/654 650/650 647/647
f 655/655 654/654 647/647
f 655/655 647/647 656/656
f 647/647 657/657 656/656
f 563/563 653/653 658/658
f 657/657 659/659 656/656
f 659/659 660/660 656/656
f 660/660 659/659 658/658
f 661/661 563/563 658/658
f 659/659 661/661 658/658
f 662/662 659/659 657/657
f 659/659 662/662 661/661
f 657/657 663/663 662/662
f 563/563 661/661 664/664
f 563/563 664/664 564/564
f 662/662 665/665 661/661
f 661/661 665/665 664/664
f 666/666 662/662 663/663
f 665/665 662/662 666/666
f 667/667 666/666 663/663
f 668/668 665/665 666/666
f 667/667 663/663 669/669
f 663/663 670/670 669/669
f 668/668 671/671 665/665
f 671/671 664/664 665/665
f 669/669 670/670 672/672
f 673/673 669/669 672/672
f 673/673 672/672 674/674
f 672/672 675/675 674/674
f 675/675 676/676 674/674
f 676/676 664/664 671/671
f 676/676 677/677 674/674
f 677/677 676/676 671/671
f 676/676 678/678 664/664
f 678/678 564/564 664/664
f 564/564 678/678 577/577
f 577/577 678/678 679/679
f 680/680 577/577 679/679
f 683/683 682/682 681/681
f 684/684 683/683 681/681
f 687/687 686/686 685/685
f 688/688 687/687 685/685
f 691/691 690/690 689/689
f 690/690 692/692 689/689
f 692/692 693/693 689/689
f 693/693 694/694 689/689
f 697/697 696/696 695/695
f 698/698 697/697 695/695
f 701/701 700/700 699/699
f 702/702 701/701 699/699
f 705/705 704/704 703/703
f 706/706 705/705 703/703
f 709/709 708/708 707/707
f 710/710 709/709 707/707
f 713/713 712/712 711/711
f 714/714 713/713 711/711
f 717/717 716/716 715/715
f 718/718 717/717 715/715
f 721/721 720/720 719/719
f 722/722 721/721 719/719
f 725/725 724/724 723/723
f 726/726 725/725 723/723
f 729/729 728/728 727/727
f 730/730 729/729 727/727
f 733/733 732/732 731/731
f 734/734 733/733 731/731
f 737/737 736/736 735/735
f 738/738 737/737 735/735
f 741/741 740/740 739/739
f 742/742 741/741 739/739
f 745/745 744/744 743/743
f 746/746 745/745 743/743
f 749/749 748/748 747/747
f 750/750 749/749 747/747
f 753/753 752/752 751/751
f 754/754 753/753 751/751
f 757/757 756/756 755/755
f 756/756 758/758 755/755
f 759/759 755/755 758/758
f 760/760 759/759 758/758
f 763/763 762/762 761/761
f 762/762 764/764 761/761
f 765/765 761/761 764/764
f 766/766 765/765 764/764
f 765/765 766/766 767/767
f 766/766 768/768 767/767
f 771/771 770/770 769/769
f 772/772 771/771 769/769
f 775/775 774/774 773/773
f 776/776 775/775 773/773
f 779/779 778/778 777/777
f 780/780 779/779 777/777
f 783/783 782/782 781/781
f 784/784 783/783 781/781
f 787/787 786/786 785/785
f 788/788 787/787 785/785
f 791/791 790/790 789/789
f 792/792 791/791 789/789
f 795/795 794/794 793/793
f 796/796 795/795 793/793
f 799/799 798/798 797/797
f 800/800 799/799 797/797
f 803/803 802/802 801/801
f 804/804 803/803 801/801
f 804/804 805/805 803/803
f 805/805 806/806 803/803
f 807/807 806/806 805/805
f 808/808 807/807 805/805
f 808/808 809/809 807/807
f 809/809 810/810 807/807
f 811/811 810/810 809/809
f 812/812 811/811 809/809
f 812/812 813/813 811/811
f 813/813 814/814 811/811
f 815/815 814/814 813/813
f 816/816 815/815 813/813
f 815/815 816/816 817/817
f 816/816 818/818 817/817
f 819/819 817/817 818/818
f 820/820 819/819 818/818
f 823/823 822/822 821/821
f 824/824 823/823 821/821
f 824/824 825/825 823/823
f 825/825 826/826 823/823
f 827/827 826/826 825/825
f 828/828 827/827 825/825
f 828/828 829/829 827/827
f 829/829 830/830 827/827
f 831/831 830/830 829/829
f 832/832 831/831 829/829
f 832/832 833/833 831/831
f 833/833 834/834 831/831
f 835/835 834/834 833/833
f 836/836 835/835 833/833
f 835/835 836/836 837/837
f 836/836 838/838 837/837
f 839/839 837/837 838/838
f 840/840 839/839 838/838
f 843/843 842/842 841/841
f 844/844 843/843 841/841
f 847/847 846/846 845/845
f 848/848 847/847 845/845
f 851/851 850/850 849/849
f 852/852 851/851 849/849
f 855/855 854/854 853/853
f 856/856 855/855 853/853
f 859/859 858/858 857/857
f 858/858 860/860 857/857
f 861/861 857/857 860/860
f 862/862 861/861 860/860
f 861/861 862/862 863/863
f 862/862 864/864 863/863
f 867/867 866/866 865/865
f 868/868 867/867 865/865
f 871/871 870/870 869/869
f 870/870 872/872 869/869
f 873/873 869/869 872/872
f 874/874 873/873 872/872
f 873/873 874/874 875/875
f 874/874 876/876 875/875
f 875/875 876/876 877/877
f 878/878 875/875 877/877
f 878/878 877/877 879/879
f 877/877 880/880 879/879
f 879/879 880/880 881/881
f 882/882 879/879 881/881
f 882/882 881/881 883/883
f 881/881 884/884 883/883
f 883/883 884/884 885/885
f 886/886 883/883 885/885
f 886/886 885/885 887/887
f 885/885 888/888 887/887
f 891/891 890/890 889/889
f 892/892 891/891 889/889
f 895/895 894/894 893/893
f 894/894 896/896 893/893
f 897/897 893/893 896/896
f 898/898 897/897 896/896
f 901/901 900/900 899/899
f 902/902 901/901 899/899
f 905/905 904/904 903/903
f 904/904 906/906 903/903
f 907/907 903/903 906/906
f 908/908 907/907 906/906
f 907/907 908/908 909/909
f 908/908 910/910 909/909
f 909/909 910/910 911/911
f 912/912 909/909 911/911
f 912/912 911/911 913/913
f 911/911 914/914 913/913
f 913/913 914/914 915/915
f 916/916 913/913 915/915
f 916/916 915/915 917/917
f 915/915 918/918 917/917
f 917/917 918/918 919/919
f 920/920 917/917 919/919
f 920/920 919/919 921/921
f 919/919 922/922 921/921
f 925/925 924/924 923/923
f 926/926 925/925 923/923
f 929/929 928/928 927/927
f 930/930 929/929 927/927
f 933/933 932/932 931/931
f 934/934 933/933 931/931
f 937/937 936/936 935/935
f 938/938 937/937 935/935
f 941/941 940/940 939/939
f 942/942 941/941 939/939
f 945/945 944/944 943/943
f 946/946 945/945 943/943
f 949/949 948/948 947/947
f 950/950 949/949 947/947
f 953/953 952/952 951/951
f 954/954 953/953 951/951
f 957/957 956/956 955/955
f 958/958 957/957 955/955
f 961/961 960/960 959/959
f 962/962 961/961 959/959
f 965/965 964/964 963/963
f 966/966 965/965 963/963
f 969/969 968/968 967/967
f 970/970 969/969 967/967
f 973/973 972/972 971/971
f 974/974 973/973 971/971
f 977/977 976/976 975/975
f 978/978 977/977 975/975
f 981/981 980/980 979/979
f 982/982 981/981 979/979
f 985/985 984/984 983/983
f 986/986 985/985 983/983
f 989/989 988/988 987/987
f 990/990 989/989 987/987
f 993/993 992/992 991/991
f 991/991 994/994 993/993
f 994/994 995/995 993/993
f 994/994 996/996 995/995
f 999/999 998/998 997/997
f 1000/1000 999/999 997/997
f 1003/1003 1002/1002 1001/1001
f 1004/1004 1003/1003 1001/1001
f 1007/1007 1006/1006 1005/1005
f 1008/1008 1007/1007 1005/1005
f 1011/1011 1010/1010 1009/1009
f 1012/1012 1011/1011 1009/1009
f 1015/1015 1014/1014 1013/1013
f 1016/1016 1015/1015 1013/1013
f 1019/1019 1018/1018 1017/1017
f 1020/1020 1019/1019 1017/1017
f 1023/1023 1022/1022 1021/1021
f 1024/1024 1023/1023 1021/1021
f 1027/1027 1026/1026 1025/1025
f 1028/1028 1027/1027 1025/1025
f 1031/1031 1030/1030 1029/1029
f 1032/1032 1031/1031 1029/1029
f 1035/1035 1034/1034 1033/1033
f 1033/1033 1036/1036 1035/1035
f 1036/1036 1037/1037 1035/1035
f 1036/1036 1038/1038 1037/1037
f 1041/1041 1040/1040 1039/1039
f 1042/1042 1041/1041 1039/1039
f 1045/1045 1044/1044 1043/1043
f 1046/1046 1045/1045 1043/1043
f 1049/1049 1048/1048 1047/1047
f 1050/1050 1049/1049 1047/1047
f 1049/1049 1050/1050 1051/1051
f 1052/1052 1049/1049 1051/1051
f 1053/1053 1052/1052 1051/1051
f 1054/1054 1053/1053 1051/1051
f 1057/1057 1056/1056 1055/1055
f 1058/1058 1057/1057 1055/1055
f 1061/1061 1060/1060 1059/1059
f 1062/1062 1061/1061 1059/1059
f 1062/1062 1063/1063 1061/1061
f 1063/1063 1064/1064 1061/1061
f 1065/1065 1064/1064 1063/1063
f 1066/1066 1065/1065 1063/1063
f 1066/1066 1067/1067 1065/1065
f 1067/1067 1068/1068 1065/1065
f 1069/1069 1068/1068 1067/1067
f 1070/1070 1069/1069 1067/1067
f 1070/1070 1071/1071 1069/1069
f 1071/1071 1072/1072 1069/1069
f 1073/1073 1072/1072 1071/1071
f 1074/1074 1073/1073 1071/1071
f 1073/1073 1074/1074 1075/1075
f 1076/1076 1073/1073 1075/1075
f 1077/1077 1076/1076 1075/1075
f 1078/1078 1077/1077 1075/1075
f 1081/1081 1080/1080 1079/1079
f 1082/1082 1081/1081 1079/1079
f 1085/1085 1084/1084 1083/1083
f 1086/1086 1085/1085 1083/1083
f 1087/1087 1086/1086 1083/1083
f 1088/1088 1087/1087 1083/1083
f 1091/1091 1090/1090 1089/1089
f 1092/1092 1091/1091 1089/1089
f 1095/1095 1094/1094 1093/1093
f 1096/1096 1095/1095 1093/1093
f 1096/1096 1097/1097 1095/1095
f 1097/1097 1098/1098 1095/1095
f 1099/1099 1098/1098 1097/1097
f 1100/1100 1099/1099 1097/1097
f 1100/1100 1101/1101 1099/1099
f 1101/1101 1102/1102 1099/1099
f 1103/1103 1102/1102 1101/1101
f 1104/1104 1103/1103 1101/1101
f 1104/1104 1105/1105 1103/1103
f 1105/1105 1106/1106 1103/1103
f 1107/1107 1106/1106 1105/1105
f 1108/1108 1107/1107 1105/1105
f 1107/1107 1108/1108 1109/1109
f 1110/1110 1107/1107 1109/1109
f 1111/1111 1110/1110 1109/1109
f 1112/1112 1111/1111 1109/1109
f 1115/1115 1114/1114 1113/1113
f 1116/1116 1115/1115 1113/1113
f 1119/1119 1118/1118 1117/1117
f 1120/1120 1119/1119 1117/1117
f 1123/1123 1122/1122 1121/1121
f 1124/1124 1123/1123 1121/1121
f 1127/1127 1126/1126 1125/1125
f 1128/1128 1127/1127 1125/1125
f 1131/1131 1130/1130 1129/1129
f 1132/1132 1131/1131 1129/1129
f 1135/1135 1134/1134 1133/1133
f 1136/1136 1135/1135 1133/1133
f 1139/1139 1138/1138 1137/1137
f 1140/1140 1139/1139 1137/1137
f 1143/1143 1142/1142 1141/1141
f 1142/1142 1144/1144 1141/1141
f 1145/1145 1141/1141 1144/1144
f 1144/1144 1146/1146 1145/1145
f 1145/1145 1146/1146 1147/1147
f 1146/1146 1148/1148 1147/1147
f 1149/1149 1147/1147 1148/1148
f 1148/1148 1150/1150 1149/1149
f 1149/1149 1150/1150 1151/1151
f 1150/1150 1152/1152 1151/1151
f 1153/1153 1151/1151 1152/1152
f 1152/1152 1154/1154 1153/1153
f 1153/1153 1154/1154 1155/1155
f 1154/1154 1156/1156 1155/1155
f 1157/1157 1155/1155 1156/1156
f 1156/1156 1158/1158 1157/1157
f 1157/1157 1158/1158 1159/1159
f 1158/1158 1160/1160 1159/1159
f 1163/1163 1162/1162 1161/1161
f 1164/1164 1163/1163 1161/1161
f 1167/1167 1166/1166 1165/1165
f 1166/1166 1168/1168 1165/1165
f 1169/1169 1165/1165 1168/1168
f 1170/1170 1169/1169 1168/1168
f 1169/1169 1170/1170 1171/1171
f 1170/1170 1172/1172 1171/1171
f 1173/1173 1171/1171 1172/1172
f 1174/1174 1173/1173 1172/1172
f 1173/1173 1174/1174 1175/1175
f 1174/1174 1176/1176 1175/1175
f 1177/1177 1175/1175 1176/1176
f 1178/1178 1177/1177 1176/1176
f 1177/1177 1178/1178 1179/1179
f 1178/1178 1180/1180 1179/1179
f 1181/1181 1179/1179 1180/1180
f 1182/1182 1181/1181 1180/1180
f 1181/1181 1182/1182 1183/1183
f 1182/1182 1184/1184 1183/1183
f 1187/1187 1186/1186 1185/1185
f 1188/1188 1187/1187 1185/1185
f 1191/1191 1190/1190 1189/1189
f 1192/1192 1191/1191 1189/1189
f 1195/1195 1194/1194 1193/1193
f 1196/1196 1195/1195 1193/1193
f 1199/1199 1198/1198 1197/1197
f 1200/1200 1199/1199 1197/1197
f 1203/1203 1202/1202 1201/1201
f 1204/1204 1203/1203 1201/1201
f 1207/1207 1206/1206 1205/1205
f 1208/1208 1207/1207 1205/1205
f 1211/1211 1210/1210 1209/1209
f 1212/1212 1211/1211 1209/1209
f 1215/1215 1214/1214 1213/1213
f 1216/1216 1215/1215 1213/1213
f 1219/1219 1218/1218 1217/1217
f 1220/1220 1219/1219 1217/1217
f 1223/1223 1222/1222 1221/1221
f 1224/1224 1223/1223 1221/1221
f 1227/1227 1226/1226 1225/1225
f 1228/1228 1227/1227 1225/1225
f 1231/1231 1230/1230 1229/1229
f 1232/1232 1231/1231 1229/1229
f 1235/1235 1234/1234 1233/1233
f 1236/1236 1235/1235 1233/1233
f 1239/1239 1238/1238 1237/1237
f 1240/1240 1239/1239 1237/1237
f 1243/1243 1242/1242 1241/1241
f 1244/1244 1243/1243 1241/1241
f 1247/1247 1246/1246 1245/1245
f 1248/1248 1247/1247 1245/1245
f 1251/1251 1250/1250 1249/1249
f 1252/1252 1251/1251 1249/1249
f 1255/1255 1254/1254 1253/1253
f 1256/1256 1255/1255 1253/1253
f 1259/1259 1258/1258 1257/1257
f 1260/1260 1259/1259 1257/1257
f 1263/1263 1262/1262 1261/1261
f 1264/1264 1263/1263 1261/1261
f 1267/1267 1266/1266 1265/1265
f 1268/1268 1267/1267 1265/1265
f 1271/1271 1270/1270 1269/1269
f 1272/1272 1271/1271 1269/1269
f 1275/1275 1274/1274 1273/1273
f 1276/1276 1275/1275 1273/1273
f 1279/1279 1278/1278 1277/1277
f 1280/1280 1279/1279 1277/1277
f 1283/1283 1282/1282 1281/1281
f 1284/1284 1283/1283 1281/1281
f 1287/1287 1286/1286 1285/1285
f 1288/1288 1287/1287 1285/1285
f 1291/1291 1290/1290 1289/1289
f 1292/1292 1291/1291 1289/1289
f 1295/1295 1294/1294 1293/1293
f 1296/1296 1295/1295 1293/1293
f 1299/1299 1298/1298 1297/1297
f 1300/1300 1299/1299 1297/1297
f 1303/1303 1302/1302 1301/1301
f 1304/1304 1303/1303 1301/1301
f 1307/1307 1306/1306 1305/1305
f 1308/1308 1307/1307 1305/1305
f 1311/1311 1310/1310 1309/1309
f 1312/1312 1311/1311 1309/1309
f 1315/1315 1314/1314 1313/1313
f 1316/1316 1315/1315 1313/1313
f 1319/1319 1318/1318 1317/1317
f 1320/1320 1319/1319 1317/1317
f 1323/1323 1322/1322 1321/1321
f 1324/1324 1323/1323 1321/1321
f 1327/1327 1326/1326 1325/1325
f 1328/1328 1327/1327 1325/1325
f 1331/1331 1330/1330 1329/1329
f 1332/1332 1331/1331 1329/1329
f 1335/1335 1334/1334 1333/1333
f 1336/1336 1335/1335 1333/1333
f 1339/1339 1338/1338 1337/1337
f 1340/1340 1339/1339 1337/1337
f 1343/1343 1342/1342 1341/1341
f 1344/1344 1343/1343 1341/1341
f 1347/1347 1346/1346 1345/1345
f 1348/1348 1347/1347 1345/1345
f 1351/1351 1350/1350 1349/1349
f 1352/1352 1351/1351 1349/1349
f 1355/1355 1354/1354 1353/1353
f 1356/1356 1355/1355 1353/1353
f 1359/1359 1358/1358 1357/1357
f 1360/1360 1359/1359 1357/1357
f 1363/1363 1362/1362 1361/1361
f 1364/1364 1363/1363 1361/1361
f 1367/1367 1366/1366 1365/1365
f 1368/1368 1367/1367 1365/1365
f 1371/1371 1370/1370 1369/1369
f 1372/1372 1371/1371 1369/1369
f 1375/1375 1374/1374 1373/1373
f 1376/1376 1375/1375 1373/1373
f 1379/1379 1378/1378 1377/1377
f 1380/1380 1379/1379 1377/1377
f 1383/1383 1382/1382 1381/1381
f 1384/1384 1383/1383 1381/1381
f 1387/1387 1386/1386 1385/1385
f 1388/1388 1387/1387 1385/1385
f 1391/1391 1390/1390 1389/1389
f 1392/1392 1391/1391 1389/1389
f 1395/1395 1394/1394 1393/1393
f 1396/1396 1395/1395 1393/1393
f 1399/1399 1398/1398 1397/1397
f 1400/1400 1399/1399 1397/1397
f 1403/1403 1402/1402 1401/1401
f 1404/1404 1403/1403 1401/1401
f 1407/1407 1406/1406 1405/1405
f 1408/1408 1407/1407 1405/1405
f 1411/1411 1410/1410 1409/1409
f 1412/1412 1411/1411 1409/1409
f 1415/1415 1414/1414 1413/1413
f 1416/1416 1415/1415 1413/1413
f 1419/1419 1418/1418 1417/1417
f 1420/1420 1419/1419 1417/1417
f 1423/1423 1422/1422 1421/1421
f 1424/1424 1423/1423 1421/1421
f 1427/1427 1426/1426 1425/1425
f 1428/1428 1427/1427 1425/1425
f 1431/1431 1430/1430 1429/1429
f 1432/1432 1431/1431 1429/1429
f 1435/1435 1434/1434 1433/1433
f 1436/1436 1435/1435 1433/1433
f 1439/1439 1438/1438 1437/1437
f 1440/1440 1439/1439 1437/1437
f 1443/1443 1442/1442 1441/1441
f 1444/1444 1443/1443 1441/1441
f 1447/1447 1446/1446 1445/1445
f 1448/1448 1447/1447 1445/1445
f 1451/1451 1450/1450 1449/1449
f 1452/1452 1451/1451 1449/1449
f 1455/1455 1454/1454 1453/1453
f 1456/1456 1455/1455 1453/1453
f 1459/1459 1458/1458 1457/1457
f 1460/1460 1459/1459 1457/1457
f 1463/1463 1462/1462 1461/1461
f 1464/1464 1463/1463 1461/1461
f 1467/1467 1466/1466 1465/1465
f 1468/1468 1467/1467 1465/1465
f 1471/1471 1470/1470 1469/1469
f 1472/1472 1471/1471 1469/1469
f 1475/1475 1474/1474 1473/1473
f 1476/1476 1475/1475 1473/1473
f 1479/1479 1478/1478 1477/1477
f 1480/1480 1479/1479 1477/1477
f 1483/1483 1482/1482 1481/1481
f 1484/1484 1483/1483 1481/1481
f 1487/1487 1486/1486 1485/1485
f 1488/1488 1487/1487 1485/1485
f 1491/1491 1490/1490 1489/1489
f 1492/1492 1491/1491 1489/1489
f 1495/1495 1494/1494 1493/1493
f 1496/1496 1495/1495 1493/1493
f 1499/1499 1498/1498 1497/1497
f 1500/1500 1499/1499 1497/1497
f 1503/1503 1502/1502 1501/1501
f 1504/1504 1503/1503 1501/1501
f 1507/1507 1506/1506 1505/1505
f 1508/1508 1507/1507 1505/1505
f 1511/1511 1510/1510 1509/1509
f 1512/1512 1511/1511 1509/1509
f 1515/1515 1514/1514 1513/1513
f 1516/1516 1515/1515 1513/1513
f 1519/1519 1518/1518 1517/1517
f 1520/1520 1519/1519 1517/1517
f 1523/1523 1522/1522 1521/1521
f 1524/1524 1523/1523 1521/1521
f 1527/1527 1526/1526 1525/1525
f 1528/1528 1527/1527 1525/1525
f 1531/1531 1530/1530 1529/1529
f 1532/1532 1531/1531 1529/1529
f 1535/1535 1534/1534 1533/1533
f 1536/1536 1535/1535 1533/1533
f 1539/1539 1538/1538 1537/1537
f 1540/1540 1539/1539 1537/1537
f 1543/1543 1542/1542 1541/1541
f 1544/1544 1543/1543 1541/1541
f 1547/1547 1546/1546 1545/1545
f 1548/1548 1547/1547 1545/1545
f 1551/1551 1550/1550 1549/1549
f 1552/1552 1551/1551 1549/1549
f 1555/1555 1554/1554 1553/1553
f 1556/1556 1555/1555 1553/1553
f 1559/1559 1558/1558 1557/1557
f 1560/1560 1559/1559 1557/1557
f 1563/1563 1562/1562 1561/1561
f 1564/1564 1563/1563 1561/1561
f 1567/1567 1566/1566 1565/1565
f 1568/1568 1567/1567 1565/1565
f 1571/1571 1570/1570 1569/1569
f 1572/1572 1571/1571 1569/1569
f 1575/1575 1574/1574 1573/1573
f 1576/1576 1575/1575 1573/1573
f 1579/1579 1578/1578 1577/1577
f 1580/1580 1579/1579 1577/1577
f 1583/1583 1582/1582 1581/1581
f 1584/1584 1583/1583 1581/1581
f 1587/1587 1586/1586 1585/1585
f 1588/1588 1587/1587 1585/1585
f 1591/1591 1590/1590 1589/1589
f 1592/1592 1591/1591 1589/1589
f 1595/1595 1594/1594 1593/1593
f 1596/1596 1595/1595 1593/1593
f 1599/1599 1598/1598 1597/1597
f 1600/1600 1599/1599 1597/1597
f 1603/1603 1602/1602 1601/1601
f 1604/1604 1603/1603 1601/1601
f 1607/1607 1606/1606 1605/1605
f 1608/1608 1607/1607 1605/1605
f 1611/1611 1610/1610 1609/1609
f 1612/1612 1611/1611 1609/1609
f 1615/1615 1614/1614 1613/1613
f 1616/1616 1615/1615 1613/1613
f 1619/1619 1618/1618 1617/1617
f 1620/1620 1619/1619 1617/1617
f 1623/1623 1622/1622 1621/1621
f 1624/1624 1623/1623 1621/1621
f 1627/1627 1626/1626 1625/1625
f 1628/1628 1627/1627 1625/1625
f 1631/1631 1630/1630 1629/1629
f 1632/1632 1631/1631 1629/1629
f 1635/1635 1634/1634 1633/1633
f 1636/1636 1635/1635 1633/1633
f 1639/1639 1638/1638 1637/1637
f 1640/1640 1639/1639 1637/1637
f 1643/1643 1642/1642 1641/1641
f 1644/1644 1643/1643 1641/1641
f 1647/1647 1646/1646 1645/1645
f 1648/1648 1647/1647 1645/1645
f 1651/1651 1650/1650 1649/1649
f 1652/1652 1651/1651 1649/1649
f 1655/1655 1654/1654 1653/1653
f 1656/1656 1655/1655 1653/1653
f 1659/1659 1658/1658 1657/1657
f 1660/1660 1659/1659 1657/1657
f 1663/1663 1662/1662 1661/1661
f 1664/1664 1663/1663 1661/1661
f 1667/1667 1666/1666 1665/1665
f 1668/1668 1667/1667 1665/1665
f 1671/1671 1670/1670 1669/1669
f 1672/1672 1671/1671 1669/1669
f 1675/1675 1674/1674 1673/1673
f 1676/1676 1675/1675 1673/1673
f 1679/1679 1678/1678 1677/1677
f 1680/1680 1679/1679 1677/1677
f 1683/1683 1682/1682 1681/1681
f 1684/1684 1683/1683 1681/1681
f 1687/1687 1686/1686 1685/1685
f 1688/1688 1687/1687 1685/1685
f 1691/1691 1690/1690 1689/1689
f 1692/1692 1691/1691 1689/1689
f 1695/1695 1694/1694 1693/1693
f 1698/1698 1697/1697 1696/1696
f 1701/1701 1700/1700 1699/1699
f 1704/1704 1703/1703 1702/1702
f 1707/1707 1706/1706 1705/1705
f 1710/1710 1709/1709 1708/1708
f 1713/1713 1712/1712 1711/1711
f 1716/1716 1715/1715 1714/1714
f 1719/1719 1718/1718 1717/1717
f 1720/1720 1719/1719 1717/1717
f 1723/1723 1722/1722 1721/1721
f 1724/1724 1723/1723 1721/1721
f 1727/1727 1726/1726 1725/1725
f 1728/1728 1727/1727 1725/1725
f 1731/1731 1730/1730 1729/1729
f 1732/1732 1731/1731 1729/1729
f 1735/1735 1734/1734 1733/1733
f 1736/1736 1735/1735 1733/1733
f 1739/1739 1738/1738 1737/1737
f 1740/1740 1739/1739 1737/1737
f 1743/1743 1742/1742 1741/1741
f 1744/1744 1743/1743 1741/1741
f 1747/1747 1746/1746 1745/1745
f 1746/1746 1748/1748 1745/1745
f 1745/1745 1748/1748 1749/1749
f 1748/1748 1750/1750 1749/1749
f 1753/1753 1752/1752 1751/1751
f 1754/1754 1753/1753 1751/1751
f 1754/1754 1751/1751 1755/1755
f 1756/1756 1754/1754 1755/1755
f 1759/1759 1758/1758 1757/1757
f 1758/1758 1760/1760 1757/1757
f 1757/1757 1760/1760 1761/1761
f 1760/1760 1762/1762 1761/1761
f 1765/1765 1764/1764 1763/1763
f 1764/1764 1766/1766 1763/1763
f 1764/1764 1767/1767 1766/1766
f 1767/1767 1768/1768 1766/1766
f 1771/1771 1770/1770 1769/1769
f 1770/1770 1772/1772 1769/1769
f 1769/1769 1772/1772 1773/1773
f 1772/1772 1774/1774 1773/1773
f 1777/1777 1776/1776 1775/1775
f 1778/1778 1777/1777 1775/1775
f 1779/1779 1777/1777 1778/1778
f 1780/1780 1779/1779 1778/1778
f 1783/1783 1782/1782 1781/1781
f 1782/1782 1784/1784 1781/1781
f 1782/1782 1785/1785 1784/1784
f 1785/1785 1786/1786 1784/1784
f 1789/1789 1788/1788 1787/1787
f 1788/1788 1790/1790 1787/1787
f 1788/1788 1791/1791 1790/1790
f 1791/1791 1792/1792 1790/1790
f 1795/1795 1794/1794 1793/1793
f 1796/1796 1795/1795 1793/1793
f 1799/1799 1798/1798 1797/1797
f 1800/1800 1799/1799 1797/1797
f 1803/1803 1802/1802 1801/1801
f 1804/1804 1803/1803 1801/1801
f 1807/1807 1806/1806 1805/1805
f 1808/1808 1807/1807 1805/1805
f 1811/1811 1810/1810 1809/1809
f 1812/1812 1811/1811 1809/1809
f 1815/1815 1814/1814 1813/1813
f 1816/1816 1815/1815 1813/1813
f 1819/1819 1818/1818 1817/1817
f 1820/1820 1819/1819 1817/1817
f 1823/1823 1822/1822 1821/1821
f 1824/1824 1823/1823 1821/1821
f 1827/1827 1826/1826 1825/1825
f 1828/1828 1827/1827 1825/1825
f 1831/1831 1830/1830 1829/1829
f 1832/1832 1831/1831 1829/1829
f 1835/1835 1834/1834 1833/1833
f 1836/1836 1835/1835 1833/1833
f 1839/1839 1838/1838 1837/1837
f 1840/1840 1839/1839 1837/1837
f 1843/1843 1842/1842 1841/1841
f 1844/1844 1843/1843 1841/1841
f 1845/1845 1843/1843 1844/1844
f 1846/1846 1845/1845 1844/1844
f 1849/1849 1848/1848 1847/1847
f 1848/1848 1850/1850 1847/1847
f 1847/1847 1850/1850 1851/1851
f 1850/1850 1852/1852 1851/1851
f 1855/1855 1854/1854 1853/1853
f 1856/1856 1855/1855 1853/1853
f 1859/1859 1858/1858 1857/1857
f 1860/1860 1859/1859 1857/1857
f 1863/1863 1862/1862 1861/1861
f 1864/1864 1863/1863 1861/1861
f 1867/1867 1866/1866 1865/1865
f 1868/1868 1867/1867 1865/1865
f 1871/1871 1870/1870 1869/1869
f 1872/1872 1871/1871 1869/1869
f 1875/1875 1874/1874 1873/1873
f 1876/1876 1875/1875 1873/1873
f 1879/1879 1878/1878 1877/1877
f 1880/1880 1879/1879 1877/1877
f 1883/1883 1882/1882 1881/1881
f 1884/1884 1883/1883 1881/1881
f 1887/1887 1886/1886 1885/1885
f 1888/1888 1887/1887 1885/1885
f 1891/1891 1890/1890 1889/1889
f 1892/1892 1891/1891 1889/1889
f 1895/1895 1894/1894 1893/1893
f 1896/1896 1895/1895 1893/1893
f 1899/1899 1898/1898 1897/1897
f 1900/1900 1899/1899 1897/1897
f 1897/1897 1898/1898 1901/1901
f 1902/1902 1899/1899 1900/1900
f 1898/1898 1903/1903 1901/1901
f 1904/1904 1902/1902 1900/1900
f 1901/1901 1903/1903 1905/1905
f 1906/1906 1902/1902 1904/1904
f 1903/1903 1907/1907 1905/1905
f 1908/1908 1906/1906 1904/1904
f 1905/1905 1907/1907 1909/1909
f 1910/1910 1906/1906 1908/1908
f 1907/1907 1911/1911 1909/1909
f 1912/1912 1910/1910 1908/1908
f 1909/1909 1911/1911 1912/1912
f 1911/1911 1910/1910 1912/1912
f 1915/1915 1914/1914 1913/1913
f 1916/1916 1915/1915 1913/1913
f 1913/1913 1914/1914 1917/1917
f 1918/1918 1915/1915 1916/1916
f 1914/1914 1915/1915 1918/1918
f 1919/1919 1918/1918 1916/1916
f 1920/1920 1918/1918 1919/1919
f 1914/1914 1918/1918 1920/1920
f 1921/1921 1920/1920 1919/1919
f 1914/1914 1922/1922 1917/1917
f 1922/1922 1914/1914 1920/1920
f 1917/1917 1922/1922 1923/1923
f 1922/1922 1924/1924 1923/1923
f 1924/1924 1922/1922 1920/1920
f 1923/1923 1924/1924 1925/1925
f 1926/1926 1920/1920 1921/1921
f 1924/1924 1920/1920 1926/1926
f 1927/1927 1926/1926 1921/1921
f 1924/1924 1928/1928 1925/1925
f 1926/1926 1928/1928 1924/1924
f 1925/1925 1928/1928 1927/1927
f 1928/1928 1926/1926 1927/1927
f 1931/1931 1930/1930 1929/1929
f 1934/1934 1933/1933 1932/1932
f 1937/1937 1936/1936 1935/1935
f 1940/1940 1939/1939 1938/1938
f 1943/1943 1942/1942 1941/1941
f 1946/1946 1945/1945 1944/1944
f 1949/1949 1948/1948 1947/1947
f 1952/1952 1951/1951 1950/1950
f 1955/1955 1954/1954 1953/1953
f 1956/1956 1955/1955 1953/1953
f 1959/1959 1958/1958 1957/1957
f 1960/1960 1959/1959 1957/1957
f 1963/1963 1962/1962 1961/1961
f 1964/1964 1963/1963 1961/1961
f 1967/1967 1966/1966 1965/1965
f 1968/1968 1967/1967 1965/1965
f 1971/1971 1970/1970 1969/1969
f 1972/1972 1971/1971 1969/1969
f 1975/1975 1974/1974 1973/1973
f 1974/1974 1976/1976 1973/1973
f 1973/1973 1976/1976 1977/1977
f 1976/1976 1978/1978 1977/1977
f 1981/1981 1980/1980 1979/1979
f 1982/1982 1981/1981 1979/1979
f 1982/1982 1979/1979 1983/1983
f 1984/1984 1982/1982 1983/1983
f 1987/1987 1986/1986 1985/1985
f 1986/1986 1988/1988 1985/1985
f 1985/1985 1988/1988 1989/1989
f 1988/1988 1990/1990 1989/1989
f 1993/1993 1992/1992 1991/1991
f 1992/1992 1994/1994 1991/1991
f 1992/1992 1995/1995 1994/1994
f 1995/1995 1996/1996 1994/1994
f 1999/1999 1998/1998 1997/1997
f 1998/1998 2000/2000 1997/1997
f 1997/1997 2000/2000 2001/2001
f 2000/2000 2002/2002 2001/2001
f 2005/2005 2004/2004 2003/2003
f 2006/2006 2005/2005 2003/2003
f 2007/2007 2005/2005 2006/2006
f 2008/2008 2007/2007 2006/2006
f 2011/2011 2010/2010 2009/2009
f 2010/2010 2012/2012 2009/2009
f 2010/2010 2013/2013 2012/2012
f 2013/2013 2014/2014 2012/2012
f 2017/2017 2016/2016 2015/2015
f 2016/2016 2018/2018 2015/2015
f 2016/2016 2019/2019 2018/2018
f 2019/2019 2020/2020 2018/2018
f 2023/2023 2022/2022 2021/2021
f 2024/2024 2023/2023 2021/2021
f 2027/2027 2026/2026 2025/2025
f 2028/2028 2027/2027 2025/2025
f 2031/2031 2030/2030 2029/2029
f 2032/2032 2031/2031 2029/2029
f 2035/2035 2034/2034 2033/2033
f 2036/2036 2035/2035 2033/2033
f 2039/2039 2038/2038 2037/2037
f 2040/2040 2039/2039 2037/2037
f 2043/2043 2042/2042 2041/2041
f 2044/2044 2043/2043 2041/2041
f 2047/2047 2046/2046 2045/2045
f 2048/2048 2047/2047 2045/2045
f 2051/2051 2050/2050 2049/2049
f 2052/2052 2051/2051 2049/2049
f 2055/2055 2054/2054 2053/2053
f 2056/2056 2055/2055 2053/2053
f 2059/2059 2058/2058 2057/2057
f 2060/2060 2059/2059 2057/2057
f 2063/2063 2062/2062 2061/2061
f 2064/2064 2063/2063 2061/2061
f 2067/2067 2066/2066 2065/2065
f 2068/2068 2067/2067 2065/2065
f 2071/2071 2070/2070 2069/2069
f 2072/2072 2071/2071 2069/2069
f 2073/2073 2071/2071 2072/2072
f 2074/2074 2073/2073 2072/2072
f 2077/2077 2076/2076 2075/2075
f 2076/2076 2078/2078 2075/2075
f 2075/2075 2078/2078 2079/2079
f 2078/2078 2080/2080 2079/2079
f 2083/2083 2082/2082 2081/2081
f 2084/2084 2083/2083 2081/2081
f 2087/2087 2086/2086 2085/2085
f 2088/2088 2087/2087 2085/2085
f 2091/2091 2090/2090 2089/2089
f 2092/2092 2091/2091 2089/2089
f 2095/2095 2094/2094 2093/2093
f 2096/2096 2095/2095 2093/2093
f 2099/2099 2098/2098 2097/2097
f 2100/2100 2099/2099 2097/2097
f 2103/2103 2102/2102 2101/2101
f 2104/2104 2103/2103 2101/2101
f 2107/2107 2106/2106 2105/2105
f 2108/2108 2107/2107 2105/2105
f 2111/2111 2110/2110 2109/2109
f 2112/2112 2111/2111 2109/2109
f 2115/2115 2114/2114 2113/2113
f 2116/2116 2115/2115 2113/2113
f 2119/2119 2118/2118 2117/2117
f 2120/2120 2119/2119 2117/2117
f 2123/2123 2122/2122 2121/2121
f 2124/2124 2123/2123 2121/2121
f 2127/2127 2126/2126 2125/2125
f 2128/2128 2127/2127 2125/2125
f 2131/2131 2130/2130 2129/2129
f 2132/2132 2131/2131 2129/2129
f 2135/2135 2134/2134 2133/2133
f 2136/2136 2135/2135 2133/2133
f 2133/2133 2134/2134 2137/2137
f 2138/2138 2135/2135 2136/2136
f 2134/2134 2139/2139 2137/2137
f 2140/2140 2138/2138 2136/2136
f 2137/2137 2139/2139 2141/2141
f 2142/2142 2138/2138 2140/2140
f 2139/2139 2143/2143 2141/2141
f 2144/2144 2142/2142 2140/2140
f 2141/2141 2143/2143 2145/2145
f 2146/2146 2142/2142 2144/2144
f 2143/2143 2147/2147 2145/2145
f 2148/2148 2146/2146 2144/2144
f 2145/2145 2147/2147 2148/2148
f 2147/2147 2146/2146 2148/2148
f 2151/2151 2150/2150 2149/2149
f 2152/2152 2151/2151 2149/2149
f 2149/2149 2150/2150 2153/2153
f 2154/2154 2151/2151 2152/2152
f 2150/2150 2151/2151 2154/2154
f 2155/2155 2154/2154 2152/2152
f 2156/2156 2154/2154 2155/2155
f 2150/2150 2154/2154 2156/2156
f 2157/2157 2156/2156 2155/2155
f 2150/2150 2158/2158 2153/2153
f 2158/2158 2150/2150 2156/2156
f 2153/2153 2158/2158 2159/2159
f 2158/2158 2160/2160 2159/2159
f 2160/2160 2158/2158 2156/2156
f 2159/2159 2160/2160 2161/2161
f 2162/2162 2156/2156 2157/2157
f 2160/2160 2156/2156 2162/2162
f 2163/2163 2162/2162 2157/2157
f 2160/2160 2164/2164 2161/2161
f 2162/2162 2164/2164 2160/2160
f 2161/2161 2164/2164 2163/2163
f 2164/2164 2162/2162 2163/2163
f 2167/2167 2166/2166 2165/2165
f 2170/2170 2169/2169 2168/2168
f 2173/2173 2172/2172 2171/2171
f 2176/2176 2175/2175 2174/2174
f 2179/2179 2178/2178 2177/2177
f 2182/2182 2181/2181 2180/2180
f 2185/2185 2184/2184 2183/2183
f 2188/2188 2187/2187 2186/2186
f 2191/2191 2190/2190 2189/2189
f 2192/2192 2191/2191 2189/2189
f 2195/2195 2194/2194 2193/2193
f 2196/2196 2195/2195 2193/2193
f 2199/2199 2198/2198 2197/2197
f 2200/2200 2199/2199 2197/2197
f 2203/2203 2202/2202 2201/2201
f 2204/2204 2203/2203 2201/2201
f 2207/2207 2206/2206 2205/2205
f 2208/2208 2207/2207 2205/2205
f 2211/2211 2210/2210 2209/2209
f 2210/2210 2212/2212 2209/2209
f 2209/2209 2212/2212 2213/2213
f 2212/2212 2214/2214 2213/2213
f 2217/2217 2216/2216 2215/2215
f 2218/2218 2217/2217 2215/2215
f 2218/2218 2215/2215 2219/2219
f 2220/2220 2218/2218 2219/2219
f 2223/2223 2222/2222 2221/2221
f 2222/2222 2224/2224 2221/2221
f 2221/2221 2224/2224 2225/2225
f 2224/2224 2226/2226 2225/2225
f 2229/2229 2228/2228 2227/2227
f 2228/2228 2230/2230 2227/2227
f 2228/2228 2231/2231 2230/2230
f 2231/2231 2232/2232 2230/2230
f 2235/2235 2234/2234 2233/2233
f 2234/2234 2236/2236 2233/2233
f 2233/2233 2236/2236 2237/2237
f 2236/2236 2238/2238 2237/2237
f 2241/2241 2240/2240 2239/2239
f 2242/2242 2241/2241 2239/2239
f 2243/2243 2241/2241 2242/2242
f 2244/2244 2243/2243 2242/2242
f 2247/2247 2246/2246 2245/2245
f 2246/2246 2248/2248 2245/2245
f 2246/2246 2249/2249 2248/2248
f 2249/2249 2250/2250 2248/2248
f 2253/2253 2252/2252 2251/2251
f 2252/2252 2254/2254 2251/2251
f 2252/2252 2255/2255 2254/2254
f 2255/2255 2256/2256 2254/2254
f 2259/2259 2258/2258 2257/2257
f 2260/2260 2259/2259 2257/2257
f 2263/2263 2262/2262 2261/2261
f 2264/2264 2263/2263 2261/2261
f 2267/2267 2266/2266 2265/2265
f 2268/2268 2267/2267 2265/2265
f 2271/2271 2270/2270 2269/2269
f 2272/2272 2271/2271 2269/2269
f 2275/2275 2274/2274 2273/2273
f 2276/2276 2275/2275 2273/2273
f 2279/2279 2278/2278 2277/2277
f 2280/2280 2279/2279 2277/2277
f 2283/2283 2282/2282 2281/2281
f 2284/2284 2283/2283 2281/2281
f 2287/2287 2286/2286 2285/2285
f 2288/2288 2287/2287 2285/2285
f 2291/2291 2290/2290 2289/2289
f 2292/2292 2291/2291 2289/2289
f 2295/2295 2294/2294 2293/2293
f 2296/2296 2295/2295 2293/2293
f 2299/2299 2298/2298 2297/2297
f 2300/2300 2299/2299 2297/2297
f 2303/2303 2302/2302 2301/2301
f 2304/2304 2303/2303 2301/2301
f 2307/2307 2306/2306 2305/2305
f 2308/2308 2307/2307 2305/2305
f 2309/2309 2307/2307 2308/2308
f 2310/2310 2309/2309 2308/2308
f 2313/2313 2312/2312 2311/2311
f 2312/2312 2314/2314 2311/2311
f 2311/2311 2314/2314 2315/2315
f 2314/2314 2316/2316 2315/2315
f 2319/2319 2318/2318 2317/2317
f 2320/2320 2319/2319 2317/2317
f 2323/2323 2322/2322 2321/2321
f 2324/2324 2323/2323 2321/2321
f 2327/2327 2326/2326 2325/2325
f 2328/2328 2327/2327 2325/2325
f 2331/2331 2330/2330 2329/2329
f 2332/2332 2331/2331 2329/2329
f 2335/2335 2334/2334 2333/2333
f 2336/2336 2335/2335 2333/2333
f 2339/2339 2338/2338 2337/2337
f 2340/2340 2339/2339 2337/2337
f 2343/2343 2342/2342 2341/2341
f 2344/2344 2343/2343 2341/2341
f 2347/2347 2346/2346 2345/2345
f 2348/2348 2347/2347 2345/2345
f 2351/2351 2350/2350 2349/2349
f 2352/2352 2351/2351 2349/2349
f 2355/2355 2354/2354 2353/2353
f 2356/2356 2355/2355 2353/2353
f 2359/2359 2358/2358 2357/2357
f 2360/2360 2359/2359 2357/2357
f 2363/2363 2362/2362 2361/2361
f 2364/2364 2363/2363 2361/2361
f 2367/2367 2366/2366 2365/2365
f 2368/2368 2367/2367 2365/2365
f 2371/2371 2370/2370 2369/2369
f 2372/2372 2371/2371 2369/2369
f 2369/2369 2370/2370 2373/2373
f 2374/2374 2371/2371 2372/2372
f 2370/2370 2375/2375 2373/2373
f 2376/2376 2374/2374 2372/2372
f 2373/2373 2375/2375 2377/2377
f 2378/2378 2374/2374 2376/2376
f 2375/2375 2379/2379 2377/2377
f 2380/2380 2378/2378 2376/2376
f 2377/2377 2379/2379 2381/2381
f 2382/2382 2378/2378 2380/2380
f 2379/2379 2383/2383 2381/2381
f 2384/2384 2382/2382 2380/2380
f 2381/2381 2383/2383 2384/2384
f 2383/2383 2382/2382 2384/2384
f 2387/2387 2386/2386 2385/2385
f 2388/2388 2387/2387 2385/2385
f 2385/2385 2386/2386 2389/2389
f 2390/2390 2387/2387 2388/2388
f 2386/2386 2387/2387 2390/2390
f 2391/2391 2390/2390 2388/2388
f 2392/2392 2390/2390 2391/2391
f 2386/2386 2390/2390 2392/2392
f 2393/2393 2392/2392 2391/2391
f 2386/2386 2394/2394 2389/2389
f 2394/2394 2386/2386 2392/2392
f 2389/2389 2394/2394 2395/2395
f 2394/2394 2396/2396 2395/2395
f 2396/2396 2394/2394 2392/2392
f 2395/2395 2396/2396 2397/2397
f 2398/2398 2392/2392 2393/2393
f 2396/2396 2392/2392 2398/2398
f 2399/2399 2398/2398 2393/2393
f 2396/2396 2400/2400 2397/2397
f 2398/2398 2400/2400 2396/2396
f 2397/2397 2400/2400 2399/2399
f 2400/2400 2398/2398 2399/2399
f 2403/2403 2402/2402 2401/2401
f 2406/2406 2405/2405 2404/2404
f 2409/2409 2408/2408 2407/2407
f 2412/2412 2411/2411 2410/2410
f 2415/2415 2414/2414 2413/2413
f 2418/2418 2417/2417 2416/2416
f 2421/2421 2420/2420 2419/2419
f 2424/2424 2423/2423 2422/2422
f 2427/2427 2426/2426 2425/2425
f 2428/2428 2427/2427 2425/2425
f 2431/2431 2430/2430 2429/2429
f 2432/2432 2431/2431 2429/2429
f 2435/2435 2434/2434 2433/2433
f 2436/2436 2435/2435 2433/2433
f 2439/2439 2438/2438 2437/2437
f 2440/2440 2439/2439 2437/2437
f 2443/2443 2442/2442 2441/2441
f 2444/2444 2443/2443 2441/2441
f 2447/2447 2446/2446 2445/2445
f 2448/2448 2447/2447 2445/2445
f 2451/2451 2450/2450 2449/2449
f 2452/2452 2451/2451 2449/2449
f 2455/2455 2454/2454 2453/2453
f 2456/2456 2455/2455 2453/2453
f 2459/2459 2458/2458 2457/2457
f 2460/2460 2459/2459 2457/2457
f 2463/2463 2462/2462 2461/2461
f 2462/2462 2464/2464 2461/2461
f 2461/2461 2464/2464 2465/2465
f 2464/2464 2466/2466 2465/2465
f 2469/2469 2468/2468 2467/2467
f 2470/2470 2469/2469 2467/2467
f 2470/2470 2467/2467 2471/2471
f 2472/2472 2470/2470 2471/2471
f 2475/2475 2474/2474 2473/2473
f 2474/2474 2476/2476 2473/2473
f 2473/2473 2476/2476 2477/2477
f 2476/2476 2478/2478 2477/2477
f 2481/2481 2480/2480 2479/2479
f 2480/2480 2482/2482 2479/2479
f 2480/2480 2483/2483 2482/2482
f 2483/2483 2484/2484 2482/2482
f 2487/2487 2486/2486 2485/2485
f 2486/2486 2488/2488 2485/2485
f 2485/2485 2488/2488 2489/2489
f 2488/2488 2490/2490 2489/2489
f 2493/2493 2492/2492 2491/2491
f 2494/2494 2493/2493 2491/2491
f 2495/2495 2493/2493 2494/2494
f 2496/2496 2495/2495 2494/2494
f 2499/2499 2498/2498 2497/2497
f 2498/2498 2500/2500 2497/2497
f 2498/2498 2501/2501 2500/2500
f 2501/2501 2502/2502 2500/2500
f 2505/2505 2504/2504 2503/2503
f 2504/2504 2506/2506 2503/2503
f 2504/2504 2507/2507 2506/2506
f 2507/2507 2508/2508 2506/2506
f 2511/2511 2510/2510 2509/2509
f 2512/2512 2511/2511 2509/2509
f 2515/2515 2514/2514 2513/2513
f 2516/2516 2515/2515 2513/2513
f 2519/2519 2518/2518 2517/2517
f 2520/2520 2519/2519 2517/2517
f 2523/2523 2522/2522 2521/2521
f 2524/2524 2523/2523 2521/2521
f 2527/2527 2526/2526 2525/2525
f 2528/2528 2527/2527 2525/2525
f 2531/2531 2530/2530 2529/2529
f 2532/2532 2531/2531 2529/2529
f 2535/2535 2534/2534 2533/2533
f 2536/2536 2535/2535 2533/2533
f 2539/2539 2538/2538 2537/2537
f 2540/2540 2539/2539 2537/2537
f 2543/2543 2542/2542 2541/2541
f 2544/2544 2543/2543 2541/2541
f 2547/2547 2546/2546 2545/2545
f 2548/2548 2547/2547 2545/2545
f 2551/2551 2550/2550 2549/2549
f 2552/2552 2551/2551 2549/2549
f 2555/2555 2554/2554 2553/2553
f 2556/2556 2555/2555 2553/2553
f 2559/2559 2558/2558 2557/2557
f 2558/2558 2560/2560 2557/2557
f 2557/2557 2560/2560 2561/2561
f 2560/2560 2562/2562 2561/2561
f 2565/2565 2564/2564 2563/2563
f 2564/2564 2566/2566 2563/2563
f 2563/2563 2566/2566 2567/2567
f 2566/2566 2568/2568 2567/2567
f 2571/2571 2570/2570 2569/2569
f 2572/2572 2571/2571 2569/2569
f 2575/2575 2574/2574 2573/2573
f 2576/2576 2575/2575 2573/2573
f 2579/2579 2578/2578 2577/2577
f 2580/2580 2579/2579 2577/2577
f 2583/2583 2582/2582 2581/2581
f 2584/2584 2583/2583 2581/2581
f 2587/2587 2586/2586 2585/2585
f 2588/2588 2587/2587 2585/2585
f 2591/2591 2590/2590 2589/2589
f 2592/2592 2591/2591 2589/2589
f 2595/2595 2594/2594 2593/2593
f 2596/2596 2595/2595 2593/2593
f 2599/2599 2598/2598 2597/2597
f 2600/2600 2599/2599 2597/2597
f 2603/2603 2602/2602 2601/2601
f 2604/2604 2603/2603 2601/2601
f 2607/2607 2606/2606 2605/2605
f 2608/2608 2607/2607 2605/2605
f 2605/2605 2606/2606 2609/2609
f 2610/2610 2607/2607 2608/2608
f 2606/2606 2611/2611 2609/2609
f 2612/2612 2610/2610 2608/2608
f 2609/2609 2611/2611 2613/2613
f 2614/2614 2610/2610 2612/2612
f 2611/2611 2615/2615 2613/2613
f 2616/2616 2614/2614 2612/2612
f 2613/2613 2615/2615 2617/2617
f 2618/2618 2614/2614 2616/2616
f 2615/2615 2619/2619 2617/2617
f 2620/2620 2618/2618 2616/2616
f 2617/2617 2619/2619 2620/2620
f 2619/2619 2618/2618 2620/2620
f 2623/2623 2622/2622 2621/2621
f 2624/2624 2623/2623 2621/2621
f 2621/2621 2622/2622 2625/2625
f 2626/2626 2623/2623 2624/2624
f 2622/2622 2623/2623 2626/2626
f 2627/2627 2626/2626 2624/2624
f 2628/2628 2626/2626 2627/2627
f 2622/2622 2626/2626 2628/2628
f 2629/2629 2628/2628 2627/2627
f 2622/2622 2630/2630 2625/2625
f 2630/2630 2622/2622 2628/2628
f 2625/2625 2630/2630 2631/2631
f 2630/2630 2632/2632 2631/2631
f 2632/2632 2630/2630 2628/2628
f 2631/2631 2632/2632 2633/2633
f 2634/2634 2628/2628 2629/2629
f 2632/2632 2628/2628 2634/2634
f 2635/2635 2634/2634 2629/2629
f 2632/2632 2636/2636 2633/2633
f 2634/2634 2636/2636 2632/2632
f 2633/2633 2636/2636 2635/2635
f 2636/2636 2634/2634 2635/2635
f 2639/2639 2638/2638 2637/2637
f 2642/2642 2641/2641 2640/2640
f 2645/2645 2644/2644 2643/2643
f 2648/2648 2647/2647 2646/2646
f 2651/2651 2650/2650 2649/2649
f 2654/2654 2653/2653 2652/2652
f 2657/2657 2656/2656 2655/2655
f 2660/2660 2659/2659 2658/2658
f 2663/2663 2662/2662 2661/2661
f 2664/2664 2663/2663 2661/2661
f 2667/2667 2666/2666 2665/2665
f 2668/2668 2667/2667 2665/2665
f 2671/2671 2670/2670 2669/2669
f 2672/2672 2671/2671 2669/2669
f 2675/2675 2674/2674 2673/2673
f 2676/2676 2675/2675 2673/2673
f 2679/2679 2678/2678 2677/2677
f 2680/2680 2679/2679 2677/2677
f 2683/2683 2682/2682 2681/2681
f 2682/2682 2684/2684 2681/2681
f 2681/2681 2684/2684 2685/2685
f 2684/2684 2686/2686 2685/2685
f 2689/2689 2688/2688 2687/2687
f 2690/2690 2689/2689 2687/2687
f 2690/2690 2687/2687 2691/2691
f 2692/2692 2690/2690 2691/2691
f 2695/2695 2694/2694 2693/2693
f 2694/2694 2696/2696 2693/2693
f 2693/2693 2696/2696 2697/2697
f 2696/2696 2698/2698 2697/2697
f 2701/2701 2700/2700 2699/2699
f 2700/2700 2702/2702 2699/2699
f 2700/2700 2703/2703 2702/2702
f 2703/2703 2704/2704 2702/2702
f 2707/2707 2706/2706 2705/2705
f 2706/2706 2708/2708 2705/2705
f 2705/2705 2708/2708 2709/2709
f 2708/2708 2710/2710 2709/2709
f 2713/2713 2712/2712 2711/2711
f 2714/2714 2713/2713 2711/2711
f 2715/2715 2713/2713 2714/2714
f 2716/2716 2715/2715 2714/2714
f 2719/2719 2718/2718 2717/2717
f 2718/2718 2720/2720 2717/2717
f 2718/2718 2721/2721 2720/2720
f 2721/2721 2722/2722 2720/2720
f 2725/2725 2724/2724 2723/2723
f 2724/2724 2726/2726 2723/2723
f 2724/2724 2727/2727 2726/2726
f 2727/2727 2728/2728 2726/2726
f 2731/2731 2730/2730 2729/2729
f 2732/2732 2731/2731 2729/2729
f 2735/2735 2734/2734 2733/2733
f 2736/2736 2735/2735 2733/2733
f 2739/2739 2738/2738 2737/2737
f 2740/2740 2739/2739 2737/2737
f 2743/2743 2742/2742 2741/2741
f 2744/2744 2743/2743 2741/2741
f 2747/2747 2746/2746 2745/2745
f 2748/2748 2747/2747 2745/2745
f 2751/2751 2750/2750 2749/2749
f 2752/2752 2751/2751 2749/2749
f 2755/2755 2754/2754 2753/2753
f 2756/2756 2755/2755 2753/2753
f 2759/2759 2758/2758 2757/2757
f 2760/2760 2759/2759 2757/2757
f 2763/2763 2762/2762 2761/2761
f 2764/2764 2763/2763 2761/2761
f 2767/2767 2766/2766 2765/2765
f 2768/2768 2767/2767 2765/2765
f 2771/2771 2770/2770 2769/2769
f 2772/2772 2771/2771 2769/2769
f 2775/2775 2774/2774 2773/2773
f 2776/2776 2775/2775 2773/2773
f 2779/2779 2778/2778 2777/2777
f 2778/2778 2780/2780 2777/2777
f 2777/2777 2780/2780 2781/2781
f 2780/2780 2782/2782 2781/2781
f 2785/2785 2784/2784 2783/2783
f 2784/2784 2786/2786 2783/2783
f 2783/2783 2786/2786 2787/2787
f 2786/2786 2788/2788 2787/2787
f 2791/2791 2790/2790 2789/2789
f 2792/2792 2791/2791 2789/2789
f 2795/2795 2794/2794 2793/2793
f 2796/2796 2795/2795 2793/2793
f 2799/2799 2798/2798 2797/2797
f 2800/2800 2799/2799 2797/2797
f 2803/2803 2802/2802 2801/2801
f 2804/2804 2803/2803 2801/2801
f 2807/2807 2806/2806 2805/2805
f 2808/2808 2807/2807 2805/2805
f 2811/2811 2810/2810 2809/2809
f 2810/2810 2812/2812 2809/2809
f 2809/2809 2812/2812 2813/2813
f 2812/2812 2814/2814 2813/2813
f 2817/2817 2816/2816 2815/2815
f 2816/2816 2818/2818 2815/2815
f 2815/2815 2818/2818 2819/2819
f 2818/2818 2820/2820 2819/2819
f 2823/2823 2822/2822 2821/2821
f 2824/2824 2823/2823 2821/2821
f 2827/2827 2826/2826 2825/2825
f 2828/2828 2827/2827 2825/2825
f 2831/2831 2830/2830 2829/2829
f 2832/2832 2831/2831 2829/2829
f 2835/2835 2834/2834 2833/2833
f 2836/2836 2835/2835 2833/2833
f 2839/2839 2838/2838 2837/2837
f 2840/2840 2839/2839 2837/2837
f 2837/2837 2838/2838 2841/2841
f 2842/2842 2839/2839 2840/2840
f 2838/2838 2843/2843 2841/2841
f 2844/2844 2842/2842 2840/2840
f 2841/2841 2843/2843 2845/2845
f 2846/2846 2842/2842 2844/2844
f 2843/2843 2847/2847 2845/2845
f 2848/2848 2846/2846 2844/2844
f 2845/2845 2847/2847 2849/2849
f 2850/2850 2846/2846 2848/2848
f 2847/2847 2851/2851 2849/2849
f 2852/2852 2850/2850 2848/2848
f 2849/2849 2851/2851 2852/2852
f 2851/2851 2850/2850 2852/2852
f 2855/2855 2854/2854 2853/2853
f 2856/2856 2855/2855 2853/2853
f 2853/2853 2854/2854 2857/2857
f 2858/2858 2855/2855 2856/2856
f 2854/2854 2855/2855 2858/2858
f 2859/2859 2858/2858 2856/2856
f 2860/2860 2858/2858 2859/2859
f 2854/2854 2858/2858 2860/2860
f 2861/2861 2860/2860 2859/2859
f 2854/2854 2862/2862 2857/2857
f 2862/2862 2854/2854 2860/2860
f 2857/2857 2862/2862 2863/2863
f 2862/2862 2864/2864 2863/2863
f 2864/2864 2862/2862 2860/2860
f 2863/2863 2864/2864 2865/2865
f 2866/2866 2860/2860 2861/2861
f 2864/2864 2860/2860 2866/2866
f 2867/2867 2866/2866 2861/2861
f 2864/2864 2868/2868 2865/2865
f 2866/2866 2868/2868 2864/2864
f 2865/2865 2868/2868 2867/2867
f 2868/2868 2866/2866 2867/2867
f 2871/2871 2870/2870 2869/2869
f 2874/2874 2873/2873 2872/2872
f 2877/2877 2876/2876 2875/2875
f 2880/2880 2879/2879 2878/2878
f 2883/2883 2882/2882 2881/2881
f 2886/2886 2885/2885 2884/2884
f 2889/2889 2888/2888 2887/2887
f 2892/2892 2891/2891 2890/2890
f 2895/2895 2894/2894 2893/2893
f 2896/2896 2895/2895 2893/2893
f 2899/2899 2898/2898 2897/2897
f 2900/2900 2899/2899 2897/2897
f 2903/2903 2902/2902 2901/2901
f 2904/2904 2903/2903 2901/2901
f 2907/2907 2906/2906 2905/2905
f 2908/2908 2907/2907 2905/2905
f 2911/2911 2910/2910 2909/2909
f 2910/2910 2912/2912 2909/2909
f 2909/2909 2912/2912 2913/2913
f 2912/2912 2914/2914 2913/2913
f 2917/2917 2916/2916 2915/2915
f 2918/2918 2917/2917 2915/2915
f 2918/2918 2915/2915 2919/2919
f 2920/2920 2918/2918 2919/2919
f 2923/2923 2922/2922 2921/2921
f 2922/2922 2924/2924 2921/2921
f 2921/2921 2924/2924 2925/2925
f 2924/2924 2926/2926 2925/2925
f 2929/2929 2928/2928 2927/2927
f 2928/2928 2930/2930 2927/2927
f 2928/2928 2931/2931 2930/2930
f 2931/2931 2932/2932 2930/2930
f 2935/2935 2934/2934 2933/2933
f 2934/2934 2936/2936 2933/2933
f 2933/2933 2936/2936 2937/2937
f 2936/2936 2938/2938 2937/2937
f 2941/2941 2940/2940 2939/2939
f 2942/2942 2941/2941 2939/2939
f 2943/2943 2941/2941 2942/2942
f 2944/2944 2943/2943 2942/2942
f 2947/2947 2946/2946 2945/2945
f 2946/2946 2948/2948 2945/2945
f 2946/2946 2949/2949 2948/2948
f 2949/2949 2950/2950 2948/2948
f 2953/2953 2952/2952 2951/2951
f 2952/2952 2954/2954 2951/2951
f 2952/2952 2955/2955 2954/2954
f 2955/2955 2956/2956 2954/2954
f 2959/2959 2958/2958 2957/2957
f 2960/2960 2959/2959 2957/2957
f 2963/2963 2962/2962 2961/2961
f 2964/2964 2963/2963 2961/2961
f 2967/2967 2966/2966 2965/2965
f 2968/2968 2967/2967 2965/2965
f 2971/2971 2970/2970 2969/2969
f 2972/2972 2971/2971 2969/2969
f 2975/2975 2974/2974 2973/2973
f 2976/2976 2975/2975 2973/2973
f 2979/2979 2978/2978 2977/2977
f 2980/2980 2979/2979 2977/2977
f 2983/2983 2982/2982 2981/2981
f 2984/2984 2983/2983 2981/2981
f 2987/2987 2986/2986 2985/2985
f 2988/2988 2987/2987 2985/2985
f 2991/2991 2990/2990 2989/2989
f 2992/2992 2991/2991 2989/2989
f 2995/2995 2994/2994 2993/2993
f 2996/2996 2995/2995 2993/2993
f 2999/2999 2998/2998 2997/2997
f 3000/3000 2999/2999 2997/2997
f 3003/3003 3002/3002 3001/3001
f 3004/3004 3003/3003 3001/3001
f 3007/3007 3006/3006 3005/3005
f 3008/3008 3007/3007 3005/3005
f 3011/3011 3010/3010 3009/3009
f 3012/3012 3011/3011 3009/3009
f 3015/3015 3014/3014 3013/3013
f 3016/3016 3015/3015 3013/3013
f 3019/3019 3018/3018 3017/3017
f 3020/3020 3019/3019 3017/3017
f 3023/3023 3022/3022 3021/3021
f 3024/3024 3023/3023 3021/3021
f 3027/3027 3026/3026 3025/3025
f 3028/3028 3027/3027 3025/3025
f 3031/3031 3030/3030 3029/3029
f 3032/3032 3031/3031 3029/3029
f 3033/3033 3031/3031 3032/3032
f 3034/3034 3033/3033 3032/3032
f 3037/3037 3036/3036 3035/3035
f 3038/3038 3037/3037 3035/3035
f 3039/3039 3037/3037 3038/3038
f 3040/3040 3039/3039 3038/3038
f 3043/3043 3042/3042 3041/3041
f 3044/3044 3043/3043 3041/3041
f 3047/3047 3046/3046 3045/3045
f 3048/3048 3047/3047 3045/3045
f 3051/3051 3050/3050 3049/3049
f 3052/3052 3051/3051 3049/3049
f 3055/3055 3054/3054 3053/3053
f 3056/3056 3055/3055 3053/3053
f 3059/3059 3058/3058 3057/3057
f 3060/3060 3059/3059 3057/3057
f 3057/3057 3058/3058 3061/3061
f 3062/3062 3059/3059 3060/3060
f 3058/3058 3063/3063 3061/3061
f 3064/3064 3062/3062 3060/3060
f 3061/3061 3063/3063 3065/3065
f 3066/3066 3062/3062 3064/3064
f 3063/3063 3067/3067 3065/3065
f 3068/3068 3066/3066 3064/3064
f 3065/3065 3067/3067 3069/3069
f 3070/3070 3066/3066 3068/3068
f 3067/3067 3071/3071 3069/3069
f 3072/3072 3070/3070 3068/3068
f 3069/3069 3071/3071 3072/3072
f 3071/3071 3070/3070 3072/3072
f 3075/3075 3074/3074 3073/3073
f 3076/3076 3075/3075 3073/3073
f 3073/3073 3074/3074 3077/3077
f 3078/3078 3075/3075 3076/3076
f 3074/3074 3079/3079 3077/3077
f 3080/3080 3078/3078 3076/3076
f 3077/3077 3079/3079 3080/3080
f 3079/3079 3078/3078 3080/3080
f 3083/3083 3082/3082 3081/3081
f 3084/3084 3083/3083 3081/3081
f 3081/3081 3082/3082 3085/3085
f 3086/3086 3083/3083 3084/3084
f 3082/3082 3083/3083 3086/3086
f 3087/3087 3086/3086 3084/3084
f 3088/3088 3086/3086 3087/3087
f 3082/3082 3086/3086 3088/3088
f 3089/3089 3088/3088 3087/3087
f 3082/3082 3090/3090 3085/3085
f 3090/3090 3082/3082 3088/3088
f 3085/3085 3090/3090 3091/3091
f 3090/3090 3092/3092 3091/3091
f 3092/3092 3090/3090 3088/3088
f 3091/3091 3092/3092 3093/3093
f 3094/3094 3088/3088 3089/3089
f 3092/3092 3088/3088 3094/3094
f 3095/3095 3094/3094 3089/3089
f 3092/3092 3096/3096 3093/3093
f 3094/3094 3096/3096 3092/3092
f 3093/3093 3096/3096 3095/3095
f 3096/3096 3094/3094 3095/3095
f 3099/3099 3098/3098 3097/3097
f 3102/3102 3101/3101 3100/3100
f 3105/3105 3104/3104 3103/3103
f 3108/3108 3107/3107 3106/3106
f 3111/3111 3110/3110 3109/3109
f 3114/3114 3113/3113 3112/3112
f 3117/3117 3116/3116 3115/3115
f 3120/3120 3119/3119 3118/3118
f 3123/3123 3122/3122 3121/3121
f 3124/3124 3123/3123 3121/3121
f 3127/3127 3126/3126 3125/3125
f 3128/3128 3127/3127 3125/3125
f 3131/3131 3130/3130 3129/3129
f 3132/3132 3131/3131 3129/3129
f 3135/3135 3134/3134 3133/3133
f 3136/3136 3135/3135 3133/3133
f 3139/3139 3138/3138 3137/3137
f 3140/3140 3139/3139 3137/3137
f 3143/3143 3142/3142 3141/3141
f 3142/3142 3144/3144 3141/3141
f 3141/3141 3144/3144 3145/3145
f 3144/3144 3146/3146 3145/3145
f 3149/3149 3148/3148 3147/3147
f 3150/3150 3149/3149 3147/3147
f 3150/3150 3147/3147 3151/3151
f 3152/3152 3150/3150 3151/3151
f 3155/3155 3154/3154 3153/3153
f 3154/3154 3156/3156 3153/3153
f 3153/3153 3156/3156 3157/3157
f 3156/3156 3158/3158 3157/3157
f 3161/3161 3160/3160 3159/3159
f 3160/3160 3162/3162 3159/3159
f 3160/3160 3163/3163 3162/3162
f 3163/3163 3164/3164 3162/3162
f 3167/3167 3166/3166 3165/3165
f 3166/3166 3168/3168 3165/3165
f 3165/3165 3168/3168 3169/3169
f 3168/3168 3170/3170 3169/3169
f 3173/3173 3172/3172 3171/3171
f 3174/3174 3173/3173 3171/3171
f 3175/3175 3173/3173 3174/3174
f 3176/3176 3175/3175 3174/3174
f 3179/3179 3178/3178 3177/3177
f 3178/3178 3180/3180 3177/3177
f 3178/3178 3181/3181 3180/3180
f 3181/3181 3182/3182 3180/3180
f 3185/3185 3184/3184 3183/3183
f 3184/3184 3186/3186 3183/3183
f 3184/3184 3187/3187 3186/3186
f 3187/3187 3188/3188 3186/3186
f 3191/3191 3190/3190 3189/3189
f 3192/3192 3191/3191 3189/3189
f 3195/3195 3194/3194 3193/3193
f 3196/3196 3195/3195 3193/3193
f 3199/3199 3198/3198 3197/3197
f 3200/3200 3199/3199 3197/3197
f 3203/3203 3202/3202 3201/3201
f 3204/3204 3203/3203 3201/3201
f 3207/3207 3206/3206 3205/3205
f 3208/3208 3207/3207 3205/3205
f 3211/3211 3210/3210 3209/3209
f 3212/3212 3211/3211 3209/3209
f 3215/3215 3214/3214 3213/3213
f 3216/3216 3215/3215 3213/3213
f 3219/3219 3218/3218 3217/3217
f 3220/3220 3219/3219 3217/3217
f 3223/3223 3222/3222 3221/3221
f 3224/3224 3223/3223 3221/3221
f 3227/3227 3226/3226 3225/3225
f 3228/3228 3227/3227 3225/3225
f 3231/3231 3230/3230 3229/3229
f 3232/3232 3231/3231 3229/3229
f 3235/3235 3234/3234 3233/3233
f 3236/3236 3235/3235 3233/3233
f 3239/3239 3238/3238 3237/3237
f 3240/3240 3239/3239 3237/3237
f 3243/3243 3242/3242 3241/3241
f 3244/3244 3243/3243 3241/3241
f 3247/3247 3246/3246 3245/3245
f 3248/3248 3247/3247 3245/3245
f 3251/3251 3250/3250 3249/3249
f 3252/3252 3251/3251 3249/3249
f 3255/3255 3254/3254 3253/3253
f 3256/3256 3255/3255 3253/3253
f 3259/3259 3258/3258 3257/3257
f 3260/3260 3259/3259 3257/3257
f 3263/3263 3262/3262 3261/3261
f 3264/3264 3263/3263 3261/3261
f 3265/3265 3263/3263 3264/3264
f 3266/3266 3265/3265 3264/3264
f 3269/3269 3268/3268 3267/3267
f 3270/3270 3269/3269 3267/3267
f 3271/3271 3269/3269 3270/3270
f 3272/3272 3271/3271 3270/3270
f 3275/3275 3274/3274 3273/3273
f 3276/3276 3275/3275 3273/3273
f 3279/3279 3278/3278 3277/3277
f 3280/3280 3279/3279 3277/3277
f 3283/3283 3282/3282 3281/3281
f 3284/3284 3283/3283 3281/3281
f 3287/3287 3286/3286 3285/3285
f 3288/3288 3287/3287 3285/3285
f 3285/3285 3286/3286 3289/3289
f 3290/3290 3287/3287 3288/3288
f 3286/3286 3291/3291 3289/3289
f 3292/3292 3290/3290 3288/3288
f 3289/3289 3291/3291 3293/3293
f 3294/3294 3290/3290 3292/3292
f 3291/3291 3295/3295 3293/3293
f 3296/3296 3294/3294 3292/3292
f 3293/3293 3295/3295 3297/3297
f 3298/3298 3294/3294 3296/3296
f 3295/3295 3299/3299 3297/3297
f 3300/3300 3298/3298 3296/3296
f 3297/3297 3299/3299 3300/3300
f 3299/3299 3298/3298 3300/3300
f 3303/3303 3302/3302 3301/3301
f 3304/3304 3303/3303 3301/3301
f 3301/3301 3302/3302 3305/3305
f 3306/3306 3303/3303 3304/3304
f 3302/3302 3307/3307 3305/3305
f 3308/3308 3306/3306 3304/3304
f 3305/3305 3307/3307 3308/3308
f 3307/3307 3306/3306 3308/3308
f 3311/3311 3310/3310 3309/3309
f 3312/3312 3311/3311 3309/3309
f 3309/3309 3310/3310 3313/3313
f 3314/3314 3311/3311 3312/3312
f 3310/3310 3311/3311 3314/3314
f 3315/3315 3314/3314 3312/3312
f 3316/3316 3314/3314 3315/3315
f 3310/3310 3314/3314 3316/3316
f 3317/3317 3316/3316 3315/3315
f 3310/3310 3318/3318 3313/3313
f 3318/3318 3310/3310 3316/3316
f 3313/3313 3318/3318 3319/3319
f 3318/3318 3320/3320 3319/3319
f 3320/3320 3318/3318 3316/3316
f 3319/3319 3320/3320 3321/3321
f 3322/3322 3316/3316 3317/3317
f 3320/3320 3316/3316 3322/3322
f 3323/3323 3322/3322 3317/3317
f 3320/3320 3324/3324 3321/3321
f 3322/3322 3324/3324 3320/3320
f 3321/3321 3324/3324 3323/3323
f 3324/3324 3322/3322 3323/3323
f 3327/3327 3326/3326 3325/3325
f 3330/3330 3329/3329 3328/3328
f 3333/3333 3332/3332 3331/3331
f 3336/3336 3335/3335 3334/3334
f 3339/3339 3338/3338 3337/3337
f 3342/3342 3341/3341 3340/3340
f 3345/3345 3344/3344 3343/3343
f 3348/3348 3347/3347 3346/3346
f 3351/3351 3350/3350 3349/3349
f 3352/3352 3351/3351 3349/3349
f 3355/3355 3354/3354 3353/3353
f 3356/3356 3355/3355 3353/3353
f 3359/3359 3358/3358 3357/3357
f 3360/3360 3359/3359 3357/3357
f 3363/3363 3362/3362 3361/3361
f 3364/3364 3363/3363 3361/3361
f 3367/3367 3366/3366 3365/3365
f 3368/3368 3367/3367 3365/3365
f 3371/3371 3370/3370 3369/3369
f 3370/3370 3372/3372 3369/3369
f 3369/3369 3372/3372 3373/3373
f 3372/3372 3374/3374 3373/3373
f 3377/3377 3376/3376 3375/3375
f 3378/3378 3377/3377 3375/3375
f 3378/3378 3375/3375 3379/3379
f 3380/3380 3378/3378 3379/3379
f 3383/3383 3382/3382 3381/3381
f 3382/3382 3384/3384 3381/3381
f 3381/3381 3384/3384 3385/3385
f 3384/3384 3386/3386 3385/3385
f 3389/3389 3388/3388 3387/3387
f 3388/3388 3390/3390 3387/3387
f 3388/3388 3391/3391 3390/3390
f 3391/3391 3392/3392 3390/3390
f 3395/3395 3394/3394 3393/3393
f 3394/3394 3396/3396 3393/3393
f 3393/3393 3396/3396 3397/3397
f 3396/3396 3398/3398 3397/3397
f 3401/3401 3400/3400 3399/3399
f 3402/3402 3401/3401 3399/3399
f 3403/3403 3401/3401 3402/3402
f 3404/3404 3403/3403 3402/3402
f 3407/3407 3406/3406 3405/3405
f 3406/3406 3408/3408 3405/3405
f 3406/3406 3409/3409 3408/3408
f 3409/3409 3410/3410 3408/3408
f 3413/3413 3412/3412 3411/3411
f 3412/3412 3414/3414 3411/3411
f 3412/3412 3415/3415 3414/3414
f 3415/3415 3416/3416 3414/3414
f 3419/3419 3418/3418 3417/3417
f 3420/3420 3419/3419 3417/3417
f 3423/3423 3422/3422 3421/3421
f 3424/3424 3423/3423 3421/3421
f 3427/3427 3426/3426 3425/3425
f 3428/3428 3427/3427 3425/3425
f 3431/3431 3430/3430 3429/3429
f 3432/3432 3431/3431 3429/3429
f 3435/3435 3434/3434 3433/3433
f 3436/3436 3435/3435 3433/3433
f 3439/3439 3438/3438 3437/3437
f 3440/3440 3439/3439 3437/3437
f 3443/3443 3442/3442 3441/3441
f 3444/3444 3443/3443 3441/3441
f 3447/3447 3446/3446 3445/3445
f 3448/3448 3447/3447 3445/3445
f 3451/3451 3450/3450 3449/3449
f 3452/3452 3451/3451 3449/3449
f 3455/3455 3454/3454 3453/3453
f 3456/3456 3455/3455 3453/3453
f 3459/3459 3458/3458 3457/3457
f 3460/3460 3459/3459 3457/3457
f 3463/3463 3462/3462 3461/3461
f 3464/3464 3463/3463 3461/3461
f 3467/3467 3466/3466 3465/3465
f 3468/3468 3467/3467 3465/3465
f 3471/3471 3470/3470 3469/3469
f 3472/3472 3471/3471 3469/3469
f 3475/3475 3474/3474 3473/3473
f 3476/3476 3475/3475 3473/3473
f 3479/3479 3478/3478 3477/3477
f 3480/3480 3479/3479 3477/3477
f 3483/3483 3482/3482 3481/3481
f 3484/3484 3483/3483 3481/3481
f 3487/3487 3486/3486 3485/3485
f 3488/3488 3487/3487 3485/3485
f 3489/3489 3487/3487 3488/3488
f 3490/3490 3489/3489 3488/3488
f 3493/3493 3492/3492 3491/3491
f 3494/3494 3493/3493 3491/3491
f 3495/3495 3493/3493 3494/3494
f 3496/3496 3495/3495 3494/3494
f 3499/3499 3498/3498 3497/3497
f 3500/3500 3499/3499 3497/3497
f 3503/3503 3502/3502 3501/3501
f 3504/3504 3503/3503 3501/3501
f 3507/3507 3506/3506 3505/3505
f 3508/3508 3507/3507 3505/3505
f 3511/3511 3510/3510 3509/3509
f 3512/3512 3511/3511 3509/3509
f 3515/3515 3514/3514 3513/3513
f 3516/3516 3515/3515 3513/3513
f 3513/3513 3514/3514 3517/3517
f 3518/3518 3515/3515 3516/3516
f 3514/3514 3519/3519 3517/3517
f 3520/3520 3518/3518 3516/3516
f 3517/3517 3519/3519 3521/3521
f 3522/3522 3518/3518 3520/3520
f 3519/3519 3523/3523 3521/3521
f 3524/3524 3522/3522 3520/3520
f 3521/3521 3523/3523 3525/3525
f 3526/3526 3522/3522 3524/3524
f 3523/3523 3527/3527 3525/3525
f 3528/3528 3526/3526 3524/3524
f 3525/3525 3527/3527 3528/3528
f 3527/3527 3526/3526 3528/3528
f 3531/3531 3530/3530 3529/3529
f 3532/3532 3531/3531 3529/3529
f 3529/3529 3530/3530 3533/3533
f 3534/3534 3531/3531 3532/3532
f 3530/3530 3535/3535 3533/3533
f 3536/3536 3534/3534 3532/3532
f 3533/3533 3535/3535 3536/3536
f 3535/3535 3534/3534 3536/3536
f 3539/3539 3538/3538 3537/3537
f 3540/3540 3539/3539 3537/3537
f 3537/3537 3538/3538 3541/3541
f 3542/3542 3539/3539 3540/3540
f 3538/3538 3539/3539 3542/3542
f 3543/3543 3542/3542 3540/3540
f 3544/3544 3542/3542 3543/3543
f 3538/3538 3542/3542 3544/3544
f 3545/3545 3544/3544 3543/3543
f 3538/3538 3546/3546 3541/3541
f 3546/3546 3538/3538 3544/3544
f 3541/3541 3546/3546 3547/3547
f 3546/3546 3548/3548 3547/3547
f 3548/3548 3546/3546 3544/3544
f 3547/3547 3548/3548 3549/3549
f 3550/3550 3544/3544 3545/3545
f 3548/3548 3544/3544 3550/3550
f 3551/3551 3550/3550 3545/3545
f 3548/3548 3552/3552 3549/3549
f 3550/3550 3552/3552 3548/3548
f 3549/3549 3552/3552 3551/3551
f 3552/3552 3550/3550 3551/3551
f 3555/3555 3554/3554 3553/3553
f 3558/3558 3557/3557 3556/3556
f 3561/3561 3560/3560 3559/3559
f 3564/3564 3563/3563 3562/3562
f 3567/3567 3566/3566 3565/3565
f 3570/3570 3569/3569 3568/3568
f 3573/3573 3572/3572 3571/3571
f 3576/3576 3575/3575 3574/3574
f 3579/3579 3578/3578 3577/3577
f 3580/3580 3579/3579 3577/3577
f 3583/3583 3582/3582 3581/3581
f 3584/3584 3583/3583 3581/3581
f 3587/3587 3586/3586 3585/3585
f 3588/3588 3587/3587 3585/3585
f 3591/3591 3590/3590 3589/3589
f 3592/3592 3591/3591 3589/3589
f 3595/3595 3594/3594 3593/3593
f 3596/3596 3595/3595 3593/3593
f 3599/3599 3598/3598 3597/3597
f 3598/3598 3600/3600 3597/3597
f 3597/3597 3600/3600 3601/3601
f 3600/3600 3602/3602 3601/3601
f 3605/3605 3604/3604 3603/3603
f 3606/3606 3605/3605 3603/3603
f 3606/3606 3603/3603 3607/3607
f 3608/3608 3606/3606 3607/3607
f 3611/3611 3610/3610 3609/3609
f 3610/3610 3612/3612 3609/3609
f 3609/3609 3612/3612 3613/3613
f 3612/3612 3614/3614 3613/3613
f 3617/3617 3616/3616 3615/3615
f 3616/3616 3618/3618 3615/3615
f 3616/3616 3619/3619 3618/3618
f 3619/3619 3620/3620 3618/3618
f 3623/3623 3622/3622 3621/3621
f 3622/3622 3624/3624 3621/3621
f 3621/3621 3624/3624 3625/3625
f 3624/3624 3626/3626 3625/3625
f 3629/3629 3628/3628 3627/3627
f 3630/3630 3629/3629 3627/3627
f 3631/3631 3629/3629 3630/3630
f 3632/3632 3631/3631 3630/3630
f 3635/3635 3634/3634 3633/3633
f 3634/3634 3636/3636 3633/3633
f 3634/3634 3637/3637 3636/3636
f 3637/3637 3638/3638 3636/3636
f 3641/3641 3640/3640 3639/3639
f 3640/3640 3642/3642 3639/3639
f 3640/3640 3643/3643 3642/3642
f 3643/3643 3644/3644 3642/3642
f 3647/3647 3646/3646 3645/3645
f 3648/3648 3647/3647 3645/3645
f 3651/3651 3650/3650 3649/3649
f 3652/3652 3651/3651 3649/3649
f 3655/3655 3654/3654 3653/3653
f 3656/3656 3655/3655 3653/3653
f 3659/3659 3658/3658 3657/3657
f 3660/3660 3659/3659 3657/3657
f 3663/3663 3662/3662 3661/3661
f 3664/3664 3663/3663 3661/3661
f 3667/3667 3666/3666 3665/3665
f 3668/3668 3667/3667 3665/3665
f 3671/3671 3670/3670 3669/3669
f 3672/3672 3671/3671 3669/3669
f 3675/3675 3674/3674 3673/3673
f 3676/3676 3675/3675 3673/3673
f 3679/3679 3678/3678 3677/3677
f 3680/3680 3679/3679 3677/3677
f 3683/3683 3682/3682 3681/3681
f 3684/3684 3683/3683 3681/3681
f 3687/3687 3686/3686 3685/3685
f 3688/3688 3687/3687 3685/3685
f 3691/3691 3690/3690 3689/3689
f 3692/3692 3691/3691 3689/3689
f 3695/3695 3694/3694 3693/3693
f 3696/3696 3695/3695 3693/3693
f 3699/3699 3698/3698 3697/3697
f 3700/3700 3699/3699 3697/3697
f 3703/3703 3702/3702 3701/3701
f 3704/3704 3703/3703 3701/3701
f 3707/3707 3706/3706 3705/3705
f 3708/3708 3707/3707 3705/3705
f 3711/3711 3710/3710 3709/3709
f 3712/3712 3711/3711 3709/3709
f 3713/3713 3711/3711 3712/3712
f 3714/3714 3713/3713 3712/3712
f 3717/3717 3716/3716 3715/3715
f 3718/3718 3717/3717 3715/3715
f 3719/3719 3717/3717 3718/3718
f 3720/3720 3719/3719 3718/3718
f 3723/3723 3722/3722 3721/3721
f 3724/3724 3723/3723 3721/3721
f 3727/3727 3726/3726 3725/3725
f 3728/3728 3727/3727 3725/3725
f 3731/3731 3730/3730 3729/3729
f 3732/3732 3731/3731 3729/3729
f 3735/3735 3734/3734 3733/3733
f 3736/3736 3735/3735 3733/3733
f 3739/3739 3738/3738 3737/3737
f 3740/3740 3739/3739 3737/3737
f 3743/3743 3742/3742 3741/3741
f 3744/3744 3743/3743 3741/3741
f 3741/3741 3742/3742 3745/3745
f 3746/3746 3743/3743 3744/3744
f 3742/3742 3747/3747 3745/3745
f 3748/3748 3746/3746 3744/3744
f 3745/3745 3747/3747 3749/3749
f 3750/3750 3746/3746 3748/3748
f 3747/3747 3751/3751 3749/3749
f 3752/3752 3750/3750 3748/3748
f 3749/3749 3751/3751 3753/3753
f 3754/3754 3750/3750 3752/3752
f 3751/3751 3755/3755 3753/3753
f 3756/3756 3754/3754 3752/3752
f 3753/3753 3755/3755 3756/3756
f 3755/3755 3754/3754 3756/3756
f 3759/3759 3758/3758 3757/3757
f 3760/3760 3759/3759 3757/3757
f 3757/3757 3758/3758 3761/3761
f 3762/3762 3759/3759 3760/3760
f 3758/3758 3763/3763 3761/3761
f 3764/3764 3762/3762 3760/3760
f 3761/3761 3763/3763 3764/3764
f 3763/3763 3762/3762 3764/3764
f 3767/3767 3766/3766 3765/3765
f 3768/3768 3767/3767 3765/3765
f 3765/3765 3766/3766 3769/3769
f 3770/3770 3767/3767 3768/3768
f 3766/3766 3767/3767 3770/3770
f 3771/3771 3770/3770 3768/3768
f 3772/3772 3770/3770 3771/3771
f 3766/3766 3770/3770 3772/3772
f 3773/3773 3772/3772 3771/3771
f 3766/3766 3774/3774 3769/3769
f 3774/3774 3766/3766 3772/3772
f 3769/3769 3774/3774 3775/3775
f 3774/3774 3776/3776 3775/3775
f 3776/3776 3774/3774 3772/3772
f 3775/3775 3776/3776 3777/3777
f 3778/3778 3772/3772 3773/3773
f 3776/3776 3772/3772 3778/3778
f 3779/3779 3778/3778 3773/3773
f 3776/3776 3780/3780 3777/3777
f 3778/3778 3780/3780 3776/3776
f 3777/3777 3780/3780 3779/3779
f 3780/3780 3778/3778 3779/3779
f 3783/3783 3782/3782 3781/3781
f 3786/3786 3785/3785 3784/3784
f 3789/3789 3788/3788 3787/3787
f 3792/3792 3791/3791 3790/3790
f 3795/3795 3794/3794 3793/3793
f 3798/3798 3797/3797 3796/3796
f 3801/3801 3800/3800 3799/3799
f 3804/3804 3803/3803 3802/3802
f 3807/3807 3806/3806 3805/3805
f 3808/3808 3807/3807 3805/3805
f 3811/3811 3810/3810 3809/3809
f 3812/3812 3811/3811 3809/3809
f 3815/3815 3814/3814 3813/3813
f 3816/3816 3815/3815 3813/3813
f 3819/3819 3818/3818 3817/3817
f 3820/3820 3819/3819 3817/3817
f 3823/3823 3822/3822 3821/3821
f 3824/3824 3823/3823 3821/3821
f 3827/3827 3826/3826 3825/3825
f 3826/3826 3828/3828 3825/3825
f 3825/3825 3828/3828 3829/3829
f 3828/3828 3830/3830 3829/3829
f 3833/3833 3832/3832 3831/3831
f 3834/3834 3833/3833 3831/3831
f 3834/3834 3831/3831 3835/3835
f 3836/3836 3834/3834 3835/3835
f 3839/3839 3838/3838 3837/3837
f 3838/3838 3840/3840 3837/3837
f 3837/3837 3840/3840 3841/3841
f 3840/3840 3842/3842 3841/3841
f 3845/3845 3844/3844 3843/3843
f 3844/3844 3846/3846 3843/3843
f 3844/3844 3847/3847 3846/3846
f 3847/3847 3848/3848 3846/3846
f 3851/3851 3850/3850 3849/3849
f 3850/3850 3852/3852 3849/3849
f 3849/3849 3852/3852 3853/3853
f 3852/3852 3854/3854 3853/3853
f 3857/3857 3856/3856 3855/3855
f 3858/3858 3857/3857 3855/3855
f 3859/3859 3857/3857 3858/3858
f 3860/3860 3859/3859 3858/3858
f 3863/3863 3862/3862 3861/3861
f 3862/3862 3864/3864 3861/3861
f 3862/3862 3865/3865 3864/3864
f 3865/3865 3866/3866 3864/3864
f 3869/3869 3868/3868 3867/3867
f 3868/3868 3870/3870 3867/3867
f 3868/3868 3871/3871 3870/3870
f 3871/3871 3872/3872 3870/3870
f 3875/3875 3874/3874 3873/3873
f 3876/3876 3875/3875 3873/3873
f 3879/3879 3878/3878 3877/3877
f 3880/3880 3879/3879 3877/3877
f 3883/3883 3882/3882 3881/3881
f 3884/3884 3883/3883 3881/3881
f 3887/3887 3886/3886 3885/3885
f 3888/3888 3887/3887 3885/3885
f 3891/3891 3890/3890 3889/3889
f 3892/3892 3891/3891 3889/3889
f 3895/3895 3894/3894 3893/3893
f 3896/3896 3895/3895 3893/3893
f 3899/3899 3898/3898 3897/3897
f 3900/3900 3899/3899 3897/3897
f 3903/3903 3902/3902 3901/3901
f 3904/3904 3903/3903 3901/3901
f 3907/3907 3906/3906 3905/3905
f 3908/3908 3907/3907 3905/3905
f 3911/3911 3910/3910 3909/3909
f 3912/3912 3911/3911 3909/3909
f 3915/3915 3914/3914 3913/3913
f 3916/3916 3915/3915 3913/3913
f 3919/3919 3918/3918 3917/3917
f 3920/3920 3919/3919 3917/3917
f 3923/3923 3922/3922 3921/3921
f 3924/3924 3923/3923 3921/3921
f 3927/3927 3926/3926 3925/3925
f 3928/3928 3927/3927 3925/3925
f 3931/3931 3930/3930 3929/3929
f 3932/3932 3931/3931 3929/3929
f 3935/3935 3934/3934 3933/3933
f 3936/3936 3935/3935 3933/3933
f 3939/3939 3938/3938 3937/3937
f 3940/3940 3939/3939 3937/3937
f 3943/3943 3942/3942 3941/3941
f 3944/3944 3943/3943 3941/3941
f 3947/3947 3946/3946 3945/3945
f 3948/3948 3947/3947 3945/3945
f 3951/3951 3950/3950 3949/3949
f 3952/3952 3951/3951 3949/3949
f 3955/3955 3954/3954 3953/3953
f 3956/3956 3955/3955 3953/3953
f 3959/3959 3958/3958 3957/3957
f 3960/3960 3959/3959 3957/3957
f 3957/3957 3958/3958 3961/3961
f 3962/3962 3959/3959 3960/3960
f 3958/3958 3963/3963 3961/3961
f 3964/3964 3962/3962 3960/3960
f 3961/3961 3963/3963 3965/3965
f 3966/3966 3962/3962 3964/3964
f 3963/3963 3967/3967 3965/3965
f 3968/3968 3966/3966 3964/3964
f 3965/3965 3967/3967 3969/3969
f 3970/3970 3966/3966 3968/3968
f 3967/3967 3971/3971 3969/3969
f 3972/3972 3970/3970 3968/3968
f 3969/3969 3971/3971 3972/3972
f 3971/3971 3970/3970 3972/3972
f 3975/3975 3974/3974 3973/3973
f 3976/3976 3975/3975 3973/3973
f 3973/3973 3974/3974 3977/3977
f 3978/3978 3975/3975 3976/3976
f 3974/3974 3979/3979 3977/3977
f 3980/3980 3978/3978 3976/3976
f 3977/3977 3979/3979 3980/3980
f 3979/3979 3978/3978 3980/3980
f 3983/3983 3982/3982 3981/3981
f 3982/3982 3984/3984 3981/3981
f 3985/3985 3982/3982 3983/3983
f 3981/3981 3984/3984 3986/3986
f 3987/3987 3985/3985 3983/3983
f 3984/3984 3988/3988 3986/3986
f 3988/3988 3985/3985 3987/3987
f 3986/3986 3988/3988 3987/3987
f 3991/3991 3990/3990 3989/3989
f 3992/3992 3991/3991 3989/3989
f 3989/3989 3990/3990 3993/3993
f 3994/3994 3991/3991 3992/3992
f 3990/3990 3991/3991 3994/3994
f 3995/3995 3994/3994 3992/3992
f 3996/3996 3994/3994 3995/3995
f 3990/3990 3994/3994 3996/3996
f 3997/3997 3996/3996 3995/3995
f 3990/3990 3998/3998 3993/3993
f 3998/3998 3990/3990 3996/3996
f 3993/3993 3998/3998 3999/3999
f 3998/3998 4000/4000 3999/3999
f 4000/4000 3998/3998 3996/3996
f 3999/3999 4000/4000 4001/4001
f 4002/4002 3996/3996 3997/3997
f 4000/4000 3996/3996 4002/4002
f 4003/4003 4002/4002 3997/3997
f 4000/4000 4004/4004 4001/4001
f 4002/4002 4004/4004 4000/4000
f 4001/4001 4004/4004 4003/4003
f 4004/4004 4002/4002 4003/4003