# https://github.com/mikedh/trimesh
mtllib material.mtl
usemtl material_0
v 0.20290710 0.11606850 0.16403080
v 0.00193500 -0.17656673 0.00665500
v 0.00193500 -0.17656673 0.00664500
v 0.00194500 -0.17656673 0.00664500
v 0.00194500 -0.17656673 0.00665500
v 0.20377400 0.09264980 0.16403080
v 0.20290710 0.09300890 0.16403080
v 0.20377400 0.11642760 0.16403080
v 0.20254800 0.09387570 0.16403080
v 0.20254800 0.11520150 0.16403080
v 0.26105790 0.11606850 0.16403080
v 0.26105790 0.09300890 0.16403080
v 0.26019090 0.09264980 0.16403080
v 0.26019090 0.11642760 0.16403080
v 0.26141700 0.11520150 0.16403080
v 0.26141700 0.09387570 0.16403080
v 0.23184010 -0.02909410 0.16277760
v 0.24914480 -0.02909410 0.16277760
v 0.21453550 -0.04639870 0.16277760
v 0.23184010 -0.04639870 0.16277760
v 0.21453550 -0.02909410 0.16277760
v 0.24914480 -0.04639870 0.16277760
v 0.20311580 -0.00996420 0.16277760
v 0.22042050 -0.00996420 0.16277760
v 0.18581120 -0.02726880 0.16277760
v 0.20311580 -0.02726880 0.16277760
v 0.18581120 -0.00996420 0.16277760
v 0.22042050 -0.02726880 0.16277760
v 0.21488920 -0.04926340 0.16277760
v 0.23219390 -0.04926340 0.16277760
v 0.21488920 -0.06656800 0.16277760
v 0.23219390 -0.06656800 0.16277760
v 0.24949850 -0.06656800 0.16277760
v 0.24949850 -0.04926340 0.16277760
v 0.24489600 -0.04926340 0.16277760
v 0.26220060 -0.04926340 0.16277760
v 0.24489600 -0.06656800 0.16277760
v 0.26220060 -0.06656800 0.16277760
v 0.27950520 -0.06656800 0.16277760
v 0.27950520 -0.04926340 0.16277760
v 0.19422370 -0.01323800 0.16277760
v 0.26846160 -0.01323800 0.16277760
v 0.26846160 0.00407550 0.16277760
v 0.19422370 0.00407550 0.16277760
v 0.26249910 -0.00996420 0.16277760
v 0.27980370 -0.00996420 0.16277760
v 0.24519450 -0.02726880 0.16277760
v 0.26249910 -0.02726880 0.16277760
v 0.24519450 -0.00996420 0.16277760
v 0.27980370 -0.02726880 0.16277760
v 0.23915870 0.01706480 0.16277760
v 0.25646330 0.01706480 0.16277760
v 0.23915870 -0.00023980 0.16277760
v 0.25646330 -0.00023980 0.16277760
v 0.27376790 -0.00023980 0.16277760
v 0.27376790 0.01706480 0.16277760
v 0.19670900 0.06249340 0.16277760
v 0.19670900 0.04518870 0.16277760
v 0.21401360 0.04518870 0.16277760
v 0.21401360 0.06249340 0.16277760
v 0.24710090 0.08586450 0.16277760
v 0.24710090 0.06855990 0.16277760
v 0.26440550 0.06855990 0.16277760
v 0.26440550 0.08586450 0.16277760
v 0.19686980 0.08586450 0.16277760
v 0.19686980 0.06855990 0.16277760
v 0.21417440 0.06855990 0.16277760
v 0.21417440 0.08586450 0.16277760
v 0.22182080 0.01731370 0.16277760
v 0.22182080 0.00000910 0.16277760
v 0.23912550 0.00000910 0.16277760
v 0.23912550 0.01731370 0.16277760
v 0.18905880 0.01695390 0.16277760
v 0.20636340 0.01695390 0.16277760
v 0.18905880 -0.00035070 0.16277760
v 0.20636340 -0.00035070 0.16277760
v 0.22366810 -0.00035070 0.16277760
v 0.22366810 0.01695390 0.16277760
v 0.24705240 0.03944600 0.16277760
v 0.24705240 0.02214140 0.16277760
v 0.26435700 0.02214140 0.16277760
v 0.26435700 0.03944600 0.16277760
v 0.23110360 -0.00996420 0.16277760
v 0.24840820 -0.00996420 0.16277760
v 0.21379900 -0.02726880 0.16277760
v 0.23110360 -0.02726880 0.16277760
v 0.21379900 -0.00996420 0.16277760
v 0.24840820 -0.02726880 0.16277760
v 0.26187610 -0.02902040 0.16277760
v 0.27918070 -0.02902040 0.16277760
v 0.24457150 -0.04632500 0.16277760
v 0.26187610 -0.04632500 0.16277760
v 0.24457150 -0.02902040 0.16277760
v 0.27918070 -0.04632500 0.16277760
v 0.18574600 -0.02890320 0.16277760
v 0.20305060 -0.02890320 0.16277760
v 0.22035520 -0.02890320 0.16277760
v 0.18574600 -0.04620780 0.16277760
v 0.20305060 -0.04620780 0.16277760
v 0.22035520 -0.04620780 0.16277760
v 0.20285590 -0.04926340 0.16277760
v 0.22016050 -0.04926340 0.16277760
v 0.18555130 -0.06656800 0.16277760
v 0.20285590 -0.06656800 0.16277760
v 0.18555130 -0.04926340 0.16277760
v 0.22016050 -0.06656800 0.16277760
v 0.22156030 0.03944600 0.16277760
v 0.22156030 0.02214140 0.16277760
v 0.23886490 0.02214140 0.16277760
v 0.23886490 0.03944600 0.16277760
v 0.19682130 0.03944600 0.16277760
v 0.19682130 0.02214140 0.16277760
v 0.21412590 0.02214140 0.16277760
v 0.21412590 0.03944600 0.16277760
v 0.24694010 0.06249340 0.16277760
v 0.24694010 0.04518870 0.16277760
v 0.26424470 0.04518870 0.16277760
v 0.26424470 0.06249340 0.16277760
v 0.22144800 0.06249340 0.16277760
v 0.22144800 0.04518870 0.16277760
v 0.23875260 0.04518870 0.16277760
v 0.23875260 0.06249340 0.16277760
v 0.22160880 0.08586450 0.16277760
v 0.22160880 0.06855990 0.16277760
v 0.23891340 0.06855990 0.16277760
v 0.23891340 0.08586450 0.16277760
v 0.19420580 0.06496080 0.16277760
v 0.19420580 0.04277720 0.16277760
v 0.21638930 0.04277720 0.16277760
v 0.21638930 0.06496080 0.16277760
v 0.24472700 0.08839200 0.16277760
v 0.24472700 0.06620840 0.16277760
v 0.26691050 0.06620840 0.16277760
v 0.26691050 0.08839200 0.16277760
v 0.19436700 0.08839200 0.16277760
v 0.19436700 0.06620840 0.16277760
v 0.21655050 0.06620840 0.16277760
v 0.21655050 0.08839200 0.16277760
v 0.21938210 0.01966520 0.16277760
v 0.21938210 -0.00251840 0.16277760
v 0.24156560 -0.00251840 0.16277760
v 0.24156560 0.01966520 0.16277760
v 0.24467830 0.04185430 0.16277760
v 0.24467830 0.01967080 0.16277760
v 0.26686190 0.01967080 0.16277760
v 0.26686190 0.04185430 0.16277760
v 0.21912080 0.04185430 0.16277760
v 0.21912080 0.01967080 0.16277760
v 0.24130430 0.01967080 0.16277760
v 0.24130430 0.04185430 0.16277760
v 0.19431830 0.04185430 0.16277760
v 0.19431830 0.01967080 0.16277760
v 0.21650180 0.01967080 0.16277760
v 0.21650180 0.04185430 0.16277760
v 0.24456580 0.06496080 0.16277760
v 0.24456580 0.04277720 0.16277760
v 0.26674930 0.04277720 0.16277760
v 0.26674930 0.06496080 0.16277760
v 0.21900830 0.06496080 0.16277760
v 0.21900830 0.04277720 0.16277760
v 0.24119180 0.04277720 0.16277760
v 0.24119180 0.06496080 0.16277760
v 0.21916950 0.08839200 0.16277760
v 0.21916950 0.06620840 0.16277760
v 0.24135300 0.06620840 0.16277760
v 0.24135300 0.08839200 0.16277760
v 0.00193500 -0.17656673 0.00665500
v 0.00193500 -0.17656673 0.00664500
v 0.00194500 -0.17656673 0.00664500
v 0.00194500 -0.17656673 0.00665500
v -0.11439460 -0.09231568 0.07293182
v 0.03086504 -0.09231568 -0.07232766
v -0.26066630 0.03855800 0.04652823
v -0.25993680 0.08282690 0.04297568
v -0.26063990 0.08292560 0.04648849
v -0.26247760 0.08355220 0.04921073
v -0.26948160 0.08586200 0.05692740
v -0.26761130 0.03548770 0.05414886
v -0.26756830 0.08586050 0.05410751
v -0.27015510 0.02624600 0.06038405
v -0.27015510 0.09516310 0.06035277
v -0.27015510 0.12322510 0.11304380
v -0.27015510 -0.08483567 0.11304440
v -0.26111910 0.13070450 -0.13590770
v -0.26111910 0.12851370 -0.14209410
v 0.14461430 0.13065330 -0.13590770
v -0.26125270 0.08572110 0.04607733
v -0.26105470 0.08618650 0.04335830
v -0.26348620 0.08828120 0.04498282
v -0.26299190 0.08691460 0.04799231
v -0.26657910 0.08973050 0.04791869
v -0.26918550 0.09197160 0.04791953
v -0.26711840 0.08861910 0.05230514
v -0.26934040 0.09009610 0.05419532
v 0.04054278 -0.09231568 -0.05422188
v -0.26750810 0.12851420 0.11304380
v -0.26750840 0.12851440 -0.13590770
v -0.09628868 -0.09231568 0.08260955
v -0.26111850 0.13070450 0.11304380
v 0.04650215 -0.09231568 -0.03457597
v 0.14461430 -0.09012482 -0.14209410
v 0.14982940 -0.08915276 -0.14095710
v 0.14461430 -0.08483567 -0.14465660
v 0.14461430 -0.09231568 -0.13590770
v 0.15100390 -0.08483567 -0.14209410
v 0.15100390 -0.09012482 -0.13590770
v 0.04851475 -0.09231568 -0.01414483
v 0.15365030 -0.08483567 -0.13590770
v -0.05621189 -0.09231568 0.09058135
v -0.07664279 -0.09231568 0.08856894
v 0.04650216 -0.09231568 0.00628623
v -0.03578070 -0.09231568 0.08856910
v -0.01613449 -0.09231568 0.08260955
v 0.03086504 -0.09231568 0.04403785
v 0.00197138 -0.09231568 0.07293182
v 0.01784099 -0.09231568 0.05990783
v 0.14461430 0.12317330 -0.14465660
v 0.14461430 0.12846240 -0.14209410
v -0.26111910 0.12322460 -0.14465660
v 0.04054275 -0.09231568 0.02593215
v 0.14982940 0.12748980 -0.14095710
v 0.15100390 0.12317250 -0.14209410
v 0.15365030 0.12317230 -0.13590770
v 0.15100390 0.12846180 -0.13590770
v 0.15100460 0.12846200 0.11304520
v 0.15365030 0.12317280 0.11304520
v -0.13026420 -0.09231568 0.05990775
v -0.14328850 -0.09231568 0.04403785
v -0.15296640 -0.09231568 0.02593200
v -0.15892560 -0.09231568 0.00628623
v -0.16093810 -0.09231568 -0.01414498
v -0.26111910 -0.09231568 -0.13590770
v -0.26252060 0.03794010 0.04925223
v -0.26949280 0.03548920 0.05694373
v -0.25993680 0.03861350 0.04297568
v -0.26919350 0.09198180 -0.07044892
v -0.26351440 0.08829440 -0.06742761
v 0.01784105 -0.09231568 -0.08819764
v -0.26108020 0.08621980 -0.06581833
v -0.26127300 0.03573620 0.04610770
v -0.26301500 0.03454330 0.04802291
v -0.26715970 0.03278350 0.05235808
v -0.26935140 0.03130980 0.05423125
v -0.26106030 0.03524810 0.04335364
v -0.26348620 0.03315920 0.04498282
v -0.26660870 0.03169600 0.04799071
v -0.26919350 0.02945860 0.04798987
v -0.27015510 0.09519440 -0.08284302
v -0.27015510 0.12322570 -0.13590770
v 0.00197143 -0.09231568 -0.10122160
v -0.25993680 0.08285960 -0.06546746
v -0.26660870 0.08974440 -0.07044976
v -0.26111910 -0.08483567 -0.14465660
v -0.25993680 0.03858080 -0.06546746
v -0.26107450 0.03522640 -0.06582277
v -0.01613445 -0.09231568 -0.11089940
v -0.26657910 0.03170990 -0.07037773
v -0.26918550 0.02946880 -0.07037858
v -0.26128770 0.08572560 -0.06857293
v -0.26303020 0.08690800 -0.07047875
v -0.26066930 0.08290060 -0.06900239
v -0.03578056 -0.09231568 -0.11685900
v -0.26252060 0.08350040 -0.07171113
v -0.26715970 0.08865700 -0.07481713
v -0.26935140 0.09013060 -0.07669030
v -0.26761130 0.08595270 -0.07660782
v -0.26351440 0.03314610 -0.06742761
v -0.26949280 0.08595120 -0.07940278
v -0.26247760 0.03788810 -0.07166978
v -0.05621178 -0.09231568 -0.11887120
v -0.27015510 0.02627730 -0.08281167
v -0.26633420 0.12754210 -0.14095710
v -0.15892560 -0.09231568 -0.03457604
v -0.26064290 0.03849690 -0.06896226
v -0.26948160 0.03557830 -0.07938630
v -0.07664261 -0.09231568 -0.11685900
v -0.26750840 0.12322530 -0.14209410
v -0.15296650 -0.09231568 -0.05422196
v -0.26126740 0.03569790 -0.06854234
v -0.09628870 -0.09231568 -0.11089940
v -0.26756830 0.03557990 -0.07656647
v -0.14328840 -0.09231568 -0.07232781
v -0.26300700 0.03451480 -0.07044816
v -0.11439420 -0.09231568 -0.10122170
v -0.13026400 -0.09231568 -0.08819772
v -0.26711840 0.03282130 -0.07476419
v -0.26934040 0.03134440 -0.07665429
v -0.26111910 -0.09012482 -0.14209410
v -0.27015510 -0.08483567 -0.13590770
v -0.26633420 -0.08915276 -0.14095710
v -0.26750840 -0.09012482 -0.13590770
v -0.26750840 -0.08483567 -0.14209410
v 0.00651192 -0.10736768 -0.04012597
v 0.00023802 -0.10736768 -0.05186349
v -0.09393023 -0.10736768 0.04230490
v -0.08219267 -0.10736768 0.04857871
v 0.01037519 -0.10736768 -0.02738977
v -0.06945663 -0.10736768 0.05244216
v 0.01168011 -0.10736768 -0.01414483
v -0.05621182 -0.10736768 0.05374663
v 0.01037521 -0.10736768 -0.00090013
v -0.04296667 -0.10736768 0.05244216
v 0.00651186 -0.10736768 0.01183608
v -0.03023045 -0.10736768 0.04857879
v 0.00023805 -0.10736768 0.02357383
v -0.01849300 -0.10736768 0.04230490
v -0.00820515 -0.10736768 0.03386184
v -0.10421820 -0.10736768 0.03386161
v -0.11266160 -0.10736768 0.02357344
v -0.11893550 -0.10736768 0.01183608
v -0.12279860 -0.10736768 -0.00089982
v -0.12410330 -0.10736768 -0.01414498
v -0.00820521 -0.10736768 -0.06215173
v -0.01849291 -0.10736768 -0.07059480
v -0.03023045 -0.10736768 -0.07686860
v -0.04296660 -0.10736768 -0.08073205
v -0.05621178 -0.10736768 -0.08203652
v -0.12279860 -0.10736768 -0.02739007
v -0.06945654 -0.10736768 -0.08073205
v -0.11893560 -0.10736768 -0.04012597
v -0.08219255 -0.10736768 -0.07686868
v -0.11266160 -0.10736768 -0.05186318
v -0.09392981 -0.10736768 -0.07059480
v -0.10421810 -0.10736768 -0.06215150
v -0.05621168 -0.10993713 -0.01414491
v 0.00193500 -0.17656673 0.00665500
v 0.00193500 -0.17656673 0.00664500
v 0.00194500 -0.17656673 0.00664500
v 0.00194500 -0.17656673 0.00665500
v -0.26299190 0.08691460 0.04799231
v -0.26711840 0.08861910 0.05230514
v -0.26934040 0.09009610 0.05419532
v -0.26918550 0.09197160 0.04791953
v -0.26750840 0.12851440 -0.13590770
v -0.26750810 0.12851420 0.11304380
v 0.14982940 -0.08915276 -0.14095710
v 0.14461430 -0.09012482 -0.14209410
v 0.15100390 -0.09012482 -0.13590770
v 0.14982940 -0.08915276 -0.14095710
v 0.15100390 -0.08483567 -0.14209410
v -0.26111910 0.12851370 -0.14209410
v 0.14461430 0.12846240 -0.14209410
v 0.14982940 0.12748980 -0.14095710
v 0.14982940 0.12748980 -0.14095710
v 0.15100390 0.12846180 -0.13590770
v 0.15100390 0.12317250 -0.14209410
v 0.14461430 -0.09231568 0.11304440
v 0.15100390 -0.09012482 0.11304440
v 0.15100390 -0.09012482 0.11304440
v 0.15365030 -0.08483567 0.11304440
v 0.14461490 0.13065330 0.11304520
v 0.15100460 0.12846200 0.11304520
v -0.26111910 -0.09231568 0.11304440
v -0.26657910 0.08973050 0.04791869
v -0.26348620 0.08828120 0.04498282
v -0.26351440 0.08829440 -0.06742761
v -0.26919350 0.09198180 -0.07044892
v -0.26660870 0.08974440 -0.07044976
v -0.26301500 0.03454330 0.04802291
v -0.26715970 0.03278350 0.05235808
v -0.26935140 0.03130980 0.05423125
v -0.26919350 0.02945860 0.04798987
v -0.26348620 0.03315920 0.04498282
v -0.26351440 0.03314610 -0.06742761
v -0.26660870 0.03169600 0.04799071
v -0.26657910 0.03170990 -0.07037773
v -0.26918550 0.02946880 -0.07037858
v -0.26303020 0.08690800 -0.07047875
v -0.26715970 0.08865700 -0.07481713
v -0.26935140 0.09013060 -0.07669030
v -0.26633420 0.12754210 -0.14095710
v -0.26633420 0.12754210 -0.14095710
v -0.26750840 0.12322530 -0.14209410
v -0.26300700 0.03451480 -0.07044816
v -0.26711840 0.03282130 -0.07476419
v -0.26934040 0.03134440 -0.07665429
v -0.26111910 -0.09012482 -0.14209410
v -0.26633420 -0.08915276 -0.14095710
v -0.26750840 -0.08483567 -0.14209410
v -0.26633420 -0.08915276 -0.14095710
v -0.26750840 -0.09012482 -0.13590770
v -0.26750840 -0.09012482 0.11304440
v -0.26750840 -0.09012482 0.11304440
v 0.00651192 -0.10736768 -0.04012597
v 0.00023802 -0.10736768 -0.05186349
v -0.09393023 -0.10736768 0.04230490
v -0.05621168 -0.10993713 -0.01414491
v -0.08219267 -0.10736768 0.04857871
v 0.01037519 -0.10736768 -0.02738977
v 0.00651192 -0.10736768 -0.04012597
v -0.08219267 -0.10736768 0.04857871
v -0.06945663 -0.10736768 0.05244216
v 0.01168011 -0.10736768 -0.01414483
v 0.01037519 -0.10736768 -0.02738977
v -0.06945663 -0.10736768 0.05244216
v -0.05621182 -0.10736768 0.05374663
v 0.01037521 -0.10736768 -0.00090013
v -0.04296667 -0.10736768 0.05244216
v 0.00651186 -0.10736768 0.01183608
v 0.01037521 -0.10736768 -0.00090013
v -0.04296667 -0.10736768 0.05244216
v -0.03023045 -0.10736768 0.04857879
v 0.00023805 -0.10736768 0.02357383
v 0.00651186 -0.10736768 0.01183608
v -0.03023045 -0.10736768 0.04857879
v -0.01849300 -0.10736768 0.04230490
v -0.00820515 -0.10736768 0.03386184
v -0.00820515 -0.10736768 0.03386184
v -0.10421820 -0.10736768 0.03386161
v -0.11266160 -0.10736768 0.02357344
v -0.10421820 -0.10736768 0.03386161
v -0.11893550 -0.10736768 0.01183608
v -0.12279860 -0.10736768 -0.00089982
v -0.11893550 -0.10736768 0.01183608
v -0.12410330 -0.10736768 -0.01414498
v -0.12279860 -0.10736768 -0.00089982
v -0.00820521 -0.10736768 -0.06215173
v -0.00820521 -0.10736768 -0.06215173
v -0.01849291 -0.10736768 -0.07059480
v -0.03023045 -0.10736768 -0.07686860
v -0.03023045 -0.10736768 -0.07686860
v -0.04296660 -0.10736768 -0.08073205
v -0.04296660 -0.10736768 -0.08073205
v -0.05621178 -0.10736768 -0.08203652
v -0.12279860 -0.10736768 -0.02739007
v -0.06945654 -0.10736768 -0.08073205
v -0.11893560 -0.10736768 -0.04012597
v -0.05621168 -0.10993713 -0.01414491
v -0.12279860 -0.10736768 -0.02739007
v -0.06945654 -0.10736768 -0.08073205
v -0.08219255 -0.10736768 -0.07686868
v -0.11266160 -0.10736768 -0.05186318
v -0.11893560 -0.10736768 -0.04012597
v -0.08219255 -0.10736768 -0.07686868
v -0.09392981 -0.10736768 -0.07059480
v -0.10421810 -0.10736768 -0.06215150
v -0.10421810 -0.10736768 -0.06215150
v -0.03164555 -0.08570920 -0.13764660
v -0.05621189 -0.08570920 -0.14006610
v -0.05621159 -0.10854211 -0.08355118
v -0.05621189 -0.08352806 -0.14546460
v -0.04267094 -0.10854211 -0.08221749
v -0.03059269 -0.08352806 -0.14294140
v -0.02965092 -0.10854202 -0.07826798
v -0.00595768 -0.08352806 -0.13546850
v -0.01765171 -0.10854211 -0.07185411
v 0.01674587 -0.08352806 -0.12333320
v -0.00713414 -0.10854211 -0.06322251
v 0.03664547 -0.08352814 -0.10700200
v 0.00149746 -0.10854202 -0.05270493
v 0.05297664 -0.08352806 -0.08710221
v 0.00791134 -0.10854202 -0.04070550
v 0.06511196 -0.08352806 -0.06439881
v 0.01186123 -0.10854202 -0.02768540
v 0.07258480 -0.08352806 -0.03976411
v 0.01319454 -0.10854202 -0.01414491
v 0.07510830 -0.08352806 -0.01414491
v 0.01186123 -0.10854202 -0.00060449
v 0.07258480 -0.08352806 0.01147430
v 0.00791134 -0.10854202 0.01241569
v 0.06511196 -0.08352806 0.03610900
v 0.00149746 -0.10854202 0.02441505
v 0.05297664 -0.08352806 0.05881240
v -0.00713414 -0.10854202 0.03493277
v 0.03664547 -0.08352806 0.07871230
v -0.01765171 -0.10854202 0.04356421
v 0.01674587 -0.08352806 0.09504348
v -0.02965092 -0.10854202 0.04997810
v -0.00595799 -0.08352806 0.10717870
v -0.04267094 -0.10854211 0.05392768
v -0.03059269 -0.08352806 0.11465160
v -0.05621189 -0.10854202 0.05526130
v -0.05621189 -0.08352806 0.11717480
v -0.06975254 -0.10854202 0.05392768
v -0.08183079 -0.08352806 0.11465160
v -0.08277225 -0.10854202 0.04997810
v -0.10646550 -0.08352806 0.10717870
v -0.09477177 -0.10854202 0.04356421
v -0.12916910 -0.08352806 0.09504348
v -0.10528930 -0.10854202 0.03493277
v -0.14906890 -0.08352806 0.07871207
v -0.11392100 -0.10854202 0.02441505
v -0.16539990 -0.08352806 0.05881232
v -0.12033450 -0.10854202 0.01241569
v -0.17753480 -0.08352806 0.03610892
v -0.12428380 -0.10854202 -0.00060449
v -0.18500800 -0.08352806 0.01147422
v -0.12561770 -0.10854202 -0.01414491
v -0.18753120 -0.08352806 -0.01414506
v -0.12428380 -0.10854202 -0.02768548
v -0.18500800 -0.08352806 -0.03976426
v -0.12033450 -0.10854202 -0.04070557
v -0.17753480 -0.08352806 -0.06439897
v -0.11392060 -0.10854202 -0.05270501
v -0.16539990 -0.08352806 -0.08710244
v -0.10528930 -0.10854202 -0.06322259
v -0.14906890 -0.08352806 -0.10700200
v -0.09477117 -0.10854202 -0.07185411
v -0.12916870 -0.08352806 -0.12333340
v -0.08277225 -0.10854199 -0.07826798
v -0.10646550 -0.08352806 -0.13546850
v -0.06975192 -0.10854202 -0.08221749
v -0.08183048 -0.08352806 -0.14294140
v -0.00802372 -0.08570920 -0.13048090
v 0.01374660 -0.08570923 -0.11884450
v 0.03282833 -0.08570916 -0.10318460
v 0.04848781 -0.08570916 -0.08410294
v 0.06012447 -0.08570916 -0.06233293
v 0.06728969 -0.08570916 -0.03871095
v 0.06970974 -0.08570916 -0.01414491
v 0.06728969 -0.08570916 0.01042106
v 0.06012447 -0.08570916 0.03404304
v 0.04848781 -0.08570916 0.05581313
v 0.03282833 -0.08570916 0.07489486
v 0.01374660 -0.08570916 0.09055465
v -0.00802372 -0.08570916 0.10219115
v -0.03164555 -0.08570916 0.10935680
v -0.05621189 -0.08570916 0.11177630
v -0.08077763 -0.08570916 0.10935670
v -0.10439970 -0.08570916 0.10219100
v -0.12616980 -0.08570916 0.09055465
v -0.14525120 -0.08570916 0.07489486
v -0.16091130 -0.08570916 0.05581313
v -0.17254800 -0.08570916 0.03404304
v -0.17971320 -0.08570916 0.01042098
v -0.18213290 -0.08570916 -0.01414506
v -0.17971320 -0.08570916 -0.03871102
v -0.17254800 -0.08570923 -0.06233293
v -0.16091130 -0.08570916 -0.08410309
v -0.14525120 -0.08570916 -0.10318470
v -0.12616950 -0.08570916 -0.11884460
v -0.10439950 -0.08570920 -0.13048090
v -0.08077732 -0.08570920 -0.13764660
v -0.04117008 -0.10543343 -0.08976403
v -0.02670658 -0.10543343 -0.08537667
v -0.01337681 -0.10543339 -0.07825165
v -0.00169346 -0.10543343 -0.06866326
v 0.00789516 -0.10543339 -0.05697969
v 0.01502010 -0.10543339 -0.04364999
v 0.01940731 -0.10543339 -0.02918648
v 0.02088894 -0.10543339 -0.01414491
v 0.01940731 -0.10543339 0.00089660
v 0.01502010 -0.10543339 0.01536018
v 0.00789516 -0.10543343 0.02868995
v -0.00169346 -0.10543339 0.04037353
v -0.01337681 -0.10543339 0.04996199
v -0.02670658 -0.10543339 0.05708686
v -0.04117039 -0.10543339 0.06147429
v -0.05621189 -0.10543339 0.06295569
v -0.07125310 -0.10543339 0.06147429
v -0.08571659 -0.10543339 0.05708678
v -0.09904610 -0.10543339 0.04996199
v -0.11072970 -0.10543339 0.04037353
v -0.12031860 -0.10543335 0.02868995
v -0.12744360 -0.10543339 0.01536018
v -0.13183080 -0.10543339 0.00089660
v -0.13331210 -0.10543339 -0.01414491
v -0.13183080 -0.10543343 -0.02918648
v -0.12744360 -0.10543339 -0.04365014
v -0.12031830 -0.10543339 -0.05697984
v -0.11072970 -0.10543343 -0.06866326
v -0.09904610 -0.10543339 -0.07825181
v -0.08571659 -0.10543343 -0.08537667
v -0.05621159 -0.10543343 -0.09124550
v -0.07125310 -0.10543343 -0.08976410
v -0.01811955 -0.10456394 -0.07115395
v -0.00772953 -0.10456391 -0.06262712
v -0.00275120 -0.10173107 -0.06760560
v -0.01420780 -0.10173110 -0.07700799
v -0.04146183 -0.10173110 -0.08829705
v -0.02727879 -0.10173110 -0.08399468
v -0.00859562 -0.08200688 -0.12909900
v -0.03193730 -0.08200691 -0.13617950
v -0.05621189 -0.08200691 -0.13857030
v -0.03088444 -0.07982579 -0.14147430
v -0.05621189 -0.07982579 -0.14396870
v -0.02997318 -0.10456387 -0.07748994
v 0.01291561 -0.08200680 -0.11760090
v -0.00652989 -0.07982579 -0.13408650
v 0.00079738 -0.10456391 -0.05223710
v 0.00713344 -0.10456391 -0.04038331
v 0.01363826 -0.10173110 -0.04307763
v 0.00665157 -0.10173110 -0.05614861
v 0.03177059 -0.08200688 -0.10212690
v 0.01591488 -0.07982579 -0.12208960
v 0.01103512 -0.10456391 -0.02752114
v 0.01794033 -0.10173110 -0.02889466
v 0.04724453 -0.08200688 -0.08327195
v 0.03558803 -0.07982579 -0.10594420
v 0.01235256 -0.10456391 -0.01414491
v 0.01939327 -0.10173110 -0.01414491
v 0.05874263 -0.08200688 -0.06176042
v 0.05173275 -0.07982579 -0.08627122
v 0.01103512 -0.10456391 -0.00076875
v 0.01794033 -0.10173110 0.00060477
v 0.06582272 -0.08200688 -0.03841905
v 0.06373012 -0.07982575 -0.06382638
v 0.00713344 -0.10456391 0.01209350
v 0.01363826 -0.10173110 0.01478782
v 0.06821376 -0.08200688 -0.01414491
v 0.07111782 -0.07982575 -0.03947228
v 0.00079738 -0.10456391 0.02394729
v 0.00665157 -0.10173110 0.02785888
v 0.06582272 -0.08200684 0.01012923
v 0.07361263 -0.07982575 -0.01414491
v -0.00772953 -0.10456391 0.03433730
v -0.00275120 -0.10173110 0.03931579
v 0.05874263 -0.08200684 0.03347053
v 0.07111782 -0.07982575 0.01118262
v -0.01811955 -0.10456391 0.04286399
v -0.01420780 -0.10173107 0.04871818
v 0.04724453 -0.08200684 0.05498214
v 0.06373012 -0.07982575 0.03553657
v -0.02997318 -0.10456391 0.04919997
v -0.02727909 -0.10173107 0.05570487
v 0.03177059 -0.08200684 0.07383712
v 0.05173275 -0.07982575 0.05798140
v -0.04283573 -0.10456391 0.05310180
v -0.04146183 -0.10173107 0.06000724
v 0.01291561 -0.08200684 0.08931090
v 0.03558803 -0.07982575 0.07765456
v -0.05621189 -0.10456398 0.05441932
v -0.05621189 -0.10173107 0.06145995
v -0.00859623 -0.08200684 0.10080924
v 0.01591488 -0.07982575 0.09379973
v -0.06958775 -0.10456391 0.05310180
v -0.07096135 -0.10173107 0.06000724
v -0.03193760 -0.08200684 0.10788970
v -0.00652989 -0.07982575 0.10579672
v -0.08244999 -0.10456391 0.04919997
v -0.08514439 -0.10173107 0.05570487
v -0.05621189 -0.08200684 0.11028060
v -0.03088444 -0.07982575 0.11318450
v -0.09430393 -0.10456391 0.04286399
v -0.09821510 -0.10173110 0.04871818
v -0.08048588 -0.08200684 0.10788970
v -0.05621189 -0.07982575 0.11567890
v -0.10469400 -0.10456391 0.03433723
v -0.10967230 -0.10173107 0.03931579
v -0.10382730 -0.08200684 0.10080901
v -0.08153904 -0.07982575 0.11318440
v -0.11322050 -0.10456391 0.02394729
v -0.11907500 -0.10173110 0.02785888
v -0.12533880 -0.08200684 0.08931090
v -0.10589300 -0.07982575 0.10579672
v -0.11955630 -0.10456391 0.01209350
v -0.12606140 -0.10173110 0.01478774
v -0.14419340 -0.08200684 0.07383712
v -0.12833810 -0.07982575 0.09379966
v -0.12345830 -0.10456391 -0.00076875
v -0.13036380 -0.10173110 0.00060477
v -0.15966770 -0.08200684 0.05498214
v -0.14801120 -0.07982575 0.07765456
v -0.12477570 -0.10456391 -0.01414491
v -0.13181650 -0.10173110 -0.01414491
v -0.17116580 -0.08200684 0.03347053
v -0.16415630 -0.07982575 0.05798140
v -0.12345830 -0.10456391 -0.02752114
v -0.13036380 -0.10173110 -0.02889474
v -0.17824620 -0.08200684 0.01012916
v -0.17615360 -0.07982575 0.03553649
v -0.11955630 -0.10456391 -0.04038338
v -0.12606140 -0.10173110 -0.04307778
v -0.18063690 -0.08200688 -0.01414506
v -0.18354100 -0.07982575 0.01118239
v -0.11322050 -0.10456391 -0.05223725
v -0.11907500 -0.10173107 -0.05614877
v -0.17824620 -0.08200684 -0.03841920
v -0.18603550 -0.07982575 -0.01414506
v -0.10469360 -0.10456394 -0.06262719
v -0.10967200 -0.10173116 -0.06760568
v -0.17116580 -0.08200688 -0.06176057
v -0.18354100 -0.07982579 -0.03947244
v -0.09430365 -0.10456391 -0.07115403
v -0.09821510 -0.10173110 -0.07700814
v -0.15966770 -0.08200688 -0.08327210
v -0.17615330 -0.07982575 -0.06382653
v -0.08244969 -0.10456391 -0.07748994
v -0.08514439 -0.10173110 -0.08399468
v -0.14419340 -0.08200688 -0.10212710
v -0.16415630 -0.07982579 -0.08627144
v -0.06958744 -0.10456394 -0.08139161
v -0.07096135 -0.10173110 -0.08829705
v -0.12533880 -0.08200688 -0.11760090
v -0.14801120 -0.07982579 -0.10594440
v -0.05621159 -0.10456391 -0.08270913
v -0.05621159 -0.10173110 -0.08974969
v -0.10382690 -0.08200688 -0.12909910
v -0.12833780 -0.07982579 -0.12208980
v -0.04283573 -0.10456391 -0.08139161
v -0.08048557 -0.08200691 -0.13617960
v -0.10589270 -0.07982579 -0.13408650
v -0.08153873 -0.07982579 -0.14147430
v 0.00193500 -0.17656673 0.00665500
v 0.00193500 -0.17656673 0.00664500
v 0.00194500 -0.17656673 0.00664500
v 0.00194500 -0.17656673 0.00665500
v -0.08183048 -0.08352806 -0.14294140
v -0.08153873 -0.07982579 -0.14147430
v -0.10589270 -0.07982579 -0.13408650
v -0.10646550 -0.08352806 -0.13546850
v -0.18500800 -0.08352806 0.01147422
v -0.18354100 -0.07982575 0.01118239
v -0.17615360 -0.07982575 0.03553649
v -0.17753480 -0.08352806 0.03610892
v -0.03059269 -0.08352806 0.11465160
v -0.03088444 -0.07982575 0.11318450
v -0.00652989 -0.07982575 0.10579672
v -0.00595799 -0.08352806 0.10717870
v 0.07258480 -0.08352806 -0.03976411
v 0.07111782 -0.07982575 -0.03947228
v 0.06373012 -0.07982575 -0.06382638
v 0.06511196 -0.08352806 -0.06439881
v -0.17753480 -0.08352806 -0.06439897
v -0.17615330 -0.07982575 -0.06382653
v -0.18354100 -0.07982579 -0.03947244
v -0.18500800 -0.08352806 -0.03976426
v -0.10646550 -0.08352806 0.10717870
v -0.10589300 -0.07982575 0.10579672
v -0.08153904 -0.07982575 0.11318440
v -0.08183079 -0.08352806 0.11465160
v 0.06511196 -0.08352806 0.03610900
v 0.06373012 -0.07982575 0.03553657
v 0.07111782 -0.07982575 0.01118262
v 0.07258480 -0.08352806 0.01147430
v -0.00595768 -0.08352806 -0.13546850
v -0.00652989 -0.07982579 -0.13408650
v -0.03088444 -0.07982579 -0.14147430
v -0.03059269 -0.08352806 -0.14294140
v -0.05621189 -0.08352806 -0.14546460
v -0.05621189 -0.07982579 -0.14396870
v -0.12916870 -0.08352806 -0.12333340
v -0.12833780 -0.07982579 -0.12208980
v -0.14801120 -0.07982579 -0.10594440
v -0.14906890 -0.08352806 -0.10700200
v -0.16539990 -0.08352806 0.05881232
v -0.16415630 -0.07982575 0.05798140
v -0.14801120 -0.07982575 0.07765456
v -0.14906890 -0.08352806 0.07871207
v 0.01674587 -0.08352806 0.09504348
v 0.01591488 -0.07982575 0.09379973
v 0.03558803 -0.07982575 0.07765456
v 0.03664547 -0.08352806 0.07871230
v 0.05297664 -0.08352806 -0.08710221
v 0.05173275 -0.07982579 -0.08627122
v 0.03558803 -0.07982579 -0.10594420
v 0.03664547 -0.08352814 -0.10700200
v -0.18753120 -0.08352806 -0.01414506
v -0.18603550 -0.07982575 -0.01414506
v -0.05621189 -0.08352806 0.11717480
v -0.05621189 -0.07982575 0.11567890
v 0.07510830 -0.08352806 -0.01414491
v 0.07361263 -0.07982575 -0.01414491
v -0.16539990 -0.08352806 -0.08710244
v -0.16415630 -0.07982579 -0.08627144
v -0.12916910 -0.08352806 0.09504348
v -0.12833810 -0.07982575 0.09379966
v 0.05297664 -0.08352806 0.05881240
v 0.05173275 -0.07982575 0.05798140
v 0.01674587 -0.08352806 -0.12333320
v 0.01591488 -0.07982579 -0.12208960
v -0.12833780 -0.07982579 -0.12208980
v -0.12916870 -0.08352806 -0.12333340
v 0.01591488 -0.07982575 0.09379973
v 0.01674587 -0.08352806 0.09504348
v -0.12833810 -0.07982575 0.09379966
v -0.12916910 -0.08352806 0.09504348
v 0.01591488 -0.07982579 -0.12208960
v 0.01674587 -0.08352806 -0.12333320
v 0.18068800 -0.11935467 0.11377870
v 0.18068800 -0.10454716 0.11488310
v 0.17918910 -0.12220036 0.12179340
v 0.18238330 -0.11935467 0.11377870
v 0.18388220 -0.12220036 0.12179340
v 0.18238330 -0.10454716 0.11488310
v 0.17918910 -0.10050259 0.12179340
v 0.18388220 -0.10050259 0.12179340
v 0.18068800 0.13456000 0.11377870
v 0.18068800 0.14739760 0.11488310
v 0.17918910 0.13171430 0.12179340
v 0.18238330 0.13456000 0.11377870
v 0.18388220 0.13171430 0.12179340
v 0.18238330 0.14739760 0.11488310
v 0.17918910 0.15144220 0.12179340
v 0.18388220 0.15144220 0.12179340
v 0.00193500 -0.17656673 0.00665500
v 0.00193500 -0.17656673 0.00664500
v 0.00194500 -0.17656673 0.00664500
v 0.00194500 -0.17656673 0.00665500
v 0.18238330 -0.11935467 0.11377870
v 0.18388220 -0.12220036 0.12179340
v 0.17918910 -0.12220036 0.12179340
v 0.18068800 -0.11935467 0.11377870
v 0.18068800 -0.10454716 0.11488310
v 0.18238330 -0.10454716 0.11488310
v 0.18238330 -0.11935467 0.11377870
v 0.18068800 -0.11935467 0.11377870
v 0.17918910 -0.10050259 0.12179340
v 0.18388220 -0.10050259 0.12179340
v 0.18238330 -0.10454716 0.11488310
v 0.18068800 -0.10454716 0.11488310
v 0.18238330 0.13456000 0.11377870
v 0.18388220 0.13171430 0.12179340
v 0.17918910 0.13171430 0.12179340
v 0.18068800 0.13456000 0.11377870
v 0.18068800 0.14739760 0.11488310
v 0.18238330 0.14739760 0.11488310
v 0.18238330 0.13456000 0.11377870
v 0.18068800 0.13456000 0.11377870
v 0.17918910 0.15144220 0.12179340
v 0.18388220 0.15144220 0.12179340
v 0.18238330 0.14739760 0.11488310
v 0.18068800 0.14739760 0.11488310
v 0.20290710 0.09300890 0.16403080
v 0.20377400 0.09264980 0.16403080
v 0.20254800 0.09387570 0.16403080
v 0.20299720 0.09187290 0.16607300
v 0.20213030 0.09223210 0.16607300
v 0.20177120 0.09309900 0.16607300
v 0.26105790 0.09300890 0.16403080
v 0.26141700 0.09387570 0.16403080
v 0.26019090 0.09264980 0.16403080
v 0.26096770 0.09187290 0.16607300
v 0.26183460 0.09223210 0.16607300
v 0.26219380 0.09309900 0.16607300
v 0.20131530 0.09019110 0.15958140
v 0.20044840 0.09055020 0.15958140
v 0.20008930 0.09141710 0.15958140
v 0.20209220 0.09096790 0.16607300
v 0.20122520 0.09132700 0.16607300
v 0.20086620 0.09219380 0.16607300
v 0.26387560 0.09141710 0.15958140
v 0.26351650 0.09055020 0.15958140
v 0.26264960 0.09019110 0.15958140
v 0.26187280 0.09096790 0.16607300
v 0.26273970 0.09132700 0.16607300
v 0.26309880 0.09219380 0.16607300
v 0.20254800 0.11520150 0.16403080
v 0.20377400 0.11642760 0.16403080
v 0.20299720 0.11720440 0.16607300
v 0.20213030 0.11684530 0.16607300
v 0.20177120 0.11597840 0.16607300
v 0.26105790 0.11606850 0.16403080
v 0.26019090 0.11642760 0.16403080
v 0.26141700 0.11520150 0.16403080
v 0.26096770 0.11720440 0.16607300
v 0.26183460 0.11684530 0.16607300
v 0.26219380 0.11597840 0.16607300
v 0.26264960 0.11888630 0.15958140
v 0.26351650 0.11852720 0.15958140
v 0.26387560 0.11766030 0.15958140
v 0.26187280 0.11810950 0.16607300
v 0.26273970 0.11775040 0.16607300
v 0.26309880 0.11688350 0.16607300
v 0.20008930 0.11766030 0.15958140
v 0.20044840 0.11852720 0.15958140
v 0.20131530 0.11888630 0.15958140
v 0.20209220 0.11810950 0.16607300
v 0.20122520 0.11775040 0.16607300
v 0.20086620 0.11688350 0.16607300
v -0.29720450 -0.13519886 -0.17096200
v 0.30581490 -0.13519886 -0.17096200
v 0.30594030 -0.13507340 0.12054210
v -0.29720450 -0.13519886 0.12057570
v -0.29322910 -0.13387371 -0.16698650
v 0.30184050 -0.13387219 -0.16698690
v 0.30196320 -0.13374966 0.11661490
v -0.29322910 -0.13377430 0.11655670
v -0.29720450 -0.13995247 0.12057570
v -0.29720450 -0.13995247 -0.17096200
v 0.30581490 -0.13995247 -0.17096200
v 0.30587740 -0.13995247 0.12063000
v 0.27053200 -0.17544861 0.05163993
v 0.26614780 -0.17544861 0.05251197
v 0.26243110 -0.17544861 0.05499533
v 0.25994760 -0.17544861 0.05871207
v 0.25907570 -0.17544861 0.06309608
v 0.25994760 -0.17544861 0.06748023
v 0.26243110 -0.17544861 0.07119682
v 0.26614780 -0.17544861 0.07368018
v 0.27053200 -0.17544861 0.07455222
v 0.27491580 -0.17544861 0.07368018
v 0.27863250 -0.17544861 0.07119682
v 0.28111610 -0.17544861 0.06748023
v 0.28198800 -0.17544861 0.06309608
v 0.28111610 -0.17544861 0.05871207
v 0.27863250 -0.17544861 0.05499533
v 0.27491580 -0.17544861 0.05251197
v 0.27053200 -0.14344229 0.05050696
v 0.26571420 -0.14344229 0.05146522
v 0.26163000 -0.14344229 0.05419425
v 0.25890080 -0.14344229 0.05827834
v 0.25794280 -0.14344229 0.06309608
v 0.25890080 -0.14344229 0.06791381
v 0.26163000 -0.14344229 0.07199805
v 0.26571420 -0.14344229 0.07472701
v 0.27053200 -0.14344229 0.07568534
v 0.27534950 -0.14344229 0.07472701
v 0.27943360 -0.14344229 0.07199805
v 0.28216280 -0.14344229 0.06791381
v 0.28312110 -0.14344229 0.06309608
v 0.28216280 -0.14344229 0.05827834
v 0.27943360 -0.14344229 0.05419425
v 0.27534950 -0.14344229 0.05146522
v 0.27053200 -0.17607807 0.05303161
v 0.26668030 -0.17607807 0.05379775
v 0.26341530 -0.17607807 0.05597945
v 0.26123330 -0.17607807 0.05924453
v 0.26046720 -0.17607807 0.06309608
v 0.26123330 -0.17607807 0.06694762
v 0.26341530 -0.17607807 0.07021277
v 0.26668030 -0.17607807 0.07239455
v 0.27053200 -0.17607807 0.07316070
v 0.27438330 -0.17607807 0.07239455
v 0.27764830 -0.17607807 0.07021277
v 0.27983010 -0.17607807 0.06694762
v 0.28059640 -0.17607807 0.06309608
v 0.27983010 -0.17607807 0.05924453
v 0.27764830 -0.17607807 0.05597945
v 0.27438330 -0.17607807 0.05379775
v 0.27053200 -0.17544861 -0.13984680
v 0.26614780 -0.17544861 -0.13897480
v 0.26243110 -0.17544861 -0.13649140
v 0.25994760 -0.17544861 -0.13277470
v 0.25907570 -0.17544861 -0.12839070
v 0.25994760 -0.17544861 -0.12400660
v 0.26243110 -0.17544861 -0.12028990
v 0.26614780 -0.17544861 -0.11780650
v 0.27053200 -0.17544861 -0.11693450
v 0.27491580 -0.17544861 -0.11780650
v 0.27863250 -0.17544861 -0.12028990
v 0.28111610 -0.17544861 -0.12400660
v 0.28198800 -0.17544861 -0.12839070
v 0.28111610 -0.17544861 -0.13277470
v 0.27863250 -0.17544861 -0.13649140
v 0.27491580 -0.17544861 -0.13897480
v 0.27053200 -0.14344229 -0.14097990
v 0.26571420 -0.14344229 -0.14002150
v 0.26163000 -0.14344229 -0.13729260
v 0.25890080 -0.14344229 -0.13320830
v 0.25794280 -0.14344229 -0.12839070
v 0.25890080 -0.14344229 -0.12357300
v 0.26163000 -0.14344229 -0.11948880
v 0.26571420 -0.14344229 -0.11675980
v 0.27053200 -0.14344229 -0.11580150
v 0.27534950 -0.14344229 -0.11675980
v 0.27943360 -0.14344229 -0.11948880
v 0.28216280 -0.14344229 -0.12357300
v 0.28312110 -0.14344229 -0.12839070
v 0.28216280 -0.14344229 -0.13320830
v 0.27943360 -0.14344229 -0.13729260
v 0.27534950 -0.14344229 -0.14002150
v 0.27053200 -0.17607807 -0.13845510
v 0.26668030 -0.17607807 -0.13768910
v 0.26341530 -0.17607807 -0.13550740
v 0.26123330 -0.17607807 -0.13224220
v 0.26046720 -0.17607807 -0.12839070
v 0.26123330 -0.17607807 -0.12453910
v 0.26341530 -0.17607807 -0.12127400
v 0.26668030 -0.17607807 -0.11909230
v 0.27053200 -0.17607807 -0.11832610
v 0.27438330 -0.17607807 -0.11909230
v 0.27764830 -0.17607807 -0.12127400
v 0.27983010 -0.17607807 -0.12453910
v 0.28059640 -0.17607807 -0.12839070
v 0.27983010 -0.17607807 -0.13224220
v 0.27764830 -0.17607807 -0.13550740
v 0.27438330 -0.17607807 -0.13768910
v -0.23444740 -0.17544861 0.05163993
v -0.23883130 -0.17544861 0.05251197
v -0.24254800 -0.17544861 0.05499533
v -0.24503160 -0.17544861 0.05871207
v -0.24590340 -0.17544861 0.06309608
v -0.24503160 -0.17544861 0.06748023
v -0.24254800 -0.17544861 0.07119682
v -0.23883130 -0.17544861 0.07368018
v -0.23444740 -0.17544861 0.07455222
v -0.23006320 -0.17544861 0.07368018
v -0.22634650 -0.17544861 0.07119682
v -0.22386300 -0.17544861 0.06748023
v -0.22299120 -0.17544861 0.06309608
v -0.22386300 -0.17544861 0.05871207
v -0.22634650 -0.17544861 0.05499533
v -0.23006320 -0.17544861 0.05251197
v -0.23444740 -0.14344229 0.05050696
v -0.23926490 -0.14344229 0.05146522
v -0.24334910 -0.14344229 0.05419425
v -0.24607830 -0.14344229 0.05827834
v -0.24703650 -0.14344229 0.06309608
v -0.24607830 -0.14344229 0.06791381
v -0.24334910 -0.14344229 0.07199805
v -0.23926490 -0.14344229 0.07472701
v -0.23444740 -0.14344229 0.07568534
v -0.22962970 -0.14344229 0.07472701
v -0.22554550 -0.14344229 0.07199805
v -0.22281670 -0.14344229 0.06791381
v -0.22185810 -0.14344229 0.06309608
v -0.22281670 -0.14344229 0.05827834
v -0.22554550 -0.14344229 0.05419425
v -0.22962970 -0.14344229 0.05146522
v -0.23444740 -0.17607807 0.05303161
v -0.23829880 -0.17607807 0.05379775
v -0.24156420 -0.17607807 0.05597945
v -0.24374590 -0.17607807 0.05924453
v -0.24451190 -0.17607807 0.06309608
v -0.24374590 -0.17607807 0.06694762
v -0.24156420 -0.17607807 0.07021277
v -0.23829880 -0.17607807 0.07239455
v -0.23444740 -0.17607807 0.07316070
v -0.23059590 -0.17607807 0.07239455
v -0.22733080 -0.17607807 0.07021277
v -0.22514910 -0.17607807 0.06694762
v -0.22438280 -0.17607807 0.06309608
v -0.22514910 -0.17607807 0.05924453
v -0.22733080 -0.17607807 0.05597945
v -0.23059590 -0.17607807 0.05379775
v -0.23444740 -0.17544861 -0.13984680
v -0.23883130 -0.17544861 -0.13897480
v -0.24254800 -0.17544861 -0.13649140
v -0.24503160 -0.17544861 -0.13277470
v -0.24590340 -0.17544861 -0.12839070
v -0.24503160 -0.17544861 -0.12400660
v -0.24254800 -0.17544861 -0.12028990
v -0.23883130 -0.17544861 -0.11780650
v -0.23444740 -0.17544861 -0.11693450
v -0.23006320 -0.17544861 -0.11780650
v -0.22634650 -0.17544861 -0.12028990
v -0.22386300 -0.17544861 -0.12400660
v -0.22299120 -0.17544861 -0.12839070
v -0.22386300 -0.17544861 -0.13277470
v -0.22634650 -0.17544861 -0.13649140
v -0.23006320 -0.17544861 -0.13897480
v -0.23444740 -0.14344229 -0.14097990
v -0.23926490 -0.14344229 -0.14002150
v -0.24334910 -0.14344229 -0.13729260
v -0.24607830 -0.14344229 -0.13320830
v -0.24703650 -0.14344229 -0.12839070
v -0.24607830 -0.14344229 -0.12357300
v -0.24334910 -0.14344229 -0.11948880
v -0.23926490 -0.14344229 -0.11675980
v -0.23444740 -0.14344229 -0.11580150
v -0.22962970 -0.14344229 -0.11675980
v -0.22554550 -0.14344229 -0.11948880
v -0.22281670 -0.14344229 -0.12357300
v -0.22185810 -0.14344229 -0.12839070
v -0.22281670 -0.14344229 -0.13320830
v -0.22554550 -0.14344229 -0.13729260
v -0.22962970 -0.14344229 -0.14002150
v -0.23444740 -0.17607807 -0.13845510
v -0.23829880 -0.17607807 -0.13768910
v -0.24156420 -0.17607807 -0.13550740
v -0.24374590 -0.17607807 -0.13224220
v -0.24451190 -0.17607807 -0.12839070
v -0.24374590 -0.17607807 -0.12453910
v -0.24156420 -0.17607807 -0.12127400
v -0.23829880 -0.17607807 -0.11909230
v -0.23444740 -0.17607807 -0.11832610
v -0.23059590 -0.17607807 -0.11909230
v -0.22733080 -0.17607807 -0.12127400
v -0.22514910 -0.17607807 -0.12453910
v -0.22438280 -0.17607807 -0.12839070
v -0.22514910 -0.17607807 -0.13224220
v -0.22733080 -0.17607807 -0.13550740
v -0.23059590 -0.17607807 -0.13768910
v -0.29720450 -0.14470611 -0.17096200
v 0.30581490 -0.14470611 -0.17096200
v 0.30594030 -0.14483158 0.12054210
v -0.29720450 -0.14470611 0.12057570
v -0.29322910 -0.14603127 -0.16698650
v 0.30184050 -0.14603279 -0.16698690
v 0.30196320 -0.14615532 0.11661490
v -0.29322910 -0.14613068 0.11655670
v 0.27371920 0.11818160 0.15960920
v 0.27968080 0.11296110 0.15960920
v 0.27304480 0.11224720 0.15960920
v 0.27379150 -0.06604170 0.15960920
v 0.28038610 -0.06660510 0.15960920
v 0.18738620 -0.06656270 0.15960920
v 0.18738620 0.13280030 0.15960920
v 0.19040900 -0.06651440 0.15960920
v 0.19040900 0.13249220 0.15960920
v 0.27069030 -0.13213257 0.16175240
v 0.26945930 -0.13104767 0.16217110
v 0.19180800 -0.12948761 0.16279820
v 0.19139380 -0.13215016 0.16171680
v 0.19218300 -0.13105668 0.16218220
v 0.27073340 -0.12946106 0.16282640
v 0.26943940 -0.12958470 0.16276620
v 0.25766690 -0.10537068 0.16353920
v 0.25779510 -0.10399227 0.16353920
v 0.19138950 -0.10400223 0.16352030
v 0.19231110 -0.10535553 0.16355880
v 0.26351320 -0.10604153 0.16353920
v 0.26729890 -0.10996346 0.16353920
v 0.26975620 -0.11581646 0.16353920
v 0.27065490 -0.12142224 0.16355530
v 0.23666540 0.12348800 0.15960920
v 0.19895700 0.13104390 0.15960920
v 0.23671450 -0.06628020 0.15960920
v 0.19912720 -0.06649020 0.15960920
v -0.34487680 -0.13697560 -0.17096200
v -0.29591210 -0.13697560 -0.17096200
v -0.29578670 -0.13685009 0.10411818
v -0.34487680 -0.13697560 0.10415175
v -0.34090130 -0.13565041 -0.16698650
v -0.29988640 -0.13564888 -0.16698690
v -0.29976370 -0.13552636 0.10019095
v -0.34090130 -0.13555104 0.10013289
v -0.34487680 -0.14172921 0.10415175
v -0.34487680 -0.14172921 -0.17096200
v -0.29591210 -0.14172921 -0.17096200
v -0.29584950 -0.14172921 0.10420599
v -0.34487680 -0.14648281 -0.17096200
v -0.29591210 -0.14648281 -0.17096200
v -0.29578670 -0.14660832 0.10411818
v -0.34487680 -0.14648281 0.10415175
v -0.34090130 -0.14780800 -0.16698650
v -0.29988640 -0.14780953 -0.16698690
v -0.29976370 -0.14793205 0.10019095
v -0.34090130 -0.14790737 0.10013289
v 0.30197530 0.16990730 0.10070540
v 0.30197530 0.16754050 0.10168608
v 0.30197530 -0.13044701 0.10168608
v 0.30197530 -0.13281483 0.10070540
v 0.30197530 -0.13379540 0.09833816
v 0.30197530 -0.13379540 -0.16582520
v 0.30197530 -0.13281483 -0.16819260
v 0.30197530 -0.13044701 -0.16917310
v 0.30197530 0.16754050 -0.16917310
v 0.30197530 0.16990730 -0.16819260
v 0.30197530 0.17088790 -0.16582520
v 0.30197530 0.17088790 0.09833816
v 0.31067850 0.17088770 -0.16582520
v 0.31067850 0.16990710 -0.16819260
v 0.31067850 0.16754050 -0.16917310
v 0.31067850 -0.13044701 -0.16917310
v 0.31067850 -0.13281483 -0.16819260
v 0.31067850 -0.13379540 -0.16582520
v 0.31067850 -0.13379540 0.09833816
v 0.31067850 -0.13281483 0.10070540
v 0.31067850 -0.13044701 0.10168608
v 0.31067850 0.16754050 0.10168608
v 0.31067850 0.16990710 0.10070540
v 0.31067850 0.17088770 0.09833816
v -0.30687120 0.16990730 0.10179786
v -0.30687120 0.16754050 0.10277846
v -0.30687120 -0.12948899 0.10277846
v -0.30687120 -0.13185681 0.10179786
v -0.30687120 -0.13283738 0.09943060
v -0.30687120 -0.13283738 -0.16582520
v -0.30687120 -0.13185681 -0.16819260
v -0.30687120 -0.12948899 -0.16917310
v -0.30687120 0.16754050 -0.16917310
v -0.30687120 0.16990730 -0.16819260
v -0.30687120 0.17088790 -0.16582520
v -0.30687120 0.17088790 0.09943060
v -0.29816790 0.17088770 -0.16582520
v -0.29816790 0.16990710 -0.16819260
v -0.29816790 0.16754050 -0.16917310
v -0.29816790 -0.12948899 -0.16917310
v -0.29816790 -0.13185681 -0.16819260
v -0.29816790 -0.13283738 -0.16582520
v -0.29816790 -0.13283738 0.09943060
v -0.29816790 -0.13185681 0.10179786
v -0.29816790 -0.12948899 0.10277846
v -0.29816790 0.16754050 0.10277846
v -0.29816790 0.16990710 0.10179786
v -0.29816790 0.17088770 0.09943060
v -0.32336300 0.17249500 0.10283248
v -0.31691200 0.17249500 0.10283248
v -0.32336300 0.17008900 0.10382933
v -0.31691200 0.17008900 0.10382933
v -0.32336300 -0.13198941 0.10382933
v -0.31691200 -0.13198941 0.10382933
v -0.32336300 -0.13439641 0.10283248
v -0.31691200 -0.13439641 0.10283248
v -0.32336300 -0.13539322 0.10042602
v -0.31691200 -0.13539322 0.10042602
v -0.32336300 -0.13539322 -0.16814500
v -0.31691200 -0.13539322 -0.16814500
v -0.32336300 -0.13439641 -0.17055150
v -0.31691200 -0.13439641 -0.17055150
v -0.32336300 -0.13198941 -0.17154820
v -0.31691200 -0.13198941 -0.17154820
v -0.32336300 0.17008900 -0.17154820
v -0.31691200 0.17008900 -0.17154820
v -0.32336300 0.17249500 -0.17055150
v -0.31691200 0.17249500 -0.17055150
v -0.32336300 0.17349180 -0.16814500
v -0.31691200 0.17349180 -0.16814500
v -0.32336300 0.17349180 0.10042602
v -0.31691200 0.17349180 0.10042602
v 0.32169350 0.17249500 0.10306434
v 0.33137000 0.17249500 0.10306434
v 0.32169350 0.17008900 0.10406104
v 0.33137000 0.17008900 0.10406104
v 0.32169350 -0.13190369 0.10406104
v 0.33137000 -0.13190369 0.10406104
v 0.32169350 -0.13431073 0.10306434
v 0.33137000 -0.13431073 0.10306434
v 0.32169350 -0.13530751 0.10065787
v 0.33137000 -0.13530751 0.10065787
v 0.32169350 -0.13530751 -0.16814500
v 0.33137000 -0.13530751 -0.16814500
v 0.32169350 -0.13431073 -0.17055150
v 0.33137000 -0.13431073 -0.17055150
v 0.32169350 -0.13190369 -0.17154820
v 0.33137000 -0.13190369 -0.17154820
v 0.32169350 0.17008900 -0.17154820
v 0.33137000 0.17008900 -0.17154820
v 0.32169350 0.17249500 -0.17055150
v 0.33137000 0.17249500 -0.17055150
v 0.32169350 0.17349180 -0.16814500
v 0.33137000 0.17349180 -0.16814500
v 0.32169350 0.17349180 0.10065787
v 0.33137000 0.17349180 0.10065787
v 0.30586910 -0.13697560 -0.17096200
v 0.30401870 -0.13697560 -0.17019550
v 0.30325210 -0.13697560 -0.16834500
v 0.30325210 -0.14172921 -0.16834500
v 0.30401870 -0.14172921 -0.17019550
v 0.30586910 -0.14172921 -0.17096200
v 0.35125320 -0.13685772 0.10435203
v 0.35310300 -0.13685265 0.10358436
v 0.35386850 -0.13685124 0.10173346
v 0.35380620 -0.14172921 0.10181838
v 0.35303920 -0.14172921 0.10366942
v 0.35118740 -0.14172921 0.10443465
v 0.30722770 -0.13564949 -0.16436940
v 0.30984450 -0.13565029 -0.16698650
v 0.30799410 -0.13565010 -0.16622000
v 0.35112780 -0.13697560 -0.17096200
v 0.35297830 -0.13697525 -0.17019580
v 0.35374540 -0.13697445 -0.16834560
v 0.34977110 -0.13564778 -0.16437060
v 0.34900400 -0.13564862 -0.16622070
v 0.34715340 -0.13564903 -0.16698690
v 0.34725660 -0.13552822 0.10041846
v 0.34911980 -0.13552723 0.09965865
v 0.34989150 -0.13552750 0.09781928
v 0.30587020 -0.13696797 0.10438170
v 0.30401910 -0.13697334 0.10361632
v 0.30325210 -0.13697560 0.10176566
v 0.30982850 -0.13554920 0.10036902
v 0.30722770 -0.13555195 0.09773566
v 0.30798920 -0.13555077 0.09959616
v 0.30586750 -0.14172921 0.10438712
v 0.30401800 -0.14172921 0.10361892
v 0.30325210 -0.14172921 0.10176840
v 0.35112760 -0.14172921 -0.17096200
v 0.35297800 -0.14172921 -0.17019560
v 0.35374480 -0.14172921 -0.16834530
v 0.30586910 -0.14648281 -0.17096200
v 0.30401870 -0.14648281 -0.17019550
v 0.30325210 -0.14648281 -0.16834500
v 0.35125250 -0.14660069 0.10435203
v 0.35310280 -0.14660576 0.10358412
v 0.35386850 -0.14660717 0.10173277
v 0.30722770 -0.14780891 -0.16436940
v 0.30799410 -0.14780831 -0.16622000
v 0.30984450 -0.14780811 -0.16698650
v 0.35374540 -0.14648396 -0.16834560
v 0.35297830 -0.14648315 -0.17019580
v 0.35112780 -0.14648281 -0.17096200
v 0.34977110 -0.14781063 -0.16437060
v 0.34715340 -0.14780941 -0.16698690
v 0.34900400 -0.14780979 -0.16622070
v 0.34725660 -0.14793018 0.10041846
v 0.34989150 -0.14793091 0.09781928
v 0.34911980 -0.14793118 0.09965865
v 0.30325210 -0.14648281 0.10176566
v 0.30401910 -0.14648506 0.10361632
v 0.30587020 -0.14649044 0.10438170
v 0.30982850 -0.14790920 0.10036902
v 0.30798920 -0.14790764 0.09959616
v 0.30722770 -0.14790646 0.09773566
v 0.00193500 -0.17656673 0.00665500
v 0.00193500 -0.17656673 0.00664500
v 0.00194500 -0.17656673 0.00664500
v 0.00194500 -0.17656673 0.00665500
v 0.20290710 0.09300890 0.16403080
v 0.20213030 0.09223210 0.16607300
v 0.26351650 0.09055020 0.15958140
v 0.26273970 0.09132700 0.16607300
v 0.26105790 0.11606850 0.16403080
v 0.26183460 0.11684530 0.16607300
v 0.20044840 0.11852720 0.15958140
v 0.20122520 0.11775040 0.16607300
v 0.26187280 0.09096790 0.16607300
v 0.20299720 0.09187290 0.16607300
v 0.20209220 0.11810950 0.16607300
v 0.26096770 0.11720440 0.16607300
v 0.20177120 0.09309900 0.16607300
v 0.20086620 0.11688350 0.16607300
v 0.26219380 0.11597840 0.16607300
v 0.26309880 0.09219380 0.16607300
v 0.26096770 0.09187290 0.16607300
v 0.20209220 0.09096790 0.16607300
v 0.20299720 0.11720440 0.16607300
v 0.26187280 0.11810950 0.16607300
v 0.20177120 0.11597840 0.16607300
v 0.20086620 0.09219380 0.16607300
v 0.26219380 0.09309900 0.16607300
v 0.26309880 0.11688350 0.16607300
v 0.20213030 0.09223210 0.16607300
v 0.26105790 0.09300890 0.16403080
v 0.26183460 0.09223210 0.16607300
v 0.20122520 0.09132700 0.16607300
v 0.20044840 0.09055020 0.15958140
v 0.20122520 0.09132700 0.16607300
v 0.26273970 0.09132700 0.16607300
v 0.26183460 0.09223210 0.16607300
v 0.20290710 0.11606850 0.16403080
v 0.20290710 0.11606850 0.16403080
v 0.20213030 0.11684530 0.16607300
v 0.26183460 0.11684530 0.16607300
v 0.26273970 0.11775040 0.16607300
v 0.26351650 0.11852720 0.15958140
v 0.26273970 0.11775040 0.16607300
v 0.20122520 0.11775040 0.16607300
v 0.20213030 0.11684530 0.16607300
v -0.29720450 -0.13519886 -0.17096200
v 0.30581490 -0.13519886 -0.17096200
v 0.30581490 -0.13519886 -0.17096200
v 0.30581490 -0.13995247 -0.17096200
v 0.30587740 -0.13995247 0.12063000
v 0.30594030 -0.13507340 0.12054210
v -0.29720450 -0.13519886 0.12057570
v -0.29720450 -0.13995247 0.12057570
v -0.29720450 -0.13995247 -0.17096200
v -0.29720450 -0.13519886 -0.17096200
v -0.29720450 -0.13519886 0.12057570
v 0.30594030 -0.13507340 0.12054210
v 0.26571420 -0.14344229 0.05146522
v 0.26614780 -0.17544861 0.05251197
v 0.26571420 -0.14344229 0.07472701
v 0.26614780 -0.17544861 0.07368018
v 0.27534950 -0.14344229 0.07472701
v 0.27491580 -0.17544861 0.07368018
v 0.27534950 -0.14344229 0.05146522
v 0.27491580 -0.17544861 0.05251197
v 0.26571420 -0.14344229 0.05146522
v 0.27053200 -0.14344229 0.05050696
v 0.27534950 -0.14344229 0.05146522
v 0.26163000 -0.14344229 0.05419425
v 0.27943360 -0.14344229 0.05419425
v 0.25890080 -0.14344229 0.05827834
v 0.28216280 -0.14344229 0.05827834
v 0.25794280 -0.14344229 0.06309608
v 0.28312110 -0.14344229 0.06309608
v 0.25890080 -0.14344229 0.06791381
v 0.28216280 -0.14344229 0.06791381
v 0.26163000 -0.14344229 0.07199805
v 0.27943360 -0.14344229 0.07199805
v 0.26571420 -0.14344229 0.07472701
v 0.27534950 -0.14344229 0.07472701
v 0.27053200 -0.14344229 0.07568534
v 0.25907570 -0.17544861 0.06309608
v 0.25994760 -0.17544861 0.05871207
v 0.26243110 -0.17544861 0.05499533
v 0.26614780 -0.17544861 0.05251197
v 0.27053200 -0.17544861 0.05163993
v 0.27491580 -0.17544861 0.05251197
v 0.27863250 -0.17544861 0.05499533
v 0.28111610 -0.17544861 0.05871207
v 0.28198800 -0.17544861 0.06309608
v 0.28111610 -0.17544861 0.06748023
v 0.27863250 -0.17544861 0.07119682
v 0.27491580 -0.17544861 0.07368018
v 0.27053200 -0.17544861 0.07455222
v 0.26614780 -0.17544861 0.07368018
v 0.26243110 -0.17544861 0.07119682
v 0.25994760 -0.17544861 0.06748023
v 0.26571420 -0.14344229 -0.14002150
v 0.26614780 -0.17544861 -0.13897480
v 0.26571420 -0.14344229 -0.11675980
v 0.26614780 -0.17544861 -0.11780650
v 0.27534950 -0.14344229 -0.11675980
v 0.27491580 -0.17544861 -0.11780650
v 0.27534950 -0.14344229 -0.14002150
v 0.27491580 -0.17544861 -0.13897480
v 0.26571420 -0.14344229 -0.14002150
v 0.27053200 -0.14344229 -0.14097990
v 0.27534950 -0.14344229 -0.14002150
v 0.26163000 -0.14344229 -0.13729260
v 0.27943360 -0.14344229 -0.13729260
v 0.25890080 -0.14344229 -0.13320830
v 0.28216280 -0.14344229 -0.13320830
v 0.25794280 -0.14344229 -0.12839070
v 0.28312110 -0.14344229 -0.12839070
v 0.25890080 -0.14344229 -0.12357300
v 0.28216280 -0.14344229 -0.12357300
v 0.26163000 -0.14344229 -0.11948880
v 0.27943360 -0.14344229 -0.11948880
v 0.26571420 -0.14344229 -0.11675980
v 0.27534950 -0.14344229 -0.11675980
v 0.27053200 -0.14344229 -0.11580150
v 0.25907570 -0.17544861 -0.12839070
v 0.25994760 -0.17544861 -0.13277470
v 0.26243110 -0.17544861 -0.13649140
v 0.26614780 -0.17544861 -0.13897480
v 0.27053200 -0.17544861 -0.13984680
v 0.27491580 -0.17544861 -0.13897480
v 0.27863250 -0.17544861 -0.13649140
v 0.28111610 -0.17544861 -0.13277470
v 0.28198800 -0.17544861 -0.12839070
v 0.28111610 -0.17544861 -0.12400660
v 0.27863250 -0.17544861 -0.12028990
v 0.27491580 -0.17544861 -0.11780650
v 0.27053200 -0.17544861 -0.11693450
v 0.26614780 -0.17544861 -0.11780650
v 0.26243110 -0.17544861 -0.12028990
v 0.25994760 -0.17544861 -0.12400660
v -0.23926490 -0.14344229 0.05146522
v -0.23883130 -0.17544861 0.05251197
v -0.23926490 -0.14344229 0.07472701
v -0.23883130 -0.17544861 0.07368018
v -0.22962970 -0.14344229 0.07472701
v -0.23006320 -0.17544861 0.07368018
v -0.22962970 -0.14344229 0.05146522
v -0.23006320 -0.17544861 0.05251197
v -0.23926490 -0.14344229 0.05146522
v -0.23444740 -0.14344229 0.05050696
v -0.22962970 -0.14344229 0.05146522
v -0.24334910 -0.14344229 0.05419425
v -0.22554550 -0.14344229 0.05419425
v -0.24607830 -0.14344229 0.05827834
v -0.22281670 -0.14344229 0.05827834
v -0.24703650 -0.14344229 0.06309608
v -0.22185810 -0.14344229 0.06309608
v -0.24607830 -0.14344229 0.06791381
v -0.22281670 -0.14344229 0.06791381
v -0.24334910 -0.14344229 0.07199805
v -0.22554550 -0.14344229 0.07199805
v -0.23926490 -0.14344229 0.07472701
v -0.22962970 -0.14344229 0.07472701
v -0.23444740 -0.14344229 0.07568534
v -0.24590340 -0.17544861 0.06309608
v -0.24503160 -0.17544861 0.05871207
v -0.24254800 -0.17544861 0.05499533
v -0.23883130 -0.17544861 0.05251197
v -0.23444740 -0.17544861 0.05163993
v -0.23006320 -0.17544861 0.05251197
v -0.22634650 -0.17544861 0.05499533
v -0.22386300 -0.17544861 0.05871207
v -0.22299120 -0.17544861 0.06309608
v -0.22386300 -0.17544861 0.06748023
v -0.22634650 -0.17544861 0.07119682
v -0.23006320 -0.17544861 0.07368018
v -0.23444740 -0.17544861 0.07455222
v -0.23883130 -0.17544861 0.07368018
v -0.24254800 -0.17544861 0.07119682
v -0.24503160 -0.17544861 0.06748023
v -0.23926490 -0.14344229 -0.14002150
v -0.23883130 -0.17544861 -0.13897480
v -0.23926490 -0.14344229 -0.11675980
v -0.23883130 -0.17544861 -0.11780650
v -0.22962970 -0.14344229 -0.11675980
v -0.23006320 -0.17544861 -0.11780650
v -0.22962970 -0.14344229 -0.14002150
v -0.23006320 -0.17544861 -0.13897480
v -0.23926490 -0.14344229 -0.14002150
v -0.23444740 -0.14344229 -0.14097990
v -0.22962970 -0.14344229 -0.14002150
v -0.24334910 -0.14344229 -0.13729260
v -0.22554550 -0.14344229 -0.13729260
v -0.24607830 -0.14344229 -0.13320830
v -0.22281670 -0.14344229 -0.13320830
v -0.24703650 -0.14344229 -0.12839070
v -0.22185810 -0.14344229 -0.12839070
v -0.24607830 -0.14344229 -0.12357300
v -0.22281670 -0.14344229 -0.12357300
v -0.24334910 -0.14344229 -0.11948880
v -0.22554550 -0.14344229 -0.11948880
v -0.23926490 -0.14344229 -0.11675980
v -0.22962970 -0.14344229 -0.11675980
v -0.23444740 -0.14344229 -0.11580150
v -0.24590340 -0.17544861 -0.12839070
v -0.24503160 -0.17544861 -0.13277470
v -0.24254800 -0.17544861 -0.13649140
v -0.23883130 -0.17544861 -0.13897480
v -0.23444740 -0.17544861 -0.13984680
v -0.23006320 -0.17544861 -0.13897480
v -0.22634650 -0.17544861 -0.13649140
v -0.22386300 -0.17544861 -0.13277470
v -0.22299120 -0.17544861 -0.12839070
v -0.22386300 -0.17544861 -0.12400660
v -0.22634650 -0.17544861 -0.12028990
v -0.23006320 -0.17544861 -0.11780650
v -0.23444740 -0.17544861 -0.11693450
v -0.23883130 -0.17544861 -0.11780650
v -0.24254800 -0.17544861 -0.12028990
v -0.24503160 -0.17544861 -0.12400660
v 0.30581490 -0.14470611 -0.17096200
v -0.29720450 -0.14470611 -0.17096200
v -0.29720450 -0.14470611 0.12057570
v 0.30594030 -0.14483158 0.12054210
v 0.30594030 -0.14483158 0.12054210
v 0.30581490 -0.14470611 -0.17096200
v -0.29720450 -0.14470611 -0.17096200
v -0.29720450 -0.14470611 0.12057570
v 0.19040900 0.13881580 0.15960920
v 0.18738620 0.13902370 0.15960920
v 0.27435800 -0.07235250 0.15960920
v 0.27963200 -0.07158770 0.15960920
v 0.19040900 -0.07261920 0.15960920
v 0.18738620 -0.07264640 0.15960920
v 0.19180800 -0.12948761 0.16279820
v 0.26272030 -0.10726059 0.16353920
v 0.26625710 -0.11097786 0.16353920
v 0.26840460 -0.11609299 0.16353920
v 0.26930300 -0.12169880 0.16355710
v 0.23667880 0.12968710 0.15960920
v 0.19907350 0.13732480 0.15960920
v 0.19912720 -0.07260560 0.15960920
v 0.23671390 -0.07248800 0.15960920
v 0.23671270 -0.13104462 0.16217190
v 0.23671300 -0.13213185 0.16175310
v 0.19912660 -0.13214127 0.16173430
v 0.19912780 -0.13105012 0.16217790
v 0.19912720 -0.10535668 0.16355020
v 0.19912720 -0.10400346 0.16352940
v 0.23671300 -0.10399759 0.16353920
v 0.23671300 -0.10536542 0.16353920
v -0.34487680 -0.13697560 -0.17096200
v -0.29591210 -0.13697560 -0.17096200
v -0.29591210 -0.13697560 -0.17096200
v -0.29591210 -0.14172921 -0.17096200
v -0.29584950 -0.14172921 0.10420599
v -0.29578670 -0.13685009 0.10411818
v -0.34487680 -0.13697560 0.10415175
v -0.34487680 -0.14172921 0.10415175
v -0.34487680 -0.14172921 -0.17096200
v -0.34487680 -0.13697560 -0.17096200
v -0.34487680 -0.13697560 0.10415175
v -0.34487680 -0.13697560 -0.17096200
v -0.34090130 -0.13565041 -0.16698650
v -0.29591210 -0.13697560 -0.17096200
v -0.29578670 -0.13685009 0.10411818
v -0.29988640 -0.13564888 -0.16698690
v -0.29976370 -0.13552636 0.10019095
v -0.34090130 -0.13555104 0.10013289
v -0.34090130 -0.13565041 -0.16698650
v -0.29988640 -0.13564888 -0.16698690
v -0.29976370 -0.13552636 0.10019095
v -0.29578670 -0.13685009 0.10411818
v -0.34487680 -0.13697560 0.10415175
v -0.34090130 -0.13555104 0.10013289
v -0.29591210 -0.14648281 -0.17096200
v -0.34487680 -0.14648281 -0.17096200
v -0.34487680 -0.14648281 0.10415175
v -0.29578670 -0.14660832 0.10411818
v -0.29578670 -0.14660832 0.10411818
v -0.29591210 -0.14648281 -0.17096200
v -0.34487680 -0.14648281 -0.17096200
v -0.34487680 -0.14648281 0.10415175
v -0.34487680 -0.14648281 -0.17096200
v -0.34487680 -0.14648281 0.10415175
v -0.34090130 -0.14790737 0.10013289
v -0.34090130 -0.14780800 -0.16698650
v -0.29578670 -0.14660832 0.10411818
v -0.29591210 -0.14648281 -0.17096200
v -0.29988640 -0.14780953 -0.16698690
v -0.29976370 -0.14793205 0.10019095
v -0.29976370 -0.14793205 0.10019095
v -0.29988640 -0.14780953 -0.16698690
v -0.34090130 -0.14780800 -0.16698650
v -0.34090130 -0.14790737 0.10013289
v 0.30197530 -0.13281483 0.10070540
v 0.31067850 -0.13281483 0.10070540
v 0.30197530 -0.13281483 -0.16819260
v 0.31067850 -0.13281483 -0.16819260
v 0.30197530 0.16990730 -0.16819260
v 0.31067850 0.16990710 -0.16819260
v 0.30197530 0.16990730 0.10070540
v 0.31067850 0.16990710 0.10070540
v -0.30687120 -0.13185681 0.10179786
v -0.29816790 -0.13185681 0.10179786
v -0.30687120 -0.13185681 -0.16819260
v -0.29816790 -0.13185681 -0.16819260
v -0.30687120 0.16990730 -0.16819260
v -0.29816790 0.16990710 -0.16819260
v -0.30687120 0.16990730 0.10179786
v -0.29816790 0.16990710 0.10179786
v -0.31691200 0.17249500 0.10283248
v -0.32336300 0.17249500 0.10283248
v -0.31691200 -0.13439641 0.10283248
v -0.32336300 -0.13439641 0.10283248
v -0.31691200 -0.13439641 -0.17055150
v -0.32336300 -0.13439641 -0.17055150
v -0.31691200 0.17249500 -0.17055150
v -0.32336300 0.17249500 -0.17055150
v 0.33137000 0.17249500 0.10306434
v 0.32169350 0.17249500 0.10306434
v 0.33137000 -0.13431073 0.10306434
v 0.32169350 -0.13431073 0.10306434
v 0.33137000 -0.13431073 -0.17055150
v 0.32169350 -0.13431073 -0.17055150
v 0.33137000 0.17249500 -0.17055150
v 0.32169350 0.17249500 -0.17055150
v 0.30401870 -0.13697560 -0.17019550
v 0.30401870 -0.14172921 -0.17019550
v 0.35310300 -0.13685265 0.10358436
v 0.35303920 -0.14172921 0.10366942
v 0.35112780 -0.13697560 -0.17096200
v 0.30587020 -0.13696797 0.10438170
v 0.30586910 -0.13697560 -0.17096200
v 0.35374540 -0.13697445 -0.16834560
v 0.30325210 -0.13697560 0.10176566
v 0.30325210 -0.13697560 -0.16834500
v 0.35386850 -0.13685124 0.10173346
v 0.35125320 -0.13685772 0.10435203
v 0.35112780 -0.14648281 -0.17096200
v 0.30586910 -0.14648281 -0.17096200
v 0.35125250 -0.14660069 0.10435203
v 0.30587020 -0.14649044 0.10438170
v 0.35386850 -0.14660717 0.10173277
v 0.35374540 -0.14648396 -0.16834560
v 0.30325210 -0.14648281 -0.16834500
v 0.30325210 -0.14648281 0.10176566
v 0.30401870 -0.13697560 -0.17019550
v 0.35310300 -0.13685265 0.10358436
v 0.35297830 -0.13697525 -0.17019580
v 0.35297830 -0.13697525 -0.17019580
v 0.35297800 -0.14172921 -0.17019560
v 0.30401910 -0.13697334 0.10361632
v 0.30401910 -0.13697334 0.10361632
v 0.30401800 -0.14172921 0.10361892
v 0.30401870 -0.14648281 -0.17019550
v 0.30401870 -0.14648281 -0.17019550
v 0.35310280 -0.14660576 0.10358412
v 0.35310280 -0.14660576 0.10358412
v 0.35297830 -0.14648315 -0.17019580
v 0.35297830 -0.14648315 -0.17019580
v 0.30401910 -0.14648506 0.10361632
v 0.30401910 -0.14648506 0.10361632
v 0.00193500 -0.17656673 0.00665500
v 0.00194500 -0.17656673 0.00665500
v 0.00193500 -0.17656673 0.00664500
v 0.00194500 -0.17656673 0.00664500
v -0.29153050 -0.12945458 0.12179340
v -0.29153050 -0.13564103 0.11923090
v 0.17162150 -0.12945332 0.12179340
v -0.29153050 0.16587670 -0.17273420
v -0.29153020 0.17206320 -0.17017150
v 0.17162150 0.16580790 -0.17273420
v -0.29153050 0.16587670 0.12179340
v -0.27714370 -0.09747281 0.12179340
v -0.27714370 0.13586380 0.12179340
v -0.29152980 0.17462570 -0.16398460
v 0.17162150 0.17199460 -0.17017160
v -0.29771700 0.16587730 0.11923060
v -0.30027960 0.16587740 0.11304380
v -0.29771700 -0.12945454 0.11923090
v -0.29771700 0.17206380 0.11304410
v -0.30027960 0.16587800 -0.16398530
v -0.26641220 -0.09450650 0.11923090
v 0.14990770 -0.09450650 0.11923090
v -0.29153050 0.17462570 0.11304440
v -0.29771670 0.17206400 -0.16398500
v -0.27280180 0.12760720 0.11923060
v -0.29153050 -0.13820343 0.11304440
v 0.17162150 -0.13813308 -0.16398620
v 0.17162150 -0.13820103 0.11304320
v -0.27280180 -0.08921734 0.11923090
v 0.17162150 -0.13556923 -0.17017210
v 0.17162150 -0.12938248 -0.17273420
v 0.29569230 -0.13423786 -0.17018230
v 0.29569230 -0.13682549 -0.16401170
v 0.29569130 -0.12804947 -0.17273420
v -0.27100830 0.13077540 0.11923080
v -0.26641180 0.13289590 0.11923060
v -0.29657990 0.17092670 0.11809380
v 0.30073040 -0.13304543 -0.16904220
v 0.17162150 -0.13563977 0.11923030
v -0.29153050 0.17206320 0.11923090
v 0.30186600 -0.13419312 -0.16399860
v 0.30185920 -0.12797459 -0.17017160
v 0.30441410 -0.12796635 -0.16398530
v 0.17162150 0.17455720 -0.16398500
v 0.16063850 -0.09747284 0.12179340
v 0.29563880 -0.13815064 0.11301810
v -0.26111910 -0.09231568 0.11304440
v 0.14461430 -0.09231568 0.11304440
v 0.30185140 0.16440030 -0.17018780
v 0.30184440 -0.13558667 0.11303080
v 0.30441410 0.16439520 -0.16404000
v 0.14990800 0.13284350 0.11923120
v 0.16063850 0.13580950 0.12179340
v 0.17162150 0.17455720 0.11304440
v 0.17160510 0.17199480 0.11923090
v 0.15100390 -0.09012482 0.11304440
v 0.15450420 -0.09238587 0.11923120
v 0.15629700 -0.08921739 0.11923090
v 0.15365030 -0.08483567 0.11304440
v 0.29566520 0.16445020 -0.17273420
v 0.30441410 -0.12940167 0.11304440
v 0.29563810 -0.13561310 0.11922020
v 0.29563880 -0.12942807 0.12179340
v 0.29566550 0.17063710 -0.17017160
v 0.29566610 0.17319980 -0.16398530
v 0.14461490 0.13065330 0.11304520
v 0.15629700 0.12755400 0.11923120
v 0.30070400 -0.13447220 0.11808620
v 0.30184410 -0.12942536 0.11923090
v 0.30071880 0.16945230 -0.16904650
v 0.30185860 0.17058190 -0.16401300
v 0.17156580 0.16580830 0.12179340
v 0.29566520 0.16445020 0.12179340
v 0.30185140 0.16437200 0.11923090
v 0.30441410 0.16434040 0.11304440
v 0.30185860 0.17056590 0.11304440
v 0.15450420 0.13072230 0.11923140
v 0.29566610 0.17319980 0.11304440
v 0.29566610 0.17063710 0.11923090
v 0.30071920 0.16944050 0.11809390
v -0.30027960 -0.12945442 0.11304440
v -0.26750840 -0.09012482 0.11304440
v -0.27100830 -0.09238587 0.11923120
v -0.29153050 -0.12945008 -0.17273420
v -0.29153020 -0.13563656 -0.17017150
v -0.29657990 0.17092680 -0.16903460
v -0.29771700 0.16587760 -0.17017160
v -0.29657990 -0.13450402 0.11809390
v -0.29771700 -0.13564095 0.11304440
v -0.29152980 -0.13819916 -0.16398460
v -0.30027960 -0.12945084 -0.16398460
v -0.29771700 -0.12945069 -0.17017150
v -0.29771670 -0.13563729 -0.16398460
v -0.29657990 -0.13450013 -0.16903440
v 0.29950320 0.16655170 0.11975440
v 0.29950320 -0.12815514 0.11975440
v 0.29959840 0.16170130 0.16619280
v 0.29770790 0.16632450 0.16713150
v 0.29908050 0.17209240 0.16439450
v 0.29966220 0.17463020 0.15878010
v 0.30526250 0.17236080 0.15886700
v 0.30758150 0.16688070 0.15894980
v 0.30536900 0.16002230 0.16448830
v 0.29994420 0.14580800 0.16643060
v 0.30321200 0.17236080 0.12512030
v 0.30758150 0.16655170 0.12783280
v 0.29950320 0.17463020 0.12783280
v 0.30531040 -0.13391564 0.12381090
v 0.30758150 -0.12815514 0.12783280
v 0.29950320 -0.13623356 0.12783280
v 0.29884280 -0.12615506 0.16612820
v 0.30046080 -0.11810097 0.16621930
v 0.30525550 -0.12472527 0.16439250
v 0.30758150 -0.12831852 0.15878420
v 0.30531040 -0.13391564 0.15886570
v 0.29982640 -0.13623356 0.15894430
v 0.29791600 -0.13377831 0.16442590
v 0.29459050 -0.12956669 0.16604250
v 0.27572720 0.12336910 0.16669940
v 0.28203980 0.11881190 0.16669940
v 0.28445900 0.11406360 0.16669940
v 0.27435800 -0.07235250 0.15960920
v 0.28522950 -0.06970300 0.16669940
v 0.28277290 -0.07516420 0.16669940
v 0.27680000 -0.07745095 0.16669940
v 0.30331000 0.16865300 0.16443260
v 0.30301730 -0.13117451 0.16440920
v 0.27963200 -0.07158770 0.15960920
v 0.18738620 0.13902370 0.15960920
v 0.18738620 0.16643260 0.16711440
v 0.18738610 -0.13386746 0.12212060
v 0.18738620 -0.12806221 0.11983310
v 0.18738620 -0.13623356 0.12783280
v 0.18738620 -0.13381215 0.16439060
v 0.18738620 -0.13623356 0.15882160
v 0.18738590 -0.13017949 0.16579070
v 0.18738620 -0.07797780 0.16669940
v 0.18738620 -0.07264640 0.15664180
v 0.18738590 -0.06656270 0.15664180
v 0.18738620 0.14450990 0.16669940
v 0.18738590 0.17215750 0.16437130
v 0.18738590 0.17463020 0.15871970
v 0.18738620 0.17463030 0.12783280
v 0.18738590 0.17226410 0.12212040
v 0.18738620 0.16646180 0.11983310
v 0.18738620 -0.07264640 0.15960920
v 0.30526250 0.17236080 0.12771490
v 0.30531040 -0.13391564 0.12779810
v 0.27169040 -0.13378609 0.16441780
v 0.18738620 -0.10300480 0.16669940
v 0.25788970 -0.10297374 0.16669940
v 0.27173800 -0.12999851 0.16588060
v 0.26842710 -0.13044293 0.16570900
v 0.19040900 -0.13009430 0.16579070
v 0.19040900 -0.10300480 0.16669940
v 0.25757240 -0.10638921 0.16669940
v 0.19040900 0.17463020 0.15872540
v 0.19040900 0.17463020 0.12783280
v 0.19040900 0.17226410 0.12212060
v 0.19040900 0.16645660 0.11983310
v 0.19040900 -0.12805695 0.11983310
v 0.19040900 -0.13386746 0.12212060
v 0.19040900 -0.13623356 0.12783280
v 0.19040900 -0.13623356 0.15883290
v 0.19040900 -0.13380841 0.16439450
v 0.19040900 -0.07792900 0.16669940
v 0.19040900 -0.07261920 0.15960920
v 0.19040900 0.13881580 0.15960920
v 0.19040900 0.14430730 0.16669940
v 0.19040900 0.16643260 0.16711440
v 0.19040900 0.17215140 0.16437350
v 0.19333040 -0.10635812 0.16669940
v 0.19324270 -0.13050850 0.16567340
v 0.26213470 -0.10816140 0.16669940
v 0.26548710 -0.11172745 0.16669940
v 0.26272030 -0.10726059 0.16353920
v 0.26625710 -0.11097786 0.16353920
v 0.26806890 -0.10921391 0.16669940
v 0.26409920 -0.10514069 0.16669940
v 0.26740540 -0.11629616 0.16669940
v 0.26830330 -0.12190205 0.16669940
v 0.26840460 -0.11609299 0.16353920
v 0.26930300 -0.12169880 0.16355710
v 0.27165350 -0.12121910 0.16669940
v 0.27075570 -0.11561318 0.16669940
v 0.23671300 0.13528360 0.16669940
v 0.19907720 0.14281860 0.16669940
v 0.23667880 0.12968710 0.15960920
v 0.19907350 0.13732480 0.15960920
v 0.23671330 0.16639240 0.16712010
v 0.19912720 0.16642780 0.16711520
v 0.19912720 0.17214840 0.16437450
v 0.23671330 0.17212830 0.16438180
v 0.23671300 0.17463020 0.15874680
v 0.19912720 0.17463020 0.15872810
v 0.23671300 0.17463020 0.12783280
v 0.19912750 0.17463020 0.12783280
v 0.19912690 0.17226410 0.12212060
v 0.23671240 0.17228000 0.12239960
v 0.19912720 0.16645410 0.11983310
v 0.23671270 0.16648490 0.11980720
v 0.23671240 -0.12808617 0.11980720
v 0.19912720 -0.12805432 0.11983310
v 0.19912690 -0.13386746 0.12212060
v 0.23671270 -0.13388257 0.12265030
v 0.23671360 -0.13623356 0.12783280
v 0.19912720 -0.13623356 0.12783280
v 0.19912720 -0.13623356 0.15883860
v 0.23671300 -0.13623356 0.15887620
v 0.23671360 -0.07770035 0.16669940
v 0.19912720 -0.07790455 0.16669940
v 0.19912720 -0.07260560 0.15960920
v 0.23671390 -0.07248800 0.15960920
v 0.23671330 -0.13378609 0.16441780
v 0.19912720 -0.13379723 0.16440620
v 0.23671330 -0.10298687 0.16669940
v 0.19912720 -0.10300480 0.16669940
v 0.23671360 -0.13049988 0.16563240
v 0.19912830 -0.13051666 0.16563150
v 0.19912720 -0.10635812 0.16669940
v 0.23671420 -0.10637620 0.16669940
v 0.23671270 -0.13104462 0.16217190
v 0.19912780 -0.13105012 0.16217790
v 0.23671300 -0.13213185 0.16175310
v 0.19912660 -0.13214127 0.16173430
v 0.23671300 -0.10536542 0.16353920
v 0.19912720 -0.10535668 0.16355020
v 0.23671300 -0.10399759 0.16353920
v 0.19912720 -0.10400346 0.16352940
v 0.30531040 0.16655170 0.12381090
v 0.29766600 0.17228160 0.12242560
v 0.30754730 0.17249490 -0.16814500
v 0.30995370 0.17349170 -0.16814500
v 0.30995370 0.17249490 -0.17055150
v 0.30995370 0.17008900 -0.17154820
v 0.30754730 0.17008900 -0.17055150
v 0.30655050 0.17008900 -0.16814500
v 0.30754730 -0.13190369 -0.17055150
v 0.30995370 -0.13190369 -0.17154820
v 0.30995370 -0.13431073 -0.17055150
v 0.30995370 -0.13530751 -0.16814500
v 0.30754730 -0.13431073 -0.16814500
v 0.30655050 -0.13190369 -0.16814500
v 0.30754730 -0.13190369 0.10306434
v 0.30655050 -0.13190369 0.10065787
v 0.30754730 -0.13431073 0.10065787
v 0.30995370 -0.13530751 0.10065787
v 0.30995370 -0.13431073 0.10306434
v 0.30995370 -0.13190369 0.10406104
v 0.30754730 0.17008870 0.10306434
v 0.30995370 0.17008900 0.10406104
v 0.30995370 0.17249490 0.10306434
v 0.30995370 0.17349170 0.10065787
v 0.30754730 0.17249490 0.10065787
v 0.30655050 0.17008870 0.10065787
v 0.30798950 0.17205290 -0.17010920
v 0.30798960 -0.13386788 -0.17010920
v 0.30798960 -0.13386788 0.10262206
v 0.30798960 0.17205290 0.10262206
v 0.35258040 0.17249490 -0.16814500
v 0.35017470 0.17349170 -0.16814500
v 0.35017470 0.17249490 -0.17055150
v 0.35017460 0.17008900 -0.17154820
v 0.35258040 0.17008900 -0.17055150
v 0.35357700 0.17008900 -0.16814500
v 0.35258040 -0.13190369 -0.17055150
v 0.35017460 -0.13190369 -0.17154820
v 0.35017460 -0.13431073 -0.17055150
v 0.35017460 -0.13530751 -0.16814500
v 0.35258040 -0.13431073 -0.16814500
v 0.35357700 -0.13190369 -0.16814500
v 0.35258040 -0.13190369 0.10306434
v 0.35357700 -0.13190369 0.10065787
v 0.35258040 -0.13431073 0.10065787
v 0.35017460 -0.13530751 0.10065787
v 0.35017460 -0.13431073 0.10306434
v 0.35017460 -0.13190369 0.10406104
v 0.35258040 0.17008870 0.10306434
v 0.35017460 0.17008900 0.10406104
v 0.35017460 0.17249490 0.10306434
v 0.35017460 0.17349170 0.10065787
v 0.35258040 0.17249490 0.10065787
v 0.35357700 0.17008870 0.10065787
v 0.35213830 0.17205290 -0.17010920
v 0.35213820 -0.13386788 -0.17010920
v 0.35213820 -0.13386788 0.10262206
v 0.35213820 0.17205290 0.10262206
v -0.34510830 0.17249490 -0.16814500
v -0.34270180 0.17349170 -0.16814500
v -0.34270180 0.17249490 -0.17055150
v -0.34270180 0.17008900 -0.17154820
v -0.34510830 0.17008900 -0.17055150
v -0.34610510 0.17008900 -0.16814500
v -0.34510830 -0.13198941 -0.17055150
v -0.34270180 -0.13198941 -0.17154820
v -0.34270180 -0.13439641 -0.17055150
v -0.34270180 -0.13539322 -0.16814500
v -0.34510830 -0.13439641 -0.16814500
v -0.34610510 -0.13198941 -0.16814500
v -0.34510830 -0.13198941 0.10283248
v -0.34610510 -0.13198941 0.10042602
v -0.34510830 -0.13439641 0.10042602
v -0.34270180 -0.13539322 0.10042602
v -0.34270180 -0.13439641 0.10283248
v -0.34270180 -0.13198941 0.10382933
v -0.34510830 0.17008870 0.10283248
v -0.34270180 0.17008900 0.10382933
v -0.34270180 0.17249490 0.10283248
v -0.34270180 0.17349170 0.10042602
v -0.34510830 0.17249490 0.10042602
v -0.34610510 0.17008870 0.10042602
v -0.34466600 0.17205290 -0.17010920
v -0.34466590 -0.13395355 -0.17010920
v -0.34466590 -0.13395355 0.10239012
v -0.34466590 0.17205290 0.10239012
v -0.30160240 0.17249490 -0.16814500
v -0.30400820 0.17349170 -0.16814500
v -0.30400820 0.17249490 -0.17055150
v -0.30400820 0.17008900 -0.17154820
v -0.30160240 0.17008900 -0.17055150
v -0.30060580 0.17008900 -0.16814500
v -0.30160240 -0.13198941 -0.17055150
v -0.30400820 -0.13198941 -0.17154820
v -0.30400820 -0.13439641 -0.17055150
v -0.30400820 -0.13539322 -0.16814500
v -0.30160240 -0.13439641 -0.16814500
v -0.30060580 -0.13198941 -0.16814500
v -0.30160240 -0.13198941 0.10283248
v -0.30060580 -0.13198941 0.10042602
v -0.30160240 -0.13439641 0.10042602
v -0.30400820 -0.13539322 0.10042602
v -0.30400820 -0.13439641 0.10283248
v -0.30400820 -0.13198941 0.10382933
v -0.30160240 0.17008870 0.10283248
v -0.30400820 0.17008900 0.10382933
v -0.30400820 0.17249490 0.10283248
v -0.30400820 0.17349170 0.10042602
v -0.30160240 0.17249490 0.10042602
v -0.30060580 0.17008870 0.10042602
v -0.30204460 0.17205290 -0.17010920
v -0.30204460 -0.13395355 -0.17010920
v -0.30204460 -0.13395355 0.10239012
v -0.30204460 0.17205290 0.10239012
v 0.17162150 0.17199460 -0.17017160
v -0.29153020 0.17206320 -0.17017150
v -0.27714370 -0.09747281 0.12179340
v -0.29771700 -0.12945454 0.11923090
v -0.29771700 0.16587730 0.11923060
v -0.29771670 0.17206400 -0.16398500
v -0.29771700 0.17206380 0.11304410
v -0.27015510 -0.08483567 0.11304440
v -0.27015510 0.12322510 0.11304380
v -0.27714370 -0.09747281 0.12179340
v -0.27714370 0.13586380 0.12179340
v 0.29569230 -0.13423786 -0.17018230
v 0.17162150 -0.13556923 -0.17017210
v -0.26750810 0.12851420 0.11304380
v -0.27100830 0.13077540 0.11923080
v -0.27280180 0.12760720 0.11923060
v -0.27714370 0.13586380 0.12179340
v -0.26111850 0.13070450 0.11304380
v -0.26750810 0.12851420 0.11304380
v -0.27100830 0.13077540 0.11923080
v -0.26641180 0.13289590 0.11923060
v -0.29657990 0.17092670 0.11809380
v -0.29657990 0.17092670 0.11809380
v -0.29153050 0.17206320 0.11923090
v 0.30073040 -0.13304543 -0.16904220
v -0.29153050 -0.13564103 0.11923090
v 0.17162150 -0.13563977 0.11923030
v 0.30185920 -0.12797459 -0.17017160
v 0.30073040 -0.13304543 -0.16904220
v 0.30186600 -0.13419312 -0.16399860
v 0.16063850 -0.09747284 0.12179340
v 0.30184440 -0.13558667 0.11303080
v 0.30185140 0.16440030 -0.17018780
v -0.27714370 0.13586380 0.12179340
v 0.17160510 0.17199480 0.11923090
v 0.14990770 -0.09450650 0.11923090
v 0.15450420 -0.09238587 0.11923120
v 0.16063850 -0.09747284 0.12179340
v 0.15100390 -0.09012482 0.11304440
v 0.15450420 -0.09238587 0.11923120
v 0.15629700 -0.08921739 0.11923090
v 0.29563810 -0.13561310 0.11922020
v 0.29566550 0.17063710 -0.17017160
v 0.18388220 -0.12220036 0.12179340
v 0.18388220 -0.10050259 0.12179340
v 0.15365030 0.12317280 0.11304520
v 0.16063850 0.13580950 0.12179340
v 0.16063850 -0.09747284 0.12179340
v 0.30070400 -0.13447220 0.11808620
v 0.30070400 -0.13447220 0.11808620
v 0.30184410 -0.12942536 0.11923090
v 0.30071880 0.16945230 -0.16904650
v 0.30071880 0.16945230 -0.16904650
v 0.30185860 0.17058190 -0.16401300
v 0.30185140 0.16437200 0.11923090
v 0.15100460 0.12846200 0.11304520
v 0.15100460 0.12846200 0.11304520
v 0.15450420 0.13072230 0.11923140
v 0.30185860 0.17056590 0.11304440
v 0.15450420 0.13072230 0.11923140
v 0.14990800 0.13284350 0.11923120
v 0.16063850 0.13580950 0.12179340
v 0.15629700 0.12755400 0.11923120
v 0.17918910 -0.12220036 0.12179340
v 0.18388220 0.15144220 0.12179340
v 0.18388220 0.13171430 0.12179340
v 0.16063850 0.13580950 0.12179340
v 0.30071920 0.16944050 0.11809390
v 0.30071920 0.16944050 0.11809390
v 0.29566610 0.17063710 0.11923090
v 0.17918910 -0.10050259 0.12179340
v 0.17918910 0.13171430 0.12179340
v 0.17918910 0.15144220 0.12179340
v -0.26750840 -0.09012482 0.11304440
v -0.27100830 -0.09238587 0.11923120
v -0.27100830 -0.09238587 0.11923120
v -0.26641220 -0.09450650 0.11923090
v -0.27714370 -0.09747281 0.12179340
v -0.27280180 -0.08921734 0.11923090
v -0.29153020 -0.13563656 -0.17017150
v -0.29657990 0.17092680 -0.16903460
v -0.29657990 0.17092680 -0.16903460
v -0.29771700 0.16587760 -0.17017160
v -0.29657990 -0.13450402 0.11809390
v -0.29657990 -0.13450402 0.11809390
v -0.29771700 -0.13564095 0.11304440
v -0.29771700 -0.12945069 -0.17017150
v -0.29771670 -0.13563729 -0.16398460
v -0.29657990 -0.13450013 -0.16903440
v -0.29657990 -0.13450013 -0.16903440
v 0.30526250 0.17236080 0.12771490
v 0.30526250 0.17236080 0.15886700
v 0.30536900 0.16002230 0.16448830
v 0.30525550 -0.12472527 0.16439250
v 0.30531040 -0.13391564 0.15886570
v 0.30531040 -0.13391564 0.12779810
v 0.27968080 0.11296110 0.15960920
v 0.28445900 0.11406360 0.16669940
v 0.28522950 -0.06970300 0.16669940
v 0.28038610 -0.06660510 0.15960920
v 0.29908050 0.17209240 0.16439450
v 0.30331000 0.16865300 0.16443260
v 0.30331000 0.16865300 0.16443260
v 0.30301730 -0.13117451 0.16440920
v 0.29791600 -0.13377831 0.16442590
v 0.30301730 -0.13117451 0.16440920
v 0.27371920 0.11818160 0.15960920
v 0.27572720 0.12336910 0.16669940
v 0.28203980 0.11881190 0.16669940
v 0.28277290 -0.07516420 0.16669940
v 0.27680000 -0.07745095 0.16669940
v 0.19040900 0.17215140 0.16437350
v 0.18738590 0.17215750 0.16437130
v 0.19040900 0.17226410 0.12212060
v 0.18738590 0.17226410 0.12212040
v 0.19040900 -0.13386746 0.12212060
v 0.18738610 -0.13386746 0.12212060
v 0.18738620 0.16643260 0.16711440
v 0.19040900 0.14430730 0.16669940
v 0.18738620 0.14450990 0.16669940
v 0.18738620 0.14450990 0.16669940
v 0.18738620 0.13902370 0.15960920
v 0.18738620 0.16643260 0.16711440
v 0.18738590 0.17215750 0.16437130
v 0.18738590 0.17463020 0.15871970
v 0.18738620 0.17463030 0.12783280
v 0.18738590 0.17226410 0.12212040
v 0.18738620 0.16646180 0.11983310
v 0.18738620 -0.12806221 0.11983310
v 0.18738610 -0.13386746 0.12212060
v 0.18738620 -0.13623356 0.12783280
v 0.18738620 -0.13623356 0.15882160
v 0.30531040 -0.13391564 0.12381090
v 0.18738590 -0.13017949 0.16579070
v 0.18738620 -0.10300480 0.16669940
v 0.27169040 -0.13378609 0.16441780
v 0.18738620 -0.13381215 0.16439060
v 0.19040900 -0.07792900 0.16669940
v 0.18738620 -0.07797780 0.16669940
v 0.18738620 -0.13381215 0.16439060
v 0.19040900 -0.13380841 0.16439450
v 0.19040900 -0.13009430 0.16579070
v 0.19180800 -0.12948761 0.16279820
v 0.19139380 -0.13215016 0.16171680
v 0.19040900 -0.13380841 0.16439450
v 0.19218300 -0.13105668 0.16218220
v 0.19180800 -0.12948761 0.16279820
v 0.27169040 -0.13378609 0.16441780
v 0.27069030 -0.13213257 0.16175240
v 0.27073340 -0.12946106 0.16282640
v 0.27173800 -0.12999851 0.16588060
v 0.26943940 -0.12958470 0.16276620
v 0.26945930 -0.13104767 0.16217110
v 0.19040900 -0.10300480 0.16669940
v 0.19138950 -0.10400223 0.16352030
v 0.19324270 -0.13050850 0.16567340
v 0.19180800 -0.12948761 0.16279820
v 0.19231110 -0.10535553 0.16355880
v 0.26729890 -0.10996346 0.16353920
v 0.26351320 -0.10604153 0.16353920
v 0.27065490 -0.12142224 0.16355530
v 0.26975620 -0.11581646 0.16353920
v 0.25766690 -0.10537068 0.16353920
v 0.26272030 -0.10726059 0.16353920
v 0.26213470 -0.10816140 0.16669940
v 0.26351320 -0.10604153 0.16353920
v 0.25779510 -0.10399227 0.16353920
v 0.26409920 -0.10514069 0.16669940
v 0.19907720 0.14281860 0.16669940
v 0.23671300 0.13528360 0.16669940
v 0.19912720 0.17214840 0.16437450
v 0.23671330 0.17212830 0.16438180
v 0.19912690 0.17226410 0.12212060
v 0.23671240 0.17228000 0.12239960
v 0.19912690 -0.13386746 0.12212060
v 0.23671270 -0.13388257 0.12265030
v 0.19912720 -0.07790455 0.16669940
v 0.23671360 -0.07770035 0.16669940
v 0.19912720 -0.13379723 0.16440620
v 0.23671330 -0.13378609 0.16441780
v 0.23671330 -0.10298687 0.16669940
v 0.19912720 -0.10300480 0.16669940
v 0.19912830 -0.13051666 0.16563150
v 0.23671360 -0.13049988 0.16563240
v 0.19912720 -0.10635812 0.16669940
v 0.23671420 -0.10637620 0.16669940
v 0.29766600 0.17228160 0.12242560
v 0.30531040 -0.13391564 0.12381090
v 0.30531040 -0.13391564 0.12381090
v 0.23671240 -0.12808617 0.11980720
v 0.23671270 -0.13388257 0.12265030
v 0.29950320 -0.12815514 0.11975440
v 0.27165350 -0.12121910 0.16669940
v 0.27075570 -0.11561318 0.16669940
v 0.26806890 -0.10921391 0.16669940
v 0.26409920 -0.10514069 0.16669940
v 0.25788970 -0.10297374 0.16669940
v 0.26830330 -0.12190205 0.16669940
v 0.26842710 -0.13044293 0.16570900
v 0.26740540 -0.11629616 0.16669940
v 0.26548710 -0.11172745 0.16669940
v 0.26213470 -0.10816140 0.16669940
v 0.25757240 -0.10638921 0.16669940
v 0.19324270 -0.13050850 0.16567340
v 0.19333040 -0.10635812 0.16669940
v 0.27069030 -0.13213257 0.16175240
v 0.27169040 -0.13378609 0.16441780
v 0.26842710 -0.13044293 0.16570900
v 0.26945930 -0.13104767 0.16217110
v 0.19333040 -0.10635812 0.16669940
v 0.19231110 -0.10535553 0.16355880
v 0.19138950 -0.10400223 0.16352030
v 0.19040900 -0.10300480 0.16669940
v 0.19040900 -0.13380841 0.16439450
v 0.19139380 -0.13215016 0.16171680
v 0.19218300 -0.13105668 0.16218220
v 0.19324270 -0.13050850 0.16567340
v 0.18738620 -0.07797780 0.16669940
v 0.29950320 0.16655170 0.11975440
v 0.29950320 -0.12815514 0.11975440
v 0.30321200 0.17236080 0.12512030
v 0.30531040 0.16655170 0.12381090
v 0.30321200 0.17236080 0.12512030
v 0.30754730 0.17249490 -0.16814500
v 0.30754730 0.17249490 0.10065787
v 0.30754730 0.17008900 -0.17055150
v 0.30754730 -0.13190369 -0.17055150
v 0.30754730 -0.13431073 -0.16814500
v 0.30754730 -0.13431073 0.10065787
v 0.30754730 -0.13190369 0.10306434
v 0.30754730 0.17008870 0.10306434
v 0.30798950 0.17205290 -0.17010920
v 0.30995370 0.17249490 -0.17055150
v 0.30798950 0.17205290 -0.17010920
v 0.30798960 -0.13386788 -0.17010920
v 0.30995370 -0.13431073 -0.17055150
v 0.30798960 -0.13386788 -0.17010920
v 0.30798960 -0.13386788 0.10262206
v 0.30798960 -0.13386788 0.10262206
v 0.30995370 -0.13431073 0.10306434
v 0.30798960 0.17205290 0.10262206
v 0.30995370 0.17249490 0.10306434
v 0.30798960 0.17205290 0.10262206
v 0.35258040 0.17249490 -0.16814500
v 0.35258040 0.17249490 0.10065787
v 0.35258040 0.17008900 -0.17055150
v 0.35258040 -0.13190369 -0.17055150
v 0.35258040 -0.13431073 -0.16814500
v 0.35258040 -0.13431073 0.10065787
v 0.35258040 -0.13190369 0.10306434
v 0.35258040 0.17008870 0.10306434
v 0.35213830 0.17205290 -0.17010920
v 0.35017470 0.17249490 -0.17055150
v 0.35213830 0.17205290 -0.17010920
v 0.35213820 -0.13386788 -0.17010920
v 0.35017460 -0.13431073 -0.17055150
v 0.35213820 -0.13386788 -0.17010920
v 0.35213820 -0.13386788 0.10262206
v 0.35017460 -0.13431073 0.10306434
v 0.35213820 -0.13386788 0.10262206
v 0.35213820 0.17205290 0.10262206
v 0.35017460 0.17249490 0.10306434
v 0.35213820 0.17205290 0.10262206
v -0.34510830 0.17249490 -0.16814500
v -0.34510830 0.17249490 0.10042602
v -0.34510830 0.17008900 -0.17055150
v -0.34510830 -0.13198941 -0.17055150
v -0.34510830 -0.13439641 -0.16814500
v -0.34510830 -0.13439641 0.10042602
v -0.34510830 -0.13198941 0.10283248
v -0.34510830 0.17008870 0.10283248
v -0.34466600 0.17205290 -0.17010920
v -0.34270180 0.17249490 -0.17055150
v -0.34466600 0.17205290 -0.17010920
v -0.34466590 -0.13395355 -0.17010920
v -0.34270180 -0.13439641 -0.17055150
v -0.34466590 -0.13395355 -0.17010920
v -0.34466590 -0.13395355 0.10239012
v -0.34466590 -0.13395355 0.10239012
v -0.34270180 -0.13439641 0.10283248
v -0.34466590 0.17205290 0.10239012
v -0.34270180 0.17249490 0.10283248
v -0.34466590 0.17205290 0.10239012
v -0.30160240 0.17249490 -0.16814500
v -0.30160240 0.17249490 0.10042602
v -0.30160240 0.17008900 -0.17055150
v -0.30160240 -0.13198941 -0.17055150
v -0.30160240 -0.13439641 -0.16814500
v -0.30160240 -0.13439641 0.10042602
v -0.30160240 -0.13198941 0.10283248
v -0.30160240 0.17008870 0.10283248
v -0.30204460 0.17205290 -0.17010920
v -0.30400820 0.17249490 -0.17055150
v -0.30204460 0.17205290 -0.17010920
v -0.30204460 -0.13395355 -0.17010920
v -0.30400820 -0.13439641 -0.17055150
v -0.30204460 -0.13395355 -0.17010920
v -0.30204460 -0.13395355 0.10239012
v -0.30400820 -0.13439641 0.10283248
v -0.30204460 -0.13395355 0.10239012
v -0.30204460 0.17205290 0.10239012
v -0.30400820 0.17249490 0.10283248
v -0.30204460 0.17205290 0.10239012
v -0.32336300 0.17008900 0.10382933
v -0.32336300 0.17249500 0.10283248
v -0.32336300 -0.13198941 0.10382933
v -0.32336300 -0.13439641 0.10283248
v -0.32336300 -0.13539322 0.10042602
v -0.32336300 -0.13439641 0.10283248
v -0.32336300 -0.13539322 -0.16814500
v -0.32336300 -0.13439641 -0.17055150
v -0.32336300 -0.13198941 -0.17154820
v -0.32336300 -0.13439641 -0.17055150
v -0.32336300 0.17008900 -0.17154820
v -0.32336300 0.17249500 -0.17055150
v -0.32336300 0.17349180 -0.16814500
v -0.32336300 0.17249500 -0.17055150
v -0.32336300 0.17349180 0.10042602
v -0.32336300 0.17249500 0.10283248
v -0.31691200 0.17008900 0.10382933
v -0.31691200 0.17249500 0.10283248
v -0.31691200 -0.13198941 0.10382933
v -0.31691200 -0.13439641 0.10283248
v -0.31691200 -0.13539322 0.10042602
v -0.31691200 -0.13439641 0.10283248
v -0.31691200 -0.13539322 -0.16814500
v -0.31691200 -0.13439641 -0.17055150
v -0.31691200 -0.13198941 -0.17154820
v -0.31691200 -0.13439641 -0.17055150
v -0.31691200 0.17008900 -0.17154820
v -0.31691200 0.17249500 -0.17055150
v -0.31691200 0.17349180 -0.16814500
v -0.31691200 0.17249500 -0.17055150
v -0.31691200 0.17349180 0.10042602
v -0.31691200 0.17249500 0.10283248
v 0.32169350 0.17008900 0.10406104
v 0.32169350 0.17249500 0.10306434
v 0.32169350 -0.13190369 0.10406104
v 0.32169350 -0.13431073 0.10306434
v 0.32169350 -0.13530751 0.10065787
v 0.32169350 -0.13431073 0.10306434
v 0.32169350 -0.13530751 -0.16814500
v 0.32169350 -0.13431073 -0.17055150
v 0.32169350 -0.13190369 -0.17154820
v 0.32169350 -0.13431073 -0.17055150
v 0.32169350 0.17008900 -0.17154820
v 0.32169350 0.17249500 -0.17055150
v 0.32169350 0.17349180 -0.16814500
v 0.32169350 0.17249500 -0.17055150
v 0.32169350 0.17349180 0.10065787
v 0.32169350 0.17249500 0.10306434
v 0.33137000 0.17008900 0.10406104
v 0.33137000 0.17249500 0.10306434
v 0.33137000 -0.13190369 0.10406104
v 0.33137000 -0.13431073 0.10306434
v 0.33137000 -0.13530751 0.10065787
v 0.33137000 -0.13431073 0.10306434
v 0.33137000 -0.13530751 -0.16814500
v 0.33137000 -0.13431073 -0.17055150
v 0.33137000 -0.13190369 -0.17154820
v 0.33137000 -0.13431073 -0.17055150
v 0.33137000 0.17008900 -0.17154820
v 0.33137000 0.17249500 -0.17055150
v 0.33137000 0.17349180 -0.16814500
v 0.33137000 0.17249500 -0.17055150
v 0.33137000 0.17349180 0.10065787
v 0.33137000 0.17249500 0.10306434
v -0.25257620 0.13743870 0.16191901
v 0.17207020 0.13849740 0.16191901
v -0.25257620 -0.05959822 0.16191901
v 0.17207020 -0.06065692 0.16191901
v -0.25257620 0.13743870 0.16155553
v 0.17207020 0.13849740 0.16155553
v -0.25257620 -0.05959822 0.16155553
v 0.17207020 -0.06065692 0.16155553
v 0.00193490 -0.17656680 0.00665500
v 0.00193490 -0.17656680 0.00664500
v 0.00194490 -0.17656680 0.00664500
v 0.00194490 -0.17656680 0.00665500
v 0.00193490 -0.17656680 0.00665500
v 0.00193490 -0.17656680 0.00664500
v 0.00194490 -0.17656680 0.00664500
v 0.00194490 -0.17656680 0.00665500
v 0.00193490 -0.17656680 0.00665500
v 0.00193490 -0.17656680 0.00664500
v 0.00194490 -0.17656680 0.00664500
v 0.00194490 -0.17656680 0.00665500
v 0.00193490 -0.17656680 0.00665500
v 0.00193490 -0.17656680 0.00664500
v 0.00194490 -0.17656680 0.00664500
v 0.00194490 -0.17656680 0.00665500
v -0.28164499 -0.10030190 0.12550802
v -0.28122928 -0.10030190 0.12241081
v -0.28203024 -0.10030190 0.11939046
v -0.28392606 -0.10030190 0.11690640
v -0.28662809 -0.10030190 0.11533719
v -0.28972517 -0.10030190 0.11492139
v -0.29274559 -0.10030190 0.11572224
v -0.28164499 -0.09826630 0.12550802
v -0.28122928 -0.09826630 0.12241081
v -0.28203024 -0.09826630 0.11939046
v -0.28392606 -0.09826630 0.11690640
v -0.28662809 -0.09826630 0.11533719
v -0.28972517 -0.09826630 0.11492139
v -0.29274559 -0.09826630 0.11572224
v -0.28717163 -0.10030190 0.12397510
v -0.28704118 -0.10030190 0.12300321
v -0.28729252 -0.10030190 0.12205563
v -0.28788715 -0.10030190 0.12127653
v -0.28873499 -0.10030190 0.12078397
v -0.28970663 -0.10030190 0.12065377
v -0.29065429 -0.10030190 0.12090482
v -0.28717163 -0.09826630 0.12397510
v -0.28704118 -0.09826630 0.12300321
v -0.28729252 -0.09826630 0.12205563
v -0.28788715 -0.09826630 0.12127653
v -0.28873499 -0.09826630 0.12078397
v -0.28970663 -0.09826630 0.12065377
v -0.29065429 -0.09826630 0.12090482
v -0.28164499 0.13838830 0.12550802
v -0.28122928 0.13838830 0.12241081
v -0.28203024 0.13838830 0.11939046
v -0.28392606 0.13838830 0.11690640
v -0.28662809 0.13838830 0.11533719
v -0.28972517 0.13838830 0.11492139
v -0.29274559 0.13838830 0.11572224
v -0.28164499 0.14044160 0.12550802
v -0.28122928 0.14044160 0.12241081
v -0.28203024 0.14044160 0.11939046
v -0.28392606 0.14044160 0.11690640
v -0.28662809 0.14044160 0.11533719
v -0.28972517 0.14044160 0.11492139
v -0.29274559 0.14044160 0.11572224
v -0.28717163 0.13838830 0.12397510
v -0.28704118 0.13838830 0.12300321
v -0.28729252 0.13838830 0.12205563
v -0.28788715 0.13838830 0.12127653
v -0.28873499 0.13838830 0.12078397
v -0.28970663 0.13838830 0.12065377
v -0.29065429 0.13838830 0.12090482
v -0.28717163 0.14044160 0.12397510
v -0.28704118 0.14044160 0.12300321
v -0.28729252 0.14044160 0.12205563
v -0.28788715 0.14044160 0.12127653
v -0.28873499 0.14044160 0.12078397
v -0.28970663 0.14044160 0.12065377
v -0.29065429 0.14044160 0.12090482
v 0.00193490 -0.17656680 0.00665500
v 0.00193490 -0.17656680 0.00664500
v 0.00194490 -0.17656680 0.00664500
v 0.00194490 -0.17656680 0.00665500
v -0.28662809 -0.09826630 0.11533719
v -0.28662809 -0.10030190 0.11533719
v -0.28164499 -0.09826630 0.12550802
v -0.28122928 -0.09826630 0.12241081
v -0.28203024 -0.09826630 0.11939046
v -0.28392606 -0.09826630 0.11690640
v -0.28662809 -0.09826630 0.11533719
v -0.28972517 -0.09826630 0.11492139
v -0.29274559 -0.09826630 0.11572224
v -0.28122928 -0.10030190 0.12241081
v -0.28164499 -0.10030190 0.12550802
v -0.29274559 -0.10030190 0.11572224
v -0.28972517 -0.10030190 0.11492139
v -0.28662809 -0.10030190 0.11533719
v -0.28392606 -0.10030190 0.11690640
v -0.28203024 -0.10030190 0.11939046
v -0.28164499 -0.09826630 0.12550802
v -0.28164499 -0.10030190 0.12550802
v -0.28717163 -0.10030190 0.12397510
v -0.28717163 -0.09826630 0.12397510
v -0.28717163 -0.09826630 0.12397510
v -0.28717163 -0.10030190 0.12397510
v -0.28704118 -0.10030190 0.12300321
v -0.28704118 -0.09826630 0.12300321
v -0.28729252 -0.10030190 0.12205563
v -0.28729252 -0.09826630 0.12205563
v -0.28788715 -0.10030190 0.12127653
v -0.28788715 -0.09826630 0.12127653
v -0.28873499 -0.10030190 0.12078397
v -0.28873499 -0.09826630 0.12078397
v -0.28873499 -0.09826630 0.12078397
v -0.28873499 -0.10030190 0.12078397
v -0.28970663 -0.10030190 0.12065377
v -0.28970663 -0.09826630 0.12065377
v -0.29065429 -0.10030190 0.12090482
v -0.29065429 -0.09826630 0.12090482
v -0.29065429 -0.09826630 0.12090482
v -0.29065429 -0.10030190 0.12090482
v -0.29274559 -0.10030190 0.11572224
v -0.29274559 -0.09826630 0.11572224
v -0.28662809 0.14044160 0.11533719
v -0.28662809 0.13838830 0.11533719
v -0.28164499 0.14044160 0.12550802
v -0.28122928 0.14044160 0.12241081
v -0.28203024 0.14044160 0.11939046
v -0.28392606 0.14044160 0.11690640
v -0.28662809 0.14044160 0.11533719
v -0.28972517 0.14044160 0.11492139
v -0.29274559 0.14044160 0.11572224
v -0.28122928 0.13838830 0.12241081
v -0.28164499 0.13838830 0.12550802
v -0.29274559 0.13838830 0.11572224
v -0.28972517 0.13838830 0.11492139
v -0.28662809 0.13838830 0.11533719
v -0.28392606 0.13838830 0.11690640
v -0.28203024 0.13838830 0.11939046
v -0.28164499 0.14044160 0.12550802
v -0.28164499 0.13838830 0.12550802
v -0.28717163 0.13838830 0.12397510
v -0.28717163 0.14044160 0.12397510
v -0.28717163 0.14044160 0.12397510
v -0.28717163 0.13838830 0.12397510
v -0.28704118 0.13838830 0.12300321
v -0.28704118 0.14044160 0.12300321
v -0.28729252 0.13838830 0.12205563
v -0.28729252 0.14044160 0.12205563
v -0.28788715 0.13838830 0.12127653
v -0.28788715 0.14044160 0.12127653
v -0.28873499 0.13838830 0.12078397
v -0.28873499 0.14044160 0.12078397
v -0.28873499 0.14044160 0.12078397
v -0.28873499 0.13838830 0.12078397
v -0.28970663 0.13838830 0.12065377
v -0.28970663 0.14044160 0.12065377
v -0.29065429 0.13838830 0.12090482
v -0.29065429 0.14044160 0.12090482
v -0.29065429 0.14044160 0.12090482
v -0.29065429 0.13838830 0.12090482
v -0.29274559 0.13838830 0.11572224
v -0.29274559 0.14044160 0.11572224
v -0.26763559 0.11426779 0.15275111
v -0.26674587 0.11377775 0.15186114
v -0.26763906 0.10886085 0.15275500
v -0.26675335 0.10874029 0.15186114
v -0.26156860 0.11811083 0.15275111
v -0.26119560 0.11729360 0.15186114
v -0.26221863 -0.07432100 0.15275111
v -0.26215414 -0.07343100 0.15186114
v -0.26758591 -0.07354270 0.15275111
v -0.26680469 -0.07275660 0.15186114
v -0.26835333 -0.06847201 0.15275111
v -0.26746305 -0.06840682 0.15186114
v -0.26763559 0.11426779 0.16375764
v -0.26674587 0.11377775 0.16464769
v -0.26763906 0.10886085 0.16375352
v -0.26675325 0.10873857 0.16464769
v -0.26156860 0.11811083 0.16375764
v -0.26119560 0.11729360 0.16464769
v -0.26215414 -0.07343100 0.16464769
v -0.26221863 -0.07432100 0.16375764
v -0.26758591 -0.07354270 0.16375764
v -0.26680469 -0.07275660 0.16464769
v -0.26835333 -0.06847201 0.16375764
v -0.26746305 -0.06840682 0.16464769
v -0.21652861 0.13163250 0.15275111
v -0.21631216 0.13076830 0.15186114
v -0.17102090 0.14081560 0.15275111
v -0.17088520 0.13993500 0.15186114
v -0.17102090 0.14081560 0.16375764
v -0.17088520 0.13993500 0.16464769
v -0.21652861 0.13163250 0.16375764
v -0.21631216 0.13076830 0.16464769
v -0.10794110 0.14756420 0.15275111
v -0.10786170 0.14667760 0.15186114
v -0.06163650 0.15090500 0.15275111
v -0.06158780 0.15001620 0.15186114
v -0.06163650 0.15090500 0.16375764
v -0.06158780 0.15001620 0.16464769
v -0.10794110 0.14756420 0.16375764
v -0.10786170 0.14667760 0.16464769
v -0.01467990 0.15266520 0.15275111
v -0.01466320 0.15177520 0.15186114
v 0.03174520 0.15266520 0.15275111
v 0.03172860 0.15177520 0.15186114
v 0.03174520 0.15266520 0.16375764
v 0.03172860 0.15177520 0.16464769
v -0.01467990 0.15266520 0.16375764
v -0.01466320 0.15177520 0.16464769
v 0.07869960 0.15090510 0.15275111
v 0.07864940 0.15001640 0.15186114
v 0.12490930 0.14652680 0.15186114
v 0.12499310 0.14741300 0.15275111
v 0.07869960 0.15090510 0.16375764
v 0.07864940 0.15001640 0.16464769
v 0.12499310 0.14741300 0.16375764
v 0.12490930 0.14652680 0.16464769
v -0.24776888 0.10190157 0.15186114
v -0.24693121 0.10179018 0.15275500
v -0.24692962 0.10413609 0.15275111
v -0.24777118 0.10458425 0.15186114
v -0.24693123 0.10177683 0.16375367
v -0.24776882 0.10188757 0.16464769
v -0.24777113 0.10458425 0.16464769
v -0.24692962 0.10413609 0.16375764
v -0.24403656 0.10590835 0.15275111
v -0.24438936 0.10665592 0.15186114
v -0.24438942 0.10665592 0.16464769
v -0.24403661 0.10590835 0.16375764
v -0.24759357 -0.05725830 0.15275111
v -0.24843559 -0.05731788 0.15186114
v -0.24819893 -0.05883055 0.15186114
v -0.24746008 -0.05811157 0.15275111
v -0.24843559 -0.05731792 0.16464769
v -0.24759357 -0.05725833 0.16375764
v -0.24746008 -0.05811157 0.16375764
v -0.24819896 -0.05883055 0.16464769
v -0.24627994 -0.05827704 0.16375764
v -0.24634090 -0.05909110 0.16464769
v -0.24634100 -0.05909110 0.15186114
v -0.24628002 -0.05827703 0.15275111
v -0.16114570 0.12599005 0.15275111
v -0.16127400 0.12679557 0.15186114
v -0.20321438 0.11861074 0.15186114
v -0.20300968 0.11782022 0.15275111
v -0.16127420 0.12679552 0.16464769
v -0.16114580 0.12599005 0.16375764
v -0.20300980 0.11782016 0.16375764
v -0.20321453 0.11861069 0.16464769
v -0.06003090 0.13501300 0.15275101
v -0.06007700 0.13582620 0.15186114
v -0.10297690 0.13283010 0.15186114
v -0.10290180 0.13201900 0.15275101
v -0.05991380 0.13583480 0.16464769
v -0.05986770 0.13502170 0.16375771
v -0.10273900 0.13203310 0.16375771
v -0.10281410 0.13284410 0.16464769
v 0.02640070 0.13659510 0.15275101
v 0.02641640 0.13740940 0.15186114
v -0.01658400 0.13740610 0.15186114
v -0.01656820 0.13659190 0.15275101
v 0.02659370 0.13740610 0.16464769
v 0.02657780 0.13659190 0.16375779
v -0.01639100 0.13659510 0.16375779
v -0.01640680 0.13740940 0.16464769
v 0.11270560 0.13190040 0.15275101
v 0.11278480 0.13271120 0.15186114
v 0.06990740 0.13583590 0.15186114
v 0.06986000 0.13502290 0.15275101
v 0.11296290 0.13269490 0.16464769
v 0.11288360 0.13188420 0.16375779
v 0.07003850 0.13501320 0.16375779
v 0.07008610 0.13582620 0.16464769
v 0.18548190 -0.07290750 0.15275111
v 0.18313770 -0.07222610 0.15186114
v 0.17952230 -0.07210480 0.15186114
v 0.17969880 -0.07299500 0.15275111
v 0.17969880 -0.07299500 0.16375764
v 0.17952230 -0.07210480 0.16464769
v 0.18548190 -0.07290750 0.16375764
v 0.18480080 -0.07222610 0.16464769
v 0.18552550 -0.06878875 0.15275111
v 0.18463550 -0.06861161 0.15186114
v 0.18463550 -0.06861161 0.16464769
v 0.18552550 -0.06878875 0.16375764
v 0.15942330 -0.05934922 0.16464769
v 0.15925640 -0.05853502 0.16375764
v 0.16379710 -0.05759960 0.16464769
v 0.16315300 -0.05697624 0.16375764
v 0.16476730 -0.05320884 0.16375764
v 0.16560910 -0.05337087 0.16464769
v 0.18547100 0.13913420 0.15275111
v 0.18476050 0.13849970 0.15186114
v 0.18463550 0.13485200 0.15186114
v 0.18552550 0.13501600 0.15275111
v 0.18552550 0.13501600 0.16375764
v 0.18463550 0.13485200 0.16464769
v 0.18547100 0.13913420 0.16375764
v 0.18476050 0.13849970 0.16464769
v 0.18155660 0.14006090 0.15275111
v 0.17977670 0.13919510 0.15186114
v 0.17977670 0.13919510 0.16464769
v 0.18004010 0.14006090 0.16375764
v 0.16560910 0.12128158 0.16464769
v 0.16476730 0.12113152 0.16375764
v 0.16395370 0.12547867 0.16464769
v 0.16328160 0.12489836 0.16375764
v 0.15957940 0.12675138 0.16375764
v 0.15982860 0.12754333 0.16464769
v 0.16379710 -0.05759960 0.15186114
v 0.16315300 -0.05697628 0.15275111
v 0.16560910 -0.05337087 0.15186114
v 0.16476730 -0.05320887 0.15275111
v 0.15925640 -0.05853502 0.15275111
v 0.15942330 -0.05934922 0.15186114
v 0.16395360 0.12547850 0.15186114
v 0.16328160 0.12489820 0.15275118
v 0.15982830 0.12754305 0.15186114
v 0.15957930 0.12675108 0.15275118
v 0.16476730 0.12113143 0.15275111
v 0.16560910 0.12128143 0.15186114
v 0.16476730 0.03409252 0.16375764
v 0.16560910 0.03408386 0.16464769
v 0.16560910 0.03408386 0.15186114
v 0.16476730 0.03409252 0.15275118
v 0.18552550 0.03353672 0.15275118
v 0.18463550 0.03354622 0.15186114
v 0.18463550 0.03354622 0.16464769
v 0.18552550 0.03353672 0.16375764
v 0.00193490 -0.17656680 0.00665500
v 0.00193490 -0.17656680 0.00664500
v 0.00194490 -0.17656680 0.00664500
v 0.00194490 -0.17656680 0.00665500
v -0.26674587 0.11377775 0.15186114
v -0.26763559 0.11426779 0.15275111
v -0.26680469 -0.07275660 0.15186114
v -0.26758591 -0.07354270 0.15275111
v -0.26674587 0.11377775 0.16464769
v -0.26763559 0.11426779 0.16375764
v -0.26758591 -0.07354270 0.16375764
v -0.26680469 -0.07275660 0.16464769
v -0.24692962 0.10413609 0.15275111
v -0.24777118 0.10458425 0.15186114
v -0.24777113 0.10458425 0.16464769
v -0.24692962 0.10413609 0.16375764
v -0.24819893 -0.05883055 0.15186114
v -0.24746008 -0.05811157 0.15275111
v -0.24746008 -0.05811157 0.16375764
v -0.24819896 -0.05883055 0.16464769
v 0.18313770 -0.07222610 0.15186114
v 0.18548190 -0.07290750 0.15275111
v 0.18480080 -0.07222610 0.16464769
v 0.18548190 -0.07290750 0.16375764
v 0.18552550 -0.06878875 0.15275111
v 0.18463550 -0.06861161 0.15186114
v 0.16315300 -0.05697624 0.16375764
v 0.16379710 -0.05759960 0.16464769
v 0.18476050 0.13849970 0.15186114
v 0.18547100 0.13913420 0.15275111
v 0.18476050 0.13849970 0.16464769
v 0.18547100 0.13913420 0.16375764
v 0.16328160 0.12489836 0.16375764
v 0.16395370 0.12547867 0.16464769
v 0.16315300 -0.05697628 0.15275111
v 0.16379710 -0.05759960 0.15186114
v 0.16328160 0.12489820 0.15275118
v 0.16395360 0.12547850 0.15186114
v -0.24403661 0.10590835 0.16375764
v -0.24403656 0.10590835 0.15275111
v -0.26156860 0.11811083 0.15275111
v -0.26156860 0.11811083 0.16375764
v -0.26675335 0.10874029 0.15186114
v -0.24776888 0.10190157 0.15186114
v -0.24777118 0.10458425 0.15186114
v -0.26674587 0.11377775 0.15186114
v -0.26674587 0.11377775 0.16464769
v -0.24777113 0.10458425 0.16464769
v -0.24776882 0.10188757 0.16464769
v -0.26675325 0.10873857 0.16464769
v -0.24438936 0.10665592 0.15186114
v -0.26119560 0.11729360 0.15186114
v -0.26119560 0.11729360 0.16464769
v -0.24438942 0.10665592 0.16464769
v -0.26680469 -0.07275660 0.15186114
v -0.24819893 -0.05883055 0.15186114
v -0.24843559 -0.05731788 0.15186114
v -0.26746305 -0.06840682 0.15186114
v -0.26746305 -0.06840682 0.16464769
v -0.24843559 -0.05731792 0.16464769
v -0.24819896 -0.05883055 0.16464769
v -0.26680469 -0.07275660 0.16464769
v -0.24634090 -0.05909110 0.16464769
v -0.26215414 -0.07343100 0.16464769
v -0.26215414 -0.07343100 0.15186114
v -0.24634100 -0.05909110 0.15186114
v -0.21631216 0.13076830 0.15186114
v -0.20321438 0.11861074 0.15186114
v -0.16127400 0.12679557 0.15186114
v -0.17088520 0.13993500 0.15186114
v -0.17088520 0.13993500 0.16464769
v -0.16127420 0.12679552 0.16464769
v -0.20321453 0.11861069 0.16464769
v -0.21631216 0.13076830 0.16464769
v -0.10786170 0.14667760 0.15186114
v -0.10297690 0.13283010 0.15186114
v -0.06007700 0.13582620 0.15186114
v -0.06158780 0.15001620 0.15186114
v -0.06158780 0.15001620 0.16464769
v -0.05991380 0.13583480 0.16464769
v -0.10281410 0.13284410 0.16464769
v -0.10786170 0.14667760 0.16464769
v -0.01466320 0.15177520 0.15186114
v -0.01658400 0.13740610 0.15186114
v 0.02641640 0.13740940 0.15186114
v 0.03172860 0.15177520 0.15186114
v 0.03172860 0.15177520 0.16464769
v 0.02659370 0.13740610 0.16464769
v -0.01640680 0.13740940 0.16464769
v -0.01466320 0.15177520 0.16464769
v 0.07864940 0.15001640 0.15186114
v 0.06990740 0.13583590 0.15186114
v 0.11278480 0.13271120 0.15186114
v 0.12490930 0.14652680 0.15186114
v 0.12490930 0.14652680 0.16464769
v 0.11296290 0.13269490 0.16464769
v 0.07008610 0.13582620 0.16464769
v 0.07864940 0.15001640 0.16464769
v 0.18548190 -0.07290750 0.15275111
v 0.17952230 -0.07210480 0.15186114
v 0.15942330 -0.05934922 0.15186114
v 0.15942330 -0.05934922 0.16464769
v 0.17952230 -0.07210480 0.16464769
v 0.18463550 -0.06861161 0.16464769
v 0.16560910 -0.05337087 0.16464769
v 0.16560910 0.03408386 0.16464769
v 0.18463550 0.03354622 0.16464769
v 0.18463550 0.03354622 0.15186114
v 0.16560910 0.03408386 0.15186114
v 0.16560910 -0.05337087 0.15186114
v 0.18463550 0.13485200 0.15186114
v 0.16560910 0.12128143 0.15186114
v 0.16560910 0.12128158 0.16464769
v 0.18463550 0.13485200 0.16464769
v 0.15982830 0.12754305 0.15186114
v 0.17977670 0.13919510 0.15186114
v 0.17977670 0.13919510 0.16464769
v 0.15982860 0.12754333 0.16464769
v 0.16379710 -0.05759960 0.16464769
v 0.18480080 -0.07222610 0.16464769
v 0.16395370 0.12547867 0.16464769
v 0.18476050 0.13849970 0.16464769
v 0.16379710 -0.05759960 0.15186114
v 0.16395360 0.12547850 0.15186114
v 0.18476050 0.13849970 0.15186114
v 0.00193490 -0.17656680 0.00665500
v 0.00194490 -0.17656680 0.00665500
v 0.00193490 -0.17656680 0.00664500
v 0.00194490 -0.17656680 0.00664500
v -0.29343170 0.15970110 0.12282477
v -0.29182890 0.16626170 0.12282477
v -0.29398161 0.17209240 0.12512945
v -0.29456329 0.17463020 0.13074407
v -0.30016359 0.17236080 0.13065694
v -0.30248260 0.16688080 0.13057423
v -0.30027008 0.16002220 0.12503584
v -0.29409483 0.14384170 0.12282477
v -0.29235655 -0.12448700 0.12282477
v -0.29410187 -0.11636020 0.12282477
v -0.30015657 -0.12472530 0.12513164
v -0.30248260 -0.12831850 0.13073979
v -0.30021148 -0.13391560 0.13065862
v -0.29472747 -0.13623360 0.13057972
v -0.29281706 -0.13377830 0.12509824
v -0.28814056 -0.12785570 0.12282477
v -0.25774521 0.11673734 0.13288228
v -0.25975328 0.12222989 0.12282477
v -0.26606584 0.11881193 0.12282477
v -0.26848497 0.11406351 0.12282477
v -0.26370687 0.11296104 0.13288228
v -0.25838392 -0.07235250 0.13288228
v -0.26441208 -0.06660512 0.13288228
v -0.26925554 -0.06970302 0.12282477
v -0.26679889 -0.07516420 0.12282477
v -0.26082596 -0.07745090 0.12282477
v -0.29821104 0.16865300 0.12509160
v -0.29791837 -0.13117450 0.12511481
v -0.26365799 -0.07158772 0.13288228
v 0.18558120 0.14451000 0.12282477
v 0.18558120 0.13871870 0.13288228
v 0.18558090 0.17463020 0.13080444
v 0.18558120 -0.12796930 0.12282477
v 0.18558120 0.16637170 0.12282477
v 0.18558090 0.17215750 0.12515279
v 0.18558120 -0.13623360 0.13070249
v 0.18558090 -0.13381220 0.12513341
v 0.18558120 -0.07797780 0.12282477
v 0.18572790 -0.07264640 0.13288228
v -0.29343170 0.15970110 0.16976976
v -0.29182890 0.16626170 0.16976976
v -0.29398161 0.17209240 0.16746507
v -0.29456329 0.17463020 0.16185045
v -0.30016359 0.17236080 0.16193756
v -0.30248260 0.16688080 0.16202029
v -0.30027008 0.16002220 0.16755868
v -0.29409483 0.14384170 0.16976976
v -0.29235655 -0.12448700 0.16976976
v -0.29410187 -0.11636020 0.16976976
v -0.30015657 -0.12472530 0.16746293
v -0.30248260 -0.12831850 0.16185479
v -0.30021148 -0.13391560 0.16193603
v -0.29472747 -0.13623360 0.16201478
v -0.29281706 -0.13377830 0.16749627
v -0.28814056 -0.12785570 0.16976976
v -0.25774521 0.11673734 0.15971221
v -0.25975328 0.12222989 0.16976976
v -0.26606584 0.11881193 0.16976976
v -0.26848497 0.11406351 0.16976976
v -0.26370687 0.11296104 0.15971221
v -0.25838392 -0.07235250 0.15971221
v -0.26441208 -0.06660512 0.15971221
v -0.26925554 -0.06970302 0.16976976
v -0.26679889 -0.07516420 0.16976976
v -0.26082596 -0.07745090 0.16976976
v -0.29821104 0.16865300 0.16750306
v -0.29791837 -0.13117450 0.16747972
v -0.26365799 -0.07158772 0.15971221
v 0.18558120 0.14451000 0.16976976
v 0.18558120 0.13871870 0.15971221
v 0.18558090 0.17463020 0.16179011
v 0.18558120 -0.12796930 0.16976976
v 0.18558120 0.16637170 0.16976976
v 0.18558090 0.17215750 0.16744172
v 0.18558120 -0.13623360 0.16189203
v 0.18558090 -0.13381220 0.16746110
v 0.18558120 -0.07797780 0.16976976
v 0.18558120 -0.07264640 0.15971221
v 0.18158430 -0.07264190 0.13288228
v 0.18158430 -0.12796760 0.12282477
v 0.18158430 0.14524190 0.12282477
v 0.18158430 0.17463020 0.13080817
v 0.18158430 0.13877370 0.13288228
v 0.18158430 0.16637860 0.12282477
v 0.18158430 0.17216160 0.12515424
v 0.18158430 -0.13623360 0.13070074
v 0.18158430 -0.13381170 0.12513287
v 0.18158430 -0.07796980 0.12282477
v 0.18158430 -0.13623360 0.16189378
v 0.18158430 0.14524190 0.16976976
v 0.18158430 0.17463020 0.16178644
v 0.18158430 -0.12796760 0.16976976
v 0.18158430 0.13877370 0.15971221
v 0.18158430 0.16637860 0.16976976
v 0.18158430 0.17216160 0.16744025
v 0.18158430 -0.13381170 0.16746171
v 0.18158430 -0.07796980 0.16976976
v 0.18158430 -0.07264190 0.15971221
v 0.18558120 0.03363205 0.12282477
v 0.18158430 0.03363201 0.12282477
v 0.18558120 0.03363201 0.13288228
v 0.18558120 0.03363201 0.15971221
v 0.18158430 0.03363201 0.13288228
v 0.18158430 0.03363201 0.15971221
v 0.03047470 0.17463020 0.13089055
v -0.01514420 0.17463020 0.13089055
v -0.01514420 0.17225050 0.12518607
v 0.03047470 0.17225050 0.12518607
v -0.01514420 0.16652870 0.12282477
v 0.03047470 0.16652870 0.12282477
v -0.16972800 0.14469030 0.12282477
v -0.21479385 0.13563870 0.12282477
v -0.21348741 0.13002420 0.13288228
v -0.16877000 0.13904780 0.13288228
v -0.06158890 0.15466700 0.12282477
v -0.10730420 0.15136870 0.12282477
v -0.10678580 0.14567920 0.13288228
v -0.06128530 0.14896200 0.13288228
v -0.01514420 0.15640800 0.12282477
v 0.03047470 0.15640800 0.12282477
v -0.01514420 0.15069160 0.13288228
v 0.03047470 0.15069160 0.13288228
v -0.06084640 0.16648240 0.12282477
v -0.10651480 0.16643650 0.12282477
v -0.06087150 0.17222300 0.12517620
v -0.10649030 0.17219590 0.12516652
v -0.06087150 0.17463020 0.13086513
v -0.10649030 0.17463020 0.13083997
v -0.21609026 0.16632700 0.12282477
v -0.17045850 0.16637270 0.12282477
v -0.17046530 0.17215810 0.12515302
v -0.21608416 0.17213130 0.12514348
v -0.17046500 0.17463020 0.13080495
v -0.21608385 0.17463020 0.13078023
v 0.12263750 0.15141850 0.12282477
v 0.07692180 0.15466690 0.12282477
v 0.07661360 0.14896210 0.13288228
v 0.12210310 0.14553070 0.13288228
v 0.07617690 0.16648240 0.12282477
v 0.12184530 0.16643700 0.12282477
v 0.07620190 0.17222300 0.12517620
v 0.12182080 0.17219620 0.12516659
v 0.12182080 0.17463020 0.13084028
v 0.07620190 0.17463020 0.13086513
v -0.01514420 0.17463020 0.16170396
v 0.03047470 0.17463020 0.16170396
v -0.01514420 0.17225050 0.16740846
v 0.03047470 0.17225050 0.16740846
v -0.01514420 0.16652870 0.16976976
v 0.03047470 0.16652870 0.16976976
v -0.21479385 0.13563870 0.16976976
v -0.16972800 0.14469030 0.16976976
v -0.16877000 0.13904780 0.15971221
v -0.21348741 0.13002420 0.15971221
v -0.10730420 0.15136870 0.16976976
v -0.06158890 0.15466700 0.16976976
v -0.06128530 0.14896200 0.15971221
v -0.10678580 0.14567920 0.15971221
v -0.01514420 0.15640800 0.16976976
v 0.03047470 0.15640800 0.16976976
v 0.03047470 0.15069160 0.15971221
v -0.01514420 0.15069160 0.15971221
v -0.06084640 0.16648240 0.16976976
v -0.10651480 0.16643650 0.16976976
v -0.06087150 0.17222300 0.16741830
v -0.10649030 0.17219590 0.16742799
v -0.10649030 0.17463020 0.16175455
v -0.06087150 0.17463020 0.16172935
v -0.17045850 0.16637270 0.16976976
v -0.21609026 0.16632700 0.16976976
v -0.21608416 0.17213130 0.16745111
v -0.17046530 0.17215810 0.16744150
v -0.21608385 0.17463020 0.16181429
v -0.17046500 0.17463020 0.16178957
v 0.07692180 0.15466690 0.16976976
v 0.12263750 0.15141850 0.16976976
v 0.07661360 0.14896210 0.15971221
v 0.12210310 0.14553070 0.15971221
v 0.07617690 0.16648240 0.16976976
v 0.12184530 0.16643700 0.16976976
v 0.07620190 0.17222300 0.16741830
v 0.12182080 0.17219620 0.16742791
v 0.07620190 0.17463020 0.16172935
v 0.12182080 0.17463020 0.16175431
v -0.26371019 0.10764803 0.15971221
v -0.26371019 0.10764803 0.13288228
v 0.17875840 0.15228380 0.11514245
v 0.18345140 0.15228380 0.11514245
v 0.18025720 0.14739760 0.10633378
v 0.18195260 0.14739760 0.10633378
v 0.18025720 0.14196220 0.10497354
v 0.18195260 0.14196220 0.10497354
v 0.17875840 0.15137100 0.12398374
v 0.18345140 0.15137100 0.12398374
v 0.18345140 0.15663460 0.12169113
v 0.17875840 0.15663460 0.12169113
v 0.18025720 0.13456000 0.10522939
v 0.18195260 0.13456000 0.10522939
v 0.18345140 0.13217940 0.11469202
v 0.17875840 0.13217940 0.11469202
v 0.18282100 0.14928310 0.10840070
v 0.18345140 0.15080620 0.11180978
v 0.17875840 0.15080620 0.11180978
v 0.17938880 0.14928310 0.10840070
v 0.17875840 0.14239120 0.11203538
v 0.17928950 0.14196990 0.10774097
v 0.17875840 0.13128160 0.11189668
v 0.17927970 0.13224750 0.10766469
v 0.18345140 0.13128160 0.11189668
v 0.18293020 0.13224750 0.10766469
v 0.18345140 0.14239190 0.11200498
v 0.18292940 0.14197260 0.10776948
v 0.17875840 0.14216830 0.11570852
v 0.17875840 0.14658080 0.11654813
v 0.18345140 0.14216830 0.11570852
v 0.18345140 0.14658080 0.11654813
v 0.17875840 0.15895860 0.13214445
v 0.18345140 0.15895860 0.13214445
v 0.18345140 0.16289250 0.12833722
v 0.17875840 0.16289250 0.12833722
v 0.17875840 -0.09966090 0.11514245
v 0.18345140 -0.09966090 0.11514245
v 0.18025720 -0.10454720 0.10633378
v 0.18195260 -0.10454720 0.10633378
v 0.18025720 -0.10998250 0.10497354
v 0.18195260 -0.10998250 0.10497354
v 0.17875840 -0.10057370 0.12398374
v 0.18345140 -0.10057370 0.12398374
v 0.18345140 -0.09531020 0.12169113
v 0.17875840 -0.09531020 0.12169113
v 0.18025720 -0.11738470 0.10522939
v 0.18195260 -0.11738470 0.10522939
v 0.18345140 -0.11976540 0.11469202
v 0.17875840 -0.11976540 0.11469202
v 0.18282100 -0.10266170 0.10840070
v 0.18345140 -0.10113850 0.11180978
v 0.17875840 -0.10113850 0.11180978
v 0.17938880 -0.10266170 0.10840070
v 0.17875840 -0.10955350 0.11203538
v 0.17928950 -0.10997490 0.10774097
v 0.17875840 -0.12066310 0.11189668
v 0.17927970 -0.11969730 0.10766469
v 0.18345140 -0.12066310 0.11189668
v 0.18293020 -0.11969730 0.10766469
v 0.18345140 -0.10955280 0.11200498
v 0.18292940 -0.10997210 0.10776948
v 0.17875840 -0.10977630 0.11570852
v 0.17875840 -0.10536400 0.11654813
v 0.18345140 -0.10977630 0.11570852
v 0.18345140 -0.10536400 0.11654813
v 0.17875840 -0.09298610 0.13214445
v 0.18345140 -0.09298610 0.13214445
v 0.18345140 -0.08905220 0.12833722
v 0.17875840 -0.08905220 0.12833722
v -0.30027008 0.16002220 0.12503584
v -0.30015657 -0.12472530 0.12513164
v -0.29398161 0.17209240 0.12512945
v -0.29821104 0.16865300 0.12509160
v -0.30016359 0.17236080 0.13065694
v -0.29821104 0.16865300 0.12509160
v -0.29791837 -0.13117450 0.12511481
v -0.30021148 -0.13391560 0.13065862
v -0.29281706 -0.13377830 0.12509824
v -0.29791837 -0.13117450 0.12511481
v -0.25975328 0.12222989 0.12282477
v -0.26606584 0.11881193 0.12282477
v -0.26848497 0.11406351 0.12282477
v -0.26370687 0.11296104 0.13288228
v -0.26606584 0.11881193 0.12282477
v -0.26679889 -0.07516420 0.12282477
v -0.26082596 -0.07745090 0.12282477
v -0.26925554 -0.06970302 0.12282477
v -0.26679889 -0.07516420 0.12282477
v -0.26365799 -0.07158772 0.13288228
v 0.18558090 0.17215750 0.12515279
v 0.18158430 0.17216160 0.12515424
v 0.18158430 -0.13381170 0.12513287
v -0.30016359 0.17236080 0.16193756
v -0.30027008 0.16002220 0.16755868
v -0.30015657 -0.12472530 0.16746293
v -0.30021148 -0.13391560 0.16193603
v -0.29281706 -0.13377830 0.16749627
v 0.18158430 -0.13381170 0.16746171
v -0.26848497 0.11406351 0.16976976
v -0.26606584 0.11881193 0.16976976
v -0.26082596 -0.07745090 0.16976976
v 0.18158430 -0.07796980 0.16976976
v -0.29398161 0.17209240 0.16746507
v -0.29821104 0.16865300 0.16750306
v -0.29821104 0.16865300 0.16750306
v -0.29791837 -0.13117450 0.16747972
v -0.29791837 -0.13117450 0.16747972
v -0.26370687 0.11296104 0.15971221
v -0.26606584 0.11881193 0.16976976
v -0.25975328 0.12222989 0.16976976
v -0.26679889 -0.07516420 0.16976976
v -0.26365799 -0.07158772 0.15971221
v -0.26679889 -0.07516420 0.16976976
v -0.26925554 -0.06970302 0.16976976
v 0.18558090 0.17215750 0.16744172
v 0.18158430 0.17216160 0.16744025
v 0.18558090 -0.13381220 0.12513341
v 0.18558120 -0.13623360 0.13070249
v 0.18558120 -0.13623360 0.16189203
v 0.18558120 -0.12796930 0.12282477
v 0.18558120 0.16637170 0.12282477
v 0.18558120 0.16637170 0.16976976
v 0.18558090 0.17215750 0.12515279
v 0.18558090 0.17215750 0.16744172
v 0.18558090 0.17463020 0.13080444
v 0.18558090 0.17463020 0.16179011
v -0.26370687 0.11296104 0.13288228
v -0.26371019 0.10764803 0.13288228
v -0.25774521 0.11673734 0.15971221
v -0.25774521 0.11673734 0.13288228
v -0.26365799 -0.07158772 0.13288228
v -0.26441208 -0.06660512 0.13288228
v -0.26365799 -0.07158772 0.13288228
v -0.25838392 -0.07235250 0.13288228
v 0.18558120 0.14451000 0.12282477
v 0.18558090 -0.13381220 0.12513341
v 0.18558120 -0.07797780 0.12282477
v 0.18158430 -0.07796980 0.12282477
v 0.18558120 -0.12796930 0.16976976
v 0.18558090 -0.13381220 0.16746110
v 0.18558090 -0.13381220 0.16746110
v 0.18558120 -0.07797780 0.16976976
v 0.18558120 0.14451000 0.16976976
v 0.18158430 -0.07264190 0.13288228
v 0.18558120 0.03363205 0.12282477
v 0.18158430 0.03363201 0.12282477
v 0.18158430 0.14524190 0.12282477
v 0.18158430 -0.07796980 0.12282477
v 0.18158430 -0.07264190 0.13288228
v 0.18158430 -0.07264190 0.13288228
v 0.18158430 -0.07264190 0.15971221
v 0.18158430 0.13877370 0.13288228
v 0.18558120 -0.07797780 0.16976976
v 0.18558120 -0.07264640 0.15971221
v 0.18558120 -0.07264640 0.15971221
v 0.18158430 -0.07264190 0.15971221
v 0.18158430 0.03363201 0.15971221
v 0.18558120 0.03363201 0.15971221
v 0.18158430 0.13877370 0.15971221
v 0.18558120 0.13871870 0.15971221
v 0.18558120 0.13871870 0.15971221
v 0.18158430 0.13877370 0.15971221
v 0.18158430 0.14524190 0.16976976
v 0.18558120 0.14451000 0.16976976
v -0.01514420 0.17225050 0.12518607
v 0.03047470 0.17225050 0.12518607
v -0.21479385 0.13563870 0.12282477
v -0.16972800 0.14469030 0.12282477
v -0.21348741 0.13002420 0.13288228
v -0.16877000 0.13904780 0.13288228
v -0.10730420 0.15136870 0.12282477
v -0.06158890 0.15466700 0.12282477
v -0.10678580 0.14567920 0.13288228
v -0.06128530 0.14896200 0.13288228
v -0.01514420 0.15640800 0.12282477
v 0.03047470 0.15640800 0.12282477
v -0.01514420 0.15069160 0.13288228
v 0.03047470 0.15069160 0.13288228
v -0.06087150 0.17222300 0.12517620
v -0.10649030 0.17219590 0.12516652
v -0.17046530 0.17215810 0.12515302
v -0.21608416 0.17213130 0.12514348
v 0.07692180 0.15466690 0.12282477
v 0.12263750 0.15141850 0.12282477
v 0.07661360 0.14896210 0.13288228
v 0.12210310 0.14553070 0.13288228
v 0.12182080 0.17219620 0.12516659
v 0.07620190 0.17222300 0.12517620
v 0.03047470 0.17225050 0.16740846
v -0.01514420 0.17225050 0.16740846
v -0.16972800 0.14469030 0.16976976
v -0.21479385 0.13563870 0.16976976
v -0.06158890 0.15466700 0.16976976
v -0.10730420 0.15136870 0.16976976
v 0.03047470 0.15640800 0.16976976
v -0.01514420 0.15640800 0.16976976
v -0.10649030 0.17219590 0.16742799
v -0.06087150 0.17222300 0.16741830
v -0.21608416 0.17213130 0.16745111
v -0.17046530 0.17215810 0.16744150
v 0.12263750 0.15141850 0.16976976
v 0.07692180 0.15466690 0.16976976
v 0.07620190 0.17222300 0.16741830
v 0.12182080 0.17219620 0.16742791
v 0.18158430 0.13877370 0.13288228
v -0.25774521 0.11673734 0.13288228
v 0.18158430 0.14524190 0.12282477
v 0.18158430 0.13877370 0.13288228
v 0.17875840 0.15228380 0.11514245
v 0.17875840 0.15663460 0.12169113
v 0.17875840 0.15137100 0.12398374
v 0.17875840 0.14658080 0.11654813
v 0.18345140 0.15080620 0.11180978
v 0.18282100 0.14928310 0.10840070
v 0.17875840 0.15080620 0.11180978
v 0.17938880 0.14928310 0.10840070
v 0.17875840 0.13128160 0.11189668
v 0.17927970 0.13224750 0.10766469
v 0.18345140 0.13128160 0.11189668
v 0.18293020 0.13224750 0.10766469
v 0.17875840 0.13217940 0.11469202
v 0.18345140 0.13217940 0.11469202
v 0.17875840 0.14216830 0.11570852
v 0.18345140 0.13217940 0.11469202
v 0.18345140 0.14216830 0.11570852
v 0.18025720 0.14739760 0.10633378
v 0.18195260 0.14739760 0.10633378
v 0.18025720 0.14196220 0.10497354
v 0.18025720 0.14739760 0.10633378
v 0.18025720 0.13456000 0.10522939
v 0.18025720 0.13456000 0.10522939
v 0.18195260 0.13456000 0.10522939
v 0.18195260 0.14196220 0.10497354
v 0.18195260 0.13456000 0.10522939
v 0.18195260 0.14739760 0.10633378
v 0.17875840 0.13217940 0.11469202
v 0.18345140 0.15228380 0.11514245
v 0.18345140 0.14658080 0.11654813
v 0.18345140 0.15137100 0.12398374
v 0.18345140 0.15663460 0.12169113
v 0.18345140 0.15895860 0.13214445
v 0.18345140 0.16289250 0.12833722
v 0.17875840 0.16289250 0.12833722
v 0.17875840 0.15895860 0.13214445
v 0.18345140 0.15895860 0.13214445
v 0.17875840 0.15895860 0.13214445
v 0.17875840 0.16289250 0.12833722
v 0.18345140 0.16289250 0.12833722
v 0.17875840 -0.09966090 0.11514245
v 0.17875840 -0.09531020 0.12169113
v 0.17875840 -0.10057370 0.12398374
v 0.17875840 -0.10536400 0.11654813
v 0.18345140 -0.10113850 0.11180978
v 0.18282100 -0.10266170 0.10840070
v 0.17875840 -0.10113850 0.11180978
v 0.17938880 -0.10266170 0.10840070
v 0.17875840 -0.12066310 0.11189668
v 0.17927970 -0.11969730 0.10766469
v 0.18345140 -0.12066310 0.11189668
v 0.18293020 -0.11969730 0.10766469
v 0.17875840 -0.11976540 0.11469202
v 0.18345140 -0.11976540 0.11469202
v 0.17875840 -0.10977630 0.11570852
v 0.18345140 -0.11976540 0.11469202
v 0.18345140 -0.10977630 0.11570852
v 0.18025720 -0.10454720 0.10633378
v 0.18195260 -0.10454720 0.10633378
v 0.18025720 -0.10998250 0.10497354
v 0.18025720 -0.10454720 0.10633378
v 0.18025720 -0.11738470 0.10522939
v 0.18025720 -0.11738470 0.10522939
v 0.18195260 -0.11738470 0.10522939
v 0.18195260 -0.10998250 0.10497354
v 0.18195260 -0.11738470 0.10522939
v 0.18195260 -0.10454720 0.10633378
v 0.17875840 -0.11976540 0.11469202
v 0.18345140 -0.09966090 0.11514245
v 0.18345140 -0.10536400 0.11654813
v 0.18345140 -0.10057370 0.12398374
v 0.18345140 -0.09531020 0.12169113
v 0.18345140 -0.09298610 0.13214445
v 0.18345140 -0.08905220 0.12833722
v 0.17875840 -0.08905220 0.12833722
v 0.17875840 -0.09298610 0.13214445
v 0.18345140 -0.09298610 0.13214445
v 0.17875840 -0.09298610 0.13214445
v 0.17875840 -0.08905220 0.12833722
v 0.18345140 -0.08905220 0.12833722
vn 0.00000305 0.00000000 1.00000000
vn 0.00000000 1.00000000 0.00000000
vn 0.00000000 1.00000000 0.00000000
vn 0.00000000 1.00000000 0.00000000
vn 0.00000000 1.00000000 0.00000000
vn 0.00000000 0.00000000 1.00000000
vn 0.00000305 0.00000000 1.00000000
vn 0.00000000 0.00000000 1.00000000
vn -0.00003291 0.00000000 1.00000000
vn -0.00003291 0.00000000 1.00000000
vn 0.00000294 0.00000000 1.00000000
vn 0.00000294 0.00000000 1.00000000
vn 0.00000000 0.00000000 1.00000000
vn 0.00000000 0.00000000 1.00000000
vn 0.00004039 0.00000000 1.00000000
vn 0.00004039 0.00000000 1.00000000
vn 0.00000000 0.00000000 1.00000000
vn 0.00000000 0.00000000 1.00000000
vn 0.00000000 0.00000000 1.00000000
vn 0.00000000 0.00000000 1.00000000
vn 0.00000000 0.00000000 1.00000000
vn 0.00000000 0.00000000 1.00000000
vn 0.00000000 0.00000000 1.00000000
vn 0.00000000 0.00000000 1.00000000
vn 0.00000000 0.00000000 1.00000000
vn 0.00000000 0.00000000 1.00000000
vn 0.00000000 0.00000000 1.00000000
vn 0.00000000 0.00000000 1.00000000
vn 0.00000000 0.00000000 1.00000000
vn 0.00000000 0.00000000 1.00000000
vn 0.00000000 0.00000000 1.00000000
vn 0.00000000 0.00000000 1.00000000
vn 0.00000000 0.00000000 1.00000000
vn 0.00000000 0.00000000 1.00000000
vn 0.00000000 0.00000000 1.00000000
vn 0.00000000 0.00000000 1.00000000
vn 0.00000000 0.00000000 1.00000000
vn 0.00000000 0.00000000 1.00000000
vn 0.00000000 0.00000000 1.00000000
vn 0.00000000 0.00000000 1.00000000
vn 0.00000000 0.00000000 1.00000000
vn 0.00000000 0.00000000 1.00000000
vn 0.00000000 0.00000000 1.00000000
vn 0.00000000 0.00000000 1.00000000
vn 0.00000000 0.00000000 1.00000000
vn 0.00000000 0.00000000 1.00000000
vn 0.00000000 0.00000000 1.00000000
vn 0.00000000 0.00000000 1.00000000
vn 0.00000000 0.00000000 1.00000000
vn 0.00000000 0.00000000 1.00000000
vn 0.00000000 0.00000000 1.00000000
vn 0.00000000 0.00000000 1.00000000
vn 0.00000000 0.00000000 1.00000000
vn 0.00000000 0.00000000 1.00000000
vn 0.00000000 0.00000000 1.00000000
vn 0.00000000 0.00000000 1.00000000
vn 0.00000000 0.00000000 1.00000000
vn 0.00000000 0.00000000 1.00000000
vn 0.00000000 0.00000000 1.00000000
vn 0.00000000 0.00000000 1.00000000
vn 0.00000000 0.00000000 1.00000000
vn 0.00000000 0.00000000 1.00000000
vn 0.00000000 0.00000000 1.00000000
vn 0.00000000 0.00000000 1.00000000
vn 0.00000000 0.00000000 1.00000000
vn 0.00000000 0.00000000 1.00000000
vn 0.00000000 0.00000000 1.00000000
vn 0.00000000 0.00000000 1.00000000
vn 0.00000000 0.00000000 1.00000000
vn 0.00000000 0.00000000 1.00000000
vn 0.00000000 0.00000000 1.00000000
vn 0.00000000 0.00000000 1.00000000
vn 0.00000000 0.00000000 1.00000000
vn 0.00000000 0.00000000 1.00000000
vn 0.00000000 0.00000000 1.00000000
vn 0.00000000 0.00000000 1.00000000
vn 0.00000000 0.00000000 1.00000000
vn 0.00000000 0.00000000 1.00000000
vn 0.00000000 0.00000000 1.00000000
vn 0.00000000 0.00000000 1.00000000
vn 0.00000000 0.00000000 1.00000000
vn 0.00000000 0.00000000 1.00000000
vn 0.00000000 0.00000000 1.00000000
vn 0.00000000 0.00000000 1.00000000
vn 0.00000000 0.00000000 1.00000000
vn 0.00000000 0.00000000 1.00000000
vn 0.00000000 0.00000000 1.00000000
vn 0.00000000 0.00000000 1.00000000
vn 0.00000000 0.00000000 1.00000000
vn 0.00000000 0.00000000 1.00000000
vn 0.00000000 0.00000000 1.00000000
vn 0.00000000 0.00000000 1.00000000
vn 0.00000000 0.00000000 1.00000000
vn 0.00000000 0.00000000 1.00000000
vn 0.00000000 0.00000000 1.00000000
vn 0.00000000 0.00000000 1.00000000
vn 0.00000000 0.00000000 1.00000000
vn 0.00000000 0.00000000 1.00000000
vn 0.00000000 0.00000000 1.00000000
vn 0.00000000 0.00000000 1.00000000
vn 0.00000000 0.00000000 1.00000000
vn 0.00000000 0.00000000 1.00000000
vn 0.00000000 0.00000000 1.00000000
vn 0.00000000 0.00000000 1.00000000
vn 0.00000000 0.00000000 1.00000000
vn 0.00000000 0.00000000 1.00000000
vn 0.00000000 0.00000000 1.00000000
vn 0.00000000 0.00000000 1.00000000
vn 0.00000000 0.00000000 1.00000000
vn 0.00000000 0.00000000 1.00000000
vn 0.00000000 0.00000000 1.00000000
vn 0.00000000 0.00000000 1.00000000
vn 0.00000000 0.00000000 1.00000000
vn 0.00000000 0.00000000 1.00000000
vn 0.00000000 0.00000000 1.00000000
vn 0.00000000 0.00000000 1.00000000
vn 0.00000000 0.00000000 1.00000000
vn 0.00000000 0.00000000 1.00000000
vn 0.00000000 0.00000000 1.00000000
vn 0.00000000 0.00000000 1.00000000
vn 0.00000000 0.00000000 1.00000000
vn 0.00000000 0.00000000 1.00000000
vn 0.00000000 0.00000000 1.00000000
vn 0.00000000 0.00000000 1.00000000
vn 0.00000000 0.00000000 1.00000000
vn 0.00000000 0.00000000 1.00000000
vn 0.00000000 0.00000000 1.00000000
vn 0.00000000 0.00000000 1.00000000
vn 0.00000000 0.00000000 1.00000000
vn 0.00000000 0.00000000 1.00000000
vn 0.00000000 0.00000000 1.00000000
vn 0.00000000 0.00000000 1.00000000
vn 0.00000000 0.00000000 1.00000000
vn 0.00000000 0.00000000 1.00000000
vn 0.00000000 0.00000000 1.00000000
vn 0.00000000 0.00000000 1.00000000
vn 0.00000000 0.00000000 1.00000000
vn 0.00000000 0.00000000 1.00000000
vn 0.00000000 0.00000000 1.00000000
vn 0.00000000 0.00000000 1.00000000
vn 0.00000000 0.00000000 1.00000000
vn 0.00000000 0.00000000 1.00000000
vn 0.00000000 0.00000000 1.00000000
vn 0.00000000 0.00000000 1.00000000
vn 0.00000000 0.00000000 1.00000000
vn 0.00000000 0.00000000 1.00000000
vn 0.00000000 0.00000000 1.00000000
vn 0.00000000 0.00000000 1.00000000
vn 0.00000000 0.00000000 1.00000000
vn 0.00000000 0.00000000 1.00000000
vn 0.00000000 0.00000000 1.00000000
vn 0.00000000 0.00000000 1.00000000
vn 0.00000000 0.00000000 1.00000000
vn 0.00000000 0.00000000 1.00000000
vn 0.00000000 0.00000000 1.00000000
vn 0.00000000 0.00000000 1.00000000
vn 0.00000000 0.00000000 1.00000000
vn 0.00000000 0.00000000 1.00000000
vn 0.00000000 0.00000000 1.00000000
vn 0.00000000 0.00000000 1.00000000
vn 0.00000000 0.00000000 1.00000000
vn 0.00000000 0.00000000 1.00000000
vn 0.00000000 0.00000000 1.00000000
vn 0.00000000 0.00000000 1.00000000
vn 0.00000000 0.00000000 1.00000000
vn 0.00000000 0.00000000 1.00000000
vn 0.00000000 1.00000000 0.00000000
vn 0.00000000 1.00000000 0.00000000
vn 0.00000000 1.00000000 0.00000000
vn 0.00000000 1.00000000 0.00000000
vn 0.00403159 0.99997370 -0.00603372
vn -0.00643272 0.99997010 0.00429828
vn 0.92086700 -0.01521975 0.38957960
vn 0.99966870 0.02496141 0.00627488
vn 0.92073080 0.01489789 0.38991390
vn 0.73241810 0.01608321 0.68066520
vn 0.94960290 0.00570456 0.31340360
vn 0.75275520 -0.02452005 0.65784360
vn 0.75203390 0.02440256 0.65867250
vn 0.99999990 -0.00054207 0.00025063
vn 0.99999920 0.00115375 0.00053433
vn 0.99458130 -0.06748115 0.07908355
vn 0.99877640 0.03210016 0.03762048
vn 0.00514813 -0.99995030 0.00854338
vn 0.00377173 -0.76000450 0.64990690
vn -0.00539960 -0.99994900 0.00854382
vn 0.84968530 0.43642170 0.29592400
vn 0.81121990 0.58473120 0.00340486
vn 0.50126270 0.86527280 0.00622535
vn 0.62015890 0.74636300 0.24154780
vn 0.58237330 0.81275310 0.01654523
vn 0.65380620 0.75660870 0.00898677
vn 0.63436940 0.73206700 0.24830070
vn 0.64985310 0.71983860 0.24397380
vn -0.00714765 0.99997010 0.00296071
vn 0.63698240 -0.77071320 0.01596037
vn 0.63778160 -0.77019130 0.00632667
vn 0.00277698 0.99997370 -0.00670434
vn 0.00508917 -0.99991180 0.01226937
vn -0.00758790 0.99997010 0.00150946
vn -0.00386743 0.75998960 0.64992370
vn -0.53090260 0.64527390 0.54933050
vn -0.00616265 0.01194665 0.99990960
vn -0.01521577 0.99958030 0.02464904
vn -0.69561610 0.00810500 0.71836790
vn -0.63783760 0.77014490 0.00632783
vn -0.00674172 0.99997740 0.00000000
vn -0.99987150 0.01229928 0.01028022
vn 0.00000000 0.99997370 -0.00725671
vn 0.00141570 0.99997370 -0.00711724
vn -0.00711720 0.99997370 -0.00141582
vn -0.00141569 0.99997370 -0.00711737
vn -0.00277700 0.99997370 -0.00670439
vn -0.00603370 0.99997370 -0.00403163
vn -0.00403156 0.99997370 -0.00603370
vn -0.00513121 0.99997370 -0.00513124
vn -0.00616328 -0.01194492 0.99990960
vn -0.00396313 -0.75997810 0.64993660
vn 0.00616354 -0.01194835 0.99990960
vn -0.00670430 0.99997370 -0.00277704
vn -0.53095230 -0.64524220 0.54931970
vn -0.69560270 -0.00810466 0.71838090
vn -0.99987150 -0.01229770 0.01028051
vn -0.63788990 -0.77010160 0.00632944
vn -0.63709190 -0.77062260 0.01595881
vn -0.99982370 -0.01218755 0.01428344
vn 0.00513125 0.99997370 -0.00513131
vn 0.00603368 0.99997370 -0.00403172
vn 0.00670423 0.99997370 -0.00277702
vn 0.00711721 0.99997370 -0.00141574
vn 0.00651174 0.99997880 0.00000000
vn 0.01482772 0.99960150 0.02402033
vn 0.73218440 -0.01583022 0.68092250
vn 0.94963690 -0.00564719 0.31330140
vn 0.99966870 -0.02496565 0.00625139
vn 0.95793940 0.28697030 -0.00047308
vn 0.50110630 0.86536320 -0.00623857
vn -0.00547057 0.99997010 0.00547058
vn 0.81168480 0.58408450 -0.00359276
vn 0.84976870 -0.43265140 0.30117420
vn 0.75735900 -0.29765840 0.58121140
vn 0.74691980 -0.30410090 0.59129820
vn 0.97745780 -0.11808170 0.17502310
vn 0.81125120 -0.58468680 0.00358908
vn 0.50116590 -0.86532830 0.00631012
vn 0.58308390 -0.81224170 0.01663063
vn 0.65389570 -0.75653280 0.00886630
vn 0.99999920 0.00115480 -0.00053384
vn 0.99572520 -0.07086527 0.05924155
vn -0.00429817 0.99997010 0.00643273
vn 0.99967030 0.02489690 -0.00627677
vn 0.58348510 0.81195350 -0.01662773
vn 0.00616419 0.01194661 0.99990960
vn 0.99967040 -0.02488833 -0.00630033
vn 0.81165100 -0.58413260 -0.00340862
vn -0.00296065 0.99997010 0.00714777
vn 0.58277710 -0.81246360 -0.01654323
vn 0.65380590 -0.75660900 -0.00898695
vn 0.84725840 0.43717280 -0.30171690
vn 0.62385510 0.74304740 -0.24225040
vn 0.92034690 0.01550352 -0.39079540
vn -0.00150932 0.99997010 0.00758805
vn 0.73188750 0.01591321 -0.68123970
vn 0.63783920 0.72948920 -0.24699530
vn 0.65270510 0.71777370 -0.24243950
vn 0.75278740 0.02457662 -0.65780480
vn 0.50119910 -0.86531010 -0.00615388
vn 0.94963620 0.00564676 -0.31330340
vn 0.73211920 -0.01616743 -0.68098460
vn 0.00000000 0.99997010 0.00773661
vn 0.99999990 -0.00053786 -0.00024912
vn 0.53087180 -0.64529820 0.54933170
vn 0.00758787 0.99997010 0.00150936
vn 0.92021270 -0.01518392 -0.39112390
vn 0.94960190 -0.00570491 -0.31340650
vn 0.00150931 0.99997010 0.00758794
vn 0.69563360 -0.00810322 0.71835090
vn 0.00714759 0.99997010 0.00296071
vn 0.84718710 -0.44090450 -0.29644090
vn 0.00296064 0.99997010 0.00714767
vn 0.75206420 -0.02445780 -0.65863590
vn 0.00643270 0.99997010 0.00429841
vn 0.75515260 -0.30246560 -0.58160050
vn 0.00429820 0.99997010 0.00643275
vn 0.00547059 0.99997010 0.00547075
vn 0.63455180 -0.73202800 -0.24794990
vn 0.64984670 -0.71984440 -0.24397390
vn 0.00386743 0.75998960 0.64992370
vn 0.99907900 0.03291973 0.02752232
vn 0.53092350 0.64526530 0.54932040
vn 0.63783960 0.77014320 0.00632777
vn 0.69561990 0.00810295 0.71836430
vn -0.34947850 0.92569450 0.14475690
vn -0.31452240 0.92569430 0.21015630
vn 0.21015760 0.92569460 -0.31452100
vn 0.14475770 0.92569420 -0.34947870
vn -0.37100390 0.92569420 0.07379939
vn 0.07379762 0.92569400 -0.37100450
vn -0.37827180 0.92569460 0.00000014
vn 0.00000084 0.92569420 -0.37827270
vn -0.37100360 0.92569420 -0.07380006
vn -0.07379594 0.92569420 -0.37100470
vn -0.34947860 0.92569460 -0.14475630
vn -0.14475760 0.92569420 -0.34947890
vn -0.31452260 0.92569420 -0.21015620
vn -0.21015740 0.92569430 -0.31452160
vn -0.26748000 0.92569420 -0.26747820
vn 0.26747930 0.92569420 -0.26747880
vn 0.31452020 0.92569430 -0.21015970
vn 0.34947860 0.92569430 -0.14475720
vn 0.37100460 0.92569420 -0.07379614
vn 0.37827180 0.92569460 -0.00000043
vn -0.26748100 0.92569430 0.26747680
vn -0.21015760 0.92569430 0.31452160
vn -0.14475810 0.92569430 0.34947840
vn -0.07379638 0.92569430 0.37100400
vn 0.00000000 0.92569430 0.37827240
vn 0.37100480 0.92569420 0.07379494
vn 0.07379698 0.92569430 0.37100400
vn 0.34947800 0.92569460 0.14475780
vn 0.14475930 0.92569450 0.34947760
vn 0.31451920 0.92569420 0.21016120
vn 0.21015800 0.92569430 0.31452110
vn 0.26747740 0.92569450 0.26748030
vn -0.03351481 0.99927770 0.01791467
vn 0.00000000 1.00000000 0.00000000
vn 0.00000000 1.00000000 0.00000000
vn 0.00000000 1.00000000 0.00000000
vn 0.00000000 1.00000000 0.00000000
vn 0.75540020 0.30075960 0.58216340
vn 0.74436150 0.30601310 0.59353350
vn 0.97681460 0.11982610 0.17741180
vn 0.95793830 0.28697370 0.00051085
vn 0.63778160 -0.77019130 0.00632667
vn 0.63698240 -0.77071320 0.01596037
vn -0.53090260 0.64527390 0.54933050
vn -0.00386743 0.75998960 0.64992370
vn -0.63783760 0.77014490 0.00632783
vn -0.53090260 0.64527390 0.54933050
vn -0.69561610 0.00810500 0.71836790
vn 0.00377173 -0.76000450 0.64990690
vn -0.00396313 -0.75997810 0.64993660
vn -0.53095230 -0.64524220 0.54931970
vn -0.53095230 -0.64524220 0.54931970
vn -0.63788990 -0.77010160 0.00632944
vn -0.69560270 -0.00810466 0.71838090
vn -0.01426222 0.99933510 0.03355447
vn -0.63703880 0.77066650 0.01596002
vn -0.63703880 0.77066650 0.01596002
vn -0.99982370 0.01218896 0.01428347
vn -0.00534076 -0.99991050 0.01226938
vn -0.63709190 -0.77062260 0.01595881
vn 0.01394075 0.99936480 0.03279753
vn 0.58237330 0.81275310 0.01654523
vn 0.50126270 0.86527280 0.00622535
vn 0.50110630 0.86536320 -0.00623857
vn 0.65389580 0.75653270 -0.00886634
vn 0.58348510 0.81195350 -0.01662773
vn 0.62442200 -0.74223350 0.24328330
vn 0.63764580 -0.72953740 0.24735200
vn 0.65270410 -0.71777470 0.24243920
vn 0.95794060 -0.28696640 0.00047308
vn 0.50116590 -0.86532830 0.00631012
vn 0.50119910 -0.86531010 -0.00615388
vn 0.58308390 -0.81224170 0.01663063
vn 0.58277710 -0.81246360 -0.01654323
vn 0.95793950 -0.28696990 -0.00051085
vn 0.75711070 0.29936870 -0.58065630
vn 0.74721680 0.30481130 -0.59055670
vn 0.97745740 0.11808360 -0.17502390
vn 0.53087180 -0.64529820 0.54933170
vn 0.53087180 -0.64529820 0.54933170
vn 0.69563360 -0.00810322 0.71835090
vn 0.61957790 -0.74718120 -0.24050680
vn 0.74463830 -0.30672480 -0.59281840
vn 0.97681530 -0.11981900 -0.17741230
vn 0.00386743 0.75998960 0.64992370
vn 0.53092350 0.64526530 0.54932040
vn 0.69561990 0.00810295 0.71836430
vn 0.53092350 0.64526530 0.54932040
vn 0.63783960 0.77014320 0.00632777
vn 0.63704080 0.77066480 0.01595954
vn 0.63704080 0.77066480 0.01595954
vn -0.03351481 0.99927770 0.01791467
vn -0.03351481 0.99927770 0.01791467
vn 0.01791396 0.99927770 -0.03351519
vn 0.01791396 0.99927770 -0.03351519
vn 0.01791396 0.99927770 -0.03351520
vn -0.03636599 0.99927770 0.01103100
vn -0.03636599 0.99927770 0.01103100
vn 0.01103147 0.99927770 -0.03636584
vn 0.01103147 0.99927770 -0.03636584
vn -0.03781901 0.99927770 0.00372622
vn -0.03781901 0.99927770 0.00372622
vn 0.00372478 0.99927770 -0.03781920
vn 0.00372478 0.99927770 -0.03781920
vn -0.03781900 0.99927770 -0.00372628
vn -0.00372469 0.99927770 -0.03781925
vn -0.03636594 0.99927770 -0.01103183
vn -0.03636594 0.99927770 -0.01103183
vn -0.01103111 0.99927770 -0.03636578
vn -0.01103111 0.99927770 -0.03636578
vn -0.03351507 0.99927770 -0.01791276
vn -0.03351506 0.99927770 -0.01791276
vn -0.01791424 0.99927770 -0.03351488
vn -0.01791424 0.99927770 -0.03351488
vn -0.02937593 0.99927770 -0.02410892
vn -0.02410831 0.99927770 -0.02937607
vn 0.02410867 0.99927770 -0.02937571
vn 0.02937577 0.99927770 -0.02410927
vn 0.02937577 0.99927770 -0.02410927
vn 0.03351467 0.99927770 -0.01791398
vn 0.03636594 0.99927770 -0.01103040
vn 0.03636595 0.99927770 -0.01103040
vn 0.03781909 0.99927770 -0.00372531
vn 0.03781909 0.99927770 -0.00372531
vn -0.02937619 0.99927770 0.02410773
vn -0.02410852 0.99927770 0.02937547
vn -0.02410852 0.99927770 0.02937547
vn -0.01791394 0.99927770 0.03351473
vn -0.01103136 0.99927770 0.03636588
vn -0.01103136 0.99927770 0.03636588
vn -0.00372467 0.99927770 0.03781921
vn -0.00372467 0.99927770 0.03781920
vn 0.03781907 0.99927770 0.00372533
vn 0.00372479 0.99927770 0.03781899
vn 0.03636599 0.99927770 0.01103042
vn 0.03636600 0.99927770 0.01103042
vn 0.03636599 0.99927770 0.01103042
vn 0.01103128 0.99927770 0.03636569
vn 0.01103128 0.99927770 0.03636569
vn 0.03351442 0.99927770 0.01791408
vn 0.03351442 0.99927770 0.01791408
vn 0.01791449 0.99927770 0.03351495
vn 0.01791449 0.99927770 0.03351494
vn 0.02937590 0.99927770 0.02410902
vn 0.02410815 0.99927770 0.02937591
vn 0.07308050 -0.92718710 -0.36740060
vn 0.00000022 -0.92718710 -0.37459830
vn -0.00000013 -0.99999450 -0.00330661
vn 0.00000000 -0.53258830 -0.84637440
vn 0.00064499 -0.99999450 -0.00324303
vn 0.16511580 -0.53258940 -0.83011170
vn 0.00126533 -0.99999450 -0.00305489
vn 0.32388770 -0.53259890 -0.78194320
vn 0.00183701 -0.99999450 -0.00274929
vn 0.47021540 -0.53260280 -0.70372710
vn 0.00233811 -0.99999450 -0.00233807
vn 0.59847390 -0.53259780 -0.59847190
vn 0.00274933 -0.99999450 -0.00183698
vn 0.70373340 -0.53259390 -0.47021590
vn 0.00305485 -0.99999450 -0.00126528
vn 0.78194050 -0.53259990 -0.32389260
vn 0.00324314 -0.99999450 -0.00064497
vn 0.83009390 -0.53261600 -0.16511920
vn 0.00330650 -0.99999450 0.00000015
vn 0.84635450 -0.53262010 0.00000000
vn 0.00324314 -0.99999450 0.00064527
vn 0.83009260 -0.53261850 0.16511790
vn 0.00305486 -0.99999450 0.00126557
vn 0.78193840 -0.53260300 0.32389240
vn 0.00274929 -0.99999450 0.00183726
vn 0.70373330 -0.53259530 0.47021470
vn 0.00233809 -0.99999450 0.00233837
vn 0.59847380 -0.53259840 0.59847160
vn 0.00183697 -0.99999450 0.00274954
vn 0.47021210 -0.53260340 0.70372870
vn 0.00126533 -0.99999450 0.00305521
vn 0.32388620 -0.53259400 0.78194720
vn 0.00064500 -0.99999450 0.00324341
vn 0.16511660 -0.53258470 0.83011450
vn -0.00000013 -0.99999450 0.00330690
vn -0.00000087 -0.53258920 0.84637390
vn -0.00064525 -0.99999450 0.00324331
vn -0.16511850 -0.53259340 0.83010850
vn -0.00126555 -0.99999450 0.00305512
vn -0.32389200 -0.53259340 0.78194500
vn -0.00183724 -0.99999450 0.00274957
vn -0.47021500 -0.53259810 0.70373080
vn -0.00233836 -0.99999450 0.00233840
vn -0.59847270 -0.53260700 0.59846500
vn -0.00274962 -0.99999450 0.00183731
vn -0.70373020 -0.53260010 0.47021380
vn -0.00305516 -0.99999450 0.00126555
vn -0.78194370 -0.53259380 0.32389510
vn -0.00324321 -0.99999450 0.00064522
vn -0.83010860 -0.53259330 0.16511820
vn -0.00330692 -0.99999450 0.00000016
vn -0.84637260 -0.53259120 0.00000000
vn -0.00324321 -0.99999450 -0.00064491
vn -0.83011210 -0.53258730 -0.16512050
vn -0.00305518 -0.99999450 -0.00126529
vn -0.78194990 -0.53258350 -0.32389680
vn -0.00274953 -0.99999450 -0.00183696
vn -0.70373130 -0.53259690 -0.47021570
vn -0.00233838 -0.99999450 -0.00233814
vn -0.59846730 -0.53261010 -0.59846760
vn -0.00183717 -0.99999450 -0.00274918
vn -0.47021180 -0.53260240 -0.70372970
vn -0.00126557 -0.99999450 -0.00305484
vn -0.32389280 -0.53259460 -0.78194400
vn -0.00064522 -0.99999450 -0.00324297
vn -0.16511920 -0.53258970 -0.83011080
vn 0.14335240 -0.92718730 -0.34608360
vn 0.20811530 -0.92718770 -0.31146590
vn 0.26488130 -0.92718800 -0.26487820
vn 0.31146630 -0.92718760 -0.20811530
vn 0.34608290 -0.92718770 -0.14335120
vn 0.36739920 -0.92718770 -0.07308038
vn 0.37459550 -0.92718840 0.00000000
vn 0.36739910 -0.92718770 0.07308039
vn 0.34608330 -0.92718770 0.14335040
vn 0.31146680 -0.92718740 0.20811540
vn 0.26488090 -0.92718770 0.26487940
vn 0.20811490 -0.92718760 0.31146650
vn 0.14335240 -0.92718740 0.34608330
vn 0.07307972 -0.92718740 0.36739990
vn -0.00000060 -0.92718760 0.37459730
vn -0.07308111 -0.92718770 0.36739910
vn -0.14335240 -0.92718770 0.34608210
vn -0.20811500 -0.92718810 0.31146520
vn -0.26487900 -0.92718790 0.26488080
vn -0.31146620 -0.92718670 0.20811870
vn -0.34608620 -0.92718630 0.14335240
vn -0.36740240 -0.92718670 0.07307816
vn -0.37459840 -0.92718710 0.00000025
vn -0.36740270 -0.92718670 -0.07307749
vn -0.34608520 -0.92718650 -0.14335320
vn -0.31146510 -0.92718710 -0.20811900
vn -0.26487790 -0.92718810 -0.26488080
vn -0.20811520 -0.92718790 -0.31146540
vn -0.14335290 -0.92718740 -0.34608290
vn -0.07308085 -0.92718710 -0.36740060
vn 0.07308012 -0.92718740 -0.36740000
vn 0.14335220 -0.92718760 -0.34608290
vn 0.20811540 -0.92718790 -0.31146540
vn 0.26488140 -0.92718770 -0.26487870
vn 0.31146630 -0.92718740 -0.20811560
vn 0.34608330 -0.92718760 -0.14335130
vn 0.36740080 -0.92718710 -0.07308038
vn 0.37459740 -0.92718760 0.00000000
vn 0.36740080 -0.92718700 0.07308044
vn 0.34608380 -0.92718740 0.14335040
vn 0.31146620 -0.92718760 0.20811530
vn 0.26488030 -0.92718790 0.26487950
vn 0.20811470 -0.92718770 0.31146600
vn 0.14335200 -0.92718760 0.34608290
vn 0.07307880 -0.92718760 0.36739990
vn -0.00000073 -0.92718740 0.37459760
vn -0.07308100 -0.92718740 0.36739980
vn -0.14335250 -0.92718740 0.34608290
vn -0.20811510 -0.92718760 0.31146650
vn -0.26487940 -0.92718740 0.26488200
vn -0.31146420 -0.92718760 0.20811830
vn -0.34608220 -0.92718810 0.14335020
vn -0.36739930 -0.92718800 0.07307677
vn -0.37459610 -0.92718810 0.00000044
vn -0.36739920 -0.92718810 -0.07307588
vn -0.34608040 -0.92718860 -0.14335140
vn -0.31146290 -0.92718790 -0.20811880
vn -0.26487840 -0.92718770 -0.26488180
vn -0.20811560 -0.92718770 -0.31146580
vn -0.14335290 -0.92718770 -0.34608230
vn 0.00000044 -0.92718760 -0.37459730
vn -0.07308077 -0.92718760 -0.36739940
vn -0.00168925 0.99999540 0.00252810
vn -0.00215004 0.99999540 0.00215002
vn -0.26479960 0.92723340 0.26480080
vn -0.20805450 0.92723300 0.31137110
vn -0.07305790 0.92723340 0.36728850
vn -0.14331010 0.92723340 0.34597770
vn -0.14335360 0.92718760 0.34608220
vn -0.07308033 0.92718730 0.36740050
vn -0.00000023 0.92718730 0.37459840
vn 0.05188415 0.96398830 -0.26083440
vn -0.00000023 0.96398910 -0.26594200
vn -0.00116359 0.99999540 0.00280914
vn -0.20811630 0.92718800 0.31146430
vn 0.10177800 0.96398520 -0.24571050
vn -0.00252813 0.99999540 0.00168929
vn -0.00280912 0.99999540 0.00116358
vn -0.34597970 0.92723320 0.14330640
vn -0.31137060 0.92723350 0.20805390
vn -0.26487930 0.92718800 0.26488000
vn 0.14776000 0.96398380 -0.22113850
vn -0.00298213 0.99999540 0.00059319
vn -0.36729060 0.92723260 0.07305752
vn -0.31146630 0.92718730 0.20811680
vn 0.18806660 0.96398370 -0.18805970
vn -0.00304055 0.99999540 0.00000000
vn -0.37448540 0.92723270 -0.00000051
vn -0.34608470 0.92718730 0.14335020
vn 0.22113240 0.96398570 -0.14775650
vn -0.00298213 0.99999540 -0.00059315
vn -0.36729090 0.92723230 -0.07305820
vn -0.36739980 0.92718760 0.07307950
vn 0.24571000 0.96398530 -0.10177900
vn -0.00280913 0.99999540 -0.00116354
vn -0.34598050 0.92723290 -0.14330620
vn -0.37459570 0.92718830 -0.00000053
vn 0.26083350 0.96398840 -0.05188553
vn -0.00252813 0.99999540 -0.00168924
vn -0.31137150 0.92723320 -0.20805380
vn -0.36739950 0.92718770 -0.07308004
vn 0.26594780 0.96398740 -0.00000025
vn -0.00215001 0.99999540 -0.00214999
vn -0.26479950 0.92723320 -0.26480140
vn -0.34608470 0.92718730 -0.14334990
vn 0.26083730 0.96398730 0.05188685
vn -0.00168924 0.99999540 -0.00252809
vn -0.20805200 0.92723300 -0.31137290
vn -0.31146690 0.92718700 -0.20811650
vn 0.24571420 0.96398410 0.10178030
vn -0.00116362 0.99999540 -0.00280912
vn -0.14330940 0.92723300 -0.34597890
vn -0.26487960 0.92718770 -0.26488050
vn 0.22113390 0.96398540 0.14775600
vn -0.00059323 0.99999540 -0.00298216
vn -0.07305880 0.92723290 -0.36728960
vn -0.20811410 0.92718810 -0.31146570
vn 0.18806470 0.96398430 0.18805820
vn 0.00000000 0.99999540 -0.00304059
vn 0.00000000 0.92723290 -0.37448540
vn -0.14335210 0.92718770 -0.34608280
vn 0.14775400 0.96398650 0.22113090
vn 0.00059319 0.99999540 -0.00298212
vn 0.07306019 0.92723290 -0.36728950
vn -0.07308035 0.92718730 -0.36740040
vn 0.10177810 0.96398530 0.24571020
vn 0.00116355 0.99999540 -0.00280907
vn 0.14331040 0.92723270 -0.34597910
vn 0.00000000 0.92718710 -0.37459840
vn 0.05188534 0.96398530 0.26084520
vn 0.00168922 0.99999540 -0.00252810
vn 0.20805340 0.92723270 -0.31137340
vn 0.07308204 0.92718730 -0.36740010
vn -0.00000031 0.96398570 0.26595370
vn 0.00215000 0.99999540 -0.00215002
vn 0.26479940 0.92723260 -0.26480380
vn 0.14335340 0.92718740 -0.34608290
vn -0.05188510 0.96398590 0.26084330
vn 0.00252809 0.99999540 -0.00168920
vn 0.31137190 0.92723300 -0.20805390
vn 0.20811540 0.92718770 -0.31146550
vn -0.10177450 0.96398650 0.24570710
vn 0.00280901 0.99999540 -0.00116351
vn 0.34597960 0.92723300 -0.14330700
vn 0.26487810 0.92718770 -0.26488180
vn -0.14775420 0.96398630 0.22113140
vn 0.00298212 0.99999540 -0.00059318
vn 0.36728970 0.92723300 -0.07305777
vn 0.31146540 0.92718760 -0.20811650
vn -0.18805730 0.96398570 0.18805800
vn 0.00304051 0.99999540 0.00000000
vn 0.37448540 0.92723290 0.00000000
vn 0.34608390 0.92718740 -0.14335060
vn -0.22113440 0.96398570 0.14775300
vn 0.00298214 0.99999540 0.00059322
vn 0.36728950 0.92723300 0.07305703
vn 0.36740040 0.92718740 -0.07307958
vn -0.24572270 0.96398190 0.10178020
vn 0.00280901 0.99999540 0.00116356
vn 0.34597880 0.92723340 0.14330700
vn 0.37459840 0.92718730 0.00000000
vn -0.26084810 0.96398450 0.05188589
vn 0.00252814 0.99999540 0.00168929
vn 0.31137050 0.92723340 0.20805430
vn 0.36740070 0.92718730 0.07307918
vn -0.26595430 0.96398570 -0.00000049
vn 0.00214996 0.99999540 0.00215002
vn 0.26479910 0.92723300 0.26480230
vn 0.34608450 0.92718710 0.14335090
vn -0.26084800 0.96398440 -0.05188711
vn 0.00168920 0.99999540 0.00252813
vn 0.20805220 0.92723320 0.31137240
vn 0.31146500 0.92718760 0.20811700
vn -0.24571470 0.96398430 -0.10177710
vn 0.00116352 0.99999540 0.00280910
vn 0.14330930 0.92723300 0.34597850
vn 0.26487850 0.92718790 0.26488110
vn -0.22113140 0.96398700 -0.14775010
vn 0.00059315 0.99999540 0.00298212
vn 0.07305874 0.92723330 0.36728850
vn 0.20811510 0.92718770 0.31146600
vn -0.18805250 0.96398710 -0.18805600
vn 0.00000000 0.99999540 0.00304056
vn -0.00000050 0.92723330 0.37448420
vn 0.14335260 0.92718700 0.34608410
vn -0.14775340 0.96398650 -0.22113060
vn -0.00059319 0.99999540 0.00298209
vn 0.07308093 0.92718710 0.36740070
vn -0.10176940 0.96398810 -0.24570270
vn -0.05188464 0.96398720 -0.26083840
vn 0.00000000 1.00000000 0.00000000
vn 0.00000000 1.00000000 0.00000000
vn 0.00000000 1.00000000 0.00000000
vn 0.00000000 1.00000000 0.00000000
vn -0.16511920 -0.53258970 -0.83011080
vn -0.05188464 0.96398720 -0.26083840
vn -0.10176940 0.96398810 -0.24570270
vn -0.32389280 -0.53259460 -0.78194400
vn -0.83010860 -0.53259330 0.16511820
vn -0.26084810 0.96398450 0.05188589
vn -0.24572270 0.96398190 0.10178020
vn -0.78194370 -0.53259380 0.32389510
vn 0.16511660 -0.53258470 0.83011450
vn 0.05188534 0.96398530 0.26084520
vn 0.10177810 0.96398530 0.24571020
vn 0.32388620 -0.53259400 0.78194720
vn 0.83009390 -0.53261600 -0.16511920
vn 0.26083350 0.96398840 -0.05188553
vn 0.24571000 0.96398530 -0.10177900
vn 0.78194050 -0.53259990 -0.32389260
vn -0.78194990 -0.53258350 -0.32389680
vn -0.24571470 0.96398430 -0.10177710
vn -0.26084800 0.96398440 -0.05188711
vn -0.83011210 -0.53258730 -0.16512050
vn -0.32389200 -0.53259340 0.78194500
vn -0.10177450 0.96398650 0.24570710
vn -0.05188510 0.96398590 0.26084330
vn -0.16511850 -0.53259340 0.83010850
vn 0.78193840 -0.53260300 0.32389240
vn 0.24571420 0.96398410 0.10178030
vn 0.26083730 0.96398730 0.05188685
vn 0.83009260 -0.53261850 0.16511790
vn 0.32388770 -0.53259890 -0.78194320
vn 0.10177800 0.96398520 -0.24571050
vn 0.05188415 0.96398830 -0.26083440
vn 0.16511580 -0.53258940 -0.83011170
vn 0.00000000 -0.53258830 -0.84637440
vn -0.00000023 0.96398910 -0.26594200
vn -0.47021180 -0.53260240 -0.70372970
vn -0.14775340 0.96398650 -0.22113060
vn -0.18805250 0.96398710 -0.18805600
vn -0.59846730 -0.53261010 -0.59846760
vn -0.70373020 -0.53260010 0.47021380
vn -0.22113440 0.96398570 0.14775300
vn -0.18805730 0.96398570 0.18805800
vn -0.59847270 -0.53260700 0.59846500
vn 0.47021210 -0.53260340 0.70372870
vn 0.14775400 0.96398650 0.22113090
vn 0.18806470 0.96398430 0.18805820
vn 0.59847380 -0.53259840 0.59847160
vn 0.70373340 -0.53259390 -0.47021590
vn 0.22113240 0.96398570 -0.14775650
vn 0.18806660 0.96398370 -0.18805970
vn 0.59847390 -0.53259780 -0.59847190
vn -0.84637260 -0.53259120 0.00000000
vn -0.26595430 0.96398570 -0.00000049
vn -0.00000087 -0.53258920 0.84637390
vn -0.00000031 0.96398570 0.26595370
vn 0.84635450 -0.53262010 0.00000000
vn 0.26594780 0.96398740 -0.00000025
vn -0.70373130 -0.53259690 -0.47021570
vn -0.22113140 0.96398700 -0.14775010
vn -0.47021500 -0.53259810 0.70373080
vn -0.14775420 0.96398630 0.22113140
vn 0.70373330 -0.53259530 0.47021470
vn 0.22113390 0.96398540 0.14775600
vn 0.47021540 -0.53260280 -0.70372710
vn 0.14776000 0.96398380 -0.22113850
vn -0.14775340 0.96398650 -0.22113060
vn -0.47021180 -0.53260240 -0.70372970
vn 0.14775400 0.96398650 0.22113090
vn 0.47021210 -0.53260340 0.70372870
vn -0.14775420 0.96398630 0.22113140
vn -0.47021500 -0.53259810 0.70373080
vn 0.14776000 0.96398380 -0.22113850
vn 0.47021540 -0.53260280 -0.70372710
vn 0.98031040 -0.00597142 0.19737250
vn 0.98031040 -0.00597142 0.19737250
vn 0.98031040 -0.00597142 0.19737250
vn -0.98030990 -0.00597142 0.19737490
vn -0.98030990 -0.00597142 0.19737490
vn -0.98030990 -0.00597142 0.19737490
vn 0.98031040 -0.00597142 0.19737250
vn -0.98030990 -0.00597142 0.19737490
vn 0.98029470 -0.00669573 0.19742750
vn 0.98029470 -0.00669573 0.19742750
vn 0.98029470 -0.00669573 0.19742750
vn -0.98029410 -0.00669572 0.19743010
vn -0.98029410 -0.00669572 0.19743010
vn -0.98029410 -0.00669572 0.19743010
vn 0.98029470 -0.00669573 0.19742750
vn -0.98029410 -0.00669572 0.19743010
vn 0.00000000 1.00000000 0.00000000
vn 0.00000000 1.00000000 0.00000000
vn 0.00000000 1.00000000 0.00000000
vn 0.00000000 1.00000000 0.00000000
vn 0.00000000 0.94236270 0.33459320
vn 0.00000000 0.94236270 0.33459320
vn 0.00000000 0.94236270 0.33459320
vn 0.00000000 0.94236270 0.33459320
vn 0.00000000 -0.07437892 0.99723000
vn 0.00000000 -0.07437892 0.99723000
vn 0.00000000 -0.07437892 0.99723000
vn 0.00000000 -0.07437892 0.99723000
vn 0.00000000 -0.86304040 0.50513490
vn 0.00000000 -0.86304030 0.50513500
vn 0.00000000 -0.86304030 0.50513490
vn 0.00000000 -0.86304030 0.50513490
vn 0.00000000 0.94236280 0.33459300
vn 0.00000000 0.94236280 0.33459300
vn 0.00000000 0.94236280 0.33459300
vn 0.00000000 0.94236280 0.33459300
vn 0.00000000 -0.08571394 0.99631980
vn 0.00000000 -0.08571394 0.99631980
vn 0.00000000 -0.08571394 0.99631980
vn 0.00000000 -0.08571394 0.99631980
vn 0.00000000 -0.86303880 0.50513770
vn 0.00000000 -0.86303870 0.50513770
vn 0.00000000 -0.86303870 0.50513770
vn 0.00000000 -0.86303870 0.50513770
vn 0.34272360 0.82732310 0.44505830
vn 0.00421246 0.93411680 0.35694250
vn 0.93326070 0.01070403 0.35904020
vn 0.00818340 0.93358910 0.35825200
vn 0.34272370 0.82732310 0.44505840
vn 0.93186940 0.02044809 0.36221730
vn -0.82732500 0.34273630 0.44504480
vn -0.93324920 0.01070475 0.35907030
vn -0.00421228 0.93411670 0.35694300
vn -0.00000022 0.00000000 1.00000000
vn -0.82732520 0.34273640 0.44504480
vn 0.00001701 0.00000000 1.00000000
vn -0.00652049 -0.99280270 0.11958320
vn -0.91278990 -0.37808970 0.15447580
vn -0.99258580 -0.01516943 0.12059550
vn 0.00000053 0.00000000 1.00000000
vn 0.00000537 0.00000000 1.00000000
vn -0.00001374 0.00000000 1.00000000
vn 0.99258640 -0.01517191 0.12059020
vn 0.37810910 -0.91278140 0.15447890
vn 0.00652045 -0.99280270 0.11958310
vn 0.00518617 -0.99282950 0.11942670
vn 0.37810910 -0.91278140 0.15447890
vn 0.99267150 -0.01212139 0.12023530
vn 0.93326070 -0.01070295 0.35904030
vn 0.00421222 -0.93412080 0.35693200
vn 0.00000011 0.00000000 1.00000000
vn 0.82734550 -0.34268790 0.44504420
vn -0.00001512 0.00000000 1.00000000
vn -0.34270720 -0.82732380 0.44506980
vn -0.00421212 -0.93412080 0.35693210
vn -0.93324910 -0.01070353 0.35907060
vn -0.00818325 -0.93359290 0.35824190
vn -0.34270720 -0.82732390 0.44506980
vn -0.93185730 -0.02045027 0.36224840
vn 0.00652044 0.99280190 0.11959060
vn 0.91277340 0.37812870 0.15447810
vn 0.99258640 0.01517213 0.12059040
vn 0.00000000 0.00000000 1.00000000
vn 0.00000000 0.00000000 1.00000000
vn 0.00001570 0.00000000 1.00000000
vn -0.99258580 0.01516960 0.12059560
vn -0.37809790 0.91278550 0.15448210
vn -0.00652048 0.99280190 0.11959070
vn -0.00518613 0.99282850 0.11943420
vn -0.37809790 0.91278540 0.15448210
vn -0.99267080 0.01211910 0.12024070
vn 0.00000000 0.00000000 -1.00000000
vn 0.00000000 0.00000000 -1.00000000
vn -0.00001811 0.00911603 0.99995850
vn -0.00001811 0.00911603 0.99995850
vn -0.00339150 0.99996860 -0.00715209
vn 0.00322586 0.99996920 -0.00715379
vn 0.00321712 0.99997270 0.00665325
vn -0.00339617 0.99997250 0.00661117
vn -0.00001810 0.00000000 1.00000000
vn 0.00000000 0.00000000 -1.00000000
vn 0.00000000 0.00000000 -1.00000000
vn -0.00001810 0.00000000 1.00000000
vn 0.00000000 -0.06850887 -0.99765060
vn -0.38177810 -0.06850918 -0.92171140
vn -0.70543460 -0.06850952 -0.70545620
vn -0.92171080 -0.06850860 -0.38177970
vn -0.99765070 -0.06850631 0.00000000
vn -0.92171180 -0.06850836 0.38177740
vn -0.70543280 -0.06851046 0.70545790
vn -0.38177770 -0.06850967 0.92171150
vn 0.00000000 -0.06850883 0.99765060
vn 0.38179060 -0.06850977 0.92170630
vn 0.70543380 -0.06851187 0.70545670
vn 0.92170700 -0.06851245 0.38178830
vn 0.99765020 -0.06851343 0.00000000
vn 0.92170600 -0.06851245 -0.38179050
vn 0.70543560 -0.06851114 -0.70545490
vn 0.38179090 -0.06850980 -0.92170610
vn 0.00000000 -0.03537662 -0.99937410
vn -0.38243810 -0.03537609 -0.92330350
vn -0.70665340 -0.03537621 -0.70667500
vn -0.92330280 -0.03537691 -0.38244010
vn -0.99937410 -0.03537552 0.00000000
vn -0.92330410 -0.03537696 0.38243660
vn -0.70665090 -0.03537825 0.70667740
vn -0.38243750 -0.03537950 0.92330380
vn 0.00000000 -0.03538018 0.99937400
vn 0.38245030 -0.03537956 0.92329850
vn 0.70665200 -0.03537831 0.70667630
vn 0.92329940 -0.03537806 0.38244800
vn 0.99937400 -0.03537843 0.00000000
vn 0.92329810 -0.03537834 -0.38245150
vn 0.70665450 -0.03537674 -0.70667390
vn 0.38245100 -0.03537664 -0.92329830
vn 0.00000000 -0.99994600 -0.01039404
vn -0.00397769 -0.99994600 -0.00960304
vn -0.00734930 -0.99994600 -0.00734970
vn -0.00960349 -0.99994600 -0.00397813
vn -0.01039382 -0.99994600 0.00000000
vn -0.00960352 -0.99994600 0.00397800
vn -0.00734925 -0.99994600 0.00734970
vn -0.00397775 -0.99994600 0.00960316
vn 0.00000000 -0.99994600 0.01039411
vn 0.00397772 -0.99994600 0.00960262
vn 0.00734958 -0.99994600 0.00734980
vn 0.00960259 -0.99994600 0.00397770
vn 0.01039472 -0.99994600 0.00000000
vn 0.00960256 -0.99994600 -0.00397784
vn 0.00734961 -0.99994600 -0.00734979
vn 0.00397766 -0.99994600 -0.00960252
vn 0.00000000 -0.06850931 -0.99765040
vn -0.38177540 -0.06850992 -0.92171250
vn -0.70543470 -0.06850962 -0.70545600
vn -0.92171050 -0.06850770 -0.38178070
vn -0.99765070 -0.06850621 0.00000000
vn -0.92171200 -0.06850715 0.38177700
vn -0.70543460 -0.06850786 0.70545640
vn -0.38178200 -0.06850825 0.92170990
vn 0.00000000 -0.06850855 0.99765060
vn 0.38179480 -0.06850839 0.92170460
vn 0.70543560 -0.06850974 0.70545520
vn 0.92170700 -0.06851249 0.38178800
vn 0.99765020 -0.06851403 0.00000000
vn 0.92170570 -0.06851212 -0.38179170
vn 0.70543580 -0.06851140 -0.70545480
vn 0.38178810 -0.06850985 -0.92170730
vn 0.00000000 -0.03537799 -0.99937410
vn -0.38243540 -0.03537792 -0.92330480
vn -0.70665280 -0.03537718 -0.70667540
vn -0.92330280 -0.03537630 -0.38244000
vn -0.99937420 -0.03537484 0.00000000
vn -0.92330440 -0.03537532 0.38243630
vn -0.70665330 -0.03537525 0.70667520
vn -0.38244200 -0.03537660 0.92330210
vn 0.00000000 -0.03537783 0.99937410
vn 0.38245480 -0.03537690 0.92329670
vn 0.70665430 -0.03537579 0.70667400
vn 0.92329960 -0.03537805 0.38244780
vn 0.99937400 -0.03537904 0.00000000
vn 0.92329810 -0.03537806 -0.38245150
vn 0.70665390 -0.03537772 -0.70667440
vn 0.38244820 -0.03537789 -0.92329940
vn 0.00000000 -0.99994600 -0.01039383
vn -0.00397768 -0.99994600 -0.00960316
vn -0.00734929 -0.99994600 -0.00734977
vn -0.00960333 -0.99994600 -0.00397803
vn -0.01039379 -0.99994600 0.00000000
vn -0.00960362 -0.99994600 0.00397805
vn -0.00734932 -0.99994600 0.00734977
vn -0.00397768 -0.99994600 0.00960308
vn 0.00000000 -0.99994600 0.01039407
vn 0.00397764 -0.99994600 0.00960253
vn 0.00734967 -0.99994600 0.00734987
vn 0.00960274 -0.99994600 0.00397779
vn 0.01039471 -0.99994600 0.00000000
vn 0.00960242 -0.99994600 -0.00397775
vn 0.00734961 -0.99994600 -0.00734984
vn 0.00397764 -0.99994600 -0.00960263
vn 0.00000000 -0.06850896 -0.99765060
vn -0.38178730 -0.06850796 -0.92170770
vn -0.70543300 -0.06850608 -0.70545810
vn -0.92170790 -0.06850675 -0.38178720
vn -0.99765060 -0.06850815 0.00000000
vn -0.92170890 -0.06850608 0.38178490
vn -0.70543110 -0.06850681 0.70546000
vn -0.38178690 -0.06850857 0.92170770
vn 0.00000000 -0.06850909 0.99765040
vn 0.38178140 -0.06850946 0.92171010
vn 0.70544370 -0.06850942 0.70544710
vn 0.92170940 -0.06850656 0.38178360
vn 0.99765060 -0.06850787 0.00000000
vn 0.92170830 -0.06850691 -0.38178580
vn 0.70544550 -0.06850861 -0.70544530
vn 0.38178180 -0.06850927 -0.92171000
vn 0.00000000 -0.03537633 -0.99937410
vn -0.38244710 -0.03537597 -0.92329990
vn -0.70665180 -0.03537630 -0.70667650
vn -0.92329950 -0.03537808 -0.38244800
vn -0.99937410 -0.03537810 0.00000000
vn -0.92330090 -0.03537747 0.38244450
vn -0.70664940 -0.03537753 0.70667890
vn -0.38244640 -0.03537938 0.92330010
vn 0.00000000 -0.03538005 0.99937400
vn 0.38243990 -0.03537856 0.92330280
vn 0.70666180 -0.03537443 0.70666660
vn 0.92330130 -0.03537135 0.38244420
vn 0.99937420 -0.03537196 0.00000000
vn 0.92329990 -0.03537162 -0.38244770
vn 0.70666430 -0.03537271 -0.70666430
vn 0.38244070 -0.03537548 -0.92330270
vn 0.00000000 -0.99994600 -0.01039403
vn -0.00397759 -0.99994600 -0.00960261
vn -0.00734999 -0.99994600 -0.00735000
vn -0.00960289 -0.99994600 -0.00397763
vn -0.01039389 -0.99994600 0.00000000
vn -0.00960284 -0.99994600 0.00397747
vn -0.00734992 -0.99994600 0.00734999
vn -0.00397765 -0.99994600 0.00960273
vn 0.00000000 -0.99994600 0.01039410
vn 0.00397759 -0.99994600 0.00960293
vn 0.00734955 -0.99994600 0.00734977
vn 0.00960269 -0.99994600 0.00397766
vn 0.01039441 -0.99994600 0.00000000
vn 0.00960274 -0.99994600 -0.00397783
vn 0.00734964 -0.99994600 -0.00734980
vn 0.00397753 -0.99994600 -0.00960282
vn 0.00000000 -0.06850914 -0.99765040
vn -0.38178460 -0.06850870 -0.92170880
vn -0.70543310 -0.06850662 -0.70545800
vn -0.92170750 -0.06850584 -0.38178830
vn -0.99765060 -0.06850827 0.00000000
vn -0.92170900 -0.06850573 0.38178460
vn -0.70543300 -0.06850421 0.70545830
vn -0.38179110 -0.06850676 0.92170610
vn 0.00000000 -0.06850864 0.99765060
vn 0.38178550 -0.06850818 0.92170850
vn 0.70544550 -0.06850760 0.70544550
vn 0.92170950 -0.06850634 0.38178320
vn 0.99765060 -0.06850783 0.00000000
vn 0.92170800 -0.06850637 -0.38178690
vn 0.70544570 -0.06850924 -0.70544520
vn 0.38177890 -0.06850948 -0.92171110
vn 0.00000000 -0.03537746 -0.99937410
vn -0.38244440 -0.03537763 -0.92330100
vn -0.70665140 -0.03537760 -0.70667690
vn -0.92329950 -0.03537747 -0.38244800
vn -0.99937410 -0.03537742 0.00000000
vn -0.92330110 -0.03537681 0.38244420
vn -0.70665180 -0.03537501 0.70667670
vn -0.38245090 -0.03537624 0.92329830
vn 0.00000000 -0.03537754 0.99937410
vn 0.38244450 -0.03537582 0.92330100
vn 0.70666410 -0.03537224 0.70666450
vn 0.92330140 -0.03537101 0.38244400
vn 0.99937420 -0.03537161 0.00000000
vn 0.92329990 -0.03537134 -0.38244760
vn 0.70666370 -0.03537417 -0.70666470
vn 0.38243780 -0.03537681 -0.92330370
vn 0.00000000 -0.99994600 -0.01039387
vn -0.00397759 -0.99994600 -0.00960278
vn -0.00734999 -0.99994600 -0.00735008
vn -0.00960272 -0.99994600 -0.00397753
vn -0.01039393 -0.99994600 0.00000000
vn -0.00960303 -0.99994600 0.00397755
vn -0.00735002 -0.99994600 0.00735009
vn -0.00397760 -0.99994600 0.00960268
vn 0.00000000 -0.99994600 0.01039407
vn 0.00397753 -0.99994600 0.00960286
vn 0.00734962 -0.99994600 0.00734984
vn 0.00960278 -0.99994600 0.00397771
vn 0.01039435 -0.99994600 0.00000000
vn 0.00960252 -0.99994600 -0.00397771
vn 0.00734960 -0.99994600 -0.00734983
vn 0.00397752 -0.99994600 -0.00960295
vn 0.00000000 0.00000000 -1.00000000
vn 0.00000000 0.00000000 -1.00000000
vn -0.00001809 -0.00911596 0.99995850
vn -0.00001809 -0.00911596 0.99995850
vn -0.00339150 -0.99996860 -0.00715213
vn 0.00322587 -0.99996920 -0.00715382
vn 0.00321713 -0.99997270 0.00665326
vn -0.00339616 -0.99997250 0.00661118
vn 0.00000037 0.00000000 1.00000000
vn 0.00000296 0.00000000 1.00000000
vn 0.00000040 0.00000000 1.00000000
vn 0.00000047 0.00000000 1.00000000
vn 0.00000299 0.00000000 1.00000000
vn -0.00000049 0.00000000 1.00000000
vn -0.00000067 0.00000000 1.00000000
vn 0.00000049 0.00000000 1.00000000
vn 0.00000044 0.00000000 1.00000000
vn -0.00079965 -0.36084590 0.93262510
vn -0.00072197 -0.36074170 0.93266550
vn -0.03191260 -0.37183940 0.92774840
vn -0.00181585 -0.38351180 0.92353420
vn -0.00356748 -0.38284360 0.92380630
vn -0.00826000 -0.14869290 0.98884890
vn -0.00840199 -0.16026280 0.98703860
vn 0.00000104 0.00000000 1.00000000
vn 0.00000095 0.00000000 1.00000000
vn -0.03511138 0.00067959 0.99938320
vn -0.04905792 -0.00777137 0.99876570
vn -0.00000078 0.00000000 1.00000000
vn -0.00000261 0.00000000 1.00000000
vn 0.00003105 0.00158139 0.99999880
vn -0.00405125 -0.04969191 0.99875640
vn -0.00000023 0.00000000 1.00000000
vn -0.00000011 0.00000000 1.00000000
vn -0.00000020 0.00000000 1.00000000
vn -0.00000017 0.00000000 1.00000000
vn 0.00000000 0.00000000 -1.00000000
vn 0.00000000 0.00000000 -1.00000000
vn -0.00022238 0.00911733 0.99995840
vn -0.00022238 0.00911733 0.99995840
vn -0.00001774 0.94862280 -0.31640930
vn -0.00001774 0.94862280 -0.31640930
vn 0.31622730 0.94868330 -0.00057863
vn -0.32684110 0.94507930 -0.00017320
vn -0.00022239 0.00000000 1.00000000
vn 0.00000000 0.00000000 -1.00000000
vn 0.00000000 0.00000000 -1.00000000
vn -0.00022239 0.00000000 1.00000000
vn 0.00000000 0.00000000 -1.00000000
vn 0.00000000 0.00000000 -1.00000000
vn -0.00022238 -0.00911732 0.99995840
vn -0.00022238 -0.00911732 0.99995840
vn -0.00001761 -0.94862280 -0.31640930
vn -0.00001761 -0.94862280 -0.31640930
vn -0.00166182 -0.94506810 0.32686920
vn -0.00166182 -0.94506810 0.32686920
vn 0.00001056 0.70717380 0.70703980
vn 0.00000000 0.00326507 0.99999480
vn 0.00000000 -0.00326505 0.99999480
vn 0.00000000 -0.70705790 0.70715560
vn 0.00000000 -0.99999320 0.00367899
vn 0.00000000 -0.99999320 -0.00367899
vn 0.00000000 -0.70705790 -0.70715560
vn 0.00000000 -0.00326474 -0.99999480
vn 0.00000000 0.00326466 -0.99999480
vn 0.00000752 0.70717510 -0.70703860
vn 0.00001751 0.99999320 -0.00367911
vn 0.00001753 0.99999320 0.00367911
vn 0.00001751 0.99999320 -0.00367914
vn 0.00000752 0.70716910 -0.70704440
vn 0.00000000 0.00326466 -0.99999480
vn 0.00000000 -0.00326474 -0.99999480
vn 0.00000000 -0.70705790 -0.70715560
vn 0.00000000 -0.99999320 -0.00367899
vn 0.00000000 -0.99999320 0.00367899
vn 0.00000000 -0.70705790 0.70715560
vn 0.00000000 -0.00326505 0.99999480
vn 0.00000000 0.00326507 0.99999480
vn 0.00001056 0.70716940 0.70704420
vn 0.00001753 0.99999320 0.00367914
vn 0.00001056 0.70716620 0.70704730
vn 0.00000000 0.00327526 0.99999460
vn 0.00000000 -0.00327525 0.99999460
vn 0.00000000 -0.70704980 0.70716380
vn 0.00000000 -0.99999330 0.00366397
vn 0.00000000 -0.99999330 -0.00366397
vn 0.00000000 -0.70705810 -0.70715540
vn 0.00000000 -0.00327519 -0.99999460
vn 0.00000000 0.00327510 -0.99999460
vn 0.00000752 0.70717520 -0.70703830
vn 0.00001751 0.99999330 -0.00366406
vn 0.00001753 0.99999330 0.00366406
vn 0.00001751 0.99999330 -0.00366409
vn 0.00000752 0.70716930 -0.70704420
vn 0.00000000 0.00327510 -0.99999460
vn 0.00000000 -0.00327519 -0.99999460
vn 0.00000000 -0.70705810 -0.70715540
vn 0.00000000 -0.99999330 -0.00366397
vn 0.00000000 -0.99999330 0.00366397
vn 0.00000000 -0.70704980 0.70716380
vn 0.00000000 -0.00327525 0.99999460
vn 0.00000000 0.00327526 0.99999460
vn 0.00001056 0.70716190 0.70705160
vn 0.00001753 0.99999330 0.00366409
vn -0.00000544 0.92388120 0.38267910
vn 0.00000721 0.92387930 0.38268410
vn 0.00000000 0.00327390 0.99999460
vn 0.00000000 0.00327390 0.99999460
vn 0.00000000 -0.00327389 0.99999460
vn 0.00000000 -0.00327389 0.99999460
vn 0.00000000 -0.38263320 0.92390040
vn 0.00000000 -0.38263260 0.92390060
vn 0.00000000 -0.99999320 0.00367859
vn 0.00000000 -0.99999320 0.00367857
vn 0.00000000 -0.99999320 -0.00367859
vn 0.00000000 -0.99999320 -0.00367857
vn 0.00000000 -0.92387520 -0.38269390
vn 0.00000000 -0.92387570 -0.38269270
vn 0.00000000 -0.00327364 -0.99999460
vn 0.00000000 -0.00327364 -0.99999460
vn 0.00000000 0.00327365 -0.99999460
vn 0.00000000 0.00327365 -0.99999460
vn -0.00000139 0.38275040 -0.92385180
vn 0.00000189 0.38274940 -0.92385230
vn -0.00000592 0.99999320 -0.00367842
vn 0.00000788 0.99999320 -0.00367847
vn -0.00000592 0.99999320 0.00367842
vn 0.00000788 0.99999320 0.00367847
vn -0.00000654 0.92387990 0.38268260
vn 0.00000490 0.92387760 0.38268830
vn 0.00000000 0.00327432 0.99999460
vn 0.00000000 0.00327432 0.99999460
vn 0.00000000 -0.00327431 0.99999460
vn 0.00000000 -0.00327431 0.99999460
vn 0.00000000 -0.38257730 0.92392350
vn 0.00000000 -0.38257780 0.92392330
vn 0.00000000 -0.99999330 0.00367528
vn 0.00000000 -0.99999330 0.00367530
vn 0.00000000 -0.99999330 -0.00367528
vn 0.00000000 -0.99999330 -0.00367530
vn 0.00000000 -0.92388110 -0.38267970
vn 0.00000000 -0.92388080 -0.38268050
vn 0.00000000 -0.00327456 -0.99999460
vn 0.00000000 -0.00327456 -0.99999460
vn 0.00000000 0.00327457 -0.99999460
vn 0.00000000 0.00327458 -0.99999460
vn -0.00000167 0.38275050 -0.92385170
vn 0.00000129 0.38275240 -0.92385100
vn -0.00000712 0.99999330 -0.00367531
vn 0.00000536 0.99999330 -0.00367537
vn -0.00000712 0.99999330 0.00367531
vn 0.00000536 0.99999330 0.00367537
vn -0.01795113 0.35751660 -0.93373430
vn -0.56856170 0.59447870 -0.56862350
vn -0.93574610 0.35266040 -0.00315623
vn -0.99999610 -0.00000097 -0.00281848
vn -0.70711520 0.00000000 -0.70709840
vn -0.01626974 0.00000000 -0.99986770
vn 0.01756211 0.35984160 0.93284820
vn 0.57539420 0.58566820 0.57088890
vn 0.93845810 0.34538320 0.00258717
vn 0.99999670 -0.00000293 0.00258538
vn 0.70351270 -0.00002993 0.71068270
vn 0.01590092 -0.00000085 0.99987350
vn -0.02560555 0.99967210 -0.00043355
vn -0.00034117 0.99998970 -0.00452679
vn -0.00055827 0.99999960 -0.00066654
vn 0.01793536 0.35754670 -0.93372290
vn 0.56851840 0.59427990 -0.56887450
vn 0.93825280 0.34593190 -0.00357016
vn 0.02412416 0.99970880 -0.00046483
vn -0.00005430 0.99999980 -0.00066703
vn -0.00026496 0.99998970 -0.00452632
vn -0.00028590 0.99999250 0.00387400
vn -0.00005639 1.00000000 -0.00015935
vn 0.02409583 0.99970950 -0.00039251
vn -0.01861394 0.36093070 0.93240680
vn -0.57058920 0.59163840 0.56955410
vn -0.93614930 0.35158930 0.00308401
vn -0.00036498 0.99999250 0.00385892
vn -0.02560390 0.99967210 -0.00036005
vn -0.00057931 0.99999990 -0.00014715
vn -0.01626175 0.00000000 0.99986780
vn -0.70704230 0.00000000 0.70717120
vn -0.99999610 -0.00000097 0.00282057
vn 0.01626452 0.00000000 -0.99986770
vn 0.70701580 0.00000000 -0.70719780
vn 0.99999510 -0.00000244 -0.00312157
vn -0.01795123 -0.35751580 -0.93373460
vn -0.56856270 -0.59447810 -0.56862290
vn -0.93574540 -0.35266230 -0.00315624
vn 0.01756174 -0.35984530 0.93284670
vn 0.57539370 -0.58567160 0.57088620
vn 0.93845560 -0.34539010 0.00258695
vn -0.02560562 -0.99967210 -0.00043349
vn -0.00055827 -0.99999960 -0.00066646
vn -0.00034117 -0.99998970 -0.00452679
vn 0.93825210 -0.34593400 -0.00357018
vn 0.56851990 -0.59428080 -0.56887210
vn 0.01793566 -0.35754670 -0.93372290
vn 0.02412415 -0.99970880 -0.00046477
vn -0.00026497 -0.99998970 -0.00452631
vn -0.00005429 -0.99999980 -0.00066696
vn -0.00028590 -0.99999250 0.00387393
vn 0.02409499 -0.99970950 -0.00039244
vn -0.00005637 -1.00000000 -0.00015925
vn -0.93614860 -0.35159100 0.00308402
vn -0.57058920 -0.59163840 0.56955420
vn -0.01861406 -0.36093050 0.93240700
vn -0.00036498 -0.99999250 0.00385897
vn -0.00057931 -0.99999990 -0.00014708
vn -0.02560398 -0.99967210 -0.00035998
vn 0.00000000 1.00000000 0.00000000
vn 0.00000000 1.00000000 0.00000000
vn 0.00000000 1.00000000 0.00000000
vn 0.00000000 1.00000000 0.00000000
vn 0.82733730 0.34271680 0.44503720
vn 0.82733730 0.34271680 0.44503720
vn 0.91276800 -0.37814250 0.15447600
vn 0.91276800 -0.37814250 0.15447600
vn -0.82733090 -0.34270420 0.44505870
vn -0.82733100 -0.34270420 0.44505860
vn -0.91279560 0.37807520 0.15447770
vn -0.91279560 0.37807520 0.15447770
vn -0.00000106 0.00000000 1.00000000
vn 0.00000011 0.00000000 1.00000000
vn 0.00000053 0.00000000 1.00000000
vn 0.00000000 0.00000000 1.00000000
vn -0.00001512 0.00000000 1.00000000
vn -0.00001374 0.00000000 1.00000000
vn 0.00001728 0.00000000 1.00000000
vn 0.00001447 0.00000000 1.00000000
vn -0.00818339 0.93358880 0.35825270
vn -0.00518612 -0.99282950 0.11942670
vn 0.00818310 -0.93359300 0.35824160
vn 0.00518618 0.99282850 0.11943420
vn 0.93186870 -0.02044988 0.36221860
vn -0.99267080 -0.01211932 0.12024070
vn -0.93185800 0.02044875 0.36224660
vn 0.99267150 0.01212119 0.12023540
vn 0.00000537 0.00000000 1.00000000
vn -0.34271360 0.82731240 0.44508590
vn -0.34271360 0.82731240 0.44508590
vn -0.91278990 -0.37808970 0.15447580
vn -0.37809790 -0.91278540 0.15448210
vn -0.37809790 -0.91278550 0.15448210
vn -0.00001611 0.00000000 1.00000000
vn -0.00001611 0.00000000 1.00000000
vn 0.82734550 -0.34268790 0.44504420
vn 0.34270890 -0.82732780 0.44506080
vn 0.34270890 -0.82732780 0.44506080
vn 0.00000000 0.00000000 1.00000000
vn 0.91277340 0.37812870 0.15447810
vn 0.37810910 0.91278140 0.15447890
vn 0.37810910 0.91278140 0.15447890
vn 0.00000537 0.00000000 1.00000000
vn 0.00000537 0.00000000 1.00000000
vn -0.10876990 0.96973470 -0.21859450
vn 0.10489080 0.97011760 -0.21879160
vn 0.99997870 -0.00652849 -0.00032099
vn 1.00000000 0.00000076 -0.00032099
vn 1.00000000 0.00000077 -0.00032099
vn 0.99997870 -0.00652849 -0.00032098
vn -1.00000000 0.00000000 0.00000000
vn -1.00000000 0.00000000 0.00000000
vn -1.00000000 0.00000000 0.00000000
vn -1.00000000 0.00000000 0.00000000
vn -0.10776830 0.96790930 0.22701900
vn 0.10566820 0.96859240 0.22508450
vn -0.38243810 -0.03537609 -0.92330350
vn -0.38177810 -0.06850918 -0.92171140
vn -0.38243750 -0.03537950 0.92330380
vn -0.38177770 -0.06850967 0.92171150
vn 0.38245030 -0.03537956 0.92329850
vn 0.38179060 -0.06850977 0.92170630
vn 0.38245100 -0.03537664 -0.92329830
vn 0.38179090 -0.06850980 -0.92170610
vn 0.00000000 1.00000000 0.00000000
vn 0.00000000 1.00000000 0.00000000
vn 0.00000000 1.00000000 0.00000000
vn 0.00000000 1.00000000 0.00000000
vn 0.00000000 1.00000000 0.00000000
vn 0.00000000 1.00000000 0.00000000
vn 0.00000000 1.00000000 0.00000000
vn 0.00000000 1.00000000 0.00000000
vn 0.00000000 1.00000000 0.00000000
vn 0.00000000 1.00000000 0.00000000
vn 0.00000000 1.00000000 0.00000000
vn 0.00000000 1.00000000 0.00000000
vn 0.00000000 1.00000000 0.00000000
vn 0.00000000 1.00000000 0.00000000
vn 0.00000000 1.00000000 0.00000000
vn 0.00000000 1.00000000 0.00000000
vn -0.99765070 -0.06850631 0.00000000
vn -0.92171080 -0.06850860 -0.38177970
vn -0.70543460 -0.06850952 -0.70545620
vn -0.38177810 -0.06850918 -0.92171140
vn 0.00000000 -0.06850887 -0.99765060
vn 0.38179090 -0.06850980 -0.92170610
vn 0.70543560 -0.06851114 -0.70545490
vn 0.92170600 -0.06851245 -0.38179050
vn 0.99765020 -0.06851343 0.00000000
vn 0.92170700 -0.06851245 0.38178830
vn 0.70543380 -0.06851187 0.70545670
vn 0.38179060 -0.06850977 0.92170630
vn 0.00000000 -0.06850883 0.99765060
vn -0.38177770 -0.06850967 0.92171150
vn -0.70543280 -0.06851046 0.70545790
vn -0.92171180 -0.06850836 0.38177740
vn -0.38243540 -0.03537792 -0.92330480
vn -0.38177540 -0.06850992 -0.92171250
vn -0.38244200 -0.03537660 0.92330210
vn -0.38178200 -0.06850825 0.92170990
vn 0.38245480 -0.03537690 0.92329670
vn 0.38179480 -0.06850839 0.92170460
vn 0.38244820 -0.03537789 -0.92329940
vn 0.38178810 -0.06850985 -0.92170730
vn 0.00000000 1.00000000 0.00000000
vn 0.00000000 1.00000000 0.00000000
vn 0.00000000 1.00000000 0.00000000
vn 0.00000000 1.00000000 0.00000000
vn 0.00000000 1.00000000 0.00000000
vn 0.00000000 1.00000000 0.00000000
vn 0.00000000 1.00000000 0.00000000
vn 0.00000000 1.00000000 0.00000000
vn 0.00000000 1.00000000 0.00000000
vn 0.00000000 1.00000000 0.00000000
vn 0.00000000 1.00000000 0.00000000
vn 0.00000000 1.00000000 0.00000000
vn 0.00000000 1.00000000 0.00000000
vn 0.00000000 1.00000000 0.00000000
vn 0.00000000 1.00000000 0.00000000
vn 0.00000000 1.00000000 0.00000000
vn -0.99765070 -0.06850621 0.00000000
vn -0.92171050 -0.06850770 -0.38178070
vn -0.70543470 -0.06850962 -0.70545600
vn -0.38177540 -0.06850992 -0.92171250
vn 0.00000000 -0.06850931 -0.99765040
vn 0.38178810 -0.06850985 -0.92170730
vn 0.70543580 -0.06851140 -0.70545480
vn 0.92170570 -0.06851212 -0.38179170
vn 0.99765020 -0.06851403 0.00000000
vn 0.92170700 -0.06851249 0.38178800
vn 0.70543560 -0.06850974 0.70545520
vn 0.38179480 -0.06850839 0.92170460
vn 0.00000000 -0.06850855 0.99765060
vn -0.38178200 -0.06850825 0.92170990
vn -0.70543460 -0.06850786 0.70545640
vn -0.92171200 -0.06850715 0.38177700
vn -0.38244710 -0.03537597 -0.92329990
vn -0.38178730 -0.06850796 -0.92170770
vn -0.38244640 -0.03537938 0.92330010
vn -0.38178690 -0.06850857 0.92170770
vn 0.38243990 -0.03537856 0.92330280
vn 0.38178140 -0.06850946 0.92171010
vn 0.38244070 -0.03537548 -0.92330270
vn 0.38178180 -0.06850927 -0.92171000
vn 0.00000000 1.00000000 0.00000000
vn 0.00000000 1.00000000 0.00000000
vn 0.00000000 1.00000000 0.00000000
vn 0.00000000 1.00000000 0.00000000
vn 0.00000000 1.00000000 0.00000000
vn 0.00000000 1.00000000 0.00000000
vn 0.00000000 1.00000000 0.00000000
vn 0.00000000 1.00000000 0.00000000
vn 0.00000000 1.00000000 0.00000000
vn 0.00000000 1.00000000 0.00000000
vn 0.00000000 1.00000000 0.00000000
vn 0.00000000 1.00000000 0.00000000
vn 0.00000000 1.00000000 0.00000000
vn 0.00000000 1.00000000 0.00000000
vn 0.00000000 1.00000000 0.00000000
vn 0.00000000 1.00000000 0.00000000
vn -0.99765060 -0.06850815 0.00000000
vn -0.92170790 -0.06850675 -0.38178720
vn -0.70543300 -0.06850608 -0.70545810
vn -0.38178730 -0.06850796 -0.92170770
vn 0.00000000 -0.06850896 -0.99765060
vn 0.38178180 -0.06850927 -0.92171000
vn 0.70544550 -0.06850861 -0.70544530
vn 0.92170830 -0.06850691 -0.38178580
vn 0.99765060 -0.06850787 0.00000000
vn 0.92170940 -0.06850656 0.38178360
vn 0.70544370 -0.06850942 0.70544710
vn 0.38178140 -0.06850946 0.92171010
vn 0.00000000 -0.06850909 0.99765040
vn -0.38178690 -0.06850857 0.92170770
vn -0.70543110 -0.06850681 0.70546000
vn -0.92170890 -0.06850608 0.38178490
vn -0.38244440 -0.03537763 -0.92330100
vn -0.38178460 -0.06850870 -0.92170880
vn -0.38245090 -0.03537624 0.92329830
vn -0.38179110 -0.06850676 0.92170610
vn 0.38244450 -0.03537582 0.92330100
vn 0.38178550 -0.06850818 0.92170850
vn 0.38243780 -0.03537681 -0.92330370
vn 0.38177890 -0.06850948 -0.92171110
vn 0.00000000 1.00000000 0.00000000
vn 0.00000000 1.00000000 0.00000000
vn 0.00000000 1.00000000 0.00000000
vn 0.00000000 1.00000000 0.00000000
vn 0.00000000 1.00000000 0.00000000
vn 0.00000000 1.00000000 0.00000000
vn 0.00000000 1.00000000 0.00000000
vn 0.00000000 1.00000000 0.00000000
vn 0.00000000 1.00000000 0.00000000
vn 0.00000000 1.00000000 0.00000000
vn 0.00000000 1.00000000 0.00000000
vn 0.00000000 1.00000000 0.00000000
vn 0.00000000 1.00000000 0.00000000
vn 0.00000000 1.00000000 0.00000000
vn 0.00000000 1.00000000 0.00000000
vn 0.00000000 1.00000000 0.00000000
vn -0.99765060 -0.06850827 0.00000000
vn -0.92170750 -0.06850584 -0.38178830
vn -0.70543310 -0.06850662 -0.70545800
vn -0.38178460 -0.06850870 -0.92170880
vn 0.00000000 -0.06850914 -0.99765040
vn 0.38177890 -0.06850948 -0.92171110
vn 0.70544570 -0.06850924 -0.70544520
vn 0.92170800 -0.06850637 -0.38178690
vn 0.99765060 -0.06850783 0.00000000
vn 0.92170950 -0.06850634 0.38178320
vn 0.70544550 -0.06850760 0.70544550
vn 0.38178550 -0.06850818 0.92170850
vn 0.00000000 -0.06850864 0.99765060
vn -0.38179110 -0.06850676 0.92170610
vn -0.70543300 -0.06850421 0.70545830
vn -0.92170900 -0.06850573 0.38178460
vn 0.10489090 -0.97011740 -0.21879260
vn -0.10877000 -0.96973450 -0.21859590
vn -0.10776830 -0.96790910 0.22701960
vn 0.10566830 -0.96859230 0.22508480
vn 0.99997870 0.00652996 -0.00032098
vn 0.99997870 0.00652996 -0.00032098
vn -1.00000000 0.00000000 0.00000000
vn -1.00000000 0.00000000 0.00000000
vn -0.00000146 0.00000000 1.00000000
vn -0.00000503 0.00000000 1.00000000
vn 0.00000072 0.00000000 1.00000000
vn 0.00000285 0.00000000 1.00000000
vn -0.00000133 0.00000000 1.00000000
vn 0.00000000 0.00000000 1.00000000
vn -0.08506115 -0.02961477 0.99593540
vn -0.00000079 0.00000000 1.00000000
vn -0.00000203 0.00000000 1.00000000
vn 0.00002812 0.00143242 0.99999900
vn -0.00460246 -0.05676349 0.99837710
vn 0.00000017 0.00000000 1.00000000
vn 0.00000000 0.00000000 1.00000000
vn -0.00000034 0.00000000 1.00000000
vn 0.00000020 0.00000000 1.00000000
vn -0.00004453 -0.36421670 0.93131420
vn -0.00004453 -0.36421580 0.93131460
vn -0.00014086 -0.37076240 0.92872770
vn -0.00014065 -0.37075230 0.92873170
vn 0.00000885 0.00995667 0.99995040
vn 0.00000885 0.00995716 0.99995040
vn 0.00001029 0.00489246 0.99998810
vn 0.00001029 0.00489237 0.99998810
vn -0.00001774 0.94862280 -0.31640930
vn -0.00001774 0.94862280 -0.31640930
vn 0.99997880 -0.00651746 -0.00034018
vn 0.99997880 -0.00651746 -0.00034018
vn 0.99997880 -0.00651746 -0.00034018
vn 0.99997880 -0.00651746 -0.00034018
vn -1.00000000 0.00000000 0.00000000
vn -1.00000000 0.00000000 0.00000000
vn -1.00000000 0.00000000 0.00000000
vn -1.00000000 0.00000000 0.00000000
vn -0.32684110 0.94507930 -0.00017320
vn -0.32684110 0.94507930 -0.00017320
vn -0.32684100 0.94507930 -0.00017320
vn 0.31622730 0.94868330 -0.00057863
vn 0.31622730 0.94868330 -0.00057863
vn 0.31622730 0.94868330 -0.00057863
vn -0.00031871 0.99999990 -0.00041524
vn -0.00031871 0.99999990 -0.00041524
vn -0.00031871 0.99999990 -0.00041524
vn -0.00031871 0.99999990 -0.00041524
vn -0.00166182 0.94506840 0.32686840
vn -0.00166182 0.94506840 0.32686840
vn -0.00166182 0.94506840 0.32686840
vn -0.00166182 0.94506840 0.32686840
vn -0.00001761 -0.94862280 -0.31640930
vn -0.00001761 -0.94862280 -0.31640930
vn -0.00166182 -0.94506810 0.32686920
vn -0.00166182 -0.94506810 0.32686920
vn 0.99997880 0.00651749 -0.00034018
vn 0.99997880 0.00651749 -0.00034018
vn -1.00000000 0.00000000 0.00000000
vn -1.00000000 0.00000000 0.00000000
vn -0.32684160 -0.94507910 -0.00017320
vn -0.32684160 -0.94507910 -0.00017320
vn -0.32684160 -0.94507910 -0.00017320
vn -0.32684160 -0.94507910 -0.00017320
vn 0.31622810 -0.94868300 -0.00057863
vn 0.31622810 -0.94868300 -0.00057863
vn 0.31622810 -0.94868300 -0.00057863
vn 0.31622810 -0.94868300 -0.00057863
vn -0.00031871 -0.99999990 -0.00041524
vn -0.00031871 -0.99999990 -0.00041524
vn -0.00031871 -0.99999990 -0.00041524
vn -0.00031871 -0.99999990 -0.00041524
vn 0.00000000 -0.70705790 0.70715560
vn 0.00000000 -0.70705790 0.70715560
vn 0.00000000 -0.70705790 -0.70715560
vn 0.00000000 -0.70705790 -0.70715560
vn 0.00000752 0.70717510 -0.70703860
vn 0.00000752 0.70716910 -0.70704440
vn 0.00001056 0.70717380 0.70703980
vn 0.00001056 0.70716940 0.70704420
vn 0.00000000 -0.70704980 0.70716380
vn 0.00000000 -0.70704980 0.70716380
vn 0.00000000 -0.70705810 -0.70715540
vn 0.00000000 -0.70705810 -0.70715540
vn 0.00000752 0.70717520 -0.70703830
vn 0.00000752 0.70716930 -0.70704420
vn 0.00001056 0.70716620 0.70704730
vn 0.00001056 0.70716190 0.70705160
vn 0.00000142 0.38277440 0.92384190
vn -0.00000106 0.38277550 0.92384140
vn 0.00000000 -0.92387570 0.38269270
vn 0.00000000 -0.92387520 0.38269390
vn 0.00000000 -0.38260750 -0.92391100
vn 0.00000000 -0.38260810 -0.92391070
vn 0.00000733 0.92387930 -0.38268410
vn -0.00000543 0.92388120 -0.38267910
vn 0.00000096 0.38272690 0.92386150
vn -0.00000128 0.38272570 0.92386200
vn 0.00000000 -0.92388080 0.38268050
vn 0.00000000 -0.92388110 0.38267970
vn 0.00000000 -0.38260280 -0.92391290
vn 0.00000000 -0.38260220 -0.92391320
vn 0.00000498 0.92387770 -0.38268780
vn -0.00000654 0.92387990 -0.38268260
vn -0.56856170 0.59447870 -0.56862350
vn -0.70711520 0.00000000 -0.70709840
vn 0.57539420 0.58566820 0.57088890
vn 0.70351270 -0.00002993 0.71068270
vn 0.01793536 0.35754670 -0.93372290
vn -0.01861394 0.36093070 0.93240680
vn -0.01795113 0.35751660 -0.93373430
vn 0.93825280 0.34593190 -0.00357016
vn -0.93614930 0.35158930 0.00308401
vn -0.93574610 0.35266040 -0.00315623
vn 0.93845810 0.34538320 0.00258717
vn 0.01756211 0.35984160 0.93284820
vn 0.01793566 -0.35754670 -0.93372290
vn -0.01795123 -0.35751580 -0.93373460
vn 0.01756174 -0.35984530 0.93284670
vn -0.01861406 -0.36093050 0.93240700
vn 0.93845560 -0.34539010 0.00258695
vn 0.93825210 -0.34593400 -0.00357018
vn -0.93574540 -0.35266230 -0.00315624
vn -0.93614860 -0.35159100 0.00308402
vn -0.56856170 0.59447870 -0.56862350
vn 0.57539420 0.58566820 0.57088890
vn 0.56851840 0.59427990 -0.56887450
vn 0.56851840 0.59427990 -0.56887450
vn 0.70701580 0.00000000 -0.70719780
vn -0.57058920 0.59163840 0.56955410
vn -0.57058920 0.59163840 0.56955410
vn -0.70704230 0.00000000 0.70717120
vn -0.56856270 -0.59447810 -0.56862290
vn -0.56856270 -0.59447810 -0.56862290
vn 0.57539370 -0.58567160 0.57088620
vn 0.57539370 -0.58567160 0.57088620
vn 0.56851990 -0.59428080 -0.56887210
vn 0.56851990 -0.59428080 -0.56887210
vn -0.57058920 -0.59163840 0.56955420
vn -0.57058920 -0.59163840 0.56955420
vn 0.00000000 1.00000000 0.00000000
vn 0.00000000 1.00000000 0.00000000
vn 0.00000000 1.00000000 0.00000000
vn 0.00000000 1.00000000 0.00000000
vn -0.04696477 -0.07329646 0.99620370
vn -0.00365898 -0.70715560 0.70704850
vn 0.00000596 -0.08846652 0.99607910
vn -0.00542235 0.00846385 -0.99994950
vn -0.00355789 0.70712120 -0.70708330
vn 0.00002079 0.00853148 -0.99996360
vn -0.04937167 0.07705740 0.99580350
vn 0.00000000 0.00000000 1.00000000
vn 0.00000000 0.00000000 1.00000000
vn -0.00527147 0.99994550 -0.00900689
vn 0.00171768 0.70737720 -0.70683410
vn -0.70711170 0.00571261 0.70707880
vn -0.99992410 0.00843597 0.00898449
vn -0.70710100 -0.00571131 0.70708940
vn -0.70702810 0.70715920 0.00608317
vn -0.99992410 0.00843562 -0.00898423
vn 0.00421320 0.77525870 0.63162970
vn -0.00421332 0.77525650 0.63163240
vn -0.00527114 0.99994550 0.00900630
vn -0.70704380 0.70714360 -0.00608345
vn 0.67203040 -0.00665849 0.74049350
vn -0.00534656 -0.99994640 0.00887852
vn 0.00123916 -0.99995240 -0.00967480
vn 0.00118963 -0.99996390 0.00841579
vn 0.67203470 0.00665943 0.74048970
vn 0.00166067 -0.70709790 -0.70711360
vn 0.00002016 -0.00852686 -0.99996360
vn 0.02076622 -0.70457710 -0.70932360
vn 0.02512655 -0.99961770 -0.01153931
vn 0.01923116 -0.00828740 -0.99978070
vn 0.43486040 -0.49928640 0.74940620
vn 0.00411604 -0.77521460 0.63168470
vn -0.57733850 0.57736620 0.57734610
vn 0.58269080 -0.57192270 -0.57738710
vn 0.00005512 -0.70738840 0.70682510
vn -0.00355866 0.70713170 0.70707280
vn 0.70962240 -0.70451830 -0.00949229
vn 0.70542060 -0.00572436 -0.70876590
vn 0.99992420 -0.00844425 -0.00896848
vn 0.00242804 0.99995630 -0.00904296
vn -0.28677900 0.34777570 0.89264210
vn 0.02489522 -0.99967030 0.00628002
vn 0.01394075 0.99936480 0.03279753
vn -0.01426222 0.99933510 0.03355447
vn 0.70572230 0.00572470 -0.70846550
vn 0.70903450 -0.70516870 0.00264676
vn 0.99992420 0.00845787 -0.00895643
vn -0.00431026 -0.77521740 0.63168000
vn -0.28677340 -0.34779090 0.89263800
vn 0.00242816 0.99995630 0.00903483
vn 0.00171898 0.70781960 0.70639100
vn -0.63703880 0.77066650 0.01596002
vn -0.43490850 0.49926160 0.74939480
vn -0.67202590 0.00665866 0.74049780
vn -0.99982370 0.01218896 0.01428347
vn 0.01926740 0.00830034 -0.99977990
vn 0.99992300 -0.00852717 0.00902218
vn 0.01356281 -0.70817920 0.70590250
vn 0.02779814 -0.01198095 0.99954180
vn 0.02087840 0.70571660 -0.70818660
vn 0.03047185 0.99949590 -0.00891620
vn -0.00534076 -0.99991050 0.01226938
vn -0.67202750 -0.00665816 0.74049630
vn 0.57620320 -0.57969000 0.57615040
vn 0.70617150 -0.00580015 0.70801710
vn 0.57806890 0.57600550 -0.57797410
vn 0.71116290 0.70300150 -0.00602265
vn 0.00022661 0.09338754 0.99562980
vn 0.02833710 0.01214493 0.99952460
vn 0.70509690 0.00568696 0.70908810
vn 0.99992320 0.00847231 0.00904270
vn 0.71050470 0.70366600 0.00610827
vn -0.43493620 -0.49923350 0.74939730
vn 0.03042751 0.99949720 0.00892152
vn 0.02101688 0.70567790 0.70822100
vn 0.58159400 0.57422290 0.57620870
vn -0.99992410 -0.00843599 0.00898465
vn 0.63704080 0.77066480 0.01595954
vn 0.43489830 0.49926970 0.74939530
vn -0.00542227 -0.00846305 -0.99994950
vn -0.00356143 -0.70707000 -0.70713450
vn -0.57728120 0.57742130 -0.57734820
vn -0.70711740 0.00571234 -0.70707300
vn -0.57734970 -0.57735660 0.57734440
vn -0.70706170 -0.70712570 0.00607274
vn -0.00534355 -0.99994400 -0.00913530
vn -0.99992410 -0.00843577 -0.00898439
vn -0.70711190 -0.00571328 -0.70707860
vn -0.70706360 -0.70712370 -0.00609351
vn -0.57732020 -0.57740380 -0.57732670
vn 0.05884268 0.00736088 -0.99824010
vn -0.00058802 -0.01701139 -0.99985520
vn 0.12227590 -0.00788650 0.99246480
vn 0.01374929 0.09253175 0.99561480
vn 0.03508006 0.73068370 0.68181440
vn 0.03479711 0.99714370 0.06703483
vn 0.71367120 0.69447920 0.09149815
vn 0.99940030 0.00885998 0.03347537
vn 0.87458800 0.00328421 0.48485560
vn 0.23630550 0.00097745 0.97167840
vn 0.49046230 0.61051790 -0.62186380
vn 0.99787900 0.00753818 -0.06465774
vn 0.03193529 0.99811740 -0.05236173
vn 0.68970610 -0.00584356 -0.72406590
vn 0.99555590 -0.00638419 -0.09395607
vn 0.02863608 -0.99539560 -0.09147485
vn 0.04136776 -0.03364258 0.99857750
vn 0.25111820 -0.00173475 0.96795490
vn 0.84325690 -0.00534203 0.53748420
vn 0.99899330 -0.00833258 0.04407759
vn 0.71033280 -0.69882870 0.08405797
vn 0.03882104 -0.99891010 0.02591201
vn 0.08696727 -0.68750190 0.72095630
vn 0.00884827 -0.04108987 0.99911620
vn 0.00791739 -0.01387484 0.99987240
vn 0.03024551 -0.00749513 0.99951430
vn 0.02358016 -0.00014812 0.99972190
vn -0.02512739 0.80856480 0.58787020
vn 0.02387703 -0.00052740 0.99971470
vn 0.00248576 -0.01044961 0.99994230
vn 0.00689479 -0.00734805 0.99994920
vn 0.56994040 0.31679870 0.75816000
vn 0.49875100 -0.41056510 0.76333730
vn -0.54227480 0.57120480 0.61616820
vn -0.05362032 -0.78960070 0.61127380
vn 0.00011933 0.43215270 0.90180050
vn 0.00017378 -0.69944380 -0.71468750
vn 0.00000465 -0.00763264 -0.99997090
vn 0.00000000 -0.99792870 -0.06432840
vn -1.00000000 -0.00007574 0.00000519
vn -0.00007184 -0.99782720 0.06588341
vn -1.00000000 0.00000135 -0.00000543
vn -0.01005753 0.79979810 0.60018490
vn -1.00000000 -0.00000663 0.00001162
vn -1.00000000 0.00000132 -0.00001050
vn -0.05362032 -0.78960060 0.61127380
vn 0.00027981 0.71564320 0.69846590
vn 0.00007941 0.99772090 0.06747546
vn 0.00001428 0.99791710 -0.06450995
vn 0.00019657 0.69956550 -0.71456840
vn 0.00000507 0.00763254 -0.99997090
vn -0.01005753 0.79979810 0.60018480
vn 0.70762990 0.70452090 -0.05394613
vn 0.71005310 -0.70414660 -0.00150419
vn -0.00024232 -0.86110280 0.50843080
vn -1.00000000 0.00000839 0.00002809
vn -0.07176215 -0.94844130 0.30872170
vn 0.00774100 -0.02796100 0.99957900
vn 0.95032610 -0.02115904 0.31053570
vn 0.00098585 -0.07343473 0.99729960
vn 0.00046949 -0.03347107 0.99943950
vn 0.06980012 0.94854250 0.30886120
vn 0.00002903 0.99770530 0.06770705
vn 0.00000368 0.99791750 -0.06450288
vn 0.00007191 0.69945230 -0.71467940
vn 0.00000244 0.00761434 -0.99997100
vn 0.00000237 -0.00761430 -0.99997100
vn 0.00006710 -0.69931610 -0.71481250
vn 0.00000000 -0.99792970 -0.06431489
vn 0.00000457 -0.99779900 0.06631004
vn 0.00071272 -0.86891190 0.49496610
vn -0.00390067 0.80048170 0.59934440
vn -0.00388277 0.80048370 0.59934200
vn -0.11527870 -0.78529860 0.60829010
vn -0.11241260 -0.78556610 0.60848100
vn -0.00105851 0.08191203 0.99663900
vn 0.00013670 0.71510710 0.69901490
vn -0.92623380 -0.00261446 0.37694050
vn -0.88465950 -0.33762120 0.32154240
vn 0.52431140 0.78934580 0.31942260
vn 0.80118600 0.50948270 0.31389220
vn 0.52344080 0.78993500 0.31939380
vn 0.79367590 0.52070940 0.31454770
vn -0.79681560 -0.51587910 0.31456890
vn -0.49989140 -0.80490230 0.31975140
vn 0.91584720 0.25910340 0.30673990
vn 0.94906150 0.05255495 0.31067740
vn 0.91671840 0.25590420 0.30682320
vn 0.94914440 0.05088588 0.31070170
vn -0.94785320 -0.08617473 0.30683570
vn -0.91331710 -0.26827030 0.30640350
vn -0.19222990 -0.76902430 0.60963040
vn -0.15221240 -0.77894530 0.60833840
vn -0.19950160 -0.76709680 0.60972270
vn -0.15317360 -0.77869820 0.60841360
vn -0.00122059 0.06665728 0.99777510
vn -0.00128482 0.07182151 0.99741660
vn 0.00013743 0.71417000 0.69997230
vn 0.00015477 0.71333620 0.70082200
vn 0.00001837 0.99766080 0.06836000
vn 0.00001660 0.99768910 0.06794516
vn 0.00008500 0.99795250 -0.06396041
vn 0.00016802 0.99791690 -0.06451172
vn 0.00101054 0.92150950 -0.38835460
vn 0.00052581 0.91883930 -0.39463150
vn -0.00050013 0.00802230 -0.99996770
vn -0.00075247 0.00843994 -0.99996410
vn -0.00062213 -0.01064971 -0.99994310
vn -0.00044805 -0.00836047 -0.99996500
vn 0.00479881 -0.39722210 -0.91770990
vn 0.00652529 -0.47389640 -0.88055640
vn 0.00051171 -0.99778530 -0.06651340
vn 0.00034439 -0.99791820 -0.06449170
vn -0.00001130 -0.99778590 0.06650782
vn -0.00003115 -0.99827620 0.05869186
vn 0.00527102 -0.00420921 0.99997720
vn 0.00000000 0.00000000 1.00000000
vn -0.00312017 0.80285540 0.59616570
vn -0.00372535 0.80595080 0.59197090
vn -0.00021460 -0.91468370 0.40417050
vn -0.00006842 -0.91561990 0.40204520
vn 0.00525563 -0.00419692 0.99997750
vn 0.00000000 0.00000000 1.00000000
vn 0.00045751 -0.98746360 0.15784600
vn 0.00032204 -0.98806430 0.15404190
vn 0.00046868 -0.04405664 0.99902890
vn -0.00527441 -0.04463192 0.99898950
vn 0.00045732 -0.98746430 0.15784140
vn 0.00032197 -0.98806420 0.15404200
vn -0.00022564 0.84974130 0.52719990
vn -0.00071967 0.84987470 0.52698430
vn 0.00039591 0.95250850 0.30451160
vn 0.00037156 0.95273630 0.30379810
vn 0.00031730 -0.95277480 0.30367730
vn 0.00017249 -0.95328650 0.30206790
vn 0.70629280 0.00714201 -0.70788380
vn 0.03695172 0.41979100 -0.90686830
vn -0.38242280 0.92398460 -0.00227410
vn -0.07011144 0.99753320 -0.00345193
vn -0.04545129 0.92501660 -0.37719830
vn -0.07012115 0.00307549 -0.99753370
vn -0.92397240 0.00202603 -0.38245390
vn -0.99998800 0.00326458 -0.00366530
vn -0.92397220 -0.00202631 -0.38245430
vn -0.07012108 -0.00307549 -0.99753380
vn -0.04544679 -0.37713720 -0.92504170
vn -0.07010099 -0.99753390 -0.00345217
vn -0.92401500 -0.38234930 -0.00227447
vn -0.99998800 -0.00326457 -0.00366530
vn -0.92397280 -0.00202630 0.38245250
vn -0.99998800 -0.00326457 0.00366529
vn -0.92401500 -0.38234930 0.00227447
vn -0.07010099 -0.99753390 0.00345217
vn -0.04544481 -0.37711360 0.92505150
vn -0.07011545 -0.00307528 0.99753420
vn -0.92397300 0.00202618 0.38245210
vn -0.07011129 0.00307534 0.99753440
vn -0.04545860 0.37725390 0.92499350
vn -0.07011145 0.99753320 0.00345193
vn -0.38242290 0.92398460 0.00227407
vn -0.99998800 0.00326457 0.00366530
vn -0.88791570 0.32531830 -0.32522880
vn -0.88790890 -0.32524610 -0.32531930
vn -0.32529310 -0.32522140 0.88792760
vn -0.88791910 0.32529020 0.32524760
vn 0.38251220 0.92394770 -0.00227408
vn 0.04681828 0.99889720 -0.00352826
vn 0.02987572 0.92484190 -0.37917660
vn 0.04682539 0.00314350 -0.99889810
vn 0.92400350 0.00202565 -0.38237880
vn 0.99998800 0.00326376 -0.00366446
vn 0.92400320 -0.00202570 -0.38237920
vn 0.04682536 -0.00314344 -0.99889810
vn 0.02987251 -0.37910140 -0.92487290
vn 0.04681125 -0.99889760 -0.00352835
vn 0.92404900 -0.38226740 -0.00227387
vn 0.99998800 -0.00326375 -0.00366446
vn 0.92400400 -0.00202568 0.38237750
vn 0.99998800 -0.00326375 0.00366445
vn 0.92404900 -0.38226740 0.00227387
vn 0.04681125 -0.99889760 0.00352835
vn 0.02987103 -0.37907720 0.92488290
vn 0.04682159 -0.00314321 0.99889830
vn 0.92400410 0.00202569 0.38237720
vn 0.04681861 0.00314326 0.99889850
vn 0.02988084 0.37922110 0.92482340
vn 0.04681824 0.99889720 0.00352828
vn 0.38251220 0.92394760 0.00227415
vn 0.99998800 0.00326375 0.00366446
vn 0.88795320 0.32526720 -0.32517760
vn 0.88796140 -0.32516850 -0.32525360
vn 0.32536580 -0.32520460 0.88790710
vn 0.88796320 0.32522650 0.32519070
vn -0.38242430 0.92398410 -0.00227607
vn -0.04566885 0.99895040 -0.00353485
vn -0.02912091 0.92483260 -0.37925820
vn -0.04567596 0.00314584 -0.99895130
vn -0.92396220 0.00202548 -0.38247820
vn -0.99998800 0.00326386 -0.00366872
vn -0.92396210 -0.00202583 -0.38247870
vn -0.04567592 -0.00314584 -0.99895130
vn -0.02911760 -0.37919920 -0.92485680
vn -0.04566376 -0.99895060 -0.00353518
vn -0.92400420 -0.38237550 -0.00227652
vn -0.99998800 -0.00326385 -0.00366872
vn -0.92396220 -0.00202575 0.38247840
vn -0.99998800 -0.00326385 0.00366871
vn -0.92400420 -0.38237560 0.00227652
vn -0.04566376 -0.99895060 0.00353518
vn -0.02912083 -0.37922480 0.92484620
vn -0.04567964 -0.00314608 0.99895120
vn -0.92396240 0.00202574 0.38247810
vn -0.04567671 0.00314613 0.99895130
vn -0.02913052 0.37936200 0.92478970
vn -0.04566887 0.99895040 0.00353485
vn -0.38242450 0.92398390 0.00227594
vn -0.99998800 0.00326386 0.00366872
vn -0.88791050 0.32532090 -0.32524030
vn -0.88789750 -0.32526480 -0.32533200
vn -0.32533680 -0.32526570 0.88789550
vn -0.88789830 0.32531630 0.32527830
vn 0.38250770 0.92394950 -0.00227610
vn 0.06480490 0.99789200 -0.00347253
vn 0.04185770 0.92499450 -0.37766800
vn 0.06481420 0.00309029 -0.99789260
vn 0.92400610 0.00202503 -0.38237220
vn 0.99998800 0.00326282 -0.00366753
vn 0.92400610 -0.00202505 -0.38237240
vn 0.06481414 -0.00309029 -0.99789260
vn 0.04185262 -0.37760410 -0.92502080
vn 0.06479769 -0.99789240 -0.00347283
vn 0.92404740 -0.38227120 -0.00227571
vn 0.99998800 -0.00326281 -0.00366752
vn 0.92400620 -0.00202500 0.38237210
vn 0.99998800 -0.00326281 0.00366752
vn 0.92404740 -0.38227120 0.00227570
vn 0.06479769 -0.99789240 0.00347283
vn 0.04185793 -0.37763030 0.92500990
vn 0.06481938 -0.00309054 0.99789220
vn 0.92400630 0.00202501 0.38237190
vn 0.06481545 0.00309059 0.99789260
vn 0.04187078 0.37776450 0.92495450
vn 0.06480491 0.99789200 0.00347253
vn 0.38250770 0.92394950 0.00227609
vn 0.99998800 0.00326282 0.00366752
vn 0.88795580 0.32525910 -0.32517850
vn 0.88796730 -0.32516490 -0.32524100
vn 0.32540570 -0.32525330 0.88787470
vn 0.88796460 0.32522470 0.32518880
vn 0.00171768 0.70737720 -0.70683410
vn -0.00355789 0.70712120 -0.70708330
vn 0.28684440 0.34769830 0.89265110
vn -0.70710100 -0.00571131 0.70708940
vn -0.70711170 0.00571261 0.70707880
vn -0.70704380 0.70714360 -0.00608345
vn -0.70702810 0.70715920 0.00608317
vn 0.99877640 0.03210016 0.03762048
vn 0.99458130 -0.06748115 0.07908355
vn 0.28684440 0.34769830 0.89265110
vn 0.28677310 -0.34770340 0.89267210
vn 0.02076622 -0.70457710 -0.70932360
vn 0.00166067 -0.70709790 -0.70711360
vn 0.63698240 -0.77071320 0.01596037
vn 0.43486040 -0.49928640 0.74940620
vn 0.67203040 -0.00665849 0.74049350
vn 0.28677310 -0.34770340 0.89267210
vn 0.00508917 -0.99991180 0.01226937
vn 0.63698240 -0.77071320 0.01596037
vn 0.43486040 -0.49928640 0.74940620
vn 0.00411604 -0.77521460 0.63168470
vn -0.57733850 0.57736620 0.57734610
vn -0.57733850 0.57736620 0.57734610
vn -0.00355866 0.70713170 0.70707280
vn 0.58269080 -0.57192270 -0.57738710
vn -0.00365898 -0.70715560 0.70704850
vn 0.00005512 -0.70738840 0.70682510
vn 0.70542060 -0.00572436 -0.70876590
vn 0.58269080 -0.57192270 -0.57738710
vn 0.70962240 -0.70451830 -0.00949229
vn 0.00000000 0.00000000 1.00000000
vn 0.70903450 -0.70516870 0.00264676
vn 0.70572230 0.00572470 -0.70846550
vn 0.28677310 -0.34770340 0.89267210
vn 0.00171898 0.70781960 0.70639100
vn -0.00421332 0.77525650 0.63163240
vn -0.43490850 0.49926160 0.74939480
vn -0.28677900 0.34777570 0.89264210
vn -0.63703880 0.77066650 0.01596002
vn -0.43490850 0.49926160 0.74939480
vn -0.67202590 0.00665866 0.74049780
vn 0.01356281 -0.70817920 0.70590250
vn 0.02087840 0.70571660 -0.70818660
vn 0.00000000 0.00000000 1.00000000
vn 0.00000000 0.00000000 1.00000000
vn -0.99982370 -0.01218755 0.01428344
vn -0.28677340 -0.34779090 0.89263800
vn -0.28677900 0.34777570 0.89264210
vn 0.57620320 -0.57969000 0.57615040
vn 0.57620320 -0.57969000 0.57615040
vn 0.70617150 -0.00580015 0.70801710
vn 0.57806890 0.57600550 -0.57797410
vn 0.57806890 0.57600550 -0.57797410
vn 0.71116290 0.70300150 -0.00602265
vn 0.70509690 0.00568696 0.70908810
vn -0.63709190 -0.77062260 0.01595881
vn -0.63709190 -0.77062260 0.01595881
vn -0.43493620 -0.49923350 0.74939730
vn 0.71050470 0.70366600 0.00610827
vn -0.43493620 -0.49923350 0.74939730
vn -0.00431026 -0.77521740 0.63168000
vn -0.28677340 -0.34779090 0.89263800
vn -0.67202750 -0.00665816 0.74049630
vn -0.00000116 0.00000000 1.00000000
vn -0.00000011 0.00000000 1.00000000
vn 0.00000000 0.00000000 1.00000000
vn 0.00000000 0.00000000 1.00000000
vn 0.58159400 0.57422290 0.57620870
vn 0.58159400 0.57422290 0.57620870
vn 0.02101688 0.70567790 0.70822100
vn -0.00000113 0.00000000 1.00000000
vn -0.00000113 0.00000000 1.00000000
vn -0.00000108 0.00000000 1.00000000
vn 0.63704080 0.77066480 0.01595954
vn 0.43489830 0.49926970 0.74939530
vn 0.43489830 0.49926970 0.74939530
vn 0.00421320 0.77525870 0.63162970
vn 0.28684440 0.34769830 0.89265110
vn 0.67203470 0.00665943 0.74048970
vn -0.00356143 -0.70707000 -0.70713450
vn -0.57728120 0.57742130 -0.57734820
vn -0.57728120 0.57742130 -0.57734820
vn -0.70711740 0.00571234 -0.70707300
vn -0.57734970 -0.57735660 0.57734440
vn -0.57734970 -0.57735660 0.57734440
vn -0.70706170 -0.70712570 0.00607274
vn -0.70711190 -0.00571328 -0.70707860
vn -0.70706360 -0.70712370 -0.00609351
vn -0.57732020 -0.57740380 -0.57732670
vn -0.57732020 -0.57740380 -0.57732670
vn 0.70762990 0.70452090 -0.05394613
vn 0.71367120 0.69447920 0.09149815
vn 0.87458800 0.00328421 0.48485560
vn 0.84325690 -0.00534203 0.53748420
vn 0.71033280 -0.69882870 0.08405797
vn 0.71005310 -0.70414660 -0.00150419
vn -0.82242270 -0.02665404 0.56825200
vn -0.82731530 -0.00870954 0.56167040
vn -0.82726840 0.00633768 0.56177120
vn -0.82749450 0.00160512 0.56147150
vn 0.03508006 0.73068370 0.68181440
vn 0.56994040 0.31679870 0.75816000
vn 0.56994040 0.31679870 0.75816000
vn 0.49875100 -0.41056510 0.76333730
vn 0.08696727 -0.68750190 0.72095630
vn 0.49875100 -0.41056510 0.76333730
vn -0.28096060 -0.73558310 0.61642400
vn -0.27444300 -0.73872660 0.61560060
vn -0.53443650 -0.57563390 0.61888870
vn -0.53294410 0.57988670 0.61619970
vn -0.03688500 0.80846700 0.58738440
vn 0.00013670 0.71510710 0.69901490
vn 0.00027981 0.71564320 0.69846590
vn 0.00007191 0.69945230 -0.71467940
vn 0.00019657 0.69956550 -0.71456840
vn 0.00006710 -0.69931610 -0.71481250
vn 0.00017378 -0.69944380 -0.71468750
vn -0.00063020 -0.01884156 0.99982230
vn -0.00138502 -0.01831437 0.99983130
vn -0.00063020 -0.01884156 0.99982230
vn -1.00000000 0.00000000 0.00000000
vn -1.00000000 -0.00000031 -0.00000020
vn -1.00000000 -0.00000760 0.00002621
vn -1.00000000 -0.00006713 -0.00002951
vn -1.00000000 -0.00000902 -0.00000561
vn -1.00000000 0.00000828 0.00000794
vn -1.00000000 -0.00000442 0.00000288
vn -1.00000000 -0.00000185 -0.00000127
vn -1.00000000 0.00000000 0.00000000
vn -1.00000000 0.00001412 -0.00000475
vn -1.00000000 -0.00006121 0.00000174
vn -1.00000000 0.00000000 0.00000000
vn 0.68970610 -0.00584356 -0.72406590
vn 0.00101824 -0.07594135 0.99711180
vn 0.00046949 -0.03347107 0.99943950
vn -0.00024232 -0.86110280 0.50843080
vn 0.00167866 -0.75264010 0.65842990
vn -0.00000128 0.00000000 1.00000000
vn -0.00000504 0.00000000 1.00000000
vn 0.00167866 -0.75264010 0.65842990
vn 0.00071272 -0.86891190 0.49496610
vn 0.93427180 -0.02449301 0.35571940
vn 0.93424350 -0.02396204 0.35583000
vn 0.93021390 -0.18385840 0.31764500
vn 0.93021390 -0.18385840 0.31764500
vn -0.88465950 -0.33762120 0.32154240
vn -0.88465950 -0.33762120 0.32154240
vn -0.95034080 -0.10212770 0.29397670
vn -0.95034080 -0.10212770 0.29397670
vn -0.95155770 -0.05701866 0.30213720
vn -0.95156510 -0.05508437 0.30247250
vn 0.95046650 -0.02605289 0.30973350
vn 0.94936880 -0.10725050 0.29529010
vn 0.93295810 -0.00373721 0.35996570
vn 0.93295810 -0.00373721 0.35996570
vn -0.92623380 -0.00261446 0.37694040
vn -0.92623380 -0.00261446 0.37694040
vn -0.92623380 -0.00261446 0.37694040
vn -0.80422780 -0.50467960 0.31387270
vn -0.49940210 -0.80521310 0.31973340
vn -0.94837300 -0.08068860 0.30672140
vn -0.91234990 -0.27165240 0.30630480
vn 0.06602642 0.94885600 0.30872800
vn 0.52344080 0.78993500 0.31939380
vn 0.52431140 0.78934580 0.31942260
vn -0.49940210 -0.80521310 0.31973340
vn -0.07517456 -0.94814320 0.30882540
vn -0.49989140 -0.80490230 0.31975140
vn -0.00160404 -0.01566804 0.99987600
vn -0.00148785 -0.01227509 0.99992360
vn 0.00013743 0.71417000 0.69997230
vn 0.00015477 0.71333620 0.70082200
vn 0.00233762 0.38367070 -0.92346700
vn 0.00080984 0.40498870 -0.91432130
vn 0.00210305 -0.91890720 -0.39446810
vn 0.00330018 -0.90311250 -0.42939130
vn -0.00311890 0.80285330 0.59616850
vn -0.00372436 0.80594180 0.59198310
vn -0.00071925 0.84987460 0.52698450
vn -0.00022558 0.84974120 0.52719990
vn 0.00031733 -0.95277480 0.30367780
vn 0.00017256 -0.95328630 0.30206830
vn 0.00046818 -0.04405676 0.99902890
vn -0.00527190 -0.04463170 0.99898960
vn 0.00037155 0.95273640 0.30379810
vn 0.00039592 0.95250840 0.30451210
vn 0.00724639 0.91746590 -0.39774840
vn 0.00375490 -0.89277200 -0.45049320
vn 0.00685634 -0.51005600 -0.86011400
vn -0.00062213 -0.01064971 -0.99994310
vn 0.00652529 -0.47389640 -0.88055640
vn -0.00058802 -0.01701139 -0.99985520
vn 0.00820933 -0.00655563 0.99994480
vn 0.00820933 -0.00655563 0.99994480
vn 0.00820933 -0.00655563 0.99994480
vn 0.00820933 -0.00655563 0.99994480
vn 0.00820933 -0.00655563 0.99994480
vn -0.01191653 -0.04520948 0.99890650
vn -0.01191653 -0.04520948 0.99890650
vn -0.01191653 -0.04520949 0.99890650
vn -0.01191653 -0.04520948 0.99890650
vn -0.01191653 -0.04520948 0.99890650
vn -0.01191653 -0.04520948 0.99890650
vn 0.00355201 -0.04330935 0.99905540
vn 0.00355201 -0.04330935 0.99905540
vn 0.00001411 0.84968400 0.52729240
vn 0.00001411 0.84968400 0.52729240
vn 0.00063436 -0.98676290 0.16216770
vn 0.00063436 -0.98676290 0.16216770
vn 0.00029376 0.95282200 0.30352940
vn 0.00029376 0.95282200 0.30352940
vn -0.00023639 -0.95397570 0.29988380
vn -0.00023639 -0.95397570 0.29988390
vn -0.00196923 0.85024240 0.52638770
vn -0.00196923 0.85024240 0.52638770
vn 0.00042992 -0.98809770 0.15382680
vn 0.00042992 -0.98809770 0.15382680
vn -1.00000000 0.00000000 0.00000000
vn 0.05884268 0.00736088 -0.99824010
vn 0.57265860 0.00000000 -0.81979390
vn 0.49046230 0.61051790 -0.62186380
vn 0.70629280 0.00714201 -0.70788380
vn 0.49046230 0.61051790 -0.62186380
vn -0.92395750 0.38248850 -0.00227434
vn -0.92395760 0.38248830 0.00227520
vn -0.38244950 0.00202621 -0.92397420
vn -0.38244990 -0.00202613 -0.92397400
vn -0.38242410 -0.92398410 -0.00227571
vn -0.38242410 -0.92398410 0.00227570
vn -0.38242360 -0.00202603 0.92398480
vn -0.38242350 0.00202578 0.92398490
vn -0.32520370 0.88796760 -0.32520150
vn -0.04545556 0.37727890 -0.92498350
vn -0.32523110 0.32532520 -0.88791230
vn -0.32530540 -0.32523600 -0.88791780
vn -0.04547301 -0.92500560 -0.37722270
vn -0.32537020 -0.88784320 -0.32537470
vn -0.88790980 -0.32524480 0.32531820
vn -0.32537110 -0.88784320 0.32537390
vn -0.04547307 -0.92500560 0.37722250
vn -0.32524710 0.32529860 0.88791610
vn -0.04545159 0.92501590 0.37719970
vn -0.32520940 0.88796230 0.32521060
vn 0.92399130 0.38240680 -0.00227388
vn 0.92399140 0.38240650 0.00227474
vn 0.38253500 0.00202612 -0.92393880
vn 0.38253520 -0.00202614 -0.92393880
vn 0.38250720 -0.92394970 -0.00227574
vn 0.38250720 -0.92394970 0.00227574
vn 0.38250900 -0.00202604 0.92394950
vn 0.38250880 0.00202574 0.92394970
vn 0.32529130 0.88793790 -0.32519500
vn 0.02988023 0.37924740 -0.92481280
vn 0.32531860 0.32530970 -0.88788590
vn 0.32538000 -0.32521860 -0.88789680
vn 0.02989027 -0.92483800 -0.37918510
vn 0.32544700 -0.88781890 -0.32536410
vn 0.88796320 -0.32516590 0.32525150
vn 0.02989039 -0.92483800 0.37918500
vn 0.32544800 -0.88781860 0.32536400
vn 0.32532360 0.32528110 0.88789450
vn 0.02987575 0.92484100 0.37917860
vn 0.32529040 0.88793250 0.32521090
vn -0.92394870 0.38250960 -0.00227639
vn -0.92394870 0.38250960 0.00227738
vn -0.38245220 0.00202562 -0.92397300
vn -0.38245250 -0.00202553 -0.92397300
vn -0.38243800 -0.92397830 -0.00227770
vn -0.38243810 -0.92397830 0.00227769
vn -0.38247920 -0.00202576 0.92396180
vn -0.38247910 0.00202545 0.92396190
vn -0.32520370 0.88796770 -0.32520150
vn -0.02912375 0.37933740 -0.92480000
vn -0.32523680 0.32532630 -0.88790980
vn -0.32530920 -0.32523750 -0.88791580
vn -0.02913552 -0.92481910 -0.37929000
vn -0.32537810 -0.88783810 -0.32538040
vn -0.88789500 -0.32526590 0.32533760
vn -0.32538210 -0.88783550 0.32538380
vn -0.02913493 -0.92481880 0.37929040
vn -0.32529890 0.32533920 0.88788230
vn -0.02912055 0.92483190 0.37925970
vn -0.32522200 0.88795630 0.32521420
vn 0.92399190 0.38240550 -0.00227588
vn 0.92399200 0.38240520 0.00227657
vn 0.38253510 0.00202557 -0.92393880
vn 0.38253520 -0.00202558 -0.92393860
vn 0.38252120 -0.92394380 -0.00227779
vn 0.38252130 -0.92394380 0.00227778
vn 0.38256200 -0.00202585 0.92392770
vn 0.38256190 0.00202554 0.92392770
vn 0.32528420 0.88793660 -0.32520580
vn 0.04186153 0.37774080 -0.92496470
vn 0.32531530 0.32531530 -0.88788500
vn 0.32537380 -0.32522160 -0.88789800
vn 0.04187842 -0.92498210 -0.37769600
vn 0.32544680 -0.88781820 -0.32536630
vn 0.88796360 -0.32517010 0.32524630
vn 0.04187779 -0.92498180 0.37769700
vn 0.32545300 -0.88781400 0.32537130
vn 0.32536570 0.32532750 0.88786220
vn 0.04185695 0.92499420 0.37766890
vn 0.32529040 0.88793250 0.32521090
vn 0.00000000 0.00327390 0.99999460
vn -0.00000106 0.38277550 0.92384140
vn 0.00000000 -0.00327389 0.99999460
vn 0.00000000 -0.38263320 0.92390040
vn 0.00000000 -0.99999320 0.00367859
vn 0.00000000 -0.92387520 0.38269390
vn 0.00000000 -0.99999320 -0.00367859
vn 0.00000000 -0.92387520 -0.38269390
vn 0.00000000 -0.00327364 -0.99999460
vn 0.00000000 -0.38260810 -0.92391070
vn 0.00000000 0.00327365 -0.99999460
vn -0.00000139 0.38275040 -0.92385180
vn -0.00000592 0.99999320 -0.00367842
vn -0.00000543 0.92388120 -0.38267910
vn -0.00000592 0.99999320 0.00367842
vn -0.00000544 0.92388120 0.38267910
vn 0.00000000 0.00327390 0.99999460
vn 0.00000142 0.38277440 0.92384190
vn 0.00000000 -0.00327389 0.99999460
vn 0.00000000 -0.38263260 0.92390060
vn 0.00000000 -0.99999320 0.00367857
vn 0.00000000 -0.92387570 0.38269270
vn 0.00000000 -0.99999320 -0.00367857
vn 0.00000000 -0.92387570 -0.38269270
vn 0.00000000 -0.00327364 -0.99999460
vn 0.00000000 -0.38260750 -0.92391100
vn 0.00000000 0.00327365 -0.99999460
vn 0.00000189 0.38274940 -0.92385230
vn 0.00000788 0.99999320 -0.00367847
vn 0.00000733 0.92387930 -0.38268410
vn 0.00000788 0.99999320 0.00367847
vn 0.00000721 0.92387930 0.38268410
vn 0.00000000 0.00327432 0.99999460
vn -0.00000128 0.38272570 0.92386200
vn 0.00000000 -0.00327431 0.99999460
vn 0.00000000 -0.38257730 0.92392350
vn 0.00000000 -0.99999330 0.00367528
vn 0.00000000 -0.92388110 0.38267970
vn 0.00000000 -0.99999330 -0.00367528
vn 0.00000000 -0.92388110 -0.38267970
vn 0.00000000 -0.00327456 -0.99999460
vn 0.00000000 -0.38260220 -0.92391320
vn 0.00000000 0.00327457 -0.99999460
vn -0.00000167 0.38275050 -0.92385170
vn -0.00000712 0.99999330 -0.00367531
vn -0.00000654 0.92387990 -0.38268260
vn -0.00000712 0.99999330 0.00367531
vn -0.00000654 0.92387990 0.38268260
vn 0.00000000 0.00327432 0.99999460
vn 0.00000096 0.38272690 0.92386150
vn 0.00000000 -0.00327431 0.99999460
vn 0.00000000 -0.38257780 0.92392330
vn 0.00000000 -0.99999330 0.00367530
vn 0.00000000 -0.92388080 0.38268050
vn 0.00000000 -0.99999330 -0.00367530
vn 0.00000000 -0.92388080 -0.38268050
vn 0.00000000 -0.00327456 -0.99999460
vn 0.00000000 -0.38260280 -0.92391290
vn 0.00000000 0.00327458 -0.99999460
vn 0.00000129 0.38275240 -0.92385100
vn 0.00000536 0.99999330 -0.00367537
vn 0.00000498 0.92387770 -0.38268780
vn 0.00000536 0.99999330 0.00367537
vn 0.00000490 0.92387760 0.38268830
vn 0.00000000 0.00000000 1.00000000
vn 0.00000000 0.00000000 1.00000000
vn 0.00000000 0.00000000 1.00000000
vn 0.00000000 0.00000000 1.00000000
vn 0.00000000 0.00000000 -1.00000000
vn 0.00000000 0.00000000 -1.00000000
vn 0.00000000 0.00000000 -1.00000000
vn 0.00000000 0.00000000 -1.00000000
vn 0.00000000 1.00000000 0.00000000
vn 0.00000000 1.00000000 0.00000000
vn 0.00000000 1.00000000 0.00000000
vn 0.00000000 1.00000000 0.00000000
vn 0.00000000 1.00000000 0.00000000
vn 0.00000000 1.00000000 0.00000000
vn 0.00000000 1.00000000 0.00000000
vn 0.00000000 1.00000000 0.00000000
vn 0.00000000 1.00000000 0.00000000
vn 0.00000000 1.00000000 0.00000000
vn 0.00000000 1.00000000 0.00000000
vn 0.00000000 1.00000000 0.00000000
vn 0.00000000 1.00000000 0.00000000
vn 0.00000000 1.00000000 0.00000000
vn 0.00000000 1.00000000 0.00000000
vn 0.00000000 1.00000000 0.00000000
vn 0.99111240 0.00000000 0.13302680
vn 0.99802300 0.00000000 -0.06284961
vn 0.89801440 0.00000000 -0.43996610
vn 0.66128490 0.00000000 -0.75013480
vn 0.32385000 0.00000000 -0.94610850
vn -0.06281641 0.00000000 -0.99802510
vn -0.25628900 0.00000000 -0.96660020
vn 0.99111240 0.00000000 0.13302680
vn 0.99802300 0.00000000 -0.06284961
vn 0.89801440 0.00000000 -0.43996610
vn 0.66128490 0.00000000 -0.75013480
vn 0.32385000 0.00000000 -0.94610850
vn -0.06281641 0.00000000 -0.99802510
vn -0.25628900 0.00000000 -0.96660020
vn 0.00000000 -1.00000000 0.00000000
vn 0.00000000 -1.00000000 0.00000198
vn 0.00000000 -1.00000000 0.00000000
vn 0.00000000 -1.00000000 -0.00000250
vn 0.00000000 -1.00000000 -0.00000058
vn 0.00000000 -1.00000000 -0.00000062
vn 0.00000000 -1.00000000 -0.00000105
vn 0.00000250 1.00000000 0.00000409
vn 0.00000245 1.00000000 0.00000207
vn 0.00000218 1.00000000 -0.00000199
vn 0.00000160 1.00000000 -0.00000300
vn 0.00000078 1.00000000 -0.00000203
vn -0.00000017 1.00000000 -0.00000203
vn -0.00000066 1.00000000 -0.00000202
vn 0.99111250 0.00000000 0.13302640
vn 0.99802300 0.00000000 -0.06284977
vn 0.89801420 0.00000000 -0.43996640
vn 0.66128190 0.00000000 -0.75013740
vn 0.32384590 0.00000000 -0.94610980
vn -0.06281700 0.00000000 -0.99802510
vn -0.25628700 0.00000000 -0.96660080
vn 0.99111250 0.00000000 0.13302640
vn 0.99802300 0.00000000 -0.06284977
vn 0.89801420 0.00000000 -0.43996640
vn 0.66128190 0.00000000 -0.75013740
vn 0.32384590 0.00000000 -0.94610980
vn -0.06281700 0.00000000 -0.99802510
vn -0.25628700 0.00000000 -0.96660080
vn 0.00000000 -1.00000000 -0.00001635
vn 0.00000000 -1.00000000 -0.00000036
vn 0.00000000 -1.00000000 0.00000411
vn 0.00000000 -1.00000000 -0.00000196
vn 0.00000000 -1.00000000 0.00000163
vn 0.00000000 -1.00000000 -0.00000034
vn 0.00000000 -1.00000000 0.00000000
vn 0.00000000 1.00000000 0.00001635
vn 0.00000000 1.00000000 0.00000036
vn 0.00000000 1.00000000 -0.00000809
vn 0.00000000 1.00000000 0.00000405
vn 0.00000000 1.00000000 0.00000604
vn 0.00000000 1.00000000 0.00000234
vn 0.00000000 1.00000000 0.00000065
vn 0.00000000 1.00000000 0.00000000
vn 0.00000000 1.00000000 0.00000000
vn 0.00000000 1.00000000 0.00000000
vn 0.00000000 1.00000000 0.00000000
vn 0.32385000 0.00000000 -0.94610850
vn 0.32385000 0.00000000 -0.94610850
vn 0.00000250 1.00000000 0.00000409
vn 0.00000244 1.00000000 0.00000197
vn 0.00000218 1.00000000 -0.00000203
vn 0.00000161 1.00000000 -0.00000302
vn 0.00000081 1.00000000 -0.00000203
vn -0.00000014 1.00000000 -0.00000203
vn -0.00000066 1.00000000 -0.00000202
vn 0.00000000 -1.00000000 0.00000209
vn 0.00000000 -1.00000000 0.00000000
vn 0.00000000 -1.00000000 -0.00000105
vn 0.00000000 -1.00000000 -0.00000058
vn 0.00000000 -1.00000000 -0.00000060
vn 0.00000000 -1.00000000 -0.00000253
vn 0.00000000 -1.00000000 0.00000000
vn -0.26727880 0.00000000 0.96361920
vn -0.26727880 0.00000000 0.96361920
vn -0.26727880 0.00000000 0.96361920
vn -0.26727880 0.00000000 0.96361920
vn -0.99111290 0.00000000 -0.13302340
vn -0.99111290 0.00000000 -0.13302340
vn -0.99802270 0.00000000 0.06285484
vn -0.99802270 0.00000000 0.06285484
vn -0.89801170 0.00000000 0.43997170
vn -0.89801170 0.00000000 0.43997170
vn -0.66129830 0.00000000 0.75012300
vn -0.66129830 0.00000000 0.75012300
vn -0.32383890 0.00000000 0.94611220
vn -0.32383890 0.00000000 0.94611220
vn -0.32383890 0.00000000 0.94611220
vn -0.32383890 0.00000000 0.94611220
vn 0.06284077 0.00000000 0.99802350
vn 0.06284077 0.00000000 0.99802350
vn 0.25608740 0.00000000 0.96665360
vn 0.25608740 0.00000000 0.96665360
vn -0.92734560 0.00000000 0.37420580
vn -0.92734560 0.00000000 0.37420580
vn -0.92734560 0.00000000 0.37420580
vn -0.92734560 0.00000000 0.37420580
vn 0.32384590 0.00000000 -0.94610980
vn 0.32384590 0.00000000 -0.94610980
vn 0.00000000 1.00000000 0.00001635
vn 0.00000000 1.00000000 -0.00000046
vn 0.00000000 1.00000000 -0.00000795
vn 0.00000000 1.00000000 0.00000398
vn 0.00000000 1.00000000 0.00000614
vn 0.00000000 1.00000000 0.00000247
vn 0.00000000 1.00000000 0.00000065
vn 0.00000000 -1.00000000 0.00000046
vn 0.00000000 -1.00000000 -0.00001635
vn 0.00000000 -1.00000000 0.00000000
vn 0.00000000 -1.00000000 -0.00000037
vn 0.00000000 -1.00000000 0.00000175
vn 0.00000000 -1.00000000 -0.00000207
vn 0.00000000 -1.00000000 0.00000390
vn -0.26727670 0.00000000 0.96361980
vn -0.26727670 0.00000000 0.96361980
vn -0.26727670 0.00000000 0.96361980
vn -0.26727670 0.00000000 0.96361980
vn -0.99111310 0.00000000 -0.13302150
vn -0.99111310 0.00000000 -0.13302150
vn -0.99802260 0.00000000 0.06285599
vn -0.99802260 0.00000000 0.06285599
vn -0.89801220 0.00000000 0.43997040
vn -0.89801220 0.00000000 0.43997040
vn -0.66129960 0.00000000 0.75012180
vn -0.66129960 0.00000000 0.75012180
vn -0.32383250 0.00000000 0.94611450
vn -0.32383250 0.00000000 0.94611450
vn -0.32383250 0.00000000 0.94611450
vn -0.32383250 0.00000000 0.94611450
vn 0.06284137 0.00000000 0.99802350
vn 0.06284137 0.00000000 0.99802350
vn 0.25607810 0.00000000 0.96665610
vn 0.25607810 0.00000000 0.96665610
vn -0.92734500 0.00000000 0.37420740
vn -0.92734500 0.00000000 0.37420740
vn -0.92734500 0.00000000 0.37420740
vn -0.92734500 0.00000000 0.37420740
vn -0.83432830 0.54758680 -0.06359917
vn -0.07713684 0.05030507 -0.99575050
vn -0.99750200 0.00391725 -0.07052985
vn -0.06211641 0.00024490 -0.99806890
vn -0.32083200 0.94453250 -0.07017996
vn -0.02978934 0.08804561 -0.99567090
vn 0.00122961 -0.99738780 -0.07222280
vn 0.00017295 -0.12859940 -0.99169660
vn -0.68867860 -0.72244790 -0.06156899
vn -0.07836866 -0.08248087 -0.99350660
vn -0.99740950 -0.00027009 -0.07193246
vn -0.07108329 0.00000101 -0.99747040
vn -0.83432720 0.54758780 0.06360596
vn -0.07709344 0.05026586 0.99575600
vn -0.99750560 0.00391723 0.07047813
vn -0.06219799 0.00024524 0.99806370
vn -0.32083200 0.94453250 0.07017974
vn -0.02979248 0.08805303 0.99567020
vn 0.00017306 -0.12861060 0.99169520
vn 0.00122962 -0.99738780 0.07222245
vn -0.68867830 -0.72244820 0.06156985
vn -0.07837256 -0.08248757 0.99350570
vn -0.99740930 -0.00026998 0.07193462
vn -0.07110227 0.00000111 0.99746910
vn -0.24256630 0.96737220 -0.07316073
vn -0.01481324 0.05908074 -0.99814330
vn -0.14477310 0.98675290 -0.07320846
vn -0.00958450 0.06533039 -0.99781760
vn -0.14477310 0.98675300 0.07320797
vn -0.00957997 0.06529991 0.99781980
vn -0.24256640 0.96737220 0.07316021
vn -0.01481436 0.05908566 0.99814300
vn -0.09159654 0.99303860 -0.07405717
vn -0.00557845 0.06047845 -0.99815390
vn -0.05446400 0.99576530 -0.07406183
vn -0.00338192 0.06183103 -0.99808100
vn -0.05446397 0.99576530 0.07406106
vn -0.00338207 0.06183425 0.99808070
vn -0.09159653 0.99303870 0.07405647
vn -0.00556854 0.06037132 0.99816040
vn -0.01879386 0.99707980 -0.07401684
vn -0.00116258 0.06168579 -0.99809500
vn 0.01879384 0.99708010 -0.07401319
vn 0.00115008 0.06101025 -0.99813650
vn 0.01879384 0.99708010 0.07401322
vn 0.00115012 0.06101845 0.99813590
vn -0.01879383 0.99707980 0.07401686
vn -0.00116270 0.06168522 0.99809500
vn 0.05608173 0.99567970 -0.07400545
vn 0.00339931 0.06035107 -0.99817140
vn 0.00644188 0.06058021 -0.99814260
vn 0.10532370 0.99170490 -0.07367639
vn 0.05608171 0.99567970 0.07400500
vn 0.00339932 0.06035478 0.99817120
vn 0.10534630 0.99139270 0.07773456
vn 0.00647944 0.06048171 0.99814830
vn 0.03344332 -0.00013720 -0.99944060
vn 0.99724300 -0.00410248 -0.07409219
vn 0.81363370 -0.57224250 -0.10265820
vn 0.01339284 -0.00933923 -0.99986670
vn 0.99725260 -0.00410266 0.07396079
vn 0.03345163 -0.00013722 0.99944030
vn 0.01342309 -0.00933203 0.99986640
vn 0.81369680 -0.57211660 0.10286030
vn 0.29674660 -0.95213280 -0.07337890
vn 0.01050321 -0.03348326 -0.99938400
vn 0.01050426 -0.03348605 0.99938390
vn 0.29674710 -0.95213260 0.07337982
vn 0.99734500 -0.00327287 -0.07274750
vn 0.03103881 -0.00009271 -0.99951820
vn 0.00542284 0.00649082 -0.99996420
vn 0.60891110 0.78092220 -0.13924020
vn 0.03104252 -0.00009273 0.99951800
vn 0.99734590 -0.00327289 0.07273504
vn 0.60890870 0.78092340 0.13924420
vn 0.00542503 0.00649149 0.99996420
vn 0.00104733 0.99752220 0.07034437
vn 0.00004448 0.03836004 0.99926390
vn 0.00004446 0.03835636 -0.99926410
vn 0.00104733 0.99752210 -0.07034542
vn 0.14003420 -0.98769010 -0.06970450
vn 0.00726559 -0.05115054 -0.99866450
vn 0.01229841 -0.05069076 -0.99863870
vn 0.23486060 -0.96952120 -0.06977864
vn 0.00726561 -0.05118339 0.99866280
vn 0.14002850 -0.98769310 0.06967227
vn 0.23486120 -0.96952110 0.06977848
vn 0.01229968 -0.05069512 0.99863850
vn 0.05284997 -0.99623110 -0.06877831
vn 0.00295912 -0.05583876 -0.99843540
vn 0.00510451 -0.05717460 -0.99835110
vn 0.08878420 -0.99367990 -0.06868540
vn 0.00295194 -0.05584421 0.99843510
vn 0.05254911 -0.99624810 0.06876276
vn 0.08849534 -0.99369530 0.06883398
vn 0.00511103 -0.05728535 0.99834480
vn -0.01800500 -0.99746730 -0.06881123
vn -0.00100252 -0.05520169 -0.99847470
vn 0.00101730 -0.05554055 -0.99845590
vn 0.01836347 -0.99746110 -0.06880593
vn -0.00101087 -0.05519859 0.99847490
vn -0.01835858 -0.99746140 0.06880200
vn 0.01801043 -0.99746730 0.06880905
vn 0.00100944 -0.05554660 0.99845560
vn -0.09144542 -0.99342500 -0.06887944
vn -0.00500289 -0.05422623 -0.99851610
vn -0.00295882 -0.05436305 -0.99851690
vn -0.05408010 -0.99616280 -0.06881220
vn -0.00499907 -0.05414083 0.99852080
vn -0.09179788 -0.99339410 0.06885784
vn -0.05443971 -0.99614240 0.06882235
vn -0.00296700 -0.05436232 0.99851690
vn 0.59602280 -0.79900000 -0.07972222
vn 0.02567966 -0.06337396 -0.99765940
vn 0.00047706 -0.16203360 -0.98678510
vn 0.00313343 -0.99765100 -0.06842943
vn 0.00313293 -0.99764250 0.06855445
vn 0.00047353 -0.16109730 0.98693840
vn 0.58380540 -0.80981080 0.05811817
vn 0.04966627 -0.07010563 0.99630240
vn 0.99744900 -0.00097046 -0.07137614
vn 0.08183750 -0.00059440 -0.99664550
vn 0.08065863 0.00003807 0.99674180
vn 0.99766340 -0.00033441 0.06832047
vn -0.00011751 0.03402665 0.99942090
vn -0.00318373 0.99726310 0.07386610
vn -0.01880003 0.01921209 0.99963870
vn -0.69172960 0.71629740 0.09180544
vn -0.99691040 0.01776850 0.07651076
vn -0.02732040 0.00050649 0.99962660
vn 0.72758650 0.68366090 -0.05679540
vn 0.05431588 0.05031657 -0.99725530
vn 0.07663513 -0.00002154 -0.99705920
vn 0.99762990 0.00045192 -0.06880601
vn 0.99763000 0.00045194 0.06880568
vn 0.07663830 -0.00002151 0.99705900
vn 0.72447060 0.68551520 0.07218980
vn 0.05432891 0.05897278 0.99678010
vn 0.13657040 0.98984980 -0.03931738
vn 0.01927523 0.14500480 -0.98924310
vn 0.01513147 0.11186080 0.99360870
vn 0.13449320 0.98816940 0.07370689
vn -0.02824134 -0.00048181 0.99960110
vn -0.99696800 -0.01639443 0.07606600
vn -0.02038087 -0.01859979 0.99961920
vn -0.73155190 -0.67584970 0.08977210
vn -0.13693050 -0.98778770 0.07433368
vn -0.00452693 -0.03220909 0.99947090
vn -0.01927192 0.01969405 -0.99962030
vn -0.69172920 0.71629760 -0.09180687
vn -0.02724380 0.00050504 -0.99962870
vn -0.99691040 0.01776863 -0.07651062
vn -0.00318373 0.99726310 -0.07386617
vn -0.00011758 0.03404885 -0.99942020
vn -0.02038172 -0.01859972 -0.99961920
vn -0.73155390 -0.67585170 -0.08974098
vn -0.00452869 -0.03226220 -0.99946920
vn -0.13691810 -0.98779340 -0.07428090
vn -0.99696820 -0.01639413 -0.07606384
vn -0.02823979 -0.00048179 -0.99960110
vn -0.99750200 0.00000000 0.07063793
vn -0.04144971 0.00000000 0.99914060
vn -0.04144722 0.00000000 -0.99914070
vn -0.99750200 0.00000000 -0.07063813
vn 0.99721740 0.00000000 -0.07454867
vn 0.04790889 0.00000000 -0.99885180
vn 0.04791122 0.00000000 0.99885170
vn 0.99721740 0.00000000 0.07454845
vn 0.00000000 1.00000000 0.00000000
vn 0.00000000 1.00000000 0.00000000
vn 0.00000000 1.00000000 0.00000000
vn 0.00000000 1.00000000 0.00000000
vn -0.07713684 0.05030507 -0.99575050
vn -0.83432830 0.54758680 -0.06359917
vn -0.07836866 -0.08248087 -0.99350660
vn -0.68867860 -0.72244790 -0.06156899
vn -0.07709344 0.05026586 0.99575600
vn -0.83432720 0.54758780 0.06360596
vn -0.68867830 -0.72244820 0.06156985
vn -0.07837256 -0.08248757 0.99350570
vn 0.81363370 -0.57224250 -0.10265820
vn 0.01339284 -0.00933923 -0.99986670
vn 0.01342309 -0.00933203 0.99986640
vn 0.81369680 -0.57211660 0.10286030
vn 0.00542284 0.00649082 -0.99996420
vn 0.60891110 0.78092220 -0.13924020
vn 0.60890870 0.78092340 0.13924420
vn 0.00542503 0.00649149 0.99996420
vn 0.02567966 -0.06337396 -0.99765940
vn 0.59602280 -0.79900000 -0.07972222
vn 0.04966627 -0.07010563 0.99630240
vn 0.58380540 -0.80981080 0.05811817
vn 0.99744900 -0.00097046 -0.07137614
vn 0.08183750 -0.00059440 -0.99664550
vn -0.69172960 0.71629740 0.09180544
vn -0.01880003 0.01921209 0.99963870
vn 0.05431588 0.05031657 -0.99725530
vn 0.72758650 0.68366090 -0.05679540
vn 0.05432891 0.05897278 0.99678010
vn 0.72447060 0.68551520 0.07218980
vn -0.73155190 -0.67584970 0.08977210
vn -0.02038087 -0.01859979 0.99961920
vn -0.69172920 0.71629760 -0.09180687
vn -0.01927192 0.01969405 -0.99962030
vn -0.73155390 -0.67585170 -0.08974098
vn -0.02038172 -0.01859972 -0.99961920
vn 0.29674710 -0.95213260 0.07337982
vn 0.29674660 -0.95213280 -0.07337890
vn -0.32083200 0.94453250 -0.07017996
vn -0.32083200 0.94453250 0.07017974
vn -0.06211641 0.00024490 -0.99806890
vn 0.03344332 -0.00013720 -0.99944060
vn 0.01339284 -0.00933923 -0.99986670
vn -0.07713684 0.05030507 -0.99575050
vn -0.07709344 0.05026586 0.99575600
vn 0.01342309 -0.00933203 0.99986640
vn 0.03345163 -0.00013722 0.99944030
vn -0.06219799 0.00024524 0.99806370
vn 0.01050321 -0.03348326 -0.99938400
vn -0.02978934 0.08804561 -0.99567090
vn -0.02979248 0.08805303 0.99567020
vn 0.01050426 -0.03348605 0.99938390
vn -0.07836866 -0.08248087 -0.99350660
vn 0.00542284 0.00649082 -0.99996420
vn 0.03103881 -0.00009271 -0.99951820
vn -0.07108329 0.00000101 -0.99747040
vn -0.07110227 0.00000111 0.99746910
vn 0.03104252 -0.00009273 0.99951800
vn 0.00542503 0.00649149 0.99996420
vn -0.07837256 -0.08248757 0.99350570
vn 0.00004448 0.03836004 0.99926390
vn 0.00017306 -0.12861060 0.99169520
vn 0.00017295 -0.12859940 -0.99169660
vn 0.00004446 0.03835636 -0.99926410
vn -0.01481324 0.05908074 -0.99814330
vn 0.01229841 -0.05069076 -0.99863870
vn 0.00726559 -0.05115054 -0.99866450
vn -0.00958450 0.06533039 -0.99781760
vn -0.00957997 0.06529991 0.99781980
vn 0.00726561 -0.05118339 0.99866280
vn 0.01229968 -0.05069512 0.99863850
vn -0.01481436 0.05908566 0.99814300
vn -0.00557845 0.06047845 -0.99815390
vn 0.00510451 -0.05717460 -0.99835110
vn 0.00295912 -0.05583876 -0.99843540
vn -0.00338192 0.06183103 -0.99808100
vn -0.00338207 0.06183425 0.99808070
vn 0.00295194 -0.05584421 0.99843510
vn 0.00511103 -0.05728535 0.99834480
vn -0.00556854 0.06037132 0.99816040
vn -0.00116258 0.06168579 -0.99809500
vn 0.00101730 -0.05554055 -0.99845590
vn -0.00100252 -0.05520169 -0.99847470
vn 0.00115008 0.06101025 -0.99813650
vn 0.00115012 0.06101845 0.99813590
vn -0.00101087 -0.05519859 0.99847490
vn 0.00100944 -0.05554660 0.99845560
vn -0.00116270 0.06168522 0.99809500
vn 0.00339931 0.06035107 -0.99817140
vn -0.00295882 -0.05436305 -0.99851690
vn -0.00500289 -0.05422623 -0.99851610
vn 0.00644188 0.06058021 -0.99814260
vn 0.00647944 0.06048171 0.99814830
vn -0.00499907 -0.05414083 0.99852080
vn -0.00296700 -0.05436232 0.99851690
vn 0.00339932 0.06035478 0.99817120
vn 0.59602280 -0.79900000 -0.07972222
vn 0.00047706 -0.16203360 -0.98678510
vn -0.00011758 0.03404885 -0.99942020
vn -0.00011751 0.03402665 0.99942090
vn 0.00047353 -0.16109730 0.98693840
vn 0.08065863 0.00003807 0.99674180
vn -0.02732040 0.00050649 0.99962660
vn -0.04144971 0.00000000 0.99914060
vn 0.04791122 0.00000000 0.99885170
vn 0.04790889 0.00000000 -0.99885180
vn -0.04144722 0.00000000 -0.99914070
vn -0.02724380 0.00050504 -0.99962870
vn 0.07663513 -0.00002154 -0.99705920
vn -0.02823979 -0.00048179 -0.99960110
vn -0.02824134 -0.00048181 0.99960110
vn 0.07663830 -0.00002151 0.99705900
vn -0.00452869 -0.03226220 -0.99946920
vn 0.01927523 0.14500480 -0.98924310
vn 0.01513147 0.11186080 0.99360870
vn -0.00452693 -0.03220909 0.99947090
vn -0.01880003 0.01921209 0.99963870
vn 0.04966627 -0.07010563 0.99630240
vn -0.02038087 -0.01859979 0.99961920
vn 0.05432891 0.05897278 0.99678010
vn -0.01927192 0.01969405 -0.99962030
vn -0.02038172 -0.01859972 -0.99961920
vn 0.05431588 0.05031657 -0.99725530
vn 0.00000000 1.00000000 0.00000000
vn 0.00000000 1.00000000 0.00000000
vn 0.00000000 1.00000000 0.00000000
vn 0.00000000 1.00000000 0.00000000
vn -0.06581693 0.01122233 -0.99776860
vn -0.00805468 0.10209780 -0.99474180
vn -0.03021286 0.72266250 -0.69054050
vn -0.02823361 0.99739650 -0.06635705
vn -0.71057770 0.69736080 -0.09363446
vn -0.99941500 0.00874873 -0.03306261
vn -0.86483230 0.00336282 -0.50204960
vn -0.17910220 0.00002306 -0.98383050
vn -0.04968634 -0.02773674 -0.99837970
vn -0.19927220 -0.00063524 -0.97994390
vn -0.82784580 -0.00558141 -0.56092810
vn -0.99901320 -0.00826597 -0.04363850
vn -0.71312030 -0.69574310 -0.08602796
vn -0.00503650 -0.99846150 -0.05521981
vn -0.00415355 -0.77597090 -0.63075500
vn -0.00034977 -0.07662026 -0.99706020
vn 0.27494500 -0.81978400 -0.50235390
vn 0.00000000 0.00000000 -1.00000000
vn 0.00000053 0.00000000 -1.00000000
vn -0.00000017 0.00000000 -1.00000000
vn 0.69529780 -0.50951740 -0.50690510
vn 0.00323175 0.88782020 -0.46017920
vn 0.90177880 0.00224280 -0.43219190
vn -0.00000020 0.00000000 -1.00000000
vn 0.00000014 0.00000000 -1.00000000
vn 0.00000000 0.00000000 -1.00000000
vn -0.53133170 0.29586180 -0.79382150
vn -0.46841340 -0.38038190 -0.79743240
vn 0.60171720 0.63616370 -0.48294110
vn 1.00000000 0.00000000 0.00000000
vn 1.00000000 0.00000000 0.00000000
vn 0.00003431 0.99772920 -0.06735259
vn -0.00000448 -0.04132161 -0.99914590
vn 0.00007775 0.08490012 -0.99638940
vn 0.00029461 0.69491490 -0.71909200
vn 0.00000939 -0.99783930 -0.06570263
vn 0.00000978 -0.68993030 -0.72387580
vn 0.99999850 -0.00010467 -0.00174727
vn 0.99999990 -0.00035445 -0.00049174
vn -0.06581510 0.01122132 0.99776880
vn -0.00805407 0.10209660 0.99474190
vn -0.03021252 0.72266370 0.69053920
vn -0.02823360 0.99739650 0.06635713
vn -0.71057810 0.69736040 0.09363443
vn -0.99941500 0.00874873 0.03306260
vn -0.86483280 0.00336270 0.50204880
vn -0.17910050 0.00002308 0.98383070
vn -0.04968582 -0.02773700 0.99837970
vn -0.19927040 -0.00063520 0.97994430
vn -0.82784610 -0.00558126 0.56092760
vn -0.99901320 -0.00826597 0.04363844
vn -0.71312090 -0.69574240 0.08602957
vn -0.00503653 -0.99846150 0.05521978
vn -0.00415351 -0.77597190 0.63075380
vn -0.00034979 -0.07661945 0.99706020
vn 0.31652580 -0.93495680 0.16020980
vn 0.00000000 0.00000000 1.00000000
vn 0.00000105 0.00000000 1.00000000
vn 0.00000000 0.00000000 1.00000000
vn 0.81477980 -0.55299410 0.17415950
vn 0.00271548 0.98821540 0.15304480
vn 0.98915660 0.00096099 0.14686180
vn 0.00000000 0.00000000 1.00000000
vn 0.00000000 0.00000000 1.00000000
vn 0.00000000 0.00000000 1.00000000
vn -0.53133080 0.29586130 0.79382210
vn -0.46840960 -0.38038120 0.79743510
vn 0.67718800 0.71220260 0.18488870
vn 1.00000000 0.00000000 0.00000000
vn 1.00000000 0.00000000 0.00000000
vn 0.00003499 0.99772940 0.06735135
vn 1.00000000 -0.00000415 0.00000000
vn 0.00007655 0.08490131 0.99638940
vn 0.00029338 0.69491330 0.71909360
vn 0.00001005 -0.99783930 0.06570259
vn 1.00000000 -0.00004101 0.00000000
vn 1.00000000 -0.00034879 0.00005042
vn 0.99999620 -0.00081815 0.00265735
vn 0.00081319 0.88778120 -0.46026500
vn -0.00000253 -0.04208372 -0.99911410
vn 0.00000000 0.00000000 -1.00000000
vn 0.00002075 0.99776170 -0.06686885
vn -1.00000000 0.00000000 0.00000000
vn 0.00005310 0.09705710 -0.99527880
vn 0.00017764 0.69712920 -0.71694550
vn 0.00000559 -0.99782480 -0.06592151
vn 0.00000618 -0.68567190 -0.72791080
vn 0.00000000 0.00000000 -1.00000000
vn 0.00000559 -0.99782480 0.06592146
vn 0.00000022 0.00000000 1.00000000
vn 0.00002078 0.99776170 0.06686915
vn -0.00000251 -0.04208327 0.99911410
vn -0.80761470 -0.58126490 0.09944656
vn 0.00005326 0.09705809 0.99527870
vn 0.00017778 0.69712570 0.71694890
vn 0.00000619 -0.68567230 0.72791050
vn 0.00081839 0.88774440 0.46033610
vn -0.17012030 0.97555180 0.13913260
vn 0.00000000 0.00000000 -1.00000000
vn 0.00000000 0.00000000 -1.00000000
vn 1.00000000 0.00034464 -0.00004983
vn 0.99999900 0.00034710 0.00137531
vn -1.00000000 0.00000000 0.00000000
vn -1.00000000 0.00000000 0.00000000
vn 0.00001073 0.99787340 -0.06518172
vn -0.00001073 0.99787340 -0.06518172
vn -0.00009045 0.70482410 -0.70938210
vn 0.00009045 0.70482410 -0.70938210
vn -0.00003896 0.14318680 -0.98969570
vn 0.00003896 0.14318520 -0.98969590
vn 0.00000000 0.00000000 -1.00000000
vn 0.00000000 0.00000000 -1.00000000
vn 0.21062350 -0.84124510 -0.49794010
vn 0.12578420 -0.85971170 -0.49504960
vn 0.00000000 0.00000000 -1.00000000
vn 0.00000000 0.00000000 -1.00000000
vn 0.07986491 -0.86583550 -0.49391320
vn 0.04748786 -0.86821440 -0.49391180
vn 0.00000000 0.00000000 -1.00000000
vn 0.00000000 0.00000000 -1.00000000
vn 0.01650698 -0.86926940 -0.49406290
vn -0.01650718 -0.86926970 -0.49406250
vn -0.00007040 0.13004170 -0.99150850
vn -0.00005725 0.10686830 -0.99427310
vn -0.00017900 0.70238380 -0.71179840
vn -0.00017506 0.69872680 -0.71538870
vn -0.00002115 0.99783880 -0.06570996
vn -0.00002053 0.99778540 -0.06651368
vn -0.00003167 0.06580059 -0.99783280
vn -0.00004550 0.08517277 -0.99636610
vn -0.00017226 0.69556550 -0.71846260
vn -0.00015219 0.69264180 -0.72128170
vn -0.00002001 0.99773990 -0.06719503
vn -0.00001737 0.99768340 -0.06802738
vn 0.00000010 0.00000000 -1.00000000
vn 0.00000018 0.00000000 -1.00000000
vn -0.04785790 -0.86634780 -0.49714300
vn -0.07996199 -0.85446480 -0.51331870
vn 0.00007024 0.13012530 -0.99149760
vn 0.00005695 0.10782870 -0.99416950
vn 0.00017814 0.70239190 -0.71179040
vn 0.00017231 0.69889740 -0.71522190
vn 0.00002021 0.99778820 -0.06647338
vn 0.00002107 0.99783890 -0.06570851
vn -0.00001075 0.99787340 0.06518172
vn 0.00001075 0.99787340 0.06518173
vn -0.00009060 0.70482490 0.70938130
vn 0.00009056 0.70482500 0.70938120
vn -0.00003901 0.14318690 0.98969570
vn 0.00003899 0.14318560 0.98969590
vn -0.00000021 0.00000000 1.00000000
vn -0.00000014 0.00000000 1.00000000
vn 0.14328820 -0.97737720 0.15557060
vn 0.24011210 -0.95798000 0.15690970
vn 0.00000000 0.00000000 1.00000000
vn 0.00000000 0.00000000 1.00000000
vn 0.05396309 -0.98660410 0.15394930
vn 0.09075407 -0.98389960 0.15396510
vn 0.00000000 0.00000000 1.00000000
vn 0.00000000 0.00000000 1.00000000
vn -0.01865885 -0.98790400 0.15393960
vn 0.01865908 -0.98790450 0.15393730
vn -0.00007050 0.13004220 0.99150850
vn -0.00005721 0.10686880 0.99427310
vn -0.00017908 0.70238490 0.71179730
vn -0.00017496 0.69872730 0.71538820
vn -0.00002052 0.99778540 0.06651372
vn -0.00002115 0.99783880 0.06570988
vn -0.00004545 0.08517243 0.99636610
vn -0.00003179 0.06579968 0.99783280
vn -0.00015216 0.69264170 0.72128180
vn -0.00017198 0.69556550 0.71846270
vn -0.00001737 0.99768340 0.06802745
vn -0.00001999 0.99773990 0.06719504
vn 0.00000000 0.00000000 1.00000000
vn 0.00000012 0.00000000 1.00000000
vn -0.05526082 -0.98631870 0.15531190
vn -0.09441146 -0.98235220 0.16146420
vn 0.00007013 0.13012610 0.99149750
vn 0.00005701 0.10782970 0.99416940
vn 0.00017802 0.70239230 0.71179000
vn 0.00017225 0.69889500 0.71522420
vn 0.00002103 0.99783890 0.06570841
vn 0.00002015 0.99778820 0.06647357
vn 0.98731880 -0.00502718 0.15867060
vn 0.90180030 -0.00667276 -0.43210150
vn 0.00000000 0.86133180 -0.50804290
vn 0.00000000 0.86133180 -0.50804290
vn 0.00000000 0.49889800 -0.86666070
vn 0.00000000 0.49889930 -0.86665990
vn 0.00000000 0.08571206 -0.99632000
vn 0.00000000 0.08571206 -0.99632000
vn 0.00000000 -0.78329390 0.62165160
vn 0.00000000 -0.78329390 0.62165160
vn 0.00000000 0.77934200 -0.62659880
vn 0.00000000 0.77934200 -0.62659880
vn 0.00000000 -0.37857240 -0.92557170
vn 0.00000000 -0.37857340 -0.92557130
vn 0.00000000 -0.33046260 0.94381900
vn 0.00000000 -0.33046260 0.94381900
vn 0.98151440 0.02044442 -0.19029350
vn 0.99852570 0.00393056 -0.05413863
vn 0.00000000 0.91366400 -0.40647030
vn 0.00000000 0.87678100 -0.48088970
vn -0.99750130 0.00287256 -0.07059015
vn -0.97668660 0.01222073 -0.21432220
vn -0.99737950 0.00102179 -0.07234040
vn -0.98553960 0.00074623 -0.16944370
vn 0.00000000 -0.99986120 0.01665969
vn 0.00000000 -0.93278520 -0.36043280
vn 0.99752120 0.00286452 -0.07030819
vn 0.97661940 0.01220529 -0.21462890
vn 0.00000000 -0.12782640 0.99179650
vn 0.00000000 -0.66864420 0.74358250
vn 0.00000000 -0.12782640 0.99179650
vn 0.00000000 -0.66864420 0.74358250
vn 0.00000000 -0.73235610 0.68092190
vn 0.00000000 -0.73235610 0.68092190
vn 1.00000000 0.00000000 0.00000000
vn 0.00000000 0.72804500 -0.68552930
vn 0.00000000 0.86133120 -0.50804390
vn 0.00000000 0.86133120 -0.50804390
vn 0.00000000 0.49889970 -0.86665970
vn 0.00000000 0.49890110 -0.86665900
vn 0.00000000 0.08571223 -0.99631990
vn 0.00000000 0.08571223 -0.99631990
vn 0.00000000 -0.78329370 0.62165190
vn 0.00000000 -0.78329370 0.62165190
vn 0.00000000 0.77934280 -0.62659780
vn 0.00000000 0.77934280 -0.62659780
vn 0.00000000 -0.37856850 -0.92557320
vn 0.00000000 -0.37856950 -0.92557280
vn 0.00000000 -0.33046180 0.94381930
vn 0.00000000 -0.33046180 0.94381930
vn 0.98151440 0.02044446 -0.19029320
vn 0.99852570 0.00393059 -0.05413870
vn 0.00000000 0.91366330 -0.40647180
vn 0.00000000 0.87678250 -0.48088710
vn -0.99750130 0.00287257 -0.07059017
vn -0.97668660 0.01222066 -0.21432220
vn -0.99737950 0.00102178 -0.07234029
vn -0.98553970 0.00074623 -0.16944320
vn 0.00000000 -0.99986120 0.01666078
vn 0.00000000 -0.93278650 -0.36042930
vn 0.99752120 0.00286451 -0.07030812
vn 0.97661930 0.01220531 -0.21462910
vn 0.00000000 -0.12782640 0.99179650
vn 0.00000000 -0.66864610 0.74358080
vn 0.00000000 -0.12782640 0.99179650
vn 0.00000000 -0.66864610 0.74358080
vn 0.00000000 -0.73235620 0.68092160
vn 0.00000000 -0.73235620 0.68092160
vn 1.00000000 0.00000000 0.00000000
vn 0.00000000 0.72804610 -0.68552820
vn -0.86483230 0.00336282 -0.50204960
vn -0.82784580 -0.00558141 -0.56092810
vn -0.03021286 0.72266250 -0.69054050
vn -0.53133170 0.29586180 -0.79382150
vn -0.71057770 0.69736080 -0.09363446
vn -0.53133170 0.29586180 -0.79382150
vn -0.46841340 -0.38038190 -0.79743240
vn -0.71312030 -0.69574310 -0.08602796
vn -0.00415355 -0.77597090 -0.63075500
vn -0.46841340 -0.38038190 -0.79743240
vn 0.27327150 -0.82045500 -0.50217140
vn 0.61856880 -0.59293740 -0.51555590
vn 0.90146980 -0.01377727 -0.43262280
vn 0.69529780 -0.50951740 -0.50690510
vn 0.61856880 -0.59293740 -0.51555590
vn 0.59385690 0.64348970 -0.48296480
vn 0.00438798 0.88783710 -0.46013700
vn 0.90166130 0.00629382 -0.43239710
vn 0.59385690 0.64348970 -0.48296480
vn 0.60171720 0.63616370 -0.48294110
vn 0.00029461 0.69491490 -0.71909200
vn 0.00017764 0.69712920 -0.71694550
vn 0.00000618 -0.68567190 -0.72791080
vn -0.71057810 0.69736040 0.09363443
vn -0.86483280 0.00336270 0.50204880
vn -0.82784610 -0.00558126 0.56092760
vn -0.71312090 -0.69574240 0.08602957
vn -0.00415351 -0.77597190 0.63075380
vn 0.00000619 -0.68567230 0.72791050
vn 0.90147020 -0.01377723 0.43262190
vn 0.61856910 -0.59293680 0.51555610
vn 0.00438796 0.88783760 0.46013600
vn 0.00000000 0.00000000 1.00000000
vn -0.03021252 0.72266370 0.69053920
vn -0.53133080 0.29586130 0.79382210
vn -0.53133080 0.29586130 0.79382210
vn -0.46840960 -0.38038120 0.79743510
vn -0.46840960 -0.38038120 0.79743510
vn 0.81477980 -0.55299410 0.17415950
vn 0.61856910 -0.59293680 0.51555610
vn 0.27327150 -0.82045530 0.50217110
vn 0.59385700 0.64349020 0.48296390
vn 0.67718800 0.71220260 0.18488870
vn 0.59385700 0.64349020 0.48296390
vn 0.90166170 0.00629382 0.43239610
vn 0.00029338 0.69491330 0.71909360
vn 0.00017778 0.69712570 0.71694890
vn 1.00000000 -0.00004101 0.00000000
vn 1.00000000 0.00012857 0.00000000
vn 1.00000000 0.00012857 0.00000000
vn 1.00000000 -0.00000415 0.00000000
vn 1.00000000 0.00000788 0.00000000
vn 1.00000000 0.00000788 0.00000000
vn 1.00000000 0.00004592 0.00000000
vn 1.00000000 0.00004592 0.00000000
vn 1.00000000 0.00000000 0.00000000
vn 1.00000000 0.00000000 0.00000000
vn 0.83604310 -0.54866380 0.00000000
vn 0.99999240 -0.00392715 0.00000000
vn 0.31652580 -0.93495680 0.16020980
vn 0.32170940 -0.94683840 0.00000000
vn 0.69005190 0.72375990 0.00000000
vn 1.00000000 0.00029129 0.00000000
vn 0.69005190 0.72375990 0.00000000
vn 0.00236767 0.99999730 0.00000000
vn 0.00000000 0.00000000 -1.00000000
vn 0.00000978 -0.68993030 -0.72387580
vn 0.00000000 0.00000000 -1.00000000
vn 0.00081319 0.88778120 -0.46026500
vn 0.00000033 -0.04132140 0.99914590
vn 0.00001594 -0.68993480 0.72387150
vn 0.00001594 -0.68993480 0.72387150
vn 0.00000415 0.00000000 1.00000000
vn 0.00000069 0.00000000 1.00000000
vn -0.23419210 0.97219040 0.00000000
vn 0.99999300 0.00033824 -0.00375408
vn -1.00000000 0.00000000 0.00000000
vn -1.00000000 0.00000000 0.00000000
vn -1.00000000 0.00000000 0.00000000
vn -1.00000000 0.00000000 0.00000000
vn -0.23419210 0.97219040 0.00000000
vn -0.17012030 0.97555180 0.13913260
vn -0.88300120 -0.46937070 0.00000000
vn 0.00139046 0.88360430 0.46823220
vn 0.00139046 0.88360430 0.46823220
vn 0.00000161 0.00000000 1.00000000
vn 0.00000161 0.00000000 1.00000000
vn 0.00000081 0.00000000 1.00000000
vn 0.00000081 0.00000000 1.00000000
vn 0.00000000 0.00000000 1.00000000
vn 0.00000000 0.00000000 1.00000000
vn -0.08376348 -0.85090780 0.51859390
vn -0.80761470 -0.58126490 0.09944656
vn -0.09203465 -0.84753880 0.52269260
vn -0.08376348 -0.85090780 0.51859400
vn -0.00009045 0.70482410 -0.70938210
vn 0.00009045 0.70482410 -0.70938210
vn 0.21023180 -0.84135370 -0.49792220
vn 0.12616180 -0.85965050 -0.49505980
vn 0.24321900 -0.96997140 0.00000000
vn 0.14516340 -0.98940770 0.00000000
vn 0.07987937 -0.86583430 -0.49391320
vn 0.04747304 -0.86821510 -0.49391170
vn 0.09184892 -0.99577300 0.00000000
vn 0.05461406 -0.99850740 0.00000000
vn 0.01631504 -0.86927230 -0.49406430
vn -0.01631524 -0.86927250 -0.49406400
vn 0.01884566 -0.99982240 0.00000000
vn -0.01884526 -0.99982240 0.00000000
vn -0.00017900 0.70238380 -0.71179840
vn -0.00017506 0.69872680 -0.71538870
vn -0.00017226 0.69556550 -0.71846260
vn -0.00015219 0.69264180 -0.72128170
vn -0.04784530 -0.86635000 -0.49714030
vn -0.07995824 -0.85446690 -0.51331580
vn -0.05623554 -0.99841750 0.00000000
vn -0.09660505 -0.99532290 0.00000000
vn 0.00017231 0.69889740 -0.71522190
vn 0.00017814 0.70239190 -0.71179040
vn 0.00009056 0.70482500 0.70938120
vn -0.00009060 0.70482490 0.70938130
vn 0.12616190 -0.85965140 0.49505820
vn 0.21023200 -0.84135430 0.49792130
vn 0.04747308 -0.86821530 0.49391140
vn 0.07987933 -0.86583480 0.49391220
vn -0.01631530 -0.86927330 0.49406260
vn 0.01631511 -0.86927260 0.49406350
vn -0.00017496 0.69872730 0.71538820
vn -0.00017908 0.70238490 0.71179730
vn -0.00015216 0.69264170 0.72128180
vn -0.00017198 0.69556550 0.71846270
vn -0.07995839 -0.85446770 0.51331420
vn -0.04784548 -0.86635110 0.49713840
vn 0.00017802 0.70239230 0.71179000
vn 0.00017225 0.69889500 0.71522420
vn -0.88300120 -0.46937070 0.00000000
vn 0.32170940 -0.94683840 0.00000000
vn -0.09253761 -0.84733050 -0.52294150
vn -0.09253763 -0.84733050 -0.52294150
vn -1.00000000 0.00000000 0.00000000
vn -1.00000000 0.00000107 0.00000000
vn -1.00000000 0.00000079 0.00000000
vn -1.00000000 0.00000000 0.00000000
vn 0.00000000 0.91366400 -0.40647040
vn 0.00000000 0.87678140 -0.48088910
vn -0.99849720 0.00376034 -0.05467270
vn -0.98166750 0.01982488 -0.18956790
vn 0.00000000 -0.99986120 0.01665969
vn 0.00000000 -0.93278490 -0.36043360
vn 0.99742110 0.00075565 -0.07176714
vn 0.98545490 0.00039808 -0.16993650
vn 0.00000000 -0.33046260 0.94381900
vn 0.00000000 -0.33046260 0.94381900
vn -1.00000000 0.00000000 0.00000000
vn 1.00000000 0.00000000 0.00000000
vn 1.00000000 0.00000066 0.00000000
vn 0.00000000 0.49889800 -0.86666070
vn 0.00000000 0.49889930 -0.86665990
vn -0.93228940 0.02240689 -0.36101870
vn -0.92376150 0.06694677 -0.37707140
vn -0.93620510 -0.00314927 -0.35143970
vn 0.00000000 -0.37857240 -0.92557170
vn 0.00000000 -0.37857340 -0.92557130
vn 0.93243130 0.02236034 -0.36065490
vn 0.93631600 -0.00305513 -0.35114530
vn 0.92396800 0.06669728 -0.37660950
vn -1.00000000 -0.00000035 0.00000000
vn 1.00000000 0.00000184 0.00000000
vn 1.00000000 0.00000162 0.00000000
vn 1.00000000 0.00000111 0.00000000
vn 1.00000000 0.00000078 0.00000000
vn 1.00000000 0.00000000 0.00000000
vn 0.00000000 0.72804500 -0.68552930
vn -1.00000000 0.00000173 0.00000000
vn -1.00000000 0.00000173 0.00000000
vn 0.00000000 0.69544020 0.71858400
vn 0.00000000 0.69544020 0.71858400
vn 0.00000000 0.69544020 0.71858400
vn 0.00000000 0.69544020 0.71858400
vn -1.00000000 0.00000000 0.00000000
vn -1.00000000 0.00000107 0.00000000
vn -1.00000000 0.00000079 0.00000000
vn -1.00000000 0.00000000 0.00000000
vn 0.00000000 0.91366330 -0.40647180
vn 0.00000000 0.87678280 -0.48088650
vn -0.99849720 0.00376036 -0.05467287
vn -0.98166730 0.01982502 -0.18956890
vn 0.00000000 -0.99986120 0.01666078
vn 0.00000000 -0.93278620 -0.36043020
vn 0.99742110 0.00075564 -0.07176707
vn 0.98545490 0.00039808 -0.16993640
vn 0.00000000 -0.33046180 0.94381930
vn 0.00000000 -0.33046180 0.94381930
vn -1.00000000 0.00000000 0.00000000
vn 1.00000000 0.00000000 0.00000000
vn 1.00000000 0.00000066 0.00000000
vn 0.00000000 0.49889970 -0.86665970
vn 0.00000000 0.49890110 -0.86665900
vn -0.93228900 0.02240689 -0.36101970
vn -0.92376140 0.06694677 -0.37707180
vn -0.93620470 -0.00314927 -0.35144100
vn 0.00000000 -0.37856850 -0.92557320
vn 0.00000000 -0.37856950 -0.92557280
vn 0.93243090 0.02236036 -0.36065580
vn 0.93631550 -0.00305513 -0.35114660
vn 0.92396780 0.06669756 -0.37660990
vn -1.00000000 -0.00000035 0.00000000
vn 1.00000000 0.00000184 0.00000000
vn 1.00000000 0.00000162 0.00000000
vn 1.00000000 0.00000111 0.00000000
vn 1.00000000 0.00000078 0.00000000
vn 1.00000000 0.00000000 0.00000000
vn 0.00000000 0.72804610 -0.68552820
vn -1.00000000 0.00000173 0.00000000
vn -1.00000000 0.00000173 0.00000000
vn 0.00000000 0.69544260 0.71858170
vn 0.00000000 0.69544260 0.71858170
vn 0.00000000 0.69544260 0.71858170
vn 0.00000000 0.69544260 0.71858170
vt -0.09669143 0.73267710
vt 0.00000000 0.00000000
vt 0.00000000 1.00000000
vt 1.00000000 1.00000000
vt 1.00000000 0.00000000
vt -0.07863742 0.23741780
vt -0.09696645 0.24502190
vt -0.07835382 0.74026160
vt -0.10455010 0.26335880
vt -0.10429540 0.71434760
vt 1.13306000 0.73198320
vt 1.13278500 0.24432800
vt 1.11444700 0.23674450
vt 1.11473100 0.73958850
vt 1.14064300 0.71364500
vt 1.14038900 0.26265630
vt 0.55000000 0.49888180
vt 0.60000000 0.49888180
vt 0.50000000 0.44888190
vt 0.55000000 0.44888190
vt 0.50000000 0.49888180
vt 0.60000000 0.44888190
vt 0.65000000 0.49888180
vt 0.70000000 0.49888180
vt 0.60000000 0.44888190
vt 0.65000000 0.44888190
vt 0.60000000 0.49888180
vt 0.70000000 0.44888190
vt 0.70000000 0.54888180
vt 0.75000000 0.54888180
vt 0.70000000 0.49888180
vt 0.75000000 0.49888180
vt 0.80000000 0.49888180
vt 0.80000000 0.54888180
vt 0.80000000 0.54888180
vt 0.85000000 0.54888180
vt 0.80000000 0.49888180
vt 0.85000000 0.49888180
vt 0.90000000 0.49888180
vt 0.90000000 0.54888180
vt 0.00000000 0.89912500
vt 0.05000000 0.89912500
vt 0.05000000 0.94912510
vt 0.00000000 0.94912510
vt 0.35000000 0.49888180
vt 0.40000000 0.49888180
vt 0.30000000 0.44888190
vt 0.35000000 0.44888190
vt 0.30000000 0.49888180
vt 0.40000000 0.44888190
vt 0.60000000 0.54888180
vt 0.65000000 0.54888180
vt 0.60000000 0.49888180
vt 0.65000000 0.49888180
vt 0.70000000 0.49888180
vt 0.70000000 0.54888180
vt 0.20000000 0.54888180
vt 0.20000000 0.49888180
vt 0.25000000 0.49888180
vt 0.25000000 0.54888180
vt 0.15000000 0.54888180
vt 0.15000000 0.49888180
vt 0.20000000 0.49888180
vt 0.20000000 0.54888180
vt 0.05000000 0.54888180
vt 0.05000000 0.49888180
vt 0.10000000 0.49888180
vt 0.10000000 0.54888180
vt 0.00000000 0.54888180
vt 0.00000000 0.49888180
vt 0.05000000 0.49888180
vt 0.05000000 0.54888180
vt 0.50000000 0.54888180
vt 0.55000000 0.54888180
vt 0.50000000 0.49888180
vt 0.55000000 0.49888180
vt 0.60000000 0.49888180
vt 0.60000000 0.54888180
vt 0.45000000 0.54888180
vt 0.45000000 0.49888180
vt 0.50000000 0.49888180
vt 0.50000000 0.54888180
vt 0.45000000 0.49888180
vt 0.50000000 0.49888180
vt 0.40000000 0.44888190
vt 0.45000000 0.44888190
vt 0.40000000 0.49888180
vt 0.50000000 0.44888190
vt 0.95000000 0.49888180
vt 1.00000000 0.49888180
vt 0.90000000 0.44888190
vt 0.95000000 0.44888190
vt 0.90000000 0.49888180
vt 1.00000000 0.44888190
vt 0.90000000 0.54888180
vt 0.95000000 0.54888180
vt 1.00000000 0.54888180
vt 0.90000000 0.49888180
vt 0.95000000 0.49888180
vt 1.00000000 0.49888180
vt 0.75000000 0.49888180
vt 0.80000000 0.49888180
vt 0.70000000 0.44888190
vt 0.75000000 0.44888190
vt 0.70000000 0.49888180
vt 0.80000000 0.44888190
vt 0.40000000 0.54888180
vt 0.40000000 0.49888180
vt 0.45000000 0.49888180
vt 0.45000000 0.54888180
vt 0.35000000 0.54888180
vt 0.35000000 0.49888180
vt 0.40000000 0.49888180
vt 0.40000000 0.54888180
vt 0.30000000 0.54888180
vt 0.30000000 0.49888180
vt 0.35000000 0.49888180
vt 0.35000000 0.54888180
vt 0.25000000 0.54888180
vt 0.25000000 0.49888180
vt 0.30000000 0.49888180
vt 0.30000000 0.54888180
vt 0.10000000 0.54888180
vt 0.10000000 0.49888180
vt 0.15000000 0.49888180
vt 0.15000000 0.54888180
vt 0.20095190 0.95020310
vt 0.20095190 0.90020300
vt 0.25097340 0.90020300
vt 0.25097340 0.95020310
vt 0.20096710 0.95020310
vt 0.20096710 0.90020300
vt 0.25097340 0.90020300
vt 0.25097340 0.95020310
vt 0.20098910 0.95020310
vt 0.20098910 0.90020300
vt 0.25097340 0.90020300
vt 0.25097340 0.95020310
vt 0.20098680 0.95020310
vt 0.20098680 0.90020300
vt 0.25097340 0.90020300
vt 0.25097340 0.95020310
vt 0.20098080 0.95020310
vt 0.20098080 0.90020300
vt 0.25097340 0.90020300
vt 0.25097340 0.95020310
vt 0.20100920 0.95020310
vt 0.20100920 0.90020300
vt 0.25097340 0.90020300
vt 0.25097340 0.95020310
vt 0.20093760 0.95020310
vt 0.20093760 0.90020300
vt 0.25097340 0.90020300
vt 0.25097340 0.95020310
vt 0.20094690 0.95020310
vt 0.20094690 0.90020300
vt 0.25097340 0.90020300
vt 0.25097340 0.95020310
vt 0.20094060 0.95020310
vt 0.20094060 0.90020300
vt 0.25097340 0.90020300
vt 0.25097340 0.95020310
vt 0.20096990 0.95020310
vt 0.20096990 0.90020300
vt 0.25097340 0.90020300
vt 0.25097340 0.95020310
vt 0.00000000 0.00000000
vt 0.00000000 1.00000000
vt 1.00000000 1.00000000
vt 1.00000000 0.00000000
vt 0.81460970 0.26786110
vt 1.14893000 -0.06645945
vt 0.67232500 1.06154100
vt 0.77421160 1.05336500
vt 0.77443860 1.06145000
vt 0.77588120 1.06771500
vt 0.78119720 1.08547500
vt 0.66525860 1.07908000
vt 0.78119370 1.07898500
vt 0.64398840 1.09343100
vt 0.80260400 1.09335900
vt 0.86718980 1.21463000
vt 0.38832970 1.21463100
vt -0.37921800 0.60555510
vt -0.39345630 0.60555510
vt -0.37921800 -0.32825620
vt 0.78087280 1.06050400
vt 0.78194400 1.05424600
vt 0.78676500 1.05798500
vt 0.78361980 1.06491100
vt 0.79010070 1.06474200
vt 0.79525850 1.06474400
vt 0.78754270 1.07483700
vt 0.79094210 1.07918800
vt 1.10725900 -0.08873317
vt 0.87936280 1.21463000
vt 0.87936320 0.64165790
vt 0.79233600 0.22618980
vt 0.19375360 0.60555340
vt 1.06204300 -0.10244890
vt 0.20480140 -0.32825780
vt 0.20703860 -0.34026070
vt 0.21697450 -0.32825780
vt 1.29526200 -0.32825780
vt 0.21697450 -0.34296380
vt 1.29526200 -0.34296380
vt 1.01502000 -0.10708100
vt 0.90254350 1.20039400
vt 0.77398870 0.13395150
vt 0.77862020 0.18097400
vt 0.96799720 -0.10244890
vt 0.77861990 0.08692828
vt 0.79233600 0.04171178
vt 0.88111030 -0.06645945
vt 0.81460970 0.00004041
vt 0.84458500 -0.03648412
vt 0.69571530 -0.32825780
vt -0.39345630 -0.32825620
vt 0.69583310 0.60555340
vt 0.92278120 -0.08873311
vt 0.70564990 -0.34026070
vt 0.69571350 -0.34296380
vt 1.38128200 1.20039400
vt -0.37921800 -0.34296230
vt 0.19375680 -0.34296380
vt 1.38128300 0.62741960
vt 0.84458510 0.30438580
vt 0.88111030 0.33436160
vt 0.92278160 0.35663570
vt 0.96799720 0.37035110
vt 1.01502000 0.37498280
vt 1.29526200 0.60555360
vt 0.67090300 1.06781100
vt 0.66526220 1.08551300
vt 0.67245290 1.05336500
vt 0.79528210 0.79231380
vt 0.36508460 0.89289360
vt 1.18545500 -0.03648421
vt 0.78202050 0.80297140
vt 0.66583060 1.06057300
vt 0.66308520 1.06498100
vt 0.65903470 1.07495900
vt 0.65564320 1.07927000
vt 0.66470720 1.05423500
vt 0.65989970 1.05798500
vt 0.65653200 1.06490700
vt 0.65138260 1.06490500
vt 0.80267620 0.76378830
vt 0.86719100 0.64165790
vt 1.21543100 0.00004023
vt 0.77428700 0.80377890
vt 0.35796280 0.89984910
vt 0.21697450 0.60555340
vt 0.67237750 0.80377890
vt 0.66465740 0.80296120
vt 1.23770500 0.04171169
vt 0.33983740 0.62741950
vt 0.65140600 0.79247570
vt 0.78088330 0.79663150
vt 0.78360460 0.79224510
vt 0.77438120 0.79564310
vt 1.25142100 0.08692798
vt 0.77576170 0.78940890
vt 0.78762980 0.78226030
vt 0.79102130 0.77794910
vt 0.78140600 0.77813880
vt 0.65986920 0.79926750
vt 0.78140230 0.77170620
vt 0.67078340 0.78950410
vt 1.25605200 0.13395120
vt 0.64406060 0.76386050
vt -0.39083940 0.61755780
vt 1.06204300 0.37035130
vt 0.67218430 0.79573550
vt 0.66546730 0.77174410
vt 1.25142100 0.18097360
vt 0.69583500 0.62025860
vt 1.10725900 0.35663580
vt 0.66574260 0.79670200
vt 1.23770500 0.22618980
vt 0.66547080 0.77823400
vt 1.14893000 0.33436140
vt 0.66301960 0.79231560
vt 1.21543100 0.26786040
vt 1.18545600 0.30438540
vt 0.65912190 0.78238220
vt 0.65572260 0.77803200
vt 1.30950000 0.60555360
vt 0.38832970 0.64165790
vt 1.30688300 0.61755630
vt 1.29526200 0.62025860
vt 0.21697450 0.62025860
vt 1.07481600 -0.01040977
vt 1.10183100 0.00402981
vt 0.88509870 0.22076170
vt 0.87065940 0.19374730
vt 1.04550400 -0.01930127
vt 0.86176740 0.16443480
vt 1.01502000 -0.02230462
vt 0.85876510 0.13395130
vt 0.98453680 -0.01930133
vt 0.86176740 0.10346710
vt 0.95522390 -0.01040965
vt 0.87065910 0.07415414
vt 0.92820910 0.00402972
vt 0.88509870 0.04714000
vt 0.90453060 0.02346212
vt 0.90453140 0.24443980
vt 0.92821000 0.26387280
vt 0.95522390 0.27831240
vt 0.98453610 0.28720340
vt 1.01502000 0.29020630
vt 1.12551000 0.02346224
vt 1.14494200 0.04713979
vt 1.15938100 0.07415414
vt 1.16827300 0.10346690
vt 1.17127500 0.13395120
vt 1.04550400 0.28720340
vt 1.16827300 0.16443460
vt 1.07481600 0.27831260
vt 1.15938100 0.19374700
vt 1.10183000 0.26387280
vt 1.14494200 0.22076070
vt 1.12550900 0.24443970
vt 1.01502000 0.13395100
vt 0.00000000 0.00000000
vt 0.00000000 1.00000000
vt 1.00000000 1.00000000
vt 1.00000000 0.00000000
vt 0.78361980 1.06491100
vt 0.78754270 1.07483700
vt 0.79094210 1.07918800
vt 0.79525850 1.06474400
vt -0.37921800 0.62026020
vt 0.19375360 0.62025940
vt 1.30688300 -0.34026070
vt 1.30950000 -0.32825780
vt 0.89037040 1.20039400
vt 0.89260760 1.21201600
vt 0.90254350 1.21463300
vt 0.70800640 0.60555340
vt 0.70788840 -0.32825780
vt -0.39083940 -0.34025910
vt 1.39121900 1.21201600
vt 1.39345600 1.20039400
vt 1.38128300 1.21463300
vt 0.72228900 -0.32825780
vt 0.72228900 -0.34296380
vt 0.89037040 0.62742130
vt 0.90254350 0.62742130
vt 0.19375680 -0.32825780
vt 1.39345600 0.62741960
vt 0.72228900 0.60555360
vt 0.35803110 0.62741950
vt 0.36514950 0.63417660
vt 0.78679530 0.79926750
vt 0.79528210 0.79231380
vt 0.79013260 0.79231190
vt 0.66308520 1.06498100
vt 0.65903470 1.07495900
vt 0.65564320 1.07927000
vt 0.65138260 1.06490500
vt 0.34695580 0.89292640
vt 0.34689090 0.63420940
vt 0.33976910 0.89984910
vt 0.65656400 0.79247760
vt 0.65140600 0.79247570
vt 0.78360460 0.79224510
vt 0.78762980 0.78226030
vt 0.79102130 0.77794910
vt 0.70577040 0.61755630
vt 0.87712560 0.63003650
vt 0.86719020 0.62741970
vt 0.66301960 0.79231560
vt 0.65912190 0.78238220
vt 0.65572260 0.77803200
vt 0.20480140 0.60555340
vt 0.20703860 0.61755630
vt 0.38832970 0.62741970
vt 0.37839380 0.63003650
vt 0.37615650 0.64165790
vt 0.72228900 0.62025860
vt 0.37615650 1.21463100
vt 1.07481600 -0.01040977
vt 1.10183100 0.00402981
vt 0.88509870 0.22076170
vt 1.01502000 0.13395100
vt 0.87065940 0.19374730
vt 1.04550400 -0.01930127
vt 1.07481600 -0.01040977
vt 0.87065940 0.19374730
vt 0.86176740 0.16443480
vt 1.01502000 -0.02230462
vt 1.04550400 -0.01930127
vt 0.86176740 0.16443480
vt 0.85876510 0.13395130
vt 0.98453680 -0.01930133
vt 0.86176740 0.10346710
vt 0.95522390 -0.01040965
vt 0.98453680 -0.01930133
vt 0.86176740 0.10346710
vt 0.87065910 0.07415414
vt 0.92820910 0.00402972
vt 0.95522390 -0.01040965
vt 0.87065910 0.07415414
vt 0.88509870 0.04714000
vt 0.90453060 0.02346212
vt 0.90453060 0.02346212
vt 0.90453140 0.24443980
vt 0.92821000 0.26387280
vt 0.90453140 0.24443980
vt 0.95522390 0.27831240
vt 0.98453610 0.28720340
vt 0.95522390 0.27831240
vt 1.01502000 0.29020630
vt 0.98453610 0.28720340
vt 1.12551000 0.02346224
vt 1.12551000 0.02346224
vt 1.14494200 0.04713979
vt 1.15938100 0.07415414
vt 1.15938100 0.07415414
vt 1.16827300 0.10346690
vt 1.16827300 0.10346690
vt 1.17127500 0.13395120
vt 1.04550400 0.28720340
vt 1.16827300 0.16443460
vt 1.07481600 0.27831260
vt 1.01502000 0.13395100
vt 1.04550400 0.28720340
vt 1.16827300 0.16443460
vt 1.15938100 0.19374700
vt 1.10183000 0.26387280
vt 1.07481600 0.27831260
vt 1.15938100 0.19374700
vt 1.14494200 0.22076070
vt 1.12550900 0.24443970
vt 1.12550900 0.24443970
vt 0.60631420 2.68806500
vt 0.59300040 2.82324500
vt 0.90398170 2.82324300
vt 0.56329460 2.82324500
vt 0.91132070 2.74873400
vt 0.57717820 2.68227100
vt 0.93305390 2.67709000
vt 0.61829960 2.54671400
vt 0.96834700 2.61106200
vt 0.68507550 2.42178400
vt 1.01584400 2.55318800
vt 0.77494040 2.31228400
vt 1.07371800 2.50569100
vt 0.88444210 2.22241900
vt 1.13974700 2.47039800
vt 1.00937100 2.15564300
vt 1.21139200 2.44866300
vt 1.14492700 2.11452200
vt 1.28590000 2.44132600
vt 1.28590000 2.10063700
vt 1.36040900 2.44866300
vt 1.42687400 2.11452200
vt 1.43205400 2.47039800
vt 1.56243000 2.15564300
vt 1.49808300 2.50569100
vt 1.68735900 2.22241900
vt 1.55595800 2.55318800
vt 1.79686000 2.31228400
vt 1.60345400 2.61106200
vt 1.88672600 2.42178400
vt 1.63874600 2.67709000
vt 1.95350100 2.54671600
vt 1.66048000 2.74873400
vt 1.99462200 2.68227100
vt 1.66781900 2.82324500
vt 2.00850700 2.82324500
vt 1.66048000 2.89775400
vt 1.99462200 2.96421700
vt 1.63874600 2.96939700
vt 1.95350100 3.09977300
vt 1.60345400 3.03542700
vt 1.88672600 3.22470300
vt 1.55595800 3.09330100
vt 1.79686000 3.33420500
vt 1.49808300 3.14079700
vt 1.68735800 3.42406700
vt 1.43205400 3.17608900
vt 1.56242900 3.49084200
vt 1.36040900 3.19782100
vt 1.42687300 3.53196400
vt 1.28590000 3.20516100
vt 1.28589900 3.54584900
vt 1.21139100 3.19782100
vt 1.14492600 3.53196400
vt 1.13974600 3.17608900
vt 1.00937000 3.49084200
vt 1.07371800 3.14079600
vt 0.88444040 3.42406700
vt 1.01584300 3.09330100
vt 0.77494040 3.33420500
vt 0.96834700 3.03542300
vt 0.68507400 3.22470100
vt 0.93305390 2.96939700
vt 0.61829960 3.09977300
vt 0.91132070 2.89775100
vt 0.57717820 2.96421500
vt 0.64574420 2.55808300
vt 0.70977530 2.43828800
vt 0.79594700 2.33328800
vt 0.90094600 2.24711900
vt 1.02073800 2.18308700
vt 1.15072200 2.14366000
vt 1.28590000 2.13034300
vt 1.42107800 2.14366000
vt 1.55106100 2.18308700
vt 1.67085500 2.24711900
vt 1.77585400 2.33328800
vt 1.86202500 2.43828800
vt 1.92605600 2.55808300
vt 1.96548600 2.68806500
vt 1.97880100 2.82324500
vt 1.96548600 2.95842200
vt 1.92605600 3.08840600
vt 1.86202500 3.20819900
vt 1.77585400 3.31319700
vt 1.67085500 3.39936900
vt 1.55106100 3.46340100
vt 1.42107800 3.50282900
vt 1.28589900 3.51614400
vt 1.15072200 3.50282900
vt 1.02073800 3.46340100
vt 0.90094490 3.39936900
vt 0.79594590 3.31319700
vt 0.70977470 3.20819700
vt 0.64574420 3.08840400
vt 0.60631420 2.95842000
vt 0.86979530 2.74047500
vt 0.89393710 2.66088800
vt 0.93314370 2.58753800
vt 0.98590490 2.52324900
vt 1.05019500 2.47048600
vt 1.12354400 2.43128100
vt 1.20313200 2.40713900
vt 1.28590000 2.39898600
vt 1.36866900 2.40713900
vt 1.44825600 2.43128100
vt 1.52160500 2.47048600
vt 1.58589600 2.52324900
vt 1.63865700 2.58753800
vt 1.67786400 2.66088800
vt 1.70200600 2.74047700
vt 1.71015800 2.82324500
vt 1.70200600 2.90601200
vt 1.67786300 2.98559900
vt 1.63865700 3.05894600
vt 1.58589600 3.12323700
vt 1.52160500 3.17600200
vt 1.44825600 3.21520800
vt 1.36866900 3.23934900
vt 1.28590000 3.24750000
vt 1.20313200 3.23934900
vt 1.12354300 3.21520800
vt 1.05019500 3.17600000
vt 0.98590490 3.12323700
vt 0.93314280 3.05894600
vt 0.89393710 2.98559900
vt 0.86164300 2.82324300
vt 0.86979460 2.90601200
vt 3.09668900 3.49561700
vt 3.04976900 3.43844600
vt 3.07716400 3.41105100
vt 3.12890200 3.47409300
vt 3.19102300 3.62406300
vt 3.16734800 3.54601800
vt 3.41554100 3.44321100
vt 3.45450300 3.57165300
vt 3.46765800 3.70522700
vt 3.48363800 3.56585900
vt 3.49736400 3.70522700
vt 3.13155500 3.56084400
vt 3.35227100 3.32484300
vt 3.44298600 3.43184400
vt 2.99259700 3.39152500
vt 2.92737000 3.35665900
vt 2.94219600 3.32086600
vt 3.01412100 3.35931200
vt 3.26712400 3.22109000
vt 3.37697100 3.30833900
vt 2.85659400 3.33519000
vt 2.86415100 3.29719400
vt 3.16337000 3.13594300
vt 3.28812800 3.20008400
vt 2.78298900 3.32794100
vt 2.78298900 3.28919800
vt 3.04500000 3.07267200
vt 3.17987400 3.11124600
vt 2.70938500 3.33519000
vt 2.70182700 3.29719400
vt 2.91656100 3.03371300
vt 3.05636900 3.04522800
vt 2.63860900 3.35665900
vt 2.62378300 3.32086600
vt 2.78298900 3.02055600
vt 2.92235600 3.00457700
vt 2.57338100 3.39152500
vt 2.55185700 3.35931200
vt 2.64941700 3.03371300
vt 2.78298900 2.99084800
vt 2.51620800 3.43844600
vt 2.48881400 3.41105100
vt 2.52097700 3.07267200
vt 2.64362100 3.00457700
vt 2.46928800 3.49561700
vt 2.43707600 3.47409300
vt 2.40260800 3.13594300
vt 2.50960900 3.04522800
vt 2.43442400 3.56084400
vt 2.39863100 3.54602000
vt 2.29885500 3.22109000
vt 2.38610300 3.11124600
vt 2.41295400 3.63162200
vt 2.37495600 3.62406300
vt 2.21370800 3.32484300
vt 2.27784900 3.20008400
vt 2.40570400 3.70522700
vt 2.36696200 3.70522700
vt 2.15043700 3.44321500
vt 2.18900800 3.30833900
vt 2.41295400 3.77883000
vt 2.37495600 3.78638700
vt 2.11147500 3.57165400
vt 2.12299300 3.43184400
vt 2.43442400 3.84960600
vt 2.39863100 3.86443200
vt 2.09832000 3.70522700
vt 2.08234000 3.56585900
vt 2.46928800 3.91483400
vt 2.43707600 3.93635500
vt 2.11147500 3.83879800
vt 2.06861400 3.70522700
vt 2.51620900 3.97200600
vt 2.48881400 3.99940000
vt 2.15043800 3.96723700
vt 2.08234000 3.84459300
vt 2.57338100 4.01892500
vt 2.55185700 4.05114000
vt 2.21370800 4.08560800
vt 2.12299300 3.97860400
vt 2.63860900 4.05378900
vt 2.62378300 4.08958400
vt 2.29885500 4.18935800
vt 2.18900800 4.10211100
vt 2.70938500 4.07525900
vt 2.70182700 4.11325800
vt 2.40260800 4.27450800
vt 2.27784900 4.21036600
vt 2.78298900 4.08250900
vt 2.78298900 4.12125200
vt 2.52097700 4.33777700
vt 2.38610300 4.29920700
vt 2.85659400 4.07525900
vt 2.86415200 4.11325800
vt 2.64941700 4.37673800
vt 2.50961000 4.36522300
vt 2.92737000 4.05378900
vt 2.94219600 4.08958400
vt 2.78299000 4.38989400
vt 2.64362200 4.40587400
vt 2.99259800 4.01892500
vt 3.01412100 4.05114000
vt 2.91656200 4.37673800
vt 2.78299000 4.41960000
vt 3.04977000 3.97200400
vt 3.07716500 3.99939800
vt 3.04500200 4.33777700
vt 2.92235700 4.40587400
vt 3.09669000 3.91483200
vt 3.12890300 3.93635500
vt 3.16337200 4.27450800
vt 3.05636900 4.36522200
vt 3.13155500 3.84960400
vt 3.16734800 3.86443200
vt 3.26712400 4.18935800
vt 3.17987600 4.29920700
vt 3.15302400 3.77882700
vt 3.19102300 3.78638700
vt 3.35227100 4.08560800
vt 3.28812900 4.21036600
vt 3.16027400 3.70522500
vt 3.19901600 3.70522500
vt 3.41554100 3.96723600
vt 3.37697100 4.10210900
vt 3.15302400 3.63162200
vt 3.45450300 3.83879600
vt 3.44298600 3.97860300
vt 3.48363800 3.84459200
vt 0.00000000 0.00000000
vt 0.00000000 1.00000000
vt 1.00000000 1.00000000
vt 1.00000000 0.00000000
vt 3.84224100 3.53327900
vt 3.82186800 3.53167400
vt 3.82186800 3.66568500
vt 3.84224100 3.66883700
vt 3.55622400 3.45070000
vt 3.57659700 3.45230700
vt 3.57659700 3.31829400
vt 3.55622400 3.31514400
vt 3.73332100 3.25133600
vt 3.75369300 3.25294100
vt 3.75369300 3.11892600
vt 3.73332100 3.11577900
vt 3.64477300 3.45070000
vt 3.66514600 3.45230500
vt 3.66514600 3.31829300
vt 3.64477300 3.31514400
vt 3.55622400 3.86820400
vt 3.57659700 3.86505400
vt 3.57659700 3.73104100
vt 3.55622400 3.73264700
vt 3.73332100 3.66883700
vt 3.75369300 3.66568700
vt 3.75369300 3.53167500
vt 3.73332100 3.53328100
vt 3.64477300 3.86820300
vt 3.66514600 3.86505300
vt 3.66514600 3.73104100
vt 3.64477300 3.73264700
vt 3.84224100 3.11577800
vt 3.82186800 3.11892700
vt 3.82186800 3.25294100
vt 3.84224100 3.25133600
vt 3.84224100 3.39230900
vt 3.82186800 3.39230900
vt 3.55622400 4.19249900
vt 3.57659700 4.18565600
vt 3.57659700 4.09681300
vt 3.55622400 4.10263300
vt 3.55622400 3.19021600
vt 3.57659700 3.19478800
vt 3.57659700 3.08653400
vt 3.55622400 3.08071500
vt 3.64477300 4.19249800
vt 3.66514600 4.18565500
vt 3.66514600 4.09681200
vt 3.64477300 4.10263300
vt 3.64477200 3.19021400
vt 3.66514600 3.19478700
vt 3.66514600 3.08653400
vt 3.64477200 3.08071300
vt 3.55622400 3.59167400
vt 3.57659700 3.59167400
vt 3.73332100 3.39230900
vt 3.75369300 3.39230900
vt 3.64477300 3.59167300
vt 3.66514600 3.59167300
vt 3.55622400 3.99313300
vt 3.57659700 3.98856000
vt 3.73332100 3.79376600
vt 3.75369300 3.78919400
vt 3.64477300 3.99313200
vt 3.66514600 3.98855800
vt 3.84224100 2.99084800
vt 3.82186800 2.99542100
vt 3.82186800 3.78919200
vt 3.84224100 3.79376500
vt 3.75369300 2.99542100
vt 3.73332100 2.99084800
vt 3.57659700 2.99769300
vt 3.55622400 2.99084800
vt 3.66514500 2.99769200
vt 3.64477200 2.99084800
vt -0.23105190 -0.56483630
vt -0.30225870 0.38985820
vt -0.74779240 -0.74830880
vt -0.21191690 -0.56483630
vt 0.30482370 -0.74830880
vt -0.14070990 0.38985820
vt -0.74779240 0.65062620
vt 0.30482370 0.65062620
vt 0.84023810 -0.56483220
vt 0.76903110 0.26285090
vt 0.32349750 -0.74830780
vt 0.85891160 -0.56483220
vt 1.37565200 -0.74830780
vt 0.93011870 0.26285090
vt 0.32349750 0.52361990
vt 1.37565200 0.52361990
vt 0.00000000 0.00000000
vt 0.00000000 1.00000000
vt 1.00000000 1.00000000
vt 1.00000000 0.00000000
vt 0.88018850 1.04981400
vt 0.97682480 0.53307360
vt 0.67424730 0.53307360
vt 0.77088260 1.04981400
vt 1.40509700 1.48776800
vt 1.51440300 1.48776800
vt 1.51440300 0.53307360
vt 1.40509700 0.53307360
vt 1.30846200 1.74853600
vt 1.61103900 1.74853600
vt 1.51440300 1.48776800
vt 1.40509700 1.48776800
vt 0.56308110 1.04981400
vt 0.65971740 0.53307360
vt 0.35713990 0.53307360
vt 0.45377520 1.04981400
vt 1.08799000 1.36075800
vt 1.19729600 1.36075800
vt 1.19729600 0.53307490
vt 1.08799000 0.53307490
vt 0.99135450 1.62152700
vt 1.29393200 1.62152700
vt 1.19729600 1.36075800
vt 1.08799000 1.36075800
vt 0.04655245 1.45516100
vt 0.04655245 1.45149000
vt -0.31382100 1.34555600
vt 0.03790554 1.45477900
vt 0.03790554 1.45845000
vt -0.32246800 1.34226700
vt -0.28709970 1.34188500
vt -0.28709970 1.34555600
vt 0.04655245 1.21260800
vt 0.07265279 1.21467200
vt -0.27845270 1.33859600
vt 0.07784411 1.20948000
vt 0.25576680 1.46902200
vt -0.34471960 1.20564800
vt -0.34471960 1.20931900
vt 0.06882036 1.46396400
vt 0.07034096 1.46763500
vt 0.07401150 1.46915600
vt -0.26747840 1.20931900
vt 0.25576680 1.20564800
vt 0.25576680 1.20931800
vt 0.28325350 1.21260800
vt 0.28325350 1.20893700
vt -0.29496510 1.21260800
vt -0.31382100 1.43585400
vt 0.00699070 1.45149000
vt 0.17991210 1.46013200
vt -0.32246800 1.44281400
vt 0.17472080 1.46532300
vt 0.00699070 1.20893700
vt 0.00699070 1.21260800
vt -0.28709970 1.43585400
vt 0.01563767 1.20931900
vt 0.01563767 1.20564800
vt -0.27845270 1.43914300
vt 0.23349880 1.20931800
vt -0.26747840 1.32410900
vt -0.26747840 1.32043800
vt 0.18374440 1.21083900
vt 0.18222410 1.20716800
vt 0.17855310 1.20564800
vt -0.34471960 1.32043800
vt 0.23349880 1.47269300
vt 0.23349880 1.46902200
vt 0.20601220 1.46573300
vt 0.20601220 1.46940400
vt -0.31723270 1.31714900
vt 1.21958500 1.19063000
vt 1.21958500 -1.36269600
vt -1.32168100 -1.36269600
vt -1.32221300 1.19116100
vt -0.08102393 1.17432800
vt -0.08102190 -1.34533700
vt -1.28185900 -1.34585600
vt -1.28161200 1.17432800
vt -1.34234000 1.19116100
vt 1.23971300 1.19063000
vt 1.23971300 -1.36269600
vt -1.34234000 -1.36243000
vt -0.38738560 1.32011400
vt -0.40594920 1.32011400
vt -0.51360180 1.20564800
vt -0.49786420 1.20564800
vt -0.47930140 1.20564800
vt -0.46073760 1.20564800
vt -0.44500110 1.20564800
vt -0.43448590 1.20564800
vt -0.57121530 1.20564800
vt -0.55265330 1.20564800
vt -0.69743130 1.20564800
vt -0.68169450 1.20564800
vt -0.66313080 1.20564800
vt -0.64456810 1.20564800
vt -0.62883050 1.20564800
vt -0.61831530 1.20564800
vt -0.38738560 1.20564800
vt -0.40778540 1.20564800
vt -0.51699390 1.32011400
vt -0.49970090 1.32011400
vt -0.47930140 1.32011400
vt -0.45890190 1.32011400
vt -0.44160850 1.32011400
vt -0.43005320 1.32011400
vt -0.57121530 1.32011400
vt -0.55081680 1.32011400
vt -0.70082400 1.32011400
vt -0.68353030 1.32011400
vt -0.66313080 1.32011400
vt -0.64273140 1.32011400
vt -0.62543840 1.32011400
vt -0.61388310 1.32011400
vt -0.20322280 1.43335500
vt -0.21953130 1.43659900
vt -0.23335650 1.44583700
vt -0.24259550 1.45966200
vt -0.24583910 1.47597000
vt -0.24259550 1.49227900
vt -0.23335650 1.50610400
vt -0.21953130 1.51534200
vt -0.20322280 1.51858600
vt -0.18691550 1.51534200
vt -0.17309030 1.50610400
vt -0.16385240 1.49227900
vt -0.16060780 1.47597000
vt -0.16385240 1.45966200
vt -0.17309030 1.44583700
vt -0.18691550 1.43659900
vt -0.75504520 1.32011400
vt -0.77360870 1.32011400
vt -0.88126130 1.20564800
vt -0.86552390 1.20564800
vt -0.84696120 1.20564800
vt -0.82839750 1.20564800
vt -0.81266040 1.20564800
vt -0.80214520 1.20564800
vt -0.93887480 1.20564800
vt -0.92031260 1.20564800
vt -1.06509000 1.20564800
vt -1.04935300 1.20564800
vt -1.03078900 1.20564800
vt -1.01222700 1.20564800
vt -0.99648950 1.20564800
vt -0.98597440 1.20564800
vt -0.75504520 1.20564800
vt -0.77544490 1.20564800
vt -0.88465380 1.32011400
vt -0.86735980 1.32011400
vt -0.84696120 1.32011400
vt -0.82656160 1.32011400
vt -0.80926830 1.32011400
vt -0.79771290 1.32011400
vt -0.93887480 1.32011400
vt -0.91847620 1.32011400
vt -1.06848300 1.32011400
vt -1.05118900 1.32011400
vt -1.03078900 1.32011400
vt -1.01039100 1.32011400
vt -0.99309710 1.32011400
vt -0.98154230 1.32011400
vt -0.08297092 1.43388600
vt -0.09927946 1.43713000
vt -0.11310470 1.44636800
vt -0.12234400 1.46019300
vt -0.12558730 1.47650100
vt -0.12234400 1.49281000
vt -0.11310470 1.50663500
vt -0.09927946 1.51587300
vt -0.08297092 1.51911700
vt -0.06666356 1.51587300
vt -0.05283844 1.50663500
vt -0.04360050 1.49281000
vt -0.04035598 1.47650100
vt -0.04360050 1.46019300
vt -0.05283844 1.44636800
vt -0.06666356 1.43713000
vt -1.12270500 1.32011400
vt -1.14126800 1.32011400
vt -1.24891900 1.20564800
vt -1.23318200 1.20564800
vt -1.21461900 1.20564800
vt -1.19605500 1.20564800
vt -1.18031900 1.20564800
vt -1.16980400 1.20564800
vt -1.30653400 1.20564800
vt -1.28797000 1.20564800
vt -1.34805200 1.33460100
vt -1.33231500 1.33460100
vt -1.31375200 1.33460100
vt -1.29518900 1.33460100
vt -1.27945100 1.33460100
vt -1.26893600 1.33460100
vt -1.12270500 1.20564800
vt -1.14310300 1.20564800
vt -1.25231100 1.32011400
vt -1.23501800 1.32011400
vt -1.21461900 1.32011400
vt -1.19422000 1.32011400
vt -1.17692600 1.32011400
vt -1.16537100 1.32011400
vt -1.30653400 1.32011400
vt -1.28613500 1.32011400
vt -1.35144400 1.44906700
vt -1.33415100 1.44906700
vt -1.31375200 1.44906700
vt -1.29335200 1.44906700
vt -1.27605900 1.44906700
vt -1.26450400 1.44906700
vt -0.00533509 1.53215100
vt -0.00209105 1.54845800
vt 0.00714686 1.56228500
vt 0.02097186 1.57152200
vt 0.03728029 1.57476600
vt 0.05358860 1.57152200
vt 0.06741393 1.56228500
vt 0.07665211 1.54845800
vt 0.07989618 1.53215100
vt 0.07665211 1.51584200
vt 0.06741393 1.50201700
vt 0.05358860 1.49277900
vt 0.03728029 1.48953500
vt 0.02097186 1.49277900
vt 0.00714686 1.50201700
vt -0.00209105 1.51584200
vt -1.22164200 1.44906700
vt -1.24020500 1.44906700
vt -1.16343100 1.33460100
vt -1.14769300 1.33460100
vt -1.12913000 1.33460100
vt -1.11056700 1.33460100
vt -1.09483000 1.33460100
vt -1.08431500 1.33460100
vt -1.03065400 1.33460100
vt -1.01209000 1.33460100
vt -0.97244230 1.33460100
vt -0.95670500 1.33460100
vt -0.93814160 1.33460100
vt -0.91957860 1.33460100
vt -0.90384150 1.33460100
vt -0.89332630 1.33460100
vt -1.22164200 1.33460100
vt -1.24204100 1.33460100
vt -1.16682300 1.44906700
vt -1.14952900 1.44906700
vt -1.12913000 1.44906700
vt -1.10873100 1.44906700
vt -1.09143800 1.44906700
vt -1.07988200 1.44906700
vt -1.03065400 1.44906700
vt -1.01025500 1.44906700
vt -0.97583440 1.44906700
vt -0.95854100 1.44906700
vt -0.93814160 1.44906700
vt -0.91774280 1.44906700
vt -0.90044910 1.44906700
vt -0.88889440 1.44906700
vt 0.15753190 1.49307300
vt 0.14122370 1.49631600
vt 0.12739730 1.50555400
vt 0.11815970 1.51937900
vt 0.11491600 1.53568800
vt 0.11815970 1.55199600
vt 0.12739730 1.56582200
vt 0.14122370 1.57505900
vt 0.15753190 1.57830400
vt 0.17383980 1.57505900
vt 0.18766530 1.56582200
vt 0.19690300 1.55199600
vt 0.20014740 1.53568800
vt 0.19690300 1.51937900
vt 0.18766530 1.50555400
vt 0.17383980 1.49631600
vt 1.25984100 1.19063000
vt 1.25984100 -1.36269600
vt -1.36300000 -1.36269600
vt -1.36246800 1.19116100
vt -0.02268898 1.17432800
vt -0.02269095 -1.34533700
vt 1.17814600 -1.34585600
vt 1.17790000 1.17432800
vt 0.81257100 2.01365800
vt 0.83781390 1.99155400
vt 0.80971530 1.98853100
vt 0.81287730 1.23361400
vt 0.84080000 1.23122800
vt 0.44701650 1.23140800
vt 0.44701650 2.07555800
vt 0.45981590 1.23161200
vt 0.45981590 2.07425300
vt 0.30559620 1.20583000
vt 0.31018980 1.21104300
vt 0.31679550 1.53983600
vt 0.30552140 1.54159000
vt 0.31015180 1.53824900
vt 0.31690790 1.20564800
vt 0.31638430 1.21112700
vt 0.41891230 1.26097400
vt 0.42474860 1.26043100
vt 0.42470660 1.54160900
vt 0.41897630 1.53770600
vt 0.41607140 1.23622000
vt 0.39946520 1.22019000
vt 0.37468220 1.20978600
vt 0.35094610 1.20598000
vt 0.65567640 2.03612700
vt 0.49600980 2.06812000
vt 0.65588450 1.23260400
vt 0.49673100 1.23171500
vt -0.18268410 1.41297500
vt -0.18268410 1.20564800
vt -0.01527709 1.20564800
vt -0.01580840 1.41350700
vt 1.76079500 1.07759400
vt 1.93446100 1.07759600
vt 1.93498100 -0.05369779
vt 1.76079500 -0.05345187
vt -0.03593636 1.41350700
vt -0.16255600 1.41297500
vt -0.16255600 1.20564800
vt -0.03593636 1.20591400
vt -0.14242820 1.41297500
vt -0.14242820 1.20564800
vt -0.05659562 1.20564800
vt -0.05606437 1.41350700
vt 1.46814400 -0.03228810
vt 1.64181100 -0.03229001
vt 1.64233000 1.09900400
vt 1.46814400 1.09875800
vt 1.52375100 -0.08089909
vt 1.52375100 -0.09092101
vt 1.52375100 -1.35267000
vt 1.52375100 -1.36269600
vt 0.92218690 2.33420200
vt 0.92218690 1.21567100
vt 0.92218690 1.20564800
vt 1.58741400 -0.09092513
vt 1.58741400 -1.35267400
vt 1.58741400 -1.36269600
vt 0.86306770 2.33420200
vt 0.86306770 1.21567100
vt 0.89991920 2.33420200
vt 1.62426600 -1.36269500
vt 1.62426600 -1.35267400
vt 1.62426600 -0.09092513
vt 0.95903810 1.20564800
vt 0.95903810 1.21567100
vt 0.95903810 2.33420200
vt 1.56060300 -1.36269600
vt 1.56060300 -1.35267000
vt 1.56060300 -0.09092101
vt 1.56060300 -0.08089986
vt 0.89991920 1.21567100
vt 1.65107600 -0.08495554
vt 1.65107600 -0.09497747
vt 1.65107600 -1.35267000
vt 1.65107600 -1.36269600
vt 1.04042600 2.33882700
vt 1.04042600 1.21567100
vt 1.04042600 1.20564800
vt 1.71474000 -0.09498146
vt 1.71474000 -1.35267400
vt 1.71474000 -1.36269600
vt 0.98130580 2.33882700
vt 0.98130580 1.21567100
vt 1.01815700 2.33882700
vt 1.75159100 -1.36269500
vt 1.75159100 -1.35267400
vt 1.75159100 -0.09498146
vt 1.07727700 1.20564800
vt 1.07727700 1.21567100
vt 1.07727700 2.33882700
vt 1.68792800 -1.36269600
vt 1.68792800 -1.35267000
vt 1.68792800 -0.09497747
vt 1.68792800 -0.08495626
vt 1.01815700 1.21567100
vt 1.14912800 1.20564800
vt 1.17644300 1.20564800
vt 1.28324800 -0.07343271
vt 1.31056300 -0.07343271
vt 1.28324800 -1.35250400
vt 1.31056300 -1.35250400
vt 1.28324800 -1.36269600
vt 1.31056300 -1.36269600
vt 1.09954500 2.35303000
vt 1.12686000 2.35303000
vt 1.09954500 1.21583800
vt 1.12686000 1.21583800
vt 1.09954500 1.20564800
vt 1.12686000 1.20564800
vt 1.33983700 -0.07343730
vt 1.36715100 -0.07343730
vt 1.33983700 -1.35250800
vt 1.36715100 -1.35250800
vt 1.33983700 -1.36269600
vt 1.36715100 -1.36269600
vt 1.14912800 2.35303000
vt 1.17644300 2.35303000
vt 1.14912800 1.21583700
vt 1.17644300 1.21583700
vt 1.26195100 1.20511600
vt 1.30292400 1.20511600
vt 1.39642600 -0.07379559
vt 1.43739800 -0.07379559
vt 1.39642600 -1.35250400
vt 1.43739800 -1.35250400
vt 1.39642600 -1.36269600
vt 1.43739800 -1.36269600
vt 1.19871100 2.35401200
vt 1.23968300 2.35401200
vt 1.19871100 1.21583800
vt 1.23968300 1.21583800
vt 1.19871100 1.20564800
vt 1.23968300 1.20564800
vt 1.46008900 -0.07380012
vt 1.50106100 -0.07380012
vt 1.46008900 -1.35250800
vt 1.50106100 -1.35250800
vt 1.46008900 -1.36269600
vt 1.50106100 -1.36269600
vt 1.26195100 2.35348100
vt 1.30292400 2.35348100
vt 1.26195100 1.21530600
vt 1.30292400 1.21530600
vt -0.24520910 1.40511900
vt 1.36545700 1.11063600
vt 1.36545700 1.10280100
vt 1.34532900 1.10280100
vt 1.34532900 1.11063600
vt -0.22508110 1.40511900
vt -0.07888490 1.21348000
vt 1.42903700 1.11049100
vt 1.42904300 1.10265400
vt 1.40838800 1.10301300
vt 1.40838800 1.11085100
vt -0.09951186 1.21375900
vt 1.92256100 -0.22474070
vt 1.93364100 -0.21365890
vt 1.92580600 -0.21690490
vt 2.10844400 -0.19682600
vt 2.11628000 -0.20007030
vt 2.11952800 -0.20790450
vt 2.10270000 -0.22473570
vt 2.09945200 -0.21690180
vt 2.09161600 -0.21365770
vt 2.09205300 -1.34591500
vt 2.09994200 -1.34269800
vt 2.10320900 -1.33490900
vt 1.91681300 -1.36269600
vt 1.90897500 -1.35945500
vt 1.90572800 -1.35161900
vt 1.93357400 -1.34570600
vt 1.92256100 -1.33455500
vt 1.92578500 -1.34243300
vt -0.09951186 1.40565400
vt -0.09951186 1.41348500
vt 1.34532900 -0.04092309
vt -0.22508110 1.21348400
vt -0.22508110 1.20564900
vt 1.40838800 -0.04092309
vt 2.04875500 -0.18233930
vt 2.04092000 -0.17909360
vt 2.03767400 -0.17125850
vt 2.24091900 0.98340490
vt 2.24875400 0.98015360
vt 2.25199600 0.97231460
vt 2.05450800 -0.15442460
vt 2.05775300 -0.16226030
vt 2.06558800 -0.16550620
vt 2.25147400 -0.17126080
vt 2.24822700 -0.17909510
vt 2.24039100 -0.18233930
vt 2.23464700 -0.15442970
vt 2.22356300 -0.16550750
vt 2.23139900 -0.16226360
vt 2.22400000 0.96674930
vt 2.23515600 0.95574370
vt 2.23188900 0.96353220
vt 2.03767400 0.97245370
vt 2.04092200 0.98028970
vt 2.04876000 0.98353060
vt 2.06552000 0.96654020
vt 2.05773200 0.96326760
vt 2.05450800 0.95538970
vt 0.00000000 0.00000000
vt 0.00000000 1.00000000
vt 1.00000000 1.00000000
vt 1.00000000 0.00000000
vt -0.31382100 1.34188500
vt -0.32246800 1.33859600
vt -0.26747840 1.20564800
vt -0.29496510 1.20893700
vt -0.28709970 1.43952500
vt -0.27845270 1.44281400
vt -0.34471960 1.32410900
vt -0.31723270 1.32082000
vt 0.06882036 1.21083900
vt 0.07265279 1.46013200
vt 0.18374440 1.46396400
vt 0.17991210 1.21467200
vt 0.07784411 1.46532300
vt 0.17855310 1.46915600
vt 0.17472080 1.20948000
vt 0.07401150 1.20564800
vt 0.03790554 1.20931900
vt 0.28325350 1.46573300
vt 0.01563767 1.45477900
vt 0.20601220 1.21260800
vt -0.32246800 1.43914300
vt -0.31723270 1.21260800
vt -0.27845270 1.34226700
vt -0.29496510 1.31714900
vt 0.07417327 1.46380300
vt 0.04655245 1.20893700
vt 0.03790554 1.20564800
vt -0.31723270 1.20893700
vt 0.25576680 1.47269300
vt 0.28325350 1.46940400
vt 0.07034096 1.20716800
vt 0.07417327 1.21100100
vt -0.31382100 1.43952500
vt 0.00699070 1.45516100
vt 0.01563767 1.45845000
vt 0.17839170 1.21100100
vt -0.29496510 1.32082000
vt 0.23349880 1.20564800
vt 0.20601220 1.20893700
vt 0.18222410 1.46763500
vt 0.17839170 1.46380300
vt -0.06419051 1.19116100
vt -0.06419051 -1.36216500
vt 1.81918900 -1.36269600
vt 1.79906100 -1.36269600
vt 1.79906100 -0.12802710
vt 1.81972100 -0.12839890
vt 1.88232100 -1.36269600
vt 1.86219300 -1.36269600
vt 1.86219300 -0.12825680
vt 1.88232100 -0.12825680
vt -1.29863000 1.19116100
vt -1.29848800 -1.36269600
vt -0.52854940 1.32011400
vt -0.52411690 1.20564800
vt -0.59161510 1.32011400
vt -0.58977900 1.20564800
vt -0.71237900 1.32011400
vt -0.70794640 1.20564800
vt -0.36698730 1.20564800
vt -0.36882350 1.32011400
vt -0.82715860 1.43715500
vt -0.80675910 1.44121200
vt -0.78636060 1.43715500
vt -0.84445180 1.42559900
vt -0.76906700 1.42559900
vt -0.85600790 1.40830600
vt -0.75751100 1.40830600
vt -0.86006410 1.38790700
vt -0.75345330 1.38790700
vt -0.85600790 1.36750700
vt -0.75751100 1.36750700
vt -0.84445180 1.35021400
vt -0.76906700 1.35021400
vt -0.82715860 1.33865900
vt -0.78636060 1.33865900
vt -0.80675910 1.33460100
vt -0.25173120 1.47597000
vt -0.24803960 1.45740700
vt -0.23752380 1.44167000
vt -0.22178640 1.43115500
vt -0.20322280 1.42746200
vt -0.18466060 1.43115500
vt -0.16892300 1.44167000
vt -0.15840730 1.45740700
vt -0.15471540 1.47597000
vt -0.15840730 1.49453400
vt -0.16892300 1.51027100
vt -0.18466060 1.52078600
vt -0.20322280 1.52447800
vt -0.22178640 1.52078600
vt -0.23752380 1.51027100
vt -0.24803960 1.49453400
vt -0.89620850 1.32011400
vt -0.89177630 1.20564800
vt -0.95927440 1.32011400
vt -0.95743830 1.20564800
vt -1.08003800 1.32011400
vt -1.07560600 1.20564800
vt -0.73464660 1.20564800
vt -0.73648310 1.32011400
vt -0.69275950 1.43715400
vt -0.67235990 1.44121200
vt -0.65196140 1.43715400
vt -0.71005280 1.42559900
vt -0.63466810 1.42559900
vt -0.72160910 1.40830500
vt -0.62311190 1.40830500
vt -0.72566530 1.38790700
vt -0.61905460 1.38790700
vt -0.72160910 1.36750700
vt -0.62311190 1.36750700
vt -0.71005280 1.35021400
vt -0.63466810 1.35021400
vt -0.69275950 1.33865800
vt -0.65196140 1.33865800
vt -0.67235990 1.33460100
vt -0.13147960 1.47650100
vt -0.12778770 1.45793900
vt -0.11727200 1.44220100
vt -0.10153460 1.43168600
vt -0.08297092 1.42799300
vt -0.06440878 1.43168600
vt -0.04867119 1.44220100
vt -0.03815538 1.45793900
vt -0.03446358 1.47650100
vt -0.03815538 1.49506500
vt -0.04867119 1.51080200
vt -0.06440878 1.52131700
vt -0.08297092 1.52501000
vt -0.10153460 1.52131700
vt -0.11727200 1.51080200
vt -0.12778770 1.49506500
vt -1.26386700 1.32011400
vt -1.25943500 1.20564800
vt -1.32693200 1.32011400
vt -1.32509600 1.20564800
vt -1.36300000 1.44906700
vt -1.35856700 1.33460100
vt -1.10230500 1.20564800
vt -1.10414100 1.32011400
vt -0.48871250 1.40830500
vt -0.48465510 1.38790700
vt -0.48871250 1.36750700
vt -0.50026780 1.42559900
vt -0.50026780 1.35021400
vt -0.51756090 1.43715500
vt -0.51756090 1.33865900
vt -0.53796010 1.44121200
vt -0.53796010 1.33460100
vt -0.55835970 1.43715500
vt -0.55835970 1.33865900
vt -0.57565330 1.42559900
vt -0.57565330 1.35021400
vt -0.58720850 1.40830500
vt -0.58720850 1.36750700
vt -0.59126610 1.38790700
vt 0.03728029 1.58065800
vt 0.01871738 1.57696600
vt 0.00297987 1.56645100
vt -0.00753528 1.55071300
vt -0.01122773 1.53215100
vt -0.00753528 1.51358700
vt 0.00297987 1.49785000
vt 0.01871738 1.48733400
vt 0.03728029 1.48364200
vt 0.05584386 1.48733400
vt 0.07158071 1.49785000
vt 0.08209583 1.51358700
vt 0.08578834 1.53215100
vt 0.08209583 1.55071300
vt 0.07158071 1.56645100
vt 0.05584386 1.57696600
vt -1.17837800 1.44906700
vt -1.17394600 1.33460100
vt -1.05105300 1.44906700
vt -1.04921700 1.33460100
vt -0.98738970 1.44906700
vt -0.98295750 1.33460100
vt -1.20124300 1.33460100
vt -1.20307900 1.44906700
vt -0.35431390 1.41230000
vt -0.35025610 1.39190200
vt -0.35431390 1.37150300
vt -0.36586850 1.42959400
vt -0.36586850 1.35420900
vt -0.38316230 1.44115000
vt -0.38316230 1.34265500
vt -0.40356110 1.44520700
vt -0.40356110 1.33859600
vt -0.42396050 1.44115000
vt -0.42396050 1.34265500
vt -0.44125380 1.42959400
vt -0.44125380 1.35420900
vt -0.45280920 1.41230000
vt -0.45280920 1.37150300
vt -0.45686690 1.39190200
vt 0.10902390 1.53568800
vt 0.11271580 1.51712500
vt 0.12323160 1.50138700
vt 0.13896920 1.49087200
vt 0.15753190 1.48718000
vt 0.17609530 1.49087200
vt 0.19183250 1.50138700
vt 0.20234840 1.51712500
vt 0.20604020 1.53568800
vt 0.20234840 1.55425100
vt 0.19183250 1.56998800
vt 0.17609530 1.58050300
vt 0.15753190 1.58419600
vt 0.13896920 1.58050300
vt 0.12323160 1.56998800
vt 0.11271580 1.55425100
vt -0.03952229 -1.36216500
vt -0.03952229 1.19116100
vt 1.19491700 1.19116100
vt 1.19477500 -1.36269600
vt 1.77840200 -0.12839890
vt 1.77893300 -1.36269600
vt 1.84206500 -0.12825680
vt 1.84206500 -1.36269600
vt 0.45981590 2.10102800
vt 0.44701650 2.10190900
vt 0.81527550 1.20689200
vt 0.83760710 1.21013100
vt 0.45981590 1.20576300
vt 0.44701650 1.20564800
vt 0.31679550 1.53983600
vt 0.41090990 1.23957700
vt 0.39517010 1.22460200
vt 0.37351160 1.21550900
vt 0.34977480 1.21170400
vt 0.65573320 2.06237500
vt 0.49650350 2.09471600
vt 0.49673100 1.20582100
vt 0.65588180 1.20631900
vt 0.31020260 1.34969900
vt 0.30559900 1.34969800
vt 0.30555920 1.50884800
vt 0.31017940 1.50884300
vt 0.41897130 1.50884500
vt 0.42470140 1.50884500
vt 0.42472620 1.34969800
vt 0.41893450 1.34969800
vt 1.74396200 1.09442800
vt 1.95128900 1.09442800
vt 2.01487600 -0.18233920
vt 1.99474800 -0.18233920
vt 1.99474800 0.98278690
vt 2.01540700 0.98241520
vt 1.72169300 -0.07046875
vt 1.70156500 -0.07046875
vt 1.70156500 1.09442800
vt 1.72169300 1.09442800
vt 1.74396200 -0.07046875
vt 1.74396200 1.09442800
vt 1.76079500 1.07759400
vt 1.95128900 1.09442800
vt 1.95182000 -0.07032660
vt 1.93446100 1.07759600
vt 1.93498100 -0.05369779
vt 1.76079500 -0.05345187
vt 1.76079500 1.07759400
vt 1.93446100 1.07759600
vt 1.93498100 -0.05369779
vt 1.95182000 -0.07032660
vt 1.74396200 -0.07046875
vt 1.76079500 -0.05345187
vt 1.65863900 -0.04912147
vt 1.45131100 -0.04912147
vt 1.45131100 1.11577500
vt 1.65917000 1.11563300
vt 1.97408800 0.98241520
vt 1.97461900 -0.18233920
vt 1.68143700 1.09442800
vt 1.68143700 -0.07046875
vt 1.45131100 -0.04912147
vt 1.45131100 1.11577500
vt 1.46814400 1.09875800
vt 1.46814400 -0.03228810
vt 1.65917000 1.11563300
vt 1.65863900 -0.04912147
vt 1.64181100 -0.03229001
vt 1.64233000 1.09900400
vt 1.64233000 1.09900400
vt 1.64181100 -0.03229001
vt 1.46814400 -0.03228810
vt 1.46814400 1.09875800
vt 0.92218690 2.34422500
vt 0.95903810 2.34422500
vt 1.58741400 -0.08089909
vt 1.62426600 -0.08089909
vt 0.86306770 2.34422500
vt 0.89991920 2.34422500
vt 0.86306770 1.20564800
vt 0.89991920 1.20564800
vt 1.04042600 2.34885000
vt 1.07727700 2.34885000
vt 1.71474000 -0.08495554
vt 1.75159100 -0.08495554
vt 0.98130580 2.34885000
vt 1.01815700 2.34885100
vt 0.98130580 1.20564800
vt 1.01815700 1.20564800
vt 1.31056300 -0.06324539
vt 1.28324800 -0.06324539
vt 1.12686000 2.36322000
vt 1.09954500 2.36322000
vt 1.36715100 -0.06324551
vt 1.33983700 -0.06324551
vt 1.17644300 2.36322000
vt 1.14912800 2.36322000
vt 1.43739800 -0.06360832
vt 1.39642600 -0.06360832
vt 1.23968300 2.36420200
vt 1.19871100 2.36420200
vt 1.50106100 -0.06360838
vt 1.46008900 -0.06360838
vt 1.30292400 2.36367000
vt 1.26195100 2.36367000
vt -0.24520910 1.41295500
vt -0.22508110 1.41295500
vt -0.07886350 1.20564800
vt -0.09951186 1.20591800
vt -0.24520910 1.21348300
vt -0.07935160 1.40564300
vt 1.91680900 -0.19682600
vt 1.42852100 -0.04092446
vt 1.36545700 -0.04091153
vt 1.90572800 -0.20790680
vt 2.12004900 -1.35148300
vt 2.10897500 -1.36257000
vt -0.20495310 1.21348300
vt -0.20495310 1.40511900
vt -0.12013890 1.21348400
vt -0.11967220 1.40564300
vt 1.38773400 1.10265100
vt 1.38825600 -0.04092446
vt 1.32520100 1.10280100
vt 1.32520100 -0.04091153
vt 1.90897300 -0.20007160
vt 2.11680800 -1.35932000
vt -0.24521060 1.20564800
vt 1.42851800 -0.04875883
vt 1.40838800 -0.04875806
vt -0.07937449 1.41348100
vt 1.36546600 -0.04874763
vt 1.34532900 -0.04875872
vt 1.32520100 1.11063600
vt -0.20495310 1.41295500
vt 1.38774000 1.11049000
vt -0.12016020 1.20564900
vt -0.20495170 1.20564800
vt 1.38825900 -0.04875883
vt -0.11964940 1.41348100
vt 1.32519100 -0.04874763
vt 0.00000000 0.00000000
vt 1.00000000 0.00000000
vt 0.00000000 1.00000000
vt 1.00000000 1.00000000
vt 0.12103840 3.32688300
vt 0.10149290 3.32688300
vt 0.12104230 1.86353000
vt -1.09252800 1.41169200
vt -1.11207500 1.41169100
vt -1.09231000 -0.05166149
vt 1.05415300 3.32688300
vt 0.22208690 3.28142700
vt 0.95932530 3.28142700
vt 0.78945730 1.41168700
vt -1.11185700 -0.05166149
vt -2.38488500 2.41600200
vt -2.40443300 2.41600200
vt -2.38488400 1.48288500
vt -2.40443200 2.43554800
vt -3.27972100 2.41600400
vt -1.62196600 2.80137400
vt -1.62196600 1.48599000
vt -0.08583021 1.41169000
vt -3.27972000 2.43554900
vt -2.32279900 3.63214500
vt -1.17305800 1.41171300
vt -2.04835100 -0.05163980
vt -1.17306200 -0.05163980
vt -3.00786800 3.63214600
vt -0.14009330 -0.05166149
vt -0.15964080 -0.05166149
vt -0.14430000 -0.44366930
vt -2.04843200 -0.44364790
vt -0.16385270 -0.44366650
vt -2.31278900 3.63214500
vt 0.06138468 2.80135100
vt -2.38847700 2.43195600
vt -2.06432600 -0.45956660
vt 0.10149620 1.86353000
vt -0.10537670 1.41169000
vt -2.04839000 -0.46315430
vt -0.16408920 -0.46315430
vt -3.22817900 2.48045100
vt 0.78945920 -0.05166292
vt -1.63006200 1.45208500
vt -1.17314100 -0.44347910
vt -1.60242000 2.78465000
vt -1.60242000 1.50271400
vt -1.08786300 -0.46313000
vt -1.17310100 -0.46308570
vt -3.22800600 3.40418200
vt 0.06138563 1.48596700
vt 0.06948137 1.45206400
vt -0.08583021 -0.05166292
vt -0.10537670 -0.05161142
vt -1.60242000 1.48252600
vt -1.62196700 1.47146700
vt -2.23504900 2.86420200
vt -2.22120500 2.88374900
vt -1.08802100 -0.44358400
vt -4.10346800 2.47591600
vt -1.15354500 -0.44347670
vt 0.12112280 1.47169100
vt -1.10756800 -0.44358440
vt 0.78945970 -0.44358920
vt 0.04184151 1.50269100
vt -1.55014900 2.86420200
vt -1.15712900 -0.45948310
vt 0.12113050 1.45208500
vt -1.10382500 -0.45955090
vt -3.22809100 3.42373000
vt 1.05393700 1.86370600
vt 1.04964600 1.47160700
vt 1.04940000 1.45206100
vt -4.10346800 3.40401000
vt -4.10346800 3.42367900
vt 0.06138659 1.47144500
vt -0.08583021 -0.44358920
vt 1.06919500 1.47160500
vt -4.11942200 3.42012400
vt -2.40443100 1.48288600
vt -1.60242000 2.80483800
vt -1.62196700 2.81589600
vt -0.15942720 1.41169200
vt -0.13988070 1.41169100
vt 0.80541370 1.42764400
vt -3.29926700 2.41600200
vt 0.10508490 3.34283700
vt -1.17305800 1.43126000
vt -2.04834600 1.41171100
vt -3.27971900 1.48289700
vt -3.29926700 1.48289700
vt -2.04834600 1.43125900
vt -2.06430100 1.42766700
vt -0.04633188 1.23174000
vt -4.24115600 3.07730700
vt 1.23131800 4.32010800
vt 1.22368100 4.33878100
vt 1.22922700 4.36207900
vt -3.98530800 3.59218100
vt -0.70950270 2.44537200
vt -0.70983620 2.42323800
vt 1.25462600 4.31332600
vt 1.23271500 4.25591200
vt -0.57319450 2.44537200
vt -0.58415030 2.42190900
vt -3.86030800 3.59282400
vt -4.22477100 3.05385100
vt -0.58415030 1.23154400
vt -4.20852600 3.07730700
vt 1.22826600 3.15741300
vt 1.23480100 3.18994400
vt 1.25416800 3.16318800
vt -0.70916770 1.23088400
vt -0.70949630 1.20827700
vt -4.08286200 3.07600200
vt 1.22452300 3.12662200
vt 1.21109100 3.14363300
vt 1.13489900 4.16527800
vt 1.16039600 4.14687200
vt 1.17016700 4.12769200
vt 1.12936800 3.37473000
vt 1.17328000 3.38543100
vt 1.16335700 3.36337300
vt 1.13923200 3.35413700
vt 1.24630900 4.34818700
vt 1.24512700 3.13713900
vt 1.15067100 3.37781800
vt 0.77807620 4.22851000
vt 0.77807620 4.33921900
vt -0.49918990 2.44517800
vt -0.49918890 2.42173000
vt -4.20852600 3.53016400
vt -3.18670900 -0.56386950
vt -4.08335800 3.53016400
vt -3.18105400 -0.54919620
vt 0.77807620 3.35200800
vt -3.21800800 -0.31681200
vt -3.21800800 -0.29223820
vt 0.77807620 4.25066900
vt 0.77807520 4.36234200
vt -3.98506500 4.04568100
vt -3.86030800 4.04568100
vt -3.83723500 4.04568100
vt -0.49918890 1.23210300
vt 0.77807620 3.37354200
vt -0.58367470 2.44537200
vt -0.58401010 1.20827700
vt 1.11859200 3.12659000
vt -3.17738300 -0.43943360
vt -3.26883700 3.59464100
vt 1.11878600 3.14188800
vt 0.35964780 4.47204700
vt 0.79028510 3.14150200
vt 0.79028510 3.25092100
vt -3.21314300 3.59035500
vt -3.98508700 4.03347200
vt -3.86030800 4.03347200
vt -3.83723500 4.03347200
vt -0.48697950 1.23212400
vt -0.48697950 2.42170900
vt -0.48697950 2.44517800
vt -4.20852600 3.51795500
vt -4.08331200 3.51795500
vt -4.06084800 3.51795500
vt 0.79028510 3.35220500
vt 0.79028510 3.37365200
vt 0.79028510 4.22767000
vt 0.79028510 4.24985100
vt 0.79028510 4.33921900
vt 0.79028510 4.36231700
vt 1.11752000 4.62743900
vt 1.11337600 4.52989200
vt 0.35564760 4.56204500
vt 0.35564760 4.54764100
vt 0.36841200 4.56568300
vt 0.36841200 4.55066900
vt -0.75334550 3.71199100
vt -0.75334550 3.72844400
vt 0.35564760 4.52918800
vt 0.35564760 4.50654500
vt 0.36841200 4.53000800
vt 0.36833950 4.50736600
vt -0.75334550 3.66350000
vt -0.75334550 3.68614300
vt 0.97731450 4.21340300
vt 0.82529830 4.24383800
vt 0.97717620 4.19079800
vt 0.82528260 4.22164800
vt 0.97731450 4.33905600
vt 0.82550000 4.33920000
vt 0.82550000 4.36230500
vt 0.97731450 4.36222400
vt -3.98517400 3.84644200
vt -3.98509800 3.99825700
vt -3.86030800 3.84644200
vt -3.86030800 3.99825600
vt -3.83723500 3.99825800
vt -3.83836200 3.84644500
vt -0.45176480 1.23213500
vt -0.29995250 1.23201000
vt -0.29995320 2.42182600
vt -0.45176480 2.42169800
vt -0.45176670 2.44517800
vt -0.29995250 2.44523900
vt -4.20852600 3.33092400
vt -4.20852600 3.48274000
vt -4.08328900 3.48274000
vt -4.08313700 3.33092600
vt 0.97731640 3.35312900
vt 0.82550000 3.35230400
vt 0.82550000 3.37370800
vt 0.97731830 3.37418200
vt -4.06075400 3.33092500
vt -4.06080100 3.48274000
vt 0.97731450 3.25099300
vt 0.82550000 3.25092100
vt -3.61036800 3.70182600
vt -3.61037100 3.85363800
vt -3.45823500 3.84947400
vt -3.45830800 3.69765500
vt -3.62434500 3.70182900
vt -3.62432100 3.85364000
vt -3.78205800 3.71084100
vt -3.78209700 3.86265800
vt -3.20037900 3.67460900
vt -3.20042300 3.82642400
vt -3.28160100 3.68017700
vt -3.28164100 3.83199200
vt -0.56790590 2.42190900
vt -0.05375242 1.20859600
vt -2.75174800 3.18094600
vt -2.74458500 3.18094600
vt -2.74458500 3.18810900
vt -0.91586450 0.62840910
vt -1.14284500 2.45080100
vt -1.13568200 2.45080100
vt -1.14284500 1.55193100
vt -0.91586450 1.52727900
vt -0.91586450 1.53444400
vt -2.61677100 2.38086400
vt -1.13568200 1.54476600
vt -1.13568200 1.55193100
vt -0.32843730 1.55193100
vt -0.33560040 1.55193100
vt -0.33560040 1.54476600
vt -2.61677100 3.18094600
vt -0.78805040 0.62124750
vt -0.78805040 0.62841200
vt -0.32843730 2.45080000
vt -0.78805040 1.52728300
vt -0.78805040 1.53444300
vt -2.74458500 2.38086400
vt -2.75174800 2.38086400
vt -0.33560040 2.45080000
vt -1.14152900 2.45664600
vt -1.14152800 1.54608500
vt -0.79389720 0.62256550
vt -0.32975390 2.45664600
vt -2.64007300 3.18094600
vt -2.64723300 3.18094600
vt -2.64723300 3.18810900
vt -0.81851270 0.62840910
vt -1.15832000 2.45080100
vt -1.16548300 2.45080100
vt -1.15832000 1.55193100
vt -0.81851270 1.52727900
vt -0.81851270 1.53444400
vt -2.51942000 2.38086400
vt -1.16548300 1.54476600
vt -1.16548300 1.55193100
vt -1.97272800 1.55193100
vt -1.96556500 1.55193100
vt -1.96556500 1.54476600
vt -2.51942000 3.18094600
vt -0.69069930 0.62124750
vt -0.69069930 0.62841200
vt -1.97272800 2.45080000
vt -0.69069930 1.52728300
vt -0.69069930 1.53444300
vt -2.64723300 2.38086400
vt -2.64007300 2.38086400
vt -1.96556500 2.45080000
vt -1.15963600 2.45664600
vt -1.15963600 1.54608500
vt -0.68485430 0.62256550
vt -1.97141100 2.45664600
vt -2.49612000 3.18093900
vt -2.48895700 3.18093900
vt -2.48895700 3.18810200
vt -2.83356300 0.62840910
vt -2.58460700 1.52753700
vt -2.57744400 1.52753700
vt -2.58460700 0.62841200
vt -2.83356300 1.52753400
vt -2.83356300 1.53469900
vt -2.36114400 2.38154700
vt -2.57744400 0.62124750
vt -2.57744400 0.62841200
vt -1.77089000 0.62841200
vt -1.77805200 0.62841200
vt -1.77805200 0.62124750
vt -2.36114400 3.18093900
vt -2.70525800 0.62124750
vt -2.70525800 0.62841200
vt -1.77089000 1.52753700
vt -2.70525800 1.52753700
vt -2.70525800 1.53469800
vt -2.48895700 2.38154700
vt -2.49612000 2.38154700
vt -1.77805200 1.52753700
vt -2.58329100 1.53338300
vt -2.58329000 0.62256550
vt -2.71110400 0.62256550
vt -1.77220600 1.53338300
vt -2.38444500 3.18093900
vt -2.39160600 3.18093900
vt -2.39160600 3.18810200
vt -2.73621200 0.62840910
vt -0.94009970 1.52753700
vt -0.94726250 1.52753700
vt -0.94009970 0.62841200
vt -2.73621200 1.52753400
vt -2.73621200 1.53469900
vt -2.26379200 2.38154700
vt -0.94726250 0.62124750
vt -0.94726250 0.62841200
vt -1.75381700 0.62841200
vt -1.74665400 0.62841200
vt -1.74665400 0.62124750
vt -2.26379200 3.18093900
vt -2.60790600 0.62124750
vt -2.60790600 0.62841200
vt -1.75381700 1.52753700
vt -2.60790600 1.52753700
vt -2.60790600 1.53469800
vt -2.39160600 2.38154700
vt -2.38444500 2.38154700
vt -1.74665400 1.52753700
vt -0.94141650 1.53338300
vt -0.94141650 0.62256550
vt -2.60206200 0.62256550
vt -1.75250100 1.53338300
vt 0.80900570 -0.05166292
vt 0.80900570 1.41168900
vt -1.63006200 2.83528100
vt 0.12103840 3.34642900
vt 1.05415600 3.34642900
vt 0.78945920 1.43123500
vt -0.08582926 1.43123600
vt -2.99402300 3.61260000
vt -2.33664500 3.61259700
vt -3.03395100 3.64024200
vt -2.29671200 3.64024200
vt -2.06792800 -0.44364790
vt -2.06789600 -0.05163980
vt -2.31993300 3.61259700
vt -0.87538700 3.72127800
vt -0.88539720 3.72694500
vt -0.85931040 3.74066300
vt 0.04183674 2.78462700
vt 0.04183674 2.80481500
vt 0.06138515 2.81587400
vt -0.86868690 3.70675500
vt -0.10178420 1.42764400
vt 1.07010900 3.34283700
vt 1.07370000 3.32688300
vt -0.14806750 -0.45958760
vt -1.15351200 1.41171300
vt -1.15351300 -0.05163980
vt -3.20863200 2.48042500
vt -3.21220100 2.46440300
vt -3.22813700 2.46077700
vt 0.22208640 1.89823200
vt -4.10342600 2.45637400
vt -3.20858100 3.40419900
vt 0.06948137 2.83525900
vt 1.07348300 1.86358200
vt -0.99221440 3.74066000
vt -0.98551370 3.72613700
vt -1.00158700 3.70675500
vt -2.23791600 2.88374900
vt -2.24506000 2.86420200
vt -0.97550270 3.72047200
vt 0.10158010 1.47169300
vt 0.80900570 -0.44358680
vt 0.14395950 1.82479200
vt 0.21251390 1.82479200
vt -1.56399200 2.88374700
vt -1.52406500 2.85610700
vt -2.26113300 2.85610700
vt 0.10518550 1.45568700
vt -4.11939800 2.45989600
vt -4.12301400 2.47584200
vt -3.21218700 3.42016100
vt 0.80545140 -0.45955320
vt 0.78954790 -0.46315430
vt -4.12301400 3.40410900
vt 0.04184151 1.48250200
vt -1.54728000 2.88374700
vt -1.54013800 2.86420100
vt -0.08583021 -0.46315430
vt -1.04967000 3.72613700
vt -1.04296800 3.74065900
vt -1.03359700 3.70675500
vt -1.05968100 3.72047200
vt 0.14395950 1.83962000
vt 1.00854700 1.82479200
vt 0.94621560 1.82479200
vt 0.95915410 1.89823200
vt 1.06541300 1.45563900
vt -0.10178420 -0.45955370
vt -0.10537670 -0.44358920
vt 0.21251390 1.83962000
vt 0.94621560 1.83962000
vt 1.00854700 1.83962000
vt -3.01073500 3.61260000
vt -3.01787900 3.63214600
vt -0.92741970 3.72127700
vt -0.93411970 3.70675500
vt -0.94349220 3.74066200
vt -0.91740850 3.72694300
vt -2.06789400 1.41171200
vt -3.29567400 2.43195600
vt -1.10848400 1.42764600
vt -1.09253000 1.43123800
vt -1.15710400 1.42766700
vt -2.38847700 1.46693100
vt -2.40443100 1.46333900
vt -0.15942570 1.43123800
vt -3.27971900 1.46335000
vt -0.14347120 1.42764600
vt -3.29567400 1.46694300
vt -3.85983200 3.56956100
vt -3.98566000 3.56956100
vt -0.73220730 2.39553500
vt -0.73182010 1.24539800
vt -4.08318000 3.05385100
vt -4.20866600 3.05385100
vt 1.15086800 4.12323900
vt 1.17016700 4.12769200
vt 1.17328000 3.38543100
vt 1.15371600 3.39794400
vt -4.00798600 3.59453000
vt -4.00814000 3.57744700
vt -0.73198220 2.43039600
vt -0.73188830 1.21934800
vt -4.06072100 3.08371800
vt -4.06078900 3.06311300
vt 1.12678800 4.14432500
vt 1.13489900 4.16527800
vt 1.16039600 4.14687200
vt 1.16335700 3.36337300
vt 1.13923200 3.35413700
vt -4.00790100 4.03347200
vt -4.00789300 4.04568100
vt -0.48697950 1.20866600
vt -0.49919010 1.20866600
vt -4.23159900 3.51795500
vt -4.23159900 3.53016500
vt 0.77807620 4.33921900
vt 0.79028510 4.24985100
vt 0.77807620 4.25066900
vt -3.17738300 0.56031610
vt -3.20602100 0.53815510
vt -3.17570700 0.64886380
vt -3.18678700 0.67198800
vt -3.20961400 0.68197580
vt -3.33437100 0.68197580
vt -3.35744400 0.67241860
vt -3.36668300 0.64898160
vt -3.36668300 -0.54064370
vt -3.35744400 -0.56409220
vt -3.33437100 -0.57364940
vt -3.20920300 -0.57364940
vt -0.56790590 1.20827700
vt 0.77807520 3.14115800
vt 0.77807620 3.25092100
vt -4.06075400 3.18964600
vt -4.06086400 3.53016400
vt 0.79028510 3.35220500
vt 0.77807620 3.35200800
vt 0.77807620 3.12648500
vt 0.79028510 3.12650000
vt -0.83819130 3.62486500
vt -0.82610440 3.62731500
vt -0.82173660 3.61656100
vt -0.83255220 3.60986200
vt 1.09927400 4.52767800
vt 1.10176200 4.53401600
vt -0.76256180 3.61274000
vt -0.77332690 3.61941900
vt -0.76898860 3.63020900
vt -0.75665260 3.62803900
vt 0.37153480 4.47551300
vt 0.37393810 4.46960400
vt -0.84186150 3.73428300
vt -0.82902070 3.73025400
vt 1.11337600 4.52989200
vt 1.10176200 4.53401600
vt 1.10483500 4.63148800
vt -0.76610990 3.70896300
vt -0.76610990 3.72480500
vt -0.76604490 3.66268000
vt -0.76610990 3.68532200
vt -3.20037900 3.58997300
vt -3.20037900 3.56956100
vt -3.21314300 3.57192700
vt -3.28160100 3.57192800
vt -3.28160100 3.59502400
vt -3.26883700 3.56956100
vt 0.82529830 4.24383800
vt 0.97731450 4.21340300
vt -4.00790500 3.99825700
vt -4.00793500 3.84644100
vt -0.45176670 1.20866600
vt -0.29995320 1.20860200
vt -4.23159900 3.48274200
vt -4.22945900 3.33092700
vt 0.82550000 3.35230400
vt 0.97731640 3.35312900
vt -3.78878500 3.86265500
vt -3.78874000 3.71083900
vt -3.26883700 3.68017600
vt -3.26883700 3.83199200
vt -3.55581500 3.84947000
vt -3.55574700 3.69765700
vt -3.21314400 3.82642400
vt -3.21314300 3.67460400
vt -3.83846700 3.60024400
vt -4.22477100 3.05385100
vt -4.22477100 3.05385100
vt -4.24094200 3.33092900
vt -4.22945900 3.33092700
vt -0.04633188 2.42210500
vt 1.11844400 3.17735000
vt 1.11481800 3.19999300
vt 1.10396500 3.22584100
vt 1.08793100 3.24229300
vt 1.06285000 3.25104600
vt -3.52101900 3.57006200
vt -3.55551700 3.56956100
vt -3.49837600 3.57368800
vt -3.47992300 3.58143700
vt -3.46551800 3.59497700
vt -3.45836000 3.61340500
vt -3.55578200 3.87324300
vt -3.45823500 3.87288800
vt -3.78206200 3.57360100
vt -3.78874000 3.56956100
vt -3.61005800 3.57373000
vt -3.62434900 3.56956100
vt -3.21314400 3.84983800
vt -3.20045800 3.85395500
vt -3.28167700 3.86324600
vt -3.26883700 3.86720700
vt -3.78883000 3.89786900
vt -3.78213300 3.89389200
vt -3.62430300 3.88169200
vt -3.61020200 3.87741100
vt -3.17738300 -0.33834650
vt -0.55151990 2.42190900
vt -0.55151990 1.23154400
vt -3.84935200 3.57784300
vt -0.02287626 1.23174000
vt -0.03135109 1.20827600
vt -1.13568200 2.45796200
vt -0.33560040 2.45796200
vt -0.92302730 0.62840910
vt -0.92302730 1.52727900
vt -2.62393400 2.38086400
vt -2.62393400 3.18094600
vt -0.79521370 0.62841200
vt -0.79521370 1.52728200
vt -2.75043200 3.18679200
vt -0.91586450 0.62124750
vt -0.92171100 0.62256310
vt -0.92171100 1.53312600
vt -2.61677100 2.37370100
vt -2.62261800 2.37501800
vt -0.32975390 1.54608500
vt -2.62261800 3.18679200
vt -2.61677100 3.18810900
vt -0.79389720 1.53312800
vt -2.74458500 2.37370100
vt -2.75043200 2.37501800
vt -1.16548300 2.45796200
vt -1.96556500 2.45796200
vt -0.81135200 0.62840910
vt -0.81135200 1.52727900
vt -2.51225900 2.38086400
vt -2.51225900 3.18094600
vt -0.68353820 0.62841200
vt -0.68353820 1.52728200
vt -2.64138900 3.18679200
vt -0.81851270 0.62124750
vt -0.81266810 0.62256310
vt -0.81266810 1.53312600
vt -2.51942000 2.37370100
vt -2.51357500 2.37501800
vt -1.97141100 1.54608500
vt -2.51942000 3.18810900
vt -2.51357500 3.18679200
vt -0.68485430 1.53312800
vt -2.64723300 2.37370100
vt -2.64138900 2.37501800
vt -2.57744400 1.53469800
vt -1.77805200 1.53469800
vt -2.84072600 0.62840910
vt -2.84072600 1.52753400
vt -2.36830700 2.38154700
vt -2.36830700 3.18093900
vt -2.71242100 0.62841200
vt -2.71242100 1.52753700
vt -2.49480400 3.18678500
vt -2.83356300 0.62124750
vt -2.83941000 0.62256310
vt -2.83941000 1.53338100
vt -2.36114400 2.37438500
vt -2.36699000 2.37570100
vt -1.77220600 0.62256550
vt -2.36699000 3.18678500
vt -2.36114400 3.18810200
vt -2.71110400 1.53338300
vt -2.48895700 2.37438500
vt -2.49480400 2.37570100
vt -0.94726250 1.53469800
vt -1.74665400 1.53469800
vt -2.72905100 0.62840910
vt -2.72905100 1.52753400
vt -2.25663100 2.38154700
vt -2.25663100 3.18093900
vt -2.60074500 0.62841200
vt -2.60074500 1.52753700
vt -2.38576100 3.18678500
vt -2.73621200 0.62124750
vt -2.73036700 0.62256310
vt -2.73036700 1.53338100
vt -2.26379200 2.37438500
vt -2.25794700 2.37570100
vt -1.75250100 0.62256550
vt -2.26379200 3.18810200
vt -2.25794700 3.18678500
vt -2.60206200 1.53338300
vt -2.39160600 2.37438500
vt -2.38576100 2.37570100
vt -2.66551500 1.52753700
vt -2.66551500 1.53469900
vt -2.66551500 0.62841200
vt -2.66551500 0.62124750
vt -2.32140100 3.18093900
vt -2.32140100 3.18810200
vt -2.32140100 2.38154700
vt -2.32140100 2.37438500
vt -2.79382000 1.52753400
vt -2.79382000 1.53469900
vt -2.79382000 0.62840910
vt -2.79382000 0.62124750
vt -2.44921400 3.18093900
vt -2.44921400 3.18810200
vt -2.44921400 2.38154700
vt -2.44921400 2.37438500
vt -2.64631400 1.52753700
vt -2.64631400 1.53469900
vt -2.64631400 0.62841200
vt -2.64631400 0.62124750
vt -2.30220000 3.18093900
vt -2.30220000 3.18810200
vt -2.30220000 2.38154700
vt -2.30220000 2.37438500
vt -2.77461900 1.52753400
vt -2.77461900 1.53469900
vt -2.77461900 0.62840910
vt -2.77461900 0.62124750
vt -2.43001300 3.18093900
vt -2.43001300 3.18810200
vt -2.43001300 2.38154700
vt -2.43001300 2.37438500
vt -0.75310800 1.52728300
vt -0.75310800 1.53444400
vt -0.75310800 0.62841200
vt -0.75310800 0.62124750
vt -2.58182900 3.18094600
vt -2.58182900 3.18810900
vt -2.58182900 2.38086400
vt -2.58182900 2.37370100
vt -0.88092160 1.52727900
vt -0.88092160 1.53444400
vt -0.88092160 0.62840910
vt -0.88092160 0.62124750
vt -2.70964200 3.18094600
vt -2.70964200 3.18810900
vt -2.70964200 2.38086400
vt -2.70964200 2.37370100
vt -0.72430610 1.52728300
vt -0.72430610 1.53444400
vt -0.72430610 0.62841200
vt -0.72430610 0.62124750
vt -2.55302700 3.18094600
vt -2.55302700 3.18810900
vt -2.55302700 2.38086400
vt -2.55302700 2.37370100
vt -0.85212020 1.52727900
vt -0.85212020 1.53444400
vt -0.85212020 0.62840910
vt -0.85212020 0.62124750
vt -2.68084000 3.18094600
vt -2.68084000 3.18810900
vt -2.68084000 2.38086400
vt -2.68084000 2.37370100
vt 6.53073100 2.77232600
vt 6.53073100 -1.36867000
vt 8.46803500 2.77232600
vt 8.46803500 -1.36867000
vt 6.53073100 2.77232700
vt 6.53073100 -1.36866900
vt 8.46803500 2.77232700
vt 8.46803500 -1.36866900
vt 0.00000000 0.00000000
vt 0.00000000 1.00000000
vt 1.00000000 1.00000000
vt 1.00000000 0.00000000
vt 0.00000000 0.00000000
vt 0.00000000 1.00000000
vt 1.00000000 1.00000000
vt 1.00000000 0.00000000
vt 0.00000000 0.00000000
vt 0.00000000 1.00000000
vt 1.00000000 1.00000000
vt 1.00000000 0.00000000
vt 0.00000000 0.00000000
vt 0.00000000 1.00000000
vt 1.00000000 1.00000000
vt 1.00000000 0.00000000
vt -0.33708420 1.16551400
vt -0.33708420 0.89361040
vt -0.33708420 0.62846030
vt -0.33708420 0.41038600
vt -0.33708420 0.27262720
vt -0.54787700 0.54451480
vt -0.54787700 0.80967510
vt -0.15838320 1.16551400
vt -0.15838320 0.89361040
vt -0.15838320 0.62846030
vt -0.15838320 0.41038600
vt -0.15838320 0.27262720
vt -0.72657810 0.54451480
vt -0.72657810 0.80967510
vt 0.99345210 -0.22663700
vt 0.90812950 -0.23808700
vt 0.82494430 -0.21602500
vt 0.75654600 -0.16382320
vt 0.71330530 -0.08939242
vt 0.70187280 -0.00409466
vt 0.72391440 0.07910246
vt -0.61298050 -0.22663700
vt -0.52765940 -0.23808700
vt -0.44447410 -0.21602500
vt -0.37607590 -0.16382320
vt -0.33283370 -0.08939242
vt -0.32140270 -0.00409466
vt -0.34344430 0.07910246
vt -0.53260950 1.16551300
vt -0.53260950 0.89361040
vt -0.53260950 0.62845890
vt -0.53260950 0.41038750
vt -0.53260950 0.27262720
vt -0.56729480 1.09149500
vt -0.56729480 1.35665500
vt -0.35235110 1.16551300
vt -0.35235110 0.89361040
vt -0.35235110 0.62845890
vt -0.35235110 0.41038750
vt -0.35235110 0.27262720
vt -0.74755310 1.09149500
vt -0.74755310 1.35665500
vt 0.65170010 0.79429900
vt 0.56637750 0.78284910
vt 0.48319210 0.80491110
vt 0.41479400 0.85711290
vt 0.37155330 0.93154370
vt 0.36012090 1.01684100
vt 0.38216240 1.10003800
vt 0.93611280 0.79429900
vt 1.02143400 0.78284910
vt 1.10461900 0.80491110
vt 1.17301800 0.85711290
vt 1.21626000 0.93154370
vt 1.22769100 1.01684100
vt 1.20564900 1.10003800
vt 0.00000000 0.00000000
vt 0.00000000 1.00000000
vt 1.00000000 1.00000000
vt 1.00000000 0.00000000
vt -0.72657810 0.27262720
vt -0.54787700 0.27262720
vt -0.74755310 -0.71181430
vt -0.47565100 -0.74830880
vt -0.21049930 -0.67799740
vt 0.00757209 -0.51155950
vt 0.14533240 -0.27435310
vt 0.18183590 -0.00246561
vt 0.11152880 0.26269490
vt 0.85612110 -0.74830880
vt 1.12802500 -0.71181430
vt 0.26894130 0.26269490
vt 0.19863580 -0.00246561
vt 0.23513790 -0.27435310
vt 0.37289800 -0.51155950
vt 0.59097090 -0.67799740
vt -0.36952610 1.17544500
vt -0.54822710 1.17544500
vt -0.54822710 1.66062200
vt -0.36952470 1.66062200
vt 0.41613660 1.29356300
vt 0.23743410 1.29356300
vt 0.23743410 1.37888600
vt 0.41613660 1.37888600
vt 0.23743410 1.46207100
vt 0.41613660 1.46207100
vt 0.23743410 1.53046900
vt 0.41613660 1.53046900
vt 0.23743410 1.57371000
vt 0.41613660 1.57371000
vt 0.98305110 1.47226600
vt 0.98305110 1.29356300
vt 0.89775330 1.29356300
vt 0.89775330 1.47226600
vt 0.81455640 1.29356300
vt 0.81455640 1.47226600
vt 0.02330557 1.29356300
vt -0.15539690 1.29356300
vt -0.15539690 1.74853600
vt 0.02330413 1.74853600
vt -0.74755310 0.81960740
vt -0.56729480 0.81960740
vt 0.80154030 0.30912190
vt 1.07344200 0.27262720
vt 1.33859400 0.34293860
vt 1.55666500 0.50937650
vt 1.69442600 0.74658300
vt 1.73092900 1.01847100
vt 1.66062200 1.28363100
vt 0.51436910 0.27262720
vt 0.78627270 0.30912190
vt -0.07281077 1.28363100
vt -0.14311640 1.01847100
vt -0.10661440 0.74658300
vt 0.03114596 0.50937650
vt 0.24921880 0.34293860
vt -0.17397830 1.17544500
vt -0.35423650 1.17544500
vt -0.35423650 1.66062200
vt -0.17397830 1.66062200
vt 0.61168310 1.29356300
vt 0.43142470 1.29356300
vt 0.43142470 1.37888400
vt 0.61168310 1.37888400
vt 0.43142470 1.46207000
vt 0.61168310 1.46207000
vt 0.43142470 1.53046800
vt 0.61168310 1.53046800
vt 0.43142470 1.57371000
vt 0.61168310 1.57371000
vt 0.79875980 1.47382100
vt 0.79875980 1.29356300
vt 0.71346210 1.29356300
vt 0.71346210 1.47382100
vt 0.63026500 1.29356300
vt 0.63026500 1.47382100
vt 0.21885200 1.29356300
vt 0.03859374 1.29356300
vt 0.03859374 1.74853600
vt 0.21885200 1.74853600
vt 1.99093600 1.14718800
vt 1.98538000 1.14412800
vt 1.99096000 1.11343400
vt 1.98538000 1.11268100
vt -1.28910600 1.42802400
vt -1.28355100 1.42569500
vt -1.25651300 1.43214900
vt -1.26206900 1.43174700
vt -1.25651300 1.46565500
vt -1.26206900 1.46077900
vt 1.99093600 0.00640395
vt 1.98538000 0.00681096
vt -1.35781700 1.46589800
vt -1.36337300 1.46034400
vt 2.05962000 1.11343400
vt 2.06520200 1.11267100
vt -1.35781700 1.42802400
vt -1.36337300 1.42569500
vt -1.18224700 1.43174700
vt -1.18780300 1.43214900
vt -1.18780300 1.46565500
vt -1.18224700 1.46077900
vt 2.05964600 0.00640395
vt 2.06520200 0.00681096
vt -1.28910600 1.14685400
vt -1.28355100 1.14550300
vt -1.28910600 0.86276450
vt -1.28355100 0.86191750
vt -1.35781700 0.86276450
vt -1.36337300 0.86191750
vt -1.35781700 1.14685400
vt -1.36337300 1.14550300
vt -1.28910600 0.46897850
vt -1.28355100 0.46848300
vt -1.28910600 0.17991400
vt -1.28355100 0.17960980
vt -1.35781700 0.17991400
vt -1.36337300 0.17960980
vt -1.35781700 0.46897850
vt -1.36337300 0.46848300
vt -1.28910600 -0.11322010
vt -1.28355100 -0.11332410
vt -1.28910600 -0.40303670
vt -1.28355100 -0.40293270
vt -1.35781700 -0.40303670
vt -1.36337300 -0.40293270
vt -1.35781700 -0.11322010
vt -1.36337300 -0.11332410
vt -1.28910600 -0.69615720
vt -1.28355100 -0.69584410
vt -1.28355100 -0.98462920
vt -1.28910600 -0.98515210
vt -1.35781700 -0.69615720
vt -1.36337300 -0.69584410
vt -1.35781700 -0.98515210
vt -1.36337300 -0.98462920
vt 1.86331900 2.22639500
vt 1.85773900 2.22569900
vt 1.85776300 2.24034400
vt 1.86331900 2.24314200
vt 1.78907700 2.22561600
vt 1.78349700 2.22630800
vt 1.78349700 2.24314200
vt 1.78905300 2.24034400
vt 1.81614400 1.18425100
vt 1.81058800 1.18645400
vt 1.89041000 1.18645400
vt 1.88485400 1.18425200
vt 1.85776300 1.23281300
vt 1.86331900 1.23244100
vt 1.86331900 1.22299800
vt 1.85776300 1.22748600
vt 1.78349700 1.23244100
vt 1.78905300 1.23281300
vt 1.78905300 1.22748600
vt 1.78349700 1.22299800
vt 1.70880200 1.19727800
vt 1.70324600 1.19765900
vt 1.78306800 1.19765900
vt 1.77751300 1.19727900
vt 1.81614400 0.66679120
vt 1.81058800 0.66759200
vt 1.81058800 0.92941220
vt 1.81614400 0.92813440
vt 1.89041000 0.66759320
vt 1.88485400 0.66679230
vt 1.88485400 0.92813490
vt 1.89041000 0.92941300
vt 1.81614300 0.03556523
vt 1.81058800 0.03585336
vt 1.81058800 0.30366290
vt 1.81614300 0.30319390
vt 1.89041000 0.03483400
vt 1.88485400 0.03454676
vt 1.88485400 0.30217780
vt 1.89041000 0.30264650
vt 1.81614300 -0.50399840
vt 1.81058800 -0.50409660
vt 1.81058800 -0.23565930
vt 1.81614300 -0.23575810
vt 1.89041000 -0.50520310
vt 1.88485500 -0.50510420
vt 1.88485500 -0.23686390
vt 1.89041000 -0.23676570
vt 1.81614300 -1.04277100
vt 1.81058800 -1.04326500
vt 1.81058800 -0.77559600
vt 1.81614300 -0.77530010
vt 1.89041000 -1.04437700
vt 1.88485500 -1.04388200
vt 1.88485500 -0.77641490
vt 1.89041000 -0.77671160
vt 0.24789210 -1.36242300
vt 0.24363770 -1.34778900
vt -1.26206900 -1.32549200
vt -1.25651300 -1.32659400
vt -1.18780300 -1.32659400
vt -1.18224700 -1.32549200
vt -1.18780300 -1.36269600
vt -1.18224700 -1.35844500
vt 0.22217990 -1.36269600
vt 0.22107420 -1.35714000
vt 1.91793000 -1.33587800
vt 1.92348600 -1.33698400
vt 1.70324600 -1.33539200
vt 1.70880200 -1.33435000
vt 1.70324600 -1.36269600
vt 1.70880200 -1.35867500
vt 1.95870400 1.24871500
vt 1.96426000 1.24770400
vt -1.28910600 -1.36269600
vt -1.28355100 -1.35826000
vt 1.99775100 -0.06572261
vt 1.99219600 -0.06469867
vt 1.92348600 -0.06469867
vt 1.91793000 -0.06572261
vt 1.92348600 -0.03899023
vt 1.91793000 -0.04295132
vt -1.28910600 -1.33825900
vt -1.28355100 -1.32714800
vt -1.36337300 -1.32714800
vt -1.35781700 -1.32879200
vt 1.96426000 2.33800100
vt 1.95870400 2.33706400
vt 1.96426000 2.36420200
vt 1.95870400 2.36057900
vt 1.88485400 -1.33538900
vt 1.89041000 -1.33694400
vt 1.88443800 1.22130500
vt 1.88999400 1.22519600
vt 1.88443800 1.24770400
vt 1.88999400 1.24871500
vt 1.77751300 -1.33435000
vt 1.78306800 -1.33539200
vt 1.81058800 -1.36269500
vt 1.81614400 -1.35850000
vt 1.81058800 -1.33694300
vt 1.81614400 -1.33538800
vt 1.88999400 2.33706400
vt 1.88443800 2.33800000
vt 1.95870400 1.79370800
vt 1.96426000 1.79365500
vt 1.88443800 1.79365500
vt 1.88999500 1.79370800
vt 1.99219500 -0.69819990
vt 1.99775100 -0.69814070
vt 1.91793000 -0.69814070
vt 1.92348600 -0.69819990
vt 0.00000000 0.00000000
vt 0.00000000 1.00000000
vt 1.00000000 1.00000000
vt 1.00000000 0.00000000
vt -1.28355100 1.46034400
vt -1.28910600 1.46589800
vt 1.98538000 -0.02034333
vt 1.99093600 -0.02525052
vt 2.06520200 1.14412800
vt 2.05964600 1.14718800
vt 2.05964600 -0.02525052
vt 2.06520200 -0.02034333
vt 1.81614400 1.20231200
vt 1.81058800 1.20756600
vt 1.89041000 1.20756500
vt 1.88485400 1.20231200
vt 1.78306800 1.20925800
vt 1.77751300 1.20464600
vt 1.70880200 1.20464600
vt 1.70324600 1.20925800
vt -1.26206900 -1.34806200
vt -1.25651300 -1.36269600
vt 1.91793000 -1.35844200
vt 1.92348600 -1.36269600
vt 1.99219600 -1.33698400
vt 1.99775100 -1.33587800
vt 1.95870400 1.22519700
vt 1.96426000 1.22130500
vt 1.99775100 -0.04295132
vt 1.99219600 -0.03899023
vt -1.36337300 -1.35826000
vt -1.35781700 -1.36269600
vt 1.88485400 -1.35850000
vt 1.89041000 -1.36269600
vt 1.77751300 -1.35867500
vt 1.78306800 -1.36269600
vt 1.88999500 2.36057900
vt 1.88443800 2.36420100
vt 1.78905300 2.25140800
vt 1.85776300 2.25140800
vt 1.99093600 1.17117800
vt 2.05964600 1.17117800
vt -0.88607470 1.46073100
vt -0.84338290 1.34221600
vt -0.86013000 1.34223100
vt -0.91752220 1.46068400
vt 1.44294100 1.45616000
vt 1.38555000 1.33770700
vt 1.36871500 1.33769200
vt 1.41148400 1.45620600
vt -0.87306280 1.32112000
vt -0.93947040 1.42603500
vt 1.46489000 1.42151100
vt 1.39848200 1.31659600
vt 0.24695000 1.46105100
vt 0.16001420 1.34490100
vt 0.15057120 1.34637900
vt 0.21979570 1.46516100
vt 0.30562380 1.46063700
vt 0.37484800 1.34185500
vt 0.36540520 1.34037800
vt 0.27846940 1.45652700
vt 0.36377870 1.32877800
vt 0.27425960 1.42749500
vt 0.25115980 1.43201900
vt 0.16164080 1.33330300
vt -1.02358800 1.14584300
vt -0.94769290 1.06407800
vt -0.99878800 0.80225790
vt -1.08081200 0.86225760
vt 1.60623200 0.85773340
vt 1.52420700 0.79773520
vt 1.47311200 1.05955500
vt 1.54900800 1.14131900
vt -1.12290400 0.46882290
vt -1.03645900 0.43832870
vt -1.05516300 0.17051900
vt -1.14374700 0.17994980
vt 1.66916600 0.17542600
vt 1.58063600 0.16497590
vt 1.56196600 0.43278820
vt 1.64832400 0.46429900
vt -1.15472700 -0.11298410
vt -1.06502600 -0.10099350
vt -1.06504600 -0.36943080
vt -1.15472700 -0.40259250
vt 1.68014700 -0.40711660
vt 1.59044500 -0.37506120
vt 1.59046600 -0.10662390
vt 1.68014700 -0.11750800
vt -1.14374800 -0.69550410
vt -1.05522400 -0.64093020
vt -1.03571700 -0.90859940
vt -1.12196300 -0.98428930
vt 1.64738200 -0.98881320
vt 1.56103500 -0.91423550
vt 1.58058300 -0.64656980
vt 1.66916700 -0.70002810
vt 1.99219600 -1.36269600
vt 0.24288120 -1.32521900
vt 0.16325210 -1.19974900
vt 0.36216740 -1.20427300
vt 0.28253820 -1.32974300
vt 0.30434530 -1.36166400
vt 0.39948830 -1.24288800
vt 0.94543900 -1.24288800
vt 0.94208260 -1.36166400
vt -0.41666320 -1.35714000
vt -0.42001960 -1.23836400
vt 0.12593140 -1.23836400
vt -1.04908200 -1.35714000
vt -0.96436490 -1.23836400
vt 1.48978500 -1.24288800
vt 1.57450100 -1.36166400
vt -1.00345400 -1.20227700
vt -1.07619400 -1.32680800
vt 1.60161400 -1.33133200
vt 1.52887500 -1.20680300
vt 0.37308960 -1.23157600
vt 0.28178160 -1.36269600
vt 1.51598600 -1.23255400
vt 1.59727200 -1.36244400
vt 0.15232990 -1.22705200
vt -0.99056570 -1.22803000
vt -1.07185300 -1.35792000
vt 0.00000000 0.00000000
vt 1.00000000 0.00000000
vt 0.00000000 1.00000000
vt 1.00000000 1.00000000
vt -1.93645000 1.95192100
vt -1.95467500 1.94746800
vt -1.97087200 1.95344900
vt -0.84650250 1.95506400
vt -0.84626050 1.97062100
vt -2.31524000 2.81645700
vt -1.93734200 1.97091800
vt -1.89239300 1.95376300
vt -1.14699000 1.94893400
vt -1.16956500 1.95378300
vt -1.14632800 1.97060200
vt -2.31478000 1.99640800
vt -2.31500600 1.98086000
vt -1.08709200 1.95552100
vt -1.12117800 1.95021400
vt -1.13763200 1.93722300
vt -1.90585700 3.21239800
vt -1.83235600 1.85836400
vt -1.82286200 1.87590000
vt -1.80967100 1.88262000
vt -1.90585700 3.22895900
vt -1.02861500 3.21417300
vt -2.57685200 2.00463700
vt -1.29917700 1.88476100
vt -1.28400600 1.87793600
vt -1.27765300 1.86134400
vt -1.96131700 1.96519800
vt -1.12841200 1.96438500
vt -1.02861500 3.22882300
vt -2.05068400 2.76075100
vt -2.07862400 2.74466400
vt -0.84667040 0.62124750
vt -1.13731600 0.62124750
vt -1.95498000 0.62124750
vt -1.97105300 0.62124820
vt -1.08675100 0.62124750
vt -1.12108500 0.62124820
vt -2.05068400 2.14269200
vt -2.07862400 2.15750200
vt -2.02542400 1.95192100
vt -2.00719900 1.94746800
vt -1.99100200 1.95344900
vt -0.94097540 1.95506400
vt -2.22005400 2.83168000
vt -2.21982400 2.81645700
vt -2.02453200 1.97091800
vt -2.06948000 1.95376300
vt -2.81488400 1.94893400
vt -2.79230800 1.95378300
vt -2.81554600 1.97060200
vt -2.22028400 1.99640800
vt -2.22005800 1.98086000
vt -0.99170570 1.95552100
vt -2.84069500 1.95021400
vt -2.82424200 1.93722200
vt -1.82326300 3.21239800
vt -2.12951700 1.85836400
vt -2.13901200 1.87590000
vt -2.15220300 1.88262000
vt -2.65944500 2.50346200
vt -1.11120800 3.21417300
vt -2.65944500 2.00463700
vt -2.66269700 1.88476100
vt -2.67786800 1.87793600
vt -2.68422000 1.86134400
vt -2.00055600 1.96519800
vt -2.83346200 1.96438500
vt -1.11120800 3.22882300
vt -2.18915600 2.76075100
vt -2.16121600 2.74466400
vt -0.94080730 0.62124750
vt -2.18915600 2.00381800
vt -2.00689300 0.62124750
vt -1.99082100 0.62124820
vt -0.99204680 0.62124750
vt -2.18274300 1.98758600
vt -2.18915600 2.14269200
vt -2.16121600 2.15750200
vt -1.02861500 1.99196300
vt -1.13732100 0.63235070
vt -1.89628200 0.63235070
vt -0.84668060 0.63235000
vt -2.42850200 2.58296300
vt -1.95499900 0.63235070
vt -1.97106400 0.63235070
vt -1.08675500 0.63235070
vt -1.10222300 0.63235070
vt -1.27621200 0.63235070
vt -0.99204210 0.63235070
vt -2.06559100 0.63235070
vt -0.94079780 0.63235000
vt -2.82455300 0.63235070
vt -2.34590900 2.58296300
vt -2.00687400 0.63235070
vt -1.99080900 0.63235070
vt -2.84078700 0.63235070
vt -1.13914800 1.99196300
vt -1.11120800 1.99196300
vt -1.58623600 0.62124750
vt -1.58623600 0.63235070
vt -2.07862400 2.45273800
vt -2.16121600 2.45273800
vt -2.42850200 2.29088400
vt -2.34590900 2.29088400
vt -0.84690950 1.05212500
vt -0.84690950 1.17885200
vt -0.83106260 1.17885200
vt -0.83106260 1.05212500
vt -1.95541600 1.17885300
vt -1.95541600 1.05212600
vt -1.89475000 1.60827800
vt -1.86960600 1.73346900
vt -1.90585700 3.08945200
vt -1.90585700 2.96523000
vt -1.92246500 1.30787400
vt -1.91330300 1.43486900
vt -1.90585700 2.79304100
vt -1.90585700 2.66664200
vt -1.92730100 1.17885300
vt -1.92730100 1.05212600
vt -1.90585700 2.53846500
vt -1.90585700 2.41173800
vt -1.95528700 1.30581100
vt -1.95516000 1.43267500
vt -1.97123500 1.30588100
vt -1.97115900 1.43260700
vt -0.84683900 1.30588000
vt -0.84676910 1.43260700
vt -1.95485600 1.73707100
vt -1.95498300 1.61030800
vt -1.97105500 1.61032700
vt -1.97098000 1.73705300
vt -0.84667180 1.61032500
vt -0.84660290 1.73705200
vt -1.91344100 0.79610230
vt -1.92246500 0.92309780
vt -1.90585700 2.28356600
vt -1.90585700 2.15719900
vt -1.95528700 0.92516730
vt -1.95516200 0.79830310
vt -1.97123500 0.92509770
vt -1.97116000 0.79837080
vt -0.84676930 0.79836990
vt -0.84683900 0.92509700
vt -0.94056870 1.17885200
vt -0.94056870 1.05212500
vt -0.95641540 1.17885200
vt -0.95641540 1.05212500
vt -2.00645700 1.17885300
vt -2.00645700 1.05212600
vt -2.09226800 1.73346900
vt -2.06712300 1.60827800
vt -1.82326300 2.96523000
vt -1.82326300 3.08945200
vt -2.04857100 1.43486900
vt -2.03940800 1.30787400
vt -1.82326300 2.66664200
vt -1.82326300 2.79304100
vt -2.03457200 1.17885300
vt -2.03457200 1.05212600
vt -1.82326300 2.41173800
vt -1.82326300 2.53846500
vt -2.00658600 1.30581100
vt -2.00671300 1.43267500
vt -1.99063800 1.30588100
vt -1.99071400 1.43260700
vt -0.94070910 1.43260700
vt -0.94063900 1.30588000
vt -2.00689100 1.61030800
vt -2.00701700 1.73707100
vt -1.99089300 1.73705300
vt -1.99081900 1.61032700
vt -0.94087480 1.73705200
vt -0.94080620 1.61032500
vt -2.03940900 0.92309780
vt -2.04843200 0.79610230
vt -1.82326300 2.28356600
vt -1.82326300 2.15719900
vt -2.00658600 0.92516730
vt -2.00671200 0.79830310
vt -1.99063800 0.92509770
vt -1.99071300 0.79837080
vt -0.94063900 0.92509700
vt -0.94070840 0.79836990
vt -2.65944500 2.48870300
vt -2.57685200 2.48870300
vt -2.41308900 2.65810300
vt -2.40005200 2.65810300
vt -2.33055900 2.84162300
vt -2.32585000 2.84162300
vt -2.33055900 2.85672200
vt -2.32585000 2.85672200
vt -2.44221700 2.66418700
vt -2.42918100 2.66418700
vt -2.40005200 2.63991200
vt -2.41308900 2.63991200
vt -2.33055900 2.87728500
vt -2.32585000 2.87728500
vt -2.42918100 2.61087300
vt -2.44221700 2.61087300
vt -2.68210500 2.57966600
vt -2.69157500 2.58389700
vt -2.41308900 2.66736200
vt -2.41133800 2.67683200
vt -2.82117100 2.53024600
vt -2.83310100 2.52907600
vt -2.82155700 2.49938400
vt -2.83331300 2.50206800
vt -2.08935100 2.87288800
vt -2.09079900 2.86113200
vt -2.69211700 2.56052300
vt -2.68035100 2.55935800
vt -2.44221700 2.63862200
vt -2.44221700 2.65087900
vt -2.42918100 2.63862200
vt -2.42918100 2.65087900
vt -2.44221700 2.68526500
vt -2.42918100 2.68526500
vt -2.73748700 2.61747200
vt -2.41308900 2.62144900
vt -2.38396100 2.65810300
vt -2.37092400 2.65810300
vt -2.35483300 2.61087300
vt -2.35012300 2.61087300
vt -2.35483300 2.62597200
vt -2.35012300 2.62597200
vt -2.47134600 2.66418700
vt -2.45830900 2.66418700
vt -2.37092400 2.63991200
vt -2.38396100 2.63991200
vt -2.35483300 2.64653500
vt -2.35012300 2.64653500
vt -2.45830900 2.61087300
vt -2.47134600 2.61087300
vt -2.49762600 2.62985100
vt -2.50709600 2.63408200
vt -2.38396100 2.66736200
vt -2.38221000 2.67683200
vt -2.63620700 2.56052000
vt -2.64813600 2.55935000
vt -2.63659200 2.52965800
vt -2.64834900 2.53234200
vt -2.06022300 2.87288800
vt -2.06167100 2.86113200
vt -2.50763900 2.61070800
vt -2.49587300 2.60954300
vt -2.47134600 2.63862200
vt -2.47134600 2.65087900
vt -2.45830900 2.63862200
vt -2.45830900 2.65087900
vt -2.47134600 2.68526500
vt -2.45830900 2.68526500
vt -2.55300900 2.66765700
vt -2.38396100 2.62144900
vt -2.33062600 2.79740400
vt -2.33035900 2.00639100
vt -0.83090540 1.95344800
vt -0.83080050 1.96519700
vt -2.31501100 2.83168000
vt -2.33047100 2.82138000
vt -2.33040700 1.98847500
vt -1.08687300 1.97075500
vt -1.10231900 1.95021400
vt -1.10227300 1.96438500
vt -1.93379600 3.21797600
vt -1.93379600 3.23551300
vt -2.54891200 2.50652500
vt -2.57685200 2.50346200
vt -2.54891200 2.51971600
vt -1.00067600 3.23754900
vt -1.00067600 3.22095600
vt -2.54891200 1.99603100
vt -2.54891200 1.98086000
vt -2.57685200 1.99079500
vt -0.83097030 0.62124750
vt -0.83097430 0.63235000
vt -1.12108600 0.63235070
vt -0.94121740 1.97062100
vt -2.20443900 2.79740400
vt -2.20470500 2.00639100
vt -0.99192480 1.97075500
vt -0.97647830 1.95021400
vt -0.97657440 0.63235070
vt -2.68738400 2.50652500
vt -2.68738400 2.51971600
vt -1.13914800 3.22095600
vt -2.68566100 0.63235070
vt -0.95657250 1.95344800
vt -0.95667790 1.96519700
vt -2.20459300 2.82138000
vt -2.20465800 1.98847500
vt -0.97652480 1.96438500
vt -1.82326300 3.22895900
vt -1.79532400 3.23551300
vt -1.79532400 3.21797600
vt -1.13914800 3.23754900
vt -2.65944500 1.99079500
vt -2.68738400 1.98086000
vt -2.68738400 1.99603100
vt -0.95650770 0.62124750
vt -0.95650360 0.63235000
vt -2.05709800 1.98758600
vt -2.07256800 1.98086000
vt -2.16727200 1.98086000
vt -2.05068400 2.00381800
vt -2.05068400 2.82148200
vt -2.18915600 2.82148200
vt -2.05715200 2.83755500
vt -2.18268900 2.83755500
vt -2.07285100 2.84442400
vt -2.16698900 2.84442400
vt -2.57685200 2.50346200
vt -2.57685200 2.48870300
vt -2.65944500 2.51395300
vt -2.57685200 2.51395300
vt -2.57685200 1.99079500
vt -2.57685200 2.00463700
vt -1.02861500 3.22882300
vt -1.02861500 3.21417300
vt -1.89424900 0.62124750
vt -1.10222100 0.62124820
vt -1.27619000 0.62124750
vt -1.00067600 1.99196300
vt -2.82455800 0.62124750
vt -2.84078900 0.62124820
vt -0.97657660 0.62124820
vt -2.68568400 0.62124750
vt -2.06762400 0.62124750
vt -1.02861500 1.99196300
vt -2.05068400 2.45273800
vt -2.45644100 2.29088400
vt -2.45644100 2.60093000
vt -2.45644100 1.98086000
vt -2.42850200 1.99566000
vt -2.42850200 1.99566000
vt -2.34590900 1.99566000
vt -2.42850200 2.58296300
vt -1.13914800 1.98086000
vt -1.11120800 1.98086000
vt -2.52252700 1.98086000
vt -2.53363000 1.98087300
vt -2.53363000 2.27609600
vt -2.52252700 2.27609600
vt -2.53363000 2.56817400
vt -2.52252700 2.56802200
vt -1.82326300 1.98086000
vt -1.82326300 1.99196300
vt -1.79532400 1.99196300
vt -1.79532400 1.98086000
vt -1.97131100 1.17885300
vt -1.97131100 1.05212600
vt -1.93379600 3.09308200
vt -1.93379600 2.96789100
vt -1.90585700 3.08945200
vt -1.90585700 2.96523000
vt -1.93379600 2.79448100
vt -1.93379600 2.66748600
vt -1.90585700 2.79304100
vt -1.90585700 2.66664200
vt -1.93379600 2.53846500
vt -1.93379600 2.41173800
vt -1.90585700 2.53846500
vt -1.90585700 2.41173800
vt -0.83103540 1.30588000
vt -0.83100820 1.43260700
vt -0.83097100 1.61032600
vt -0.83094430 1.73705300
vt -1.93379600 2.28271000
vt -1.93379600 2.15571500
vt -1.90585700 2.28356600
vt -1.90585700 2.15719900
vt -0.83100820 0.79836990
vt -0.83103540 0.92509700
vt -1.99056200 1.05212600
vt -1.99056200 1.17885300
vt -1.79532400 2.96789100
vt -1.79532400 3.09308200
vt -1.79532400 2.66748600
vt -1.79532400 2.79448100
vt -1.79532400 2.41173800
vt -1.79532400 2.53846500
vt -0.95646930 1.43260700
vt -0.95644260 1.30588000
vt -0.95653340 1.73705300
vt -0.95650700 1.61032600
vt -1.79532400 2.15571500
vt -1.79532400 2.28271000
vt -0.95644260 0.92509700
vt -0.95646910 0.79836990
vt -1.90585700 1.99196300
vt -1.90585700 3.21239800
vt -1.93379600 1.99196300
vt -1.90585700 1.99196300
vt -2.81254000 2.55772800
vt -2.79434800 2.56981400
vt -2.78797900 2.55519200
vt -2.80863500 2.54188500
vt -2.40005200 2.66736200
vt -2.40180300 2.67683200
vt -2.82179800 2.55362300
vt -2.83126800 2.54939200
vt -2.10238800 2.87288800
vt -2.10094000 2.86113200
vt -2.69181600 2.52965800
vt -2.68006000 2.53234200
vt -2.10238800 2.88065300
vt -2.08935100 2.88065300
vt -2.81096700 2.52962800
vt -2.69958200 2.53215300
vt -2.70240600 2.55990200
vt -2.40892600 2.68257300
vt -2.40421600 2.68257300
vt -2.84078900 2.52905500
vt -2.83701000 2.54415400
vt -2.84007800 2.50849200
vt -2.09822400 2.85436600
vt -2.09351500 2.85436600
vt -2.67258400 2.55932900
vt -2.67329500 2.53876600
vt -2.67636300 2.57442800
vt -2.81379100 2.50187900
vt -2.70083300 2.58800200
vt -2.70473800 2.57215900
vt -2.72539400 2.58546600
vt -2.71902500 2.60008800
vt -2.74806400 2.60654400
vt -2.40005200 2.62144900
vt -2.77588500 2.58719800
vt -2.76530900 2.57627000
vt -2.40005200 2.61087300
vt -2.41308900 2.61087300
vt -2.41308900 2.62144900
vt -2.40005200 2.62144900
vt -2.62757600 2.58800200
vt -2.60938400 2.60008800
vt -2.60301500 2.58546600
vt -2.62367100 2.57215900
vt -2.37092400 2.66736200
vt -2.37267500 2.67683200
vt -2.63683400 2.58389700
vt -2.64630400 2.57966600
vt -2.07326000 2.87288800
vt -2.07181200 2.86113200
vt -2.50733800 2.57984400
vt -2.49558200 2.58252600
vt -2.07326000 2.88065300
vt -2.06022300 2.88065300
vt -2.62600300 2.55990200
vt -2.51510300 2.58233700
vt -2.51792700 2.61008600
vt -2.37979700 2.68257300
vt -2.37508800 2.68257300
vt -2.65582400 2.55932900
vt -2.65204600 2.57442800
vt -2.65511400 2.53876600
vt -2.06909600 2.85436600
vt -2.06438700 2.85436600
vt -2.48810600 2.60951400
vt -2.48881600 2.58895100
vt -2.49188400 2.62461300
vt -2.62882700 2.53215200
vt -2.51635400 2.63818700
vt -2.52025900 2.62234400
vt -2.54091500 2.63565100
vt -2.53454600 2.65027300
vt -2.56358500 2.65672900
vt -2.37092400 2.62144900
vt -2.59092100 2.61747200
vt -2.58034500 2.60654400
vt -2.37092400 2.61087300
vt -2.38396100 2.61087300
vt -2.38396100 2.62144900
vt -2.37092400 2.62144900
f 4/4/4 3/3/3 2/2/2
f 5/5/5 4/4/4 2/2/2
f 10/10/10 9/9/9 7/7/7
f 1/1/1 10/10/10 7/7/7
f 1/1/1 7/7/7 6/6/6
f 8/8/8 1/1/1 6/6/6
f 8/8/8 6/6/6 13/13/13
f 14/14/14 8/8/8 13/13/13
f 14/14/14 13/13/13 11/11/11
f 13/13/13 12/12/12 11/11/11
f 12/12/12 16/16/16 11/11/11
f 16/16/16 15/15/15 11/11/11
f 169/169/169 168/168/168 167/167/167
f 170/170/170 169/169/169 167/167/167
f 17/17/17 21/21/21 19/19/19
f 20/20/20 17/17/17 19/19/19
f 18/18/18 17/17/17 20/20/20
f 22/22/22 18/18/18 20/20/20
f 23/23/23 27/27/27 25/25/25
f 26/26/26 23/23/23 25/25/25
f 24/24/24 23/23/23 26/26/26
f 28/28/28 24/24/24 26/26/26
f 30/30/30 29/29/29 31/31/31
f 32/32/32 30/30/30 31/31/31
f 34/34/34 30/30/30 32/32/32
f 33/33/33 34/34/34 32/32/32
f 36/36/36 35/35/35 37/37/37
f 38/38/38 36/36/36 37/37/37
f 40/40/40 36/36/36 38/38/38
f 39/39/39 40/40/40 38/38/38
f 43/43/43 44/44/44 41/41/41
f 42/42/42 43/43/43 41/41/41
f 45/45/45 49/49/49 47/47/47
f 48/48/48 45/45/45 47/47/47
f 46/46/46 45/45/45 48/48/48
f 50/50/50 46/46/46 48/48/48
f 52/52/52 51/51/51 53/53/53
f 54/54/54 52/52/52 53/53/53
f 56/56/56 52/52/52 54/54/54
f 55/55/55 56/56/56 54/54/54
f 60/60/60 57/57/57 58/58/58
f 59/59/59 60/60/60 58/58/58
f 64/64/64 61/61/61 62/62/62
f 63/63/63 64/64/64 62/62/62
f 68/68/68 65/65/65 66/66/66
f 67/67/67 68/68/68 66/66/66
f 72/72/72 69/69/69 70/70/70
f 71/71/71 72/72/72 70/70/70
f 74/74/74 73/73/73 75/75/75
f 76/76/76 74/74/74 75/75/75
f 78/78/78 74/74/74 76/76/76
f 77/77/77 78/78/78 76/76/76
f 82/82/82 79/79/79 80/80/80
f 81/81/81 82/82/82 80/80/80
f 83/83/83 87/87/87 85/85/85
f 86/86/86 83/83/83 85/85/85
f 84/84/84 83/83/83 86/86/86
f 88/88/88 84/84/84 86/86/86
f 89/89/89 93/93/93 91/91/91
f 92/92/92 89/89/89 91/91/91
f 90/90/90 89/89/89 92/92/92
f 94/94/94 90/90/90 92/92/92
f 96/96/96 95/95/95 98/98/98
f 99/99/99 96/96/96 98/98/98
f 97/97/97 96/96/96 99/99/99
f 100/100/100 97/97/97 99/99/99
f 101/101/101 105/105/105 103/103/103
f 104/104/104 101/101/101 103/103/103
f 102/102/102 101/101/101 104/104/104
f 106/106/106 102/102/102 104/104/104
f 110/110/110 107/107/107 108/108/108
f 109/109/109 110/110/110 108/108/108
f 114/114/114 111/111/111 112/112/112
f 113/113/113 114/114/114 112/112/112
f 118/118/118 115/115/115 116/116/116
f 117/117/117 118/118/118 116/116/116
f 122/122/122 119/119/119 120/120/120
f 121/121/121 122/122/122 120/120/120
f 126/126/126 123/123/123 124/124/124
f 125/125/125 126/126/126 124/124/124
f 130/130/130 127/127/127 128/128/128
f 129/129/129 130/130/130 128/128/128
f 134/134/134 131/131/131 132/132/132
f 133/133/133 134/134/134 132/132/132
f 138/138/138 135/135/135 136/136/136
f 137/137/137 138/138/138 136/136/136
f 142/142/142 139/139/139 140/140/140
f 141/141/141 142/142/142 140/140/140
f 146/146/146 143/143/143 144/144/144
f 145/145/145 146/146/146 144/144/144
f 150/150/150 147/147/147 148/148/148
f 149/149/149 150/150/150 148/148/148
f 154/154/154 151/151/151 152/152/152
f 153/153/153 154/154/154 152/152/152
f 158/158/158 155/155/155 156/156/156
f 157/157/157 158/158/158 156/156/156
f 162/162/162 159/159/159 160/160/160
f 161/161/161 162/162/162 160/160/160
f 166/166/166 163/163/163 164/164/164
f 165/165/165 166/166/166 164/164/164
f 328/328/328 327/327/327 326/326/326
f 329/329/329 328/328/328 326/326/326
f 385/385/385 325/325/325 384/384/384
f 390/390/390 325/325/325 389/389/389
f 394/394/394 325/325/325 393/393/393
f 393/393/393 325/325/325 397/397/397
f 400/400/400 325/325/325 399/399/399
f 404/404/404 325/325/325 403/403/403
f 403/403/403 325/325/325 407/407/407
f 417/417/417 325/325/325 385/385/385
f 419/419/419 325/325/325 418/418/418
f 420/420/420 325/325/325 419/419/419
f 422/422/422 325/325/325 421/421/421
f 424/424/424 325/325/325 423/423/423
f 426/426/426 325/325/325 424/424/424
f 388/388/388 387/387/387 386/386/386
f 392/392/392 387/387/387 391/391/391
f 396/396/396 387/387/387 395/395/395
f 398/398/398 387/387/387 396/396/396
f 402/402/402 387/387/387 401/401/401
f 406/406/406 387/387/387 405/405/405
f 408/408/408 387/387/387 406/406/406
f 386/386/386 387/387/387 409/409/409
f 411/411/411 387/387/387 410/410/410
f 410/410/410 387/387/387 412/412/412
f 414/414/414 387/387/387 413/413/413
f 416/416/416 387/387/387 415/415/415
f 415/415/415 387/387/387 425/425/425
f 429/429/429 428/428/428 427/427/427
f 431/431/431 428/428/428 430/430/430
f 433/433/433 428/428/428 432/432/432
f 435/435/435 428/428/428 434/434/434
f 432/432/432 428/428/428 436/436/436
f 437/437/437 428/428/428 435/435/435
f 192/192/192 194/194/194 193/193/193
f 191/191/191 192/192/192 193/193/193
f 191/191/191 193/193/193 190/190/190
f 192/192/192 191/191/191 357/357/357
f 189/189/189 191/191/191 190/190/190
f 191/191/191 358/358/358 357/357/357
f 189/189/189 190/190/190 187/187/187
f 358/358/358 264/264/264 357/357/357
f 264/264/264 265/265/265 357/357/357
f 260/260/260 264/264/264 358/358/358
f 356/356/356 260/260/260 358/358/358
f 259/259/259 260/260/260 356/356/356
f 189/189/189 188/188/188 356/356/356
f 188/188/188 189/189/189 187/187/187
f 188/188/188 239/239/239 356/356/356
f 239/239/239 259/259/259 356/356/356
f 188/188/188 174/174/174 239/239/239
f 188/188/188 187/187/187 174/174/174
f 239/239/239 251/251/251 259/259/259
f 174/174/174 251/251/251 239/239/239
f 187/187/187 175/175/175 174/174/174
f 175/175/175 187/187/187 176/176/176
f 187/187/187 330/330/330 176/176/176
f 330/330/330 331/331/331 176/176/176
f 175/175/175 173/173/173 174/174/174
f 175/175/175 176/176/176 173/173/173
f 251/251/251 174/174/174 235/235/235
f 173/173/173 235/235/235 174/174/174
f 331/331/331 179/179/179 176/176/176
f 179/179/179 331/331/331 332/332/332
f 251/251/251 261/261/261 259/259/259
f 254/254/254 251/251/251 235/235/235
f 251/251/251 254/254/254 261/261/261
f 259/259/259 261/261/261 263/263/263
f 263/263/263 261/261/261 269/269/269
f 368/368/368 259/259/259 263/263/263
f 368/368/368 263/263/263 369/369/369
f 263/263/263 266/266/266 369/369/369
f 263/263/263 269/269/269 266/266/266
f 369/369/369 266/266/266 370/370/370
f 254/254/254 274/274/274 261/261/261
f 261/261/261 274/274/274 269/269/269
f 274/274/274 254/254/254 279/279/279
f 274/274/274 279/279/279 269/269/269
f 279/279/279 283/283/283 269/269/269
f 283/283/283 375/375/375 269/269/269
f 375/375/375 281/281/281 269/269/269
f 269/269/269 281/281/281 266/266/266
f 375/375/375 376/376/376 281/281/281
f 266/266/266 281/281/281 275/275/275
f 376/376/376 275/275/275 281/281/281
f 266/266/266 268/268/268 370/370/370
f 268/268/268 266/266/266 275/275/275
f 248/248/248 370/370/370 268/268/268
f 268/268/268 275/275/275 248/248/248
f 236/236/236 370/370/370 248/248/248
f 275/275/275 376/376/376 271/271/271
f 275/275/275 271/271/271 248/248/248
f 271/271/271 376/376/376 367/367/367
f 180/180/180 271/271/271 367/367/367
f 271/271/271 180/180/180 289/289/289
f 362/362/362 180/180/180 367/367/367
f 362/362/362 243/243/243 180/180/180
f 236/236/236 248/248/248 181/181/181
f 333/333/333 236/236/236 181/181/181
f 181/181/181 332/332/332 333/333/333
f 248/248/248 271/271/271 249/249/249
f 271/271/271 289/289/289 249/249/249
f 177/177/177 332/332/332 181/181/181
f 181/181/181 180/180/180 177/177/177
f 177/177/177 179/179/179 332/332/332
f 181/181/181 248/248/248 182/182/182
f 248/248/248 249/249/249 182/182/182
f 181/181/181 182/182/182 180/180/180
f 179/179/179 177/177/177 178/178/178
f 176/176/176 179/179/179 178/178/178
f 180/180/180 234/234/234 177/177/177
f 177/177/177 234/234/234 178/178/178
f 180/180/180 243/243/243 234/234/234
f 234/234/234 243/243/243 178/178/178
f 243/243/243 242/242/242 178/178/178
f 233/233/233 176/176/176 178/178/178
f 178/178/178 242/242/242 233/233/233
f 242/242/242 241/241/241 233/233/233
f 176/176/176 233/233/233 173/173/173
f 233/233/233 241/241/241 240/240/240
f 173/173/173 233/233/233 240/240/240
f 173/173/173 240/240/240 235/235/235
f 182/182/182 183/183/183 180/180/180
f 180/180/180 183/183/183 289/289/289
f 240/240/240 244/244/244 235/235/235
f 235/235/235 244/244/244 254/254/254
f 381/381/381 289/289/289 183/183/183
f 383/383/383 381/381/381 183/183/183
f 381/381/381 380/380/380 289/289/289
f 380/380/380 379/379/379 289/289/289
f 379/379/379 373/373/373 289/289/289
f 373/373/373 249/249/249 289/289/289
f 249/249/249 373/373/373 372/372/372
f 197/197/197 249/249/249 372/372/372
f 182/182/182 249/249/249 197/197/197
f 196/196/196 182/182/182 197/197/197
f 245/245/245 244/244/244 240/240/240
f 359/359/359 245/245/245 240/240/240
f 244/244/244 245/245/245 255/255/255
f 244/244/244 255/255/255 254/254/254
f 254/254/254 255/255/255 279/279/279
f 246/246/246 245/245/245 359/359/359
f 245/245/245 267/267/267 255/255/255
f 255/255/255 267/267/267 279/279/279
f 267/267/267 374/374/374 279/279/279
f 267/267/267 366/366/366 374/374/374
f 360/360/360 246/246/246 359/359/359
f 366/366/366 286/286/286 374/374/374
f 247/247/247 246/246/246 360/360/360
f 246/246/246 247/247/247 366/366/366
f 361/361/361 247/247/247 360/360/360
f 247/247/247 258/258/258 366/366/366
f 366/366/366 258/258/258 286/286/286
f 258/258/258 287/287/287 286/286/286
f 348/348/348 206/206/206 347/347/347
f 206/206/206 204/204/204 347/347/347
f 204/204/204 206/206/206 336/336/336
f 337/337/337 204/204/204 336/336/336
f 204/204/204 337/337/337 288/288/288
f 232/232/232 204/204/204 288/288/288
f 288/288/288 290/290/290 232/232/232
f 290/290/290 291/291/291 232/232/232
f 232/232/232 291/291/291 382/382/382
f 353/353/353 232/232/232 382/382/382
f 231/231/231 232/232/232 353/353/353
f 209/209/209 353/353/353 347/347/347
f 353/353/353 230/230/230 231/231/231
f 232/232/232 231/231/231 273/273/273
f 232/232/232 273/273/273 278/278/278
f 353/353/353 229/229/229 230/230/230
f 232/232/232 278/278/278 282/282/282
f 353/353/353 228/228/228 229/229/229
f 232/232/232 282/282/282 285/285/285
f 353/353/353 227/227/227 228/228/228
f 232/232/232 285/285/285 284/284/284
f 353/353/353 171/171/171 227/227/227
f 353/353/353 198/198/198 171/171/171
f 353/353/353 210/210/210 198/198/198
f 353/353/353 209/209/209 210/210/210
f 232/232/232 284/284/284 280/280/280
f 232/232/232 280/280/280 276/276/276
f 232/232/232 276/276/276 270/270/270
f 270/270/270 204/204/204 232/232/232
f 204/204/204 270/270/270 262/262/262
f 204/204/204 262/262/262 256/256/256
f 204/204/204 256/256/256 250/250/250
f 204/204/204 250/250/250 238/238/238
f 204/204/204 238/238/238 172/172/172
f 172/172/172 347/347/347 204/204/204
f 212/212/212 209/209/209 347/347/347
f 172/172/172 195/195/195 347/347/347
f 213/213/213 212/212/212 347/347/347
f 195/195/195 200/200/200 347/347/347
f 215/215/215 213/213/213 347/347/347
f 200/200/200 207/207/207 347/347/347
f 216/216/216 215/215/215 347/347/347
f 347/347/347 207/207/207 211/211/211
f 214/214/214 216/216/216 347/347/347
f 211/211/211 220/220/220 347/347/347
f 220/220/220 214/214/214 347/347/347
f 315/315/315 314/314/314 250/250/250
f 256/256/256 315/315/315 250/250/250
f 313/313/313 294/294/294 172/172/172
f 238/238/238 313/313/313 172/172/172
f 293/293/293 297/297/297 200/200/200
f 195/195/195 293/293/293 200/200/200
f 299/299/299 301/301/301 211/211/211
f 207/207/207 299/299/299 211/211/211
f 224/224/224 225/225/225 351/351/351
f 186/186/186 224/224/224 351/351/351
f 343/343/343 224/224/224 186/186/186
f 218/218/218 343/343/343 186/186/186
f 351/351/351 199/199/199 186/186/186
f 185/185/185 218/218/218 186/186/186
f 199/199/199 184/184/184 186/186/186
f 184/184/184 185/185/185 186/186/186
f 199/199/199 335/335/335 184/184/184
f 185/185/185 184/184/184 272/272/272
f 335/335/335 334/334/334 184/184/184
f 184/184/184 334/334/334 272/272/272
f 237/237/237 252/252/252 354/354/354
f 355/355/355 237/237/237 354/354/354
f 257/257/257 364/364/364 363/363/363
f 365/365/365 257/257/257 363/363/363
f 294/294/294 293/293/293 195/195/195
f 172/172/172 294/294/294 195/195/195
f 296/296/296 295/295/295 171/171/171
f 198/198/198 296/296/296 171/171/171
f 298/298/298 296/296/296 198/198/198
f 210/210/210 298/298/298 198/198/198
f 297/297/297 299/299/299 207/207/207
f 200/200/200 297/297/297 207/207/207
f 300/300/300 298/298/298 210/210/210
f 209/209/209 300/300/300 210/210/210
f 302/302/302 300/300/300 209/209/209
f 212/212/212 302/302/302 209/209/209
f 301/301/301 303/303/303 220/220/220
f 211/211/211 301/301/301 220/220/220
f 304/304/304 302/302/302 212/212/212
f 213/213/213 304/304/304 212/212/212
f 303/303/303 305/305/305 214/214/214
f 220/220/220 303/303/303 214/214/214
f 306/306/306 304/304/304 213/213/213
f 215/215/215 306/306/306 213/213/213
f 305/305/305 307/307/307 216/216/216
f 214/214/214 305/305/305 216/216/216
f 307/307/307 306/306/306 215/215/215
f 216/216/216 307/307/307 215/215/215
f 295/295/295 308/308/308 227/227/227
f 171/171/171 295/295/295 227/227/227
f 308/308/308 309/309/309 228/228/228
f 227/227/227 308/308/308 228/228/228
f 309/309/309 310/310/310 229/229/229
f 228/228/228 309/309/309 229/229/229
f 310/310/310 311/311/311 230/230/230
f 229/229/229 310/310/310 230/230/230
f 311/311/311 312/312/312 231/231/231
f 230/230/230 311/311/311 231/231/231
f 314/314/314 313/313/313 238/238/238
f 250/250/250 314/314/314 238/238/238
f 316/316/316 315/315/315 256/256/256
f 262/262/262 316/316/316 256/256/256
f 317/317/317 316/316/316 262/262/262
f 270/270/270 317/317/317 262/262/262
f 312/312/312 318/318/318 273/273/273
f 231/231/231 312/312/312 273/273/273
f 319/319/319 317/317/317 270/270/270
f 276/276/276 319/319/319 270/270/270
f 318/318/318 320/320/320 278/278/278
f 273/273/273 318/318/318 278/278/278
f 321/321/321 319/319/319 276/276/276
f 280/280/280 321/321/321 276/276/276
f 320/320/320 322/322/322 282/282/282
f 278/278/278 320/320/320 282/282/282
f 323/323/323 321/321/321 280/280/280
f 284/284/284 323/323/323 280/280/280
f 322/322/322 324/324/324 285/285/285
f 282/282/282 322/322/322 285/285/285
f 324/324/324 323/323/323 284/284/284
f 285/285/285 324/324/324 284/284/284
f 202/202/202 205/205/205 203/203/203
f 201/201/201 202/202/202 203/203/203
f 205/205/205 222/222/222 203/203/203
f 201/201/201 203/203/203 253/253/253
f 377/377/377 201/201/201 253/253/253
f 377/377/377 253/253/253 378/378/378
f 253/253/253 292/292/292 378/378/378
f 222/222/222 217/217/217 203/203/203
f 203/203/203 217/217/217 253/253/253
f 217/217/217 222/222/222 221/221/221
f 342/342/342 217/217/217 221/221/221
f 342/342/342 341/341/341 217/217/217
f 253/253/253 219/219/219 292/292/292
f 217/217/217 219/219/219 253/253/253
f 341/341/341 219/219/219 217/217/217
f 219/219/219 277/277/277 292/292/292
f 341/341/341 371/371/371 219/219/219
f 371/371/371 277/277/277 219/219/219
f 339/339/339 338/338/338 208/208/208
f 208/208/208 338/338/338 349/349/349
f 350/350/350 208/208/208 349/349/349
f 340/340/340 339/339/339 208/208/208
f 350/350/350 226/226/226 208/208/208
f 208/208/208 223/223/223 340/340/340
f 226/226/226 223/223/223 208/208/208
f 223/223/223 346/346/346 340/340/340
f 223/223/223 226/226/226 352/352/352
f 346/346/346 223/223/223 344/344/344
f 345/345/345 223/223/223 352/352/352
f 223/223/223 345/345/345 344/344/344
f 696/696/696 695/695/695 694/694/694
f 697/697/697 696/696/696 694/694/694
f 700/700/700 699/699/699 698/698/698
f 701/701/701 700/700/700 698/698/698
f 720/720/720 719/719/719 718/718/718
f 721/721/721 720/720/720 718/718/718
f 751/751/751 720/720/720 721/721/721
f 750/750/750 751/751/751 721/721/721
f 724/724/724 723/723/723 722/722/722
f 725/725/725 724/724/724 722/722/722
f 698/698/698 699/699/699 730/730/730
f 699/699/699 731/731/731 730/730/730
f 730/730/730 731/731/731 729/729/729
f 731/731/731 728/728/728 729/729/729
f 729/729/729 728/728/728 726/726/726
f 728/728/728 727/727/727 726/726/726
f 726/726/726 727/727/727 760/760/760
f 727/727/727 761/761/761 760/760/760
f 734/734/734 733/733/733 732/732/732
f 735/735/735 734/734/734 732/732/732
f 755/755/755 734/734/734 735/735/735
f 754/754/754 755/755/755 735/735/735
f 715/715/715 755/755/755 754/754/754
f 714/714/714 715/715/715 754/754/754
f 716/716/716 715/715/715 714/714/714
f 717/717/717 716/716/716 714/714/714
f 749/749/749 716/716/716 717/717/717
f 748/748/748 749/749/749 717/717/717
f 703/703/703 749/749/749 748/748/748
f 702/702/702 703/703/703 748/748/748
f 704/704/704 703/703/703 702/702/702
f 705/705/705 704/704/704 702/702/702
f 737/737/737 704/704/704 705/705/705
f 736/736/736 737/737/737 705/705/705
f 738/738/738 737/737/737 736/736/736
f 739/739/739 738/738/738 736/736/736
f 766/766/766 738/738/738 739/739/739
f 767/767/767 766/766/766 739/739/739
f 742/742/742 741/741/741 740/740/740
f 743/743/743 742/742/742 740/740/740
f 759/759/759 742/742/742 743/743/743
f 758/758/758 759/759/759 743/743/743
f 723/723/723 759/759/759 758/758/758
f 722/722/722 723/723/723 758/758/758
f 746/746/746 745/745/745 744/744/744
f 747/747/747 746/746/746 744/744/744
f 768/768/768 746/746/746 747/747/747
f 769/769/769 768/768/768 747/747/747
f 707/707/707 751/751/751 750/750/750
f 706/706/706 707/707/707 750/750/750
f 708/708/708 707/707/707 706/706/706
f 709/709/709 708/708/708 706/706/706
f 764/764/764 708/708/708 709/709/709
f 765/765/765 764/764/764 709/709/709
f 719/719/719 757/757/757 756/756/756
f 718/718/718 719/719/719 756/756/756
f 762/762/762 700/700/700 701/701/701
f 763/763/763 762/762/762 701/701/701
f 744/744/744 745/745/745 713/713/713
f 745/745/745 712/712/712 713/713/713
f 713/713/713 712/712/712 710/710/710
f 712/712/712 711/711/711 710/710/710
f 710/710/710 711/711/711 752/752/752
f 711/711/711 753/753/753 752/752/752
f 752/752/752 753/753/753 725/725/725
f 753/753/753 724/724/724 725/725/725
f 441/441/441 443/443/443 439/439/439
f 443/443/443 438/438/438 439/439/439
f 443/443/443 445/445/445 438/438/438
f 441/441/441 439/439/439 533/533/533
f 503/503/503 441/441/441 533/533/533
f 445/445/445 504/504/504 438/438/438
f 445/445/445 447/447/447 504/504/504
f 503/503/503 533/533/533 532/532/532
f 501/501/501 503/503/503 532/532/532
f 447/447/447 505/505/505 504/504/504
f 447/447/447 449/449/449 505/505/505
f 501/501/501 532/532/532 531/531/531
f 499/499/499 501/501/501 531/531/531
f 449/449/449 506/506/506 505/505/505
f 449/449/449 451/451/451 506/506/506
f 499/499/499 531/531/531 530/530/530
f 497/497/497 499/499/499 530/530/530
f 451/451/451 507/507/507 506/506/506
f 451/451/451 453/453/453 507/507/507
f 497/497/497 530/530/530 529/529/529
f 495/495/495 497/497/497 529/529/529
f 453/453/453 508/508/508 507/507/507
f 453/453/453 455/455/455 508/508/508
f 495/495/495 529/529/529 528/528/528
f 493/493/493 495/495/495 528/528/528
f 455/455/455 509/509/509 508/508/508
f 455/455/455 457/457/457 509/509/509
f 493/493/493 528/528/528 527/527/527
f 491/491/491 493/493/493 527/527/527
f 457/457/457 510/510/510 509/509/509
f 457/457/457 459/459/459 510/510/510
f 491/491/491 527/527/527 526/526/526
f 489/489/489 491/491/491 526/526/526
f 459/459/459 511/511/511 510/510/510
f 459/459/459 461/461/461 511/511/511
f 489/489/489 526/526/526 525/525/525
f 487/487/487 489/489/489 525/525/525
f 461/461/461 512/512/512 511/511/511
f 461/461/461 463/463/463 512/512/512
f 487/487/487 525/525/525 524/524/524
f 485/485/485 487/487/487 524/524/524
f 463/463/463 513/513/513 512/512/512
f 463/463/463 465/465/465 513/513/513
f 485/485/485 524/524/524 523/523/523
f 483/483/483 485/485/485 523/523/523
f 465/465/465 514/514/514 513/513/513
f 465/465/465 467/467/467 514/514/514
f 483/483/483 523/523/523 522/522/522
f 481/481/481 483/483/483 522/522/522
f 467/467/467 515/515/515 514/514/514
f 467/467/467 469/469/469 515/515/515
f 481/481/481 522/522/522 521/521/521
f 479/479/479 481/481/481 521/521/521
f 469/469/469 516/516/516 515/515/515
f 469/469/469 471/471/471 516/516/516
f 479/479/479 521/521/521 520/520/520
f 477/477/477 479/479/479 520/520/520
f 471/471/471 517/517/517 516/516/516
f 471/471/471 473/473/473 517/517/517
f 477/477/477 520/520/520 519/519/519
f 475/475/475 477/477/477 519/519/519
f 473/473/473 475/475/475 518/518/518
f 473/473/473 518/518/518 517/517/517
f 475/475/475 519/519/519 518/518/518
f 521/521/521 522/522/522 552/552/552
f 520/520/520 521/521/521 551/551/551
f 521/521/521 552/552/552 551/551/551
f 519/519/519 520/520/520 550/550/550
f 520/520/520 551/551/551 550/550/550
f 518/518/518 519/519/519 549/549/549
f 519/519/519 550/550/550 549/549/549
f 517/517/517 518/518/518 548/548/548
f 518/518/518 549/549/549 548/548/548
f 516/516/516 517/517/517 547/547/547
f 517/517/517 548/548/548 547/547/547
f 522/522/522 553/553/553 552/552/552
f 522/522/522 523/523/523 553/553/553
f 516/516/516 547/547/547 546/546/546
f 515/515/515 516/516/516 546/546/546
f 523/523/523 554/554/554 553/553/553
f 523/523/523 524/524/524 554/554/554
f 515/515/515 546/546/546 545/545/545
f 514/514/514 515/515/515 545/545/545
f 524/524/524 555/555/555 554/554/554
f 524/524/524 525/525/525 555/555/555
f 514/514/514 545/545/545 544/544/544
f 513/513/513 514/514/514 544/544/544
f 525/525/525 556/556/556 555/555/555
f 525/525/525 526/526/526 556/556/556
f 513/513/513 544/544/544 543/543/543
f 512/512/512 513/513/513 543/543/543
f 526/526/526 557/557/557 556/556/556
f 526/526/526 527/527/527 557/557/557
f 512/512/512 543/543/543 542/542/542
f 511/511/511 512/512/512 542/542/542
f 527/527/527 558/558/558 557/557/557
f 527/527/527 528/528/528 558/558/558
f 511/511/511 542/542/542 541/541/541
f 510/510/510 511/511/511 541/541/541
f 528/528/528 559/559/559 558/558/558
f 528/528/528 529/529/529 559/559/559
f 510/510/510 541/541/541 540/540/540
f 509/509/509 510/510/510 540/540/540
f 529/529/529 560/560/560 559/559/559
f 529/529/529 530/530/530 560/560/560
f 509/509/509 540/540/540 539/539/539
f 508/508/508 509/509/509 539/539/539
f 530/530/530 561/561/561 560/560/560
f 530/530/530 531/531/531 561/561/561
f 508/508/508 539/539/539 538/538/538
f 507/507/507 508/508/508 538/538/538
f 531/531/531 562/562/562 561/561/561
f 531/531/531 532/532/532 562/562/562
f 507/507/507 538/538/538 537/537/537
f 506/506/506 507/507/507 537/537/537
f 532/532/532 563/563/563 562/562/562
f 532/532/532 533/533/533 563/563/563
f 506/506/506 537/537/537 536/536/536
f 505/505/505 506/506/506 536/536/536
f 533/533/533 565/565/565 563/563/563
f 533/533/533 439/439/439 565/565/565
f 505/505/505 536/536/536 535/535/535
f 504/504/504 505/505/505 535/535/535
f 439/439/439 564/564/564 565/565/565
f 439/439/439 438/438/438 564/564/564
f 438/438/438 504/504/504 534/534/534
f 504/504/504 535/535/535 534/534/534
f 438/438/438 534/534/534 564/564/564
f 562/562/562 563/563/563 498/498/498
f 563/563/563 565/565/565 500/500/500
f 563/563/563 500/500/500 498/498/498
f 565/565/565 564/564/564 502/502/502
f 565/565/565 502/502/502 500/500/500
f 564/564/564 534/534/534 440/440/440
f 564/564/564 440/440/440 502/502/502
f 534/534/534 442/442/442 440/440/440
f 534/534/534 535/535/535 442/442/442
f 502/502/502 440/440/440 442/442/442
f 535/535/535 444/444/444 442/442/442
f 442/442/442 444/444/444 502/502/502
f 444/444/444 500/500/500 502/502/502
f 535/535/535 536/536/536 444/444/444
f 444/444/444 446/446/446 500/500/500
f 536/536/536 446/446/446 444/444/444
f 446/446/446 498/498/498 500/500/500
f 536/536/536 537/537/537 446/446/446
f 537/537/537 448/448/448 446/446/446
f 446/446/446 448/448/448 498/498/498
f 537/537/537 538/538/538 448/448/448
f 448/448/448 496/496/496 498/498/498
f 562/562/562 498/498/498 496/496/496
f 561/561/561 562/562/562 496/496/496
f 561/561/561 496/496/496 494/494/494
f 448/448/448 494/494/494 496/496/496
f 560/560/560 561/561/561 494/494/494
f 538/538/538 450/450/450 448/448/448
f 448/448/448 450/450/450 494/494/494
f 538/538/538 539/539/539 450/450/450
f 560/560/560 494/494/494 492/492/492
f 450/450/450 492/492/492 494/494/494
f 559/559/559 560/560/560 492/492/492
f 539/539/539 452/452/452 450/450/450
f 450/450/450 452/452/452 492/492/492
f 539/539/539 540/540/540 452/452/452
f 559/559/559 492/492/492 490/490/490
f 452/452/452 490/490/490 492/492/492
f 558/558/558 559/559/559 490/490/490
f 540/540/540 454/454/454 452/452/452
f 452/452/452 454/454/454 490/490/490
f 540/540/540 541/541/541 454/454/454
f 558/558/558 490/490/490 488/488/488
f 454/454/454 488/488/488 490/490/490
f 557/557/557 558/558/558 488/488/488
f 541/541/541 456/456/456 454/454/454
f 454/454/454 456/456/456 488/488/488
f 541/541/541 542/542/542 456/456/456
f 542/542/542 458/458/458 456/456/456
f 456/456/456 458/458/458 488/488/488
f 542/542/542 543/543/543 458/458/458
f 557/557/557 488/488/488 486/486/486
f 458/458/458 486/486/486 488/488/488
f 556/556/556 557/557/557 486/486/486
f 543/543/543 460/460/460 458/458/458
f 458/458/458 460/460/460 486/486/486
f 543/543/543 544/544/544 460/460/460
f 556/556/556 486/486/486 484/484/484
f 460/460/460 484/484/484 486/486/486
f 555/555/555 556/556/556 484/484/484
f 544/544/544 462/462/462 460/460/460
f 460/460/460 462/462/462 484/484/484
f 544/544/544 545/545/545 462/462/462
f 555/555/555 484/484/484 482/482/482
f 462/462/462 482/482/482 484/484/484
f 554/554/554 555/555/555 482/482/482
f 545/545/545 464/464/464 462/462/462
f 462/462/462 464/464/464 482/482/482
f 545/545/545 546/546/546 464/464/464
f 554/554/554 482/482/482 480/480/480
f 464/464/464 480/480/480 482/482/482
f 553/553/553 554/554/554 480/480/480
f 546/546/546 466/466/466 464/464/464
f 464/464/464 466/466/466 480/480/480
f 546/546/546 547/547/547 466/466/466
f 553/553/553 480/480/480 478/478/478
f 466/466/466 478/478/478 480/480/480
f 552/552/552 553/553/553 478/478/478
f 547/547/547 468/468/468 466/466/466
f 466/466/466 468/468/468 478/478/478
f 547/547/547 548/548/548 468/468/468
f 552/552/552 478/478/478 476/476/476
f 468/468/468 476/476/476 478/478/478
f 551/551/551 552/552/552 476/476/476
f 548/548/548 470/470/470 468/468/468
f 468/468/468 470/470/470 476/476/476
f 548/548/548 549/549/549 470/470/470
f 551/551/551 476/476/476 474/474/474
f 470/470/470 474/474/474 476/476/476
f 550/550/550 551/551/551 474/474/474
f 549/549/549 472/472/472 470/470/470
f 470/470/470 472/472/472 474/474/474
f 550/550/550 474/474/474 472/472/472
f 549/549/549 550/550/550 472/472/472
f 575/575/575 576/576/576 574/574/574
f 573/573/573 575/575/575 574/574/574
f 579/579/579 575/575/575 573/573/573
f 574/574/574 576/576/576 691/691/691
f 576/576/576 693/693/693 691/691/691
f 572/572/572 579/579/579 573/573/573
f 585/585/585 579/579/579 572/572/572
f 691/691/691 693/693/693 688/688/688
f 693/693/693 692/692/692 688/688/688
f 578/578/578 585/585/585 572/572/572
f 589/589/589 585/585/585 578/578/578
f 688/688/688 692/692/692 684/684/684
f 692/692/692 689/689/689 684/684/684
f 584/584/584 589/589/589 578/578/578
f 593/593/593 589/589/589 584/584/584
f 684/684/684 689/689/689 680/680/680
f 689/689/689 685/685/685 680/680/680
f 588/588/588 593/593/593 584/584/584
f 597/597/597 593/593/593 588/588/588
f 680/680/680 685/685/685 676/676/676
f 685/685/685 681/681/681 676/676/676
f 592/592/592 597/597/597 588/588/588
f 601/601/601 597/597/597 592/592/592
f 676/676/676 681/681/681 672/672/672
f 681/681/681 677/677/677 672/672/672
f 596/596/596 601/601/601 592/592/592
f 605/605/605 601/601/601 596/596/596
f 672/672/672 677/677/677 668/668/668
f 677/677/677 673/673/673 668/668/668
f 600/600/600 605/605/605 596/596/596
f 609/609/609 605/605/605 600/600/600
f 668/668/668 673/673/673 664/664/664
f 673/673/673 669/669/669 664/664/664
f 604/604/604 609/609/609 600/600/600
f 613/613/613 609/609/609 604/604/604
f 664/664/664 669/669/669 660/660/660
f 669/669/669 665/665/665 660/660/660
f 608/608/608 613/613/613 604/604/604
f 617/617/617 613/613/613 608/608/608
f 660/660/660 665/665/665 656/656/656
f 665/665/665 661/661/661 656/656/656
f 612/612/612 617/617/617 608/608/608
f 621/621/621 617/617/617 612/612/612
f 656/656/656 661/661/661 652/652/652
f 661/661/661 657/657/657 652/652/652
f 616/616/616 621/621/621 612/612/612
f 625/625/625 621/621/621 616/616/616
f 652/652/652 657/657/657 648/648/648
f 657/657/657 653/653/653 648/648/648
f 620/620/620 625/625/625 616/616/616
f 629/629/629 625/625/625 620/620/620
f 648/648/648 653/653/653 644/644/644
f 653/653/653 649/649/649 644/644/644
f 624/624/624 629/629/629 620/620/620
f 633/633/633 629/629/629 624/624/624
f 644/644/644 649/649/649 640/640/640
f 649/649/649 645/645/645 640/640/640
f 628/628/628 633/633/633 624/624/624
f 637/637/637 633/633/633 628/628/628
f 640/640/640 645/645/645 636/636/636
f 645/645/645 641/641/641 636/636/636
f 641/641/641 637/637/637 632/632/632
f 632/632/632 637/637/637 628/628/628
f 636/636/636 641/641/641 632/632/632
f 648/648/648 644/644/644 635/635/635
f 644/644/644 640/640/640 631/631/631
f 635/635/635 644/644/644 631/631/631
f 640/640/640 636/636/636 627/627/627
f 631/631/631 640/640/640 627/627/627
f 636/636/636 632/632/632 623/623/623
f 627/627/627 636/636/636 623/623/623
f 632/632/632 628/628/628 619/619/619
f 623/623/623 632/632/632 619/619/619
f 628/628/628 624/624/624 615/615/615
f 619/619/619 628/628/628 615/615/615
f 639/639/639 648/648/648 635/635/635
f 652/652/652 648/648/648 639/639/639
f 615/615/615 624/624/624 611/611/611
f 624/624/624 620/620/620 611/611/611
f 643/643/643 652/652/652 639/639/639
f 656/656/656 652/652/652 643/643/643
f 611/611/611 620/620/620 607/607/607
f 620/620/620 616/616/616 607/607/607
f 647/647/647 656/656/656 643/643/643
f 660/660/660 656/656/656 647/647/647
f 607/607/607 616/616/616 603/603/603
f 616/616/616 612/612/612 603/603/603
f 651/651/651 660/660/660 647/647/647
f 664/664/664 660/660/660 651/651/651
f 603/603/603 612/612/612 599/599/599
f 612/612/612 608/608/608 599/599/599
f 655/655/655 664/664/664 651/651/651
f 668/668/668 664/664/664 655/655/655
f 599/599/599 608/608/608 595/595/595
f 608/608/608 604/604/604 595/595/595
f 659/659/659 668/668/668 655/655/655
f 672/672/672 668/668/668 659/659/659
f 595/595/595 604/604/604 591/591/591
f 604/604/604 600/600/600 591/591/591
f 663/663/663 672/672/672 659/659/659
f 676/676/676 672/672/672 663/663/663
f 591/591/591 600/600/600 587/587/587
f 600/600/600 596/596/596 587/587/587
f 667/667/667 676/676/676 663/663/663
f 680/680/680 676/676/676 667/667/667
f 587/587/587 596/596/596 582/582/582
f 596/596/596 592/592/592 582/582/582
f 671/671/671 680/680/680 667/667/667
f 684/684/684 680/680/680 671/671/671
f 582/582/582 592/592/592 583/583/583
f 592/592/592 588/588/588 583/583/583
f 675/675/675 684/684/684 671/671/671
f 688/688/688 684/684/684 675/675/675
f 583/583/583 588/588/588 568/568/568
f 588/588/588 584/584/584 568/568/568
f 679/679/679 688/688/688 675/675/675
f 691/691/691 688/688/688 679/679/679
f 568/568/568 584/584/584 569/569/569
f 584/584/584 578/578/578 569/569/569
f 683/683/683 691/691/691 679/679/679
f 574/574/574 691/691/691 683/683/683
f 569/569/569 578/578/578 571/571/571
f 578/578/578 572/572/572 571/571/571
f 687/687/687 574/574/574 683/683/683
f 573/573/573 574/574/574 687/687/687
f 572/572/572 573/573/573 570/570/570
f 571/571/571 572/572/572 570/570/570
f 570/570/570 573/573/573 687/687/687
f 679/679/679 675/675/675 674/674/674
f 683/683/683 679/679/679 678/678/678
f 678/678/678 679/679/679 674/674/674
f 687/687/687 683/683/683 682/682/682
f 682/682/682 683/683/683 678/678/678
f 570/570/570 687/687/687 686/686/686
f 686/686/686 687/687/687 682/682/682
f 690/690/690 570/570/570 686/686/686
f 690/690/690 686/686/686 682/682/682
f 571/571/571 570/570/570 690/690/690
f 682/682/682 678/678/678 690/690/690
f 577/577/577 571/571/571 690/690/690
f 678/678/678 577/577/577 690/690/690
f 678/678/678 674/674/674 577/577/577
f 569/569/569 571/571/571 577/577/577
f 566/566/566 569/569/569 577/577/577
f 674/674/674 566/566/566 577/577/577
f 568/568/568 569/569/569 566/566/566
f 674/674/674 675/675/675 670/670/670
f 674/674/674 670/670/670 566/566/566
f 675/675/675 671/671/671 670/670/670
f 567/567/567 568/568/568 566/566/566
f 670/670/670 567/567/567 566/566/566
f 583/583/583 568/568/568 567/567/567
f 670/670/670 671/671/671 666/666/666
f 670/670/670 666/666/666 567/567/567
f 671/671/671 667/667/667 666/666/666
f 580/580/580 583/583/583 567/567/567
f 666/666/666 580/580/580 567/567/567
f 582/582/582 583/583/583 580/580/580
f 666/666/666 667/667/667 662/662/662
f 666/666/666 662/662/662 580/580/580
f 667/667/667 663/663/663 662/662/662
f 581/581/581 582/582/582 580/580/580
f 662/662/662 581/581/581 580/580/580
f 587/587/587 582/582/582 581/581/581
f 662/662/662 663/663/663 658/658/658
f 662/662/662 658/658/658 581/581/581
f 663/663/663 659/659/659 658/658/658
f 586/586/586 587/587/587 581/581/581
f 658/658/658 586/586/586 581/581/581
f 591/591/591 587/587/587 586/586/586
f 658/658/658 659/659/659 654/654/654
f 658/658/658 654/654/654 586/586/586
f 659/659/659 655/655/655 654/654/654
f 590/590/590 591/591/591 586/586/586
f 654/654/654 590/590/590 586/586/586
f 595/595/595 591/591/591 590/590/590
f 654/654/654 655/655/655 650/650/650
f 654/654/654 650/650/650 590/590/590
f 655/655/655 651/651/651 650/650/650
f 594/594/594 595/595/595 590/590/590
f 650/650/650 594/594/594 590/590/590
f 599/599/599 595/595/595 594/594/594
f 650/650/650 651/651/651 646/646/646
f 650/650/650 646/646/646 594/594/594
f 651/651/651 647/647/647 646/646/646
f 598/598/598 599/599/599 594/594/594
f 646/646/646 598/598/598 594/594/594
f 603/603/603 599/599/599 598/598/598
f 646/646/646 647/647/647 642/642/642
f 646/646/646 642/642/642 598/598/598
f 647/647/647 643/643/643 642/642/642
f 602/602/602 603/603/603 598/598/598
f 642/642/642 602/602/602 598/598/598
f 607/607/607 603/603/603 602/602/602
f 642/642/642 643/643/643 638/638/638
f 642/642/642 638/638/638 602/602/602
f 643/643/643 639/639/639 638/638/638
f 606/606/606 607/607/607 602/602/602
f 638/638/638 606/606/606 602/602/602
f 611/611/611 607/607/607 606/606/606
f 638/638/638 639/639/639 634/634/634
f 638/638/638 634/634/634 606/606/606
f 639/639/639 635/635/635 634/634/634
f 610/610/610 611/611/611 606/606/606
f 634/634/634 610/610/610 606/606/606
f 615/615/615 611/611/611 610/610/610
f 634/634/634 635/635/635 630/630/630
f 634/634/634 630/630/630 610/610/610
f 635/635/635 631/631/631 630/630/630
f 614/614/614 615/615/615 610/610/610
f 630/630/630 614/614/614 610/610/610
f 619/619/619 615/615/615 614/614/614
f 630/630/630 631/631/631 626/626/626
f 630/630/630 626/626/626 614/614/614
f 631/631/631 627/627/627 626/626/626
f 618/618/618 619/619/619 614/614/614
f 626/626/626 618/618/618 614/614/614
f 623/623/623 619/619/619 618/618/618
f 627/627/627 623/623/623 622/622/622
f 626/626/626 627/627/627 622/622/622
f 622/622/622 623/623/623 618/618/618
f 626/626/626 622/622/622 618/618/618
f 788/788/788 787/787/787 786/786/786
f 789/789/789 788/788/788 786/786/786
f 771/771/771 776/776/776 772/772/772
f 770/770/770 771/771/771 772/772/772
f 774/774/774 777/777/777 775/775/775
f 773/773/773 774/774/774 775/775/775
f 779/779/779 784/784/784 780/780/780
f 778/778/778 779/779/779 780/780/780
f 792/792/792 791/791/791 790/790/790
f 793/793/793 792/792/792 790/790/790
f 782/782/782 785/785/785 783/783/783
f 781/781/781 782/782/782 783/783/783
f 796/796/796 795/795/795 794/794/794
f 797/797/797 796/796/796 794/794/794
f 800/800/800 799/799/799 798/798/798
f 801/801/801 800/800/800 798/798/798
f 804/804/804 803/803/803 802/802/802
f 805/805/805 804/804/804 802/802/802
f 808/808/808 807/807/807 806/806/806
f 809/809/809 808/808/808 806/806/806
f 812/812/812 811/811/811 810/810/810
f 813/813/813 812/812/812 810/810/810
f 1279/1279/1279 1278/1278/1278 1277/1277/1277
f 1280/1280/1280 1279/1279/1279 1277/1277/1277
f 1615/1615/1615 1632/1632/1632 1604/1604/1604
f 814/814/814 818/818/818 815/815/815
f 818/818/818 817/817/817 815/815/815
f 815/815/815 817/817/817 1297/1297/1297
f 822/822/822 815/815/815 1297/1297/1297
f 822/822/822 1297/1297/1297 1306/1306/1306
f 1297/1297/1297 1307/1307/1307 1306/1306/1306
f 819/819/819 1282/1282/1282 1281/1281/1281
f 816/816/816 819/819/819 1281/1281/1281
f 816/816/816 838/838/838 819/819/819
f 838/838/838 1301/1301/1301 819/819/819
f 841/841/841 1301/1301/1301 838/838/838
f 1313/1313/1313 841/841/841 838/838/838
f 833/833/833 836/836/836 834/834/834
f 836/836/836 835/835/835 834/834/834
f 834/834/834 835/835/835 1298/1298/1298
f 826/826/826 834/834/834 1298/1298/1298
f 826/826/826 1298/1298/1298 1309/1309/1309
f 1298/1298/1298 1310/1310/1310 1309/1309/1309
f 837/837/837 1284/1284/1284 1283/1283/1283
f 832/832/832 837/837/837 1283/1283/1283
f 832/832/832 851/851/851 837/837/837
f 851/851/851 1304/1304/1304 837/837/837
f 1317/1317/1317 1304/1304/1304 851/851/851
f 850/850/850 1317/1317/1317 851/851/851
f 843/843/843 847/847/847 844/844/844
f 847/847/847 846/846/846 844/844/844
f 844/844/844 846/846/846 1299/1299/1299
f 839/839/839 844/844/844 1299/1299/1299
f 839/839/839 1299/1299/1299 1314/1314/1314
f 1299/1299/1299 1315/1315/1315 1314/1314/1314
f 848/848/848 1286/1286/1286 1285/1285/1285
f 845/845/845 848/848/848 1285/1285/1285
f 845/845/845 821/821/821 848/848/848
f 821/821/821 1303/1303/1303 848/848/848
f 824/824/824 1303/1303/1303 821/821/821
f 820/820/820 824/824/824 821/821/821
f 856/856/856 859/859/859 857/857/857
f 859/859/859 858/858/858 857/857/857
f 857/857/857 858/858/858 1300/1300/1300
f 849/849/849 857/857/857 1300/1300/1300
f 849/849/849 1300/1300/1300 1318/1318/1318
f 1300/1300/1300 1319/1319/1319 1318/1318/1318
f 860/860/860 1288/1288/1288 1287/1287/1287
f 855/855/855 860/860/860 1287/1287/1287
f 855/855/855 828/828/828 860/860/860
f 828/828/828 1302/1302/1302 860/860/860
f 1308/1308/1308 1302/1302/1302 828/828/828
f 827/827/827 1308/1308/1308 828/828/828
f 862/862/862 871/871/871 861/861/861
f 871/871/871 870/870/870 861/861/861
f 870/870/870 871/871/871 1066/1066/1066
f 1065/1065/1065 870/870/870 1066/1066/1066
f 863/863/863 864/864/864 872/872/872
f 864/864/864 869/869/869 872/872/872
f 869/869/869 1068/1068/1068 872/872/872
f 1068/1068/1068 1067/1067/1067 872/872/872
f 1327/1327/1327 1326/1326/1326 1324/1324/1324
f 1326/1326/1326 1325/1325/1325 1324/1324/1324
f 1325/1325/1325 1326/1326/1326 1498/1498/1498
f 1499/1499/1499 1325/1325/1325 1498/1498/1498
f 1331/1331/1331 1330/1330/1330 1328/1328/1328
f 1330/1330/1330 1329/1329/1329 1328/1328/1328
f 1329/1329/1329 1330/1330/1330 1500/1500/1500
f 1501/1501/1501 1329/1329/1329 1500/1500/1500
f 874/874/874 890/890/890 889/889/889
f 873/873/873 874/874/874 889/889/889
f 873/873/873 889/889/889 1340/1340/1340
f 1341/1341/1341 873/873/873 1340/1340/1340
f 1335/1335/1335 875/875/875 1334/1334/1334
f 875/875/875 891/891/891 1334/1334/1334
f 875/875/875 876/876/876 891/891/891
f 876/876/876 892/892/892 891/891/891
f 876/876/876 877/877/877 892/892/892
f 877/877/877 893/893/893 892/892/892
f 877/877/877 878/878/878 893/893/893
f 878/878/878 894/894/894 893/893/893
f 878/878/878 879/879/879 894/894/894
f 879/879/879 895/895/895 894/894/894
f 879/879/879 880/880/880 895/895/895
f 880/880/880 896/896/896 895/895/895
f 1337/1337/1337 881/881/881 1336/1336/1336
f 881/881/881 897/897/897 1336/1336/1336
f 881/881/881 882/882/882 897/897/897
f 882/882/882 898/898/898 897/897/897
f 1339/1339/1339 883/883/883 1338/1338/1338
f 883/883/883 899/899/899 1338/1338/1338
f 883/883/883 884/884/884 899/899/899
f 884/884/884 900/900/900 899/899/899
f 884/884/884 885/885/885 900/900/900
f 885/885/885 901/901/901 900/900/900
f 885/885/885 886/886/886 901/901/901
f 886/886/886 902/902/902 901/901/901
f 886/886/886 887/887/887 902/902/902
f 887/887/887 903/903/903 902/902/902
f 887/887/887 888/888/888 903/903/903
f 888/888/888 904/904/904 903/903/903
f 1344/1344/1344 1343/1343/1343 1342/1342/1342
f 1342/1342/1342 1345/1345/1345 1344/1344/1344
f 1345/1345/1345 1346/1346/1346 1344/1344/1344
f 1345/1345/1345 1347/1347/1347 1346/1346/1346
f 1347/1347/1347 1348/1348/1348 1346/1346/1346
f 1347/1347/1347 1349/1349/1349 1348/1348/1348
f 1349/1349/1349 1350/1350/1350 1348/1348/1348
f 1349/1349/1349 1351/1351/1351 1350/1350/1350
f 1351/1351/1351 1352/1352/1352 1350/1350/1350
f 1351/1351/1351 1353/1353/1353 1352/1352/1352
f 1353/1353/1353 1354/1354/1354 1352/1352/1352
f 1353/1353/1353 1355/1355/1355 1354/1354/1354
f 1355/1355/1355 1356/1356/1356 1354/1354/1354
f 1355/1355/1355 1357/1357/1357 1356/1356/1356
f 922/922/922 938/938/938 937/937/937
f 921/921/921 922/922/922 937/937/937
f 921/921/921 937/937/937 1380/1380/1380
f 1381/1381/1381 921/921/921 1380/1380/1380
f 1375/1375/1375 923/923/923 1374/1374/1374
f 923/923/923 939/939/939 1374/1374/1374
f 923/923/923 924/924/924 939/939/939
f 924/924/924 940/940/940 939/939/939
f 924/924/924 925/925/925 940/940/940
f 925/925/925 941/941/941 940/940/940
f 925/925/925 926/926/926 941/941/941
f 926/926/926 942/942/942 941/941/941
f 926/926/926 927/927/927 942/942/942
f 927/927/927 943/943/943 942/942/942
f 927/927/927 928/928/928 943/943/943
f 928/928/928 944/944/944 943/943/943
f 1377/1377/1377 929/929/929 1376/1376/1376
f 929/929/929 945/945/945 1376/1376/1376
f 929/929/929 930/930/930 945/945/945
f 930/930/930 946/946/946 945/945/945
f 1379/1379/1379 931/931/931 1378/1378/1378
f 931/931/931 947/947/947 1378/1378/1378
f 931/931/931 932/932/932 947/947/947
f 932/932/932 948/948/948 947/947/947
f 932/932/932 933/933/933 948/948/948
f 933/933/933 949/949/949 948/948/948
f 933/933/933 934/934/934 949/949/949
f 934/934/934 950/950/950 949/949/949
f 934/934/934 935/935/935 950/950/950
f 935/935/935 951/951/951 950/950/950
f 935/935/935 936/936/936 951/951/951
f 936/936/936 952/952/952 951/951/951
f 1384/1384/1384 1383/1383/1383 1382/1382/1382
f 1382/1382/1382 1385/1385/1385 1384/1384/1384
f 1385/1385/1385 1386/1386/1386 1384/1384/1384
f 1385/1385/1385 1387/1387/1387 1386/1386/1386
f 1387/1387/1387 1388/1388/1388 1386/1386/1386
f 1387/1387/1387 1389/1389/1389 1388/1388/1388
f 1389/1389/1389 1390/1390/1390 1388/1388/1388
f 1389/1389/1389 1391/1391/1391 1390/1390/1390
f 1391/1391/1391 1392/1392/1392 1390/1390/1390
f 1391/1391/1391 1393/1393/1393 1392/1392/1392
f 1393/1393/1393 1394/1394/1394 1392/1392/1392
f 1393/1393/1393 1395/1395/1395 1394/1394/1394
f 1395/1395/1395 1396/1396/1396 1394/1394/1394
f 1395/1395/1395 1397/1397/1397 1396/1396/1396
f 970/970/970 986/986/986 985/985/985
f 969/969/969 970/970/970 985/985/985
f 969/969/969 985/985/985 1420/1420/1420
f 1421/1421/1421 969/969/969 1420/1420/1420
f 1415/1415/1415 971/971/971 1414/1414/1414
f 971/971/971 987/987/987 1414/1414/1414
f 971/971/971 972/972/972 987/987/987
f 972/972/972 988/988/988 987/987/987
f 972/972/972 973/973/973 988/988/988
f 973/973/973 989/989/989 988/988/988
f 973/973/973 974/974/974 989/989/989
f 974/974/974 990/990/990 989/989/989
f 974/974/974 975/975/975 990/990/990
f 975/975/975 991/991/991 990/990/990
f 975/975/975 976/976/976 991/991/991
f 976/976/976 992/992/992 991/991/991
f 1417/1417/1417 977/977/977 1416/1416/1416
f 977/977/977 993/993/993 1416/1416/1416
f 977/977/977 978/978/978 993/993/993
f 978/978/978 994/994/994 993/993/993
f 1419/1419/1419 979/979/979 1418/1418/1418
f 979/979/979 995/995/995 1418/1418/1418
f 979/979/979 980/980/980 995/995/995
f 980/980/980 996/996/996 995/995/995
f 980/980/980 981/981/981 996/996/996
f 981/981/981 997/997/997 996/996/996
f 981/981/981 982/982/982 997/997/997
f 982/982/982 998/998/998 997/997/997
f 982/982/982 983/983/983 998/998/998
f 983/983/983 999/999/999 998/998/998
f 983/983/983 984/984/984 999/999/999
f 984/984/984 1000/1000/1000 999/999/999
f 1424/1424/1424 1423/1423/1423 1422/1422/1422
f 1422/1422/1422 1425/1425/1425 1424/1424/1424
f 1425/1425/1425 1426/1426/1426 1424/1424/1424
f 1425/1425/1425 1427/1427/1427 1426/1426/1426
f 1427/1427/1427 1428/1428/1428 1426/1426/1426
f 1427/1427/1427 1429/1429/1429 1428/1428/1428
f 1429/1429/1429 1430/1430/1430 1428/1428/1428
f 1429/1429/1429 1431/1431/1431 1430/1430/1430
f 1431/1431/1431 1432/1432/1432 1430/1430/1430
f 1431/1431/1431 1433/1433/1433 1432/1432/1432
f 1433/1433/1433 1434/1434/1434 1432/1432/1432
f 1433/1433/1433 1435/1435/1435 1434/1434/1434
f 1435/1435/1435 1436/1436/1436 1434/1434/1434
f 1435/1435/1435 1437/1437/1437 1436/1436/1436
f 1018/1018/1018 1034/1034/1034 1033/1033/1033
f 1017/1017/1017 1018/1018/1018 1033/1033/1033
f 1017/1017/1017 1033/1033/1033 1460/1460/1460
f 1461/1461/1461 1017/1017/1017 1460/1460/1460
f 1455/1455/1455 1019/1019/1019 1454/1454/1454
f 1019/1019/1019 1035/1035/1035 1454/1454/1454
f 1019/1019/1019 1020/1020/1020 1035/1035/1035
f 1020/1020/1020 1036/1036/1036 1035/1035/1035
f 1020/1020/1020 1021/1021/1021 1036/1036/1036
f 1021/1021/1021 1037/1037/1037 1036/1036/1036
f 1021/1021/1021 1022/1022/1022 1037/1037/1037
f 1022/1022/1022 1038/1038/1038 1037/1037/1037
f 1022/1022/1022 1023/1023/1023 1038/1038/1038
f 1023/1023/1023 1039/1039/1039 1038/1038/1038
f 1023/1023/1023 1024/1024/1024 1039/1039/1039
f 1024/1024/1024 1040/1040/1040 1039/1039/1039
f 1457/1457/1457 1025/1025/1025 1456/1456/1456
f 1025/1025/1025 1041/1041/1041 1456/1456/1456
f 1025/1025/1025 1026/1026/1026 1041/1041/1041
f 1026/1026/1026 1042/1042/1042 1041/1041/1041
f 1459/1459/1459 1027/1027/1027 1458/1458/1458
f 1027/1027/1027 1043/1043/1043 1458/1458/1458
f 1027/1027/1027 1028/1028/1028 1043/1043/1043
f 1028/1028/1028 1044/1044/1044 1043/1043/1043
f 1028/1028/1028 1029/1029/1029 1044/1044/1044
f 1029/1029/1029 1045/1045/1045 1044/1044/1044
f 1029/1029/1029 1030/1030/1030 1045/1045/1045
f 1030/1030/1030 1046/1046/1046 1045/1045/1045
f 1030/1030/1030 1031/1031/1031 1046/1046/1046
f 1031/1031/1031 1047/1047/1047 1046/1046/1046
f 1031/1031/1031 1032/1032/1032 1047/1047/1047
f 1032/1032/1032 1048/1048/1048 1047/1047/1047
f 1464/1464/1464 1463/1463/1463 1462/1462/1462
f 1462/1462/1462 1465/1465/1465 1464/1464/1464
f 1465/1465/1465 1466/1466/1466 1464/1464/1464
f 1465/1465/1465 1467/1467/1467 1466/1466/1466
f 1467/1467/1467 1468/1468/1468 1466/1466/1466
f 1467/1467/1467 1469/1469/1469 1468/1468/1468
f 1469/1469/1469 1470/1470/1470 1468/1468/1468
f 1469/1469/1469 1471/1471/1471 1470/1470/1470
f 1471/1471/1471 1472/1472/1472 1470/1470/1470
f 1471/1471/1471 1473/1473/1473 1472/1472/1472
f 1473/1473/1473 1474/1474/1474 1472/1472/1472
f 1473/1473/1473 1475/1475/1475 1474/1474/1474
f 1475/1475/1475 1476/1476/1476 1474/1474/1474
f 1475/1475/1475 1477/1477/1477 1476/1476/1476
f 1503/1503/1503 1079/1079/1079 1502/1502/1502
f 1079/1079/1079 1081/1081/1081 1502/1502/1502
f 1502/1502/1502 1081/1081/1081 1514/1514/1514
f 1080/1080/1080 1081/1081/1081 1079/1079/1079
f 1078/1078/1078 1080/1080/1080 1079/1079/1079
f 1078/1078/1078 1507/1507/1507 1080/1080/1080
f 1507/1507/1507 1506/1506/1506 1080/1080/1080
f 1080/1080/1080 1506/1506/1506 1100/1100/1100
f 1080/1080/1080 1100/1100/1100 1081/1081/1081
f 1506/1506/1506 1515/1515/1515 1100/1100/1100
f 1081/1081/1081 1098/1098/1098 1514/1514/1514
f 1100/1100/1100 1098/1098/1098 1081/1081/1081
f 1514/1514/1514 1098/1098/1098 1513/1513/1513
f 1098/1098/1098 1097/1097/1097 1513/1513/1513
f 1098/1098/1098 1100/1100/1100 1097/1097/1097
f 1513/1513/1513 1097/1097/1097 1073/1073/1073
f 1099/1099/1099 1100/1100/1100 1515/1515/1515
f 1100/1100/1100 1099/1099/1099 1097/1097/1097
f 1516/1516/1516 1099/1099/1099 1515/1515/1515
f 1097/1097/1097 1075/1075/1075 1073/1073/1073
f 1075/1075/1075 1097/1097/1097 1099/1099/1099
f 1073/1073/1073 1075/1075/1075 1074/1074/1074
f 1077/1077/1077 1074/1074/1074 1075/1075/1075
f 1099/1099/1099 1516/1516/1516 1076/1076/1076
f 1076/1076/1076 1075/1075/1075 1099/1099/1099
f 1076/1076/1076 1077/1077/1077 1075/1075/1075
f 1516/1516/1516 1504/1504/1504 1076/1076/1076
f 1077/1077/1077 1076/1076/1076 1504/1504/1504
f 1505/1505/1505 1077/1077/1077 1504/1504/1504
f 1085/1085/1085 1086/1086/1086 1084/1084/1084
f 1085/1085/1085 1519/1519/1519 1086/1086/1086
f 1519/1519/1519 1520/1520/1520 1086/1086/1086
f 1520/1520/1520 1519/1519/1519 1517/1517/1517
f 1519/1519/1519 1518/1518/1518 1517/1517/1517
f 1518/1518/1518 1082/1082/1082 1517/1517/1517
f 1082/1082/1082 1083/1083/1083 1517/1517/1517
f 1082/1082/1082 1087/1087/1087 1083/1083/1083
f 1087/1087/1087 1088/1088/1088 1083/1083/1083
f 1088/1088/1088 1087/1087/1087 1096/1096/1096
f 1512/1512/1512 1088/1088/1088 1096/1096/1096
f 1512/1512/1512 1096/1096/1096 1511/1511/1511
f 1096/1096/1096 1095/1095/1095 1511/1511/1511
f 1511/1511/1511 1095/1095/1095 1094/1094/1094
f 1510/1510/1510 1511/1511/1511 1094/1094/1094
f 1510/1510/1510 1094/1094/1094 1509/1509/1509
f 1094/1094/1094 1093/1093/1093 1509/1509/1509
f 1509/1509/1509 1093/1093/1093 1090/1090/1090
f 1089/1089/1089 1509/1509/1509 1090/1090/1090
f 1089/1089/1089 1090/1090/1090 1523/1523/1523
f 1524/1524/1524 1089/1089/1089 1523/1523/1523
f 1524/1524/1524 1523/1523/1523 1521/1521/1521
f 1523/1523/1523 1522/1522/1522 1521/1521/1521
f 1521/1521/1521 1522/1522/1522 1091/1091/1091
f 1092/1092/1092 1521/1521/1521 1091/1091/1091
f 1091/1091/1091 1508/1508/1508 1092/1092/1092
f 1102/1102/1102 1111/1111/1111 1101/1101/1101
f 1111/1111/1111 1110/1110/1110 1101/1101/1101
f 1110/1110/1110 1111/1111/1111 1114/1114/1114
f 1113/1113/1113 1110/1110/1110 1114/1114/1114
f 1103/1103/1103 1104/1104/1104 1112/1112/1112
f 1104/1104/1104 1109/1109/1109 1112/1112/1112
f 1109/1109/1109 1116/1116/1116 1112/1112/1112
f 1116/1116/1116 1115/1115/1115 1112/1112/1112
f 1525/1525/1525 1105/1105/1105 1106/1106/1106
f 1526/1526/1526 1525/1525/1525 1106/1106/1106
f 1530/1530/1530 1529/1529/1529 1527/1527/1527
f 1529/1529/1529 1528/1528/1528 1527/1527/1527
f 1528/1528/1528 1529/1529/1529 1553/1553/1553
f 1554/1554/1554 1528/1528/1528 1553/1553/1553
f 1534/1534/1534 1533/1533/1533 1531/1531/1531
f 1533/1533/1533 1532/1532/1532 1531/1531/1531
f 1532/1532/1532 1533/1533/1533 1555/1555/1555
f 1556/1556/1556 1532/1532/1532 1555/1555/1555
f 1537/1537/1537 1536/1536/1536 1535/1535/1535
f 1108/1108/1108 1537/1537/1537 1535/1535/1535
f 1107/1107/1107 1539/1539/1539 1538/1538/1538
f 1540/1540/1540 1107/1107/1107 1538/1538/1538
f 1543/1543/1543 1542/1542/1542 1541/1541/1541
f 1544/1544/1544 1543/1543/1543 1541/1541/1541
f 1547/1547/1547 1546/1546/1546 1545/1545/1545
f 1548/1548/1548 1547/1547/1547 1545/1545/1545
f 1549/1549/1549 1118/1118/1118 1117/1117/1117
f 1550/1550/1550 1549/1549/1549 1117/1117/1117
f 1551/1551/1551 1120/1120/1120 1119/1119/1119
f 1552/1552/1552 1551/1551/1551 1119/1119/1119
f 1559/1559/1559 1558/1558/1558 1557/1557/1557
f 1560/1560/1560 1559/1559/1559 1557/1557/1557
f 1563/1563/1563 1562/1562/1562 1561/1561/1561
f 1564/1564/1564 1563/1563/1563 1561/1561/1561
f 1567/1567/1567 1566/1566/1566 1565/1565/1565
f 1568/1568/1568 1567/1567/1567 1565/1565/1565
f 1143/1143/1143 1121/1121/1121 1122/1122/1122
f 1142/1142/1142 1143/1143/1143 1122/1122/1122
f 1142/1142/1142 1122/1122/1122 1123/1123/1123
f 1141/1141/1141 1142/1142/1142 1123/1123/1123
f 1141/1141/1141 1123/1123/1123 1124/1124/1124
f 1140/1140/1140 1141/1141/1141 1124/1124/1124
f 1570/1570/1570 1569/1569/1569 1125/1125/1125
f 1139/1139/1139 1570/1570/1570 1125/1125/1125
f 1139/1139/1139 1125/1125/1125 1126/1126/1126
f 1138/1138/1138 1139/1139/1139 1126/1126/1126
f 1138/1138/1138 1126/1126/1126 1127/1127/1127
f 1137/1137/1137 1138/1138/1138 1127/1127/1127
f 1572/1572/1572 1571/1571/1571 1128/1128/1128
f 1136/1136/1136 1572/1572/1572 1128/1128/1128
f 1128/1128/1128 1129/1129/1129 1136/1136/1136
f 1129/1129/1129 1135/1135/1135 1136/1136/1136
f 1135/1135/1135 1129/1129/1129 1130/1130/1130
f 1134/1134/1134 1135/1135/1135 1130/1130/1130
f 1574/1574/1574 1573/1573/1573 1131/1131/1131
f 1133/1133/1133 1574/1574/1574 1131/1131/1131
f 1133/1133/1133 1131/1131/1131 1144/1144/1144
f 1131/1131/1131 1132/1132/1132 1144/1144/1144
f 1144/1144/1144 1132/1132/1132 1575/1575/1575
f 1576/1576/1576 1144/1144/1144 1575/1575/1575
f 1167/1167/1167 1145/1145/1145 1146/1146/1146
f 1166/1166/1166 1167/1167/1167 1146/1146/1146
f 1166/1166/1166 1146/1146/1146 1147/1147/1147
f 1165/1165/1165 1166/1166/1166 1147/1147/1147
f 1165/1165/1165 1147/1147/1147 1148/1148/1148
f 1164/1164/1164 1165/1165/1165 1148/1148/1148
f 1578/1578/1578 1577/1577/1577 1149/1149/1149
f 1163/1163/1163 1578/1578/1578 1149/1149/1149
f 1163/1163/1163 1149/1149/1149 1150/1150/1150
f 1162/1162/1162 1163/1163/1163 1150/1150/1150
f 1162/1162/1162 1150/1150/1150 1151/1151/1151
f 1161/1161/1161 1162/1162/1162 1151/1151/1151
f 1580/1580/1580 1579/1579/1579 1152/1152/1152
f 1160/1160/1160 1580/1580/1580 1152/1152/1152
f 1152/1152/1152 1153/1153/1153 1160/1160/1160
f 1153/1153/1153 1159/1159/1159 1160/1160/1160
f 1159/1159/1159 1153/1153/1153 1154/1154/1154
f 1158/1158/1158 1159/1159/1159 1154/1154/1154
f 1582/1582/1582 1581/1581/1581 1155/1155/1155
f 1157/1157/1157 1582/1582/1582 1155/1155/1155
f 1157/1157/1157 1155/1155/1155 1168/1168/1168
f 1155/1155/1155 1156/1156/1156 1168/1168/1168
f 1168/1168/1168 1156/1156/1156 1583/1583/1583
f 1584/1584/1584 1168/1168/1168 1583/1583/1583
f 1170/1170/1170 1192/1192/1192 1169/1169/1169
f 1192/1192/1192 1191/1191/1191 1169/1169/1169
f 1191/1191/1191 1192/1192/1192 1190/1190/1190
f 1189/1189/1189 1191/1191/1191 1190/1190/1190
f 1189/1189/1189 1190/1190/1190 1591/1591/1591
f 1592/1592/1592 1189/1189/1189 1591/1591/1591
f 1586/1586/1586 1171/1171/1171 1585/1585/1585
f 1171/1171/1171 1172/1172/1172 1585/1585/1585
f 1171/1171/1171 1173/1173/1173 1172/1172/1172
f 1173/1173/1173 1174/1174/1174 1172/1172/1172
f 1173/1173/1173 1175/1175/1175 1174/1174/1174
f 1175/1175/1175 1176/1176/1176 1174/1174/1174
f 1588/1588/1588 1177/1177/1177 1587/1587/1587
f 1177/1177/1177 1178/1178/1178 1587/1587/1587
f 1177/1177/1177 1179/1179/1179 1178/1178/1178
f 1179/1179/1179 1180/1180/1180 1178/1178/1178
f 1179/1179/1179 1181/1181/1181 1180/1180/1180
f 1181/1181/1181 1182/1182/1182 1180/1180/1180
f 1590/1590/1590 1183/1183/1183 1589/1589/1589
f 1183/1183/1183 1184/1184/1184 1589/1589/1589
f 1183/1183/1183 1185/1185/1185 1184/1184/1184
f 1185/1185/1185 1186/1186/1186 1184/1184/1184
f 1185/1185/1185 1187/1187/1187 1186/1186/1186
f 1187/1187/1187 1188/1188/1188 1186/1186/1186
f 1194/1194/1194 1216/1216/1216 1193/1193/1193
f 1216/1216/1216 1215/1215/1215 1193/1193/1193
f 1215/1215/1215 1216/1216/1216 1214/1214/1214
f 1213/1213/1213 1215/1215/1215 1214/1214/1214
f 1213/1213/1213 1214/1214/1214 1599/1599/1599
f 1600/1600/1600 1213/1213/1213 1599/1599/1599
f 1594/1594/1594 1195/1195/1195 1593/1593/1593
f 1195/1195/1195 1196/1196/1196 1593/1593/1593
f 1195/1195/1195 1197/1197/1197 1196/1196/1196
f 1197/1197/1197 1198/1198/1198 1196/1196/1196
f 1197/1197/1197 1199/1199/1199 1198/1198/1198
f 1199/1199/1199 1200/1200/1200 1198/1198/1198
f 1596/1596/1596 1201/1201/1201 1595/1595/1595
f 1201/1201/1201 1202/1202/1202 1595/1595/1595
f 1201/1201/1201 1203/1203/1203 1202/1202/1202
f 1203/1203/1203 1204/1204/1204 1202/1202/1202
f 1203/1203/1203 1205/1205/1205 1204/1204/1204
f 1205/1205/1205 1206/1206/1206 1204/1204/1204
f 1598/1598/1598 1207/1207/1207 1597/1597/1597
f 1207/1207/1207 1208/1208/1208 1597/1597/1597
f 1207/1207/1207 1209/1209/1209 1208/1208/1208
f 1209/1209/1209 1210/1210/1210 1208/1208/1208
f 1209/1209/1209 1211/1211/1211 1210/1210/1210
f 1211/1211/1211 1212/1212/1212 1210/1210/1210
f 1218/1218/1218 1221/1221/1221 1219/1219/1219
f 1221/1221/1221 1220/1220/1220 1219/1219/1219
f 1221/1221/1221 1629/1629/1629 1220/1220/1220
f 1219/1219/1219 1220/1220/1220 1609/1609/1609
f 1629/1629/1629 1619/1619/1619 1220/1220/1220
f 1220/1220/1220 1249/1249/1249 1609/1609/1609
f 1249/1249/1249 1220/1220/1220 1619/1619/1619
f 1609/1609/1609 1249/1249/1249 1627/1627/1627
f 1620/1620/1620 1249/1249/1249 1619/1619/1619
f 1249/1249/1249 1628/1628/1628 1627/1627/1627
f 1249/1249/1249 1620/1620/1620 1628/1628/1628
f 1620/1620/1620 1636/1636/1636 1628/1628/1628
f 1224/1224/1224 1227/1227/1227 1225/1225/1225
f 1227/1227/1227 1226/1226/1226 1225/1225/1225
f 1227/1227/1227 1631/1631/1631 1226/1226/1226
f 1225/1225/1225 1226/1226/1226 1608/1608/1608
f 1631/1631/1631 1617/1617/1617 1226/1226/1226
f 1226/1226/1226 1252/1252/1252 1608/1608/1608
f 1252/1252/1252 1226/1226/1226 1617/1617/1617
f 1608/1608/1608 1252/1252/1252 1624/1624/1624
f 1618/1618/1618 1252/1252/1252 1617/1617/1617
f 1252/1252/1252 1625/1625/1625 1624/1624/1624
f 1252/1252/1252 1618/1618/1618 1625/1625/1625
f 1618/1618/1618 1634/1634/1634 1625/1625/1625
f 1623/1623/1623 1251/1251/1251 1605/1605/1605
f 1251/1251/1251 1250/1250/1250 1605/1605/1605
f 1251/1251/1251 1633/1633/1633 1250/1250/1250
f 1605/1605/1605 1250/1250/1250 1217/1217/1217
f 1633/1633/1633 1613/1613/1613 1250/1250/1250
f 1250/1250/1250 1222/1222/1222 1217/1217/1217
f 1222/1222/1222 1250/1250/1250 1613/1613/1613
f 1217/1217/1217 1222/1222/1222 1601/1601/1601
f 1614/1614/1614 1222/1222/1222 1613/1613/1613
f 1222/1222/1222 1602/1602/1602 1601/1601/1601
f 1222/1222/1222 1614/1614/1614 1602/1602/1602
f 1614/1614/1614 1630/1630/1630 1602/1602/1602
f 1626/1626/1626 1248/1248/1248 1606/1606/1606
f 1248/1248/1248 1247/1247/1247 1606/1606/1606
f 1248/1248/1248 1635/1635/1635 1247/1247/1247
f 1635/1635/1635 1616/1616/1616 1247/1247/1247
f 1606/1606/1606 1247/1247/1247 1228/1228/1228
f 1247/1247/1247 1616/1616/1616 1228/1228/1228
f 1223/1223/1223 1606/1606/1606 1228/1228/1228
f 1616/1616/1616 1615/1615/1615 1228/1228/1228
f 1223/1223/1223 1228/1228/1228 1603/1603/1603
f 1228/1228/1228 1615/1615/1615 1604/1604/1604
f 1228/1228/1228 1604/1604/1604 1603/1603/1603
f 1232/1232/1232 1237/1237/1237 1233/1233/1233
f 1232/1232/1232 1607/1607/1607 1237/1237/1237
f 1237/1237/1237 1236/1236/1236 1233/1233/1233
f 1233/1233/1233 1236/1236/1236 1234/1234/1234
f 1607/1607/1607 1230/1230/1230 1237/1237/1237
f 1236/1236/1236 1237/1237/1237 1230/1230/1230
f 1231/1231/1231 1230/1230/1230 1607/1607/1607
f 1230/1230/1230 1231/1231/1231 1236/1236/1236
f 1621/1621/1621 1231/1231/1231 1607/1607/1607
f 1236/1236/1236 1235/1235/1235 1234/1234/1234
f 1231/1231/1231 1235/1235/1235 1236/1236/1236
f 1235/1235/1235 1240/1240/1240 1234/1234/1234
f 1240/1240/1240 1611/1611/1611 1234/1234/1234
f 1611/1611/1611 1240/1240/1240 1622/1622/1622
f 1229/1229/1229 1231/1231/1231 1621/1621/1621
f 1231/1231/1231 1229/1229/1229 1235/1235/1235
f 1229/1229/1229 1240/1240/1240 1235/1235/1235
f 1610/1610/1610 1229/1229/1229 1621/1621/1621
f 1229/1229/1229 1610/1610/1610 1243/1243/1243
f 1245/1245/1245 1229/1229/1229 1243/1243/1243
f 1229/1229/1229 1245/1245/1245 1240/1240/1240
f 1246/1246/1246 1245/1245/1245 1243/1243/1243
f 1245/1245/1245 1246/1246/1246 1240/1240/1240
f 1242/1242/1242 1246/1246/1246 1243/1243/1243
f 1240/1240/1240 1239/1239/1239 1622/1622/1622
f 1246/1246/1246 1239/1239/1239 1240/1240/1240
f 1622/1622/1622 1239/1239/1239 1612/1612/1612
f 1244/1244/1244 1246/1246/1246 1242/1242/1242
f 1246/1246/1246 1244/1244/1244 1239/1239/1239
f 1241/1241/1241 1244/1244/1244 1242/1242/1242
f 1244/1244/1244 1241/1241/1241 1612/1612/1612
f 1244/1244/1244 1238/1238/1238 1239/1239/1239
f 1238/1238/1238 1244/1244/1244 1612/1612/1612
f 1239/1239/1239 1238/1238/1238 1612/1612/1612
f 1253/1253/1253 1261/1261/1261 1254/1254/1254
f 1253/1253/1253 1264/1264/1264 1261/1261/1261
f 1261/1261/1261 1260/1260/1260 1254/1254/1254
f 1254/1254/1254 1260/1260/1260 1255/1255/1255
f 1264/1264/1264 1266/1266/1266 1261/1261/1261
f 1261/1261/1261 1266/1266/1266 1267/1267/1267
f 1267/1267/1267 1266/1266/1266 1264/1264/1264
f 1267/1267/1267 1260/1260/1260 1261/1261/1261
f 1263/1263/1263 1267/1267/1267 1264/1264/1264
f 1265/1265/1265 1267/1267/1267 1263/1263/1263
f 1267/1267/1267 1265/1265/1265 1260/1260/1260
f 1262/1262/1262 1265/1265/1265 1263/1263/1263
f 1265/1265/1265 1262/1262/1262 1258/1258/1258
f 1260/1260/1260 1259/1259/1259 1255/1255/1255
f 1265/1265/1265 1259/1259/1259 1260/1260/1260
f 1269/1269/1269 1265/1265/1265 1258/1258/1258
f 1265/1265/1265 1269/1269/1269 1259/1259/1259
f 1259/1259/1259 1276/1276/1276 1255/1255/1255
f 1269/1269/1269 1276/1276/1276 1259/1259/1259
f 1276/1276/1276 1271/1271/1271 1255/1255/1255
f 1271/1271/1271 1276/1276/1276 1272/1272/1272
f 1276/1276/1276 1275/1275/1275 1272/1272/1272
f 1269/1269/1269 1275/1275/1275 1276/1276/1276
f 1272/1272/1272 1275/1275/1275 1273/1273/1273
f 1270/1270/1270 1269/1269/1269 1258/1258/1258
f 1269/1269/1269 1270/1270/1270 1275/1275/1275
f 1257/1257/1257 1270/1270/1270 1258/1258/1258
f 1275/1275/1275 1274/1274/1274 1273/1273/1273
f 1270/1270/1270 1274/1274/1274 1275/1275/1275
f 1268/1268/1268 1270/1270/1270 1257/1257/1257
f 1270/1270/1270 1268/1268/1268 1274/1274/1274
f 1273/1273/1273 1274/1274/1274 1268/1268/1268
f 1256/1256/1256 1268/1268/1268 1257/1257/1257
f 1256/1256/1256 1273/1273/1273 1268/1268/1268
f 867/867/867 1333/1333/1333 1323/1323/1323
f 1332/1332/1332 1333/1333/1333 867/867/867
f 866/866/866 867/867/867 1323/1323/1323
f 1323/1323/1323 1322/1322/1322 866/866/866
f 1322/1322/1322 865/865/865 866/866/866
f 865/865/865 1322/1322/1322 1332/1332/1332
f 866/866/866 865/865/865 867/867/867
f 868/868/868 865/865/865 1332/1332/1332
f 865/865/865 868/868/868 867/867/867
f 868/868/868 1332/1332/1332 867/867/867
f 829/829/829 1289/1289/1289 823/823/823
f 1290/1290/1290 829/829/829 823/823/823
f 823/823/823 1289/1289/1289 1312/1312/1312
f 830/830/830 829/829/829 1290/1290/1290
f 1289/1289/1289 1311/1311/1311 1312/1312/1312
f 1305/1305/1305 830/830/830 1290/1290/1290
f 1312/1312/1312 1311/1311/1311 825/825/825
f 831/831/831 830/830/830 1305/1305/1305
f 1311/1311/1311 1296/1296/1296 825/825/825
f 1293/1293/1293 831/831/831 1305/1305/1305
f 825/825/825 1296/1296/1296 1295/1295/1295
f 1294/1294/1294 831/831/831 1293/1293/1293
f 1296/1296/1296 854/854/854 1295/1295/1295
f 842/842/842 1294/1294/1294 1293/1293/1293
f 1295/1295/1295 854/854/854 1316/1316/1316
f 1320/1320/1320 1294/1294/1294 842/842/842
f 854/854/854 853/853/853 1316/1316/1316
f 1321/1321/1321 1320/1320/1320 842/842/842
f 1316/1316/1316 853/853/853 1292/1292/1292
f 1291/1291/1291 1320/1320/1320 1321/1321/1321
f 853/853/853 852/852/852 1292/1292/1292
f 840/840/840 1291/1291/1291 1321/1321/1321
f 1292/1292/1292 852/852/852 840/840/840
f 852/852/852 1291/1291/1291 840/840/840
f 908/908/908 909/909/909 1358/1358/1358
f 1359/1359/1359 908/908/908 1358/1358/1358
f 1358/1358/1358 909/909/909 1373/1373/1373
f 907/907/907 908/908/908 1359/1359/1359
f 1360/1360/1360 907/907/907 1359/1359/1359
f 909/909/909 910/910/910 1373/1373/1373
f 1373/1373/1373 910/910/910 1372/1372/1372
f 906/906/906 907/907/907 1360/1360/1360
f 1361/1361/1361 906/906/906 1360/1360/1360
f 910/910/910 911/911/911 1372/1372/1372
f 1372/1372/1372 911/911/911 1371/1371/1371
f 905/905/905 906/906/906 1361/1361/1361
f 1362/1362/1362 905/905/905 1361/1361/1361
f 920/920/920 905/905/905 1362/1362/1362
f 906/906/906 905/905/905 920/920/920
f 1363/1363/1363 920/920/920 1362/1362/1362
f 920/920/920 919/919/919 906/906/906
f 919/919/919 920/920/920 1363/1363/1363
f 919/919/919 907/907/907 906/906/906
f 1364/1364/1364 919/919/919 1363/1363/1363
f 919/919/919 918/918/918 907/907/907
f 918/918/918 919/919/919 1364/1364/1364
f 918/918/918 908/908/908 907/907/907
f 1365/1365/1365 918/918/918 1364/1364/1364
f 918/918/918 917/917/917 908/908/908
f 917/917/917 918/918/918 1365/1365/1365
f 917/917/917 909/909/909 908/908/908
f 1366/1366/1366 917/917/917 1365/1365/1365
f 917/917/917 916/916/916 909/909/909
f 916/916/916 917/917/917 1366/1366/1366
f 916/916/916 910/910/910 909/909/909
f 1367/1367/1367 916/916/916 1366/1366/1366
f 916/916/916 915/915/915 910/910/910
f 915/915/915 916/916/916 1367/1367/1367
f 1368/1368/1368 915/915/915 1367/1367/1367
f 915/915/915 911/911/911 910/910/910
f 914/914/914 915/915/915 1368/1368/1368
f 915/915/915 914/914/914 911/911/911
f 1369/1369/1369 914/914/914 1368/1368/1368
f 914/914/914 912/912/912 911/911/911
f 911/911/911 912/912/912 1371/1371/1371
f 1371/1371/1371 912/912/912 1370/1370/1370
f 913/913/913 914/914/914 1369/1369/1369
f 1370/1370/1370 913/913/913 1369/1369/1369
f 912/912/912 913/913/913 1370/1370/1370
f 914/914/914 913/913/913 912/912/912
f 956/956/956 957/957/957 1398/1398/1398
f 1399/1399/1399 956/956/956 1398/1398/1398
f 1398/1398/1398 957/957/957 1413/1413/1413
f 955/955/955 956/956/956 1399/1399/1399
f 1400/1400/1400 955/955/955 1399/1399/1399
f 957/957/957 958/958/958 1413/1413/1413
f 1413/1413/1413 958/958/958 1412/1412/1412
f 954/954/954 955/955/955 1400/1400/1400
f 1401/1401/1401 954/954/954 1400/1400/1400
f 958/958/958 959/959/959 1412/1412/1412
f 1412/1412/1412 959/959/959 1411/1411/1411
f 953/953/953 954/954/954 1401/1401/1401
f 1402/1402/1402 953/953/953 1401/1401/1401
f 968/968/968 953/953/953 1402/1402/1402
f 954/954/954 953/953/953 968/968/968
f 1403/1403/1403 968/968/968 1402/1402/1402
f 968/968/968 967/967/967 954/954/954
f 967/967/967 968/968/968 1403/1403/1403
f 967/967/967 955/955/955 954/954/954
f 1404/1404/1404 967/967/967 1403/1403/1403
f 967/967/967 966/966/966 955/955/955
f 966/966/966 967/967/967 1404/1404/1404
f 966/966/966 956/956/956 955/955/955
f 1405/1405/1405 966/966/966 1404/1404/1404
f 966/966/966 965/965/965 956/956/956
f 965/965/965 966/966/966 1405/1405/1405
f 965/965/965 957/957/957 956/956/956
f 1406/1406/1406 965/965/965 1405/1405/1405
f 965/965/965 964/964/964 957/957/957
f 964/964/964 965/965/965 1406/1406/1406
f 964/964/964 958/958/958 957/957/957
f 1407/1407/1407 964/964/964 1406/1406/1406
f 964/964/964 963/963/963 958/958/958
f 963/963/963 964/964/964 1407/1407/1407
f 1408/1408/1408 963/963/963 1407/1407/1407
f 963/963/963 959/959/959 958/958/958
f 962/962/962 963/963/963 1408/1408/1408
f 963/963/963 962/962/962 959/959/959
f 1409/1409/1409 962/962/962 1408/1408/1408
f 962/962/962 960/960/960 959/959/959
f 959/959/959 960/960/960 1411/1411/1411
f 1411/1411/1411 960/960/960 1410/1410/1410
f 961/961/961 962/962/962 1409/1409/1409
f 1410/1410/1410 961/961/961 1409/1409/1409
f 960/960/960 961/961/961 1410/1410/1410
f 962/962/962 961/961/961 960/960/960
f 1004/1004/1004 1005/1005/1005 1438/1438/1438
f 1439/1439/1439 1004/1004/1004 1438/1438/1438
f 1438/1438/1438 1005/1005/1005 1453/1453/1453
f 1003/1003/1003 1004/1004/1004 1439/1439/1439
f 1440/1440/1440 1003/1003/1003 1439/1439/1439
f 1005/1005/1005 1006/1006/1006 1453/1453/1453
f 1453/1453/1453 1006/1006/1006 1452/1452/1452
f 1002/1002/1002 1003/1003/1003 1440/1440/1440
f 1441/1441/1441 1002/1002/1002 1440/1440/1440
f 1006/1006/1006 1007/1007/1007 1452/1452/1452
f 1452/1452/1452 1007/1007/1007 1451/1451/1451
f 1001/1001/1001 1002/1002/1002 1441/1441/1441
f 1442/1442/1442 1001/1001/1001 1441/1441/1441
f 1016/1016/1016 1001/1001/1001 1442/1442/1442
f 1002/1002/1002 1001/1001/1001 1016/1016/1016
f 1443/1443/1443 1016/1016/1016 1442/1442/1442
f 1016/1016/1016 1015/1015/1015 1002/1002/1002
f 1015/1015/1015 1016/1016/1016 1443/1443/1443
f 1015/1015/1015 1003/1003/1003 1002/1002/1002
f 1444/1444/1444 1015/1015/1015 1443/1443/1443
f 1015/1015/1015 1014/1014/1014 1003/1003/1003
f 1014/1014/1014 1015/1015/1015 1444/1444/1444
f 1014/1014/1014 1004/1004/1004 1003/1003/1003
f 1445/1445/1445 1014/1014/1014 1444/1444/1444
f 1014/1014/1014 1013/1013/1013 1004/1004/1004
f 1013/1013/1013 1014/1014/1014 1445/1445/1445
f 1013/1013/1013 1005/1005/1005 1004/1004/1004
f 1446/1446/1446 1013/1013/1013 1445/1445/1445
f 1013/1013/1013 1012/1012/1012 1005/1005/1005
f 1012/1012/1012 1013/1013/1013 1446/1446/1446
f 1012/1012/1012 1006/1006/1006 1005/1005/1005
f 1447/1447/1447 1012/1012/1012 1446/1446/1446
f 1012/1012/1012 1011/1011/1011 1006/1006/1006
f 1011/1011/1011 1012/1012/1012 1447/1447/1447
f 1448/1448/1448 1011/1011/1011 1447/1447/1447
f 1011/1011/1011 1007/1007/1007 1006/1006/1006
f 1010/1010/1010 1011/1011/1011 1448/1448/1448
f 1011/1011/1011 1010/1010/1010 1007/1007/1007
f 1449/1449/1449 1010/1010/1010 1448/1448/1448
f 1010/1010/1010 1008/1008/1008 1007/1007/1007
f 1007/1007/1007 1008/1008/1008 1451/1451/1451
f 1451/1451/1451 1008/1008/1008 1450/1450/1450
f 1009/1009/1009 1010/1010/1010 1449/1449/1449
f 1450/1450/1450 1009/1009/1009 1449/1449/1449
f 1008/1008/1008 1009/1009/1009 1450/1450/1450
f 1010/1010/1010 1009/1009/1009 1008/1008/1008
f 1052/1052/1052 1053/1053/1053 1478/1478/1478
f 1479/1479/1479 1052/1052/1052 1478/1478/1478
f 1478/1478/1478 1053/1053/1053 1493/1493/1493
f 1051/1051/1051 1052/1052/1052 1479/1479/1479
f 1480/1480/1480 1051/1051/1051 1479/1479/1479
f 1053/1053/1053 1054/1054/1054 1493/1493/1493
f 1493/1493/1493 1054/1054/1054 1492/1492/1492
f 1050/1050/1050 1051/1051/1051 1480/1480/1480
f 1481/1481/1481 1050/1050/1050 1480/1480/1480
f 1054/1054/1054 1055/1055/1055 1492/1492/1492
f 1492/1492/1492 1055/1055/1055 1491/1491/1491
f 1049/1049/1049 1050/1050/1050 1481/1481/1481
f 1482/1482/1482 1049/1049/1049 1481/1481/1481
f 1064/1064/1064 1049/1049/1049 1482/1482/1482
f 1050/1050/1050 1049/1049/1049 1064/1064/1064
f 1483/1483/1483 1064/1064/1064 1482/1482/1482
f 1064/1064/1064 1063/1063/1063 1050/1050/1050
f 1063/1063/1063 1064/1064/1064 1483/1483/1483
f 1063/1063/1063 1051/1051/1051 1050/1050/1050
f 1484/1484/1484 1063/1063/1063 1483/1483/1483
f 1063/1063/1063 1062/1062/1062 1051/1051/1051
f 1062/1062/1062 1063/1063/1063 1484/1484/1484
f 1062/1062/1062 1052/1052/1052 1051/1051/1051
f 1485/1485/1485 1062/1062/1062 1484/1484/1484
f 1062/1062/1062 1061/1061/1061 1052/1052/1052
f 1061/1061/1061 1062/1062/1062 1485/1485/1485
f 1061/1061/1061 1053/1053/1053 1052/1052/1052
f 1486/1486/1486 1061/1061/1061 1485/1485/1485
f 1061/1061/1061 1060/1060/1060 1053/1053/1053
f 1060/1060/1060 1061/1061/1061 1486/1486/1486
f 1060/1060/1060 1054/1054/1054 1053/1053/1053
f 1487/1487/1487 1060/1060/1060 1486/1486/1486
f 1060/1060/1060 1059/1059/1059 1054/1054/1054
f 1059/1059/1059 1060/1060/1060 1487/1487/1487
f 1488/1488/1488 1059/1059/1059 1487/1487/1487
f 1059/1059/1059 1055/1055/1055 1054/1054/1054
f 1058/1058/1058 1059/1059/1059 1488/1488/1488
f 1059/1059/1059 1058/1058/1058 1055/1055/1055
f 1489/1489/1489 1058/1058/1058 1488/1488/1488
f 1058/1058/1058 1056/1056/1056 1055/1055/1055
f 1055/1055/1055 1056/1056/1056 1491/1491/1491
f 1491/1491/1491 1056/1056/1056 1490/1490/1490
f 1057/1057/1057 1058/1058/1058 1489/1489/1489
f 1490/1490/1490 1057/1057/1057 1489/1489/1489
f 1056/1056/1056 1057/1057/1057 1490/1490/1490
f 1058/1058/1058 1057/1057/1057 1056/1056/1056
f 1494/1494/1494 1070/1070/1070 1069/1069/1069
f 1070/1070/1070 1494/1494/1494 1497/1497/1497
f 1495/1495/1495 1494/1494/1494 1069/1069/1069
f 1071/1071/1071 1070/1070/1070 1497/1497/1497
f 1069/1069/1069 1070/1070/1070 1071/1071/1071
f 1497/1497/1497 1496/1496/1496 1071/1071/1071
f 1072/1072/1072 1496/1496/1496 1495/1495/1495
f 1069/1069/1069 1072/1072/1072 1495/1495/1495
f 1496/1496/1496 1072/1072/1072 1071/1071/1071
f 1072/1072/1072 1069/1069/1069 1071/1071/1071
f 1640/1640/1640 1639/1639/1639 1637/1637/1637
f 1638/1638/1638 1640/1640/1640 1637/1637/1637
f 2019/2019/2019 1694/1694/1694 2018/2018/2018
f 1694/1694/1694 2027/2027/2027 1703/1703/1703
f 2027/2027/2027 2026/2026/2026 1703/1703/1703
f 1703/1703/1703 2037/2037/2037 2036/2036/2036
f 2025/2025/2025 1703/1703/1703 2036/2036/2036
f 1705/1705/1705 1710/1710/1710 1709/1709/1709
f 2081/2081/2081 2071/2071/2071 2080/2080/2080
f 2126/2126/2126 2125/2125/2125 1809/1809/1809
f 1813/1813/1813 1812/1812/1812 1810/1810/1810
f 1815/1815/1815 2139/2139/2139 1814/1814/1814
f 1982/1982/1982 1681/1681/1681 1658/1658/1658
f 1657/1657/1657 1982/1982/1982 1658/1658/1658
f 1990/1990/1990 1989/1989/1989 1665/1665/1665
f 1661/1661/1661 1990/1990/1990 1665/1665/1665
f 1993/1993/1993 1671/1671/1671 1661/1661/1661
f 1988/1988/1988 1993/1993/1993 1661/1661/1661
f 1988/1988/1988 1661/1661/1661 1987/1987/1987
f 1661/1661/1661 1665/1665/1665 1987/1987/1987
f 1987/1987/1987 1665/1665/1665 2053/2053/2053
f 1665/1665/1665 2054/2054/2054 2053/2053/2053
f 1996/1996/1996 1995/1995/1995 1994/1994/1994
f 1996/1996/1996 1994/1994/1994 2000/2000/2000
f 1999/1999/1999 1998/1998/1998 1672/1672/1672
f 1998/1998/1998 1997/1997/1997 1672/1672/1672
f 1672/1672/1672 1997/1997/1997 1688/1688/1688
f 1997/1997/1997 1702/1702/1702 1688/1688/1688
f 1702/1702/1702 2035/2035/2035 1688/1688/1688
f 2035/2035/2035 1713/1713/1713 1688/1688/1688
f 1672/1672/1672 1688/1688/1688 1689/1689/1689
f 2013/2013/2013 1672/1672/1672 1689/1689/1689
f 1658/1658/1658 1693/1693/1693 1692/1692/1692
f 1684/1684/1684 1658/1658/1658 1692/1692/1692
f 1658/1658/1658 1684/1684/1684 1683/1683/1683
f 1657/1657/1657 1658/1658/1658 1683/1683/1683
f 1683/1683/1683 1718/1718/1718 1657/1657/1657
f 1718/1718/1718 1719/1719/1719 1657/1657/1657
f 2017/2017/2017 2016/2016/2016 2015/2015/2015
f 2017/2017/2017 2020/2020/2020 2016/2016/2016
f 1694/1694/1694 1695/1695/1695 2018/2018/2018
f 1695/1695/1695 1694/1694/1694 2025/2025/2025
f 1694/1694/1694 1703/1703/1703 2025/2025/2025
f 2041/2041/2041 2040/2040/2040 2039/2039/2039
f 2041/2041/2041 2039/2039/2039 2042/2042/2042
f 1710/1710/1710 2047/2047/2047 1709/1709/1709
f 2047/2047/2047 1715/1715/1715 1709/1709/1709
f 1708/1708/1708 1709/1709/1709 1715/1715/1715
f 2014/2014/2014 1708/1708/1708 1715/1715/1715
f 1647/1647/1647 1708/1708/1708 2014/2014/2014
f 2003/2003/2003 1647/1647/1647 2014/2014/2014
f 1647/1647/1647 2003/2003/2003 2002/2002/2002
f 2044/2044/2044 1709/1709/1709 1708/1708/1708
f 2052/2052/2052 2044/2044/2044 1708/1708/1708
f 1984/1984/1984 1647/1647/1647 2002/2002/2002
f 1647/1647/1647 1984/1984/1984 1641/1641/1641
f 1984/1984/1984 1983/1983/1983 1641/1641/1641
f 1641/1641/1641 1983/1983/1983 1724/1724/1724
f 2045/2045/2045 1709/1709/1709 2044/2044/2044
f 1642/1642/1642 1641/1641/1641 1724/1724/1724
f 1641/1641/1641 1642/1642/1642 1643/1643/1643
f 1642/1642/1642 1675/1675/1675 1643/1643/1643
f 1643/1643/1643 1675/1675/1675 1699/1699/1699
f 1675/1675/1675 2021/2021/2021 1699/1699/1699
f 2021/2021/2021 2028/2028/2028 1699/1699/1699
f 2028/2028/2028 1705/1705/1705 1699/1699/1699
f 1699/1699/1699 1705/1705/1705 1709/1709/1709
f 2045/2045/2045 2024/2024/2024 1709/1709/1709
f 2024/2024/2024 1699/1699/1699 1709/1709/1709
f 2045/2045/2045 2051/2051/2051 2024/2024/2024
f 2024/2024/2024 2023/2023/2023 1699/1699/1699
f 2023/2023/2023 2043/2043/2043 1699/1699/1699
f 2043/2043/2043 1643/1643/1643 1699/1699/1699
f 2051/2051/2051 2050/2050/2050 2024/2024/2024
f 1708/1708/1708 2043/2043/2043 2050/2050/2050
f 1708/1708/1708 2050/2050/2050 2051/2051/2051
f 1708/1708/1708 1643/1643/1643 2043/2043/2043
f 2051/2051/2051 2052/2052/2052 1708/1708/1708
f 1708/1708/1708 2046/2046/2046 1643/1643/1643
f 2046/2046/2046 2010/2010/2010 1643/1643/1643
f 1649/1649/1649 2046/2046/2046 1708/1708/1708
f 1643/1643/1643 2010/2010/2010 1641/1641/1641
f 1647/1647/1647 1649/1649/1649 1708/1708/1708
f 2010/2010/2010 1648/1648/1648 1641/1641/1641
f 1648/1648/1648 1649/1649/1649 1647/1647/1647
f 1641/1641/1641 1648/1648/1648 1647/1647/1647
f 2057/2057/2057 2056/2056/2056 2055/2055/2055
f 2057/2057/2057 2055/2055/2055 2058/2058/2058
f 1776/1776/1776 1765/1765/1765 1805/1805/1805
f 1765/1765/1765 1804/1804/1804 1805/1805/1805
f 1805/1805/1805 1804/1804/1804 1823/1823/1823
f 1804/1804/1804 1825/1825/1825 1823/1823/1823
f 1823/1823/1823 1825/1825/1825 1822/1822/1822
f 1825/1825/1825 1824/1824/1824 1822/1822/1822
f 1822/1822/1822 1824/1824/1824 2087/2087/2087
f 1824/1824/1824 2086/2086/2086 2087/2087/2087
f 2088/2088/2088 2087/2087/2087 2086/2086/2086
f 2076/2076/2076 2088/2088/2088 2086/2086/2086
f 2076/2076/2076 2077/2077/2077 2088/2088/2088
f 2078/2078/2078 2077/2077/2077 2076/2076/2076
f 2079/2079/2079 2078/2078/2078 2076/2076/2076
f 2089/2089/2089 2078/2078/2078 2079/2079/2079
f 1764/1764/1764 2089/2089/2089 2079/2079/2079
f 1764/1764/1764 1758/1758/1758 2089/2089/2089
f 1758/1758/1758 2090/2090/2090 2089/2089/2089
f 2157/2157/2157 2090/2090/2090 1758/1758/1758
f 1849/1849/1849 2157/2157/2157 1758/1758/1758
f 2157/2157/2157 1849/1849/1849 2156/2156/2156
f 1849/1849/1849 1848/1848/1848 2156/2156/2156
f 1802/1802/1802 2156/2156/2156 1848/1848/1848
f 1803/1803/1803 1802/1802/1802 1848/1848/1848
f 1773/1773/1773 1802/1802/1802 1803/1803/1803
f 1782/1782/1782 1773/1773/1773 1803/1803/1803
f 2072/2072/2072 1738/1738/1738 1737/1737/1737
f 2082/2082/2082 2072/2072/2072 1737/1737/1737
f 2083/2083/2083 1751/1751/1751 2073/2073/2073
f 1751/1751/1751 1750/1750/1750 2073/2073/2073
f 2073/2073/2073 1750/1750/1750 2072/2072/2072
f 1751/1751/1751 1784/1784/1784 1750/1750/1750
f 1750/1750/1750 1738/1738/1738 2072/2072/2072
f 1784/1784/1784 1745/1745/1745 1750/1750/1750
f 1750/1750/1750 1745/1745/1745 1738/1738/1738
f 1784/1784/1784 2112/2112/2112 1745/1745/1745
f 1745/1745/1745 1742/1742/1742 1738/1738/1738
f 1745/1745/1745 2112/2112/2112 1742/1742/1742
f 1738/1738/1738 1742/1742/1742 1737/1737/1737
f 2112/2112/2112 1866/1866/1866 1742/1742/1742
f 1742/1742/1742 1783/1783/1783 1737/1737/1737
f 1742/1742/1742 1866/1866/1866 1741/1741/1741
f 1783/1783/1783 1742/1742/1742 1741/1741/1741
f 2085/2085/2085 2084/2084/2084 2074/2074/2074
f 2084/2084/2084 1752/1752/1752 2074/2074/2074
f 1752/1752/1752 2084/2084/2084 2115/2115/2115
f 1752/1752/1752 2115/2115/2115 1845/1845/1845
f 1777/1777/1777 1766/1766/1766 1807/1807/1807
f 1766/1766/1766 1806/1806/1806 1807/1807/1807
f 1807/1807/1807 1806/1806/1806 1828/1828/1828
f 1806/1806/1806 1827/1827/1827 1828/1828/1828
f 1829/1829/1829 1828/1828/1828 1827/1827/1827
f 1826/1826/1826 1829/1829/1829 1827/1827/1827
f 1829/1829/1829 1826/1826/1826 1735/1735/1735
f 1826/1826/1826 1734/1734/1734 1735/1735/1735
f 1778/1778/1778 2092/2092/2092 2091/2091/2091
f 1793/1793/1793 1778/1778/1778 2091/2091/2091
f 1778/1778/1778 1793/1793/1793 1779/1779/1779
f 1793/1793/1793 2091/2091/2091 1831/1831/1831
f 2091/2091/2091 2150/2150/2150 1831/1831/1831
f 1793/1793/1793 1794/1794/1794 1779/1779/1779
f 1793/1793/1793 1831/1831/1831 1794/1794/1794
f 1779/1779/1779 1794/1794/1794 1795/1795/1795
f 1780/1780/1780 1779/1779/1779 1795/1795/1795
f 1795/1795/1795 1794/1794/1794 1834/1834/1834
f 1794/1794/1794 1833/1833/1833 1834/1834/1834
f 1831/1831/1831 1833/1833/1833 1794/1794/1794
f 1835/1835/1835 1834/1834/1834 1833/1833/1833
f 1830/1830/1830 1831/1831/1831 2150/2150/2150
f 2151/2151/2151 1830/1830/1830 2150/2150/2150
f 1832/1832/1832 1833/1833/1833 1831/1831/1831
f 1832/1832/1832 1835/1835/1835 1833/1833/1833
f 1830/1830/1830 1832/1832/1832 1831/1831/1831
f 1835/1835/1835 1832/1832/1832 1743/1743/1743
f 1743/1743/1743 1832/1832/1832 1830/1830/1830
f 2166/2166/2166 1835/1835/1835 1743/1743/1743
f 2166/2166/2166 1743/1743/1743 2200/2200/2200
f 1743/1743/1743 2070/2070/2070 2200/2200/2200
f 1830/1830/1830 2151/2151/2151 1736/1736/1736
f 1736/1736/1736 1743/1743/1743 1830/1830/1830
f 2070/2070/2070 1743/1743/1743 1736/1736/1736
f 2151/2151/2151 2080/2080/2080 1736/1736/1736
f 2071/2071/2071 2070/2070/2070 1736/1736/1736
f 2071/2071/2071 1736/1736/1736 2080/2080/2080
f 1767/1767/1767 1768/1768/1768 1798/1798/1798
f 1768/1768/1768 1797/1797/1797 1798/1798/1798
f 1798/1798/1798 1797/1797/1797 1840/1840/1840
f 1797/1797/1797 1768/1768/1768 1796/1796/1796
f 1768/1768/1768 1781/1781/1781 1796/1796/1796
f 1781/1781/1781 2094/2094/2094 1796/1796/1796
f 2094/2094/2094 2093/2093/2093 1796/1796/1796
f 1796/1796/1796 2093/2093/2093 1836/1836/1836
f 1797/1797/1797 1796/1796/1796 1836/1836/1836
f 2093/2093/2093 2152/2152/2152 1836/1836/1836
f 1797/1797/1797 1839/1839/1839 1840/1840/1840
f 1839/1839/1839 1797/1797/1797 1836/1836/1836
f 1841/1841/1841 1840/1840/1840 1839/1839/1839
f 1838/1838/1838 1841/1841/1841 1839/1839/1839
f 1838/1838/1838 1839/1839/1839 1836/1836/1836
f 1837/1837/1837 1836/1836/1836 2152/2152/2152
f 1837/1837/1837 1838/1838/1838 1836/1836/1836
f 1838/1838/1838 1837/1837/1837 2171/2171/2171
f 2153/2153/2153 1837/1837/1837 2152/2152/2152
f 1837/1837/1837 1731/1731/1731 2171/2171/2171
f 1837/1837/1837 2153/2153/2153 1731/1731/1731
f 2153/2153/2153 1867/1867/1867 1731/1731/1731
f 1867/1867/1867 2202/2202/2202 1731/1731/1731
f 2202/2202/2202 2201/2201/2201 1731/1731/1731
f 1769/1769/1769 2096/2096/2096 1799/1799/1799
f 2096/2096/2096 2095/2095/2095 1799/1799/1799
f 1799/1799/1799 2095/2095/2095 1843/1843/1843
f 2095/2095/2095 2154/2154/2154 1843/1843/1843
f 1842/1842/1842 1843/1843/1843 2154/2154/2154
f 2155/2155/2155 1842/1842/1842 2154/2154/2154
f 1842/1842/1842 2155/2155/2155 1746/1746/1746
f 2155/2155/2155 2167/2167/2167 1746/1746/1746
f 2099/2099/2099 2098/2098/2098 2097/2097/2097
f 2098/2098/2098 1806/1806/1806 2097/2097/2097
f 2098/2098/2098 2148/2148/2148 1806/1806/1806
f 2148/2148/2148 1827/1827/1827 1806/1806/1806
f 1826/1826/1826 1827/1827/1827 2148/2148/2148
f 2149/2149/2149 1826/1826/1826 2148/2148/2148
f 1734/1734/1734 1826/1826/1826 2149/2149/2149
f 1755/1755/1755 1734/1734/1734 2149/2149/2149
f 1755/1755/1755 1756/1756/1756 1734/1734/1734
f 1756/1756/1756 1733/1733/1733 1734/1734/1734
f 1735/1735/1735 1734/1734/1734 1733/1733/1733
f 1762/1762/1762 1735/1735/1735 1733/1733/1733
f 1762/1762/1762 1733/1733/1733 1739/1739/1739
f 1756/1756/1756 1757/1757/1757 1733/1733/1733
f 1733/1733/1733 1740/1740/1740 1739/1739/1739
f 1757/1757/1757 1740/1740/1740 1733/1733/1733
f 1749/1749/1749 1739/1739/1739 1740/1740/1740
f 1740/1740/1740 1757/1757/1757 1748/1748/1748
f 1748/1748/1748 1749/1749/1749 1740/1740/1740
f 1757/1757/1757 1759/1759/1759 1748/1748/1748
f 1759/1759/1759 1760/1760/1760 1748/1748/1748
f 1749/1749/1749 1748/1748/1748 1747/1747/1747
f 1760/1760/1760 1747/1747/1747 1748/1748/1748
f 1760/1760/1760 1761/1761/1761 1747/1747/1747
f 1763/1763/1763 1749/1749/1749 1747/1747/1747
f 1763/1763/1763 1747/1747/1747 1753/1753/1753
f 1747/1747/1747 1754/1754/1754 1753/1753/1753
f 1761/1761/1761 1754/1754/1754 1747/1747/1747
f 1785/1785/1785 1753/1753/1753 1754/1754/1754
f 1788/1788/1788 1785/1785/1785 1754/1754/1754
f 1788/1788/1788 1754/1754/1754 1761/1761/1761
f 1761/1761/1761 2172/2172/2172 1788/1788/1788
f 1761/1761/1761 2173/2173/2173 2172/2172/2172
f 1761/1761/1761 2174/2174/2174 2173/2173/2173
f 1761/1761/1761 2175/2175/2175 2174/2174/2174
f 1761/1761/1761 1846/1846/1846 2175/2175/2175
f 1846/1846/1846 2176/2176/2176 2175/2175/2175
f 1846/1846/1846 1852/1852/1852 2176/2176/2176
f 1853/1853/1853 1852/1852/1852 1846/1846/1846
f 1847/1847/1847 1853/1853/1853 1846/1846/1846
f 1791/1791/1791 1853/1853/1853 1847/1847/1847
f 2117/2117/2117 1791/1791/1791 1847/1847/1847
f 2114/2114/2114 1791/1791/1791 2117/2117/2117
f 2118/2118/2118 2114/2114/2114 2117/2117/2117
f 2114/2114/2114 2113/2113/2113 1791/1791/1791
f 2113/2113/2113 1790/1790/1790 1791/1791/1791
f 1790/1790/1790 2113/2113/2113 2119/2119/2119
f 2120/2120/2120 1790/1790/1790 2119/2119/2119
f 2102/2102/2102 2101/2101/2101 2100/2100/2100
f 2104/2104/2104 2101/2101/2101 2102/2102/2102
f 2104/2104/2104 2102/2102/2102 2103/2103/2103
f 2105/2105/2105 2101/2101/2101 2104/2104/2104
f 2106/2106/2106 2101/2101/2101 2105/2105/2105
f 2107/2107/2107 2101/2101/2101 2106/2106/2106
f 2108/2108/2108 2101/2101/2101 2107/2107/2107
f 2108/2108/2108 1775/1775/1775 2101/2101/2101
f 2108/2108/2108 1774/1774/1774 1775/1775/1775
f 2108/2108/2108 1772/1772/1772 1774/1774/1774
f 2109/2109/2109 1772/1772/1772 2108/2108/2108
f 2110/2110/2110 1772/1772/1772 2109/2109/2109
f 1774/1774/1774 1772/1772/1772 1786/1786/1786
f 1774/1774/1774 1786/1786/1786 2197/2197/2197
f 2110/2110/2110 1770/1770/1770 1772/1772/1772
f 2111/2111/2111 1770/1770/1770 2110/2110/2110
f 2075/2075/2075 1746/1746/1746 1744/1744/1744
f 1746/1746/1746 2075/2075/2075 2074/2074/2074
f 1752/1752/1752 1746/1746/1746 2074/2074/2074
f 1842/1842/1842 1746/1746/1746 1752/1752/1752
f 1845/1845/1845 1842/1842/1842 1752/1752/1752
f 1842/1842/1842 1845/1845/1845 1843/1843/1843
f 1845/1845/1845 1844/1844/1844 1843/1843/1843
f 1799/1799/1799 1843/1843/1843 1844/1844/1844
f 1845/1845/1845 1850/1850/1850 1844/1844/1844
f 2115/2115/2115 1850/1850/1850 1845/1845/1845
f 1850/1850/1850 1851/1851/1851 1844/1844/1844
f 1844/1844/1844 1851/1851/1851 1801/1801/1801
f 1800/1800/1800 1799/1799/1799 1844/1844/1844
f 1800/1800/1800 1844/1844/1844 1801/1801/1801
f 1769/1769/1769 1799/1799/1799 1800/1800/1800
f 1771/1771/1771 1769/1769/1769 1800/1800/1800
f 1771/1771/1771 1800/1800/1800 1801/1801/1801
f 2116/2116/2116 1771/1771/1771 1801/1801/1801
f 2124/2124/2124 2123/2123/2123 2121/2121/2121
f 2123/2123/2123 2122/2122/2122 2121/2121/2121
f 2121/2121/2121 2122/2122/2122 2133/2133/2133
f 2122/2122/2122 2134/2134/2134 2133/2133/2133
f 2129/2129/2129 2128/2128/2128 2127/2127/2127
f 2130/2130/2130 2129/2129/2129 2127/2127/2127
f 2140/2140/2140 2129/2129/2129 2130/2130/2130
f 1820/1820/1820 2140/2140/2140 2130/2130/2130
f 2141/2141/2141 2140/2140/2140 1820/1820/1820
f 1821/1821/1821 2141/2141/2141 1820/1820/1820
f 1821/1821/1821 1814/1814/1814 2141/2141/2141
f 1814/1814/1814 2138/2138/2138 2141/2141/2141
f 2139/2139/2139 2138/2138/2138 1814/1814/1814
f 2132/2132/2132 2131/2131/2131 1789/1789/1789
f 1789/1789/1789 2131/2131/2131 1819/1819/1819
f 1817/1817/1817 1789/1789/1789 1819/1819/1819
f 1817/1817/1817 1819/1819/1819 1816/1816/1816
f 1819/1819/1819 1818/1818/1818 1816/1816/1816
f 1816/1816/1816 1818/1818/1818 1813/1813/1813
f 1811/1811/1811 1816/1816/1816 1813/1813/1813
f 1811/1811/1811 1813/1813/1813 1810/1810/1810
f 2137/2137/2137 2136/2136/2136 2135/2135/2135
f 1808/1808/1808 2137/2137/2137 2135/2135/2135
f 2144/2144/2144 2143/2143/2143 1792/1792/1792
f 2143/2143/2143 2142/2142/2142 1792/1792/1792
f 1792/1792/1792 2142/2142/2142 2165/2165/2165
f 2142/2142/2142 1862/1862/1862 2165/2165/2165
f 2165/2165/2165 1862/1862/1862 2164/2164/2164
f 1862/1862/1862 1863/1863/1863 2164/2164/2164
f 2164/2164/2164 1863/1863/1863 2189/2189/2189
f 1863/1863/1863 2190/2190/2190 2189/2189/2189
f 2147/2147/2147 1787/1787/1787 2145/2145/2145
f 1787/1787/1787 2146/2146/2146 2145/2145/2145
f 1864/1864/1864 2146/2146/2146 1787/1787/1787
f 2160/2160/2160 1864/1864/1864 1787/1787/1787
f 1865/1865/1865 1864/1864/1864 2160/2160/2160
f 2161/2161/2161 1865/1865/1865 2160/2160/2160
f 2191/2191/2191 1865/1865/1865 2161/2161/2161
f 2192/2192/2192 2191/2191/2191 2161/2161/2161
f 2169/2169/2169 1732/1732/1732 2168/2168/2168
f 2170/2170/2170 2169/2169/2169 2168/2168/2168
f 2163/2163/2163 2178/2178/2178 2177/2177/2177
f 2177/2177/2177 2179/2179/2179 2163/2163/2163
f 2179/2179/2179 2180/2180/2180 2163/2163/2163
f 2180/2180/2180 2181/2181/2181 2163/2163/2163
f 2181/2181/2181 2182/2182/2182 2163/2163/2163
f 2182/2182/2182 1857/1857/1857 2163/2163/2163
f 2163/2163/2163 1857/1857/1857 2162/2162/2162
f 1857/1857/1857 1856/1856/1856 2162/2162/2162
f 2183/2183/2183 2162/2162/2162 1856/1856/1856
f 2184/2184/2184 2183/2183/2183 1856/1856/1856
f 2186/2186/2186 2185/2185/2185 2159/2159/2159
f 2185/2185/2185 1860/1860/1860 2159/2159/2159
f 2159/2159/2159 1860/1860/1860 2158/2158/2158
f 1860/1860/1860 1861/1861/1861 2158/2158/2158
f 2158/2158/2158 1861/1861/1861 2193/2193/2193
f 1861/1861/1861 2194/2194/2194 2193/2193/2193
f 1858/1858/1858 2188/2188/2188 2187/2187/2187
f 1854/1854/1854 1858/1858/1858 2187/2187/2187
f 1859/1859/1859 1858/1858/1858 1854/1854/1854
f 1855/1855/1855 1859/1859/1859 1854/1854/1854
f 2195/2195/2195 1859/1859/1859 1855/1855/1855
f 2196/2196/2196 2195/2195/2195 1855/1855/1855
f 2112/2112/2112 2199/2199/2199 2198/2198/2198
f 1866/1866/1866 2112/2112/2112 2198/2198/2198
f 2203/2203/2203 1892/1892/1892 1872/1872/1872
f 1873/1873/1873 2203/2203/2203 1872/1872/1872
f 1872/1872/1872 1874/1874/1874 1873/1873/1873
f 1873/1873/1873 1891/1891/1891 2203/2203/2203
f 1891/1891/1891 2204/2204/2204 2203/2203/2203
f 1874/1874/1874 1879/1879/1879 1873/1873/1873
f 1891/1891/1891 1873/1873/1873 1879/1879/1879
f 1891/1891/1891 1886/1886/1886 2204/2204/2204
f 1886/1886/1886 1895/1895/1895 2204/2204/2204
f 1886/1886/1886 1891/1891/1891 1881/1881/1881
f 1881/1881/1881 1891/1891/1891 1879/1879/1879
f 1880/1880/1880 1886/1886/1886 1881/1881/1881
f 1881/1881/1881 1882/1882/1882 1880/1880/1880
f 1882/1882/1882 1881/1881/1881 1879/1879/1879
f 1882/1882/1882 2217/2217/2217 1880/1880/1880
f 1878/1878/1878 1882/1882/1882 1879/1879/1879
f 1879/1879/1879 1874/1874/1874 1878/1878/1878
f 1874/1874/1874 1893/1893/1893 1878/1878/1878
f 1870/1870/1870 2211/2211/2211 1868/1868/1868
f 1869/1869/1869 1870/1870/1870 1868/1868/1868
f 1868/1868/1868 1890/1890/1890 1869/1869/1869
f 1870/1870/1870 1869/1869/1869 2327/2327/2327
f 2328/2328/2328 1870/1870/1870 2327/2327/2327
f 2327/2327/2327 1869/1869/1869 1889/1889/1889
f 1890/1890/1890 1889/1889/1889 1869/1869/1869
f 2329/2329/2329 2327/2327/2327 1889/1889/1889
f 2329/2329/2329 1889/1889/1889 2330/2330/2330
f 1889/1889/1889 2221/2221/2221 2330/2330/2330
f 1889/1889/1889 1890/1890/1890 2221/2221/2221
f 1890/1890/1890 2222/2222/2222 2221/2221/2221
f 2205/2205/2205 2213/2213/2213 2212/2212/2212
f 1871/1871/1871 2205/2205/2205 2212/2212/2212
f 1871/1871/1871 2212/2212/2212 2326/2326/2326
f 2325/2325/2325 1871/1871/1871 2326/2326/2326
f 1871/1871/1871 1875/1875/1875 2205/2205/2205
f 1871/1871/1871 2325/2325/2325 1875/1875/1875
f 1875/1875/1875 2206/2206/2206 2205/2205/2205
f 2325/2325/2325 2323/2323/2323 1875/1875/1875
f 1875/1875/1875 1876/1876/1876 2206/2206/2206
f 1876/1876/1876 1875/1875/1875 2323/2323/2323
f 1876/1876/1876 2214/2214/2214 2206/2206/2206
f 2324/2324/2324 1876/1876/1876 2323/2323/2323
f 2207/2207/2207 2216/2216/2216 2215/2215/2215
f 1877/1877/1877 2207/2207/2207 2215/2215/2215
f 1877/1877/1877 2215/2215/2215 2322/2322/2322
f 2321/2321/2321 1877/1877/1877 2322/2322/2322
f 1877/1877/1877 1883/1883/1883 2207/2207/2207
f 1883/1883/1883 1877/1877/1877 2321/2321/2321
f 1883/1883/1883 2208/2208/2208 2207/2207/2207
f 2319/2319/2319 1883/1883/1883 2321/2321/2321
f 1883/1883/1883 2219/2219/2219 2208/2208/2208
f 2219/2219/2219 1883/1883/1883 2319/2319/2319
f 2219/2219/2219 2218/2218/2218 2208/2208/2208
f 2320/2320/2320 2219/2219/2219 2319/2319/2319
f 2209/2209/2209 1894/1894/1894 1884/1884/1884
f 1885/1885/1885 2209/2209/2209 1884/1884/1884
f 1885/1885/1885 1884/1884/1884 2318/2318/2318
f 2317/2317/2317 1885/1885/1885 2318/2318/2318
f 1885/1885/1885 1887/1887/1887 2209/2209/2209
f 1887/1887/1887 1885/1885/1885 2317/2317/2317
f 1887/1887/1887 2210/2210/2210 2209/2209/2209
f 2315/2315/2315 1887/1887/1887 2317/2317/2317
f 1887/1887/1887 1888/1888/1888 2210/2210/2210
f 1888/1888/1888 1887/1887/1887 2315/2315/2315
f 1888/1888/1888 2220/2220/2220 2210/2210/2210
f 2316/2316/2316 1888/1888/1888 2315/2315/2315
f 1920/1920/1920 2223/2223/2223 1900/1900/1900
f 2223/2223/2223 1901/1901/1901 1900/1900/1900
f 1902/1902/1902 1900/1900/1900 1901/1901/1901
f 1919/1919/1919 1901/1901/1901 2223/2223/2223
f 2224/2224/2224 1919/1919/1919 2223/2223/2223
f 1907/1907/1907 1902/1902/1902 1901/1901/1901
f 1901/1901/1901 1919/1919/1919 1907/1907/1907
f 1914/1914/1914 1919/1919/1919 2224/2224/2224
f 1923/1923/1923 1914/1914/1914 2224/2224/2224
f 1919/1919/1919 1914/1914/1914 1909/1909/1909
f 1919/1919/1919 1909/1909/1909 1907/1907/1907
f 1914/1914/1914 1908/1908/1908 1909/1909/1909
f 1910/1910/1910 1909/1909/1909 1908/1908/1908
f 1909/1909/1909 1910/1910/1910 1907/1907/1907
f 2237/2237/2237 1910/1910/1910 1908/1908/1908
f 1910/1910/1910 1906/1906/1906 1907/1907/1907
f 1902/1902/1902 1907/1907/1907 1906/1906/1906
f 1921/1921/1921 1902/1902/1902 1906/1906/1906
f 2231/2231/2231 1898/1898/1898 1896/1896/1896
f 1898/1898/1898 1897/1897/1897 1896/1896/1896
f 1918/1918/1918 1896/1896/1896 1897/1897/1897
f 1897/1897/1897 1898/1898/1898 2343/2343/2343
f 1898/1898/1898 2344/2344/2344 2343/2343/2343
f 1897/1897/1897 2343/2343/2343 1917/1917/1917
f 1917/1917/1917 1918/1918/1918 1897/1897/1897
f 2343/2343/2343 2345/2345/2345 1917/1917/1917
f 1917/1917/1917 2345/2345/2345 2346/2346/2346
f 2241/2241/2241 1917/1917/1917 2346/2346/2346
f 1918/1918/1918 1917/1917/1917 2241/2241/2241
f 2242/2242/2242 1918/1918/1918 2241/2241/2241
f 2233/2233/2233 2225/2225/2225 2232/2232/2232
f 2225/2225/2225 1899/1899/1899 2232/2232/2232
f 2232/2232/2232 1899/1899/1899 2342/2342/2342
f 1899/1899/1899 2341/2341/2341 2342/2342/2342
f 1903/1903/1903 1899/1899/1899 2225/2225/2225
f 2341/2341/2341 1899/1899/1899 1903/1903/1903
f 2226/2226/2226 1903/1903/1903 2225/2225/2225
f 2339/2339/2339 2341/2341/2341 1903/1903/1903
f 1904/1904/1904 1903/1903/1903 2226/2226/2226
f 1903/1903/1903 1904/1904/1904 2339/2339/2339
f 2234/2234/2234 1904/1904/1904 2226/2226/2226
f 1904/1904/1904 2340/2340/2340 2339/2339/2339
f 2236/2236/2236 2227/2227/2227 2235/2235/2235
f 2227/2227/2227 1905/1905/1905 2235/2235/2235
f 2235/2235/2235 1905/1905/1905 2338/2338/2338
f 1905/1905/1905 2337/2337/2337 2338/2338/2338
f 1911/1911/1911 1905/1905/1905 2227/2227/2227
f 1905/1905/1905 1911/1911/1911 2337/2337/2337
f 2228/2228/2228 1911/1911/1911 2227/2227/2227
f 1911/1911/1911 2335/2335/2335 2337/2337/2337
f 2238/2238/2238 1911/1911/1911 2228/2228/2228
f 1911/1911/1911 2238/2238/2238 2335/2335/2335
f 2239/2239/2239 2238/2238/2238 2228/2228/2228
f 2238/2238/2238 2336/2336/2336 2335/2335/2335
f 1922/1922/1922 2229/2229/2229 1912/1912/1912
f 2229/2229/2229 1913/1913/1913 1912/1912/1912
f 1912/1912/1912 1913/1913/1913 2334/2334/2334
f 1913/1913/1913 2333/2333/2333 2334/2334/2334
f 1915/1915/1915 1913/1913/1913 2229/2229/2229
f 1913/1913/1913 1915/1915/1915 2333/2333/2333
f 2230/2230/2230 1915/1915/1915 2229/2229/2229
f 1915/1915/1915 2331/2331/2331 2333/2333/2333
f 1916/1916/1916 1915/1915/1915 2230/2230/2230
f 1915/1915/1915 1916/1916/1916 2331/2331/2331
f 2240/2240/2240 1916/1916/1916 2230/2230/2230
f 1916/1916/1916 2332/2332/2332 2331/2331/2331
f 2243/2243/2243 1948/1948/1948 1928/1928/1928
f 1929/1929/1929 2243/2243/2243 1928/1928/1928
f 1928/1928/1928 1930/1930/1930 1929/1929/1929
f 1929/1929/1929 1947/1947/1947 2243/2243/2243
f 1947/1947/1947 2244/2244/2244 2243/2243/2243
f 1930/1930/1930 1935/1935/1935 1929/1929/1929
f 1947/1947/1947 1929/1929/1929 1935/1935/1935
f 1947/1947/1947 1942/1942/1942 2244/2244/2244
f 1942/1942/1942 1951/1951/1951 2244/2244/2244
f 1942/1942/1942 1947/1947/1947 1937/1937/1937
f 1937/1937/1937 1947/1947/1947 1935/1935/1935
f 1936/1936/1936 1942/1942/1942 1937/1937/1937
f 1937/1937/1937 1938/1938/1938 1936/1936/1936
f 1938/1938/1938 1937/1937/1937 1935/1935/1935
f 1938/1938/1938 2257/2257/2257 1936/1936/1936
f 1934/1934/1934 1938/1938/1938 1935/1935/1935
f 1935/1935/1935 1930/1930/1930 1934/1934/1934
f 1930/1930/1930 1949/1949/1949 1934/1934/1934
f 1926/1926/1926 2251/2251/2251 1924/1924/1924
f 1925/1925/1925 1926/1926/1926 1924/1924/1924
f 1924/1924/1924 1946/1946/1946 1925/1925/1925
f 1926/1926/1926 1925/1925/1925 2295/2295/2295
f 2296/2296/2296 1926/1926/1926 2295/2295/2295
f 2295/2295/2295 1925/1925/1925 1945/1945/1945
f 1946/1946/1946 1945/1945/1945 1925/1925/1925
f 2297/2297/2297 2295/2295/2295 1945/1945/1945
f 2297/2297/2297 1945/1945/1945 2298/2298/2298
f 1945/1945/1945 2261/2261/2261 2298/2298/2298
f 1945/1945/1945 1946/1946/1946 2261/2261/2261
f 1946/1946/1946 2262/2262/2262 2261/2261/2261
f 2245/2245/2245 2253/2253/2253 2252/2252/2252
f 1927/1927/1927 2245/2245/2245 2252/2252/2252
f 1927/1927/1927 2252/2252/2252 2294/2294/2294
f 2293/2293/2293 1927/1927/1927 2294/2294/2294
f 1927/1927/1927 1931/1931/1931 2245/2245/2245
f 1927/1927/1927 2293/2293/2293 1931/1931/1931
f 1931/1931/1931 2246/2246/2246 2245/2245/2245
f 2293/2293/2293 2291/2291/2291 1931/1931/1931
f 1931/1931/1931 1932/1932/1932 2246/2246/2246
f 1932/1932/1932 1931/1931/1931 2291/2291/2291
f 1932/1932/1932 2254/2254/2254 2246/2246/2246
f 2292/2292/2292 1932/1932/1932 2291/2291/2291
f 2247/2247/2247 2256/2256/2256 2255/2255/2255
f 1933/1933/1933 2247/2247/2247 2255/2255/2255
f 1933/1933/1933 2255/2255/2255 2290/2290/2290
f 2289/2289/2289 1933/1933/1933 2290/2290/2290
f 1933/1933/1933 1939/1939/1939 2247/2247/2247
f 1939/1939/1939 1933/1933/1933 2289/2289/2289
f 1939/1939/1939 2248/2248/2248 2247/2247/2247
f 2287/2287/2287 1939/1939/1939 2289/2289/2289
f 1939/1939/1939 2259/2259/2259 2248/2248/2248
f 2259/2259/2259 1939/1939/1939 2287/2287/2287
f 2259/2259/2259 2258/2258/2258 2248/2248/2248
f 2288/2288/2288 2259/2259/2259 2287/2287/2287
f 2249/2249/2249 1950/1950/1950 1940/1940/1940
f 1941/1941/1941 2249/2249/2249 1940/1940/1940
f 1941/1941/1941 1940/1940/1940 2286/2286/2286
f 2285/2285/2285 1941/1941/1941 2286/2286/2286
f 1941/1941/1941 1943/1943/1943 2249/2249/2249
f 1943/1943/1943 1941/1941/1941 2285/2285/2285
f 1943/1943/1943 2250/2250/2250 2249/2249/2249
f 2283/2283/2283 1943/1943/1943 2285/2285/2285
f 1943/1943/1943 1944/1944/1944 2250/2250/2250
f 1944/1944/1944 1943/1943/1943 2283/2283/2283
f 1944/1944/1944 2260/2260/2260 2250/2250/2250
f 2284/2284/2284 1944/1944/1944 2283/2283/2283
f 1976/1976/1976 2263/2263/2263 1956/1956/1956
f 2263/2263/2263 1957/1957/1957 1956/1956/1956
f 1958/1958/1958 1956/1956/1956 1957/1957/1957
f 1975/1975/1975 1957/1957/1957 2263/2263/2263
f 2264/2264/2264 1975/1975/1975 2263/2263/2263
f 1963/1963/1963 1958/1958/1958 1957/1957/1957
f 1957/1957/1957 1975/1975/1975 1963/1963/1963
f 1970/1970/1970 1975/1975/1975 2264/2264/2264
f 1979/1979/1979 1970/1970/1970 2264/2264/2264
f 1975/1975/1975 1970/1970/1970 1965/1965/1965
f 1975/1975/1975 1965/1965/1965 1963/1963/1963
f 1970/1970/1970 1964/1964/1964 1965/1965/1965
f 1966/1966/1966 1965/1965/1965 1964/1964/1964
f 1965/1965/1965 1966/1966/1966 1963/1963/1963
f 2277/2277/2277 1966/1966/1966 1964/1964/1964
f 1966/1966/1966 1962/1962/1962 1963/1963/1963
f 1958/1958/1958 1963/1963/1963 1962/1962/1962
f 1977/1977/1977 1958/1958/1958 1962/1962/1962
f 2271/2271/2271 1954/1954/1954 1952/1952/1952
f 1954/1954/1954 1953/1953/1953 1952/1952/1952
f 1974/1974/1974 1952/1952/1952 1953/1953/1953
f 1953/1953/1953 1954/1954/1954 2311/2311/2311
f 1954/1954/1954 2312/2312/2312 2311/2311/2311
f 1953/1953/1953 2311/2311/2311 1973/1973/1973
f 1973/1973/1973 1974/1974/1974 1953/1953/1953
f 2311/2311/2311 2313/2313/2313 1973/1973/1973
f 1973/1973/1973 2313/2313/2313 2314/2314/2314
f 2281/2281/2281 1973/1973/1973 2314/2314/2314
f 1974/1974/1974 1973/1973/1973 2281/2281/2281
f 2282/2282/2282 1974/1974/1974 2281/2281/2281
f 2273/2273/2273 2265/2265/2265 2272/2272/2272
f 2265/2265/2265 1955/1955/1955 2272/2272/2272
f 2272/2272/2272 1955/1955/1955 2310/2310/2310
f 1955/1955/1955 2309/2309/2309 2310/2310/2310
f 1959/1959/1959 1955/1955/1955 2265/2265/2265
f 2309/2309/2309 1955/1955/1955 1959/1959/1959
f 2266/2266/2266 1959/1959/1959 2265/2265/2265
f 2307/2307/2307 2309/2309/2309 1959/1959/1959
f 1960/1960/1960 1959/1959/1959 2266/2266/2266
f 1959/1959/1959 1960/1960/1960 2307/2307/2307
f 2274/2274/2274 1960/1960/1960 2266/2266/2266
f 1960/1960/1960 2308/2308/2308 2307/2307/2307
f 2276/2276/2276 2267/2267/2267 2275/2275/2275
f 2267/2267/2267 1961/1961/1961 2275/2275/2275
f 2275/2275/2275 1961/1961/1961 2306/2306/2306
f 1961/1961/1961 2305/2305/2305 2306/2306/2306
f 1967/1967/1967 1961/1961/1961 2267/2267/2267
f 1961/1961/1961 1967/1967/1967 2305/2305/2305
f 2268/2268/2268 1967/1967/1967 2267/2267/2267
f 1967/1967/1967 2303/2303/2303 2305/2305/2305
f 2278/2278/2278 1967/1967/1967 2268/2268/2268
f 1967/1967/1967 2278/2278/2278 2303/2303/2303
f 2279/2279/2279 2278/2278/2278 2268/2268/2268
f 2278/2278/2278 2304/2304/2304 2303/2303/2303
f 1978/1978/1978 2269/2269/2269 1968/1968/1968
f 2269/2269/2269 1969/1969/1969 1968/1968/1968
f 1968/1968/1968 1969/1969/1969 2302/2302/2302
f 1969/1969/1969 2301/2301/2301 2302/2302/2302
f 1971/1971/1971 1969/1969/1969 2269/2269/2269
f 1969/1969/1969 1971/1971/1971 2301/2301/2301
f 2270/2270/2270 1971/1971/1971 2269/2269/2269
f 1971/1971/1971 2299/2299/2299 2301/2301/2301
f 1972/1972/1972 1971/1971/1971 2270/2270/2270
f 1971/1971/1971 1972/1972/1972 2299/2299/2299
f 2280/2280/2280 1972/1972/1972 2270/2270/2270
f 1972/1972/1972 2300/2300/2300 2299/2299/2299
f 1645/1645/1645 1651/1651/1651 1646/1646/1646
f 1651/1651/1651 1700/1700/1700 1646/1646/1646
f 1644/1644/1644 1645/1645/1645 1646/1646/1646
f 1645/1645/1645 1644/1644/1644 2061/2061/2061
f 1644/1644/1644 2062/2062/2062 2061/2061/2061
f 2062/2062/2062 1644/1644/1644 2066/2066/2066
f 1644/1644/1644 1720/1720/1720 2066/2066/2066
f 2068/2068/2068 2066/2066/2066 1720/1720/1720
f 1721/1721/1721 2068/2068/2068 1720/1720/1720
f 1666/1666/1666 1721/1721/1721 1720/1720/1720
f 1667/1667/1667 1720/1720/1720 1644/1644/1644
f 1667/1667/1667 1666/1666/1666 1720/1720/1720
f 1646/1646/1646 1667/1667/1667 1644/1644/1644
f 1666/1666/1666 1667/1667/1667 1668/1668/1668
f 1667/1667/1667 1670/1670/1670 1668/1668/1668
f 1670/1670/1670 1667/1667/1667 1646/1646/1646
f 1668/1668/1668 1670/1670/1670 2004/2004/2004
f 1670/1670/1670 1678/1678/1678 2004/2004/2004
f 1678/1678/1678 1670/1670/1670 1685/1685/1685
f 1696/1696/1696 1670/1670/1670 1646/1646/1646
f 1670/1670/1670 1696/1696/1696 1685/1685/1685
f 1700/1700/1700 1696/1696/1696 1646/1646/1646
f 1685/1685/1685 1696/1696/1696 1706/1706/1706
f 1696/1696/1696 1700/1700/1700 1706/1706/1706
f 1652/1652/1652 1653/1653/1653 1654/1654/1654
f 1653/1653/1653 1652/1652/1652 1673/1673/1673
f 1655/1655/1655 1653/1653/1653 1673/1673/1673
f 1653/1653/1653 1717/1717/1717 1654/1654/1654
f 1654/1654/1654 1717/1717/1717 2064/2064/2064
f 1717/1717/1717 2065/2065/2065 2064/2064/2064
f 2065/2065/2065 1717/1717/1717 2067/2067/2067
f 1653/1653/1653 1655/1655/1655 1656/1656/1656
f 1653/1653/1653 1656/1656/1656 1717/1717/1717
f 1655/1655/1655 1660/1660/1660 1656/1656/1656
f 1660/1660/1660 2060/2060/2060 1656/1656/1656
f 2060/2060/2060 1723/1723/1723 1656/1656/1656
f 1717/1717/1717 1727/1727/1727 2067/2067/2067
f 1656/1656/1656 1727/1727/1727 1717/1717/1717
f 1656/1656/1656 1723/1723/1723 1727/1727/1727
f 2067/2067/2067 1727/1727/1727 2069/2069/2069
f 1723/1723/1723 1728/1728/1728 1727/1727/1727
f 1727/1727/1727 1728/1728/1728 2069/2069/2069
f 1674/1674/1674 1677/1677/1677 1669/1669/1669
f 1991/1991/1991 1674/1674/1674 1669/1669/1669
f 1992/1992/1992 1991/1991/1991 1669/1669/1669
f 1669/1669/1669 1677/1677/1677 1682/1682/1682
f 1677/1677/1677 1686/1686/1686 1682/1682/1682
f 1682/1682/1682 1686/1686/1686 1704/1704/1704
f 1698/1698/1698 1682/1682/1682 1704/1704/1704
f 1663/1663/1663 1992/1992/1992 1669/1669/1669
f 1669/1669/1669 1682/1682/1682 1663/1663/1663
f 1992/1992/1992 1663/1663/1663 2059/2059/2059
f 1664/1664/1664 1682/1682/1682 1698/1698/1698
f 1682/1682/1682 1664/1664/1664 1663/1663/1663
f 2006/2006/2006 1664/1664/1664 1698/1698/1698
f 1664/1664/1664 2006/2006/2006 1662/1662/1662
f 1664/1664/1664 1662/1662/1662 1663/1663/1663
f 2006/2006/2006 2005/2005/2005 1662/1662/1662
f 2005/2005/2005 2063/2063/2063 1662/1662/1662
f 2063/2063/2063 1725/1725/1725 1662/1662/1662
f 1663/1663/1663 1726/1726/1726 2059/2059/2059
f 1662/1662/1662 1726/1726/1726 1663/1663/1663
f 1662/1662/1662 1725/1725/1725 1726/1726/1726
f 2059/2059/2059 1726/1726/1726 1730/1730/1730
f 1725/1725/1725 1729/1729/1729 1726/1726/1726
f 1726/1726/1726 1729/1729/1729 1730/1730/1730
f 1707/1707/1707 1712/1712/1712 1711/1711/1711
f 1711/1711/1711 1712/1712/1712 1716/1716/1716
f 2034/2034/2034 1711/1711/1711 1716/1716/1716
f 1687/1687/1687 1707/1707/1707 1711/1711/1711
f 2031/2031/2031 1707/1707/1707 1687/1687/1687
f 2012/2012/2012 2031/2031/2031 1687/1687/1687
f 2007/2007/2007 2012/2012/2012 1687/1687/1687
f 1679/1679/1679 2007/2007/2007 1687/1687/1687
f 1679/1679/1679 1687/1687/1687 1711/1711/1711
f 2008/2008/2008 2007/2007/2007 1679/1679/1679
f 2009/2009/2009 2008/2008/2008 1679/1679/1679
f 2009/2009/2009 1679/1679/1679 2011/2011/2011
f 1697/1697/1697 1711/1711/1711 2034/2034/2034
f 1697/1697/1697 1679/1679/1679 1711/1711/1711
f 1679/1679/1679 1697/1697/1697 2011/2011/2011
f 2030/2030/2030 1697/1697/1697 2034/2034/2034
f 2011/2011/2011 1697/1697/1697 2029/2029/2029
f 1697/1697/1697 2030/2030/2030 2029/2029/2029
f 1650/1650/1650 1981/1981/1981 1722/1722/1722
f 1985/1985/1985 1650/1650/1650 1722/1722/1722
f 1981/1981/1981 1650/1650/1650 1980/1980/1980
f 1659/1659/1659 1650/1650/1650 1985/1985/1985
f 1986/1986/1986 1659/1659/1659 1985/1985/1985
f 1986/1986/1986 2001/2001/2001 1659/1659/1659
f 2001/2001/2001 1676/1676/1676 1659/1659/1659
f 1659/1659/1659 1676/1676/1676 1690/1690/1690
f 1659/1659/1659 1690/1690/1690 1650/1650/1650
f 1676/1676/1676 1691/1691/1691 1690/1690/1690
f 1650/1650/1650 1680/1680/1680 1980/1980/1980
f 1690/1690/1690 1680/1680/1680 1650/1650/1650
f 1680/1680/1680 1701/1701/1701 1980/1980/1980
f 1701/1701/1701 1680/1680/1680 1690/1690/1690
f 1701/1701/1701 2022/2022/2022 1980/1980/1980
f 2022/2022/2022 1701/1701/1701 2032/2032/2032
f 1701/1701/1701 2033/2033/2033 2032/2032/2032
f 2033/2033/2033 1701/1701/1701 2038/2038/2038
f 1690/1690/1690 1691/1691/1691 1714/1714/1714
f 1714/1714/1714 1701/1701/1701 1690/1690/1690
f 1701/1701/1701 1714/1714/1714 2038/2038/2038
f 1691/1691/1691 2049/2049/2049 1714/1714/1714
f 2038/2038/2038 1714/1714/1714 2048/2048/2048
f 1714/1714/1714 2049/2049/2049 2048/2048/2048
f 2350/2350/2350 2348/2348/2348 2347/2347/2347
f 2349/2349/2349 2350/2350/2350 2347/2347/2347
f 2353/2353/2353 2351/2351/2351 2352/2352/2352
f 2354/2354/2354 2353/2353/2353 2352/2352/2352
f 2357/2357/2357 2356/2356/2356 2355/2355/2355
f 2358/2358/2358 2357/2357/2357 2355/2355/2355
f 2361/2361/2361 2360/2360/2360 2359/2359/2359
f 2362/2362/2362 2361/2361/2361 2359/2359/2359
f 2365/2365/2365 2364/2364/2364 2363/2363/2363
f 2366/2366/2366 2365/2365/2365 2363/2363/2363
f 2369/2369/2369 2368/2368/2368 2367/2367/2367
f 2370/2370/2370 2369/2369/2369 2367/2367/2367
f 2429/2429/2429 2428/2428/2428 2427/2427/2427
f 2430/2430/2430 2429/2429/2429 2427/2427/2427
f 2375/2375/2375 2382/2382/2382 2381/2381/2381
f 2403/2403/2403 2410/2410/2410 2409/2409/2409
f 2371/2371/2371 2372/2372/2372 2378/2378/2378
f 2372/2372/2372 2379/2379/2379 2378/2378/2378
f 2372/2372/2372 2373/2373/2373 2379/2379/2379
f 2373/2373/2373 2380/2380/2380 2379/2379/2379
f 2373/2373/2373 2374/2374/2374 2380/2380/2380
f 2374/2374/2374 2381/2381/2381 2380/2380/2380
f 2374/2374/2374 2375/2375/2375 2381/2381/2381
f 2432/2432/2432 2376/2376/2376 2431/2431/2431
f 2376/2376/2376 2383/2383/2383 2431/2431/2431
f 2376/2376/2376 2377/2377/2377 2383/2383/2383
f 2377/2377/2377 2384/2384/2384 2383/2383/2383
f 2393/2393/2393 2392/2392/2392 2433/2433/2433
f 2434/2434/2434 2393/2393/2393 2433/2433/2433
f 2394/2394/2394 2393/2393/2393 2434/2434/2434
f 2435/2435/2435 2394/2394/2394 2434/2434/2434
f 2395/2395/2395 2394/2394/2394 2435/2435/2435
f 2436/2436/2436 2395/2395/2395 2435/2435/2435
f 2396/2396/2396 2395/2395/2395 2436/2436/2436
f 2437/2437/2437 2396/2396/2396 2436/2436/2436
f 2397/2397/2397 2396/2396/2396 2437/2437/2437
f 2438/2438/2438 2397/2397/2397 2437/2437/2437
f 2398/2398/2398 2397/2397/2397 2438/2438/2438
f 2439/2439/2439 2398/2398/2398 2438/2438/2438
f 2441/2441/2441 2385/2385/2385 2440/2440/2440
f 2385/2385/2385 2386/2386/2386 2440/2440/2440
f 2440/2440/2440 2386/2386/2386 2446/2446/2446
f 2386/2386/2386 2387/2387/2387 2446/2446/2446
f 2446/2446/2446 2387/2387/2387 2445/2445/2445
f 2387/2387/2387 2388/2388/2388 2445/2445/2445
f 2445/2445/2445 2388/2388/2388 2444/2444/2444
f 2388/2388/2388 2389/2389/2389 2444/2444/2444
f 2444/2444/2444 2389/2389/2389 2443/2443/2443
f 2389/2389/2389 2390/2390/2390 2443/2443/2443
f 2443/2443/2443 2390/2390/2390 2442/2442/2442
f 2390/2390/2390 2391/2391/2391 2442/2442/2442
f 2449/2449/2449 2448/2448/2448 2447/2447/2447
f 2450/2450/2450 2449/2449/2449 2447/2447/2447
f 2453/2453/2453 2452/2452/2452 2451/2451/2451
f 2454/2454/2454 2453/2453/2453 2451/2451/2451
f 2455/2455/2455 2453/2453/2453 2454/2454/2454
f 2456/2456/2456 2455/2455/2455 2454/2454/2454
f 2457/2457/2457 2455/2455/2455 2456/2456/2456
f 2458/2458/2458 2457/2457/2457 2456/2456/2456
f 2459/2459/2459 2457/2457/2457 2458/2458/2458
f 2460/2460/2460 2459/2459/2459 2458/2458/2458
f 2463/2463/2463 2462/2462/2462 2461/2461/2461
f 2464/2464/2464 2463/2463/2463 2461/2461/2461
f 2465/2465/2465 2463/2463/2463 2464/2464/2464
f 2466/2466/2466 2465/2465/2465 2464/2464/2464
f 2469/2469/2469 2468/2468/2468 2467/2467/2467
f 2470/2470/2470 2469/2469/2469 2467/2467/2467
f 2399/2399/2399 2400/2400/2400 2406/2406/2406
f 2400/2400/2400 2407/2407/2407 2406/2406/2406
f 2400/2400/2400 2401/2401/2401 2407/2407/2407
f 2401/2401/2401 2408/2408/2408 2407/2407/2407
f 2401/2401/2401 2402/2402/2402 2408/2408/2408
f 2402/2402/2402 2409/2409/2409 2408/2408/2408
f 2402/2402/2402 2403/2403/2403 2409/2409/2409
f 2472/2472/2472 2404/2404/2404 2471/2471/2471
f 2404/2404/2404 2411/2411/2411 2471/2471/2471
f 2404/2404/2404 2405/2405/2405 2411/2411/2411
f 2405/2405/2405 2412/2412/2412 2411/2411/2411
f 2421/2421/2421 2420/2420/2420 2473/2473/2473
f 2474/2474/2474 2421/2421/2421 2473/2473/2473
f 2422/2422/2422 2421/2421/2421 2474/2474/2474
f 2475/2475/2475 2422/2422/2422 2474/2474/2474
f 2423/2423/2423 2422/2422/2422 2475/2475/2475
f 2476/2476/2476 2423/2423/2423 2475/2475/2475
f 2424/2424/2424 2423/2423/2423 2476/2476/2476
f 2477/2477/2477 2424/2424/2424 2476/2476/2476
f 2425/2425/2425 2424/2424/2424 2477/2477/2477
f 2478/2478/2478 2425/2425/2425 2477/2477/2477
f 2426/2426/2426 2425/2425/2425 2478/2478/2478
f 2479/2479/2479 2426/2426/2426 2478/2478/2478
f 2481/2481/2481 2413/2413/2413 2480/2480/2480
f 2413/2413/2413 2414/2414/2414 2480/2480/2480
f 2480/2480/2480 2414/2414/2414 2486/2486/2486
f 2414/2414/2414 2415/2415/2415 2486/2486/2486
f 2486/2486/2486 2415/2415/2415 2485/2485/2485
f 2415/2415/2415 2416/2416/2416 2485/2485/2485
f 2485/2485/2485 2416/2416/2416 2484/2484/2484
f 2416/2416/2416 2417/2417/2417 2484/2484/2484
f 2484/2484/2484 2417/2417/2417 2483/2483/2483
f 2417/2417/2417 2418/2418/2418 2483/2483/2483
f 2483/2483/2483 2418/2418/2418 2482/2482/2482
f 2418/2418/2418 2419/2419/2419 2482/2482/2482
f 2489/2489/2489 2488/2488/2488 2487/2487/2487
f 2490/2490/2490 2489/2489/2489 2487/2487/2487
f 2493/2493/2493 2492/2492/2492 2491/2491/2491
f 2494/2494/2494 2493/2493/2493 2491/2491/2491
f 2495/2495/2495 2493/2493/2493 2494/2494/2494
f 2496/2496/2496 2495/2495/2495 2494/2494/2494
f 2497/2497/2497 2495/2495/2495 2496/2496/2496
f 2498/2498/2498 2497/2497/2497 2496/2496/2496
f 2499/2499/2499 2497/2497/2497 2498/2498/2498
f 2500/2500/2500 2499/2499/2499 2498/2498/2498
f 2503/2503/2503 2502/2502/2502 2501/2501/2501
f 2504/2504/2504 2503/2503/2503 2501/2501/2501
f 2505/2505/2505 2503/2503/2503 2504/2504/2504
f 2506/2506/2506 2505/2505/2505 2504/2504/2504
f 2509/2509/2509 2508/2508/2508 2507/2507/2507
f 2510/2510/2510 2509/2509/2509 2507/2507/2507
f 2681/2681/2681 2680/2680/2680 2679/2679/2679
f 2682/2682/2682 2681/2681/2681 2679/2679/2679
f 2515/2515/2515 2516/2516/2516 2683/2683/2683
f 2684/2684/2684 2515/2515/2515 2683/2683/2683
f 2515/2515/2515 2535/2535/2535 2516/2516/2516
f 2515/2515/2515 2527/2527/2527 2535/2535/2535
f 2527/2527/2527 2541/2541/2541 2535/2535/2535
f 2535/2535/2535 2536/2536/2536 2516/2516/2516
f 2541/2541/2541 2539/2539/2539 2535/2535/2535
f 2535/2535/2535 2537/2537/2537 2536/2536/2536
f 2539/2539/2539 2537/2537/2537 2535/2535/2535
f 2537/2537/2537 2538/2538/2538 2536/2536/2536
f 2537/2537/2537 2539/2539/2539 2543/2543/2543
f 2537/2537/2537 2543/2543/2543 2538/2538/2538
f 2539/2539/2539 2549/2549/2549 2543/2543/2543
f 2543/2543/2543 2544/2544/2544 2538/2538/2538
f 2549/2549/2549 2547/2547/2547 2543/2543/2543
f 2543/2543/2543 2545/2545/2545 2544/2544/2544
f 2547/2547/2547 2545/2545/2545 2543/2543/2543
f 2545/2545/2545 2546/2546/2546 2544/2544/2544
f 2545/2545/2545 2547/2547/2547 2551/2551/2551
f 2545/2545/2545 2551/2551/2551 2546/2546/2546
f 2547/2547/2547 2557/2557/2557 2551/2551/2551
f 2551/2551/2551 2552/2552/2552 2546/2546/2546
f 2557/2557/2557 2555/2555/2555 2551/2551/2551
f 2551/2551/2551 2553/2553/2553 2552/2552/2552
f 2555/2555/2555 2553/2553/2553 2551/2551/2551
f 2553/2553/2553 2554/2554/2554 2552/2552/2552
f 2555/2555/2555 2563/2563/2563 2553/2553/2553
f 2553/2553/2553 2559/2559/2559 2554/2554/2554
f 2563/2563/2563 2559/2559/2559 2553/2553/2553
f 2559/2559/2559 2560/2560/2560 2554/2554/2554
f 2563/2563/2563 2565/2565/2565 2559/2559/2559
f 2559/2559/2559 2562/2562/2562 2560/2560/2560
f 2565/2565/2565 2562/2562/2562 2559/2559/2559
f 2562/2562/2562 2561/2561/2561 2560/2560/2560
f 2562/2562/2562 2649/2649/2649 2561/2561/2561
f 2565/2565/2565 2652/2652/2652 2562/2562/2562
f 2652/2652/2652 2649/2649/2649 2562/2562/2562
f 2649/2649/2649 2652/2652/2652 2641/2641/2641
f 2652/2652/2652 2710/2710/2710 2641/2641/2641
f 2519/2519/2519 2520/2520/2520 2518/2518/2518
f 2518/2518/2518 2625/2625/2625 2517/2517/2517
f 2626/2626/2626 2625/2625/2625 2699/2699/2699
f 2700/2700/2700 2626/2626/2626 2699/2699/2699
f 2716/2716/2716 2670/2670/2670 2715/2715/2715
f 2512/2512/2512 2514/2514/2514 2511/2511/2511
f 2514/2514/2514 2513/2513/2513 2511/2511/2511
f 2514/2514/2514 2522/2522/2522 2513/2513/2513
f 2522/2522/2522 2521/2521/2521 2513/2513/2513
f 2521/2521/2521 2522/2522/2522 2685/2685/2685
f 2686/2686/2686 2521/2521/2521 2685/2685/2685
f 2625/2625/2625 2626/2626/2626 2517/2517/2517
f 2517/2517/2517 2626/2626/2626 2627/2627/2627
f 2629/2629/2629 2627/2627/2627 2626/2626/2626
f 2700/2700/2700 2629/2629/2629 2626/2626/2626
f 2627/2627/2627 2629/2629/2629 2628/2628/2628
f 2629/2629/2629 2630/2630/2630 2628/2628/2628
f 2530/2530/2530 2517/2517/2517 2627/2627/2627
f 2517/2517/2517 2530/2530/2530 2519/2519/2519
f 2517/2517/2517 2519/2519/2519 2518/2518/2518
f 2530/2530/2530 2531/2531/2531 2519/2519/2519
f 2532/2532/2532 2531/2531/2531 2530/2530/2530
f 2529/2529/2529 2532/2532/2532 2530/2530/2530
f 2524/2524/2524 2528/2528/2528 2523/2523/2523
f 2528/2528/2528 2527/2527/2527 2523/2523/2523
f 2528/2528/2528 2542/2542/2542 2527/2527/2527
f 2542/2542/2542 2541/2541/2541 2527/2527/2527
f 2541/2541/2541 2542/2542/2542 2540/2540/2540
f 2539/2539/2539 2541/2541/2541 2540/2540/2540
f 2540/2540/2540 2550/2550/2550 2539/2539/2539
f 2550/2550/2550 2549/2549/2549 2539/2539/2539
f 2549/2549/2549 2550/2550/2550 2548/2548/2548
f 2547/2547/2547 2549/2549/2549 2548/2548/2548
f 2548/2548/2548 2558/2558/2558 2547/2547/2547
f 2558/2558/2558 2557/2557/2557 2547/2547/2547
f 2557/2557/2557 2558/2558/2558 2556/2556/2556
f 2555/2555/2555 2557/2557/2557 2556/2556/2556
f 2556/2556/2556 2564/2564/2564 2555/2555/2555
f 2564/2564/2564 2563/2563/2563 2555/2555/2555
f 2564/2564/2564 2566/2566/2566 2563/2563/2563
f 2566/2566/2566 2565/2565/2565 2563/2563/2563
f 2566/2566/2566 2651/2651/2651 2565/2565/2565
f 2651/2651/2651 2652/2652/2652 2565/2565/2565
f 2652/2652/2652 2651/2651/2651 2709/2709/2709
f 2710/2710/2710 2652/2652/2652 2709/2709/2709
f 2688/2688/2688 2525/2525/2525 2687/2687/2687
f 2525/2525/2525 2526/2526/2526 2687/2687/2687
f 2525/2525/2525 2533/2533/2533 2526/2526/2526
f 2533/2533/2533 2534/2534/2534 2526/2526/2526
f 2534/2534/2534 2533/2533/2533 2689/2689/2689
f 2690/2690/2690 2534/2534/2534 2689/2689/2689
f 2627/2627/2627 2628/2628/2628 2529/2529/2529
f 2530/2530/2530 2627/2627/2627 2529/2529/2529
f 2649/2649/2649 2650/2650/2650 2561/2561/2561
f 2650/2650/2650 2649/2649/2649 2641/2641/2641
f 2642/2642/2642 2650/2650/2650 2641/2641/2641
f 2576/2576/2576 2575/2575/2575 2691/2691/2691
f 2692/2692/2692 2576/2576/2576 2691/2691/2691
f 2572/2572/2572 2583/2583/2583 2571/2571/2571
f 2583/2583/2583 2584/2584/2584 2571/2571/2571
f 2583/2583/2583 2586/2586/2586 2584/2584/2584
f 2574/2574/2574 2573/2573/2573 2572/2572/2572
f 2571/2571/2571 2574/2574/2574 2572/2572/2572
f 2569/2569/2569 2574/2574/2574 2571/2571/2571
f 2568/2568/2568 2569/2569/2569 2571/2571/2571
f 2570/2570/2570 2569/2569/2569 2568/2568/2568
f 2567/2567/2567 2570/2570/2570 2568/2568/2568
f 2568/2568/2568 2571/2571/2571 2579/2579/2579
f 2568/2568/2568 2579/2579/2579 2567/2567/2567
f 2579/2579/2579 2580/2580/2580 2567/2567/2567
f 2571/2571/2571 2584/2584/2584 2579/2579/2579
f 2579/2579/2579 2582/2582/2582 2580/2580/2580
f 2579/2579/2579 2584/2584/2584 2582/2582/2582
f 2582/2582/2582 2581/2581/2581 2580/2580/2580
f 2584/2584/2584 2585/2585/2585 2582/2582/2582
f 2586/2586/2586 2585/2585/2585 2584/2584/2584
f 2694/2694/2694 2578/2578/2578 2693/2693/2693
f 2578/2578/2578 2577/2577/2577 2693/2693/2693
f 2578/2578/2578 2597/2597/2597 2577/2577/2577
f 2597/2597/2597 2598/2598/2598 2577/2577/2577
f 2597/2597/2597 2578/2578/2578 2594/2594/2594
f 2578/2578/2578 2575/2575/2575 2594/2594/2594
f 2598/2598/2598 2597/2597/2597 2596/2596/2596
f 2596/2596/2596 2597/2597/2597 2594/2594/2594
f 2591/2591/2591 2596/2596/2596 2594/2594/2594
f 2595/2595/2595 2598/2598/2598 2596/2596/2596
f 2596/2596/2596 2591/2591/2591 2602/2602/2602
f 2596/2596/2596 2605/2605/2605 2595/2595/2595
f 2605/2605/2605 2596/2596/2596 2602/2602/2602
f 2605/2605/2605 2606/2606/2606 2595/2595/2595
f 2604/2604/2604 2605/2605/2605 2602/2602/2602
f 2606/2606/2606 2605/2605/2605 2604/2604/2604
f 2599/2599/2599 2604/2604/2604 2602/2602/2602
f 2603/2603/2603 2606/2606/2606 2604/2604/2604
f 2604/2604/2604 2599/2599/2599 2610/2610/2610
f 2604/2604/2604 2613/2613/2613 2603/2603/2603
f 2613/2613/2613 2604/2604/2604 2610/2610/2610
f 2613/2613/2613 2614/2614/2614 2603/2603/2603
f 2612/2612/2612 2613/2613/2613 2610/2610/2610
f 2614/2614/2614 2613/2613/2613 2612/2612/2612
f 2607/2607/2607 2612/2612/2612 2610/2610/2610
f 2611/2611/2611 2614/2614/2614 2612/2612/2612
f 2621/2621/2621 2612/2612/2612 2607/2607/2607
f 2612/2612/2612 2621/2621/2621 2611/2611/2611
f 2618/2618/2618 2621/2621/2621 2607/2607/2607
f 2621/2621/2621 2622/2622/2622 2611/2611/2611
f 2620/2620/2620 2621/2621/2621 2618/2618/2618
f 2622/2622/2622 2621/2621/2621 2620/2620/2620
f 2619/2619/2619 2622/2622/2622 2620/2620/2620
f 2615/2615/2615 2620/2620/2620 2618/2618/2618
f 2620/2620/2620 2657/2657/2657 2619/2619/2619
f 2657/2657/2657 2620/2620/2620 2615/2615/2615
f 2657/2657/2657 2658/2658/2658 2619/2619/2619
f 2668/2668/2668 2657/2657/2657 2615/2615/2615
f 2667/2667/2667 2668/2668/2668 2615/2615/2615
f 2658/2658/2658 2657/2657/2657 2711/2711/2711
f 2711/2711/2711 2657/2657/2657 2668/2668/2668
f 2712/2712/2712 2658/2658/2658 2711/2711/2711
f 2666/2666/2666 2711/2711/2711 2668/2668/2668
f 2576/2576/2576 2593/2593/2593 2575/2575/2575
f 2593/2593/2593 2594/2594/2594 2575/2575/2575
f 2594/2594/2594 2593/2593/2593 2592/2592/2592
f 2591/2591/2591 2594/2594/2594 2592/2592/2592
f 2592/2592/2592 2601/2601/2601 2591/2591/2591
f 2601/2601/2601 2602/2602/2602 2591/2591/2591
f 2602/2602/2602 2601/2601/2601 2600/2600/2600
f 2599/2599/2599 2602/2602/2602 2600/2600/2600
f 2600/2600/2600 2609/2609/2609 2599/2599/2599
f 2609/2609/2609 2610/2610/2610 2599/2599/2599
f 2610/2610/2610 2609/2609/2609 2608/2608/2608
f 2607/2607/2607 2610/2610/2610 2608/2608/2608
f 2608/2608/2608 2617/2617/2617 2607/2607/2607
f 2617/2617/2617 2618/2618/2618 2607/2607/2607
f 2618/2618/2618 2617/2617/2617 2616/2616/2616
f 2615/2615/2615 2618/2618/2618 2616/2616/2616
f 2616/2616/2616 2667/2667/2667 2615/2615/2615
f 2668/2668/2668 2667/2667/2667 2665/2665/2665
f 2666/2666/2666 2668/2668/2668 2665/2665/2665
f 2698/2698/2698 2588/2588/2588 2697/2697/2697
f 2588/2588/2588 2587/2587/2587 2697/2697/2697
f 2697/2697/2697 2587/2587/2587 2696/2696/2696
f 2587/2587/2587 2590/2590/2590 2696/2696/2696
f 2696/2696/2696 2590/2590/2590 2695/2695/2695
f 2590/2590/2590 2589/2589/2589 2695/2695/2695
f 2590/2590/2590 2587/2587/2587 2636/2636/2636
f 2590/2590/2590 2663/2663/2663 2589/2589/2589
f 2663/2663/2663 2590/2590/2590 2636/2636/2636
f 2663/2663/2663 2664/2664/2664 2589/2589/2589
f 2663/2663/2663 2636/2636/2636 2713/2713/2713
f 2636/2636/2636 2638/2638/2638 2713/2713/2713
f 2588/2588/2588 2635/2635/2635 2587/2587/2587
f 2635/2635/2635 2636/2636/2636 2587/2587/2587
f 2635/2635/2635 2637/2637/2637 2636/2636/2636
f 2637/2637/2637 2638/2638/2638 2636/2636/2636
f 2632/2632/2632 2631/2631/2631 2623/2623/2623
f 2624/2624/2624 2632/2632/2632 2623/2623/2623
f 2624/2624/2624 2801/2801/2801 2632/2632/2632
f 2801/2801/2801 2788/2788/2788 2632/2632/2632
f 2779/2779/2779 2801/2801/2801 2624/2624/2624
f 2632/2632/2632 2788/2788/2788 2786/2786/2786
f 2778/2778/2778 2779/2779/2779 2624/2624/2624
f 2788/2788/2788 2787/2787/2787 2786/2786/2786
f 2744/2744/2744 2779/2779/2779 2778/2778/2778
f 2786/2786/2786 2787/2787/2787 2789/2789/2789
f 2743/2743/2743 2744/2744/2744 2778/2778/2778
f 2787/2787/2787 2790/2790/2790 2789/2789/2789
f 2734/2734/2734 2744/2744/2744 2743/2743/2743
f 2789/2789/2789 2790/2790/2790 2803/2803/2803
f 2733/2733/2733 2734/2734/2734 2743/2743/2743
f 2790/2790/2790 2802/2802/2802 2803/2803/2803
f 2735/2735/2735 2734/2734/2734 2733/2733/2733
f 2803/2803/2803 2802/2802/2802 2794/2794/2794
f 2736/2736/2736 2735/2735/2735 2733/2733/2733
f 2802/2802/2802 2793/2793/2793 2794/2794/2794
f 2722/2722/2722 2735/2735/2735 2736/2736/2736
f 2794/2794/2794 2793/2793/2793 2772/2772/2772
f 2721/2721/2721 2722/2722/2722 2736/2736/2736
f 2793/2793/2793 2771/2771/2771 2772/2772/2772
f 2723/2723/2723 2722/2722/2722 2721/2721/2721
f 2772/2772/2772 2771/2771/2771 2769/2769/2769
f 2724/2724/2724 2723/2723/2723 2721/2721/2721
f 2771/2771/2771 2770/2770/2770 2769/2769/2769
f 2729/2729/2729 2723/2723/2723 2724/2724/2724
f 2769/2769/2769 2770/2770/2770 2764/2764/2764
f 2730/2730/2730 2729/2729/2729 2724/2724/2724
f 2770/2770/2770 2763/2763/2763 2764/2764/2764
f 2746/2746/2746 2729/2729/2729 2730/2730/2730
f 2764/2764/2764 2763/2763/2763 2761/2761/2761
f 2745/2745/2745 2746/2746/2746 2730/2730/2730
f 2763/2763/2763 2762/2762/2762 2761/2761/2761
f 2747/2747/2747 2746/2746/2746 2745/2745/2745
f 2761/2761/2761 2762/2762/2762 2756/2756/2756
f 2748/2748/2748 2747/2747/2747 2745/2745/2745
f 2762/2762/2762 2755/2755/2755 2756/2756/2756
f 2754/2754/2754 2747/2747/2747 2748/2748/2748
f 2756/2756/2756 2755/2755/2755 2753/2753/2753
f 2753/2753/2753 2754/2754/2754 2748/2748/2748
f 2755/2755/2755 2754/2754/2754 2753/2753/2753
f 2704/2704/2704 2676/2676/2676 2703/2703/2703
f 2676/2676/2676 2675/2675/2675 2703/2703/2703
f 2675/2675/2675 2676/2676/2676 2643/2643/2643
f 2644/2644/2644 2675/2675/2675 2643/2643/2643
f 2644/2644/2644 2643/2643/2643 2707/2707/2707
f 2708/2708/2708 2644/2644/2644 2707/2707/2707
f 2706/2706/2706 2640/2640/2640 2705/2705/2705
f 2640/2640/2640 2639/2639/2639 2705/2705/2705
f 2640/2640/2640 2672/2672/2672 2639/2639/2639
f 2705/2705/2705 2639/2639/2639 2662/2662/2662
f 2660/2660/2660 2705/2705/2705 2662/2662/2662
f 2672/2672/2672 2671/2671/2671 2639/2639/2639
f 2639/2639/2639 2671/2671/2671 2662/2662/2662
f 2671/2671/2671 2672/2672/2672 2653/2653/2653
f 2671/2671/2671 2674/2674/2674 2662/2662/2662
f 2662/2662/2662 2674/2674/2674 2661/2661/2661
f 2674/2674/2674 2673/2673/2673 2661/2661/2661
f 2654/2654/2654 2671/2671/2671 2653/2653/2653
f 2674/2674/2674 2671/2671/2671 2654/2654/2654
f 2653/2653/2653 2655/2655/2655 2654/2654/2654
f 2655/2655/2655 2656/2656/2656 2654/2654/2654
f 2654/2654/2654 2656/2656/2656 2715/2715/2715
f 2673/2673/2673 2674/2674/2674 2669/2669/2669
f 2669/2669/2669 2674/2674/2674 2654/2654/2654
f 2669/2669/2669 2654/2654/2654 2715/2715/2715
f 2670/2670/2670 2673/2673/2673 2669/2669/2669
f 2670/2670/2670 2669/2669/2669 2715/2715/2715
f 2647/2647/2647 2648/2648/2648 2646/2646/2646
f 2645/2645/2645 2647/2647/2647 2646/2646/2646
f 2646/2646/2646 2677/2677/2677 2645/2645/2645
f 2647/2647/2647 2645/2645/2645 2644/2644/2644
f 2708/2708/2708 2647/2647/2647 2644/2644/2644
f 2675/2675/2675 2644/2644/2644 2645/2645/2645
f 2677/2677/2677 2678/2678/2678 2645/2645/2645
f 2678/2678/2678 2675/2675/2675 2645/2645/2645
f 2678/2678/2678 2677/2677/2677 2633/2633/2633
f 2675/2675/2675 2678/2678/2678 2703/2703/2703
f 2634/2634/2634 2678/2678/2678 2633/2633/2633
f 2678/2678/2678 2634/2634/2634 2703/2703/2703
f 2634/2634/2634 2633/2633/2633 2701/2701/2701
f 2703/2703/2703 2634/2634/2634 2777/2777/2777
f 2702/2702/2702 2634/2634/2634 2701/2701/2701
f 2634/2634/2634 2702/2702/2702 2777/2777/2777
f 2662/2662/2662 2661/2661/2661 2659/2659/2659
f 2660/2660/2660 2662/2662/2662 2659/2659/2659
f 2664/2664/2664 2663/2663/2663 2713/2713/2713
f 2714/2714/2714 2664/2664/2664 2713/2713/2713
f 2717/2717/2717 2574/2574/2574 2569/2569/2569
f 2718/2718/2718 2717/2717/2717 2569/2569/2569
f 2688/2688/2688 2511/2511/2511 2525/2525/2525
f 2511/2511/2511 2513/2513/2513 2525/2525/2525
f 2525/2525/2525 2513/2513/2513 2521/2521/2521
f 2533/2533/2533 2525/2525/2525 2521/2521/2521
f 2533/2533/2533 2521/2521/2521 2686/2686/2686
f 2689/2689/2689 2533/2533/2533 2686/2686/2686
f 2720/2720/2720 2719/2719/2719 2511/2511/2511
f 2688/2688/2688 2720/2720/2720 2511/2511/2511
f 2727/2727/2727 2726/2726/2726 2725/2725/2725
f 2728/2728/2728 2727/2727/2727 2725/2725/2725
f 2725/2725/2725 2726/2726/2726 2731/2731/2731
f 2738/2738/2738 2727/2727/2727 2728/2728/2728
f 2726/2726/2726 2732/2732/2732 2731/2731/2731
f 2737/2737/2737 2738/2738/2738 2728/2728/2728
f 2731/2731/2731 2732/2732/2732 2752/2752/2752
f 2739/2739/2739 2738/2738/2738 2737/2737/2737
f 2732/2732/2732 2751/2751/2751 2752/2752/2752
f 2740/2740/2740 2739/2739/2739 2737/2737/2737
f 2752/2752/2752 2751/2751/2751 2749/2749/2749
f 2741/2741/2741 2739/2739/2739 2740/2740/2740
f 2751/2751/2751 2750/2750/2750 2749/2749/2749
f 2742/2742/2742 2741/2741/2741 2740/2740/2740
f 2749/2749/2749 2750/2750/2750 2760/2760/2760
f 2780/2780/2780 2741/2741/2741 2742/2742/2742
f 2750/2750/2750 2759/2759/2759 2760/2760/2760
f 2781/2781/2781 2780/2780/2780 2742/2742/2742
f 2760/2760/2760 2759/2759/2759 2757/2757/2757
f 2797/2797/2797 2780/2780/2780 2781/2781/2781
f 2759/2759/2759 2758/2758/2758 2757/2757/2757
f 2798/2798/2798 2797/2797/2797 2781/2781/2781
f 2757/2757/2757 2758/2758/2758 2768/2768/2768
f 2783/2783/2783 2797/2797/2797 2798/2798/2798
f 2758/2758/2758 2767/2767/2767 2768/2768/2768
f 2782/2782/2782 2783/2783/2783 2798/2798/2798
f 2768/2768/2768 2767/2767/2767 2765/2765/2765
f 2784/2784/2784 2783/2783/2783 2782/2782/2782
f 2767/2767/2767 2766/2766/2766 2765/2765/2765
f 2785/2785/2785 2784/2784/2784 2782/2782/2782
f 2765/2765/2765 2766/2766/2766 2776/2776/2776
f 2791/2791/2791 2784/2784/2784 2785/2785/2785
f 2766/2766/2766 2775/2775/2775 2776/2776/2776
f 2792/2792/2792 2791/2791/2791 2785/2785/2785
f 2776/2776/2776 2775/2775/2775 2773/2773/2773
f 2799/2799/2799 2791/2791/2791 2792/2792/2792
f 2775/2775/2775 2774/2774/2774 2773/2773/2773
f 2800/2800/2800 2799/2799/2799 2792/2792/2792
f 2773/2773/2773 2774/2774/2774 2795/2795/2795
f 2796/2796/2796 2799/2799/2799 2800/2800/2800
f 2774/2774/2774 2796/2796/2796 2795/2795/2795
f 2795/2795/2795 2796/2796/2796 2800/2800/2800
f 2807/2807/2807 2806/2806/2806 2804/2804/2804
f 2805/2805/2805 2807/2807/2807 2804/2804/2804
f 3065/3065/3065 2812/2812/2812 3064/3064/3064
f 3085/3085/3085 3096/3096/3096 3095/3095/3095
f 3089/3089/3089 3099/3099/3099 3088/3088/3088
f 2896/2896/2896 3090/3090/3090 3089/3089/3089
f 2896/2896/2896 2882/2882/2882 3090/3090/3090
f 2882/2882/2882 3133/3133/3133 3090/3090/3090
f 3067/3067/3067 3062/3062/3062 3066/3066/3066
f 3062/3062/3062 2813/2813/2813 3066/3066/3066
f 2851/2851/2851 3066/3066/3066 2813/2813/2813
f 2819/2819/2819 2813/2813/2813 3062/3062/3062
f 3063/3063/3063 2819/2819/2819 3062/3062/3062
f 2852/2852/2852 2851/2851/2851 2813/2813/2813
f 2852/2852/2852 2813/2813/2813 2819/2819/2819
f 2820/2820/2820 2819/2819/2819 3063/3063/3063
f 3068/3068/3068 2820/2820/2820 3063/3063/3063
f 2858/2858/2858 2819/2819/2819 2820/2820/2820
f 2858/2858/2858 2852/2852/2852 2819/2819/2819
f 2859/2859/2859 2858/2858/2858 2820/2820/2820
f 2852/2852/2852 3086/3086/3086 2851/2851/2851
f 2852/2852/2852 2858/2858/2858 3086/3086/3086
f 3086/3086/3086 3097/3097/3097 2851/2851/2851
f 2858/2858/2858 3087/3087/3087 3086/3086/3086
f 2858/2858/2858 2859/2859/2859 3087/3087/3087
f 2859/2859/2859 3098/3098/3098 3087/3087/3087
f 3071/3071/3071 3070/3070/3070 3069/3069/3069
f 3070/3070/3070 2821/2821/2821 3069/3069/3069
f 2893/2893/2893 2821/2821/2821 3070/3070/3070
f 2894/2894/2894 2893/2893/2893 3070/3070/3070
f 2894/2894/2894 3128/3128/3128 2893/2893/2893
f 3128/3128/3128 2843/2843/2843 2893/2893/2893
f 2893/2893/2893 2843/2843/2843 2882/2882/2882
f 3088/3088/3088 3069/3069/3069 2821/2821/2821
f 2896/2896/2896 2893/2893/2893 2882/2882/2882
f 2860/2860/2860 3088/3088/3088 2821/2821/2821
f 2860/2860/2860 2821/2821/2821 2893/2893/2893
f 2896/2896/2896 2860/2860/2860 2893/2893/2893
f 2860/2860/2860 3089/3089/3089 3088/3088/3088
f 2860/2860/2860 2896/2896/2896 3089/3089/3089
f 2828/2828/2828 3073/3073/3073 2824/2824/2824
f 3073/3073/3073 3072/3072/3072 2824/2824/2824
f 2920/2920/2920 2824/2824/2824 3072/3072/3072
f 3159/3159/3159 2920/2920/2920 3072/3072/3072
f 2921/2921/2921 2920/2920/2920 3159/3159/3159
f 3160/3160/3160 2921/2921/2921 3159/3159/3159
f 2924/2924/2924 2921/2921/2921 3160/3160/3160
f 3163/3163/3163 2924/2924/2924 3160/3160/3160
f 2925/2925/2925 2924/2924/2924 3163/3163/3163
f 3164/3164/3164 2925/2925/2925 3163/3163/3163
f 2928/2928/2928 2925/2925/2925 3164/3164/3164
f 3167/3167/3167 2928/2928/2928 3164/3164/3164
f 2929/2929/2929 2928/2928/2928 3167/3167/3167
f 3168/3168/3168 2929/2929/2929 3167/3167/3167
f 2929/2929/2929 3168/3168/3168 3175/3175/3175
f 2944/2944/2944 2929/2929/2929 3175/3175/3175
f 2945/2945/2945 2944/2944/2944 3175/3175/3175
f 3176/3176/3176 2945/2945/2945 3175/3175/3175
f 2945/2945/2945 3176/3176/3176 3199/3199/3199
f 3200/3200/3200 2945/2945/2945 3199/3199/3199
f 3076/3076/3076 3075/3075/3075 3074/3074/3074
f 3075/3075/3075 2993/2993/2993 3074/3074/3074
f 2993/2993/2993 2830/2830/2830 3074/3074/3074
f 2830/2830/2830 3079/3079/3079 3074/3074/3074
f 3080/3080/3080 3079/3079/3079 2830/2830/2830
f 3081/3081/3081 3080/3080/3080 2830/2830/2830
f 2836/2836/2836 2829/2829/2829 3077/3077/3077
f 2829/2829/2829 3078/3078/3078 3077/3077/3077
f 3078/3078/3078 2829/2829/2829 2886/2886/2886
f 3130/3130/3130 3078/3078/3078 2886/2886/2886
f 2892/2892/2892 2842/2842/2842 2841/2841/2841
f 2891/2891/2891 2892/2892/2892 2841/2841/2841
f 2891/2891/2891 2841/2841/2841 2888/2888/2888
f 2841/2841/2841 3127/3127/3127 2888/2888/2888
f 3127/3127/3127 2906/2906/2906 2888/2888/2888
f 2906/2906/2906 2907/2907/2907 2888/2888/2888
f 2907/2907/2907 2906/2906/2906 3129/3129/3129
f 2895/2895/2895 2907/2907/2907 3129/3129/3129
f 2891/2891/2891 2888/2888/2888 2942/2942/2942
f 2891/2891/2891 2947/2947/2947 2892/2892/2892
f 2947/2947/2947 2891/2891/2891 2942/2942/2942
f 2947/2947/2947 2949/2949/2949 2892/2892/2892
f 2948/2948/2948 2949/2949/2949 2947/2947/2947
f 2895/2895/2895 3129/3129/3129 2887/2887/2887
f 3129/3129/3129 2840/2840/2840 2887/2887/2887
f 2895/2895/2895 2887/2887/2887 2833/2833/2833
f 2946/2946/2946 2947/2947/2947 2942/2942/2942
f 2946/2946/2946 2948/2948/2948 2947/2947/2947
f 2943/2943/2943 2946/2946/2946 2942/2942/2942
f 2946/2946/2946 2943/2943/2943 2927/2927/2927
f 2946/2946/2946 2917/2917/2917 2948/2948/2948
f 2917/2917/2917 2946/2946/2946 2927/2927/2927
f 2917/2917/2917 3158/3158/3158 2948/2948/2948
f 3158/3158/3158 2917/2917/2917 3157/3157/3157
f 2917/2917/2917 2927/2927/2927 2916/2916/2916
f 2917/2917/2917 2916/2916/2916 3157/3157/3157
f 2927/2927/2927 2926/2926/2926 2916/2916/2916
f 3157/3157/3157 2916/2916/2916 2932/2932/2932
f 2930/2930/2930 2916/2916/2916 2926/2926/2926
f 2916/2916/2916 2930/2930/2930 2932/2932/2932
f 2922/2922/2922 2930/2930/2930 2926/2926/2926
f 2933/2933/2933 2932/2932/2932 2930/2930/2930
f 2931/2931/2931 2930/2930/2930 2922/2922/2922
f 2931/2931/2931 2933/2933/2933 2930/2930/2930
f 2923/2923/2923 2931/2931/2931 2922/2922/2922
f 2933/2933/2933 2931/2931/2931 2938/2938/2938
f 2937/2937/2937 2931/2931/2931 2923/2923/2923
f 2931/2931/2931 2937/2937/2937 2938/2938/2938
f 2918/2918/2918 2937/2937/2937 2923/2923/2923
f 2939/2939/2939 2938/2938/2938 2937/2937/2937
f 2936/2936/2936 2937/2937/2937 2918/2918/2918
f 2936/2936/2936 2939/2939/2939 2937/2937/2937
f 2919/2919/2919 2936/2936/2936 2918/2918/2918
f 2939/2939/2939 2936/2936/2936 2810/2810/2810
f 2809/2809/2809 2936/2936/2936 2919/2919/2919
f 2936/2936/2936 2809/2809/2809 2810/2810/2810
f 2825/2825/2825 2809/2809/2809 2919/2919/2919
f 2825/2825/2825 2826/2826/2826 2809/2809/2809
f 2810/2810/2810 2809/2809/2809 2808/2808/2808
f 2826/2826/2826 2808/2808/2808 2809/2809/2809
f 2834/2834/2834 2810/2810/2810 2808/2808/2808
f 2834/2834/2834 2808/2808/2808 2814/2814/2814
f 2826/2826/2826 2827/2827/2827 2808/2808/2808
f 2808/2808/2808 2815/2815/2815 2814/2814/2814
f 2827/2827/2827 2815/2815/2815 2808/2808/2808
f 2818/2818/2818 2814/2814/2814 2815/2815/2815
f 2815/2815/2815 2827/2827/2827 2817/2817/2817
f 2817/2817/2817 2818/2818/2818 2815/2815/2815
f 2827/2827/2827 2831/2831/2831 2817/2817/2817
f 2831/2831/2831 2832/2832/2832 2817/2817/2817
f 2818/2818/2818 2817/2817/2817 2816/2816/2816
f 2832/2832/2832 2816/2816/2816 2817/2817/2817
f 2835/2835/2835 2818/2818/2818 2816/2816/2816
f 2832/2832/2832 2833/2833/2833 2816/2816/2816
f 2835/2835/2835 2816/2816/2816 2822/2822/2822
f 2833/2833/2833 2823/2823/2823 2816/2816/2816
f 2816/2816/2816 2823/2823/2823 2822/2822/2822
f 2887/2887/2887 2823/2823/2823 2833/2833/2833
f 2822/2822/2822 2823/2823/2823 2887/2887/2887
f 3084/3084/3084 2822/2822/2822 2887/2887/2887
f 3084/3084/3084 2887/2887/2887 2840/2840/2840
f 2844/2844/2844 3084/3084/3084 2840/2840/2840
f 2867/2867/2867 3092/3092/3092 3091/3091/3091
f 2992/2992/2992 2867/2867/2867 3091/3091/3091
f 3119/3119/3119 2867/2867/2867 2992/2992/2992
f 3120/3120/3120 3119/3119/3119 2992/2992/2992
f 3091/3091/3091 3106/3106/3106 2992/2992/2992
f 3120/3120/3120 2992/2992/2992 3124/3124/3124
f 3106/3106/3106 2869/2869/2869 2992/2992/2992
f 2992/2992/2992 2869/2869/2869 3124/3124/3124
f 3106/3106/3106 3105/3105/3105 2869/2869/2869
f 3124/3124/3124 2869/2869/2869 3123/3123/3123
f 3105/3105/3105 3104/3104/3104 2869/2869/2869
f 2869/2869/2869 3104/3104/3104 3123/3123/3123
f 3101/3101/3101 3100/3100/3100 2863/2863/2863
f 3102/3102/3102 3101/3101/3101 2863/2863/2863
f 2863/2863/2863 2961/2961/2961 3102/3102/3102
f 2961/2961/2961 3184/3184/3184 3102/3102/3102
f 3184/3184/3184 2961/2961/2961 3183/3183/3183
f 2961/2961/2961 2863/2863/2863 3161/3161/3161
f 2863/2863/2863 3198/3198/3198 3161/3161/3161
f 2960/2960/2960 2961/2961/2961 3161/3161/3161
f 2961/2961/2961 2960/2960/2960 3183/3183/3183
f 3162/3162/3162 2960/2960/2960 3161/3161/3161
f 2960/2960/2960 3162/3162/3162 3165/3165/3165
f 2960/2960/2960 2965/2965/2965 3183/3183/3183
f 2965/2965/2965 2960/2960/2960 3165/3165/3165
f 2965/2965/2965 3186/3186/3186 3183/3183/3183
f 3186/3186/3186 2965/2965/2965 3185/3185/3185
f 2964/2964/2964 2965/2965/2965 3165/3165/3165
f 2965/2965/2965 2964/2964/2964 3185/3185/3185
f 3166/3166/3166 2964/2964/2964 3165/3165/3165
f 2964/2964/2964 3166/3166/3166 3169/3169/3169
f 2964/2964/2964 2969/2969/2969 3185/3185/3185
f 2969/2969/2969 2964/2964/2964 3169/3169/3169
f 2969/2969/2969 3188/3188/3188 3185/3185/3185
f 3188/3188/3188 2969/2969/2969 3187/3187/3187
f 2968/2968/2968 2969/2969/2969 3169/3169/3169
f 2969/2969/2969 2968/2968/2968 3187/3187/3187
f 3170/3170/3170 2968/2968/2968 3169/3169/3169
f 3187/3187/3187 2968/2968/2968 3194/3194/3194
f 2984/2984/2984 2968/2968/2968 3170/3170/3170
f 2968/2968/2968 2984/2984/2984 3194/3194/3194
f 3177/3177/3177 2984/2984/2984 3170/3170/3170
f 3194/3194/3194 2984/2984/2984 3193/3193/3193
f 2985/2985/2985 2984/2984/2984 3177/3177/3177
f 2984/2984/2984 2985/2985/2985 3193/3193/3193
f 3178/3178/3178 2985/2985/2985 3177/3177/3177
f 3193/3193/3193 2985/2985/2985 3154/3154/3154
f 3154/3154/3154 2985/2985/2985 3178/3178/3178
f 3197/3197/3197 3154/3154/3154 3178/3178/3178
f 3155/3155/3155 3193/3193/3193 3154/3154/3154
f 3155/3155/3155 3154/3154/3154 3153/3153/3153
f 3156/3156/3156 3155/3155/3155 3153/3153/3153
f 2881/2881/2881 2902/2902/2902 2880/2880/2880
f 2902/2902/2902 2901/2901/2901 2880/2880/2880
f 3135/3135/3135 2880/2880/2880 2901/2901/2901
f 2897/2897/2897 3135/3135/3135 2901/2901/2901
f 2897/2897/2897 2901/2901/2901 2983/2983/2983
f 2902/2902/2902 2989/2989/2989 2901/2901/2901
f 2901/2901/2901 2987/2987/2987 2983/2983/2983
f 2989/2989/2989 2987/2987/2987 2901/2901/2901
f 2983/2983/2983 2987/2987/2987 2982/2982/2982
f 2987/2987/2987 2989/2989/2989 2986/2986/2986
f 2987/2987/2987 2986/2986/2986 2982/2982/2982
f 2989/2989/2989 2988/2988/2988 2986/2986/2986
f 2982/2982/2982 2986/2986/2986 2967/2967/2967
f 2957/2957/2957 2986/2986/2986 2988/2988/2988
f 2986/2986/2986 2957/2957/2957 2967/2967/2967
f 3181/3181/3181 2957/2957/2957 2988/2988/2988
f 2966/2966/2966 2967/2967/2967 2957/2957/2957
f 2956/2956/2956 2957/2957/2957 3181/3181/3181
f 2956/2956/2956 2966/2966/2966 2957/2957/2957
f 3182/3182/3182 2956/2956/2956 3181/3181/3181
f 2956/2956/2956 3182/3182/3182 2972/2972/2972
f 2956/2956/2956 2970/2970/2970 2966/2966/2966
f 2970/2970/2970 2956/2956/2956 2972/2972/2972
f 2970/2970/2970 2963/2963/2963 2966/2966/2966
f 2963/2963/2963 2970/2970/2970 2962/2962/2962
f 2970/2970/2970 2972/2972/2972 2971/2971/2971
f 2970/2970/2970 2971/2971/2971 2962/2962/2962
f 2972/2972/2972 2973/2973/2973 2971/2971/2971
f 2971/2971/2971 2973/2973/2973 2979/2979/2979
f 2971/2971/2971 2976/2976/2976 2962/2962/2962
f 2976/2976/2976 2971/2971/2971 2979/2979/2979
f 2976/2976/2976 2959/2959/2959 2962/2962/2962
f 2959/2959/2959 2976/2976/2976 2958/2958/2958
f 2976/2976/2976 2979/2979/2979 2977/2977/2977
f 2976/2976/2976 2977/2977/2977 2958/2958/2958
f 2979/2979/2979 2978/2978/2978 2977/2977/2977
f 2977/2977/2977 2978/2978/2978 2849/2849/2849
f 2977/2977/2977 2848/2848/2848 2958/2958/2958
f 2848/2848/2848 2977/2977/2977 2849/2849/2849
f 2848/2848/2848 2864/2864/2864 2958/2958/2958
f 2865/2865/2865 2864/2864/2864 2848/2848/2848
f 2848/2848/2848 2849/2849/2849 2847/2847/2847
f 2847/2847/2847 2865/2865/2865 2848/2848/2848
f 2849/2849/2849 2873/2873/2873 2847/2847/2847
f 2847/2847/2847 2873/2873/2873 2853/2853/2853
f 2866/2866/2866 2865/2865/2865 2847/2847/2847
f 2854/2854/2854 2847/2847/2847 2853/2853/2853
f 2854/2854/2854 2866/2866/2866 2847/2847/2847
f 2853/2853/2853 2857/2857/2857 2854/2854/2854
f 2866/2866/2866 2854/2854/2854 2856/2856/2856
f 2857/2857/2857 2856/2856/2856 2854/2854/2854
f 2870/2870/2870 2866/2866/2866 2856/2856/2856
f 2871/2871/2871 2870/2870/2870 2856/2856/2856
f 2856/2856/2856 2857/2857/2857 2855/2855/2855
f 2855/2855/2855 2871/2871/2871 2856/2856/2856
f 2857/2857/2857 2874/2874/2874 2855/2855/2855
f 2855/2855/2855 2874/2874/2874 2861/2861/2861
f 2872/2872/2872 2871/2871/2871 2855/2855/2855
f 2862/2862/2862 2855/2855/2855 2861/2861/2861
f 2862/2862/2862 2872/2872/2872 2855/2855/2855
f 2861/2861/2861 2903/2903/2903 2862/2862/2862
f 2862/2862/2862 2899/2899/2899 2872/2872/2872
f 2903/2903/2903 2899/2899/2899 2862/2862/2862
f 2903/2903/2903 3132/3132/3132 2899/2899/2899
f 2899/2899/2899 3094/3094/3094 2872/2872/2872
f 3132/3132/3132 3131/3131/3131 2899/2899/2899
f 2899/2899/2899 3131/3131/3131 3094/3094/3094
f 3131/3131/3131 3134/3134/3134 3094/3094/3094
f 3111/3111/3111 3110/3110/3110 3109/3109/3109
f 2883/2883/2883 3111/3111/3111 3109/3109/3109
f 2883/2883/2883 3109/3109/3109 3112/3112/3112
f 2879/2879/2879 2883/2883/2883 3112/3112/3112
f 2879/2879/2879 3112/3112/3112 2845/2845/2845
f 2884/2884/2884 2879/2879/2879 2845/2845/2845
f 2884/2884/2884 2845/2845/2845 2885/2885/2885
f 2845/2845/2845 2846/2846/2846 2885/2885/2885
f 2845/2845/2845 3137/3137/3137 2846/2846/2846
f 2846/2846/2846 2908/2908/2908 2885/2885/2885
f 3137/3137/3137 2908/2908/2908 2846/2846/2846
f 2908/2908/2908 2909/2909/2909 2885/2885/2885
f 2908/2908/2908 3137/3137/3137 2837/2837/2837
f 2909/2909/2909 2908/2908/2908 2838/2838/2838
f 2838/2838/2838 2908/2908/2908 2837/2837/2837
f 2877/2877/2877 2909/2909/2909 2838/2838/2838
f 2877/2877/2877 2838/2838/2838 2837/2837/2837
f 2876/2876/2876 2877/2877/2877 2837/2837/2837
f 2876/2876/2876 2837/2837/2837 3113/3113/3113
f 3114/3114/3114 2876/2876/2876 3113/3113/3113
f 3114/3114/3114 3113/3113/3113 3115/3115/3115
f 3116/3116/3116 3114/3114/3114 3115/3115/3115
f 3116/3116/3116 3115/3115/3115 3117/3117/3117
f 3118/3118/3118 3116/3116/3116 3117/3117/3117
f 3121/3121/3121 2867/2867/2867 3119/3119/3119
f 3122/3122/3122 3121/3121/3121 3119/3119/3119
f 3136/3136/3136 3126/3126/3126 2905/2905/2905
f 3126/3126/3126 2868/2868/2868 2905/2905/2905
f 2868/2868/2868 3126/3126/3126 3125/3125/3125
f 2875/2875/2875 2868/2868/2868 3125/3125/3125
f 2868/2868/2868 2875/2875/2875 3103/3103/3103
f 3093/3093/3093 2868/2868/2868 3103/3103/3103
f 3093/3093/3093 2904/2904/2904 2868/2868/2868
f 2904/2904/2904 2905/2905/2905 2868/2868/2868
f 2905/2905/2905 2904/2904/2904 3145/3145/3145
f 3146/3146/3146 2905/2905/2905 3145/3145/3145
f 3139/3139/3139 3138/3138/3138 2890/2890/2890
f 3138/3138/3138 2910/2910/2910 2890/2890/2890
f 2910/2910/2910 3138/3138/3138 3140/3140/3140
f 3141/3141/3141 2910/2910/2910 3140/3140/3140
f 3144/3144/3144 2910/2910/2910 2900/2900/2900
f 2910/2910/2910 2911/2911/2911 2900/2900/2900
f 2911/2911/2911 2910/2910/2910 3142/3142/3142
f 3143/3143/3143 2911/2911/2911 3142/3142/3142
f 3149/3149/3149 3148/3148/3148 3147/3147/3147
f 3150/3150/3150 3149/3149/3149 3147/3147/3147
f 3151/3151/3151 3149/3149/3149 3150/3150/3150
f 3152/3152/3152 3151/3151/3151 3150/3150/3150
f 2997/2997/2997 2999/2999/2999 2996/2996/2996
f 2999/2999/2999 2998/2998/2998 2996/2996/2996
f 2999/2999/2999 3005/3005/3005 2998/2998/2998
f 3005/3005/3005 3004/3004/3004 2998/2998/2998
f 3007/3007/3007 3006/3006/3006 3022/3022/3022
f 3020/3020/3020 3007/3007/3007 3022/3022/3022
f 3020/3020/3020 3022/3022/3022 3021/3021/3021
f 3022/3022/3022 3023/3023/3023 3021/3021/3021
f 3023/3023/3023 3001/3001/3001 3021/3021/3021
f 3001/3001/3001 3000/3000/3000 3021/3021/3021
f 3001/3001/3001 3025/3025/3025 3000/3000/3000
f 3025/3025/3025 3024/3024/3024 3000/3000/3000
f 3214/3214/3214 3213/3213/3213 3209/3209/3209
f 3016/3016/3016 3214/3214/3214 3209/3209/3209
f 3017/3017/3017 3016/3016/3016 3209/3209/3209
f 3210/3210/3210 3017/3017/3017 3209/3209/3209
f 3017/3017/3017 3210/3210/3210 3223/3223/3223
f 3224/3224/3224 3017/3017/3017 3223/3223/3223
f 3219/3219/3219 3218/3218/3218 3011/3011/3011
f 3206/3206/3206 3219/3219/3219 3011/3011/3011
f 3206/3206/3206 3011/3011/3011 3205/3205/3205
f 3011/3011/3011 3010/3010/3010 3205/3205/3205
f 3205/3205/3205 3010/3010/3010 2994/2994/2994
f 2995/2995/2995 3205/3205/3205 2994/2994/2994
f 2994/2994/2994 3003/3003/3003 2995/2995/2995
f 3003/3003/3003 3002/3002/3002 2995/2995/2995
f 3003/3003/3003 3027/3027/3027 3002/3002/3002
f 3027/3027/3027 3234/3234/3234 3002/3002/3002
f 3208/3208/3208 3221/3221/3221 3220/3220/3220
f 3013/3013/3013 3208/3208/3208 3220/3220/3220
f 3208/3208/3208 3013/3013/3013 3207/3207/3207
f 3013/3013/3013 3220/3220/3220 3015/3015/3015
f 3220/3220/3220 3222/3222/3222 3015/3015/3015
f 3013/3013/3013 3012/3012/3012 3207/3207/3207
f 3013/3013/3013 3015/3015/3015 3012/3012/3012
f 3015/3015/3015 3014/3014/3014 3012/3012/3012
f 3201/3201/3201 3207/3207/3207 3012/3012/3012
f 3012/3012/3012 3014/3014/3014 3215/3215/3215
f 3215/3215/3215 3201/3201/3201 3012/3012/3012
f 3014/3014/3014 3228/3228/3228 3215/3215/3215
f 3204/3204/3204 3201/3201/3201 3215/3215/3215
f 3204/3204/3204 3203/3203/3203 3201/3201/3201
f 3203/3203/3203 3202/3202/3202 3201/3201/3201
f 3203/3203/3203 3236/3236/3236 3202/3202/3202
f 3236/3236/3236 3235/3235/3235 3202/3202/3202
f 3212/3212/3212 3226/3226/3226 3225/3225/3225
f 3019/3019/3019 3212/3212/3212 3225/3225/3225
f 3212/3212/3212 3019/3019/3019 3211/3211/3211
f 3019/3019/3019 3225/3225/3225 3008/3008/3008
f 3225/3225/3225 3227/3227/3227 3008/3008/3008
f 3019/3019/3019 3018/3018/3018 3211/3211/3211
f 3018/3018/3018 3019/3019/3019 3008/3008/3008
f 3216/3216/3216 3211/3211/3211 3018/3018/3018
f 3009/3009/3009 3018/3018/3018 3008/3008/3008
f 3217/3217/3217 3216/3216/3216 3018/3018/3018
f 3018/3018/3018 3009/3009/3009 3229/3229/3229
f 3217/3217/3217 3018/3018/3018 3229/3229/3229
f 3229/3229/3229 3230/3230/3230 3217/3217/3217
f 3229/3229/3229 3232/3232/3232 3230/3230/3230
f 3232/3232/3232 3231/3231/3231 3230/3230/3230
f 3232/3232/3232 3026/3026/3026 3231/3231/3231
f 3026/3026/3026 3233/3233/3233 3231/3231/3231
f 3239/3239/3239 3238/3238/3238 3237/3237/3237
f 3240/3240/3240 3239/3239/3239 3237/3237/3237
f 3031/3031/3031 3033/3033/3033 3030/3030/3030
f 3033/3033/3033 3032/3032/3032 3030/3030/3030
f 3033/3033/3033 3039/3039/3039 3032/3032/3032
f 3039/3039/3039 3038/3038/3038 3032/3032/3032
f 3041/3041/3041 3040/3040/3040 3056/3056/3056
f 3054/3054/3054 3041/3041/3041 3056/3056/3056
f 3054/3054/3054 3056/3056/3056 3055/3055/3055
f 3056/3056/3056 3057/3057/3057 3055/3055/3055
f 3057/3057/3057 3035/3035/3035 3055/3055/3055
f 3035/3035/3035 3034/3034/3034 3055/3055/3055
f 3035/3035/3035 3059/3059/3059 3034/3034/3034
f 3059/3059/3059 3058/3058/3058 3034/3034/3034
f 3254/3254/3254 3253/3253/3253 3249/3249/3249
f 3050/3050/3050 3254/3254/3254 3249/3249/3249
f 3051/3051/3051 3050/3050/3050 3249/3249/3249
f 3250/3250/3250 3051/3051/3051 3249/3249/3249
f 3051/3051/3051 3250/3250/3250 3263/3263/3263
f 3264/3264/3264 3051/3051/3051 3263/3263/3263
f 3259/3259/3259 3258/3258/3258 3045/3045/3045
f 3246/3246/3246 3259/3259/3259 3045/3045/3045
f 3246/3246/3246 3045/3045/3045 3245/3245/3245
f 3045/3045/3045 3044/3044/3044 3245/3245/3245
f 3245/3245/3245 3044/3044/3044 3028/3028/3028
f 3029/3029/3029 3245/3245/3245 3028/3028/3028
f 3028/3028/3028 3037/3037/3037 3029/3029/3029
f 3037/3037/3037 3036/3036/3036 3029/3029/3029
f 3037/3037/3037 3061/3061/3061 3036/3036/3036
f 3061/3061/3061 3274/3274/3274 3036/3036/3036
f 3248/3248/3248 3261/3261/3261 3260/3260/3260
f 3047/3047/3047 3248/3248/3248 3260/3260/3260
f 3248/3248/3248 3047/3047/3047 3247/3247/3247
f 3047/3047/3047 3260/3260/3260 3049/3049/3049
f 3260/3260/3260 3262/3262/3262 3049/3049/3049
f 3047/3047/3047 3046/3046/3046 3247/3247/3247
f 3047/3047/3047 3049/3049/3049 3046/3046/3046
f 3049/3049/3049 3048/3048/3048 3046/3046/3046
f 3241/3241/3241 3247/3247/3247 3046/3046/3046
f 3046/3046/3046 3048/3048/3048 3255/3255/3255
f 3255/3255/3255 3241/3241/3241 3046/3046/3046
f 3048/3048/3048 3268/3268/3268 3255/3255/3255
f 3244/3244/3244 3241/3241/3241 3255/3255/3255
f 3244/3244/3244 3243/3243/3243 3241/3241/3241
f 3243/3243/3243 3242/3242/3242 3241/3241/3241
f 3243/3243/3243 3276/3276/3276 3242/3242/3242
f 3276/3276/3276 3275/3275/3275 3242/3242/3242
f 3252/3252/3252 3266/3266/3266 3265/3265/3265
f 3053/3053/3053 3252/3252/3252 3265/3265/3265
f 3252/3252/3252 3053/3053/3053 3251/3251/3251
f 3053/3053/3053 3265/3265/3265 3042/3042/3042
f 3265/3265/3265 3267/3267/3267 3042/3042/3042
f 3053/3053/3053 3052/3052/3052 3251/3251/3251
f 3052/3052/3052 3053/3053/3053 3042/3042/3042
f 3256/3256/3256 3251/3251/3251 3052/3052/3052
f 3043/3043/3043 3052/3052/3052 3042/3042/3042
f 3257/3257/3257 3256/3256/3256 3052/3052/3052
f 3052/3052/3052 3043/3043/3043 3269/3269/3269
f 3257/3257/3257 3052/3052/3052 3269/3269/3269
f 3269/3269/3269 3270/3270/3270 3257/3257/3257
f 3269/3269/3269 3272/3272/3272 3270/3270/3270
f 3272/3272/3272 3271/3271/3271 3270/3270/3270
f 3272/3272/3272 3060/3060/3060 3271/3271/3271
f 3060/3060/3060 3273/3273/3273 3271/3271/3271
f 3279/3279/3279 3278/3278/3278 3277/3277/3277
f 3280/3280/3280 3279/3279/3279 3277/3277/3277
f 2889/2889/2889 2839/2839/2839 3082/3082/3082
f 3083/3083/3083 2889/2889/2889 3082/3082/3082
f 2878/2878/2878 2839/2839/2839 2889/2889/2889
f 3083/3083/3083 3179/3179/3179 2889/2889/2889
f 2898/2898/2898 2878/2878/2878 2889/2889/2889
f 2878/2878/2878 2898/2898/2898 3107/3107/3107
f 2898/2898/2898 3108/3108/3108 3107/3107/3107
f 3179/3179/3179 2950/2950/2950 2889/2889/2889
f 2898/2898/2898 2889/2889/2889 2950/2950/2950
f 2898/2898/2898 2991/2991/2991 3108/3108/3108
f 2991/2991/2991 2898/2898/2898 2950/2950/2950
f 2991/2991/2991 3196/3196/3196 3108/3108/3108
f 3196/3196/3196 2991/2991/2991 3195/3195/3195
f 2991/2991/2991 2990/2990/2990 3195/3195/3195
f 2990/2990/2990 2991/2991/2991 2950/2950/2950
f 2955/2955/2955 3195/3195/3195 2990/2990/2990
f 2951/2951/2951 2950/2950/2950 3179/3179/3179
f 2951/2951/2951 2990/2990/2990 2950/2950/2950
f 3180/3180/3180 2951/2951/2951 3179/3179/3179
f 3180/3180/3180 2915/2915/2915 2951/2951/2951
f 2953/2953/2953 2955/2955/2955 2990/2990/2990
f 2954/2954/2954 2955/2955/2955 2953/2953/2953
f 2990/2990/2990 2951/2951/2951 2912/2912/2912
f 2915/2915/2915 2912/2912/2912 2951/2951/2951
f 2953/2953/2953 2990/2990/2990 2912/2912/2912
f 2952/2952/2952 2954/2954/2954 2953/2953/2953
f 2952/2952/2952 2953/2953/2953 2912/2912/2912
f 2912/2912/2912 2915/2915/2915 2913/2913/2913
f 2913/2913/2913 2952/2952/2952 2912/2912/2912
f 2915/2915/2915 2914/2914/2914 2913/2913/2913
f 2913/2913/2913 2914/2914/2914 2934/2934/2934
f 2952/2952/2952 2913/2913/2913 2934/2934/2934
f 2914/2914/2914 3171/3171/3171 2934/2934/2934
f 2954/2954/2954 2952/2952/2952 2975/2975/2975
f 2975/2975/2975 2952/2952/2952 2934/2934/2934
f 3190/3190/3190 2954/2954/2954 2975/2975/2975
f 3190/3190/3190 2975/2975/2975 3189/3189/3189
f 2935/2935/2935 2934/2934/2934 3171/3171/3171
f 3172/3172/3172 2935/2935/2935 3171/3171/3171
f 2974/2974/2974 2975/2975/2975 2934/2934/2934
f 2975/2975/2975 2974/2974/2974 3189/3189/3189
f 2935/2935/2935 2974/2974/2974 2934/2934/2934
f 2935/2935/2935 3172/3172/3172 2940/2940/2940
f 2974/2974/2974 2935/2935/2935 2940/2940/2940
f 3172/3172/3172 3173/3173/3173 2940/2940/2940
f 3189/3189/3189 2974/2974/2974 2981/2981/2981
f 2981/2981/2981 2974/2974/2974 2940/2940/2940
f 3192/3192/3192 3189/3189/3189 2981/2981/2981
f 3192/3192/3192 2981/2981/2981 3191/3191/3191
f 2941/2941/2941 2940/2940/2940 3173/3173/3173
f 3174/3174/3174 2941/2941/2941 3173/3173/3173
f 2980/2980/2980 2981/2981/2981 2940/2940/2940
f 2981/2981/2981 2980/2980/2980 3191/3191/3191
f 2941/2941/2941 2980/2980/2980 2940/2940/2940
f 2941/2941/2941 3174/3174/3174 2811/2811/2811
f 2980/2980/2980 2941/2941/2941 2811/2811/2811
f 3174/3174/3174 3064/3064/3064 2811/2811/2811
f 2812/2812/2812 2811/2811/2811 3064/3064/3064
f 3191/3191/3191 2980/2980/2980 2850/2850/2850
f 2850/2850/2850 2980/2980/2980 2811/2811/2811
f 2850/2850/2850 2811/2811/2811 2812/2812/2812
f 3095/3095/3095 3191/3191/3191 2850/2850/2850
f 3085/3085/3085 2850/2850/2850 2812/2812/2812
f 2850/2850/2850 3085/3085/3085 3095/3095/3095

