# https://github.com/mikedh/trimesh
mtllib material.mtl
usemtl material_0
v 0.14911717 0.20564629 -0.08936203
v 0.12294257 0.21183339 -0.12798393
v 0.12080857 0.20565602 -0.12582794
v 0.15173637 0.21182351 -0.09089279
v 0.12070627 0.21857400 -0.12571998
v 0.16702277 0.20564011 -0.04681189
v 0.14899057 0.21856434 -0.08928543
v 0.16994927 0.21181729 -0.04761319
v 0.17330587 0.20563809 -0.00107729
v 0.16688087 0.21855820 -0.04677189
v 0.17633997 0.21181519 -0.00109439
v 0.16753757 0.20564011 0.04472501
v 0.17315837 0.21855610 -0.00107649
v 0.17047287 0.21181729 0.04549311
v 0.15011147 0.20564629 0.08747391
v 0.16739527 0.21855820 0.04468661
v 0.15274797 0.21182351 0.08897501
v 0.12221507 0.20565602 0.12425581
v 0.14998407 0.21856434 0.08739871
v 0.12437307 0.21183339 0.12638761
v 0.12211147 0.21857400 0.12414901
v 0.08574913 0.20566868 0.15256421
v 0.08728199 0.21184628 0.15518161
v 0.12211147 0.21857400 0.12414901
v 0.04319901 0.20568337 0.17047011
v 0.08567696 0.21858666 0.15243321
v 0.04400231 0.21186127 0.17339431
v -0.00253555 0.20569920 0.17675291
v 0.04316330 0.21860138 0.17032361
v -0.00251640 0.21187741 0.17978501
v -0.04833793 0.20571499 0.17098491
v -0.00253204 0.21861718 0.17660121
v -0.04910411 0.21189343 0.17391801
v -0.09108668 0.20572976 0.15355881
v -0.04829498 0.21863297 0.17083801
v -0.09258575 0.21190838 0.15619291
v -0.12786863 0.20574238 0.12566221
v -0.09100700 0.21864773 0.15342681
v -0.12999833 0.21192128 0.12781811
v -0.12775733 0.21866040 0.12555421
v -0.15617703 0.20575215 0.08919631
v -0.12999833 0.21192128 0.12781811
v -0.12786863 0.20574238 0.12566221
v -0.15879213 0.21193116 0.09072711
v -0.12775733 0.21866040 0.12555421
v -0.17408303 0.20575822 0.04664631
v -0.15604163 0.21867005 0.08911971
v -0.17700513 0.21193741 0.04744731
v -0.18036593 0.20576031 0.00091141
v -0.17393203 0.21867615 0.04660611
v -0.18339573 0.21193951 0.00092851
v -0.17459763 0.20575822 -0.04489089
v -0.18020963 0.21867825 0.00091051
v -0.17752873 0.21193741 -0.04565919
v -0.15717153 0.20575215 -0.08763977
v -0.17444623 0.21867615 -0.04485249
v -0.15980363 0.21193116 -0.08914093
v -0.12927493 0.20574238 -0.12442169
v -0.15703503 0.21867005 -0.08756454
v -0.13142883 0.21192128 -0.12655349
v -0.12916253 0.21866040 -0.12431488
v -0.09280904 0.20572976 -0.15273010
v -0.09433763 0.21190838 -0.15534744
v -0.05025905 0.20571499 -0.17063598
v -0.09272800 0.21864773 -0.15259918
v -0.05105810 0.21189343 -0.17356018
v -0.00452449 0.20569920 -0.17691879
v -0.05021444 0.21863297 -0.17048950
v -0.00453935 0.21187741 -0.17995071
v 0.04127802 0.20568337 -0.17115074
v -0.00451909 0.21861718 -0.17676697
v 0.04204840 0.21186127 -0.17408371
v 0.08402668 0.20566868 -0.15372444
v 0.04124398 0.21860138 -0.17100380
v 0.08553000 0.21184628 -0.15635879
v 0.12080857 0.20565602 -0.12582794
v 0.08395604 0.21858666 -0.15359268
v 0.12294257 0.21183339 -0.12798393
v 0.12070627 0.21857400 -0.12571998
v -0.06508087 0.22244130 -0.00232349
v -0.06255666 0.25898995 0.00062061
v -0.06268957 0.22244046 0.00103911
v -0.06514324 0.26035794 -0.00380479
v -0.06273435 0.22244046 -0.00690519
v -0.05697601 0.27227135 0.00260181
v -0.06260719 0.26036648 -0.00846449
v -0.05929683 0.27427162 -0.00172929
v -0.04810989 0.28367478 0.00428011
v -0.05702651 0.27364777 -0.00648329
v -0.05000860 0.28621808 0.00002901
v -0.04816055 0.28505131 -0.00480479
v -0.06268957 0.22244046 0.00103911
v -0.05743392 0.25763070 0.00038601
v -0.05795179 0.22243882 -0.00018019
v -0.06255666 0.25898995 0.00062061
v -0.05238475 0.26964707 0.00217851
v -0.05697601 0.27227135 0.00260181
v -0.04436315 0.27996449 0.00369701
v -0.04810989 0.28367478 0.00428011
v -0.05560516 0.22243798 -0.00476209
v -0.05748458 0.25900719 -0.00869889
v -0.05799642 0.22243882 -0.00812459
v -0.05489789 0.25763924 -0.00427379
v -0.05795179 0.22243882 -0.00018019
v -0.05243526 0.27102353 -0.00690639
v -0.05743392 0.25763070 0.00038601
v -0.05011445 0.26902321 -0.00257549
v -0.04441367 0.28134095 -0.00538799
v -0.05238475 0.26964707 0.00217851
v -0.04251512 0.27879761 -0.00113689
v -0.04436315 0.27996449 0.00369701
v -0.05799642 0.22243882 -0.00812459
v -0.06260719 0.26036648 -0.00846449
v -0.06273435 0.22244046 -0.00690519
v -0.05748458 0.25900719 -0.00869889
v -0.05702651 0.27364777 -0.00648329
v -0.05243526 0.27102353 -0.00690639
v -0.04816055 0.28505131 -0.00480479
v -0.04441367 0.28134095 -0.00538799
v -0.05000860 0.28621808 0.00002901
v -0.03656291 0.29242329 0.00554121
v -0.04810989 0.28367478 0.00428011
v -0.03791194 0.29538331 0.00135021
v -0.04816055 0.28505131 -0.00480479
v -0.03661361 0.29379979 -0.00354369
v -0.04810989 0.28367478 0.00428011
v -0.03656291 0.29242329 0.00554121
v -0.03391578 0.28787987 0.00483811
v -0.04436315 0.27996449 0.00369701
v -0.04436315 0.27996449 0.00369701
v -0.03391578 0.28787987 0.00483811
v -0.03261760 0.28629632 -0.00005599
v -0.04251512 0.27879761 -0.00113689
v -0.03396659 0.28925629 -0.00424679
v -0.04441367 0.28134095 -0.00538799
v -0.04441367 0.28134095 -0.00538799
v -0.03396659 0.28925629 -0.00424679
v -0.03661361 0.29379979 -0.00354369
v -0.04816055 0.28505131 -0.00480479
v -0.03791194 0.29538331 0.00135021
v -0.02312183 0.29792080 0.00629931
v -0.03656291 0.29242329 0.00554121
v -0.02383048 0.30114255 0.00214451
v -0.03661361 0.29379979 -0.00354369
v -0.00870243 0.29979245 0.00650251
v -0.02317233 0.29929719 -0.00278569
v -0.00872455 0.30310330 0.00235731
v 0.00571232 0.29791085 0.00613721
v -0.00875312 0.30116891 -0.00258239
v 0.00637665 0.30113213 0.00197461
v 0.00566182 0.29928727 -0.00294789
v -0.03656291 0.29242329 0.00554121
v -0.02175487 0.29285374 0.00552401
v -0.03391578 0.28787987 0.00483811
v -0.02312183 0.29792080 0.00629931
v -0.00870872 0.29454713 0.00570781
v -0.00870243 0.29979245 0.00650251
v 0.00433327 0.29284470 0.00537721
v 0.00571232 0.29791085 0.00613721
v -0.03261760 0.28629632 -0.00005599
v -0.02180538 0.29423020 -0.00356109
v -0.03396659 0.28925629 -0.00424679
v -0.02109660 0.29100842 0.00059371
v -0.03391578 0.28787987 0.00483811
v -0.00875938 0.29592362 -0.00337709
v -0.02175487 0.29285374 0.00552401
v -0.00873710 0.29261269 0.00076801
v 0.00428261 0.29422116 -0.00370769
v -0.00870872 0.29454713 0.00570781
v 0.00361828 0.29099984 0.00045481
v 0.00433327 0.29284470 0.00537721
v -0.03396659 0.28925629 -0.00424679
v -0.02317233 0.29929719 -0.00278569
v -0.03661361 0.29379979 -0.00354369
v -0.02180538 0.29423020 -0.00356109
v -0.00875312 0.30116891 -0.00258239
v -0.00875938 0.29592362 -0.00337709
v 0.00566182 0.29928727 -0.00294789
v 0.00428261 0.29422116 -0.00370769
v 0.00637665 0.30113213 0.00197461
v 0.01914036 0.29240410 0.00522801
v 0.00571232 0.29791085 0.00613721
v 0.02044404 0.29536317 0.00102221
v 0.00566182 0.29928727 -0.00294789
v 0.03066639 0.28364750 0.00383711
v 0.01908970 0.29378060 -0.00385699
v 0.03251893 0.28618962 -0.00043499
v 0.03061569 0.28502396 -0.00524799
v 0.00571232 0.29791085 0.00613721
v 0.01648240 0.28786244 0.00455461
v 0.00433327 0.29284470 0.00537721
v 0.01914036 0.29240410 0.00522801
v 0.02691060 0.27993985 0.00329641
v 0.03066639 0.28364750 0.00383711
v 0.03490758 0.26961693 0.00168761
v 0.03950497 0.27223794 0.00205921
v 0.00361828 0.29099984 0.00045481
v 0.01643177 0.28923886 -0.00453039
v 0.00428261 0.29422116 -0.00370769
v 0.01512803 0.28627984 -0.00032439
v 0.00433327 0.29284470 0.00537721
v 0.02686009 0.28131630 -0.00578869
v 0.01648240 0.28786244 0.00455461
v 0.02500752 0.27877431 -0.00151669
v 0.02691060 0.27993985 0.00329641
v 0.00428261 0.29422116 -0.00370769
v 0.01908970 0.29378060 -0.00385699
v 0.00566182 0.29928727 -0.00294789
v 0.01643177 0.28923886 -0.00453039
v 0.03061569 0.28502396 -0.00524799
v 0.02686009 0.28131630 -0.00578869
v 0.03945431 0.27361443 -0.00702579
v 0.03485692 0.27099335 -0.00739729
v 0.03251893 0.28618962 -0.00043499
v 0.03950497 0.27223794 0.00205921
v 0.03066639 0.28364750 0.00383711
v 0.04177845 0.27423669 -0.00229769
v 0.03061569 0.28502396 -0.00524799
v 0.03945431 0.27361443 -0.00702579
v 0.02691060 0.27993985 0.00329641
v 0.03490758 0.26961693 0.00168761
v 0.03258355 0.26899460 -0.00304059
v 0.02500752 0.27877431 -0.00151669
v 0.03485692 0.27099335 -0.00739729
v 0.02686009 0.28131630 -0.00578869
v 0.04177845 0.27423669 -0.00229769
v 0.04505391 0.25895287 0.00001541
v 0.03950497 0.27223794 0.00205921
v 0.04759159 0.26031899 -0.00443859
v 0.03945431 0.27361443 -0.00702579
v 0.04703652 0.22240254 -0.00151549
v 0.04500325 0.26032937 -0.00906949
v 0.04956108 0.22240162 -0.00512609
v 0.04699188 0.22240254 -0.00945979
v 0.03950497 0.27223794 0.00205921
v 0.04505391 0.25895287 0.00001541
v 0.03992798 0.25759701 -0.00016139
v 0.03490758 0.26961693 0.00168761
v 0.03258355 0.26899460 -0.00304059
v 0.03987733 0.25897355 -0.00924639
v 0.03485692 0.27099335 -0.00739729
v 0.03733975 0.25760739 -0.00479249
v 0.03490758 0.26961693 0.00168761
v 0.04189801 0.22240433 -0.01018329
v 0.03992798 0.25759701 -0.00016139
v 0.03937344 0.22240517 -0.00657289
v 0.04194279 0.22240433 -0.00223889
v 0.03485692 0.27099335 -0.00739729
v 0.04500325 0.26032937 -0.00906949
v 0.03945431 0.27361443 -0.00702579
v 0.03987733 0.25897355 -0.00924639
v 0.04699188 0.22240254 -0.00945979
v 0.04189801 0.22240433 -0.01018329
v 0.04505391 0.25895287 0.00001541
v 0.04703652 0.22240254 -0.00151549
v 0.04194279 0.22240433 -0.00223889
v 0.03992798 0.25759701 -0.00016139
v -0.16674853 0.21992016 -0.04283629
v -0.15703503 0.21867005 -0.08756454
v -0.15012143 0.21991429 -0.08362473
v -0.17444623 0.21867615 -0.04485249
v -0.12916253 0.21866040 -0.12431488
v -0.17225223 0.21992207 0.00086591
v -0.18020963 0.21867825 0.00091051
v -0.12350413 0.21990502 -0.11872009
v -0.09272800 0.21864773 -0.15259918
v -0.16625733 0.21992016 0.04450351
v -0.17393203 0.21867615 0.04660611
v -0.08871042 0.21989297 -0.14573044
v -0.05021444 0.21863297 -0.17048950
v -0.14917253 0.21991429 0.08510241
v -0.15604163 0.21867005 0.08911971
v -0.04811143 0.21987893 -0.16281509
v -0.00451909 0.21861718 -0.17676697
v -0.12216223 0.21990502 0.11989611
v -0.12775733 0.21866040 0.12555421
v -0.00447395 0.21986382 -0.16880996
v 0.04124398 0.21860138 -0.17100380
v -0.08706687 0.21989297 0.14651351
v -0.09100700 0.21864773 0.15342681
v 0.03922812 0.21984868 -0.16330635
v 0.08395604 0.21858666 -0.15359268
v -0.04627845 0.21987893 0.16314051
v -0.04829498 0.21863297 0.17083801
v 0.08001656 0.21983464 -0.14667930
v 0.12070627 0.21857400 -0.12571998
v -0.00257636 0.21986382 0.16864411
v -0.00253204 0.21861718 0.17660121
v 0.11511177 0.21982262 -0.12006180
v 0.14899057 0.21856434 -0.08928543
v 0.04106110 0.21984868 0.16264921
v 0.04316330 0.21860138 0.17032361
v 0.14212217 0.21981331 -0.08526810
v 0.16688087 0.21855820 -0.04677189
v 0.08165993 0.21983464 0.14556461
v 0.08567696 0.21858666 0.15243321
v 0.15920687 0.21980752 -0.04466919
v 0.17315837 0.21855610 -0.00107649
v 0.11645367 0.21982262 0.11855421
v 0.12211147 0.21857400 0.12414901
v 0.16520177 0.21980549 -0.00103179
v 0.16739527 0.21855820 0.04468661
v 0.14307107 0.21981331 0.08345881
v 0.14998407 0.21856434 0.08739871
v 0.15969797 0.21980752 0.04267041
v 0.07764111 0.21494885 0.13869601
v 0.11079387 0.21493729 0.11295941
v 0.13615597 0.21492856 0.07951921
v 0.15199897 0.21492291 0.04065411
v 0.15724317 0.21492104 -0.00098709
v 0.15153107 0.21492291 -0.04256649
v 0.03895672 0.21496220 0.15497501
v 0.13525197 0.21492856 -0.08125091
v -0.00262283 0.21497658 0.16068711
v 0.10951537 0.21493729 -0.11440376
v -0.04426387 0.21499097 0.15544301
v 0.07607519 0.21494885 -0.13976585
v -0.08312888 0.21500439 0.13960001
v 0.03721022 0.21496220 -0.15560875
v -0.11656913 0.21501591 0.11423801
v -0.00443086 0.21497658 -0.16085281
v -0.14230563 0.21502469 0.08108501
v -0.04601041 0.21499097 -0.15514084
v -0.15858473 0.21503029 0.04240081
v -0.08469480 0.21500439 -0.13886185
v -0.16429683 0.21503220 0.00082111
v -0.11784763 0.21501591 -0.11312530
v -0.15905273 0.21503029 -0.04081999
v -0.14320963 0.21502469 -0.07968505
v -0.10703333 0.21987424 0.06045621
v -0.11917503 0.21987835 0.03160351
v -0.12343543 0.21987980 0.00059131
v -0.11952423 0.21987835 -0.03046659
v -0.10770773 0.21987424 -0.05945399
v -0.08879140 0.21986767 -0.08439560
v -0.08783774 0.21986767 0.08518341
v -0.06406429 0.21985909 -0.10359115
v -0.06289638 0.21985909 0.10409971
v -0.03521154 0.21984906 -0.11573288
v -0.03390892 0.21984906 0.11591611
v -0.00419956 0.21983838 -0.11999313
v -0.00285091 0.21983838 0.11982741
v 0.02685858 0.21982762 -0.11608200
v 0.02816121 0.21982762 0.11556701
v 0.05584593 0.21981766 -0.10426544
v 0.05701394 0.21981766 0.10342531
v 0.08078742 0.21980908 -0.08534912
v 0.08174088 0.21980908 0.08422971
v 0.09998307 0.21980244 -0.06062199
v 0.10065737 0.21980244 0.05928831
v 0.11212477 0.21979832 -0.03176939
v 0.11247377 0.21979832 0.03030091
v 0.11638507 0.21979695 -0.00075729
v 0.05268792 0.22468072 0.05550001
v 0.06515858 0.22467644 0.03905751
v 0.07294846 0.22467370 0.01994751
v 0.07552704 0.22467278 -0.00052749
v 0.07271839 0.22467370 -0.02097209
v 0.06471398 0.22467644 -0.03999309
v 0.05205926 0.22468072 -0.05629439
v -0.07220571 0.22472374 -0.03922319
v -0.07999561 0.22472645 -0.02011339
v -0.08257419 0.22472741 0.00036161
v -0.07976552 0.22472645 0.02080641
v 0.03561680 0.22468640 -0.06876509
v -0.05973508 0.22471940 -0.05566589
v -0.07176111 0.22472374 0.03982741
v 0.01650683 0.22469304 -0.07655499
v -0.00396810 0.22470009 -0.07913361
v -0.02441268 0.22470719 -0.07632489
v -0.04343391 0.22471375 -0.06832049
v -0.05910640 0.22471940 0.05612871
v 0.03638676 0.22468640 0.06815471
v -0.04266391 0.22471375 0.06859921
v 0.01736569 0.22469304 0.07615901
v -0.02355396 0.22470719 0.07638911
v -0.00307903 0.22470009 0.07896771
v -0.12227413 0.20516171 0.12000411
v -0.09108668 0.20572976 0.15355881
v -0.08714725 0.20514962 0.14664531
v -0.12786863 0.20574238 0.12566221
v -0.04833793 0.20571499 0.17098491
v -0.14930883 0.20517098 0.08517911
v -0.15617703 0.20575215 0.08919631
v -0.04632206 0.20513554 0.16328751
v -0.00253555 0.20569920 0.17675291
v -0.16640893 0.20517682 0.04454361
v -0.17408303 0.20575822 0.04664631
v -0.00258067 0.20512047 0.16879611
v 0.04319901 0.20568337 0.17047011
v -0.17240923 0.20517888 0.00086671
v -0.18036593 0.20576031 0.00091141
v 0.04109601 0.20510537 0.16279581
v 0.08574913 0.20566868 0.15256421
v -0.16690053 0.20517682 -0.04287479
v -0.17459763 0.20575822 -0.04489089
v 0.08173146 0.20509125 0.14569581
v 0.12221507 0.20565602 0.12425581
v -0.15025843 0.20517098 -0.08369995
v -0.15717153 0.20575215 -0.08763977
v 0.11655657 0.20507916 0.11866101
v 0.15011147 0.20564629 0.08747391
v -0.12361723 0.20516171 -0.11882675
v -0.12927493 0.20574238 -0.12442169
v 0.14319787 0.20506993 0.08353421
v 0.16753757 0.20564011 0.04472501
v -0.08879215 0.20514962 -0.14586151
v -0.09280904 0.20572976 -0.15273010
v 0.15983977 0.20506405 0.04270891
v 0.17330587 0.20563809 -0.00107729
v -0.04815668 0.20513554 -0.16296158
v -0.05025905 0.20571499 -0.17063598
v 0.16534857 0.20506211 -0.00103259
v 0.16702277 0.20564011 -0.04681189
v -0.00448001 0.20512047 -0.16896179
v -0.00452449 0.20569920 -0.17691879
v 0.15934827 0.20506405 -0.04470929
v 0.14911717 0.20564629 -0.08936203
v 0.03926142 0.20510537 -0.16345306
v 0.04127802 0.20568337 -0.17115074
v 0.14224817 0.20506993 -0.08534477
v 0.12080857 0.20565602 -0.12582794
v 0.08008658 0.20509125 -0.14681114
v 0.08402668 0.20566868 -0.15372444
v 0.11521347 0.20507916 -0.12016983
v -0.00443376 0.20933980 -0.16100479
v 0.03724663 0.20932542 -0.15575561
v 0.07614842 0.20931199 -0.13989776
v 0.10962007 0.20930043 -0.11451172
v 0.13538097 0.20929158 -0.08132751
v 0.15167537 0.20928605 -0.04260669
v -0.04605262 0.20935418 -0.15528732
v 0.15739297 0.20928418 -0.00098789
v -0.08477348 0.20936757 -0.13899292
v 0.15214377 0.20928605 0.04069271
v -0.11795763 0.20937913 -0.11323196
v 0.13628597 0.20929158 0.07959441
v -0.14334363 0.20938794 -0.07976013
v 0.11089997 0.20930043 0.11306611
v -0.15920163 0.20939351 -0.04085849
v 0.07771568 0.20931199 0.13882701
v -0.16445063 0.20939538 0.00082201
v 0.03899479 0.20932542 0.15512161
v -0.15873313 0.20939351 0.04244091
v -0.00262390 0.20933980 0.16083911
v -0.14243873 0.20938794 0.08116181
v -0.04430442 0.20935418 0.15558991
v -0.11667793 0.20937913 0.11434601
v -0.08320605 0.20936757 0.13973201
v -0.11660153 0.21309666 0.00055301
v -0.11258413 0.21309529 0.02979711
v -0.10113454 0.21309140 0.05700481
v -0.08303329 0.21308522 0.08032211
v -0.05951389 0.21307709 0.09816011
v -0.03217906 0.21306775 0.10930281
v -0.11291323 0.21309529 -0.02873439
v -0.00289161 0.21305764 0.11299121
v -0.10177043 0.21309140 -0.05606929
v 0.02635231 0.21304749 0.10897371
v -0.08393252 0.21308522 -0.07958878
v 0.05356014 0.21303807 0.09752431
v -0.06061523 0.21307702 -0.09768997
v 0.07687756 0.21302998 0.07942291
v -0.03340744 0.21306767 -0.10913955
v 0.09471532 0.21302373 0.05590351
v -0.00416334 0.21305756 -0.11315704
v 0.10585817 0.21301983 0.02856861
v 0.02512398 0.21304742 -0.10946869
v 0.10954637 0.21301850 -0.00071889
v 0.05245880 0.21303799 -0.09832580
v 0.10552907 0.21301983 -0.02996279
v 0.07597821 0.21302990 -0.08048797
v 0.09407944 0.21302373 -0.05717059
v 0.01300084 0.21564007 -0.06318159
v 0.02876873 0.21563469 -0.05675389
v 0.04233578 0.21562996 -0.04646409
v 0.05277748 0.21562645 -0.03301359
v 0.05938206 0.21562420 -0.01731899
v 0.06169953 0.21562344 -0.00044969
v -0.00389343 0.21564595 -0.06530919
v -0.02076272 0.21565171 -0.06299179
v -0.03645746 0.21565716 -0.05638699
v -0.04990793 0.21566182 -0.04594539
v -0.06019771 0.21566548 -0.03237839
v -0.06662532 0.21566773 -0.01661039
v -0.06875290 0.21566849 0.00028381
v 0.05957196 0.21562420 0.01644451
v -0.06643541 0.21566773 0.01715331
v 0.05314419 0.21562645 0.03221271
v -0.05983081 0.21566548 0.03284791
v 0.04285458 0.21563008 0.04577971
v -0.04938926 0.21566193 0.04629851
v 0.02940411 0.21563473 0.05622131
v -0.03582210 0.21565732 0.05658811
v 0.01370938 0.21564015 0.06282591
v -0.02005420 0.21565186 0.06301571
v -0.00315994 0.21564602 0.06514341
v -0.16497750 0.15244000 -0.06064834
v -0.16586560 0.15709800 -0.05826935
v -0.18828310 0.17154430 -0.05801559
v -0.19189780 0.16860960 -0.06055847
v -0.16643130 0.14792660 -0.05826950
v -0.19818670 0.18058600 -0.05239181
v -0.19446840 0.16474890 -0.05798325
v -0.20227310 0.17808190 -0.05466705
v -0.20666830 0.18834870 -0.04348892
v -0.20437220 0.17379070 -0.05235947
v -0.21115860 0.18621440 -0.04534012
v -0.21285360 0.18155350 -0.04345642
v -0.16586560 0.15709800 -0.05826935
v -0.16820780 0.15724250 -0.05351135
v -0.18723870 0.17061830 -0.05289719
v -0.18828310 0.17154430 -0.05801559
v -0.19619920 0.17879880 -0.04780914
v -0.19818670 0.18058600 -0.05239181
v -0.20387310 0.18582230 -0.03975418
v -0.20666830 0.18834870 -0.04348892
v -0.16966180 0.15272900 -0.05113235
v -0.16877350 0.14807110 -0.05351135
v -0.19342430 0.16382290 -0.05286499
v -0.18980940 0.16675760 -0.05032196
v -0.16820780 0.15724250 -0.05351135
v -0.20238470 0.17200350 -0.04777664
v -0.18723870 0.17061830 -0.05289719
v -0.19829830 0.17450760 -0.04550156
v -0.21005850 0.17902720 -0.03972168
v -0.19619920 0.17879880 -0.04780914
v -0.20556820 0.18116140 -0.03787048
v -0.20387310 0.18582230 -0.03975418
v -0.16877350 0.14807110 -0.05351135
v -0.16643130 0.14792660 -0.05826950
v -0.19446840 0.16474890 -0.05798325
v -0.19342430 0.16382290 -0.05286499
v -0.20437220 0.17379070 -0.05235947
v -0.20238470 0.17200350 -0.04777664
v -0.21285360 0.18155350 -0.04345642
v -0.21005850 0.17902720 -0.03972168
v -0.21115860 0.18621440 -0.04534012
v -0.20666830 0.18834870 -0.04348892
v -0.21314980 0.19430370 -0.03191345
v -0.21794870 0.19245290 -0.03321350
v -0.21285360 0.18155350 -0.04345642
v -0.21933500 0.18750850 -0.03188095
v -0.20666830 0.18834870 -0.04348892
v -0.20387310 0.18582230 -0.03975418
v -0.20973730 0.19121010 -0.02928131
v -0.21314980 0.19430370 -0.03191345
v -0.20387310 0.18582230 -0.03975418
v -0.21112380 0.18626570 -0.02794876
v -0.20973730 0.19121010 -0.02928131
v -0.20556820 0.18116140 -0.03787048
v -0.21592270 0.18441500 -0.02924866
v -0.21005850 0.17902720 -0.03972168
v -0.21005850 0.17902720 -0.03972168
v -0.21285360 0.18155350 -0.04345642
v -0.21933500 0.18750850 -0.03188095
v -0.21592270 0.18441500 -0.02924866
v -0.21794870 0.19245290 -0.03321350
v -0.21314980 0.19430370 -0.03191345
v -0.21718940 0.19804510 -0.01845444
v -0.22218070 0.19637240 -0.01911346
v -0.21933500 0.18750850 -0.03188095
v -0.21851200 0.19931780 -0.00402908
v -0.22337480 0.19124980 -0.01842209
v -0.22356620 0.19770570 -0.00400116
v -0.21702720 0.19803520 0.01037964
v -0.22469730 0.19252250 -0.00399674
v -0.22201090 0.19636200 0.01109360
v -0.22321280 0.19123990 0.01041199
v -0.21314980 0.19430370 -0.03191345
v -0.20973730 0.19121010 -0.02928131
v -0.21339230 0.19459520 -0.01710388
v -0.21718940 0.19804510 -0.01845444
v -0.21458890 0.19574660 -0.00405228
v -0.21851200 0.19931780 -0.00402908
v -0.21324560 0.19458620 0.00898407
v -0.21702720 0.19803520 0.01037964
v -0.21112380 0.18626570 -0.02794876
v -0.21592270 0.18441500 -0.02924866
v -0.21957770 0.18779990 -0.01707138
v -0.21458640 0.18947260 -0.01641235
v -0.20973730 0.19121010 -0.02928131
v -0.22077430 0.18895150 -0.00401993
v -0.21339230 0.19459520 -0.01710388
v -0.21572000 0.19056340 -0.00404785
v -0.21943090 0.18779090 0.00901657
v -0.21458890 0.19574660 -0.00405228
v -0.21444730 0.18946400 0.00830261
v -0.21324560 0.19458620 0.00898407
v -0.21592270 0.18441500 -0.02924866
v -0.21933500 0.18750850 -0.03188095
v -0.22337480 0.19124980 -0.01842209
v -0.21957770 0.18779990 -0.01707138
v -0.22469730 0.19252250 -0.00399674
v -0.22077430 0.18895150 -0.00401993
v -0.22321280 0.19123990 0.01041199
v -0.21943090 0.18779090 0.00901657
v -0.22201090 0.19636200 0.01109360
v -0.21702720 0.19803520 0.01037964
v -0.21283650 0.19428450 0.02378982
v -0.21762060 0.19243280 0.02514236
v -0.22321280 0.19123990 0.01041199
v -0.20622530 0.18832150 0.03528747
v -0.21902180 0.18748930 0.02382233
v -0.21069450 0.18618590 0.03718750
v -0.21241070 0.18152640 0.03531998
v -0.21702720 0.19803520 0.01037964
v -0.21324560 0.19458620 0.00898407
v -0.20945390 0.19119270 0.02111709
v -0.21283650 0.19428450 0.02378982
v -0.20347230 0.18579770 0.03151977
v -0.20622530 0.18832150 0.03528747
v -0.19570840 0.17876860 0.03948318
v -0.19764410 0.18055270 0.04408920
v -0.21444730 0.18946400 0.00830261
v -0.21943090 0.18779090 0.00901657
v -0.21563930 0.18439760 0.02114944
v -0.21085530 0.18624920 0.01979690
v -0.21324560 0.19458620 0.00898407
v -0.20965780 0.17900260 0.03155228
v -0.20945390 0.19119270 0.02111709
v -0.20518850 0.18113810 0.02965225
v -0.20347230 0.18579770 0.03151977
v -0.21943090 0.18779090 0.00901657
v -0.22321280 0.19123990 0.01041199
v -0.21902180 0.18748930 0.02382233
v -0.21563930 0.18439760 0.02114944
v -0.21241070 0.18152640 0.03531998
v -0.20965780 0.17900260 0.03155228
v -0.20382960 0.17375740 0.04412155
v -0.20189380 0.17197330 0.03951569
v -0.21069450 0.18618590 0.03718750
v -0.20622530 0.18832150 0.03528747
v -0.19764410 0.18055270 0.04408920
v -0.20170470 0.17804700 0.04640823
v -0.21241070 0.18152640 0.03531998
v -0.20382960 0.17375740 0.04412155
v -0.20347230 0.18579770 0.03151977
v -0.19783330 0.17447900 0.03719635
v -0.19570840 0.17876860 0.03948318
v -0.20518850 0.18113810 0.02965225
v -0.20189380 0.17197330 0.03951569
v -0.20965780 0.17900260 0.03155228
v -0.20170470 0.17804700 0.04640823
v -0.19764410 0.18055270 0.04408920
v -0.18767800 0.17150710 0.04959488
v -0.19126390 0.16857060 0.05217636
v -0.20382960 0.17375740 0.04412155
v -0.16909710 0.15729750 0.05148956
v -0.19386330 0.16471190 0.04962738
v -0.16861880 0.15266480 0.05403015
v -0.16966270 0.14812600 0.05148941
v -0.19764410 0.18055270 0.04408920
v -0.19570840 0.17876860 0.03948318
v -0.18669130 0.17058460 0.04446457
v -0.18767800 0.17150710 0.04959488
v -0.19783330 0.17447900 0.03719635
v -0.20189380 0.17197330 0.03951569
v -0.19287680 0.16378950 0.04449692
v -0.18929080 0.16672570 0.04191559
v -0.19570840 0.17876860 0.03948318
v -0.17118510 0.14821990 0.04640839
v -0.18669130 0.17058460 0.04446457
v -0.17166360 0.15285250 0.04386780
v -0.17061950 0.15739130 0.04640839
v -0.20189380 0.17197330 0.03951569
v -0.20382960 0.17375740 0.04412155
v -0.19386330 0.16471190 0.04962738
v -0.19287680 0.16378950 0.04449692
v -0.16966270 0.14812600 0.05148941
v -0.17118510 0.14821990 0.04640839
v -0.18767800 0.17150710 0.04959488
v -0.18669130 0.17058460 0.04446457
v -0.17061950 0.15739130 0.04640839
v -0.16909710 0.15729750 0.05148956
v 0.08382830 -0.29009709 -0.15380570
v 0.12061030 -0.29010680 -0.12590910
v 0.12061120 0.19198270 -0.12574250
v 0.08382928 0.19199240 -0.15363910
v 0.04107953 -0.29009098 -0.17123170
v 0.07985549 -0.29999896 -0.14683760
v 0.04108046 0.19199850 -0.17106510
v 0.03904639 -0.29999313 -0.16347310
v -0.00472285 -0.29008890 -0.17699980
v -0.00472190 0.19200060 -0.17683320
v -0.00467778 -0.29999114 -0.16897950
v -0.05045760 -0.29009098 -0.17071700
v -0.05045667 0.19199850 -0.17055020
v -0.04833731 -0.29999313 -0.16298160
v -0.09300776 -0.29009709 -0.15281130
v -0.08895670 -0.29999896 -0.14588840
v -0.09300681 0.19199240 -0.15264460
v -0.12947360 -0.29010680 -0.12450270
v -0.12947260 0.19198270 -0.12433610
v 0.14891970 0.19197010 -0.08927658
v 0.14891880 -0.29011946 -0.08944321
v 0.16682550 0.19195530 -0.04672638
v 0.16682450 -0.29013420 -0.04689316
v 0.17310840 0.19193950 -0.00099182
v 0.15908580 -0.30003438 -0.04477600
v 0.14199250 -0.30002031 -0.08539551
v 0.16508360 -0.30004948 -0.00111664
v 0.17310740 -0.29015001 -0.00115845
v 0.16734020 0.19192370 0.04481064
v 0.15957720 -0.30006458 0.04260742
v 0.16733920 -0.29016583 0.04464386
v 0.14294180 -0.30007865 0.08341644
v 0.14991410 0.19190890 0.08755936
v 0.14991320 -0.29018057 0.08739273
v 0.12201750 0.19189630 0.12434130
v 0.12201650 -0.29019322 0.12417460
v 0.12201650 -0.29019322 0.12417460
v 0.08555165 0.19188660 0.15264970
v 0.12201750 0.19189630 0.12434130
v 0.08555070 -0.29020293 0.15248310
v 0.04300157 0.19188050 0.17055570
v 0.04300057 -0.29020904 0.17038880
v -0.00273311 0.19187840 0.17683850
v 0.04088029 -0.30010583 0.16264690
v 0.08149972 -0.30010000 0.14555340
v -0.00277919 -0.30010782 0.16864470
v -0.00273406 -0.29021112 0.17667190
v -0.04853549 0.19188050 0.17107020
v -0.04650332 -0.30010583 0.16313830
v -0.04853644 -0.29020904 0.17090360
v -0.08731242 -0.30010000 0.14650280
v -0.09128432 0.19188660 0.15364420
v -0.09128528 -0.29020293 0.15347750
v -0.12806630 0.19189630 0.12574770
v -0.12806730 -0.29019322 0.12558090
v -0.15637490 0.19190890 0.08928177
v -0.15637580 -0.29018057 0.08911499
v -0.17428060 0.19192370 0.04673172
v -0.17428150 -0.29016583 0.04656509
v -0.18056360 0.19193950 0.00099701
v -0.16654280 -0.30006458 0.04444138
v -0.14944960 -0.30007865 0.08506073
v -0.17254060 -0.30004948 0.00078201
v -0.18056450 -0.29015001 0.00083038
v -0.17479520 0.19195530 -0.04480530
v -0.16703420 -0.30003438 -0.04294220
v -0.17479630 -0.29013420 -0.04497208
v -0.15039880 -0.30002031 -0.08375137
v -0.15736920 0.19197010 -0.08755402
v -0.15737020 -0.29011946 -0.08772079
v -0.12947260 0.19198270 -0.12433610
v -0.12947360 -0.29010680 -0.12450270
v 0.08555165 0.19188660 0.15264970
v 0.12417350 0.19807370 0.12647540
v 0.12201750 0.19189630 0.12434130
v 0.08708237 0.19806380 0.15526920
v 0.12190960 0.20481430 0.12423890
v 0.04300157 0.19188050 0.17055570
v 0.08547498 0.20480460 0.15252320
v 0.04380273 0.19805770 0.17348200
v -0.00273311 0.19187840 0.17683850
v 0.04296143 0.20479850 0.17041370
v -0.00271602 0.19805550 0.17987260
v -0.04853549 0.19188050 0.17107020
v -0.00273391 0.20479650 0.17669110
v -0.04930369 0.19805770 0.17400560
v -0.09128432 0.19188660 0.15364420
v -0.04849700 0.20479850 0.17092790
v -0.09278548 0.19806380 0.15628050
v -0.12806630 0.19189630 0.12574770
v -0.09120906 0.20480460 0.15351670
v -0.13019800 0.19807370 0.12790570
v -0.12795940 0.20481430 0.12564420
v 0.15957720 -0.30006458 0.04260742
v 0.16508360 -0.30004948 -0.00111664
v 0.15908580 -0.30003438 -0.04477600
v 0.14294180 -0.30007865 0.08341644
v 0.14199250 -0.30002031 -0.08539551
v 0.11631100 -0.30009073 0.11852950
v 0.14991320 -0.29018057 0.08739273
v 0.12201650 -0.29019322 0.12417460
v 0.08149972 -0.30010000 0.14555340
v 0.08555070 -0.29020293 0.15248310
v 0.11496850 -0.30000823 -0.12020690
v 0.12061030 -0.29010680 -0.12590910
v 0.14891880 -0.29011946 -0.08944321
v 0.08382830 -0.29009709 -0.15380570
v 0.07985549 -0.29999896 -0.14683760
v 0.04088029 -0.30010583 0.16264690
v 0.03904639 -0.29999313 -0.16347310
v -0.00277919 -0.30010782 0.16864470
v -0.00467778 -0.29999114 -0.16897950
v -0.04650332 -0.30010583 0.16313830
v -0.04833731 -0.29999313 -0.16298160
v -0.08731242 -0.30010000 0.14650280
v -0.08895670 -0.29999896 -0.14588840
v -0.12242540 -0.30009073 0.11987200
v -0.09128528 -0.29020293 0.15347750
v -0.12806730 -0.29019322 0.12558090
v -0.14944960 -0.30007865 0.08506073
v -0.15637580 -0.29018057 0.08911499
v -0.12376800 -0.30000823 -0.11886430
v -0.12947360 -0.29010680 -0.12450270
v -0.09300776 -0.29009709 -0.15281130
v -0.15737020 -0.29011946 -0.08772079
v -0.15039880 -0.30002031 -0.08375137
v -0.16654280 -0.30006458 0.04444138
v -0.16703420 -0.30003438 -0.04294220
v -0.17254060 -0.30004948 0.00078201
v -0.15637490 0.19190890 0.08928177
v -0.15899190 0.19808660 0.09081466
v -0.12795940 0.20481430 0.12564420
v -0.17428060 0.19192370 0.04673172
v -0.15624360 0.20482690 0.08920959
v -0.17720480 0.19810160 0.04753510
v -0.18056360 0.19193950 0.00099701
v -0.17413410 0.20484160 0.04669601
v -0.18359540 0.19811770 0.00101639
v -0.17479520 0.19195530 -0.04480530
v -0.18041160 0.20485760 0.00100067
v -0.17772830 0.19813380 -0.04557144
v -0.15736920 0.19197010 -0.08755402
v -0.17464850 0.20487330 -0.04476242
v -0.16000350 0.19814880 -0.08905319
v -0.12947260 0.19198270 -0.12433610
v -0.15723730 0.20488810 -0.08747436
v -0.13162860 0.19816170 -0.12646580
v -0.12936470 0.20490070 -0.12422480
v -0.09300681 0.19199240 -0.15264460
v -0.13162860 0.19816170 -0.12646580
v -0.12947260 0.19198270 -0.12433610
v -0.09453749 0.19817160 -0.15525950
v -0.12936470 0.20490070 -0.12422480
v -0.05045667 0.19199850 -0.17055020
v -0.09293010 0.20491040 -0.15250900
v -0.05125781 0.19817770 -0.17347240
v -0.00472190 0.19200060 -0.17683320
v -0.05041651 0.20491640 -0.17039930
v -0.00473893 0.19817980 -0.17986300
v 0.04108046 0.19199850 -0.17106510
v -0.00472104 0.20491850 -0.17667710
v 0.04184880 0.19817770 -0.17399600
v 0.08382928 0.19199240 -0.15363910
v 0.04104205 0.20491640 -0.17091370
v 0.08533051 0.19817160 -0.15627090
v 0.12061120 0.19198270 -0.12574250
v 0.08375409 0.20491040 -0.15350250
v 0.12274310 0.19816170 -0.12789610
v 0.12050450 0.20490070 -0.12563000
v 0.14891970 0.19197010 -0.08927658
v 0.15153690 0.19814880 -0.09080505
v 0.16682550 0.19195530 -0.04672638
v 0.14878860 0.20488810 -0.08919525
v 0.16974980 0.19813380 -0.04752548
v 0.17310840 0.19193950 -0.00099182
v 0.16667900 0.20487330 -0.04668167
v 0.17614040 0.19811770 -0.00100662
v 0.16734020 0.19192370 0.04481064
v 0.17295660 0.20485760 -0.00098648
v 0.17027330 0.19810160 0.04558105
v 0.14991410 0.19190890 0.08755936
v 0.16719340 0.20484160 0.04477661
v 0.15254830 0.19808660 0.08906280
v 0.12201750 0.19189630 0.12434130
v 0.14978210 0.20482690 0.08748855
v 0.12417350 0.19807370 0.12647540
v 0.12190960 0.20481430 0.12423890
v 0.08108535 -0.28820015 -0.14899150
v 0.11672290 0.19324070 -0.12180970
v 0.11671490 -0.28820955 -0.12196900
v 0.08109116 0.19325010 -0.14883390
v 0.03967578 -0.28819423 -0.16587170
v 0.07844136 -0.29462199 -0.14435420
v 0.03967921 0.19325600 -0.16571520
v 0.03832261 -0.29461626 -0.16070830
v -0.00469172 -0.28819221 -0.17145930
v -0.00469083 0.19325800 -0.17130280
v -0.00466174 -0.29461431 -0.16612170
v -0.04899363 -0.28819423 -0.16537320
v -0.04899533 0.19325600 -0.16521640
v -0.04758262 -0.29461626 -0.16022510
v -0.09021078 -0.28820015 -0.14802840
v -0.08751479 -0.29462199 -0.14342100
v -0.09021483 0.19325010 -0.14787050
v -0.12553420 -0.28820955 -0.12060670
v -0.12554030 0.19324070 -0.12044720
v 0.14414610 0.19322850 -0.08648407
v 0.14413660 -0.28822181 -0.08664551
v 0.16149190 0.19321410 -0.04526459
v 0.16148140 -0.28823609 -0.04542847
v 0.16757840 0.19319880 -0.00096039
v 0.15633110 -0.29465681 -0.04401947
v 0.13952700 -0.29464298 -0.08395172
v 0.16222750 -0.29467166 -0.00109894
v 0.16756760 -0.28825141 -0.00112656
v 0.16199050 0.19318350 0.04340973
v 0.15681420 -0.29468650 0.04188553
v 0.16198000 -0.28826673 0.04324081
v 0.14046020 -0.29470033 0.08200409
v 0.14510940 0.19316920 0.08482163
v 0.14509980 -0.28828101 0.08465042
v 0.11808510 0.19315700 0.12045330
v 0.11807720 -0.28829327 0.12028000
v 0.11807720 -0.28829327 0.12028000
v 0.11808510 0.19315700 0.12045330
v 0.08275967 0.19314760 0.14787660
v 0.08275372 -0.28830268 0.14770170
v 0.04154019 0.19314160 0.16522250
v 0.04153661 -0.28830859 0.16504650
v -0.00276423 0.19313970 0.17130870
v 0.04012551 -0.29472705 0.15989390
v 0.08005772 -0.29472132 0.14308990
v -0.00279525 -0.29472901 0.16579020
v -0.00276519 -0.28831061 0.17113250
v -0.04713424 0.19314160 0.16572110
v -0.04577968 -0.29472705 0.16037700
v -0.04713267 -0.28830859 0.16554500
v -0.08589823 -0.29472132 0.14402300
v -0.08854624 0.19314760 0.14883990
v -0.08854228 -0.28830268 0.14866480
v -0.12417780 0.19315700 0.12181560
v -0.12417190 -0.28829327 0.12164230
v -0.15160110 0.19316920 0.08649002
v -0.15159350 -0.28828101 0.08631881
v -0.16894710 0.19318350 0.04527069
v -0.16893840 -0.28826673 0.04510178
v -0.17503350 0.19319880 0.00096634
v -0.16378810 -0.29468650 0.04368835
v -0.14698400 -0.29470033 0.08362045
v -0.16968450 -0.29467166 0.00076767
v -0.17502450 -0.28825141 0.00079987
v -0.16944560 0.19321410 -0.04340378
v -0.16427120 -0.29465681 -0.04221664
v -0.16943700 -0.28823609 -0.04356750
v -0.14791710 -0.29464298 -0.08233520
v -0.15256450 0.19322850 -0.08481552
v -0.15255680 -0.28822181 -0.08497711
v -0.12554030 0.19324070 -0.12044720
v -0.12553420 -0.28820955 -0.12060670
v 0.08275967 0.19314760 0.14787660
v 0.11808510 0.19315700 0.12045330
v 0.11681640 0.19812010 0.11920040
v 0.08185887 0.19811080 0.14633800
v 0.11836000 0.20245760 0.12072850
v 0.04154019 0.19314160 0.16522250
v 0.08295483 0.20244810 0.14821330
v 0.04106870 0.19810490 0.16350330
v -0.00276423 0.19313970 0.17130870
v 0.04164235 0.20244220 0.16559850
v -0.00277419 0.19810290 0.16952640
v -0.04713424 0.19314160 0.16572110
v -0.00276198 0.20244020 0.17169880
v -0.04668208 0.19810490 0.16399670
v -0.08854624 0.19314760 0.14883990
v -0.04723212 0.20244220 0.16609830
v -0.08766272 0.19811080 0.14729140
v -0.12417780 0.19315700 0.12181560
v -0.08873755 0.20244810 0.14917910
v -0.12292330 0.19812010 0.12054870
v -0.12444970 0.20245760 0.12209380
v 0.15633110 -0.29465681 -0.04401947
v 0.16222750 -0.29467166 -0.00109894
v 0.15681420 -0.29468650 0.04188553
v 0.14046020 -0.29470033 0.08200409
v 0.13952700 -0.29464298 -0.08395172
v 0.11296020 -0.29463110 -0.11817400
v 0.11671490 -0.28820955 -0.12196900
v 0.14413660 -0.28822181 -0.08664551
v 0.08108535 -0.28820015 -0.14899150
v 0.07844136 -0.29462199 -0.14435420
v 0.11428000 -0.29471221 0.11652300
v 0.14509980 -0.28828101 0.08465042
v 0.11807720 -0.28829327 0.12028000
v 0.08005772 -0.29472132 0.14308990
v 0.08275372 -0.28830268 0.14770170
v 0.04012551 -0.29472705 0.15989390
v 0.03832261 -0.29461626 -0.16070830
v -0.00279525 -0.29472901 0.16579020
v -0.00466174 -0.29461431 -0.16612170
v -0.04577968 -0.29472705 0.16037700
v -0.04758262 -0.29461626 -0.16022510
v -0.08589823 -0.29472132 0.14402300
v -0.08751479 -0.29462199 -0.14342100
v -0.12041710 -0.29471221 0.11784290
v -0.08854228 -0.28830268 0.14866480
v -0.12417190 -0.28829327 0.12164230
v -0.14698400 -0.29470033 0.08362045
v -0.15159350 -0.28828101 0.08631881
v -0.12173700 -0.29463110 -0.11685420
v -0.12553420 -0.28820955 -0.12060670
v -0.09021078 -0.28820015 -0.14802840
v -0.15255680 -0.28822181 -0.08497711
v -0.14791710 -0.29464298 -0.08233520
v -0.16378810 -0.29468650 0.04368835
v -0.16427120 -0.29465681 -0.04221664
v -0.16968450 -0.29467166 0.00076767
v -0.15160110 0.19316920 0.08649002
v -0.15006100 0.19813220 0.08559112
v -0.16894710 0.19318350 0.04527069
v -0.15193480 0.20246970 0.08668853
v -0.16722610 0.19814640 0.04480102
v -0.17503350 0.19319880 0.00096634
v -0.16931970 0.20248420 0.04537613
v -0.17324910 0.19816140 0.00095810
v -0.16944560 0.19321410 -0.04340378
v -0.17542000 0.20249950 0.00097183
v -0.16771950 0.19817660 -0.04294968
v -0.15256450 0.19322850 -0.08481552
v -0.16981950 0.20251480 -0.04349838
v -0.15101420 0.19819080 -0.08393036
v -0.12554030 0.19324070 -0.12044720
v -0.15290030 0.20252910 -0.08500382
v -0.12427150 0.19820290 -0.11919100
v -0.12581510 0.20254150 -0.12071580
v -0.09021483 0.19325010 -0.14787050
v -0.12554030 0.19324070 -0.12044720
v -0.12427150 0.19820290 -0.11919100
v -0.08931399 0.19821230 -0.14632860
v -0.12581510 0.20254150 -0.12071580
v -0.04899533 0.19325600 -0.16521640
v -0.09040992 0.20255090 -0.14820100
v -0.04852381 0.19821810 -0.16349360
v -0.00469083 0.19325800 -0.17130280
v -0.04909745 0.20255680 -0.16558590
v -0.00468078 0.19822010 -0.16951680
v 0.03967921 0.19325600 -0.16571520
v -0.00469295 0.20255880 -0.17168610
v 0.03922715 0.19821810 -0.16398710
v 0.08109116 0.19325010 -0.14883390
v 0.03977721 0.20255680 -0.16608570
v 0.08020775 0.19821230 -0.14728180
v 0.11672290 0.19324070 -0.12180970
v 0.08128259 0.20255090 -0.14916640
v 0.11546830 0.19820290 -0.12053910
v 0.11699460 0.20254150 -0.12208130
v 0.14414610 0.19322850 -0.08648407
v 0.14260590 0.19819080 -0.08558151
v 0.16149190 0.19321410 -0.04526459
v 0.14447980 0.20252910 -0.08667587
v 0.15977100 0.19817670 -0.04479141
v 0.16757840 0.19319880 -0.00096039
v 0.16186480 0.20251480 -0.04536346
v 0.16579400 0.19816150 -0.00094849
v 0.16199050 0.19318350 0.04340973
v 0.16796490 0.20249950 -0.00095917
v 0.16026450 0.19814640 0.04295944
v 0.14510940 0.19316920 0.08482163
v 0.16236450 0.20248420 0.04351090
v 0.14355910 0.19813220 0.08393997
v 0.11808510 0.19315700 0.12045330
v 0.14544520 0.20246970 0.08501633
v 0.11681640 0.19812010 0.11920040
v 0.11836000 0.20245760 0.12072850
v 0.15858740 0.15244000 -0.06246780
v 0.18192110 0.17154430 -0.06009735
v 0.15950230 0.15709800 -0.06009888
v 0.18550710 0.16860960 -0.06268082
v 0.16006790 0.14792660 -0.06010544
v 0.19188740 0.18058600 -0.05458526
v 0.18810650 0.16474890 -0.06013443
v 0.19594790 0.17808190 -0.05690628
v 0.20046860 0.18834870 -0.04577835
v 0.19807270 0.17379070 -0.05462234
v 0.20493780 0.18621440 -0.04767990
v 0.20665390 0.18155350 -0.04581528
v 0.15950230 0.15709800 -0.06009888
v 0.18093450 0.17061830 -0.05496765
v 0.16189790 0.15724250 -0.05536758
v 0.18192110 0.17154430 -0.06009735
v 0.18995160 0.17879880 -0.04998047
v 0.19188740 0.18058600 -0.05458526
v 0.19771560 0.18582230 -0.04201233
v 0.20046860 0.18834870 -0.04577835
v 0.16337850 0.15272900 -0.05300507
v 0.18711980 0.16382290 -0.05500473
v 0.16246340 0.14807110 -0.05537399
v 0.18353400 0.16675760 -0.05242142
v 0.16189790 0.15724250 -0.05536758
v 0.19613710 0.17200350 -0.05001755
v 0.18093450 0.17061830 -0.05496765
v 0.19207650 0.17450760 -0.04769668
v 0.20390100 0.17902720 -0.04204941
v 0.18995160 0.17879880 -0.04998047
v 0.19943170 0.18116140 -0.04014786
v 0.19771560 0.18582230 -0.04201233
v 0.16246340 0.14807110 -0.05537399
v 0.18810650 0.16474890 -0.06013443
v 0.16006790 0.14792660 -0.06010544
v 0.18711980 0.16382290 -0.05500473
v 0.19807270 0.17379070 -0.05462234
v 0.19613710 0.17200350 -0.05001755
v 0.20665390 0.18155350 -0.04581528
v 0.20390100 0.17902720 -0.04204941
v 0.20493780 0.18621440 -0.04767990
v 0.20707980 0.19430370 -0.03427643
v 0.20046860 0.18834870 -0.04577835
v 0.21186370 0.19245290 -0.03563034
v 0.20665390 0.18155350 -0.04581528
v 0.21326510 0.18750850 -0.03431366
v 0.20046860 0.18834870 -0.04577835
v 0.20707980 0.19430370 -0.03427643
v 0.20369720 0.19121010 -0.03160599
v 0.19771560 0.18582230 -0.04201233
v 0.19771560 0.18582230 -0.04201233
v 0.20369720 0.19121010 -0.03160599
v 0.20509860 0.18626570 -0.03028931
v 0.19943170 0.18116140 -0.04014786
v 0.20988250 0.18441500 -0.03164307
v 0.20390100 0.17902720 -0.04204941
v 0.20390100 0.17902720 -0.04204941
v 0.20988250 0.18441500 -0.03164307
v 0.21326510 0.18750850 -0.03431366
v 0.20665390 0.18155350 -0.04581528
v 0.21186370 0.19245290 -0.03563034
v 0.21127050 0.19804510 -0.02086380
v 0.20707980 0.19430370 -0.03427643
v 0.21625420 0.19637240 -0.02157883
v 0.21326510 0.18750850 -0.03431366
v 0.21275520 0.19931780 -0.00645416
v 0.21745590 0.19124980 -0.02090103
v 0.21780950 0.19770570 -0.00648315
v 0.21143270 0.19803520 0.00797043
v 0.21894050 0.19252250 -0.00649139
v 0.21642400 0.19636200 0.00862823
v 0.21761810 0.19123990 0.00793320
v 0.20707980 0.19430370 -0.03427643
v 0.20748890 0.19459520 -0.01947052
v 0.20369720 0.19121010 -0.03160599
v 0.21127050 0.19804510 -0.02086380
v 0.20883220 0.19574660 -0.00643326
v 0.21275520 0.19931780 -0.00645416
v 0.20763560 0.19458620 0.00661743
v 0.21143270 0.19803520 0.00797043
v 0.20509860 0.18626570 -0.03028931
v 0.21367420 0.18779990 -0.01950760
v 0.20988250 0.18441500 -0.03164307
v 0.20869070 0.18947260 -0.01879257
v 0.20369720 0.19121010 -0.03160599
v 0.21501750 0.18895150 -0.00647049
v 0.20748890 0.19459520 -0.01947052
v 0.20996320 0.19056340 -0.00644150
v 0.21382090 0.18779090 0.00658035
v 0.20883220 0.19574660 -0.00643326
v 0.20882950 0.18946400 0.00592239
v 0.20763560 0.19458620 0.00661743
v 0.20988250 0.18441500 -0.03164307
v 0.21745590 0.19124980 -0.02090103
v 0.21326510 0.18750850 -0.03431366
v 0.21367420 0.18779990 -0.01950760
v 0.21894050 0.19252250 -0.00649139
v 0.21501750 0.18895150 -0.00647049
v 0.21761810 0.19123990 0.00793320
v 0.21382090 0.18779090 0.00658035
v 0.21642400 0.19636200 0.00862823
v 0.20739310 0.19428450 0.02142685
v 0.21143270 0.19803520 0.00797043
v 0.21219190 0.19243280 0.02272552
v 0.21761810 0.19123990 0.00793320
v 0.20091160 0.18832150 0.03299820
v 0.21357840 0.18748930 0.02138977
v 0.20540170 0.18618590 0.03484787
v 0.20709690 0.18152640 0.03296097
v 0.21143270 0.19803520 0.00797043
v 0.20398060 0.19119270 0.01879227
v 0.20763560 0.19458620 0.00661743
v 0.20739310 0.19428450 0.02142685
v 0.19811640 0.18579770 0.02926163
v 0.20091160 0.18832150 0.03299820
v 0.19044250 0.17876860 0.03731186
v 0.19242990 0.18055270 0.04189575
v 0.20882950 0.18946400 0.00592239
v 0.21016580 0.18439760 0.01875504
v 0.21382090 0.18779090 0.00658035
v 0.20536700 0.18624920 0.01745651
v 0.20763560 0.19458620 0.00661743
v 0.20430170 0.17900260 0.02922440
v 0.20398060 0.19119270 0.01879227
v 0.19981140 0.18113810 0.02737472
v 0.19811640 0.18579770 0.02926163
v 0.21382090 0.18779090 0.00658035
v 0.21357840 0.18748930 0.02138977
v 0.21761810 0.19123990 0.00793320
v 0.21016580 0.18439760 0.01875504
v 0.20709690 0.18152640 0.03296097
v 0.20430170 0.17900260 0.02922440
v 0.19861520 0.17375740 0.04185852
v 0.19662780 0.17197330 0.03727478
v 0.20540170 0.18618590 0.03484787
v 0.19242990 0.18055270 0.04189575
v 0.20091160 0.18832150 0.03299820
v 0.19651630 0.17804700 0.04416901
v 0.20709690 0.18152640 0.03296097
v 0.19861520 0.17375740 0.04185852
v 0.19811640 0.18579770 0.02926163
v 0.19044250 0.17876860 0.03731186
v 0.19254160 0.17447900 0.03500122
v 0.19981140 0.18113810 0.02737472
v 0.19662780 0.17197330 0.03727478
v 0.20430170 0.17900260 0.02922440
v 0.19651630 0.17804700 0.04416901
v 0.18252630 0.17150710 0.04751312
v 0.19242990 0.18055270 0.04189575
v 0.18614090 0.16857060 0.05005417
v 0.19861520 0.17375740 0.04185852
v 0.16396790 0.15729750 0.04961670
v 0.18871160 0.16471190 0.04747604
v 0.16351810 0.15266480 0.05216248
v 0.16453350 0.14812600 0.04961029
v 0.19242990 0.18055270 0.04189575
v 0.18252630 0.17150710 0.04751312
v 0.18148200 0.17058460 0.04239425
v 0.19044250 0.17876860 0.03731186
v 0.19254160 0.17447900 0.03500122
v 0.18766740 0.16378950 0.04235718
v 0.19662780 0.17197330 0.03727478
v 0.18405260 0.16672570 0.03981628
v 0.19044250 0.17876860 0.03731186
v 0.16599870 0.14821990 0.04451248
v 0.18148200 0.17058460 0.04239425
v 0.16644850 0.15285250 0.04196655
v 0.16543310 0.15739130 0.04451874
v 0.19662780 0.17197330 0.03727478
v 0.18871160 0.16471190 0.04747604
v 0.19861520 0.17375740 0.04185852
v 0.18766740 0.16378950 0.04235718
v 0.16453350 0.14812600 0.04961029
v 0.16599870 0.14821990 0.04451248
v 0.18252630 0.17150710 0.04751312
v 0.16396790 0.15729750 0.04961670
v 0.16543310 0.15739130 0.04451874
v 0.18148200 0.17058460 0.04239425
v -0.09293010 0.20491040 -0.15250900
v -0.09040992 0.20255090 -0.14820100
v -0.12581510 0.20254150 -0.12071580
v -0.12936470 0.20490070 -0.12422480
v -0.05041651 0.20491640 -0.17039930
v -0.15290030 0.20252910 -0.08500382
v -0.04909745 0.20255680 -0.16558590
v -0.15723730 0.20488810 -0.08747436
v -0.00472104 0.20491850 -0.17667710
v -0.16981950 0.20251480 -0.04349838
v -0.00469295 0.20255880 -0.17168610
v -0.17464850 0.20487330 -0.04476242
v 0.04104205 0.20491640 -0.17091370
v -0.17542000 0.20249950 0.00097183
v 0.03977721 0.20255680 -0.16608570
v -0.18041160 0.20485760 0.00100067
v 0.08375409 0.20491040 -0.15350250
v -0.16931970 0.20248420 0.04537613
v 0.08128259 0.20255090 -0.14916640
v -0.17413410 0.20484160 0.04669601
v 0.12050450 0.20490070 -0.12563000
v -0.15193480 0.20246970 0.08668853
v 0.11699460 0.20254150 -0.12208130
v -0.15624360 0.20482690 0.08920959
v 0.14878860 0.20488810 -0.08919525
v -0.12444970 0.20245760 0.12209380
v 0.14447980 0.20252910 -0.08667587
v -0.12795940 0.20481430 0.12564420
v 0.16667900 0.20487330 -0.04668167
v -0.08873755 0.20244810 0.14917910
v 0.16186480 0.20251480 -0.04536346
v -0.09120906 0.20480460 0.15351670
v 0.17295660 0.20485760 -0.00098648
v -0.04723212 0.20244220 0.16609830
v 0.16796490 0.20249950 -0.00095917
v -0.04849700 0.20479850 0.17092790
v 0.16719340 0.20484160 0.04477661
v -0.00276198 0.20244020 0.17169880
v 0.16236450 0.20248420 0.04351090
v -0.00273391 0.20479650 0.17669110
v 0.14978210 0.20482690 0.08748855
v 0.04164235 0.20244220 0.16559850
v 0.14544520 0.20246970 0.08501633
v 0.04296143 0.20479850 0.17041370
v 0.12190960 0.20481430 0.12423890
v 0.08295483 0.20244810 0.14821330
v 0.11836000 0.20245760 0.12072850
v 0.08547498 0.20480460 0.15252320
vt 0.25000000 0.49275680
vt 0.57884600 0.54516180
vt 0.56066000 0.49275680
vt 0.26286000 0.54516180
vt 0.55975000 0.60233120
vt 0.88822900 0.49275680
vt 0.24935600 0.60233120
vt 0.89488550 0.54516180
vt 0.50000050 0.49275680
vt 0.88789570 0.60233120
vt 0.50000050 0.54516180
vt 0.11177210 0.49275680
vt 0.50000050 0.60233120
vt 0.10511570 0.54516180
vt 0.75000060 0.49275680
vt 0.11210550 0.60233120
vt 0.73714150 0.54516180
vt 0.43934040 0.49275680
vt 0.75064460 0.60233120
vt 0.42115490 0.54516180
vt 0.44025110 0.60233120
vt 0.74999950 0.49275680
vt 0.73714040 0.54516180
vt 0.44025000 0.60233120
vt 0.11177080 0.49275680
vt 0.75064360 0.60233120
vt 0.10511450 0.54516180
vt 0.49999930 0.49275680
vt 0.11210420 0.60233120
vt 0.49999930 0.54516180
vt 0.88822780 0.49275680
vt 0.49999930 0.60233120
vt 0.89488410 0.54516180
vt 0.24999900 0.49275680
vt 0.88789450 0.60233120
vt 0.26285800 0.54516180
vt 0.56066000 0.49275680
vt 0.24935500 0.60233120
vt 0.57884500 0.54516180
vt 0.55974900 0.60233120
vt 0.74999910 0.49275680
vt 0.42115350 0.54516180
vt 0.43933920 0.49275680
vt 0.73713990 0.54516180
vt 0.44024990 0.60233120
vt 0.11177040 0.49275680
vt 0.75064310 0.60233120
vt 0.10511390 0.54516180
vt 0.50000000 0.49275680
vt 0.11210380 0.60233120
vt 0.50000000 0.54516180
vt 0.88822870 0.49275680
vt 0.50000000 0.60233120
vt 0.89488500 0.54516180
vt 0.25000000 0.49275680
vt 0.88789520 0.60233120
vt 0.26285900 0.54516180
vt 0.56066000 0.49275680
vt 0.24935600 0.60233120
vt 0.57884600 0.54516180
vt 0.55974900 0.60233120
vt 0.25000000 0.49275680
vt 0.26285900 0.54516180
vt 0.88822870 0.49275680
vt 0.24935600 0.60233120
vt 0.89488500 0.54516180
vt 0.50000020 0.49275680
vt 0.88789530 0.60233120
vt 0.50000020 0.54516180
vt 0.11177160 0.49275680
vt 0.50000020 0.60233120
vt 0.10511520 0.54516180
vt 0.75000020 0.49275680
vt 0.11210500 0.60233120
vt 0.73714110 0.54516180
vt 0.43934010 0.49275680
vt 0.75064430 0.60233120
vt 0.42115450 0.54516180
vt 0.44025090 0.60233120
vt 0.48341360 0.52392850
vt 0.41547360 0.54557920
vt 0.48341360 0.54557920
vt 0.41223840 0.52392850
vt 0.48341360 0.50227790
vt 0.35216360 0.54557920
vt 0.41547360 0.50227790
vt 0.34591360 0.52392850
vt 0.29779800 0.54557920
vt 0.35216360 0.50227790
vt 0.28895930 0.52392850
vt 0.29779800 0.50227790
vt 0.48341360 0.48357800
vt 0.42194410 0.45048540
vt 0.48341360 0.45857800
vt 0.41547360 0.47463350
vt 0.36466360 0.42675900
vt 0.35216360 0.44840970
vt 0.31547570 0.38901580
vt 0.29779800 0.40669350
vt 0.48341360 0.52392850
vt 0.42194410 0.50227790
vt 0.48341360 0.50227790
vt 0.42517940 0.52392850
vt 0.48341360 0.54557920
vt 0.36466360 0.50227790
vt 0.42194410 0.54557920
vt 0.37091360 0.52392850
vt 0.31547570 0.50227790
vt 0.36466360 0.54557920
vt 0.32431450 0.52392850
vt 0.31547570 0.54557920
vt 0.48341360 0.45857800
vt 0.41547360 0.47463350
vt 0.48341360 0.48357800
vt 0.42194410 0.45048540
vt 0.35216360 0.44840970
vt 0.36466360 0.42675900
vt 0.29779800 0.40669350
vt 0.31547570 0.38901580
vt 0.38688190 0.52392850
vt 0.32367770 0.54557920
vt 0.37804310 0.54557920
vt 0.32992770 0.52392850
vt 0.37804310 0.50227790
vt 0.32367770 0.50227790
vt 0.49779800 0.40669350
vt 0.45608190 0.35232800
vt 0.47773260 0.33982800
vt 0.51547570 0.38901580
vt 0.36036550 0.54557920
vt 0.31117770 0.54557920
vt 0.30492770 0.52392850
vt 0.35152660 0.52392850
vt 0.31117770 0.50227790
vt 0.36036550 0.50227790
vt 0.51547570 0.38901580
vt 0.47773260 0.33982800
vt 0.45608190 0.35232800
vt 0.49779800 0.40669350
vt 0.52992770 0.52392850
vt 0.46036760 0.54557920
vt 0.52367770 0.54557920
vt 0.46360280 0.52392850
vt 0.52367770 0.50227790
vt 0.39242770 0.54557920
vt 0.46036760 0.50227790
vt 0.39242770 0.52392850
vt 0.32448770 0.54557920
vt 0.39242770 0.50227790
vt 0.32125240 0.52392850
vt 0.32448770 0.50227790
vt 0.45608190 0.55232810
vt 0.45400620 0.48254750
vt 0.47773260 0.53982810
vt 0.42985800 0.48901800
vt 0.44591360 0.42107800
vt 0.42091360 0.42107800
vt 0.45400620 0.35960850
vt 0.42985800 0.35313790
vt 0.50492770 0.52392850
vt 0.45389710 0.50227790
vt 0.51117770 0.50227790
vt 0.45066190 0.52392850
vt 0.51117770 0.54557920
vt 0.39242770 0.50227790
vt 0.45389710 0.54557920
vt 0.39242770 0.52392850
vt 0.33095810 0.50227790
vt 0.39242770 0.54557920
vt 0.33419330 0.52392850
vt 0.33095810 0.54557920
vt 0.47773260 0.53982810
vt 0.42985800 0.48901800
vt 0.45608190 0.55232810
vt 0.45400620 0.48254750
vt 0.42091360 0.42107800
vt 0.44591360 0.42107800
vt 0.42985800 0.35313790
vt 0.45400620 0.35960850
vt 0.52125250 0.52392850
vt 0.46117770 0.54557920
vt 0.52448770 0.54557920
vt 0.45492770 0.52392850
vt 0.52448770 0.50227790
vt 0.40681220 0.54557920
vt 0.46117770 0.50227790
vt 0.39797330 0.52392850
vt 0.40681220 0.50227790
vt 0.42985800 0.55313800
vt 0.47773250 0.50232800
vt 0.45400620 0.55960860
vt 0.45608190 0.48982800
vt 0.51547570 0.45314020
vt 0.49779800 0.43546250
vt 0.56466360 0.41539700
vt 0.55216360 0.39374630
vt 0.53419340 0.52392850
vt 0.47367770 0.50227790
vt 0.53095810 0.50227790
vt 0.47992770 0.52392850
vt 0.53095810 0.54557920
vt 0.42448990 0.50227790
vt 0.47367770 0.54557920
vt 0.43332860 0.52392850
vt 0.42448990 0.54557920
vt 0.45400620 0.55960860
vt 0.45608190 0.48982800
vt 0.42985800 0.55313800
vt 0.47773250 0.50232800
vt 0.49779800 0.43546250
vt 0.51547570 0.45314020
vt 0.55216360 0.39374630
vt 0.56466360 0.41539700
vt 0.48895920 0.52392850
vt 0.55216360 0.54557920
vt 0.49779800 0.54557920
vt 0.54591360 0.52392850
vt 0.49779800 0.50227790
vt 0.55216360 0.50227790
vt 0.51547570 0.54557920
vt 0.56466360 0.54557920
vt 0.57091360 0.52392850
vt 0.52431450 0.52392850
vt 0.56466360 0.50227790
vt 0.51547570 0.50227790
vt 0.34591360 0.52392850
vt 0.41547360 0.54557920
vt 0.35216360 0.54557920
vt 0.41223830 0.52392850
vt 0.35216360 0.50227790
vt 0.48341360 0.54557920
vt 0.41547360 0.50227790
vt 0.48341360 0.52392850
vt 0.48341360 0.50227790
vt 0.35216360 0.39374630
vt 0.41547360 0.36752250
vt 0.42194400 0.39167060
vt 0.36466360 0.41539700
vt 0.37091360 0.52392850
vt 0.42194400 0.50227790
vt 0.36466360 0.50227790
vt 0.42517920 0.52392850
vt 0.36466360 0.54557920
vt 0.48341360 0.50227790
vt 0.42194400 0.54557920
vt 0.48341360 0.52392850
vt 0.48341360 0.54557920
vt 0.36466360 0.41539700
vt 0.41547360 0.36752250
vt 0.35216360 0.39374630
vt 0.42194400 0.39167060
vt 0.48341360 0.35857800
vt 0.48341360 0.38357800
vt 0.41547360 0.56752250
vt 0.48341360 0.55857800
vt 0.48341360 0.58357800
vt 0.42194400 0.59167060
vt 0.87042630 0.69735000
vt 0.24935600 0.61282340
vt 0.21560800 0.55437090
vt 0.88789520 0.76254520
vt 0.55974900 0.37465000
vt 0.50000000 0.74611750
vt 0.50000000 0.81361250
vt 0.51202300 0.32692380
vt 0.79792300 0.06425655
vt 0.12957280 0.69734980
vt 0.11210380 0.76254500
vt 0.73947000 0.03050900
vt 0.94764400 0.70279600
vt 0.78439070 0.55437050
vt 0.75064310 0.61282280
vt 0.88244900 0.68532690
vt 0.99871200 0.31490070
vt 0.48797620 0.32692310
vt 0.44024990 0.37464930
vt 0.93121700 0.31490070
vt 0.94764500 0.92700600
vt 0.26052940 0.03050828
vt 0.20207690 0.06425583
vt 0.88245000 0.94447500
vt 0.79792300 0.56554500
vt 0.11755050 0.68532600
vt 0.05235530 0.70279510
vt 0.73947000 0.59929200
vt 0.55975000 0.25515200
vt 0.06878320 0.31489990
vt 0.00128820 0.31489990
vt 0.51202300 0.30287800
vt 0.24935600 0.01697800
vt 0.11755080 0.94447400
vt 0.05235560 0.92700500
vt 0.21560900 0.07543100
vt 0.88789570 0.86725600
vt 0.26053000 0.59929200
vt 0.20207760 0.56554400
vt 0.87042670 0.93245200
vt 0.50000050 0.81618900
vt 0.48797730 0.30287700
vt 0.44025110 0.25515100
vt 0.50000050 0.88368400
vt 0.11210550 0.86725600
vt 0.78439210 0.07543000
vt 0.75064460 0.01697800
vt 0.12957440 0.93245100
vt 0.31898240 0.63303900
vt 0.53570350 0.35060300
vt 0.81813960 0.13388200
vt 0.14704340 0.99764600
vt 0.50000050 0.95117900
vt 0.85295760 0.99764700
vt 0.18274610 0.96194300
vt 0.18186100 0.13388300
vt 0.13627820 0.31489990
vt 0.46429700 0.35060400
vt 0.18274570 0.66785720
vt 0.68101800 0.63304000
vt 0.31898180 0.99676096
vt 0.81725400 0.96194300
vt 0.53570240 0.27919700
vt 0.86372200 0.31490070
vt 0.81813820 0.49591800
vt 0.81725400 0.66785790
vt 0.14704190 0.63215460
vt 0.68101800 0.99676168
vt 0.50000000 0.67862260
vt 0.46429700 0.27919770
vt 0.85295720 0.63215480
vt 0.18186100 0.49591840
vt 0.99143332 0.19576260
vt 0.23674600 0.29737450
vt 0.50000000 0.33203270
vt 0.76325310 0.29737480
vt 0.00856600 0.19576280
vt 0.21922100 0.03412163
vt 0.78077850 0.03412116
vt 0.38086200 0.82346680
vt 0.61913750 0.82346620
vt 0.48247400 0.57815400
vt 0.51752580 0.57815340
vt 0.51713200 0.31490060
vt 0.48286800 0.31490030
vt 0.48247400 0.05164750
vt 0.51752600 0.05164710
vt 0.38086200 0.80633500
vt 0.61913800 0.80633400
vt 0.21922100 0.59568000
vt 0.78077940 0.59567900
vt 0.00856600 0.43403900
vt 0.99143422 0.43403800
vt 0.76325360 0.33242700
vt 0.23674730 0.33242600
vt 0.50000040 0.29776900
vt 0.02585536 0.84075500
vt 0.16472900 0.73419400
vt 0.32645110 0.66720700
vt 0.50000040 0.64435900
vt 0.67354950 0.66720700
vt 0.83527130 0.73419400
vt 0.97414520 0.84075500
vt 0.83527110 0.89560710
vt 0.67354890 0.96259475
vt 0.50000020 0.98544288
vt 0.32645020 0.96259463
vt 0.08070700 0.97962900
vt 0.97414520 0.78904550
vt 0.16472830 0.89560710
vt 0.14769400 0.14135170
vt 0.17054200 0.31490060
vt 0.14769400 0.48844990
vt 0.08070700 0.65017180
vt 0.02585474 0.78904550
vt 0.91929352 0.97963000
vt 0.91929317 0.65017160
vt 0.85230610 0.14135100
vt 0.85230590 0.48844960
vt 0.82945780 0.31490030
vt 0.48706530 0.32783400
vt 0.20096150 0.06489992
vt 0.25941400 0.03115237
vt 0.43933920 0.37556020
vt 0.05111110 0.70312850
vt 0.78374670 0.55548600
vt 0.74999910 0.61393830
vt 0.11630630 0.68565950
vt 0.00000000 0.31489990
vt 0.12923940 0.69859400
vt 0.11177040 0.76378920
vt 0.06749500 0.31489990
vt 0.05111150 0.92667100
vt 0.50000000 0.74740550
vt 0.50000000 0.81490060
vt 0.11630670 0.94414100
vt 0.20096220 0.56490000
vt 0.87075960 0.69859420
vt 0.88822870 0.76378940
vt 0.25941460 0.59864800
vt 0.43934040 0.25424000
vt 0.21625200 0.55548630
vt 0.25000000 0.61393880
vt 0.48706660 0.30196600
vt 0.75000060 0.01586200
vt 0.51293400 0.32783450
vt 0.56066000 0.37556090
vt 0.78374810 0.07431400
vt 0.11177210 0.86601200
vt 0.74058600 0.03115308
vt 0.79903800 0.06490064
vt 0.12924100 0.93120700
vt 0.50000050 0.81490100
vt 0.88369300 0.68566020
vt 0.94888900 0.70312930
vt 0.50000050 0.88239600
vt 0.88822900 0.86601200
vt 0.93250500 0.31490070
vt 0.00000000 0.31490070
vt 0.87076000 0.93120700
vt 0.25000000 0.01586300
vt 0.88369400 0.94414100
vt 0.94888900 0.92667200
vt 0.21625300 0.07431500
vt 0.56066000 0.25424100
vt 0.74058600 0.59864900
vt 0.79903800 0.56490100
vt 0.51293400 0.30196700
vt 0.86501000 0.31490070
vt 0.81849800 0.96161000
vt 0.68213300 0.63239600
vt 0.46520800 0.34969300
vt 0.18250500 0.13276800
vt 0.85329090 0.99640300
vt 0.81849800 0.66819120
vt 0.50000050 0.94989100
vt 0.68213300 0.99740553
vt 0.14671000 0.99640200
vt 0.46520800 0.28010840
vt 0.81749560 0.13276700
vt 0.18250500 0.49703380
vt 0.53479280 0.34969200
vt 0.85329060 0.63339900
vt 0.31786700 0.63239500
vt 0.50000000 0.67991040
vt 0.18150190 0.96160900
vt 0.14670840 0.63339880
vt 0.13499000 0.31489990
vt 0.81749420 0.49703350
vt 0.18150150 0.66819050
vt 0.53479160 0.28010790
vt 0.31786630 0.99740481
vt 0.50000020 0.27404430
vt 0.25175450 0.24136210
vt 0.02042747 0.14554320
vt 0.82178250 0.99311745
vt 0.66935690 0.79447210
vt 0.57353820 0.56314480
vt 0.74824470 0.24136250
vt 0.54085620 0.31490030
vt 0.97957180 0.14554360
vt 0.57353840 0.06665550
vt 0.17821700 0.99311769
vt 0.66935730 0.83532800
vt 0.33064300 0.79447250
vt 0.82178330 0.63668300
vt 0.42646200 0.56314520
vt 0.02042845 0.48425800
vt 0.45914400 0.31490060
vt 0.25175570 0.38843900
vt 0.42646200 0.06665600
vt 0.50000040 0.35575700
vt 0.33064300 0.83532900
vt 0.74824510 0.38843900
vt 0.17821700 0.63668400
vt 0.97957220 0.48425800
vt 0.03442500 0.17170210
vt 0.97915270 0.03826180
vt 0.89122650 0.92367400
vt 0.77663890 0.83574800
vt 0.64319900 0.78047500
vt 0.50000020 0.76162300
vt 0.05327800 0.31490060
vt 0.03442500 0.45809950
vt 0.97915250 0.59153940
vt 0.89122650 0.70612700
vt 0.77663890 0.79405320
vt 0.64319880 0.84932580
vt 0.50000020 0.86817810
vt 0.35680150 0.78047500
vt 0.35680050 0.84932540
vt 0.22336130 0.83574800
vt 0.22336070 0.79405300
vt 0.10877390 0.92367400
vt 0.10877340 0.70612690
vt 0.02084768 0.03826150
vt 0.02084732 0.59153940
vt 0.96557498 0.17170180
vt 0.96557474 0.45809910
vt 0.94672233 0.31490030
vt 0.48341360 0.52392850
vt 0.48341360 0.54557920
vt 0.41547360 0.54557920
vt 0.41223840 0.52392850
vt 0.48341360 0.50227790
vt 0.35216360 0.54557920
vt 0.41547360 0.50227790
vt 0.34591360 0.52392850
vt 0.29779800 0.54557920
vt 0.35216360 0.50227790
vt 0.28895930 0.52392850
vt 0.29779800 0.50227790
vt 0.48341360 0.48357800
vt 0.48341360 0.45857800
vt 0.42194410 0.45048540
vt 0.41547360 0.47463350
vt 0.36466360 0.42675900
vt 0.35216360 0.44840970
vt 0.31547570 0.38901580
vt 0.29779800 0.40669350
vt 0.48341360 0.52392850
vt 0.48341360 0.50227790
vt 0.42194410 0.50227790
vt 0.42517940 0.52392850
vt 0.48341360 0.54557920
vt 0.36466360 0.50227790
vt 0.42194410 0.54557920
vt 0.37091360 0.52392850
vt 0.31547570 0.50227790
vt 0.36466360 0.54557920
vt 0.32431450 0.52392850
vt 0.31547570 0.54557920
vt 0.48341360 0.45857800
vt 0.48341360 0.48357800
vt 0.41547360 0.47463350
vt 0.42194410 0.45048540
vt 0.35216360 0.44840970
vt 0.36466360 0.42675900
vt 0.29779800 0.40669350
vt 0.31547570 0.38901580
vt 0.38688190 0.52392850
vt 0.37804310 0.54557920
vt 0.32367770 0.54557920
vt 0.32992770 0.52392850
vt 0.37804310 0.50227790
vt 0.32367770 0.50227790
vt 0.49779800 0.40669350
vt 0.51547570 0.38901580
vt 0.47773260 0.33982800
vt 0.45608190 0.35232800
vt 0.36036550 0.54557920
vt 0.30492770 0.52392850
vt 0.31117770 0.54557920
vt 0.35152660 0.52392850
vt 0.31117770 0.50227790
vt 0.36036550 0.50227790
vt 0.51547570 0.38901580
vt 0.49779800 0.40669350
vt 0.45608190 0.35232800
vt 0.47773260 0.33982800
vt 0.52992770 0.52392850
vt 0.52367770 0.54557920
vt 0.46036760 0.54557920
vt 0.46360280 0.52392850
vt 0.52367770 0.50227790
vt 0.39242770 0.54557920
vt 0.46036760 0.50227790
vt 0.39242770 0.52392850
vt 0.32448770 0.54557920
vt 0.39242770 0.50227790
vt 0.32125240 0.52392850
vt 0.32448770 0.50227790
vt 0.45608190 0.55232810
vt 0.47773260 0.53982810
vt 0.45400620 0.48254750
vt 0.42985800 0.48901800
vt 0.44591360 0.42107800
vt 0.42091360 0.42107800
vt 0.45400620 0.35960850
vt 0.42985800 0.35313790
vt 0.50492770 0.52392850
vt 0.51117770 0.50227790
vt 0.45389710 0.50227790
vt 0.45066190 0.52392850
vt 0.51117770 0.54557920
vt 0.39242770 0.50227790
vt 0.45389710 0.54557920
vt 0.39242770 0.52392850
vt 0.33095810 0.50227790
vt 0.39242770 0.54557920
vt 0.33419330 0.52392850
vt 0.33095810 0.54557920
vt 0.47773260 0.53982810
vt 0.45608190 0.55232810
vt 0.42985800 0.48901800
vt 0.45400620 0.48254750
vt 0.42091360 0.42107800
vt 0.44591360 0.42107800
vt 0.42985800 0.35313790
vt 0.45400620 0.35960850
vt 0.52125250 0.52392850
vt 0.52448770 0.54557920
vt 0.46117770 0.54557920
vt 0.45492770 0.52392850
vt 0.52448770 0.50227790
vt 0.40681220 0.54557920
vt 0.46117770 0.50227790
vt 0.39797330 0.52392850
vt 0.40681220 0.50227790
vt 0.42985800 0.55313800
vt 0.45400620 0.55960860
vt 0.47773250 0.50232800
vt 0.45608190 0.48982800
vt 0.51547570 0.45314020
vt 0.49779800 0.43546250
vt 0.56466360 0.41539700
vt 0.55216360 0.39374630
vt 0.53419340 0.52392850
vt 0.53095810 0.50227790
vt 0.47367770 0.50227790
vt 0.47992770 0.52392850
vt 0.53095810 0.54557920
vt 0.42448990 0.50227790
vt 0.47367770 0.54557920
vt 0.43332860 0.52392850
vt 0.42448990 0.54557920
vt 0.45400620 0.55960860
vt 0.42985800 0.55313800
vt 0.45608190 0.48982800
vt 0.47773250 0.50232800
vt 0.49779800 0.43546250
vt 0.51547570 0.45314020
vt 0.55216360 0.39374630
vt 0.56466360 0.41539700
vt 0.48895920 0.52392850
vt 0.49779800 0.54557920
vt 0.55216360 0.54557920
vt 0.54591360 0.52392850
vt 0.49779800 0.50227790
vt 0.55216360 0.50227790
vt 0.51547570 0.54557920
vt 0.57091360 0.52392850
vt 0.56466360 0.54557920
vt 0.52431450 0.52392850
vt 0.56466360 0.50227790
vt 0.51547570 0.50227790
vt 0.34591360 0.52392850
vt 0.35216360 0.54557920
vt 0.41547360 0.54557920
vt 0.41223830 0.52392850
vt 0.35216360 0.50227790
vt 0.48341360 0.54557920
vt 0.41547360 0.50227790
vt 0.48341360 0.52392850
vt 0.48341360 0.50227790
vt 0.35216360 0.39374630
vt 0.36466360 0.41539700
vt 0.42194400 0.39167060
vt 0.41547360 0.36752250
vt 0.37091360 0.52392850
vt 0.36466360 0.50227790
vt 0.42194400 0.50227790
vt 0.42517920 0.52392850
vt 0.36466360 0.54557920
vt 0.48341360 0.50227790
vt 0.42194400 0.54557920
vt 0.48341360 0.52392850
vt 0.48341360 0.54557920
vt 0.36466360 0.41539700
vt 0.35216360 0.39374630
vt 0.41547360 0.36752250
vt 0.42194400 0.39167060
vt 0.48341360 0.35857800
vt 0.48341360 0.38357800
vt 0.41547360 0.56752250
vt 0.42194400 0.59167060
vt 0.48341360 0.58357800
vt 0.48341360 0.55857800
vt 0.25000000 0.27028470
vt 0.56066000 0.27028470
vt 0.56066000 0.35951700
vt 0.25000000 0.35951700
vt 0.88822870 0.27028470
vt 0.21596900 0.18631440
vt 0.88822870 0.35951700
vt 0.87061300 0.18631440
vt 0.50000000 0.27028470
vt 0.50000000 0.35951700
vt 0.50000000 0.18631440
vt 0.11177040 0.27028470
vt 0.11177040 0.35951700
vt 0.12938590 0.18631440
vt 0.74999910 0.27028470
vt 0.78402990 0.18631440
vt 0.74999910 0.35951700
vt 0.43933920 0.27028470
vt 0.43933920 0.35951700
vt 0.25000000 0.35951700
vt 0.25000000 0.27028470
vt 0.88822870 0.35951700
vt 0.88822870 0.27028470
vt 0.50000020 0.35951700
vt 0.87061300 0.18631440
vt 0.21596900 0.18631440
vt 0.50000020 0.18631440
vt 0.50000020 0.27028470
vt 0.11177160 0.35951700
vt 0.12938720 0.18631440
vt 0.11177160 0.27028470
vt 0.78403090 0.18631440
vt 0.75000020 0.35951700
vt 0.75000020 0.27028470
vt 0.43934010 0.35951700
vt 0.43934010 0.27028470
vt 0.56066000 0.27028470
vt 0.25000000 0.35951700
vt 0.56066000 0.35951700
vt 0.25000000 0.27028470
vt 0.88822900 0.35951700
vt 0.88822900 0.27028470
vt 0.50000050 0.35951700
vt 0.87061350 0.18631440
vt 0.21597000 0.18631440
vt 0.50000050 0.18631440
vt 0.50000050 0.27028470
vt 0.11177210 0.35951700
vt 0.12938760 0.18631440
vt 0.11177210 0.27028470
vt 0.78403130 0.18631440
vt 0.75000060 0.35951700
vt 0.75000060 0.27028470
vt 0.43934040 0.35951700
vt 0.43934040 0.27028470
vt 0.74999950 0.35951700
vt 0.74999950 0.27028470
vt 0.11177080 0.35951700
vt 0.11177080 0.27028470
vt 0.49999930 0.35951700
vt 0.12938650 0.18631440
vt 0.78403030 0.18631440
vt 0.49999930 0.18631440
vt 0.49999930 0.27028470
vt 0.88822780 0.35951700
vt 0.87061230 0.18631440
vt 0.88822780 0.27028470
vt 0.21596900 0.18631440
vt 0.24999900 0.35951700
vt 0.24999900 0.27028470
vt 0.56066000 0.35951700
vt 0.56066000 0.27028470
vt 0.25000000 0.35951700
vt 0.57884600 0.41192200
vt 0.56066000 0.35951700
vt 0.26286000 0.41192200
vt 0.55975000 0.46909100
vt 0.88822900 0.35951700
vt 0.24935600 0.46909100
vt 0.89488550 0.41192200
vt 0.50000050 0.35951700
vt 0.88789570 0.46909100
vt 0.50000050 0.41192200
vt 0.11177210 0.35951700
vt 0.50000050 0.46909100
vt 0.10511570 0.41192200
vt 0.75000060 0.35951700
vt 0.11210550 0.46909100
vt 0.73714150 0.41192200
vt 0.43934040 0.35951700
vt 0.75064460 0.46909100
vt 0.42115490 0.41192200
vt 0.44025110 0.46909100
vt 0.88314700 0.94428800
vt 0.93193900 0.31490070
vt 0.88314700 0.68551360
vt 0.74009500 0.59893100
vt 0.74009500 0.03087008
vt 0.51253400 0.30236800
vt 0.79903800 0.56490100
vt 0.56066000 0.25424100
vt 0.21597000 0.07480600
vt 0.25000000 0.01586300
vt 0.51253400 0.32743420
vt 0.56066000 0.37556090
vt 0.79903800 0.06490064
vt 0.25000000 0.61393880
vt 0.21596900 0.55499580
vt 0.87061350 0.93175400
vt 0.87061300 0.69804720
vt 0.50000050 0.88296200
vt 0.50000000 0.74683940
vt 0.12938760 0.93175400
vt 0.12938590 0.69804680
vt 0.78403130 0.07480500
vt 0.78402990 0.55499550
vt 0.48746710 0.30236600
vt 0.75000060 0.01586200
vt 0.43934040 0.25424000
vt 0.25990500 0.59893100
vt 0.20096220 0.56490000
vt 0.48746590 0.32743350
vt 0.43933920 0.37556020
vt 0.74999910 0.61393830
vt 0.20096150 0.06489992
vt 0.25990440 0.03086936
vt 0.11685370 0.94428700
vt 0.11685320 0.68551290
vt 0.06806140 0.31489990
vt 0.74999950 0.35951700
vt 0.73714040 0.41192200
vt 0.44025000 0.46909100
vt 0.11177080 0.35951700
vt 0.75064360 0.46909100
vt 0.10511450 0.41192200
vt 0.49999930 0.35951700
vt 0.11210420 0.46909100
vt 0.49999930 0.41192200
vt 0.88822780 0.35951700
vt 0.49999930 0.46909100
vt 0.89488410 0.41192200
vt 0.24999900 0.35951700
vt 0.88789450 0.46909100
vt 0.26285800 0.41192200
vt 0.56066000 0.35951700
vt 0.24935500 0.46909100
vt 0.57884500 0.41192200
vt 0.55974900 0.46909100
vt 0.74999910 0.35951700
vt 0.42115350 0.41192200
vt 0.43933920 0.35951700
vt 0.73713990 0.41192200
vt 0.44024990 0.46909100
vt 0.11177040 0.35951700
vt 0.75064310 0.46909100
vt 0.10511390 0.41192200
vt 0.50000000 0.35951700
vt 0.11210380 0.46909100
vt 0.50000000 0.41192200
vt 0.88822870 0.35951700
vt 0.50000000 0.46909100
vt 0.89488500 0.41192200
vt 0.25000000 0.35951700
vt 0.88789520 0.46909100
vt 0.26285900 0.41192200
vt 0.56066000 0.35951700
vt 0.24935600 0.46909100
vt 0.57884600 0.41192200
vt 0.55974900 0.46909100
vt 0.25000000 0.35951700
vt 0.26285900 0.41192200
vt 0.88822870 0.35951700
vt 0.24935600 0.46909100
vt 0.89488500 0.41192200
vt 0.50000020 0.35951700
vt 0.88789530 0.46909100
vt 0.50000020 0.41192200
vt 0.11177160 0.35951700
vt 0.50000020 0.46909100
vt 0.10511520 0.41192200
vt 0.75000020 0.35951700
vt 0.11210500 0.46909100
vt 0.73714110 0.41192200
vt 0.43934010 0.35951700
vt 0.75064430 0.46909100
vt 0.42115450 0.41192200
vt 0.44025090 0.46909100
vt 0.22650400 0.28638920
vt 0.52749100 0.37019900
vt 0.52743200 0.28638920
vt 0.22654600 0.37019900
vt 0.87606610 0.28638920
vt 0.20385600 0.23193070
vt 0.87608770 0.37019900
vt 0.86434230 0.23193070
vt 0.50000000 0.28638920
vt 0.50000000 0.37019900
vt 0.50000000 0.23193070
vt 0.12393290 0.28638920
vt 0.12391120 0.37019900
vt 0.13565650 0.23193070
vt 0.77349530 0.28638920
vt 0.79614370 0.23193070
vt 0.77345340 0.37019900
vt 0.47256780 0.28638920
vt 0.47250840 0.37019900
vt 0.22654600 0.37019900
vt 0.22650400 0.28638920
vt 0.87608790 0.37019900
vt 0.87606610 0.28638920
vt 0.50000020 0.37019900
vt 0.86434250 0.23193070
vt 0.20385600 0.23193070
vt 0.50000020 0.23193070
vt 0.50000020 0.28638920
vt 0.12391250 0.37019900
vt 0.13565770 0.23193070
vt 0.12393410 0.28638920
vt 0.79614460 0.23193070
vt 0.77345450 0.37019900
vt 0.77349640 0.28638920
vt 0.47250940 0.37019900
vt 0.47256880 0.28638920
vt 0.52743200 0.28638920
vt 0.52749100 0.37019900
vt 0.22654600 0.37019900
vt 0.22650400 0.28638920
vt 0.87608830 0.37019900
vt 0.87606640 0.28638920
vt 0.50000050 0.37019900
vt 0.86434290 0.23193070
vt 0.20385600 0.23193070
vt 0.50000050 0.23193070
vt 0.50000050 0.28638920
vt 0.12391280 0.37019900
vt 0.13565810 0.23193070
vt 0.12393460 0.28638920
vt 0.79614500 0.23193070
vt 0.77345480 0.37019900
vt 0.77349690 0.28638920
vt 0.47250960 0.37019900
vt 0.47256900 0.28638920
vt 0.77345380 0.37019900
vt 0.77349580 0.28638920
vt 0.12391160 0.37019900
vt 0.12393340 0.28638920
vt 0.49999930 0.37019900
vt 0.13565700 0.23193070
vt 0.79614400 0.23193070
vt 0.49999940 0.23193070
vt 0.49999930 0.28638920
vt 0.87608700 0.37019900
vt 0.86434180 0.23193070
vt 0.87606540 0.28638920
vt 0.20385500 0.23193070
vt 0.22654500 0.37019900
vt 0.22650300 0.28638920
vt 0.52749000 0.37019900
vt 0.52743100 0.28638920
vt 0.22654600 0.37019900
vt 0.52749100 0.37019900
vt 0.51678900 0.41229300
vt 0.21897900 0.41229300
vt 0.52980900 0.44908900
vt 0.87608830 0.37019900
vt 0.22818500 0.44908900
vt 0.87217100 0.41229300
vt 0.50000050 0.37019900
vt 0.87693690 0.44908900
vt 0.50000050 0.41229300
vt 0.12391280 0.37019900
vt 0.50000050 0.44908900
vt 0.12783010 0.41229300
vt 0.77345480 0.37019900
vt 0.12306420 0.44908900
vt 0.78102230 0.41229300
vt 0.47250960 0.37019900
vt 0.77181540 0.44908900
vt 0.48321150 0.41229300
vt 0.47019120 0.44908900
vt 0.85974400 0.67924320
vt 0.90771100 0.31490070
vt 0.85974500 0.95055800
vt 0.71911400 0.61104500
vt 0.71911400 0.01875627
vt 0.49540200 0.31030270
vt 0.52743200 0.34233220
vt 0.75834200 0.04140449
vt 0.22650400 0.57324220
vt 0.20385600 0.53401420
vt 0.49540200 0.31949900
vt 0.75834200 0.58839700
vt 0.52743200 0.28746900
vt 0.20385600 0.09578700
vt 0.22650400 0.05655900
vt 0.86434290 0.95515600
vt 0.86434230 0.67464510
vt 0.50000050 0.90719000
vt 0.50000000 0.72261170
vt 0.13565810 0.95515600
vt 0.13565650 0.67464490
vt 0.79614500 0.09578700
vt 0.79614370 0.53401380
vt 0.50459840 0.31949800
vt 0.77349690 0.05655900
vt 0.47256900 0.28746900
vt 0.28088670 0.61104500
vt 0.24165880 0.58839600
vt 0.50459730 0.31030200
vt 0.47256780 0.34233150
vt 0.77349530 0.57324170
vt 0.24165810 0.04140377
vt 0.28088610 0.01875556
vt 0.14025570 0.95055800
vt 0.14025530 0.67924250
vt 0.09228900 0.31489990
vt 0.77345380 0.37019900
vt 0.78102120 0.41229300
vt 0.12391160 0.37019900
vt 0.77181440 0.44908900
vt 0.12782890 0.41229300
vt 0.49999930 0.37019900
vt 0.12306310 0.44908900
vt 0.49999940 0.41229300
vt 0.87608700 0.37019900
vt 0.49999930 0.44908900
vt 0.87216970 0.41229300
vt 0.22654500 0.37019900
vt 0.87693570 0.44908900
vt 0.21897800 0.41229300
vt 0.52749000 0.37019900
vt 0.22818400 0.44908900
vt 0.51678800 0.41229300
vt 0.52980900 0.44908900
vt 0.77345340 0.37019900
vt 0.47250840 0.37019900
vt 0.48321060 0.41229300
vt 0.78102080 0.41229300
vt 0.47019000 0.44908900
vt 0.12391120 0.37019900
vt 0.77181400 0.44908900
vt 0.12782850 0.41229300
vt 0.50000000 0.37019900
vt 0.12306260 0.44908900
vt 0.50000000 0.41229300
vt 0.87608770 0.37019900
vt 0.50000000 0.44908900
vt 0.87217060 0.41229300
vt 0.22654600 0.37019900
vt 0.87693640 0.44908900
vt 0.21897800 0.41229300
vt 0.52749100 0.37019900
vt 0.22818500 0.44908900
vt 0.51678900 0.41229300
vt 0.52980900 0.44908900
vt 0.22654600 0.37019900
vt 0.21897800 0.41229300
vt 0.87608790 0.37019900
vt 0.22818500 0.44908900
vt 0.87217060 0.41229300
vt 0.50000020 0.37019900
vt 0.87693640 0.44908900
vt 0.50000020 0.41229300
vt 0.12391250 0.37019900
vt 0.50000020 0.44908900
vt 0.12782960 0.41229300
vt 0.77345450 0.37019900
vt 0.12306380 0.44908900
vt 0.78102200 0.41229300
vt 0.47250940 0.37019900
vt 0.77181510 0.44908900
vt 0.48321140 0.41229300
vt 0.47019100 0.44908900
vt 0.48341360 0.52392850
vt 0.41547360 0.54557920
vt 0.48341360 0.54557920
vt 0.41223840 0.52392850
vt 0.48341360 0.50227790
vt 0.35216360 0.54557920
vt 0.41547360 0.50227790
vt 0.34591360 0.52392850
vt 0.29779800 0.54557920
vt 0.35216360 0.50227790
vt 0.28895930 0.52392850
vt 0.29779800 0.50227790
vt 0.48341360 0.48357800
vt 0.42194410 0.45048540
vt 0.48341360 0.45857800
vt 0.41547360 0.47463350
vt 0.36466360 0.42675900
vt 0.35216360 0.44840970
vt 0.31547570 0.38901580
vt 0.29779800 0.40669350
vt 0.48341360 0.52392850
vt 0.42194410 0.50227790
vt 0.48341360 0.50227790
vt 0.42517940 0.52392850
vt 0.48341360 0.54557920
vt 0.36466360 0.50227790
vt 0.42194410 0.54557920
vt 0.37091360 0.52392850
vt 0.31547570 0.50227790
vt 0.36466360 0.54557920
vt 0.32431450 0.52392850
vt 0.31547570 0.54557920
vt 0.48341360 0.45857800
vt 0.41547360 0.47463350
vt 0.48341360 0.48357800
vt 0.42194410 0.45048540
vt 0.35216360 0.44840970
vt 0.36466360 0.42675900
vt 0.29779800 0.40669350
vt 0.31547570 0.38901580
vt 0.38688190 0.52392850
vt 0.32367770 0.54557920
vt 0.37804310 0.54557920
vt 0.32992770 0.52392850
vt 0.37804310 0.50227790
vt 0.32367770 0.50227790
vt 0.49779800 0.40669350
vt 0.45608190 0.35232800
vt 0.47773260 0.33982800
vt 0.51547570 0.38901580
vt 0.36036550 0.54557920
vt 0.31117770 0.54557920
vt 0.30492770 0.52392850
vt 0.35152660 0.52392850
vt 0.31117770 0.50227790
vt 0.36036550 0.50227790
vt 0.51547570 0.38901580
vt 0.47773260 0.33982800
vt 0.45608190 0.35232800
vt 0.49779800 0.40669350
vt 0.52992770 0.52392850
vt 0.46036760 0.54557920
vt 0.52367770 0.54557920
vt 0.46360280 0.52392850
vt 0.52367770 0.50227790
vt 0.39242770 0.54557920
vt 0.46036760 0.50227790
vt 0.39242770 0.52392850
vt 0.32448770 0.54557920
vt 0.39242770 0.50227790
vt 0.32125240 0.52392850
vt 0.32448770 0.50227790
vt 0.45608190 0.55232810
vt 0.45400620 0.48254750
vt 0.47773260 0.53982810
vt 0.42985800 0.48901800
vt 0.44591360 0.42107800
vt 0.42091360 0.42107800
vt 0.45400620 0.35960850
vt 0.42985800 0.35313790
vt 0.50492770 0.52392850
vt 0.45389710 0.50227790
vt 0.51117770 0.50227790
vt 0.45066190 0.52392850
vt 0.51117770 0.54557920
vt 0.39242770 0.50227790
vt 0.45389710 0.54557920
vt 0.39242770 0.52392850
vt 0.33095810 0.50227790
vt 0.39242770 0.54557920
vt 0.33419330 0.52392850
vt 0.33095810 0.54557920
vt 0.47773260 0.53982810
vt 0.42985800 0.48901800
vt 0.45608190 0.55232810
vt 0.45400620 0.48254750
vt 0.42091360 0.42107800
vt 0.44591360 0.42107800
vt 0.42985800 0.35313790
vt 0.45400620 0.35960850
vt 0.52125250 0.52392850
vt 0.46117770 0.54557920
vt 0.52448770 0.54557920
vt 0.45492770 0.52392850
vt 0.52448770 0.50227790
vt 0.40681220 0.54557920
vt 0.46117770 0.50227790
vt 0.39797330 0.52392850
vt 0.40681220 0.50227790
vt 0.42985800 0.55313800
vt 0.47773250 0.50232800
vt 0.45400620 0.55960860
vt 0.45608190 0.48982800
vt 0.51547570 0.45314020
vt 0.49779800 0.43546250
vt 0.56466360 0.41539700
vt 0.55216360 0.39374630
vt 0.53419340 0.52392850
vt 0.47367770 0.50227790
vt 0.53095810 0.50227790
vt 0.47992770 0.52392850
vt 0.53095810 0.54557920
vt 0.42448990 0.50227790
vt 0.47367770 0.54557920
vt 0.43332860 0.52392850
vt 0.42448990 0.54557920
vt 0.45400620 0.55960860
vt 0.45608190 0.48982800
vt 0.42985800 0.55313800
vt 0.47773250 0.50232800
vt 0.49779800 0.43546250
vt 0.51547570 0.45314020
vt 0.55216360 0.39374630
vt 0.56466360 0.41539700
vt 0.48895920 0.52392850
vt 0.55216360 0.54557920
vt 0.49779800 0.54557920
vt 0.54591360 0.52392850
vt 0.49779800 0.50227790
vt 0.55216360 0.50227790
vt 0.51547570 0.54557920
vt 0.56466360 0.54557920
vt 0.57091360 0.52392850
vt 0.52431450 0.52392850
vt 0.56466360 0.50227790
vt 0.51547570 0.50227790
vt 0.34591360 0.52392850
vt 0.41547360 0.54557920
vt 0.35216360 0.54557920
vt 0.41223830 0.52392850
vt 0.35216360 0.50227790
vt 0.48341360 0.54557920
vt 0.41547360 0.50227790
vt 0.48341360 0.52392850
vt 0.48341360 0.50227790
vt 0.35216360 0.39374630
vt 0.41547360 0.36752250
vt 0.42194400 0.39167060
vt 0.36466360 0.41539700
vt 0.37091360 0.52392850
vt 0.42194400 0.50227790
vt 0.36466360 0.50227790
vt 0.42517920 0.52392850
vt 0.36466360 0.54557920
vt 0.48341360 0.50227790
vt 0.42194400 0.54557920
vt 0.48341360 0.52392850
vt 0.48341360 0.54557920
vt 0.36466360 0.41539700
vt 0.41547360 0.36752250
vt 0.35216360 0.39374630
vt 0.42194400 0.39167060
vt 0.48341360 0.35857800
vt 0.48341360 0.38357800
vt 0.41547360 0.56752250
vt 0.48341360 0.55857800
vt 0.48341360 0.58357800
vt 0.42194400 0.59167060
vt 0.75064310 0.61282280
vt 0.77181400 0.57615400
vt 0.47019000 0.34470940
vt 0.44024990 0.37464930
vt 0.11210380 0.76254500
vt 0.23874580 0.04308498
vt 0.12306260 0.72164600
vt 0.20207690 0.06425583
vt 0.50000000 0.81361250
vt 0.09325410 0.69183620
vt 0.50000000 0.77127090
vt 0.05235530 0.70279510
vt 0.88789520 0.76254520
vt 0.04362980 0.31489990
vt 0.87693640 0.72164630
vt 0.00128820 0.31489990
vt 0.24935600 0.61282340
vt 0.09325460 0.93796400
vt 0.22818500 0.57615440
vt 0.05235560 0.92700500
vt 0.55974900 0.37465000
vt 0.23874650 0.58671500
vt 0.52980900 0.34470990
vt 0.20207760 0.56554400
vt 0.79792300 0.06425655
vt 0.47019120 0.28509100
vt 0.76125400 0.04308569
vt 0.44025110 0.25515100
vt 0.94764400 0.70279600
vt 0.77181540 0.05364600
vt 0.90674600 0.69183700
vt 0.75064460 0.01697800
vt 0.99871200 0.31490070
vt 0.12306420 0.90815400
vt 0.95637000 0.31490070
vt 0.11210550 0.86725600
vt 0.94764500 0.92700600
vt 0.50000050 0.85853000
vt 0.90674600 0.93796400
vt 0.50000050 0.81618900
vt 0.79792300 0.56554500
vt 0.87693690 0.90815500
vt 0.76125400 0.58671600
vt 0.88789570 0.86725600
vt 0.55975000 0.25515200
vt 0.22818500 0.05364700
vt 0.52980900 0.28509200
vt 0.24935600 0.01697800
f 3/3 2/2 1/1
f 2/2 4/4 1/1
f 2/2 5/5 4/4
f 1/1 4/4 6/6
f 5/5 7/7 4/4
f 4/4 8/8 6/6
f 4/4 7/7 8/8
f 6/6 8/8 9/9
f 7/7 10/10 8/8
f 8/8 11/11 9/9
f 8/8 10/10 11/11
f 9/9 11/11 12/12
f 10/10 13/13 11/11
f 11/11 14/14 12/12
f 11/11 13/13 14/14
f 12/12 14/14 15/15
f 13/13 16/16 14/14
f 14/14 17/17 15/15
f 14/14 16/16 17/17
f 15/15 17/17 18/18
f 16/16 19/19 17/17
f 17/17 20/20 18/18
f 17/17 19/19 20/20
f 19/19 21/21 20/20
f 18/18 20/20 22/22
f 20/20 23/23 22/22
f 20/20 24/24 23/23
f 22/22 23/23 25/25
f 24/24 26/26 23/23
f 23/23 27/27 25/25
f 23/23 26/26 27/27
f 25/25 27/27 28/28
f 26/26 29/29 27/27
f 27/27 30/30 28/28
f 27/27 29/29 30/30
f 28/28 30/30 31/31
f 29/29 32/32 30/30
f 30/30 33/33 31/31
f 30/30 32/32 33/33
f 31/31 33/33 34/34
f 32/32 35/35 33/33
f 33/33 36/36 34/34
f 33/33 35/35 36/36
f 34/34 36/36 37/37
f 35/35 38/38 36/36
f 36/36 39/39 37/37
f 36/36 38/38 39/39
f 38/38 40/40 39/39
f 43/43 42/42 41/41
f 42/42 44/44 41/41
f 42/42 45/45 44/44
f 41/41 44/44 46/46
f 45/45 47/47 44/44
f 44/44 48/48 46/46
f 44/44 47/47 48/48
f 46/46 48/48 49/49
f 47/47 50/50 48/48
f 48/48 51/51 49/49
f 48/48 50/50 51/51
f 49/49 51/51 52/52
f 50/50 53/53 51/51
f 51/51 54/54 52/52
f 51/51 53/53 54/54
f 52/52 54/54 55/55
f 53/53 56/56 54/54
f 54/54 57/57 55/55
f 54/54 56/56 57/57
f 55/55 57/57 58/58
f 56/56 59/59 57/57
f 57/57 60/60 58/58
f 57/57 59/59 60/60
f 59/59 61/61 60/60
f 58/58 60/60 62/62
f 60/60 63/63 62/62
f 60/60 61/61 63/63
f 62/62 63/63 64/64
f 61/61 65/65 63/63
f 63/63 66/66 64/64
f 63/63 65/65 66/66
f 64/64 66/66 67/67
f 65/65 68/68 66/66
f 66/66 69/69 67/67
f 66/66 68/68 69/69
f 67/67 69/69 70/70
f 68/68 71/71 69/69
f 69/69 72/72 70/70
f 69/69 71/71 72/72
f 70/70 72/72 73/73
f 71/71 74/74 72/72
f 72/72 75/75 73/73
f 72/72 74/74 75/75
f 73/73 75/75 76/76
f 74/74 77/77 75/75
f 75/75 78/78 76/76
f 75/75 77/77 78/78
f 77/77 79/79 78/78
f 82/82 81/81 80/80
f 81/81 83/83 80/80
f 80/80 83/83 84/84
f 81/81 85/85 83/83
f 83/83 86/86 84/84
f 85/85 87/87 83/83
f 83/83 87/87 86/86
f 85/85 88/88 87/87
f 87/87 89/89 86/86
f 88/88 90/90 87/87
f 87/87 90/90 89/89
f 90/90 91/91 89/89
f 94/94 93/93 92/92
f 93/93 95/95 92/92
f 93/93 96/96 95/95
f 96/96 97/97 95/95
f 96/96 98/98 97/97
f 98/98 99/99 97/97
f 102/102 101/101 100/100
f 101/101 103/103 100/100
f 100/100 103/103 104/104
f 101/101 105/105 103/103
f 103/103 106/106 104/104
f 105/105 107/107 103/103
f 103/103 107/107 106/106
f 105/105 108/108 107/107
f 107/107 109/109 106/106
f 108/108 110/110 107/107
f 107/107 110/110 109/109
f 110/110 111/111 109/109
f 114/114 113/113 112/112
f 113/113 115/115 112/112
f 113/113 116/116 115/115
f 116/116 117/117 115/115
f 116/116 118/118 117/117
f 118/118 119/119 117/117
f 122/122 121/121 120/120
f 121/121 123/123 120/120
f 120/120 123/123 124/124
f 123/123 125/125 124/124
f 128/128 127/127 126/126
f 129/129 128/128 126/126
f 132/132 131/131 130/130
f 133/133 132/132 130/130
f 134/134 132/132 133/133
f 135/135 134/134 133/133
f 138/138 137/137 136/136
f 139/139 138/138 136/136
f 142/142 141/141 140/140
f 141/141 143/143 140/140
f 140/140 143/143 144/144
f 141/141 145/145 143/143
f 143/143 146/146 144/144
f 145/145 147/147 143/143
f 143/143 147/147 146/146
f 145/145 148/148 147/147
f 147/147 149/149 146/146
f 148/148 150/150 147/147
f 147/147 150/150 149/149
f 150/150 151/151 149/149
f 154/154 153/153 152/152
f 153/153 155/155 152/152
f 153/153 156/156 155/155
f 156/156 157/157 155/155
f 156/156 158/158 157/157
f 158/158 159/159 157/157
f 162/162 161/161 160/160
f 161/161 163/163 160/160
f 160/160 163/163 164/164
f 161/161 165/165 163/163
f 163/163 166/166 164/164
f 165/165 167/167 163/163
f 163/163 167/167 166/166
f 165/165 168/168 167/167
f 167/167 169/169 166/166
f 168/168 170/170 167/167
f 167/167 170/170 169/169
f 170/170 171/171 169/169
f 174/174 173/173 172/172
f 173/173 175/175 172/172
f 173/173 176/176 175/175
f 176/176 177/177 175/175
f 176/176 178/178 177/177
f 178/178 179/179 177/177
f 182/182 181/181 180/180
f 181/181 183/183 180/180
f 180/180 183/183 184/184
f 181/181 185/185 183/183
f 183/183 186/186 184/184
f 185/185 187/187 183/183
f 183/183 187/187 186/186
f 187/187 188/188 186/186
f 191/191 190/190 189/189
f 190/190 192/192 189/189
f 190/190 193/193 192/192
f 193/193 194/194 192/192
f 193/193 195/195 194/194
f 195/195 196/196 194/194
f 199/199 198/198 197/197
f 198/198 200/200 197/197
f 197/197 200/200 201/201
f 198/198 202/202 200/200
f 200/200 203/203 201/201
f 202/202 204/204 200/200
f 200/200 204/204 203/203
f 204/204 205/205 203/203
f 208/208 207/207 206/206
f 207/207 209/209 206/206
f 207/207 210/210 209/209
f 210/210 211/211 209/209
f 210/210 212/212 211/211
f 212/212 213/213 211/211
f 216/216 215/215 214/214
f 215/215 217/217 214/214
f 214/214 217/217 218/218
f 217/217 219/219 218/218
f 222/222 221/221 220/220
f 223/223 222/222 220/220
f 224/224 222/222 223/223
f 225/225 224/224 223/223
f 228/228 227/227 226/226
f 227/227 229/229 226/226
f 226/226 229/229 230/230
f 227/227 231/231 229/229
f 229/229 232/232 230/230
f 231/231 233/233 229/229
f 229/229 233/233 232/232
f 233/233 234/234 232/232
f 237/237 236/236 235/235
f 238/238 237/237 235/235
f 241/241 240/240 239/239
f 240/240 242/242 239/239
f 239/239 242/242 243/243
f 240/240 244/244 242/242
f 242/242 245/245 243/243
f 244/244 246/246 242/242
f 242/242 246/246 245/245
f 246/246 247/247 245/245
f 250/250 249/249 248/248
f 249/249 251/251 248/248
f 249/249 252/252 251/251
f 252/252 253/253 251/251
f 256/256 255/255 254/254
f 257/257 256/256 254/254
f 260/260 259/259 258/258
f 259/259 261/261 258/258
f 262/262 259/259 260/260
f 258/258 261/261 263/263
f 261/261 264/264 263/263
f 265/265 262/262 260/260
f 266/266 262/262 265/265
f 263/263 264/264 267/267
f 264/264 268/268 267/267
f 269/269 266/266 265/265
f 270/270 266/266 269/269
f 267/267 268/268 271/271
f 268/268 272/272 271/271
f 273/273 270/270 269/269
f 274/274 270/270 273/273
f 271/271 272/272 275/275
f 272/272 276/276 275/275
f 277/277 274/274 273/273
f 278/278 274/274 277/277
f 275/275 276/276 279/279
f 276/276 280/280 279/279
f 281/281 278/278 277/277
f 282/282 278/278 281/281
f 279/279 280/280 283/283
f 280/280 284/284 283/283
f 285/285 282/282 281/281
f 286/286 282/282 285/285
f 283/283 284/284 287/287
f 284/284 288/288 287/287
f 289/289 286/286 285/285
f 290/290 286/286 289/289
f 287/287 288/288 291/291
f 288/288 292/292 291/291
f 293/293 290/290 289/289
f 294/294 290/290 293/293
f 291/291 292/292 295/295
f 292/292 296/296 295/295
f 297/297 294/294 293/293
f 298/298 294/294 297/297
f 295/295 296/296 299/299
f 296/296 300/300 299/299
f 301/301 298/298 297/297
f 302/302 298/298 301/301
f 299/299 300/300 303/303
f 300/300 304/304 303/303
f 304/304 302/302 305/305
f 305/305 302/302 301/301
f 303/303 304/304 305/305
f 291/291 295/295 306/306
f 295/295 299/299 307/307
f 306/306 295/295 307/307
f 299/299 303/303 308/308
f 307/307 299/299 308/308
f 303/303 305/305 309/309
f 308/308 303/303 309/309
f 305/305 301/301 310/310
f 309/309 305/305 310/310
f 301/301 297/297 311/311
f 310/310 301/301 311/311
f 312/312 291/291 306/306
f 287/287 291/291 312/312
f 311/311 297/297 313/313
f 297/297 293/293 313/313
f 314/314 287/287 312/312
f 283/283 287/287 314/314
f 313/313 293/293 315/315
f 293/293 289/289 315/315
f 316/316 283/283 314/314
f 279/279 283/283 316/316
f 315/315 289/289 317/317
f 289/289 285/285 317/317
f 318/318 279/279 316/316
f 275/275 279/279 318/318
f 317/317 285/285 319/319
f 285/285 281/281 319/319
f 320/320 275/275 318/318
f 271/271 275/275 320/320
f 319/319 281/281 321/321
f 281/281 277/277 321/321
f 322/322 271/271 320/320
f 267/267 271/271 322/322
f 321/321 277/277 323/323
f 277/277 273/273 323/323
f 324/324 267/267 322/322
f 263/263 267/267 324/324
f 323/323 273/273 325/325
f 273/273 269/269 325/325
f 326/326 263/263 324/324
f 258/258 263/263 326/326
f 325/325 269/269 327/327
f 269/269 265/265 327/327
f 328/328 258/258 326/326
f 260/260 258/258 328/328
f 265/265 260/260 329/329
f 327/327 265/265 329/329
f 329/329 260/260 328/328
f 324/324 322/322 330/330
f 326/326 324/324 331/331
f 331/331 324/324 330/330
f 328/328 326/326 332/332
f 332/332 326/326 331/331
f 329/329 328/328 333/333
f 333/333 328/328 332/332
f 327/327 329/329 334/334
f 334/334 329/329 333/333
f 325/325 327/327 335/335
f 335/335 327/327 334/334
f 330/330 322/322 336/336
f 322/322 320/320 336/336
f 337/337 325/325 335/335
f 323/323 325/325 337/337
f 336/336 320/320 338/338
f 320/320 318/318 338/338
f 339/339 323/323 337/337
f 321/321 323/323 339/339
f 338/338 318/318 340/340
f 318/318 316/316 340/340
f 341/341 321/321 339/339
f 319/319 321/321 341/341
f 340/340 316/316 342/342
f 316/316 314/314 342/342
f 343/343 319/319 341/341
f 317/317 319/319 343/343
f 342/342 314/314 344/344
f 314/314 312/312 344/344
f 345/345 317/317 343/343
f 315/315 317/317 345/345
f 344/344 312/312 346/346
f 312/312 306/306 346/346
f 347/347 315/315 345/345
f 313/313 315/315 347/347
f 346/346 306/306 348/348
f 306/306 307/307 348/348
f 349/349 313/313 347/347
f 311/311 313/313 349/349
f 348/348 307/307 350/350
f 307/307 308/308 350/350
f 351/351 311/311 349/349
f 310/310 311/311 351/351
f 350/350 308/308 352/352
f 308/308 309/309 352/352
f 309/309 310/310 353/353
f 353/353 310/310 351/351
f 352/352 309/309 353/353
f 346/346 348/348 354/354
f 348/348 350/350 355/355
f 354/354 348/348 355/355
f 350/350 352/352 356/356
f 355/355 350/350 356/356
f 352/352 353/353 357/357
f 356/356 352/352 357/357
f 353/353 351/351 358/358
f 357/357 353/353 358/358
f 351/351 349/349 359/359
f 358/358 351/351 359/359
f 359/359 349/349 360/360
f 349/349 347/347 360/360
f 361/361 358/358 359/359
f 361/361 359/359 360/360
f 362/362 357/357 358/358
f 361/361 362/362 358/358
f 363/363 356/356 357/357
f 362/362 363/363 357/357
f 364/364 355/355 356/356
f 363/363 364/364 356/356
f 360/360 347/347 365/365
f 347/347 345/345 365/365
f 366/366 361/361 360/360
f 366/366 360/360 365/365
f 364/364 367/367 355/355
f 367/367 354/354 355/355
f 365/365 345/345 368/368
f 345/345 343/343 368/368
f 368/368 343/343 369/369
f 343/343 341/341 369/369
f 368/368 369/369 370/370
f 369/369 341/341 370/370
f 370/370 365/365 368/368
f 341/341 339/339 370/370
f 370/370 371/371 365/365
f 370/370 339/339 371/371
f 371/371 366/366 365/365
f 339/339 337/337 371/371
f 371/371 337/337 366/366
f 337/337 335/335 366/366
f 366/366 335/335 361/361
f 335/335 334/334 361/361
f 361/361 334/334 362/362
f 334/334 333/333 362/362
f 362/362 333/333 363/363
f 333/333 332/332 363/363
f 363/363 332/332 364/364
f 332/332 331/331 364/364
f 364/364 331/331 367/367
f 331/331 330/330 367/367
f 367/367 330/330 372/372
f 367/367 372/372 354/354
f 330/330 336/336 372/372
f 372/372 373/373 354/354
f 373/373 346/346 354/354
f 344/344 346/346 373/373
f 372/372 336/336 374/374
f 372/372 374/374 373/373
f 336/336 338/338 374/374
f 375/375 344/344 373/373
f 374/374 375/375 373/373
f 342/342 344/344 375/375
f 374/374 338/338 376/376
f 374/374 376/376 375/375
f 338/338 340/340 376/376
f 340/340 342/342 377/377
f 377/377 342/342 375/375
f 376/376 377/377 375/375
f 376/376 340/340 377/377
f 380/380 379/379 378/378
f 379/379 381/381 378/378
f 382/382 379/379 380/380
f 378/378 381/381 383/383
f 381/381 384/384 383/383
f 385/385 382/382 380/380
f 386/386 382/382 385/385
f 383/383 384/384 387/387
f 384/384 388/388 387/387
f 389/389 386/386 385/385
f 390/390 386/386 389/389
f 387/387 388/388 391/391
f 388/388 392/392 391/391
f 393/393 390/390 389/389
f 394/394 390/390 393/393
f 391/391 392/392 395/395
f 392/392 396/396 395/395
f 397/397 394/394 393/393
f 398/398 394/394 397/397
f 395/395 396/396 399/399
f 396/396 400/400 399/399
f 401/401 398/398 397/397
f 402/402 398/398 401/401
f 399/399 400/400 403/403
f 400/400 404/404 403/403
f 405/405 402/402 401/401
f 406/406 402/402 405/405
f 403/403 404/404 407/407
f 404/404 408/408 407/407
f 409/409 406/406 405/405
f 410/410 406/406 409/409
f 407/407 408/408 411/411
f 408/408 412/412 411/411
f 413/413 410/410 409/409
f 414/414 410/410 413/413
f 411/411 412/412 415/415
f 412/412 416/416 415/415
f 417/417 414/414 413/413
f 418/418 414/414 417/417
f 415/415 416/416 419/419
f 416/416 420/420 419/419
f 421/421 418/418 417/417
f 422/422 418/418 421/421
f 419/419 420/420 423/423
f 420/420 424/424 423/423
f 424/424 422/422 425/425
f 425/425 422/422 421/421
f 423/423 424/424 425/425
f 411/411 415/415 426/426
f 415/415 419/419 427/427
f 426/426 415/415 427/427
f 419/419 423/423 428/428
f 427/427 419/419 428/428
f 423/423 425/425 429/429
f 428/428 423/423 429/429
f 425/425 421/421 430/430
f 429/429 425/425 430/430
f 421/421 417/417 431/431
f 430/430 421/421 431/431
f 432/432 411/411 426/426
f 407/407 411/411 432/432
f 431/431 417/417 433/433
f 417/417 413/413 433/433
f 434/434 407/407 432/432
f 403/403 407/407 434/434
f 433/433 413/413 435/435
f 413/413 409/409 435/435
f 436/436 403/403 434/434
f 399/399 403/403 436/436
f 435/435 409/409 437/437
f 409/409 405/405 437/437
f 438/438 399/399 436/436
f 395/395 399/399 438/438
f 437/437 405/405 439/439
f 405/405 401/401 439/439
f 440/440 395/395 438/438
f 391/391 395/395 440/440
f 439/439 401/401 441/441
f 401/401 397/397 441/441
f 442/442 391/391 440/440
f 387/387 391/391 442/442
f 441/441 397/397 443/443
f 397/397 393/393 443/443
f 444/444 387/387 442/442
f 383/383 387/387 444/444
f 443/443 393/393 445/445
f 393/393 389/389 445/445
f 446/446 383/383 444/444
f 378/378 383/383 446/446
f 445/445 389/389 447/447
f 389/389 385/385 447/447
f 448/448 378/378 446/446
f 380/380 378/378 448/448
f 385/385 380/380 449/449
f 447/447 385/385 449/449
f 449/449 380/380 448/448
f 444/444 442/442 450/450
f 446/446 444/444 451/451
f 451/451 444/444 450/450
f 448/448 446/446 452/452
f 452/452 446/446 451/451
f 449/449 448/448 453/453
f 453/453 448/448 452/452
f 447/447 449/449 454/454
f 454/454 449/449 453/453
f 445/445 447/447 455/455
f 455/455 447/447 454/454
f 450/450 442/442 456/456
f 442/442 440/440 456/456
f 457/457 445/445 455/455
f 443/443 445/445 457/457
f 456/456 440/440 458/458
f 440/440 438/438 458/458
f 459/459 443/443 457/457
f 441/441 443/443 459/459
f 458/458 438/438 460/460
f 438/438 436/436 460/460
f 461/461 441/441 459/459
f 439/439 441/441 461/461
f 460/460 436/436 462/462
f 436/436 434/434 462/462
f 463/463 439/439 461/461
f 437/437 439/439 463/463
f 462/462 434/434 464/464
f 434/434 432/432 464/464
f 465/465 437/437 463/463
f 435/435 437/437 465/465
f 464/464 432/432 466/466
f 432/432 426/426 466/466
f 467/467 435/435 465/465
f 433/433 435/435 467/467
f 466/466 426/426 468/468
f 426/426 427/427 468/468
f 469/469 433/433 467/467
f 431/431 433/433 469/469
f 468/468 427/427 470/470
f 427/427 428/428 470/470
f 471/471 431/431 469/469
f 430/430 431/431 471/471
f 470/470 428/428 472/472
f 428/428 429/429 472/472
f 429/429 430/430 473/473
f 473/473 430/430 471/471
f 472/472 429/429 473/473
f 466/466 468/468 474/474
f 468/468 470/470 475/475
f 474/474 468/468 475/475
f 470/470 472/472 476/476
f 475/475 470/470 476/476
f 472/472 473/473 477/477
f 476/476 472/472 477/477
f 473/473 471/471 478/478
f 477/477 473/473 478/478
f 471/471 469/469 479/479
f 478/478 471/471 479/479
f 480/480 466/466 474/474
f 464/464 466/466 480/480
f 481/481 480/480 474/474
f 481/481 464/464 480/480
f 474/474 475/475 481/481
f 462/462 464/464 481/481
f 475/475 482/482 481/481
f 482/482 462/462 481/481
f 475/475 476/476 482/482
f 460/460 462/462 482/482
f 483/483 460/460 482/482
f 476/476 483/483 482/482
f 458/458 460/460 483/483
f 476/476 484/484 483/483
f 484/484 458/458 483/483
f 476/476 477/477 484/484
f 477/477 478/478 484/484
f 456/456 458/458 484/484
f 478/478 485/485 484/484
f 485/485 456/456 484/484
f 450/450 456/456 485/485
f 478/478 479/479 485/485
f 486/486 450/450 485/485
f 479/479 486/486 485/485
f 451/451 450/450 486/486
f 479/479 487/487 486/486
f 479/479 469/469 487/487
f 469/469 467/467 487/487
f 488/488 451/451 486/486
f 487/487 488/488 486/486
f 452/452 451/451 488/488
f 487/487 467/467 489/489
f 487/487 489/489 488/488
f 467/467 465/465 489/489
f 490/490 452/452 488/488
f 489/489 490/490 488/488
f 453/453 452/452 490/490
f 489/489 465/465 491/491
f 489/489 491/491 490/490
f 465/465 463/463 491/491
f 492/492 453/453 490/490
f 491/491 492/492 490/490
f 454/454 453/453 492/492
f 491/491 463/463 493/493
f 491/491 493/493 492/492
f 463/463 461/461 493/493
f 494/494 454/454 492/492
f 493/493 494/494 492/492
f 455/455 454/454 494/494
f 493/493 461/461 495/495
f 493/493 495/495 494/494
f 461/461 459/459 495/495
f 496/496 455/455 494/494
f 495/495 496/496 494/494
f 457/457 455/455 496/496
f 495/495 459/459 497/497
f 495/495 497/497 496/496
f 459/459 457/457 497/497
f 497/497 457/457 496/496
f 500/500 499/499 498/498
f 501/501 500/500 498/498
f 501/501 498/498 502/502
f 503/503 500/500 501/501
f 504/504 501/501 502/502
f 505/505 503/503 501/501
f 505/505 501/501 504/504
f 506/506 503/503 505/505
f 507/507 505/505 504/504
f 508/508 506/506 505/505
f 508/508 505/505 507/507
f 509/509 508/508 507/507
f 512/512 511/511 510/510
f 513/513 512/512 510/510
f 514/514 512/512 513/513
f 515/515 514/514 513/513
f 516/516 514/514 515/515
f 517/517 516/516 515/515
f 520/520 519/519 518/518
f 521/521 520/520 518/518
f 521/521 518/518 522/522
f 523/523 520/520 521/521
f 524/524 521/521 522/522
f 525/525 523/523 521/521
f 525/525 521/521 524/524
f 526/526 523/523 525/525
f 527/527 525/525 524/524
f 528/528 526/526 525/525
f 528/528 525/525 527/527
f 529/529 528/528 527/527
f 532/532 531/531 530/530
f 533/533 532/532 530/530
f 534/534 532/532 533/533
f 535/535 534/534 533/533
f 536/536 534/534 535/535
f 537/537 536/536 535/535
f 540/540 539/539 538/538
f 541/541 540/540 538/538
f 541/541 538/538 542/542
f 543/543 541/541 542/542
f 546/546 545/545 544/544
f 547/547 546/546 544/544
f 550/550 549/549 548/548
f 549/549 551/551 548/548
f 549/549 552/552 551/551
f 552/552 553/553 551/551
f 556/556 555/555 554/554
f 557/557 556/556 554/554
f 560/560 559/559 558/558
f 561/561 560/560 558/558
f 561/561 558/558 562/562
f 563/563 560/560 561/561
f 564/564 561/561 562/562
f 565/565 563/563 561/561
f 565/565 561/561 564/564
f 566/566 563/563 565/565
f 567/567 565/565 564/564
f 568/568 566/566 565/565
f 568/568 565/565 567/567
f 569/569 568/568 567/567
f 572/572 571/571 570/570
f 573/573 572/572 570/570
f 574/574 572/572 573/573
f 575/575 574/574 573/573
f 576/576 574/574 575/575
f 577/577 576/576 575/575
f 580/580 579/579 578/578
f 581/581 580/580 578/578
f 581/581 578/578 582/582
f 583/583 580/580 581/581
f 584/584 581/581 582/582
f 585/585 583/583 581/581
f 585/585 581/581 584/584
f 586/586 583/583 585/585
f 587/587 585/585 584/584
f 588/588 586/586 585/585
f 588/588 585/585 587/587
f 589/589 588/588 587/587
f 592/592 591/591 590/590
f 593/593 592/592 590/590
f 594/594 592/592 593/593
f 595/595 594/594 593/593
f 596/596 594/594 595/595
f 597/597 596/596 595/595
f 600/600 599/599 598/598
f 601/601 600/600 598/598
f 601/601 598/598 602/602
f 603/603 600/600 601/601
f 604/604 601/601 602/602
f 605/605 603/603 601/601
f 605/605 601/601 604/604
f 606/606 605/605 604/604
f 609/609 608/608 607/607
f 610/610 609/609 607/607
f 611/611 609/609 610/610
f 612/612 611/611 610/610
f 613/613 611/611 612/612
f 614/614 613/613 612/612
f 617/617 616/616 615/615
f 618/618 617/617 615/615
f 618/618 615/615 619/619
f 620/620 617/617 618/618
f 621/621 618/618 619/619
f 622/622 620/620 618/618
f 622/622 618/618 621/621
f 623/623 622/622 621/621
f 626/626 625/625 624/624
f 627/627 626/626 624/624
f 628/628 626/626 627/627
f 629/629 628/628 627/627
f 630/630 628/628 629/629
f 631/631 630/630 629/629
f 634/634 633/633 632/632
f 635/635 634/634 632/632
f 635/635 632/632 636/636
f 637/637 635/635 636/636
f 640/640 639/639 638/638
f 639/639 641/641 638/638
f 639/639 642/642 641/641
f 642/642 643/643 641/641
f 646/646 645/645 644/644
f 647/647 646/646 644/644
f 647/647 644/644 648/648
f 649/649 646/646 647/647
f 650/650 647/647 648/648
f 651/651 649/649 647/647
f 651/651 647/647 650/650
f 652/652 651/651 650/650
f 655/655 654/654 653/653
f 656/656 655/655 653/653
f 659/659 658/658 657/657
f 660/660 659/659 657/657
f 660/660 657/657 661/661
f 662/662 659/659 660/660
f 663/663 660/660 661/661
f 664/664 662/662 660/660
f 664/664 660/660 663/663
f 665/665 664/664 663/663
f 668/668 667/667 666/666
f 669/669 668/668 666/666
f 670/670 668/668 669/669
f 671/671 670/670 669/669
f 674/674 673/673 672/672
f 675/675 674/674 672/672
f 678/678 677/677 676/676
f 679/679 678/678 676/676
f 679/679 676/676 680/680
f 676/676 681/681 680/680
f 682/682 679/679 680/680
f 681/681 683/683 680/680
f 682/682 680/680 684/684
f 680/680 683/683 684/684
f 685/685 682/682 684/684
f 683/683 686/686 684/684
f 685/685 684/684 687/687
f 684/684 686/686 687/687
f 688/688 685/685 687/687
f 686/686 689/689 687/687
f 688/688 687/687 690/690
f 687/687 689/689 690/690
f 689/689 691/691 690/690
f 692/692 688/688 690/690
f 692/692 690/690 693/693
f 694/694 692/692 693/693
f 678/678 695/695 677/677
f 695/695 696/696 677/677
f 695/695 697/697 696/696
f 697/697 698/698 696/696
f 697/697 699/699 698/698
f 698/698 700/700 696/696
f 700/700 701/701 696/696
f 702/702 700/700 698/698
f 699/699 703/703 698/698
f 703/703 702/702 698/698
f 699/699 704/704 703/703
f 705/705 702/702 703/703
f 704/704 706/706 703/703
f 706/706 705/705 703/703
f 707/707 705/705 706/706
f 704/704 708/708 706/706
f 709/709 707/707 706/706
f 708/708 709/709 706/706
f 708/708 710/710 709/709
f 710/710 711/711 709/709
f 714/714 713/713 712/712
f 713/713 715/715 712/712
f 713/713 716/716 715/715
f 716/716 717/717 715/715
f 716/716 718/718 717/717
f 717/717 719/719 715/715
f 719/719 720/720 715/715
f 721/721 719/719 717/717
f 718/718 722/722 717/717
f 722/722 721/721 717/717
f 718/718 723/723 722/722
f 724/724 721/721 722/722
f 723/723 725/725 722/722
f 725/725 724/724 722/722
f 726/726 724/724 725/725
f 723/723 727/727 725/725
f 728/728 726/726 725/725
f 727/727 728/728 725/725
f 727/727 729/729 728/728
f 729/729 730/730 728/728
f 729/729 731/731 730/730
f 731/731 732/732 730/730
f 731/731 733/733 732/732
f 733/733 734/734 732/732
f 733/733 735/735 734/734
f 734/734 736/736 732/732
f 736/736 737/737 732/732
f 738/738 736/736 734/734
f 735/735 739/739 734/734
f 739/739 738/738 734/734
f 735/735 740/740 739/739
f 741/741 738/738 739/739
f 740/740 742/742 739/739
f 742/742 741/741 739/739
f 743/743 741/741 742/742
f 740/740 744/744 742/742
f 745/745 743/743 742/742
f 744/744 745/745 742/742
f 744/744 746/746 745/745
f 746/746 747/747 745/745
f 750/750 749/749 748/748
f 749/749 751/751 748/748
f 749/749 752/752 751/751
f 748/748 751/751 753/753
f 752/752 754/754 751/751
f 751/751 755/755 753/753
f 751/751 754/754 755/755
f 753/753 755/755 756/756
f 754/754 757/757 755/755
f 755/755 758/758 756/756
f 755/755 757/757 758/758
f 756/756 758/758 759/759
f 757/757 760/760 758/758
f 758/758 761/761 759/759
f 758/758 760/760 761/761
f 759/759 761/761 762/762
f 760/760 763/763 761/761
f 761/761 764/764 762/762
f 761/761 763/763 764/764
f 762/762 764/764 765/765
f 763/763 766/766 764/764
f 764/764 767/767 765/765
f 764/764 766/766 767/767
f 766/766 768/768 767/767
f 771/771 770/770 769/769
f 769/769 772/772 771/771
f 772/772 773/773 771/771
f 772/772 774/774 773/773
f 774/774 772/772 775/775
f 776/776 774/774 775/775
f 777/777 774/774 776/776
f 778/778 777/777 776/776
f 774/774 779/779 773/773
f 774/774 777/777 779/779
f 773/773 779/779 780/780
f 781/781 773/773 780/780
f 780/780 779/779 782/782
f 779/779 783/783 782/782
f 777/777 783/783 779/779
f 777/777 784/784 783/783
f 784/784 785/785 783/783
f 784/784 786/786 785/785
f 786/786 787/787 785/785
f 786/786 788/788 787/787
f 788/788 789/789 787/787
f 788/788 790/790 789/789
f 790/790 791/791 789/789
f 790/790 792/792 791/791
f 792/792 790/790 793/793
f 794/794 792/792 793/793
f 795/795 792/792 794/794
f 796/796 795/795 794/794
f 792/792 797/797 791/791
f 792/792 795/795 797/797
f 791/791 797/797 798/798
f 799/799 791/791 798/798
f 798/798 797/797 800/800
f 797/797 801/801 800/800
f 795/795 801/801 797/797
f 795/795 802/802 801/801
f 802/802 803/803 801/801
f 802/802 804/804 803/803
f 765/765 767/767 805/805
f 767/767 806/806 805/805
f 767/767 807/807 806/806
f 805/805 806/806 808/808
f 807/807 809/809 806/806
f 806/806 810/810 808/808
f 806/806 809/809 810/810
f 808/808 810/810 811/811
f 809/809 812/812 810/810
f 810/810 813/813 811/811
f 810/810 812/812 813/813
f 811/811 813/813 814/814
f 812/812 815/815 813/813
f 813/813 816/816 814/814
f 813/813 815/815 816/816
f 814/814 816/816 817/817
f 815/815 818/818 816/816
f 816/816 819/819 817/817
f 816/816 818/818 819/819
f 817/817 819/819 820/820
f 818/818 821/821 819/819
f 819/819 822/822 820/820
f 819/819 821/821 822/822
f 821/821 823/823 822/822
f 826/826 825/825 824/824
f 825/825 827/827 824/824
f 825/825 828/828 827/827
f 824/824 827/827 829/829
f 828/828 830/830 827/827
f 827/827 831/831 829/829
f 827/827 830/830 831/831
f 829/829 831/831 832/832
f 830/830 833/833 831/831
f 831/831 834/834 832/832
f 831/831 833/833 834/834
f 832/832 834/834 835/835
f 833/833 836/836 834/834
f 834/834 837/837 835/835
f 834/834 836/836 837/837
f 835/835 837/837 838/838
f 836/836 839/839 837/837
f 837/837 840/840 838/838
f 837/837 839/839 840/840
f 838/838 840/840 841/841
f 839/839 842/842 840/840
f 840/840 843/843 841/841
f 840/840 842/842 843/843
f 842/842 844/844 843/843
f 841/841 843/843 845/845
f 843/843 846/846 845/845
f 843/843 844/844 846/846
f 845/845 846/846 847/847
f 844/844 848/848 846/846
f 846/846 849/849 847/847
f 846/846 848/848 849/849
f 847/847 849/849 850/850
f 848/848 851/851 849/849
f 849/849 852/852 850/850
f 849/849 851/851 852/852
f 850/850 852/852 853/853
f 851/851 854/854 852/852
f 852/852 855/855 853/853
f 852/852 854/854 855/855
f 853/853 855/855 856/856
f 854/854 857/857 855/855
f 855/855 858/858 856/856
f 855/855 857/857 858/858
f 856/856 858/858 859/859
f 857/857 860/860 858/858
f 858/858 861/861 859/859
f 858/858 860/860 861/861
f 860/860 862/862 861/861
f 865/865 864/864 863/863
f 864/864 866/866 863/863
f 863/863 866/866 867/867
f 868/868 863/863 867/867
f 866/866 869/869 867/867
f 870/870 868/868 867/867
f 867/867 869/869 871/871
f 870/870 867/867 871/871
f 869/869 872/872 871/871
f 873/873 870/870 871/871
f 871/871 872/872 874/874
f 873/873 871/871 874/874
f 872/872 875/875 874/874
f 876/876 873/873 874/874
f 874/874 875/875 877/877
f 876/876 874/874 877/877
f 878/878 876/876 877/877
f 875/875 879/879 877/877
f 877/877 879/879 880/880
f 879/879 881/881 880/880
f 882/882 864/864 865/865
f 883/883 882/882 865/865
f 884/884 882/882 883/883
f 885/885 884/884 883/883
f 886/886 884/884 885/885
f 887/887 885/885 883/883
f 888/888 887/887 883/883
f 887/887 889/889 885/885
f 890/890 886/886 885/885
f 889/889 890/890 885/885
f 891/891 886/886 890/890
f 889/889 892/892 890/890
f 893/893 891/891 890/890
f 892/892 893/893 890/890
f 892/892 894/894 893/893
f 895/895 891/891 893/893
f 894/894 896/896 893/893
f 896/896 895/895 893/893
f 897/897 895/895 896/896
f 898/898 897/897 896/896
f 901/901 900/900 899/899
f 902/902 901/901 899/899
f 903/903 901/901 902/902
f 904/904 903/903 902/902
f 905/905 903/903 904/904
f 906/906 904/904 902/902
f 907/907 906/906 902/902
f 906/906 908/908 904/904
f 909/909 905/905 904/904
f 908/908 909/909 904/904
f 910/910 905/905 909/909
f 908/908 911/911 909/909
f 912/912 910/910 909/909
f 911/911 912/912 909/909
f 911/911 913/913 912/912
f 914/914 910/910 912/912
f 913/913 915/915 912/912
f 915/915 914/914 912/912
f 916/916 914/914 915/915
f 917/917 916/916 915/915
f 918/918 916/916 917/917
f 919/919 918/918 917/917
f 920/920 918/918 919/919
f 921/921 920/920 919/919
f 922/922 920/920 921/921
f 923/923 921/921 919/919
f 924/924 923/923 919/919
f 923/923 925/925 921/921
f 926/926 922/922 921/921
f 925/925 926/926 921/921
f 927/927 922/922 926/926
f 925/925 928/928 926/926
f 929/929 927/927 926/926
f 928/928 929/929 926/926
f 928/928 930/930 929/929
f 931/931 927/927 929/929
f 930/930 932/932 929/929
f 932/932 931/931 929/929
f 933/933 931/931 932/932
f 934/934 933/933 932/932
f 937/937 936/936 935/935
f 938/938 937/937 935/935
f 939/939 937/937 938/938
f 938/938 935/935 940/940
f 941/941 939/939 938/938
f 942/942 938/938 940/940
f 941/941 938/938 942/942
f 942/942 940/940 943/943
f 944/944 941/941 942/942
f 945/945 942/942 943/943
f 944/944 942/942 945/945
f 945/945 943/943 946/946
f 947/947 944/944 945/945
f 948/948 945/945 946/946
f 947/947 945/945 948/948
f 948/948 946/946 949/949
f 950/950 947/947 948/948
f 951/951 948/948 949/949
f 950/950 948/948 951/951
f 951/951 949/949 952/952
f 953/953 950/950 951/951
f 954/954 951/951 952/952
f 953/953 951/951 954/954
f 955/955 953/953 954/954
f 958/958 957/957 956/956
f 956/956 959/959 958/958
f 956/956 960/960 959/959
f 960/960 961/961 959/959
f 961/961 960/960 962/962
f 960/960 963/963 962/962
f 961/961 962/962 964/964
f 965/965 961/961 964/964
f 961/961 966/966 959/959
f 959/959 966/966 967/967
f 966/966 968/968 967/967
f 961/961 969/969 966/966
f 966/966 969/969 968/968
f 961/961 965/965 969/969
f 969/969 970/970 968/968
f 965/965 971/971 969/969
f 965/965 972/972 971/971
f 972/972 973/973 971/971
f 972/972 974/974 973/973
f 974/974 975/975 973/973
f 974/974 976/976 975/975
f 976/976 977/977 975/975
f 976/976 978/978 977/977
f 978/978 979/979 977/977
f 977/977 979/979 980/980
f 979/979 981/981 980/980
f 979/979 982/982 981/981
f 982/982 983/983 981/981
f 978/978 984/984 979/979
f 984/984 982/982 979/979
f 984/984 978/978 985/985
f 978/978 986/986 985/985
f 984/984 985/985 987/987
f 988/988 984/984 987/987
f 984/984 988/988 982/982
f 988/988 989/989 982/982
f 988/988 990/990 989/989
f 990/990 991/991 989/989
f 954/954 952/952 992/992
f 993/993 954/954 992/992
f 955/955 954/954 993/993
f 993/993 992/992 994/994
f 995/995 955/955 993/993
f 996/996 993/993 994/994
f 995/995 993/993 996/996
f 996/996 994/994 997/997
f 998/998 995/995 996/996
f 999/999 996/996 997/997
f 998/998 996/996 999/999
f 999/999 997/997 1000/1000
f 1001/1001 998/998 999/999
f 1002/1002 999/999 1000/1000
f 1001/1001 999/999 1002/1002
f 1002/1002 1000/1000 1003/1003
f 1004/1004 1001/1001 1002/1002
f 1005/1005 1002/1002 1003/1003
f 1004/1004 1002/1002 1005/1005
f 1005/1005 1003/1003 1006/1006
f 1007/1007 1004/1004 1005/1005
f 1008/1008 1005/1005 1006/1006
f 1007/1007 1005/1005 1008/1008
f 1009/1009 1007/1007 1008/1008
f 1012/1012 1011/1011 1010/1010
f 1013/1013 1012/1012 1010/1010
f 1014/1014 1012/1012 1013/1013
f 1013/1013 1010/1010 1015/1015
f 1016/1016 1014/1014 1013/1013
f 1017/1017 1013/1013 1015/1015
f 1016/1016 1013/1013 1017/1017
f 1017/1017 1015/1015 1018/1018
f 1019/1019 1016/1016 1017/1017
f 1020/1020 1017/1017 1018/1018
f 1019/1019 1017/1017 1020/1020
f 1020/1020 1018/1018 1021/1021
f 1022/1022 1019/1019 1020/1020
f 1023/1023 1020/1020 1021/1021
f 1022/1022 1020/1020 1023/1023
f 1023/1023 1021/1021 1024/1024
f 1025/1025 1022/1022 1023/1023
f 1026/1026 1023/1023 1024/1024
f 1025/1025 1023/1023 1026/1026
f 1026/1026 1024/1024 1027/1027
f 1028/1028 1025/1025 1026/1026
f 1029/1029 1026/1026 1027/1027
f 1028/1028 1026/1026 1029/1029
f 1030/1030 1028/1028 1029/1029
f 1029/1029 1027/1027 1031/1031
f 1032/1032 1029/1029 1031/1031
f 1030/1030 1029/1029 1032/1032
f 1032/1032 1031/1031 1033/1033
f 1034/1034 1030/1030 1032/1032
f 1035/1035 1032/1032 1033/1033
f 1034/1034 1032/1032 1035/1035
f 1035/1035 1033/1033 1036/1036
f 1037/1037 1034/1034 1035/1035
f 1038/1038 1035/1035 1036/1036
f 1037/1037 1035/1035 1038/1038
f 1038/1038 1036/1036 1039/1039
f 1040/1040 1037/1037 1038/1038
f 1041/1041 1038/1038 1039/1039
f 1040/1040 1038/1038 1041/1041
f 1041/1041 1039/1039 1042/1042
f 1043/1043 1040/1040 1041/1041
f 1044/1044 1041/1041 1042/1042
f 1043/1043 1041/1041 1044/1044
f 1044/1044 1042/1042 1045/1045
f 1046/1046 1043/1043 1044/1044
f 1047/1047 1044/1044 1045/1045
f 1046/1046 1044/1044 1047/1047
f 1048/1048 1046/1046 1047/1047
f 1051/1051 1050/1050 1049/1049
f 1050/1050 1052/1052 1049/1049
f 1049/1049 1052/1052 1053/1053
f 1050/1050 1054/1054 1052/1052
f 1052/1052 1055/1055 1053/1053
f 1054/1054 1056/1056 1052/1052
f 1052/1052 1056/1056 1055/1055
f 1054/1054 1057/1057 1056/1056
f 1056/1056 1058/1058 1055/1055
f 1057/1057 1059/1059 1056/1056
f 1056/1056 1059/1059 1058/1058
f 1059/1059 1060/1060 1058/1058
f 1063/1063 1062/1062 1061/1061
f 1062/1062 1064/1064 1061/1061
f 1062/1062 1065/1065 1064/1064
f 1065/1065 1066/1066 1064/1064
f 1065/1065 1067/1067 1066/1066
f 1067/1067 1068/1068 1066/1066
f 1071/1071 1070/1070 1069/1069
f 1070/1070 1072/1072 1069/1069
f 1069/1069 1072/1072 1073/1073
f 1070/1070 1074/1074 1072/1072
f 1072/1072 1075/1075 1073/1073
f 1074/1074 1076/1076 1072/1072
f 1072/1072 1076/1076 1075/1075
f 1074/1074 1077/1077 1076/1076
f 1076/1076 1078/1078 1075/1075
f 1077/1077 1079/1079 1076/1076
f 1076/1076 1079/1079 1078/1078
f 1079/1079 1080/1080 1078/1078
f 1083/1083 1082/1082 1081/1081
f 1082/1082 1084/1084 1081/1081
f 1082/1082 1085/1085 1084/1084
f 1085/1085 1086/1086 1084/1084
f 1085/1085 1087/1087 1086/1086
f 1087/1087 1088/1088 1086/1086
f 1091/1091 1090/1090 1089/1089
f 1090/1090 1092/1092 1089/1089
f 1089/1089 1092/1092 1093/1093
f 1092/1092 1094/1094 1093/1093
f 1097/1097 1096/1096 1095/1095
f 1098/1098 1097/1097 1095/1095
f 1101/1101 1100/1100 1099/1099
f 1102/1102 1101/1101 1099/1099
f 1103/1103 1101/1101 1102/1102
f 1104/1104 1103/1103 1102/1102
f 1107/1107 1106/1106 1105/1105
f 1108/1108 1107/1107 1105/1105
f 1111/1111 1110/1110 1109/1109
f 1110/1110 1112/1112 1109/1109
f 1109/1109 1112/1112 1113/1113
f 1110/1110 1114/1114 1112/1112
f 1112/1112 1115/1115 1113/1113
f 1114/1114 1116/1116 1112/1112
f 1112/1112 1116/1116 1115/1115
f 1114/1114 1117/1117 1116/1116
f 1116/1116 1118/1118 1115/1115
f 1117/1117 1119/1119 1116/1116
f 1116/1116 1119/1119 1118/1118
f 1119/1119 1120/1120 1118/1118
f 1123/1123 1122/1122 1121/1121
f 1122/1122 1124/1124 1121/1121
f 1122/1122 1125/1125 1124/1124
f 1125/1125 1126/1126 1124/1124
f 1125/1125 1127/1127 1126/1126
f 1127/1127 1128/1128 1126/1126
f 1131/1131 1130/1130 1129/1129
f 1130/1130 1132/1132 1129/1129
f 1129/1129 1132/1132 1133/1133
f 1130/1130 1134/1134 1132/1132
f 1132/1132 1135/1135 1133/1133
f 1134/1134 1136/1136 1132/1132
f 1132/1132 1136/1136 1135/1135
f 1134/1134 1137/1137 1136/1136
f 1136/1136 1138/1138 1135/1135
f 1137/1137 1139/1139 1136/1136
f 1136/1136 1139/1139 1138/1138
f 1139/1139 1140/1140 1138/1138
f 1143/1143 1142/1142 1141/1141
f 1142/1142 1144/1144 1141/1141
f 1142/1142 1145/1145 1144/1144
f 1145/1145 1146/1146 1144/1144
f 1145/1145 1147/1147 1146/1146
f 1147/1147 1148/1148 1146/1146
f 1151/1151 1150/1150 1149/1149
f 1150/1150 1152/1152 1149/1149
f 1149/1149 1152/1152 1153/1153
f 1150/1150 1154/1154 1152/1152
f 1152/1152 1155/1155 1153/1153
f 1154/1154 1156/1156 1152/1152
f 1152/1152 1156/1156 1155/1155
f 1156/1156 1157/1157 1155/1155
f 1160/1160 1159/1159 1158/1158
f 1159/1159 1161/1161 1158/1158
f 1159/1159 1162/1162 1161/1161
f 1162/1162 1163/1163 1161/1161
f 1162/1162 1164/1164 1163/1163
f 1164/1164 1165/1165 1163/1163
f 1168/1168 1167/1167 1166/1166
f 1167/1167 1169/1169 1166/1166
f 1166/1166 1169/1169 1170/1170
f 1167/1167 1171/1171 1169/1169
f 1169/1169 1172/1172 1170/1170
f 1171/1171 1173/1173 1169/1169
f 1169/1169 1173/1173 1172/1172
f 1173/1173 1174/1174 1172/1172
f 1177/1177 1176/1176 1175/1175
f 1176/1176 1178/1178 1175/1175
f 1176/1176 1179/1179 1178/1178
f 1179/1179 1180/1180 1178/1178
f 1179/1179 1181/1181 1180/1180
f 1181/1181 1182/1182 1180/1180
f 1185/1185 1184/1184 1183/1183
f 1184/1184 1186/1186 1183/1183
f 1183/1183 1186/1186 1187/1187
f 1186/1186 1188/1188 1187/1187
f 1191/1191 1190/1190 1189/1189
f 1192/1192 1191/1191 1189/1189
f 1193/1193 1191/1191 1192/1192
f 1194/1194 1193/1193 1192/1192
f 1197/1197 1196/1196 1195/1195
f 1196/1196 1198/1198 1195/1195
f 1195/1195 1198/1198 1199/1199
f 1196/1196 1200/1200 1198/1198
f 1198/1198 1201/1201 1199/1199
f 1200/1200 1202/1202 1198/1198
f 1198/1198 1202/1202 1201/1201
f 1202/1202 1203/1203 1201/1201
f 1206/1206 1205/1205 1204/1204
f 1207/1207 1206/1206 1204/1204
f 1210/1210 1209/1209 1208/1208
f 1209/1209 1211/1211 1208/1208
f 1208/1208 1211/1211 1212/1212
f 1209/1209 1213/1213 1211/1211
f 1211/1211 1214/1214 1212/1212
f 1213/1213 1215/1215 1211/1211
f 1211/1211 1215/1215 1214/1214
f 1215/1215 1216/1216 1214/1214
f 1219/1219 1218/1218 1217/1217
f 1218/1218 1220/1220 1217/1217
f 1218/1218 1221/1221 1220/1220
f 1221/1221 1222/1222 1220/1220
f 1225/1225 1224/1224 1223/1223
f 1226/1226 1225/1225 1223/1223
f 1229/1229 1228/1228 1227/1227
f 1230/1230 1229/1229 1227/1227
f 1227/1227 1228/1228 1231/1231
f 1232/1232 1229/1229 1230/1230
f 1228/1228 1233/1233 1231/1231
f 1234/1234 1232/1232 1230/1230
f 1231/1231 1233/1233 1235/1235
f 1236/1236 1232/1232 1234/1234
f 1233/1233 1237/1237 1235/1235
f 1238/1238 1236/1236 1234/1234
f 1235/1235 1237/1237 1239/1239
f 1240/1240 1236/1236 1238/1238
f 1237/1237 1241/1241 1239/1239
f 1242/1242 1240/1240 1238/1238
f 1239/1239 1241/1241 1243/1243
f 1244/1244 1240/1240 1242/1242
f 1241/1241 1245/1245 1243/1243
f 1246/1246 1244/1244 1242/1242
f 1243/1243 1245/1245 1247/1247
f 1248/1248 1244/1244 1246/1246
f 1245/1245 1249/1249 1247/1247
f 1250/1250 1248/1248 1246/1246
f 1247/1247 1249/1249 1251/1251
f 1252/1252 1248/1248 1250/1250
f 1249/1249 1253/1253 1251/1251
f 1254/1254 1252/1252 1250/1250
f 1251/1251 1253/1253 1255/1255
f 1256/1256 1252/1252 1254/1254
f 1253/1253 1257/1257 1255/1255
f 1258/1258 1256/1256 1254/1254
f 1255/1255 1257/1257 1259/1259
f 1260/1260 1256/1256 1258/1258
f 1257/1257 1261/1261 1259/1259
f 1262/1262 1260/1260 1258/1258
f 1259/1259 1261/1261 1263/1263
f 1264/1264 1260/1260 1262/1262
f 1261/1261 1265/1265 1263/1263
f 1266/1266 1264/1264 1262/1262
f 1263/1263 1265/1265 1267/1267
f 1268/1268 1264/1264 1266/1266
f 1265/1265 1269/1269 1267/1267
f 1270/1270 1268/1268 1266/1266
f 1267/1267 1269/1269 1271/1271
f 1272/1272 1268/1268 1270/1270
f 1269/1269 1273/1273 1271/1271
f 1274/1274 1272/1272 1270/1270
f 1271/1271 1273/1273 1274/1274
f 1273/1273 1272/1272 1274/1274