# https://github.com/mikedh/trimesh
mtllib material.mtl
usemtl material_0
v -0.00375018 -0.81926703 -0.08759912
v -0.00375018 -0.81926703 -0.08760693
v -0.00374139 -0.81926703 -0.08760693
v -0.00374139 -0.81926703 -0.08759912
v -0.00375018 -0.81926703 -0.08759912
v -0.00375018 -0.81926703 -0.08760693
v -0.00374139 -0.81926703 -0.08760693
v -0.00374139 -0.81926703 -0.08759912
v -0.00375018 -0.81926703 -0.08759912
v -0.00375018 -0.81926703 -0.08760693
v -0.00374139 -0.81926703 -0.08760693
v -0.00374139 -0.81926703 -0.08759912
v -0.41462204 -0.10969279 0.16596999
v -0.41462077 -0.10969279 -0.26683962
v -0.25493909 -0.10969279 -0.26683915
v -0.25494035 -0.10969279 0.16597045
v -0.16357644 -0.10969279 -0.21454097
v -0.16357755 -0.10969279 0.16597072
v -0.00374541 -0.10969279 -0.21454050
v -0.00374652 -0.10969279 0.16597119
v 0.17588773 -0.10969279 0.16597171
v 0.17588885 -0.10969279 -0.21453997
v 0.26505940 -0.10969279 -0.26683763
v 0.26505814 -0.10969279 0.16597197
v 0.41864340 -0.10969279 -0.26683719
v 0.41864214 -0.10969279 0.16597242
v 0.26505910 -0.11701735 0.16597197
v 0.41864214 -0.11701735 0.16597242
v 0.41864340 -0.11701735 -0.26683719
v 0.26506140 -0.11701735 -0.26683763
v 0.17588885 -0.11701735 -0.21453997
v 0.17588773 -0.11701735 0.16597171
v -0.00374652 -0.11701735 0.16597119
v -0.00374541 -0.11701727 -0.21454050
v -0.16357644 -0.11701735 -0.21454097
v -0.16357755 -0.11701735 0.16597072
v -0.25494035 -0.11701735 0.16597045
v -0.25493909 -0.11701735 -0.26683915
v -0.41462077 -0.11701735 -0.26683962
v -0.41462204 -0.11701735 0.16596999
v -0.41462204 0.15938961 0.16596999
v -0.41462077 0.15938961 -0.26683962
v -0.25493909 0.15938961 -0.26683915
v -0.25494035 0.15938961 0.16597045
v -0.16357644 0.15938961 -0.21454097
v -0.16357755 0.15938961 0.16597072
v -0.00374541 0.15938961 -0.21454050
v -0.00374652 0.15938961 0.16597119
v 0.17588773 0.15938961 0.16597171
v 0.17588885 0.15938961 -0.21453997
v 0.26505940 0.15938961 -0.26683763
v 0.26505814 0.15938961 0.16597197
v 0.41864340 0.15938961 -0.26683719
v 0.41864214 0.15938961 0.16597242
v 0.26505910 0.15206481 0.16597197
v 0.41864214 0.15206481 0.16597242
v 0.41864340 0.15206481 -0.26683719
v 0.26506140 0.15206481 -0.26683763
v 0.17588885 0.15206481 -0.21453997
v 0.17588773 0.15206481 0.16597171
v -0.00374652 0.15206481 0.16597119
v -0.00374541 0.15206561 -0.21454050
v -0.16357644 0.15206481 -0.21454097
v -0.16357755 0.15206481 0.16597072
v -0.25494035 0.15206481 0.16597045
v -0.25493909 0.15206481 -0.26683915
v -0.41462077 0.15206481 -0.26683962
v -0.41462204 0.15206481 0.16596999
v -0.41462160 0.42648322 0.01582351
v -0.41462077 0.42648322 -0.26683962
v -0.25493909 0.42648322 -0.26683915
v -0.25493991 0.42648322 0.01582398
v -0.16357644 0.42648322 -0.21454097
v -0.16357711 0.42648322 0.01582425
v -0.00374541 0.42648322 -0.21454050
v -0.00374609 0.42648322 0.01582471
v 0.17588817 0.42648322 0.01582524
v 0.17588885 0.42648322 -0.21453997
v 0.26505940 0.42648322 -0.26683763
v 0.26505857 0.42648322 0.01582550
v 0.41864340 0.42648322 -0.26683719
v 0.41864258 0.42648322 0.01582595
v 0.26505953 0.41915922 0.01582550
v 0.41864258 0.41915922 0.01582595
v 0.41864340 0.41915922 -0.26683719
v 0.26506140 0.41915922 -0.26683763
v 0.17588885 0.41915922 -0.21453997
v 0.17588817 0.41915922 0.01582524
v -0.00374609 0.41915922 0.01582471
v -0.00374541 0.41915922 -0.21454050
v -0.16357644 0.41915922 -0.21454097
v -0.16357711 0.41915922 0.01582425
v -0.25493991 0.41915922 0.01582398
v -0.25493909 0.41915922 -0.26683915
v -0.41462077 0.41915922 -0.26683962
v -0.41462160 0.41915922 0.01582351
v -0.00375018 -0.81926703 -0.08759912
v -0.00375018 -0.81926703 -0.08760693
v -0.00374139 -0.81926703 -0.08760693
v -0.00374139 -0.81926703 -0.08759912
v 0.38396321 -0.16438231 -0.25488897
v 0.39486943 -0.16387599 -0.25016630
v 0.39389003 -0.21877575 -0.12541338
v -0.41797987 -0.12665711 0.13535086
v -0.41148322 -0.13395503 0.13244464
v -0.41447491 -0.13395503 0.13535087
v -0.41586514 -0.14307743 0.13244462
v -0.41797987 -0.14125303 0.13535086
v -0.41797987 0.14242561 0.13535086
v -0.41148322 0.13512721 0.13244464
v -0.41447491 0.13512721 0.13535087
v -0.41586514 0.12600481 0.13244462
v -0.41797987 0.12782961 0.13535086
v -0.41797987 0.40951922 0.13535086
v -0.41148322 0.40222082 0.13244464
v -0.41447491 0.40222082 0.13535087
v -0.41586514 0.39309842 0.13244462
v -0.41797987 0.39492322 0.13535086
v -0.41519240 -0.74175204 0.18134695
v -0.42703128 -0.73773342 0.18135371
v -0.42219677 -0.73367728 0.17120140
v -0.41101509 -0.73765849 0.17129616
v -0.37994384 -0.74175016 0.18134705
v -0.37994381 -0.73765849 0.17129625
v -0.31576949 -0.73765849 0.17129644
v -0.31576952 -0.74174711 0.18134724
v -0.25494040 -0.74174523 0.18134741
v -0.25494037 -0.73765849 0.17129661
v -0.17967133 -0.73765849 0.17129683
v -0.17967136 -0.74174150 0.18134763
v -0.14904437 -0.73765849 0.17129692
v -0.14904440 -0.74173986 0.18134772
v -0.07639501 -0.74173722 0.18134793
v -0.07639498 -0.73765849 0.17129713
v -0.00374657 -0.74173456 0.18134815
v -0.00374654 -0.73765849 0.17129735
v 0.07465772 -0.74173722 0.18134838
v 0.07465775 -0.73765849 0.17129758
v 0.15306252 -0.73765849 0.17129780
v 0.15306249 -0.74173986 0.18134860
v 0.18368993 -0.74174150 0.18134869
v 0.18368996 -0.73765849 0.17129789
v 0.25895945 -0.74174523 0.18134891
v 0.25895948 -0.73765849 0.17129811
v 0.31978857 -0.74174711 0.18134909
v 0.31978860 -0.73765849 0.17129829
v 0.38396196 -0.73765849 0.17129848
v 0.38396193 -0.74175016 0.18134928
v 0.41503468 -0.73765849 0.17129857
v 0.41921049 -0.74175204 0.18134938
v 0.42621588 -0.73367728 0.17120388
v 0.43105129 -0.73773342 0.18135622
v -0.42219677 -0.73367728 0.17120140
v -0.42703128 -0.73773342 0.18135371
v -0.43162504 -0.72849712 0.18129026
v -0.42682757 -0.72406504 0.17110667
v -0.42682757 -0.23959511 0.17110667
v -0.43164888 -0.23959511 0.18129122
v -0.42682757 -0.14427607 0.17110667
v -0.43166552 -0.14878911 0.18129218
v -0.43166944 -0.04917143 0.18129218
v -0.42682757 -0.04856543 0.17110667
v -0.42682631 -0.14427607 -0.26202806
v -0.42682757 0.65806962 0.17110667
v -0.43173048 0.66247442 0.18129418
v -0.42682628 -0.04850599 -0.26901926
v -0.42207481 -0.14427607 -0.27942844
v -0.42207481 -0.04824399 -0.27942844
v -0.42207481 0.65789842 -0.28259940
v -0.42682628 0.65789922 -0.27228982
v -0.42219677 0.66768162 0.17120140
v -0.42711672 0.67169922 0.18136059
v -0.42207484 0.66763202 -0.27228980
v -0.41996545 0.66584242 -0.28070484
v -0.42219677 0.66768162 0.17120140
v -0.42711672 0.67169922 0.18136059
v -0.41521192 0.67572162 0.18134791
v -0.41101509 0.67166322 0.17129616
v -0.42207484 0.66763202 -0.27228980
v -0.37994381 0.68522402 0.17129625
v -0.37994384 0.68928482 0.18134801
v -0.31576952 0.70964482 0.18134820
v -0.41060171 0.67166322 -0.27228977
v -0.37994251 0.68522402 -0.27228968
v -0.41059920 0.66763202 -0.28259937
v -0.41996545 0.66584242 -0.28070484
v -0.37994248 0.68119282 -0.28259928
v -0.31576949 0.70558162 0.17129644
v -0.31576819 0.70558162 -0.27228949
v -0.31576816 0.70155042 -0.28259909
v -0.25493904 0.71487522 -0.28259891
v -0.25494037 0.71890642 0.17129661
v -0.25494040 0.72297122 0.18134837
v -0.17967136 0.73675442 0.18134859
v -0.25493907 0.71890642 -0.27228931
v -0.17967133 0.73268482 0.17129683
v -0.14904440 0.74116722 0.18134772
v -0.17949145 0.73268482 -0.22339845
v -0.17888742 0.72865362 -0.23342773
v -0.14904437 0.73709602 0.17129692
v -0.14893483 0.73709602 -0.21636324
v -0.14862232 0.73306482 -0.22667284
v -0.07618435 0.74162162 -0.22667263
v -0.07633965 0.74565362 -0.21636303
v -0.00374538 0.74486402 -0.22667242
v -0.07639498 0.74565362 0.17129713
v -0.07639501 0.74972642 0.18134793
v -0.00374541 0.74889522 -0.21636282
v -0.00374654 0.74889522 0.17129735
v -0.00374657 0.75297122 0.18134815
v 0.07465772 0.74972642 0.18134838
v 0.07465775 0.74565362 0.17129758
v 0.15306249 0.74116722 0.18134860
v 0.07460566 0.74565362 -0.21636259
v 0.07444895 0.74162162 -0.22667219
v 0.15306252 0.73709602 0.17129780
v 0.15295725 0.73709602 -0.21636236
v 0.15264328 0.73306482 -0.22667196
v 0.18290938 0.72865362 -0.23342667
v 0.18351343 0.73268482 -0.22339739
v 0.25896081 0.71487522 -0.28259741
v 0.18368996 0.73268482 0.17129789
v 0.18368993 0.73675442 0.18134965
v 0.25896078 0.71890642 -0.27228781
v 0.25895948 0.71890642 0.17129811
v 0.25895945 0.72297122 0.18134987
v 0.31978857 0.70964482 0.18135005
v 0.31978860 0.70558162 0.17129829
v 0.38396193 0.68928482 0.18135024
v 0.31978990 0.70558162 -0.27228764
v 0.31978993 0.70155042 -0.28259724
v 0.38396196 0.68522402 0.17129848
v 0.41923097 0.67526482 0.18135034
v 0.38396326 0.68522402 -0.27228745
v 0.38396329 0.68119282 -0.28259705
v 0.41503468 0.67120642 0.17129857
v 0.41462342 0.67120642 -0.27228736
v 0.41462097 0.66717522 -0.28259696
v 0.42609654 0.66717522 -0.27228732
v 0.42398624 0.66538642 -0.28070237
v 0.42621588 0.66722562 0.17120388
v 0.43113577 0.67124322 0.18136310
v -0.42207481 0.65789842 -0.28259940
v -0.41996545 0.66584242 -0.28070484
v -0.41059920 0.66763202 -0.28259937
v -0.41060167 0.65789922 -0.28686985
v -0.42207481 -0.04824399 -0.27942844
v -0.41060167 -0.05304231 -0.28686985
v -0.37994247 0.67146082 -0.28686976
v -0.37994248 0.68119282 -0.28259928
v -0.31576816 0.70155042 -0.28259909
v -0.37994248 -0.05264639 -0.28521936
v -0.31576815 0.69181762 -0.28686957
v -0.25493903 0.70514242 -0.28686939
v -0.25493904 0.71487522 -0.28259891
v -0.17888742 0.72865362 -0.23342773
v -0.17783668 0.71892162 -0.24087597
v -0.17771309 -0.06295151 -0.23791509
v -0.14831223 0.72333282 -0.23283492
v -0.25529993 -0.05161895 -0.28093771
v -0.31576816 -0.05201519 -0.28258925
v -0.37994257 -0.16438231 -0.25489120
v -0.39084786 -0.16387599 -0.25016859
v -0.42207481 -0.04824399 -0.27942844
v -0.42207481 -0.14427607 -0.27942844
v -0.31576772 -0.16583255 -0.26842037
v -0.25561539 -0.16633887 -0.27314284
v -0.17871118 -0.19863575 -0.23474901
v -0.14810575 -0.06385783 -0.23046572
v -0.14801200 -0.20444599 -0.22830756
v -0.07587917 -0.20448127 -0.22835911
v -0.07592554 -0.06383935 -0.23029855
v -0.07602955 0.73188962 -0.23283471
v -0.00374537 -0.20451663 -0.22841162
v -0.00374536 0.73513122 -0.23283450
v -0.00374537 -0.06382087 -0.23013234
v 0.07414329 -0.20448127 -0.22835867
v 0.07429419 0.73188962 -0.23283427
v 0.07419067 -0.06383935 -0.23029811
v 0.15212721 -0.06385783 -0.23046484
v 0.15203296 -0.20444599 -0.22830668
v 0.15233474 0.72333282 -0.23283404
v 0.18273218 -0.19863575 -0.23474795
v 0.18185820 0.71892162 -0.24087492
v 0.18173515 -0.06295151 -0.23791404
v 0.25963662 -0.16633887 -0.27314133
v 0.25932168 -0.05161895 -0.28093621
v 0.31978988 -0.16583263 -0.26841851
v 0.25896082 0.70514242 -0.28686789
v 0.18290938 0.72865362 -0.23342667
v 0.25896081 0.71487522 -0.28259741
v 0.31978993 0.70155042 -0.28259724
v 0.31978993 -0.05201519 -0.28258740
v 0.31978994 0.69181762 -0.28686772
v 0.38396329 0.68119282 -0.28259705
v 0.38396330 0.67146082 -0.28686753
v 0.41462097 0.66717522 -0.28259696
v 0.38396329 -0.05264639 -0.28521713
v 0.38396321 -0.16438231 -0.25488897
v 0.41462346 -0.05304231 -0.28686744
v 0.39486943 -0.16387599 -0.25016630
v 0.41462346 0.65744322 -0.28686744
v 0.42609656 -0.04824399 -0.27942596
v 0.42609654 -0.14427607 -0.27239276
v 0.42609657 0.65744162 -0.28259692
v 0.42398624 0.66538642 -0.28070237
v -0.38946429 -0.23959511 0.17110678
v -0.38940396 -0.69308568 -0.10558462
v -0.38950189 -0.69316696 0.17120542
v -0.38929508 -0.26340343 -0.10547622
v -0.38948891 -0.23925359 -0.10830532
v -0.38986918 -0.21877575 -0.12541567
v -0.39084786 -0.16387599 -0.25016859
v -0.38946965 -0.16390231 0.17110678
v -0.17783668 0.71892162 -0.24087597
v -0.14831223 0.72333282 -0.23283492
v -0.07602955 0.73188962 -0.23283471
v -0.00374536 0.73513122 -0.23283450
v 0.07429419 0.73188962 -0.23283427
v 0.15233474 0.72333282 -0.23283404
v 0.18185820 0.71892162 -0.24087492
v -0.42207481 -0.14427607 -0.27942844
v -0.39084786 -0.16387599 -0.25016859
v -0.42682631 -0.14427607 -0.26202806
v -0.38946965 -0.16390231 0.17110678
v -0.42682757 -0.14427607 0.17110667
v -0.42682757 -0.14427607 0.17110667
v -0.38946965 -0.16390231 0.17110678
v -0.38946429 -0.23959511 0.17110678
v -0.42682757 -0.23959511 0.17110667
v -0.38950189 -0.69316696 0.17120542
v -0.42682757 -0.72406504 0.17110667
v -0.42219677 -0.73367728 0.17120140
v -0.41101509 -0.73765849 0.17129616
v -0.37994381 -0.69316664 0.17122401
v -0.37994381 -0.73765849 0.17129625
v -0.31576901 -0.69316568 0.17127692
v -0.31576949 -0.73765849 0.17129644
v -0.25494037 -0.73765849 0.17129661
v -0.24391013 -0.69316536 0.17129665
v -0.17282469 -0.69316536 0.17129685
v -0.17967133 -0.73765849 0.17129683
v -0.14389989 -0.69316536 0.17129694
v -0.14904437 -0.73765849 0.17129692
v -0.07382418 -0.69316536 0.17129714
v -0.07639498 -0.73765849 0.17129713
v -0.00374654 -0.73765849 0.17129735
v -0.00374654 -0.69316536 0.17129735
v 0.07465775 -0.73765849 0.17129758
v 0.07208597 -0.69316536 0.17129757
v 0.15306252 -0.73765849 0.17129780
v 0.14791900 -0.69316536 0.17129779
v 0.18368996 -0.73765849 0.17129789
v 0.17684332 -0.69316536 0.17129787
v 0.25895948 -0.73765849 0.17129811
v 0.24792828 -0.69316536 0.17129808
v 0.31978860 -0.73765849 0.17129829
v 0.31978860 -0.69316568 0.17127877
v 0.38396196 -0.69316664 0.17122624
v 0.38396196 -0.73765849 0.17129848
v 0.41503468 -0.73765849 0.17129857
v 0.39352004 -0.69316696 0.17120771
v 0.42621588 -0.73367728 0.17120388
v 0.43084572 -0.72406504 0.17110918
v 0.43084572 -0.23959511 0.17110918
v 0.39348340 -0.23959511 0.17110907
v 0.43084572 -0.14427607 0.17110918
v 0.39348828 -0.16390231 0.17110907
v 0.42621588 -0.73367728 0.17120388
v 0.43564401 -0.72849712 0.18129279
v 0.43105129 -0.73773342 0.18135622
v 0.43084572 -0.72406504 0.17110918
v 0.43084572 -0.23959511 0.17110918
v 0.43566745 -0.23959511 0.18129375
v 0.43084572 -0.14427607 0.17110918
v 0.43568457 -0.14878911 0.18129471
v 0.43568849 -0.04917143 0.18129471
v 0.43084572 -0.04856543 0.17110918
v 0.43084699 -0.14427607 -0.26202555
v 0.43084572 0.65761362 0.17110918
v 0.43574905 0.66201762 0.18129671
v 0.43084701 -0.04850599 -0.26901675
v 0.42609654 -0.14427607 -0.27239276
v 0.42609656 -0.04824399 -0.27942596
v 0.42609657 0.65744162 -0.28259692
v 0.43084702 0.65744322 -0.27228731
v 0.42621588 0.66722562 0.17120388
v 0.43113577 0.67124322 0.18136310
v 0.42609654 0.66717522 -0.27228732
v 0.42398624 0.66538642 -0.28070237
v 0.39348340 -0.23959511 0.17110907
v 0.39352004 -0.69316696 0.17120771
v 0.39342469 -0.69308568 -0.10558233
v 0.39331533 -0.26340343 -0.10547394
v 0.39350918 -0.23925359 -0.10830303
v 0.39389003 -0.21877575 -0.12541338
v 0.39486943 -0.16387599 -0.25016630
v 0.39348828 -0.16390231 0.17110907
v 0.42609654 -0.14427607 -0.27239276
v 0.43084699 -0.14427607 -0.26202555
v 0.39486943 -0.16387599 -0.25016630
v 0.39348828 -0.16390231 0.17110907
v 0.43084572 -0.14427607 0.17110918
v -0.37994257 -0.16438231 -0.25489120
v -0.38986918 -0.21877575 -0.12541567
v -0.39084786 -0.16387599 -0.25016859
v -0.37994294 -0.21871191 -0.12550744
v -0.31576772 -0.16583255 -0.26842037
v -0.37994299 -0.23896423 -0.10841076
v -0.38948891 -0.23925359 -0.10830532
v -0.31576814 -0.21852135 -0.12578069
v -0.31576819 -0.23810015 -0.10872894
v -0.25561539 -0.16633887 -0.27314284
v -0.25493955 -0.23781079 -0.10883422
v -0.25519926 -0.21845751 -0.12587231
v -0.18351422 -0.21857687 -0.12582621
v -0.17871118 -0.19863575 -0.23474901
v -0.17967051 -0.23781087 -0.10883400
v -0.14801200 -0.20444599 -0.22830756
v -0.14903470 -0.21855311 -0.12583489
v -0.14904355 -0.23781079 -0.10883391
v -0.07587917 -0.20448127 -0.22835911
v -0.07639416 -0.23781087 -0.10883370
v -0.07639070 -0.21855407 -0.12583370
v -0.00374537 -0.20451663 -0.22841162
v -0.00374572 -0.23781087 -0.10883349
v -0.00374567 -0.21855503 -0.12583349
v 0.07465471 -0.21855407 -0.12583326
v 0.07414329 -0.20448127 -0.22835867
v 0.07465857 -0.23781087 -0.10883326
v 0.15305507 -0.21855311 -0.12583401
v 0.15306334 -0.23781079 -0.10883303
v 0.15203296 -0.20444599 -0.22830668
v 0.18369078 -0.23781087 -0.10883294
v 0.18753459 -0.21857687 -0.12582512
v 0.18273218 -0.19863575 -0.23474795
v 0.25896030 -0.23781079 -0.10883272
v 0.25963662 -0.16633887 -0.27314133
v 0.25922067 -0.21845751 -0.12587081
v 0.31978947 -0.21852135 -0.12577883
v 0.31978988 -0.16583263 -0.26841851
v 0.31978942 -0.23810015 -0.10872708
v 0.38396283 -0.21871191 -0.12550521
v 0.38396278 -0.23896423 -0.10840853
v 0.39350918 -0.23925359 -0.10830303
v -0.38950189 -0.69316696 0.17120542
v -0.38940396 -0.69308568 -0.10558462
v -0.37994300 -0.69307824 -0.10557092
v -0.37994381 -0.69316664 0.17122401
v -0.31576820 -0.69306032 -0.10553948
v -0.31576901 -0.69316568 0.17127692
v -0.24391013 -0.69316536 0.17129665
v -0.24390932 -0.69305288 -0.10552657
v -0.17282388 -0.69305288 -0.10552637
v -0.17282469 -0.69316536 0.17129685
v -0.14389908 -0.69305288 -0.10552628
v -0.14389989 -0.69316536 0.17129694
v -0.07382337 -0.69305288 -0.10552608
v -0.07382418 -0.69316536 0.17129714
v -0.00374654 -0.69316536 0.17129735
v -0.00374573 -0.69305288 -0.10552587
v 0.07208597 -0.69316536 0.17129757
v 0.07208678 -0.69305288 -0.10552565
v 0.14791900 -0.69316536 0.17129779
v 0.14791981 -0.69305288 -0.10552543
v 0.17684332 -0.69316536 0.17129787
v 0.17684413 -0.69305288 -0.10552535
v 0.24792828 -0.69316536 0.17129808
v 0.24792909 -0.69305288 -0.10552514
v 0.31978860 -0.69316568 0.17127877
v 0.31978941 -0.69306032 -0.10553762
v 0.38396277 -0.69307824 -0.10556869
v 0.38396196 -0.69316664 0.17122624
v 0.39352004 -0.69316696 0.17120771
v 0.39342469 -0.69308568 -0.10558233
v 0.43046055 -0.12363415 0.13535333
v 0.42199919 -0.12665711 0.13535331
v 0.41988400 -0.12483295 0.13244706
v 0.43046056 -0.12105431 0.13244709
v 0.43046178 -0.12105431 -0.28518379
v 0.41988522 -0.12483295 -0.28518382
v 0.42199919 -0.12665711 0.13535331
v 0.41550304 -0.13395503 0.13244705
v 0.41988400 -0.12483295 0.13244706
v 0.41849375 -0.13395503 0.13535330
v 0.41988400 -0.14307743 0.13244706
v 0.42199919 -0.14125303 0.13535331
v 0.42199919 -0.14125303 0.13535331
v 0.43046055 -0.14427615 0.13535333
v 0.43046056 -0.14685591 0.13244709
v 0.41988400 -0.14307743 0.13244706
v 0.41988522 -0.14307743 -0.28518382
v 0.43046178 -0.14685591 -0.28518379
v 0.41988522 -0.12483295 -0.28518382
v 0.41550426 -0.13395503 -0.28518384
v 0.41550426 -0.13395503 -0.28518384
v 0.41988522 -0.14307743 -0.28518382
v 0.43046055 -0.13395503 0.13535333
v 0.42199919 -0.12665711 0.13535331
v 0.43046055 -0.12363415 0.13535333
v 0.41849375 -0.13395503 0.13535330
v 0.42199919 -0.14125303 0.13535331
v 0.43046055 -0.14427615 0.13535333
v -0.42644171 -0.12363415 0.13535083
v -0.41586514 -0.12483295 0.13244462
v -0.41797987 -0.12665711 0.13535086
v -0.42644170 -0.12105431 0.13244459
v -0.42644048 -0.12105431 -0.28518629
v -0.41586392 -0.12483295 -0.28518626
v -0.41586514 -0.12483295 0.13244462
v -0.41586392 -0.12483295 -0.28518626
v -0.41148200 -0.13395503 -0.28518625
v -0.41148200 -0.13395503 -0.28518625
v -0.41586392 -0.14307743 -0.28518626
v -0.41797987 -0.14125303 0.13535086
v -0.42644170 -0.14685591 0.13244459
v -0.42644171 -0.14427615 0.13535083
v -0.41586514 -0.14307743 0.13244462
v -0.41586392 -0.14307743 -0.28518626
v -0.42644048 -0.14685591 -0.28518629
v -0.42644171 -0.13395503 0.13535083
v -0.42644171 -0.12363415 0.13535083
v -0.41797987 -0.12665711 0.13535086
v -0.41447491 -0.13395503 0.13535087
v -0.41797987 -0.14125303 0.13535086
v -0.42644171 -0.14427615 0.13535083
v 0.43046055 0.14544801 0.13535333
v 0.42199919 0.14242561 0.13535331
v 0.41988400 0.14424961 0.13244706
v 0.43046056 0.14802801 0.13244709
v 0.43046178 0.14802801 -0.28518379
v 0.41988522 0.14424961 -0.28518382
v 0.42199919 0.14242561 0.13535331
v 0.41550304 0.13512721 0.13244705
v 0.41988400 0.14424961 0.13244706
v 0.41849375 0.13512721 0.13535330
v 0.41988400 0.12600481 0.13244706
v 0.42199919 0.12782961 0.13535331
v 0.42199919 0.12782961 0.13535331
v 0.43046055 0.12480641 0.13535333
v 0.43046056 0.12222641 0.13244709
v 0.41988400 0.12600481 0.13244706
v 0.41988522 0.12600481 -0.28518382
v 0.43046178 0.12222641 -0.28518379
v 0.41988522 0.14424961 -0.28518382
v 0.41550426 0.13512721 -0.28518384
v 0.41550426 0.13512721 -0.28518384
v 0.41988522 0.12600481 -0.28518382
v 0.43046055 0.13512721 0.13535333
v 0.42199919 0.14242561 0.13535331
v 0.43046055 0.14544801 0.13535333
v 0.41849375 0.13512721 0.13535330
v 0.42199919 0.12782961 0.13535331
v 0.43046055 0.12480641 0.13535333
v -0.42644171 0.14544801 0.13535083
v -0.41586514 0.14424961 0.13244462
v -0.41797987 0.14242561 0.13535086
v -0.42644170 0.14802801 0.13244459
v -0.42644048 0.14802801 -0.28518629
v -0.41586392 0.14424961 -0.28518626
v -0.41586514 0.14424961 0.13244462
v -0.41586392 0.14424961 -0.28518626
v -0.41148200 0.13512721 -0.28518625
v -0.41148200 0.13512721 -0.28518625
v -0.41586392 0.12600481 -0.28518626
v -0.41797987 0.12782961 0.13535086
v -0.42644170 0.12222641 0.13244459
v -0.42644171 0.12480641 0.13535083
v -0.41586514 0.12600481 0.13244462
v -0.41586392 0.12600481 -0.28518626
v -0.42644048 0.12222641 -0.28518629
v -0.42644171 0.13512721 0.13535083
v -0.42644171 0.14544801 0.13535083
v -0.41797987 0.14242561 0.13535086
v -0.41447491 0.13512721 0.13535087
v -0.41797987 0.12782961 0.13535086
v -0.42644171 0.12480641 0.13535083
v 0.43046055 0.41254162 0.13535333
v 0.42199919 0.40951922 0.13535331
v 0.41988400 0.41134322 0.13244706
v 0.43046056 0.41512162 0.13244709
v 0.43046178 0.41512162 -0.28518379
v 0.41988522 0.41134322 -0.28518382
v 0.42199919 0.40951922 0.13535331
v 0.41550304 0.40222082 0.13244705
v 0.41988400 0.41134322 0.13244706
v 0.41849375 0.40222082 0.13535330
v 0.41988400 0.39309842 0.13244706
v 0.42199919 0.39492322 0.13535331
v 0.42199919 0.39492322 0.13535331
v 0.43046055 0.39190002 0.13535333
v 0.43046056 0.38932002 0.13244709
v 0.41988400 0.39309842 0.13244706
v 0.41988522 0.39309842 -0.28518382
v 0.43046178 0.38932002 -0.28518379
v 0.41988522 0.41134322 -0.28518382
v 0.41550426 0.40222082 -0.28518384
v 0.41550426 0.40222082 -0.28518384
v 0.41988522 0.39309842 -0.28518382
v 0.43046055 0.40222082 0.13535333
v 0.42199919 0.40951922 0.13535331
v 0.43046055 0.41254162 0.13535333
v 0.41849375 0.40222082 0.13535330
v 0.42199919 0.39492322 0.13535331
v 0.43046055 0.39190002 0.13535333
v -0.42644171 0.41254162 0.13535083
v -0.41586514 0.41134322 0.13244462
v -0.41797987 0.40951922 0.13535086
v -0.42644170 0.41512162 0.13244459
v -0.42644048 0.41512162 -0.28518629
v -0.41586392 0.41134322 -0.28518626
v -0.41586514 0.41134322 0.13244462
v -0.41586392 0.41134322 -0.28518626
v -0.41148200 0.40222082 -0.28518625
v -0.41148200 0.40222082 -0.28518625
v -0.41586392 0.39309842 -0.28518626
v -0.41797987 0.39492322 0.13535086
v -0.42644170 0.38932002 0.13244459
v -0.42644171 0.39190002 0.13535083
v -0.41586514 0.39309842 0.13244462
v -0.41586392 0.39309842 -0.28518626
v -0.42644048 0.38932002 -0.28518629
v -0.42644171 0.40222082 0.13535083
v -0.42644171 0.41254162 0.13535083
v -0.41797987 0.40951922 0.13535086
v -0.41447491 0.40222082 0.13535087
v -0.41797987 0.39492322 0.13535086
v -0.42644171 0.39190002 0.13535083
v -0.44868609 0.69626962 0.18319549
v -0.44314649 0.67340882 0.18319550
v -0.45208057 0.68558402 0.18319548
v -0.45208057 -0.04846543 0.18319548
v -0.43782273 0.68214642 0.18319552
v -0.44049073 0.70069602 0.18319551
v -0.44302881 -0.04894895 0.18319550
v -0.43173048 0.66247442 0.18129418
v -0.42711672 0.67169922 0.18136059
v -0.43166944 -0.04917143 0.18129218
v -0.41521192 0.67572162 0.18134791
v -0.43166552 -0.14878911 0.18129218
v -0.44302345 -0.14878911 0.18319550
v -0.45208057 -0.14878919 0.18319548
v -0.45208057 -0.23959511 0.18319548
v -0.42496681 0.68576642 0.18319556
v -0.37994384 0.68928482 0.18134801
v -0.44299121 -0.23959511 0.18319550
v -0.43164888 -0.23959511 0.18129122
v -0.37994384 0.70148162 0.18319569
v -0.37994432 0.72800802 0.18319569
v -0.31576952 0.74621682 0.18319588
v -0.44294633 -0.73938296 0.18319550
v -0.45208057 -0.76396728 0.18319548
v -0.43162504 -0.72849712 0.18129026
v -0.31576952 0.71969602 0.18319588
v -0.31576952 0.70964482 0.18134820
v -0.25494040 0.72297122 0.18134837
v -0.43767777 -0.74819338 0.18319552
v -0.42703128 -0.73773342 0.18135371
v -0.44868609 -0.77354187 0.18319549
v -0.41519240 -0.74175204 0.18134695
v -0.25494040 0.73302562 0.18319605
v -0.25494040 0.75954162 0.18319605
v -0.17967136 0.77332002 0.18319627
v -0.42495801 -0.75184187 0.18319556
v -0.44049073 -0.77750777 0.18319551
v -0.17967136 0.74681282 0.18319627
v -0.17967136 0.73675442 0.18134859
v -0.14904440 0.77773122 0.18319636
v -0.37994384 -0.75183736 0.18319569
v -0.37994384 -0.74175016 0.18134705
v -0.37994432 -0.77750777 0.18319569
v -0.31576952 -0.74174711 0.18134724
v -0.14904440 0.75122802 0.18319636
v -0.14904440 0.74116722 0.18134772
v -0.07639501 0.74972642 0.18134793
v -0.31576952 -0.75183066 0.18319588
v -0.31576952 -0.77750777 0.18319588
v -0.25494040 -0.77750777 0.18319605
v -0.07639502 0.75979042 0.18319657
v -0.07639502 0.78628882 0.18319657
v -0.00374657 0.75297122 0.18134815
v -0.25494040 -0.75182614 0.18319605
v -0.25494040 -0.74174523 0.18134741
v -0.17967136 -0.74174150 0.18134763
v -0.00374658 0.76303842 0.18319679
v -0.00374658 0.78953042 0.18319679
v 0.07465771 0.78628882 0.18319702
v -0.17967136 -0.75181778 0.18319627
v -0.17967136 -0.77750777 0.18319627
v -0.14904440 -0.74173986 0.18134772
v 0.07465771 0.75979042 0.18319702
v 0.07465772 0.74972642 0.18134838
v 0.15306248 0.77773122 0.18319724
v -0.14904440 -0.75181408 0.18319636
v -0.14904440 -0.77750777 0.18319636
v 0.15306248 0.75122802 0.18319724
v 0.15306249 0.74116722 0.18134860
v 0.18368993 0.73675442 0.18134965
v -0.07639502 -0.75180807 0.18319657
v -0.07639502 -0.77750777 0.18319657
v -0.07639501 -0.74173722 0.18134793
v -0.00374658 -0.77750777 0.18319679
v 0.18368992 0.74681282 0.18319733
v 0.18368992 0.77332002 0.18319733
v 0.25895945 0.72297122 0.18134987
v -0.00374658 -0.75180206 0.18319679
v -0.00374657 -0.74173456 0.18134815
v 0.07465771 -0.77750777 0.18319702
v 0.25895944 0.73302562 0.18319755
v 0.25895944 0.75954162 0.18319755
v 0.31978857 0.74621682 0.18319773
v 0.07465771 -0.75180807 0.18319702
v 0.07465772 -0.74173722 0.18134838
v 0.15306248 -0.77750777 0.18319724
v 0.15306249 -0.74173986 0.18134860
v 0.31978857 0.71969602 0.18319773
v 0.31978857 0.70964482 0.18135005
v 0.38396193 0.72800802 0.18319792
v 0.15306248 -0.75181408 0.18319724
v 0.18368992 -0.77750777 0.18319733
v 0.38396193 0.70148162 0.18319792
v 0.38396193 0.68928482 0.18135024
v 0.44451025 0.70069602 0.18319810
v 0.18368992 -0.75181778 0.18319733
v 0.18368993 -0.74174150 0.18134869
v 0.25895944 -0.77750777 0.18319755
v 0.42898585 0.68531042 0.18319805
v 0.41923097 0.67526482 0.18135034
v 0.25895944 -0.75182614 0.18319755
v 0.25895945 -0.74174523 0.18134891
v 0.31978857 -0.77750777 0.18319773
v 0.44184129 0.68169042 0.18319809
v 0.43113577 0.67124322 0.18136310
v 0.45270465 0.69626962 0.18319812
v 0.43574905 0.66201762 0.18129671
v 0.31978857 -0.75183066 0.18319773
v 0.31978857 -0.74174711 0.18134909
v 0.38396193 -0.74175016 0.18134928
v 0.44716601 0.67295282 0.18319810
v 0.45609913 0.68558402 0.18319813
v 0.45609913 -0.04846543 0.18319813
v 0.38396193 -0.75183736 0.18319792
v 0.38396193 -0.77750777 0.18319792
v 0.44451025 -0.77750777 0.18319810
v 0.41921049 -0.74175204 0.18134938
v 0.44704841 -0.04894895 0.18319810
v 0.43568849 -0.04917143 0.18129471
v 0.43568457 -0.14878911 0.18129471
v 0.42897609 -0.75184187 0.18319805
v 0.45270465 -0.77354187 0.18319812
v 0.44704249 -0.14878911 0.18319810
v 0.45609913 -0.14878919 0.18319813
v 0.45609913 -0.23959511 0.18319813
v 0.44169585 -0.74819338 0.18319809
v 0.43105129 -0.73773342 0.18135622
v 0.45609913 -0.76396728 0.18319813
v 0.43564401 -0.72849712 0.18129279
v 0.44701025 -0.23959511 0.18319810
v 0.43566745 -0.23959511 0.18129375
v 0.44696537 -0.73938296 0.18319810
v -0.00374573 -0.26333183 -0.10566455
v -0.07639416 -0.23781087 -0.10883370
v -0.00374572 -0.23781087 -0.10883349
v 0.07465857 -0.23781087 -0.10883326
v -0.07639417 -0.26333183 -0.10566476
v -0.14904355 -0.23781079 -0.10883391
v 0.07465856 -0.26333183 -0.10566432
v 0.15306334 -0.23781079 -0.10883303
v -0.00374573 -0.69305288 -0.10552587
v 0.07208678 -0.69305288 -0.10552565
v -0.07382337 -0.69305288 -0.10552608
v 0.14791981 -0.69305288 -0.10552543
v -0.14389908 -0.69305288 -0.10552628
v 0.15306333 -0.26333207 -0.10566409
v 0.17684413 -0.69305288 -0.10552535
v -0.14904356 -0.26333207 -0.10566497
v -0.17282388 -0.69305288 -0.10552637
v 0.18369077 -0.26333183 -0.10566400
v 0.18369078 -0.23781087 -0.10883294
v 0.24792909 -0.69305288 -0.10552514
v -0.17967052 -0.26333183 -0.10566506
v -0.17967051 -0.23781087 -0.10883400
v -0.24390932 -0.69305288 -0.10552657
v 0.25896029 -0.26333183 -0.10566378
v 0.25896030 -0.23781079 -0.10883272
v 0.31978942 -0.23810015 -0.10872708
v 0.31978941 -0.69306032 -0.10553762
v -0.25493956 -0.26333183 -0.10566528
v -0.25493955 -0.23781079 -0.10883422
v -0.31576819 -0.23810015 -0.10872894
v 0.31978941 -0.26334607 -0.10562551
v 0.38396278 -0.23896423 -0.10840853
v -0.31576820 -0.26334607 -0.10562737
v -0.31576820 -0.69306032 -0.10553948
v -0.37994300 -0.69307824 -0.10557092
v 0.38396277 -0.26338911 -0.10551205
v 0.38396277 -0.69307824 -0.10556869
v 0.39350918 -0.23925359 -0.10830303
v 0.39342469 -0.69308568 -0.10558233
v 0.39331533 -0.26340343 -0.10547394
v -0.37994300 -0.26338911 -0.10551428
v -0.37994299 -0.23896423 -0.10841076
v -0.38940396 -0.69308568 -0.10558462
v -0.38948891 -0.23925359 -0.10830532
v -0.38929508 -0.26340343 -0.10547622
v -0.00375018 -0.81926703 -0.08759912
v -0.00375018 -0.81926703 -0.08760693
v -0.00374139 -0.81926703 -0.08760693
v -0.00374139 -0.81926703 -0.08759912
v 0.46190332 -0.80090882 -0.32256554
v 0.45401759 -0.80090882 -0.33223060
v 0.45401759 -0.81262000 -0.33223060
v 0.46190332 -0.81262000 -0.32256554
v 0.46190329 -0.80090882 -0.31061922
v 0.46190329 -0.81262000 -0.31061922
v 0.45401759 -0.80090882 -0.33223060
v 0.44125792 -0.80090882 -0.33592208
v 0.44125792 -0.81262000 -0.33592208
v 0.45401759 -0.81262000 -0.33223060
v 0.42849911 -0.80090882 -0.33223068
v 0.42849911 -0.81262000 -0.33223068
v 0.42849911 -0.80090882 -0.33223068
v 0.42061236 -0.80090882 -0.32256566
v 0.42061236 -0.81262000 -0.32256566
v 0.42849911 -0.81262000 -0.33223068
v 0.42061233 -0.81262000 -0.31061934
v 0.42061233 -0.80090882 -0.31061934
v 0.42849902 -0.81262000 -0.30095428
v 0.42849902 -0.80090882 -0.30095428
v 0.42849902 -0.80090882 -0.30095428
v 0.44125781 -0.80090882 -0.29726288
v 0.44125781 -0.81262000 -0.29726288
v 0.42849902 -0.81262000 -0.30095428
v 0.45401750 -0.80090882 -0.30095420
v 0.45401750 -0.81262000 -0.30095420
v 0.45401750 -0.80090882 -0.30095420
v 0.45401750 -0.81262000 -0.30095420
v 0.46190182 -0.80090882 0.19221671
v 0.45401609 -0.80090882 0.18255164
v 0.45401609 -0.81262000 0.18255164
v 0.46190182 -0.81262000 0.19221671
v 0.46190179 -0.80090882 0.20416295
v 0.46190179 -0.81262000 0.20416295
v 0.45401609 -0.80090882 0.18255164
v 0.44125642 -0.80090882 0.17886017
v 0.44125642 -0.81262000 0.17886017
v 0.45401609 -0.81262000 0.18255164
v 0.42849761 -0.80090882 0.18255157
v 0.42849761 -0.81262000 0.18255157
v 0.42849761 -0.80090882 0.18255157
v 0.42061086 -0.80090882 0.19221659
v 0.42061086 -0.81262000 0.19221659
v 0.42849761 -0.81262000 0.18255157
v 0.42061083 -0.81262000 0.20416283
v 0.42061083 -0.80090882 0.20416283
v 0.42849752 -0.81262000 0.21382789
v 0.42849752 -0.80090882 0.21382789
v 0.42849752 -0.80090882 0.21382789
v 0.44125631 -0.80090882 0.21751937
v 0.44125631 -0.81262000 0.21751937
v 0.42849752 -0.81262000 0.21382789
v 0.45401600 -0.80090882 0.21382796
v 0.45401600 -0.81262000 0.21382796
v 0.45401600 -0.80090882 0.21382796
v 0.45401600 -0.81262000 0.21382796
v -0.41805571 -0.80090882 0.19221414
v -0.42594136 -0.80090882 0.18254907
v -0.42594136 -0.81262000 0.18254907
v -0.41805571 -0.81262000 0.19221414
v -0.41805575 -0.80090882 0.20416038
v -0.41805575 -0.81262000 0.20416038
v -0.42594136 -0.80090882 0.18254907
v -0.43870071 -0.80090882 0.17885760
v -0.43870071 -0.81262000 0.17885760
v -0.42594136 -0.81262000 0.18254907
v -0.45146096 -0.80090882 0.18254900
v -0.45146096 -0.81262000 0.18254900
v -0.45146096 -0.80090882 0.18254900
v -0.45934675 -0.80090882 0.19221402
v -0.45934675 -0.81262000 0.19221402
v -0.45146096 -0.81262000 0.18254900
v -0.45934679 -0.81262000 0.20416026
v -0.45934679 -0.80090882 0.20416026
v -0.45146106 -0.81262000 0.21382532
v -0.45146106 -0.80090882 0.21382532
v -0.45146106 -0.80090882 0.21382532
v -0.43870083 -0.80090882 0.21751680
v -0.43870083 -0.81262000 0.21751680
v -0.45146106 -0.81262000 0.21382532
v -0.42594145 -0.80090882 0.21382539
v -0.42594145 -0.81262000 0.21382539
v -0.42594145 -0.80090882 0.21382539
v -0.42594145 -0.81262000 0.21382539
v -0.41805421 -0.80090882 -0.32256811
v -0.42593986 -0.80090882 -0.33223317
v -0.42593986 -0.81262000 -0.33223317
v -0.41805421 -0.81262000 -0.32256811
v -0.41805424 -0.80090882 -0.31062179
v -0.41805424 -0.81262000 -0.31062179
v -0.42593986 -0.80090882 -0.33223317
v -0.43869921 -0.80090882 -0.33592465
v -0.43869921 -0.81262000 -0.33592465
v -0.42593986 -0.81262000 -0.33223317
v -0.45145946 -0.80090882 -0.33223325
v -0.45145946 -0.81262000 -0.33223325
v -0.45145946 -0.80090882 -0.33223325
v -0.45934525 -0.80090882 -0.32256823
v -0.45934525 -0.81262000 -0.32256823
v -0.45145946 -0.81262000 -0.33223325
v -0.45934528 -0.81262000 -0.31062191
v -0.45934528 -0.80090882 -0.31062191
v -0.45145955 -0.81262000 -0.30095685
v -0.45145955 -0.80090882 -0.30095685
v -0.45145955 -0.80090882 -0.30095685
v -0.43869932 -0.80090882 -0.29726545
v -0.43869932 -0.81262000 -0.29726545
v -0.45145955 -0.81262000 -0.30095685
v -0.42593995 -0.80090882 -0.30095677
v -0.42593995 -0.81262000 -0.30095677
v -0.42593995 -0.80090882 -0.30095677
v -0.42593995 -0.81262000 -0.30095677
v 0.45401759 -0.81262000 -0.33223060
v 0.44125787 -0.81262000 -0.31659192
v 0.46190332 -0.81262000 -0.32256554
v 0.44125792 -0.81262000 -0.33592208
v 0.46190329 -0.81262000 -0.31061922
v 0.42849911 -0.81262000 -0.33223068
v 0.45401750 -0.81262000 -0.30095420
v 0.42061236 -0.81262000 -0.32256566
v 0.44125781 -0.81262000 -0.29726288
v 0.42061233 -0.81262000 -0.31061934
v 0.42849902 -0.81262000 -0.30095428
v 0.44125787 -0.80090882 -0.31659192
v 0.45401759 -0.80090882 -0.33223060
v 0.46190332 -0.80090882 -0.32256554
v 0.44125792 -0.80090882 -0.33592208
v 0.46190329 -0.80090882 -0.31061922
v 0.42849911 -0.80090882 -0.33223068
v 0.45401750 -0.80090882 -0.30095420
v 0.42061236 -0.80090882 -0.32256566
v 0.44125781 -0.80090882 -0.29726288
v 0.42061233 -0.80090882 -0.31061934
v 0.42849902 -0.80090882 -0.30095428
v 0.45401609 -0.81262000 0.18255164
v 0.44125636 -0.81262000 0.19818929
v 0.46190182 -0.81262000 0.19221671
v 0.44125642 -0.81262000 0.17886017
v 0.46190179 -0.81262000 0.20416295
v 0.42849761 -0.81262000 0.18255157
v 0.45401600 -0.81262000 0.21382796
v 0.42061086 -0.81262000 0.19221659
v 0.44125631 -0.81262000 0.21751937
v 0.42061083 -0.81262000 0.20416283
v 0.42849752 -0.81262000 0.21382789
v 0.44125636 -0.80090882 0.19818929
v 0.45401609 -0.80090882 0.18255164
v 0.46190182 -0.80090882 0.19221671
v 0.44125642 -0.80090882 0.17886017
v 0.46190179 -0.80090882 0.20416295
v 0.42849761 -0.80090882 0.18255157
v 0.45401600 -0.80090882 0.21382796
v 0.42061086 -0.80090882 0.19221659
v 0.44125631 -0.80090882 0.21751937
v 0.42061083 -0.80090882 0.20416283
v 0.42849752 -0.80090882 0.21382789
v -0.42594136 -0.81262000 0.18254907
v -0.43870077 -0.81262000 0.19818672
v -0.41805571 -0.81262000 0.19221414
v -0.43870071 -0.81262000 0.17885760
v -0.41805575 -0.81262000 0.20416038
v -0.45146096 -0.81262000 0.18254900
v -0.42594145 -0.81262000 0.21382539
v -0.45934675 -0.81262000 0.19221402
v -0.43870083 -0.81262000 0.21751680
v -0.45934679 -0.81262000 0.20416026
v -0.45146106 -0.81262000 0.21382532
v -0.43870077 -0.80090882 0.19818672
v -0.42594136 -0.80090882 0.18254907
v -0.41805571 -0.80090882 0.19221414
v -0.43870071 -0.80090882 0.17885760
v -0.41805575 -0.80090882 0.20416038
v -0.45146096 -0.80090882 0.18254900
v -0.42594145 -0.80090882 0.21382539
v -0.45934675 -0.80090882 0.19221402
v -0.43870083 -0.80090882 0.21751680
v -0.45934679 -0.80090882 0.20416026
v -0.45146106 -0.80090882 0.21382532
v -0.42593986 -0.81262000 -0.33223317
v -0.43869927 -0.81262000 -0.31659449
v -0.41805421 -0.81262000 -0.32256811
v -0.43869921 -0.81262000 -0.33592465
v -0.41805424 -0.81262000 -0.31062179
v -0.45145946 -0.81262000 -0.33223325
v -0.42593995 -0.81262000 -0.30095677
v -0.45934525 -0.81262000 -0.32256823
v -0.43869932 -0.81262000 -0.29726545
v -0.45934528 -0.81262000 -0.31062191
v -0.45145955 -0.81262000 -0.30095685
v -0.43869927 -0.80090882 -0.31659449
v -0.42593986 -0.80090882 -0.33223317
v -0.41805421 -0.80090882 -0.32256811
v -0.43869921 -0.80090882 -0.33592465
v -0.41805424 -0.80090882 -0.31062179
v -0.45145946 -0.80090882 -0.33223325
v -0.42593995 -0.80090882 -0.30095677
v -0.45934525 -0.80090882 -0.32256823
v -0.43869932 -0.80090882 -0.29726545
v -0.45934528 -0.80090882 -0.31062191
v -0.45145955 -0.80090882 -0.30095685
v -0.00375018 -0.81926703 -0.08759912
v -0.00375018 -0.81926703 -0.08760693
v -0.00374139 -0.81926703 -0.08760693
v -0.00374139 -0.81926703 -0.08759912
v 0.37690362 -0.11912207 -0.26096227
v 0.40175176 -0.10758791 -0.25179716
v 0.40175176 -0.11912207 -0.25179716
v 0.37690362 -0.10758791 -0.26096227
v 0.26505938 -0.11912207 -0.26096259
v 0.26505938 -0.10758791 -0.26096259
v 0.17588883 -0.11912207 -0.20866501
v 0.17588883 -0.10758791 -0.20866501
v -0.00374543 -0.10758791 -0.20866554
v -0.00374543 -0.11912207 -0.20866554
v -0.16357646 -0.11912207 -0.20866601
v -0.16357646 -0.10758791 -0.20866601
v -0.25493911 -0.11912207 -0.26096411
v -0.25493911 -0.10758791 -0.26096411
v -0.37288199 -0.11912207 -0.26096446
v -0.37288199 -0.10758791 -0.26096446
v -0.39773017 -0.11912207 -0.25179949
v -0.39773017 -0.10758791 -0.25179949
v 0.40175176 -0.11912207 -0.25179716
v 0.40175176 -0.10758791 -0.25179716
v 0.41204417 -0.10758791 -0.22967016
v 0.41204417 -0.11912207 -0.22967016
v 0.41204313 -0.10758791 0.12880544
v 0.41204313 -0.11912207 0.12880544
v 0.40175058 -0.10758791 0.15093141
v 0.40175058 -0.11912207 0.15093141
v -0.40802416 -0.11912207 -0.22967256
v -0.39773017 -0.10758791 -0.25179949
v -0.39773017 -0.11912207 -0.25179949
v -0.40802416 -0.10758791 -0.22967256
v -0.40802425 -0.11912207 0.12880305
v -0.40802425 -0.10758791 0.12880305
v -0.39773135 -0.11912207 0.15092908
v -0.39773135 -0.10758791 0.15092908
v -0.37288322 -0.11912207 0.16009515
v -0.39773135 -0.10758791 0.15092908
v -0.39773135 -0.11912207 0.15092908
v -0.37288322 -0.10758791 0.16009515
v -0.25494034 -0.11912207 0.16009549
v -0.25494034 -0.10758791 0.16009549
v -0.16357753 -0.11912207 0.16009576
v -0.16357753 -0.10758791 0.16009576
v -0.00374651 -0.10758791 0.16009623
v -0.00374651 -0.11912207 0.16009623
v 0.17588775 -0.11912207 0.16009675
v 0.17588775 -0.10758791 0.16009675
v 0.26505815 -0.11912207 0.16009701
v 0.26505815 -0.10758791 0.16009701
v 0.37690239 -0.11912207 0.16009734
v 0.37690239 -0.10758791 0.16009734
v 0.40175058 -0.11912207 0.15093141
v 0.40175058 -0.10758791 0.15093141
v 0.39699935 -0.10758791 -0.27749245
v 0.42076397 -0.11912207 -0.26872678
v 0.42076397 -0.10758791 -0.26872678
v 0.39699935 -0.11912207 -0.27749245
v 0.26505943 -0.10758791 -0.27749283
v 0.26505943 -0.11912207 -0.27749283
v 0.17588888 -0.10758791 -0.22519525
v 0.17588888 -0.11912207 -0.22519525
v -0.00374538 -0.11912207 -0.22519578
v -0.00374538 -0.10758791 -0.22519578
v -0.16357641 -0.10758791 -0.22519625
v -0.16357641 -0.11912207 -0.22519625
v -0.25493906 -0.10758791 -0.27749435
v -0.25493906 -0.11912207 -0.27749435
v -0.39297762 -0.10758791 -0.27749476
v -0.39297762 -0.11912207 -0.27749476
v -0.41674333 -0.10758791 -0.26872923
v -0.41674333 -0.11912207 -0.26872923
v 0.42076397 -0.10758791 -0.26872678
v 0.42076397 -0.11912207 -0.26872678
v 0.43060919 -0.11912207 -0.24756467
v 0.43060919 -0.10758791 -0.24756467
v 0.43060803 -0.11912207 0.14669901
v 0.43060803 -0.10758791 0.14669901
v 0.42076373 -0.11912207 0.16786107
v 0.42076373 -0.10758791 0.16786107
v -0.42658763 -0.10758791 -0.24756717
v -0.41674333 -0.11912207 -0.26872923
v -0.41674333 -0.10758791 -0.26872923
v -0.42658763 -0.11912207 -0.24756717
v -0.42658822 -0.10758791 0.14669747
v -0.42658822 -0.11912207 0.14669747
v -0.41674460 -0.10758791 0.16785862
v -0.41674460 -0.11912207 0.16785862
v -0.39297895 -0.10758791 0.17662437
v -0.41674460 -0.11912207 0.16785862
v -0.41674460 -0.10758791 0.16785862
v -0.39297895 -0.11912207 0.17662437
v -0.25494038 -0.11912207 0.17662477
v -0.25494038 -0.10758791 0.17662477
v -0.16357758 -0.11912207 0.17662504
v -0.16357758 -0.10758791 0.17662504
v -0.00374656 -0.11912207 0.17662551
v -0.00374656 -0.10758791 0.17662551
v 0.17588770 -0.11912207 0.17662603
v 0.17588770 -0.10758791 0.17662603
v 0.26505810 -0.11912207 0.17662629
v 0.26505810 -0.10758791 0.17662629
v 0.39699803 -0.10758791 0.17662668
v 0.39699803 -0.11912207 0.17662668
v 0.42076373 -0.10758791 0.16786107
v 0.42076373 -0.11912207 0.16786107
v 0.37690362 0.14996001 -0.26096227
v 0.40175176 0.16149441 -0.25179716
v 0.40175176 0.14996001 -0.25179716
v 0.37690362 0.16149441 -0.26096227
v 0.26505938 0.14996001 -0.26096259
v 0.26505938 0.16149441 -0.26096259
v 0.17588883 0.14996001 -0.20866501
v 0.17588883 0.16149441 -0.20866501
v -0.00374543 0.16149441 -0.20866554
v -0.00374543 0.14996001 -0.20866554
v -0.16357646 0.14996001 -0.20866601
v -0.16357646 0.16149441 -0.20866601
v -0.25493911 0.14996001 -0.26096411
v -0.25493911 0.16149441 -0.26096411
v -0.37288199 0.14996001 -0.26096446
v -0.37288199 0.16149441 -0.26096446
v -0.39773017 0.14996001 -0.25179949
v -0.39773017 0.16149441 -0.25179949
v 0.40175176 0.14996001 -0.25179716
v 0.40175176 0.16149441 -0.25179716
v 0.41204417 0.16149441 -0.22967016
v 0.41204417 0.14996001 -0.22967016
v 0.41204313 0.16149441 0.12880544
v 0.41204313 0.14996001 0.12880544
v 0.40175058 0.16149441 0.15093141
v 0.40175058 0.14996001 0.15093141
v -0.40802416 0.14996001 -0.22967256
v -0.39773017 0.16149441 -0.25179949
v -0.39773017 0.14996001 -0.25179949
v -0.40802416 0.16149441 -0.22967256
v -0.40802425 0.14996001 0.12880305
v -0.40802425 0.16149441 0.12880305
v -0.39773135 0.14996001 0.15092908
v -0.39773135 0.16149441 0.15092908
v -0.37288322 0.14996001 0.16009515
v -0.39773135 0.16149441 0.15092908
v -0.39773135 0.14996001 0.15092908
v -0.37288322 0.16149441 0.16009515
v -0.25494034 0.14996001 0.16009549
v -0.25494034 0.16149441 0.16009549
v -0.16357753 0.14996001 0.16009576
v -0.16357753 0.16149441 0.16009576
v -0.00374651 0.16149441 0.16009623
v -0.00374651 0.14996001 0.16009623
v 0.17588775 0.14996001 0.16009675
v 0.17588775 0.16149441 0.16009675
v 0.26505815 0.14996001 0.16009701
v 0.26505815 0.16149441 0.16009701
v 0.37690239 0.14996001 0.16009734
v 0.37690239 0.16149441 0.16009734
v 0.40175058 0.14996001 0.15093141
v 0.40175058 0.16149441 0.15093141
v 0.39699935 0.16149441 -0.27749245
v 0.42076397 0.14996001 -0.26872678
v 0.42076397 0.16149441 -0.26872678
v 0.39699935 0.14996001 -0.27749245
v 0.26505943 0.16149441 -0.27749283
v 0.26505943 0.14996001 -0.27749283
v 0.17588888 0.16149441 -0.22519525
v 0.17588888 0.14996001 -0.22519525
v -0.00374538 0.14996001 -0.22519578
v -0.00374538 0.16149441 -0.22519578
v -0.16357641 0.16149441 -0.22519625
v -0.16357641 0.14996001 -0.22519625
v -0.25493906 0.16149441 -0.27749435
v -0.25493906 0.14996001 -0.27749435
v -0.39297762 0.16149441 -0.27749476
v -0.39297762 0.14996001 -0.27749476
v -0.41674333 0.16149441 -0.26872923
v -0.41674333 0.14996001 -0.26872923
v 0.42076397 0.16149441 -0.26872678
v 0.42076397 0.14996001 -0.26872678
v 0.43060919 0.14996001 -0.24756467
v 0.43060919 0.16149441 -0.24756467
v 0.43060803 0.14996001 0.14669901
v 0.43060803 0.16149441 0.14669901
v 0.42076373 0.14996001 0.16786107
v 0.42076373 0.16149441 0.16786107
v -0.42658763 0.16149441 -0.24756717
v -0.41674333 0.14996001 -0.26872923
v -0.41674333 0.16149441 -0.26872923
v -0.42658763 0.14996001 -0.24756717
v -0.42658822 0.16149441 0.14669747
v -0.42658822 0.14996001 0.14669747
v -0.41674460 0.16149441 0.16785862
v -0.41674460 0.14996001 0.16785862
v -0.39297895 0.16149441 0.17662437
v -0.41674460 0.14996001 0.16785862
v -0.41674460 0.16149441 0.16785862
v -0.39297895 0.14996001 0.17662437
v -0.25494038 0.14996001 0.17662477
v -0.25494038 0.16149441 0.17662477
v -0.16357758 0.14996001 0.17662504
v -0.16357758 0.16149441 0.17662504
v -0.00374656 0.14996001 0.17662551
v -0.00374656 0.16149441 0.17662551
v 0.17588770 0.14996001 0.17662603
v 0.17588770 0.16149441 0.17662603
v 0.26505810 0.14996001 0.17662629
v 0.26505810 0.16149441 0.17662629
v 0.39699803 0.16149441 0.17662668
v 0.39699803 0.14996001 0.17662668
v 0.42076373 0.16149441 0.16786107
v 0.42076373 0.14996001 0.16786107
v 0.37690362 0.41705442 -0.26096227
v 0.40175176 0.42858802 -0.25179716
v 0.40175176 0.41705442 -0.25179716
v 0.37690362 0.42858802 -0.26096227
v 0.26505938 0.41705442 -0.26096259
v 0.26505938 0.42858802 -0.26096259
v 0.17588883 0.41705442 -0.20866501
v 0.17588883 0.42858802 -0.20866501
v -0.00374543 0.42858802 -0.20866554
v -0.00374543 0.41705442 -0.20866554
v -0.16357646 0.41705442 -0.20866601
v -0.16357646 0.42858802 -0.20866601
v -0.25493911 0.41705442 -0.26096411
v -0.25493911 0.42858802 -0.26096411
v -0.37288199 0.41705442 -0.26096446
v -0.37288199 0.42858802 -0.26096446
v -0.39773017 0.41705442 -0.25179949
v -0.39773017 0.42858802 -0.25179949
v 0.40175176 0.41705442 -0.25179716
v 0.40175176 0.42858802 -0.25179716
v 0.41204417 0.42858802 -0.22967016
v 0.41204417 0.41705442 -0.22967016
v 0.41204356 0.42858802 -0.02134107
v 0.41204356 0.41705442 -0.02134107
v 0.40175102 0.42858802 0.00078586
v 0.40175102 0.41705442 0.00078586
v -0.40802416 0.41705442 -0.22967256
v -0.39773017 0.42858802 -0.25179949
v -0.39773017 0.41705442 -0.25179949
v -0.40802416 0.42858802 -0.22967256
v -0.40802381 0.41705442 -0.02134346
v -0.40802381 0.42858802 -0.02134346
v -0.39773091 0.41705442 0.00078352
v -0.39773091 0.42858802 0.00078352
v -0.37288278 0.41705442 0.00994863
v -0.39773091 0.42858802 0.00078352
v -0.39773091 0.41705442 0.00078352
v -0.37288278 0.42858802 0.00994863
v -0.25493990 0.41705442 0.00994897
v -0.25493990 0.42858802 0.00994897
v -0.16357710 0.41705442 0.00994924
v -0.16357710 0.42858802 0.00994924
v -0.00374607 0.42858802 0.00994970
v -0.00374607 0.41705442 0.00994970
v 0.17588819 0.41705442 0.00995023
v 0.17588819 0.42858802 0.00995023
v 0.26505859 0.41705442 0.00995049
v 0.26505859 0.42858802 0.00995049
v 0.37690283 0.41705442 0.00995082
v 0.37690283 0.42858802 0.00995082
v 0.40175102 0.41705442 0.00078586
v 0.40175102 0.42858802 0.00078586
v 0.39699935 0.42858802 -0.27749245
v 0.42076397 0.41705442 -0.26872678
v 0.42076397 0.42858802 -0.26872678
v 0.39699935 0.41705442 -0.27749245
v 0.26505943 0.42858802 -0.27749283
v 0.26505943 0.41705442 -0.27749283
v 0.17588888 0.42858802 -0.22519525
v 0.17588888 0.41705442 -0.22519525
v -0.00374538 0.41705442 -0.22519578
v -0.00374538 0.42858802 -0.22519578
v -0.16357641 0.42858802 -0.22519625
v -0.16357641 0.41705442 -0.22519625
v -0.25493906 0.42858802 -0.27749435
v -0.25493906 0.41705442 -0.27749435
v -0.39297762 0.42858802 -0.27749476
v -0.39297762 0.41705442 -0.27749476
v -0.41674333 0.42858802 -0.26872923
v -0.41674333 0.41705442 -0.26872923
v 0.42076397 0.42858802 -0.26872678
v 0.42076397 0.41705442 -0.26872678
v 0.43060919 0.41705442 -0.24756467
v 0.43060919 0.42858802 -0.24756467
v 0.43060847 0.41705442 -0.00344648
v 0.43060847 0.42858802 -0.00344648
v 0.42076417 0.41705442 0.01771562
v 0.42076417 0.42858802 0.01771562
v -0.42658763 0.42858802 -0.24756717
v -0.41674333 0.41705442 -0.26872923
v -0.41674333 0.42858802 -0.26872923
v -0.42658763 0.41705442 -0.24756717
v -0.42658778 0.42858802 -0.00344899
v -0.42658778 0.41705442 -0.00344899
v -0.41674416 0.42858802 0.01771318
v -0.41674416 0.41705442 0.01771318
v -0.39297851 0.42858802 0.02647885
v -0.41674416 0.41705442 0.01771318
v -0.41674416 0.42858802 0.01771318
v -0.39297851 0.41705442 0.02647885
v -0.25493995 0.41705442 0.02647925
v -0.25493995 0.42858802 0.02647925
v -0.16357714 0.41705442 0.02647952
v -0.16357714 0.42858802 0.02647952
v -0.00374612 0.41705442 0.02647998
v -0.00374612 0.42858802 0.02647998
v 0.17588814 0.41705442 0.02648051
v 0.17588814 0.42858802 0.02648051
v 0.26505854 0.41705442 0.02648077
v 0.26505854 0.42858802 0.02648077
v 0.39699846 0.42858802 0.02648115
v 0.39699846 0.41705442 0.02648115
v 0.42076417 0.42858802 0.01771562
v 0.42076417 0.41705442 0.01771562
v 0.26505943 -0.10758791 -0.27749283
v 0.39699935 -0.10758791 -0.27749245
v 0.37690362 -0.10758791 -0.26096227
v 0.42076397 -0.10758791 -0.26872678
v 0.26505938 -0.10758791 -0.26096259
v 0.40175176 -0.10758791 -0.25179716
v 0.17588888 -0.10758791 -0.22519525
v 0.43060919 -0.10758791 -0.24756467
v 0.17588883 -0.10758791 -0.20866501
v 0.41204417 -0.10758791 -0.22967016
v -0.00374538 -0.10758791 -0.22519578
v 0.43060803 -0.10758791 0.14669901
v -0.00374543 -0.10758791 -0.20866554
v 0.41204313 -0.10758791 0.12880544
v -0.16357641 -0.10758791 -0.22519625
v 0.42076373 -0.10758791 0.16786107
v -0.16357646 -0.10758791 -0.20866601
v 0.40175058 -0.10758791 0.15093141
v 0.39699803 -0.10758791 0.17662668
v 0.37690239 -0.10758791 0.16009734
v 0.26505810 -0.10758791 0.17662629
v 0.26505815 -0.10758791 0.16009701
v 0.17588770 -0.10758791 0.17662603
v 0.17588775 -0.10758791 0.16009675
v -0.25493906 -0.10758791 -0.27749435
v -0.25493911 -0.10758791 -0.26096411
v -0.37288199 -0.10758791 -0.26096446
v -0.39297762 -0.10758791 -0.27749476
v -0.39773017 -0.10758791 -0.25179949
v -0.41674333 -0.10758791 -0.26872923
v -0.40802416 -0.10758791 -0.22967256
v -0.42658763 -0.10758791 -0.24756717
v -0.40802425 -0.10758791 0.12880305
v -0.42658822 -0.10758791 0.14669747
v -0.39773135 -0.10758791 0.15092908
v -0.41674460 -0.10758791 0.16785862
v -0.37288322 -0.10758791 0.16009515
v -0.39297895 -0.10758791 0.17662437
v -0.25494034 -0.10758791 0.16009549
v -0.25494038 -0.10758791 0.17662477
v -0.16357753 -0.10758791 0.16009576
v -0.16357758 -0.10758791 0.17662504
v -0.00374656 -0.10758791 0.17662551
v -0.00374651 -0.10758791 0.16009623
v -0.16357641 -0.11912207 -0.22519625
v -0.00374543 -0.11912207 -0.20866554
v -0.00374538 -0.11912207 -0.22519578
v 0.17588888 -0.11912207 -0.22519525
v -0.16357646 -0.11912207 -0.20866601
v 0.17588883 -0.11912207 -0.20866501
v -0.25493906 -0.11912207 -0.27749435
v 0.26505938 -0.11912207 -0.26096259
v -0.25493911 -0.11912207 -0.26096411
v 0.26505943 -0.11912207 -0.27749283
v -0.39297762 -0.11912207 -0.27749476
v 0.37690362 -0.11912207 -0.26096227
v -0.37288199 -0.11912207 -0.26096446
v 0.39699935 -0.11912207 -0.27749245
v -0.41674333 -0.11912207 -0.26872923
v 0.40175176 -0.11912207 -0.25179716
v -0.39773017 -0.11912207 -0.25179949
v 0.42076397 -0.11912207 -0.26872678
v -0.42658763 -0.11912207 -0.24756717
v 0.41204417 -0.11912207 -0.22967016
v -0.40802416 -0.11912207 -0.22967256
v 0.43060919 -0.11912207 -0.24756467
v -0.42658822 -0.11912207 0.14669747
v 0.41204313 -0.11912207 0.12880544
v -0.40802425 -0.11912207 0.12880305
v 0.43060803 -0.11912207 0.14669901
v -0.41674460 -0.11912207 0.16785862
v 0.40175058 -0.11912207 0.15093141
v -0.39773135 -0.11912207 0.15092908
v 0.42076373 -0.11912207 0.16786107
v -0.39297895 -0.11912207 0.17662437
v 0.37690239 -0.11912207 0.16009734
v -0.37288322 -0.11912207 0.16009515
v 0.39699803 -0.11912207 0.17662668
v 0.26505815 -0.11912207 0.16009701
v 0.26505810 -0.11912207 0.17662629
v -0.25494038 -0.11912207 0.17662477
v -0.25494034 -0.11912207 0.16009549
v -0.16357753 -0.11912207 0.16009576
v -0.16357758 -0.11912207 0.17662504
v -0.00374651 -0.11912207 0.16009623
v -0.00374656 -0.11912207 0.17662551
v 0.17588775 -0.11912207 0.16009675
v 0.17588770 -0.11912207 0.17662603
v 0.26505943 0.16149441 -0.27749283
v 0.39699935 0.16149441 -0.27749245
v 0.37690362 0.16149441 -0.26096227
v 0.42076397 0.16149441 -0.26872678
v 0.26505938 0.16149441 -0.26096259
v 0.40175176 0.16149441 -0.25179716
v 0.17588888 0.16149441 -0.22519525
v 0.43060919 0.16149441 -0.24756467
v 0.17588883 0.16149441 -0.20866501
v 0.41204417 0.16149441 -0.22967016
v -0.00374538 0.16149441 -0.22519578
v 0.43060803 0.16149441 0.14669901
v -0.00374543 0.16149441 -0.20866554
v 0.41204313 0.16149441 0.12880544
v -0.16357641 0.16149441 -0.22519625
v 0.42076373 0.16149441 0.16786107
v -0.16357646 0.16149441 -0.20866601
v 0.40175058 0.16149441 0.15093141
v 0.39699803 0.16149441 0.17662668
v 0.37690239 0.16149441 0.16009734
v 0.26505810 0.16149441 0.17662629
v 0.26505815 0.16149441 0.16009701
v 0.17588770 0.16149441 0.17662603
v 0.17588775 0.16149441 0.16009675
v -0.25493906 0.16149441 -0.27749435
v -0.25493911 0.16149441 -0.26096411
v -0.37288199 0.16149441 -0.26096446
v -0.39297762 0.16149441 -0.27749476
v -0.39773017 0.16149441 -0.25179949
v -0.41674333 0.16149441 -0.26872923
v -0.40802416 0.16149441 -0.22967256
v -0.42658763 0.16149441 -0.24756717
v -0.40802425 0.16149441 0.12880305
v -0.42658822 0.16149441 0.14669747
v -0.39773135 0.16149441 0.15092908
v -0.41674460 0.16149441 0.16785862
v -0.37288322 0.16149441 0.16009515
v -0.39297895 0.16149441 0.17662437
v -0.25494034 0.16149441 0.16009549
v -0.25494038 0.16149441 0.17662477
v -0.16357753 0.16149441 0.16009576
v -0.16357758 0.16149441 0.17662504
v -0.00374656 0.16149441 0.17662551
v -0.00374651 0.16149441 0.16009623
v -0.16357641 0.14996001 -0.22519625
v -0.00374543 0.14996001 -0.20866554
v -0.00374538 0.14996001 -0.22519578
v 0.17588888 0.14996001 -0.22519525
v -0.16357646 0.14996001 -0.20866601
v 0.17588883 0.14996001 -0.20866501
v -0.25493906 0.14996001 -0.27749435
v 0.26505938 0.14996001 -0.26096259
v -0.25493911 0.14996001 -0.26096411
v 0.26505943 0.14996001 -0.27749283
v -0.39297762 0.14996001 -0.27749476
v 0.37690362 0.14996001 -0.26096227
v -0.37288199 0.14996001 -0.26096446
v 0.39699935 0.14996001 -0.27749245
v -0.41674333 0.14996001 -0.26872923
v 0.40175176 0.14996001 -0.25179716
v -0.39773017 0.14996001 -0.25179949
v 0.42076397 0.14996001 -0.26872678
v -0.42658763 0.14996001 -0.24756717
v 0.41204417 0.14996001 -0.22967016
v -0.40802416 0.14996001 -0.22967256
v 0.43060919 0.14996001 -0.24756467
v -0.42658822 0.14996001 0.14669747
v 0.41204313 0.14996001 0.12880544
v -0.40802425 0.14996001 0.12880305
v 0.43060803 0.14996001 0.14669901
v -0.41674460 0.14996001 0.16785862
v 0.40175058 0.14996001 0.15093141
v -0.39773135 0.14996001 0.15092908
v 0.42076373 0.14996001 0.16786107
v -0.39297895 0.14996001 0.17662437
v 0.37690239 0.14996001 0.16009734
v -0.37288322 0.14996001 0.16009515
v 0.39699803 0.14996001 0.17662668
v 0.26505815 0.14996001 0.16009701
v 0.26505810 0.14996001 0.17662629
v -0.25494038 0.14996001 0.17662477
v -0.25494034 0.14996001 0.16009549
v -0.16357753 0.14996001 0.16009576
v -0.16357758 0.14996001 0.17662504
v -0.00374651 0.14996001 0.16009623
v -0.00374656 0.14996001 0.17662551
v 0.17588775 0.14996001 0.16009675
v 0.17588770 0.14996001 0.17662603
v 0.26505943 0.42858802 -0.27749283
v 0.39699935 0.42858802 -0.27749245
v 0.37690362 0.42858802 -0.26096227
v 0.42076397 0.42858802 -0.26872678
v 0.26505938 0.42858802 -0.26096259
v 0.40175176 0.42858802 -0.25179716
v 0.17588888 0.42858802 -0.22519525
v 0.43060919 0.42858802 -0.24756467
v 0.17588883 0.42858802 -0.20866501
v 0.41204417 0.42858802 -0.22967016
v -0.00374538 0.42858802 -0.22519578
v 0.43060847 0.42858802 -0.00344648
v -0.00374543 0.42858802 -0.20866554
v 0.41204356 0.42858802 -0.02134107
v -0.16357641 0.42858802 -0.22519625
v 0.42076417 0.42858802 0.01771562
v -0.16357646 0.42858802 -0.20866601
v 0.40175102 0.42858802 0.00078586
v 0.39699846 0.42858802 0.02648115
v 0.37690283 0.42858802 0.00995082
v 0.26505854 0.42858802 0.02648077
v 0.26505859 0.42858802 0.00995049
v 0.17588814 0.42858802 0.02648051
v 0.17588819 0.42858802 0.00995023
v -0.25493906 0.42858802 -0.27749435
v -0.25493911 0.42858802 -0.26096411
v -0.37288199 0.42858802 -0.26096446
v -0.39297762 0.42858802 -0.27749476
v -0.39773017 0.42858802 -0.25179949
v -0.41674333 0.42858802 -0.26872923
v -0.40802416 0.42858802 -0.22967256
v -0.42658763 0.42858802 -0.24756717
v -0.40802381 0.42858802 -0.02134346
v -0.42658778 0.42858802 -0.00344899
v -0.39773091 0.42858802 0.00078352
v -0.41674416 0.42858802 0.01771318
v -0.37288278 0.42858802 0.00994863
v -0.39297851 0.42858802 0.02647885
v -0.25493990 0.42858802 0.00994897
v -0.25493995 0.42858802 0.02647925
v -0.16357710 0.42858802 0.00994924
v -0.16357714 0.42858802 0.02647952
v -0.00374612 0.42858802 0.02647998
v -0.00374607 0.42858802 0.00994970
v -0.16357641 0.41705442 -0.22519625
v -0.00374543 0.41705442 -0.20866554
v -0.00374538 0.41705442 -0.22519578
v 0.17588888 0.41705442 -0.22519525
v -0.16357646 0.41705442 -0.20866601
v 0.17588883 0.41705442 -0.20866501
v -0.25493906 0.41705442 -0.27749435
v 0.26505938 0.41705442 -0.26096259
v -0.25493911 0.41705442 -0.26096411
v 0.26505943 0.41705442 -0.27749283
v -0.39297762 0.41705442 -0.27749476
v 0.37690362 0.41705442 -0.26096227
v -0.37288199 0.41705442 -0.26096446
v 0.39699935 0.41705442 -0.27749245
v -0.41674333 0.41705442 -0.26872923
v 0.40175176 0.41705442 -0.25179716
v -0.39773017 0.41705442 -0.25179949
v 0.42076397 0.41705442 -0.26872678
v -0.42658763 0.41705442 -0.24756717
v 0.41204417 0.41705442 -0.22967016
v -0.40802416 0.41705442 -0.22967256
v 0.43060919 0.41705442 -0.24756467
v -0.42658778 0.41705442 -0.00344899
v 0.41204356 0.41705442 -0.02134107
v -0.40802381 0.41705442 -0.02134346
v 0.43060847 0.41705442 -0.00344648
v -0.41674416 0.41705442 0.01771318
v 0.40175102 0.41705442 0.00078586
v -0.39773091 0.41705442 0.00078352
v 0.42076417 0.41705442 0.01771562
v -0.39297851 0.41705442 0.02647885
v 0.37690283 0.41705442 0.00995082
v -0.37288278 0.41705442 0.00994863
v 0.39699846 0.41705442 0.02648115
v 0.26505859 0.41705442 0.00995049
v 0.26505854 0.41705442 0.02648077
v -0.25493995 0.41705442 0.02647925
v -0.25493990 0.41705442 0.00994897
v -0.16357710 0.41705442 0.00994924
v -0.16357714 0.41705442 0.02647952
v -0.00374607 0.41705442 0.00994970
v -0.00374612 0.41705442 0.02647998
v 0.17588819 0.41705442 0.00995023
v 0.17588814 0.41705442 0.02648051
v -0.00375018 -0.81926703 -0.08759912
v -0.00375018 -0.81926703 -0.08760693
v -0.00374139 -0.81926703 -0.08760693
v -0.00374139 -0.81926703 -0.08759912
v 0.45705357 0.72058482 0.22438757
v 0.47203216 0.72094962 0.21255850
v 0.46736853 0.71612082 0.22438760
v -0.46809973 -0.78215007 0.22438487
v -0.46342389 -0.79366260 0.22438488
v -0.46810993 -0.79846374 0.21255383
v -0.47271345 -0.78867870 0.21241022
v -0.46809677 -0.23959511 0.22438487
v -0.47271185 -0.78839294 -0.33584755
v -0.46791593 -0.79837958 -0.33584754
v -0.47271345 -0.23959511 0.21247662
v -0.46809437 -0.14878919 0.22438487
v -0.46791590 -0.78839166 -0.34615810
v -0.46578655 -0.79654363 -0.34426353
v -0.47271185 -0.23959511 -0.33584755
v -0.46791590 -0.23959511 -0.34615810
v -0.47271345 -0.14878919 0.21252350
v -0.47271185 -0.14878919 -0.33584755
v -0.46791590 -0.14878919 -0.34615810
v -0.46791590 -0.04795271 -0.34615810
v -0.47271345 -0.04794111 0.21253230
v -0.46809437 -0.04807527 0.22438487
v -0.46808557 0.70476882 0.22438487
v -0.47271185 -0.04795271 -0.33584755
v -0.47271345 0.71136722 0.21270518
v -0.47271185 0.71079522 -0.33584755
v -0.46791590 0.71079282 -0.34615810
v -0.46791593 0.72078162 -0.33584754
v -0.46578751 0.71894562 -0.34426353
v -0.46801377 0.72094962 0.21255575
v -0.46334925 0.71612082 0.22438489
v -0.46810993 -0.79846374 0.21255383
v -0.46342389 -0.79366260 0.22438488
v -0.45323789 -0.79820165 0.22438491
v -0.45699473 -0.80251616 0.21269834
v -0.46791593 -0.79837958 -0.33584754
v -0.37994441 -0.80251616 0.21271817
v -0.37994445 -0.79820587 0.22438513
v -0.31576964 -0.79821047 0.22438532
v -0.45633689 -0.80251616 -0.33584750
v -0.37994281 -0.80251616 -0.33584728
v -0.45633438 -0.79837958 -0.34615806
v -0.46578655 -0.79654363 -0.34426353
v -0.37994278 -0.79837958 -0.34615784
v -0.31576961 -0.80251616 0.21273980
v -0.31576801 -0.80251616 -0.33584709
v -0.31576798 -0.79837958 -0.34615765
v -0.25493886 -0.79837958 -0.34615747
v -0.25494049 -0.80251616 0.21275949
v -0.25494052 -0.79821470 0.22438549
v -0.17967148 -0.79822106 0.22438571
v -0.25493889 -0.80251616 -0.33584691
v -0.17967145 -0.80251616 0.21278907
v -0.14904452 -0.79822394 0.22438580
v -0.17966985 -0.80251616 -0.33584669
v -0.17966982 -0.79837958 -0.34615725
v -0.14904449 -0.80251616 0.21280180
v -0.14904289 -0.80251616 -0.33584661
v -0.14904286 -0.79837958 -0.34615717
v -0.07639347 -0.79837958 -0.34615695
v -0.07639350 -0.80251616 -0.33584639
v -0.00374503 -0.79837958 -0.34615674
v -0.00374506 -0.80251616 -0.33584618
v -0.07639510 -0.80251616 0.21282546
v -0.07639514 -0.79822882 0.22438602
v -0.00374666 -0.80251616 0.21284911
v -0.00374670 -0.79823370 0.22438623
v -0.45303429 0.72058482 0.22438492
v -0.46334925 0.71612082 0.22438489
v -0.46801377 0.72094962 0.21255575
v -0.45666657 0.72491842 0.21240738
v -0.37994445 0.74789762 0.22438513
v -0.45633689 0.72491842 -0.33584750
v -0.46791593 0.72078162 -0.33584754
v -0.37994441 0.75223122 0.21242713
v -0.45633590 0.72078162 -0.34615806
v -0.46578751 0.71894562 -0.34426353
v -0.37994281 0.75223122 -0.33584728
v -0.37994278 0.74809442 -0.34615784
v -0.31576798 0.76630242 -0.34615765
v -0.31576961 0.77043922 0.21244684
v -0.31576964 0.76610722 0.22438532
v -0.25494052 0.77943362 0.22438549
v -0.31576801 0.77043922 -0.33584709
v -0.25494049 0.78376402 0.21246653
v -0.25493889 0.78376402 -0.33584691
v -0.25493886 0.77962722 -0.34615747
v -0.17966982 0.79340642 -0.34615725
v -0.17966985 0.79754242 -0.33584669
v -0.14904286 0.79781762 -0.34615717
v -0.17967145 0.79754242 0.21249611
v -0.17967148 0.79321442 0.22438571
v -0.14904289 0.80195362 -0.33584661
v -0.14904449 0.80195362 0.21250980
v -0.14904452 0.79762642 0.22438580
v -0.07639514 0.80618482 0.22438602
v -0.07639510 0.81051122 0.21253154
v -0.00374670 0.80942882 0.22438623
v -0.07639350 0.81051122 -0.33584639
v -0.07639347 0.80637442 -0.34615695
v -0.00374666 0.81375282 0.21255423
v 0.07465759 0.80618482 0.22438646
v -0.00374506 0.81375282 -0.33584618
v -0.00374503 0.80961602 -0.34615674
v 0.07465763 0.81051122 0.21253198
v 0.07465923 0.81051122 -0.33584595
v 0.07465926 0.80637442 -0.34615651
v 0.15306403 0.79781762 -0.34615628
v 0.15306240 0.80195362 0.21251069
v 0.15306236 0.79762642 0.22438669
v 0.18368980 0.79321442 0.22438677
v 0.15306400 0.80195362 -0.33584572
v 0.18368984 0.79754242 0.21249717
v 0.25895932 0.77943362 0.22438699
v 0.18369144 0.79754242 -0.33584563
v 0.18369147 0.79340642 -0.34615619
v 0.25895936 0.78376402 0.21246803
v 0.31978845 0.76610722 0.22438717
v 0.25896096 0.78376402 -0.33584541
v 0.25896099 0.77962722 -0.34615597
v 0.31978848 0.77043922 0.21244869
v 0.31979008 0.77043922 -0.33584524
v 0.31979011 0.76630242 -0.34615580
v 0.38396347 0.74809442 -0.34615561
v 0.38396344 0.75223122 -0.33584505
v 0.46035699 0.72078162 -0.34615539
v 0.38396184 0.75223122 0.21242936
v 0.38396181 0.74789762 0.22438736
v 0.46035848 0.72491842 -0.33584483
v 0.46068496 0.72491842 0.21241006
v 0.47193752 0.72078162 -0.33584479
v 0.46980819 0.71894562 -0.34426080
v -0.45633590 0.72078162 -0.34615806
v -0.46578751 0.71894562 -0.34426353
v -0.46791590 0.71079282 -0.34615810
v -0.45633685 0.71079522 -0.35042854
v -0.37994278 0.74809442 -0.34615784
v -0.45633685 -0.04795271 -0.35042854
v -0.46791590 -0.04795271 -0.34615810
v -0.46791590 -0.14878919 -0.34615810
v -0.37994277 0.73810722 -0.35042832
v -0.31576797 0.75631522 -0.35042813
v -0.31576798 0.76630242 -0.34615765
v -0.25493886 0.77962722 -0.34615747
v -0.45633685 -0.14878919 -0.35042854
v -0.37994277 -0.04795271 -0.35042832
v -0.31576797 -0.04795271 -0.35042813
v -0.25493884 0.76964082 -0.35042795
v -0.45633685 -0.23959511 -0.35042854
v -0.46791590 -0.23959511 -0.34615810
v -0.37994277 -0.14878919 -0.35042832
v -0.17966980 0.78341922 -0.35042773
v -0.17966982 0.79340642 -0.34615725
v -0.31576797 -0.14878919 -0.35042813
v -0.25493884 -0.04795271 -0.35042795
v -0.45633685 -0.78839294 -0.35042854
v -0.46791590 -0.78839166 -0.34615810
v -0.45633438 -0.79837958 -0.34615806
v -0.46578655 -0.79654363 -0.34426353
v -0.37994277 -0.78839294 -0.35042832
v -0.37994278 -0.79837958 -0.34615784
v -0.31576798 -0.79837958 -0.34615765
v -0.37994277 -0.23959511 -0.35042832
v -0.31576797 -0.23959511 -0.35042813
v -0.31576797 -0.78839294 -0.35042813
v -0.25493884 -0.14878919 -0.35042795
v -0.25493884 -0.78839294 -0.35042795
v -0.25493886 -0.79837958 -0.34615747
v -0.17966982 -0.79837958 -0.34615725
v -0.25493884 -0.23959511 -0.35042795
v -0.17966980 -0.78839294 -0.35042773
v -0.14904286 -0.79837958 -0.34615717
v -0.17966980 -0.14878919 -0.35042773
v -0.17966980 -0.23959511 -0.35042773
v -0.14904284 -0.78839294 -0.35042765
v -0.07639346 -0.78839294 -0.35042743
v -0.07639347 -0.79837958 -0.34615695
v -0.14904284 -0.23959511 -0.35042765
v -0.17966980 -0.04795271 -0.35042773
v -0.14904284 -0.14878919 -0.35042765
v -0.14904284 -0.04795271 -0.35042765
v -0.00374502 -0.78839294 -0.35042722
v -0.00374503 -0.79837958 -0.34615674
v -0.14904284 0.78783042 -0.35042765
v -0.14904286 0.79781762 -0.34615717
v -0.07639347 0.80637442 -0.34615695
v -0.07639346 0.79638722 -0.35042743
v -0.00374503 0.80961602 -0.34615674
v -0.07639346 -0.04795271 -0.35042743
v -0.00374502 0.79962962 -0.35042722
v 0.07465926 0.80637442 -0.34615651
v -0.07639346 -0.14878919 -0.35042743
v -0.00374502 -0.04795271 -0.35042722
v 0.07465927 0.79638722 -0.35042699
v 0.15306404 0.78783042 -0.35042676
v 0.15306403 0.79781762 -0.34615628
v 0.18369147 0.79340642 -0.34615619
v 0.07465927 -0.04795271 -0.35042699
v -0.07639346 -0.23959511 -0.35042743
v -0.00374502 -0.23959511 -0.35042722
v -0.00374502 -0.14878919 -0.35042722
v 0.07465927 -0.14878919 -0.35042699
v 0.07465927 -0.23959511 -0.35042699
v 0.07465927 -0.78839294 -0.35042699
v 0.07465926 -0.79837958 -0.34615651
v 0.15306403 -0.79837958 -0.34615628
v 0.15306404 -0.23959511 -0.35042676
v 0.15306404 -0.14878919 -0.35042676
v 0.15306404 -0.78839294 -0.35042676
v 0.18369148 -0.78839294 -0.35042667
v 0.18369147 -0.79837958 -0.34615619
v 0.18369148 -0.23959511 -0.35042667
v 0.25896100 -0.78839294 -0.35042645
v 0.25896099 -0.79837958 -0.34615597
v 0.18369148 -0.14878919 -0.35042667
v 0.25896100 -0.23959511 -0.35042645
v 0.15306404 -0.04795271 -0.35042676
v 0.18369148 -0.04795271 -0.35042667
v 0.31979012 -0.78839294 -0.35042628
v 0.31979011 -0.79837958 -0.34615580
v 0.38396347 -0.79837958 -0.34615561
v 0.31979012 -0.23959511 -0.35042628
v 0.38396349 -0.78839294 -0.35042609
v 0.46035555 -0.79837958 -0.34615539
v 0.18369148 0.78341922 -0.35042667
v 0.25896099 0.77962722 -0.34615597
v 0.25896100 0.76964082 -0.35042645
v 0.31979011 0.76630242 -0.34615580
v 0.25896100 -0.04795271 -0.35042645
v 0.25896100 -0.14878919 -0.35042645
v 0.31979012 -0.14878919 -0.35042628
v 0.31979012 0.75631522 -0.35042628
v 0.31979012 -0.04795271 -0.35042628
v 0.38396349 -0.23959511 -0.35042609
v 0.38396349 0.73810722 -0.35042609
v 0.38396347 0.74809442 -0.34615561
v 0.38396349 -0.14878919 -0.35042609
v 0.38396349 -0.04795271 -0.35042609
v 0.46035853 0.71079522 -0.35042587
v 0.46035699 0.72078162 -0.34615539
v 0.46035853 -0.23959511 -0.35042587
v 0.46035853 -0.14878919 -0.35042587
v 0.47193755 0.71079282 -0.34615535
v 0.46980819 0.71894562 -0.34426080
v 0.47193755 -0.04795271 -0.34615535
v 0.46035853 -0.04795271 -0.35042587
v 0.47193755 -0.14878919 -0.34615535
v 0.47193755 -0.23959511 -0.34615535
v 0.46035853 -0.78839294 -0.35042587
v 0.47193755 -0.78839166 -0.34615535
v 0.46980819 -0.79654363 -0.34426080
v -0.45208069 -0.76396728 0.22438492
v -0.44868609 -0.77354187 0.18319549
v -0.44868621 -0.77354187 0.22438493
v -0.45208057 -0.76396728 0.18319548
v -0.45208069 -0.23959511 0.22438492
v -0.45208057 -0.23959511 0.18319548
v -0.45208057 -0.14878919 0.18319548
v -0.45208069 -0.14878919 0.22438492
v -0.45208069 -0.04846543 0.22438492
v -0.45208057 -0.04846543 0.18319548
v -0.45208057 0.68558402 0.18319548
v -0.45208069 0.68558402 0.22438492
v -0.44868621 0.69626962 0.22438493
v -0.44868609 0.69626962 0.18319549
v -0.44868621 -0.77354187 0.22438493
v -0.44868609 -0.77354187 0.18319549
v -0.44049073 -0.77750777 0.18319551
v -0.44049085 -0.77750777 0.22438495
v -0.37994432 -0.77750777 0.18319569
v -0.37994445 -0.77750777 0.22438513
v -0.31576952 -0.77750777 0.18319588
v -0.31576964 -0.77750777 0.22438532
v -0.25494052 -0.77750777 0.22438549
v -0.25494040 -0.77750777 0.18319605
v -0.17967136 -0.77750777 0.18319627
v -0.17967148 -0.77750777 0.22438571
v -0.14904440 -0.77750777 0.18319636
v -0.14904452 -0.77750777 0.22438580
v -0.07639502 -0.77750777 0.18319657
v -0.07639514 -0.77750777 0.22438602
v -0.00374670 -0.77750777 0.22438623
v -0.00374658 -0.77750777 0.18319679
v 0.07465759 -0.77750777 0.22438646
v 0.07465771 -0.77750777 0.18319702
v 0.15306236 -0.77750777 0.22438669
v 0.15306248 -0.77750777 0.18319724
v 0.18368980 -0.77750777 0.22438677
v 0.18368992 -0.77750777 0.18319733
v 0.25895932 -0.77750777 0.22438699
v 0.25895944 -0.77750777 0.18319755
v 0.31978845 -0.77750777 0.22438717
v 0.31978857 -0.77750777 0.18319773
v 0.38396193 -0.77750777 0.18319792
v 0.38396181 -0.77750777 0.22438736
v 0.44451013 -0.77750777 0.22438754
v 0.44451025 -0.77750777 0.18319810
v 0.45270453 -0.77354187 0.22438756
v 0.45270465 -0.77354187 0.18319812
v -0.44049085 0.70069602 0.22438495
v -0.44868609 0.69626962 0.18319549
v -0.44868621 0.69626962 0.22438493
v -0.44049073 0.70069602 0.18319551
v -0.37994432 0.72800802 0.18319569
v -0.37994445 0.72800802 0.22438513
v -0.31576964 0.74621682 0.22438532
v -0.31576952 0.74621682 0.18319588
v -0.25494040 0.75954162 0.18319605
v -0.25494052 0.75954162 0.22438549
v -0.17967148 0.77332002 0.22438571
v -0.17967136 0.77332002 0.18319627
v -0.14904452 0.77773122 0.22438580
v -0.14904440 0.77773122 0.18319636
v -0.07639502 0.78628882 0.18319657
v -0.07639514 0.78628882 0.22438602
v -0.00374658 0.78953042 0.18319679
v -0.00374670 0.78953042 0.22438623
v 0.07465759 0.78628882 0.22438646
v 0.07465771 0.78628882 0.18319702
v 0.15306248 0.77773122 0.18319724
v 0.15306236 0.77773122 0.22438669
v 0.18368992 0.77332002 0.18319733
v 0.18368980 0.77332002 0.22438677
v 0.25895944 0.75954162 0.18319755
v 0.25895932 0.75954162 0.22438699
v 0.31978845 0.74621682 0.22438717
v 0.31978857 0.74621682 0.18319773
v 0.38396181 0.72800802 0.22438736
v 0.38396193 0.72800802 0.18319792
v 0.44451025 0.70069602 0.18319810
v 0.44451013 0.70069602 0.22438754
v 0.45270465 0.69626962 0.18319812
v 0.45270453 0.69626962 0.22438756
v 0.47211853 -0.78215007 0.22438762
v 0.47212832 -0.79846374 0.21255658
v 0.46744173 -0.79366260 0.22438760
v 0.47673184 -0.78867870 0.21241299
v 0.47211557 -0.23959511 0.22438762
v 0.47673344 -0.78839294 -0.33584478
v 0.47193752 -0.79837958 -0.33584479
v 0.47673184 -0.23959511 0.21247939
v 0.47211317 -0.14878919 0.22438762
v 0.47193755 -0.78839166 -0.34615535
v 0.46980819 -0.79654363 -0.34426080
v 0.47673344 -0.23959511 -0.33584478
v 0.47193755 -0.23959511 -0.34615535
v 0.47673184 -0.14878919 0.21252627
v 0.47673344 -0.14878919 -0.33584478
v 0.47193755 -0.14878919 -0.34615535
v 0.47193755 -0.04795271 -0.34615535
v 0.47673184 -0.04794111 0.21253507
v 0.47211221 -0.04807527 0.22438762
v 0.47210485 0.70476882 0.22438762
v 0.47673344 -0.04795271 -0.33584478
v 0.47673184 0.71136722 0.21270795
v 0.47673344 0.71079522 -0.33584478
v 0.47193755 0.71079282 -0.34615535
v 0.47193752 0.72078162 -0.33584479
v 0.46980819 0.71894562 -0.34426080
v 0.47203216 0.72094962 0.21255850
v 0.46736853 0.71612082 0.22438760
v 0.47212832 -0.79846374 0.21255658
v 0.45725621 -0.79820165 0.22438757
v 0.46744173 -0.79366260 0.22438760
v 0.46101312 -0.80251616 0.21270102
v 0.47193752 -0.79837958 -0.33584479
v 0.38396184 -0.80251616 0.21272040
v 0.38396181 -0.79820587 0.22438736
v 0.31978848 -0.80251616 0.21274165
v 0.31978845 -0.79821047 0.22438717
v 0.25895932 -0.79821470 0.22438699
v 0.25895936 -0.80251616 0.21276099
v 0.18368980 -0.79822106 0.22438677
v 0.18368984 -0.80251616 0.21279013
v 0.15306236 -0.79822394 0.22438669
v 0.25896096 -0.80251616 -0.33584541
v 0.31979008 -0.80251616 -0.33584524
v 0.38396344 -0.80251616 -0.33584505
v 0.46035848 -0.80251616 -0.33584483
v 0.46035555 -0.79837958 -0.34615539
v 0.46980819 -0.79654363 -0.34426080
v 0.38396347 -0.79837958 -0.34615561
v 0.31979011 -0.79837958 -0.34615580
v 0.25896099 -0.79837958 -0.34615597
v 0.18369144 -0.80251616 -0.33584563
v 0.18369147 -0.79837958 -0.34615619
v 0.15306240 -0.80251616 0.21280269
v 0.15306400 -0.80251616 -0.33584572
v 0.15306403 -0.79837958 -0.34615628
v 0.07465926 -0.79837958 -0.34615651
v 0.07465763 -0.80251616 0.21282590
v 0.07465759 -0.79822882 0.22438646
v -0.00374670 -0.79823370 0.22438623
v -0.00374666 -0.80251616 0.21284911
v -0.00374506 -0.80251616 -0.33584618
v -0.00374503 -0.79837958 -0.34615674
v 0.07465923 -0.80251616 -0.33584595
v 0.45609901 -0.76396728 0.22438757
v 0.45270453 -0.77354187 0.22438756
v 0.45270465 -0.77354187 0.18319812
v 0.45609913 -0.76396728 0.18319813
v 0.45609901 -0.23959511 0.22438757
v 0.45609913 -0.23959511 0.18319813
v 0.45609913 -0.14878919 0.18319813
v 0.45609901 -0.14878919 0.22438757
v 0.45609901 -0.04846543 0.22438757
v 0.45609913 -0.04846543 0.18319813
v 0.45609913 0.68558402 0.18319813
v 0.45609901 0.68558402 0.22438757
v 0.45270453 0.69626962 0.22438756
v 0.45270465 0.69626962 0.18319812
v -0.44868621 -0.77354187 0.22438493
v -0.46809973 -0.78215007 0.22438487
v -0.45208069 -0.76396728 0.22438492
v -0.45208069 -0.23959511 0.22438492
v -0.46342389 -0.79366260 0.22438488
v -0.46809677 -0.23959511 0.22438487
v -0.45323789 -0.79820165 0.22438491
v -0.44049085 -0.77750777 0.22438495
v -0.45208069 -0.14878919 0.22438492
v -0.46809437 -0.14878919 0.22438487
v -0.37994445 -0.79820587 0.22438513
v -0.37994445 -0.77750777 0.22438513
v -0.46809437 -0.04807527 0.22438487
v -0.45208069 -0.04846543 0.22438492
v -0.45208069 0.68558402 0.22438492
v -0.46808557 0.70476882 0.22438487
v -0.31576964 -0.77750777 0.22438532
v -0.31576964 -0.79821047 0.22438532
v -0.44868621 0.69626962 0.22438493
v -0.46334925 0.71612082 0.22438489
v -0.25494052 -0.79821470 0.22438549
v -0.25494052 -0.77750777 0.22438549
v -0.17967148 -0.77750777 0.22438571
v -0.17967148 -0.79822106 0.22438571
v -0.45303429 0.72058482 0.22438492
v -0.44049085 0.70069602 0.22438495
v -0.14904452 -0.77750777 0.22438580
v -0.14904452 -0.79822394 0.22438580
v -0.07639514 -0.79822882 0.22438602
v -0.07639514 -0.77750777 0.22438602
v -0.00374670 -0.79823370 0.22438623
v -0.00374670 -0.77750777 0.22438623
v -0.37994445 0.72800802 0.22438513
v -0.37994445 0.74789762 0.22438513
v 0.07465759 -0.79822882 0.22438646
v 0.07465759 -0.77750777 0.22438646
v -0.31576964 0.76610722 0.22438532
v -0.31576964 0.74621682 0.22438532
v 0.15306236 -0.77750777 0.22438669
v 0.15306236 -0.79822394 0.22438669
v 0.18368980 -0.79822106 0.22438677
v 0.18368980 -0.77750777 0.22438677
v 0.25895932 -0.79821470 0.22438699
v 0.25895932 -0.77750777 0.22438699
v -0.25494052 0.75954162 0.22438549
v -0.25494052 0.77943362 0.22438549
v -0.17967148 0.79321442 0.22438571
v -0.17967148 0.77332002 0.22438571
v 0.31978845 -0.79821047 0.22438717
v 0.31978845 -0.77750777 0.22438717
v 0.38396181 -0.77750777 0.22438736
v 0.38396181 -0.79820587 0.22438736
v 0.44451013 -0.77750777 0.22438754
v 0.45725621 -0.79820165 0.22438757
v -0.14904452 0.79762642 0.22438580
v -0.14904452 0.77773122 0.22438580
v -0.07639514 0.78628882 0.22438602
v -0.07639514 0.80618482 0.22438602
v -0.00374670 0.78953042 0.22438623
v -0.00374670 0.80942882 0.22438623
v 0.45270453 -0.77354187 0.22438756
v 0.46744173 -0.79366260 0.22438760
v 0.07465759 0.78628882 0.22438646
v 0.07465759 0.80618482 0.22438646
v 0.47211853 -0.78215007 0.22438762
v 0.45609901 -0.76396728 0.22438757
v 0.45609901 -0.23959511 0.22438757
v 0.47211557 -0.23959511 0.22438762
v 0.15306236 0.79762642 0.22438669
v 0.15306236 0.77773122 0.22438669
v 0.18368980 0.77332002 0.22438677
v 0.18368980 0.79321442 0.22438677
v 0.25895932 0.75954162 0.22438699
v 0.25895932 0.77943362 0.22438699
v 0.45609901 -0.14878919 0.22438757
v 0.47211317 -0.14878919 0.22438762
v 0.31978845 0.74621682 0.22438717
v 0.31978845 0.76610722 0.22438717
v 0.38396181 0.74789762 0.22438736
v 0.38396181 0.72800802 0.22438736
v 0.47211221 -0.04807527 0.22438762
v 0.45609901 -0.04846543 0.22438757
v 0.45609901 0.68558402 0.22438757
v 0.47210485 0.70476882 0.22438762
v 0.45705357 0.72058482 0.22438757
v 0.44451013 0.70069602 0.22438754
v 0.45270453 0.69626962 0.22438756
v 0.46736853 0.71612082 0.22438760
v -0.00375058 -0.81926706 -0.08759823
v -0.00375058 -0.81926706 -0.08760599
v -0.00374170 -0.81926706 -0.08760599
v -0.00374170 -0.81926706 -0.08759823
v -0.20461171 0.25245759 0.35351647
v -0.32594951 0.25245759 0.33881299
v -0.32594951 0.33185407 0.33881299
v -0.20461171 0.33185407 0.35351647
v -0.08327479 0.33185407 0.36821994
v -0.08327479 0.25245759 0.36821994
v -0.16028653 0.26872055 0.35973827
v -0.16028653 0.26067047 0.35973827
v -0.18510140 0.26067047 0.35673132
v -0.18510140 0.26872055 0.35673132
v -0.26727233 0.28384895 0.34663932
v -0.26727233 0.27663631 0.34663932
v -0.31549496 0.27663631 0.34079542
v -0.31549496 0.28384895 0.34079542
v -0.26727233 0.30984471 0.34663932
v -0.26727233 0.30263191 0.34663932
v -0.31549496 0.30263191 0.34079542
v -0.31549496 0.30984471 0.34079542
v -0.25614538 0.31892455 0.34766375
v -0.20654915 0.31892455 0.35367462
v -0.20654915 0.29468927 0.35367462
v -0.25614538 0.29468927 0.34766375
v -0.20241932 0.29440863 0.35417463
v -0.20241932 0.31861103 0.35417463
v -0.14983725 0.31861103 0.36054591
v -0.14983725 0.29440863 0.36054591
v -0.08995791 0.28384895 0.36812616
v -0.08995791 0.27663631 0.36812616
v -0.13818102 0.27663631 0.36228226
v -0.13818102 0.28384895 0.36228226
v -0.20976651 0.25115119 0.35308477
v -0.19950036 0.25115119 0.35432896
v -0.19950036 0.23820455 0.35432896
v -0.20976651 0.23820455 0.35308477
v -0.25588074 0.24112559 0.34749672
v -0.25588074 0.24933895 0.34749672
v -0.23515858 0.24933895 0.35000758
v -0.23515858 0.24112559 0.35000758
v -0.13398870 0.28806247 0.36279011
v -0.13398870 0.29825031 0.36279011
v -0.09998871 0.29825031 0.36691029
v -0.09998871 0.28806247 0.36691029
v -0.11217175 0.24861959 0.36491122
v -0.11217175 0.24027095 0.36491122
v -0.17546668 0.24027095 0.35724111
v -0.17546668 0.24861959 0.35724111
v -0.08995791 0.30984471 0.36812616
v -0.08995791 0.30263191 0.36812616
v -0.13818102 0.30263191 0.36228226
v -0.13818102 0.30984471 0.36228226
v -0.13044030 0.31420551 0.36321980
v -0.13044030 0.32425799 0.36321980
v -0.10304727 0.32425799 0.36653924
v -0.10304727 0.31420551 0.36653924
v -0.13550622 0.26453943 0.36260651
v -0.13550622 0.27313975 0.36260651
v -0.09668199 0.27313975 0.36731070
v -0.09668199 0.26453943 0.36731070
v -0.26554090 0.27400079 0.34684925
v -0.26554090 0.26401743 0.34684925
v -0.31718680 0.26401743 0.34059134
v -0.31718680 0.27400079 0.34059134
v -0.24786754 0.27506183 0.34912474
v -0.24786754 0.28360767 0.34912474
v -0.21530651 0.28360767 0.35307107
v -0.21530651 0.27506183 0.35307107
v -0.30570296 0.28896167 0.34198297
v -0.30570296 0.29843367 0.34198297
v -0.28046809 0.29843367 0.34504064
v -0.28046809 0.28896167 0.34504064
v -0.30747440 0.31373935 0.34176712
v -0.30747440 0.32293639 0.34176712
v -0.27762289 0.32293639 0.34538537
v -0.27762289 0.31373935 0.34538537
v -0.18342124 0.27505223 0.35693445
v -0.18342124 0.28310223 0.35693445
v -0.16470157 0.28310223 0.35920306
v -0.16470157 0.27505223 0.35920306
v -0.22024011 0.26876063 0.35247346
v -0.22024011 0.26021479 0.35247346
v -0.24243834 0.26021479 0.34978291
v -0.24243834 0.26876063 0.34978291
v -0.00375058 -0.81926706 -0.08759823
v -0.00375058 -0.81926706 -0.08760599
v -0.00374170 -0.81926706 -0.08760599
v -0.00374170 -0.81926706 -0.08759823
v -0.00375058 -0.81926706 -0.08759823
v -0.00375058 -0.81926706 -0.08760599
v -0.00374170 -0.81926706 -0.08760599
v -0.00374170 -0.81926706 -0.08759823
v -0.35559691 0.22093271 0.16022401
v -0.00577467 0.21807959 0.16317132
v -0.00577467 0.22093279 0.16022503
v -0.35016580 0.39149119 0.16322695
v -0.35566435 0.38869575 0.16022400
v -0.00570779 0.38869575 0.16022503
v -0.34887365 0.38863775 0.27775431
v -0.34556605 0.23002903 0.27484611
v -0.34897325 0.22753255 0.27775431
v -0.34225766 0.22721199 0.17174944
v -0.34225766 0.23006511 0.16880413
v -0.01911453 0.23006511 0.16880508
v -0.00570860 0.21807943 0.27486859
v -0.00246788 0.22087559 0.27486860
v -0.00246755 0.22093279 0.16317231
v -0.00577467 0.21807959 0.16317132
v 0.00107733 0.22093271 0.16022505
v 0.35927541 0.21807959 0.16317239
v 0.35927622 0.22093279 0.16022609
v 0.00650949 0.39149119 0.16322799
v 0.00101093 0.38869575 0.16022505
v 0.35934342 0.38869575 0.16022609
v 0.00780115 0.38863775 0.27775535
v 0.01110876 0.23002903 0.27484715
v 0.00770155 0.22753255 0.27775535
v 0.01441618 0.22721199 0.17175048
v 0.01441619 0.23006511 0.16880517
v 0.34593619 0.23006511 0.16880614
v 0.35934308 0.21807943 0.27487063
v 0.36258628 0.22087559 0.27486966
v 0.36258581 0.22093279 0.16317337
v 0.35927541 0.21807959 0.16317239
v 0.00107733 -0.19778266 0.16022505
v 0.35927541 -0.20063578 0.16317239
v 0.35927622 -0.19778258 0.16022609
v 0.00650949 -0.02722421 0.16322799
v 0.00101093 -0.03001956 0.16022505
v 0.35934342 -0.03001956 0.16022609
v 0.00780115 -0.03007760 0.27775535
v 0.01110876 -0.18868634 0.27484715
v 0.00770155 -0.19118282 0.27775535
v 0.01441618 -0.19150338 0.17175048
v 0.01441619 -0.18865018 0.16880517
v 0.34593619 -0.18865018 0.16880614
v 0.35934308 -0.20063586 0.27487063
v 0.36258628 -0.19783978 0.27486966
v 0.36258581 -0.19778258 0.16317337
v 0.35927541 -0.20063578 0.16317239
v -0.35559691 -0.19778266 0.16022401
v -0.00577467 -0.20063578 0.16317132
v -0.00577467 -0.19778258 0.16022503
v -0.35016580 -0.02722421 0.16322695
v -0.35566435 -0.03001956 0.16022400
v -0.00570779 -0.03001956 0.16022503
v -0.34887365 -0.03007760 0.27775431
v -0.34556605 -0.18868634 0.27484611
v -0.34897325 -0.19118282 0.27775431
v -0.34225766 -0.19150338 0.17174944
v -0.34225766 -0.18865018 0.16880413
v -0.01911453 -0.18865018 0.16880508
v -0.00570860 -0.20063586 0.27486859
v -0.00246788 -0.19783978 0.27486860
v -0.00246755 -0.19778258 0.16317231
v -0.00577467 -0.20063578 0.16317132
v -0.35559692 0.21807943 0.16317030
v -0.00570860 0.21807943 0.27486859
v -0.35566469 0.21807959 0.27486854
v -0.35890508 0.22093271 0.16317029
v -0.35566435 0.38869575 0.16022400
v -0.35890508 0.38869487 0.16311072
v -0.35559691 0.22093271 0.16022401
v -0.35559692 0.21807943 0.16317030
v -0.35890541 0.22081855 0.27492615
v -0.35566469 0.21807959 0.27486854
v -0.35566469 0.21807959 0.27486854
v -0.35082381 0.22098727 0.27775430
v -0.01055037 0.22098727 0.27775431
v -0.00570860 0.21807943 0.27486859
v -0.35553725 0.22300775 0.27775429
v -0.35890541 0.22081855 0.27492615
v -0.35890541 0.38863775 0.27480799
v -0.35559725 0.38863775 0.27775429
v -0.35559725 0.39149119 0.27480800
v -0.35890508 0.38869487 0.16311072
v -0.35547589 0.39149119 0.16509315
v -0.35559725 0.38863775 0.27775429
v -0.34887365 0.39149119 0.27480703
v -0.34887365 0.38863775 0.27775431
v -0.35559725 0.39149119 0.27480800
v -0.34897390 0.39149119 0.16925918
v -0.35547589 0.39149119 0.16509315
v -0.34614285 0.39149119 0.16589786
v -0.35890508 0.38869487 0.16311072
v -0.01120780 0.39149127 0.16322794
v -0.01523076 0.39149119 0.16589883
v -0.00583332 0.39149127 0.16500628
v -0.00246755 0.38875191 0.16305316
v -0.01238557 0.39149119 0.16926212
v -0.01908669 0.38866271 0.16880508
v -0.01580742 0.38871455 0.17167129
v -0.00577604 0.39149119 0.27480999
v -0.01249868 0.39149119 0.27480997
v -0.34556605 0.38863775 0.27480803
v -0.34887365 0.39149119 0.27480703
v -0.34897390 0.39149119 0.16925918
v -0.34556574 0.38871455 0.17167033
v -0.34596837 0.22437607 0.27775432
v -0.01909436 0.22721199 0.27482753
v -0.01540397 0.22437607 0.27775528
v -0.34227797 0.22721199 0.27482658
v -0.01911454 0.22721199 0.17175038
v -0.34227797 0.22721199 0.27482658
v -0.34556605 0.23002903 0.27484611
v -0.34556574 0.23006511 0.17174943
v -0.34225766 0.22721199 0.17174944
v -0.34227078 0.38865023 0.16880413
v -0.34556574 0.38871455 0.17167033
v -0.34556574 0.38871455 0.17167033
v -0.34227078 0.38865023 0.16880413
v -0.34225766 0.23006511 0.16880413
v -0.00246788 0.22087559 0.27486860
v -0.00589813 0.22309935 0.27775432
v -0.00577605 0.38863775 0.27775531
v -0.00246788 0.38863775 0.27481000
v -0.00577604 0.39149119 0.27480999
v -0.01580772 0.22999303 0.27488418
v -0.01909436 0.22721199 0.27482753
v -0.01911454 0.22721199 0.17175038
v -0.01580742 0.23006511 0.17175039
v -0.01242053 0.22753063 0.27775529
v -0.01580772 0.22999303 0.27488418
v -0.01580772 0.38863775 0.27481094
v -0.01249869 0.38863775 0.27775529
v -0.01249868 0.39149119 0.27480997
v -0.01580742 0.38871455 0.17167129
v -0.01238557 0.39149119 0.16926212
v -0.01249869 0.38863775 0.27775529
v -0.00577605 0.38863775 0.27775531
v -0.00583332 0.39149127 0.16500628
v -0.00246755 0.38875191 0.16305316
v -0.01908669 0.38866271 0.16880508
v -0.01580742 0.38871455 0.17167129
v -0.01911453 0.23006511 0.16880508
v -0.00246755 0.38875191 0.16305316
v -0.00570779 0.38869575 0.16022503
v -0.00577467 0.22093279 0.16022503
v -0.35890541 0.22081855 0.27492615
v -0.35890508 0.22093271 0.16317029
v -0.35890508 0.38869487 0.16311072
v -0.35890541 0.38863775 0.27480799
v -0.34887365 0.38863775 0.27775431
v -0.35553725 0.22300775 0.27775429
v -0.35559725 0.38863775 0.27775429
v -0.34897325 0.22753255 0.27775431
v -0.35082381 0.22098727 0.27775430
v -0.35566469 0.21807959 0.27486854
v -0.35890541 0.22081855 0.27492615
v -0.34596837 0.22437607 0.27775432
v -0.34556605 0.23002903 0.27484611
v -0.34227797 0.22721199 0.27482658
v -0.01055037 0.22098727 0.27775431
v -0.01540397 0.22437607 0.27775528
v -0.00589813 0.22309935 0.27775432
v -0.00246788 0.22087559 0.27486860
v -0.00570860 0.21807943 0.27486859
v -0.01242053 0.22753063 0.27775529
v -0.01909436 0.22721199 0.27482753
v -0.01580772 0.22999303 0.27488418
v -0.01249869 0.38863775 0.27775529
v -0.00577605 0.38863775 0.27775531
v -0.34556605 0.38863775 0.27480803
v -0.34556574 0.38871455 0.17167033
v -0.34556574 0.23006511 0.17174943
v -0.34556605 0.23002903 0.27484611
v -0.00246755 0.22093279 0.16317231
v -0.00246788 0.22087559 0.27486860
v -0.00246788 0.38863775 0.27481000
v -0.00246755 0.38875191 0.16305316
v -0.00570779 0.38869575 0.16022503
v -0.35566435 0.38869575 0.16022400
v -0.35559691 0.22093271 0.16022401
v -0.00577467 0.22093279 0.16022503
v -0.34227078 0.38865023 0.16880413
v -0.01908669 0.38866271 0.16880508
v -0.01911453 0.23006511 0.16880508
v -0.34225766 0.23006511 0.16880413
v -0.01580742 0.38871455 0.17167129
v -0.01580772 0.38863775 0.27481094
v -0.01580772 0.22999303 0.27488418
v -0.01580742 0.23006511 0.17175039
v 0.00107733 0.21807943 0.16317134
v 0.35934308 0.21807943 0.27487063
v 0.00101060 0.21807959 0.27486958
v -0.00223027 0.22093271 0.16317133
v 0.00101093 0.38869575 0.16022505
v -0.00223027 0.38869487 0.16311176
v 0.00107733 0.22093271 0.16022505
v 0.00107733 0.21807943 0.16317134
v -0.00223060 0.22081855 0.27492817
v 0.00101060 0.21807959 0.27486958
v 0.00101060 0.21807959 0.27486958
v 0.00585147 0.22098727 0.27775534
v 0.35450228 0.22098727 0.27775538
v 0.35934308 0.21807943 0.27487063
v 0.00113803 0.22300775 0.27775533
v -0.00223060 0.22081855 0.27492817
v -0.00223060 0.38863775 0.27480903
v 0.00107699 0.38863775 0.27775533
v 0.00107700 0.39149119 0.27481001
v -0.00223027 0.38869487 0.16311176
v 0.00119940 0.39149119 0.16509419
v 0.00107699 0.38863775 0.27775533
v 0.00780116 0.39149119 0.27480906
v 0.00780115 0.38863775 0.27775535
v 0.00107700 0.39149119 0.27481001
v 0.00770035 0.39149119 0.16926023
v 0.00119940 0.39149119 0.16509419
v 0.01053244 0.39149119 0.16589891
v -0.00223027 0.38869487 0.16311176
v 0.35384341 0.39149127 0.16322901
v 0.34982180 0.39149119 0.16590087
v 0.35921781 0.39149127 0.16500832
v 0.36258501 0.38875191 0.16305423
v 0.35266579 0.39149119 0.16926417
v 0.34596579 0.38866271 0.16880614
v 0.34924419 0.38871455 0.17167236
v 0.35927508 0.39149119 0.27481105
v 0.35255428 0.39149119 0.27481104
v 0.01110876 0.38863775 0.27480907
v 0.00780116 0.39149119 0.27480906
v 0.00770035 0.39149119 0.16926023
v 0.01110906 0.38871455 0.17167137
v 0.01070643 0.22437607 0.27775536
v 0.34595908 0.22721199 0.27482859
v 0.34964788 0.22437607 0.27775635
v 0.01439684 0.22721199 0.27482762
v 0.34593619 0.22721199 0.17175145
v 0.01439684 0.22721199 0.27482762
v 0.01110876 0.23002903 0.27484715
v 0.01110906 0.23006511 0.17175047
v 0.01441618 0.22721199 0.17175048
v 0.01440355 0.38865023 0.16880517
v 0.01110906 0.38871455 0.17167137
v 0.01110906 0.38871455 0.17167137
v 0.01440355 0.38865023 0.16880517
v 0.01441619 0.23006511 0.16880517
v 0.36258628 0.22087559 0.27486966
v 0.35915428 0.22309935 0.27775539
v 0.35927668 0.38863775 0.27775637
v 0.36258548 0.38863775 0.27481106
v 0.35927508 0.39149119 0.27481105
v 0.34924388 0.22999303 0.27488525
v 0.34595908 0.22721199 0.27482859
v 0.34593619 0.22721199 0.17175145
v 0.34924419 0.23006511 0.17175244
v 0.35263348 0.22753063 0.27775636
v 0.34924388 0.22999303 0.27488525
v 0.34924388 0.38863775 0.27481103
v 0.35255428 0.38863775 0.27775636
v 0.35255428 0.39149119 0.27481104
v 0.34924419 0.38871455 0.17167236
v 0.35266579 0.39149119 0.16926417
v 0.35255428 0.38863775 0.27775636
v 0.35927668 0.38863775 0.27775637
v 0.35921781 0.39149127 0.16500832
v 0.36258501 0.38875191 0.16305423
v 0.34596579 0.38866271 0.16880614
v 0.34924419 0.38871455 0.17167236
v 0.34593619 0.23006511 0.16880614
v 0.36258501 0.38875191 0.16305423
v 0.35934342 0.38869575 0.16022609
v 0.35927622 0.22093279 0.16022609
v -0.00223060 0.22081855 0.27492817
v -0.00223027 0.22093271 0.16317133
v -0.00223027 0.38869487 0.16311176
v -0.00223060 0.38863775 0.27480903
v 0.00780115 0.38863775 0.27775535
v 0.00113803 0.22300775 0.27775533
v 0.00107699 0.38863775 0.27775533
v 0.00770155 0.22753255 0.27775535
v 0.00585147 0.22098727 0.27775534
v 0.00101060 0.21807959 0.27486958
v -0.00223060 0.22081855 0.27492817
v 0.01070643 0.22437607 0.27775536
v 0.01110876 0.23002903 0.27484715
v 0.01439684 0.22721199 0.27482762
v 0.35450228 0.22098727 0.27775538
v 0.34964788 0.22437607 0.27775635
v 0.35915428 0.22309935 0.27775539
v 0.36258628 0.22087559 0.27486966
v 0.35934308 0.21807943 0.27487063
v 0.35263348 0.22753063 0.27775636
v 0.34595908 0.22721199 0.27482859
v 0.34924388 0.22999303 0.27488525
v 0.35255428 0.38863775 0.27775636
v 0.35927668 0.38863775 0.27775637
v 0.01110876 0.38863775 0.27480907
v 0.01110906 0.38871455 0.17167137
v 0.01110906 0.23006511 0.17175047
v 0.01110876 0.23002903 0.27484715
v 0.36258581 0.22093279 0.16317337
v 0.36258628 0.22087559 0.27486966
v 0.36258548 0.38863775 0.27481106
v 0.36258501 0.38875191 0.16305423
v 0.35934342 0.38869575 0.16022609
v 0.00101093 0.38869575 0.16022505
v 0.00107733 0.22093271 0.16022505
v 0.35927622 0.22093279 0.16022609
v 0.01440355 0.38865023 0.16880517
v 0.34596579 0.38866271 0.16880614
v 0.34593619 0.23006511 0.16880614
v 0.01441619 0.23006511 0.16880517
v 0.34924419 0.38871455 0.17167236
v 0.34924388 0.38863775 0.27481103
v 0.34924388 0.22999303 0.27488525
v 0.34924419 0.23006511 0.17175244
v 0.00107733 -0.20063586 0.16317134
v 0.35934308 -0.20063586 0.27487063
v 0.00101060 -0.20063586 0.27486958
v -0.00223027 -0.19778266 0.16317133
v 0.00101093 -0.03001956 0.16022505
v -0.00223027 -0.03002048 0.16311176
v 0.00107733 -0.19778266 0.16022505
v 0.00107733 -0.20063586 0.16317134
v -0.00223060 -0.19789682 0.27492817
v 0.00101060 -0.20063586 0.27486958
v 0.00101060 -0.20063586 0.27486958
v 0.00585147 -0.19772810 0.27775534
v 0.35450228 -0.19772810 0.27775538
v 0.35934308 -0.20063586 0.27487063
v 0.00113803 -0.19570762 0.27775533
v -0.00223060 -0.19789682 0.27492817
v -0.00223060 -0.03007760 0.27480903
v 0.00107699 -0.03007760 0.27775533
v 0.00107700 -0.02722421 0.27481001
v -0.00223027 -0.03002048 0.16311176
v 0.00119940 -0.02722421 0.16509419
v 0.00107699 -0.03007760 0.27775533
v 0.00780116 -0.02722421 0.27480906
v 0.00780115 -0.03007760 0.27775535
v 0.00107700 -0.02722421 0.27481001
v 0.00770035 -0.02722421 0.16926023
v 0.00119940 -0.02722421 0.16509419
v 0.01053244 -0.02722421 0.16589891
v -0.00223027 -0.03002048 0.16311176
v 0.35384341 -0.02722409 0.16322901
v 0.34982180 -0.02722421 0.16590087
v 0.35921781 -0.02722409 0.16500832
v 0.36258501 -0.02996347 0.16305423
v 0.35266579 -0.02722421 0.16926417
v 0.34596579 -0.03005264 0.16880614
v 0.34924419 -0.03000076 0.17167236
v 0.35927508 -0.02722421 0.27481105
v 0.35255428 -0.02722421 0.27481104
v 0.01110876 -0.03007760 0.27480907
v 0.00780116 -0.02722421 0.27480906
v 0.00770035 -0.02722421 0.16926023
v 0.01110906 -0.03000076 0.17167137
v 0.01070643 -0.19433930 0.27775536
v 0.34595908 -0.19150338 0.27482859
v 0.34964788 -0.19433930 0.27775635
v 0.01439684 -0.19150338 0.27482762
v 0.34593619 -0.19150338 0.17175145
v 0.01439684 -0.19150338 0.27482762
v 0.01110876 -0.18868634 0.27484715
v 0.01110906 -0.18865018 0.17175047
v 0.01441618 -0.19150338 0.17175048
v 0.01440355 -0.03006509 0.16880517
v 0.01110906 -0.03000076 0.17167137
v 0.01110906 -0.03000076 0.17167137
v 0.01440355 -0.03006509 0.16880517
v 0.01441619 -0.18865018 0.16880517
v 0.36258628 -0.19783978 0.27486966
v 0.35915428 -0.19561602 0.27775539
v 0.35927668 -0.03007760 0.27775637
v 0.36258548 -0.03007760 0.27481106
v 0.35927508 -0.02722421 0.27481105
v 0.34924388 -0.18872234 0.27488525
v 0.34595908 -0.19150338 0.27482859
v 0.34593619 -0.19150338 0.17175145
v 0.34924419 -0.18865018 0.17175244
v 0.35263348 -0.19118482 0.27775636
v 0.34924388 -0.18872234 0.27488525
v 0.34924388 -0.03007760 0.27481103
v 0.35255428 -0.03007760 0.27775636
v 0.35255428 -0.02722421 0.27481104
v 0.34924419 -0.03000076 0.17167236
v 0.35266579 -0.02722421 0.16926417
v 0.35255428 -0.03007760 0.27775636
v 0.35927668 -0.03007760 0.27775637
v 0.35921781 -0.02722409 0.16500832
v 0.36258501 -0.02996347 0.16305423
v 0.34596579 -0.03005264 0.16880614
v 0.34924419 -0.03000076 0.17167236
v 0.34593619 -0.18865018 0.16880614
v 0.36258501 -0.02996347 0.16305423
v 0.35934342 -0.03001956 0.16022609
v 0.35927622 -0.19778258 0.16022609
v -0.00223060 -0.19789682 0.27492817
v -0.00223027 -0.19778266 0.16317133
v -0.00223027 -0.03002048 0.16311176
v -0.00223060 -0.03007760 0.27480903
v 0.00780115 -0.03007760 0.27775535
v 0.00113803 -0.19570762 0.27775533
v 0.00107699 -0.03007760 0.27775533
v 0.00770155 -0.19118282 0.27775535
v 0.00585147 -0.19772810 0.27775534
v 0.00101060 -0.20063586 0.27486958
v -0.00223060 -0.19789682 0.27492817
v 0.01070643 -0.19433930 0.27775536
v 0.01110876 -0.18868634 0.27484715
v 0.01439684 -0.19150338 0.27482762
v 0.35450228 -0.19772810 0.27775538
v 0.34964788 -0.19433930 0.27775635
v 0.35915428 -0.19561602 0.27775539
v 0.36258628 -0.19783978 0.27486966
v 0.35934308 -0.20063586 0.27487063
v 0.35263348 -0.19118482 0.27775636
v 0.34595908 -0.19150338 0.27482859
v 0.34924388 -0.18872234 0.27488525
v 0.35255428 -0.03007760 0.27775636
v 0.35927668 -0.03007760 0.27775637
v 0.01110876 -0.03007760 0.27480907
v 0.01110906 -0.03000076 0.17167137
v 0.01110906 -0.18865018 0.17175047
v 0.01110876 -0.18868634 0.27484715
v 0.36258581 -0.19778258 0.16317337
v 0.36258628 -0.19783978 0.27486966
v 0.36258548 -0.03007760 0.27481106
v 0.36258501 -0.02996347 0.16305423
v 0.35934342 -0.03001956 0.16022609
v 0.00101093 -0.03001956 0.16022505
v 0.00107733 -0.19778266 0.16022505
v 0.35927622 -0.19778258 0.16022609
v 0.01440355 -0.03006509 0.16880517
v 0.34596579 -0.03005264 0.16880614
v 0.34593619 -0.18865018 0.16880614
v 0.01441619 -0.18865018 0.16880517
v 0.34924419 -0.03000076 0.17167236
v 0.34924388 -0.03007760 0.27481103
v 0.34924388 -0.18872234 0.27488525
v 0.34924419 -0.18865018 0.17175244
v -0.35559692 -0.20063586 0.16317030
v -0.00570860 -0.20063586 0.27486859
v -0.35566469 -0.20063586 0.27486854
v -0.35890508 -0.19778266 0.16317029
v -0.35566435 -0.03001956 0.16022400
v -0.35890508 -0.03002048 0.16311072
v -0.35559691 -0.19778266 0.16022401
v -0.35559692 -0.20063586 0.16317030
v -0.35890541 -0.19789682 0.27492615
v -0.35566469 -0.20063586 0.27486854
v -0.35566469 -0.20063586 0.27486854
v -0.35082381 -0.19772810 0.27775430
v -0.01055037 -0.19772810 0.27775431
v -0.00570860 -0.20063586 0.27486859
v -0.35553725 -0.19570762 0.27775429
v -0.35890541 -0.19789682 0.27492615
v -0.35890541 -0.03007760 0.27480799
v -0.35559725 -0.03007760 0.27775429
v -0.35559725 -0.02722421 0.27480800
v -0.35890508 -0.03002048 0.16311072
v -0.35547589 -0.02722421 0.16509315
v -0.35559725 -0.03007760 0.27775429
v -0.34887365 -0.02722421 0.27480703
v -0.34887365 -0.03007760 0.27775431
v -0.35559725 -0.02722421 0.27480800
v -0.34897390 -0.02722421 0.16925918
v -0.35547589 -0.02722421 0.16509315
v -0.34614285 -0.02722421 0.16589786
v -0.35890508 -0.03002048 0.16311072
v -0.01120780 -0.02722409 0.16322794
v -0.01523076 -0.02722421 0.16589883
v -0.00583332 -0.02722409 0.16500628
v -0.00246755 -0.02996347 0.16305316
v -0.01238557 -0.02722421 0.16926212
v -0.01908669 -0.03005264 0.16880508
v -0.01580742 -0.03000076 0.17167129
v -0.00577604 -0.02722421 0.27480999
v -0.01249868 -0.02722421 0.27480997
v -0.34556605 -0.03007760 0.27480803
v -0.34887365 -0.02722421 0.27480703
v -0.34897390 -0.02722421 0.16925918
v -0.34556574 -0.03000076 0.17167033
v -0.34596837 -0.19433930 0.27775432
v -0.01909436 -0.19150338 0.27482753
v -0.01540397 -0.19433930 0.27775528
v -0.34227797 -0.19150338 0.27482658
v -0.01911454 -0.19150338 0.17175038
v -0.34227797 -0.19150338 0.27482658
v -0.34556605 -0.18868634 0.27484611
v -0.34556574 -0.18865018 0.17174943
v -0.34225766 -0.19150338 0.17174944
v -0.34227078 -0.03006509 0.16880413
v -0.34556574 -0.03000076 0.17167033
v -0.34556574 -0.03000076 0.17167033
v -0.34227078 -0.03006509 0.16880413
v -0.34225766 -0.18865018 0.16880413
v -0.00246788 -0.19783978 0.27486860
v -0.00589813 -0.19561602 0.27775432
v -0.00577605 -0.03007760 0.27775531
v -0.00246788 -0.03007760 0.27481000
v -0.00577604 -0.02722421 0.27480999
v -0.01580772 -0.18872234 0.27488418
v -0.01909436 -0.19150338 0.27482753
v -0.01911454 -0.19150338 0.17175038
v -0.01580742 -0.18865018 0.17175039
v -0.01242053 -0.19118482 0.27775529
v -0.01580772 -0.18872234 0.27488418
v -0.01580772 -0.03007760 0.27481094
v -0.01249869 -0.03007760 0.27775529
v -0.01249868 -0.02722421 0.27480997
v -0.01580742 -0.03000076 0.17167129
v -0.01238557 -0.02722421 0.16926212
v -0.01249869 -0.03007760 0.27775529
v -0.00577605 -0.03007760 0.27775531
v -0.00583332 -0.02722409 0.16500628
v -0.00246755 -0.02996347 0.16305316
v -0.01908669 -0.03005264 0.16880508
v -0.01580742 -0.03000076 0.17167129
v -0.01911453 -0.18865018 0.16880508
v -0.00246755 -0.02996347 0.16305316
v -0.00570779 -0.03001956 0.16022503
v -0.00577467 -0.19778258 0.16022503
v -0.35890541 -0.19789682 0.27492615
v -0.35890508 -0.19778266 0.16317029
v -0.35890508 -0.03002048 0.16311072
v -0.35890541 -0.03007760 0.27480799
v -0.34887365 -0.03007760 0.27775431
v -0.35553725 -0.19570762 0.27775429
v -0.35559725 -0.03007760 0.27775429
v -0.34897325 -0.19118282 0.27775431
v -0.35082381 -0.19772810 0.27775430
v -0.35566469 -0.20063586 0.27486854
v -0.35890541 -0.19789682 0.27492615
v -0.34596837 -0.19433930 0.27775432
v -0.34556605 -0.18868634 0.27484611
v -0.34227797 -0.19150338 0.27482658
v -0.01055037 -0.19772810 0.27775431
v -0.01540397 -0.19433930 0.27775528
v -0.00589813 -0.19561602 0.27775432
v -0.00246788 -0.19783978 0.27486860
v -0.00570860 -0.20063586 0.27486859
v -0.01242053 -0.19118482 0.27775529
v -0.01909436 -0.19150338 0.27482753
v -0.01580772 -0.18872234 0.27488418
v -0.01249869 -0.03007760 0.27775529
v -0.00577605 -0.03007760 0.27775531
v -0.34556605 -0.03007760 0.27480803
v -0.34556574 -0.03000076 0.17167033
v -0.34556574 -0.18865018 0.17174943
v -0.34556605 -0.18868634 0.27484611
v -0.00246755 -0.19778258 0.16317231
v -0.00246788 -0.19783978 0.27486860
v -0.00246788 -0.03007760 0.27481000
v -0.00246755 -0.02996347 0.16305316
v -0.00570779 -0.03001956 0.16022503
v -0.35566435 -0.03001956 0.16022400
v -0.35559691 -0.19778266 0.16022401
v -0.00577467 -0.19778258 0.16022503
v -0.34227078 -0.03006509 0.16880413
v -0.01908669 -0.03005264 0.16880508
v -0.01911453 -0.18865018 0.16880508
v -0.34225766 -0.18865018 0.16880413
v -0.01580742 -0.03000076 0.17167129
v -0.01580772 -0.03007760 0.27481094
v -0.01580772 -0.18872234 0.27488418
v -0.01580742 -0.18865018 0.17175039
v -0.00375058 -0.81926706 -0.08759823
v -0.00375058 -0.81926706 -0.08760599
v -0.00374170 -0.81926706 -0.08760599
v -0.00374170 -0.81926706 -0.08759823
v 0.43558096 0.66270744 0.18202808
v 0.43096656 0.67193256 0.18195873
v 0.42604739 0.66791512 0.17178879
v 0.35198711 0.62485408 0.26711670
v 0.36050711 0.61206408 0.26711672
v 0.35893991 0.61806280 0.26572317
v 0.36052631 0.23546759 0.26711672
v 0.35199510 0.61751288 0.27025538
v -0.41536215 -0.74175202 0.18197090
v -0.42236554 -0.73367730 0.17178631
v -0.42720102 -0.73773346 0.18196404
v -0.41118537 -0.73765850 0.17169162
v -0.33623761 -0.74174914 0.18197113
v -0.33623758 -0.73765850 0.17169184
v -0.26973910 -0.73765850 0.17169203
v -0.26973913 -0.74174626 0.18197133
v -0.20324054 -0.73765850 0.17169223
v -0.20324057 -0.74174330 0.18197152
v -0.13674254 -0.73765850 0.17169242
v -0.13674257 -0.74174042 0.18197172
v -0.07024542 -0.73765850 0.17169261
v -0.07024545 -0.74173754 0.18197191
v -0.00374686 -0.73765850 0.17169281
v -0.00374689 -0.74173458 0.18197211
v 0.06461343 -0.74173754 0.18197230
v 0.06461346 -0.73765850 0.17169301
v 0.13297282 -0.73765850 0.17169321
v 0.13297279 -0.74174042 0.18197250
v 0.20133418 -0.73765850 0.17169341
v 0.20133415 -0.74174330 0.18197270
v 0.26969450 -0.73765850 0.17169361
v 0.26969447 -0.74174626 0.18197290
v 0.33805539 -0.73765850 0.17169381
v 0.33805536 -0.74174914 0.18197310
v 0.41486499 -0.73765850 0.17169501
v 0.41904096 -0.74175202 0.18197334
v 0.42604739 -0.73367730 0.17178879
v 0.43088016 -0.73773346 0.18196654
v -0.42236554 -0.73367730 0.17178631
v -0.43179477 -0.72849706 0.18202749
v -0.42720102 -0.73773346 0.18196404
v -0.42699738 -0.72406506 0.17188103
v -0.42699738 0.05948423 0.17188103
v -0.43185678 0.05948423 0.18202554
v -0.43186752 0.23546751 0.18202554
v -0.42699738 0.23546759 0.17188103
v -0.43190024 0.66270744 0.18202457
v -0.42699738 0.65830280 0.17188103
v -0.42236554 0.66791512 0.17178631
v -0.42728598 0.67193256 0.18195622
v -0.42236554 0.66791512 0.17178631
v -0.41538120 0.67595464 0.18197090
v -0.42728598 0.67193256 0.18195622
v -0.41118537 0.67189632 0.17169162
v -0.33623761 0.70628216 0.18197113
v -0.33623758 0.70222384 0.17169184
v -0.26973913 0.72122312 0.18197133
v -0.26973910 0.71716472 0.17169203
v -0.20324057 0.73413408 0.18197152
v -0.20324054 0.73007576 0.17169223
v -0.13674257 0.74346272 0.18197172
v -0.13674254 0.73940448 0.17169242
v -0.07024545 0.75092920 0.18197191
v -0.07024542 0.74687080 0.17169261
v -0.00374686 0.74970104 0.17169281
v -0.00374689 0.75375920 0.18197211
v 0.06461343 0.75092920 0.18197230
v 0.06461346 0.74687080 0.17169301
v 0.13297279 0.74346272 0.18197250
v 0.13297282 0.73940448 0.17169321
v 0.20133415 0.73413408 0.18197270
v 0.20133418 0.73007576 0.17169341
v 0.26969447 0.72122312 0.18197290
v 0.26969450 0.71716472 0.17169361
v 0.33805536 0.70628216 0.18197310
v 0.33805539 0.70222384 0.17169381
v 0.41906176 0.67595464 0.18197334
v 0.41486499 0.67189632 0.17169501
v 0.42604739 0.66791512 0.17178879
v 0.43096656 0.67193256 0.18195873
v 0.42604739 -0.73367730 0.17178879
v 0.43088016 -0.73773346 0.18196654
v 0.43547456 -0.72849706 0.18203003
v 0.43067859 -0.72406506 0.17188451
v 0.43067859 0.05948415 0.17188451
v 0.43553696 0.05948415 0.18202905
v 0.43067859 0.23546759 0.17188451
v 0.43554816 0.23546759 0.18202856
v 0.43067859 0.65830280 0.17188451
v -0.35219904 0.63093896 0.17699550
v -0.34866098 0.62789488 0.18460196
v -0.33623618 0.63944384 0.18460005
v -0.33623616 0.64286792 0.17699750
v -0.35098224 -0.47828866 0.17711563
v -0.35706330 -0.47237402 0.18463514
v -0.36106672 -0.47494834 0.17677477
v -0.34887042 -0.47538578 0.18451211
v -0.33623616 -0.47837482 0.17718403
v -0.34837504 -0.47537794 0.25953751
v -0.35688728 -0.47233282 0.25953553
v -0.34835802 -0.47233682 0.26711660
v -0.35531402 -0.47098266 0.26572206
v -0.33623640 -0.47541610 0.25956001
v -0.33623642 -0.47237306 0.26713813
v -0.26973738 -0.47240930 0.26715883
v -0.33623618 -0.47545042 0.18460981
v -0.26973736 -0.47545434 0.25958266
v -0.20324082 -0.47244562 0.26718051
v -0.26973714 -0.47551514 0.18470668
v -0.26973712 -0.47846090 0.17725258
v -0.20324080 -0.47549258 0.25960532
v -0.13674282 -0.47248186 0.26720219
v -0.20324058 -0.47557978 0.18480453
v -0.20324056 -0.47854706 0.17732016
v -0.13674280 -0.47553082 0.25962797
v -0.07024426 -0.47251810 0.26722289
v -0.13674258 -0.47564434 0.18490238
v -0.13674256 -0.47863322 0.17738871
v -0.07024424 -0.47556906 0.25965062
v -0.00374714 -0.47255442 0.26724457
v -0.07024402 -0.47570906 0.18499925
v -0.07024400 -0.47871930 0.17745824
v -0.00374712 -0.47560730 0.25967230
v -0.00374690 -0.47577362 0.18509711
v -0.00374688 -0.47880554 0.17752484
v 0.06461344 -0.47869354 0.17745473
v 0.06461320 -0.47556906 0.25965102
v 0.06461318 -0.47251810 0.26722328
v 0.13297254 -0.47248186 0.26720298
v 0.06461342 -0.47570906 0.18499965
v 0.13297257 -0.47553082 0.25962875
v 0.20133238 -0.47244570 0.26718169
v 0.13297278 -0.47564434 0.18490317
v 0.13297281 -0.47858162 0.17738462
v 0.20133345 -0.47549258 0.25960650
v 0.26969471 -0.47240946 0.26716041
v 0.20133367 -0.47557978 0.18480669
v 0.20133417 -0.47846970 0.17731450
v 0.26969473 -0.47545434 0.25958423
v 0.33805351 -0.47237330 0.26714010
v 0.26969447 -0.47551514 0.18470923
v 0.26969449 -0.47835778 0.17724439
v 0.33805353 -0.47541618 0.25956198
v 0.35203671 -0.47233698 0.26711865
v 0.33805375 -0.47545042 0.18461276
v 0.33805377 -0.47824586 0.17717526
v 0.35205353 -0.47537794 0.25954053
v 0.35255055 -0.47538578 0.18451514
v 0.35482257 -0.47813394 0.17710402
v 0.36056713 -0.47233242 0.25953860
v 0.35899431 -0.47098218 0.26572414
v 0.36074175 -0.47237402 0.18463821
v 0.36472657 -0.47484698 0.17678471
v -0.35706330 -0.47237402 0.18463514
v -0.36526592 -0.46718642 0.17650426
v -0.36106672 -0.47494834 0.17677477
v -0.36045298 -0.46511930 0.18476990
v -0.35688728 -0.47233282 0.25953553
v -0.36040122 0.05948423 0.18464441
v -0.36452624 0.05948431 0.17677818
v -0.36434312 0.23546751 0.17684605
v -0.36041216 -0.46499258 0.25953845
v -0.36038802 0.23546759 0.18461316
v -0.36383232 0.61501512 0.17703551
v -0.35688290 -0.46498866 0.26711561
v -0.35531402 -0.47098266 0.26572206
v -0.35685362 0.05948431 0.26711512
v -0.36038096 0.05948431 0.25953698
v -0.36037360 0.23546759 0.25953650
v -0.35684626 0.23546759 0.26711512
v -0.36035242 0.61244760 0.18452673
v -0.36035216 0.61207520 0.25953552
v -0.35682626 0.61206408 0.26711463
v -0.35692762 0.61952536 0.18456385
v -0.36037968 0.62245248 0.17701306
v -0.35682624 0.61941624 0.25953553
v -0.35525842 0.61806272 0.26572206
v -0.34830530 0.62485400 0.26711465
v -0.34831504 0.62789488 0.25953556
v -0.33623642 0.63599760 0.26711469
v -0.33623640 0.63944384 0.25953559
v 0.36883857 -0.46721914 0.17653765
v 0.36074175 -0.47237402 0.18463821
v 0.36472657 -0.47484698 0.17678471
v 0.36413375 -0.46511946 0.18477201
v 0.36814977 0.05948423 0.17679155
v 0.36409193 -0.46499146 0.25953861
v 0.36056713 -0.47233242 0.25953860
v 0.36056151 -0.46498810 0.26711672
v 0.35899431 -0.47098218 0.26572414
v 0.36406073 0.05948423 0.25953812
v 0.36053351 0.05948423 0.26711672
v 0.36052631 0.23546759 0.26711672
v 0.36408175 0.05948415 0.18464896
v 0.36405273 0.23546759 0.25953812
v 0.36050711 0.61206408 0.26711672
v 0.36406735 0.23546759 0.18461380
v 0.36795457 0.23546759 0.17686382
v 0.36403193 0.61207504 0.25953764
v 0.36403215 0.61244776 0.18452884
v 0.36747697 0.61502816 0.17703960
v 0.36050633 0.61941624 0.25953763
v 0.35893991 0.61806280 0.26572317
v 0.36058495 0.61952560 0.18460306
v 0.36401937 0.62245528 0.17702689
v 0.35582177 0.63093320 0.17702101
v 0.35225775 0.62789496 0.18467822
v 0.33805455 0.63944392 0.18466354
v 0.33805457 0.64286240 0.17701901
v 0.33805353 0.63944392 0.25953756
v 0.35199433 0.62789496 0.25953760
v 0.35198711 0.62485408 0.26711670
v 0.33805351 0.63599760 0.26711666
v -0.34835802 -0.47233682 0.26711660
v -0.35688290 -0.46498866 0.26711561
v -0.35531402 -0.47098266 0.26572206
v -0.34836923 -0.46499594 0.27025626
v -0.33623642 -0.47237306 0.26713813
v -0.34834091 0.05948431 0.27025528
v -0.35685362 0.05948431 0.26711512
v -0.35684626 0.23546759 0.26711512
v -0.33623643 -0.46503210 0.27027582
v -0.34833459 0.23546751 0.27025479
v -0.35682626 0.61206408 0.26711463
v -0.26973739 -0.46506826 0.27029652
v -0.26973738 -0.47240930 0.26715883
v -0.33623643 0.05948431 0.27026459
v -0.20324083 -0.46510442 0.27031723
v -0.20324082 -0.47244562 0.26718051
v -0.26973739 0.05948431 0.27027553
v -0.13674283 -0.46514058 0.27033695
v -0.13674282 -0.47248186 0.26720219
v -0.33623643 0.23546759 0.27026215
v -0.20324083 0.05948431 0.27028647
v -0.07024427 -0.46517674 0.27035766
v -0.07024426 -0.47251810 0.26722289
v -0.26973739 0.23546751 0.27027016
v -0.13674283 0.05948431 0.27029643
v -0.00374715 -0.46521282 0.27037835
v -0.00374714 -0.47255442 0.26724457
v 0.06461318 -0.47251810 0.26722328
v -0.20324083 0.23546751 0.27027865
v -0.07024427 0.05948431 0.27030736
v -0.13674283 0.23546751 0.27028666
v -0.26973739 0.65156352 0.27025453
v -0.20324083 0.66447472 0.27025472
v -0.13674283 0.67149144 0.27025492
v -0.33623643 0.62767760 0.27025434
v -0.34831507 0.61751280 0.27025430
v -0.34830530 0.62485400 0.26711465
v -0.35525842 0.61806272 0.26572206
v -0.33623642 0.63599760 0.26711469
v -0.26973738 0.65890472 0.26711488
v -0.20324082 0.67181576 0.26711508
v -0.13674282 0.67883240 0.26711527
v -0.07024426 0.68156984 0.26711546
v -0.07024427 0.67422896 0.27025511
v -0.00374714 0.68440000 0.26711566
v -0.07024427 0.23546759 0.27029515
v -0.00374715 0.67705920 0.27025531
v -0.00374715 0.05948423 0.27031830
v 0.06461317 0.67422912 0.27025551
v 0.06461318 0.68156992 0.26711586
v -0.00374715 0.23546759 0.27030316
v 0.06461317 -0.46517674 0.27035805
v 0.13297253 0.67149152 0.27025571
v 0.13297254 0.67883248 0.26711606
v 0.06461317 0.23546759 0.27029506
v 0.06461317 0.05948431 0.27030824
v 0.13297253 -0.46514058 0.27033871
v 0.13297254 -0.47248186 0.26720298
v 0.20133342 0.66447480 0.27025591
v 0.20133342 0.67181584 0.26711626
v 0.13297253 0.23546759 0.27028794
v 0.13297253 0.05948423 0.27029819
v 0.20133342 -0.46510442 0.27031841
v 0.20133238 -0.47244570 0.26718169
v 0.26969422 0.65156368 0.27025611
v 0.26969423 0.65890464 0.26711646
v 0.20133342 0.23546759 0.27027983
v 0.20133342 0.05948423 0.27028765
v 0.26969470 -0.46506826 0.27029810
v 0.26969471 -0.47240946 0.26716041
v 0.33805350 0.62767776 0.27025534
v 0.33805351 0.63599760 0.26711666
v 0.26969422 0.23546759 0.27027174
v 0.26969470 0.05948423 0.27027711
v 0.33805350 -0.46503210 0.27027877
v 0.33805351 -0.47237330 0.26714010
v 0.33805350 0.23546759 0.27026363
v 0.33805350 0.05948423 0.27026705
v 0.35204870 -0.46499594 0.27025831
v 0.35203671 -0.47233698 0.26711865
v 0.35201430 0.23546759 0.27025635
v 0.36053351 0.05948423 0.26711672
v 0.35202230 0.05948423 0.27025683
v 0.36056151 -0.46498810 0.26711672
v 0.35899431 -0.47098218 0.26572414
v 0.20133417 0.67782904 0.17701666
v 0.26969449 0.66493992 0.17701782
v 0.26969450 0.67198760 0.17354322
v 0.33805458 0.65010224 0.17354342
v 0.33805457 0.64286240 0.17701901
v 0.36491298 0.63793256 0.17354349
v 0.35582177 0.63093320 0.17702101
v 0.37275218 0.62917600 0.17359724
v 0.36401937 0.62245528 0.17702689
v 0.36747697 0.61502816 0.17703960
v 0.26969450 0.70072296 0.17205494
v 0.33805458 0.68578208 0.17205514
v 0.20133418 0.71363400 0.17205474
v 0.20133418 0.68490096 0.17354302
v 0.13297282 0.72296264 0.17205454
v 0.13297282 0.69191992 0.17354282
v 0.06461346 0.73042904 0.17205434
v 0.06461346 0.69465952 0.17354165
v -0.00374686 0.73325928 0.17205414
v -0.00374687 0.69749192 0.17354145
v -0.07024542 0.73042904 0.17205394
v -0.07024399 0.69465952 0.17354222
v -0.13674254 0.72296264 0.17205375
v -0.13674255 0.69191992 0.17354203
v 0.20133418 0.72405120 0.17188286
v 0.13297282 0.73338000 0.17188169
v 0.06461346 0.74084632 0.17188246
v -0.00374686 0.74367640 0.17188226
v -0.07024542 0.74084632 0.17188207
v -0.13674254 0.73338000 0.17188188
v 0.26969450 0.71114024 0.17188306
v 0.20133418 0.73007576 0.17169341
v 0.26969450 0.71716472 0.17169361
v 0.13297282 0.73940448 0.17169321
v 0.06461346 0.74687080 0.17169301
v -0.00374686 0.74970104 0.17169281
v -0.07024542 0.74687080 0.17169261
v -0.13674254 0.73940448 0.17169242
v -0.20324054 0.73007576 0.17169223
v 0.33805539 0.70222384 0.17169381
v -0.20324054 0.72405120 0.17188168
v -0.26973910 0.71716472 0.17169203
v 0.33805538 0.69619928 0.17188326
v -0.20324054 0.71363400 0.17205355
v -0.26973910 0.71114024 0.17188149
v -0.33623758 0.70222384 0.17169184
v 0.41339619 0.66587184 0.17188348
v 0.41486499 0.67189632 0.17169501
v 0.42604739 0.66791512 0.17178879
v 0.39781939 0.65545456 0.17205433
v 0.42056739 0.66312360 0.17188350
v 0.43067859 0.65830280 0.17188451
v 0.40739059 0.65268896 0.17205534
v 0.42340419 0.65684984 0.17188351
v 0.43067859 0.23546759 0.17188451
v 0.41135379 0.64601184 0.17205535
v 0.42342739 0.23546759 0.17188351
v 0.43067859 0.05948415 0.17188451
v 0.37599378 0.62116672 0.17365485
v 0.41137299 0.23546759 0.17205535
v 0.37545938 0.23546759 0.17367878
v 0.36795457 0.23546759 0.17686382
v 0.42343699 0.05948423 0.17188351
v 0.37524258 0.05948423 0.17368855
v 0.36814977 0.05948423 0.17679155
v 0.36883857 -0.46721914 0.17653765
v 0.41138019 0.05948415 0.17205535
v 0.42348179 -0.72262522 0.17188351
v 0.43067859 -0.72406506 0.17188451
v 0.42604739 -0.73367730 0.17178879
v 0.37447298 -0.47454730 0.17372321
v 0.41141779 -0.70877242 0.17205535
v 0.42060259 -0.72889210 0.17188253
v 0.41486499 -0.73765850 0.17169501
v 0.36962498 -0.48217378 0.17389800
v 0.36472657 -0.47484698 0.17678471
v 0.35482257 -0.47813394 0.17710402
v 0.40713219 -0.71756466 0.17205729
v 0.41339219 -0.73160906 0.17188446
v 0.33805539 -0.73765850 0.17169381
v 0.39678259 -0.72122370 0.17206312
v 0.33805538 -0.73168714 0.17188326
v 0.26969450 -0.73765850 0.17169361
v 0.35792978 -0.48535218 0.17410109
v 0.26969450 -0.73176522 0.17188306
v 0.20133418 -0.73765850 0.17169341
v 0.33805458 -0.72135458 0.17208932
v 0.33805378 -0.48547970 0.17414010
v 0.33805377 -0.47824586 0.17717526
v 0.20133418 -0.73184330 0.17188286
v 0.13297282 -0.73765850 0.17169321
v 0.26969450 -0.72148546 0.17211646
v 0.26969450 -0.48560714 0.17417994
v 0.26969449 -0.47835778 0.17724439
v 0.13297282 -0.73192138 0.17188169
v 0.06461346 -0.73765850 0.17169301
v 0.20133418 -0.72161642 0.17214361
v 0.20133418 -0.48573466 0.17421978
v 0.20133417 -0.47846970 0.17731450
v 0.13297282 -0.72174730 0.17217173
v 0.13297281 -0.48586210 0.17425962
v 0.13297281 -0.47858162 0.17738462
v 0.06461346 -0.73199946 0.17188246
v 0.06461345 -0.48598954 0.17429848
v 0.06461344 -0.47869354 0.17745473
v -0.00374688 -0.47880554 0.17752484
v 0.06461346 -0.72187818 0.17219887
v -0.00374686 -0.73207746 0.17188226
v -0.00374686 -0.73765850 0.17169281
v -0.07024542 -0.73765850 0.17169261
v -0.00374687 -0.48611706 0.17433832
v -0.00374686 -0.72200914 0.17222699
v -0.07024542 -0.73199946 0.17188207
v -0.13674254 -0.73765850 0.17169242
v -0.07024399 -0.48606194 0.17429809
v -0.07024400 -0.47871930 0.17745824
v -0.07024542 -0.72187818 0.17219848
v -0.13674254 -0.73192138 0.17188188
v -0.20324054 -0.73765850 0.17169223
v -0.13674255 -0.48600682 0.17425688
v -0.13674256 -0.47863322 0.17738871
v -0.13674254 -0.72174730 0.17217094
v -0.20324054 -0.73184330 0.17188168
v -0.26973910 -0.73765850 0.17169203
v -0.20324055 -0.48595186 0.17421469
v -0.20324056 -0.47854706 0.17732016
v -0.20324054 -0.72161642 0.17214243
v -0.26973910 -0.73176522 0.17188149
v -0.33623758 -0.73765850 0.17169184
v -0.26973911 -0.48589674 0.17417641
v -0.26973712 -0.47846090 0.17725258
v -0.26973910 -0.72148546 0.17211489
v -0.33623759 -0.73168714 0.17188129
v -0.33623615 -0.48584162 0.17413422
v -0.33623616 -0.47837482 0.17718403
v -0.35098224 -0.47828866 0.17711563
v -0.33623615 -0.72135458 0.17208735
v -0.40971222 -0.73160906 0.17188108
v -0.41118537 -0.73765850 0.17169162
v -0.42236554 -0.73367730 0.17178631
v -0.35398127 -0.48578658 0.17409315
v -0.39310382 -0.72122370 0.17205984
v -0.41692219 -0.72889210 0.17188106
v -0.42699738 -0.72406506 0.17188103
v -0.36602031 -0.48248442 0.17388901
v -0.36106672 -0.47494834 0.17677477
v -0.36526592 -0.46718642 0.17650426
v -0.40345343 -0.71756466 0.17205492
v -0.41980011 -0.72262522 0.17188105
v -0.42699738 0.05948423 0.17188103
v -0.37101055 -0.47452978 0.17371030
v -0.36452624 0.05948431 0.17677818
v -0.40773712 -0.70877242 0.17205296
v -0.41975470 0.05948423 0.17188105
v -0.42699738 0.23546759 0.17188103
v -0.40769952 0.05948423 0.17205296
v -0.37172783 0.05948431 0.17367806
v -0.41974689 0.23546759 0.17188105
v -0.37190311 0.23546759 0.17367025
v -0.36434312 0.23546751 0.17684605
v -0.40769318 0.23546751 0.17205296
v -0.37240023 0.62115720 0.17364779
v -0.36383232 0.61501512 0.17703551
v -0.41972296 0.65684984 0.17188105
v -0.42699738 0.65830280 0.17188103
v -0.42236554 0.66791512 0.17178631
v -0.40767364 0.64601168 0.17205296
v -0.41688703 0.66312352 0.17188106
v -0.41118537 0.67189632 0.17169162
v -0.36913407 0.62917320 0.17359311
v -0.36037968 0.62245248 0.17701306
v -0.35219904 0.63093896 0.17699550
v -0.40370880 0.65268880 0.17205297
v -0.40971710 0.66587184 0.17188206
v -0.36123223 0.63793248 0.17354235
v -0.33623616 0.64286792 0.17699750
v -0.39413995 0.65545448 0.17205300
v -0.33623759 0.69619928 0.17188129
v -0.33623615 0.65082232 0.17354145
v -0.33623615 0.68578208 0.17205317
v -0.26973910 0.70072296 0.17205336
v -0.26973911 0.67198760 0.17354164
v -0.26973712 0.66494384 0.17700062
v -0.20324055 0.68490088 0.17354183
v -0.20324056 0.67783192 0.17700375
v -0.13674256 0.68482552 0.17700590
v 0.13297281 0.68482368 0.17701450
v 0.06461345 0.68753912 0.17701332
v -0.00374688 0.69034736 0.17701215
v -0.07024400 0.68754000 0.17700902
v -0.07024402 0.68461048 0.18459301
v -0.00374690 0.68744064 0.18459125
v -0.00374688 0.69034736 0.17701215
v -0.07024400 0.68754000 0.17700902
v -0.13674258 0.68187304 0.18459476
v -0.13674256 0.68482552 0.17700590
v -0.20324058 0.67485640 0.18459652
v -0.20324056 0.67783192 0.17700375
v -0.33623618 0.63944384 0.18460005
v -0.26973712 0.66494384 0.17700062
v -0.33623616 0.64286792 0.17699750
v -0.26973714 0.66194552 0.18459829
v -0.33623640 0.63944384 0.25953559
v -0.26973736 0.66194552 0.25953676
v -0.33623642 0.63599760 0.26711469
v -0.26973738 0.65890472 0.26711488
v -0.20324080 0.67485640 0.25953598
v -0.20324082 0.67181576 0.26711508
v -0.13674280 0.68187304 0.25953617
v -0.13674282 0.67883240 0.26711527
v -0.07024424 0.68461048 0.25953637
v -0.07024426 0.68156984 0.26711546
v -0.00374712 0.68744064 0.25953656
v -0.00374714 0.68440000 0.26711566
v 0.06461318 0.68156992 0.26711586
v 0.06461342 0.68461048 0.18460512
v 0.06461345 0.68753912 0.17701332
v 0.13297281 0.68482368 0.17701450
v 0.06461320 0.68461048 0.25953676
v 0.13297254 0.67883248 0.26711606
v 0.13297278 0.68187304 0.18461997
v 0.20133417 0.67782904 0.17701666
v 0.13297257 0.68187304 0.25953696
v 0.20133342 0.67181584 0.26711626
v 0.20133367 0.67485640 0.18463482
v 0.26969449 0.66493992 0.17701782
v 0.20133345 0.67485640 0.25953716
v 0.26969423 0.65890464 0.26711646
v 0.26969447 0.66194552 0.18464869
v 0.33805457 0.64286240 0.17701901
v 0.33805455 0.63944392 0.18466354
v 0.26969473 0.66194552 0.25953736
v 0.33805351 0.63599760 0.26711666
v 0.33805353 0.63944392 0.25953756
v -0.00375058 -0.81926706 -0.08759823
v -0.00375058 -0.81926706 -0.08760599
v -0.00374170 -0.81926706 -0.08760599
v -0.00374170 -0.81926706 -0.08759823
v -0.20154036 0.23959519 0.35554183
v -0.20063412 0.24963999 0.35669808
v -0.20063412 0.23959519 0.35669808
v -0.20154036 0.24963999 0.35554183
v -0.20050868 0.25067927 0.35566688
v -0.23146515 0.23855599 0.35191575
v -0.23249739 0.23959519 0.35179078
v -0.23159019 0.23959519 0.35294703
v -0.19643234 0.14956519 0.29457310
v -0.19689859 0.14196751 0.29842271
v -0.19668915 0.14177719 0.29669615
v -0.19622330 0.14937479 0.29284654
v -0.19599281 0.16131855 0.29094713
v -0.18773457 0.17429543 0.29124989
v -0.19580585 0.17429527 0.28940514
v -0.18761737 0.18735775 0.29074599
v -0.19574328 0.18735335 0.28888951
v -0.19574328 0.25246911 0.28888951
v -0.18761737 0.25246911 0.29074599
v -0.18808810 0.16131519 0.29275868
v -0.18809538 0.14946895 0.29469911
v -0.19622330 0.14937479 0.29284654
v -0.18855779 0.14221735 0.29851063
v -0.19668915 0.14177719 0.29669615
v -0.19643234 0.14956519 0.29457310
v -0.19622330 0.14937479 0.29284654
v -0.19668915 0.14177719 0.29669615
v -0.19689859 0.14196751 0.29842271
v -0.19599281 0.16131855 0.29094713
v -0.20455730 0.14946895 0.29270394
v -0.19622330 0.14937479 0.29284654
v -0.20304912 0.05106223 0.34061703
v -0.33010131 0.04877759 0.32522114
v -0.32594951 0.04877759 0.33881299
v -0.20461171 0.04877511 0.35351647
v -0.08327479 0.04877759 0.36821994
v -0.07599692 0.04877759 0.35601292
v -0.20461171 0.05609199 0.35351647
v -0.32594951 0.04877759 0.33881299
v -0.32594951 0.05609199 0.33881299
v -0.20461171 0.04877511 0.35351647
v -0.08327479 0.04877759 0.36821994
v -0.08327479 0.05609199 0.36821994
v -0.33010131 0.05609199 0.32522114
v -0.32594951 0.04877759 0.33881299
v -0.33010131 0.04877759 0.32522114
v -0.32594951 0.05609199 0.33881299
v -0.33010131 0.11102991 0.32522114
v -0.32594951 0.11102991 0.33881299
v -0.32594951 0.14665863 0.33881299
v -0.33010131 0.14665863 0.32522114
v -0.32594951 0.18056743 0.33881299
v -0.33010131 0.18056743 0.32522114
v -0.33010131 0.23697359 0.32522114
v -0.32594951 0.23697359 0.33881299
v -0.32594951 0.25245759 0.33881299
v -0.33010131 0.25245759 0.32522114
v -0.20461171 0.25245759 0.35351647
v -0.32594951 0.23697359 0.33881299
v -0.32594951 0.25245759 0.33881299
v -0.20461171 0.23697359 0.35351647
v -0.08327479 0.23697359 0.36821994
v -0.08327479 0.25245759 0.36821994
v -0.33010131 0.34146775 0.32522114
v -0.32594951 0.33185407 0.33881299
v -0.32594951 0.33185407 0.33881299
v -0.33010131 0.34146775 0.32522114
v -0.20304912 0.34146775 0.34061703
v -0.20461171 0.33185407 0.35351647
v -0.08327479 0.33185407 0.36821994
v -0.07599692 0.34146775 0.35601292
v -0.07599692 0.05609199 0.35601292
v -0.07599692 0.04877759 0.35601292
v -0.07599692 0.11102991 0.35601292
v -0.08327479 0.11102991 0.36821994
v -0.08327479 0.14665863 0.36821994
v -0.07599692 0.14665863 0.35601292
v -0.08327479 0.18056743 0.36821994
v -0.07599692 0.18056743 0.35601292
v -0.07599692 0.23697359 0.35601292
v -0.07599692 0.25245759 0.35601292
v -0.08327479 0.33185407 0.36821994
v -0.07599692 0.34146775 0.35601292
v -0.20050868 0.23855599 0.35566688
v -0.20030652 0.23855599 0.35399496
v -0.20133827 0.23959519 0.35386999
v -0.20063412 0.23959519 0.35669808
v -0.17893981 0.23959519 0.35932702
v -0.17881485 0.23855599 0.35829582
v -0.20050868 0.23855599 0.35566688
v -0.17861220 0.23855599 0.35662398
v -0.20030652 0.23855599 0.35399496
v -0.20133827 0.24963999 0.35386999
v -0.20030652 0.25067927 0.35399496
v -0.17778309 0.23959519 0.35842078
v -0.17758092 0.23959519 0.35674894
v -0.17861220 0.23855599 0.35662398
v -0.17881485 0.23855599 0.35829582
v -0.20050868 0.25067927 0.35566688
v -0.17881485 0.25067927 0.35829582
v -0.17893981 0.24963999 0.35932702
v -0.20063412 0.24963999 0.35669808
v -0.17881485 0.25067927 0.35829582
v -0.17861220 0.25067927 0.35662398
v -0.17758092 0.24963999 0.35674894
v -0.17778309 0.24963999 0.35842078
v -0.20063412 0.23959519 0.35669808
v -0.20063412 0.24963999 0.35669808
v -0.17893981 0.24963999 0.35932702
v -0.17893981 0.23959519 0.35932702
v -0.20030652 0.25067927 0.35399496
v -0.17861220 0.25067927 0.35662398
v -0.17893981 0.23959519 0.35932702
v -0.17893981 0.24963999 0.35932702
v -0.23126298 0.23855599 0.35024391
v -0.23229522 0.23959519 0.35011886
v -0.23249739 0.24963999 0.35179078
v -0.23229522 0.24963999 0.35011886
v -0.23159019 0.23959519 0.35294703
v -0.20989588 0.23959519 0.35557597
v -0.20977188 0.23855599 0.35454477
v -0.23146515 0.23855599 0.35191575
v -0.20956923 0.23855599 0.35287285
v -0.23126298 0.23855599 0.35024391
v -0.23159019 0.24963999 0.35294703
v -0.23146515 0.25067927 0.35191575
v -0.20874012 0.23959519 0.35466973
v -0.20853795 0.23959519 0.35299789
v -0.20956923 0.23855599 0.35287285
v -0.20977188 0.23855599 0.35454477
v -0.20989588 0.23959519 0.35557597
v -0.23126298 0.25067927 0.35024391
v -0.23146515 0.25067927 0.35191575
v -0.20989588 0.24963999 0.35557597
v -0.23159019 0.24963999 0.35294703
v -0.20977188 0.25067927 0.35454477
v -0.20956923 0.25067927 0.35287285
v -0.23126298 0.25067927 0.35024391
v -0.20977188 0.25067927 0.35454477
v -0.20956923 0.25067927 0.35287285
v -0.20853795 0.24963999 0.35299789
v -0.20874012 0.24963999 0.35466973
v -0.20989588 0.24963999 0.35557597
v -0.23159019 0.23959519 0.35294703
v -0.23159019 0.24963999 0.35294703
v -0.20989588 0.24963999 0.35557597
v -0.20989588 0.23959519 0.35557597
v -0.19668915 0.14177719 0.29669615
v -0.19689859 0.14196751 0.29842271
v -0.18897820 0.14241111 0.30024305
v -0.18855779 0.14221735 0.29851063
v -0.18255197 0.14418015 0.30445597
v -0.18181125 0.14389007 0.30305850
v -0.17687670 0.14699375 0.30875191
v -0.17780831 0.14712519 0.30984758
v -0.18024330 0.25246911 0.29550480
v -0.17330390 0.25246911 0.30687104
v -0.17460126 0.25246911 0.30787983
v -0.18104851 0.25246911 0.29694620
v -0.18803826 0.25246911 0.29248915
v -0.18761737 0.25246911 0.29074599
v -0.19595377 0.25246911 0.29062584
v -0.19574328 0.25246911 0.28888951
v -0.20407928 0.25246911 0.28875179
v -0.20408513 0.25246911 0.29054476
v -0.21237513 0.25246911 0.29161115
v -0.21193818 0.25246911 0.29320295
v -0.22080876 0.25246911 0.30228104
v -0.22182876 0.25246911 0.30099101
v -0.18809538 0.14946895 0.29469911
v -0.18855779 0.14221735 0.29851063
v -0.18181125 0.14389007 0.30305850
v -0.18070820 0.15079231 0.29933682
v -0.17687670 0.14699375 0.30875191
v -0.17373263 0.15411695 0.31040327
v -0.17355934 0.16286303 0.30897944
v -0.18808810 0.16131519 0.29275868
v -0.18049435 0.16178231 0.29757608
v -0.17336790 0.17585007 0.30739936
v -0.18030587 0.17475567 0.29602335
v -0.18773457 0.17429543 0.29124989
v -0.17330390 0.18891639 0.30687104
v -0.18024330 0.18782031 0.29550480
v -0.18761737 0.18735775 0.29074599
v -0.18761737 0.25246911 0.29074599
v -0.18024330 0.25246911 0.29550480
v -0.17330390 0.25246911 0.30687104
v -0.18851579 0.14966279 0.29643055
v -0.18897820 0.14241111 0.30024305
v -0.19689859 0.14196751 0.29842271
v -0.19643234 0.14956519 0.29457310
v -0.18828922 0.16132063 0.29456239
v -0.19620426 0.16131959 0.29269420
v -0.19601625 0.17429543 0.29114439
v -0.18810074 0.17429583 0.29300868
v -0.19595377 0.18735367 0.29062584
v -0.18803826 0.18735423 0.29248915
v -0.18803826 0.25246911 0.29248915
v -0.19595377 0.25246911 0.29062584
v -0.17780831 0.14712519 0.30984758
v -0.17479663 0.15422015 0.31122551
v -0.17479663 0.15422015 0.31122551
v -0.17780831 0.14712519 0.30984758
v -0.18255197 0.14418015 0.30445597
v -0.18156028 0.15095679 0.30074600
v -0.18897820 0.14241111 0.30024305
v -0.18851579 0.14966279 0.29643055
v -0.18133803 0.16178455 0.29900869
v -0.18828922 0.16132063 0.29456239
v -0.17467111 0.16285743 0.30985151
v -0.18810074 0.17429583 0.29300868
v -0.18113691 0.17475695 0.29745499
v -0.17454414 0.17584855 0.30831535
v -0.18803826 0.18735423 0.29248915
v -0.18106267 0.18782287 0.29693936
v -0.17453534 0.18891583 0.30782903
v -0.18104851 0.25246911 0.29694620
v -0.18803826 0.25246911 0.29248915
v -0.17460126 0.25246911 0.30787983
v -0.17479663 0.15422015 0.31122551
v -0.17355934 0.16286303 0.30897944
v -0.17373263 0.15411695 0.31040327
v -0.17467111 0.16285743 0.30985151
v -0.17454414 0.17584855 0.30831535
v -0.17336790 0.17585007 0.30739936
v -0.17453534 0.18891583 0.30782903
v -0.17330390 0.18891639 0.30687104
v -0.17330390 0.25246911 0.30687104
v -0.17460126 0.25246911 0.30787983
v -0.21919023 0.22213607 0.33691290
v -0.21344757 0.19637159 0.33230156
v -0.21805396 0.19637159 0.32778787
v -0.22571613 0.22213607 0.33051928
v -0.22133666 0.19637159 0.32223610
v -0.23036546 0.22213607 0.32265503
v -0.22307008 0.19637159 0.31602417
v -0.23282152 0.22213607 0.31385422
v -0.22313599 0.19637159 0.30957593
v -0.23291525 0.22213607 0.30471854
v -0.23015735 0.22213607 0.28195387
v -0.21993911 0.19637159 0.28319218
v -0.21123176 0.22213607 0.34139925
v -0.21344757 0.19637159 0.33230156
v -0.21919023 0.22213607 0.33691290
v -0.20782838 0.19637159 0.33546758
v -0.20238168 0.22213607 0.34367271
v -0.20158231 0.19637159 0.33707311
v -0.19324544 0.22213607 0.34357802
v -0.19513359 0.19637159 0.33700673
v -0.18444560 0.22213607 0.34112292
v -0.18892118 0.19637159 0.33527331
v -0.17658230 0.22213607 0.33647359
v -0.18336989 0.19637159 0.33199109
v -0.17018876 0.22213607 0.32994625
v -0.18336989 0.19637159 0.33199109
v -0.17658230 0.22213607 0.33647359
v -0.17885724 0.19637159 0.32738374
v -0.16570194 0.22213607 0.32198826
v -0.17569018 0.19637159 0.32176559
v -0.16342848 0.22213607 0.31313866
v -0.17408520 0.19637159 0.31551943
v -0.17075800 0.19637159 0.28806048
v -0.16053969 0.22213607 0.28929782
v -0.22571613 0.22213607 0.33051928
v -0.21972639 0.25536823 0.33734354
v -0.21919023 0.22213607 0.33691290
v -0.22643245 0.25536823 0.33077416
v -0.23036546 0.22213607 0.32265503
v -0.23120922 0.25536823 0.32269311
v -0.23282152 0.22213607 0.31385422
v -0.23373216 0.25536823 0.31365206
v -0.23291525 0.22213607 0.30471854
v -0.23382829 0.25536823 0.30426538
v -0.23015735 0.22213607 0.28195387
v -0.23111150 0.25536823 0.28183766
v -0.21919023 0.22213607 0.33691290
v -0.21972639 0.25536823 0.33734354
v -0.21155016 0.25536823 0.34195292
v -0.21123176 0.22213607 0.34139925
v -0.20245641 0.25536823 0.34428887
v -0.20238168 0.22213607 0.34367271
v -0.19307017 0.25536823 0.34419226
v -0.19324544 0.22213607 0.34357802
v -0.18402864 0.25536823 0.34166884
v -0.18444560 0.22213607 0.34112292
v -0.18444560 0.22213607 0.34112292
v -0.18402864 0.25536823 0.34166884
v -0.17594806 0.25536823 0.33689151
v -0.17658230 0.22213607 0.33647359
v -0.16937917 0.25536823 0.33018553
v -0.17018876 0.22213607 0.32994625
v -0.16476882 0.25536823 0.32200874
v -0.16570194 0.22213607 0.32198826
v -0.16243287 0.25536823 0.31291699
v -0.16342848 0.22213607 0.31313866
v -0.15958513 0.25536823 0.28941404
v -0.16053969 0.22213607 0.28929782
v -0.17075800 0.19637159 0.28806048
v -0.17180680 0.19679351 0.28793255
v -0.17512472 0.19678359 0.31532319
v -0.17408520 0.19637159 0.31551943
v -0.17667458 0.19675631 0.32136903
v -0.17569018 0.19637159 0.32176559
v -0.17971412 0.19672399 0.32673918
v -0.17885724 0.19637159 0.32738374
v -0.18403693 0.19669511 0.33113956
v -0.18336989 0.19637159 0.33199109
v -0.18934750 0.19667271 0.33427235
v -0.18892118 0.19637159 0.33527331
v -0.19528742 0.19665831 0.33592561
v -0.19513359 0.19637159 0.33700673
v -0.20144998 0.19665327 0.33598815
v -0.20158231 0.19637159 0.33707311
v -0.20742270 0.19665831 0.33445494
v -0.20782838 0.19637159 0.33546758
v -0.21279421 0.19667271 0.33143148
v -0.21344757 0.19637159 0.33230156
v -0.21720388 0.19669511 0.32712091
v -0.21805396 0.19637159 0.32778787
v -0.22035034 0.19672399 0.32181522
v -0.22133666 0.19637159 0.32223610
v -0.22201880 0.19675631 0.31587377
v -0.22307008 0.19637159 0.31602417
v -0.22207983 0.19678359 0.30963361
v -0.22313599 0.19637159 0.30957593
v -0.21889031 0.19679351 0.28331913
v -0.21993911 0.19637159 0.28319218
v -0.22201880 0.19675631 0.31587377
v -0.22201880 0.22457551 0.31587377
v -0.22207983 0.22460279 0.30963361
v -0.22207983 0.19678359 0.30963361
v -0.22035034 0.19672399 0.32181522
v -0.22035034 0.22454319 0.32181522
v -0.22201880 0.22457551 0.31587377
v -0.22201880 0.19675631 0.31587377
v -0.21720388 0.19669511 0.32712091
v -0.21720388 0.22451447 0.32712091
v -0.22035034 0.22454319 0.32181522
v -0.22035034 0.19672399 0.32181522
v -0.21279421 0.19667271 0.33143148
v -0.21279421 0.22449191 0.33143148
v -0.21720388 0.22451447 0.32712091
v -0.21720388 0.19669511 0.32712091
v -0.20742270 0.19665831 0.33445494
v -0.20742270 0.22447767 0.33445494
v -0.21279421 0.22449191 0.33143148
v -0.21279421 0.19667271 0.33143148
v -0.20144998 0.19665327 0.33598815
v -0.20144998 0.22447247 0.33598815
v -0.20742270 0.22447767 0.33445494
v -0.20742270 0.19665831 0.33445494
v -0.19528742 0.19665831 0.33592561
v -0.19528742 0.22447767 0.33592561
v -0.20144998 0.22447247 0.33598815
v -0.20144998 0.19665327 0.33598815
v -0.18934750 0.19667271 0.33427235
v -0.18934750 0.22449191 0.33427235
v -0.19528742 0.22447767 0.33592561
v -0.19528742 0.19665831 0.33592561
v -0.18403693 0.19669511 0.33113956
v -0.18403693 0.22451447 0.33113956
v -0.18934750 0.22449191 0.33427235
v -0.18934750 0.19667271 0.33427235
v -0.17971412 0.19672399 0.32673918
v -0.17971412 0.22454319 0.32673918
v -0.18403693 0.22451447 0.33113956
v -0.18403693 0.19669511 0.33113956
v -0.17667458 0.19675631 0.32136903
v -0.17667458 0.22457551 0.32136903
v -0.17971412 0.22454319 0.32673918
v -0.17971412 0.19672399 0.32673918
v -0.17512472 0.19678359 0.31532319
v -0.17512472 0.22460279 0.31532319
v -0.17667458 0.22457551 0.32136903
v -0.17667458 0.19675631 0.32136903
v -0.17180680 0.19679351 0.28793255
v -0.17180680 0.22461279 0.28793255
v -0.17512472 0.22460279 0.31532319
v -0.17512472 0.19678359 0.31532319
v -0.22207983 0.19678359 0.30963361
v -0.22207983 0.22460279 0.30963361
v -0.21889031 0.22461279 0.28331913
v -0.21889031 0.19679351 0.28331913
v -0.19668915 0.14177719 0.29669615
v -0.20502507 0.14241111 0.29829867
v -0.19689859 0.14196751 0.29842271
v -0.20501923 0.14221735 0.29651644
v -0.21227068 0.14418015 0.30085431
v -0.21265788 0.14389007 0.29932013
v -0.21880829 0.14699375 0.30367070
v -0.21816621 0.14712519 0.30495682
v -0.20501923 0.14221735 0.29651644
v -0.19668915 0.14177719 0.29669615
v -0.21265788 0.14389007 0.29932013
v -0.21284002 0.15079231 0.29544318
v -0.21880829 0.14699375 0.30367070
v -0.22225701 0.15411695 0.30452321
v -0.22208469 0.16286303 0.30309940
v -0.20410225 0.16131519 0.29081820
v -0.21262618 0.16178231 0.29368243
v -0.22189324 0.17585007 0.30151932
v -0.21243865 0.17475567 0.29212971
v -0.22182876 0.18891639 0.30099101
v -0.20408465 0.17429543 0.28926937
v -0.19580585 0.17429527 0.28940514
v -0.21237513 0.18782031 0.29161115
v -0.20407928 0.18735775 0.28875179
v -0.19574328 0.18735335 0.28888951
v -0.19574328 0.25246911 0.28888951
v -0.20407928 0.25246911 0.28875179
v -0.21237513 0.25246911 0.29161115
v -0.22182876 0.25246911 0.30099101
v -0.22225701 0.15411695 0.30452321
v -0.22141917 0.15422015 0.30557594
v -0.21816621 0.14712519 0.30495682
v -0.21880829 0.14699375 0.30367070
v -0.22141917 0.15422015 0.30557594
v -0.21227068 0.14418015 0.30085431
v -0.21816621 0.14712519 0.30495682
v -0.21234883 0.15095679 0.29701447
v -0.20502507 0.14241111 0.29829867
v -0.21214962 0.16178455 0.29527423
v -0.22121261 0.16285743 0.30421170
v -0.20456266 0.14966279 0.29448617
v -0.19689859 0.14196751 0.29842271
v -0.19643234 0.14956519 0.29457310
v -0.20433706 0.16132063 0.29261801
v -0.19620426 0.16131959 0.29269420
v -0.19601625 0.17429543 0.29114439
v -0.20414857 0.17429583 0.29106331
v -0.19595377 0.18735367 0.29062584
v -0.21197330 0.17475695 0.29371857
v -0.22096893 0.17584855 0.30269022
v -0.20408513 0.18735423 0.29054476
v -0.21192202 0.18782287 0.29320001
v -0.22086252 0.18891583 0.30221463
v -0.21193818 0.25246911 0.29320295
v -0.22080876 0.25246911 0.30228104
v -0.20408513 0.25246911 0.29054476
v -0.19595377 0.25246911 0.29062584
v -0.22141917 0.15422015 0.30557594
v -0.22225701 0.15411695 0.30452321
v -0.22208469 0.16286303 0.30309940
v -0.22121261 0.16285743 0.30421170
v -0.22096893 0.17584855 0.30269022
v -0.22189324 0.17585007 0.30151932
v -0.22086252 0.18891583 0.30221463
v -0.22182876 0.18891639 0.30099101
v -0.22182876 0.25246911 0.30099101
v -0.22080876 0.25246911 0.30228104
v -0.00375058 -0.81926706 -0.08759823
v -0.00375058 -0.81926706 -0.08760599
v -0.00374170 -0.81926706 -0.08760599
v -0.00374170 -0.81926706 -0.08759823
v -0.46891796 -0.79776402 0.23239458
v -0.47631544 -0.78917626 0.23768850
v -0.47038624 -0.80028578 0.23766020
v -0.47139402 -0.78618690 0.22842680
v -0.47481200 -0.78671770 0.23243362
v -0.46680467 -0.79594122 0.22838091
v -0.47139402 0.70968920 0.22833207
v -0.46813482 0.72140160 0.25256157
v -0.46670994 0.71924216 0.22837994
v 0.45940242 -0.79998090 0.22833674
v 0.47260001 -0.79776402 0.23239831
v 0.47048322 -0.79594122 0.22838463
v -0.20446323 0.23038047 0.35228599
v -0.09103751 0.22994407 0.36618280
v -0.09260486 0.22856599 0.36363687
v 0.32935614 -0.65574042 0.16120257
v 0.32282543 -0.65574042 0.15694083
v 0.32282543 -0.66354482 0.15694083
v 0.32935614 -0.66354482 0.16120257
v 0.32282542 -0.65010962 0.16120255
v 0.32935614 -0.65574042 0.16120257
v 0.32935613 -0.65574042 0.16404339
v 0.32282541 -0.65010962 0.16404435
v -0.32206866 -0.65574042 0.15693895
v -0.32859595 -0.65574042 0.16120065
v -0.32859595 -0.66354482 0.16120065
v -0.32206866 -0.66354482 0.15693895
v -0.32859595 -0.65574042 0.16120065
v -0.32206867 -0.65010962 0.16120067
v -0.32206868 -0.65010962 0.16404247
v -0.32859596 -0.65574042 0.16404245
v 0.32935614 -0.66354482 0.16120257
v 0.32282542 -0.66917562 0.16120255
v 0.32282541 -0.66917562 0.16404435
v 0.32935613 -0.66354482 0.16404339
v -0.32206867 -0.66917562 0.16120067
v -0.32859595 -0.66354482 0.16120065
v -0.32859596 -0.66354482 0.16404245
v -0.32206868 -0.66917562 0.16404247
v 0.32282542 -0.65010962 0.16120255
v 0.32282541 -0.65010962 0.16404435
v -0.32206868 -0.65010962 0.16404247
v -0.32206867 -0.65010962 0.16120067
v 0.32282543 -0.65574042 0.15694083
v -0.32206866 -0.65574042 0.15693895
v -0.32206866 -0.66354482 0.15693895
v 0.32282543 -0.66354482 0.15694083
v 0.32282542 -0.66917562 0.16120255
v -0.32206867 -0.66917562 0.16120067
v -0.32206868 -0.66917562 0.16404247
v 0.32282541 -0.66917562 0.16404435
v -0.32859596 -0.66354482 0.16404245
v -0.32859595 -0.66354482 0.16120065
v -0.32859595 -0.65574042 0.16120065
v -0.32859596 -0.65574042 0.16404245
v 0.32935614 -0.66354482 0.16120257
v 0.32935613 -0.66354482 0.16404339
v 0.32935613 -0.65574042 0.16404339
v 0.32935614 -0.65574042 0.16120257
v 0.32935614 -0.65574042 0.16120257
v 0.32282542 -0.65010962 0.16120255
v 0.32282543 -0.65574042 0.15694083
v -0.32206867 -0.65010962 0.16120067
v -0.32206866 -0.65574042 0.15693895
v -0.32859595 -0.65574042 0.16120065
v 0.32935614 -0.66354482 0.16120257
v 0.32282543 -0.66354482 0.15694083
v 0.32282542 -0.66917562 0.16120255
v -0.32206866 -0.66354482 0.15693895
v -0.32206867 -0.66917562 0.16120067
v -0.32859595 -0.66354482 0.16120065
v 0.32935614 -0.60242978 0.16120257
v 0.32282543 -0.60242978 0.15694083
v 0.32282543 -0.61023426 0.15694083
v 0.32935614 -0.61023426 0.16120257
v 0.32282542 -0.59679898 0.16120255
v 0.32935614 -0.60242978 0.16120257
v 0.32935613 -0.60242978 0.16404339
v 0.32282541 -0.59679898 0.16404435
v -0.32206866 -0.60242978 0.15693895
v -0.32859595 -0.60242978 0.16120065
v -0.32859595 -0.61023426 0.16120065
v -0.32206866 -0.61023426 0.15693895
v -0.32859595 -0.60242978 0.16120065
v -0.32206867 -0.59679898 0.16120067
v -0.32206868 -0.59679898 0.16404247
v -0.32859596 -0.60242978 0.16404245
v 0.32935614 -0.61023426 0.16120257
v 0.32282542 -0.61586498 0.16120255
v 0.32282541 -0.61586498 0.16404435
v 0.32935613 -0.61023426 0.16404339
v -0.32206867 -0.61586498 0.16120067
v -0.32859595 -0.61023426 0.16120065
v -0.32859596 -0.61023426 0.16404245
v -0.32206868 -0.61586498 0.16404247
v 0.32282542 -0.59679898 0.16120255
v 0.32282541 -0.59679898 0.16404435
v -0.32206868 -0.59679898 0.16404247
v -0.32206867 -0.59679898 0.16120067
v 0.32282543 -0.60242978 0.15694083
v -0.32206866 -0.60242978 0.15693895
v -0.32206866 -0.61023426 0.15693895
v 0.32282543 -0.61023426 0.15694083
v 0.32282542 -0.61586498 0.16120255
v -0.32206867 -0.61586498 0.16120067
v -0.32206868 -0.61586498 0.16404247
v 0.32282541 -0.61586498 0.16404435
v -0.32859596 -0.61023426 0.16404245
v -0.32859595 -0.61023426 0.16120065
v -0.32859595 -0.60242978 0.16120065
v -0.32859596 -0.60242978 0.16404245
v 0.32935614 -0.61023426 0.16120257
v 0.32935613 -0.61023426 0.16404339
v 0.32935613 -0.60242978 0.16404339
v 0.32935614 -0.60242978 0.16120257
v 0.32935614 -0.60242978 0.16120257
v 0.32282542 -0.59679898 0.16120255
v 0.32282543 -0.60242978 0.15694083
v -0.32206867 -0.59679898 0.16120067
v -0.32206866 -0.60242978 0.15693895
v -0.32859595 -0.60242978 0.16120065
v 0.32935614 -0.61023426 0.16120257
v 0.32282543 -0.61023426 0.15694083
v 0.32282542 -0.61586498 0.16120255
v -0.32206866 -0.61023426 0.15693895
v -0.32206867 -0.61586498 0.16120067
v -0.32859595 -0.61023426 0.16120065
v 0.32935614 -0.54979530 0.16120257
v 0.32282543 -0.54979530 0.15694083
v 0.32282543 -0.55759970 0.15694083
v 0.32935614 -0.55759970 0.16120257
v 0.32282542 -0.54416450 0.16120255
v 0.32935614 -0.54979530 0.16120257
v 0.32935613 -0.54979530 0.16404339
v 0.32282541 -0.54416450 0.16404435
v -0.32206866 -0.54979530 0.15693895
v -0.32859595 -0.54979530 0.16120065
v -0.32859595 -0.55759970 0.16120065
v -0.32206866 -0.55759970 0.15693895
v -0.32859595 -0.54979530 0.16120065
v -0.32206867 -0.54416450 0.16120067
v -0.32206868 -0.54416450 0.16404247
v -0.32859596 -0.54979530 0.16404245
v 0.32935614 -0.55759970 0.16120257
v 0.32282542 -0.56323050 0.16120255
v 0.32282541 -0.56323050 0.16404435
v 0.32935613 -0.55759970 0.16404339
v -0.32206867 -0.56323050 0.16120067
v -0.32859595 -0.55759970 0.16120065
v -0.32859596 -0.55759970 0.16404245
v -0.32206868 -0.56323050 0.16404247
v 0.32282542 -0.54416450 0.16120255
v 0.32282541 -0.54416450 0.16404435
v -0.32206868 -0.54416450 0.16404247
v -0.32206867 -0.54416450 0.16120067
v 0.32282543 -0.54979530 0.15694083
v -0.32206866 -0.54979530 0.15693895
v -0.32206866 -0.55759970 0.15693895
v 0.32282543 -0.55759970 0.15694083
v 0.32282542 -0.56323050 0.16120255
v -0.32206867 -0.56323050 0.16120067
v -0.32206868 -0.56323050 0.16404247
v 0.32282541 -0.56323050 0.16404435
v -0.32859596 -0.55759970 0.16404245
v -0.32859595 -0.55759970 0.16120065
v -0.32859595 -0.54979530 0.16120065
v -0.32859596 -0.54979530 0.16404245
v 0.32935614 -0.55759970 0.16120257
v 0.32935613 -0.55759970 0.16404339
v 0.32935613 -0.54979530 0.16404339
v 0.32935614 -0.54979530 0.16120257
v 0.32935614 -0.54979530 0.16120257
v 0.32282542 -0.54416450 0.16120255
v 0.32282543 -0.54979530 0.15694083
v -0.32206867 -0.54416450 0.16120067
v -0.32206866 -0.54979530 0.15693895
v -0.32859595 -0.54979530 0.16120065
v 0.32935614 -0.55759970 0.16120257
v 0.32282543 -0.55759970 0.15694083
v 0.32282542 -0.56323050 0.16120255
v -0.32206866 -0.55759970 0.15693895
v -0.32206867 -0.56323050 0.16120067
v -0.32859595 -0.55759970 0.16120065
v 0.37767459 -0.51309858 0.17048006
v 0.38007937 -0.51789858 0.17781698
v 0.37767377 -0.51309858 0.17781600
v 0.38008019 -0.51789858 0.17048007
v 0.37767380 -0.51789858 0.16552498
v 0.37660900 -0.51398074 0.16643514
v 0.37767380 -0.70008226 0.16552498
v 0.38008019 -0.70008226 0.17048007
v 0.38007937 -0.70008226 0.17781698
v 0.37767377 -0.70488234 0.17781600
v 0.37767459 -0.70488234 0.17048006
v 0.37660900 -0.70400018 0.16643514
v -0.37399590 -0.51309858 0.17047786
v -0.36818880 -0.51111034 0.17781479
v -0.37399592 -0.51309858 0.17781478
v -0.36818878 -0.51111034 0.17047788
v -0.36818877 -0.51309858 0.16552280
v -0.37292853 -0.51398074 0.16643392
v 0.37186900 -0.51309858 0.16552496
v 0.37186899 -0.51111034 0.17048004
v 0.37186897 -0.51111034 0.17781695
v 0.37767377 -0.51309858 0.17781600
v 0.37767459 -0.51309858 0.17048006
v 0.37660900 -0.51398074 0.16643514
v 0.37767459 -0.70488234 0.17048006
v 0.37186897 -0.70687058 0.17781695
v 0.37767377 -0.70488234 0.17781600
v 0.37186899 -0.70687058 0.17048004
v -0.36818880 -0.70687058 0.17781479
v 0.37186900 -0.70488234 0.16552496
v 0.37660900 -0.70400018 0.16643514
v -0.36818877 -0.70488234 0.16552280
v -0.36818878 -0.70687058 0.17047788
v -0.37399592 -0.70488234 0.17781478
v -0.37399590 -0.70488234 0.17047786
v -0.37292853 -0.70400018 0.16643392
v -0.37399590 -0.70488234 0.17047786
v -0.37639928 -0.70008226 0.17781477
v -0.37399592 -0.70488234 0.17781478
v -0.37639926 -0.70008226 0.17047786
v -0.37399589 -0.70008226 0.16552278
v -0.37292853 -0.70400018 0.16643392
v -0.37399589 -0.51789858 0.16552278
v -0.37639926 -0.51789858 0.17047786
v -0.37639928 -0.51789858 0.17781477
v -0.37399592 -0.51309858 0.17781478
v -0.37399590 -0.51309858 0.17047786
v -0.37292853 -0.51398074 0.16643392
v 0.37186900 -0.51309858 0.16552496
v 0.37767380 -0.51789858 0.16552498
v 0.37660900 -0.51398074 0.16643514
v 0.37186901 -0.51789858 0.16347223
v -0.36818877 -0.51309858 0.16552280
v 0.37186901 -0.70008226 0.16347223
v 0.37767380 -0.70008226 0.16552498
v 0.37186900 -0.70488234 0.16552496
v 0.37660900 -0.70400018 0.16643514
v -0.36818876 -0.70008226 0.16347007
v -0.36818877 -0.70488234 0.16552280
v -0.36818876 -0.51789858 0.16347007
v -0.37399589 -0.70008226 0.16552278
v -0.37292853 -0.70400018 0.16643392
v -0.37399589 -0.51789858 0.16552278
v -0.37292853 -0.51398074 0.16643392
v -0.45224948 -0.76396730 0.22425400
v -0.44885495 -0.77354194 0.22425401
v -0.44885630 -0.77354194 0.18565049
v -0.45224937 -0.76396730 0.18565048
v -0.45224937 0.05948423 0.18565048
v -0.45224948 0.05948431 0.22425400
v -0.45224948 0.23546751 0.22425400
v -0.45224937 0.23546759 0.18565048
v -0.45224948 0.68611960 0.22425400
v -0.45224937 0.68611960 0.18565048
v -0.44885495 0.69680560 0.22425401
v -0.44885630 0.69680560 0.18565049
v -0.44885495 -0.77354194 0.22425401
v -0.44066050 -0.77750778 0.18565052
v -0.44885630 -0.77354194 0.18565049
v -0.44065964 -0.77750778 0.22425404
v -0.33623774 -0.77750778 0.22425434
v -0.33623763 -0.77750778 0.18565082
v -0.26973914 -0.77750778 0.18565102
v -0.26973926 -0.77750778 0.22425454
v -0.20324058 -0.77750778 0.18565121
v -0.20324070 -0.77750778 0.22425473
v -0.13674258 -0.77750778 0.18565140
v -0.13674270 -0.77750778 0.22425590
v -0.07024546 -0.77750778 0.18565160
v -0.07024557 -0.77750778 0.22425512
v -0.00374690 -0.77750778 0.18565179
v -0.00374701 -0.77750778 0.22425531
v 0.06461342 -0.77750778 0.18565199
v 0.06461331 -0.77750778 0.22425551
v 0.13297278 -0.77750778 0.18565219
v 0.13297267 -0.77750778 0.22425571
v 0.20133414 -0.77750778 0.18565239
v 0.20133403 -0.77750778 0.22425591
v 0.26969446 -0.77750778 0.18565259
v 0.26969483 -0.77750778 0.22425611
v 0.33805534 -0.77750778 0.18565279
v 0.33805523 -0.77750778 0.22425631
v 0.44433935 -0.77750778 0.18565310
v 0.44433923 -0.77750778 0.22425662
v 0.45253603 -0.77354194 0.22425762
v 0.45253535 -0.77354194 0.18565215
v -0.44065964 0.70123192 0.22425404
v -0.44885495 0.69680560 0.22425401
v -0.44885630 0.69680560 0.18565049
v -0.44066050 0.70123192 0.18565052
v -0.33623763 0.74285880 0.18565082
v -0.33623774 0.74285880 0.22425434
v -0.26973914 0.75779992 0.18565102
v -0.26973926 0.75779992 0.22425454
v -0.20324058 0.77071088 0.18565121
v -0.20324070 0.77071088 0.22425473
v -0.13674258 0.78003968 0.18565140
v -0.13674270 0.78003968 0.22425590
v -0.07024546 0.78750608 0.18565160
v -0.07024557 0.78750608 0.22425512
v -0.00374690 0.79033568 0.18565179
v -0.00374701 0.79033568 0.22425531
v 0.06461331 0.78750608 0.22425551
v 0.06461342 0.78750608 0.18565199
v 0.13297267 0.78003968 0.22425571
v 0.13297278 0.78003968 0.18565219
v 0.20133403 0.77071088 0.22425591
v 0.20133414 0.77071088 0.18565239
v 0.26969483 0.75779992 0.22425611
v 0.26969446 0.75779992 0.18565259
v 0.33805523 0.74285880 0.22425631
v 0.33805534 0.74285880 0.18565279
v 0.44433923 0.70123192 0.22425662
v 0.44433935 0.70123192 0.18565310
v 0.45253535 0.69680560 0.18565215
v 0.45253603 0.69680560 0.22425762
v 0.45593043 -0.76396730 0.22425666
v 0.45253535 -0.77354194 0.18565215
v 0.45253603 -0.77354194 0.22425762
v 0.45593055 -0.76396730 0.18565411
v 0.45593055 0.05948415 0.18565411
v 0.45593043 0.05948423 0.22425666
v 0.45593055 0.23546759 0.18565411
v 0.45593043 0.23546759 0.22425666
v 0.45593043 0.68611960 0.22425666
v 0.45593055 0.68611960 0.18565411
v 0.45253603 0.69680560 0.22425762
v 0.45253535 0.69680560 0.18565215
v -0.47480322 0.71021912 0.23233987
v -0.47139402 0.70968920 0.22833207
v -0.46670994 0.71924216 0.22837994
v -0.47630714 0.71236872 0.23761819
v -0.47633256 -0.78906730 0.24856838
v -0.47632084 0.71216416 0.24856936
v -0.47034331 -0.80026554 0.24857524
v -0.46818267 -0.79842162 0.25256060
v -0.47288237 -0.78853586 0.25256156
v -0.47288237 0.71161680 0.25256156
v -0.47025932 0.72328888 0.24857524
v -0.46813482 0.72140160 0.25256157
v 0.47848481 0.71021864 0.23234266
v 0.47998799 0.71236848 0.23762098
v 0.47396159 0.72332552 0.23766296
v 0.47848961 -0.78671786 0.23243739
v 0.47507442 -0.78618690 0.22842956
v 0.47507362 0.70968920 0.22833581
v 0.47048322 -0.79594122 0.22838463
v 0.47260001 -0.79776402 0.23239831
v 0.47999439 -0.78917650 0.23769032
v 0.48000076 0.71216480 0.24857117
v 0.47406479 -0.80028586 0.23766296
v 0.48001196 -0.78906738 0.24857117
v 0.47656155 0.71161680 0.25256433
v 0.47402156 -0.80026562 0.24857800
v 0.47656155 -0.78853586 0.25256433
v 0.47186235 -0.79842162 0.25256530
v -0.45572362 -0.79998090 0.22833407
v -0.46818267 -0.79842162 0.25256060
v -0.46680467 -0.79594122 0.22838091
v -0.45683648 -0.80251618 0.25256161
v -0.33623782 -0.80251618 0.25256196
v -0.33517623 -0.79998090 0.22832563
v -0.26973934 -0.80251618 0.25256215
v -0.26888767 -0.79998090 0.22831801
v -0.20324078 -0.80251618 0.25256235
v -0.20259815 -0.79998090 0.22831040
v -0.13674278 -0.80251618 0.25256254
v -0.13630759 -0.79998090 0.22830277
v -0.07024566 -0.80251618 0.25256274
v -0.07001999 -0.79998090 0.22829515
v -0.00374710 -0.80251618 0.25256293
v -0.00372951 -0.79998090 0.22828754
v 0.06461323 -0.80251618 0.25256313
v 0.06441706 -0.79998090 0.22829554
v 0.13297259 -0.80251618 0.25256333
v 0.13256250 -0.79998090 0.22830356
v 0.20133395 -0.80251618 0.25256353
v 0.20070602 -0.79998090 0.22831157
v 0.26969475 -0.80251618 0.25256373
v 0.26885498 -0.79998090 0.22831958
v 0.33805435 -0.80251618 0.25256393
v 0.33700082 -0.79998090 0.22832760
v 0.46051515 -0.80251618 0.25256526
v 0.45940242 -0.79998090 0.22833674
v 0.47186235 -0.79842162 0.25256530
v 0.47048322 -0.79594122 0.22838463
v -0.46680467 -0.79594122 0.22838091
v -0.46818267 -0.79842162 0.25256060
v -0.47288237 -0.78853586 0.25256156
v -0.47139402 -0.78618690 0.22842680
v -0.47288237 0.71161680 0.25256156
v -0.46670994 0.71924216 0.22837994
v -0.46813482 0.72140160 0.25256157
v -0.45667241 0.72545432 0.25256161
v -0.45539744 0.72319832 0.22842782
v -0.33517623 0.76469480 0.22842817
v -0.33623782 0.76708128 0.25256196
v -0.26973934 0.78202208 0.25256215
v -0.26888767 0.77958928 0.22842836
v -0.20324078 0.79493328 0.25256235
v -0.20259815 0.79245968 0.22842856
v -0.13674278 0.80426208 0.25256254
v -0.13630759 0.80175888 0.22842875
v -0.07024566 0.81172848 0.25256274
v -0.07001999 0.80920208 0.22842894
v -0.00374710 0.81455808 0.25256293
v -0.00372951 0.81202288 0.22842914
v 0.06441706 0.80920208 0.22842934
v 0.06461323 0.81172848 0.25256313
v 0.13297259 0.80426208 0.25256333
v 0.13256250 0.80175888 0.22842954
v 0.20133395 0.79493328 0.25256353
v 0.20070602 0.79245968 0.22842973
v 0.26969475 0.78202208 0.25256373
v 0.26885594 0.77958928 0.22842993
v 0.33805435 0.76708128 0.25256393
v 0.33700082 0.76469480 0.22843013
v 0.46035035 0.72545432 0.25256526
v 0.45907842 0.72319832 0.22842951
v 0.47038882 0.71924216 0.22838267
v 0.47181515 0.72140160 0.25256432
v 0.47048322 -0.79594122 0.22838463
v 0.47656155 -0.78853586 0.25256433
v 0.47186235 -0.79842162 0.25256530
v 0.47507442 -0.78618690 0.22842956
v 0.47656155 0.71161680 0.25256433
v 0.47507362 0.70968920 0.22833581
v 0.47181515 0.72140160 0.25256432
v 0.47038882 0.71924216 0.22838267
v -0.45683648 -0.80251618 0.25256161
v -0.47034331 -0.80026554 0.24857524
v -0.46818267 -0.79842162 0.25256060
v -0.45746781 -0.80548338 0.24856941
v -0.33623782 -0.80251618 0.25256196
v -0.47038624 -0.80028578 0.23766020
v -0.33623149 -0.80568738 0.24856196
v -0.26973934 -0.80251618 0.25256215
v -0.45770167 -0.80547098 0.23761922
v -0.26973933 -0.80568738 0.24856215
v -0.20324078 -0.80251618 0.25256235
v -0.45633593 -0.80292258 0.23234188
v -0.46891796 -0.79776402 0.23239458
v -0.46680467 -0.79594122 0.22838091
v -0.45572362 -0.79998090 0.22833407
v -0.33623442 -0.80568738 0.23760590
v -0.33517624 -0.80314218 0.23232759
v -0.33517623 -0.79998090 0.22832563
v -0.20324077 -0.80568738 0.24856235
v -0.13674278 -0.80251618 0.25256254
v -0.26973930 -0.80568738 0.23760023
v -0.26888672 -0.80314218 0.23231899
v -0.26888767 -0.79998090 0.22831801
v -0.13674277 -0.80568738 0.24856254
v -0.07024566 -0.80251618 0.25256274
v -0.20324074 -0.80568738 0.23759360
v -0.20259816 -0.80314218 0.23231040
v -0.20259815 -0.79998090 0.22831040
v -0.07024565 -0.80568738 0.24856274
v -0.00374710 -0.80251618 0.25256293
v -0.13674273 -0.80568738 0.23758793
v -0.13630760 -0.80314218 0.23230277
v -0.13630759 -0.79998090 0.22830277
v -0.00374708 -0.80568738 0.24856293
v 0.06461323 -0.80251618 0.25256313
v -0.07024417 -0.80568738 0.23758226
v -0.07001808 -0.80314218 0.23229515
v -0.07001999 -0.79998090 0.22829515
v 0.06461324 -0.80568738 0.24856313
v 0.13297259 -0.80251618 0.25256333
v -0.00374705 -0.80568738 0.23757660
v -0.00372952 -0.80314218 0.23228754
v -0.00372951 -0.79998090 0.22828754
v 0.13297260 -0.80568738 0.24856333
v 0.20133395 -0.80251618 0.25256353
v 0.06461327 -0.80568738 0.23758266
v 0.06441600 -0.80314218 0.23229554
v 0.06441706 -0.79998090 0.22829554
v 0.20133396 -0.80568738 0.24856353
v 0.26969475 -0.80251618 0.25256373
v 0.13297263 -0.80568738 0.23758872
v 0.13256249 -0.80314218 0.23230356
v 0.13256250 -0.79998090 0.22830356
v 0.26969476 -0.80568738 0.24856373
v 0.33805435 -0.80251618 0.25256393
v 0.20133399 -0.80568738 0.23759478
v 0.20070601 -0.80314218 0.23231255
v 0.20070602 -0.79998090 0.22831157
v 0.33805436 -0.80568738 0.24856393
v 0.46051515 -0.80251618 0.25256526
v 0.26969479 -0.80568738 0.23760181
v 0.26885401 -0.80314218 0.23232056
v 0.26885498 -0.79998090 0.22831958
v 0.46114636 -0.80548338 0.24857112
v 0.47186235 -0.79842162 0.25256530
v 0.47402156 -0.80026562 0.24857800
v 0.33805039 -0.80568738 0.23760787
v 0.33699361 -0.80314218 0.23232857
v 0.33700082 -0.79998090 0.22832760
v 0.46137999 -0.80547098 0.23762190
v 0.47406479 -0.80028586 0.23766296
v 0.46001441 -0.80292258 0.23234456
v -0.46880956 0.72108800 0.23239360
v -0.47028321 0.72332552 0.23766020
v -0.45539744 0.72319832 0.22842782
v -0.46880956 0.72108800 0.23239360
v -0.46670994 0.71924216 0.22837994
v -0.45669677 0.72614192 0.23243758
v -0.33517623 0.76469480 0.22842817
v -0.45809962 0.72841352 0.23769148
v -0.47028321 0.72332552 0.23766020
v -0.33631640 0.76768048 0.23243109
v -0.26888767 0.77958928 0.22842836
v -0.45797368 0.72843344 0.24857136
v -0.47025932 0.72328888 0.24857524
v -0.46813482 0.72140160 0.25256157
v -0.45667241 0.72545432 0.25256161
v -0.33737994 0.77007728 0.23768598
v -0.33738189 0.77008208 0.24856488
v -0.33623782 0.76708128 0.25256196
v -0.26970704 0.78267008 0.23242836
v -0.20259815 0.79245968 0.22842856
v -0.27058354 0.78510848 0.23768324
v -0.27064997 0.78509408 0.24856215
v -0.26973934 0.78202208 0.25256215
v -0.20329784 0.79555888 0.23242856
v -0.13630759 0.80175888 0.22842875
v -0.20394242 0.79804288 0.23768343
v -0.20393997 0.79804288 0.24856235
v -0.20324078 0.79493328 0.25256235
v -0.13679592 0.80489168 0.23242875
v -0.07001999 0.80920208 0.22842894
v -0.13725297 0.80740208 0.23768363
v -0.13731893 0.80739408 0.24856254
v -0.13674278 0.80426208 0.25256254
v -0.07034472 0.81234448 0.23242894
v -0.00372951 0.81202288 0.22842914
v -0.07057225 0.81488048 0.23768382
v -0.07057133 0.81488048 0.24856273
v -0.07024566 0.81172848 0.25256274
v -0.00373240 0.81517488 0.23242914
v 0.06441706 0.80920208 0.22842934
v -0.00375001 0.81772048 0.23768402
v -0.00374956 0.81772048 0.24856293
v -0.00374710 0.81455808 0.25256293
v 0.06473336 0.81234528 0.23242934
v 0.13256250 0.80175888 0.22842954
v 0.06493260 0.81488128 0.24856313
v 0.06461323 0.81172848 0.25256313
v 0.06493263 0.81488128 0.23768422
v 0.13312064 0.80488288 0.23242954
v 0.20070602 0.79245968 0.22842973
v 0.13351319 0.80739888 0.23768442
v 0.13345060 0.80740608 0.24856333
v 0.13297259 0.80426208 0.25256333
v 0.20138569 0.79556288 0.23242974
v 0.26885594 0.77958928 0.22842993
v 0.20201319 0.79804688 0.23768462
v 0.20201316 0.79804688 0.24856353
v 0.20133395 0.79493328 0.25256353
v 0.26974073 0.78265648 0.23242994
v 0.33700082 0.76469480 0.22843013
v 0.27056295 0.78510368 0.23768482
v 0.27049604 0.78511728 0.24856373
v 0.26969475 0.78202208 0.25256373
v 0.33811681 0.76768608 0.23243306
v 0.45907842 0.72319832 0.22842951
v 0.33917519 0.77008288 0.23768796
v 0.33917836 0.77008768 0.24856686
v 0.33805435 0.76708128 0.25256393
v 0.46036641 0.72614488 0.23244026
v 0.47038882 0.71924216 0.22838267
v 0.47248881 0.72108816 0.23239635
v 0.46176959 0.72841632 0.23769515
v 0.47396159 0.72332552 0.23766296
v 0.46164476 0.72843592 0.24857307
v 0.46035035 0.72545432 0.25256526
v 0.47393756 0.72328880 0.24857800
v 0.47181515 0.72140160 0.25256432
v 0.47248881 0.72108816 0.23239635
v 0.47038882 0.71924216 0.22838267
v 0.47393756 0.72328880 0.24857800
v 0.47181515 0.72140160 0.25256432
v -0.00951856 0.21337471 0.23289592
v -0.35185448 0.21337471 0.23289590
v -0.35159287 0.18955759 0.25681679
v -0.00972271 0.18952175 0.25683928
v -0.00589304 0.21362935 0.23450628
v -0.00593079 0.19010047 0.25814104
v -0.00973008 0.18716735 0.25931096
v -0.00662408 0.18791791 0.25974944
v -0.35161088 0.18717687 0.25930312
v -0.00593320 0.18768175 0.26250335
v -0.00972273 0.18630711 0.26266154
v -0.00966171 0.18630711 0.27258635
v -0.00594203 0.18763671 0.27258636
v -0.00965980 0.18763671 0.27589983
v -0.00662516 0.18822615 0.27529143
v -0.35171108 0.18630711 0.27258535
v -0.35171397 0.18763671 0.27589883
v -0.35165145 0.18630711 0.26266055
v -0.35543172 0.18763671 0.27258534
v -0.35474765 0.18822615 0.27529042
v -0.35543953 0.18768175 0.26250233
v -0.35473448 0.18792535 0.25974159
v -0.00594204 0.19085367 0.27589984
v -0.00594203 0.18763671 0.27258636
v -0.00662516 0.18822615 0.27529143
v -0.00440051 0.19084623 0.27258636
v -0.00594204 0.21427007 0.27589984
v -0.00440048 0.19068543 0.26138128
v -0.00593320 0.18768175 0.26250335
v -0.00440051 0.21426055 0.27258636
v -0.00593079 0.19010047 0.25814104
v -0.00662408 0.18791791 0.25974944
v -0.00440041 0.21392599 0.23840667
v -0.00589304 0.21362935 0.23450628
v -0.00589505 0.21733295 0.23669085
v -0.00655224 0.21644311 0.23385199
v -0.00594203 0.21746991 0.27258636
v -0.00662708 0.21688439 0.27529143
v -0.00965980 0.18763671 0.27589983
v -0.00594204 0.19085367 0.27589984
v -0.00662516 0.18822615 0.27529143
v -0.00966173 0.19084623 0.27727190
v -0.35171397 0.18763671 0.27589883
v -0.00966173 0.21426055 0.27727190
v -0.00594204 0.21427007 0.27589984
v -0.00966612 0.21746991 0.27589983
v -0.00662708 0.21688439 0.27529143
v -0.35171109 0.21426055 0.27727187
v -0.35170325 0.21746991 0.27589883
v -0.35171109 0.19084623 0.27727187
v -0.35543173 0.21427007 0.27589882
v -0.35474429 0.21688415 0.27529042
v -0.35543173 0.19085367 0.27589882
v -0.35474765 0.18822615 0.27529042
v -0.35543172 0.18763671 0.27258534
v -0.35543173 0.19085367 0.27589882
v -0.35474765 0.18822615 0.27529042
v -0.35697276 0.19084623 0.27258631
v -0.35543953 0.18768175 0.26250233
v -0.35697276 0.21426055 0.27258631
v -0.35543173 0.21427007 0.27589882
v -0.35543172 0.21746991 0.27258534
v -0.35474429 0.21688415 0.27529042
v -0.35697266 0.21392599 0.23840564
v -0.35551713 0.21734631 0.23658827
v -0.35697273 0.19068543 0.26138025
v -0.35547897 0.21362935 0.23450624
v -0.35485201 0.21645039 0.23380409
v -0.35542248 0.19011911 0.25812635
v -0.35473448 0.18792535 0.25974159
v -0.00966612 0.21746991 0.27589983
v -0.00594203 0.21746991 0.27258636
v -0.00662708 0.21688439 0.27529143
v -0.00966171 0.21879927 0.27258635
v -0.35170325 0.21746991 0.27589883
v -0.00951857 0.21879927 0.23608928
v -0.00589505 0.21733295 0.23669085
v -0.00950736 0.21698527 0.23286663
v -0.00655224 0.21644311 0.23385199
v -0.35199705 0.21879927 0.23590566
v -0.35194432 0.21698543 0.23280410
v -0.35171108 0.21879927 0.27258535
v -0.35551713 0.21734631 0.23658827
v -0.35485201 0.21645039 0.23380409
v -0.35543172 0.21746991 0.27258534
v -0.35474429 0.21688415 0.27529042
v -0.00950736 0.21698527 0.23286663
v -0.00589304 0.21362935 0.23450628
v -0.00655224 0.21644311 0.23385199
v -0.00951856 0.21337471 0.23289592
v -0.35194432 0.21698543 0.23280410
v -0.35185448 0.21337471 0.23289590
v -0.35547897 0.21362935 0.23450624
v -0.35485201 0.21645039 0.23380409
v -0.35542248 0.19011911 0.25812635
v -0.35159287 0.18955759 0.25681679
v -0.35161088 0.18717687 0.25930312
v -0.35473448 0.18792535 0.25974159
v 0.00481984 0.21337471 0.23289694
v 0.00119576 0.21362935 0.23450630
v 0.00125145 0.19011911 0.25812739
v 0.00508249 0.18955759 0.25681686
v 0.35553281 0.21337471 0.23289796
v 0.00481984 0.21337471 0.23289694
v 0.00508249 0.18955759 0.25681686
v 0.35533034 0.18952175 0.25684035
v 0.35915840 0.21362935 0.23450735
v 0.35912313 0.19010047 0.25814211
v 0.35532313 0.18716735 0.25931203
v 0.35842873 0.18791791 0.25975051
v 0.35911992 0.18768175 0.26250441
v 0.00506384 0.18717687 0.25930416
v 0.00125145 0.19011911 0.25812739
v 0.00194032 0.18792535 0.25974263
v 0.00123576 0.18768175 0.26250337
v 0.35533032 0.18630711 0.26266261
v 0.00502335 0.18630711 0.26266159
v 0.00124253 0.18763671 0.27258638
v 0.35538949 0.18630711 0.27258741
v 0.35911109 0.18763671 0.27258840
v 0.00496421 0.18630711 0.27258639
v 0.35539348 0.18763671 0.27590089
v 0.35842628 0.18822615 0.27529250
v 0.00496084 0.18763671 0.27589987
v 0.00192660 0.18822615 0.27529146
v 0.35911108 0.19085367 0.27590090
v 0.35911109 0.18763671 0.27258840
v 0.35842628 0.18822615 0.27529250
v 0.36065269 0.19084623 0.27258743
v 0.35911108 0.21427007 0.27590090
v 0.36065272 0.19068543 0.26138235
v 0.35911992 0.18768175 0.26250441
v 0.36065269 0.21426055 0.27258743
v 0.35912313 0.19010047 0.25814211
v 0.35842873 0.18791791 0.25975051
v 0.36065279 0.21392599 0.23840774
v 0.35915840 0.21362935 0.23450735
v 0.35916000 0.21733295 0.23669192
v 0.35850080 0.21644311 0.23385305
v 0.35911109 0.21746991 0.27258840
v 0.35842548 0.21688439 0.27529250
v 0.35539348 0.18763671 0.27590089
v 0.35911108 0.19085367 0.27590090
v 0.35842628 0.18822615 0.27529250
v 0.35539188 0.19084623 0.27727296
v 0.00496084 0.18763671 0.27589987
v 0.35539188 0.21426055 0.27727296
v 0.35911108 0.21427007 0.27590090
v 0.35538628 0.21746991 0.27590089
v 0.35842548 0.21688439 0.27529250
v 0.00496419 0.21426055 0.27727194
v 0.00497156 0.21746991 0.27589987
v 0.00496419 0.19084623 0.27727194
v 0.00124252 0.21427007 0.27589986
v 0.00193052 0.21688415 0.27529146
v 0.00124252 0.19085367 0.27589986
v 0.00192660 0.18822615 0.27529146
v 0.00124253 0.18763671 0.27258638
v 0.00124252 0.19085367 0.27589986
v 0.00192660 0.18822615 0.27529146
v -0.00029795 0.19084623 0.27258637
v 0.00123576 0.18768175 0.26250337
v -0.00029795 0.21426055 0.27258637
v 0.00124252 0.21427007 0.27589986
v 0.00124253 0.21746991 0.27258638
v 0.00193052 0.21688415 0.27529146
v -0.00029785 0.21392599 0.23840571
v 0.00115719 0.21734631 0.23658931
v -0.00029792 0.19068543 0.26138032
v 0.00119576 0.21362935 0.23450630
v 0.00182328 0.21645039 0.23380513
v 0.00125145 0.19011911 0.25812739
v 0.00194032 0.18792535 0.25974263
v 0.35538628 0.21746991 0.27590089
v 0.35911109 0.21746991 0.27258840
v 0.35842548 0.21688439 0.27529250
v 0.35538949 0.21879927 0.27258741
v 0.00497156 0.21746991 0.27589987
v 0.35553200 0.21879927 0.23609035
v 0.35916000 0.21733295 0.23669192
v 0.35554481 0.21698527 0.23286769
v 0.35850080 0.21644311 0.23385305
v 0.00467823 0.21879927 0.23590670
v 0.00473048 0.21698543 0.23280611
v 0.00496421 0.21879927 0.27258639
v 0.00115719 0.21734631 0.23658931
v 0.00182328 0.21645039 0.23380513
v 0.00124253 0.21746991 0.27258638
v 0.00193052 0.21688415 0.27529146
v 0.35554481 0.21698527 0.23286769
v 0.35915840 0.21362935 0.23450735
v 0.35850080 0.21644311 0.23385305
v 0.35553281 0.21337471 0.23289796
v 0.00473048 0.21698543 0.23280611
v 0.00182328 0.21645039 0.23380513
v 0.00481984 -0.20534058 0.23289694
v 0.00119576 -0.20508594 0.23450630
v 0.00125145 -0.22859626 0.25812739
v 0.00508249 -0.22915778 0.25681686
v 0.35553281 -0.20534058 0.23289796
v 0.00481984 -0.20534058 0.23289694
v 0.00508249 -0.22915778 0.25681686
v 0.35533034 -0.22919362 0.25684035
v 0.35915840 -0.20508594 0.23450735
v 0.35912313 -0.22861490 0.25814211
v 0.35532313 -0.23154802 0.25931203
v 0.35842873 -0.23079738 0.25975051
v 0.35911992 -0.23103362 0.26250441
v 0.00506384 -0.23153834 0.25930416
v 0.00125145 -0.22859626 0.25812739
v 0.00194032 -0.23079002 0.25974263
v 0.00123576 -0.23103362 0.26250337
v 0.35533032 -0.23240826 0.26266261
v 0.00502335 -0.23240826 0.26266159
v 0.00124253 -0.23107874 0.27258638
v 0.35538949 -0.23240826 0.27258741
v 0.35911109 -0.23107874 0.27258840
v 0.00496421 -0.23240826 0.27258639
v 0.35539348 -0.23107874 0.27590089
v 0.35842628 -0.23048914 0.27529250
v 0.00496084 -0.23107874 0.27589987
v 0.00192660 -0.23048914 0.27529146
v 0.35911108 -0.22786178 0.27590090
v 0.35911109 -0.23107874 0.27258840
v 0.35842628 -0.23048914 0.27529250
v 0.36065269 -0.22786922 0.27258743
v 0.35911108 -0.20444522 0.27590090
v 0.36065272 -0.22803002 0.26138235
v 0.35911992 -0.23103362 0.26250441
v 0.36065269 -0.20445482 0.27258743
v 0.35912313 -0.22861490 0.25814211
v 0.35842873 -0.23079738 0.25975051
v 0.36065279 -0.20478930 0.23840774
v 0.35915840 -0.20508594 0.23450735
v 0.35916000 -0.20138234 0.23669192
v 0.35850080 -0.20227234 0.23385305
v 0.35911109 -0.20124538 0.27258840
v 0.35842548 -0.20183098 0.27529250
v 0.35539348 -0.23107874 0.27590089
v 0.35911108 -0.22786178 0.27590090
v 0.35842628 -0.23048914 0.27529250
v 0.35539188 -0.22786922 0.27727296
v 0.00496084 -0.23107874 0.27589987
v 0.35539188 -0.20445482 0.27727296
v 0.35911108 -0.20444522 0.27590090
v 0.35538628 -0.20124538 0.27590089
v 0.35842548 -0.20183098 0.27529250
v 0.00496419 -0.20445482 0.27727194
v 0.00497156 -0.20124538 0.27589987
v 0.00496419 -0.22786922 0.27727194
v 0.00124252 -0.20444522 0.27589986
v 0.00193052 -0.20183122 0.27529146
v 0.00124252 -0.22786178 0.27589986
v 0.00192660 -0.23048914 0.27529146
v 0.00124253 -0.23107874 0.27258638
v 0.00124252 -0.22786178 0.27589986
v 0.00192660 -0.23048914 0.27529146
v -0.00029795 -0.22786922 0.27258637
v 0.00123576 -0.23103362 0.26250337
v -0.00029795 -0.20445482 0.27258637
v 0.00124252 -0.20444522 0.27589986
v 0.00124253 -0.20124538 0.27258638
v 0.00193052 -0.20183122 0.27529146
v -0.00029785 -0.20478930 0.23840571
v 0.00115719 -0.20136914 0.23658931
v -0.00029792 -0.22803002 0.26138032
v 0.00119576 -0.20508594 0.23450630
v 0.00182328 -0.20226490 0.23380513
v 0.00125145 -0.22859626 0.25812739
v 0.00194032 -0.23079002 0.25974263
v 0.35538628 -0.20124538 0.27590089
v 0.35911109 -0.20124538 0.27258840
v 0.35842548 -0.20183098 0.27529250
v 0.35538949 -0.19991602 0.27258741
v 0.00497156 -0.20124538 0.27589987
v 0.35553200 -0.19991602 0.23609035
v 0.35916000 -0.20138234 0.23669192
v 0.35554481 -0.20173002 0.23286769
v 0.35850080 -0.20227234 0.23385305
v 0.00467823 -0.19991602 0.23590670
v 0.00473048 -0.20172994 0.23280611
v 0.00496421 -0.19991602 0.27258639
v 0.00115719 -0.20136914 0.23658931
v 0.00182328 -0.20226490 0.23380513
v 0.00124253 -0.20124538 0.27258638
v 0.00193052 -0.20183122 0.27529146
v 0.35554481 -0.20173002 0.23286769
v 0.35915840 -0.20508594 0.23450735
v 0.35850080 -0.20227234 0.23385305
v 0.35553281 -0.20534058 0.23289796
v 0.00473048 -0.20172994 0.23280611
v 0.00182328 -0.20226490 0.23380513
v -0.00951856 -0.20534058 0.23289592
v -0.35185448 -0.20534058 0.23289590
v -0.35159287 -0.22915778 0.25681679
v -0.00972271 -0.22919362 0.25683928
v -0.00589304 -0.20508594 0.23450628
v -0.00593079 -0.22861490 0.25814104
v -0.00973008 -0.23154802 0.25931096
v -0.00662408 -0.23079738 0.25974944
v -0.35161088 -0.23153834 0.25930312
v -0.00593320 -0.23103362 0.26250335
v -0.00972273 -0.23240826 0.26266154
v -0.00966171 -0.23240826 0.27258635
v -0.00594203 -0.23107874 0.27258636
v -0.00965980 -0.23107874 0.27589983
v -0.00662516 -0.23048914 0.27529143
v -0.35171108 -0.23240826 0.27258535
v -0.35171397 -0.23107874 0.27589883
v -0.35165145 -0.23240826 0.26266055
v -0.35543172 -0.23107874 0.27258534
v -0.35474765 -0.23048914 0.27529042
v -0.35543953 -0.23103362 0.26250233
v -0.35473448 -0.23079002 0.25974159
v -0.00594204 -0.22786178 0.27589984
v -0.00594203 -0.23107874 0.27258636
v -0.00662516 -0.23048914 0.27529143
v -0.00440051 -0.22786922 0.27258636
v -0.00594204 -0.20444522 0.27589984
v -0.00440048 -0.22803002 0.26138128
v -0.00593320 -0.23103362 0.26250335
v -0.00440051 -0.20445482 0.27258636
v -0.00593079 -0.22861490 0.25814104
v -0.00662408 -0.23079738 0.25974944
v -0.00440041 -0.20478930 0.23840667
v -0.00589304 -0.20508594 0.23450628
v -0.00589505 -0.20138234 0.23669085
v -0.00655224 -0.20227234 0.23385199
v -0.00594203 -0.20124538 0.27258636
v -0.00662708 -0.20183098 0.27529143
v -0.00965980 -0.23107874 0.27589983
v -0.00594204 -0.22786178 0.27589984
v -0.00662516 -0.23048914 0.27529143
v -0.00966173 -0.22786922 0.27727190
v -0.35171397 -0.23107874 0.27589883
v -0.00966173 -0.20445482 0.27727190
v -0.00594204 -0.20444522 0.27589984
v -0.00966612 -0.20124538 0.27589983
v -0.00662708 -0.20183098 0.27529143
v -0.35171109 -0.20445482 0.27727187
v -0.35170325 -0.20124538 0.27589883
v -0.35171109 -0.22786922 0.27727187
v -0.35543173 -0.20444522 0.27589882
v -0.35474429 -0.20183122 0.27529042
v -0.35543173 -0.22786178 0.27589882
v -0.35474765 -0.23048914 0.27529042
v -0.35543172 -0.23107874 0.27258534
v -0.35543173 -0.22786178 0.27589882
v -0.35474765 -0.23048914 0.27529042
v -0.35697276 -0.22786922 0.27258631
v -0.35543953 -0.23103362 0.26250233
v -0.35697276 -0.20445482 0.27258631
v -0.35543173 -0.20444522 0.27589882
v -0.35543172 -0.20124538 0.27258534
v -0.35474429 -0.20183122 0.27529042
v -0.35697266 -0.20478930 0.23840564
v -0.35551713 -0.20136914 0.23658827
v -0.35697273 -0.22803002 0.26138025
v -0.35547897 -0.20508594 0.23450624
v -0.35485201 -0.20226490 0.23380409
v -0.35542248 -0.22859626 0.25812635
v -0.35473448 -0.23079002 0.25974159
v -0.00966612 -0.20124538 0.27589983
v -0.00594203 -0.20124538 0.27258636
v -0.00662708 -0.20183098 0.27529143
v -0.00966171 -0.19991602 0.27258635
v -0.35170325 -0.20124538 0.27589883
v -0.00951857 -0.19991602 0.23608928
v -0.00589505 -0.20138234 0.23669085
v -0.00950736 -0.20173002 0.23286663
v -0.00655224 -0.20227234 0.23385199
v -0.35199705 -0.19991602 0.23590566
v -0.35194432 -0.20172994 0.23280410
v -0.35171108 -0.19991602 0.27258535
v -0.35551713 -0.20136914 0.23658827
v -0.35485201 -0.20226490 0.23380409
v -0.35543172 -0.20124538 0.27258534
v -0.35474429 -0.20183122 0.27529042
v -0.00950736 -0.20173002 0.23286663
v -0.00589304 -0.20508594 0.23450628
v -0.00655224 -0.20227234 0.23385199
v -0.00951856 -0.20534058 0.23289592
v -0.35194432 -0.20172994 0.23280410
v -0.35185448 -0.20534058 0.23289590
v -0.35547897 -0.20508594 0.23450624
v -0.35485201 -0.20226490 0.23380409
v -0.35542248 -0.22859626 0.25812635
v -0.35159287 -0.22915778 0.25681679
v -0.35161088 -0.23153834 0.25930312
v -0.35473448 -0.23079002 0.25974159
v -0.20348857 0.06442215 0.34424695
v -0.28561062 0.06442215 0.33429647
v -0.27590212 0.05354583 0.32934042
v -0.20270295 0.05354583 0.33776255
v -0.12961017 0.05354583 0.34706748
v -0.12136755 0.06442215 0.35419831
v -0.19914134 0.06442215 0.30837384
v -0.25998948 0.06442215 0.30100065
v -0.25890642 0.09926159 0.29205730
v -0.19805780 0.09926167 0.29943052
v -0.13721062 0.09926159 0.30680474
v -0.13829416 0.06442215 0.31574714
v -0.20126251 0.05354567 0.32587095
v -0.26145634 0.05354583 0.32197134
v -0.24911938 0.05354567 0.32006905
v -0.26943091 0.05354583 0.32452212
v -0.20195581 0.05354583 0.33159751
v -0.27590212 0.05354583 0.32934042
v -0.20270295 0.05354583 0.33776255
v -0.12961017 0.05354583 0.34706748
v -0.13474400 0.05354583 0.34084379
v -0.14187966 0.05354583 0.33646097
v -0.15340461 0.05354567 0.33166701
v -0.28561062 0.06442215 0.33429647
v -0.27948267 0.06442215 0.32420177
v -0.27590212 0.05354583 0.32934042
v -0.26943091 0.05354583 0.32452212
v -0.27499001 0.06442215 0.31931314
v -0.27499001 0.06442215 0.31931314
v -0.26145634 0.05354583 0.32197134
v -0.26943091 0.05354583 0.32452212
v -0.26885033 0.06442215 0.31637660
v -0.24911938 0.05354567 0.32006905
v -0.24690695 0.06442215 0.31049194
v -0.20126251 0.05354567 0.32587095
v -0.20008616 0.06442215 0.31616584
v -0.15326538 0.06442215 0.32183981
v -0.15340461 0.05354567 0.33166701
v -0.13336405 0.06442215 0.33279499
v -0.14187966 0.05354583 0.33646097
v -0.12810182 0.06442215 0.33711237
v -0.13474400 0.05354583 0.34084379
v -0.29455639 0.06439855 0.30972220
v -0.30050120 0.06439751 0.31271834
v -0.29372629 0.09963055 0.30463532
v -0.28848948 0.09925103 0.30188144
v -0.29019059 0.14403839 0.29583357
v -0.28504610 0.14378551 0.29294492
v -0.28891865 0.18647935 0.29187362
v -0.25776967 0.14377039 0.28267547
v -0.28380537 0.18639207 0.28896250
v -0.28925457 0.22925351 0.29130721
v -0.28410560 0.22925463 0.28843125
v -0.25729358 0.18638319 0.27874676
v -0.19644496 0.18638319 0.28611998
v -0.25726038 0.22926135 0.27847722
v -0.19641328 0.22926119 0.28585045
v -0.13556514 0.22926135 0.29322367
v -0.13559786 0.18638319 0.29349320
v -0.13607395 0.14377039 0.29742191
v -0.19692105 0.14377039 0.29004869
v -0.29284051 0.22925239 0.29598981
v -0.28925457 0.22925351 0.29130721
v -0.28891865 0.18647935 0.29187362
v -0.29248555 0.18672375 0.29654938
v -0.29019059 0.14403839 0.29583357
v -0.31579471 0.22856599 0.33659134
v -0.29377020 0.14474959 0.30049080
v -0.29372629 0.09963055 0.30463532
v -0.29733759 0.10070319 0.30921443
v -0.30050120 0.06439751 0.31271834
v -0.30463553 0.06440319 0.31796833
v -0.31416095 0.09908375 0.33732278
v -0.31387335 0.06502855 0.33708351
v -0.31590799 0.06365855 0.33927494
v -0.31630303 0.10007847 0.33923094
v -0.31477279 0.14380255 0.33708646
v -0.31686407 0.14402535 0.33905710
v -0.31532791 0.18639567 0.33689502
v -0.31739775 0.18580303 0.33887846
v -0.31801151 0.23002951 0.33868213
v -0.12136755 0.06442215 0.35419831
v -0.12961017 0.05354583 0.34706748
v -0.12490656 0.06442215 0.34293366
v -0.13474400 0.05354583 0.34084379
v -0.12810182 0.06442215 0.33711237
v -0.11082986 0.09925103 0.32340930
v -0.10681133 0.06439855 0.33247179
v -0.13559786 0.18638319 0.29349320
v -0.13556514 0.22926135 0.29322367
v -0.11187470 0.22925463 0.30930186
v -0.11229318 0.18639207 0.30974617
v -0.10756031 0.22925351 0.31332435
v -0.11203880 0.14378551 0.31390929
v -0.13607395 0.14377039 0.29742191
v -0.10802224 0.18647935 0.31379411
v -0.10519609 0.22925239 0.31872763
v -0.11082986 0.09925103 0.32340930
v -0.13721062 0.09926159 0.30680474
v -0.10567705 0.18672375 0.31918667
v -0.09260486 0.22856599 0.36363687
v -0.09312974 0.18639567 0.36382047
v -0.09371622 0.14380255 0.36387319
v -0.10773465 0.14403839 0.31794347
v -0.10536938 0.14474959 0.32332043
v -0.09436662 0.09908375 0.36395623
v -0.10640260 0.09963055 0.32733507
v -0.10681133 0.06439855 0.33247179
v -0.10175374 0.06439751 0.33680189
v -0.10398757 0.10070319 0.33264372
v -0.09899296 0.06440319 0.34288781
v -0.09458830 0.06502855 0.36365543
v -0.20084220 0.23744543 0.35459360
v -0.20076307 0.23744543 0.35394032
v -0.20244075 0.23913495 0.35373615
v -0.20251988 0.23913463 0.35439047
v -0.20251988 0.25009983 0.35439047
v -0.20244075 0.25010055 0.35373615
v -0.17655797 0.23913535 0.35753607
v -0.17815564 0.23744543 0.35667958
v -0.17823476 0.23744543 0.35733294
v -0.17647940 0.23913495 0.35688271
v -0.17647940 0.25010031 0.35688271
v -0.17655797 0.25010031 0.35753607
v -0.20076307 0.25178999 0.35394032
v -0.20084164 0.25178999 0.35459360
v -0.17823572 0.25178999 0.35733294
v -0.17815564 0.25178999 0.35667958
v -0.20084164 0.25178999 0.35459360
v -0.20076307 0.25178999 0.35394032
v -0.17815564 0.25178999 0.35667958
v -0.17823572 0.25178999 0.35733294
v -0.20084220 0.23744543 0.35459360
v -0.17823476 0.23744543 0.35733294
v -0.17815564 0.23744543 0.35667958
v -0.20076307 0.23744543 0.35394032
v -0.20018740 0.23903599 0.35467272
v -0.20094124 0.23979431 0.35458192
v -0.20086219 0.23979375 0.35392760
v -0.20010924 0.23903599 0.35401936
v -0.17813660 0.23979399 0.35734566
v -0.17888948 0.23903583 0.35725382
v -0.17880996 0.23903599 0.35659950
v -0.17805796 0.23979399 0.35669134
v -0.17805796 0.24944159 0.35669134
v -0.17813660 0.24944151 0.35734566
v -0.20094076 0.24944135 0.35458192
v -0.20018740 0.25019951 0.35467272
v -0.20010924 0.25019919 0.35401936
v -0.20086219 0.24944111 0.35392760
v -0.17888948 0.25019919 0.35725382
v -0.17880996 0.25019919 0.35660054
v -0.20018740 0.25019951 0.35467272
v -0.17888948 0.25019919 0.35725382
v -0.17880996 0.25019919 0.35660054
v -0.20010924 0.25019919 0.35401936
v -0.20018740 0.23903599 0.35467272
v -0.20010924 0.23903599 0.35401936
v -0.17880996 0.23903599 0.35659950
v -0.17888948 0.23903583 0.35725382
v -0.20018740 0.23903599 0.35467272
v -0.20060580 0.23824071 0.35538168
v -0.20182164 0.23946455 0.35523423
v -0.20094124 0.23979431 0.35458192
v -0.17813660 0.23979399 0.35734566
v -0.17865269 0.23824079 0.35804190
v -0.17888948 0.23903583 0.35725382
v -0.17743741 0.23946447 0.35818934
v -0.17813660 0.24944151 0.35734566
v -0.17743685 0.24976999 0.35818934
v -0.20094076 0.24944135 0.35458192
v -0.20182116 0.24977063 0.35523423
v -0.20060580 0.25099447 0.35538168
v -0.20018740 0.25019951 0.35467272
v -0.17888948 0.25019919 0.35725382
v -0.17865269 0.25099463 0.35804190
v -0.20018740 0.25019951 0.35467272
v -0.20060580 0.25099447 0.35538168
v -0.17865269 0.25099463 0.35804190
v -0.17888948 0.25019919 0.35725382
v -0.17888948 0.23903583 0.35725382
v -0.17865269 0.23824079 0.35804190
v -0.20060580 0.23824071 0.35538168
v -0.20018740 0.23903599 0.35467272
v -0.20094124 0.23979431 0.35458192
v -0.20182164 0.23946455 0.35523423
v -0.20182116 0.24977063 0.35523423
v -0.20094076 0.24944135 0.35458192
v -0.20182116 0.24977063 0.35523423
v -0.20251988 0.25009983 0.35439047
v -0.20084164 0.25178999 0.35459360
v -0.20060580 0.25099447 0.35538168
v -0.20182164 0.23946455 0.35523423
v -0.20251988 0.23913463 0.35439047
v -0.20060580 0.23824071 0.35538168
v -0.20084220 0.23744543 0.35459360
v -0.17865269 0.23824079 0.35804190
v -0.17823476 0.23744543 0.35733294
v -0.20084220 0.23744543 0.35459360
v -0.20060580 0.23824071 0.35538168
v -0.17743741 0.23946447 0.35818934
v -0.17655797 0.23913535 0.35753607
v -0.17823476 0.23744543 0.35733294
v -0.17865269 0.23824079 0.35804190
v -0.17743685 0.24976999 0.35818934
v -0.17655797 0.25010031 0.35753607
v -0.17655797 0.23913535 0.35753607
v -0.17743741 0.23946447 0.35818934
v -0.17865269 0.25099463 0.35804190
v -0.17823572 0.25178999 0.35733294
v -0.17655797 0.25010031 0.35753607
v -0.17743685 0.24976999 0.35818934
v -0.20060580 0.25099447 0.35538168
v -0.20084164 0.25178999 0.35459360
v -0.17823572 0.25178999 0.35733294
v -0.17865269 0.25099463 0.35804190
v -0.23179867 0.23744543 0.35084255
v -0.23171906 0.23744543 0.35018823
v -0.23339778 0.23913495 0.34998510
v -0.23347595 0.23913559 0.35063942
v -0.23347595 0.25010047 0.35063942
v -0.23339778 0.25010055 0.34998510
v -0.20751499 0.23913495 0.35378502
v -0.20743539 0.23913495 0.35313166
v -0.20911267 0.23744543 0.35292853
v -0.20919179 0.23744543 0.35358189
v -0.23172010 0.25178999 0.35018823
v -0.23179867 0.25178999 0.35084255
v -0.20919179 0.25178999 0.35358189
v -0.20911267 0.25178999 0.35292757
v -0.20743539 0.25010031 0.35313166
v -0.20751499 0.25010031 0.35378502
v -0.23179867 0.25178999 0.35084255
v -0.23172010 0.25178999 0.35018823
v -0.20911267 0.25178999 0.35292757
v -0.20919179 0.25178999 0.35358189
v -0.23179867 0.23744543 0.35084255
v -0.20919179 0.23744543 0.35358189
v -0.20911267 0.23744543 0.35292853
v -0.23171906 0.23744543 0.35018823
v -0.23114443 0.23903599 0.35092167
v -0.23189779 0.23979391 0.35083079
v -0.23181914 0.23979415 0.35017655
v -0.23106626 0.23903599 0.35026735
v -0.20909363 0.23979375 0.35359357
v -0.20984651 0.23903599 0.35350277
v -0.20976691 0.23903599 0.35284845
v -0.20901403 0.23979399 0.35294029
v -0.20901403 0.24944111 0.35294029
v -0.20909363 0.24944151 0.35359357
v -0.23189779 0.24944151 0.35083079
v -0.23114443 0.25019927 0.35092167
v -0.23106626 0.25019919 0.35026735
v -0.23181914 0.24944111 0.35017655
v -0.20984555 0.25019919 0.35350277
v -0.20909363 0.24944151 0.35359357
v -0.20901403 0.24944111 0.35294029
v -0.20976651 0.25019919 0.35284845
v -0.23114443 0.25019927 0.35092167
v -0.23106626 0.25019919 0.35026735
v -0.20976691 0.23903599 0.35284845
v -0.20984651 0.23903599 0.35350277
v -0.23181914 0.23979415 0.35017655
v -0.23189779 0.23979391 0.35083079
v -0.23114443 0.23903599 0.35092167
v -0.23156331 0.23824071 0.35163063
v -0.23277819 0.23946423 0.35148318
v -0.23189779 0.23979391 0.35083079
v -0.20909363 0.23979375 0.35359357
v -0.20960972 0.23824071 0.35429085
v -0.20984651 0.23903599 0.35350277
v -0.20839444 0.23946479 0.35443829
v -0.20909363 0.24944151 0.35359357
v -0.20839388 0.24976975 0.35443829
v -0.20984555 0.25019919 0.35350277
v -0.20960972 0.25099463 0.35429085
v -0.23189779 0.24944151 0.35083079
v -0.23277819 0.24977087 0.35148318
v -0.23156283 0.25099463 0.35162967
v -0.23114443 0.25019927 0.35092167
v -0.23114443 0.25019927 0.35092167
v -0.23156283 0.25099463 0.35162967
v -0.20960972 0.25099463 0.35429085
v -0.20984555 0.25019919 0.35350277
v -0.20984651 0.23903599 0.35350277
v -0.20960972 0.23824071 0.35429085
v -0.23156331 0.23824071 0.35163063
v -0.23114443 0.23903599 0.35092167
v -0.23189779 0.23979391 0.35083079
v -0.23277819 0.23946423 0.35148318
v -0.23277819 0.24977087 0.35148318
v -0.23189779 0.24944151 0.35083079
v -0.23277819 0.24977087 0.35148318
v -0.23179867 0.25178999 0.35084255
v -0.23156283 0.25099463 0.35162967
v -0.23347595 0.25010047 0.35063942
v -0.23277819 0.23946423 0.35148318
v -0.23347595 0.23913559 0.35063942
v -0.23156331 0.23824071 0.35163063
v -0.23179867 0.23744543 0.35084255
v -0.20960972 0.23824071 0.35429085
v -0.20919179 0.23744543 0.35358189
v -0.23179867 0.23744543 0.35084255
v -0.23156331 0.23824071 0.35163063
v -0.20839444 0.23946479 0.35443829
v -0.20751499 0.23913495 0.35378502
v -0.20919179 0.23744543 0.35358189
v -0.20960972 0.23824071 0.35429085
v -0.20839388 0.24976975 0.35443829
v -0.20751499 0.25010031 0.35378502
v -0.20751499 0.23913495 0.35378502
v -0.20839444 0.23946479 0.35443829
v -0.20960972 0.25099463 0.35429085
v -0.20919179 0.25178999 0.35358189
v -0.20751499 0.25010031 0.35378502
v -0.20839388 0.24976975 0.35443829
v -0.23156283 0.25099463 0.35162967
v -0.23179867 0.25178999 0.35084255
v -0.20919179 0.25178999 0.35358189
v -0.20960972 0.25099463 0.35429085
v -0.31387335 0.06502855 0.33708351
v -0.20448427 0.06327767 0.35245983
v -0.31590799 0.06365855 0.33927494
v -0.20415314 0.06442599 0.34972735
v -0.09305951 0.06358063 0.36627751
v -0.09458830 0.06502855 0.36365543
v -0.28561062 0.06442215 0.33429647
v -0.20348857 0.06442215 0.34424695
v -0.27948267 0.06442215 0.32420177
v -0.12136755 0.06442215 0.35419831
v -0.30463553 0.06440319 0.31796833
v -0.12490656 0.06442215 0.34293366
v -0.27499001 0.06442215 0.31931314
v -0.09899296 0.06440319 0.34288781
v -0.30050120 0.06439751 0.31271834
v -0.12810182 0.06442215 0.33711237
v -0.26885033 0.06442215 0.31637660
v -0.10175374 0.06439751 0.33680189
v -0.29455639 0.06439855 0.30972220
v -0.13336405 0.06442215 0.33279499
v -0.24690695 0.06442215 0.31049194
v -0.10681133 0.06439855 0.33247179
v -0.25998948 0.06442215 0.30100065
v -0.15326538 0.06442215 0.32183981
v -0.13829416 0.06442215 0.31574714
v -0.20008616 0.06442215 0.31616584
v -0.19914134 0.06442215 0.30837384
v -0.09274111 0.10007847 0.36632143
v -0.09305951 0.06358063 0.36627751
v -0.09215519 0.14402535 0.36628631
v -0.09159559 0.18580303 0.36624040
v -0.09103751 0.22994407 0.36618280
v -0.44885630 -0.77354194 0.18565049
v -0.44066050 -0.77750778 0.18565052
v -0.42512681 -0.75184194 0.18565056
v -0.33623763 -0.77750778 0.18565082
v -0.43784654 -0.74819338 0.18565053
v -0.45224937 -0.76396730 0.18565048
v -0.33623763 -0.75183522 0.18565082
v -0.41536215 -0.74175202 0.18197090
v -0.42720102 -0.73773346 0.18196404
v -0.33623761 -0.74174914 0.18197113
v -0.43179477 -0.72849706 0.18202749
v -0.26973913 -0.74174626 0.18197133
v -0.26973914 -0.75182866 0.18565102
v -0.26973914 -0.77750778 0.18565102
v -0.20324057 -0.74174330 0.18197152
v -0.44311607 -0.73938298 0.18565051
v -0.43185678 0.05948423 0.18202554
v -0.20324058 -0.75182194 0.18565121
v -0.20324058 -0.77750778 0.18565121
v -0.13674257 -0.74174042 0.18197172
v -0.44323375 0.05948423 0.18565051
v -0.45224937 0.05948423 0.18565048
v -0.45224937 0.23546759 0.18565048
v -0.13674258 -0.75181538 0.18565140
v -0.13674258 -0.77750778 0.18565140
v -0.07024545 -0.74173754 0.18197191
v -0.44325328 0.23546759 0.18565051
v -0.43186752 0.23546751 0.18202554
v -0.45224937 0.68611960 0.18565048
v -0.07024546 -0.75180874 0.18565160
v -0.07024546 -0.77750778 0.18565160
v -0.00374689 -0.74173458 0.18197211
v -0.44331627 0.67364208 0.18565051
v -0.43190024 0.66270744 0.18202457
v -0.44885630 0.69680560 0.18565049
v -0.00374690 -0.75180210 0.18565179
v -0.00374690 -0.77750778 0.18565179
v 0.06461343 -0.74173754 0.18197230
v -0.43799204 0.68237968 0.18565052
v -0.42728598 0.67193256 0.18195622
v -0.41538120 0.67595464 0.18197090
v -0.44066050 0.70123192 0.18565052
v 0.06461342 -0.75180874 0.18565199
v 0.06461342 -0.77750778 0.18565199
v 0.13297279 -0.74174042 0.18197250
v -0.42513658 0.68599984 0.18564959
v -0.33623761 0.70628216 0.18197113
v 0.13297278 -0.75181538 0.18565219
v 0.13297278 -0.77750778 0.18565219
v 0.20133415 -0.74174330 0.18197270
v -0.33623763 0.71632720 0.18564985
v -0.33623763 0.74285880 0.18565082
v -0.26973913 0.72122312 0.18197133
v 0.20133414 -0.75182194 0.18565239
v 0.20133414 -0.77750778 0.18565239
v 0.26969447 -0.74174626 0.18197290
v -0.26973914 0.73126824 0.18565004
v -0.26973914 0.75779992 0.18565102
v -0.20324057 0.73413408 0.18197152
v 0.26969446 -0.75182866 0.18565259
v 0.26969446 -0.77750778 0.18565259
v 0.33805536 -0.74174914 0.18197310
v -0.20324058 0.74417912 0.18565023
v -0.20324058 0.77071088 0.18565121
v -0.13674257 0.74346272 0.18197172
v 0.33805534 -0.75183522 0.18565279
v 0.33805534 -0.77750778 0.18565279
v 0.41904096 -0.74175202 0.18197334
v -0.13674258 0.75350808 0.18565043
v -0.13674258 0.78003968 0.18565140
v -0.07024545 0.75092920 0.18197191
v 0.42880655 -0.75184194 0.18565208
v 0.44433935 -0.77750778 0.18565310
v 0.45253535 -0.77354194 0.18565215
v -0.07024546 0.76097424 0.18565062
v -0.07024546 0.78750608 0.18565160
v -0.00374689 0.75375920 0.18197211
v 0.44152655 -0.74819338 0.18565309
v 0.43088016 -0.73773346 0.18196654
v 0.43547456 -0.72849706 0.18203003
v 0.45593055 -0.76396730 0.18565411
v -0.00374690 0.76380440 0.18565082
v -0.00374690 0.79033568 0.18565179
v 0.06461342 0.78750608 0.18565199
v 0.44679455 -0.73938298 0.18565311
v 0.43553696 0.05948415 0.18202905
v 0.06461342 0.76097424 0.18565102
v 0.06461343 0.75092920 0.18197230
v 0.13297278 0.78003968 0.18565219
v 0.44691215 0.05948423 0.18565262
v 0.45593055 0.05948415 0.18565411
v 0.43554816 0.23546759 0.18202856
v 0.13297278 0.75350808 0.18565122
v 0.13297279 0.74346272 0.18197250
v 0.20133414 0.77071088 0.18565239
v 0.44693455 0.23546775 0.18565262
v 0.45593055 0.23546759 0.18565411
v 0.45593055 0.68611960 0.18565411
v 0.20133414 0.74417912 0.18565142
v 0.20133415 0.73413408 0.18197270
v 0.26969446 0.75779992 0.18565259
v 0.44699695 0.67364208 0.18565213
v 0.43558096 0.66270744 0.18202808
v 0.45253535 0.69680560 0.18565215
v 0.26969446 0.73126824 0.18565162
v 0.26969447 0.72122312 0.18197290
v 0.33805534 0.74285880 0.18565279
v 0.44167215 0.68237968 0.18565407
v 0.43096656 0.67193256 0.18195873
v 0.41906176 0.67595464 0.18197334
v 0.44433935 0.70123192 0.18565310
v 0.33805454 0.71632720 0.18565182
v 0.33805536 0.70628216 0.18197310
v 0.42881695 0.68599984 0.18565208
v -0.10756031 0.22925351 0.31332435
v -0.19901878 0.22926119 0.30735824
v -0.10519609 0.22925239 0.31872763
v -0.19840836 0.22926119 0.30231529
v -0.11187470 0.22925463 0.30930186
v -0.19798995 0.22926119 0.29886608
v -0.13556514 0.22926135 0.29322367
v -0.19641328 0.22926119 0.28585045
v -0.25726038 0.22926135 0.27847722
v -0.28410560 0.22925463 0.28843125
v -0.28925457 0.22925351 0.29130721
v -0.29284051 0.22925239 0.29598981
v -0.20413218 0.22925583 0.34955359
v -0.31579471 0.22856599 0.33659134
v -0.31801151 0.23002951 0.33868213
v -0.32594951 0.23697359 0.33881299
v -0.20461171 0.23697359 0.35351647
v -0.20460435 0.23311279 0.35345103
v -0.08327479 0.23697359 0.36821994
v -0.32111359 0.23283031 0.33925732
v -0.32019855 0.18427751 0.33941845
v -0.32594951 0.18056743 0.33881299
v -0.32594951 0.14665863 0.33881299
v -0.31970199 0.14473895 0.33955517
v -0.32594951 0.11102991 0.33881299
v -0.31801151 0.23002951 0.33868213
v -0.31739775 0.18580303 0.33887846
v -0.20446323 0.23038047 0.35228599
v -0.31686407 0.14402535 0.33905710
v -0.09103751 0.22994407 0.36618280
v -0.31916192 0.10289343 0.33970557
v -0.31630303 0.10007847 0.33923094
v -0.08839735 0.23251007 0.36744648
v -0.09159559 0.18580303 0.36624040
v -0.31874984 0.06102015 0.33980421
v -0.32594951 0.05609199 0.33881299
v -0.31590799 0.06365855 0.33927494
v -0.20461171 0.05609199 0.35351647
v -0.08900431 0.18427727 0.36743376
v -0.08327479 0.18056743 0.36821994
v -0.09215519 0.14402535 0.36628631
v -0.08327479 0.14665863 0.36821994
v -0.20461851 0.06051199 0.35356919
v -0.20448427 0.06327767 0.35245983
v -0.08951943 0.14473895 0.36744840
v -0.09274111 0.10007847 0.36632143
v -0.08327479 0.11102991 0.36821994
v -0.09022111 0.06073375 0.36748944
v -0.08327479 0.05609199 0.36821994
v -0.09305951 0.06358063 0.36627751
v -0.09007855 0.10289343 0.36746600
v -0.20196467 0.23933399 0.35379383
v -0.20244075 0.23913495 0.35373615
v -0.20076307 0.23744543 0.35394032
v -0.20056580 0.23792535 0.35396376
v -0.20196467 0.24990135 0.35379383
v -0.17815564 0.23744543 0.35667958
v -0.20244075 0.25010055 0.35373615
v -0.17835292 0.23792535 0.35665518
v -0.20056580 0.25130991 0.35396376
v -0.17647940 0.23913495 0.35688271
v -0.20076307 0.25178999 0.35394032
v -0.17695540 0.23933399 0.35682511
v -0.17835292 0.25130991 0.35665518
v -0.17647940 0.25010031 0.35688271
v -0.17815564 0.25178999 0.35667958
v -0.17695540 0.24990135 0.35682511
v -0.23292122 0.23933399 0.35004270
v -0.23339778 0.23913495 0.34998510
v -0.23171906 0.23744543 0.35018823
v -0.23152226 0.23792535 0.35021263
v -0.23292122 0.24990135 0.35004270
v -0.20911267 0.23744543 0.35292853
v -0.23339778 0.25010055 0.34998510
v -0.20930995 0.23792535 0.35290413
v -0.23152226 0.25130991 0.35021263
v -0.20743539 0.23913495 0.35313166
v -0.23172010 0.25178999 0.35018823
v -0.20791243 0.23933399 0.35307310
v -0.20930995 0.25130991 0.35290413
v -0.20743539 0.25010031 0.35313166
v -0.20911267 0.25178999 0.35292757
v -0.20791243 0.24990135 0.35307310
v -0.20030652 0.23855599 0.35399496
v -0.20010924 0.23903599 0.35401936
v -0.20086219 0.23979375 0.35392760
v -0.20133827 0.23959519 0.35386999
v -0.17861220 0.23855599 0.35662398
v -0.20086219 0.24944111 0.35392760
v -0.17880996 0.23903599 0.35659950
v -0.20133827 0.24963999 0.35386999
v -0.17758092 0.23959519 0.35674894
v -0.20010924 0.25019919 0.35401936
v -0.17805796 0.23979399 0.35669134
v -0.20030652 0.25067927 0.35399496
v -0.17758092 0.24963999 0.35674894
v -0.17880996 0.25019919 0.35660054
v -0.17805796 0.24944159 0.35669134
v -0.17861220 0.25067927 0.35662398
v -0.23126298 0.23855599 0.35024391
v -0.23106626 0.23903599 0.35026735
v -0.23181914 0.23979415 0.35017655
v -0.23229522 0.23959519 0.35011886
v -0.20956923 0.23855599 0.35287285
v -0.23181914 0.24944111 0.35017655
v -0.20976691 0.23903599 0.35284845
v -0.23229522 0.24963999 0.35011886
v -0.20853795 0.23959519 0.35299789
v -0.23106626 0.25019919 0.35026735
v -0.20901403 0.23979399 0.35294029
v -0.23126298 0.25067927 0.35024391
v -0.20853795 0.24963999 0.35299789
v -0.20976651 0.25019919 0.35284845
v -0.20901403 0.24944111 0.35294029
v -0.20956923 0.25067927 0.35287285
v -0.00375058 -0.81926706 -0.08759823
v -0.00375058 -0.81926706 -0.08760599
v -0.00374170 -0.81926706 -0.08760599
v -0.00374170 -0.81926706 -0.08759823
v 0.47656160 0.71190256 0.23593640
v 0.47181505 0.72140160 0.28865123
v 0.47186240 0.72148560 0.23608580
v 0.46018860 0.71133088 0.30322053
v 0.33805495 0.76294464 0.31918205
v 0.46018622 0.72131768 0.29895100
v -0.46826950 -0.78215010 0.22425396
v -0.46827979 -0.79846378 0.23608501
v -0.46359225 -0.79366258 0.22425495
v -0.47288233 -0.78867874 0.23622855
v -0.46826120 0.05948431 0.22425396
v -0.47288248 -0.78853586 0.28864847
v -0.46818278 -0.79842162 0.28864849
v -0.47288233 0.05948431 0.23605472
v -0.46808661 -0.78839170 0.29894829
v -0.46595722 -0.79654370 0.29705376
v -0.47288248 0.05948439 0.28864847
v -0.46808661 0.05948439 0.29894829
v -0.46808661 0.23546759 0.29894829
v -0.47288248 0.23546759 0.28864847
v -0.46808661 0.71132832 0.29894829
v -0.47288233 0.23546751 0.23602884
v -0.46825974 0.23546759 0.22425396
v -0.47288248 0.71161680 0.28864847
v -0.47288233 0.71190256 0.23593362
v -0.46825534 0.70530488 0.22425396
v -0.46813493 0.72140160 0.28864849
v -0.46595868 0.71948120 0.29705376
v -0.46818262 0.72148560 0.23608208
v -0.46351950 0.71665680 0.22425397
v -0.46827979 -0.79846378 0.23608501
v -0.45340768 -0.79820170 0.22425400
v -0.46359225 -0.79366258 0.22425495
v -0.45716260 -0.80251618 0.23593953
v -0.46818278 -0.79842162 0.28864849
v -0.33623777 -0.80251618 0.23591547
v -0.33623774 -0.79820698 0.22425434
v -0.26973926 -0.79821234 0.22425454
v -0.26973929 -0.80251618 0.23589027
v -0.20324070 -0.79821762 0.22425473
v -0.20324073 -0.80251618 0.23586606
v -0.13674270 -0.79822306 0.22425590
v -0.13674273 -0.80251618 0.23584184
v -0.07024557 -0.79822834 0.22425512
v -0.07024561 -0.80251618 0.23581664
v -0.00374701 -0.79823370 0.22425531
v -0.00374705 -0.80251618 0.23579242
v 0.06461331 -0.79822834 0.22425551
v 0.06461327 -0.80251618 0.23581703
v 0.13297267 -0.79822306 0.22425571
v 0.13297263 -0.80251618 0.23584263
v 0.20133403 -0.79821762 0.22425591
v 0.20133400 -0.80251618 0.23586724
v 0.26969483 -0.79821234 0.22425611
v 0.26969480 -0.80251618 0.23589185
v 0.33805523 -0.79820698 0.22425631
v 0.33805440 -0.80251618 0.23591744
v 0.45708643 -0.79820170 0.22425764
v -0.07024592 -0.80251618 0.34109206
v -0.00374735 -0.80251618 0.34109225
v 0.06461297 -0.80251618 0.34109245
v 0.13297234 -0.80251618 0.33582505
v 0.20133468 -0.80251618 0.32936141
v 0.26969455 -0.80251618 0.31921121
v 0.33805418 -0.80251618 0.30888229
v -0.13674302 -0.80251618 0.33582330
v -0.20324100 -0.80251618 0.32936023
v -0.26973953 -0.80251618 0.31920963
v -0.33623799 -0.80251618 0.30888032
v -0.45683658 -0.80251618 0.28864852
v -0.45650556 -0.79837962 0.29894832
v -0.46595722 -0.79654370 0.29705376
v -0.33623802 -0.79837962 0.31918008
v -0.26973956 -0.79837962 0.32950939
v -0.20324103 -0.79837962 0.33965999
v -0.13674305 -0.79837962 0.34612402
v -0.07024595 -0.79837962 0.35139182
v -0.00374738 -0.79837962 0.35139201
v 0.06461294 -0.79837962 0.35139221
v 0.13297231 -0.79837962 0.34612481
v 0.20133465 -0.79837962 0.33966117
v 0.26969452 -0.79837962 0.32951097
v 0.33805495 -0.79837962 0.31918205
v 0.46051505 -0.80251618 0.28865120
v 0.46018462 -0.79837962 0.29895100
v 0.46084240 -0.80251618 0.23594221
v 0.47186225 -0.79842162 0.28865123
v 0.46963742 -0.79654370 0.29705650
v 0.47195920 -0.79846378 0.23608775
v 0.46727203 -0.79366258 0.22425669
v -0.45320408 0.72112024 0.22425400
v -0.46818262 0.72148560 0.23608208
v -0.46351950 0.71665680 0.22425397
v -0.45683643 0.72545432 0.23623153
v -0.33623774 0.76274712 0.22425434
v -0.45667252 0.72545432 0.28864852
v -0.46813493 0.72140160 0.28864849
v -0.33623777 0.76708128 0.23623188
v -0.45650751 0.72131768 0.29894832
v -0.46595868 0.71948120 0.29705376
v -0.33623802 0.76294464 0.31918008
v -0.33623799 0.76708128 0.30888032
v -0.26973956 0.77788528 0.32950939
v -0.26973953 0.78202208 0.31920963
v -0.20324103 0.79079648 0.33965999
v -0.26973929 0.78202208 0.23623207
v -0.26973926 0.77768848 0.22425454
v -0.20324100 0.79493328 0.32936023
v -0.13674305 0.80012528 0.34612402
v -0.20324073 0.79493328 0.23623227
v -0.20324070 0.79059888 0.22425473
v -0.13674302 0.80426208 0.33582330
v -0.07024595 0.80759168 0.35139182
v -0.13674273 0.80426208 0.23623246
v -0.13674270 0.79992768 0.22425590
v -0.07024592 0.81172848 0.34109206
v -0.00374738 0.81042208 0.35139201
v -0.07024561 0.81172848 0.23623266
v -0.07024557 0.80739408 0.22425512
v -0.00374735 0.81455808 0.34109225
v 0.06461294 0.80759168 0.35139221
v -0.00374705 0.81455808 0.23623285
v -0.00374701 0.81022448 0.22425531
v 0.06461331 0.80739408 0.22425551
v 0.06461297 0.81172848 0.34109245
v 0.13297231 0.80012528 0.34612481
v 0.06461327 0.81172848 0.23623305
v 0.13297234 0.80426208 0.33582505
v 0.20133465 0.79079648 0.33966117
v 0.13297263 0.80426208 0.23623325
v 0.13297267 0.79992768 0.22425571
v 0.20133468 0.79493328 0.32936141
v 0.26969452 0.77788528 0.32951097
v 0.20133399 0.79493328 0.23623345
v 0.20133403 0.79059888 0.22425591
v 0.26969455 0.78202208 0.31921121
v 0.33805495 0.76294464 0.31918205
v 0.26969432 0.78202208 0.23623365
v 0.26969483 0.77768848 0.22425611
v 0.33805418 0.76708128 0.30888229
v 0.46018622 0.72131768 0.29895100
v 0.33805520 0.76708128 0.23623287
v 0.33805523 0.76274712 0.22425631
v 0.46035025 0.72545432 0.28865120
v 0.46051520 0.72545432 0.23623518
v 0.45688243 0.72112024 0.22425666
v 0.47186240 0.72148560 0.23608580
v 0.46719843 0.71665680 0.22425669
v 0.47181505 0.72140160 0.28865123
v 0.46963742 0.71948120 0.29705650
v -0.45650751 0.72131768 0.29894832
v -0.46808661 0.71132832 0.29894829
v -0.46595868 0.71948120 0.29705376
v -0.45650850 0.71133088 0.30321883
v -0.33623802 0.76294464 0.31918008
v -0.46808661 0.23546759 0.29894829
v -0.33623803 0.75295800 0.32345064
v -0.26973956 0.77788528 0.32950939
v -0.45650850 0.23546751 0.30321883
v -0.46808661 0.05948439 0.29894829
v -0.26973958 0.76789888 0.33377995
v -0.20324103 0.79079648 0.33965999
v -0.20324105 0.78081008 0.34393055
v -0.13674305 0.80012528 0.34612402
v -0.26973958 0.23546759 0.33377995
v -0.33022099 0.23546751 0.32438522
v -0.20324105 0.23546751 0.34393055
v -0.13674306 0.79013808 0.35039458
v -0.07024595 0.80759168 0.35139182
v -0.13674306 0.23546751 0.35039458
v -0.45650850 0.05948439 0.30321883
v -0.33022099 0.05948431 0.32438522
v -0.07024596 0.79760448 0.35566334
v -0.00374738 0.81042208 0.35139201
v -0.07628164 0.23546759 0.35518524
v -0.45650850 -0.78839298 0.30321883
v -0.46808661 -0.78839170 0.29894829
v -0.00374740 0.80043488 0.35566257
v -0.33623803 -0.78839298 0.32345064
v -0.26973958 0.05948431 0.33377995
v -0.45650556 -0.79837962 0.29894832
v -0.46595722 -0.79654370 0.29705376
v -0.33623802 -0.79837962 0.31918008
v -0.26973956 -0.79837962 0.32950939
v -0.26973958 -0.78839298 0.33377995
v -0.20324105 0.05948439 0.34393055
v -0.20324103 -0.79837962 0.33965999
v -0.20324105 -0.78839298 0.34393055
v -0.13674306 0.05948431 0.35039458
v -0.13674305 -0.79837962 0.34612402
v -0.13674306 -0.78839298 0.35039458
v -0.07024595 -0.79837962 0.35139182
v -0.07628164 0.05948431 0.35518524
v -0.07024596 -0.78839298 0.35566334
v -0.00374738 -0.79837962 0.35139201
v -0.00374740 -0.78839298 0.35566257
v 0.06461294 -0.79837962 0.35139221
v -0.00374740 0.05948431 0.35566257
v 0.06461292 -0.78839298 0.35566277
v 0.13297231 -0.79837962 0.34612481
v -0.00374740 0.23546759 0.35566257
v 0.06461292 0.05948431 0.35566277
v 0.13297230 -0.78839298 0.35039537
v 0.20133465 -0.79837962 0.33966117
v 0.06461292 0.79760448 0.35566277
v 0.06461294 0.80759168 0.35139221
v 0.06461292 0.23546759 0.35566277
v 0.13297230 0.79013808 0.35039537
v 0.13297231 0.80012528 0.34612481
v 0.13297230 0.05948431 0.35039537
v 0.13297230 0.23546759 0.35039537
v 0.20133464 0.78081008 0.34393173
v 0.20133465 0.79079648 0.33966117
v 0.20133464 0.23546759 0.34393173
v 0.26969451 0.76789888 0.33378153
v 0.26969452 0.77788528 0.32951097
v 0.20133464 0.05948423 0.34393173
v 0.33805494 0.75295800 0.32345261
v 0.26969451 0.23546759 0.33378153
v 0.20133464 -0.78839298 0.34393173
v 0.26969452 -0.79837962 0.32951097
v 0.33805494 0.23546759 0.32345261
v 0.26969451 0.05948423 0.33378153
v 0.26969451 -0.78839298 0.33378153
v 0.33805495 -0.79837962 0.31918205
v 0.33805494 0.05948423 0.32345261
v 0.33805494 -0.78839298 0.32345261
v 0.46018462 -0.79837962 0.29895100
v 0.46018860 0.23546759 0.30322053
v 0.46018860 0.05948423 0.30322053
v 0.46018860 -0.78839298 0.30322053
v 0.47176782 -0.78839170 0.29895103
v 0.46963742 -0.79654370 0.29705650
v 0.47176782 0.05948423 0.29895103
v 0.47176782 0.23546759 0.29895103
v 0.47176782 0.71132832 0.29895103
v 0.46963742 0.71948120 0.29705650
v 0.47194883 -0.78215010 0.22425670
v 0.46727203 -0.79366258 0.22425669
v 0.47195920 -0.79846378 0.23608775
v 0.47656160 -0.78867874 0.23623132
v 0.47194083 0.05948423 0.22425719
v 0.47656145 -0.78853586 0.28865222
v 0.47186225 -0.79842162 0.28865123
v 0.47656160 0.05948423 0.23605993
v 0.47194003 0.23546759 0.22425719
v 0.47176782 -0.78839170 0.29895103
v 0.46963742 -0.79654370 0.29705650
v 0.47656145 0.05948423 0.28865222
v 0.47176782 0.05948423 0.29895103
v 0.47656160 0.23546759 0.23603015
v 0.47656145 0.23546759 0.28865222
v 0.47176782 0.23546759 0.29895103
v 0.47176782 0.71132832 0.29895103
v 0.47193523 0.70530488 0.22425768
v 0.46719843 0.71665680 0.22425669
v 0.47656145 0.71161680 0.28865222
v 0.46963742 0.71948120 0.29705650
v -0.44885495 -0.77354194 0.22425401
v -0.45224948 -0.76396730 0.22425400
v -0.46826950 -0.78215010 0.22425396
v -0.45224948 0.05948431 0.22425400
v -0.46359225 -0.79366258 0.22425495
v -0.46826120 0.05948431 0.22425396
v -0.45340768 -0.79820170 0.22425400
v -0.46825974 0.23546759 0.22425396
v -0.44065964 -0.77750778 0.22425404
v -0.45224948 0.23546751 0.22425400
v -0.33623774 -0.79820698 0.22425434
v -0.33623774 -0.77750778 0.22425434
v -0.26973926 -0.77750778 0.22425454
v -0.26973926 -0.79821234 0.22425454
v -0.20324070 -0.77750778 0.22425473
v -0.20324070 -0.79821762 0.22425473
v -0.13674270 -0.77750778 0.22425590
v -0.13674270 -0.79822306 0.22425590
v -0.07024557 -0.77750778 0.22425512
v -0.07024557 -0.79822834 0.22425512
v -0.00374701 -0.77750778 0.22425531
v -0.00374701 -0.79823370 0.22425531
v 0.06461331 -0.77750778 0.22425551
v 0.06461331 -0.79822834 0.22425551
v 0.13297267 -0.77750778 0.22425571
v 0.13297267 -0.79822306 0.22425571
v 0.20133403 -0.77750778 0.22425591
v 0.20133403 -0.79821762 0.22425591
v 0.26969483 -0.77750778 0.22425611
v 0.26969483 -0.79821234 0.22425611
v 0.33805523 -0.77750778 0.22425631
v 0.33805523 -0.79820698 0.22425631
v 0.44433923 -0.77750778 0.22425662
v 0.45708643 -0.79820170 0.22425764
v 0.45253603 -0.77354194 0.22425762
v 0.46727203 -0.79366258 0.22425669
v 0.47194883 -0.78215010 0.22425670
v 0.45593043 -0.76396730 0.22425666
v 0.45593043 0.05948423 0.22425666
v 0.47194083 0.05948423 0.22425719
v 0.45593043 0.23546759 0.22425666
v 0.47194003 0.23546759 0.22425719
v 0.47193523 0.70530488 0.22425768
v 0.45593043 0.68611960 0.22425666
v 0.45253603 0.69680560 0.22425762
v 0.46719843 0.71665680 0.22425669
v 0.45688243 0.72112024 0.22425666
v 0.44433923 0.70123192 0.22425662
v 0.33805523 0.74285880 0.22425631
v 0.33805523 0.76274712 0.22425631
v 0.26969483 0.75779992 0.22425611
v 0.26969483 0.77768848 0.22425611
v 0.20133403 0.77071088 0.22425591
v 0.20133403 0.79059888 0.22425591
v 0.13297267 0.78003968 0.22425571
v 0.13297267 0.79992768 0.22425571
v 0.06461331 0.78750608 0.22425551
v 0.06461331 0.80739408 0.22425551
v -0.00374701 0.79033568 0.22425531
v -0.00374701 0.81022448 0.22425531
v -0.07024557 0.80739408 0.22425512
v -0.07024557 0.78750608 0.22425512
v -0.13674270 0.79992768 0.22425590
v -0.13674270 0.78003968 0.22425590
v -0.20324070 0.79059888 0.22425473
v -0.20324070 0.77071088 0.22425473
v -0.26973926 0.77768848 0.22425454
v -0.26973926 0.75779992 0.22425454
v -0.33623774 0.76274712 0.22425434
v -0.33623774 0.74285880 0.22425434
v -0.45320408 0.72112024 0.22425400
v -0.44065964 0.70123192 0.22425404
v -0.44885495 0.69680560 0.22425401
v -0.46351950 0.71665680 0.22425397
v -0.46825534 0.70530488 0.22425396
v -0.45224948 0.68611960 0.22425400
v 0.42938950 -0.39158697 0.34286388
v 0.42916977 -0.39314577 0.34128772
v 0.43362729 -0.40028689 0.34219396
v 0.41848227 0.64759312 0.35196056
v 0.42974008 0.64818200 0.34449670
v 0.43050570 0.64541528 0.34886096
v 0.40758774 -0.22252905 0.35414513
v 0.40500717 -0.37253593 0.36073986
v 0.40753402 -0.37131977 0.35384728
v 0.40509458 -0.22283329 0.36122619
v 0.40976938 -0.37375209 0.36632775
v 0.40989096 -0.22313713 0.36700256
v 0.40990610 -0.18891337 0.36708849
v 0.40510580 -0.18860937 0.36128869
v 0.40513559 0.13272747 0.36145665
v 0.40994809 0.13272747 0.36732092
v 0.40994809 0.16695165 0.36732092
v 0.40759458 -0.18830529 0.35418322
v 0.39964883 -0.18839217 0.31001479
v 0.39964883 -0.22266033 0.31001382
v 0.40761264 0.13272747 0.35428576
v 0.40513559 0.16695165 0.36145665
v 0.40510580 0.42832456 0.36128869
v 0.40990610 0.42862816 0.36708849
v 0.40989096 0.46285248 0.36700256
v 0.40761264 0.16695165 0.35428576
v 0.39964981 0.16686499 0.31001772
v 0.39964981 0.13259679 0.31001772
v 0.40759458 0.42802064 0.35418322
v 0.40509458 0.46254888 0.36122619
v 0.40500717 0.61240320 0.36073986
v 0.40976938 0.61361920 0.36632775
v 0.40753402 0.61118696 0.35384728
v 0.40758774 0.46224448 0.35414513
v 0.39964883 0.46215832 0.31001382
v 0.39964883 0.42788960 0.31001479
v 0.40989096 -0.22313713 0.36700256
v 0.42107699 -0.37415753 0.36644885
v 0.40976938 -0.37375209 0.36632775
v 0.42120932 -0.22323825 0.36718713
v 0.43163950 -0.37375209 0.36241076
v 0.43175962 -0.22313713 0.36308556
v 0.43177524 -0.18891337 0.36317150
v 0.42122592 -0.18901473 0.36728088
v 0.40990610 -0.18891337 0.36708849
v 0.40994809 0.13272747 0.36732092
v 0.42127182 0.13272747 0.36753576
v 0.43181723 0.13272747 0.36340392
v 0.43181723 0.16695165 0.36340392
v 0.42127182 0.16695165 0.36753576
v 0.40994809 0.16695165 0.36732092
v 0.40990610 0.42862816 0.36708849
v 0.42122592 0.42873096 0.36728088
v 0.43177524 0.42862816 0.36317150
v 0.43175962 0.46285248 0.36308556
v 0.42120932 0.46295320 0.36718713
v 0.40989096 0.46285248 0.36700256
v 0.40976938 0.61361920 0.36632775
v 0.42107699 0.61402464 0.36644885
v 0.43163950 0.61361920 0.36241076
v 0.43175962 -0.22313713 0.36308556
v 0.43416635 -0.37253593 0.35551720
v 0.43163950 -0.37375209 0.36241076
v 0.43425326 -0.22283329 0.35600353
v 0.42940366 -0.37131977 0.34993029
v 0.42945639 -0.22252905 0.35022716
v 0.43426401 -0.18860937 0.35606604
v 0.43177524 -0.18891337 0.36317150
v 0.43181723 0.13272747 0.36340392
v 0.42946322 -0.18830529 0.35026525
v 0.42158096 -0.22266033 0.30608511
v 0.42158096 -0.18839217 0.30608608
v 0.43429428 0.13272747 0.35623400
v 0.42948227 0.13272747 0.35036876
v 0.43429428 0.16695165 0.35623400
v 0.43181723 0.16695165 0.36340392
v 0.43177524 0.42862816 0.36317150
v 0.42948227 0.16695165 0.35036876
v 0.42158194 0.13259679 0.30608999
v 0.42158194 0.16686499 0.30608999
v 0.43426401 0.42832456 0.35606604
v 0.42946322 0.42802064 0.35026525
v 0.43425326 0.46254888 0.35600353
v 0.43175962 0.46285248 0.36308556
v 0.43163950 0.61361920 0.36241076
v 0.43416635 0.61240320 0.35551720
v 0.42945639 0.46224448 0.35022814
v 0.42940366 0.61118696 0.34993029
v 0.42158096 0.42788960 0.30608608
v 0.42158096 0.46215832 0.30608511
v 0.42945639 -0.22252905 0.35022716
v 0.41809653 -0.37091441 0.34980822
v 0.42940366 -0.37131977 0.34993029
v 0.41813852 -0.22242769 0.35004357
v 0.40753402 -0.37131977 0.35384728
v 0.40758774 -0.22252905 0.35414513
v 0.40758774 0.46224448 0.35414513
v 0.41809653 0.61078160 0.34980822
v 0.40753402 0.61118696 0.35384728
v 0.41813852 0.46214328 0.35004357
v 0.42940366 0.61118696 0.34993029
v 0.42945639 0.46224448 0.35022814
v 0.41686020 -0.39082665 0.34290685
v 0.42863657 -0.39400065 0.33827208
v 0.42916977 -0.39314577 0.34128772
v 0.41639633 -0.39156153 0.34031799
v 0.42754818 -0.39430913 0.33219104
v 0.41533237 -0.39184249 0.33437365
v 0.42304288 -0.39441761 0.30705093
v 0.41082852 -0.39195105 0.30923940
v 0.40311752 -0.39430913 0.33656701
v 0.39861270 -0.39441761 0.31142691
v 0.40420834 -0.39400065 0.34264709
v 0.40475473 -0.39314577 0.34566076
v 0.40509506 -0.39158697 0.34721545
v 0.41706479 -0.38954273 0.34404748
v 0.42938950 -0.39158697 0.34286388
v 0.43121420 -0.40055977 0.35286779
v 0.43050570 -0.40476753 0.34885119
v 0.41848031 -0.40694721 0.35195080
v 0.41926986 -0.40249033 0.35635998
v 0.43185141 -0.39512049 0.35641076
v 0.41996713 -0.39674361 0.36025353
v 0.40685581 -0.40055977 0.35723009
v 0.40748862 -0.39512049 0.36077502
v 0.40612680 -0.40476753 0.35321740
v 0.40533090 -0.40746345 0.34886096
v 0.41762241 -0.40981041 0.34715978
v 0.40436801 -0.40888505 0.34353088
v 0.42973862 -0.40746345 0.34448888
v 0.41660531 -0.41132225 0.34148400
v 0.40312680 -0.40934785 0.33661779
v 0.42879282 -0.40888505 0.33915588
v 0.41534360 -0.41181465 0.33443908
v 0.39861270 -0.40945657 0.31142691
v 0.42755746 -0.40934785 0.33224181
v 0.41082852 -0.41192321 0.30923940
v 0.42304288 -0.40945657 0.30705093
v 0.40539096 -0.38894553 0.34882092
v 0.40509506 -0.39158697 0.34721545
v 0.41706479 -0.38954273 0.34404748
v 0.41728745 -0.38714673 0.34529455
v 0.42938950 -0.39158697 0.34286388
v 0.40564340 -0.38540353 0.35031017
v 0.42966879 -0.38894553 0.34447228
v 0.41749497 -0.38389057 0.34645178
v 0.40585043 -0.38115129 0.35158361
v 0.42994955 -0.38540353 0.34595666
v 0.41767221 -0.37997049 0.34743811
v 0.40600814 -0.37637273 0.35256506
v 0.43019711 -0.38115129 0.34722326
v 0.41780795 -0.37556281 0.34819689
v 0.40610825 -0.37121057 0.35319299
v 0.43039047 -0.37637273 0.34819884
v 0.41789486 -0.37079545 0.34868127
v 0.43051450 -0.37121057 0.34882092
v 0.43239096 -0.38869641 0.35937463
v 0.43185141 -0.39512049 0.35641076
v 0.41996713 -0.39674361 0.36025353
v 0.42055161 -0.38996273 0.36351232
v 0.40748862 -0.39512049 0.36077502
v 0.40801206 -0.38869641 0.36374181
v 0.43280454 -0.38153009 0.36163635
v 0.42099692 -0.38239897 0.36600158
v 0.40840756 -0.38153009 0.36600548
v 0.42127622 -0.37438049 0.36756115
v 0.43306430 -0.37392033 0.36305529
v 0.40865658 -0.37392033 0.36742736
v 0.43576742 -0.37891305 0.35418029
v 0.43239096 -0.38869641 0.35937463
v 0.43280454 -0.38153009 0.36163635
v 0.43306430 -0.37392033 0.36305529
v 0.43594516 -0.37253593 0.35519884
v 0.40322836 -0.37253593 0.36105920
v 0.40600814 -0.37637273 0.35256506
v 0.40610825 -0.37121057 0.35319299
v 0.40304038 -0.37891305 0.36004162
v 0.40865658 -0.37392033 0.36742736
v 0.40585043 -0.38115129 0.35158361
v 0.40840756 -0.38153009 0.36600548
v 0.40274594 -0.38486961 0.35843420
v 0.40564340 -0.38540353 0.35031017
v 0.40801206 -0.38869641 0.36374181
v 0.40236313 -0.39019561 0.35633361
v 0.40539096 -0.38894553 0.34882092
v 0.40748862 -0.39512049 0.36077502
v 0.40191147 -0.39468065 0.35383849
v 0.40509506 -0.39158697 0.34721545
v 0.40685581 -0.40055977 0.35723009
v 0.40141391 -0.39811441 0.35104748
v 0.40475473 -0.39314577 0.34566076
v 0.40612680 -0.40476753 0.35321740
v 0.40088754 -0.40028689 0.34805822
v 0.40420834 -0.39400065 0.34264709
v 0.40533090 -0.40746345 0.34886096
v 0.40014340 -0.40144305 0.34383068
v 0.40311752 -0.39430913 0.33656701
v 0.40436801 -0.40888505 0.34353088
v 0.39898374 -0.40182857 0.33732971
v 0.39861270 -0.39441761 0.31142691
v 0.40312680 -0.40934785 0.33661779
v 0.39447452 -0.40193713 0.31216811
v 0.39861270 -0.40945657 0.31142691
v 0.43051450 -0.37121057 0.34882092
v 0.43039047 -0.37637273 0.34819884
v 0.43548666 -0.38486961 0.35256994
v 0.43019711 -0.38115129 0.34722326
v 0.43185141 -0.39512049 0.35641076
v 0.43511654 -0.39019561 0.35046740
v 0.42994955 -0.38540353 0.34595666
v 0.43121420 -0.40055977 0.35286779
v 0.43467514 -0.39468065 0.34797033
v 0.42966879 -0.38894553 0.34447228
v 0.43050570 -0.40476753 0.34885119
v 0.43417221 -0.39811441 0.34518029
v 0.42973862 -0.40746345 0.34448888
v 0.42879282 -0.40888505 0.33915588
v 0.43285825 -0.40144305 0.33797131
v 0.42755746 -0.40934785 0.33224181
v 0.42863657 -0.39400065 0.33827208
v 0.43168979 -0.40182857 0.33147131
v 0.42304288 -0.40945657 0.30705093
v 0.42754818 -0.39430913 0.33219104
v 0.42718057 -0.40193713 0.30630971
v 0.42304288 -0.39441761 0.30705093
v 0.41685825 0.63155656 0.34289123
v 0.40420688 0.63475776 0.34264123
v 0.40475424 0.63387232 0.34564708
v 0.41639486 0.63231904 0.34031115
v 0.42916489 0.63387232 0.34127502
v 0.40311752 0.63507784 0.33656506
v 0.42863462 0.63475776 0.33826623
v 0.41533237 0.63261104 0.33437268
v 0.39861270 0.63496896 0.31142691
v 0.42754818 0.63507784 0.33219006
v 0.41082852 0.63250232 0.30923940
v 0.42304288 0.63496896 0.30705093
v 0.41706234 0.63021456 0.34403674
v 0.40509799 0.63225280 0.34720276
v 0.42938266 0.63225280 0.34285314
v 0.40475424 0.63387232 0.34564708
v 0.40420688 0.63475776 0.34264123
v 0.40014340 0.64219976 0.34383068
v 0.39898374 0.64259712 0.33732971
v 0.40311752 0.63507784 0.33656506
v 0.39447452 0.64248848 0.31216811
v 0.39861270 0.63496896 0.31142691
v 0.39861270 0.65000808 0.31142691
v 0.40312680 0.65011632 0.33661779
v 0.40436898 0.64964128 0.34353380
v 0.40088657 0.64100792 0.34805822
v 0.40533334 0.64818200 0.34886877
v 0.40141147 0.63876864 0.35104846
v 0.40613022 0.64541528 0.35322716
v 0.40191000 0.63522920 0.35383947
v 0.40685922 0.64110008 0.35723693
v 0.40236166 0.63060616 0.35633459
v 0.40749057 0.63552280 0.36077990
v 0.40564535 0.62582408 0.35030529
v 0.40539438 0.62950584 0.34881212
v 0.40585190 0.62140552 0.35158068
v 0.40274545 0.62511640 0.35843420
v 0.40801352 0.62893592 0.36374475
v 0.40600814 0.61644136 0.35256408
v 0.40304038 0.61897640 0.36004162
v 0.40840756 0.62158824 0.36600744
v 0.40865658 0.61378336 0.36742736
v 0.40322836 0.61240320 0.36105920
v 0.40610727 0.61108184 0.35319201
v 0.40509799 0.63225280 0.34720276
v 0.42966342 0.62950584 0.34446545
v 0.42938266 0.63225280 0.34285314
v 0.41706234 0.63021456 0.34403674
v 0.41728696 0.62771088 0.34528869
v 0.40509799 0.63225280 0.34720276
v 0.42994565 0.62582408 0.34595275
v 0.40539438 0.62950584 0.34881212
v 0.41749497 0.62431344 0.34644884
v 0.43019516 0.62140552 0.34722131
v 0.40564535 0.62582408 0.35030529
v 0.41767123 0.62022624 0.34743712
v 0.40585190 0.62140552 0.35158068
v 0.43038950 0.61644136 0.34819689
v 0.41780795 0.61563256 0.34819689
v 0.43051401 0.61108184 0.34882092
v 0.41789486 0.61066728 0.34868127
v 0.40610727 0.61108184 0.35319201
v 0.40600814 0.61644136 0.35256408
v 0.40685922 0.64110008 0.35723693
v 0.40613022 0.64541528 0.35322716
v 0.41927133 0.64302816 0.35636779
v 0.40749057 0.63552280 0.36077990
v 0.41996762 0.63714376 0.36025842
v 0.43121371 0.64110008 0.35287560
v 0.43185043 0.63552280 0.35641662
v 0.41780795 0.61563256 0.34819689
v 0.41767123 0.62022624 0.34743712
v 0.40585190 0.62140552 0.35158068
v 0.40600814 0.61644136 0.35256408
v 0.41815902 0.13272747 0.35015490
v 0.40761264 0.13272747 0.35428576
v 0.40759458 -0.18830529 0.35418322
v 0.41814340 -0.18820401 0.35007384
v 0.42948227 0.13272747 0.35036876
v 0.42946322 -0.18830529 0.35026525
v 0.42946322 0.42802064 0.35026525
v 0.41815902 0.16695165 0.35015490
v 0.42948227 0.16695165 0.35036876
v 0.41814340 0.42791928 0.35007384
v 0.40761264 0.16695165 0.35428576
v 0.40759458 0.42802064 0.35418322
v 0.40801352 0.62893592 0.36374475
v 0.40749057 0.63552280 0.36077990
v 0.41996762 0.63714376 0.36025842
v 0.42055161 0.63020040 0.36351525
v 0.43185043 0.63552280 0.35641662
v 0.43239096 0.62893592 0.35937853
v 0.40840756 0.62158824 0.36600744
v 0.42099692 0.62245568 0.36600256
v 0.43280454 0.62158824 0.36163732
v 0.42127622 0.61424256 0.36756212
v 0.40865658 0.61378336 0.36742736
v 0.43306527 0.61378336 0.36305529
v 0.43594516 0.61240320 0.35519884
v 0.43038950 0.61644136 0.34819689
v 0.43051401 0.61108184 0.34882092
v 0.43576742 0.61897640 0.35418029
v 0.43306527 0.61378336 0.36305529
v 0.43019516 0.62140552 0.34722131
v 0.43280454 0.62158824 0.36163732
v 0.43548666 0.62511640 0.35256994
v 0.42994565 0.62582408 0.34595275
v 0.43239096 0.62893592 0.35937853
v 0.43511850 0.63060616 0.35046740
v 0.42966342 0.62950584 0.34446545
v 0.43185043 0.63552280 0.35641662
v 0.43467562 0.63522920 0.34797033
v 0.42938266 0.63225280 0.34285314
v 0.43121371 0.64110008 0.35287560
v 0.43417367 0.63876864 0.34518029
v 0.42916489 0.63387232 0.34127502
v 0.43050570 0.64541528 0.34886096
v 0.43362924 0.64100792 0.34219396
v 0.42863462 0.63475776 0.33826623
v 0.42974008 0.64818200 0.34449670
v 0.43285825 0.64219976 0.33797131
v 0.42754818 0.63507784 0.33219006
v 0.42879330 0.64964128 0.33915978
v 0.43168979 0.64259712 0.33147131
v 0.42304288 0.63496896 0.30705093
v 0.42755746 0.65011632 0.33224181
v 0.42718057 0.64248848 0.30630971
v 0.42304288 0.65000808 0.30705093
v 0.40312680 0.65011632 0.33661779
v 0.39861270 0.65000808 0.31142691
v 0.41082852 0.65247456 0.30923940
v 0.41534458 0.65258312 0.33444006
v 0.42304288 0.65000808 0.30705093
v 0.40436898 0.64964128 0.34353380
v 0.42755746 0.65011632 0.33224181
v 0.41660630 0.65207856 0.34148888
v 0.40533334 0.64818200 0.34886877
v 0.42879330 0.64964128 0.33915978
v 0.41762387 0.65052792 0.34716857
v 0.42945639 -0.22252905 0.35022716
v 0.42158096 -0.22266033 0.30608511
v 0.41060342 -0.22255873 0.30798452
v 0.41813852 -0.22242769 0.35004357
v 0.39964883 -0.22266033 0.31001382
v 0.40758774 -0.22252905 0.35414513
v 0.40759458 -0.18830529 0.35418322
v 0.39964883 -0.18839217 0.31001479
v 0.41060342 -0.18829057 0.30798550
v 0.41814340 -0.18820401 0.35007384
v 0.42158096 -0.18839217 0.30608608
v 0.42946322 -0.18830529 0.35026525
v 0.40758774 0.46224448 0.35414513
v 0.39964883 0.46215832 0.31001382
v 0.41060342 0.46205672 0.30798452
v 0.41813852 0.46214328 0.35004357
v 0.42158096 0.46215832 0.30608511
v 0.42945639 0.46224448 0.35022814
v 0.42946322 0.42802064 0.35026525
v 0.42158096 0.42788960 0.30608608
v 0.41060342 0.42778856 0.30798550
v 0.41814340 0.42791928 0.35007384
v 0.39964883 0.42788960 0.31001479
v 0.40759458 0.42802064 0.35418322
v 0.41815902 0.13272747 0.35015490
v 0.39964981 0.13259679 0.31001772
v 0.40761264 0.13272747 0.35428576
v 0.41060391 0.13259679 0.30798843
v 0.42948227 0.13272747 0.35036876
v 0.42158194 0.13259679 0.30608999
v 0.40761264 0.16695165 0.35428576
v 0.39964981 0.16686499 0.31001772
v 0.41060391 0.16686499 0.30798843
v 0.41815902 0.16695165 0.35015490
v 0.42158194 0.16686499 0.30608999
v 0.42948227 0.16695165 0.35036876
v 0.40753402 0.61118696 0.35384728
v 0.40610727 0.61108184 0.35319201
v 0.40322836 0.61240320 0.36105920
v 0.40500717 0.61240320 0.36073986
v 0.41809653 0.61078160 0.34980822
v 0.40865658 0.61378336 0.36742736
v 0.41789486 0.61066728 0.34868127
v 0.40976938 0.61361920 0.36632775
v 0.42940366 0.61118696 0.34993029
v 0.42127622 0.61424256 0.36756212
v 0.43051401 0.61108184 0.34882092
v 0.42107699 0.61402464 0.36644885
v 0.43416635 0.61240320 0.35551720
v 0.43306527 0.61378336 0.36305529
v 0.43594516 0.61240320 0.35519884
v 0.43163950 0.61361920 0.36241076
v 0.40753402 -0.37131977 0.35384728
v 0.40610825 -0.37121057 0.35319299
v 0.41789486 -0.37079545 0.34868127
v 0.41809653 -0.37091441 0.34980822
v 0.40500717 -0.37253593 0.36073986
v 0.43051450 -0.37121057 0.34882092
v 0.40322836 -0.37253593 0.36105920
v 0.42940366 -0.37131977 0.34993029
v 0.40976938 -0.37375209 0.36632775
v 0.43594516 -0.37253593 0.35519884
v 0.40865658 -0.37392033 0.36742736
v 0.43416635 -0.37253593 0.35551720
v 0.42107699 -0.37415753 0.36644885
v 0.43306430 -0.37392033 0.36305529
v 0.42127622 -0.37438049 0.36756115
v 0.43163950 -0.37375209 0.36241076
v -0.00406624 -0.81926696 -0.08759866
v -0.00406624 -0.81926696 -0.08760666
v -0.00405696 -0.81926696 -0.08760666
v -0.00405696 -0.81926696 -0.08759866
v -0.00406624 -0.81926696 -0.08759866
v -0.00406624 -0.81926696 -0.08760666
v -0.00405696 -0.81926696 -0.08760666
v -0.00405696 -0.81926696 -0.08759866
v -0.00406624 -0.81926696 -0.08759866
v -0.00406624 -0.81926696 -0.08760666
v -0.00405696 -0.81926696 -0.08760666
v -0.00405696 -0.81926696 -0.08759866
v 0.36822715 -0.42199031 0.09177788
v -0.36420782 -0.42199031 0.09177574
v -0.36420782 -0.20199781 0.09177574
v 0.36822715 -0.20199781 0.09177788
v 0.36822715 -0.20199781 0.09177788
v -0.36420782 -0.20199781 0.09177574
v -0.36420778 -0.20199781 0.07749210
v 0.36822720 -0.20199781 0.07749423
v 0.36822720 -0.20199781 0.07749423
v -0.36420778 -0.20199781 0.07749210
v -0.36420778 -0.42199031 0.07749210
v 0.36822720 -0.42199031 0.07749423
v 0.36822720 -0.42199031 0.07749423
v -0.36420778 -0.42199031 0.07749210
v -0.36420782 -0.42199031 0.09177574
v 0.36822715 -0.42199031 0.09177788
v -0.36420782 -0.42199031 0.09177574
v -0.36420778 -0.42199031 0.07749210
v -0.36420778 -0.20199781 0.07749210
v -0.36420782 -0.20199781 0.09177574
v 0.36822720 -0.42199031 0.07749423
v 0.36822715 -0.42199031 0.09177788
v 0.36822715 -0.20199781 0.09177788
v 0.36822720 -0.20199781 0.07749423
v -0.00406624 -0.81926696 -0.08759866
v -0.00406624 -0.81926696 -0.08760666
v -0.00405696 -0.81926696 -0.08760666
v -0.00405696 -0.81926696 -0.08759866
v -0.00406624 -0.81926696 -0.08759866
v -0.00406624 -0.81926696 -0.08760666
v -0.00405696 -0.81926696 -0.08760666
v -0.00405696 -0.81926696 -0.08759866
v -0.00406624 -0.81926696 -0.08759866
v -0.00406624 -0.81926696 -0.08760666
v -0.00405696 -0.81926696 -0.08760666
v -0.00405696 -0.81926696 -0.08759866
v -0.37017808 -0.23830885 0.09862913
v -0.37261312 -0.23643043 0.10038677
v -0.29504022 -0.23628761 0.12032971
v -0.29438837 -0.23830885 0.11831600
v -0.21568387 -0.23628761 0.13657337
v -0.37307287 -0.23635901 0.09761729
v -0.37261312 -0.23643043 0.10038677
v -0.37017808 -0.23830885 0.09862913
v -0.37017808 -0.21167542 0.09862913
v -0.37248304 -0.21362519 0.10042028
v -0.37307287 -0.21362519 0.09761729
v 0.37419713 -0.23830885 0.09863131
v 0.37650185 -0.23635901 0.10042247
v 0.37709194 -0.23635901 0.09761948
v 0.37709194 -0.21362519 0.09761948
v 0.37663241 -0.21355378 0.10038896
v 0.37419713 -0.21167542 0.09863131
v 0.37271010 -0.23626142 0.09482482
v 0.36921475 -0.23623499 0.09423952
v 0.37062322 -0.23830885 0.09600178
v 0.38587634 -0.44036543 0.09512163
v 0.39046306 -0.43653647 0.09504085
v 0.39046361 -0.43645759 -0.09266295
v 0.37267178 -0.19545258 0.09495929
v 0.36789316 -0.19931483 -0.07596830
v 0.37275797 -0.19545258 -0.07969852
v 0.36821327 -0.19545258 -0.08399454
v 0.36319229 -0.19929596 -0.07995567
v -0.35913316 -0.19932880 -0.07995778
v 0.38550577 -0.43176983 0.09899373
v 0.39046306 -0.43653647 0.09504085
v 0.38587634 -0.44036543 0.09512163
v -0.38148713 -0.19545258 -0.08908433
v -0.38644344 -0.19928175 -0.09274618
v -0.38185719 -0.19920204 -0.09669953
v -0.36865271 -0.19545258 0.09495712
v -0.38166487 -0.19545258 0.09495719
v -0.36873788 -0.19545258 -0.07970069
v -0.36387341 -0.19931483 -0.07597043
v -0.36872616 -0.42059255 0.09899143
v -0.36387391 -0.41656455 0.09499336
v -0.35920055 -0.42043727 0.09504625
v -0.36387341 -0.41652951 -0.07592355
v -0.35909404 -0.41652951 -0.07995778
v -0.35909405 -0.42043727 -0.07592354
v -0.37261312 -0.23643043 0.10038677
v -0.37307287 -0.23635901 0.09761729
v -0.37307287 -0.21362519 0.09761729
v -0.37248304 -0.21362519 0.10042028
v -0.36660439 -0.23830885 0.09599962
v -0.37307287 -0.23635901 0.09761729
v -0.36869103 -0.23626142 0.09482265
v -0.36521934 -0.23626142 0.09423213
v -0.29275844 -0.23830885 0.11196221
v -0.29222259 -0.23628761 0.10992419
v -0.21606831 -0.23830885 0.12424283
v -0.21568382 -0.23628761 0.12218056
v -0.21516970 -0.23830885 0.13453141
v -0.13773590 -0.23628761 0.14859995
v -0.13794921 -0.23830885 0.13254100
v -0.13773585 -0.23628761 0.13046053
v -0.13742629 -0.23830885 0.14652636
v -0.00406230 -0.23628761 0.15317419
v -0.00406225 -0.23830885 0.13569206
v -0.00406225 -0.23628761 0.13360298
v -0.00406230 -0.23830885 0.15108244
v 0.14175434 -0.23628761 0.14860077
v 0.14144579 -0.23830885 0.14652717
v 0.21970238 -0.23628761 0.13657464
v 0.14196751 -0.23830885 0.13254182
v 0.14175440 -0.23628761 0.13046134
v 0.21918847 -0.23830885 0.13453268
v 0.29905939 -0.23628761 0.12033145
v 0.22008746 -0.23830885 0.12424411
v 0.21970242 -0.23628761 0.12218183
v 0.29840731 -0.23830885 0.11831773
v 0.37650185 -0.23635901 0.10042247
v 0.37419713 -0.23830885 0.09863131
v 0.29677741 -0.23830885 0.11196393
v 0.29624182 -0.23628761 0.10992590
v 0.37709194 -0.23635901 0.09761948
v -0.37017808 -0.21167542 0.09862913
v -0.37307287 -0.21362519 0.09761729
v -0.36871079 -0.21374903 0.09483537
v -0.36660439 -0.21167542 0.09599962
v -0.36519542 -0.21374903 0.09423737
v -0.29222259 -0.21369685 0.10992419
v -0.29275844 -0.21167542 0.11196221
v -0.21568382 -0.21369685 0.12218056
v -0.21606831 -0.21167542 0.12424283
v -0.13773585 -0.21369685 0.13046053
v -0.13794921 -0.21167542 0.13254100
v -0.00406225 -0.21369685 0.13360298
v -0.00406225 -0.21167542 0.13569206
v 0.14175440 -0.21369685 0.13046134
v 0.14196751 -0.21167542 0.13254182
v 0.21970242 -0.21369685 0.12218183
v 0.22008746 -0.21167542 0.12424411
v 0.29624182 -0.21369685 0.10992590
v 0.29677741 -0.21167542 0.11196393
v 0.36921475 -0.21374903 0.09423952
v 0.37062322 -0.21167542 0.09600178
v 0.37272962 -0.21374903 0.09483754
v 0.37709194 -0.21362519 0.09761948
v -0.36519542 -0.21374903 0.09423737
v -0.36871079 -0.21374903 0.09483537
v -0.36869103 -0.23626142 0.09482265
v -0.36521934 -0.23626142 0.09423213
v -0.29222259 -0.23628761 0.10992419
v -0.29222259 -0.21369685 0.10992419
v -0.21568382 -0.21369685 0.12218056
v -0.21568382 -0.23628761 0.12218056
v -0.13773585 -0.21369685 0.13046053
v -0.13773585 -0.23628761 0.13046053
v -0.00406225 -0.21369685 0.13360298
v -0.00406225 -0.23628761 0.13360298
v 0.14175440 -0.23628761 0.13046134
v 0.14175440 -0.21369685 0.13046134
v 0.21970242 -0.23628761 0.12218183
v 0.21970242 -0.21369685 0.12218183
v 0.29624182 -0.23628761 0.10992590
v 0.29624182 -0.21369685 0.10992590
v 0.36921475 -0.21374903 0.09423952
v 0.36921475 -0.23623499 0.09423952
v 0.37272962 -0.21374903 0.09483754
v 0.37271010 -0.23626142 0.09482482
v 0.37709194 -0.23635901 0.09761948
v 0.37650185 -0.23635901 0.10042247
v 0.37663241 -0.21355378 0.10038896
v 0.37709194 -0.21362519 0.09761948
v 0.37419713 -0.21167542 0.09863131
v 0.29840731 -0.21167542 0.11831773
v 0.29905939 -0.21369685 0.12033145
v 0.37663241 -0.21355378 0.10038896
v 0.21970238 -0.21369685 0.13657464
v 0.21918847 -0.21167542 0.13453268
v 0.14175434 -0.21369685 0.14860077
v 0.14144579 -0.21167542 0.14652717
v -0.00406230 -0.21369685 0.15317419
v -0.00406230 -0.21167542 0.15108244
v -0.13773590 -0.21369685 0.14859995
v -0.13742629 -0.21167542 0.14652636
v -0.21568387 -0.21369685 0.13657337
v -0.21516970 -0.21167542 0.13453141
v -0.29504022 -0.21369685 0.12032971
v -0.29438837 -0.21167542 0.11831600
v -0.37248304 -0.21362519 0.10042028
v -0.37261312 -0.23643043 0.10038677
v -0.37248304 -0.21362519 0.10042028
v -0.29504022 -0.21369685 0.12032971
v -0.29504022 -0.23628761 0.12032971
v -0.21568387 -0.23628761 0.13657337
v -0.21568387 -0.21369685 0.13657337
v -0.13773590 -0.23628761 0.14859995
v -0.13773590 -0.21369685 0.14859995
v -0.00406230 -0.23628761 0.15317419
v -0.00406230 -0.21369685 0.15317419
v 0.14175434 -0.21369685 0.14860077
v 0.14175434 -0.23628761 0.14860077
v 0.21970238 -0.21369685 0.13657464
v 0.21970238 -0.23628761 0.13657464
v 0.29905939 -0.21369685 0.12033145
v 0.29905939 -0.23628761 0.12033145
v 0.37650185 -0.23635901 0.10042247
v 0.37663241 -0.21355378 0.10038896
v -0.36869103 -0.23626142 0.09482265
v -0.36871079 -0.21374903 0.09483537
v -0.37307287 -0.21362519 0.09761729
v -0.37307287 -0.23635901 0.09761729
v 0.37271010 -0.23626142 0.09482482
v 0.37709194 -0.23635901 0.09761948
v 0.37709194 -0.21362519 0.09761948
v 0.37272962 -0.21374903 0.09483754
v 0.39046306 -0.43653647 0.09504085
v 0.38550577 -0.43176983 0.09899373
v 0.38568441 -0.19936012 0.09899373
v 0.39046306 -0.19936012 0.09495949
v 0.38568442 -0.19545258 0.09495943
v 0.38568497 -0.44036543 -0.09266297
v 0.38568498 -0.43645759 -0.09669729
v 0.38109513 -0.43631231 0.09899372
v 0.38587634 -0.44036543 0.09512163
v -0.38176135 -0.44036543 0.09503829
v -0.37707608 -0.43631231 0.09899151
v -0.38644399 -0.43661527 0.09511994
v -0.38176135 -0.44036543 0.09503829
v -0.38166432 -0.44036543 -0.09266521
v -0.38644344 -0.43645759 -0.09266522
v -0.38166431 -0.43645759 -0.09669953
v -0.38148648 -0.43176983 0.09899149
v -0.38644399 -0.43661527 0.09511994
v -0.38644399 -0.19936012 0.09495722
v -0.38166488 -0.19936012 0.09899149
v 0.39046361 -0.19920325 -0.09282487
v 0.38578098 -0.19928101 -0.09669728
v 0.38550680 -0.19545258 -0.08908209
v 0.39046361 -0.19920325 -0.09282487
v -0.38644344 -0.19928175 -0.09274618
v -0.38148713 -0.19545258 -0.08908433
v -0.38166487 -0.19545258 0.09495719
v -0.38185719 -0.19920204 -0.09669953
v -0.38644344 -0.19928175 -0.09274618
v 0.38568497 -0.44036543 -0.09266297
v 0.38568498 -0.43645759 -0.09669729
v -0.38166431 -0.43645759 -0.09669953
v -0.38166432 -0.44036543 -0.09266521
v -0.38176135 -0.44036543 0.09503829
v 0.38587634 -0.44036543 0.09512163
v 0.38568442 -0.19545258 0.09495943
v 0.38568441 -0.19936012 0.09899373
v 0.37267177 -0.19936012 0.09899359
v 0.37267178 -0.19545258 0.09495929
v 0.37275797 -0.19545258 -0.07969852
v 0.38550680 -0.19545258 -0.08908209
v 0.37951049 -0.19545258 -0.09251226
v 0.36789316 -0.19931483 -0.07596830
v -0.36419634 -0.19545258 -0.08404212
v -0.37549056 -0.19545258 -0.09251447
v -0.38166488 -0.19936012 0.09899149
v -0.36865272 -0.19936012 0.09899143
v 0.36316642 -0.42043727 0.09500383
v 0.36770857 -0.42443543 0.09899358
v -0.36368984 -0.42443543 0.09899144
v -0.35920055 -0.42043727 0.09504625
v 0.36789266 -0.41659967 0.09503174
v 0.36316642 -0.42043727 0.09500383
v 0.36311444 -0.42043727 -0.07592143
v 0.36789316 -0.41652951 -0.07592142
v 0.36311445 -0.41652951 -0.07995567
v 0.37274521 -0.42059255 0.09899359
v 0.36789266 -0.41659967 0.09503174
v 0.36789266 -0.19936012 0.09495926
v 0.37267177 -0.19936012 0.09899359
v -0.36387391 -0.41656455 0.09499336
v -0.36872616 -0.42059255 0.09899143
v -0.36865272 -0.19936012 0.09899143
v -0.36387391 -0.19936012 0.09495712
v -0.36865271 -0.19545258 0.09495712
v -0.35920055 -0.42043727 0.09504625
v -0.36387391 -0.41656455 0.09499336
v -0.36873788 -0.19545258 -0.07970069
v -0.36387341 -0.19931483 -0.07597043
v 0.36319229 -0.19929596 -0.07995567
v 0.36789316 -0.19931483 -0.07596830
v -0.36387341 -0.19931483 -0.07597043
v -0.35913316 -0.19932880 -0.07995778
v -0.35909405 -0.42043727 -0.07592354
v -0.35909404 -0.41652951 -0.07995778
v 0.36311445 -0.41652951 -0.07995567
v 0.36311444 -0.42043727 -0.07592143
v -0.35920055 -0.42043727 0.09504625
v 0.36316642 -0.42043727 0.09500383
v 0.36319229 -0.19929596 -0.07995567
v 0.36311445 -0.41652951 -0.07995567
v -0.35909404 -0.41652951 -0.07995778
v -0.35913316 -0.19932880 -0.07995778
v -0.36387391 -0.41656455 0.09499336
v -0.36387391 -0.19936012 0.09495712
v -0.36387341 -0.19931483 -0.07597043
v -0.36387341 -0.41652951 -0.07592355
v 0.36789316 -0.41652951 -0.07592142
v 0.36789316 -0.19931483 -0.07596830
v 0.36789266 -0.19936012 0.09495926
v 0.36789266 -0.41659967 0.09503174
v 0.38578098 -0.19928101 -0.09669728
v -0.38185719 -0.19920204 -0.09669953
v -0.38166431 -0.43645759 -0.09669953
v 0.38568498 -0.43645759 -0.09669729
v -0.38644399 -0.43661527 0.09511994
v -0.38644344 -0.43645759 -0.09266522
v -0.38644344 -0.19928175 -0.09274618
v -0.38644399 -0.19936012 0.09495722
v 0.39046361 -0.43645759 -0.09266295
v 0.39046306 -0.43653647 0.09504085
v 0.39046306 -0.19936012 0.09495949
v 0.39046361 -0.19920325 -0.09282487
v 0.38568441 -0.19936012 0.09899373
v 0.37274521 -0.42059255 0.09899359
v 0.37267177 -0.19936012 0.09899359
v 0.36770857 -0.42443543 0.09899358
v 0.36789266 -0.41659967 0.09503174
v 0.36316642 -0.42043727 0.09500383
v 0.38109513 -0.43631231 0.09899372
v -0.36368984 -0.42443543 0.09899144
v -0.37707608 -0.43631231 0.09899151
v -0.38148648 -0.43176983 0.09899149
v -0.36865272 -0.19936012 0.09899143
v -0.38166488 -0.19936012 0.09899149
v -0.38644399 -0.43661527 0.09511994
v -0.38176135 -0.44036543 0.09503829
v 0.39046361 -0.19920325 -0.09282487
v 0.38578098 -0.19928101 -0.09669728
v -0.00406624 -0.81926696 -0.08759866
v -0.00406624 -0.81926696 -0.08760666
v -0.00405696 -0.81926696 -0.08760666
v -0.00405696 -0.81926696 -0.08759866
v -0.00406624 -0.81926705 -0.08759866
v -0.00406624 -0.81926705 -0.08760666
v -0.00405696 -0.81926705 -0.08760666
v -0.00405696 -0.81926705 -0.08759866
v -0.00406624 -0.81926705 -0.08759866
v -0.00406624 -0.81926705 -0.08760666
v -0.00405696 -0.81926705 -0.08760666
v -0.00405696 -0.81926705 -0.08759866
v -0.00406624 -0.81926705 -0.08759866
v -0.00406624 -0.81926705 -0.08760666
v -0.00405696 -0.81926705 -0.08760666
v -0.00405696 -0.81926705 -0.08759866
v -0.36420782 -0.67266561 0.09177574
v -0.36420782 -0.45267315 0.09177574
v 0.36822715 -0.45267315 0.09177788
v 0.36822715 -0.67266561 0.09177788
v -0.36420782 -0.45267315 0.09177574
v -0.36420778 -0.45267315 0.07749210
v 0.36822720 -0.45267315 0.07749423
v 0.36822715 -0.45267315 0.09177788
v -0.36420778 -0.45267315 0.07749210
v -0.36420778 -0.67266561 0.07749210
v 0.36822720 -0.67266561 0.07749423
v 0.36822720 -0.45267315 0.07749423
v -0.36420778 -0.67266561 0.07749210
v -0.36420782 -0.67266561 0.09177574
v 0.36822715 -0.67266561 0.09177788
v 0.36822720 -0.67266561 0.07749423
v 0.36822715 -0.67266561 0.09177788
v 0.36822715 -0.45267315 0.09177788
v 0.36822720 -0.45267315 0.07749423
v 0.36822720 -0.67266561 0.07749423
v -0.36420778 -0.67266561 0.07749210
v -0.36420778 -0.45267315 0.07749210
v -0.36420782 -0.45267315 0.09177574
v -0.36420782 -0.67266561 0.09177574
v -0.00406624 -0.81926705 -0.08759866
v -0.00406624 -0.81926705 -0.08760666
v -0.00405696 -0.81926705 -0.08760666
v -0.00405696 -0.81926705 -0.08759866
v -0.00406624 -0.81926705 -0.08759866
v -0.00406624 -0.81926705 -0.08760666
v -0.00405696 -0.81926705 -0.08760666
v -0.00405696 -0.81926705 -0.08759866
v -0.00406624 -0.81926705 -0.08759866
v -0.00406624 -0.81926705 -0.08760666
v -0.00405696 -0.81926705 -0.08760666
v -0.00405696 -0.81926705 -0.08759866
v -0.38176103 -0.44995656 -0.09669953
v 0.38587714 -0.44987762 -0.09669728
v 0.37951049 -0.44612768 -0.09251226
v -0.38166432 -0.69104073 -0.09266521
v 0.38568498 -0.68713297 -0.09669729
v -0.38166431 -0.68713297 -0.09669953
v 0.37709194 -0.48703435 0.09761948
v 0.37419713 -0.48898422 0.09863131
v 0.37663241 -0.48710576 0.10038896
v 0.37419713 -0.46235073 0.09863131
v 0.37709194 -0.46430056 0.09761948
v 0.37650185 -0.46430056 0.10042247
v -0.37017808 -0.48898422 0.09862913
v -0.37307287 -0.48703435 0.09761729
v -0.37248304 -0.48703435 0.10042028
v -0.37307287 -0.46430056 0.09761729
v -0.37017808 -0.46235073 0.09862913
v -0.37261312 -0.46422915 0.10038677
v -0.38644399 -0.68721177 0.09503858
v -0.38644399 -0.45003548 0.09495722
v -0.38166488 -0.45003548 0.09899149
v -0.38148648 -0.68244513 0.09899149
v -0.38185727 -0.69104073 0.09511939
v -0.38166432 -0.69104073 -0.09266521
v -0.38644344 -0.68713297 -0.09266522
v -0.38644399 -0.68721177 0.09503858
v -0.37707608 -0.68698761 0.09899151
v 0.38109513 -0.68698761 0.09899372
v 0.38578018 -0.69104073 0.09504053
v -0.38185727 -0.69104073 0.09511939
v 0.39046306 -0.68729057 0.09512221
v 0.39046361 -0.68713297 -0.09266295
v 0.38568497 -0.69104073 -0.09266297
v 0.38578018 -0.69104073 0.09504053
v 0.38550577 -0.68244513 0.09899373
v 0.38568441 -0.45003548 0.09899373
v 0.39046306 -0.45003548 0.09495949
v 0.39046306 -0.68729057 0.09512221
v -0.38644344 -0.44987859 -0.09282714
v -0.38166431 -0.68713297 -0.09669953
v -0.38176103 -0.44995656 -0.09669953
v -0.38148713 -0.44612768 -0.08908433
v -0.38644344 -0.44987859 -0.09282714
v -0.38166487 -0.44612768 0.09495719
v 0.39046361 -0.44995703 -0.09274391
v 0.38568442 -0.44612768 0.09495943
v 0.38550680 -0.44612768 -0.08908209
v 0.38587714 -0.44987762 -0.09669728
v 0.39046361 -0.44995703 -0.09274391
v 0.38568498 -0.68713297 -0.09669729
v 0.38568497 -0.69104073 -0.09266297
v 0.38578018 -0.69104073 0.09504053
v -0.38185727 -0.69104073 0.09511939
v -0.38166487 -0.44612768 0.09495719
v -0.36865271 -0.44612768 0.09495712
v -0.36865272 -0.45003548 0.09899143
v -0.38166488 -0.45003548 0.09899149
v 0.38568441 -0.45003548 0.09899373
v 0.37267177 -0.45003548 0.09899359
v 0.37267178 -0.44612768 0.09495929
v 0.38568442 -0.44612768 0.09495943
v 0.38550680 -0.44612768 -0.08908209
v 0.37275797 -0.44612768 -0.07969852
v 0.36821647 -0.44612768 -0.08403998
v 0.36315325 -0.45000368 -0.07995567
v 0.36789316 -0.44998995 -0.07596830
v 0.39046361 -0.44995703 -0.09274391
v -0.37549056 -0.44612768 -0.09251447
v -0.38644344 -0.44987859 -0.09282714
v -0.38148713 -0.44612768 -0.08908433
v -0.36419314 -0.44612768 -0.08399668
v -0.36873788 -0.44612768 -0.07970069
v -0.36387341 -0.44998995 -0.07597043
v -0.35917196 -0.44997176 -0.07995778
v -0.35914783 -0.67111257 0.09500172
v 0.36321986 -0.67111257 0.09504836
v 0.36770857 -0.67511081 0.09899358
v -0.36368984 -0.67511081 0.09899144
v -0.36387391 -0.66727505 0.09502960
v -0.35909405 -0.67111257 -0.07592354
v -0.35914783 -0.67111257 0.09500172
v -0.36387341 -0.66720489 -0.07592355
v -0.35909404 -0.66720489 -0.07995778
v -0.36872616 -0.67126785 0.09899143
v -0.36865272 -0.45003548 0.09899143
v -0.36387391 -0.45003548 0.09495712
v -0.36387391 -0.66727505 0.09502960
v 0.36789266 -0.66723993 0.09499550
v 0.36789266 -0.45003548 0.09495926
v 0.37267177 -0.45003548 0.09899359
v 0.37274521 -0.67126785 0.09899359
v 0.36321986 -0.67111257 0.09504836
v 0.36311444 -0.67111257 -0.07592143
v 0.36789316 -0.66720489 -0.07592142
v 0.36789266 -0.66723993 0.09499550
v 0.36789316 -0.44998995 -0.07596830
v 0.37275797 -0.44612768 -0.07969852
v 0.37267178 -0.44612768 0.09495929
v -0.36865271 -0.44612768 0.09495712
v -0.36873788 -0.44612768 -0.07970069
v -0.36387341 -0.44998995 -0.07597043
v -0.35917196 -0.44997176 -0.07995778
v -0.36387341 -0.44998995 -0.07597043
v 0.36789316 -0.44998995 -0.07596830
v 0.36311445 -0.66720489 -0.07995567
v 0.36315325 -0.45000368 -0.07995567
v 0.36311444 -0.67111257 -0.07592143
v -0.35909404 -0.66720489 -0.07995778
v 0.36311445 -0.66720489 -0.07995567
v -0.35909405 -0.67111257 -0.07592354
v 0.36321986 -0.67111257 0.09504836
v -0.35914783 -0.67111257 0.09500172
v -0.35917196 -0.44997176 -0.07995778
v 0.36315325 -0.45000368 -0.07995567
v 0.36311445 -0.66720489 -0.07995567
v -0.35909404 -0.66720489 -0.07995778
v 0.36789266 -0.66723993 0.09499550
v 0.36789316 -0.66720489 -0.07592142
v 0.36789316 -0.44998995 -0.07596830
v 0.36789266 -0.45003548 0.09495926
v -0.36387341 -0.66720489 -0.07592355
v -0.36387391 -0.66727505 0.09502960
v -0.36387391 -0.45003548 0.09495712
v -0.36387341 -0.44998995 -0.07597043
v -0.38176103 -0.44995656 -0.09669953
v -0.38166431 -0.68713297 -0.09669953
v 0.38568498 -0.68713297 -0.09669729
v 0.38587714 -0.44987762 -0.09669728
v 0.39046306 -0.68729057 0.09512221
v 0.39046306 -0.45003548 0.09495949
v 0.39046361 -0.44995703 -0.09274391
v 0.39046361 -0.68713297 -0.09266295
v -0.38644344 -0.68713297 -0.09266522
v -0.38644344 -0.44987859 -0.09282714
v -0.38644399 -0.45003548 0.09495722
v -0.38644399 -0.68721177 0.09503858
v -0.38166488 -0.45003548 0.09899149
v -0.36865272 -0.45003548 0.09899143
v -0.36872616 -0.67126785 0.09899143
v -0.38148648 -0.68244513 0.09899149
v -0.36368984 -0.67511081 0.09899144
v -0.36387391 -0.66727505 0.09502960
v -0.35914783 -0.67111257 0.09500172
v -0.37707608 -0.68698761 0.09899151
v 0.36770857 -0.67511081 0.09899358
v -0.38185727 -0.69104073 0.09511939
v -0.38644399 -0.68721177 0.09503858
v 0.38109513 -0.68698761 0.09899372
v 0.37274521 -0.67126785 0.09899359
v 0.36321986 -0.67111257 0.09504836
v 0.36789266 -0.66723993 0.09499550
v 0.38550577 -0.68244513 0.09899373
v 0.37267177 -0.45003548 0.09899359
v 0.38568441 -0.45003548 0.09899373
v 0.39046306 -0.68729057 0.09512221
v 0.38578018 -0.69104073 0.09504053
v 0.37663241 -0.48710576 0.10038896
v 0.37650185 -0.46430056 0.10042247
v 0.37709194 -0.46430056 0.09761948
v 0.37709194 -0.48703435 0.09761948
v 0.37419713 -0.48898422 0.09863131
v 0.29905939 -0.48696295 0.12033145
v 0.37663241 -0.48710576 0.10038896
v 0.29840731 -0.48898422 0.11831773
v 0.21970238 -0.48696295 0.13657464
v 0.21918847 -0.48898422 0.13453268
v 0.14175434 -0.48696295 0.14860077
v 0.14144579 -0.48898422 0.14652717
v -0.00406230 -0.48696295 0.15317419
v -0.00406230 -0.48898422 0.15108244
v -0.13773590 -0.48696295 0.14859995
v -0.13742629 -0.48898422 0.14652636
v -0.21568387 -0.48696295 0.13657337
v -0.21516970 -0.48898422 0.13453141
v -0.29504022 -0.48696295 0.12032971
v -0.29438837 -0.48898422 0.11831600
v -0.37248304 -0.48703435 0.10042028
v -0.37017808 -0.48898422 0.09862913
v 0.37419713 -0.46235073 0.09863131
v 0.37272962 -0.46442434 0.09483754
v 0.37709194 -0.46430056 0.09761948
v 0.37062322 -0.46235073 0.09600178
v 0.36921475 -0.46442434 0.09423952
v 0.36921475 -0.46442434 0.09423952
v 0.37271010 -0.48693676 0.09482482
v 0.37272962 -0.46442434 0.09483754
v 0.36923867 -0.48693676 0.09423428
v 0.29624182 -0.48696295 0.10992590
v 0.29624182 -0.46437197 0.10992590
v 0.21970242 -0.46437197 0.12218183
v 0.21970242 -0.48696295 0.12218183
v 0.14175440 -0.46437197 0.13046134
v 0.14175440 -0.48696295 0.13046134
v -0.00406225 -0.46437197 0.13360298
v -0.00406225 -0.48696295 0.13360298
v -0.13773585 -0.48696295 0.13046053
v -0.13773585 -0.46437197 0.13046053
v -0.21568382 -0.48696295 0.12218056
v -0.21568382 -0.46437197 0.12218056
v -0.29222259 -0.48696295 0.10992419
v -0.29222259 -0.46437197 0.10992419
v -0.36519542 -0.46442434 0.09423737
v -0.36519542 -0.48691058 0.09423737
v -0.36871079 -0.46442434 0.09483537
v -0.36869103 -0.48693676 0.09482265
v 0.29624182 -0.46437197 0.10992590
v 0.29677741 -0.46235073 0.11196393
v 0.21970242 -0.46437197 0.12218183
v 0.29840731 -0.46235073 0.11831773
v 0.37650185 -0.46430056 0.10042247
v 0.29905939 -0.46437197 0.12033145
v 0.22008746 -0.46235073 0.12424411
v 0.14175440 -0.46437197 0.13046134
v 0.21918847 -0.46235073 0.13453268
v 0.21970238 -0.46437197 0.13657464
v 0.14196751 -0.46235073 0.13254182
v -0.00406225 -0.46437197 0.13360298
v 0.14144579 -0.46235073 0.14652717
v 0.14175434 -0.46437197 0.14860077
v -0.00406225 -0.46235073 0.13569206
v -0.13773585 -0.46437197 0.13046053
v -0.00406230 -0.46235073 0.15108244
v -0.00406230 -0.46437197 0.15317419
v -0.13742629 -0.46235073 0.14652636
v -0.13773590 -0.46437197 0.14859995
v -0.13794921 -0.46235073 0.13254100
v -0.21568382 -0.46437197 0.12218056
v -0.21516970 -0.46235073 0.13453141
v -0.21568387 -0.46437197 0.13657337
v -0.21606831 -0.46235073 0.12424283
v -0.29222259 -0.46437197 0.10992419
v -0.29438837 -0.46235073 0.11831600
v -0.29504022 -0.46437197 0.12032971
v -0.29275844 -0.46235073 0.11196221
v -0.36519542 -0.46442434 0.09423737
v -0.37017808 -0.46235073 0.09862913
v -0.37261312 -0.46422915 0.10038677
v -0.36660439 -0.46235073 0.09599962
v -0.37307287 -0.46430056 0.09761729
v -0.36869103 -0.48693676 0.09482265
v -0.37307287 -0.48703435 0.09761729
v -0.36660439 -0.48898422 0.09599962
v -0.36519542 -0.48691058 0.09423737
v -0.29222259 -0.48696295 0.10992419
v -0.29275844 -0.48898422 0.11196221
v -0.21568382 -0.48696295 0.12218056
v -0.21606831 -0.48898422 0.12424283
v -0.13773585 -0.48696295 0.13046053
v -0.13794921 -0.48898422 0.13254100
v -0.00406225 -0.48696295 0.13360298
v -0.00406225 -0.48898422 0.13569206
v 0.14175440 -0.48696295 0.13046134
v 0.14196751 -0.48898422 0.13254182
v 0.21970242 -0.48696295 0.12218183
v 0.22008746 -0.48898422 0.12424411
v 0.29624182 -0.48696295 0.10992590
v 0.29677741 -0.48898422 0.11196393
v 0.36923867 -0.48693676 0.09423428
v 0.37062322 -0.48898422 0.09600178
v 0.37271010 -0.48693676 0.09482482
v 0.37709194 -0.48703435 0.09761948
v -0.37307287 -0.48703435 0.09761729
v -0.37307287 -0.46430056 0.09761729
v -0.37261312 -0.46422915 0.10038677
v -0.37248304 -0.48703435 0.10042028
v -0.36871079 -0.46442434 0.09483537
v 0.37663241 -0.48710576 0.10038896
v 0.29905939 -0.46437197 0.12033145
v 0.37650185 -0.46430056 0.10042247
v 0.29905939 -0.48696295 0.12033145
v 0.21970238 -0.48696295 0.13657464
v 0.21970238 -0.46437197 0.13657464
v 0.14175434 -0.48696295 0.14860077
v 0.14175434 -0.46437197 0.14860077
v -0.00406230 -0.48696295 0.15317419
v -0.00406230 -0.46437197 0.15317419
v -0.13773590 -0.46437197 0.14859995
v -0.13773590 -0.48696295 0.14859995
v -0.21568387 -0.46437197 0.13657337
v -0.21568387 -0.48696295 0.13657337
v -0.29504022 -0.46437197 0.12032971
v -0.29504022 -0.48696295 0.12032971
v -0.37248304 -0.48703435 0.10042028
v -0.37261312 -0.46422915 0.10038677
v 0.37271010 -0.48693676 0.09482482
v 0.37709194 -0.48703435 0.09761948
v 0.37709194 -0.46430056 0.09761948
v 0.37272962 -0.46442434 0.09483754
v -0.36869103 -0.48693676 0.09482265
v -0.36871079 -0.46442434 0.09483537
v -0.37307287 -0.46430056 0.09761729
v -0.37307287 -0.48703435 0.09761729
v -0.00406624 -0.81926705 -0.08759866
v -0.00406624 -0.81926705 -0.08760666
v -0.00405696 -0.81926705 -0.08760666
v -0.00405696 -0.81926705 -0.08759866
vt 0.50558440 0.78430000
vt 0.50558610 0.78430000
vt 0.50558610 0.78430000
vt 0.50558440 0.78430000
vt 0.49798510 0.78430000
vt 0.49798680 0.78430000
vt 0.49798680 0.78430000
vt 0.49798510 0.78430000
vt 0.98212000 0.69640000
vt 0.98213000 0.69640000
vt 0.98213000 0.69640000
vt 0.98212000 0.69640000
vt 0.47427000 0.86475970
vt 0.81284000 0.86475970
vt 0.81284000 0.37090030
vt 0.47427000 0.37090030
vt 0.65110000 0.08833575
vt 0.47427000 0.08833575
vt 0.65110000 0.59401440
vt 0.47427000 0.59401440
vt 0.47427000 0.03844600
vt 0.65110000 0.03844600
vt 0.81284000 0.76266200
vt 0.47427000 0.76266200
vt 0.81284000 0.28766200
vt 0.47427000 0.28766200
vt 0.07702000 0.76265900
vt 0.07702000 0.28766200
vt 0.73844000 0.28766200
vt 0.73844000 0.76265600
vt 0.90018000 0.03844620
vt 0.07702000 0.03844620
vt 0.07702000 0.59401440
vt 0.90018000 0.59401440
vt 0.90018000 0.08833590
vt 0.07702000 0.08833590
vt 0.07702000 0.37090040
vt 0.73844000 0.37090040
vt 0.73844000 0.86475960
vt 0.07702000 0.86475960
vt 0.00243000 0.86476020
vt 0.34101000 0.86476020
vt 0.34101000 0.37090060
vt 0.00243000 0.37090060
vt 0.17927000 0.08833593
vt 0.00243000 0.08833593
vt 0.17927000 0.59401440
vt 0.00243000 0.59401440
vt 0.00243000 0.03844600
vt 0.17927000 0.03844600
vt 0.34101000 0.76266200
vt 0.00243000 0.76266200
vt 0.34101000 0.28766100
vt 0.00243000 0.28766100
vt 0.46059000 0.26248250
vt 0.46059000 0.78748600
vt 0.12199000 0.78748600
vt 0.12199000 0.26247930
vt 0.28374000 0.53826900
vt 0.46059000 0.53826900
vt 0.46059000 0.09383672
vt 0.28374000 0.09383672
vt 0.28374000 0.58815750
vt 0.46059000 0.58815750
vt 0.46059000 0.87072180
vt 0.12199000 0.87072180
vt 0.12199000 0.36458000
vt 0.46059000 0.36458000
vt 0.13558000 0.36458300
vt 0.00980000 0.36458300
vt 0.00980000 0.87072310
vt 0.13558000 0.87072310
vt 0.84805000 0.58815820
vt 0.13558000 0.58815820
vt 0.84805000 0.09383661
vt 0.13558000 0.09383661
vt 0.13558000 0.53826820
vt 0.84805000 0.53826820
vt 0.00980000 0.26248380
vt 0.13558000 0.26248380
vt 0.00980000 0.78748300
vt 0.13558000 0.78748300
vt 0.83590000 0.26248130
vt 0.83590000 0.78748400
vt 0.96169000 0.78748400
vt 0.96169000 0.26247810
vt 0.12343000 0.53826830
vt 0.83590000 0.53826830
vt 0.83590000 0.09383672
vt 0.12343000 0.09383672
vt 0.12343000 0.58815820
vt 0.83590000 0.58815820
vt 0.83590000 0.87072290
vt 0.96169000 0.87072290
vt 0.96169000 0.36458200
vt 0.83590000 0.36458200
vt 0.85516000 0.59220000
vt 0.85516000 0.59220000
vt 0.85516000 0.59220000
vt 0.85516000 0.59220000
vt 0.60289000 0.34390030
vt 0.58756000 0.30850150
vt 0.18264000 0.31167910
vt 0.10773000 0.54379300
vt 0.08393000 0.53431500
vt 0.08393000 0.54379300
vt 0.05418000 0.53431500
vt 0.06013000 0.54379300
vt 0.18139000 0.54379600
vt 0.15759000 0.53431800
vt 0.15759000 0.54379600
vt 0.12784000 0.53431800
vt 0.13379000 0.54379600
vt 0.25505000 0.54380300
vt 0.23125000 0.53432600
vt 0.23125000 0.54380300
vt 0.20150000 0.53432600
vt 0.20745000 0.54380300
vt 0.63333000 0.77174600
vt 0.63331000 0.80984400
vt 0.66598000 0.79428700
vt 0.66567000 0.75830400
vt 0.63333000 0.65831400
vt 0.66567000 0.65831400
vt 0.66567000 0.45179600
vt 0.63333000 0.45179600
vt 0.63333000 0.25604200
vt 0.66567000 0.25604200
vt 0.66567000 0.01382000
vt 0.63333000 0.01382000
vt 0.66567000 0.91526000
vt 0.63333000 0.91526000
vt 0.63333000 0.68146800
vt 0.66567000 0.68146800
vt 0.63333000 0.44768000
vt 0.66567000 0.44768000
vt 0.63333000 0.19536800
vt 0.66567000 0.19536800
vt 0.66567000 0.94305490
vt 0.63333000 0.94305490
vt 0.63333000 0.84449330
vt 0.66567000 0.84449330
vt 0.63333000 0.60226940
vt 0.66567000 0.60226940
vt 0.63333000 0.40651620
vt 0.66567000 0.40651620
vt 0.66567000 0.20000150
vt 0.63333000 0.20000150
vt 0.66567000 0.10000660
vt 0.63333000 0.08656883
vt 0.66598000 0.06402481
vt 0.63331000 0.04846370
vt 0.55814000 0.01324580
vt 0.52662000 0.00065370
vt 0.52682000 0.02932740
vt 0.55843000 0.04308630
vt 0.55843000 0.54708450
vt 0.52682000 0.54708450
vt 0.55843000 0.84299500
vt 0.52681000 0.82898490
vt 0.52681000 0.13824000
vt 0.55843000 0.14012100
vt 0.90306000 0.84299500
vt 0.55843000 0.33381300
vt 0.52681000 0.34748700
vt 0.92477000 0.14030600
vt 0.95708000 0.84299500
vt 0.95708000 0.14111900
vt 0.96693000 0.33328100
vt 0.93492000 0.33328400
vt 0.55814000 0.36365400
vt 0.52660000 0.37612600
vt 0.93492000 0.36349800
vt 0.96104000 0.35794400
vt 0.43790000 0.76329400
vt 0.46986000 0.77876700
vt 0.46982000 0.74132700
vt 0.43820000 0.72812800
vt 0.04314000 0.76291500
vt 0.43820000 0.63041000
vt 0.46982000 0.63041000
vt 0.46982000 0.42858500
vt 0.04314000 0.72683100
vt 0.04314000 0.63041000
vt 0.01072000 0.72682500
vt 0.01668000 0.75628000
vt 0.01072000 0.63041000
vt 0.43820000 0.42858500
vt 0.04314000 0.42858500
vt 0.01072000 0.42858500
vt 0.01072000 0.23728000
vt 0.43820000 0.23728000
vt 0.46982000 0.23728000
vt 0.46982000 0.00056200
vt 0.04314000 0.23728000
vt 0.43820000 0.00056200
vt 0.46981000 0.90424200
vt 0.19690000 0.00000000
vt 0.16536000 0.99810100
vt 0.43820000 0.90424200
vt 0.21902000 0.90390100
vt 0.18661000 0.90291800
vt 0.18661000 0.67510400
vt 0.21902000 0.67559200
vt 0.18661000 0.44728700
vt 0.43820000 0.67576300
vt 0.46981000 0.67576300
vt 0.21902000 0.44728700
vt 0.43820000 0.44728700
vt 0.46981000 0.44728700
vt 0.46981000 0.20070900
vt 0.43820000 0.20070900
vt 0.46981000 0.95412970
vt 0.21902000 0.20087700
vt 0.18661000 0.20137000
vt 0.43820000 0.95412970
vt 0.21902000 0.95446460
vt 0.18661000 0.95545160
vt 0.16536000 0.86026640
vt 0.19690000 0.85836650
vt 0.01072000 0.62108870
vt 0.43820000 0.85780760
vt 0.46982000 0.85780760
vt 0.04314000 0.62108870
vt 0.43820000 0.62108870
vt 0.46982000 0.62108870
vt 0.46982000 0.42978360
vt 0.43820000 0.42978360
vt 0.46982000 0.22796140
vt 0.04314000 0.42978360
vt 0.01072000 0.42978360
vt 0.43820000 0.22796140
vt 0.46982000 0.11704210
vt 0.04314000 0.22796140
vt 0.01072000 0.22796140
vt 0.43820000 0.13023950
vt 0.04314000 0.13153670
vt 0.01072000 0.13154450
vt 0.04314000 0.09545457
vt 0.01668000 0.10209120
vt 0.43790000 0.09507477
vt 0.46986000 0.07960200
vt 0.32629000 0.33957200
vt 0.33293000 0.36456300
vt 0.36240000 0.37019100
vt 0.36239000 0.33957600
vt 0.32629000 0.11829670
vt 0.36239000 0.10320310
vt 0.45883000 0.38223500
vt 0.45883000 0.41284900
vt 0.66070000 0.47688600
vt 0.45883000 0.10444830
vt 0.66070000 0.44627100
vt 0.85204000 0.48818600
vt 0.85204000 0.51880100
vt 0.09128000 0.56214500
vt 0.09458000 0.53153000
vt 0.09497000 0.07203174
vt 0.18746000 0.54540600
vt 0.85091000 0.10768050
vt 0.66070000 0.10643360
vt 0.45883000 0.75296630
vt 0.42452000 0.75455890
vt 0.32629000 0.11829670
vt 0.32629000 0.81621340
vt 0.66070000 0.74840400
vt 0.84992000 0.74681160
vt 0.09184000 0.64521690
vt 0.18811000 0.06918108
vt 0.18840000 0.62694000
vt 0.41531000 0.62682890
vt 0.41516000 0.06923926
vt 0.41483000 0.57232300
vt 0.64222000 0.62671780
vt 0.64222000 0.58252100
vt 0.64222000 0.06929743
vt 0.88722000 0.62682890
vt 0.88770000 0.57232300
vt 0.88737000 0.06923926
vt 0.13254000 0.06918108
vt 0.13224000 0.62694000
vt 0.13319000 0.54540600
vt 0.22881000 0.64521690
vt 0.22606000 0.53153000
vt 0.22567000 0.07203174
vt 0.47073000 0.74681160
vt 0.46973000 0.10768050
vt 0.65994000 0.74840380
vt 0.46860000 0.48818600
vt 0.22937000 0.56214500
vt 0.46860000 0.51880100
vt 0.65994000 0.47688600
vt 0.65994000 0.10643360
vt 0.65994000 0.44627100
vt 0.86181000 0.41284900
vt 0.86181000 0.38223500
vt 0.95825000 0.36875600
vt 0.86181000 0.10444830
vt 0.86181000 0.75296630
vt 0.95826000 0.10320310
vt 0.89612000 0.75455890
vt 0.95826000 0.33814000
vt 0.99435000 0.11829670
vt 0.99435000 0.81621340
vt 0.99435000 0.33813700
vt 0.98771000 0.36312700
vt 0.35936000 0.17858100
vt 0.21511000 0.77603180
vt 0.35905000 0.77578070
vt 0.21478000 0.10494700
vt 0.22353000 0.17963700
vt 0.27644000 0.24297100
vt 0.66228000 0.41276400
vt 0.35936000 0.41268300
vt 0.14194000 0.99479600
vt 0.16722000 0.90194300
vt 0.16722000 0.67461700
vt 0.16722000 0.44728700
vt 0.16722000 0.20185600
vt 0.16722000 0.95642230
vt 0.14194000 0.86357260
vt 0.95036000 0.51486200
vt 0.05320000 0.41849700
vt 0.93472000 0.45755500
vt 0.05775000 0.03106100
vt 0.93472000 0.03106100
vt 0.45352000 0.92275400
vt 0.39282000 0.80721400
vt 0.15872000 0.80719800
vt 0.15872000 0.92275400
vt 0.75593000 0.80731400
vt 0.66036000 0.92275400
vt 0.63064000 0.90843200
vt 0.61832000 0.87385000
vt 0.75593000 0.77775300
vt 0.61832000 0.77775300
vt 0.75593000 0.57927500
vt 0.61832000 0.57927600
vt 0.61832000 0.39114600
vt 0.75593000 0.35703100
vt 0.75593000 0.13718000
vt 0.61832000 0.15835500
vt 0.75593000 0.04772200
vt 0.61832000 0.06363300
vt 0.75593000 0.83099400
vt 0.61832000 0.83894400
vt 0.61832000 0.61425900
vt 0.75593000 0.61425900
vt 0.61832000 0.37177200
vt 0.75593000 0.37972600
vt 0.61832000 0.12928300
vt 0.75593000 0.14519200
vt 0.61832000 0.03456000
vt 0.75593000 0.05573500
vt 0.61832000 0.80176780
vt 0.75593000 0.83588540
vt 0.61832000 0.61363730
vt 0.75593000 0.61363730
vt 0.75593000 0.41516360
vt 0.61832000 0.41516360
vt 0.61832000 0.31906220
vt 0.75593000 0.38560210
vt 0.63064000 0.28448180
vt 0.66036000 0.27016220
vt 0.15872000 0.27016220
vt 0.15872000 0.38571580
vt 0.45352000 0.27016220
vt 0.39282000 0.38570060
vt 0.10793000 0.01379240
vt 0.13925000 0.02987440
vt 0.13945000 0.00120010
vt 0.10764000 0.04363360
vt 0.10764000 0.54768790
vt 0.13926000 0.54768790
vt 0.10764000 0.84360950
vt 0.13926000 0.82959870
vt 0.13926000 0.13886500
vt 0.10764000 0.14074600
vt 0.76295000 0.84360950
vt 0.10764000 0.33310300
vt 0.13927000 0.34677700
vt 0.74126000 0.14093100
vt 0.73078000 0.84360950
vt 0.70895000 0.14174400
vt 0.69910000 0.33257000
vt 0.73111000 0.33257400
vt 0.10793000 0.36294500
vt 0.13947000 0.37541700
vt 0.73111000 0.36278900
vt 0.70498000 0.35723400
vt 0.55880000 0.37131100
vt 0.55910000 0.96851580
vt 0.70305000 0.96876760
vt 0.70338000 0.29767800
vt 0.69464000 0.37236800
vt 0.64172000 0.43570100
vt 0.25588000 0.60549400
vt 0.55880000 0.60541200
vt 0.06342000 0.50203100
vt 0.07907000 0.46788700
vt 0.96058000 0.42882800
vt 0.95603000 0.04138300
vt 0.07907000 0.04138300
vt 0.60289000 0.82335800
vt 0.18264000 0.85557600
vt 0.58756000 0.85875400
vt 0.18294000 0.82335800
vt 0.64680000 0.61506200
vt 0.12744000 0.82335800
vt 0.12711000 0.85434200
vt 0.18382000 0.61506200
vt 0.12848000 0.61506200
vt 0.66213000 0.41982200
vt 0.12882000 0.41762700
vt 0.18412000 0.41847000
vt 0.18398000 0.18579700
vt 0.53751000 0.17020800
vt 0.12882000 0.17332000
vt 0.51660000 0.07056600
vt 0.18401000 0.07388400
vt 0.12882000 0.07391300
vt 0.51678000 0.83644000
vt 0.12882000 0.83811000
vt 0.18400000 0.83809900
vt 0.51694000 0.60231100
vt 0.12882000 0.60231100
vt 0.18400000 0.60231100
vt 0.18400000 0.34784100
vt 0.51678000 0.34950300
vt 0.12882000 0.34782900
vt 0.18401000 0.09337200
vt 0.12882000 0.09334600
vt 0.51660000 0.09669100
vt 0.12882000 0.99393600
vt 0.18398000 0.98146030
vt 0.53751000 0.99704870
vt 0.12882000 0.74962930
vt 0.66213000 0.74743570
vt 0.18412000 0.74878420
vt 0.18382000 0.55219240
vt 0.64680000 0.55219240
vt 0.12848000 0.55219240
vt 0.18294000 0.34390030
vt 0.12744000 0.34390030
vt 0.12711000 0.31291530
vt 0.88187000 0.79417000
vt 0.73792000 0.79386900
vt 0.73787000 0.76460800
vt 0.88181000 0.76460800
vt 0.73777000 0.56612900
vt 0.88165000 0.56612900
vt 0.88158000 0.34388500
vt 0.73773000 0.34388500
vt 0.73773000 0.12403300
vt 0.88158000 0.12403300
vt 0.73773000 0.03457500
vt 0.88158000 0.03457500
vt 0.73773000 0.81784500
vt 0.88158000 0.81784500
vt 0.88158000 0.60111000
vt 0.73773000 0.60111000
vt 0.88158000 0.36657600
vt 0.73773000 0.36657600
vt 0.88158000 0.13204100
vt 0.73773000 0.13204100
vt 0.88158000 0.04258400
vt 0.73773000 0.04258400
vt 0.88158000 0.82273390
vt 0.73773000 0.82273390
vt 0.88165000 0.60048510
vt 0.73777000 0.60048510
vt 0.73787000 0.40201080
vt 0.88181000 0.40201080
vt 0.88187000 0.37244960
vt 0.73792000 0.37274670
vt 0.05097000 0.09697800
vt 0.02398000 0.09697800
vt 0.01723000 0.10624700
vt 0.05097000 0.10624700
vt 0.05097000 0.43824600
vt 0.01723000 0.43824600
vt 0.07090000 0.08192100
vt 0.04710000 0.09139800
vt 0.07685000 0.09139800
vt 0.04710000 0.08192100
vt 0.01735000 0.09139800
vt 0.02330000 0.08192100
vt 0.04918000 0.43840500
vt 0.07617000 0.43840500
vt 0.07617000 0.42913400
vt 0.04243000 0.42913400
vt 0.04243000 0.09682000
vt 0.07617000 0.09682000
vt 0.07685000 0.45330400
vt 0.04710000 0.45330400
vt 0.04710000 0.45330400
vt 0.01735000 0.45330400
vt 0.27383000 0.78678500
vt 0.24767000 0.80934600
vt 0.27383000 0.81869100
vt 0.23684000 0.78678500
vt 0.24767000 0.76422400
vt 0.27383000 0.75487800
vt 0.05406000 0.09678400
vt 0.08780000 0.10605500
vt 0.08105000 0.09678400
vt 0.05406000 0.10605500
vt 0.05406000 0.43844100
vt 0.08780000 0.43844100
vt 0.11368000 0.53431500
vt 0.11368000 0.17239300
vt 0.08393000 0.17239300
vt 0.08393000 0.17239300
vt 0.05418000 0.17239300
vt 0.10625000 0.52886200
vt 0.07926000 0.51959100
vt 0.07926000 0.52886200
vt 0.11300000 0.51959100
vt 0.11300000 0.18732300
vt 0.07926000 0.18732300
vt 0.24845000 0.73058600
vt 0.24845000 0.76251500
vt 0.27464000 0.75316300
vt 0.28548000 0.73058600
vt 0.27464000 0.70800900
vt 0.24845000 0.69865700
vt 0.12463000 0.18744500
vt 0.09764000 0.18744500
vt 0.09089000 0.19671500
vt 0.12463000 0.19671500
vt 0.12463000 0.52874000
vt 0.09089000 0.52874000
vt 0.14456000 0.17243500
vt 0.12076000 0.18191200
vt 0.15051000 0.18191200
vt 0.12076000 0.17243500
vt 0.09101000 0.18191200
vt 0.09696000 0.17243500
vt 0.12284000 0.52883800
vt 0.14983000 0.52883800
vt 0.14983000 0.51956600
vt 0.11609000 0.51956600
vt 0.11609000 0.18734800
vt 0.14983000 0.18734800
vt 0.15051000 0.54375000
vt 0.12076000 0.54375000
vt 0.12076000 0.54375000
vt 0.09101000 0.54375000
vt 0.29710000 0.73058700
vt 0.27094000 0.75314800
vt 0.29710000 0.76249200
vt 0.26010000 0.73058700
vt 0.27094000 0.70802500
vt 0.29710000 0.69868000
vt 0.12772000 0.18724800
vt 0.16146000 0.19652000
vt 0.15472000 0.18724800
vt 0.12772000 0.19652000
vt 0.12772000 0.52893700
vt 0.16146000 0.52893700
vt 0.18734000 0.53431800
vt 0.18734000 0.17239000
vt 0.15759000 0.17239000
vt 0.15759000 0.17239000
vt 0.12784000 0.17239000
vt 0.17992000 0.52902300
vt 0.15292000 0.51975000
vt 0.15292000 0.52902300
vt 0.18667000 0.51975000
vt 0.18667000 0.18716200
vt 0.15292000 0.18716200
vt 0.27177000 0.73058700
vt 0.27177000 0.76243100
vt 0.29787000 0.75310500
vt 0.30869000 0.73058700
vt 0.29787000 0.70806800
vt 0.27177000 0.69874100
vt 0.19830000 0.18740200
vt 0.17130000 0.18740200
vt 0.16455000 0.19667200
vt 0.19830000 0.19667200
vt 0.19830000 0.52878300
vt 0.16455000 0.52878300
vt 0.21822000 0.17242100
vt 0.19442000 0.18189900
vt 0.22417000 0.18189900
vt 0.19442000 0.17242100
vt 0.16467000 0.18189900
vt 0.17062000 0.17242100
vt 0.19650000 0.52883800
vt 0.22350000 0.52883800
vt 0.22350000 0.51956600
vt 0.18975000 0.51956600
vt 0.18975000 0.18734800
vt 0.22350000 0.18734800
vt 0.22417000 0.54376300
vt 0.19442000 0.54376300
vt 0.19442000 0.54376300
vt 0.16467000 0.54376300
vt 0.32037000 0.73058700
vt 0.29419000 0.75316300
vt 0.32037000 0.76251400
vt 0.28335000 0.73058700
vt 0.29419000 0.70801000
vt 0.32037000 0.69865900
vt 0.20139000 0.18734000
vt 0.23512000 0.19661200
vt 0.22838000 0.18734000
vt 0.20139000 0.19661200
vt 0.20139000 0.52884500
vt 0.23512000 0.52884500
vt 0.26100000 0.53432600
vt 0.26100000 0.17238100
vt 0.23125000 0.17238100
vt 0.23125000 0.17238100
vt 0.20150000 0.17238100
vt 0.25358000 0.52892800
vt 0.22659000 0.51965500
vt 0.22659000 0.52892800
vt 0.26032000 0.51965500
vt 0.26032000 0.18725800
vt 0.22659000 0.18725800
vt 0.29498000 0.73058700
vt 0.29498000 0.76250400
vt 0.32115000 0.75315600
vt 0.33199000 0.73058700
vt 0.32115000 0.70801700
vt 0.29498000 0.69866900
vt 0.59623000 0.35769300
vt 0.61342000 0.28677700
vt 0.58570000 0.32454400
vt 0.58570000 0.04750500
vt 0.62993000 0.31388200
vt 0.62165000 0.37142300
vt 0.61378000 0.04600500
vt 0.64883000 0.25285800
vt 0.66314000 0.28147500
vt 0.64902000 0.04531500
vt 0.70007000 0.29395200
vt 0.64903000 0.73629870
vt 0.61380000 0.73629870
vt 0.58570000 0.73629830
vt 0.58570000 0.45461570
vt 0.66981000 0.32511200
vt 0.80947000 0.33602400
vt 0.61390000 0.45461570
vt 0.64908000 0.45461570
vt 0.80947000 0.37385900
vt 0.80947000 0.45614600
vt 0.00854000 0.51262900
vt 0.61404000 0.90426100
vt 0.58570000 0.82800000
vt 0.64915000 0.93802900
vt 0.00854000 0.43036200
vt 0.00854000 0.39918200
vt 0.19724000 0.44052100
vt 0.63038000 0.87693100
vt 0.66341000 0.90937800
vt 0.59623000 0.79830000
vt 0.70013000 0.89691300
vt 0.19724000 0.47171000
vt 0.19724000 0.55396200
vt 0.43072000 0.59670500
vt 0.66984000 0.86561300
vt 0.62165000 0.78599700
vt 0.43072000 0.51447700
vt 0.43072000 0.48327500
vt 0.52573000 0.61038900
vt 0.80947000 0.86562700
vt 0.80947000 0.89691800
vt 0.80947000 0.78599700
vt 0.00854000 0.89692800
vt 0.52573000 0.52817400
vt 0.52573000 0.49696500
vt 0.75108000 0.52351700
vt 0.00854000 0.86564800
vt 0.00854000 0.78599700
vt 0.19724000 0.78599700
vt 0.75108000 0.55473600
vt 0.75108000 0.63693300
vt 0.97645000 0.53358200
vt 0.19724000 0.86566200
vt 0.19724000 0.89693300
vt 0.43072000 0.89694500
vt 0.97645000 0.56481200
vt 0.97645000 0.64699000
vt 0.21966000 0.63693300
vt 0.43072000 0.86568800
vt 0.43072000 0.78599700
vt 0.52573000 0.89695000
vt 0.21966000 0.55473600
vt 0.21966000 0.52351700
vt 0.46288000 0.61038900
vt 0.52573000 0.86570000
vt 0.52573000 0.78599700
vt 0.46288000 0.52817400
vt 0.46288000 0.49696500
vt 0.55788000 0.48327500
vt 0.75108000 0.86571800
vt 0.75108000 0.78599700
vt 0.75108000 0.89695800
vt 0.97645000 0.78599700
vt 0.55788000 0.51447700
vt 0.55788000 0.59670500
vt 0.79137000 0.44052100
vt 0.97645000 0.86573700
vt 0.97645000 0.89696600
vt 0.21966000 0.78599700
vt 0.79137000 0.47171000
vt 0.79137000 0.55396200
vt 0.98006000 0.51262900
vt 0.21966000 0.86571800
vt 0.21966000 0.89695800
vt 0.46288000 0.78599700
vt 0.46288000 0.89695000
vt 0.98006000 0.43036200
vt 0.98006000 0.39918200
vt 0.17912000 0.45614600
vt 0.46288000 0.86570000
vt 0.55788000 0.78599700
vt 0.17912000 0.37385900
vt 0.17912000 0.33602400
vt 0.36695000 0.37142300
vt 0.55788000 0.86568800
vt 0.55788000 0.89694500
vt 0.79137000 0.78599700
vt 0.31879000 0.32369600
vt 0.28853000 0.29253600
vt 0.79137000 0.86566200
vt 0.79137000 0.89693300
vt 0.98006000 0.78599700
vt 0.35867000 0.31246600
vt 0.32546000 0.28005900
vt 0.39237000 0.35769300
vt 0.33978000 0.25144200
vt 0.98006000 0.86564800
vt 0.98006000 0.89692800
vt 0.17912000 0.89691800
vt 0.37519000 0.28536200
vt 0.40290000 0.32454400
vt 0.40290000 0.04750500
vt 0.17912000 0.86562700
vt 0.17912000 0.78599700
vt 0.36695000 0.78599700
vt 0.28847000 0.89691300
vt 0.37482000 0.04600500
vt 0.33958000 0.04531500
vt 0.33957000 0.73629870
vt 0.31876000 0.86561300
vt 0.39237000 0.79830000
vt 0.37480000 0.73629870
vt 0.40290000 0.73629830
vt 0.40290000 0.45461570
vt 0.35822000 0.87693100
vt 0.32520000 0.90937800
vt 0.40290000 0.82800000
vt 0.33945000 0.93802900
vt 0.37470000 0.45461570
vt 0.33952000 0.45461570
vt 0.37457000 0.90426100
vt 0.79832000 0.65731800
vt 0.87727000 0.88205100
vt 0.87727000 0.65731800
vt 0.87727000 0.41478000
vt 0.79832000 0.88205100
vt 0.87727000 0.10678700
vt 0.79832000 0.41478000
vt 0.87727000 0.17224000
vt 0.46901000 0.65731800
vt 0.46901000 0.42273500
vt 0.46901000 0.87409800
vt 0.46901000 0.18815100
vt 0.46901000 0.09087300
vt 0.79832000 0.17224000
vt 0.46901000 0.09867500
vt 0.79832000 0.10678700
vt 0.46901000 0.18035000
vt 0.79832000 0.07749500
vt 0.87727000 0.07749500
vt 0.46901000 0.87877900
vt 0.79832000 0.20153000
vt 0.87727000 0.20153000
vt 0.46901000 0.40024800
vt 0.79832000 0.84465460
vt 0.87727000 0.84465460
vt 0.87637000 0.65648370
vt 0.46899000 0.65648370
vt 0.79832000 0.43436900
vt 0.87727000 0.43436900
vt 0.87637000 0.62253900
vt 0.79828000 0.65648370
vt 0.87370000 0.45796790
vt 0.79828000 0.62253900
vt 0.46899000 0.62253900
vt 0.46893000 0.82105900
vt 0.79815000 0.45796790
vt 0.46893000 0.45796790
vt 0.87281000 0.42843680
vt 0.46891000 0.42869780
vt 0.79810000 0.42903640
vt 0.79815000 0.82105900
vt 0.87370000 0.82105900
vt 0.46891000 0.85032600
vt 0.87281000 0.85058900
vt 0.79810000 0.84998900
vt 0.84060000 0.66740000
vt 0.84080000 0.66740000
vt 0.84080000 0.66720000
vt 0.84060000 0.66720000
vt 0.74090000 0.62400820
vt 0.74090000 0.59154250
vt 0.70150000 0.59154250
vt 0.70150000 0.62400820
vt 0.74090000 0.66413670
vt 0.70150000 0.66413670
vt 0.53620000 0.85580060
vt 0.53620000 0.89606450
vt 0.57310000 0.89606450
vt 0.57310000 0.85580060
vt 0.53620000 0.93632530
vt 0.57310000 0.93632530
vt 0.82270000 0.69660320
vt 0.82270000 0.66413690
vt 0.78340000 0.66413690
vt 0.78340000 0.69660320
vt 0.78340000 0.62400770
vt 0.82270000 0.62400770
vt 0.78340000 0.59154160
vt 0.82270000 0.59154160
vt 0.49140000 0.93632520
vt 0.49140000 0.89606430
vt 0.45440000 0.89606430
vt 0.45440000 0.93632520
vt 0.49140000 0.85580050
vt 0.45440000 0.85580050
vt 0.74090000 0.69660230
vt 0.70150000 0.69660230
vt 0.90460000 0.62400830
vt 0.90460000 0.59154260
vt 0.86520000 0.59154260
vt 0.86520000 0.62400830
vt 0.90460000 0.66413660
vt 0.86520000 0.66413660
vt 0.37270000 0.85580060
vt 0.37270000 0.89606450
vt 0.40960000 0.89606450
vt 0.40960000 0.85580060
vt 0.37270000 0.93632540
vt 0.40960000 0.93632540
vt 0.98640000 0.69660250
vt 0.98640000 0.66413630
vt 0.94710000 0.66413630
vt 0.94710000 0.69660250
vt 0.94710000 0.62400730
vt 0.98640000 0.62400730
vt 0.94710000 0.59154130
vt 0.98640000 0.59154130
vt 0.32790000 0.93632520
vt 0.32790000 0.89606430
vt 0.29090000 0.89606430
vt 0.29090000 0.93632520
vt 0.32790000 0.85580050
vt 0.29090000 0.85580050
vt 0.90460000 0.69660220
vt 0.86520000 0.69660220
vt 0.06830000 0.62400780
vt 0.06830000 0.59154210
vt 0.02890000 0.59154210
vt 0.02890000 0.62400780
vt 0.06830000 0.66413610
vt 0.02890000 0.66413610
vt 0.86320000 0.79114500
vt 0.86320000 0.83140730
vt 0.90010000 0.83140730
vt 0.90010000 0.79114500
vt 0.86320000 0.87167270
vt 0.90010000 0.87167270
vt 0.14650000 0.90252180
vt 0.14650000 0.87005620
vt 0.10720000 0.87005620
vt 0.10720000 0.90252180
vt 0.10720000 0.82992790
vt 0.14650000 0.82992790
vt 0.10720000 0.79746240
vt 0.14650000 0.79746240
vt 0.81840000 0.87167270
vt 0.81840000 0.83140730
vt 0.78140000 0.83140730
vt 0.78140000 0.87167270
vt 0.81840000 0.79114500
vt 0.78140000 0.79114500
vt 0.06830000 0.69660170
vt 0.02890000 0.69660170
vt 0.06480000 0.82992800
vt 0.06480000 0.79746230
vt 0.02550000 0.79746230
vt 0.02550000 0.82992800
vt 0.06480000 0.87005640
vt 0.02550000 0.87005640
vt 0.69970000 0.85580270
vt 0.69970000 0.89606490
vt 0.73660000 0.89606490
vt 0.73660000 0.85580270
vt 0.69970000 0.93633030
vt 0.73660000 0.93633030
vt 0.98310000 0.90252260
vt 0.98310000 0.87005690
vt 0.94370000 0.87005690
vt 0.94370000 0.90252260
vt 0.94370000 0.82992850
vt 0.98310000 0.82992850
vt 0.94370000 0.79746290
vt 0.98310000 0.79746290
vt 0.65490000 0.93633020
vt 0.65490000 0.89606480
vt 0.61790000 0.89606480
vt 0.61790000 0.93633020
vt 0.65490000 0.85580240
vt 0.61790000 0.85580240
vt 0.06480000 0.90252200
vt 0.02550000 0.90252200
vt 0.24510000 0.09578317
vt 0.29350000 0.13524590
vt 0.27500000 0.07139446
vt 0.23370000 0.13524590
vt 0.31190000 0.07139446
vt 0.24510000 0.17470560
vt 0.34180000 0.09578317
vt 0.27500000 0.19909740
vt 0.35320000 0.13524590
vt 0.31190000 0.19909740
vt 0.34180000 0.17470560
vt 0.55090000 0.13524590
vt 0.59930000 0.09578305
vt 0.56940000 0.07139425
vt 0.61070000 0.13524590
vt 0.53240000 0.07139425
vt 0.59930000 0.17470570
vt 0.50260000 0.09578305
vt 0.56940000 0.19909760
vt 0.49110000 0.13524590
vt 0.53240000 0.19909760
vt 0.50260000 0.17470570
vt 0.75980000 0.09578280
vt 0.80820000 0.13524580
vt 0.78970000 0.07139391
vt 0.74840000 0.13524580
vt 0.82670000 0.07139391
vt 0.75980000 0.17470580
vt 0.85650000 0.09578280
vt 0.78970000 0.19909780
vt 0.86800000 0.13524580
vt 0.82670000 0.19909780
vt 0.85650000 0.17470580
vt 0.03990000 0.40582300
vt 0.08820000 0.36636020
vt 0.05840000 0.34197140
vt 0.09970000 0.40582300
vt 0.02140000 0.34197140
vt 0.08820000 0.44528280
vt 0.99150000 0.36636020
vt 0.05840000 0.46967470
vt 0.98010000 0.40582300
vt 0.02140000 0.46967470
vt 0.99150000 0.44528280
vt 0.73580000 0.36636040
vt 0.78410000 0.40582180
vt 0.76570000 0.34197160
vt 0.72440000 0.40582180
vt 0.80260000 0.34197160
vt 0.73580000 0.44528640
vt 0.83250000 0.36636040
vt 0.76570000 0.46967510
vt 0.84390000 0.40582180
vt 0.80260000 0.46967510
vt 0.83250000 0.44528640
vt 0.52840000 0.40582180
vt 0.57680000 0.36636030
vt 0.54690000 0.34197150
vt 0.58820000 0.40582180
vt 0.50990000 0.34197150
vt 0.57680000 0.44528640
vt 0.48010000 0.36636030
vt 0.54690000 0.46967520
vt 0.46860000 0.40582180
vt 0.50990000 0.46967520
vt 0.48010000 0.44528640
vt 0.24510000 0.63693800
vt 0.29350000 0.67639950
vt 0.27500000 0.61254920
vt 0.23370000 0.67639950
vt 0.31190000 0.61254920
vt 0.24510000 0.71586400
vt 0.34180000 0.63693800
vt 0.27500000 0.74025280
vt 0.35320000 0.67639950
vt 0.31190000 0.74025280
vt 0.34180000 0.71586400
vt 0.55090000 0.67639970
vt 0.59930000 0.63693820
vt 0.56940000 0.61254940
vt 0.61070000 0.67639970
vt 0.53240000 0.61254940
vt 0.59930000 0.71586430
vt 0.50260000 0.63693820
vt 0.56940000 0.74025310
vt 0.49110000 0.67639970
vt 0.53240000 0.74025310
vt 0.50260000 0.71586430
vt 0.54040000 0.08440000
vt 0.54040000 0.08440000
vt 0.54040000 0.08430000
vt 0.54040000 0.08430000
vt 0.24360000 0.55123660
vt 0.27990000 0.47289330
vt 0.24360000 0.47289330
vt 0.27990000 0.55123660
vt 0.24360000 0.90386903
vt 0.27990000 0.90386903
vt 0.24360000 0.18501340
vt 0.27990000 0.18501340
vt 0.27990000 0.75138010
vt 0.24360000 0.75138010
vt 0.24360000 0.25531000
vt 0.27990000 0.25531000
vt 0.24360000 0.54336600
vt 0.27990000 0.54336600
vt 0.24360000 0.91522700
vt 0.27990000 0.91522700
vt 0.24360000 0.99357000
vt 0.27990000 0.99357000
vt 0.11980000 0.24469400
vt 0.15570000 0.24469400
vt 0.15570000 0.17587500
vt 0.11980000 0.17587500
vt 0.15570000 0.06094432
vt 0.11980000 0.06094432
vt 0.15570000 0.99212813
vt 0.11980000 0.99212813
vt 0.10740000 0.06094533
vt 0.14330000 0.99212605
vt 0.10740000 0.99212605
vt 0.14330000 0.06094533
vt 0.10740000 0.17588000
vt 0.14330000 0.17588000
vt 0.10740000 0.24469700
vt 0.14330000 0.24469700
vt 0.26720000 0.89506000
vt 0.23150000 0.97206700
vt 0.26720000 0.97206700
vt 0.23150000 0.89506000
vt 0.26720000 0.52954400
vt 0.23150000 0.52954400
vt 0.26720000 0.24640200
vt 0.23150000 0.24640200
vt 0.23150000 0.75107090
vt 0.26720000 0.75107090
vt 0.26720000 0.19436730
vt 0.23150000 0.19436730
vt 0.26720000 0.91801977
vt 0.23150000 0.91801977
vt 0.26720000 0.57140360
vt 0.23150000 0.57140360
vt 0.26720000 0.49439700
vt 0.23150000 0.49439700
vt 0.28080000 0.50004880
vt 0.31710000 0.42519190
vt 0.28080000 0.42519190
vt 0.31710000 0.50004880
vt 0.28080000 0.91565043
vt 0.31710000 0.91565043
vt 0.28080000 0.19653100
vt 0.31710000 0.19653100
vt 0.31710000 0.76236640
vt 0.28080000 0.76236640
vt 0.28080000 0.26582300
vt 0.31710000 0.26582300
vt 0.28080000 0.55361000
vt 0.31710000 0.55361000
vt 0.28080000 0.98842100
vt 0.31710000 0.98842100
vt 0.28080000 0.06328100
vt 0.31710000 0.06328100
vt 0.19290000 0.94971812
vt 0.15700000 0.94971812
vt 0.15700000 0.01549321
vt 0.19290000 0.01549321
vt 0.15700000 0.24092700
vt 0.19290000 0.24092700
vt 0.15700000 0.30670300
vt 0.19290000 0.30670300
vt 0.20530000 0.24092700
vt 0.16940000 0.30670200
vt 0.20530000 0.30670200
vt 0.16940000 0.24092700
vt 0.20530000 0.01549035
vt 0.16940000 0.01549035
vt 0.20530000 0.94971853
vt 0.16940000 0.94971853
vt 0.35400000 0.96812600
vt 0.31830000 0.04176400
vt 0.35400000 0.04176400
vt 0.31830000 0.96812600
vt 0.31830000 0.54040700
vt 0.35400000 0.54040700
vt 0.31830000 0.25731600
vt 0.35400000 0.25731600
vt 0.31830000 0.76207210
vt 0.35400000 0.76207210
vt 0.31830000 0.20546760
vt 0.35400000 0.20546760
vt 0.31830000 0.92916924
vt 0.35400000 0.92916924
vt 0.35400000 0.52034760
vt 0.31830000 0.52034760
vt 0.35400000 0.44670890
vt 0.31830000 0.44670890
vt 0.21880000 0.55123640
vt 0.25510000 0.47289310
vt 0.21880000 0.47289310
vt 0.25510000 0.55123640
vt 0.21880000 0.90386879
vt 0.25510000 0.90386879
vt 0.21880000 0.18501320
vt 0.25510000 0.18501320
vt 0.25510000 0.75138010
vt 0.21880000 0.75138010
vt 0.21880000 0.25531000
vt 0.25510000 0.25531000
vt 0.21880000 0.54336700
vt 0.25510000 0.54336700
vt 0.21880000 0.91522800
vt 0.25510000 0.91522800
vt 0.21880000 0.99357100
vt 0.25510000 0.99357100
vt 0.09500000 0.24469500
vt 0.13090000 0.24469500
vt 0.13090000 0.17587500
vt 0.09500000 0.17587500
vt 0.13090000 0.06094402
vt 0.09500000 0.06094402
vt 0.13090000 0.99212784
vt 0.09500000 0.99212784
vt 0.08260000 0.06094629
vt 0.11850000 0.99212718
vt 0.08260000 0.99212718
vt 0.11850000 0.06094629
vt 0.08260000 0.17587900
vt 0.11850000 0.17587900
vt 0.08260000 0.24469500
vt 0.11850000 0.24469500
vt 0.24240000 0.89506000
vt 0.20670000 0.97206700
vt 0.24240000 0.97206700
vt 0.20670000 0.89506000
vt 0.24240000 0.52954400
vt 0.20670000 0.52954400
vt 0.24240000 0.24640200
vt 0.20670000 0.24640200
vt 0.20670000 0.75107070
vt 0.24240000 0.75107070
vt 0.24240000 0.19436720
vt 0.20670000 0.19436720
vt 0.24240000 0.91801959
vt 0.20670000 0.91801959
vt 0.24240000 0.57140370
vt 0.20670000 0.57140370
vt 0.24240000 0.49439700
vt 0.20670000 0.49439700
vt 0.26840000 0.50005030
vt 0.30470000 0.42519340
vt 0.26840000 0.42519340
vt 0.30470000 0.50005030
vt 0.26840000 0.91565144
vt 0.30470000 0.91565144
vt 0.26840000 0.19653170
vt 0.30470000 0.19653170
vt 0.30470000 0.76236640
vt 0.26840000 0.76236640
vt 0.26840000 0.26582300
vt 0.30470000 0.26582300
vt 0.26840000 0.55360900
vt 0.30470000 0.55360900
vt 0.26840000 0.98842000
vt 0.30470000 0.98842000
vt 0.26840000 0.06328000
vt 0.30470000 0.06328000
vt 0.16810000 0.94971752
vt 0.13220000 0.94971752
vt 0.13220000 0.01549268
vt 0.16810000 0.01549268
vt 0.13220000 0.24092800
vt 0.16810000 0.24092800
vt 0.13220000 0.30670300
vt 0.16810000 0.30670300
vt 0.18050000 0.24092700
vt 0.14460000 0.30670200
vt 0.18050000 0.30670200
vt 0.14460000 0.24092700
vt 0.18050000 0.01549059
vt 0.14460000 0.01549059
vt 0.18050000 0.94971877
vt 0.14460000 0.94971877
vt 0.34160000 0.96812700
vt 0.30590000 0.04176600
vt 0.34160000 0.04176600
vt 0.30590000 0.96812700
vt 0.30590000 0.54040800
vt 0.34160000 0.54040800
vt 0.30590000 0.25731600
vt 0.34160000 0.25731600
vt 0.30590000 0.76207210
vt 0.34160000 0.76207210
vt 0.30590000 0.20546720
vt 0.34160000 0.20546720
vt 0.30590000 0.92916852
vt 0.34160000 0.92916852
vt 0.34160000 0.52034650
vt 0.30590000 0.52034650
vt 0.34160000 0.44670770
vt 0.30590000 0.44670770
vt 0.19400000 0.55123320
vt 0.23030000 0.47289000
vt 0.19400000 0.47289000
vt 0.23030000 0.55123320
vt 0.19400000 0.90386683
vt 0.23030000 0.90386683
vt 0.19400000 0.18501200
vt 0.23030000 0.18501200
vt 0.23030000 0.75138020
vt 0.19400000 0.75138020
vt 0.19400000 0.25531100
vt 0.23030000 0.25531100
vt 0.19400000 0.54336800
vt 0.23030000 0.54336800
vt 0.19400000 0.91523100
vt 0.23030000 0.91523100
vt 0.19400000 0.99357400
vt 0.23030000 0.99357400
vt 0.04540000 0.96905490
vt 0.08140000 0.96905490
vt 0.08140000 0.90000680
vt 0.04540000 0.90000680
vt 0.08140000 0.24991080
vt 0.04540000 0.24991080
vt 0.08140000 0.18086330
vt 0.04540000 0.18086330
vt 0.03300000 0.24991050
vt 0.06900000 0.18086290
vt 0.03300000 0.18086290
vt 0.06900000 0.24991050
vt 0.03300000 0.90000790
vt 0.06900000 0.90000790
vt 0.03300000 0.96905550
vt 0.06900000 0.96905550
vt 0.21760000 0.89505700
vt 0.18190000 0.97206400
vt 0.21760000 0.97206400
vt 0.18190000 0.89505700
vt 0.21760000 0.52954200
vt 0.18190000 0.52954200
vt 0.21760000 0.24640100
vt 0.18190000 0.24640100
vt 0.18190000 0.75107070
vt 0.21760000 0.75107070
vt 0.21760000 0.19436860
vt 0.18190000 0.19436860
vt 0.21760000 0.91802174
vt 0.18190000 0.91802174
vt 0.21760000 0.57140640
vt 0.18190000 0.57140640
vt 0.21760000 0.49440000
vt 0.18190000 0.49440000
vt 0.25600000 0.50004860
vt 0.29230000 0.42519170
vt 0.25600000 0.42519170
vt 0.29230000 0.50004860
vt 0.25600000 0.91565001
vt 0.29230000 0.91565001
vt 0.25600000 0.19653090
vt 0.29230000 0.19653090
vt 0.29230000 0.76236610
vt 0.25600000 0.76236610
vt 0.25600000 0.26582300
vt 0.29230000 0.26582300
vt 0.25600000 0.55361000
vt 0.29230000 0.55361000
vt 0.25600000 0.98842200
vt 0.29230000 0.98842200
vt 0.25600000 0.06328200
vt 0.29230000 0.06328200
vt 0.09370000 0.13845270
vt 0.05780000 0.13845270
vt 0.05780000 0.20439780
vt 0.09370000 0.20439780
vt 0.05780000 0.96511790
vt 0.09370000 0.96511790
vt 0.05780000 0.03106300
vt 0.09370000 0.03106300
vt 0.10610000 0.96511750
vt 0.07020000 0.03106200
vt 0.10610000 0.03106200
vt 0.07020000 0.96511750
vt 0.10610000 0.20439850
vt 0.07020000 0.20439850
vt 0.10610000 0.13845350
vt 0.07020000 0.13845350
vt 0.32920000 0.96812600
vt 0.29350000 0.04176500
vt 0.32920000 0.04176500
vt 0.29350000 0.96812600
vt 0.29350000 0.54040700
vt 0.32920000 0.54040700
vt 0.29350000 0.25731600
vt 0.32920000 0.25731600
vt 0.29350000 0.76207220
vt 0.32920000 0.76207220
vt 0.29350000 0.20546760
vt 0.32920000 0.20546760
vt 0.29350000 0.92916906
vt 0.32920000 0.92916906
vt 0.32920000 0.52034730
vt 0.29350000 0.52034730
vt 0.32920000 0.44670860
vt 0.29350000 0.44670860
vt 0.87610000 0.43651490
vt 0.87610000 0.02845440
vt 0.82500000 0.09060580
vt 0.84900000 0.95495600
vt 0.82500000 0.43651490
vt 0.79660000 0.01375620
vt 0.71440000 0.71229910
vt 0.78350000 0.92450700
vt 0.66320000 0.71229910
vt 0.72820000 0.98192400
vt 0.71440000 0.26786750
vt 0.56420000 0.92450700
vt 0.66320000 0.26786750
vt 0.61950000 0.98192400
vt 0.71440000 0.76218910
vt 0.49870000 0.95495200
vt 0.66320000 0.76218910
vt 0.55110000 0.01375620
vt 0.47160000 0.02845440
vt 0.52270000 0.09060580
vt 0.47160000 0.43651490
vt 0.52270000 0.43651490
vt 0.47160000 0.71229910
vt 0.52270000 0.71229910
vt 0.87610000 0.04475400
vt 0.82500000 0.04475400
vt 0.82500000 0.40952500
vt 0.87610000 0.47167600
vt 0.79660000 0.48637500
vt 0.84900000 0.54517800
vt 0.72820000 0.51821100
vt 0.78350000 0.57562400
vt 0.61950000 0.51820900
vt 0.56420000 0.57562300
vt 0.55110000 0.48637500
vt 0.49870000 0.54517800
vt 0.52270000 0.40952500
vt 0.47160000 0.47167600
vt 0.52270000 0.04475400
vt 0.47160000 0.04475400
vt 0.52270000 0.76218910
vt 0.47160000 0.76218910
vt 0.47160000 0.26786750
vt 0.52270000 0.26786750
vt 0.90260000 0.76218950
vt 0.95370000 0.26786750
vt 0.90260000 0.26786750
vt 0.90260000 0.71229860
vt 0.95370000 0.76218950
vt 0.95370000 0.71229860
vt 0.74080000 0.04475400
vt 0.79190000 0.43651430
vt 0.79190000 0.04475400
vt 0.74080000 0.43651430
vt 0.74080000 0.47167700
vt 0.79190000 0.09060500
vt 0.79190000 0.40952600
vt 0.74080000 0.02845340
vt 0.76790000 0.54517900
vt 0.82030000 0.01375520
vt 0.82030000 0.48637500
vt 0.76790000 0.95495500
vt 0.83340000 0.57562500
vt 0.88870000 0.98192300
vt 0.88870000 0.51821200
vt 0.83340000 0.92450600
vt 0.05270000 0.57562400
vt 0.99740000 0.98192300
vt 0.99740000 0.51820900
vt 0.05270000 0.92450600
vt 0.11820000 0.54517900
vt 0.06580000 0.01375520
vt 0.06580000 0.48637500
vt 0.11820000 0.95495200
vt 0.14530000 0.47167700
vt 0.09420000 0.09060500
vt 0.09420000 0.40952600
vt 0.14530000 0.02845340
vt 0.09420000 0.43651430
vt 0.14530000 0.43651430
vt 0.14530000 0.04475400
vt 0.09420000 0.04475400
vt 0.09420000 0.76218950
vt 0.14530000 0.76218950
vt 0.09420000 0.26786750
vt 0.14530000 0.26786750
vt 0.09420000 0.71229860
vt 0.14530000 0.71229860
vt 0.41430000 0.43651500
vt 0.41430000 0.02845450
vt 0.36320000 0.09060590
vt 0.38720000 0.95495600
vt 0.36320000 0.43651500
vt 0.33480000 0.01375630
vt 0.25260000 0.71229920
vt 0.32170000 0.92450700
vt 0.20140000 0.71229920
vt 0.26640000 0.98192400
vt 0.25260000 0.26786750
vt 0.10240000 0.92450700
vt 0.20140000 0.26786750
vt 0.15770000 0.98192400
vt 0.25260000 0.76218910
vt 0.03690000 0.95495300
vt 0.20140000 0.76218910
vt 0.08930000 0.01375630
vt 0.00980000 0.02845450
vt 0.06090000 0.09060590
vt 0.00980000 0.43651500
vt 0.06090000 0.43651500
vt 0.00980000 0.71229920
vt 0.06090000 0.71229920
vt 0.41430000 0.04475400
vt 0.36320000 0.04475400
vt 0.36320000 0.40952500
vt 0.41430000 0.47167600
vt 0.33480000 0.48637500
vt 0.38720000 0.54517800
vt 0.26640000 0.51821100
vt 0.32170000 0.57562400
vt 0.15770000 0.51820900
vt 0.10240000 0.57562200
vt 0.08930000 0.48637500
vt 0.03690000 0.54517800
vt 0.06090000 0.40952500
vt 0.00980000 0.47167600
vt 0.06090000 0.04475400
vt 0.00980000 0.04475400
vt 0.06090000 0.76218910
vt 0.00980000 0.76218910
vt 0.00980000 0.26786750
vt 0.06090000 0.26786750
vt 0.29940000 0.26205900
vt 0.35060000 0.76773720
vt 0.29940000 0.76773720
vt 0.29940000 0.21216790
vt 0.35060000 0.26205900
vt 0.35060000 0.21216790
vt 0.13770000 0.54462400
vt 0.18880000 0.93638378
vt 0.18880000 0.54462400
vt 0.13770000 0.93638378
vt 0.13770000 0.97154700
vt 0.18880000 0.59047400
vt 0.18880000 0.90939500
vt 0.13770000 0.52832250
vt 0.16480000 0.04504800
vt 0.21720000 0.51362430
vt 0.21720000 0.98624500
vt 0.16480000 0.45482370
vt 0.23030000 0.07549500
vt 0.28560000 0.48179200
vt 0.28560000 0.01808200
vt 0.23030000 0.42437470
vt 0.44960000 0.07549300
vt 0.39430000 0.48179200
vt 0.39430000 0.01807900
vt 0.44960000 0.42437470
vt 0.51510000 0.04504800
vt 0.46270000 0.51362430
vt 0.46270000 0.98624500
vt 0.51510000 0.45482080
vt 0.54220000 0.97154700
vt 0.49110000 0.59047400
vt 0.49110000 0.90939500
vt 0.54220000 0.52832250
vt 0.49110000 0.93638378
vt 0.54220000 0.93638378
vt 0.54220000 0.54462400
vt 0.49110000 0.54462400
vt 0.49110000 0.26205900
vt 0.54220000 0.26205900
vt 0.49110000 0.76773720
vt 0.54220000 0.76773720
vt 0.49110000 0.21216790
vt 0.54220000 0.21216790
vt 0.08490000 0.93638855
vt 0.08490000 0.52833000
vt 0.03380000 0.59048120
vt 0.05780000 0.45483160
vt 0.03380000 0.93638855
vt 0.00540000 0.51363160
vt 0.92310000 0.21217120
vt 0.99230000 0.42438300
vt 0.87200000 0.21217120
vt 0.93700000 0.48179950
vt 0.92310000 0.76773680
vt 0.23730000 0.42438300
vt 0.87200000 0.76773680
vt 0.29270000 0.48179950
vt 0.92310000 0.26205600
vt 0.17190000 0.45482880
vt 0.87200000 0.26205600
vt 0.22420000 0.51363160
vt 0.14480000 0.52833000
vt 0.19590000 0.59048120
vt 0.14480000 0.93638855
vt 0.19590000 0.93638855
vt 0.14480000 0.21217120
vt 0.19590000 0.21217120
vt 0.08490000 0.54461900
vt 0.03380000 0.54461900
vt 0.03380000 0.90938800
vt 0.08490000 0.97153900
vt 0.00540000 0.98623700
vt 0.05780000 0.04504000
vt 0.93700000 0.01807400
vt 0.99230000 0.07548600
vt 0.29270000 0.01807100
vt 0.23730000 0.07548500
vt 0.22420000 0.98623700
vt 0.17190000 0.04504000
vt 0.19590000 0.90938800
vt 0.14480000 0.97153900
vt 0.19590000 0.54461900
vt 0.14480000 0.54461900
vt 0.19590000 0.26205600
vt 0.14480000 0.26205600
vt 0.14480000 0.76773680
vt 0.19590000 0.76773680
vt 0.12480000 0.26205700
vt 0.17600000 0.76773670
vt 0.12480000 0.76773670
vt 0.12480000 0.21217020
vt 0.17600000 0.26205700
vt 0.17600000 0.21217020
vt 0.96310000 0.54462000
vt 0.01420000 0.93638682
vt 0.01420000 0.54462000
vt 0.96310000 0.93638682
vt 0.96310000 0.97154100
vt 0.01420000 0.59047930
vt 0.01420000 0.90939000
vt 0.96310000 0.52832790
vt 0.99020000 0.04504300
vt 0.04260000 0.51362960
vt 0.04260000 0.98623900
vt 0.99020000 0.45482940
vt 0.05570000 0.07548900
vt 0.11100000 0.48179730
vt 0.11100000 0.01807600
vt 0.05570000 0.42438070
vt 0.81070000 0.07548700
vt 0.75530000 0.48179730
vt 0.75530000 0.01807300
vt 0.81070000 0.42438070
vt 0.87610000 0.04504300
vt 0.82370000 0.51362960
vt 0.82370000 0.98623900
vt 0.87610000 0.45482650
vt 0.90320000 0.97154100
vt 0.85210000 0.59047930
vt 0.85210000 0.90939000
vt 0.90320000 0.52832790
vt 0.85210000 0.93638682
vt 0.90320000 0.93638682
vt 0.90320000 0.54462000
vt 0.85210000 0.54462000
vt 0.85210000 0.26205700
vt 0.90320000 0.26205700
vt 0.85210000 0.76773670
vt 0.90320000 0.76773670
vt 0.85210000 0.21217020
vt 0.90320000 0.21217020
vt 0.00180000 0.88720000
vt 0.00180000 0.88720000
vt 0.00180000 0.88720000
vt 0.00180000 0.88720000
vt 0.67560000 0.86908200
vt 0.71530000 0.81880300
vt 0.67560000 0.83445700
vt 0.72810000 0.46381000
vt 0.72810000 0.42559100
vt 0.68890000 0.40965200
vt 0.68840000 0.44213600
vt 0.72810000 0.26499970
vt 0.86830000 0.44308500
vt 0.86830000 0.40993100
vt 0.68860000 0.26499970
vt 0.72810000 0.56646000
vt 0.83400000 0.44309000
vt 0.84040000 0.41602700
vt 0.86830000 0.26499970
vt 0.83400000 0.26499970
vt 0.68870000 0.56646000
vt 0.86830000 0.56646000
vt 0.83400000 0.56646000
vt 0.83400000 0.90121995
vt 0.68890000 0.90125859
vt 0.72810000 0.90081307
vt 0.72810000 0.40012700
vt 0.86830000 0.90121995
vt 0.68930000 0.42203000
vt 0.86830000 0.42013300
vt 0.83400000 0.42012400
vt 0.86830000 0.45328700
vt 0.84040000 0.44719000
vt 0.68890000 0.45384400
vt 0.72810000 0.43781400
vt 0.63470000 0.23959100
vt 0.65040000 0.27885800
vt 0.68420000 0.27885800
vt 0.67160000 0.24007100
vt 0.63550000 0.41946180
vt 0.92740000 0.24013600
vt 0.92740000 0.27885800
vt 0.14040000 0.27885800
vt 0.67380000 0.41946180
vt 0.92740000 0.41946180
vt 0.67380000 0.38524170
vt 0.64250000 0.39152900
vt 0.92740000 0.38524170
vt 0.14040000 0.24020700
vt 0.14040000 0.41946180
vt 0.14040000 0.38524170
vt 0.34230000 0.38524170
vt 0.34230000 0.24027200
vt 0.34230000 0.27885800
vt 0.59220000 0.27885800
vt 0.34230000 0.41946180
vt 0.59220000 0.24036900
vt 0.69370000 0.27885800
vt 0.59220000 0.41946180
vt 0.59220000 0.38524170
vt 0.69370000 0.24041200
vt 0.69370000 0.41946180
vt 0.69370000 0.38524170
vt 0.93490000 0.38524170
vt 0.93490000 0.41946180
vt 0.17600000 0.38524170
vt 0.17600000 0.41946180
vt 0.93490000 0.24049000
vt 0.93490000 0.27885800
vt 0.17600000 0.24056700
vt 0.17600000 0.27885800
vt 0.67560000 0.92400000
vt 0.67560000 0.95862400
vt 0.71530000 0.97428200
vt 0.71580000 0.93619200
vt 0.67560000 0.67865600
vt 0.55620000 0.93509100
vt 0.55620000 0.97395800
vt 0.71580000 0.67865600
vt 0.59080000 0.93508800
vt 0.58440000 0.96681400
vt 0.55620000 0.67865600
vt 0.59080000 0.67865600
vt 0.59080000 0.46324000
vt 0.71580000 0.46324000
vt 0.67560000 0.46324000
vt 0.67560000 0.25905200
vt 0.55620000 0.46324000
vt 0.71560000 0.25905200
vt 0.55620000 0.25905200
vt 0.59080000 0.25905200
vt 0.59080000 0.00639500
vt 0.55620000 0.00639500
vt 0.59080000 0.90358820
vt 0.71550000 0.00639500
vt 0.67560000 0.00639500
vt 0.55620000 0.90358820
vt 0.71550000 0.90358820
vt 0.67560000 0.90358820
vt 0.67560000 0.65972440
vt 0.71550000 0.65972440
vt 0.67560000 0.41586350
vt 0.55620000 0.65972440
vt 0.59080000 0.65972440
vt 0.71530000 0.41586350
vt 0.67560000 0.15268120
vt 0.55620000 0.41586350
vt 0.59080000 0.41586350
vt 0.71550000 0.15268120
vt 0.55620000 0.15268120
vt 0.59080000 0.15268120
vt 0.59080000 0.88949760
vt 0.71550000 0.88949760
vt 0.67560000 0.88949760
vt 0.67560000 0.78668960
vt 0.55620000 0.88949760
vt 0.71550000 0.78668960
vt 0.67560000 0.53403050
vt 0.55620000 0.78668960
vt 0.59080000 0.78668960
vt 0.71560000 0.53403050
vt 0.67560000 0.32984320
vt 0.55620000 0.53403050
vt 0.59080000 0.53403050
vt 0.71580000 0.32984320
vt 0.55620000 0.32984320
vt 0.59080000 0.32984320
vt 0.59080000 0.11443070
vt 0.55620000 0.11443070
vt 0.59080000 0.85799900
vt 0.71580000 0.11443070
vt 0.67560000 0.11443070
vt 0.55620000 0.85799400
vt 0.71580000 0.85689200
vt 0.55620000 0.81912600
vt 0.58440000 0.82627400
vt 0.65350000 0.57552200
vt 0.62210000 0.58161300
vt 0.61500000 0.60865100
vt 0.65350000 0.60864200
vt 0.90680000 0.48494700
vt 0.65350000 0.12489560
vt 0.61500000 0.12489560
vt 0.61500000 0.45930220
vt 0.90680000 0.51806600
vt 0.11970000 0.45768200
vt 0.11970000 0.42456200
vt 0.32130000 0.38037300
vt 0.65350000 0.45930220
vt 0.90680000 0.12489560
vt 0.11970000 0.12489560
vt 0.32130000 0.41349200
vt 0.65350000 0.76044420
vt 0.61500000 0.76044420
vt 0.90680000 0.45930220
vt 0.57090000 0.36779700
vt 0.57090000 0.33467800
vt 0.11970000 0.45930220
vt 0.32130000 0.12489560
vt 0.65350000 0.58043500
vt 0.61500000 0.58043100
vt 0.65350000 0.61355400
vt 0.62210000 0.60746600
vt 0.90680000 0.58043500
vt 0.90680000 0.61355400
vt 0.11970000 0.61355400
vt 0.90680000 0.76044420
vt 0.11970000 0.76044420
vt 0.11970000 0.58043500
vt 0.32130000 0.45930220
vt 0.32130000 0.58043500
vt 0.32130000 0.61355400
vt 0.57090000 0.61355400
vt 0.32130000 0.76044420
vt 0.57090000 0.58043500
vt 0.67260000 0.61355400
vt 0.57090000 0.45930220
vt 0.57090000 0.76044420
vt 0.67260000 0.58043500
vt 0.91350000 0.58043500
vt 0.91350000 0.61355400
vt 0.67260000 0.76044420
vt 0.57090000 0.12489560
vt 0.67260000 0.45930220
vt 0.67260000 0.12489560
vt 0.15450000 0.58043500
vt 0.15450000 0.61355400
vt 0.67260000 0.35316800
vt 0.67260000 0.32004900
vt 0.91350000 0.29167100
vt 0.91350000 0.32479100
vt 0.15450000 0.28092000
vt 0.91350000 0.12489560
vt 0.15450000 0.31403800
vt 0.41450000 0.29167100
vt 0.91350000 0.45930220
vt 0.15450000 0.12489560
vt 0.41450000 0.32479100
vt 0.67450000 0.35316800
vt 0.67450000 0.32004900
vt 0.77600000 0.33467800
vt 0.41450000 0.12489560
vt 0.91350000 0.76044420
vt 0.15450000 0.76044420
vt 0.15450000 0.45930220
vt 0.41450000 0.45930220
vt 0.41450000 0.76044420
vt 0.41450000 0.58043500
vt 0.41450000 0.61355400
vt 0.67450000 0.61355400
vt 0.67450000 0.76044420
vt 0.67450000 0.45930220
vt 0.67450000 0.58043500
vt 0.77600000 0.58043500
vt 0.77600000 0.61355400
vt 0.77600000 0.76044420
vt 0.02560000 0.58043500
vt 0.02560000 0.61355400
vt 0.77600000 0.45930220
vt 0.02560000 0.76044420
vt 0.67450000 0.12489560
vt 0.77600000 0.12489560
vt 0.22740000 0.58043500
vt 0.22740000 0.61355400
vt 0.44020000 0.61355400
vt 0.22740000 0.76044420
vt 0.44020000 0.58043500
vt 0.69350000 0.61355400
vt 0.77600000 0.36779700
vt 0.02560000 0.38037300
vt 0.02560000 0.41349200
vt 0.22740000 0.42456200
vt 0.02560000 0.12489560
vt 0.02560000 0.45930220
vt 0.22740000 0.45930220
vt 0.22740000 0.45768200
vt 0.22740000 0.12489560
vt 0.44020000 0.76044420
vt 0.44020000 0.51806600
vt 0.44020000 0.48494700
vt 0.44020000 0.45930220
vt 0.44020000 0.12489560
vt 0.69350000 0.60864200
vt 0.69350000 0.57552200
vt 0.69350000 0.76044420
vt 0.69350000 0.45930220
vt 0.73190000 0.60865100
vt 0.72480000 0.58161300
vt 0.73190000 0.12489560
vt 0.69350000 0.12489560
vt 0.73190000 0.45930220
vt 0.73190000 0.76044420
vt 0.69350000 0.58043500
vt 0.73190000 0.58043100
vt 0.72480000 0.60746600
vt 0.69820000 0.05433200
vt 0.83460000 0.02259800
vt 0.69820000 0.02259800
vt 0.83460000 0.05433200
vt 0.69820000 0.79226890
vt 0.83460000 0.79226890
vt 0.83460000 0.09322964
vt 0.69820000 0.09322964
vt 0.69820000 0.42573430
vt 0.83460000 0.42573430
vt 0.83460000 0.85861000
vt 0.69820000 0.85861000
vt 0.69820000 0.89402700
vt 0.83460000 0.89402700
vt 0.45200000 0.88442200
vt 0.58850000 0.88442200
vt 0.58850000 0.85724400
vt 0.45200000 0.85724400
vt 0.58850000 0.65645400
vt 0.45200000 0.65645400
vt 0.58850000 0.44363200
vt 0.45200000 0.44363200
vt 0.45200000 0.24190400
vt 0.58850000 0.24190400
vt 0.58850000 0.99229040
vt 0.45200000 0.99229040
vt 0.58850000 0.89072200
vt 0.45200000 0.89072200
vt 0.58850000 0.64979490
vt 0.45200000 0.64979490
vt 0.45200000 0.40887150
vt 0.58850000 0.40887150
vt 0.45200000 0.14885920
vt 0.58850000 0.14885920
vt 0.45200000 0.88884580
vt 0.58850000 0.88884580
vt 0.45200000 0.78727610
vt 0.58850000 0.78727610
vt 0.45200000 0.53766020
vt 0.58850000 0.53766020
vt 0.45200000 0.33593320
vt 0.58850000 0.33593320
vt 0.58850000 0.12311580
vt 0.45200000 0.12311580
vt 0.45200000 0.92231900
vt 0.58850000 0.92231900
vt 0.45200000 0.89514400
vt 0.58850000 0.89514400
vt 0.56890000 0.87692500
vt 0.43060000 0.90446700
vt 0.56890000 0.90446700
vt 0.43060000 0.87692500
vt 0.43060000 0.67344200
vt 0.56890000 0.67344200
vt 0.56890000 0.45776500
vt 0.43060000 0.45776500
vt 0.43060000 0.25333200
vt 0.56890000 0.25333200
vt 0.56890000 0.00037100
vt 0.43060000 0.00037100
vt 0.56890000 0.89744000
vt 0.43060000 0.89744000
vt 0.43060000 0.65328190
vt 0.56890000 0.65328190
vt 0.43060000 0.40912750
vt 0.56890000 0.40912750
vt 0.56890000 0.14562880
vt 0.43060000 0.14562880
vt 0.43060000 0.88212760
vt 0.56890000 0.88212760
vt 0.43060000 0.77919640
vt 0.56890000 0.77919640
vt 0.43060000 0.52623300
vt 0.56890000 0.52623300
vt 0.56890000 0.32179990
vt 0.43060000 0.32179990
vt 0.56890000 0.10612880
vt 0.43060000 0.10612880
vt 0.43060000 0.90263900
vt 0.56890000 0.90263900
vt 0.43060000 0.87510000
vt 0.56890000 0.87510000
vt 0.93230000 0.99906300
vt 0.97150000 0.94490400
vt 0.93230000 0.96084400
vt 0.97200000 0.97738900
vt 0.93230000 0.80024120
vt 0.79210000 0.97833800
vt 0.79210000 0.94518400
vt 0.97180000 0.80024120
vt 0.93230000 0.10170020
vt 0.82640000 0.97834200
vt 0.82010000 0.95127900
vt 0.79210000 0.80024120
vt 0.82640000 0.80024120
vt 0.97170000 0.10170020
vt 0.79210000 0.10170020
vt 0.82640000 0.10170020
vt 0.82640000 0.43645720
vt 0.97170000 0.43649590
vt 0.93230000 0.43605060
vt 0.93230000 0.93534900
vt 0.79210000 0.43645720
vt 0.97100000 0.95725200
vt 0.79210000 0.95535500
vt 0.82640000 0.95534600
vt 0.79210000 0.98850900
vt 0.82010000 0.98241100
vt 0.97150000 0.98906600
vt 0.93230000 0.97303500
vt 0.02490000 0.23956900
vt 0.97560000 0.27883400
vt 0.00920000 0.27883400
vt 0.98800000 0.24004800
vt 0.02420000 0.41948470
vt 0.73220000 0.24011300
vt 0.73220000 0.27883400
vt 0.51910000 0.24018500
vt 0.51910000 0.27883400
vt 0.31740000 0.27883400
vt 0.31740000 0.24025000
vt 0.06760000 0.27883400
vt 0.06760000 0.24034600
vt 0.96590000 0.27883400
vt 0.31740000 0.41948470
vt 0.51910000 0.41948470
vt 0.73220000 0.41948470
vt 0.98580000 0.41948470
vt 0.98580000 0.38526550
vt 0.01710000 0.39155270
vt 0.73220000 0.38526550
vt 0.51910000 0.38526550
vt 0.31740000 0.38526550
vt 0.06760000 0.41948470
vt 0.06760000 0.38526550
vt 0.96590000 0.24038900
vt 0.96590000 0.41948470
vt 0.96590000 0.38526550
vt 0.70570000 0.38526550
vt 0.70570000 0.24046700
vt 0.70570000 0.27883400
vt 0.44540000 0.27883400
vt 0.44540000 0.24054400
vt 0.44540000 0.41948470
vt 0.44540000 0.38526550
vt 0.70570000 0.41948470
vt 0.81430000 0.05580700
vt 0.81430000 0.02409200
vt 0.67780000 0.02409200
vt 0.67780000 0.05580700
vt 0.81430000 0.79267750
vt 0.67780000 0.79267750
vt 0.67780000 0.09345368
vt 0.81430000 0.09345368
vt 0.81430000 0.42575430
vt 0.67780000 0.42575430
vt 0.67780000 0.85713800
vt 0.81430000 0.85713800
vt 0.81430000 0.89253200
vt 0.67780000 0.89253200
vt 0.01710000 0.36666200
vt 0.95270000 0.33815200
vt 0.00580000 0.39837300
vt 0.00580000 0.13509820
vt 0.96820000 0.30002200
vt 0.95270000 0.13509820
vt 0.00190000 0.28498900
vt 0.04410000 0.35352700
vt 0.00580000 0.43584830
vt 0.95270000 0.43584830
vt 0.24470000 0.28497500
vt 0.24470000 0.35352700
vt 0.95270000 0.76941390
vt 0.00580000 0.76812140
vt 0.00580000 0.19930000
vt 0.95280000 0.26284200
vt 0.45720000 0.35352700
vt 0.45720000 0.28496000
vt 0.01710000 0.23469200
vt 0.96850000 0.30044000
vt 0.65870000 0.28494500
vt 0.65870000 0.35352700
vt 0.90800000 0.35352700
vt 0.90800000 0.28492400
vt 0.00270000 0.31522200
vt 0.04410000 0.24935200
vt 0.00950000 0.35352700
vt 0.00950000 0.28491400
vt 0.25000000 0.28489900
vt 0.25000000 0.35352700
vt 0.49060000 0.28488300
vt 0.49060000 0.35352700
vt 0.24470000 0.33981100
vt 0.24470000 0.40568400
vt 0.75030000 0.28489900
vt 0.75030000 0.35352700
vt 0.45720000 0.46599400
vt 0.45720000 0.40011600
vt 0.00990000 0.35352700
vt 0.00990000 0.28491400
vt 0.11150000 0.28492400
vt 0.11150000 0.35352700
vt 0.36080000 0.28494500
vt 0.36080000 0.35352700
vt 0.65870000 0.44424700
vt 0.65870000 0.51013100
vt 0.90800000 0.55577300
vt 0.90800000 0.48988300
vt 0.56230000 0.28496000
vt 0.56230000 0.35352700
vt 0.77470000 0.35352700
vt 0.77470000 0.28497500
vt 0.97530000 0.35352700
vt 0.01750000 0.28498900
vt 0.00950000 0.57038700
vt 0.00950000 0.50449300
vt 0.25000000 0.53283400
vt 0.25000000 0.59873300
vt 0.49060000 0.54357200
vt 0.49060000 0.60947500
vt 0.00240000 0.36666200
vt 0.05130000 0.30002200
vt 0.75030000 0.53283400
vt 0.75030000 0.59873300
vt 0.06680000 0.33815200
vt 0.01370000 0.39837300
vt 0.01370000 0.13509820
vt 0.06680000 0.13509820
vt 0.00990000 0.57038700
vt 0.00990000 0.50449300
vt 0.11150000 0.48988300
vt 0.11150000 0.55577300
vt 0.36080000 0.44424700
vt 0.36080000 0.51013100
vt 0.01370000 0.43584830
vt 0.06680000 0.43584830
vt 0.56230000 0.40011600
vt 0.56230000 0.46599400
vt 0.77470000 0.40568400
vt 0.77470000 0.33981100
vt 0.06680000 0.76941390
vt 0.01370000 0.76812140
vt 0.01370000 0.19930000
vt 0.06660000 0.26284200
vt 0.01680000 0.31522200
vt 0.97530000 0.24935200
vt 0.00240000 0.23469200
vt 0.05100000 0.30044000
vt 0.74692500 0.28920000
vt 0.74692500 0.00080000
vt 0.45848000 0.00080000
vt 0.45848000 0.28920000
vt 0.90297130 0.90759510
vt 0.99827150 0.90759510
vt 0.99827150 0.99218140
vt 0.90297130 0.99218140
vt 0.99827130 0.99218120
vt 0.99827130 0.90759530
vt 0.71044850 0.09899701
vt 0.71044850 0.99992874
vt 0.40283840 0.99992874
vt 0.40283840 0.09899701
vt 0.77664690 0.25941460
vt 0.77664690 0.23710770
vt 0.62641300 0.23710770
vt 0.62641300 0.25941460
vt 0.77664770 0.25941480
vt 0.77664770 0.23710760
vt 0.62641220 0.23710760
vt 0.62641220 0.25941480
vt 0.78314610 0.20411920
vt 0.00036200 0.20411920
vt 0.00036200 0.09875030
vt 0.78314610 0.09875030
vt 0.78267790 0.99962079
vt 0.78267790 0.09930497
vt 0.00083000 0.09930497
vt 0.00083000 0.99962079
vt 0.77664740 0.25941470
vt 0.77664740 0.23710760
vt 0.62641250 0.23710760
vt 0.62641250 0.25941470
vt 0.72155060 0.26425280
vt 0.72155060 0.23226960
vt 0.68150940 0.23226960
vt 0.68150940 0.26425280
vt 0.00185801 0.89979950
vt 0.00185801 0.99926890
vt 0.25464930 0.99926890
vt 0.25464930 0.89979950
vt 0.99969012 0.29248670
vt 0.00169065 0.39766780
vt 0.35328440 0.39766780
vt 0.35328440 0.29248670
vt 0.78275250 0.89896920
vt 0.78275250 0.79657380
vt 0.00169065 0.79657380
vt 0.00169065 0.89896920
vt 0.77664770 0.25941480
vt 0.77664770 0.23710760
vt 0.62641220 0.23710760
vt 0.62641220 0.25941480
vt 0.00169065 0.39748600
vt 0.00169065 0.50126680
vt 0.28464060 0.50126680
vt 0.28464060 0.39748600
vt 0.00120561 0.20420910
vt 0.00120561 0.29231320
vt 0.40185450 0.29231320
vt 0.40185450 0.20420910
vt 0.53584680 0.60400990
vt 0.53584680 0.50123580
vt 0.00169065 0.50123580
vt 0.00169065 0.60400990
vt 0.99905737 0.09868026
vt 0.99905737 0.20418930
vt 0.40400270 0.20418930
vt 0.40400270 0.09868026
vt 0.00169065 0.60388920
vt 0.00169065 0.70186870
vt 0.26245860 0.70186870
vt 0.26245860 0.60388920
vt 0.00169065 0.70167260
vt 0.00169065 0.79649100
vt 0.30995760 0.79649100
vt 0.30995760 0.70167260
vt 0.99992848 0.99996958
vt 0.99992848 0.09895618
vt 0.23179610 0.09895618
vt 0.23179610 0.99996958
vt 0.67724610 0.20371120
vt 0.67724610 0.09915836
vt 0.40366840 0.09915836
vt 0.40366840 0.20371120
vt 0.64693300 0.77590000
vt 0.64693300 0.48750000
vt 0.35848600 0.48750000
vt 0.35848600 0.77590000
vt 0.10589000 0.07610000
vt 0.10589000 0.07610000
vt 0.10589000 0.07610000
vt 0.10589000 0.07610000
vt 0.28674000 0.26083490
vt 0.29594000 0.16814710
vt 0.28674000 0.16814710
vt 0.96197000 0.28050180
vt 0.97204000 0.29893950
vt 0.97204000 0.12544890
vt 0.10916000 0.38994140
vt 0.11835000 0.88844220
vt 0.10916000 0.88054850
vt 0.62158000 0.46441300
vt 0.63078000 0.46441300
vt 0.63078000 0.45443580
vt 0.72521000 0.75665180
vt 0.72521000 0.76547900
vt 0.07784000 0.76565960
vt 0.07783000 0.75665240
vt 0.30908000 0.01455283
vt 0.31828000 0.89569900
vt 0.30908000 0.89569800
vt 0.49805000 0.04012799
vt 0.50812000 0.05857694
vt 0.50812000 0.85626900
vt 0.94325000 0.39517180
vt 0.95245000 0.89367320
vt 0.94325000 0.88577940
vt 0.21441000 0.48047800
vt 0.22362000 0.48047800
vt 0.22362000 0.44431870
vt 0.54713000 0.86281980
vt 0.54713000 0.87164690
vt 0.89976000 0.87182770
vt 0.89976000 0.86282000
vt 0.52529000 0.01455122
vt 0.53449000 0.89570100
vt 0.52529000 0.89569900
vt 0.58889000 0.04012722
vt 0.59896000 0.05857611
vt 0.59896000 0.85627000
vt 0.96487000 0.51535030
vt 0.97407000 0.01385128
vt 0.96487000 0.00595778
vt 0.29817000 0.48047680
vt 0.30737000 0.48047680
vt 0.30737000 0.44431980
vt 0.36906000 0.86805350
vt 0.36906000 0.87688070
vt 0.72168000 0.87706140
vt 0.72169000 0.86805410
vt 0.07305000 0.26083560
vt 0.08225000 0.16814820
vt 0.07305000 0.16814820
vt 0.74631000 0.28050240
vt 0.75638000 0.29894020
vt 0.75638000 0.12544820
vt 0.13203000 0.51659380
vt 0.14122000 0.01509458
vt 0.13203000 0.00720090
vt 0.70515000 0.46441340
vt 0.71436000 0.46441340
vt 0.71436000 0.45443540
vt 0.19099000 0.86876780
vt 0.19099000 0.87759480
vt 0.54360000 0.87777550
vt 0.54361000 0.86876840
vt 0.29594000 0.26083490
vt 0.64483000 0.16794000
vt 0.64483000 0.26104580
vt 0.69434000 0.63901460
vt 0.68504000 0.16860730
vt 0.69416000 0.16860430
vt 0.68504000 0.63901460
vt 0.69434000 0.63000730
vt 0.04713000 0.63865410
vt 0.04696000 0.63000790
vt 0.64483000 0.26104580
vt 0.65384000 0.24592570
vt 0.65384000 0.18306420
vt 0.64483000 0.16794000
vt 0.05606000 0.64556530
vt 0.04713000 0.63865410
vt 0.04676000 0.16842410
vt 0.05606000 0.16842410
vt 0.04676000 0.17743160
vt 0.69416000 0.16860430
vt 0.70042000 0.17743160
vt 0.57793000 0.29871310
vt 0.58781000 0.27616720
vt 0.57793000 0.27616720
vt 0.58781000 0.29871310
vt 0.94174000 0.27650580
vt 0.95571000 0.29830650
vt 0.95301000 0.26701080
vt 0.96236000 0.30980630
vt 0.96197000 0.14389090
vt 0.95301000 0.15737990
vt 0.95601000 0.12586800
vt 0.96255000 0.11458230
vt 0.94173000 0.14784040
vt 0.94327000 0.17031010
vt 0.93365000 0.15931430
vt 0.58781000 0.12567540
vt 0.58781000 0.14821920
vt 0.11848000 0.38994140
vt 0.11848000 0.39896340
vt 0.45220000 0.39896340
vt 0.44458000 0.39018410
vt 0.29027000 0.47600920
vt 0.29942000 0.45437280
vt 0.29027000 0.44283760
vt 0.29942000 0.46447630
vt 0.62158000 0.45443580
vt 0.11842000 0.87953510
vt 0.11835000 0.88844220
vt 0.44433000 0.88855620
vt 0.44433000 0.87953510
vt 0.94327000 0.25402750
vt 0.93365000 0.26507610
vt 0.44458000 0.39018410
vt 0.45364000 0.38998100
vt 0.45364000 0.88855620
vt 0.72521000 0.76547900
vt 0.71610000 0.77249890
vt 0.71610000 0.29508310
vt 0.72540000 0.29508310
vt 0.72540000 0.30409090
vt 0.36162000 0.89355650
vt 0.36143000 0.88476340
vt 0.03551000 0.88476340
vt 0.03551000 0.89378460
vt 0.37069000 0.88577070
vt 0.36162000 0.89355650
vt 0.36138000 0.39517460
vt 0.37069000 0.39517460
vt 0.36138000 0.40419670
vt 0.03527000 0.39541740
vt 0.02765000 0.40419670
vt 0.57793000 0.14821920
vt 0.57793000 0.12567540
vt 0.07204000 0.30409140
vt 0.07820000 0.29544360
vt 0.02621000 0.39525330
vt 0.03527000 0.39541740
vt 0.02621000 0.89378460
vt 0.07820000 0.29544360
vt 0.08713000 0.29526630
vt 0.08713000 0.76565960
vt 0.04713000 0.63865410
vt 0.69434000 0.63901460
vt 0.69416000 0.16860430
vt 0.04676000 0.16842410
vt 0.14716000 0.23353640
vt 0.63375000 0.25419220
vt 0.14716000 0.25437810
vt 0.64777000 0.23384550
vt 0.62749000 0.23958240
vt 0.61848000 0.25458740
vt 0.62696000 0.26463260
vt 0.63799000 0.22453030
vt 0.65551000 0.22328360
vt 0.64678000 0.21309190
vt 0.62749000 0.18481000
vt 0.63799000 0.19985440
vt 0.63403000 0.17038790
vt 0.62714000 0.15975580
vt 0.61848000 0.16980100
vt 0.64777000 0.19060740
vt 0.64678000 0.21129450
vt 0.65540000 0.20110640
vt 0.14716000 0.19085010
vt 0.14716000 0.17001030
vt 0.11848000 0.38994140
vt 0.44458000 0.39018410
vt 0.44433000 0.88855620
vt 0.11835000 0.88844220
vt 0.07784000 0.76565960
vt 0.72521000 0.76547900
vt 0.72540000 0.29508310
vt 0.07820000 0.29544360
vt 0.10402000 0.17332480
vt 0.10402000 0.25566110
vt 0.62287000 0.25545240
vt 0.62287000 0.17352970
vt 0.89050000 0.45657410
vt 0.89053000 0.45703830
vt 0.40002000 0.45712410
vt 0.40002000 0.45653330
vt 0.03527000 0.39541740
vt 0.36138000 0.39517460
vt 0.36162000 0.89355650
vt 0.03551000 0.89378460
vt 0.31828000 0.01455283
vt 0.66718000 0.89548900
vt 0.66718000 0.01475978
vt 0.63637000 0.87184000
vt 0.62708000 0.40143250
vt 0.63618000 0.40142980
vt 0.62708000 0.87184000
vt 0.63637000 0.86283280
vt 0.98916000 0.87147960
vt 0.98898000 0.86283300
vt 0.66718000 0.01475978
vt 0.67619000 0.99963963
vt 0.67619000 0.91060900
vt 0.66718000 0.89548900
vt 0.99809000 0.87839040
vt 0.98916000 0.87147960
vt 0.98878000 0.40124960
vt 0.99809000 0.40124960
vt 0.98879000 0.41025710
vt 0.63618000 0.40142980
vt 0.64244000 0.41025710
vt 0.11378000 0.05835450
vt 0.12366000 0.03579277
vt 0.11378000 0.03579277
vt 0.12366000 0.05835450
vt 0.47781000 0.03613174
vt 0.49178000 0.05794573
vt 0.48908000 0.02663094
vt 0.49844000 0.06945223
vt 0.49805000 0.87472200
vt 0.48908000 0.88821700
vt 0.49207000 0.85669300
vt 0.49863000 0.84539200
vt 0.47779000 0.87867500
vt 0.47933000 0.90115600
vt 0.46971000 0.89015600
vt 0.12366000 0.85649600
vt 0.12366000 0.87905000
vt 0.95257000 0.39517180
vt 0.95257000 0.40419370
vt 0.28630000 0.40419370
vt 0.27867000 0.39541450
vt 0.88309000 0.49207040
vt 0.89225000 0.44424560
vt 0.88309000 0.43271630
vt 0.89225000 0.48053750
vt 0.21441000 0.44431870
vt 0.95251000 0.88476630
vt 0.95245000 0.89367320
vt 0.27843000 0.89378750
vt 0.27843000 0.88476630
vt 0.47933000 0.01364195
vt 0.46971000 0.02469522
vt 0.27867000 0.39541450
vt 0.28773000 0.39521110
vt 0.28773000 0.89378750
vt 0.54713000 0.87164690
vt 0.53802000 0.87866720
vt 0.53802000 0.40126180
vt 0.54733000 0.40126180
vt 0.54733000 0.41026970
vt 0.21652000 0.01373285
vt 0.21635000 0.00493932
vt 0.89043000 0.00493932
vt 0.89043000 0.01396072
vt 0.22560000 0.00594670
vt 0.21652000 0.01373285
vt 0.21629000 0.51535450
vt 0.22560000 0.51535450
vt 0.21629000 0.52437670
vt 0.89017000 0.51559760
vt 0.88256000 0.52437670
vt 0.11378000 0.87904700
vt 0.11378000 0.85649200
vt 0.89396000 0.41027020
vt 0.90013000 0.40162220
vt 0.88111000 0.51543350
vt 0.89017000 0.51559760
vt 0.88111000 0.01396072
vt 0.90013000 0.40162220
vt 0.90906000 0.40144470
vt 0.90906000 0.87182770
vt 0.98916000 0.87147960
vt 0.63637000 0.87184000
vt 0.63618000 0.40142980
vt 0.98878000 0.40124960
vt 0.33954000 0.99174911
vt 0.82613000 0.01240289
vt 0.33954000 0.01259267
vt 0.84015000 0.99205834
vt 0.81986000 0.99779302
vt 0.81084000 0.01279813
vt 0.81934000 0.02284521
vt 0.83037000 0.98274302
vt 0.84789000 0.98149675
vt 0.83916000 0.97130482
vt 0.81986000 0.91705800
vt 0.83037000 0.93210600
vt 0.82641000 0.90263800
vt 0.81952000 0.89200000
vt 0.81084000 0.90205300
vt 0.84014000 0.92285200
vt 0.83916000 0.94354100
vt 0.84778000 0.93335800
vt 0.33954000 0.92309600
vt 0.33954000 0.90225800
vt 0.95257000 0.39517180
vt 0.27867000 0.39541450
vt 0.27843000 0.89378750
vt 0.95245000 0.89367320
vt 0.89976000 0.87182770
vt 0.54713000 0.87164690
vt 0.54733000 0.40126180
vt 0.90013000 0.40162220
vt 0.34186000 0.90100500
vt 0.34186000 0.00924379
vt 0.86071000 0.00903887
vt 0.86071000 0.90121100
vt 0.48351000 0.47250080
vt 0.48354000 0.44705500
vt 0.99303000 0.44714690
vt 0.99303000 0.47246180
vt 0.89017000 0.51559760
vt 0.21629000 0.51535450
vt 0.21652000 0.01373285
vt 0.89043000 0.01396072
vt 0.53449000 0.01455122
vt 0.88339000 0.89549000
vt 0.88339000 0.01475817
vt 0.45830000 0.87184020
vt 0.44900000 0.40143220
vt 0.45811000 0.40142930
vt 0.44900000 0.87184020
vt 0.45830000 0.86283330
vt 0.81109000 0.87148000
vt 0.81091000 0.86283330
vt 0.88339000 0.01475817
vt 0.89240000 0.99963796
vt 0.89240000 0.91061000
vt 0.88339000 0.89549000
vt 0.82001000 0.87839070
vt 0.81109000 0.87148000
vt 0.81071000 0.40124910
vt 0.82001000 0.40124910
vt 0.81071000 0.41025650
vt 0.45811000 0.40142930
vt 0.46437000 0.41025650
vt 0.20462000 0.05835366
vt 0.21450000 0.03579199
vt 0.20462000 0.03579199
vt 0.21450000 0.05835366
vt 0.56865000 0.03613096
vt 0.58263000 0.05794489
vt 0.57993000 0.02663016
vt 0.58928000 0.06945139
vt 0.58889000 0.87472300
vt 0.57993000 0.88821800
vt 0.58292000 0.85669400
vt 0.58948000 0.84539300
vt 0.56863000 0.87867500
vt 0.57018000 0.90115600
vt 0.56055000 0.89015600
vt 0.21450000 0.85649700
vt 0.21450000 0.87905000
vt 0.97419000 0.51535030
vt 0.97419000 0.52437220
vt 0.30791000 0.52437220
vt 0.30029000 0.51559330
vt 0.96686000 0.49206910
vt 0.97601000 0.44424670
vt 0.96686000 0.43271750
vt 0.97601000 0.48053620
vt 0.29817000 0.44431980
vt 0.97413000 0.00494391
vt 0.97407000 0.01385128
vt 0.30004000 0.01396531
vt 0.30004000 0.00494391
vt 0.57018000 0.01364118
vt 0.56055000 0.02469444
vt 0.30029000 0.51559330
vt 0.30936000 0.51538960
vt 0.30936000 0.01396531
vt 0.36906000 0.87688070
vt 0.35995000 0.88390120
vt 0.35995000 0.40649430
vt 0.36926000 0.40649430
vt 0.36926000 0.41550220
vt 0.38387000 0.01373219
vt 0.38368000 0.00493872
vt 0.05776000 0.00493872
vt 0.05776000 0.01396036
vt 0.39294000 0.00594604
vt 0.38387000 0.01373219
vt 0.38363000 0.51535530
vt 0.39294000 0.51535530
vt 0.38363000 0.52437740
vt 0.05751000 0.51559820
vt 0.04990000 0.52437740
vt 0.20462000 0.87904800
vt 0.20462000 0.85649300
vt 0.71589000 0.41550240
vt 0.72206000 0.40685450
vt 0.04845000 0.51543470
vt 0.05751000 0.51559820
vt 0.04845000 0.01396036
vt 0.72206000 0.40685450
vt 0.73099000 0.40667740
vt 0.73099000 0.87706140
vt 0.81109000 0.87148000
vt 0.45830000 0.87184020
vt 0.45811000 0.40142930
vt 0.81071000 0.40124910
vt 0.46690000 0.99172562
vt 0.95350000 0.01237857
vt 0.46690000 0.01256824
vt 0.96752000 0.99203485
vt 0.94724000 0.99776930
vt 0.93822000 0.01277381
vt 0.94672000 0.02282035
vt 0.95774000 0.98271996
vt 0.97527000 0.98147368
vt 0.96653000 0.97128214
vt 0.94724000 0.91708200
vt 0.95774000 0.93212900
vt 0.95379000 0.90266200
vt 0.94689000 0.89202500
vt 0.93822000 0.90207700
vt 0.96752000 0.92287500
vt 0.96653000 0.94356300
vt 0.97515000 0.93338100
vt 0.46690000 0.92312000
vt 0.46690000 0.90228300
vt 0.97419000 0.51535030
vt 0.30029000 0.51559330
vt 0.30004000 0.01396531
vt 0.97407000 0.01385128
vt 0.72168000 0.87706140
vt 0.36906000 0.87688070
vt 0.36926000 0.40649430
vt 0.72206000 0.40685450
vt 0.55807000 0.90100500
vt 0.55807000 0.00924367
vt 0.07693000 0.00903875
vt 0.07693000 0.90121200
vt 0.60342000 0.47250090
vt 0.60346000 0.44705520
vt 0.11295000 0.44714690
vt 0.11295000 0.47246180
vt 0.05751000 0.51559820
vt 0.38363000 0.51535530
vt 0.38387000 0.01373219
vt 0.05776000 0.01396036
vt 0.08225000 0.26083560
vt 0.43114000 0.16794110
vt 0.43114000 0.26104660
vt 0.28023000 0.87778200
vt 0.27093000 0.40737330
vt 0.28004000 0.40737040
vt 0.27093000 0.87778200
vt 0.28023000 0.86877510
vt 0.63302000 0.87742190
vt 0.63284000 0.86877510
vt 0.43114000 0.26104660
vt 0.44016000 0.24592640
vt 0.44016000 0.18306540
vt 0.43114000 0.16794110
vt 0.64194000 0.88433270
vt 0.63302000 0.87742190
vt 0.63264000 0.40718990
vt 0.64194000 0.40718990
vt 0.63264000 0.41619740
vt 0.28004000 0.40737040
vt 0.28629000 0.41619740
vt 0.36227000 0.29871380
vt 0.37215000 0.27616780
vt 0.36227000 0.27616780
vt 0.37215000 0.29871380
vt 0.72608000 0.27650650
vt 0.74004000 0.29830730
vt 0.73735000 0.26701140
vt 0.74670000 0.30980700
vt 0.74631000 0.14389000
vt 0.73735000 0.15737920
vt 0.74034000 0.12586740
vt 0.74689000 0.11458170
vt 0.72607000 0.14783970
vt 0.72761000 0.17030940
vt 0.71799000 0.15931360
vt 0.37215000 0.12567470
vt 0.37215000 0.14821850
vt 0.14134000 0.51659380
vt 0.14135000 0.52561570
vt 0.47507000 0.52561570
vt 0.46745000 0.51683680
vt 0.37384000 0.47600970
vt 0.38299000 0.45437230
vt 0.37384000 0.44283700
vt 0.38299000 0.46447680
vt 0.70515000 0.45443540
vt 0.14128000 0.00618720
vt 0.14122000 0.01509458
vt 0.46720000 0.01520860
vt 0.46720000 0.00618720
vt 0.72761000 0.25402830
vt 0.71799000 0.26507680
vt 0.46745000 0.51683680
vt 0.47652000 0.51663360
vt 0.47652000 0.01520860
vt 0.19099000 0.87759480
vt 0.18188000 0.88461520
vt 0.18188000 0.40719660
vt 0.19118000 0.40719660
vt 0.19118000 0.41620420
vt 0.55102000 0.01497793
vt 0.55083000 0.00618458
vt 0.22491000 0.00618458
vt 0.22491000 0.01520610
vt 0.56009000 0.00719184
vt 0.55102000 0.01497793
vt 0.55078000 0.51659630
vt 0.56009000 0.51659630
vt 0.55078000 0.52561840
vt 0.22467000 0.51683930
vt 0.21706000 0.52561840
vt 0.36227000 0.14821850
vt 0.36227000 0.12567470
vt 0.53781000 0.41620480
vt 0.54398000 0.40755700
vt 0.21561000 0.51667500
vt 0.22467000 0.51683930
vt 0.21561000 0.01520610
vt 0.54398000 0.40755700
vt 0.55291000 0.40738000
vt 0.55291000 0.87777550
vt 0.63302000 0.87742190
vt 0.28023000 0.87778200
vt 0.28004000 0.40737040
vt 0.63264000 0.40718990
vt 0.93151000 0.23355620
vt 0.41808000 0.25421270
vt 0.93151000 0.25439860
vt 0.43211000 0.23386530
vt 0.41181000 0.23960220
vt 0.40280000 0.25460790
vt 0.41129000 0.26465360
vt 0.42232000 0.22454940
vt 0.43984000 0.22330300
vt 0.43111000 0.21311090
vt 0.41181000 0.18479030
vt 0.42232000 0.19983510
vt 0.41836000 0.17036770
vt 0.41147000 0.15973510
vt 0.40280000 0.16978040
vt 0.43210000 0.19058790
vt 0.43111000 0.21127580
vt 0.43973000 0.20108730
vt 0.93151000 0.19083050
vt 0.93151000 0.16999010
vt 0.14134000 0.51659380
vt 0.46745000 0.51683680
vt 0.46720000 0.01520860
vt 0.14122000 0.01509458
vt 0.54360000 0.87777550
vt 0.19099000 0.87759480
vt 0.19118000 0.40719660
vt 0.54398000 0.40755700
vt 0.89034000 0.17332570
vt 0.89034000 0.25566200
vt 0.40919000 0.25545320
vt 0.40919000 0.17353080
vt 0.01041000 0.45657270
vt 0.01044000 0.45703970
vt 0.51994000 0.45712550
vt 0.51994000 0.45653180
vt 0.22467000 0.51683930
vt 0.55078000 0.51659630
vt 0.55102000 0.01497793
vt 0.22491000 0.01520610
vt 0.14207000 0.87630000
vt 0.14209000 0.87630000
vt 0.14209000 0.87630000
vt 0.14207000 0.87630000
vt 0.26866000 0.55903000
vt 0.26888000 0.58910200
vt 0.30204000 0.57600500
vt 0.55928000 0.62082470
vt 0.58566000 0.66043380
vt 0.58081000 0.64185680
vt 0.58572000 0.82670490
vt 0.55930000 0.64355990
vt 0.79885000 0.49314800
vt 0.76613000 0.51565000
vt 0.79883000 0.53118700
vt 0.76582000 0.47972900
vt 0.79885000 0.23892700
vt 0.76582000 0.23892700
vt 0.76582000 0.02527200
vt 0.79885000 0.02527200
vt 0.76582000 0.81162000
vt 0.79885000 0.81162000
vt 0.76582000 0.59796600
vt 0.79885000 0.59796600
vt 0.76582000 0.38431800
vt 0.79885000 0.38431800
vt 0.76582000 0.17066300
vt 0.79885000 0.17066300
vt 0.79885000 0.95102740
vt 0.76582000 0.95102740
vt 0.76582000 0.73139330
vt 0.79885000 0.73139330
vt 0.76582000 0.51175530
vt 0.79885000 0.51175530
vt 0.76582000 0.29211940
vt 0.79885000 0.29211940
vt 0.76582000 0.07248139
vt 0.79885000 0.07248139
vt 0.76583000 0.82569750
vt 0.79885000 0.81228050
vt 0.76613000 0.78976860
vt 0.79883000 0.77424220
vt 0.25696000 0.00683760
vt 0.29034000 0.02372570
vt 0.29014000 0.99361400
vt 0.25727000 0.03817490
vt 0.25726000 0.59263700
vt 0.29035000 0.59263700
vt 0.29034000 0.16636300
vt 0.25728000 0.16636300
vt 0.29034000 0.55921500
vt 0.25727000 0.54485500
vt 0.25696000 0.57619200
vt 0.29012000 0.58928900
vt 0.78705000 0.53184700
vt 0.75394000 0.50914000
vt 0.75398000 0.54784300
vt 0.78735000 0.49550000
vt 0.75394000 0.25184400
vt 0.78735000 0.25184400
vt 0.75394000 0.03565900
vt 0.78735000 0.03565900
vt 0.75394000 0.81947400
vt 0.78735000 0.81947400
vt 0.75394000 0.60328800
vt 0.78735000 0.60328800
vt 0.75394000 0.38710800
vt 0.78735000 0.38710800
vt 0.78735000 0.17092200
vt 0.75394000 0.17092200
vt 0.75394000 0.94868360
vt 0.78735000 0.94868360
vt 0.75394000 0.72644700
vt 0.78735000 0.72644700
vt 0.75394000 0.50420630
vt 0.78735000 0.50420630
vt 0.75394000 0.28196770
vt 0.78735000 0.28196770
vt 0.75394000 0.05972683
vt 0.78735000 0.05972683
vt 0.75394000 0.79637650
vt 0.78735000 0.81001850
vt 0.78705000 0.77366380
vt 0.75398000 0.75767140
vt 0.30204000 0.00702430
vt 0.26886000 0.99380200
vt 0.26865000 0.02391100
vt 0.30173000 0.03835890
vt 0.30174000 0.59261200
vt 0.26865000 0.59261200
vt 0.30172000 0.16629200
vt 0.26866000 0.16629200
vt 0.30173000 0.54467100
vt 0.82623000 0.93438700
vt 0.80236000 0.92483500
vt 0.80237000 0.96107400
vt 0.82623000 0.97181800
vt 0.94546000 0.65400400
vt 0.92204000 0.67294600
vt 0.94652000 0.68541400
vt 0.92242000 0.64742700
vt 0.94524000 0.60807400
vt 0.68874000 0.64588400
vt 0.68874000 0.67239700
vt 0.66513000 0.64583000
vt 0.66947000 0.66749600
vt 0.68867000 0.60807400
vt 0.66506000 0.60807400
vt 0.66500000 0.40094800
vt 0.92212000 0.60807400
vt 0.68860000 0.40094800
vt 0.66493000 0.19383100
vt 0.92181000 0.40094800
vt 0.94503000 0.40094800
vt 0.68853000 0.19383100
vt 0.66486000 0.98670600
vt 0.92151000 0.19383100
vt 0.94482000 0.19383100
vt 0.68845000 0.98670600
vt 0.66480000 0.77958200
vt 0.92121000 0.98670600
vt 0.94461000 0.98670600
vt 0.68839000 0.77958200
vt 0.66473000 0.57246300
vt 0.92091000 0.77958200
vt 0.94440000 0.77958200
vt 0.68832000 0.57246300
vt 0.92060000 0.57246300
vt 0.94419000 0.57246300
vt 0.94440000 0.35954000
vt 0.68839000 0.35954000
vt 0.66480000 0.35954000
vt 0.66486000 0.14661800
vt 0.92091000 0.35954000
vt 0.68845000 0.14661800
vt 0.66493000 0.93369690
vt 0.92121000 0.14661800
vt 0.94463000 0.14661800
vt 0.68853000 0.93369280
vt 0.66500000 0.72076740
vt 0.92151000 0.93369280
vt 0.94485000 0.93369280
vt 0.68860000 0.72076740
vt 0.66506000 0.50784790
vt 0.92181000 0.72076950
vt 0.94507000 0.72076950
vt 0.68867000 0.50784790
vt 0.66513000 0.46429490
vt 0.92211000 0.50784790
vt 0.94528000 0.50784790
vt 0.68874000 0.46424160
vt 0.92242000 0.46269400
vt 0.94550000 0.45561830
vt 0.68874000 0.43772420
vt 0.66947000 0.44262290
vt 0.92204000 0.43718140
vt 0.94650000 0.42477040
vt 0.80225000 0.47234800
vt 0.82777000 0.48862590
vt 0.82692000 0.46426990
vt 0.80183000 0.49511190
vt 0.56723000 0.47247730
vt 0.80222000 0.14124300
vt 0.82690000 0.14124300
vt 0.82671000 0.69345300
vt 0.56722000 0.49550960
vt 0.80232000 0.69345400
vt 0.82610000 0.88441900
vt 0.54345000 0.49552200
vt 0.54782000 0.47671370
vt 0.54344000 0.14124400
vt 0.56723000 0.14124400
vt 0.56723000 0.69345400
vt 0.54345000 0.69345400
vt 0.80260000 0.87636400
vt 0.56723000 0.87519500
vt 0.54345000 0.87516000
vt 0.80248000 0.89857300
vt 0.82617000 0.90775800
vt 0.56723000 0.89823000
vt 0.54782000 0.89398300
vt 0.54345000 0.91529300
vt 0.56723000 0.92483500
vt 0.54345000 0.95026100
vt 0.56723000 0.96107400
vt 0.59605000 0.48760620
vt 0.62148000 0.47142420
vt 0.59682000 0.46366100
vt 0.62189000 0.49419780
vt 0.59686000 0.14103300
vt 0.85661000 0.49459930
vt 0.85661000 0.47155480
vt 0.88039000 0.49461010
vt 0.87602000 0.47579310
vt 0.85661000 0.14103300
vt 0.88039000 0.14103300
vt 0.88039000 0.69348000
vt 0.62151000 0.14103200
vt 0.85661000 0.69348000
vt 0.88039000 0.87569100
vt 0.62140000 0.69347900
vt 0.59707000 0.69348000
vt 0.85661000 0.87572600
vt 0.62113000 0.87689500
vt 0.59762000 0.88499600
vt 0.85661000 0.89877100
vt 0.87602000 0.89452200
vt 0.62137000 0.89911500
vt 0.59758000 0.90831100
vt 0.59756000 0.93492500
vt 0.62160000 0.92538700
vt 0.62156000 0.96164100
vt 0.59756000 0.97237300
vt 0.85661000 0.96164100
vt 0.85661000 0.92538700
vt 0.88039000 0.91584200
vt 0.88039000 0.95082300
vt 0.39040000 0.01868400
vt 0.36401000 0.99592800
vt 0.36887000 0.01449100
vt 0.39037000 0.99595100
vt 0.42795000 0.01879700
vt 0.39046000 0.37170300
vt 0.36410000 0.37170300
vt 0.36412000 0.82670490
vt 0.42795000 0.99606300
vt 0.39049000 0.82670530
vt 0.36418000 0.66043380
vt 0.63389000 0.99617500
vt 0.63389000 0.01890900
vt 0.42795000 0.37170300
vt 0.83981000 0.99628600
vt 0.83981000 0.01902200
vt 0.63389000 0.37170200
vt 0.04575000 0.99639900
vt 0.04575000 0.01913400
vt 0.42795000 0.82670500
vt 0.83982000 0.37170300
vt 0.25169000 0.99651100
vt 0.25169000 0.01924600
vt 0.63388000 0.82670530
vt 0.04575000 0.37170300
vt 0.45762000 0.99662300
vt 0.45762000 0.01935800
vt 0.66932000 0.01924600
vt 0.83981000 0.82670530
vt 0.25169000 0.37170300
vt 0.04575000 0.82670530
vt 0.63389000 0.53810890
vt 0.83981000 0.49812500
vt 0.04575000 0.47639540
vt 0.42795000 0.61208120
vt 0.39054000 0.64356010
vt 0.39057000 0.62082520
vt 0.36904000 0.64185680
vt 0.42795000 0.58631440
vt 0.63389000 0.51537420
vt 0.83981000 0.47539030
vt 0.04575000 0.45366130
vt 0.25169000 0.44518350
vt 0.25169000 0.46791740
vt 0.45762000 0.43641850
vt 0.25169000 0.82670500
vt 0.45762000 0.45915260
vt 0.45762000 0.37170300
vt 0.66932000 0.46791680
vt 0.66932000 0.44518350
vt 0.45762000 0.82670490
vt 0.66932000 0.99651100
vt 0.88102000 0.47639480
vt 0.88102000 0.45366060
vt 0.66933000 0.82670480
vt 0.66932000 0.37170200
vt 0.88102000 0.99639900
vt 0.88102000 0.01913400
vt 0.09273000 0.49812450
vt 0.09273000 0.47539030
vt 0.88103000 0.82670480
vt 0.88102000 0.37170300
vt 0.09273000 0.99628600
vt 0.09272000 0.01902200
vt 0.30443000 0.53810890
vt 0.30443000 0.51537480
vt 0.09273000 0.82670480
vt 0.09273000 0.37170300
vt 0.30443000 0.99617500
vt 0.30443000 0.01890900
vt 0.51613000 0.61208060
vt 0.51613000 0.58631440
vt 0.30444000 0.82670490
vt 0.30443000 0.37170300
vt 0.51613000 0.99606300
vt 0.51613000 0.01879700
vt 0.51613000 0.82670500
vt 0.51613000 0.37170300
vt 0.55947000 0.99595100
vt 0.55943000 0.01868500
vt 0.55936000 0.82670520
vt 0.58574000 0.37170300
vt 0.55939000 0.37170300
vt 0.58583000 0.99592600
vt 0.58098000 0.01448900
vt 0.66706000 0.22659440
vt 0.87916000 0.26658490
vt 0.87916000 0.24471830
vt 0.09126000 0.31262200
vt 0.09126000 0.33508420
vt 0.17459000 0.35038030
vt 0.14638000 0.37209710
vt 0.19891000 0.37754910
vt 0.17181000 0.39840080
vt 0.18254000 0.42144500
vt 0.87916000 0.15556140
vt 0.09126000 0.20191860
vt 0.66706000 0.11550350
vt 0.66706000 0.20465210
vt 0.45496000 0.08655980
vt 0.45496000 0.18287540
vt 0.24286000 0.06339380
vt 0.24286000 0.17437510
vt 0.03076000 0.05461260
vt 0.03076000 0.16558720
vt 0.82443000 0.06339380
vt 0.82444000 0.17437510
vt 0.61812000 0.08655980
vt 0.61812000 0.18287540
vt 0.66706000 0.08318230
vt 0.45496000 0.05423810
vt 0.24286000 0.03107260
vt 0.03076000 0.02229210
vt 0.82443000 0.03107260
vt 0.61812000 0.05423810
vt 0.87916000 0.12324070
vt 0.66706000 0.06448980
vt 0.87916000 0.10454850
vt 0.45496000 0.03554610
vt 0.24286000 0.01238040
vt 0.03076000 0.00359940
vt 0.82443000 0.01238040
vt 0.61812000 0.03554610
vt 0.41179000 0.06448980
vt 0.09126000 0.15090560
vt 0.41179000 0.08318230
vt 0.20547000 0.10454850
vt 0.09126000 0.16959740
vt 0.41179000 0.11550350
vt 0.20547000 0.12324070
vt 0.99915000 0.15090560
vt 0.32502000 0.26369380
vt 0.32957000 0.24500200
vt 0.36427000 0.25735400
vt 0.27669000 0.29601500
vt 0.34727000 0.27222010
vt 0.37864000 0.28717780
vt 0.30638000 0.30459590
vt 0.35606000 0.29168610
vt 0.37864000 0.59909680
vt 0.31868000 0.32531320
vt 0.35614000 0.59909700
vt 0.37864000 0.14511600
vt 0.20897000 0.40239910
vt 0.31874000 0.59909710
vt 0.20731000 0.59909690
vt 0.18401000 0.59909700
vt 0.35617000 0.14511600
vt 0.20664000 0.14511600
vt 0.18464000 0.14511600
vt 0.18677000 0.77930400
vt 0.31876000 0.14511600
vt 0.35631000 0.57174500
vt 0.37864000 0.57621200
vt 0.36427000 0.60603600
vt 0.20425000 0.80204100
vt 0.31888000 0.52876400
vt 0.34737000 0.59118900
vt 0.32957000 0.61838800
vt 0.18921000 0.82570300
vt 0.17401000 0.80297000
vt 0.14328000 0.81316900
vt 0.30558000 0.55604300
vt 0.32500000 0.59961900
vt 0.09126000 0.61838800
vt 0.27347000 0.56739600
vt 0.09126000 0.59986100
vt 0.87916000 0.61838800
vt 0.15292000 0.83556400
vt 0.87916000 0.60010300
vt 0.66706000 0.61838800
vt 0.09126000 0.56780300
vt 0.09126000 0.83596000
vt 0.09126000 0.81351600
vt 0.66706000 0.60034500
vt 0.45496000 0.61838800
vt 0.87916000 0.56820900
vt 0.87916000 0.83635600
vt 0.87916000 0.81386300
vt 0.45496000 0.60058700
vt 0.24286000 0.61838800
vt 0.66706000 0.56861500
vt 0.66706000 0.83675100
vt 0.66706000 0.81421000
vt 0.45496000 0.56902100
vt 0.45496000 0.83714700
vt 0.45496000 0.81455800
vt 0.24286000 0.60083000
vt 0.24286000 0.83754200
vt 0.24286000 0.81490500
vt 0.03076000 0.81525300
vt 0.24286000 0.56942700
vt 0.03076000 0.60107200
vt 0.03076000 0.61838800
vt 0.82443000 0.61838800
vt 0.03076000 0.83793800
vt 0.03076000 0.56983400
vt 0.82443000 0.60083000
vt 0.61812000 0.61838800
vt 0.82444000 0.83776700
vt 0.82444000 0.81498500
vt 0.82443000 0.56942700
vt 0.61812000 0.60058700
vt 0.41179000 0.61838800
vt 0.61812000 0.83759600
vt 0.61812000 0.81471800
vt 0.61812000 0.56902100
vt 0.41179000 0.60034500
vt 0.20547000 0.61838800
vt 0.41179000 0.83742500
vt 0.41179000 0.81445100
vt 0.41179000 0.56861500
vt 0.20547000 0.60010300
vt 0.99915000 0.61838800
vt 0.20547000 0.83725400
vt 0.20547000 0.81418400
vt 0.20547000 0.56820900
vt 0.99915000 0.59986100
vt 0.99916000 0.83708400
vt 0.99916000 0.81391600
vt 0.95341000 0.81364900
vt 0.99916000 0.56780300
vt 0.77119000 0.59961900
vt 0.76662000 0.61838800
vt 0.73193000 0.60603600
vt 0.94410000 0.83691300
vt 0.82272000 0.56739600
vt 0.74882000 0.59118900
vt 0.71755000 0.57621200
vt 0.90675000 0.82666700
vt 0.92212000 0.80328500
vt 0.90909000 0.77920200
vt 0.79060000 0.55604300
vt 0.73988000 0.57174500
vt 0.71756000 0.14511500
vt 0.89127000 0.80198600
vt 0.91138000 0.14511500
vt 0.77731000 0.52876400
vt 0.74003000 0.14511600
vt 0.71755000 0.59909680
vt 0.77743000 0.14511500
vt 0.88905000 0.14511500
vt 0.74005000 0.59909700
vt 0.88850000 0.59909690
vt 0.91196000 0.59909740
vt 0.77745000 0.59909730
vt 0.88696000 0.40242860
vt 0.91354000 0.42148570
vt 0.74013000 0.29168610
vt 0.71755000 0.28717780
vt 0.73193000 0.25735400
vt 0.77751000 0.32531320
vt 0.74892000 0.27222080
vt 0.76662000 0.24500200
vt 0.89709000 0.37755740
vt 0.92425000 0.39840980
vt 0.94963000 0.37207880
vt 0.78981000 0.30459670
vt 0.77117000 0.26369380
vt 0.92160000 0.35038030
vt 0.99916000 0.33506750
vt 0.81950000 0.29601550
vt 0.99915000 0.16959740
vt 0.99916000 0.31038740
vt 0.99916000 0.20191860
vt 0.20547000 0.15556140
vt 0.20547000 0.24471830
vt 0.20547000 0.26657320
vt 0.41179000 0.20465300
vt 0.41179000 0.22658560
vt 0.61812000 0.20488620
vt 0.45496000 0.20489240
vt 0.24286000 0.19646740
vt 0.03076000 0.18775420
vt 0.82444000 0.19646480
vt 0.63655000 0.89594300
vt 0.63654000 0.68735000
vt 0.61277000 0.68735000
vt 0.61276000 0.89594300
vt 0.63656000 0.10454200
vt 0.61275000 0.10454200
vt 0.63656000 0.31314000
vt 0.61275000 0.31314000
vt 0.63657000 0.73033100
vt 0.61274000 0.52173100
vt 0.61272000 0.73033100
vt 0.63657000 0.52173100
vt 0.87164000 0.73033100
vt 0.87164000 0.52173100
vt 0.89542000 0.73033100
vt 0.89542000 0.52173100
vt 0.87164000 0.31314000
vt 0.89542000 0.31314000
vt 0.87164000 0.10454200
vt 0.89542000 0.10454200
vt 0.87164000 0.89594300
vt 0.89542000 0.89594300
vt 0.87164000 0.68735000
vt 0.89542000 0.68735000
vt 0.89542000 0.47291200
vt 0.63659000 0.47291200
vt 0.61277000 0.47291200
vt 0.61278000 0.25847500
vt 0.87164000 0.47291200
vt 0.89542000 0.25847500
vt 0.63663000 0.25847500
vt 0.61279000 0.04403400
vt 0.87164000 0.25847500
vt 0.89542000 0.04403400
vt 0.63668000 0.04403400
vt 0.61279000 0.82959540
vt 0.87164000 0.04403400
vt 0.89542000 0.82959540
vt 0.63673000 0.82959540
vt 0.61279000 0.61515640
vt 0.63677000 0.61515640
vt 0.87164000 0.82959310
vt 0.89542000 0.61515840
vt 0.87164000 0.61515840
vt 0.46050000 0.38950000
vt 0.92460000 0.38950000
vt 0.92460000 0.48640000
vt 0.46050000 0.48640000
vt 0.53310000 0.90621080
vt 0.53700000 0.93971940
vt 0.53700000 0.90621080
vt 0.53310000 0.93971940
vt 0.53350000 0.94318670
vt 0.56150000 0.90274040
vt 0.56110000 0.90620780
vt 0.56490000 0.90620780
vt 0.58840000 0.92951760
vt 0.60040000 0.90593560
vt 0.59500000 0.90534510
vt 0.58300000 0.92892650
vt 0.05550000 0.26157600
vt 0.08280000 0.21870470
vt 0.05610000 0.21870520
vt 0.08320000 0.17555160
vt 0.05640000 0.17556600
vt 0.05640000 0.96044652
vt 0.08320000 0.96044652
vt 0.08160000 0.26158680
vt 0.08160000 0.30072260
vt 0.05480000 0.30103390
vt 0.08010000 0.32467950
vt 0.05320000 0.32613350
vt 0.61550000 0.92952020
vt 0.62090000 0.92892900
vt 0.60890000 0.90534240
vt 0.60360000 0.90593310
vt 0.05550000 0.26157600
vt 0.02720000 0.30072260
vt 0.05480000 0.30103390
vt 0.90030000 0.32635700
vt 0.85250000 0.72010150
vt 0.89470000 0.70723580
vt 0.94020000 0.33119870
vt 0.98580000 0.95516539
vt 0.94800000 0.93261057
vt 0.48730000 0.87256580
vt 0.04820000 0.84610020
vt 0.04820000 0.87256580
vt 0.48730000 0.84609130
vt 0.92630000 0.84610020
vt 0.92630000 0.87256580
vt 0.81910000 0.93592703
vt 0.86210000 0.91279525
vt 0.81910000 0.91279525
vt 0.86210000 0.93592703
vt 0.81910000 0.10966780
vt 0.86210000 0.10966780
vt 0.86210000 0.22234330
vt 0.81910000 0.22234330
vt 0.86210000 0.32957960
vt 0.81910000 0.32957960
vt 0.81910000 0.50796330
vt 0.86210000 0.50796330
vt 0.86210000 0.55693150
vt 0.81910000 0.55693150
vt 0.48730000 0.58307190
vt 0.04820000 0.52704610
vt 0.04820000 0.58307190
vt 0.48730000 0.52704610
vt 0.92630000 0.52704610
vt 0.92630000 0.58307190
vt 0.81910000 0.83842520
vt 0.86210000 0.80802210
vt 0.04820000 0.87035050
vt 0.03320000 0.90513550
vt 0.49290000 0.90513550
vt 0.48730000 0.87035050
vt 0.92630000 0.87035050
vt 0.95270000 0.90513550
vt 0.95270000 0.87256580
vt 0.95270000 0.84610020
vt 0.95270000 0.07134679
vt 0.92630000 0.07134679
vt 0.92630000 0.20026150
vt 0.95270000 0.20026150
vt 0.92630000 0.32295300
vt 0.95270000 0.32295300
vt 0.95270000 0.52704610
vt 0.95270000 0.58307190
vt 0.92630000 0.87035050
vt 0.95270000 0.90513550
vt 0.53350000 0.90274400
vt 0.52800000 0.90274400
vt 0.52750000 0.90621080
vt 0.34910000 0.94551430
vt 0.35790000 0.87330840
vt 0.35440000 0.87289310
vt 0.34570000 0.94509690
vt 0.34890000 0.87221930
vt 0.34010000 0.94442520
vt 0.52750000 0.93971940
vt 0.52800000 0.94318670
vt 0.54550000 0.90546130
vt 0.55130000 0.90546130
vt 0.55170000 0.90183940
vt 0.54590000 0.90183940
vt 0.37280000 0.95877340
vt 0.36410000 0.88656720
vt 0.36060000 0.88698260
vt 0.36940000 0.95919080
vt 0.54590000 0.94409130
vt 0.55170000 0.94409130
vt 0.55130000 0.94046890
vt 0.54550000 0.94046890
vt 0.42150000 0.95579470
vt 0.45260000 0.95579470
vt 0.45260000 0.88845410
vt 0.42150000 0.88845410
vt 0.37840000 0.95810160
vt 0.36960000 0.88589330
vt 0.54230000 0.90546130
vt 0.54230000 0.94046890
vt 0.55590000 0.90274040
vt 0.55550000 0.90620780
vt 0.56110000 0.93972240
vt 0.55550000 0.93972240
vt 0.39010000 0.95918920
vt 0.39890000 0.88698410
vt 0.39540000 0.88657080
vt 0.38670000 0.95877180
vt 0.38990000 0.88589500
vt 0.38110000 0.95810010
vt 0.56490000 0.93972240
vt 0.56150000 0.94319030
vt 0.57340000 0.90546210
vt 0.57930000 0.90546210
vt 0.57970000 0.90184040
vt 0.57390000 0.90184040
vt 0.57030000 0.90546210
vt 0.55590000 0.94319030
vt 0.41380000 0.95877210
vt 0.40160000 0.88698380
vt 0.41040000 0.95918950
vt 0.40510000 0.88657050
vt 0.41060000 0.88589470
vt 0.41940000 0.95810040
vt 0.57390000 0.94409030
vt 0.57970000 0.94409030
vt 0.57930000 0.94046810
vt 0.57340000 0.94046810
vt 0.57030000 0.94046810
vt 0.45320000 0.95579500
vt 0.48430000 0.95579500
vt 0.48430000 0.88845370
vt 0.45320000 0.88845370
vt 0.48370000 0.96389210
vt 0.48920000 0.96455120
vt 0.49490000 0.93962780
vt 0.48940000 0.93830360
vt 0.50810000 0.91940410
vt 0.50370000 0.91707430
vt 0.52170000 0.90154650
vt 0.52510000 0.90447730
vt 0.35480000 0.76141970
vt 0.31960000 0.73995880
vt 0.31650000 0.74397130
vt 0.35030000 0.76391030
vt 0.36410000 0.78552680
vt 0.36950000 0.78422530
vt 0.36990000 0.81000790
vt 0.37530000 0.80935620
vt 0.37570000 0.83513700
vt 0.37010000 0.83515470
vt 0.36680000 0.86079350
vt 0.36190000 0.85944290
vt 0.33380000 0.88687740
vt 0.33780000 0.89003160
vt 0.02510000 0.62063090
vt 0.01120000 0.59417710
vt 0.99460000 0.60027920
vt 0.00820000 0.62545820
vt 0.97380000 0.61160120
vt 0.96780000 0.63758670
vt 0.97300000 0.66949190
vt 0.03220000 0.66384570
vt 0.01460000 0.66554970
vt 0.97880000 0.71686830
vt 0.02020000 0.71287610
vt 0.03770000 0.71119710
vt 0.98070000 0.76453390
vt 0.02210000 0.76053540
vt 0.03950000 0.75884790
vt 0.03950000 0.99637220
vt 0.02210000 0.99637220
vt 0.98070000 0.99637220
vt 0.13310000 0.27138350
vt 0.13160000 0.24727850
vt 0.10530000 0.24580380
vt 0.10680000 0.27105920
vt 0.13390000 0.31013520
vt 0.10760000 0.31013180
vt 0.10820000 0.35326450
vt 0.13450000 0.35326580
vt 0.10840000 0.39667100
vt 0.13470000 0.39667280
vt 0.13470000 0.61311960
vt 0.10840000 0.61311960
vt 0.96980000 0.61208110
vt 0.96480000 0.63796290
vt 0.98020000 0.63835660
vt 0.97520000 0.61263810
vt 0.95560000 0.60196220
vt 0.94220000 0.62652720
vt 0.94040000 0.59554950
vt 0.92650000 0.62183640
vt 0.93590000 0.66577720
vt 0.91980000 0.66409580
vt 0.97520000 0.66966660
vt 0.91410000 0.71113030
vt 0.93030000 0.71280170
vt 0.96960000 0.71675900
vt 0.91230000 0.75846640
vt 0.92840000 0.76016520
vt 0.96790000 0.76412730
vt 0.92840000 0.99450510
vt 0.91230000 0.99450510
vt 0.96800000 0.99450510
vt 0.96480000 0.63796290
vt 0.97300000 0.66949190
vt 0.96780000 0.63758670
vt 0.96980000 0.66947160
vt 0.97540000 0.71686280
vt 0.97880000 0.71686830
vt 0.97720000 0.76453190
vt 0.98070000 0.76453390
vt 0.98070000 0.99637220
vt 0.97700000 0.99637220
vt 0.93450000 0.81620410
vt 0.91950000 0.73230920
vt 0.90480000 0.73230920
vt 0.91370000 0.81620410
vt 0.88680000 0.73230920
vt 0.88810000 0.81620410
vt 0.86650000 0.73230920
vt 0.85950000 0.81620410
vt 0.84550000 0.73230920
vt 0.82970000 0.81620410
vt 0.75560000 0.81620410
vt 0.75960000 0.73230920
vt 0.67180000 0.81637540
vt 0.66470000 0.73366270
vt 0.64620000 0.81637540
vt 0.68270000 0.73366270
vt 0.70020000 0.81637540
vt 0.70280000 0.73366270
vt 0.72950000 0.81637540
vt 0.72350000 0.73366270
vt 0.75780000 0.81637540
vt 0.74340000 0.73366270
vt 0.78300000 0.81637540
vt 0.76120000 0.73366270
vt 0.53410000 0.81590530
vt 0.52730000 0.72994920
vt 0.51230000 0.81590530
vt 0.54260000 0.72994920
vt 0.56060000 0.81590530
vt 0.56140000 0.72994920
vt 0.59020000 0.81590530
vt 0.58220000 0.72994920
vt 0.67380000 0.72994920
vt 0.66970000 0.81590530
vt 0.91370000 0.81620410
vt 0.93600000 0.92441550
vt 0.93450000 0.81620410
vt 0.91460000 0.92441550
vt 0.88810000 0.81620410
vt 0.88820000 0.92441550
vt 0.85950000 0.81620410
vt 0.85880000 0.92441550
vt 0.82970000 0.81620410
vt 0.82820000 0.92441550
vt 0.75560000 0.81620410
vt 0.75520000 0.92441550
vt 0.64620000 0.81637540
vt 0.64450000 0.92306200
vt 0.67080000 0.92306200
vt 0.67180000 0.81637540
vt 0.70000000 0.92306200
vt 0.70020000 0.81637540
vt 0.73010000 0.92306200
vt 0.72950000 0.81637540
vt 0.75910000 0.92306200
vt 0.75780000 0.81637540
vt 0.49680000 0.81590530
vt 0.49500000 0.92677550
vt 0.51090000 0.92677550
vt 0.51230000 0.81590530
vt 0.53330000 0.92677550
vt 0.53410000 0.81590530
vt 0.56060000 0.92677550
vt 0.56060000 0.81590530
vt 0.59090000 0.92677550
vt 0.59020000 0.81590530
vt 0.66930000 0.92677550
vt 0.66970000 0.81590530
vt 0.52660000 0.75157870
vt 0.52330000 0.75117150
vt 0.51270000 0.83835320
vt 0.51600000 0.83897740
vt 0.50780000 0.85759710
vt 0.51090000 0.85885950
vt 0.49810000 0.87468890
vt 0.50080000 0.87673960
vt 0.48430000 0.88869480
vt 0.48650000 0.89140600
vt 0.46740000 0.89866630
vt 0.46880000 0.90185160
vt 0.44850000 0.90392860
vt 0.44900000 0.90736930
vt 0.42890000 0.90412710
vt 0.42850000 0.90758200
vt 0.40990000 0.89924780
vt 0.40860000 0.90247170
vt 0.39280000 0.88962490
vt 0.39070000 0.89239480
vt 0.37880000 0.87590470
vt 0.37610000 0.87802830
vt 0.36880000 0.85901760
vt 0.36560000 0.86035690
vt 0.36340000 0.84010600
vt 0.36010000 0.84058430
vt 0.36330000 0.82024410
vt 0.35990000 0.82006180
vt 0.37340000 0.73648890
vt 0.37010000 0.73608360
vt 0.23580000 0.84159660
vt 0.32460000 0.84159660
vt 0.32470000 0.82167690
vt 0.23590000 0.82167690
vt 0.23570000 0.86056320
vt 0.32450000 0.86056320
vt 0.32460000 0.84159660
vt 0.23580000 0.84159660
vt 0.23560000 0.87749970
vt 0.32440000 0.87749970
vt 0.32450000 0.86056320
vt 0.23570000 0.86056320
vt 0.23550000 0.89125970
vt 0.32440000 0.89125970
vt 0.32440000 0.87749970
vt 0.23560000 0.87749970
vt 0.25690000 0.95937050
vt 0.25690000 0.87113600
vt 0.23980000 0.87109080
vt 0.23980000 0.95932490
vt 0.27580000 0.95938620
vt 0.27580000 0.87115240
vt 0.25690000 0.87113600
vt 0.25690000 0.95937050
vt 0.29530000 0.95937050
vt 0.29530000 0.87113600
vt 0.27580000 0.87115240
vt 0.27580000 0.95938620
vt 0.31420000 0.95932490
vt 0.31420000 0.87109080
vt 0.29530000 0.87113600
vt 0.29530000 0.95937050
vt 0.15840000 0.87299650
vt 0.24980000 0.87299650
vt 0.24980000 0.86269950
vt 0.15830000 0.86269950
vt 0.15850000 0.88745980
vt 0.24990000 0.88745980
vt 0.24980000 0.87299650
vt 0.15840000 0.87299650
vt 0.15860000 0.90510980
vt 0.25000000 0.90510980
vt 0.24990000 0.88745980
vt 0.15850000 0.88745980
vt 0.15870000 0.92498210
vt 0.25010000 0.92498210
vt 0.25000000 0.90510980
vt 0.15860000 0.90510980
vt 0.15870000 0.01501100
vt 0.25020000 0.01501100
vt 0.25010000 0.92498210
vt 0.15870000 0.92498210
vt 0.23590000 0.82167690
vt 0.32470000 0.82167690
vt 0.32470000 0.73767740
vt 0.23590000 0.73767740
vt 0.31230000 0.87418840
vt 0.31730000 0.90042070
vt 0.31770000 0.87484750
vt 0.31170000 0.90040270
vt 0.32540000 0.92322120
vt 0.32050000 0.92443920
vt 0.33420000 0.94379400
vt 0.33830000 0.94177450
vt 0.02570000 0.32467950
vt 0.05320000 0.32613350
vt 0.00050000 0.31915340
vt 0.99990000 0.29635090
vt 0.98020000 0.30890010
vt 0.96880000 0.28536730
vt 0.96930000 0.25647350
vt 0.02870000 0.26158680
vt 0.00060000 0.26004360
vt 0.97000000 0.21356870
vt 0.00120000 0.21718410
vt 0.97020000 0.17040220
vt 0.02880000 0.21870470
vt 0.05610000 0.21870520
vt 0.00140000 0.17402330
vt 0.02880000 0.17555160
vt 0.05640000 0.17556600
vt 0.05640000 0.96044652
vt 0.02880000 0.96044652
vt 0.00140000 0.96044652
vt 0.97020000 0.96044652
vt 0.02100000 0.28618970
vt 0.02380000 0.28653250
vt 0.03460000 0.26294870
vt 0.03240000 0.26251140
vt 0.02380000 0.28653250
vt 0.05420000 0.25315890
vt 0.03460000 0.26294870
vt 0.05390000 0.27568500
vt 0.07820000 0.24727850
vt 0.05460000 0.31167710
vt 0.02440000 0.31524370
vt 0.07980000 0.27138350
vt 0.10530000 0.24580380
vt 0.10680000 0.27105920
vt 0.08050000 0.31013520
vt 0.10760000 0.31013180
vt 0.10820000 0.35326450
vt 0.08120000 0.35326580
vt 0.10840000 0.39667100
vt 0.05520000 0.35479840
vt 0.02520000 0.35842720
vt 0.08140000 0.39667280
vt 0.05530000 0.39823060
vt 0.02560000 0.40186380
vt 0.05530000 0.61311960
vt 0.02580000 0.61311960
vt 0.08140000 0.61311960
vt 0.10840000 0.61311960
vt 0.02380000 0.28653250
vt 0.02100000 0.28618970
vt 0.02150000 0.31526220
vt 0.02440000 0.31524370
vt 0.02520000 0.35842720
vt 0.02220000 0.35843220
vt 0.02560000 0.40186380
vt 0.02240000 0.40186570
vt 0.02240000 0.61311960
vt 0.02580000 0.61311960
vt 0.93290000 0.33800000
vt 0.93290000 0.33800000
vt 0.93290000 0.33800000
vt 0.93290000 0.33800000
vt 0.50360000 0.91910700
vt 0.52100000 0.94715900
vt 0.52090000 0.91087000
vt 0.49070000 0.95692300
vt 0.50380000 0.95518900
vt 0.49050000 0.92506100
vt 0.60580000 0.71620000
vt 0.53070000 0.75248500
vt 0.60570000 0.74579500
vt 0.69360000 0.75387200
vt 0.70680000 0.71077300
vt 0.69370000 0.71768600
vt 0.49890000 0.88252560
vt 0.54200000 0.53079030
vt 0.53410000 0.53565040
vt 0.71820000 0.72687160
vt 0.73440000 0.72687160
vt 0.73440000 0.69721260
vt 0.71820000 0.69721260
vt 0.71820000 0.74826940
vt 0.71820000 0.72687160
vt 0.70740000 0.72687160
vt 0.70740000 0.74826940
vt 0.71890000 0.72687970
vt 0.73510000 0.72687970
vt 0.73510000 0.69720450
vt 0.71890000 0.69720450
vt 0.73510000 0.72687970
vt 0.73510000 0.74828920
vt 0.74590000 0.74828920
vt 0.74590000 0.72687970
vt 0.71820000 0.69721260
vt 0.71820000 0.67581520
vt 0.70740000 0.67581520
vt 0.70740000 0.69721260
vt 0.73510000 0.67579540
vt 0.73510000 0.69720450
vt 0.74590000 0.69720450
vt 0.74590000 0.67579540
vt 0.99040000 0.99482800
vt 0.98000000 0.99482800
vt 0.98000000 0.35228400
vt 0.99040000 0.35228400
vt 0.97840000 0.56878660
vt 0.97840000 0.56333000
vt 0.00250000 0.56333000
vt 0.00250000 0.56878660
vt 0.00710000 0.99481700
vt 0.00710000 0.35229500
vt 0.01750000 0.35229500
vt 0.01750000 0.99481700
vt 0.74590000 0.69720450
vt 0.73510000 0.69720450
vt 0.73510000 0.72687970
vt 0.74590000 0.72687970
vt 0.71820000 0.69721260
vt 0.70740000 0.69721260
vt 0.70740000 0.72687160
vt 0.71820000 0.72687160
vt 0.99040000 0.97095500
vt 0.99040000 0.99482800
vt 0.00600000 0.99482800
vt 0.99040000 0.35228400
vt 0.00600000 0.35228400
vt 0.99040000 0.37614600
vt 0.00710000 0.97094300
vt 0.99150000 0.99481700
vt 0.00710000 0.99481700
vt 0.99150000 0.35229500
vt 0.00710000 0.35229500
vt 0.00710000 0.37615700
vt 0.74120000 0.70448420
vt 0.75740000 0.70448420
vt 0.75740000 0.67483480
vt 0.74120000 0.67483480
vt 0.74120000 0.72587570
vt 0.74120000 0.70448420
vt 0.73040000 0.70448420
vt 0.73040000 0.72587570
vt 0.74190000 0.70447850
vt 0.75810000 0.70447850
vt 0.75810000 0.67484050
vt 0.74190000 0.67484050
vt 0.75810000 0.70447850
vt 0.75810000 0.72586180
vt 0.76890000 0.72586180
vt 0.76890000 0.70447850
vt 0.74120000 0.67483480
vt 0.74120000 0.65344380
vt 0.73040000 0.65344380
vt 0.73040000 0.67483480
vt 0.75810000 0.65345760
vt 0.75810000 0.67484050
vt 0.76890000 0.67484050
vt 0.76890000 0.65345760
vt 0.01340000 0.99480800
vt 0.00300000 0.99480800
vt 0.00300000 0.35230400
vt 0.01340000 0.35230400
vt 0.96830000 0.56882930
vt 0.96830000 0.56328800
vt 0.99240000 0.56328800
vt 0.99240000 0.56882930
vt 0.02240000 0.34184770
vt 0.02240000 0.69934500
vt 0.03280000 0.69934500
vt 0.03280000 0.34184770
vt 0.76890000 0.67484050
vt 0.75810000 0.67484050
vt 0.75810000 0.70447850
vt 0.76890000 0.70447850
vt 0.74120000 0.67483480
vt 0.73040000 0.67483480
vt 0.73040000 0.70448420
vt 0.74120000 0.70448420
vt 0.01340000 0.97093500
vt 0.01340000 0.99480800
vt 0.02900000 0.99480800
vt 0.01340000 0.35230400
vt 0.02900000 0.35230400
vt 0.01340000 0.37616600
vt 0.02240000 0.31797400
vt 0.00690000 0.34184770
vt 0.02240000 0.34184770
vt 0.00690000 0.69934500
vt 0.02240000 0.69934500
vt 0.02240000 0.72320700
vt 0.76420000 0.70650940
vt 0.78040000 0.70650940
vt 0.78040000 0.67681400
vt 0.76420000 0.67681400
vt 0.76420000 0.72793450
vt 0.76420000 0.70650940
vt 0.75340000 0.70650940
vt 0.75340000 0.72793450
vt 0.76490000 0.70647120
vt 0.78110000 0.70647120
vt 0.78110000 0.67685220
vt 0.76490000 0.67685220
vt 0.78110000 0.70647120
vt 0.78110000 0.72784110
vt 0.79190000 0.72784110
vt 0.79190000 0.70647120
vt 0.76420000 0.67681400
vt 0.76420000 0.65538940
vt 0.75340000 0.65538940
vt 0.75340000 0.67681400
vt 0.78110000 0.65548280
vt 0.78110000 0.67685220
vt 0.79190000 0.67685220
vt 0.79190000 0.65548280
vt 0.00750000 0.34186820
vt 0.99710000 0.34186820
vt 0.99710000 0.69932500
vt 0.00750000 0.69932500
vt 0.95820000 0.56879820
vt 0.95820000 0.56331900
vt 0.98230000 0.56331900
vt 0.98230000 0.56879820
vt 0.00300000 0.34185340
vt 0.00300000 0.69933900
vt 0.01340000 0.69933900
vt 0.01340000 0.34185340
vt 0.79190000 0.67685220
vt 0.78110000 0.67685220
vt 0.78110000 0.70647120
vt 0.79190000 0.70647120
vt 0.76420000 0.67681400
vt 0.75340000 0.67681400
vt 0.75340000 0.70650940
vt 0.76420000 0.70650940
vt 0.00750000 0.31799500
vt 0.00750000 0.34186820
vt 0.02310000 0.34186820
vt 0.00750000 0.69932500
vt 0.02310000 0.69932500
vt 0.00750000 0.72318600
vt 0.00300000 0.31797970
vt 0.98740000 0.34185340
vt 0.00300000 0.34185340
vt 0.98740000 0.69933900
vt 0.00300000 0.69933900
vt 0.00300000 0.72320100
vt 0.24560000 0.17734500
vt 0.22240000 0.16213800
vt 0.22240000 0.17734500
vt 0.24560000 0.16213800
vt 0.26130000 0.16213800
vt 0.25850000 0.17455100
vt 0.26130000 0.58494250
vt 0.24560000 0.58494250
vt 0.22240000 0.58494250
vt 0.22240000 0.56973480
vt 0.24560000 0.56973480
vt 0.25850000 0.57252990
vt 0.86400000 0.37873600
vt 0.84090000 0.36049300
vt 0.84090000 0.37873600
vt 0.86400000 0.36049300
vt 0.87950000 0.36049300
vt 0.87670000 0.37538300
vt 0.87950000 0.03547850
vt 0.86400000 0.03547640
vt 0.84090000 0.03547850
vt 0.84090000 0.01723990
vt 0.86400000 0.01723790
vt 0.87670000 0.02058630
vt 0.86990000 0.01723850
vt 0.89290000 0.03547890
vt 0.89290000 0.01724040
vt 0.86990000 0.03547700
vt 0.89290000 0.36049300
vt 0.85430000 0.03547890
vt 0.85720000 0.02058680
vt 0.85430000 0.36049300
vt 0.86990000 0.36049300
vt 0.89290000 0.37873500
vt 0.86990000 0.37873500
vt 0.85720000 0.37538300
vt 0.22560000 0.56975390
vt 0.24890000 0.58496070
vt 0.24890000 0.56975390
vt 0.22560000 0.58496070
vt 0.20990000 0.58496070
vt 0.21280000 0.57254890
vt 0.20990000 0.16212000
vt 0.22560000 0.16212000
vt 0.24890000 0.16212000
vt 0.24890000 0.17732600
vt 0.22560000 0.17732600
vt 0.21280000 0.17453200
vt 0.63650000 0.05055090
vt 0.65140000 0.03254880
vt 0.63920000 0.03585180
vt 0.65140000 0.05055090
vt 0.63650000 0.34541800
vt 0.21630000 0.05055090
vt 0.21630000 0.03254880
vt 0.23120000 0.05055090
vt 0.22850000 0.03585180
vt 0.21630000 0.34541800
vt 0.23120000 0.34541800
vt 0.65140000 0.34541800
vt 0.21630000 0.36342400
vt 0.22850000 0.36011600
vt 0.65140000 0.36342400
vt 0.63920000 0.36011600
vt 0.67010000 0.14040700
vt 0.67010000 0.11078300
vt 0.55060000 0.11078300
vt 0.55060000 0.14040700
vt 0.55060000 0.68812990
vt 0.67010000 0.68813000
vt 0.67010000 0.23261400
vt 0.55060000 0.23261500
vt 0.67010000 0.62691200
vt 0.55060000 0.62691200
vt 0.67010000 0.65997400
vt 0.55060000 0.65997400
vt 0.87320000 0.63232700
vt 0.75370000 0.60695700
vt 0.75370000 0.63233100
vt 0.87320000 0.60695500
vt 0.87320000 0.28367700
vt 0.75370000 0.28367700
vt 0.75370000 0.07780400
vt 0.87320000 0.07780400
vt 0.75370000 0.87193200
vt 0.87320000 0.87193200
vt 0.75370000 0.66606160
vt 0.87320000 0.66606160
vt 0.75370000 0.46019330
vt 0.87320000 0.46019330
vt 0.75370000 0.25432110
vt 0.87320000 0.25432110
vt 0.75370000 0.04268546
vt 0.87320000 0.04268546
vt 0.75370000 0.83105390
vt 0.87320000 0.83105390
vt 0.75370000 0.61941440
vt 0.87320000 0.61941440
vt 0.75370000 0.40777890
vt 0.87320000 0.40777690
vt 0.75370000 0.19614130
vt 0.87320000 0.19614130
vt 0.75370000 0.86709800
vt 0.87320000 0.86709800
vt 0.87320000 0.84172200
vt 0.75370000 0.84172400
vt 0.77970000 0.62520300
vt 0.77970000 0.65091300
vt 0.90080000 0.65091700
vt 0.90080000 0.62520500
vt 0.90080000 0.29761800
vt 0.77970000 0.29761800
vt 0.90080000 0.08900400
vt 0.77970000 0.08900400
vt 0.90080000 0.88038930
vt 0.77970000 0.88038930
vt 0.90080000 0.67177650
vt 0.77970000 0.67177650
vt 0.90080000 0.46316590
vt 0.77970000 0.46316590
vt 0.90080000 0.25455140
vt 0.77970000 0.25455140
vt 0.77970000 0.04009676
vt 0.90080000 0.04009676
vt 0.77970000 0.82564620
vt 0.90080000 0.82564620
vt 0.77970000 0.61118760
vt 0.90080000 0.61118760
vt 0.77970000 0.39673100
vt 0.90080000 0.39673300
vt 0.77970000 0.18227630
vt 0.90080000 0.18227630
vt 0.77970000 0.84885000
vt 0.90080000 0.84885000
vt 0.90080000 0.82313800
vt 0.77970000 0.82313600
vt 0.57750000 0.14041200
vt 0.69690000 0.11078800
vt 0.57750000 0.11078800
vt 0.69690000 0.14041200
vt 0.69690000 0.68812880
vt 0.57750000 0.68812910
vt 0.69690000 0.23261300
vt 0.57750000 0.23261300
vt 0.57750000 0.62690700
vt 0.69690000 0.62690700
vt 0.57750000 0.65996900
vt 0.69690000 0.65996900
vt 0.50350000 0.84485300
vt 0.49040000 0.84312200
vt 0.49050000 0.87432600
vt 0.52070000 0.85187500
vt 0.55650000 0.94751500
vt 0.55650000 0.85120600
vt 0.55650000 0.91093600
vt 0.56950000 0.91695900
vt 0.56950000 0.94925100
vt 0.56950000 0.84941800
vt 0.55650000 0.88754500
vt 0.56950000 0.88138000
vt 0.57560000 0.84479600
vt 0.55840000 0.85181800
vt 0.55820000 0.88760800
vt 0.57530000 0.95524400
vt 0.58840000 0.95697900
vt 0.58870000 0.84306700
vt 0.58850000 0.92511800
vt 0.57540000 0.91916300
vt 0.55810000 0.94721400
vt 0.52260000 0.85115300
vt 0.55820000 0.91092600
vt 0.52260000 0.94757000
vt 0.50960000 0.84936300
vt 0.52260000 0.91099200
vt 0.50960000 0.94930600
vt 0.50960000 0.91701500
vt 0.80890000 0.66718900
vt 0.73370000 0.70585500
vt 0.80880000 0.70158000
vt 0.73370000 0.67064200
vt 0.73370000 0.29635500
vt 0.80890000 0.29306000
vt 0.73370000 0.08997200
vt 0.80900000 0.08732900
vt 0.73370000 0.88358830
vt 0.80900000 0.88159410
vt 0.73370000 0.67720670
vt 0.80900000 0.67585530
vt 0.73370000 0.47082700
vt 0.80900000 0.47012840
vt 0.73370000 0.26444330
vt 0.80910000 0.26438960
vt 0.73370000 0.05228218
vt 0.80900000 0.05289125
vt 0.73370000 0.84012500
vt 0.80900000 0.84139670
vt 0.73370000 0.62795990
vt 0.80900000 0.62990830
vt 0.73370000 0.41579670
vt 0.80900000 0.41840390
vt 0.73370000 0.20363750
vt 0.80890000 0.20690730
vt 0.73370000 0.82357100
vt 0.80890000 0.82702200
vt 0.73370000 0.78835500
vt 0.80880000 0.79263600
vt 0.60570000 0.05175800
vt 0.53070000 0.04407400
vt 0.53070000 0.07470000
vt 0.60550000 0.08197700
vt 0.53070000 0.72217200
vt 0.75260000 0.71803700
vt 0.82850000 0.72251100
vt 0.82850000 0.68652500
vt 0.75270000 0.68252300
vt 0.75270000 0.30510300
vt 0.82850000 0.30843600
vt 0.82850000 0.09967200
vt 0.75270000 0.09699800
vt 0.82850000 0.89090730
vt 0.75270000 0.88889010
vt 0.82850000 0.68214490
vt 0.75270000 0.68077800
vt 0.82850000 0.47338440
vt 0.75270000 0.47267780
vt 0.82850000 0.26461990
vt 0.75270000 0.26456560
vt 0.75270000 0.05062716
vt 0.82850000 0.05001116
vt 0.82850000 0.83540640
vt 0.75270000 0.83669290
vt 0.82850000 0.62079370
vt 0.75270000 0.62276450
vt 0.82850000 0.40618290
vt 0.75270000 0.40881620
vt 0.82850000 0.19157610
vt 0.75270000 0.19488380
vt 0.82850000 0.80764300
vt 0.75270000 0.81163700
vt 0.75260000 0.77612700
vt 0.82850000 0.77164900
vt 0.55010000 0.05181700
vt 0.62500000 0.07475800
vt 0.62500000 0.04413300
vt 0.55020000 0.08203600
vt 0.62500000 0.72211300
vt 0.54990000 0.71614200
vt 0.62500000 0.75242600
vt 0.55000000 0.74573600
vt 0.77270000 0.74626600
vt 0.75970000 0.79038000
vt 0.77270000 0.78332200
vt 0.75970000 0.74832700
vt 0.77270000 0.35239800
vt 0.72400000 0.79052000
vt 0.75960000 0.35237700
vt 0.77270000 0.13521700
vt 0.72390000 0.74909200
vt 0.75960000 0.13521700
vt 0.77270000 0.91803540
vt 0.70670000 0.74463100
vt 0.70680000 0.78572400
vt 0.69370000 0.77882300
vt 0.69360000 0.74263300
vt 0.72390000 0.35238500
vt 0.70660000 0.34893000
vt 0.69350000 0.34893000
vt 0.75960000 0.91803540
vt 0.77270000 0.70085600
vt 0.72380000 0.13521700
vt 0.70660000 0.13243100
vt 0.69350000 0.13243500
vt 0.75960000 0.70085600
vt 0.77270000 0.48367880
vt 0.72380000 0.91803540
vt 0.70660000 0.91593680
vt 0.69350000 0.91593680
vt 0.75960000 0.48367880
vt 0.77270000 0.26649760
vt 0.72380000 0.70085600
vt 0.70650000 0.69943390
vt 0.69350000 0.69943390
vt 0.75960000 0.26649760
vt 0.77270000 0.04323630
vt 0.72380000 0.48367470
vt 0.70650000 0.48293750
vt 0.69350000 0.48294380
vt 0.75960000 0.04323630
vt 0.77270000 0.81997930
vt 0.72380000 0.26649760
vt 0.70650000 0.26644100
vt 0.69340000 0.26644100
vt 0.75960000 0.81997930
vt 0.77270000 0.59671390
vt 0.72380000 0.04323630
vt 0.70650000 0.04388134
vt 0.69350000 0.04387714
vt 0.75960000 0.59671390
vt 0.77270000 0.37345060
vt 0.72380000 0.81997930
vt 0.70650000 0.82131760
vt 0.69350000 0.82131760
vt 0.75960000 0.37345060
vt 0.77270000 0.15019140
vt 0.72380000 0.59671390
vt 0.70660000 0.59876430
vt 0.69350000 0.59876430
vt 0.75960000 0.15019140
vt 0.77270000 0.75024100
vt 0.72380000 0.37345060
vt 0.70660000 0.37619640
vt 0.69350000 0.37619420
vt 0.75970000 0.74818000
vt 0.77270000 0.71318100
vt 0.75970000 0.70613000
vt 0.72390000 0.15020390
vt 0.70660000 0.15365540
vt 0.69350000 0.15363240
vt 0.72390000 0.74741600
vt 0.72400000 0.70598700
vt 0.70670000 0.75187400
vt 0.50360000 0.88035500
vt 0.52090000 0.88766400
vt 0.79200000 0.76089800
vt 0.77890000 0.80527000
vt 0.79220000 0.79832400
vt 0.77880000 0.76519600
vt 0.79200000 0.36316400
vt 0.76140000 0.76983800
vt 0.76150000 0.81014500
vt 0.77880000 0.36693600
vt 0.79200000 0.14385900
vt 0.72540000 0.76942000
vt 0.72540000 0.81006700
vt 0.71220000 0.80303800
vt 0.71220000 0.76511600
vt 0.76140000 0.37045600
vt 0.72540000 0.37046200
vt 0.71220000 0.36667700
vt 0.77880000 0.14657100
vt 0.79200000 0.92455020
vt 0.76140000 0.14946900
vt 0.72540000 0.14968900
vt 0.71220000 0.14667700
vt 0.77880000 0.92686490
vt 0.79200000 0.70523710
vt 0.76140000 0.92899700
vt 0.72540000 0.92898850
vt 0.71220000 0.92667600
vt 0.77880000 0.70685360
vt 0.79200000 0.48593650
vt 0.76140000 0.70836630
vt 0.72540000 0.70858260
vt 0.71220000 0.70667760
vt 0.77880000 0.48701000
vt 0.79200000 0.26662320
vt 0.76140000 0.48776300
vt 0.72540000 0.48775890
vt 0.71220000 0.48668120
vt 0.77880000 0.26663370
vt 0.79200000 0.04117024
vt 0.76140000 0.26669110
vt 0.72540000 0.26668900
vt 0.71220000 0.26668040
vt 0.77880000 0.04012431
vt 0.79200000 0.81572160
vt 0.72540000 0.03946458
vt 0.71220000 0.04052107
vt 0.76140000 0.03946458
vt 0.77880000 0.81387580
vt 0.79200000 0.59027910
vt 0.76140000 0.81257750
vt 0.72540000 0.81278320
vt 0.71220000 0.81436580
vt 0.77880000 0.58803040
vt 0.79200000 0.36481570
vt 0.76140000 0.58595550
vt 0.72540000 0.58595550
vt 0.71220000 0.58820230
vt 0.77880000 0.36188790
vt 0.79200000 0.13936910
vt 0.76140000 0.35916820
vt 0.72540000 0.35939100
vt 0.71220000 0.36204070
vt 0.77880000 0.13567750
vt 0.79210000 0.73549500
vt 0.76140000 0.13217490
vt 0.72540000 0.13216430
vt 0.71220000 0.13588320
vt 0.77880000 0.73123100
vt 0.79220000 0.69807400
vt 0.77890000 0.69112800
vt 0.76140000 0.72659100
vt 0.76150000 0.68625500
vt 0.72540000 0.72700300
vt 0.71220000 0.73128600
vt 0.72540000 0.68633500
vt 0.71220000 0.69335500
vt 0.57540000 0.88030000
vt 0.58850000 0.87427000
vt 0.52260000 0.88748800
vt 0.50960000 0.88132400
vt 0.57840000 0.26976790
vt 0.57840000 0.45803900
vt 0.66140000 0.45712900
vt 0.66150000 0.27047570
vt 0.58400000 0.25718280
vt 0.66600000 0.25731410
vt 0.67010000 0.27050030
vt 0.67160000 0.25972030
vt 0.67010000 0.45719300
vt 0.68120000 0.25732090
vt 0.68170000 0.27047570
vt 0.71620000 0.27026420
vt 0.71620000 0.25735180
vt 0.72770000 0.27025750
vt 0.72560000 0.25972230
vt 0.71620000 0.45754100
vt 0.72770000 0.45755000
vt 0.68170000 0.45733400
vt 0.71620000 0.47045500
vt 0.72560000 0.46808000
vt 0.68120000 0.47048200
vt 0.67160000 0.46803400
vt 0.03650000 0.92688960
vt 0.02630000 0.91640670
vt 0.02820000 0.92496430
vt 0.03650000 0.91640670
vt 0.11060000 0.92688960
vt 0.03590000 0.88095410
vt 0.02640000 0.88450450
vt 0.11050000 0.91640670
vt 0.03410000 0.87070230
vt 0.02720000 0.87579070
vt 0.10950000 0.80826600
vt 0.10850000 0.79592620
vt 0.12030000 0.80283890
vt 0.11740000 0.79385700
vt 0.12070000 0.91640670
vt 0.11880000 0.92496430
vt 0.55300000 0.35539870
vt 0.56300000 0.34378490
vt 0.55480000 0.34591810
vt 0.56300000 0.35540470
vt 0.55300000 0.42383900
vt 0.63610000 0.35540470
vt 0.63620000 0.34378490
vt 0.64620000 0.35541860
vt 0.64430000 0.34592410
vt 0.63610000 0.42383100
vt 0.64620000 0.42380500
vt 0.56300000 0.42383100
vt 0.63620000 0.43545300
vt 0.64430000 0.43330600
vt 0.56300000 0.43545300
vt 0.55480000 0.43331600
vt 0.05510000 0.77840550
vt 0.06530000 0.76792310
vt 0.05690000 0.76984860
vt 0.06520000 0.77840380
vt 0.05520000 0.81030480
vt 0.13930000 0.77840380
vt 0.13930000 0.76792310
vt 0.14950000 0.77840550
vt 0.14760000 0.76984860
vt 0.13830000 0.88653740
vt 0.14910000 0.89228670
vt 0.06470000 0.81385520
vt 0.13730000 0.89887400
vt 0.14620000 0.90109530
vt 0.06290000 0.82414880
vt 0.05600000 0.81903850
vt 0.68590000 0.05574989
vt 0.69630000 0.04412520
vt 0.68780000 0.04626280
vt 0.69630000 0.05573595
vt 0.68590000 0.12332000
vt 0.81020000 0.05528969
vt 0.80830000 0.04397893
vt 0.82030000 0.05525368
vt 0.81720000 0.04603058
vt 0.81080000 0.12423800
vt 0.82040000 0.12407400
vt 0.69630000 0.12334600
vt 0.80860000 0.13522500
vt 0.81730000 0.13314900
vt 0.69630000 0.13495900
vt 0.68780000 0.13281300
vt 0.65270000 0.07288116
vt 0.66330000 0.06149906
vt 0.65440000 0.06357527
vt 0.66410000 0.07291752
vt 0.65270000 0.15131800
vt 0.66410000 0.15103600
vt 0.66330000 0.16245000
vt 0.65440000 0.16047500
vt 0.73730000 0.16227100
vt 0.73910000 0.15021000
vt 0.74660000 0.15026800
vt 0.74420000 0.16010400
vt 0.86630000 0.04265300
vt 0.86550000 0.05405000
vt 0.93940000 0.05387400
vt 0.94120000 0.04182800
vt 0.77870000 0.96067384
vt 0.77870000 0.17809300
vt 0.86170000 0.17718300
vt 0.86180000 0.96137497
vt 0.78430000 0.94808808
vt 0.86630000 0.94821042
vt 0.87040000 0.96140170
vt 0.87190000 0.95062113
vt 0.88140000 0.94822374
vt 0.87030000 0.17724500
vt 0.86620000 0.19048100
vt 0.87190000 0.18808800
vt 0.88140000 0.19053500
vt 0.88200000 0.96137497
vt 0.88200000 0.17738800
vt 0.91640000 0.19051000
vt 0.91640000 0.96117017
vt 0.91640000 0.94825265
vt 0.91640000 0.17759300
vt 0.92790000 0.96115690
vt 0.92580000 0.95063004
vt 0.92790000 0.17760400
vt 0.92580000 0.18813700
vt 0.05950000 0.92689010
vt 0.04930000 0.91640890
vt 0.05120000 0.92496480
vt 0.05940000 0.91640710
vt 0.13360000 0.92689010
vt 0.05890000 0.88095430
vt 0.04940000 0.88450470
vt 0.13350000 0.91640710
vt 0.05710000 0.87070240
vt 0.05020000 0.87579080
vt 0.13250000 0.80826560
vt 0.13150000 0.79592570
vt 0.14320000 0.80283840
vt 0.14040000 0.79385660
vt 0.14370000 0.91640890
vt 0.14180000 0.92496480
vt 0.75320000 0.04210871
vt 0.76330000 0.03049719
vt 0.75510000 0.03263640
vt 0.76330000 0.04211479
vt 0.75320000 0.13669800
vt 0.83640000 0.04211479
vt 0.83640000 0.03049719
vt 0.84640000 0.04213285
vt 0.84460000 0.03263855
vt 0.83640000 0.13668800
vt 0.84640000 0.13666500
vt 0.76330000 0.13668800
vt 0.83640000 0.14831200
vt 0.84460000 0.14616500
vt 0.76330000 0.14831200
vt 0.75510000 0.14617700
vt 0.03350000 0.77840530
vt 0.04370000 0.76792280
vt 0.03540000 0.76984830
vt 0.04370000 0.77840530
vt 0.03360000 0.81030460
vt 0.11770000 0.77840530
vt 0.11780000 0.76792280
vt 0.12790000 0.77840530
vt 0.12600000 0.76984830
vt 0.11670000 0.88653980
vt 0.12750000 0.89228690
vt 0.04310000 0.81385690
vt 0.11570000 0.89887610
vt 0.12460000 0.90109560
vt 0.04140000 0.82414880
vt 0.03440000 0.81903850
vt 0.88370000 0.94433957
vt 0.89400000 0.93271297
vt 0.88560000 0.93485248
vt 0.89400000 0.94432759
vt 0.88370000 0.03803800
vt 0.00800000 0.94388527
vt 0.00610000 0.93256080
vt 0.01800000 0.94384319
vt 0.01490000 0.93461633
vt 0.00850000 0.03895500
vt 0.01820000 0.03879100
vt 0.89400000 0.03806200
vt 0.00640000 0.04994500
vt 0.01510000 0.04786600
vt 0.89400000 0.04967700
vt 0.88560000 0.04753100
vt 0.85490000 0.93979797
vt 0.86550000 0.92843518
vt 0.85660000 0.93050215
vt 0.86630000 0.93983623
vt 0.85490000 0.04293300
vt 0.85660000 0.05207600
vt 0.84590000 0.04264700
vt 0.84510000 0.05404400
vt 0.91910000 0.05386900
vt 0.92080000 0.04182300
vt 0.75020000 0.96067289
vt 0.75020000 0.17809400
vt 0.83320000 0.17718400
vt 0.83330000 0.96137390
vt 0.75580000 0.94808701
vt 0.83780000 0.94820940
vt 0.84190000 0.96140069
vt 0.84340000 0.95062011
vt 0.85300000 0.94822267
vt 0.84190000 0.17724600
vt 0.83780000 0.19048200
vt 0.84340000 0.18808900
vt 0.85300000 0.19053600
vt 0.85350000 0.96137390
vt 0.85350000 0.17738900
vt 0.88800000 0.19051100
vt 0.88800000 0.96116921
vt 0.88800000 0.94825169
vt 0.88800000 0.17759400
vt 0.89950000 0.96115589
vt 0.89740000 0.95062897
vt 0.89950000 0.17760500
vt 0.89740000 0.18813800
vt 0.08250000 0.98258180
vt 0.07230000 0.97210090
vt 0.07420000 0.98065660
vt 0.08240000 0.97209870
vt 0.15660000 0.98258180
vt 0.08190000 0.93664720
vt 0.07240000 0.94019750
vt 0.15650000 0.97209870
vt 0.08010000 0.92639550
vt 0.07320000 0.93148370
vt 0.15550000 0.86396030
vt 0.15450000 0.85162070
vt 0.16620000 0.85853290
vt 0.16340000 0.84955160
vt 0.16670000 0.97210090
vt 0.16480000 0.98065660
vt 0.73160000 0.04216588
vt 0.74170000 0.03055453
vt 0.73350000 0.03269368
vt 0.74170000 0.04217178
vt 0.73160000 0.13674000
vt 0.81480000 0.04217178
vt 0.81480000 0.03055453
vt 0.82480000 0.04218984
vt 0.82300000 0.03269565
vt 0.81480000 0.13673000
vt 0.82480000 0.13670500
vt 0.74170000 0.13673000
vt 0.81480000 0.14835300
vt 0.82300000 0.14620600
vt 0.74170000 0.14835300
vt 0.73350000 0.14621800
vt 0.01190000 0.77840550
vt 0.02210000 0.76792310
vt 0.01380000 0.76984850
vt 0.02210000 0.77840550
vt 0.01210000 0.81030470
vt 0.09610000 0.77840550
vt 0.09620000 0.76792310
vt 0.10630000 0.77840550
vt 0.10440000 0.76984850
vt 0.09510000 0.88653960
vt 0.10590000 0.89228670
vt 0.02150000 0.81385700
vt 0.09410000 0.89887590
vt 0.10310000 0.90109530
vt 0.01980000 0.82414880
vt 0.01280000 0.81903850
vt 0.85520000 0.94433933
vt 0.86550000 0.93271273
vt 0.85710000 0.93485224
vt 0.86550000 0.94432741
vt 0.85520000 0.03803800
vt 0.97950000 0.94388503
vt 0.97760000 0.93256056
vt 0.98950000 0.94384295
vt 0.98640000 0.93461609
vt 0.98000000 0.03895500
vt 0.98970000 0.03879100
vt 0.86550000 0.03806200
vt 0.97790000 0.04994500
vt 0.98660000 0.04786600
vt 0.86550000 0.04967700
vt 0.85710000 0.04753200
vt 0.83460000 0.93980417
vt 0.84510000 0.92844155
vt 0.83630000 0.93050846
vt 0.84590000 0.93984243
vt 0.83460000 0.04292800
vt 0.83630000 0.05207000
vt 0.55000000 0.26976170
vt 0.55000000 0.45804500
vt 0.63300000 0.45713500
vt 0.63310000 0.27046950
vt 0.55550000 0.25717650
vt 0.63760000 0.25730780
vt 0.64160000 0.27049410
vt 0.64320000 0.25971400
vt 0.64160000 0.45720000
vt 0.65270000 0.25731460
vt 0.65330000 0.27046950
vt 0.68770000 0.27025800
vt 0.68770000 0.25734550
vt 0.69920000 0.27025130
vt 0.69710000 0.25971600
vt 0.68770000 0.45754700
vt 0.69920000 0.45755600
vt 0.65330000 0.45734000
vt 0.68770000 0.47046200
vt 0.69710000 0.46808600
vt 0.65270000 0.47048800
vt 0.64310000 0.46804000
vt 0.10550000 0.99169430
vt 0.09530000 0.98121110
vt 0.09710000 0.98976910
vt 0.10540000 0.98121110
vt 0.17950000 0.99169430
vt 0.10490000 0.94575910
vt 0.09540000 0.94930940
vt 0.17950000 0.98121110
vt 0.10310000 0.93550690
vt 0.09620000 0.94059550
vt 0.17850000 0.87307070
vt 0.17750000 0.86073120
vt 0.18920000 0.86764350
vt 0.18640000 0.85866180
vt 0.18970000 0.98121110
vt 0.18780000 0.98976910
vt 0.53140000 0.35541030
vt 0.54140000 0.34379680
vt 0.53320000 0.34592990
vt 0.54140000 0.35541640
vt 0.53140000 0.42382800
vt 0.61450000 0.35541640
vt 0.61460000 0.34379680
vt 0.62460000 0.35543020
vt 0.62270000 0.34593590
vt 0.61450000 0.42382000
vt 0.62460000 0.42379400
vt 0.54140000 0.42382000
vt 0.61460000 0.43544100
vt 0.62270000 0.43329400
vt 0.54140000 0.43544100
vt 0.53320000 0.43330400
vt 0.00310000 0.80428150
vt 0.01330000 0.79379910
vt 0.00500000 0.79572420
vt 0.01330000 0.80427940
vt 0.00330000 0.83618090
vt 0.08730000 0.80427940
vt 0.08740000 0.79379910
vt 0.09750000 0.80428150
vt 0.09560000 0.79572420
vt 0.08630000 0.91241400
vt 0.09710000 0.91816320
vt 0.01280000 0.83973100
vt 0.08540000 0.92475030
vt 0.09430000 0.92697190
vt 0.01100000 0.85002470
vt 0.00400000 0.84491440
vt 0.65740000 0.07813263
vt 0.66780000 0.06650776
vt 0.65930000 0.06864536
vt 0.66780000 0.07811868
vt 0.65740000 0.14570200
vt 0.78170000 0.07767242
vt 0.77980000 0.06636184
vt 0.79170000 0.07763636
vt 0.78870000 0.06841350
vt 0.78230000 0.14662000
vt 0.79190000 0.14645600
vt 0.66780000 0.14572800
vt 0.78010000 0.15760700
vt 0.78880000 0.15553100
vt 0.66780000 0.15734100
vt 0.65930000 0.15519500
vt 0.63110000 0.07330525
vt 0.64170000 0.06192315
vt 0.63280000 0.06399900
vt 0.64250000 0.07334155
vt 0.63110000 0.15174100
vt 0.64250000 0.15145800
vt 0.64170000 0.16287300
vt 0.63280000 0.16089700
vt 0.71570000 0.16269300
vt 0.71750000 0.15063200
vt 0.72500000 0.15069100
vt 0.72260000 0.16052600
vt 0.32400000 0.87825380
vt 0.35790000 0.15770200
vt 0.37470000 0.12466700
vt 0.34610000 0.87558070
vt 0.31440000 0.62685670
vt 0.29020000 0.59880760
vt 0.03410000 0.85979610
vt 0.03410000 0.05172600
vt 0.14400000 0.04831100
vt 0.14400000 0.85637770
vt 0.14400000 0.66445000
vt 0.03410000 0.66786860
vt 0.38660000 0.87067930
vt 0.39980000 0.07551000
vt 0.40630000 0.03352700
vt 0.39110000 0.10264700
vt 0.36710000 0.87303820
vt 0.37470000 0.12466700
vt 0.34610000 0.87558070
vt 0.31440000 0.62685670
vt 0.33560000 0.64432690
vt 0.35050000 0.66860760
vt 0.36680000 0.70782490
vt 0.82520000 0.71940370
vt 0.82520000 0.68052300
vt 0.78340000 0.70031400
vt 0.78340000 0.68175520
vt 0.82520000 0.66169260
vt 0.40890000 0.12156100
vt 0.39980000 0.07551000
vt 0.39110000 0.10264700
vt 0.41890000 0.10067000
vt 0.40630000 0.03352700
vt 0.43890000 0.02599900
vt 0.38660000 0.87067930
vt 0.41960000 0.86667530
vt 0.40030000 0.70735130
vt 0.36680000 0.70782490
vt 0.36300000 0.63963090
vt 0.35050000 0.66860760
vt 0.34830000 0.62172440
vt 0.33560000 0.64432690
vt 0.03410000 0.16076000
vt 0.03410000 0.17951000
vt 0.14520000 0.15814100
vt 0.14400000 0.14162300
vt 0.28530000 0.14698900
vt 0.28450000 0.13076100
vt 0.41910000 0.14297600
vt 0.28440000 0.04472500
vt 0.41890000 0.12684700
vt 0.55410000 0.14403600
vt 0.55410000 0.12779600
vt 0.41880000 0.04322400
vt 0.41880000 0.85129030
vt 0.55410000 0.04311900
vt 0.55410000 0.85119160
vt 0.55410000 0.65926000
vt 0.41880000 0.65936320
vt 0.28440000 0.66086610
vt 0.28440000 0.85279340
vt 0.27250000 0.14367600
vt 0.28820000 0.14368000
vt 0.28630000 0.00002600
vt 0.27060000 0.00084600
vt 0.27300000 0.85749110
vt 0.13610000 0.14137000
vt 0.25740000 0.85987990
vt 0.24350000 0.70835120
vt 0.22810000 0.71195370
vt 0.21630000 0.59002340
vt 0.19870000 0.59004220
vt 0.13370000 0.70651450
vt 0.13450000 0.59214310
vt 0.12710000 0.58754180
vt 0.12730000 0.70985560
vt 0.13450000 0.85669930
vt 0.12790000 0.85744700
vt 0.13510000 0.99974480
vt 0.12840000 0.99775480
vt 0.12910000 0.14628600
vt 0.81020000 0.66084530
vt 0.77160000 0.68613720
vt 0.81020000 0.70079820
vt 0.77160000 0.70821080
vt 0.81020000 0.72144600
vt 0.14400000 0.58123990
vt 0.03410000 0.56856320
vt 0.04540000 0.00307000
vt 0.04450000 0.15042200
vt 0.09970000 0.15039900
vt 0.10130000 0.00310100
vt 0.11350000 0.15039500
vt 0.11560000 0.85668170
vt 0.05890000 0.85662980
vt 0.11520000 0.00340000
vt 0.13210000 0.15039100
vt 0.14820000 0.70363770
vt 0.09110000 0.70367380
vt 0.13370000 0.00424000
vt 0.28650000 0.14803200
vt 0.28710000 0.00311300
vt 0.28730000 0.85673980
vt 0.12940000 0.85755090
vt 0.14790000 0.85999480
vt 0.28760000 0.70306310
vt 0.16170000 0.70494170
vt 0.17940000 0.58386600
vt 0.19420000 0.58386210
vt 0.17990000 0.70862800
vt 0.21510000 0.58388210
vt 0.28650000 0.58603140
vt 0.81540000 0.64532500
vt 0.81310000 0.64532500
vt 0.81240000 0.65120920
vt 0.81470000 0.65120760
vt 0.81470000 0.68939420
vt 0.81240000 0.68939660
vt 0.82260000 0.65055130
vt 0.82570000 0.64446340
vt 0.82330000 0.64446340
vt 0.82490000 0.65055050
vt 0.82490000 0.69005440
vt 0.82260000 0.69005440
vt 0.81310000 0.69528000
vt 0.81540000 0.69528000
vt 0.82330000 0.69614160
vt 0.82570000 0.69614160
vt 0.65790000 0.00383400
vt 0.66010000 0.00356500
vt 0.65070000 0.92579410
vt 0.64850000 0.92607010
vt 0.63870000 0.00390200
vt 0.64810000 0.92600080
vt 0.64590000 0.92572670
vt 0.63640000 0.00363100
vt 0.87050000 0.57132330
vt 0.87080000 0.57405260
vt 0.87310000 0.57405100
vt 0.87280000 0.57132330
vt 0.84580000 0.65325960
vt 0.84550000 0.65064590
vt 0.84320000 0.65064630
vt 0.84350000 0.65325960
vt 0.84350000 0.68651580
vt 0.84580000 0.68651580
vt 0.87080000 0.60877760
vt 0.87050000 0.61150690
vt 0.87280000 0.61150530
vt 0.87310000 0.60877670
vt 0.84550000 0.68912760
vt 0.84320000 0.68912760
vt 0.69630000 0.74917630
vt 0.70520000 0.67575310
vt 0.70290000 0.67547880
vt 0.69400000 0.74890680
vt 0.71520000 0.74916640
vt 0.71750000 0.74889710
vt 0.70860000 0.67552630
vt 0.70630000 0.67580030
vt 0.91690000 0.58595840
vt 0.91400000 0.58748970
vt 0.91850000 0.59194300
vt 0.91970000 0.58872040
vt 0.84580000 0.65325960
vt 0.84820000 0.64790520
vt 0.84550000 0.65064590
vt 0.84870000 0.65212330
vt 0.84580000 0.68651580
vt 0.84870000 0.68764820
vt 0.92180000 0.58872880
vt 0.92290000 0.59180310
vt 0.92720000 0.58755800
vt 0.92440000 0.58609830
vt 0.84550000 0.68912760
vt 0.84820000 0.69186950
vt 0.69630000 0.74917630
vt 0.69870000 0.75061770
vt 0.70790000 0.67493510
vt 0.70520000 0.67575310
vt 0.70630000 0.67580030
vt 0.70360000 0.67498290
vt 0.71280000 0.75060700
vt 0.71520000 0.74916640
vt 0.87080000 0.57405260
vt 0.86840000 0.57286570
vt 0.86840000 0.60996250
vt 0.87080000 0.60877760
vt 0.81770000 0.68824740
vt 0.81470000 0.68939420
vt 0.81540000 0.69528000
vt 0.81820000 0.69250960
vt 0.81770000 0.65235670
vt 0.81470000 0.65120760
vt 0.81820000 0.64809450
vt 0.81540000 0.64532500
vt 0.65060000 0.92743960
vt 0.64810000 0.92600080
vt 0.63870000 0.00390200
vt 0.64140000 0.00308700
vt 0.88990000 0.58845140
vt 0.88870000 0.58531710
vt 0.88270000 0.59129510
vt 0.88550000 0.59278360
vt 0.82020000 0.68886440
vt 0.82260000 0.69005440
vt 0.82260000 0.65055130
vt 0.82020000 0.65173720
vt 0.89470000 0.59272570
vt 0.89750000 0.59126290
vt 0.89160000 0.58537420
vt 0.89040000 0.58845820
vt 0.65520000 0.00302200
vt 0.65790000 0.00383400
vt 0.64850000 0.92607010
vt 0.64600000 0.92750400
vt 0.83070000 0.64526390
vt 0.82850000 0.64526390
vt 0.82780000 0.65116240
vt 0.83000000 0.65116410
vt 0.83000000 0.68944290
vt 0.82780000 0.68944330
vt 0.83790000 0.65068170
vt 0.84020000 0.65068170
vt 0.84100000 0.64463490
vt 0.83860000 0.64463490
vt 0.82850000 0.69534110
vt 0.83070000 0.69534110
vt 0.83860000 0.69597010
vt 0.84100000 0.69597010
vt 0.84020000 0.68992330
vt 0.83790000 0.68992330
vt 0.66750000 0.00384000
vt 0.66970000 0.00357100
vt 0.66030000 0.92578920
vt 0.65810000 0.92606280
vt 0.66740000 0.75244630
vt 0.67690000 0.67460730
vt 0.67460000 0.67433380
vt 0.66520000 0.75217240
vt 0.69590000 0.74877130
vt 0.69630000 0.75137500
vt 0.69850000 0.75110240
vt 0.69820000 0.74850070
vt 0.85340000 0.65327310
vt 0.85310000 0.65066300
vt 0.85090000 0.65066300
vt 0.85120000 0.65327390
vt 0.85120000 0.68650120
vt 0.85340000 0.68650240
vt 0.87840000 0.60784450
vt 0.87810000 0.61056360
vt 0.88050000 0.61056320
vt 0.88080000 0.60784290
vt 0.68600000 0.67730190
vt 0.68630000 0.67470500
vt 0.68410000 0.67443080
vt 0.68380000 0.67702960
vt 0.67710000 0.75083460
vt 0.67490000 0.75056480
vt 0.68930000 0.67489670
vt 0.68700000 0.67517170
vt 0.88080000 0.57322710
vt 0.87840000 0.57322630
vt 0.93220000 0.58595820
vt 0.92930000 0.58749220
vt 0.93380000 0.59194310
vt 0.93500000 0.58871790
vt 0.85340000 0.65327310
vt 0.85580000 0.64792350
vt 0.85310000 0.65066300
vt 0.85630000 0.65213970
vt 0.85340000 0.68650240
vt 0.85630000 0.68763300
vt 0.85310000 0.68911210
vt 0.85580000 0.69185160
vt 0.93700000 0.58871800
vt 0.93820000 0.59194210
vt 0.94270000 0.58749010
vt 0.93970000 0.58595930
vt 0.67710000 0.75083460
vt 0.67960000 0.75227810
vt 0.68880000 0.67648740
vt 0.68600000 0.67730190
vt 0.68700000 0.67517170
vt 0.68430000 0.67435170
vt 0.69350000 0.75021810
vt 0.69590000 0.74877130
vt 0.87840000 0.57322630
vt 0.87610000 0.57204350
vt 0.87610000 0.60902610
vt 0.87840000 0.60784450
vt 0.83300000 0.68829210
vt 0.83070000 0.69534110
vt 0.83350000 0.69256440
vt 0.83000000 0.68944290
vt 0.83300000 0.65231160
vt 0.83000000 0.65116410
vt 0.83350000 0.64804020
vt 0.83070000 0.64526390
vt 0.67930000 0.67604490
vt 0.67690000 0.67460730
vt 0.66740000 0.75244630
vt 0.67010000 0.75163600
vt 0.90520000 0.58846030
vt 0.90400000 0.58537450
vt 0.89810000 0.59126030
vt 0.90090000 0.59272530
vt 0.83560000 0.68874040
vt 0.83790000 0.68992330
vt 0.83790000 0.65068170
vt 0.83560000 0.65186170
vt 0.91000000 0.59274610
vt 0.91280000 0.59128110
vt 0.90690000 0.58539540
vt 0.90570000 0.58847860
vt 0.66480000 0.00302900
vt 0.66750000 0.00384000
vt 0.65810000 0.92606280
vt 0.65560000 0.92749890
vt 0.34840000 0.25387700
vt 0.29610000 0.88164260
vt 0.34090000 0.26080100
vt 0.30540000 0.88051430
vt 0.24910000 0.50247960
vt 0.25800000 0.50768200
vt 0.35790000 0.15770200
vt 0.32400000 0.87825380
vt 0.39220000 0.13684900
vt 0.29020000 0.59880760
vt 0.41350000 0.22244100
vt 0.32850000 0.61085090
vt 0.40890000 0.12156100
vt 0.32860000 0.52267110
vt 0.43130000 0.20837300
vt 0.34830000 0.62172440
vt 0.41890000 0.10067000
vt 0.34940000 0.53206500
vt 0.44150000 0.18814500
vt 0.36300000 0.63963090
vt 0.43890000 0.02599900
vt 0.36410000 0.54927530
vt 0.47120000 0.07051700
vt 0.40030000 0.70735130
vt 0.42100000 0.65640710
vt 0.41960000 0.86667530
vt 0.44610000 0.86346110
vt 0.29570000 0.70648100
vt 0.29550000 0.58105560
vt 0.29550000 0.85750570
vt 0.29540000 0.00107600
vt 0.29520000 0.15276800
vt 0.87000000 0.84969900
vt 0.89560000 0.86210000
vt 0.94420000 0.78184400
vt 0.22220000 0.86210000
vt 0.90440000 0.77043500
vt 0.85940000 0.81975900
vt 0.22220000 0.78182300
vt 0.97480000 0.75029300
vt 0.93770000 0.73772700
vt 0.22220000 0.75028400
vt 0.92340000 0.70884500
vt 0.43010000 0.75027500
vt 0.43010000 0.78180200
vt 0.43010000 0.86210000
vt 0.63800000 0.75026600
vt 0.88800000 0.74288500
vt 0.92320000 0.24485210
vt 0.63800000 0.78178100
vt 0.63800000 0.86210000
vt 0.84600000 0.75025700
vt 0.88760000 0.24485240
vt 0.85940000 0.24485190
vt 0.85940000 0.69455750
vt 0.84600000 0.78176100
vt 0.84600000 0.86210000
vt 0.05390000 0.75024700
vt 0.88750000 0.69455780
vt 0.92320000 0.69455810
vt 0.85940000 0.28538300
vt 0.05390000 0.78174000
vt 0.05390000 0.86210000
vt 0.26190000 0.75023800
vt 0.88730000 0.32440000
vt 0.92300000 0.35859200
vt 0.87000000 0.25196800
vt 0.26190000 0.78171900
vt 0.26190000 0.86210000
vt 0.47560000 0.75024700
vt 0.90400000 0.29707700
vt 0.93750000 0.32974500
vt 0.97470000 0.31716800
vt 0.89560000 0.23812700
vt 0.47560000 0.78174000
vt 0.47560000 0.86210000
vt 0.68940000 0.75025700
vt 0.94420000 0.28575700
vt 0.22220000 0.22233500
vt 0.68940000 0.78176100
vt 0.68940000 0.86210000
vt 0.90320000 0.75026600
vt 0.22220000 0.19092500
vt 0.22220000 0.10796100
vt 0.43010000 0.17561500
vt 0.90320000 0.78178100
vt 0.90320000 0.86210000
vt 0.11690000 0.75027500
vt 0.43010000 0.14420400
vt 0.43010000 0.06124100
vt 0.63800000 0.13524300
vt 0.11690000 0.78180200
vt 0.11690000 0.86210000
vt 0.33070000 0.75028400
vt 0.63800000 0.10383200
vt 0.63800000 0.02086900
vt 0.84600000 0.10607300
vt 0.33070000 0.78182300
vt 0.33070000 0.86210000
vt 0.58390000 0.75029300
vt 0.84600000 0.07466100
vt 0.84600000 0.99169800
vt 0.05390000 0.08272500
vt 0.61440000 0.78184400
vt 0.66300000 0.86210000
vt 0.68860000 0.84969900
vt 0.05390000 0.05131500
vt 0.05390000 0.96835100
vt 0.26190000 0.07387600
vt 0.65420000 0.77043500
vt 0.62090000 0.73772700
vt 0.63530000 0.70884500
vt 0.69930000 0.81975900
vt 0.26190000 0.04246500
vt 0.26190000 0.95950200
vt 0.47560000 0.96835100
vt 0.67070000 0.74288500
vt 0.63550000 0.24485220
vt 0.47560000 0.05131500
vt 0.47560000 0.08272500
vt 0.68940000 0.99169800
vt 0.67110000 0.24485240
vt 0.69930000 0.24485220
vt 0.63550000 0.69455750
vt 0.68940000 0.07466100
vt 0.68940000 0.10607300
vt 0.90320000 0.02086900
vt 0.67110000 0.69455730
vt 0.69930000 0.69455740
vt 0.69930000 0.28538300
vt 0.90320000 0.10383200
vt 0.90320000 0.13524300
vt 0.11690000 0.06124100
vt 0.67130000 0.32440000
vt 0.63560000 0.35859200
vt 0.68860000 0.25196800
vt 0.11690000 0.14420400
vt 0.11690000 0.17561500
vt 0.33070000 0.10796100
vt 0.65470000 0.29707700
vt 0.62120000 0.32974500
vt 0.58400000 0.31716800
vt 0.66300000 0.23812700
vt 0.33070000 0.19092500
vt 0.33070000 0.22233500
vt 0.61450000 0.28575700
vt 0.37810000 0.58202790
vt 0.35960000 0.86564280
vt 0.39490000 0.57469600
vt 0.34400000 0.86374940
vt 0.36560000 0.59540710
vt 0.33330000 0.86245110
vt 0.31580000 0.66887090
vt 0.29290000 0.85756310
vt 0.27010000 0.04625100
vt 0.30090000 0.12949900
vt 0.30980000 0.14546500
vt 0.32440000 0.15658500
vt 0.49050000 0.88149950
vt 0.45030000 0.22776700
vt 0.45680000 0.23464100
vt 0.76570000 0.26722200
vt 0.76570000 0.88680770
vt 0.75360000 0.88678540
vt 0.76570000 0.50639740
vt 0.75270000 0.25206100
vt 0.60040000 0.24919200
vt 0.58880000 0.26722200
vt 0.48250000 0.26722200
vt 0.47650000 0.24763500
vt 0.37080000 0.26722200
vt 0.74390000 0.24233600
vt 0.60520000 0.24041200
vt 0.74500000 0.88634320
vt 0.47420000 0.23873700
vt 0.74360000 0.53073430
vt 0.34530000 0.24594300
vt 0.33650000 0.23698000
vt 0.75170000 0.52245740
vt 0.60520000 0.53248330
vt 0.21400000 0.24465000
vt 0.19860000 0.26722200
vt 0.22230000 0.23574100
vt 0.19860000 0.88680770
vt 0.60040000 0.52435910
vt 0.58880000 0.50639740
vt 0.47420000 0.53423850
vt 0.48250000 0.50639740
vt 0.21240000 0.88682960
vt 0.22110000 0.88640960
vt 0.47650000 0.52597560
vt 0.33650000 0.53607610
vt 0.37080000 0.50639740
vt 0.21310000 0.52817500
vt 0.19860000 0.50639740
vt 0.22200000 0.53707330
vt 0.34530000 0.52772680
vt 0.54570000 0.99953650
vt 0.54630000 0.00101100
vt 0.55150000 0.99581200
vt 0.55000000 0.99519990
vt 0.51290000 0.99953650
vt 0.55150000 0.92574260
vt 0.51230000 0.00101100
vt 0.55000000 0.92635480
vt 0.50860000 0.99519990
vt 0.54630000 0.92054720
vt 0.50710000 0.99581200
vt 0.54570000 0.92202410
vt 0.50860000 0.92635480
vt 0.51230000 0.92054720
vt 0.50710000 0.92574260
vt 0.51290000 0.92202410
vt 0.53030000 0.99954440
vt 0.53100000 0.00102200
vt 0.53620000 0.99581690
vt 0.53470000 0.99520680
vt 0.49760000 0.99954440
vt 0.53620000 0.92573530
vt 0.49700000 0.00102200
vt 0.53470000 0.92634760
vt 0.49320000 0.99520680
vt 0.53100000 0.92053660
vt 0.49170000 0.99582080
vt 0.53030000 0.92201560
vt 0.49320000 0.92634760
vt 0.49700000 0.92053660
vt 0.49170000 0.92573530
vt 0.49760000 0.92201560
vt 0.63760000 0.99882480
vt 0.63610000 0.99821060
vt 0.63380000 0.00055200
vt 0.63440000 0.00203400
vt 0.63760000 0.93136100
vt 0.60380000 0.00055200
vt 0.63610000 0.93197730
vt 0.60310000 0.00203400
vt 0.63440000 0.92815430
vt 0.60140000 0.99821060
vt 0.63380000 0.92963790
vt 0.59990000 0.99882480
vt 0.60310000 0.92815430
vt 0.60140000 0.93197730
vt 0.60380000 0.92963790
vt 0.59990000 0.93136100
vt 0.65100000 0.99881740
vt 0.64950000 0.99820510
vt 0.64720000 0.00054600
vt 0.64780000 0.00202800
vt 0.65100000 0.93136660
vt 0.61720000 0.00054600
vt 0.64950000 0.93198280
vt 0.61660000 0.00202800
vt 0.64780000 0.92816040
vt 0.61480000 0.99820510
vt 0.64720000 0.92963990
vt 0.61330000 0.99881740
vt 0.61660000 0.92816040
vt 0.61480000 0.93198070
vt 0.61720000 0.92963990
vt 0.61330000 0.93136660
vt 0.47890000 0.15830000
vt 0.47890000 0.15830000
vt 0.47890000 0.15830000
vt 0.47890000 0.15830000
vt 0.01570000 0.52658000
vt 0.83880000 0.55846700
vt 0.01520000 0.55874900
vt 0.74840000 0.37826200
vt 0.34130000 0.55028500
vt 0.74840000 0.41154600
vt 0.76310000 0.51119200
vt 0.80280000 0.45643000
vt 0.76310000 0.47254600
vt 0.80330000 0.48927600
vt 0.76310000 0.33643140
vt 0.97940000 0.48975600
vt 0.97940000 0.45657100
vt 0.80280000 0.33643130
vt 0.01380000 0.49024000
vt 0.00750000 0.46287500
vt 0.97940000 0.33643110
vt 0.01380000 0.33643130
vt 0.01380000 0.92718020
vt 0.97940000 0.92718010
vt 0.01380000 0.52457300
vt 0.80270000 0.92718010
vt 0.76310000 0.92718060
vt 0.97940000 0.52554100
vt 0.80240000 0.52650000
vt 0.76310000 0.50435300
vt 0.97940000 0.55838700
vt 0.00750000 0.55194000
vt 0.80280000 0.55866800
vt 0.76310000 0.54245900
vt 0.80960000 0.44641700
vt 0.77020000 0.39677100
vt 0.77020000 0.43076800
vt 0.80920000 0.40930500
vt 0.98510000 0.44609400
vt 0.80900000 0.00563000
vt 0.77020000 0.00563000
vt 0.77020000 0.78364230
vt 0.80890000 0.78364230
vt 0.77020000 0.56165490
vt 0.80890000 0.56165490
vt 0.77020000 0.33966960
vt 0.80880000 0.33966960
vt 0.77020000 0.11768640
vt 0.80870000 0.11768640
vt 0.77020000 0.89569890
vt 0.80860000 0.89569890
vt 0.77020000 0.66749620
vt 0.80870000 0.66749620
vt 0.77020000 0.43929770
vt 0.80880000 0.43929770
vt 0.77020000 0.21109080
vt 0.80890000 0.21109080
vt 0.77020000 0.98288600
vt 0.80890000 0.98288600
vt 0.77020000 0.75468300
vt 0.80900000 0.75468700
vt 0.77020000 0.35733000
vt 0.16020000 0.11768640
vt 0.16020000 0.89569890
vt 0.16020000 0.66749620
vt 0.14260000 0.43929770
vt 0.12100000 0.21108850
vt 0.08710000 0.98288600
vt 0.05260000 0.75468700
vt 0.14260000 0.33966960
vt 0.12100000 0.56165490
vt 0.08710000 0.78364230
vt 0.05260000 0.00563000
vt 0.98510000 0.40821600
vt 0.01950000 0.40711200
vt 0.01320000 0.43866300
vt 0.08700000 0.00563000
vt 0.12150000 0.78364230
vt 0.15530000 0.56165490
vt 0.17700000 0.33966960
vt 0.19450000 0.11768640
vt 0.19450000 0.89569890
vt 0.19450000 0.66749620
vt 0.17700000 0.43929770
vt 0.15530000 0.21108850
vt 0.12150000 0.98288600
vt 0.08700000 0.75468300
vt 0.98510000 0.34588400
vt 0.01950000 0.34698600
vt 0.80920000 0.34479000
vt 0.98510000 0.30800400
vt 0.01320000 0.31543000
vt 0.80960000 0.30768100
vt 0.77020000 0.32332700
vt 0.26170000 0.41185100
vt 0.22180000 0.46237400
vt 0.26170000 0.44664500
vt 0.22130000 0.42410200
vt 0.26170000 0.01732800
vt 0.04450000 0.42354900
vt 0.04450000 0.46221200
vt 0.22130000 0.01732800
vt 0.00980000 0.42299300
vt 0.01610000 0.45487100
vt 0.94150000 0.01732800
vt 0.97620000 0.01732800
vt 0.90670000 0.79303090
vt 0.94150000 0.79303090
vt 0.87240000 0.56873370
vt 0.22130000 0.79303090
vt 0.26170000 0.79303090
vt 0.90720000 0.56873370
vt 0.85060000 0.34443890
vt 0.22130000 0.56873370
vt 0.26170000 0.56873370
vt 0.88540000 0.34443890
vt 0.83290000 0.12014640
vt 0.22130000 0.34443890
vt 0.26170000 0.34443890
vt 0.86760000 0.12014640
vt 0.83290000 0.89584940
vt 0.22130000 0.12014640
vt 0.26170000 0.12014640
vt 0.86760000 0.89584940
vt 0.83290000 0.66527260
vt 0.22130000 0.89584940
vt 0.26170000 0.89584940
vt 0.26170000 0.66527260
vt 0.86760000 0.66527260
vt 0.85060000 0.43469990
vt 0.22130000 0.66527260
vt 0.88540000 0.43469990
vt 0.87240000 0.20411640
vt 0.22130000 0.43469990
vt 0.26170000 0.43469990
vt 0.90720000 0.20411640
vt 0.90670000 0.97354000
vt 0.22130000 0.20411840
vt 0.26170000 0.20411840
vt 0.94150000 0.97354000
vt 0.94150000 0.74296300
vt 0.22130000 0.97354200
vt 0.26170000 0.97354000
vt 0.97620000 0.74296700
vt 0.00980000 0.33102000
vt 0.22130000 0.74296300
vt 0.26170000 0.74296300
vt 0.04450000 0.33046600
vt 0.22130000 0.32991000
vt 0.26170000 0.34216100
vt 0.22180000 0.29163600
vt 0.26170000 0.30736800
vt 0.04450000 0.29179400
vt 0.01610000 0.29914000
vt 0.69310000 0.41154600
vt 0.65460000 0.37825400
vt 0.66170000 0.40542500
vt 0.69310000 0.37826200
vt 0.09400000 0.55028500
vt 0.65460000 0.79226820
vt 0.09400000 0.51700000
vt 0.31560000 0.60008100
vt 0.69310000 0.79226740
vt 0.65460000 0.20573740
vt 0.31560000 0.56679600
vt 0.53730000 0.64311100
vt 0.53730000 0.60982700
vt 0.75890000 0.67420300
vt 0.31560000 0.79226750
vt 0.11400000 0.79226760
vt 0.53730000 0.79226750
vt 0.75890000 0.64091800
vt 0.98050000 0.69908800
vt 0.75890000 0.79226740
vt 0.69310000 0.20573730
vt 0.11400000 0.20573710
vt 0.98050000 0.66580200
vt 0.20210000 0.70852100
vt 0.96040000 0.79226780
vt 0.69310000 0.37986600
vt 0.65460000 0.37987000
vt 0.20210000 0.67523600
vt 0.09400000 0.37986600
vt 0.31560000 0.20573680
vt 0.69310000 0.34658100
vt 0.66170000 0.35270100
vt 0.09400000 0.34658100
vt 0.31560000 0.34658100
vt 0.31560000 0.37986600
vt 0.53730000 0.20573730
vt 0.53730000 0.34658100
vt 0.53730000 0.37986600
vt 0.75890000 0.20573700
vt 0.75890000 0.34658100
vt 0.75890000 0.37986600
vt 0.98050000 0.34658100
vt 0.96040000 0.20573710
vt 0.98050000 0.37986600
vt 0.20210000 0.34658100
vt 0.20210000 0.37986600
vt 0.43000000 0.34658100
vt 0.20210000 0.20573720
vt 0.43000000 0.37986600
vt 0.65790000 0.34658100
vt 0.20210000 0.79226790
vt 0.43000000 0.20573710
vt 0.65790000 0.37986600
vt 0.88560000 0.34658100
vt 0.43000000 0.66580200
vt 0.43000000 0.69908800
vt 0.43000000 0.79226780
vt 0.65790000 0.64091800
vt 0.65790000 0.67420300
vt 0.65790000 0.20573720
vt 0.65790000 0.79226800
vt 0.88560000 0.60982700
vt 0.88560000 0.64311100
vt 0.88560000 0.79226790
vt 0.11350000 0.56679600
vt 0.11350000 0.60008100
vt 0.88560000 0.20573690
vt 0.34130000 0.51700000
vt 0.11350000 0.79226780
vt 0.88560000 0.37986600
vt 0.11350000 0.34658100
vt 0.34130000 0.79226830
vt 0.11350000 0.20573700
vt 0.11350000 0.37986600
vt 0.34130000 0.34658100
vt 0.34130000 0.20573730
vt 0.34130000 0.37986600
vt 0.74830000 0.34658100
vt 0.74840000 0.79226800
vt 0.74840000 0.20573710
vt 0.74840000 0.37986600
vt 0.78700000 0.37987000
vt 0.77990000 0.35270100
vt 0.78700000 0.20573700
vt 0.78700000 0.79226830
vt 0.78700000 0.37825400
vt 0.77990000 0.40542500
vt 0.05490000 0.51111300
vt 0.05490000 0.47246600
vt 0.01520000 0.45634900
vt 0.01470000 0.48919700
vt 0.05490000 0.33644120
vt 0.83880000 0.48967600
vt 0.83880000 0.45649000
vt 0.01530000 0.33644090
vt 0.05490000 0.92720950
vt 0.80420000 0.49016100
vt 0.81050000 0.46279500
vt 0.83880000 0.33644100
vt 0.80420000 0.33644120
vt 0.01540000 0.92720920
vt 0.83880000 0.92720930
vt 0.80420000 0.92720930
vt 0.80420000 0.52465200
vt 0.05490000 0.50443200
vt 0.05490000 0.54253900
vt 0.83880000 0.52562000
vt 0.81050000 0.55202000
vt 0.15880000 0.60873300
vt 0.14760000 0.57703000
vt 0.09450000 0.63723700
vt 0.14770000 0.85035720
vt 0.11000000 0.67535900
vt 0.09460000 0.85035650
vt 0.14380000 0.69038900
vt 0.09460000 0.26762810
vt 0.18600000 0.62186600
vt 0.14770000 0.26762900
vt 0.53170000 0.69040700
vt 0.53170000 0.62186600
vt 0.75190000 0.62186600
vt 0.75190000 0.69042400
vt 0.97220000 0.62186600
vt 0.97220000 0.69044200
vt 0.19230000 0.62186600
vt 0.19230000 0.69046000
vt 0.41250000 0.62186600
vt 0.41250000 0.69047700
vt 0.63280000 0.62186600
vt 0.63280000 0.69049500
vt 0.85910000 0.62186600
vt 0.85910000 0.69047700
vt 0.08540000 0.62186600
vt 0.08540000 0.69046000
vt 0.31180000 0.62186600
vt 0.31180000 0.69044200
vt 0.53820000 0.62186600
vt 0.53820000 0.69042400
vt 0.76450000 0.62186600
vt 0.76450000 0.69040700
vt 0.11640000 0.62186600
vt 0.15860000 0.69038900
vt 0.14360000 0.60873300
vt 0.19240000 0.67535900
vt 0.20790000 0.63723700
vt 0.15480000 0.57703000
vt 0.15480000 0.85035750
vt 0.20780000 0.85035680
vt 0.15480000 0.26762840
vt 0.20780000 0.26762800
vt 0.20780000 0.71186900
vt 0.15480000 0.77539700
vt 0.14360000 0.74001300
vt 0.19210000 0.67428000
vt 0.15800000 0.65950000
vt 0.11640000 0.72535600
vt 0.76450000 0.58751700
vt 0.76450000 0.52166200
vt 0.53820000 0.53804300
vt 0.53820000 0.47218900
vt 0.31180000 0.49529200
vt 0.31180000 0.42943700
vt 0.08540000 0.46440200
vt 0.08540000 0.39854600
vt 0.85910000 0.43967900
vt 0.85910000 0.37382400
vt 0.63280000 0.43030700
vt 0.63280000 0.36445200
vt 0.41250000 0.37382400
vt 0.41250000 0.43967900
vt 0.19230000 0.39854600
vt 0.19230000 0.46440200
vt 0.97220000 0.42943700
vt 0.97220000 0.49529200
vt 0.75190000 0.47218900
vt 0.75190000 0.53804300
vt 0.53170000 0.52166200
vt 0.53170000 0.58751700
vt 0.14440000 0.65950000
vt 0.18600000 0.72535600
vt 0.15880000 0.74001300
vt 0.11030000 0.67428000
vt 0.09460000 0.71186900
vt 0.14760000 0.77539700
vt 0.16330000 0.92249730
vt 0.15800000 0.91721680
vt 0.13410000 0.92025430
vt 0.27850000 0.90643030
vt 0.31670000 0.93173620
vt 0.31930000 0.91693990
vt 0.70560000 0.12824710
vt 0.72740000 0.63275500
vt 0.70470000 0.63677200
vt 0.72900000 0.12724190
vt 0.74590000 0.62873800
vt 0.74810000 0.12623840
vt 0.74840000 0.23928370
vt 0.72920000 0.24028810
vt 0.72980000 0.30170440
vt 0.74920000 0.30170440
vt 0.74920000 0.41475130
vt 0.70580000 0.24129240
vt 0.61780000 0.24136450
vt 0.61780000 0.12817230
vt 0.70610000 0.30170440
vt 0.72980000 0.41475130
vt 0.72920000 0.27809900
vt 0.74840000 0.27910200
vt 0.74810000 0.39215000
vt 0.70610000 0.41475130
vt 0.61780000 0.41482390
vt 0.61780000 0.30163150
vt 0.70580000 0.27709500
vt 0.72900000 0.39114700
vt 0.72740000 0.88613400
vt 0.74590000 0.89015200
vt 0.70470000 0.88211700
vt 0.70560000 0.39014100
vt 0.61780000 0.39021600
vt 0.61780000 0.27702200
vt 0.62540000 0.18004550
vt 0.66060000 0.70479900
vt 0.62500000 0.70607500
vt 0.66100000 0.17972720
vt 0.69380000 0.70607500
vt 0.69420000 0.18004550
vt 0.69420000 0.28774440
vt 0.66100000 0.28742550
vt 0.62540000 0.28774440
vt 0.62550000 0.29991730
vt 0.66120000 0.29991730
vt 0.69440000 0.29991730
vt 0.69440000 0.40761760
vt 0.66120000 0.40761760
vt 0.62550000 0.40761760
vt 0.62540000 0.23108900
vt 0.66100000 0.23141200
vt 0.69420000 0.23108900
vt 0.69420000 0.33879000
vt 0.66100000 0.33910700
vt 0.62540000 0.33879000
vt 0.62500000 0.81323800
vt 0.66060000 0.81451400
vt 0.69380000 0.81323800
vt 0.64560000 0.12640170
vt 0.67060000 0.63299000
vt 0.64790000 0.62897300
vt 0.66900000 0.12740510
vt 0.68910000 0.63700600
vt 0.68810000 0.12841020
vt 0.66880000 0.24043490
vt 0.64530000 0.23943080
vt 0.64460000 0.30169830
vt 0.68800000 0.24143920
vt 0.77600000 0.12833540
vt 0.77600000 0.24151120
vt 0.66820000 0.30169830
vt 0.68760000 0.30169830
vt 0.66820000 0.41472890
vt 0.64460000 0.41472890
vt 0.64530000 0.27895500
vt 0.68760000 0.41472890
vt 0.77600000 0.30162540
vt 0.77600000 0.41480150
vt 0.66880000 0.27795200
vt 0.68800000 0.27694800
vt 0.66900000 0.39098400
vt 0.64560000 0.39198600
vt 0.64790000 0.88991600
vt 0.67060000 0.88590000
vt 0.68810000 0.38997800
vt 0.68910000 0.88188300
vt 0.77600000 0.27687500
vt 0.77600000 0.39005300
vt 0.15630000 0.62847080
vt 0.12050000 0.09528400
vt 0.15610000 0.09656000
vt 0.12070000 0.62815180
vt 0.08730000 0.09656000
vt 0.08750000 0.62847080
vt 0.10490000 0.09652100
vt 0.13800000 0.62922840
vt 0.10480000 0.62795260
vt 0.13810000 0.09683900
vt 0.17360000 0.62795260
vt 0.17380000 0.09652100
vt 0.45550000 0.95711430
vt 0.47020000 0.91962670
vt 0.46060000 0.91793050
vt 0.46370000 0.95859000
vt 0.48960000 0.92309280
vt 0.48270000 0.96197650
vt 0.51380000 0.92743650
vt 0.50690000 0.96631620
vt 0.47570000 0.00085800
vt 0.49990000 0.00520200
vt 0.45630000 0.99738600
vt 0.44670000 0.99564690
vt 0.44180000 0.99456300
vt 0.45190000 0.95646310
vt 0.45560000 0.91723020
vt 0.34450000 0.97235860
vt 0.34210000 0.95878160
vt 0.30150000 0.96925910
vt 0.30420000 0.98416010
vt 0.34670000 0.98433120
vt 0.30650000 0.99732060
vt 0.26220000 0.98710140
vt 0.26430000 0.99908290
vt 0.25970000 0.97353990
vt 0.25700000 0.95881400
vt 0.29860000 0.95306410
vt 0.25380000 0.94079870
vt 0.33950000 0.94403680
vt 0.29520000 0.93388020
vt 0.24960000 0.91743370
vt 0.33630000 0.92601220
vt 0.29090000 0.91006860
vt 0.24490000 0.89151560
vt 0.33220000 0.90264330
vt 0.28620000 0.88412230
vt 0.32750000 0.87672520
vt 0.60950000 0.03120400
vt 0.61800000 0.03215400
vt 0.61150000 0.99367850
vt 0.60380000 0.99296130
vt 0.61800000 0.95405970
vt 0.59820000 0.03039100
vt 0.60950000 0.95316280
vt 0.59330000 0.99229560
vt 0.58450000 0.02972500
vt 0.59820000 0.95226010
vt 0.58070000 0.99172430
vt 0.56910000 0.02921800
vt 0.58450000 0.95146430
vt 0.56650000 0.99128960
vt 0.55250000 0.02889700
vt 0.56910000 0.95084150
vt 0.55120000 0.99100930
vt 0.55250000 0.95044400
vt 0.53590000 0.93929980
vt 0.51520000 0.94104390
vt 0.50990000 0.97947540
vt 0.53190000 0.97758420
vt 0.51520000 0.01982700
vt 0.53590000 0.01813500
vt 0.55910000 0.93796220
vt 0.55630000 0.97614490
vt 0.55910000 0.01685600
vt 0.58220000 0.97524090
vt 0.58370000 0.93712250
vt 0.58370000 0.01604900
vt 0.20570000 0.96040780
vt 0.17290000 0.97780860
vt 0.19690000 0.98538580
vt 0.22240000 0.99013980
vt 0.22710000 0.96382130
vt 0.30790000 0.89510730
vt 0.29500000 0.92374400
vt 0.31240000 0.92162510
vt 0.28640000 0.89853820
vt 0.30330000 0.87363770
vt 0.27890000 0.92705160
vt 0.27760000 0.87843080
vt 0.26630000 0.90395590
vt 0.26450000 0.93134490
vt 0.25340000 0.88606210
vt 0.24840000 0.91103820
vt 0.25260000 0.93636490
vt 0.23180000 0.89606520
vt 0.23330000 0.91945030
vt 0.24370000 0.94177840
vt 0.21340000 0.90801610
vt 0.22170000 0.92885880
vt 0.23840000 0.94701880
vt 0.19920000 0.92154300
vt 0.21440000 0.93893780
vt 0.23550000 0.95717950
vt 0.19020000 0.93623080
vt 0.21050000 0.95318870
vt 0.23450000 0.97767650
vt 0.18540000 0.95420050
vt 0.20920000 0.97510600
vt 0.23450000 0.00335800
vt 0.18380000 0.97750590
vt 0.20920000 0.00085900
vt 0.18380000 0.00335800
vt 0.23150000 0.94245480
vt 0.21420000 0.94037070
vt 0.18570000 0.95501350
vt 0.19820000 0.93710110
vt 0.15140000 0.96787930
vt 0.16790000 0.94796930
vt 0.18400000 0.93285820
vt 0.13320000 0.95601250
vt 0.15290000 0.93960370
vt 0.17210000 0.92788510
vt 0.11910000 0.94255550
vt 0.14140000 0.93025870
vt 0.11010000 0.92794100
vt 0.10530000 0.91007570
vt 0.13020000 0.90610810
vt 0.10370000 0.88691310
vt 0.15520000 0.90711560
vt 0.12890000 0.88433310
vt 0.10370000 0.86122400
vt 0.15410000 0.88674340
vt 0.12890000 0.85874280
vt 0.15410000 0.86122400
vt 0.51930000 0.95710140
vt 0.51850000 0.99742350
vt 0.52810000 0.99568000
vt 0.51110000 0.95857720
vt 0.51410000 0.91787700
vt 0.49910000 0.00089600
vt 0.50450000 0.91956510
vt 0.49210000 0.96196400
vt 0.47490000 0.00524600
vt 0.48520000 0.92302960
vt 0.46790000 0.96630940
vt 0.46090000 0.92737930
vt 0.52290000 0.95644930
vt 0.53300000 0.99458450
vt 0.51920000 0.91718230
vt 0.21280000 0.94868640
vt 0.20270000 0.95167280
vt 0.20670000 0.97676870
vt 0.18470000 0.97810890
vt 0.18220000 0.95275160
vt 0.15900000 0.97810890
vt 0.15650000 0.95275130
vt 0.15650000 0.00346700
vt 0.18230000 0.00346600
vt 0.20570000 0.00186400
vt 0.22090000 0.97274980
vt 0.22370000 0.99694220
vt 0.23100000 0.96519820
vt 0.23840000 0.98761220
vt 0.24040000 0.95326200
vt 0.25190000 0.97306040
vt 0.24880000 0.93767210
vt 0.26380000 0.95425250
vt 0.22850000 0.92154540
vt 0.22350000 0.93396150
vt 0.23280000 0.90664510
vt 0.25590000 0.91915910
vt 0.27380000 0.93203970
vt 0.23610000 0.88990470
vt 0.26130000 0.89845340
vt 0.28140000 0.90726100
vt 0.28620000 0.88094130
vt 0.26480000 0.87628680
vt 0.23820000 0.87183070
vt 0.21800000 0.94322480
vt 0.57630000 0.95327140
vt 0.56750000 0.95417200
vt 0.57400000 0.99368140
vt 0.58200000 0.99296160
vt 0.56750000 0.03205200
vt 0.58810000 0.95236650
vt 0.57630000 0.03110200
vt 0.59290000 0.99229560
vt 0.60220000 0.95156660
vt 0.58810000 0.03029500
vt 0.60600000 0.99173000
vt 0.60220000 0.02963300
vt 0.61820000 0.95094350
vt 0.62080000 0.99129200
vt 0.63540000 0.95054440
vt 0.63670000 0.99101230
vt 0.63540000 0.02881500
vt 0.61820000 0.02913100
vt 0.23910000 0.88854250
vt 0.23660000 0.90213690
vt 0.28120000 0.89149060
vt 0.24130000 0.87653110
vt 0.28360000 0.87829850
vt 0.32170000 0.90332810
vt 0.32390000 0.89132320
vt 0.87170000 0.65041830
vt 0.85690000 0.65085840
vt 0.85310000 0.68894030
vt 0.86900000 0.68843620
vt 0.55730000 0.37897480
vt 0.52410000 0.37897480
vt 0.52400000 0.38937400
vt 0.55720000 0.38905500
vt 0.59290000 0.37897480
vt 0.59280000 0.38937400
vt 0.57540000 0.45770390
vt 0.53980000 0.27937400
vt 0.57550000 0.27937400
vt 0.53980000 0.45802260
vt 0.50660000 0.27937400
vt 0.50660000 0.45770390
vt 0.57730000 0.03093700
vt 0.59860000 0.03262700
vt 0.60390000 0.99234140
vt 0.58140000 0.99045520
vt 0.59860000 0.95397530
vt 0.57730000 0.95222980
vt 0.55360000 0.02966600
vt 0.55640000 0.98901820
vt 0.55360000 0.95089430
vt 0.52990000 0.98811550
vt 0.52840000 0.02886100
vt 0.52840000 0.95005180
vt 0.13370000 0.96383660
vt 0.14720000 0.94037270
vt 0.12930000 0.94246360
vt 0.15570000 0.96042210
vt 0.13830000 0.99016270
vt 0.16390000 0.93710220
vt 0.16450000 0.98541150
vt 0.17630000 0.95502630
vt 0.17870000 0.93285160
vt 0.18910000 0.97784100
vt 0.19470000 0.94798000
vt 0.19100000 0.92786860
vt 0.21120000 0.96791720
vt 0.21020000 0.93961200
vt 0.20020000 0.92246630
vt 0.22990000 0.95605120
vt 0.22210000 0.93026440
vt 0.20570000 0.91717770
vt 0.24430000 0.94259690
vt 0.22960000 0.92025710
vt 0.20860000 0.90709500
vt 0.25360000 0.92797170
vt 0.23360000 0.90610680
vt 0.20970000 0.88673230
vt 0.25850000 0.91008850
vt 0.23490000 0.88432540
vt 0.20970000 0.86120970
vt 0.26010000 0.88690610
vt 0.23490000 0.85872780
vt 0.26010000 0.86120970
vt 0.22650000 0.95844630
vt 0.22180000 0.98444350
vt 0.26320000 0.99185930
vt 0.26790000 0.96582960
vt 0.30460000 0.99927940
vt 0.23070000 0.93499960
vt 0.30930000 0.97328220
vt 0.27220000 0.94193260
vt 0.23390000 0.91691390
vt 0.31350000 0.94982850
vt 0.27560000 0.92267700
vt 0.47800000 0.99708030
vt 0.46330000 0.91474710
vt 0.42940000 0.92062190
vt 0.44290000 0.99651110
vt 0.39550000 0.92689920
vt 0.41030000 0.00919700
vt 0.36820000 0.90651570
vt 0.35330000 0.98892410
vt 0.38720000 0.99519890
vt 0.40080000 0.91922430
vt 0.42110000 0.00107300
vt 0.43580000 0.91863360
vt 0.43140000 0.91475160
vt 0.41650000 0.99704120
vt 0.45040000 0.00331800
vt 0.46400000 0.92743630
vt 0.48440000 0.00919200
vt 0.49900000 0.92686500
vt 0.45690000 0.98895730
vt 0.44220000 0.90651350
vt 0.40830000 0.91238830
vt 0.42190000 0.98836620
vt 0.37440000 0.91866340
vt 0.38930000 0.00107600
vt 0.35870000 0.98632320
vt 0.31110000 0.91638510
vt 0.32600000 0.99909940
vt 0.34500000 0.91010830
vt 0.39370000 0.98698380
vt 0.37900000 0.90423810
vt 0.34710000 0.90638970
vt 0.33220000 0.98910360
vt 0.36610000 0.99538080
vt 0.37970000 0.91916560
vt 0.40000000 0.00125100
vt 0.41480000 0.91850530
vt 0.30260000 0.97453440
vt 0.30050000 0.97897800
vt 0.32500000 0.98794370
vt 0.32400000 0.98240330
vt 0.29000000 0.94163810
vt 0.34490000 0.97103730
vt 0.28650000 0.94226500
vt 0.34140000 0.96757220
vt 0.29040000 0.90642080
vt 0.34530000 0.93173370
vt 0.28690000 0.90296360
vt 0.34180000 0.93235490
vt 0.30780000 0.89158730
vt 0.33130000 0.89501670
vt 0.30680000 0.88604720
vt 0.32920000 0.89945830
vt 0.34650000 0.98977360
vt 0.34850000 0.99421720
vt 0.36260000 0.95747610
vt 0.35900000 0.95684830
vt 0.32500000 0.99764930
vt 0.36210000 0.91813840
vt 0.32400000 0.00319500
vt 0.35870000 0.92160080
vt 0.30760000 0.98280490
vt 0.34220000 0.90120900
vt 0.30410000 0.98627340
vt 0.34120000 0.90675430
vt 0.30720000 0.94755740
vt 0.31770000 0.91019070
vt 0.30370000 0.94693570
vt 0.31980000 0.91463210
vt 0.74692500 0.28920000
vt 0.74692500 0.00080000
vt 0.45848000 0.00080000
vt 0.45848000 0.28920000
vt 0.64693300 0.77590000
vt 0.64693300 0.48750000
vt 0.35848600 0.48750000
vt 0.35848600 0.77590000
vt 0.40116000 0.19660000
vt 0.40117000 0.19660000
vt 0.40117000 0.19660000
vt 0.40116000 0.19660000
vt 0.82368000 0.69349400
vt 0.82368000 0.95874970
vt 0.50407000 0.95874970
vt 0.50407000 0.69349400
vt 0.30714000 0.69350600
vt 0.30714000 0.95873790
vt 0.35131000 0.95873790
vt 0.35131000 0.69350600
vt 0.15478000 0.69349400
vt 0.15478000 0.95874930
vt 0.83517000 0.95874930
vt 0.83517000 0.69349400
vt 0.63805000 0.69351500
vt 0.63805000 0.95872880
vt 0.68223000 0.95872880
vt 0.68223000 0.69351500
vt 0.70811000 0.13750540
vt 0.66393000 0.13750540
vt 0.66393000 0.81788340
vt 0.70811000 0.81788340
vt 0.73399000 0.13750110
vt 0.68981000 0.13750110
vt 0.68981000 0.81788770
vt 0.73399000 0.81788770
vt 0.28476000 0.25170000
vt 0.03210000 0.25170000
vt 0.03210000 0.06540000
vt 0.28476000 0.06540000
vt 0.46030000 0.38950000
vt 0.82700000 0.38950000
vt 0.82700000 0.48640000
vt 0.46030000 0.48640000
vt 0.31500000 0.20680000
vt 0.31490000 0.20680000
vt 0.31490000 0.20670000
vt 0.31500000 0.20670000
vt 0.60220000 0.47040700
vt 0.60790000 0.47834000
vt 0.67290000 0.22564500
vt 0.66640000 0.22352200
vt 0.72580000 0.96714150
vt 0.29380000 0.50281210
vt 0.30410000 0.50254580
vt 0.29750000 0.49555190
vt 0.29750000 0.59471790
vt 0.30420000 0.58745830
vt 0.29380000 0.58745830
vt 0.28040000 0.49555470
vt 0.27370000 0.50281450
vt 0.28420000 0.50281450
vt 0.28420000 0.58745590
vt 0.27390000 0.58772220
vt 0.28040000 0.59471510
vt 0.58980000 0.05044670
vt 0.58790000 0.06183290
vt 0.59370000 0.05724490
vt 0.46710000 0.21506630
vt 0.46730000 0.22714550
vt 0.05950000 0.22739430
vt 0.76050000 0.96229620
vt 0.22040000 0.95009080
vt 0.20860000 0.96229620
vt 0.56090000 0.06249810
vt 0.54760000 0.07901470
vt 0.54760000 0.45512000
vt 0.77830000 0.07995870
vt 0.76350000 0.06461280
vt 0.75170000 0.07881150
vt 0.57770000 0.52865300
vt 0.58970000 0.54495800
vt 0.60270000 0.52987100
vt 0.97220000 0.48643300
vt 0.97220000 0.52923700
vt 0.54680000 0.48671500
vt 0.53450000 0.47071300
vt 0.81290000 0.41480200
vt 0.82530000 0.39978100
vt 0.81340000 0.38531400
vt 0.63260000 0.26998930
vt 0.64530000 0.26998930
vt 0.63260000 0.25764070
vt 0.30410000 0.50254580
vt 0.29380000 0.50281210
vt 0.29380000 0.58745830
vt 0.30420000 0.58745830
vt 0.59370000 0.45876600
vt 0.59890000 0.47983700
vt 0.58980000 0.46556300
vt 0.58790000 0.45425400
vt 0.64560000 0.21821300
vt 0.63900000 0.21646700
vt 0.68570000 0.96839420
vt 0.67890000 0.96714150
vt 0.71920000 0.96546670
vt 0.76500000 0.71322560
vt 0.71270000 0.71392080
vt 0.70590000 0.71322560
vt 0.75820000 0.71221710
vt 0.77990000 0.27778350
vt 0.72290000 0.27778350
vt 0.71610000 0.27778350
vt 0.77310000 0.27778350
vt 0.76500000 0.80278520
vt 0.75820000 0.80379050
vt 0.72580000 0.54886940
vt 0.71270000 0.80209100
vt 0.70590000 0.80278520
vt 0.71920000 0.55054340
vt 0.67290000 0.29036390
vt 0.68570000 0.54761520
vt 0.67890000 0.54886940
vt 0.66640000 0.29248810
vt 0.60810000 0.03809500
vt 0.60220000 0.04560260
vt 0.64560000 0.29779740
vt 0.63900000 0.29954240
vt 0.59890000 0.03617290
vt 0.81170000 0.47045800
vt 0.81500000 0.47988800
vt 0.82400000 0.46567800
vt 0.82020000 0.45881600
vt 0.82600000 0.45422600
vt 0.77490000 0.21650700
vt 0.76820000 0.21825300
vt 0.73490000 0.96717100
vt 0.72820000 0.96842360
vt 0.70800000 0.71324460
vt 0.70120000 0.71393980
vt 0.69770000 0.27778430
vt 0.69090000 0.27778430
vt 0.70800000 0.80276620
vt 0.70120000 0.80207200
vt 0.73490000 0.54883990
vt 0.72820000 0.54758560
vt 0.77490000 0.29950260
vt 0.76820000 0.29775760
vt 0.82600000 0.06178320
vt 0.82020000 0.05719490
vt 0.82400000 0.05033290
vt 0.81500000 0.03612210
vt 0.75080000 0.39554500
vt 0.75080000 0.40646400
vt 0.82080000 0.40640300
vt 0.82080000 0.39562000
vt 0.82080000 0.16889600
vt 0.75070000 0.16889600
vt 0.75070000 0.93117010
vt 0.82080000 0.93117010
vt 0.75070000 0.68906830
vt 0.82080000 0.68906830
vt 0.75070000 0.27388560
vt 0.82080000 0.27388560
vt 0.82080000 0.82098710
vt 0.75070000 0.82098710
vt 0.82080000 0.57888500
vt 0.75070000 0.57888500
vt 0.82080000 0.34115830
vt 0.75070000 0.34115830
vt 0.75080000 0.11450860
vt 0.82070000 0.11450860
vt 0.75080000 0.10359150
vt 0.82080000 0.10365220
vt 0.28420000 0.50281450
vt 0.27370000 0.50281450
vt 0.27390000 0.58772220
vt 0.28420000 0.58745590
vt 0.81170000 0.04555210
vt 0.74750000 0.29244790
vt 0.74100000 0.29032370
vt 0.80590000 0.03761900
vt 0.68800000 0.54883990
vt 0.69470000 0.55051400
vt 0.64890000 0.80276620
vt 0.65560000 0.80377160
vt 0.63400000 0.27778430
vt 0.64080000 0.27778430
vt 0.64890000 0.71324460
vt 0.65560000 0.71223620
vt 0.68800000 0.96717100
vt 0.69470000 0.96549610
vt 0.74100000 0.22568600
vt 0.74750000 0.22356200
vt 0.80580000 0.47796600
vt 0.72810000 0.42428400
vt 0.79910000 0.42387800
vt 0.79890000 0.18271800
vt 0.72860000 0.18271800
vt 0.72860000 0.93559830
vt 0.79890000 0.93559830
vt 0.72860000 0.69286470
vt 0.79890000 0.69286470
vt 0.72860000 0.27659900
vt 0.79890000 0.27659900
vt 0.79890000 0.82251930
vt 0.72860000 0.82251930
vt 0.79890000 0.57978580
vt 0.72860000 0.57978580
vt 0.79890000 0.33266480
vt 0.72860000 0.33266480
vt 0.72830000 0.09150590
vt 0.79940000 0.09109910
vt 0.28340000 0.50317530
vt 0.28340000 0.58699720
vt 0.29380000 0.58745830
vt 0.29380000 0.50281210
vt 0.29460000 0.50317760
vt 0.28420000 0.50281450
vt 0.28420000 0.58745590
vt 0.29450000 0.58699490
vt 0.46730000 0.22714550
vt 0.45490000 0.24218290
vt 0.45490000 0.97535770
vt 0.46760000 0.97535770
vt 0.46760000 0.98768480
vt 0.05950000 0.21506630
vt 0.07220000 0.22739430
vt 0.89560000 0.08186750
vt 0.88360000 0.06695620
vt 0.88330000 0.46098000
vt 0.89560000 0.44636800
vt 0.92060000 0.23883210
vt 0.92040000 0.22700190
vt 0.32820000 0.22700190
vt 0.32820000 0.23932900
vt 0.31550000 0.23932900
vt 0.93280000 0.25411730
vt 0.92060000 0.23883210
vt 0.92010000 0.98727500
vt 0.93280000 0.98727500
vt 0.06000000 0.97585220
vt 0.07220000 0.97560700
vt 0.04820000 0.98768480
vt 0.06000000 0.97585220
vt 0.32800000 0.98752210
vt 0.33950000 0.99960160
vt 0.92010000 0.99960160
vt 0.31550000 0.98777370
vt 0.32800000 0.98752210
vt 0.29790000 0.06755450
vt 0.28530000 0.06755450
vt 0.28530000 0.46067900
vt 0.29790000 0.46067900
vt 0.88330000 0.46098000
vt 0.88360000 0.06695620
vt 0.97220000 0.00502460
vt 0.95900000 0.00502460
vt 0.95900000 0.04783000
vt 0.97220000 0.04783000
vt 0.54680000 0.04754820
vt 0.57770000 0.00561080
vt 0.58890000 0.02533610
vt 0.53450000 0.06355100
vt 0.56110000 0.47177500
vt 0.58890000 0.50892800
vt 0.95900000 0.52923700
vt 0.95900000 0.48643300
vt 0.59450000 0.12450370
vt 0.58200000 0.11032820
vt 0.58200000 0.39287300
vt 0.59430000 0.37886300
vt 0.76070000 0.26343020
vt 0.76070000 0.25130260
vt 0.22050000 0.25130260
vt 0.22050000 0.26365180
vt 0.20780000 0.26365180
vt 0.77330000 0.25081190
vt 0.76070000 0.26343020
vt 0.76050000 0.94994780
vt 0.77330000 0.94994780
vt 0.09250000 0.26987840
vt 0.07980000 0.25714980
vt 0.07980000 0.95626310
vt 0.09260000 0.95626310
vt 0.09260000 0.96861110
vt 0.09230000 0.25764070
vt 0.09250000 0.26987840
vt 0.64450000 0.96861110
vt 0.63270000 0.95640640
vt 0.20780000 0.95015040
vt 0.22040000 0.95009080
vt 0.63270000 0.95640640
vt 0.64530000 0.95636190
vt 0.12790000 0.37853200
vt 0.14050000 0.37853200
vt 0.14050000 0.12466740
vt 0.12790000 0.12466740
vt 0.59430000 0.37886300
vt 0.59450000 0.12450370
vt 0.24620000 0.63450130
vt 0.57430000 0.63474250
vt 0.57430000 0.86836900
vt 0.24610000 0.86849000
vt 0.09250000 0.26987840
vt 0.09260000 0.95626310
vt 0.63270000 0.95640640
vt 0.63260000 0.26998930
vt 0.22050000 0.26365180
vt 0.22040000 0.95009080
vt 0.76050000 0.94994780
vt 0.76070000 0.26343020
vt 0.06850000 0.07690300
vt 0.06820000 0.45103300
vt 0.80200000 0.45043700
vt 0.80200000 0.07719980
vt 0.92060000 0.23883210
vt 0.32820000 0.23932900
vt 0.32800000 0.98752210
vt 0.92010000 0.98727500
vt 0.05950000 0.22739430
vt 0.46730000 0.22714550
vt 0.46760000 0.97535770
vt 0.06000000 0.97585220
vt 0.49770000 0.07940550
vt 0.81290000 0.11946100
vt 0.49770000 0.11968850
vt 0.80100000 0.13505260
vt 0.82520000 0.13448280
vt 0.81340000 0.14911400
vt 0.76420000 0.09361270
vt 0.80100000 0.39921100
vt 0.76420000 0.44065000
vt 0.77830000 0.45430400
vt 0.49770000 0.41457500
vt 0.49770000 0.45485600
vt 0.76330000 0.46965000
vt 0.75170000 0.45515400
vt 0.59000000 0.98930500
vt 0.60270000 0.00470890
vt 0.55550000 0.72870000
vt 0.55550000 0.72870000
vt 0.55550000 0.72870000
vt 0.55550000 0.72870000
vt 0.74692500 0.28920000
vt 0.74692500 0.00080000
vt 0.45848000 0.00080000
vt 0.45848000 0.28920000
vt 0.64693300 0.77590000
vt 0.64693300 0.48750000
vt 0.35848600 0.48750000
vt 0.35848600 0.77590000
vt 0.40116000 0.19660000
vt 0.40117000 0.19660000
vt 0.40117000 0.19660000
vt 0.40116000 0.19660000
vt 0.82368000 0.95874950
vt 0.50407000 0.95874950
vt 0.50407000 0.69349400
vt 0.82368000 0.69349400
vt 0.30714000 0.95873750
vt 0.35131000 0.95873750
vt 0.35131000 0.69350600
vt 0.30714000 0.69350600
vt 0.15478000 0.95874980
vt 0.83517000 0.95874980
vt 0.83517000 0.69349400
vt 0.15478000 0.69349400
vt 0.63805000 0.95873360
vt 0.68223000 0.95873360
vt 0.68223000 0.69351000
vt 0.63805000 0.69351000
vt 0.66393000 0.13750260
vt 0.66393000 0.81788610
vt 0.70811000 0.81788610
vt 0.70811000 0.13750260
vt 0.68981000 0.13749950
vt 0.68981000 0.81788920
vt 0.73399000 0.81788920
vt 0.73399000 0.13749950
vt 0.28476000 0.25170000
vt 0.03210000 0.25170000
vt 0.03210000 0.06540000
vt 0.28476000 0.06540000
vt 0.46030000 0.38950000
vt 0.82700000 0.38950000
vt 0.82700000 0.48640000
vt 0.46030000 0.48640000
vt 0.31500000 0.20680000
vt 0.31490000 0.20680000
vt 0.31490000 0.20670000
vt 0.31500000 0.20670000
vt 0.60270000 0.52956700
vt 0.60270000 0.00438080
vt 0.58890000 0.02532450
vt 0.29790000 0.46037900
vt 0.28530000 0.06725500
vt 0.28530000 0.46037900
vt 0.29380000 0.50281200
vt 0.29000000 0.49555160
vt 0.28350000 0.50254570
vt 0.29000000 0.59471890
vt 0.29380000 0.58745870
vt 0.28340000 0.58745870
vt 0.28790000 0.49555290
vt 0.28410000 0.50281300
vt 0.29460000 0.50281300
vt 0.28410000 0.58745760
vt 0.28790000 0.59471770
vt 0.29450000 0.58772360
vt 0.05970000 0.22714610
vt 0.05950000 0.97535700
vt 0.07220000 0.97535700
vt 0.07220000 0.24218350
vt 0.06000000 0.21506700
vt 0.46760000 0.21506700
vt 0.46760000 0.22739490
vt 0.05970000 0.22714610
vt 0.89560000 0.44606800
vt 0.89560000 0.08156790
vt 0.88330000 0.06695660
vt 0.88360000 0.46098000
vt 0.32770000 0.23882980
vt 0.92010000 0.23932700
vt 0.92010000 0.22699930
vt 0.32800000 0.22699930
vt 0.31550000 0.25411530
vt 0.31550000 0.98727680
vt 0.32820000 0.98727680
vt 0.32770000 0.23882980
vt 0.46710000 0.97585200
vt 0.45490000 0.22739490
vt 0.45490000 0.97560600
vt 0.47890000 0.98768500
vt 0.46710000 0.97585200
vt 0.05950000 0.98768500
vt 0.92040000 0.98752440
vt 0.32820000 0.99960450
vt 0.90880000 0.99960450
vt 0.93280000 0.98777480
vt 0.92040000 0.98752440
vt 0.93280000 0.23932700
vt 0.29790000 0.06725500
vt 0.88330000 0.06695660
vt 0.88360000 0.46098000
vt 0.97220000 0.52924800
vt 0.97220000 0.48644400
vt 0.95900000 0.48644400
vt 0.95900000 0.52924800
vt 0.95900000 0.00501280
vt 0.95900000 0.04781880
vt 0.97220000 0.04781880
vt 0.97220000 0.00501280
vt 0.57770000 0.00559910
vt 0.54680000 0.04753700
vt 0.56110000 0.06247650
vt 0.54760000 0.07913230
vt 0.53450000 0.06353970
vt 0.58970000 0.98929400
vt 0.58890000 0.50894000
vt 0.59000000 0.54497000
vt 0.57770000 0.52866500
vt 0.56090000 0.47177600
vt 0.54680000 0.48672600
vt 0.53450000 0.47072400
vt 0.54760000 0.45525800
vt 0.59450000 0.37869800
vt 0.59430000 0.12433700
vt 0.58200000 0.11032860
vt 0.58200000 0.39287300
vt 0.22030000 0.26342900
vt 0.76050000 0.25130160
vt 0.22040000 0.25130160
vt 0.76050000 0.26365070
vt 0.77330000 0.26365070
vt 0.20780000 0.25081100
vt 0.20780000 0.94994830
vt 0.22050000 0.94994830
vt 0.22030000 0.26342900
vt 0.63270000 0.26987810
vt 0.63260000 0.95626310
vt 0.64530000 0.95626310
vt 0.64530000 0.25714950
vt 0.63280000 0.25764020
vt 0.09260000 0.25764020
vt 0.09260000 0.26998870
vt 0.63270000 0.26987810
vt 0.09240000 0.95640680
vt 0.08060000 0.96861200
vt 0.63260000 0.96861200
vt 0.22050000 0.96229790
vt 0.77250000 0.96229790
vt 0.76070000 0.95009230
vt 0.77330000 0.95014980
vt 0.76070000 0.95009230
vt 0.09240000 0.95640680
vt 0.07980000 0.26998870
vt 0.07980000 0.95636320
vt 0.12790000 0.12466780
vt 0.14050000 0.37853200
vt 0.14050000 0.12466780
vt 0.12790000 0.37853200
vt 0.59430000 0.12433700
vt 0.59450000 0.37869800
vt 0.24620000 0.86849000
vt 0.24610000 0.63450160
vt 0.57430000 0.63462150
vt 0.57430000 0.86824900
vt 0.63270000 0.26987810
vt 0.09260000 0.26998870
vt 0.09240000 0.95640680
vt 0.63260000 0.95626310
vt 0.76050000 0.26365070
vt 0.22030000 0.26342900
vt 0.22050000 0.94994830
vt 0.76070000 0.95009230
vt 0.06850000 0.45103400
vt 0.80200000 0.45073500
vt 0.80200000 0.07749700
vt 0.06820000 0.07690290
vt 0.32770000 0.23882980
vt 0.32820000 0.98727680
vt 0.92040000 0.98752440
vt 0.92010000 0.23932700
vt 0.46760000 0.22739490
vt 0.46710000 0.97585200
vt 0.05950000 0.97535700
vt 0.05970000 0.22714610
vt 0.49770000 0.45485400
vt 0.49770000 0.41457300
vt 0.81290000 0.41480000
vt 0.77830000 0.45430200
vt 0.80100000 0.39920900
vt 0.82520000 0.39977900
vt 0.81340000 0.38514900
vt 0.76420000 0.44064900
vt 0.80100000 0.13505450
vt 0.75170000 0.45545000
vt 0.76350000 0.46964800
vt 0.76420000 0.09361460
vt 0.81290000 0.11946270
vt 0.81340000 0.14895000
vt 0.82530000 0.13448460
vt 0.77830000 0.07996070
vt 0.49770000 0.11969030
vt 0.49770000 0.07940750
vt 0.76330000 0.06461480
vt 0.75170000 0.07911120
vt 0.28350000 0.50254570
vt 0.28340000 0.58745870
vt 0.29380000 0.58745870
vt 0.29380000 0.50281200
vt 0.60220000 0.04560010
vt 0.67290000 0.29036190
vt 0.60790000 0.03766720
vt 0.66640000 0.29248610
vt 0.72580000 0.54886790
vt 0.71920000 0.55054200
vt 0.76500000 0.80278420
vt 0.75820000 0.80378950
vt 0.77990000 0.27778360
vt 0.77310000 0.27778360
vt 0.76500000 0.71322670
vt 0.75820000 0.71221820
vt 0.72580000 0.96714310
vt 0.71920000 0.96546830
vt 0.67290000 0.22564700
vt 0.66640000 0.22352400
vt 0.60810000 0.47791800
vt 0.60220000 0.47041000
vt 0.81170000 0.04556000
vt 0.82400000 0.05034080
vt 0.81500000 0.03613000
vt 0.82020000 0.05720270
vt 0.82600000 0.06179090
vt 0.75090000 0.11450850
vt 0.82080000 0.10365210
vt 0.75090000 0.10359140
vt 0.82080000 0.11443410
vt 0.82080000 0.34115830
vt 0.75070000 0.34115830
vt 0.75070000 0.57888510
vt 0.82080000 0.57888510
vt 0.75070000 0.82098720
vt 0.82080000 0.82098720
vt 0.75070000 0.27388560
vt 0.82080000 0.27388560
vt 0.82080000 0.68906830
vt 0.75070000 0.68906830
vt 0.82080000 0.93117050
vt 0.75070000 0.93117050
vt 0.82080000 0.16889600
vt 0.75070000 0.16889600
vt 0.75090000 0.39554600
vt 0.82070000 0.39554600
vt 0.75090000 0.40646400
vt 0.82080000 0.40640300
vt 0.77490000 0.29950870
vt 0.76820000 0.29776370
vt 0.73490000 0.54884440
vt 0.74750000 0.29245410
vt 0.80580000 0.03805210
vt 0.74100000 0.29032990
vt 0.72820000 0.54759020
vt 0.70800000 0.80276920
vt 0.69470000 0.55051860
vt 0.68800000 0.54884440
vt 0.70120000 0.80207490
vt 0.69770000 0.27778430
vt 0.65560000 0.80377450
vt 0.64890000 0.80276920
vt 0.69090000 0.27778430
vt 0.70800000 0.71324180
vt 0.64080000 0.27778430
vt 0.63400000 0.27778430
vt 0.65560000 0.71223340
vt 0.64890000 0.71324180
vt 0.70120000 0.71393690
vt 0.73490000 0.96716650
vt 0.69470000 0.96549170
vt 0.68800000 0.96716650
vt 0.72820000 0.96841910
vt 0.77490000 0.21650100
vt 0.74750000 0.22355600
vt 0.74100000 0.22567900
vt 0.76820000 0.21824700
vt 0.82600000 0.45421900
vt 0.81170000 0.47045000
vt 0.80590000 0.47838300
vt 0.82020000 0.45880800
vt 0.81500000 0.47988000
vt 0.58980000 0.46556600
vt 0.59890000 0.47984000
vt 0.59370000 0.45876900
vt 0.58790000 0.45417900
vt 0.63900000 0.21646900
vt 0.64560000 0.21821500
vt 0.67890000 0.96714310
vt 0.68570000 0.96839560
vt 0.70590000 0.71322670
vt 0.71270000 0.71392190
vt 0.71610000 0.27778360
vt 0.72290000 0.27778360
vt 0.70590000 0.80278420
vt 0.71270000 0.80209000
vt 0.67890000 0.54886790
vt 0.68570000 0.54761370
vt 0.63900000 0.29954040
vt 0.64560000 0.29779550
vt 0.58790000 0.06175260
vt 0.59370000 0.05724240
vt 0.58980000 0.05044420
vt 0.59890000 0.03617040
vt 0.28410000 0.50281300
vt 0.28410000 0.58745760
vt 0.29450000 0.58772360
vt 0.29460000 0.50281300
vt 0.82400000 0.46567000
vt 0.72810000 0.09109830
vt 0.79890000 0.33266420
vt 0.79910000 0.09150480
vt 0.72860000 0.33266420
vt 0.72860000 0.57978540
vt 0.79890000 0.57978540
vt 0.72860000 0.82251910
vt 0.79890000 0.82251910
vt 0.72860000 0.27659920
vt 0.79890000 0.27659920
vt 0.79890000 0.69286510
vt 0.72860000 0.69286510
vt 0.79890000 0.93559890
vt 0.72860000 0.93559890
vt 0.79890000 0.18271900
vt 0.72860000 0.18271900
vt 0.72830000 0.42388000
vt 0.79940000 0.42428400
vt 0.30420000 0.50317510
vt 0.29380000 0.50281200
vt 0.29380000 0.58745870
vt 0.30420000 0.58699790
vt 0.27370000 0.50317620
vt 0.27380000 0.58699690
vt 0.28410000 0.58745760
vt 0.28410000 0.50281300
vt 0.55550000 0.72870000
vt 0.55550000 0.72870000
vt 0.55550000 0.72870000
vt 0.55550000 0.72870000
f 3/3 2/2 1/1
f 4/4 3/3 1/1
f 7/7 6/6 5/5
f 8/8 7/7 5/5
f 11/11 10/10 9/9
f 12/12 11/11 9/9
f 15/15 14/14 13/13
f 16/16 15/15 13/13
f 17/17 15/15 16/16
f 18/18 17/17 16/16
f 19/19 17/17 18/18
f 20/20 19/19 18/18
f 20/20 21/21 19/19
f 21/21 22/22 19/19
f 23/23 22/22 21/21
f 24/24 23/23 21/21
f 25/25 23/23 24/24
f 26/26 25/25 24/24
f 29/29 28/28 27/27
f 30/30 29/29 27/27
f 30/30 27/27 31/31
f 27/27 32/32 31/31
f 31/31 32/32 33/33
f 34/34 31/31 33/33
f 34/34 33/33 35/35
f 33/33 36/36 35/35
f 35/35 36/36 37/37
f 38/38 35/35 37/37
f 38/38 37/37 39/39
f 37/37 40/40 39/39
f 43/43 42/42 41/41
f 44/44 43/43 41/41
f 45/45 43/43 44/44
f 46/46 45/45 44/44
f 47/47 45/45 46/46
f 48/48 47/47 46/46
f 48/48 49/49 47/47
f 49/49 50/50 47/47
f 51/51 50/50 49/49
f 52/52 51/51 49/49
f 53/53 51/51 52/52
f 54/54 53/53 52/52
f 57/57 56/56 55/55
f 58/58 57/57 55/55
f 58/58 55/55 59/59
f 55/55 60/60 59/59
f 59/59 60/60 61/61
f 62/62 59/59 61/61
f 62/62 61/61 63/63
f 61/61 64/64 63/63
f 63/63 64/64 65/65
f 66/66 63/63 65/65
f 66/66 65/65 67/67
f 65/65 68/68 67/67
f 71/71 70/70 69/69
f 72/72 71/71 69/69
f 73/73 71/71 72/72
f 74/74 73/73 72/72
f 75/75 73/73 74/74
f 76/76 75/75 74/74
f 76/76 77/77 75/75
f 77/77 78/78 75/75
f 79/79 78/78 77/77
f 80/80 79/79 77/77
f 81/81 79/79 80/80
f 82/82 81/81 80/80
f 85/85 84/84 83/83
f 86/86 85/85 83/83
f 86/86 83/83 87/87
f 83/83 88/88 87/87
f 87/87 88/88 89/89
f 90/90 87/87 89/89
f 90/90 89/89 91/91
f 89/89 92/92 91/91
f 91/91 92/92 93/93
f 94/94 91/91 93/93
f 94/94 93/93 95/95
f 93/93 96/96 95/95
f 99/99 98/98 97/97
f 100/100 99/99 97/97
f 103/103 102/102 101/101
f 106/106 105/105 104/104
f 108/108 107/107 106/106
f 111/111 110/110 109/109
f 113/113 112/112 111/111
f 116/116 115/115 114/114
f 118/118 117/117 116/116
f 121/121 120/120 119/119
f 122/122 121/121 119/119
f 119/119 123/123 122/122
f 123/123 124/124 122/122
f 125/125 124/124 123/123
f 126/126 125/125 123/123
f 126/126 127/127 125/125
f 127/127 128/128 125/125
f 128/128 127/127 129/129
f 127/127 130/130 129/129
f 129/129 130/130 131/131
f 130/130 132/132 131/131
f 132/132 133/133 131/131
f 133/133 134/134 131/131
f 133/133 135/135 134/134
f 135/135 136/136 134/134
f 136/136 135/135 137/137
f 138/138 136/136 137/137
f 138/138 137/137 139/139
f 137/137 140/140 139/139
f 140/140 141/141 139/139
f 141/141 142/142 139/139
f 141/141 143/143 142/142
f 143/143 144/144 142/142
f 144/144 143/143 145/145
f 146/146 144/144 145/145
f 146/146 145/145 147/147
f 145/145 148/148 147/147
f 147/147 148/148 149/149
f 148/148 150/150 149/149
f 151/151 149/149 150/150
f 152/152 151/151 150/150
f 155/155 154/154 153/153
f 156/156 155/155 153/153
f 156/156 157/157 155/155
f 157/157 158/158 155/155
f 158/158 157/157 159/159
f 160/160 158/158 159/159
f 161/161 160/160 159/159
f 162/162 161/161 159/159
f 162/162 159/159 163/163
f 162/162 164/164 161/161
f 164/164 165/165 161/161
f 166/166 162/162 163/163
f 166/166 163/163 167/167
f 168/168 166/166 167/167
f 168/168 169/169 166/166
f 166/166 170/170 162/162
f 170/170 164/164 162/162
f 169/169 170/170 166/166
f 164/164 171/171 165/165
f 164/164 170/170 171/171
f 171/171 172/172 165/165
f 170/170 173/173 171/171
f 170/170 169/169 173/173
f 169/169 174/174 173/173
f 177/177 176/176 175/175
f 178/178 177/177 175/175
f 175/175 179/179 178/178
f 177/177 178/178 180/180
f 181/181 177/177 180/180
f 182/182 181/181 180/180
f 179/179 183/183 178/178
f 180/180 178/178 184/184
f 178/178 183/183 184/184
f 183/183 179/179 185/185
f 179/179 186/186 185/185
f 183/183 185/185 187/187
f 184/184 183/183 187/187
f 188/188 182/182 180/180
f 188/188 180/180 184/184
f 189/189 184/184 187/187
f 189/189 188/188 184/184
f 190/190 189/189 187/187
f 189/189 190/190 191/191
f 182/182 188/188 192/192
f 193/193 182/182 192/192
f 193/193 192/192 194/194
f 188/188 189/189 195/195
f 195/195 189/189 191/191
f 192/192 188/188 195/195
f 192/192 196/196 194/194
f 192/192 195/195 196/196
f 194/194 196/196 197/197
f 195/195 191/191 198/198
f 195/195 198/198 196/196
f 191/191 199/199 198/198
f 196/196 200/200 197/197
f 196/196 198/198 200/200
f 198/198 199/199 201/201
f 198/198 201/201 200/200
f 199/199 202/202 201/201
f 201/201 202/202 203/203
f 204/204 201/201 203/203
f 200/200 201/201 204/204
f 204/204 203/203 205/205
f 197/197 200/200 206/206
f 206/206 200/200 204/204
f 207/207 197/197 206/206
f 208/208 204/204 205/205
f 206/206 204/204 208/208
f 207/207 206/206 209/209
f 209/209 206/206 208/208
f 210/210 207/207 209/209
f 211/211 210/210 209/209
f 212/212 211/211 209/209
f 212/212 209/209 208/208
f 213/213 211/211 212/212
f 214/214 208/208 205/205
f 214/214 212/212 208/208
f 215/215 214/214 205/205
f 216/216 213/213 212/212
f 216/216 212/212 214/214
f 217/217 214/214 215/215
f 217/217 216/216 214/214
f 218/218 217/217 215/215
f 218/218 219/219 217/217
f 219/219 220/220 217/217
f 217/217 220/220 216/216
f 219/219 221/221 220/220
f 216/216 222/222 213/213
f 220/220 222/222 216/216
f 222/222 223/223 213/213
f 221/221 224/224 220/220
f 220/220 224/224 222/222
f 222/222 225/225 223/223
f 224/224 225/225 222/222
f 225/225 226/226 223/223
f 227/227 226/226 225/225
f 228/228 227/227 225/225
f 228/228 225/225 224/224
f 227/227 228/228 229/229
f 230/230 224/224 221/221
f 230/230 228/228 224/224
f 231/231 230/230 221/221
f 228/228 232/232 229/229
f 228/228 230/230 232/232
f 233/233 229/229 232/232
f 230/230 231/231 234/234
f 230/230 234/234 232/232
f 231/231 235/235 234/234
f 236/236 233/233 232/232
f 236/236 232/232 234/234
f 237/237 234/234 235/235
f 237/237 236/236 234/234
f 238/238 237/237 235/235
f 239/239 237/237 238/238
f 237/237 239/239 236/236
f 240/240 239/239 238/238
f 239/239 241/241 236/236
f 233/233 236/236 241/241
f 242/242 233/233 241/241
f 245/245 244/244 243/243
f 246/246 245/245 243/243
f 246/246 243/243 247/247
f 248/248 246/246 247/247
f 245/245 246/246 249/249
f 250/250 245/245 249/249
f 251/251 250/250 249/249
f 252/252 249/249 246/246
f 248/248 252/252 246/246
f 253/253 251/251 249/249
f 253/253 249/249 252/252
f 251/251 253/253 254/254
f 255/255 251/251 254/254
f 255/255 254/254 256/256
f 254/254 257/257 256/256
f 257/257 254/254 258/258
f 257/257 258/258 259/259
f 260/260 254/254 253/253
f 254/254 260/260 258/258
f 261/261 253/253 252/252
f 261/261 260/260 253/253
f 262/262 252/252 248/248
f 261/261 252/252 262/262
f 263/263 262/262 248/248
f 248/248 264/264 263/263
f 264/264 265/265 263/263
f 266/266 261/261 262/262
f 266/266 267/267 261/261
f 267/267 260/260 261/261
f 260/260 267/267 258/258
f 267/267 268/268 258/258
f 258/258 268/268 269/269
f 268/268 270/270 269/269
f 258/258 269/269 259/259
f 270/270 271/271 269/269
f 269/269 272/272 259/259
f 271/271 272/272 269/269
f 272/272 273/273 259/259
f 271/271 274/274 272/272
f 275/275 273/273 272/272
f 274/274 276/276 272/272
f 276/276 275/275 272/272
f 276/276 274/274 277/277
f 275/275 276/276 278/278
f 279/279 276/276 277/277
f 276/276 279/279 278/278
f 279/279 277/277 280/280
f 278/278 279/279 280/280
f 277/277 281/281 280/280
f 282/282 278/278 280/280
f 281/281 283/283 280/280
f 284/284 282/282 280/280
f 283/283 285/285 280/280
f 285/285 284/284 280/280
f 283/283 286/286 285/285
f 286/286 287/287 285/285
f 285/285 287/287 284/284
f 287/287 286/286 288/288
f 287/287 289/289 284/284
f 284/284 289/289 290/290
f 289/289 291/291 290/290
f 292/292 291/291 289/289
f 293/293 287/287 288/288
f 289/289 287/287 293/293
f 294/294 292/292 289/289
f 294/294 289/289 293/293
f 292/292 294/294 295/295
f 294/294 296/296 295/295
f 294/294 293/293 296/296
f 297/297 295/295 296/296
f 293/293 288/288 298/298
f 293/293 298/298 296/296
f 288/288 299/299 298/298
f 298/298 299/299 300/300
f 298/298 300/300 296/296
f 299/299 301/301 300/300
f 302/302 297/297 296/296
f 300/300 302/302 296/296
f 303/303 300/300 301/301
f 302/302 300/300 303/303
f 304/304 303/303 301/301
f 305/305 302/302 303/303
f 297/297 302/302 305/305
f 306/306 297/297 305/305
f 309/309 308/308 307/307
f 308/308 310/310 307/307
f 311/311 307/307 310/310
f 312/312 307/307 311/311
f 307/307 312/312 313/313
f 314/314 307/307 313/313
f 202/202 199/199 315/315
f 316/316 202/202 315/315
f 202/202 316/316 317/317
f 203/203 202/202 317/317
f 203/203 317/317 318/318
f 205/205 203/203 318/318
f 215/215 205/205 318/318
f 319/319 215/215 318/318
f 218/218 215/215 319/319
f 320/320 218/218 319/319
f 218/218 320/320 321/321
f 219/219 218/218 321/321
f 324/324 323/323 322/322
f 325/325 323/323 324/324
f 326/326 325/325 324/324
f 329/329 328/328 327/327
f 330/330 329/329 327/327
f 331/331 329/329 330/330
f 332/332 331/331 330/330
f 332/332 333/333 331/331
f 333/333 334/334 331/331
f 335/335 331/331 334/334
f 336/336 335/335 334/334
f 337/337 335/335 336/336
f 338/338 337/337 336/336
f 338/338 339/339 337/337
f 339/339 340/340 337/337
f 341/341 340/340 339/339
f 342/342 341/341 339/339
f 343/343 341/341 342/342
f 344/344 343/343 342/342
f 345/345 343/343 344/344
f 346/346 345/345 344/344
f 346/346 347/347 345/345
f 347/347 348/348 345/345
f 348/348 347/347 349/349
f 350/350 348/348 349/349
f 350/350 349/349 351/351
f 352/352 350/350 351/351
f 352/352 351/351 353/353
f 354/354 352/352 353/353
f 354/354 353/353 355/355
f 356/356 354/354 355/355
f 356/356 355/355 357/357
f 358/358 356/356 357/357
f 358/358 357/357 359/359
f 357/357 360/360 359/359
f 359/359 360/360 361/361
f 362/362 359/359 361/361
f 361/361 363/363 362/362
f 363/363 364/364 362/362
f 362/362 364/364 365/365
f 366/366 362/362 365/365
f 366/366 365/365 367/367
f 368/368 366/366 367/367
f 371/371 370/370 369/369
f 370/370 372/372 369/369
f 373/373 372/372 370/370
f 374/374 373/373 370/370
f 373/373 374/374 375/375
f 374/374 376/376 375/375
f 376/376 377/377 375/375
f 377/377 378/378 375/375
f 375/375 378/378 379/379
f 380/380 378/378 377/377
f 381/381 380/380 377/377
f 378/378 382/382 379/379
f 379/379 382/382 383/383
f 382/382 384/384 383/383
f 385/385 384/384 382/382
f 386/386 382/382 378/378
f 380/380 386/386 378/378
f 386/386 385/385 382/382
f 387/387 380/380 381/381
f 386/386 380/380 387/387
f 388/388 387/387 381/381
f 389/389 386/386 387/387
f 385/385 386/386 389/389
f 390/390 385/385 389/389
f 393/393 392/392 391/391
f 394/394 393/393 391/391
f 391/391 395/395 394/394
f 391/391 396/396 395/395
f 396/396 391/391 397/397
f 391/391 398/398 397/397
f 401/401 400/400 399/399
f 401/401 402/402 400/400
f 402/402 403/403 400/400
f 406/406 405/405 404/404
f 405/405 407/407 404/404
f 408/408 404/404 407/407
f 407/407 405/405 409/409
f 405/405 410/410 409/409
f 411/411 408/408 407/407
f 411/411 407/407 409/409
f 412/412 411/411 409/409
f 408/408 411/411 413/413
f 411/411 412/412 414/414
f 411/411 415/415 413/413
f 415/415 411/411 414/414
f 413/413 415/415 416/416
f 415/415 414/414 416/416
f 417/417 413/413 416/416
f 414/414 418/418 416/416
f 417/417 416/416 419/419
f 416/416 418/418 420/420
f 416/416 420/420 419/419
f 418/418 421/421 420/420
f 419/419 420/420 422/422
f 420/420 421/421 423/423
f 420/420 424/424 422/422
f 424/424 420/420 423/423
f 422/422 424/424 425/425
f 424/424 423/423 426/426
f 424/424 427/427 425/425
f 427/427 424/424 426/426
f 427/427 428/428 425/425
f 428/428 427/427 426/426
f 428/428 429/429 425/425
f 430/430 428/428 426/426
f 428/428 431/431 429/429
f 431/431 428/428 430/430
f 432/432 431/431 430/430
f 431/431 433/433 429/429
f 432/432 434/434 431/431
f 431/431 435/435 433/433
f 434/434 435/435 431/431
f 435/435 436/436 433/433
f 434/434 437/437 435/435
f 438/438 436/436 435/435
f 437/437 439/439 435/435
f 439/439 438/438 435/435
f 440/440 439/439 437/437
f 439/439 440/440 438/438
f 440/440 441/441 438/438
f 442/442 440/440 437/437
f 441/441 440/440 101/101
f 440/440 442/442 443/443
f 440/440 443/443 101/101
f 442/442 444/444 443/443
f 443/443 103/103 101/101
f 103/103 443/443 444/444
f 445/445 103/103 444/444
f 448/448 447/447 446/446
f 449/449 448/448 446/446
f 450/450 448/448 449/449
f 451/451 450/450 449/449
f 451/451 452/452 450/450
f 452/452 453/453 450/450
f 453/453 452/452 454/454
f 452/452 455/455 454/454
f 454/454 455/455 456/456
f 455/455 457/457 456/456
f 458/458 456/456 457/457
f 459/459 458/458 457/457
f 459/459 460/460 458/458
f 460/460 461/461 458/458
f 461/461 460/460 462/462
f 463/463 461/461 462/462
f 463/463 462/462 464/464
f 465/465 463/463 464/464
f 464/464 466/466 465/465
f 466/466 467/467 465/465
f 466/466 468/468 467/467
f 468/468 469/469 467/467
f 469/469 468/468 470/470
f 471/471 469/469 470/470
f 471/471 470/470 472/472
f 470/470 473/473 472/472
f 472/472 473/473 474/474
f 475/475 472/472 474/474
f 478/478 477/477 476/476
f 479/479 478/478 476/476
f 478/478 479/479 480/480
f 481/481 478/478 480/480
f 484/484 483/483 482/482
f 483/483 485/485 482/482
f 483/483 486/486 485/485
f 486/486 487/487 485/485
f 490/490 489/489 488/488
f 491/491 490/490 488/488
f 490/490 491/491 492/492
f 493/493 490/490 492/492
f 483/483 484/484 494/494
f 495/495 483/483 494/494
f 486/486 483/483 496/496
f 497/497 486/486 496/496
f 500/500 499/499 498/498
f 499/499 501/501 498/498
f 501/501 502/502 498/498
f 502/502 503/503 498/498
f 506/506 505/505 504/504
f 505/505 507/507 504/504
f 507/507 505/505 508/508
f 505/505 509/509 508/508
f 105/105 510/510 104/104
f 510/510 105/105 511/511
f 105/105 512/512 511/511
f 107/107 105/105 106/106
f 105/105 107/107 513/513
f 107/107 514/514 513/513
f 517/517 516/516 515/515
f 516/516 518/518 515/515
f 518/518 516/516 519/519
f 516/516 520/520 519/519
f 523/523 522/522 521/521
f 524/524 523/523 521/521
f 525/525 524/524 521/521
f 526/526 525/525 521/521
f 529/529 528/528 527/527
f 530/530 529/529 527/527
f 529/529 530/530 531/531
f 532/532 529/529 531/531
f 535/535 534/534 533/533
f 534/534 536/536 533/533
f 534/534 537/537 536/536
f 537/537 538/538 536/536
f 541/541 540/540 539/539
f 542/542 541/541 539/539
f 541/541 542/542 543/543
f 544/544 541/541 543/543
f 534/534 535/535 545/545
f 546/546 534/534 545/545
f 537/537 534/534 547/547
f 548/548 537/537 547/547
f 551/551 550/550 549/549
f 550/550 552/552 549/549
f 552/552 553/553 549/549
f 553/553 554/554 549/549
f 557/557 556/556 555/555
f 556/556 558/558 555/555
f 558/558 556/556 559/559
f 556/556 560/560 559/559
f 110/110 561/561 109/109
f 561/561 110/110 562/562
f 110/110 563/563 562/562
f 112/112 110/110 111/111
f 110/110 112/112 564/564
f 112/112 565/565 564/564
f 568/568 567/567 566/566
f 567/567 569/569 566/566
f 569/569 567/567 570/570
f 567/567 571/571 570/570
f 574/574 573/573 572/572
f 575/575 574/574 572/572
f 576/576 575/575 572/572
f 577/577 576/576 572/572
f 580/580 579/579 578/578
f 581/581 580/580 578/578
f 580/580 581/581 582/582
f 583/583 580/580 582/582
f 586/586 585/585 584/584
f 585/585 587/587 584/584
f 585/585 588/588 587/587
f 588/588 589/589 587/587
f 592/592 591/591 590/590
f 593/593 592/592 590/590
f 592/592 593/593 594/594
f 595/595 592/592 594/594
f 585/585 586/586 596/596
f 597/597 585/585 596/596
f 588/588 585/585 598/598
f 599/599 588/588 598/598
f 602/602 601/601 600/600
f 601/601 603/603 600/600
f 603/603 604/604 600/600
f 604/604 605/605 600/600
f 608/608 607/607 606/606
f 607/607 609/609 606/606
f 609/609 607/607 610/610
f 607/607 611/611 610/610
f 115/115 612/612 114/114
f 612/612 115/115 613/613
f 115/115 614/614 613/613
f 117/117 115/115 116/116
f 115/115 117/117 615/615
f 117/117 616/616 615/615
f 619/619 618/618 617/617
f 618/618 620/620 617/617
f 620/620 618/618 621/621
f 618/618 622/622 621/621
f 625/625 624/624 623/623
f 626/626 625/625 623/623
f 627/627 626/626 623/623
f 628/628 627/627 623/623
f 631/631 630/630 629/629
f 630/630 631/631 632/632
f 630/630 633/633 629/629
f 629/629 633/633 634/634
f 635/635 630/630 632/632
f 630/630 636/636 633/633
f 636/636 630/630 635/635
f 636/636 637/637 633/633
f 638/638 636/636 635/635
f 633/633 637/637 639/639
f 638/638 635/635 640/640
f 635/635 632/632 641/641
f 635/635 641/641 640/640
f 632/632 642/642 641/641
f 642/642 643/643 641/641
f 644/644 633/633 639/639
f 633/633 644/644 634/634
f 644/644 639/639 645/645
f 641/641 646/646 640/640
f 643/643 646/646 641/641
f 646/646 647/647 640/640
f 634/634 644/644 648/648
f 648/648 644/644 645/645
f 649/649 634/634 648/648
f 649/649 648/648 650/650
f 651/651 646/646 643/643
f 647/647 646/646 651/651
f 652/652 651/651 643/643
f 653/653 647/647 651/651
f 654/654 648/648 645/645
f 648/648 654/654 650/650
f 655/655 654/654 645/645
f 654/654 655/655 656/656
f 657/657 651/651 652/652
f 651/651 657/657 653/653
f 657/657 658/658 653/653
f 659/659 657/657 652/652
f 660/660 658/658 657/657
f 650/650 654/654 661/661
f 661/661 654/654 656/656
f 662/662 650/650 661/661
f 662/662 661/661 663/663
f 664/664 657/657 659/659
f 664/664 660/660 657/657
f 665/665 664/664 659/659
f 661/661 656/656 666/666
f 661/661 666/666 663/663
f 656/656 667/667 666/666
f 663/663 666/666 668/668
f 664/664 669/669 660/660
f 669/669 664/664 665/665
f 669/669 670/670 660/660
f 671/671 669/669 665/665
f 672/672 670/670 669/669
f 666/666 667/667 673/673
f 666/666 673/673 668/668
f 667/667 674/674 673/673
f 673/673 674/674 675/675
f 676/676 669/669 671/671
f 676/676 672/672 669/669
f 677/677 676/676 671/671
f 677/677 678/678 676/676
f 668/668 673/673 679/679
f 679/679 673/673 675/675
f 680/680 668/668 679/679
f 679/679 675/675 681/681
f 676/676 682/682 672/672
f 678/678 682/682 676/676
f 682/682 683/683 672/672
f 683/683 682/682 684/684
f 680/680 679/679 685/685
f 685/685 679/679 681/681
f 686/686 680/680 685/685
f 687/687 686/686 685/685
f 682/682 678/678 688/688
f 682/682 688/688 684/684
f 678/678 689/689 688/688
f 684/684 688/688 690/690
f 691/691 685/685 681/681
f 691/691 687/687 685/685
f 692/692 691/691 681/681
f 693/693 687/687 691/691
f 688/688 689/689 694/694
f 688/688 694/694 690/690
f 689/689 695/695 694/694
f 696/696 691/691 692/692
f 696/696 693/693 691/691
f 697/697 696/696 692/692
f 697/697 698/698 696/696
f 694/694 699/699 690/690
f 699/699 694/694 695/695
f 700/700 699/699 695/695
f 699/699 701/701 690/690
f 700/700 702/702 699/699
f 696/696 703/703 693/693
f 698/698 703/703 696/696
f 703/703 704/704 693/693
f 698/698 705/705 703/703
f 699/699 706/706 701/701
f 702/702 706/706 699/699
f 706/706 707/707 701/701
f 706/706 702/702 708/708
f 703/703 709/709 704/704
f 705/705 709/709 703/703
f 709/709 710/710 704/704
f 711/711 710/710 709/709
f 707/707 706/706 712/712
f 712/712 706/706 708/708
f 713/713 707/707 712/712
f 712/712 708/708 714/714
f 713/713 712/712 715/715
f 716/716 709/709 705/705
f 716/716 711/711 709/709
f 717/717 716/716 705/705
f 711/711 716/716 718/718
f 719/719 712/712 714/714
f 712/712 719/719 715/715
f 714/714 720/720 719/719
f 716/716 717/717 721/721
f 716/716 721/721 718/718
f 717/717 722/722 721/721
f 723/723 718/718 721/721
f 719/719 724/724 715/715
f 720/720 724/724 719/719
f 724/724 725/725 715/715
f 720/720 726/726 724/724
f 727/727 721/721 722/722
f 727/727 723/723 721/721
f 728/728 727/727 722/722
f 724/724 729/729 725/725
f 726/726 729/729 724/724
f 729/729 730/730 725/725
f 729/729 726/726 731/731
f 727/727 732/732 723/723
f 732/732 727/727 728/728
f 733/733 732/732 728/728
f 732/732 734/734 723/723
f 733/733 735/735 732/732
f 730/730 729/729 736/736
f 736/736 729/729 731/731
f 737/737 730/730 736/736
f 737/737 736/736 738/738
f 732/732 739/739 734/734
f 735/735 739/739 732/732
f 739/739 740/740 734/734
f 740/740 739/739 741/741
f 736/736 731/731 742/742
f 736/736 742/742 738/738
f 731/731 743/743 742/742
f 742/742 743/743 744/744
f 738/738 742/742 745/745
f 739/739 735/735 746/746
f 739/739 746/746 741/741
f 735/735 747/747 746/746
f 746/746 747/747 748/748
f 749/749 742/742 744/744
f 742/742 749/749 745/745
f 749/749 744/744 750/750
f 741/741 746/746 751/751
f 751/751 746/746 748/748
f 752/752 741/741 751/751
f 753/753 752/752 751/751
f 745/745 749/749 754/754
f 754/754 749/749 750/750
f 755/755 745/745 754/754
f 754/754 750/750 756/756
f 755/755 754/754 757/757
f 758/758 751/751 748/748
f 758/758 753/753 751/751
f 759/759 758/758 748/748
f 760/760 754/754 756/756
f 754/754 760/760 757/757
f 760/760 756/756 753/753
f 758/758 760/760 753/753
f 759/759 757/757 760/760
f 758/758 759/759 760/760
f 763/763 762/762 761/761
f 764/764 763/763 761/761
f 762/762 765/765 761/761
f 762/762 766/766 765/765
f 767/767 764/764 761/761
f 768/768 764/764 767/767
f 769/769 761/761 765/765
f 761/761 769/769 770/770
f 767/767 761/761 770/770
f 771/771 769/769 765/765
f 767/767 770/770 772/772
f 771/771 765/765 773/773
f 774/774 767/767 772/772
f 774/774 768/768 767/767
f 772/772 775/775 774/774
f 765/765 776/776 773/773
f 766/766 776/776 765/765
f 777/777 773/773 776/776
f 774/774 778/778 768/768
f 775/775 778/778 774/774
f 778/778 779/779 768/768
f 775/775 780/780 778/778
f 781/781 776/776 766/766
f 781/781 777/777 776/776
f 782/782 781/781 766/766
f 783/783 777/777 781/781
f 778/778 784/784 779/779
f 780/780 784/784 778/778
f 784/784 785/785 779/779
f 786/786 785/785 784/784
f 784/784 780/780 787/787
f 788/788 781/781 782/782
f 788/788 783/783 781/781
f 789/789 788/788 782/782
f 789/789 790/790 788/788
f 791/791 786/786 784/784
f 791/791 784/784 787/787
f 786/786 791/791 792/792
f 783/783 788/788 793/793
f 790/790 793/793 788/788
f 794/794 783/783 793/793
f 794/794 793/793 795/795
f 791/791 787/787 796/796
f 791/791 796/796 792/792
f 787/787 797/797 796/796
f 798/798 792/792 796/796
f 796/796 797/797 799/799
f 800/800 798/798 796/796
f 800/800 796/796 799/799
f 793/793 790/790 801/801
f 793/793 801/801 795/795
f 790/790 802/802 801/801
f 795/795 801/801 803/803
f 802/802 804/804 801/801
f 801/801 805/805 803/803
f 804/804 805/805 801/801
f 808/808 807/807 806/806
f 809/809 808/808 806/806
f 812/812 811/811 810/810
f 813/813 812/812 810/810
f 813/813 810/810 814/814
f 815/815 813/813 814/814
f 818/818 817/817 816/816
f 819/819 818/818 816/816
f 821/821 820/820 817/817
f 818/818 821/821 817/817
f 824/824 823/823 822/822
f 825/825 824/824 822/822
f 824/824 826/826 823/823
f 826/826 827/827 823/823
f 826/826 828/828 827/827
f 828/828 829/829 827/827
f 832/832 831/831 830/830
f 833/833 832/832 830/830
f 835/835 834/834 831/831
f 832/832 835/835 831/831
f 815/815 814/814 836/836
f 837/837 815/815 836/836
f 840/840 839/839 838/838
f 841/841 840/840 838/838
f 841/841 838/838 842/842
f 843/843 841/841 842/842
f 846/846 845/845 844/844
f 847/847 846/846 844/844
f 849/849 848/848 845/845
f 846/846 849/849 845/845
f 852/852 851/851 850/850
f 853/853 852/852 850/850
f 852/852 854/854 851/851
f 854/854 855/855 851/851
f 854/854 856/856 855/855
f 856/856 857/857 855/855
f 860/860 859/859 858/858
f 861/861 860/860 858/858
f 863/863 862/862 859/859
f 860/860 863/863 859/859
f 843/843 842/842 864/864
f 865/865 843/843 864/864
f 868/868 867/867 866/866
f 869/869 868/868 866/866
f 869/869 866/866 870/870
f 871/871 869/869 870/870
f 874/874 873/873 872/872
f 875/875 874/874 872/872
f 877/877 876/876 873/873
f 874/874 877/877 873/873
f 880/880 879/879 878/878
f 881/881 880/880 878/878
f 880/880 882/882 879/879
f 882/882 883/883 879/879
f 882/882 884/884 883/883
f 884/884 885/885 883/883
f 888/888 887/887 886/886
f 889/889 888/888 886/886
f 891/891 890/890 887/887
f 888/888 891/891 887/887
f 871/871 870/870 892/892
f 893/893 871/871 892/892
f 896/896 895/895 894/894
f 897/897 896/896 894/894
f 897/897 894/894 898/898
f 899/899 897/897 898/898
f 902/902 901/901 900/900
f 903/903 902/902 900/900
f 905/905 904/904 901/901
f 902/902 905/905 901/901
f 908/908 907/907 906/906
f 909/909 908/908 906/906
f 908/908 910/910 907/907
f 910/910 911/911 907/907
f 910/910 912/912 911/911
f 912/912 913/913 911/911
f 916/916 915/915 914/914
f 917/917 916/916 914/914
f 919/919 918/918 915/915
f 916/916 919/919 915/915
f 899/899 898/898 920/920
f 921/921 899/899 920/920
f 924/924 923/923 922/922
f 922/922 923/923 925/925
f 926/926 923/923 924/924
f 925/925 923/923 927/927
f 928/928 923/923 926/926
f 927/927 923/923 929/929
f 930/930 923/923 928/928
f 929/929 923/923 931/931
f 932/932 923/923 930/930
f 931/931 923/923 932/932
f 935/935 934/934 933/933
f 934/934 936/936 933/933
f 937/937 935/935 933/933
f 936/936 938/938 933/933
f 939/939 937/937 933/933
f 938/938 940/940 933/933
f 941/941 939/939 933/933
f 940/940 942/942 933/933
f 943/943 941/941 933/933
f 942/942 943/943 933/933
f 946/946 945/945 944/944
f 944/944 945/945 947/947
f 948/948 945/945 946/946
f 947/947 945/945 949/949
f 950/950 945/945 948/948
f 949/949 945/945 951/951
f 952/952 945/945 950/950
f 951/951 945/945 953/953
f 954/954 945/945 952/952
f 953/953 945/945 954/954
f 957/957 956/956 955/955
f 956/956 958/958 955/955
f 959/959 957/957 955/955
f 958/958 960/960 955/955
f 961/961 959/959 955/955
f 960/960 962/962 955/955
f 963/963 961/961 955/955
f 962/962 964/964 955/955
f 965/965 963/963 955/955
f 964/964 965/965 955/955
f 968/968 967/967 966/966
f 966/966 967/967 969/969
f 970/970 967/967 968/968
f 969/969 967/967 971/971
f 972/972 967/967 970/970
f 971/971 967/967 973/973
f 974/974 967/967 972/972
f 973/973 967/967 975/975
f 976/976 967/967 974/974
f 975/975 967/967 976/976
f 979/979 978/978 977/977
f 978/978 980/980 977/977
f 981/981 979/979 977/977
f 980/980 982/982 977/977
f 983/983 981/981 977/977
f 982/982 984/984 977/977
f 985/985 983/983 977/977
f 984/984 986/986 977/977
f 987/987 985/985 977/977
f 986/986 987/987 977/977
f 990/990 989/989 988/988
f 988/988 989/989 991/991
f 992/992 989/989 990/990
f 991/991 989/989 993/993
f 994/994 989/989 992/992
f 993/993 989/989 995/995
f 996/996 989/989 994/994
f 995/995 989/989 997/997
f 998/998 989/989 996/996
f 997/997 989/989 998/998
f 1001/1001 1000/1000 999/999
f 1000/1000 1002/1002 999/999
f 1003/1003 1001/1001 999/999
f 1002/1002 1004/1004 999/999
f 1005/1005 1003/1003 999/999
f 1004/1004 1006/1006 999/999
f 1007/1007 1005/1005 999/999
f 1006/1006 1008/1008 999/999
f 1009/1009 1007/1007 999/999
f 1008/1008 1009/1009 999/999
f 1012/1012 1011/1011 1010/1010
f 1013/1013 1012/1012 1010/1010
f 1016/1016 1015/1015 1014/1014
f 1015/1015 1017/1017 1014/1014
f 1014/1014 1017/1017 1018/1018
f 1017/1017 1019/1019 1018/1018
f 1018/1018 1019/1019 1020/1020
f 1019/1019 1021/1021 1020/1020
f 1020/1020 1021/1021 1022/1022
f 1023/1023 1020/1020 1022/1022
f 1023/1023 1022/1022 1024/1024
f 1022/1022 1025/1025 1024/1024
f 1024/1024 1025/1025 1026/1026
f 1025/1025 1027/1027 1026/1026
f 1026/1026 1027/1027 1028/1028
f 1027/1027 1029/1029 1028/1028
f 1028/1028 1029/1029 1030/1030
f 1029/1029 1031/1031 1030/1030
f 1034/1034 1033/1033 1032/1032
f 1035/1035 1034/1034 1032/1032
f 1036/1036 1034/1034 1035/1035
f 1037/1037 1036/1036 1035/1035
f 1038/1038 1036/1036 1037/1037
f 1039/1039 1038/1038 1037/1037
f 1042/1042 1041/1041 1040/1040
f 1041/1041 1043/1043 1040/1040
f 1040/1040 1043/1043 1044/1044
f 1043/1043 1045/1045 1044/1044
f 1044/1044 1045/1045 1046/1046
f 1045/1045 1047/1047 1046/1046
f 1050/1050 1049/1049 1048/1048
f 1049/1049 1051/1051 1048/1048
f 1048/1048 1051/1051 1052/1052
f 1051/1051 1053/1053 1052/1052
f 1052/1052 1053/1053 1054/1054
f 1053/1053 1055/1055 1054/1054
f 1054/1054 1055/1055 1056/1056
f 1057/1057 1054/1054 1056/1056
f 1057/1057 1056/1056 1058/1058
f 1056/1056 1059/1059 1058/1058
f 1058/1058 1059/1059 1060/1060
f 1059/1059 1061/1061 1060/1060
f 1060/1060 1061/1061 1062/1062
f 1061/1061 1063/1063 1062/1062
f 1062/1062 1063/1063 1064/1064
f 1063/1063 1065/1065 1064/1064
f 1068/1068 1067/1067 1066/1066
f 1067/1067 1069/1069 1066/1066
f 1066/1066 1069/1069 1070/1070
f 1069/1069 1071/1071 1070/1070
f 1070/1070 1071/1071 1072/1072
f 1071/1071 1073/1073 1072/1072
f 1072/1072 1073/1073 1074/1074
f 1075/1075 1072/1072 1074/1074
f 1075/1075 1074/1074 1076/1076
f 1074/1074 1077/1077 1076/1076
f 1076/1076 1077/1077 1078/1078
f 1077/1077 1079/1079 1078/1078
f 1078/1078 1079/1079 1080/1080
f 1079/1079 1081/1081 1080/1080
f 1080/1080 1081/1081 1082/1082
f 1081/1081 1083/1083 1082/1082
f 1086/1086 1085/1085 1084/1084
f 1087/1087 1086/1086 1084/1084
f 1088/1088 1086/1086 1087/1087
f 1089/1089 1088/1088 1087/1087
f 1090/1090 1088/1088 1089/1089
f 1091/1091 1090/1090 1089/1089
f 1094/1094 1093/1093 1092/1092
f 1093/1093 1095/1095 1092/1092
f 1092/1092 1095/1095 1096/1096
f 1095/1095 1097/1097 1096/1096
f 1096/1096 1097/1097 1098/1098
f 1097/1097 1099/1099 1098/1098
f 1102/1102 1101/1101 1100/1100
f 1101/1101 1103/1103 1100/1100
f 1100/1100 1103/1103 1104/1104
f 1105/1105 1100/1100 1104/1104
f 1105/1105 1104/1104 1106/1106
f 1107/1107 1105/1105 1106/1106
f 1107/1107 1106/1106 1108/1108
f 1109/1109 1107/1107 1108/1108
f 1109/1109 1108/1108 1110/1110
f 1111/1111 1109/1109 1110/1110
f 1111/1111 1110/1110 1112/1112
f 1113/1113 1111/1111 1112/1112
f 1113/1113 1112/1112 1114/1114
f 1112/1112 1115/1115 1114/1114
f 1114/1114 1115/1115 1116/1116
f 1115/1115 1117/1117 1116/1116
f 1120/1120 1119/1119 1118/1118
f 1119/1119 1121/1121 1118/1118
f 1118/1118 1121/1121 1122/1122
f 1121/1121 1123/1123 1122/1122
f 1122/1122 1123/1123 1124/1124
f 1123/1123 1125/1125 1124/1124
f 1124/1124 1125/1125 1126/1126
f 1127/1127 1124/1124 1126/1126
f 1127/1127 1126/1126 1128/1128
f 1126/1126 1129/1129 1128/1128
f 1128/1128 1129/1129 1130/1130
f 1129/1129 1131/1131 1130/1130
f 1130/1130 1131/1131 1132/1132
f 1131/1131 1133/1133 1132/1132
f 1132/1132 1133/1133 1134/1134
f 1133/1133 1135/1135 1134/1134
f 1138/1138 1137/1137 1136/1136
f 1139/1139 1138/1138 1136/1136
f 1140/1140 1138/1138 1139/1139
f 1141/1141 1140/1140 1139/1139
f 1142/1142 1140/1140 1141/1141
f 1143/1143 1142/1142 1141/1141
f 1146/1146 1145/1145 1144/1144
f 1145/1145 1147/1147 1144/1144
f 1144/1144 1147/1147 1148/1148
f 1147/1147 1149/1149 1148/1148
f 1148/1148 1149/1149 1150/1150
f 1149/1149 1151/1151 1150/1150
f 1154/1154 1153/1153 1152/1152
f 1153/1153 1155/1155 1152/1152
f 1152/1152 1155/1155 1156/1156
f 1155/1155 1157/1157 1156/1156
f 1156/1156 1157/1157 1158/1158
f 1157/1157 1159/1159 1158/1158
f 1158/1158 1159/1159 1160/1160
f 1161/1161 1158/1158 1160/1160
f 1161/1161 1160/1160 1162/1162
f 1160/1160 1163/1163 1162/1162
f 1162/1162 1163/1163 1164/1164
f 1163/1163 1165/1165 1164/1164
f 1164/1164 1165/1165 1166/1166
f 1165/1165 1167/1167 1166/1166
f 1166/1166 1167/1167 1168/1168
f 1167/1167 1169/1169 1168/1168
f 1172/1172 1171/1171 1170/1170
f 1171/1171 1173/1173 1170/1170
f 1170/1170 1173/1173 1174/1174
f 1173/1173 1175/1175 1174/1174
f 1174/1174 1175/1175 1176/1176
f 1175/1175 1177/1177 1176/1176
f 1176/1176 1177/1177 1178/1178
f 1179/1179 1176/1176 1178/1178
f 1179/1179 1178/1178 1180/1180
f 1178/1178 1181/1181 1180/1180
f 1180/1180 1181/1181 1182/1182
f 1181/1181 1183/1183 1182/1182
f 1182/1182 1183/1183 1184/1184
f 1183/1183 1185/1185 1184/1184
f 1184/1184 1185/1185 1186/1186
f 1185/1185 1187/1187 1186/1186
f 1190/1190 1189/1189 1188/1188
f 1191/1191 1190/1190 1188/1188
f 1192/1192 1190/1190 1191/1191
f 1193/1193 1192/1192 1191/1191
f 1194/1194 1192/1192 1193/1193
f 1195/1195 1194/1194 1193/1193
f 1198/1198 1197/1197 1196/1196
f 1197/1197 1199/1199 1196/1196
f 1196/1196 1199/1199 1200/1200
f 1199/1199 1201/1201 1200/1200
f 1200/1200 1201/1201 1202/1202
f 1201/1201 1203/1203 1202/1202
f 1206/1206 1205/1205 1204/1204
f 1205/1205 1207/1207 1204/1204
f 1204/1204 1207/1207 1208/1208
f 1209/1209 1204/1204 1208/1208
f 1209/1209 1208/1208 1210/1210
f 1211/1211 1209/1209 1210/1210
f 1211/1211 1210/1210 1212/1212
f 1213/1213 1211/1211 1212/1212
f 1213/1213 1212/1212 1214/1214
f 1215/1215 1213/1213 1214/1214
f 1215/1215 1214/1214 1216/1216
f 1217/1217 1215/1215 1216/1216
f 1217/1217 1216/1216 1218/1218
f 1216/1216 1219/1219 1218/1218
f 1218/1218 1219/1219 1220/1220
f 1219/1219 1221/1221 1220/1220
f 1224/1224 1223/1223 1222/1222
f 1223/1223 1225/1225 1222/1222
f 1222/1222 1225/1225 1226/1226
f 1225/1225 1227/1227 1226/1226
f 1226/1226 1227/1227 1228/1228
f 1227/1227 1229/1229 1228/1228
f 1228/1228 1229/1229 1230/1230
f 1231/1231 1228/1228 1230/1230
f 1231/1231 1230/1230 1232/1232
f 1230/1230 1233/1233 1232/1232
f 1232/1232 1233/1233 1234/1234
f 1233/1233 1235/1235 1234/1234
f 1234/1234 1235/1235 1236/1236
f 1235/1235 1237/1237 1236/1236
f 1236/1236 1237/1237 1238/1238
f 1237/1237 1239/1239 1238/1238
f 1242/1242 1241/1241 1240/1240
f 1243/1243 1242/1242 1240/1240
f 1244/1244 1242/1242 1243/1243
f 1245/1245 1244/1244 1243/1243
f 1246/1246 1244/1244 1245/1245
f 1247/1247 1246/1246 1245/1245
f 1250/1250 1249/1249 1248/1248
f 1249/1249 1251/1251 1248/1248
f 1248/1248 1251/1251 1252/1252
f 1251/1251 1253/1253 1252/1252
f 1252/1252 1253/1253 1254/1254
f 1253/1253 1255/1255 1254/1254
f 1258/1258 1257/1257 1256/1256
f 1257/1257 1259/1259 1256/1256
f 1256/1256 1259/1259 1260/1260
f 1259/1259 1261/1261 1260/1260
f 1260/1260 1261/1261 1262/1262
f 1261/1261 1263/1263 1262/1262
f 1262/1262 1263/1263 1264/1264
f 1265/1265 1262/1262 1264/1264
f 1265/1265 1264/1264 1266/1266
f 1264/1264 1267/1267 1266/1266
f 1266/1266 1267/1267 1268/1268
f 1267/1267 1269/1269 1268/1268
f 1268/1268 1269/1269 1270/1270
f 1269/1269 1271/1271 1270/1270
f 1270/1270 1271/1271 1272/1272
f 1271/1271 1273/1273 1272/1272
f 1276/1276 1275/1275 1274/1274
f 1275/1275 1277/1277 1274/1274
f 1274/1274 1277/1277 1278/1278
f 1277/1277 1279/1279 1278/1278
f 1278/1278 1279/1279 1280/1280
f 1279/1279 1281/1281 1280/1280
f 1280/1280 1281/1281 1282/1282
f 1283/1283 1280/1280 1282/1282
f 1283/1283 1282/1282 1284/1284
f 1282/1282 1285/1285 1284/1284
f 1284/1284 1285/1285 1286/1286
f 1285/1285 1287/1287 1286/1286
f 1286/1286 1287/1287 1288/1288
f 1287/1287 1289/1289 1288/1288
f 1288/1288 1289/1289 1290/1290
f 1289/1289 1291/1291 1290/1290
f 1294/1294 1293/1293 1292/1292
f 1295/1295 1294/1294 1292/1292
f 1296/1296 1294/1294 1295/1295
f 1297/1297 1296/1296 1295/1295
f 1298/1298 1296/1296 1297/1297
f 1299/1299 1298/1298 1297/1297
f 1302/1302 1301/1301 1300/1300
f 1301/1301 1303/1303 1300/1300
f 1300/1300 1303/1303 1304/1304
f 1303/1303 1305/1305 1304/1304
f 1304/1304 1305/1305 1306/1306
f 1305/1305 1307/1307 1306/1306
f 1310/1310 1309/1309 1308/1308
f 1309/1309 1311/1311 1308/1308
f 1308/1308 1311/1311 1312/1312
f 1313/1313 1308/1308 1312/1312
f 1313/1313 1312/1312 1314/1314
f 1315/1315 1313/1313 1314/1314
f 1315/1315 1314/1314 1316/1316
f 1317/1317 1315/1315 1316/1316
f 1317/1317 1316/1316 1318/1318
f 1319/1319 1317/1317 1318/1318
f 1319/1319 1318/1318 1320/1320
f 1321/1321 1319/1319 1320/1320
f 1321/1321 1320/1320 1322/1322
f 1320/1320 1323/1323 1322/1322
f 1322/1322 1323/1323 1324/1324
f 1323/1323 1325/1325 1324/1324
f 1328/1328 1327/1327 1326/1326
f 1329/1329 1327/1327 1328/1328
f 1330/1330 1328/1328 1326/1326
f 1331/1331 1329/1329 1328/1328
f 1330/1330 1326/1326 1332/1332
f 1333/1333 1329/1329 1331/1331
f 1334/1334 1330/1330 1332/1332
f 1335/1335 1333/1333 1331/1331
f 1334/1334 1332/1332 1336/1336
f 1337/1337 1333/1333 1335/1335
f 1338/1338 1334/1334 1336/1336
f 1339/1339 1337/1337 1335/1335
f 1338/1338 1336/1336 1340/1340
f 1341/1341 1337/1337 1339/1339
f 1342/1342 1338/1338 1340/1340
f 1343/1343 1341/1341 1339/1339
f 1344/1344 1341/1341 1343/1343
f 1345/1345 1344/1344 1343/1343
f 1346/1346 1344/1344 1345/1345
f 1347/1347 1346/1346 1345/1345
f 1348/1348 1346/1346 1347/1347
f 1349/1349 1348/1348 1347/1347
f 1342/1342 1340/1340 1350/1350
f 1351/1351 1342/1342 1350/1350
f 1351/1351 1350/1350 1352/1352
f 1350/1350 1353/1353 1352/1352
f 1352/1352 1353/1353 1354/1354
f 1353/1353 1355/1355 1354/1354
f 1354/1354 1355/1355 1356/1356
f 1355/1355 1357/1357 1356/1356
f 1356/1356 1357/1357 1358/1358
f 1357/1357 1359/1359 1358/1358
f 1358/1358 1359/1359 1360/1360
f 1359/1359 1361/1361 1360/1360
f 1360/1360 1361/1361 1362/1362
f 1361/1361 1363/1363 1362/1362
f 1362/1362 1363/1363 1364/1364
f 1363/1363 1365/1365 1364/1364
f 1364/1364 1365/1365 1366/1366
f 1365/1365 1367/1367 1366/1366
f 1366/1366 1367/1367 1368/1368
f 1369/1369 1366/1366 1368/1368
f 1369/1369 1368/1368 1349/1349
f 1368/1368 1348/1348 1349/1349
f 1372/1372 1371/1371 1370/1370
f 1372/1372 1373/1373 1371/1371
f 1371/1371 1374/1374 1370/1370
f 1373/1373 1375/1375 1371/1371
f 1370/1370 1374/1374 1376/1376
f 1377/1377 1375/1375 1373/1373
f 1374/1374 1378/1378 1376/1376
f 1379/1379 1377/1377 1373/1373
f 1376/1376 1378/1378 1380/1380
f 1381/1381 1377/1377 1379/1379
f 1378/1378 1382/1382 1380/1380
f 1383/1383 1381/1381 1379/1379
f 1384/1384 1380/1380 1382/1382
f 1381/1381 1383/1383 1385/1385
f 1386/1386 1384/1384 1382/1382
f 1383/1383 1387/1387 1385/1385
f 1388/1388 1384/1384 1386/1386
f 1385/1385 1387/1387 1389/1389
f 1390/1390 1388/1388 1386/1386
f 1387/1387 1391/1391 1389/1389
f 1388/1388 1390/1390 1392/1392
f 1393/1393 1389/1389 1391/1391
f 1390/1390 1394/1394 1392/1392
f 1395/1395 1393/1393 1391/1391
f 1396/1396 1392/1392 1394/1394
f 1393/1393 1395/1395 1397/1397
f 1398/1398 1396/1396 1394/1394
f 1395/1395 1399/1399 1397/1397
f 1400/1400 1396/1396 1398/1398
f 1397/1397 1399/1399 1401/1401
f 1402/1402 1400/1400 1398/1398
f 1399/1399 1403/1403 1401/1401
f 1404/1404 1401/1401 1403/1403
f 1405/1405 1404/1404 1403/1403
f 1400/1400 1402/1402 1406/1406
f 1402/1402 1407/1407 1406/1406
f 1406/1406 1407/1407 1408/1408
f 1409/1409 1406/1406 1408/1408
f 1409/1409 1408/1408 1410/1410
f 1411/1411 1409/1409 1410/1410
f 1412/1412 1404/1404 1405/1405
f 1411/1411 1410/1410 1412/1412
f 1413/1413 1412/1412 1405/1405
f 1413/1413 1411/1411 1412/1412
f 1416/1416 1415/1415 1414/1414
f 1417/1417 1415/1415 1416/1416
f 1418/1418 1416/1416 1414/1414
f 1419/1419 1417/1417 1416/1416
f 1418/1418 1414/1414 1420/1420
f 1421/1421 1417/1417 1419/1419
f 1422/1422 1418/1418 1420/1420
f 1423/1423 1421/1421 1419/1419
f 1422/1422 1420/1420 1424/1424
f 1425/1425 1421/1421 1423/1423
f 1426/1426 1422/1422 1424/1424
f 1427/1427 1425/1425 1423/1423
f 1426/1426 1424/1424 1428/1428
f 1429/1429 1425/1425 1427/1427
f 1430/1430 1426/1426 1428/1428
f 1431/1431 1429/1429 1427/1427
f 1432/1432 1429/1429 1431/1431
f 1433/1433 1432/1432 1431/1431
f 1434/1434 1432/1432 1433/1433
f 1435/1435 1434/1434 1433/1433
f 1436/1436 1434/1434 1435/1435
f 1437/1437 1436/1436 1435/1435
f 1430/1430 1428/1428 1438/1438
f 1439/1439 1430/1430 1438/1438
f 1439/1439 1438/1438 1440/1440
f 1438/1438 1441/1441 1440/1440
f 1440/1440 1441/1441 1442/1442
f 1441/1441 1443/1443 1442/1442
f 1442/1442 1443/1443 1444/1444
f 1443/1443 1445/1445 1444/1444
f 1444/1444 1445/1445 1446/1446
f 1445/1445 1447/1447 1446/1446
f 1446/1446 1447/1447 1448/1448
f 1447/1447 1449/1449 1448/1448
f 1448/1448 1449/1449 1450/1450
f 1449/1449 1451/1451 1450/1450
f 1450/1450 1451/1451 1452/1452
f 1451/1451 1453/1453 1452/1452
f 1452/1452 1453/1453 1454/1454
f 1453/1453 1455/1455 1454/1454
f 1454/1454 1455/1455 1456/1456
f 1457/1457 1454/1454 1456/1456
f 1457/1457 1456/1456 1437/1437
f 1456/1456 1436/1436 1437/1437
f 1460/1460 1459/1459 1458/1458
f 1460/1460 1461/1461 1459/1459
f 1459/1459 1462/1462 1458/1458
f 1461/1461 1463/1463 1459/1459
f 1458/1458 1462/1462 1464/1464
f 1465/1465 1463/1463 1461/1461
f 1462/1462 1466/1466 1464/1464
f 1467/1467 1465/1465 1461/1461
f 1464/1464 1466/1466 1468/1468
f 1469/1469 1465/1465 1467/1467
f 1466/1466 1470/1470 1468/1468
f 1471/1471 1469/1469 1467/1467
f 1472/1472 1468/1468 1470/1470
f 1469/1469 1471/1471 1473/1473
f 1474/1474 1472/1472 1470/1470
f 1471/1471 1475/1475 1473/1473
f 1476/1476 1472/1472 1474/1474
f 1473/1473 1475/1475 1477/1477
f 1478/1478 1476/1476 1474/1474
f 1475/1475 1479/1479 1477/1477
f 1476/1476 1478/1478 1480/1480
f 1481/1481 1477/1477 1479/1479
f 1478/1478 1482/1482 1480/1480
f 1483/1483 1481/1481 1479/1479
f 1484/1484 1480/1480 1482/1482
f 1481/1481 1483/1483 1485/1485
f 1486/1486 1484/1484 1482/1482
f 1483/1483 1487/1487 1485/1485
f 1488/1488 1484/1484 1486/1486
f 1485/1485 1487/1487 1489/1489
f 1490/1490 1488/1488 1486/1486
f 1487/1487 1491/1491 1489/1489
f 1492/1492 1489/1489 1491/1491
f 1493/1493 1492/1492 1491/1491
f 1488/1488 1490/1490 1494/1494
f 1490/1490 1495/1495 1494/1494
f 1494/1494 1495/1495 1496/1496
f 1497/1497 1494/1494 1496/1496
f 1497/1497 1496/1496 1498/1498
f 1499/1499 1497/1497 1498/1498
f 1500/1500 1492/1492 1493/1493
f 1499/1499 1498/1498 1500/1500
f 1501/1501 1500/1500 1493/1493
f 1501/1501 1499/1499 1500/1500
f 1504/1504 1503/1503 1502/1502
f 1505/1505 1503/1503 1504/1504
f 1506/1506 1504/1504 1502/1502
f 1507/1507 1505/1505 1504/1504
f 1506/1506 1502/1502 1508/1508
f 1509/1509 1505/1505 1507/1507
f 1510/1510 1506/1506 1508/1508
f 1511/1511 1509/1509 1507/1507
f 1510/1510 1508/1508 1512/1512
f 1513/1513 1509/1509 1511/1511
f 1514/1514 1510/1510 1512/1512
f 1515/1515 1513/1513 1511/1511
f 1514/1514 1512/1512 1516/1516
f 1517/1517 1513/1513 1515/1515
f 1518/1518 1514/1514 1516/1516
f 1519/1519 1517/1517 1515/1515
f 1520/1520 1517/1517 1519/1519
f 1521/1521 1520/1520 1519/1519
f 1522/1522 1520/1520 1521/1521
f 1523/1523 1522/1522 1521/1521
f 1524/1524 1522/1522 1523/1523
f 1525/1525 1524/1524 1523/1523
f 1518/1518 1516/1516 1526/1526
f 1527/1527 1518/1518 1526/1526
f 1527/1527 1526/1526 1528/1528
f 1526/1526 1529/1529 1528/1528
f 1528/1528 1529/1529 1530/1530
f 1529/1529 1531/1531 1530/1530
f 1530/1530 1531/1531 1532/1532
f 1531/1531 1533/1533 1532/1532
f 1532/1532 1533/1533 1534/1534
f 1533/1533 1535/1535 1534/1534
f 1534/1534 1535/1535 1536/1536
f 1535/1535 1537/1537 1536/1536
f 1536/1536 1537/1537 1538/1538
f 1537/1537 1539/1539 1538/1538
f 1538/1538 1539/1539 1540/1540
f 1539/1539 1541/1541 1540/1540
f 1540/1540 1541/1541 1542/1542
f 1541/1541 1543/1543 1542/1542
f 1542/1542 1543/1543 1544/1544
f 1545/1545 1542/1542 1544/1544
f 1545/1545 1544/1544 1525/1525
f 1544/1544 1524/1524 1525/1525
f 1548/1548 1547/1547 1546/1546
f 1548/1548 1549/1549 1547/1547
f 1547/1547 1550/1550 1546/1546
f 1549/1549 1551/1551 1547/1547
f 1546/1546 1550/1550 1552/1552
f 1553/1553 1551/1551 1549/1549
f 1550/1550 1554/1554 1552/1552
f 1555/1555 1553/1553 1549/1549
f 1552/1552 1554/1554 1556/1556
f 1557/1557 1553/1553 1555/1555
f 1554/1554 1558/1558 1556/1556
f 1559/1559 1557/1557 1555/1555
f 1560/1560 1556/1556 1558/1558
f 1557/1557 1559/1559 1561/1561
f 1562/1562 1560/1560 1558/1558
f 1559/1559 1563/1563 1561/1561
f 1564/1564 1560/1560 1562/1562
f 1561/1561 1563/1563 1565/1565
f 1566/1566 1564/1564 1562/1562
f 1563/1563 1567/1567 1565/1565
f 1564/1564 1566/1566 1568/1568
f 1569/1569 1565/1565 1567/1567
f 1566/1566 1570/1570 1568/1568
f 1571/1571 1569/1569 1567/1567
f 1572/1572 1568/1568 1570/1570
f 1569/1569 1571/1571 1573/1573
f 1574/1574 1572/1572 1570/1570
f 1571/1571 1575/1575 1573/1573
f 1576/1576 1572/1572 1574/1574
f 1573/1573 1575/1575 1577/1577
f 1578/1578 1576/1576 1574/1574
f 1575/1575 1579/1579 1577/1577
f 1580/1580 1577/1577 1579/1579
f 1581/1581 1580/1580 1579/1579
f 1576/1576 1578/1578 1582/1582
f 1578/1578 1583/1583 1582/1582
f 1582/1582 1583/1583 1584/1584
f 1585/1585 1582/1582 1584/1584
f 1585/1585 1584/1584 1586/1586
f 1587/1587 1585/1585 1586/1586
f 1588/1588 1580/1580 1581/1581
f 1587/1587 1586/1586 1588/1588
f 1589/1589 1588/1588 1581/1581
f 1589/1589 1587/1587 1588/1588
f 1592/1592 1591/1591 1590/1590
f 1593/1593 1592/1592 1590/1590
f 1596/1596 1595/1595 1594/1594
f 1599/1599 1598/1598 1597/1597
f 1600/1600 1599/1599 1597/1597
f 1597/1597 1601/1601 1600/1600
f 1600/1600 1602/1602 1599/1599
f 1602/1602 1603/1603 1599/1599
f 1601/1601 1604/1604 1600/1600
f 1604/1604 1601/1601 1605/1605
f 1602/1602 1606/1606 1603/1603
f 1606/1606 1607/1607 1603/1603
f 1608/1608 1602/1602 1600/1600
f 1606/1606 1602/1602 1608/1608
f 1604/1604 1608/1608 1600/1600
f 1609/1609 1606/1606 1608/1608
f 1610/1610 1604/1604 1605/1605
f 1608/1608 1604/1604 1610/1610
f 1609/1609 1608/1608 1611/1611
f 1611/1611 1608/1608 1610/1610
f 1612/1612 1609/1609 1611/1611
f 1613/1613 1612/1612 1611/1611
f 1614/1614 1610/1610 1605/1605
f 1615/1615 1614/1614 1605/1605
f 1615/1615 1616/1616 1614/1614
f 1617/1617 1611/1611 1610/1610
f 1617/1617 1613/1613 1611/1611
f 1614/1614 1617/1617 1610/1610
f 1616/1616 1618/1618 1614/1614
f 1614/1614 1618/1618 1617/1617
f 1617/1617 1619/1619 1613/1613
f 1618/1618 1619/1619 1617/1617
f 1619/1619 1620/1620 1613/1613
f 1619/1619 1621/1621 1620/1620
f 1621/1621 1619/1619 1618/1618
f 1621/1621 1622/1622 1620/1620
f 1623/1623 1621/1621 1618/1618
f 1618/1618 1616/1616 1623/1623
f 1616/1616 1624/1624 1623/1623
f 1627/1627 1626/1626 1625/1625
f 1628/1628 1627/1627 1625/1625
f 1625/1625 1629/1629 1628/1628
f 1628/1628 1630/1630 1627/1627
f 1630/1630 1631/1631 1627/1627
f 1632/1632 1631/1631 1630/1630
f 1629/1629 1633/1633 1628/1628
f 1630/1630 1628/1628 1634/1634
f 1628/1628 1633/1633 1634/1634
f 1633/1633 1629/1629 1635/1635
f 1629/1629 1636/1636 1635/1635
f 1635/1635 1637/1637 1633/1633
f 1637/1637 1634/1634 1633/1633
f 1638/1638 1632/1632 1630/1630
f 1638/1638 1630/1630 1634/1634
f 1639/1639 1634/1634 1637/1637
f 1639/1639 1638/1638 1634/1634
f 1640/1640 1639/1639 1637/1637
f 1640/1640 1641/1641 1639/1639
f 1638/1638 1642/1642 1632/1632
f 1642/1642 1643/1643 1632/1632
f 1643/1643 1642/1642 1644/1644
f 1638/1638 1639/1639 1645/1645
f 1641/1641 1645/1645 1639/1639
f 1642/1642 1638/1638 1645/1645
f 1642/1642 1646/1646 1644/1644
f 1642/1642 1645/1645 1646/1646
f 1644/1644 1646/1646 1647/1647
f 1645/1645 1641/1641 1648/1648
f 1645/1645 1648/1648 1646/1646
f 1641/1641 1649/1649 1648/1648
f 1646/1646 1650/1650 1647/1647
f 1646/1646 1648/1648 1650/1650
f 1648/1648 1649/1649 1651/1651
f 1648/1648 1651/1651 1650/1650
f 1649/1649 1652/1652 1651/1651
f 1652/1652 1653/1653 1651/1651
f 1653/1653 1654/1654 1651/1651
f 1650/1650 1651/1651 1654/1654
f 1653/1653 1655/1655 1654/1654
f 1655/1655 1656/1656 1654/1654
f 1650/1650 1657/1657 1647/1647
f 1657/1657 1650/1650 1654/1654
f 1657/1657 1654/1654 1656/1656
f 1657/1657 1658/1658 1647/1647
f 1659/1659 1657/1657 1656/1656
f 1657/1657 1659/1659 1658/1658
f 1659/1659 1660/1660 1658/1658
f 1663/1663 1662/1662 1661/1661
f 1664/1664 1663/1663 1661/1661
f 1661/1661 1665/1665 1664/1664
f 1664/1664 1666/1666 1663/1663
f 1666/1666 1667/1667 1663/1663
f 1665/1665 1668/1668 1664/1664
f 1664/1664 1668/1668 1666/1666
f 1666/1666 1669/1669 1667/1667
f 1669/1669 1670/1670 1667/1667
f 1666/1666 1671/1671 1669/1669
f 1668/1668 1671/1671 1666/1666
f 1671/1671 1672/1672 1669/1669
f 1673/1673 1672/1672 1671/1671
f 1674/1674 1668/1668 1665/1665
f 1675/1675 1674/1674 1665/1665
f 1675/1675 1676/1676 1674/1674
f 1677/1677 1671/1671 1668/1668
f 1677/1677 1673/1673 1671/1671
f 1674/1674 1677/1677 1668/1668
f 1676/1676 1678/1678 1674/1674
f 1674/1674 1678/1678 1677/1677
f 1677/1677 1679/1679 1673/1673
f 1678/1678 1679/1679 1677/1677
f 1679/1679 1680/1680 1673/1673
f 1680/1680 1679/1679 1681/1681
f 1679/1679 1682/1682 1681/1681
f 1679/1679 1678/1678 1682/1682
f 1681/1681 1682/1682 1683/1683
f 1678/1678 1676/1676 1684/1684
f 1678/1678 1684/1684 1682/1682
f 1676/1676 1685/1685 1684/1684
f 1682/1682 1686/1686 1683/1683
f 1682/1682 1684/1684 1686/1686
f 1684/1684 1685/1685 1687/1687
f 1684/1684 1687/1687 1686/1686
f 1685/1685 1688/1688 1687/1687
f 1688/1688 1689/1689 1687/1687
f 1689/1689 1690/1690 1687/1687
f 1687/1687 1690/1690 1686/1686
f 1689/1689 1691/1691 1690/1690
f 1686/1686 1692/1692 1683/1683
f 1690/1690 1692/1692 1686/1686
f 1692/1692 1693/1693 1683/1683
f 1691/1691 1694/1694 1690/1690
f 1690/1690 1694/1694 1692/1692
f 1694/1694 1691/1691 1695/1695
f 1692/1692 1696/1696 1693/1693
f 1694/1694 1696/1696 1692/1692
f 1696/1696 1697/1697 1693/1693
f 1698/1698 1694/1694 1695/1695
f 1696/1696 1694/1694 1698/1698
f 1697/1697 1696/1696 1699/1699
f 1699/1699 1696/1696 1698/1698
f 1700/1700 1697/1697 1699/1699
f 1700/1700 1699/1699 1701/1701
f 1698/1698 1695/1695 1702/1702
f 1695/1695 1703/1703 1702/1702
f 1703/1703 1704/1704 1702/1702
f 1699/1699 1698/1698 1705/1705
f 1699/1699 1705/1705 1701/1701
f 1698/1698 1702/1702 1705/1705
f 1704/1704 1706/1706 1702/1702
f 1702/1702 1706/1706 1705/1705
f 1704/1704 1707/1707 1706/1706
f 1705/1705 1708/1708 1701/1701
f 1706/1706 1708/1708 1705/1705
f 1708/1708 1709/1709 1701/1701
f 1707/1707 1710/1710 1706/1706
f 1706/1706 1710/1710 1708/1708
f 1710/1710 1707/1707 1711/1711
f 1708/1708 1712/1712 1709/1709
f 1710/1710 1712/1712 1708/1708
f 1712/1712 1713/1713 1709/1709
f 1714/1714 1710/1710 1711/1711
f 1712/1712 1710/1710 1714/1714
f 1713/1713 1712/1712 1715/1715
f 1715/1715 1712/1712 1714/1714
f 1716/1716 1713/1713 1715/1715
f 1716/1716 1715/1715 1717/1717
f 1715/1715 1718/1718 1717/1717
f 1715/1715 1714/1714 1718/1718
f 1717/1717 1718/1718 1719/1719
f 1714/1714 1711/1711 1720/1720
f 1714/1714 1720/1720 1718/1718
f 1711/1711 1721/1721 1720/1720
f 1718/1718 1722/1722 1719/1719
f 1718/1718 1720/1720 1722/1722
f 1720/1720 1721/1721 1723/1723
f 1720/1720 1723/1723 1722/1722
f 1721/1721 1594/1594 1723/1723
f 1595/1595 1723/1723 1594/1594
f 1722/1722 1723/1723 1595/1595
f 1724/1724 1722/1722 1595/1595
f 1719/1719 1722/1722 1724/1724
f 1725/1725 1719/1719 1724/1724
f 1728/1728 1727/1727 1726/1726
f 1729/1729 1728/1728 1726/1726
f 1726/1726 1730/1730 1729/1729
f 1728/1728 1729/1729 1731/1731
f 1732/1732 1728/1728 1731/1731
f 1732/1732 1731/1731 1733/1733
f 1730/1730 1734/1734 1729/1729
f 1731/1731 1729/1729 1734/1734
f 1735/1735 1734/1734 1730/1730
f 1736/1736 1735/1735 1730/1730
f 1736/1736 1737/1737 1735/1735
f 1731/1731 1738/1738 1733/1733
f 1739/1739 1731/1731 1734/1734
f 1731/1731 1739/1739 1738/1738
f 1735/1735 1740/1740 1734/1734
f 1740/1740 1739/1739 1734/1734
f 1737/1737 1741/1741 1735/1735
f 1735/1735 1741/1741 1740/1740
f 1738/1738 1742/1742 1733/1733
f 1742/1742 1743/1743 1733/1733
f 1739/1739 1744/1744 1738/1738
f 1738/1738 1744/1744 1742/1742
f 1741/1741 1737/1737 1745/1745
f 1737/1737 1746/1746 1745/1745
f 1740/1740 1747/1747 1739/1739
f 1747/1747 1744/1744 1739/1739
f 1741/1741 1748/1748 1740/1740
f 1748/1748 1741/1741 1745/1745
f 1740/1740 1748/1748 1747/1747
f 1742/1742 1749/1749 1743/1743
f 1749/1749 1750/1750 1743/1743
f 1749/1749 1751/1751 1750/1750
f 1751/1751 1752/1752 1750/1750
f 1749/1749 1753/1753 1751/1751
f 1753/1753 1749/1749 1742/1742
f 1753/1753 1754/1754 1751/1751
f 1755/1755 1754/1754 1753/1753
f 1744/1744 1756/1756 1742/1742
f 1756/1756 1753/1753 1742/1742
f 1747/1747 1757/1757 1744/1744
f 1757/1757 1756/1756 1744/1744
f 1758/1758 1753/1753 1756/1756
f 1758/1758 1755/1755 1753/1753
f 1757/1757 1758/1758 1756/1756
f 1747/1747 1759/1759 1757/1757
f 1748/1748 1759/1759 1747/1747
f 1758/1758 1760/1760 1755/1755
f 1760/1760 1761/1761 1755/1755
f 1761/1761 1760/1760 1762/1762
f 1757/1757 1763/1763 1758/1758
f 1759/1759 1763/1763 1757/1757
f 1763/1763 1760/1760 1758/1758
f 1760/1760 1764/1764 1762/1762
f 1760/1760 1763/1763 1764/1764
f 1762/1762 1764/1764 1765/1765
f 1759/1759 1748/1748 1766/1766
f 1763/1763 1759/1759 1766/1766
f 1763/1763 1767/1767 1764/1764
f 1767/1767 1763/1763 1766/1766
f 1764/1764 1768/1768 1765/1765
f 1764/1764 1767/1767 1768/1768
f 1768/1768 1769/1769 1765/1765
f 1769/1769 1770/1770 1765/1765
f 1767/1767 1771/1771 1768/1768
f 1767/1767 1766/1766 1771/1771
f 1769/1769 1768/1768 1771/1771
f 1748/1748 1772/1772 1766/1766
f 1772/1772 1748/1748 1745/1745
f 1766/1766 1772/1772 1773/1773
f 1766/1766 1773/1773 1771/1771
f 1772/1772 1745/1745 1774/1774
f 1772/1772 1774/1774 1773/1773
f 1769/1769 1775/1775 1770/1770
f 1775/1775 1776/1776 1770/1770
f 1745/1745 1777/1777 1774/1774
f 1745/1745 1746/1746 1777/1777
f 1746/1746 1778/1778 1777/1777
f 1778/1778 1779/1779 1777/1777
f 1779/1779 1780/1780 1777/1777
f 1774/1774 1777/1777 1780/1780
f 1779/1779 1781/1781 1780/1780
f 1774/1774 1782/1782 1773/1773
f 1782/1782 1774/1774 1780/1780
f 1781/1781 1783/1783 1780/1780
f 1783/1783 1781/1781 1784/1784
f 1782/1782 1785/1785 1773/1773
f 1773/1773 1785/1785 1771/1771
f 1782/1782 1780/1780 1786/1786
f 1780/1780 1783/1783 1786/1786
f 1782/1782 1786/1786 1785/1785
f 1787/1787 1783/1783 1784/1784
f 1783/1783 1787/1787 1786/1786
f 1787/1787 1784/1784 1788/1788
f 1784/1784 1789/1789 1788/1788
f 1789/1789 1790/1790 1788/1788
f 1787/1787 1791/1791 1786/1786
f 1787/1787 1788/1788 1791/1791
f 1785/1785 1792/1792 1771/1771
f 1792/1792 1769/1769 1771/1771
f 1792/1792 1793/1793 1769/1769
f 1792/1792 1785/1785 1793/1793
f 1793/1793 1775/1775 1769/1769
f 1786/1786 1794/1794 1785/1785
f 1794/1794 1786/1786 1791/1791
f 1785/1785 1794/1794 1793/1793
f 1794/1794 1795/1795 1793/1793
f 1795/1795 1794/1794 1791/1791
f 1775/1775 1793/1793 1796/1796
f 1795/1795 1796/1796 1793/1793
f 1797/1797 1775/1775 1796/1796
f 1776/1776 1775/1775 1797/1797
f 1798/1798 1776/1776 1797/1797
f 1798/1798 1797/1797 1799/1799
f 1796/1796 1795/1795 1800/1800
f 1797/1797 1796/1796 1800/1800
f 1795/1795 1791/1791 1801/1801
f 1795/1795 1801/1801 1800/1800
f 1797/1797 1802/1802 1799/1799
f 1802/1802 1797/1797 1800/1800
f 1802/1802 1803/1803 1799/1799
f 1803/1803 1804/1804 1799/1799
f 1800/1800 1805/1805 1802/1802
f 1805/1805 1803/1803 1802/1802
f 1803/1803 1806/1806 1804/1804
f 1806/1806 1807/1807 1804/1804
f 1808/1808 1805/1805 1800/1800
f 1801/1801 1808/1808 1800/1800
f 1805/1805 1809/1809 1803/1803
f 1809/1809 1806/1806 1803/1803
f 1809/1809 1805/1805 1808/1808
f 1791/1791 1810/1810 1801/1801
f 1788/1788 1810/1810 1791/1791
f 1810/1810 1811/1811 1801/1801
f 1811/1811 1810/1810 1788/1788
f 1811/1811 1808/1808 1801/1801
f 1807/1807 1806/1806 1812/1812
f 1813/1813 1807/1807 1812/1812
f 1813/1813 1812/1812 1814/1814
f 1812/1812 1806/1806 1815/1815
f 1806/1806 1809/1809 1815/1815
f 1812/1812 1816/1816 1814/1814
f 1812/1812 1815/1815 1816/1816
f 1814/1814 1816/1816 1817/1817
f 1818/1818 1811/1811 1788/1788
f 1790/1790 1818/1818 1788/1788
f 1790/1790 1819/1819 1818/1818
f 1819/1819 1820/1820 1818/1818
f 1818/1818 1820/1820 1811/1811
f 1820/1820 1819/1819 1821/1821
f 1820/1820 1822/1822 1811/1811
f 1811/1811 1822/1822 1808/1808
f 1823/1823 1809/1809 1808/1808
f 1822/1822 1823/1823 1808/1808
f 1815/1815 1809/1809 1824/1824
f 1809/1809 1823/1823 1824/1824
f 1825/1825 1820/1820 1821/1821
f 1822/1822 1820/1820 1825/1825
f 1823/1823 1822/1822 1826/1826
f 1824/1824 1823/1823 1826/1826
f 1826/1826 1822/1822 1825/1825
f 1815/1815 1824/1824 1827/1827
f 1815/1815 1827/1827 1816/1816
f 1825/1825 1821/1821 1828/1828
f 1821/1821 1829/1829 1828/1828
f 1824/1824 1826/1826 1830/1830
f 1824/1824 1830/1830 1827/1827
f 1826/1826 1825/1825 1831/1831
f 1825/1825 1828/1828 1831/1831
f 1826/1826 1831/1831 1830/1830
f 1828/1828 1829/1829 1832/1832
f 1831/1831 1828/1828 1832/1832
f 1829/1829 1833/1833 1832/1832
f 1816/1816 1827/1827 1834/1834
f 1827/1827 1830/1830 1834/1834
f 1830/1830 1831/1831 1835/1835
f 1830/1830 1835/1835 1834/1834
f 1836/1836 1832/1832 1833/1833
f 1837/1837 1836/1836 1833/1833
f 1836/1836 1838/1838 1832/1832
f 1839/1839 1831/1831 1832/1832
f 1838/1838 1839/1839 1832/1832
f 1831/1831 1839/1839 1835/1835
f 1839/1839 1838/1838 1840/1840
f 1835/1835 1839/1839 1840/1840
f 1834/1834 1835/1835 1840/1840
f 1841/1841 1834/1834 1840/1840
f 1842/1842 1816/1816 1834/1834
f 1842/1842 1834/1834 1841/1841
f 1816/1816 1842/1842 1817/1817
f 1843/1843 1842/1842 1841/1841
f 1817/1817 1842/1842 1843/1843
f 1844/1844 1817/1817 1843/1843
f 1847/1847 1846/1846 1845/1845
f 1846/1846 1848/1848 1845/1845
f 1845/1845 1848/1848 1849/1849
f 1848/1848 1850/1850 1849/1849
f 1849/1849 1850/1850 1851/1851
f 1852/1852 1849/1849 1851/1851
f 1853/1853 1852/1852 1851/1851
f 1854/1854 1853/1853 1851/1851
f 1854/1854 1855/1855 1853/1853
f 1855/1855 1856/1856 1853/1853
f 1856/1856 1855/1855 1857/1857
f 1855/1855 1858/1858 1857/1857
f 1861/1861 1860/1860 1859/1859
f 1862/1862 1861/1861 1859/1859
f 1863/1863 1861/1861 1862/1862
f 1864/1864 1863/1863 1862/1862
f 1865/1865 1863/1863 1864/1864
f 1866/1866 1865/1865 1864/1864
f 1866/1866 1867/1867 1865/1865
f 1867/1867 1868/1868 1865/1865
f 1868/1868 1867/1867 1869/1869
f 1867/1867 1870/1870 1869/1869
f 1869/1869 1870/1870 1871/1871
f 1870/1870 1872/1872 1871/1871
f 1873/1873 1871/1871 1872/1872
f 1874/1874 1873/1873 1872/1872
f 1874/1874 1875/1875 1873/1873
f 1875/1875 1876/1876 1873/1873
f 1876/1876 1875/1875 1877/1877
f 1878/1878 1876/1876 1877/1877
f 1878/1878 1877/1877 1879/1879
f 1880/1880 1878/1878 1879/1879
f 1879/1879 1881/1881 1880/1880
f 1881/1881 1882/1882 1880/1880
f 1881/1881 1883/1883 1882/1882
f 1883/1883 1884/1884 1882/1882
f 1884/1884 1883/1883 1885/1885
f 1886/1886 1884/1884 1885/1885
f 1886/1886 1885/1885 1887/1887
f 1885/1885 1888/1888 1887/1887
f 1887/1887 1888/1888 1889/1889
f 1890/1890 1887/1887 1889/1889
f 1890/1890 1889/1889 1891/1891
f 1892/1892 1890/1890 1891/1891
f 1895/1895 1894/1894 1893/1893
f 1894/1894 1896/1896 1893/1893
f 1893/1893 1896/1896 1897/1897
f 1898/1898 1893/1893 1897/1897
f 1899/1899 1898/1898 1897/1897
f 1900/1900 1899/1899 1897/1897
f 1899/1899 1900/1900 1901/1901
f 1902/1902 1899/1899 1901/1901
f 1902/1902 1901/1901 1903/1903
f 1901/1901 1904/1904 1903/1903
f 1903/1903 1904/1904 1905/1905
f 1904/1904 1906/1906 1905/1905
f 1905/1905 1906/1906 1907/1907
f 1908/1908 1905/1905 1907/1907
f 1908/1908 1907/1907 1909/1909
f 1910/1910 1908/1908 1909/1909
f 1911/1911 1910/1910 1909/1909
f 1912/1912 1911/1911 1909/1909
f 1912/1912 1913/1913 1911/1911
f 1913/1913 1914/1914 1911/1911
f 1913/1913 1915/1915 1914/1914
f 1915/1915 1916/1916 1914/1914
f 1915/1915 1917/1917 1916/1916
f 1917/1917 1918/1918 1916/1916
f 1919/1919 1918/1918 1917/1917
f 1920/1920 1919/1919 1917/1917
f 1921/1921 1919/1919 1920/1920
f 1922/1922 1921/1921 1920/1920
f 1922/1922 1923/1923 1921/1921
f 1923/1923 1924/1924 1921/1921
f 1923/1923 1925/1925 1924/1924
f 1925/1925 1926/1926 1924/1924
f 1929/1929 1928/1928 1927/1927
f 1928/1928 1930/1930 1927/1927
f 1931/1931 1927/1927 1930/1930
f 1932/1932 1930/1930 1928/1928
f 1933/1933 1932/1932 1928/1928
f 1934/1934 1931/1931 1930/1930
f 1931/1931 1934/1934 1935/1935
f 1936/1936 1932/1932 1933/1933
f 1937/1937 1936/1936 1933/1933
f 1932/1932 1938/1938 1930/1930
f 1932/1932 1936/1936 1938/1938
f 1938/1938 1934/1934 1930/1930
f 1936/1936 1939/1939 1938/1938
f 1934/1934 1940/1940 1935/1935
f 1934/1934 1938/1938 1940/1940
f 1938/1938 1939/1939 1941/1941
f 1938/1938 1941/1941 1940/1940
f 1939/1939 1942/1942 1941/1941
f 1942/1942 1943/1943 1941/1941
f 1940/1940 1944/1944 1935/1935
f 1944/1944 1945/1945 1935/1935
f 1946/1946 1945/1945 1944/1944
f 1941/1941 1947/1947 1940/1940
f 1943/1943 1947/1947 1941/1941
f 1947/1947 1944/1944 1940/1940
f 1948/1948 1946/1946 1944/1944
f 1948/1948 1944/1944 1947/1947
f 1949/1949 1947/1947 1943/1943
f 1949/1949 1948/1948 1947/1947
f 1950/1950 1949/1949 1943/1943
f 1951/1951 1949/1949 1950/1950
f 1949/1949 1951/1951 1948/1948
f 1952/1952 1951/1951 1950/1950
f 1951/1951 1953/1953 1948/1948
f 1946/1946 1948/1948 1953/1953
f 1954/1954 1946/1946 1953/1953
f 1957/1957 1956/1956 1955/1955
f 1956/1956 1958/1958 1955/1955
f 1959/1959 1955/1955 1958/1958
f 1960/1960 1958/1958 1956/1956
f 1961/1961 1960/1960 1956/1956
f 1962/1962 1960/1960 1961/1961
f 1963/1963 1962/1962 1961/1961
f 1963/1963 1964/1964 1962/1962
f 1964/1964 1965/1965 1962/1962
f 1965/1965 1964/1964 1966/1966
f 1967/1967 1965/1965 1966/1966
f 1967/1967 1966/1966 1968/1968
f 1962/1962 1965/1965 1969/1969
f 1969/1969 1965/1965 1967/1967
f 1962/1962 1970/1970 1960/1960
f 1970/1970 1962/1962 1969/1969
f 1958/1958 1960/1960 1971/1971
f 1970/1970 1971/1971 1960/1960
f 1972/1972 1959/1959 1958/1958
f 1972/1972 1958/1958 1971/1971
f 1959/1959 1972/1972 1973/1973
f 1974/1974 1959/1959 1973/1973
f 1975/1975 1973/1973 1972/1972
f 1971/1971 1975/1975 1972/1972
f 1976/1976 1975/1975 1971/1971
f 1970/1970 1976/1976 1971/1971
f 1970/1970 1969/1969 1976/1976
f 1969/1969 1977/1977 1976/1976
f 1977/1977 1969/1969 1978/1978
f 1978/1978 1969/1969 1967/1967
f 1979/1979 1977/1977 1978/1978
f 1978/1978 1967/1967 1980/1980
f 1980/1980 1967/1967 1968/1968
f 1979/1979 1978/1978 1981/1981
f 1981/1981 1978/1978 1980/1980
f 1982/1982 1979/1979 1981/1981
f 1983/1983 1982/1982 1981/1981
f 1984/1984 1980/1980 1968/1968
f 1985/1985 1984/1984 1968/1968
f 1985/1985 1986/1986 1984/1984
f 1986/1986 1987/1987 1984/1984
f 1984/1984 1987/1987 1988/1988
f 1988/1988 1989/1989 1983/1983
f 1981/1981 1980/1980 1990/1990
f 1980/1980 1984/1984 1990/1990
f 1990/1990 1983/1983 1981/1981
f 1990/1990 1984/1984 1988/1988
f 1990/1990 1988/1988 1983/1983
f 1993/1993 1992/1992 1991/1991
f 1994/1994 1993/1993 1991/1991
f 1994/1994 1991/1991 1995/1995
f 1996/1996 1994/1994 1995/1995
f 1996/1996 1995/1995 1997/1997
f 1995/1995 1998/1998 1997/1997
f 1998/1998 1999/1999 1997/1997
f 1999/1999 2000/2000 1997/1997
f 2001/2001 2000/2000 1999/1999
f 2002/2002 2001/2001 1999/1999
f 2001/2001 2002/2002 2003/2003
f 2004/2004 2001/2001 2003/2003
f 2007/2007 2006/2006 2005/2005
f 2007/2007 2008/2008 2006/2006
f 2006/2006 2009/2009 2005/2005
f 2008/2008 2010/2010 2006/2006
f 2005/2005 2009/2009 2011/2011
f 2012/2012 2005/2005 2011/2011
f 2010/2010 2008/2008 2013/2013
f 2014/2014 2010/2010 2013/2013
f 2011/2011 2015/2015 2012/2012
f 2015/2015 2016/2016 2012/2012
f 2017/2017 2014/2014 2013/2013
f 2018/2018 2017/2017 2013/2013
f 2018/2018 2019/2019 2017/2017
f 2019/2019 2020/2020 2017/2017
f 2021/2021 2016/2016 2015/2015
f 2022/2022 2021/2021 2015/2015
f 2019/2019 2023/2023 2020/2020
f 2023/2023 2024/2024 2020/2020
f 2022/2022 2025/2025 2021/2021
f 2025/2025 2026/2026 2021/2021
f 2026/2026 2025/2025 2027/2027
f 2025/2025 2028/2028 2027/2027
f 2029/2029 2024/2024 2023/2023
f 2030/2030 2029/2029 2023/2023
f 2027/2027 2028/2028 2031/2031
f 2028/2028 2032/2032 2031/2031
f 2032/2032 2033/2033 2031/2031
f 2033/2033 2034/2034 2031/2031
f 2033/2033 2035/2035 2034/2034
f 2035/2035 2036/2036 2034/2034
f 2030/2030 2037/2037 2029/2029
f 2037/2037 2038/2038 2029/2029
f 2036/2036 2035/2035 2039/2039
f 2040/2040 2036/2036 2039/2039
f 2041/2041 2038/2038 2037/2037
f 2042/2042 2041/2041 2037/2037
f 2040/2040 2039/2039 2043/2043
f 2039/2039 2044/2044 2043/2043
f 2044/2044 2045/2045 2043/2043
f 2045/2045 2046/2046 2043/2043
f 2045/2045 2047/2047 2046/2046
f 2047/2047 2048/2048 2046/2046
f 2042/2042 2049/2049 2041/2041
f 2049/2049 2050/2050 2041/2041
f 2050/2050 2049/2049 2051/2051
f 2049/2049 2052/2052 2051/2051
f 2048/2048 2047/2047 2053/2053
f 2054/2054 2048/2048 2053/2053
f 2054/2054 2053/2053 2055/2055
f 2053/2053 2056/2056 2055/2055
f 2055/2055 2056/2056 2057/2057
f 2056/2056 2058/2058 2057/2057
f 2051/2051 2052/2052 2059/2059
f 2052/2052 2060/2060 2059/2059
f 2060/2060 2061/2061 2059/2059
f 2061/2061 2062/2062 2059/2059
f 2061/2061 2063/2063 2062/2062
f 2063/2063 2064/2064 2062/2062
f 2065/2065 2057/2057 2058/2058
f 2066/2066 2065/2065 2058/2058
f 2064/2064 2063/2063 2067/2067
f 2068/2068 2064/2064 2067/2067
f 2066/2066 2069/2069 2065/2065
f 2069/2069 2070/2070 2065/2065
f 2071/2071 2070/2070 2069/2069
f 2072/2072 2071/2071 2069/2069
f 2068/2068 2067/2067 2073/2073
f 2067/2067 2074/2074 2073/2073
f 2074/2074 2075/2075 2073/2073
f 2075/2075 2076/2076 2073/2073
f 2075/2075 2077/2077 2076/2076
f 2077/2077 2078/2078 2076/2076
f 2071/2071 2072/2072 2079/2079
f 2072/2072 2080/2080 2079/2079
f 2078/2078 2077/2077 2081/2081
f 2082/2082 2078/2078 2081/2081
f 2082/2082 2081/2081 2083/2083
f 2081/2081 2084/2084 2083/2083
f 2080/2080 2085/2085 2079/2079
f 2085/2085 2086/2086 2079/2079
f 2087/2087 2086/2086 2085/2085
f 2088/2088 2087/2087 2085/2085
f 2083/2083 2084/2084 2089/2089
f 2084/2084 2090/2090 2089/2089
f 2091/2091 2087/2087 2088/2088
f 2089/2089 2090/2090 2091/2091
f 2092/2092 2091/2091 2088/2088
f 2092/2092 2089/2089 2091/2091
f 2095/2095 2094/2094 2093/2093
f 2096/2096 2095/2095 2093/2093
f 2099/2099 2098/2098 2097/2097
f 2100/2100 2099/2099 2097/2097
f 2101/2101 2100/2100 2097/2097
f 2102/2102 2101/2101 2097/2097
f 2105/2105 2104/2104 2103/2103
f 2106/2106 2105/2105 2103/2103
f 2109/2109 2108/2108 2107/2107
f 2110/2110 2109/2109 2107/2107
f 2113/2113 2112/2112 2111/2111
f 2114/2114 2113/2113 2111/2111
f 2117/2117 2116/2116 2115/2115
f 2118/2118 2117/2117 2115/2115
f 2121/2121 2120/2120 2119/2119
f 2122/2122 2121/2121 2119/2119
f 2125/2125 2124/2124 2123/2123
f 2126/2126 2125/2125 2123/2123
f 2129/2129 2128/2128 2127/2127
f 2130/2130 2129/2129 2127/2127
f 2133/2133 2132/2132 2131/2131
f 2134/2134 2133/2133 2131/2131
f 2137/2137 2136/2136 2135/2135
f 2138/2138 2137/2137 2135/2135
f 2141/2141 2140/2140 2139/2139
f 2142/2142 2141/2141 2139/2139
f 2145/2145 2144/2144 2143/2143
f 2146/2146 2145/2145 2143/2143
f 2149/2149 2148/2148 2147/2147
f 2150/2150 2149/2149 2147/2147
f 2153/2153 2152/2152 2151/2151
f 2154/2154 2153/2153 2151/2151
f 2157/2157 2156/2156 2155/2155
f 2158/2158 2157/2157 2155/2155
f 2161/2161 2160/2160 2159/2159
f 2162/2162 2161/2161 2159/2159
f 2165/2165 2164/2164 2163/2163
f 2166/2166 2165/2165 2163/2163
f 2169/2169 2168/2168 2167/2167
f 2170/2170 2169/2169 2167/2167
f 2173/2173 2172/2172 2171/2171
f 2174/2174 2173/2173 2171/2171
f 2177/2177 2176/2176 2175/2175
f 2178/2178 2177/2177 2175/2175
f 2181/2181 2180/2180 2179/2179
f 2182/2182 2181/2181 2179/2179
f 2185/2185 2184/2184 2183/2183
f 2186/2186 2185/2185 2183/2183
f 2189/2189 2188/2188 2187/2187
f 2192/2192 2191/2191 2190/2190
f 2195/2195 2194/2194 2193/2193
f 2198/2198 2197/2197 2196/2196
f 2201/2201 2200/2200 2199/2199
f 2202/2202 2201/2201 2199/2199
f 2205/2205 2204/2204 2203/2203
f 2208/2208 2207/2207 2206/2206
f 2211/2211 2210/2210 2209/2209
f 2214/2214 2213/2213 2212/2212
f 2217/2217 2216/2216 2215/2215
f 2218/2218 2217/2217 2215/2215
f 2221/2221 2220/2220 2219/2219
f 2224/2224 2223/2223 2222/2222
f 2227/2227 2226/2226 2225/2225
f 2230/2230 2229/2229 2228/2228
f 2233/2233 2232/2232 2231/2231
f 2234/2234 2233/2233 2231/2231
f 2237/2237 2236/2236 2235/2235
f 2240/2240 2239/2239 2238/2238
f 2243/2243 2242/2242 2241/2241
f 2246/2246 2245/2245 2244/2244
f 2249/2249 2248/2248 2247/2247
f 2250/2250 2249/2249 2247/2247
f 2188/2188 2251/2251 2187/2187
f 2251/2251 2188/2188 2252/2252
f 2253/2253 2251/2251 2252/2252
f 2256/2256 2255/2255 2254/2254
f 2255/2255 2257/2257 2254/2254
f 2258/2258 2254/2254 2257/2257
f 2259/2259 2254/2254 2258/2258
f 2260/2260 2259/2259 2258/2258
f 2263/2263 2262/2262 2261/2261
f 2264/2264 2263/2263 2261/2261
f 2267/2267 2266/2266 2265/2265
f 2268/2268 2267/2267 2265/2265
f 2269/2269 2267/2267 2268/2268
f 2269/2269 2271/2271 2270/2270
f 2267/2267 2269/2269 2270/2270
f 2274/2274 2273/2273 2272/2272
f 2273/2273 2275/2275 2272/2272
f 2275/2275 2273/2273 2276/2276
f 2277/2277 2275/2275 2276/2276
f 2276/2276 2278/2278 2277/2277
f 2278/2278 2190/2190 2277/2277
f 2279/2279 2277/2277 2190/2190
f 2191/2191 2279/2279 2190/2190
f 2190/2190 2278/2278 2280/2280
f 2280/2280 2192/2192 2190/2190
f 2278/2278 2281/2281 2280/2280
f 2280/2280 2282/2282 2192/2192
f 2282/2282 2283/2283 2192/2192
f 2280/2280 2281/2281 2284/2284
f 2282/2282 2280/2280 2284/2284
f 2284/2284 2281/2281 2285/2285
f 2286/2286 2284/2284 2285/2285
f 2282/2282 2284/2284 2287/2287
f 2284/2284 2288/2288 2287/2287
f 2291/2291 2290/2290 2289/2289
f 2292/2292 2291/2291 2289/2289
f 2194/2194 2289/2289 2193/2193
f 2290/2290 2193/2193 2289/2289
f 2295/2295 2294/2294 2293/2293
f 2294/2294 2296/2296 2293/2293
f 2196/2196 2296/2296 2294/2294
f 2297/2297 2196/2196 2294/2294
f 2297/2297 2198/2198 2196/2196
f 2300/2300 2299/2299 2298/2298
f 2301/2301 2300/2300 2298/2298
f 2285/2285 2281/2281 2302/2302
f 2281/2281 2278/2278 2302/2302
f 2278/2278 2276/2276 2302/2302
f 2276/2276 2303/2303 2302/2302
f 2306/2306 2305/2305 2304/2304
f 2300/2300 2306/2306 2304/2304
f 2306/2306 2300/2300 2301/2301
f 2309/2309 2308/2308 2307/2307
f 2310/2310 2309/2309 2307/2307
f 2311/2311 2309/2309 2310/2310
f 2314/2314 2313/2313 2312/2312
f 2315/2315 2314/2314 2312/2312
f 2318/2318 2317/2317 2316/2316
f 2319/2319 2318/2318 2316/2316
f 2322/2322 2321/2321 2320/2320
f 2321/2321 2318/2318 2320/2320
f 2318/2318 2319/2319 2320/2320
f 2287/2287 2288/2288 2323/2323
f 2324/2324 2287/2287 2323/2323
f 2325/2325 2311/2311 2310/2310
f 2326/2326 2325/2325 2310/2310
f 2315/2315 2328/2328 2327/2327
f 2329/2329 2315/2315 2327/2327
f 2315/2315 2329/2329 2314/2314
f 2332/2332 2331/2331 2330/2330
f 2201/2201 2332/2332 2330/2330
f 2332/2332 2201/2201 2202/2202
f 2335/2335 2334/2334 2333/2333
f 2336/2336 2335/2335 2333/2333
f 2339/2339 2338/2338 2337/2337
f 2338/2338 2340/2340 2337/2337
f 2340/2340 2338/2338 2341/2341
f 2341/2341 2338/2338 2342/2342
f 2338/2338 2343/2343 2342/2342
f 2344/2344 2340/2340 2341/2341
f 2345/2345 2340/2340 2344/2344
f 2346/2346 2345/2345 2344/2344
f 2344/2344 2341/2341 2347/2347
f 2348/2348 2344/2344 2347/2347
f 2348/2348 2347/2347 2349/2349
f 2350/2350 2349/2349 2347/2347
f 2351/2351 2350/2350 2347/2347
f 2352/2352 2348/2348 2349/2349
f 2348/2348 2352/2352 2353/2353
f 2352/2352 2354/2354 2353/2353
f 2355/2355 2352/2352 2349/2349
f 2356/2356 2355/2355 2349/2349
f 2359/2359 2358/2358 2357/2357
f 2360/2360 2359/2359 2357/2357
f 2363/2363 2362/2362 2361/2361
f 2364/2364 2363/2363 2361/2361
f 2367/2367 2366/2366 2365/2365
f 2368/2368 2367/2367 2365/2365
f 2371/2371 2370/2370 2369/2369
f 2372/2372 2371/2371 2369/2369
f 2375/2375 2374/2374 2373/2373
f 2376/2376 2375/2375 2373/2373
f 2204/2204 2377/2377 2203/2203
f 2377/2377 2204/2204 2378/2378
f 2379/2379 2377/2377 2378/2378
f 2382/2382 2381/2381 2380/2380
f 2381/2381 2383/2383 2380/2380
f 2384/2384 2380/2380 2383/2383
f 2385/2385 2380/2380 2384/2384
f 2386/2386 2385/2385 2384/2384
f 2389/2389 2388/2388 2387/2387
f 2390/2390 2389/2389 2387/2387
f 2393/2393 2392/2392 2391/2391
f 2394/2394 2393/2393 2391/2391
f 2395/2395 2393/2393 2394/2394
f 2395/2395 2397/2397 2396/2396
f 2393/2393 2395/2395 2396/2396
f 2400/2400 2399/2399 2398/2398
f 2399/2399 2401/2401 2398/2398
f 2401/2401 2399/2399 2402/2402
f 2403/2403 2401/2401 2402/2402
f 2402/2402 2404/2404 2403/2403
f 2404/2404 2206/2206 2403/2403
f 2405/2405 2403/2403 2206/2206
f 2207/2207 2405/2405 2206/2206
f 2206/2206 2404/2404 2406/2406
f 2406/2406 2208/2208 2206/2206
f 2404/2404 2407/2407 2406/2406
f 2406/2406 2408/2408 2208/2208
f 2408/2408 2409/2409 2208/2208
f 2406/2406 2407/2407 2410/2410
f 2408/2408 2406/2406 2410/2410
f 2410/2410 2407/2407 2411/2411
f 2412/2412 2410/2410 2411/2411
f 2408/2408 2410/2410 2413/2413
f 2410/2410 2414/2414 2413/2413
f 2417/2417 2416/2416 2415/2415
f 2418/2418 2417/2417 2415/2415
f 2210/2210 2415/2415 2209/2209
f 2416/2416 2209/2209 2415/2415
f 2421/2421 2420/2420 2419/2419
f 2420/2420 2422/2422 2419/2419
f 2212/2212 2422/2422 2420/2420
f 2423/2423 2212/2212 2420/2420
f 2423/2423 2214/2214 2212/2212
f 2426/2426 2425/2425 2424/2424
f 2427/2427 2426/2426 2424/2424
f 2411/2411 2407/2407 2428/2428
f 2407/2407 2404/2404 2428/2428
f 2404/2404 2402/2402 2428/2428
f 2402/2402 2429/2429 2428/2428
f 2432/2432 2431/2431 2430/2430
f 2426/2426 2432/2432 2430/2430
f 2432/2432 2426/2426 2427/2427
f 2435/2435 2434/2434 2433/2433
f 2436/2436 2435/2435 2433/2433
f 2437/2437 2435/2435 2436/2436
f 2440/2440 2439/2439 2438/2438
f 2441/2441 2440/2440 2438/2438
f 2444/2444 2443/2443 2442/2442
f 2445/2445 2444/2444 2442/2442
f 2448/2448 2447/2447 2446/2446
f 2447/2447 2444/2444 2446/2446
f 2444/2444 2445/2445 2446/2446
f 2413/2413 2414/2414 2449/2449
f 2450/2450 2413/2413 2449/2449
f 2451/2451 2437/2437 2436/2436
f 2452/2452 2451/2451 2436/2436
f 2441/2441 2454/2454 2453/2453
f 2455/2455 2441/2441 2453/2453
f 2441/2441 2455/2455 2440/2440
f 2458/2458 2457/2457 2456/2456
f 2217/2217 2458/2458 2456/2456
f 2458/2458 2217/2217 2218/2218
f 2461/2461 2460/2460 2459/2459
f 2462/2462 2461/2461 2459/2459
f 2465/2465 2464/2464 2463/2463
f 2464/2464 2466/2466 2463/2463
f 2466/2466 2464/2464 2467/2467
f 2467/2467 2464/2464 2468/2468
f 2464/2464 2469/2469 2468/2468
f 2470/2470 2466/2466 2467/2467
f 2471/2471 2466/2466 2470/2470
f 2472/2472 2471/2471 2470/2470
f 2470/2470 2467/2467 2473/2473
f 2474/2474 2470/2470 2473/2473
f 2474/2474 2473/2473 2475/2475
f 2476/2476 2475/2475 2473/2473
f 2477/2477 2476/2476 2473/2473
f 2478/2478 2474/2474 2475/2475
f 2474/2474 2478/2478 2479/2479
f 2478/2478 2480/2480 2479/2479
f 2481/2481 2478/2478 2475/2475
f 2482/2482 2481/2481 2475/2475
f 2485/2485 2484/2484 2483/2483
f 2486/2486 2485/2485 2483/2483
f 2489/2489 2488/2488 2487/2487
f 2490/2490 2489/2489 2487/2487
f 2493/2493 2492/2492 2491/2491
f 2494/2494 2493/2493 2491/2491
f 2497/2497 2496/2496 2495/2495
f 2498/2498 2497/2497 2495/2495
f 2501/2501 2500/2500 2499/2499
f 2502/2502 2501/2501 2499/2499
f 2220/2220 2503/2503 2219/2219
f 2503/2503 2220/2220 2504/2504
f 2505/2505 2503/2503 2504/2504
f 2508/2508 2507/2507 2506/2506
f 2507/2507 2509/2509 2506/2506
f 2510/2510 2506/2506 2509/2509
f 2511/2511 2506/2506 2510/2510
f 2512/2512 2511/2511 2510/2510
f 2515/2515 2514/2514 2513/2513
f 2516/2516 2515/2515 2513/2513
f 2519/2519 2518/2518 2517/2517
f 2520/2520 2519/2519 2517/2517
f 2521/2521 2519/2519 2520/2520
f 2521/2521 2523/2523 2522/2522
f 2519/2519 2521/2521 2522/2522
f 2526/2526 2525/2525 2524/2524
f 2525/2525 2527/2527 2524/2524
f 2527/2527 2525/2525 2528/2528
f 2529/2529 2527/2527 2528/2528
f 2528/2528 2530/2530 2529/2529
f 2530/2530 2222/2222 2529/2529
f 2531/2531 2529/2529 2222/2222
f 2223/2223 2531/2531 2222/2222
f 2222/2222 2530/2530 2532/2532
f 2532/2532 2224/2224 2222/2222
f 2530/2530 2533/2533 2532/2532
f 2532/2532 2534/2534 2224/2224
f 2534/2534 2535/2535 2224/2224
f 2532/2532 2533/2533 2536/2536
f 2534/2534 2532/2532 2536/2536
f 2536/2536 2533/2533 2537/2537
f 2538/2538 2536/2536 2537/2537
f 2534/2534 2536/2536 2539/2539
f 2536/2536 2540/2540 2539/2539
f 2543/2543 2542/2542 2541/2541
f 2544/2544 2543/2543 2541/2541
f 2226/2226 2541/2541 2225/2225
f 2542/2542 2225/2225 2541/2541
f 2547/2547 2546/2546 2545/2545
f 2546/2546 2548/2548 2545/2545
f 2228/2228 2548/2548 2546/2546
f 2549/2549 2228/2228 2546/2546
f 2549/2549 2230/2230 2228/2228
f 2552/2552 2551/2551 2550/2550
f 2553/2553 2552/2552 2550/2550
f 2537/2537 2533/2533 2554/2554
f 2533/2533 2530/2530 2554/2554
f 2530/2530 2528/2528 2554/2554
f 2528/2528 2555/2555 2554/2554
f 2558/2558 2557/2557 2556/2556
f 2552/2552 2558/2558 2556/2556
f 2558/2558 2552/2552 2553/2553
f 2561/2561 2560/2560 2559/2559
f 2562/2562 2561/2561 2559/2559
f 2563/2563 2561/2561 2562/2562
f 2566/2566 2565/2565 2564/2564
f 2567/2567 2566/2566 2564/2564
f 2570/2570 2569/2569 2568/2568
f 2571/2571 2570/2570 2568/2568
f 2574/2574 2573/2573 2572/2572
f 2573/2573 2570/2570 2572/2572
f 2570/2570 2571/2571 2572/2572
f 2539/2539 2540/2540 2575/2575
f 2576/2576 2539/2539 2575/2575
f 2577/2577 2563/2563 2562/2562
f 2578/2578 2577/2577 2562/2562
f 2567/2567 2580/2580 2579/2579
f 2581/2581 2567/2567 2579/2579
f 2567/2567 2581/2581 2566/2566
f 2584/2584 2583/2583 2582/2582
f 2233/2233 2584/2584 2582/2582
f 2584/2584 2233/2233 2234/2234
f 2587/2587 2586/2586 2585/2585
f 2588/2588 2587/2587 2585/2585
f 2591/2591 2590/2590 2589/2589
f 2590/2590 2592/2592 2589/2589
f 2592/2592 2590/2590 2593/2593
f 2593/2593 2590/2590 2594/2594
f 2590/2590 2595/2595 2594/2594
f 2596/2596 2592/2592 2593/2593
f 2597/2597 2592/2592 2596/2596
f 2598/2598 2597/2597 2596/2596
f 2596/2596 2593/2593 2599/2599
f 2600/2600 2596/2596 2599/2599
f 2600/2600 2599/2599 2601/2601
f 2602/2602 2601/2601 2599/2599
f 2603/2603 2602/2602 2599/2599
f 2604/2604 2600/2600 2601/2601
f 2600/2600 2604/2604 2605/2605
f 2604/2604 2606/2606 2605/2605
f 2607/2607 2604/2604 2601/2601
f 2608/2608 2607/2607 2601/2601
f 2611/2611 2610/2610 2609/2609
f 2612/2612 2611/2611 2609/2609
f 2615/2615 2614/2614 2613/2613
f 2616/2616 2615/2615 2613/2613
f 2619/2619 2618/2618 2617/2617
f 2620/2620 2619/2619 2617/2617
f 2623/2623 2622/2622 2621/2621
f 2624/2624 2623/2623 2621/2621
f 2627/2627 2626/2626 2625/2625
f 2628/2628 2627/2627 2625/2625
f 2236/2236 2629/2629 2235/2235
f 2629/2629 2236/2236 2630/2630
f 2631/2631 2629/2629 2630/2630
f 2634/2634 2633/2633 2632/2632
f 2633/2633 2635/2635 2632/2632
f 2636/2636 2632/2632 2635/2635
f 2637/2637 2632/2632 2636/2636
f 2638/2638 2637/2637 2636/2636
f 2641/2641 2640/2640 2639/2639
f 2642/2642 2641/2641 2639/2639
f 2645/2645 2644/2644 2643/2643
f 2646/2646 2645/2645 2643/2643
f 2647/2647 2645/2645 2646/2646
f 2647/2647 2649/2649 2648/2648
f 2645/2645 2647/2647 2648/2648
f 2652/2652 2651/2651 2650/2650
f 2651/2651 2653/2653 2650/2650
f 2653/2653 2651/2651 2654/2654
f 2655/2655 2653/2653 2654/2654
f 2654/2654 2656/2656 2655/2655
f 2656/2656 2238/2238 2655/2655
f 2657/2657 2655/2655 2238/2238
f 2239/2239 2657/2657 2238/2238
f 2238/2238 2656/2656 2658/2658
f 2658/2658 2240/2240 2238/2238
f 2656/2656 2659/2659 2658/2658
f 2658/2658 2660/2660 2240/2240
f 2660/2660 2661/2661 2240/2240
f 2658/2658 2659/2659 2662/2662
f 2660/2660 2658/2658 2662/2662
f 2662/2662 2659/2659 2663/2663
f 2664/2664 2662/2662 2663/2663
f 2660/2660 2662/2662 2665/2665
f 2662/2662 2666/2666 2665/2665
f 2669/2669 2668/2668 2667/2667
f 2670/2670 2669/2669 2667/2667
f 2242/2242 2667/2667 2241/2241
f 2668/2668 2241/2241 2667/2667
f 2673/2673 2672/2672 2671/2671
f 2672/2672 2674/2674 2671/2671
f 2244/2244 2674/2674 2672/2672
f 2675/2675 2244/2244 2672/2672
f 2675/2675 2246/2246 2244/2244
f 2678/2678 2677/2677 2676/2676
f 2679/2679 2678/2678 2676/2676
f 2663/2663 2659/2659 2680/2680
f 2659/2659 2656/2656 2680/2680
f 2656/2656 2654/2654 2680/2680
f 2654/2654 2681/2681 2680/2680
f 2684/2684 2683/2683 2682/2682
f 2678/2678 2684/2684 2682/2682
f 2684/2684 2678/2678 2679/2679
f 2687/2687 2686/2686 2685/2685
f 2688/2688 2687/2687 2685/2685
f 2689/2689 2687/2687 2688/2688
f 2692/2692 2691/2691 2690/2690
f 2693/2693 2692/2692 2690/2690
f 2696/2696 2695/2695 2694/2694
f 2697/2697 2696/2696 2694/2694
f 2700/2700 2699/2699 2698/2698
f 2699/2699 2696/2696 2698/2698
f 2696/2696 2697/2697 2698/2698
f 2665/2665 2666/2666 2701/2701
f 2702/2702 2665/2665 2701/2701
f 2703/2703 2689/2689 2688/2688
f 2704/2704 2703/2703 2688/2688
f 2693/2693 2706/2706 2705/2705
f 2707/2707 2693/2693 2705/2705
f 2693/2693 2707/2707 2692/2692
f 2710/2710 2709/2709 2708/2708
f 2249/2249 2710/2710 2708/2708
f 2710/2710 2249/2249 2250/2250
f 2713/2713 2712/2712 2711/2711
f 2714/2714 2713/2713 2711/2711
f 2717/2717 2716/2716 2715/2715
f 2716/2716 2718/2718 2715/2715
f 2718/2718 2716/2716 2719/2719
f 2719/2719 2716/2716 2720/2720
f 2716/2716 2721/2721 2720/2720
f 2722/2722 2718/2718 2719/2719
f 2723/2723 2718/2718 2722/2722
f 2724/2724 2723/2723 2722/2722
f 2722/2722 2719/2719 2725/2725
f 2726/2726 2722/2722 2725/2725
f 2726/2726 2725/2725 2727/2727
f 2728/2728 2727/2727 2725/2725
f 2729/2729 2728/2728 2725/2725
f 2730/2730 2726/2726 2727/2727
f 2726/2726 2730/2730 2731/2731
f 2730/2730 2732/2732 2731/2731
f 2733/2733 2730/2730 2727/2727
f 2734/2734 2733/2733 2727/2727
f 2737/2737 2736/2736 2735/2735
f 2738/2738 2737/2737 2735/2735
f 2741/2741 2740/2740 2739/2739
f 2742/2742 2741/2741 2739/2739
f 2745/2745 2744/2744 2743/2743
f 2746/2746 2745/2745 2743/2743
f 2749/2749 2748/2748 2747/2747
f 2750/2750 2749/2749 2747/2747
f 2753/2753 2752/2752 2751/2751
f 2754/2754 2753/2753 2751/2751
f 2757/2757 2756/2756 2755/2755
f 2758/2758 2757/2757 2755/2755
f 2761/2761 2760/2760 2759/2759
f 2764/2764 2763/2763 2762/2762
f 2766/2766 2763/2763 2765/2765
f 2769/2769 2768/2768 2767/2767
f 2768/2768 2770/2770 2767/2767
f 2771/2771 2767/2767 2770/2770
f 2772/2772 2771/2771 2770/2770
f 2772/2772 2773/2773 2771/2771
f 2773/2773 2774/2774 2771/2771
f 2773/2773 2775/2775 2774/2774
f 2775/2775 2776/2776 2774/2774
f 2775/2775 2777/2777 2776/2776
f 2777/2777 2778/2778 2776/2776
f 2777/2777 2779/2779 2778/2778
f 2779/2779 2780/2780 2778/2778
f 2779/2779 2781/2781 2780/2780
f 2781/2781 2782/2782 2780/2780
f 2783/2783 2782/2782 2781/2781
f 2784/2784 2783/2783 2781/2781
f 2784/2784 2785/2785 2783/2783
f 2785/2785 2786/2786 2783/2783
f 2785/2785 2787/2787 2786/2786
f 2787/2787 2788/2788 2786/2786
f 2787/2787 2789/2789 2788/2788
f 2789/2789 2790/2790 2788/2788
f 2789/2789 2791/2791 2790/2790
f 2791/2791 2792/2792 2790/2790
f 2791/2791 2793/2793 2792/2792
f 2793/2793 2794/2794 2792/2792
f 2793/2793 2795/2795 2794/2794
f 2795/2795 2796/2796 2794/2794
f 2799/2799 2798/2798 2797/2797
f 2798/2798 2800/2800 2797/2797
f 2801/2801 2800/2800 2798/2798
f 2802/2802 2801/2801 2798/2798
f 2802/2802 2803/2803 2801/2801
f 2803/2803 2804/2804 2801/2801
f 2803/2803 2805/2805 2804/2804
f 2805/2805 2806/2806 2804/2804
f 2807/2807 2806/2806 2805/2805
f 2808/2808 2807/2807 2805/2805
f 2811/2811 2810/2810 2809/2809
f 2810/2810 2812/2812 2809/2809
f 2812/2812 2810/2810 2813/2813
f 2814/2814 2812/2812 2813/2813
f 2814/2814 2813/2813 2815/2815
f 2816/2816 2814/2814 2815/2815
f 2816/2816 2815/2815 2817/2817
f 2818/2818 2816/2816 2817/2817
f 2818/2818 2817/2817 2819/2819
f 2820/2820 2818/2818 2819/2819
f 2820/2820 2819/2819 2821/2821
f 2822/2822 2820/2820 2821/2821
f 2822/2822 2821/2821 2823/2823
f 2821/2821 2824/2824 2823/2823
f 2823/2823 2824/2824 2825/2825
f 2826/2826 2823/2823 2825/2825
f 2826/2826 2825/2825 2827/2827
f 2828/2828 2826/2826 2827/2827
f 2828/2828 2827/2827 2829/2829
f 2830/2830 2828/2828 2829/2829
f 2830/2830 2829/2829 2831/2831
f 2832/2832 2830/2830 2831/2831
f 2832/2832 2831/2831 2833/2833
f 2834/2834 2832/2832 2833/2833
f 2834/2834 2833/2833 2835/2835
f 2836/2836 2834/2834 2835/2835
f 2836/2836 2835/2835 2837/2837
f 2835/2835 2838/2838 2837/2837
f 2841/2841 2840/2840 2839/2839
f 2842/2842 2841/2841 2839/2839
f 2841/2841 2842/2842 2843/2843
f 2844/2844 2841/2841 2843/2843
f 2844/2844 2843/2843 2845/2845
f 2846/2846 2844/2844 2845/2845
f 2846/2846 2845/2845 2759/2759
f 2845/2845 2847/2847 2759/2759
f 2847/2847 2761/2761 2759/2759
f 2850/2850 2849/2849 2848/2848
f 2851/2851 2850/2850 2848/2848
f 2854/2854 2853/2853 2852/2852
f 2853/2853 2855/2855 2852/2852
f 2856/2856 2852/2852 2855/2855
f 2857/2857 2855/2855 2853/2853
f 2858/2858 2857/2857 2853/2853
f 2859/2859 2857/2857 2858/2858
f 2860/2860 2859/2859 2858/2858
f 2861/2861 2857/2857 2859/2859
f 2855/2855 2857/2857 2861/2861
f 2862/2862 2861/2861 2859/2859
f 2862/2862 2863/2863 2861/2861
f 2864/2864 2856/2856 2855/2855
f 2864/2864 2855/2855 2861/2861
f 2863/2863 2865/2865 2861/2861
f 2864/2864 2861/2861 2865/2865
f 2863/2863 2866/2866 2865/2865
f 2864/2864 2867/2867 2856/2856
f 2867/2867 2864/2864 2865/2865
f 2867/2867 2868/2868 2856/2856
f 2866/2866 2869/2869 2865/2865
f 2867/2867 2865/2865 2869/2869
f 2866/2866 2870/2870 2869/2869
f 2867/2867 2871/2871 2868/2868
f 2871/2871 2867/2867 2869/2869
f 2871/2871 2872/2872 2868/2868
f 2870/2870 2873/2873 2869/2869
f 2871/2871 2869/2869 2873/2873
f 2870/2870 2874/2874 2873/2873
f 2871/2871 2875/2875 2872/2872
f 2875/2875 2871/2871 2873/2873
f 2875/2875 2876/2876 2872/2872
f 2874/2874 2877/2877 2873/2873
f 2875/2875 2873/2873 2877/2877
f 2874/2874 2878/2878 2877/2877
f 2875/2875 2879/2879 2876/2876
f 2879/2879 2875/2875 2877/2877
f 2879/2879 2880/2880 2876/2876
f 2878/2878 2881/2881 2877/2877
f 2879/2879 2877/2877 2881/2881
f 2879/2879 2882/2882 2880/2880
f 2882/2882 2879/2879 2881/2881
f 2882/2882 2883/2883 2880/2880
f 2884/2884 2883/2883 2882/2882
f 2885/2885 2881/2881 2878/2878
f 2882/2882 2881/2881 2885/2885
f 2886/2886 2885/2885 2878/2878
f 2886/2886 2887/2887 2885/2885
f 2888/2888 2884/2884 2882/2882
f 2888/2888 2882/2882 2885/2885
f 2887/2887 2889/2889 2885/2885
f 2888/2888 2885/2885 2889/2889
f 2887/2887 2890/2890 2889/2889
f 2888/2888 2891/2891 2884/2884
f 2891/2891 2888/2888 2889/2889
f 2891/2891 2892/2892 2884/2884
f 2890/2890 2893/2893 2889/2889
f 2891/2891 2889/2889 2893/2893
f 2890/2890 2894/2894 2893/2893
f 2891/2891 2895/2895 2892/2892
f 2895/2895 2891/2891 2893/2893
f 2895/2895 2896/2896 2892/2892
f 2894/2894 2897/2897 2893/2893
f 2895/2895 2893/2893 2897/2897
f 2894/2894 2898/2898 2897/2897
f 2895/2895 2899/2899 2896/2896
f 2899/2899 2895/2895 2897/2897
f 2899/2899 2900/2900 2896/2896
f 2898/2898 2901/2901 2897/2897
f 2899/2899 2897/2897 2901/2901
f 2898/2898 2902/2902 2901/2901
f 2899/2899 2903/2903 2900/2900
f 2903/2903 2899/2899 2901/2901
f 2903/2903 2904/2904 2900/2900
f 2902/2902 2905/2905 2901/2901
f 2903/2903 2901/2901 2905/2905
f 2903/2903 2906/2906 2904/2904
f 2906/2906 2903/2903 2905/2905
f 2906/2906 2907/2907 2904/2904
f 2908/2908 2905/2905 2902/2902
f 2905/2905 2908/2908 2906/2906
f 2909/2909 2908/2908 2902/2902
f 2908/2908 2910/2910 2906/2906
f 2907/2907 2906/2906 2910/2910
f 2911/2911 2907/2907 2910/2910
f 2914/2914 2913/2913 2912/2912
f 2913/2913 2915/2915 2912/2912
f 2916/2916 2912/2912 2915/2915
f 2917/2917 2915/2915 2913/2913
f 2918/2918 2917/2917 2913/2913
f 2918/2918 2919/2919 2917/2917
f 2920/2920 2916/2916 2915/2915
f 2915/2915 2917/2917 2920/2920
f 2919/2919 2921/2921 2917/2917
f 2919/2919 2922/2922 2921/2921
f 2916/2916 2920/2920 2923/2923
f 2924/2924 2916/2916 2923/2923
f 2925/2925 2923/2923 2920/2920
f 2917/2917 2926/2926 2920/2920
f 2926/2926 2925/2925 2920/2920
f 2917/2917 2921/2921 2926/2926
f 2926/2926 2927/2927 2925/2925
f 2921/2921 2927/2927 2926/2926
f 2927/2927 2928/2928 2925/2925
f 2922/2922 2929/2929 2921/2921
f 2921/2921 2929/2929 2927/2927
f 2927/2927 2930/2930 2928/2928
f 2929/2929 2930/2930 2927/2927
f 2930/2930 2931/2931 2928/2928
f 2932/2932 2929/2929 2922/2922
f 2930/2930 2929/2929 2932/2932
f 2933/2933 2932/2932 2922/2922
f 2933/2933 2848/2848 2932/2932
f 2848/2848 2849/2849 2932/2932
f 2931/2931 2930/2930 2934/2934
f 2934/2934 2930/2930 2932/2932
f 2934/2934 2932/2932 2849/2849
f 2935/2935 2931/2931 2934/2934
f 2935/2935 2934/2934 2936/2936
f 2937/2937 2934/2934 2849/2849
f 2934/2934 2937/2937 2936/2936
f 2849/2849 2850/2850 2937/2937
f 2938/2938 2936/2936 2937/2937
f 2850/2850 2939/2939 2937/2937
f 2939/2939 2938/2938 2937/2937
f 2942/2942 2941/2941 2940/2940
f 2941/2941 2943/2943 2940/2940
f 2944/2944 2940/2940 2943/2943
f 2945/2945 2943/2943 2941/2941
f 2946/2946 2945/2945 2941/2941
f 2947/2947 2945/2945 2946/2946
f 2948/2948 2947/2947 2946/2946
f 2949/2949 2945/2945 2947/2947
f 2943/2943 2945/2945 2949/2949
f 2950/2950 2949/2949 2947/2947
f 2950/2950 2951/2951 2949/2949
f 2952/2952 2944/2944 2943/2943
f 2952/2952 2943/2943 2949/2949
f 2951/2951 2953/2953 2949/2949
f 2952/2952 2949/2949 2953/2953
f 2951/2951 2954/2954 2953/2953
f 2952/2952 2955/2955 2944/2944
f 2955/2955 2952/2952 2953/2953
f 2955/2955 2956/2956 2944/2944
f 2954/2954 2957/2957 2953/2953
f 2955/2955 2953/2953 2957/2957
f 2955/2955 2958/2958 2956/2956
f 2958/2958 2955/2955 2957/2957
f 2958/2958 2959/2959 2956/2956
f 2960/2960 2957/2957 2954/2954
f 2957/2957 2960/2960 2958/2958
f 2961/2961 2960/2960 2954/2954
f 2960/2960 2962/2962 2958/2958
f 2959/2959 2958/2958 2962/2962
f 2963/2963 2959/2959 2962/2962
f 2963/2963 2962/2962 2964/2964
f 2962/2962 2965/2965 2964/2964
f 2964/2964 2965/2965 2966/2966
f 2967/2967 2964/2964 2966/2966
f 2966/2966 2965/2965 2968/2968
f 2969/2969 2965/2965 2962/2962
f 2965/2965 2969/2969 2968/2968
f 2960/2960 2969/2969 2962/2962
f 2968/2968 2969/2969 2970/2970
f 2970/2970 2969/2969 2960/2960
f 2971/2971 2968/2968 2970/2970
f 2961/2961 2970/2970 2960/2960
f 2974/2974 2973/2973 2972/2972
f 2973/2973 2975/2975 2972/2972
f 2976/2976 2972/2972 2975/2975
f 2977/2977 2975/2975 2973/2973
f 2978/2978 2977/2977 2973/2973
f 2978/2978 2979/2979 2977/2977
f 2980/2980 2976/2976 2975/2975
f 2980/2980 2975/2975 2977/2977
f 2979/2979 2981/2981 2977/2977
f 2979/2979 2982/2982 2981/2981
f 2980/2980 2983/2983 2976/2976
f 2983/2983 2984/2984 2976/2976
f 2985/2985 2980/2980 2977/2977
f 2985/2985 2977/2977 2981/2981
f 2983/2983 2980/2980 2985/2985
f 2983/2983 2986/2986 2984/2984
f 2986/2986 2987/2987 2984/2984
f 2988/2988 2983/2983 2985/2985
f 2986/2986 2983/2983 2988/2988
f 2986/2986 2989/2989 2987/2987
f 2989/2989 2990/2990 2987/2987
f 2991/2991 2985/2985 2981/2981
f 2988/2988 2985/2985 2991/2991
f 2992/2992 2986/2986 2988/2988
f 2989/2989 2986/2986 2992/2992
f 2989/2989 2993/2993 2990/2990
f 2993/2993 2994/2994 2990/2990
f 2995/2995 2988/2988 2991/2991
f 2992/2992 2988/2988 2995/2995
f 2996/2996 2989/2989 2992/2992
f 2993/2993 2989/2989 2996/2996
f 2993/2993 2997/2997 2994/2994
f 2997/2997 2998/2998 2994/2994
f 2999/2999 2998/2998 2997/2997
f 3000/3000 2992/2992 2995/2995
f 2996/2996 2992/2992 3000/3000
f 3001/3001 2993/2993 2996/2996
f 2997/2997 2993/2993 3001/3001
f 3002/3002 2996/2996 3000/3000
f 3001/3001 2996/2996 3002/3002
f 2995/2995 2991/2991 3003/3003
f 3000/3000 2995/2995 3004/3004
f 2995/2995 3003/3003 3004/3004
f 3002/3002 3000/3000 3005/3005
f 3000/3000 3004/3004 3005/3005
f 2991/2991 3006/3006 3003/3003
f 2991/2991 2981/2981 3006/3006
f 2981/2981 3007/3007 3006/3006
f 2982/2982 3007/3007 2981/2981
f 3008/3008 3007/3007 2982/2982
f 3006/3006 3007/3007 3008/3008
f 3009/3009 3008/3008 2982/2982
f 3010/3010 3006/3006 3008/3008
f 3010/3010 3011/3011 3006/3006
f 3011/3011 3003/3003 3006/3006
f 3011/3011 3012/3012 3003/3003
f 3012/3012 3004/3004 3003/3003
f 3012/3012 3013/3013 3004/3004
f 3013/3013 3005/3005 3004/3004
f 3013/3013 3014/3014 3005/3005
f 3014/3014 3015/3015 3005/3005
f 3002/3002 3005/3005 3015/3015
f 3014/3014 3016/3016 3015/3015
f 3017/3017 3002/3002 3015/3015
f 3017/3017 3001/3001 3002/3002
f 3016/3016 3018/3018 3015/3015
f 3017/3017 3015/3015 3018/3018
f 3019/3019 3001/3001 3017/3017
f 3019/3019 2997/2997 3001/3001
f 3018/3018 3016/3016 3020/3020
f 3016/3016 3021/3021 3020/3020
f 3022/3022 3017/3017 3018/3018
f 3022/3022 3019/3019 3017/3017
f 3022/3022 3018/3018 3020/3020
f 3023/3023 2997/2997 3019/3019
f 3023/3023 2999/2999 2997/2997
f 3020/3020 3021/3021 3024/3024
f 3021/3021 3025/3025 3024/3024
f 3026/3026 3022/3022 3020/3020
f 3026/3026 3020/3020 3024/3024
f 3027/3027 3019/3019 3022/3022
f 3027/3027 3023/3023 3019/3019
f 3026/3026 3027/3027 3022/3022
f 3023/3023 3028/3028 2999/2999
f 3028/3028 3023/3023 3027/3027
f 3028/3028 3029/3029 2999/2999
f 3024/3024 3025/3025 3030/3030
f 3025/3025 3031/3031 3030/3030
f 3032/3032 3026/3026 3024/3024
f 3032/3032 3024/3024 3030/3030
f 3033/3033 3027/3027 3026/3026
f 3033/3033 3028/3028 3027/3027
f 3032/3032 3033/3033 3026/3026
f 3028/3028 3034/3034 3029/3029
f 3034/3034 3028/3028 3033/3033
f 3034/3034 3035/3035 3029/3029
f 3030/3030 3031/3031 3036/3036
f 3031/3031 3037/3037 3036/3036
f 3038/3038 3032/3032 3030/3030
f 3038/3038 3030/3030 3036/3036
f 3039/3039 3033/3033 3032/3032
f 3039/3039 3034/3034 3033/3033
f 3038/3038 3039/3039 3032/3032
f 3034/3034 3040/3040 3035/3035
f 3040/3040 3034/3034 3039/3039
f 3040/3040 3041/3041 3035/3035
f 3036/3036 3037/3037 3042/3042
f 3037/3037 3043/3043 3042/3042
f 3042/3042 3043/3043 2766/2766
f 3044/3044 3038/3038 3036/3036
f 3044/3044 3036/3036 3042/3042
f 3045/3045 3039/3039 3038/3038
f 3045/3045 3040/3040 3039/3039
f 3044/3044 3045/3045 3038/3038
f 3040/3040 3046/3046 3041/3041
f 3046/3046 3040/3040 3045/3045
f 3046/3046 3047/3047 3041/3041
f 3048/3048 3042/3042 2766/2766
f 3048/3048 3044/3044 3042/3042
f 3049/3049 3045/3045 3044/3044
f 3049/3049 3046/3046 3045/3045
f 3048/3048 3049/3049 3044/3044
f 3046/3046 3050/3050 3047/3047
f 3050/3050 3046/3046 3049/3049
f 3050/3050 3051/3051 3047/3047
f 3052/3052 3048/3048 2766/2766
f 3052/3052 2766/2766 2765/2765
f 3052/3052 2765/2765 3053/3053
f 3054/3054 3049/3049 3048/3048
f 3052/3052 3054/3054 3048/3048
f 3054/3054 3052/3052 3053/3053
f 3054/3054 3050/3050 3049/3049
f 3054/3054 3053/3053 3050/3050
f 3053/3053 3055/3055 3050/3050
f 3051/3051 3050/3050 3055/3055
f 3056/3056 3051/3051 3055/3055
f 2763/2763 2766/2766 2762/2762
f 3043/3043 2762/2762 2766/2766
f 3059/3059 3058/3058 3057/3057
f 3059/3059 3060/3060 3058/3058
f 3060/3060 3061/3061 3058/3058
f 3060/3060 3062/3062 3061/3061
f 3062/3062 3063/3063 3061/3061
f 3063/3063 3062/3062 3064/3064
f 3065/3065 3063/3063 3064/3064
f 3065/3065 3064/3064 3066/3066
f 3059/3059 3067/3067 3060/3060
f 3060/3060 3068/3068 3062/3062
f 3067/3067 3068/3068 3060/3060
f 3069/3069 3067/3067 3059/3059
f 3070/3070 3069/3069 3059/3059
f 3071/3071 3069/3069 3070/3070
f 3072/3072 3071/3071 3070/3070
f 3073/3073 3071/3071 3072/3072
f 3074/3074 3073/3073 3072/3072
f 3075/3075 3073/3073 3074/3074
f 3076/3076 3075/3075 3074/3074
f 3077/3077 3075/3075 3076/3076
f 3078/3078 3077/3077 3076/3076
f 3079/3079 3077/3077 3078/3078
f 3080/3080 3079/3079 3078/3078
f 3069/3069 3081/3081 3067/3067
f 3071/3071 3082/3082 3069/3069
f 3082/3082 3081/3081 3069/3069
f 3073/3073 3083/3083 3071/3071
f 3083/3083 3082/3082 3071/3071
f 3075/3075 3084/3084 3073/3073
f 3084/3084 3083/3083 3073/3073
f 3077/3077 3085/3085 3075/3075
f 3085/3085 3084/3084 3075/3075
f 3079/3079 3086/3086 3077/3077
f 3086/3086 3085/3085 3077/3077
f 3081/3081 3087/3087 3067/3067
f 3067/3067 3087/3087 3068/3068
f 3081/3081 3082/3082 3088/3088
f 3081/3081 3088/3088 3089/3089
f 3087/3087 3081/3081 3089/3089
f 3082/3082 3090/3090 3088/3088
f 3082/3082 3083/3083 3090/3090
f 3083/3083 3091/3091 3090/3090
f 3083/3083 3084/3084 3091/3091
f 3084/3084 3092/3092 3091/3091
f 3093/3093 3092/3092 3084/3084
f 3085/3085 3093/3093 3084/3084
f 3094/3094 3093/3093 3085/3085
f 3086/3086 3094/3094 3085/3085
f 3095/3095 3094/3094 3086/3086
f 3087/3087 3089/3089 3096/3096
f 3097/3097 3095/3095 3086/3086
f 3097/3097 3086/3086 3079/3079
f 3098/3098 3095/3095 3097/3097
f 3099/3099 3087/3087 3096/3096
f 3087/3087 3099/3099 3068/3068
f 3100/3100 3097/3097 3079/3079
f 3100/3100 3079/3079 3080/3080
f 3101/3101 3098/3098 3097/3097
f 3101/3101 3097/3097 3100/3100
f 3102/3102 3098/3098 3101/3101
f 3099/3099 3096/3096 3103/3103
f 3096/3096 3104/3104 3103/3103
f 3103/3103 3104/3104 3105/3105
f 3068/3068 3099/3099 3106/3106
f 3099/3099 3103/3103 3106/3106
f 3068/3068 3106/3106 3062/3062
f 3107/3107 3103/3103 3105/3105
f 3103/3103 3107/3107 3106/3106
f 3107/3107 3105/3105 3108/3108
f 3062/3062 3106/3106 3109/3109
f 3107/3107 3109/3109 3106/3106
f 3064/3064 3062/3062 3109/3109
f 3110/3110 3107/3107 3108/3108
f 3109/3109 3107/3107 3110/3110
f 3110/3110 3108/3108 3111/3111
f 3064/3064 3109/3109 3112/3112
f 3112/3112 3109/3109 3110/3110
f 3113/3113 3110/3110 3111/3111
f 3112/3112 3110/3110 3113/3113
f 3113/3113 3111/3111 3114/3114
f 3115/3115 3064/3064 3112/3112
f 3064/3064 3115/3115 3066/3066
f 3116/3116 3112/3112 3113/3113
f 3115/3115 3112/3112 3116/3116
f 3066/3066 3115/3115 3117/3117
f 3117/3117 3115/3115 3116/3116
f 3118/3118 3066/3066 3117/3117
f 3119/3119 3113/3113 3114/3114
f 3116/3116 3113/3113 3119/3119
f 3118/3118 3117/3117 3120/3120
f 3121/3121 3118/3118 3120/3120
f 3121/3121 3120/3120 3122/3122
f 3117/3117 3116/3116 3123/3123
f 3120/3120 3117/3117 3123/3123
f 3123/3123 3116/3116 3119/3119
f 3119/3119 3114/3114 3124/3124
f 3114/3114 3125/3125 3124/3124
f 3124/3124 3125/3125 3126/3126
f 3120/3120 3127/3127 3122/3122
f 3120/3120 3123/3123 3127/3127
f 3123/3123 3119/3119 3128/3128
f 3119/3119 3124/3124 3128/3128
f 3123/3123 3128/3128 3127/3127
f 3129/3129 3124/3124 3126/3126
f 3124/3124 3129/3129 3128/3128
f 3129/3129 3126/3126 3130/3130
f 3122/3122 3127/3127 3131/3131
f 3132/3132 3122/3122 3131/3131
f 3132/3132 3131/3131 3133/3133
f 3127/3127 3128/3128 3134/3134
f 3129/3129 3134/3134 3128/3128
f 3131/3131 3127/3127 3134/3134
f 3135/3135 3129/3129 3130/3130
f 3134/3134 3129/3129 3135/3135
f 3135/3135 3130/3130 3136/3136
f 3131/3131 3134/3134 3137/3137
f 3137/3137 3134/3134 3135/3135
f 3138/3138 3135/3135 3136/3136
f 3137/3137 3135/3135 3138/3138
f 3138/3138 3136/3136 3139/3139
f 3131/3131 3140/3140 3133/3133
f 3140/3140 3131/3131 3137/3137
f 3141/3141 3138/3138 3139/3139
f 3141/3141 3139/3139 3142/3142
f 3143/3143 3137/3137 3138/3138
f 3140/3140 3137/3137 3143/3143
f 3143/3143 3138/3138 3141/3141
f 3133/3133 3140/3140 3144/3144
f 3144/3144 3140/3140 3143/3143
f 3145/3145 3133/3133 3144/3144
f 3146/3146 3141/3141 3142/3142
f 3146/3146 3142/3142 3147/3147
f 3148/3148 3143/3143 3141/3141
f 3144/3144 3143/3143 3148/3148
f 3148/3148 3141/3141 3146/3146
f 3145/3145 3144/3144 3149/3149
f 3149/3149 3144/3144 3148/3148
f 3150/3150 3145/3145 3149/3149
f 3151/3151 3146/3146 3147/3147
f 3151/3151 3147/3147 3152/3152
f 3153/3153 3148/3148 3146/3146
f 3149/3149 3148/3148 3153/3153
f 3153/3153 3146/3146 3151/3151
f 3150/3150 3149/3149 3154/3154
f 3154/3154 3149/3149 3153/3153
f 3155/3155 3150/3150 3154/3154
f 3156/3156 3153/3153 3151/3151
f 3154/3154 3153/3153 3156/3156
f 3155/3155 3154/3154 3157/3157
f 3157/3157 3154/3154 3156/3156
f 3158/3158 3155/3155 3157/3157
f 3159/3159 3151/3151 3152/3152
f 3156/3156 3151/3151 3159/3159
f 3158/3158 3157/3157 3160/3160
f 3161/3161 3158/3158 3160/3160
f 3161/3161 3160/3160 3162/3162
f 3157/3157 3156/3156 3163/3163
f 3160/3160 3157/3157 3163/3163
f 3163/3163 3156/3156 3159/3159
f 3159/3159 3152/3152 3164/3164
f 3152/3152 3165/3165 3164/3164
f 3164/3164 3165/3165 3166/3166
f 3160/3160 3167/3167 3162/3162
f 3160/3160 3163/3163 3167/3167
f 3163/3163 3159/3159 3168/3168
f 3159/3159 3164/3164 3168/3168
f 3163/3163 3168/3168 3167/3167
f 3169/3169 3164/3164 3166/3166
f 3168/3168 3164/3164 3169/3169
f 3169/3169 3166/3166 3170/3170
f 3162/3162 3167/3167 3171/3171
f 3172/3172 3162/3162 3171/3171
f 3167/3167 3168/3168 3173/3173
f 3173/3173 3168/3168 3169/3169
f 3171/3171 3167/3167 3173/3173
f 3174/3174 3169/3169 3170/3170
f 3173/3173 3169/3169 3174/3174
f 3174/3174 3170/3170 3175/3175
f 3172/3172 3171/3171 3176/3176
f 3177/3177 3172/3172 3176/3176
f 3171/3171 3173/3173 3178/3178
f 3178/3178 3173/3173 3174/3174
f 3176/3176 3171/3171 3178/3178
f 3179/3179 3174/3174 3175/3175
f 3178/3178 3174/3174 3179/3179
f 3179/3179 3175/3175 3180/3180
f 3177/3177 3176/3176 3181/3181
f 3182/3182 3177/3177 3181/3181
f 3176/3176 3178/3178 3183/3183
f 3183/3183 3178/3178 3179/3179
f 3181/3181 3176/3176 3183/3183
f 3184/3184 3179/3179 3180/3180
f 3183/3183 3179/3179 3184/3184
f 3184/3184 3180/3180 3185/3185
f 3182/3182 3181/3181 3186/3186
f 3187/3187 3182/3182 3186/3186
f 3181/3181 3183/3183 3188/3188
f 3188/3188 3183/3183 3184/3184
f 3186/3186 3181/3181 3188/3188
f 3189/3189 3184/3184 3185/3185
f 3188/3188 3184/3184 3189/3189
f 3187/3187 3186/3186 3190/3190
f 3191/3191 3187/3187 3190/3190
f 3191/3191 3190/3190 3192/3192
f 3186/3186 3188/3188 3193/3193
f 3190/3190 3186/3186 3193/3193
f 3193/3193 3188/3188 3189/3189
f 3189/3189 3185/3185 3194/3194
f 3185/3185 3195/3195 3194/3194
f 3194/3194 3195/3195 3196/3196
f 3190/3190 3197/3197 3192/3192
f 3190/3190 3193/3193 3197/3197
f 3193/3193 3189/3189 3198/3198
f 3189/3189 3194/3194 3198/3198
f 3193/3193 3198/3198 3197/3197
f 3199/3199 3194/3194 3196/3196
f 3194/3194 3199/3199 3198/3198
f 3199/3199 3196/3196 3200/3200
f 3192/3192 3197/3197 3201/3201
f 3202/3202 3192/3192 3201/3201
f 3202/3202 3201/3201 3203/3203
f 3197/3197 3198/3198 3204/3204
f 3199/3199 3204/3204 3198/3198
f 3201/3201 3197/3197 3204/3204
f 3205/3205 3199/3199 3200/3200
f 3204/3204 3199/3199 3205/3205
f 3205/3205 3200/3200 3206/3206
f 3201/3201 3207/3207 3203/3203
f 3208/3208 3203/3203 3207/3207
f 3201/3201 3204/3204 3209/3209
f 3209/3209 3204/3204 3205/3205
f 3207/3207 3201/3201 3209/3209
f 3210/3210 3205/3205 3206/3206
f 3209/3209 3205/3205 3210/3210
f 3210/3210 3206/3206 3211/3211
f 3207/3207 3209/3209 3212/3212
f 3212/3212 3209/3209 3210/3210
f 3213/3213 3208/3208 3207/3207
f 3213/3213 3207/3207 3212/3212
f 3214/3214 3210/3210 3211/3211
f 3212/3212 3210/3210 3214/3214
f 3213/3213 3215/3215 3208/3208
f 3215/3215 3216/3216 3208/3208
f 3213/3213 3212/3212 3217/3217
f 3215/3215 3213/3213 3217/3217
f 3217/3217 3212/3212 3214/3214
f 3215/3215 3218/3218 3216/3216
f 3215/3215 3217/3217 3218/3218
f 3218/3218 3219/3219 3216/3216
f 3214/3214 3211/3211 3220/3220
f 3211/3211 3221/3221 3220/3220
f 3220/3220 3221/3221 3222/3222
f 3217/3217 3214/3214 3223/3223
f 3214/3214 3220/3220 3223/3223
f 3217/3217 3223/3223 3218/3218
f 3224/3224 3220/3220 3222/3222
f 3220/3220 3224/3224 3223/3223
f 3224/3224 3222/3222 3225/3225
f 3219/3219 3218/3218 3226/3226
f 3227/3227 3219/3219 3226/3226
f 3227/3227 3226/3226 3228/3228
f 3223/3223 3229/3229 3218/3218
f 3224/3224 3229/3229 3223/3223
f 3229/3229 3226/3226 3218/3218
f 3230/3230 3224/3224 3225/3225
f 3229/3229 3224/3224 3230/3230
f 3226/3226 3231/3231 3228/3228
f 3232/3232 3228/3228 3231/3231
f 3229/3229 3233/3233 3226/3226
f 3233/3233 3231/3231 3226/3226
f 3233/3233 3229/3229 3230/3230
f 3230/3230 3225/3225 3234/3234
f 3225/3225 3102/3102 3234/3234
f 3234/3234 3102/3102 3101/3101
f 3235/3235 3232/3232 3231/3231
f 3231/3231 3233/3233 3235/3235
f 3233/3233 3230/3230 3236/3236
f 3230/3230 3234/3234 3236/3236
f 3233/3233 3236/3236 3235/3235
f 3234/3234 3101/3101 3237/3237
f 3236/3236 3234/3234 3237/3237
f 3237/3237 3101/3101 3100/3100
f 3235/3235 3238/3238 3232/3232
f 3235/3235 3236/3236 3238/3238
f 3236/3236 3237/3237 3238/3238
f 3238/3238 3239/3239 3232/3232
f 3237/3237 3100/3100 3240/3240
f 3238/3238 3237/3237 3240/3240
f 3238/3238 3240/3240 3239/3239
f 3240/3240 3100/3100 3080/3080
f 3240/3240 3241/3241 3239/3239
f 3240/3240 3080/3080 3241/3241
f 3080/3080 3242/3242 3241/3241
f 3070/3070 3059/3059 3057/3057
f 3070/3070 3057/3057 3243/3243
f 3072/3072 3070/3070 3243/3243
f 3072/3072 3243/3243 3244/3244
f 3074/3074 3072/3072 3244/3244
f 3074/3074 3244/3244 3076/3076
f 3244/3244 3245/3245 3076/3076
f 3076/3076 3245/3245 3246/3246
f 3078/3078 3076/3076 3246/3246
f 3078/3078 3246/3246 3242/3242
f 3080/3080 3078/3078 3242/3242
f 3249/3249 3248/3248 3247/3247
f 3250/3250 3249/3249 3247/3247
f 3250/3250 3247/3247 3251/3251
f 3252/3252 3250/3250 3251/3251
f 3252/3252 3251/3251 3253/3253
f 3254/3254 3252/3252 3253/3253
f 3257/3257 3256/3256 3255/3255
f 3256/3256 3258/3258 3255/3255
f 3256/3256 3254/3254 3258/3258
f 3255/3255 3258/3258 3259/3259
f 3254/3254 3253/3253 3258/3258
f 3258/3258 3260/3260 3259/3259
f 3258/3258 3253/3253 3260/3260
f 3259/3259 3260/3260 3261/3261
f 3260/3260 3262/3262 3261/3261
f 3253/3253 3263/3263 3260/3260
f 3260/3260 3263/3263 3262/3262
f 3253/3253 3251/3251 3263/3263
f 3263/3263 3264/3264 3262/3262
f 3251/3251 3265/3265 3263/3263
f 3263/3263 3265/3265 3264/3264
f 3251/3251 3247/3247 3265/3265
f 3265/3265 3266/3266 3264/3264
f 3247/3247 3267/3267 3265/3265
f 3265/3265 3267/3267 3266/3266
f 3267/3267 3268/3268 3266/3266
f 3247/3247 3248/3248 3267/3267
f 3267/3267 3269/3269 3268/3268
f 3248/3248 3269/3269 3267/3267
f 3269/3269 3270/3270 3268/3268
f 3270/3270 3269/3269 3271/3271
f 3248/3248 3272/3272 3269/3269
f 3272/3272 3248/3248 3249/3249
f 3273/3273 3272/3272 3249/3249
f 3273/3273 3274/3274 3272/3272
f 3269/3269 3275/3275 3271/3271
f 3272/3272 3275/3275 3269/3269
f 3271/3271 3275/3275 3276/3276
f 3274/3274 3277/3277 3272/3272
f 3272/3272 3277/3277 3275/3275
f 3274/3274 3278/3278 3277/3277
f 3275/3275 3279/3279 3276/3276
f 3277/3277 3279/3279 3275/3275
f 3276/3276 3279/3279 3280/3280
f 3278/3278 3281/3281 3277/3277
f 3277/3277 3281/3281 3279/3279
f 3278/3278 3282/3282 3281/3281
f 3279/3279 3283/3283 3280/3280
f 3281/3281 3283/3283 3279/3279
f 3280/3280 3283/3283 3284/3284
f 3282/3282 3285/3285 3281/3281
f 3281/3281 3285/3285 3283/3283
f 3282/3282 3286/3286 3285/3285
f 3286/3286 3287/3287 3285/3285
f 3283/3283 3288/3288 3284/3284
f 3285/3285 3288/3288 3283/3283
f 3285/3285 3287/3287 3288/3288
f 3284/3284 3288/3288 3289/3289
f 3287/3287 3290/3290 3288/3288
f 3288/3288 3290/3290 3289/3289
f 3293/3293 3292/3292 3291/3291
f 3294/3294 3293/3293 3291/3291
f 3297/3297 3296/3296 3295/3295
f 3296/3296 3299/3299 3298/3298
f 3302/3302 3301/3301 3300/3300
f 3305/3305 3304/3304 3303/3303
f 3306/3306 3305/3305 3303/3303
f 3309/3309 3308/3308 3307/3307
f 3311/3311 3310/3310 3309/3309
f 3310/3310 3311/3311 3312/3312
f 3313/3313 3310/3310 3312/3312
f 3310/3310 3308/3308 3309/3309
f 3308/3308 3314/3314 3307/3307
f 3314/3314 3315/3315 3307/3307
f 3315/3315 3316/3316 3307/3307
f 3315/3315 3317/3317 3316/3316
f 3317/3317 3318/3318 3316/3316
f 3321/3321 3320/3320 3319/3319
f 3322/3322 3321/3321 3319/3319
f 3325/3325 3324/3324 3323/3323
f 3328/3328 3327/3327 3326/3326
f 3329/3329 3328/3328 3326/3326
f 3330/3330 3329/3329 3326/3326
f 3331/3331 3330/3330 3326/3326
f 3334/3334 3333/3333 3332/3332
f 3333/3333 3335/3335 3332/3332
f 3335/3335 3336/3336 3332/3332
f 3336/3336 3337/3337 3332/3332
f 3340/3340 3339/3339 3338/3338
f 3339/3339 3341/3341 3338/3338
f 3342/3342 3338/3338 3341/3341
f 3343/3343 3342/3342 3341/3341
f 3343/3343 3344/3344 3342/3342
f 3344/3344 3345/3345 3342/3342
f 3344/3344 3346/3346 3345/3345
f 3346/3346 3347/3347 3345/3345
f 3348/3348 3347/3347 3346/3346
f 3349/3349 3348/3348 3346/3346
f 3348/3348 3349/3349 3350/3350
f 3351/3351 3348/3348 3350/3350
f 3354/3354 3353/3353 3352/3352
f 3353/3353 3355/3355 3352/3352
f 3355/3355 3356/3356 3352/3352
f 3356/3356 3357/3357 3352/3352
f 3358/3358 3351/3351 3350/3350
f 3359/3359 3358/3358 3350/3350
f 3362/3362 3361/3361 3360/3360
f 3363/3363 3362/3362 3360/3360
f 3362/3362 3363/3363 3364/3364
f 3365/3365 3362/3362 3364/3364
f 3336/3336 3367/3367 3366/3366
f 3337/3337 3336/3336 3366/3366
f 3366/3366 3368/3368 3337/3337
f 3368/3368 3369/3369 3337/3337
f 3370/3370 3369/3369 3368/3368
f 3371/3371 3370/3370 3368/3368
f 3372/3372 3370/3370 3371/3371
f 3373/3373 3372/3372 3371/3371
f 3373/3373 3374/3374 3372/3372
f 3374/3374 3356/3356 3372/3372
f 3356/3356 3374/3374 3357/3357
f 3374/3374 3375/3375 3357/3357
f 3377/3377 3376/3376 3357/3357
f 3375/3375 3377/3377 3357/3357
f 3380/3380 3379/3379 3378/3378
f 3295/3295 3380/3380 3378/3378
f 3297/3297 3295/3295 3378/3378
f 3383/3383 3382/3382 3381/3381
f 3384/3384 3383/3383 3381/3381
f 3385/3385 3383/3383 3384/3384
f 3386/3386 3385/3385 3384/3384
f 3296/3296 3298/3298 3295/3295
f 3295/3295 3298/3298 3380/3380
f 3298/3298 3387/3387 3380/3380
f 3388/3388 3387/3387 3298/3298
f 3299/3299 3388/3388 3298/3298
f 3391/3391 3390/3390 3389/3389
f 3392/3392 3391/3391 3389/3389
f 3395/3395 3394/3394 3393/3393
f 3396/3396 3395/3395 3393/3393
f 3399/3399 3398/3398 3397/3397
f 3400/3400 3399/3399 3397/3397
f 3403/3403 3402/3402 3401/3401
f 3404/3404 3403/3403 3401/3401
f 3406/3406 3405/3405 3393/3393
f 3394/3394 3406/3406 3393/3393
f 3390/3390 3399/3399 3389/3389
f 3399/3399 3400/3400 3389/3389
f 3389/3389 3400/3400 3407/3407
f 3407/3407 3392/3392 3389/3389
f 3400/3400 3408/3408 3407/3407
f 3408/3408 3400/3400 3397/3397
f 3410/3410 3409/3409 3300/3300
f 3301/3301 3410/3410 3300/3300
f 3301/3301 3411/3411 3410/3410
f 3411/3411 3412/3412 3410/3410
f 3415/3415 3414/3414 3413/3413
f 3416/3416 3415/3415 3413/3413
f 3417/3417 3415/3415 3416/3416
f 3418/3418 3417/3417 3416/3416
f 3302/3302 3419/3419 3301/3301
f 3419/3419 3411/3411 3301/3301
f 3419/3419 3420/3420 3411/3411
f 3423/3423 3422/3422 3421/3421
f 3424/3424 3423/3423 3421/3421
f 3425/3425 3424/3424 3421/3421
f 3426/3426 3412/3412 3411/3411
f 3420/3420 3426/3426 3411/3411
f 3429/3429 3428/3428 3427/3427
f 3428/3428 3430/3430 3427/3427
f 3430/3430 3431/3431 3427/3427
f 3431/3431 3432/3432 3427/3427
f 3435/3435 3434/3434 3433/3433
f 3436/3436 3435/3435 3433/3433
f 3437/3437 3436/3436 3433/3433
f 3436/3436 3437/3437 3425/3425
f 3421/3421 3436/3436 3425/3425
f 3435/3435 3436/3436 3421/3421
f 3422/3422 3435/3435 3421/3421
f 3440/3440 3439/3439 3438/3438
f 3441/3441 3440/3440 3438/3438
f 3444/3444 3443/3443 3442/3442
f 3445/3445 3444/3444 3442/3442
f 3444/3444 3445/3445 3446/3446
f 3445/3445 3447/3447 3446/3446
f 3447/3447 3448/3448 3446/3446
f 3448/3448 3449/3449 3446/3446
f 3452/3452 3451/3451 3450/3450
f 3453/3453 3452/3452 3450/3450
f 3453/3453 3450/3450 3454/3454
f 3450/3450 3455/3455 3454/3454
f 3454/3454 3455/3455 3456/3456
f 3455/3455 3457/3457 3456/3456
f 3457/3457 3458/3458 3456/3456
f 3458/3458 3459/3459 3456/3456
f 3458/3458 3460/3460 3459/3459
f 3460/3460 3461/3461 3459/3459
f 3462/3462 3461/3461 3460/3460
f 3463/3463 3462/3462 3460/3460
f 3466/3466 3465/3465 3464/3464
f 3467/3467 3466/3466 3464/3464
f 3468/3468 3466/3466 3467/3467
f 3469/3469 3468/3468 3467/3467
f 3470/3470 3469/3469 3467/3467
f 3467/3467 3464/3464 3471/3471
f 3472/3472 3470/3470 3467/3467
f 3472/3472 3467/3467 3471/3471
f 3473/3473 3470/3470 3472/3472
f 3474/3474 3472/3472 3471/3471
f 3474/3474 3473/3473 3472/3472
f 3475/3475 3474/3474 3471/3471
f 3476/3476 3473/3473 3474/3474
f 3477/3477 3474/3474 3475/3475
f 3477/3477 3476/3476 3474/3474
f 3478/3478 3477/3477 3475/3475
f 3477/3477 3478/3478 3479/3479
f 3480/3480 3477/3477 3479/3479
f 3477/3477 3480/3480 3476/3476
f 3480/3480 3481/3481 3476/3476
f 3484/3484 3483/3483 3482/3482
f 3485/3485 3484/3484 3482/3482
f 3482/3482 3486/3486 3485/3485
f 3486/3486 3487/3487 3485/3485
f 3488/3488 3487/3487 3486/3486
f 3489/3489 3488/3488 3486/3486
f 3490/3490 3488/3488 3489/3489
f 3491/3491 3490/3490 3489/3489
f 3491/3491 3492/3492 3490/3490
f 3492/3492 3493/3493 3490/3490
f 3494/3494 3468/3468 3469/3469
f 3495/3495 3494/3494 3469/3469
f 3498/3498 3497/3497 3496/3496
f 3499/3499 3498/3498 3496/3496
f 3500/3500 3498/3498 3499/3499
f 3501/3501 3500/3500 3499/3499
f 3499/3499 3496/3496 3502/3502
f 3499/3499 3502/3502 3501/3501
f 3502/3502 3503/3503 3501/3501
f 3496/3496 3504/3504 3502/3502
f 3505/3505 3503/3503 3502/3502
f 3506/3506 3502/3502 3504/3504
f 3506/3506 3505/3505 3502/3502
f 3507/3507 3506/3506 3504/3504
f 3508/3508 3505/3505 3506/3506
f 3509/3509 3506/3506 3507/3507
f 3509/3509 3508/3508 3506/3506
f 3510/3510 3509/3509 3507/3507
f 3509/3509 3511/3511 3508/3508
f 3509/3509 3510/3510 3511/3511
f 3511/3511 3512/3512 3508/3508
f 3510/3510 3513/3513 3511/3511
f 3516/3516 3515/3515 3514/3514
f 3515/3515 3517/3517 3514/3514
f 3518/3518 3517/3517 3515/3515
f 3519/3519 3518/3518 3515/3515
f 3520/3520 3518/3518 3519/3519
f 3521/3521 3520/3520 3519/3519
f 3521/3521 3522/3522 3520/3520
f 3522/3522 3523/3523 3520/3520
f 3526/3526 3525/3525 3524/3524
f 3527/3527 3526/3526 3524/3524
f 3528/3528 3526/3526 3527/3527
f 3529/3529 3528/3528 3527/3527
f 3530/3530 3528/3528 3529/3529
f 3531/3531 3530/3530 3529/3529
f 3532/3532 3530/3530 3531/3531
f 3533/3533 3532/3532 3531/3531
f 3533/3533 3534/3534 3532/3532
f 3534/3534 3535/3535 3532/3532
f 3538/3538 3537/3537 3536/3536
f 3537/3537 3539/3539 3536/3536
f 3536/3536 3539/3539 3540/3540
f 3539/3539 3541/3541 3540/3540
f 3540/3540 3541/3541 3542/3542
f 3541/3541 3543/3543 3542/3542
f 3542/3542 3543/3543 3544/3544
f 3543/3543 3545/3545 3544/3544
f 3544/3544 3545/3545 3546/3546
f 3545/3545 3547/3547 3546/3546
f 3550/3550 3549/3549 3548/3548
f 3549/3549 3551/3551 3548/3548
f 3548/3548 3551/3551 3552/3552
f 3551/3551 3553/3553 3552/3552
f 3552/3552 3553/3553 3554/3554
f 3553/3553 3555/3555 3554/3554
f 3555/3555 3556/3556 3554/3554
f 3556/3556 3557/3557 3554/3554
f 3560/3560 3559/3559 3558/3558
f 3559/3559 3561/3561 3558/3558
f 3558/3558 3561/3561 3562/3562
f 3561/3561 3563/3563 3562/3562
f 3562/3562 3563/3563 3564/3564
f 3563/3563 3565/3565 3564/3564
f 3564/3564 3565/3565 3566/3566
f 3565/3565 3567/3567 3566/3566
f 3566/3566 3567/3567 3568/3568
f 3567/3567 3569/3569 3568/3568
f 3572/3572 3571/3571 3570/3570
f 3573/3573 3572/3572 3570/3570
f 3574/3574 3572/3572 3573/3573
f 3575/3575 3574/3574 3573/3573
f 3576/3576 3574/3574 3575/3575
f 3577/3577 3576/3576 3575/3575
f 3578/3578 3576/3576 3577/3577
f 3579/3579 3578/3578 3577/3577
f 3582/3582 3581/3581 3580/3580
f 3583/3583 3582/3582 3580/3580
f 3584/3584 3582/3582 3583/3583
f 3585/3585 3584/3584 3583/3583
f 3586/3586 3584/3584 3585/3585
f 3587/3587 3586/3586 3585/3585
f 3588/3588 3586/3586 3587/3587
f 3589/3589 3588/3588 3587/3587
f 3590/3590 3588/3588 3589/3589
f 3591/3591 3590/3590 3589/3589
f 3594/3594 3593/3593 3592/3592
f 3595/3595 3594/3594 3592/3592
f 3596/3596 3594/3594 3595/3595
f 3597/3597 3596/3596 3595/3595
f 3598/3598 3596/3596 3597/3597
f 3599/3599 3598/3598 3597/3597
f 3600/3600 3598/3598 3599/3599
f 3601/3601 3600/3600 3599/3599
f 3602/3602 3600/3600 3601/3601
f 3603/3603 3602/3602 3601/3601
f 3604/3604 3602/3602 3603/3603
f 3605/3605 3604/3604 3603/3603
f 3606/3606 3604/3604 3605/3605
f 3607/3607 3606/3606 3605/3605
f 3608/3608 3606/3606 3607/3607
f 3609/3609 3608/3608 3607/3607
f 3610/3610 3608/3608 3609/3609
f 3611/3611 3610/3610 3609/3609
f 3612/3612 3610/3610 3611/3611
f 3613/3613 3612/3612 3611/3611
f 3614/3614 3612/3612 3613/3613
f 3615/3615 3614/3614 3613/3613
f 3616/3616 3614/3614 3615/3615
f 3617/3617 3616/3616 3615/3615
f 3618/3618 3616/3616 3617/3617
f 3619/3619 3618/3618 3617/3617
f 3620/3620 3618/3618 3619/3619
f 3621/3621 3620/3620 3619/3619
f 3624/3624 3623/3623 3622/3622
f 3625/3625 3624/3624 3622/3622
f 3628/3628 3627/3627 3626/3626
f 3629/3629 3628/3628 3626/3626
f 3632/3632 3631/3631 3630/3630
f 3633/3633 3632/3632 3630/3630
f 3636/3636 3635/3635 3634/3634
f 3637/3637 3636/3636 3634/3634
f 3640/3640 3639/3639 3638/3638
f 3641/3641 3640/3640 3638/3638
f 3644/3644 3643/3643 3642/3642
f 3645/3645 3644/3644 3642/3642
f 3648/3648 3647/3647 3646/3646
f 3649/3649 3648/3648 3646/3646
f 3652/3652 3651/3651 3650/3650
f 3653/3653 3652/3652 3650/3650
f 3656/3656 3655/3655 3654/3654
f 3657/3657 3656/3656 3654/3654
f 3660/3660 3659/3659 3658/3658
f 3661/3661 3660/3660 3658/3658
f 3664/3664 3663/3663 3662/3662
f 3665/3665 3664/3664 3662/3662
f 3668/3668 3667/3667 3666/3666
f 3669/3669 3668/3668 3666/3666
f 3672/3672 3671/3671 3670/3670
f 3673/3673 3672/3672 3670/3670
f 3676/3676 3675/3675 3674/3674
f 3677/3677 3676/3676 3674/3674
f 3680/3680 3679/3679 3678/3678
f 3679/3679 3681/3681 3678/3678
f 3681/3681 3679/3679 3682/3682
f 3683/3683 3681/3681 3682/3682
f 3684/3684 3683/3683 3682/3682
f 3685/3685 3684/3684 3682/3682
f 3687/3687 3686/3686 3325/3325
f 3686/3686 3324/3324 3325/3325
f 3686/3686 3688/3688 3324/3324
f 3688/3688 3689/3689 3324/3324
f 3688/3688 3690/3690 3689/3689
f 3690/3690 3691/3691 3689/3689
f 3691/3691 3692/3692 3689/3689
f 3324/3324 3689/3689 3693/3693
f 3324/3324 3693/3693 3323/3323
f 3692/3692 3694/3694 3689/3689
f 3689/3689 3694/3694 3693/3693
f 3692/3692 3695/3695 3694/3694
f 3695/3695 3696/3696 3694/3694
f 3694/3694 3696/3696 3693/3693
f 3695/3695 3697/3697 3696/3696
f 3693/3693 3698/3698 3323/3323
f 3696/3696 3698/3698 3693/3693
f 3698/3698 3699/3699 3323/3323
f 3697/3697 3700/3700 3696/3696
f 3696/3696 3700/3700 3698/3698
f 3698/3698 3701/3701 3699/3699
f 3700/3700 3701/3701 3698/3698
f 3701/3701 3702/3702 3699/3699
f 3702/3702 3701/3701 3703/3703
f 3701/3701 3704/3704 3703/3703
f 3701/3701 3700/3700 3704/3704
f 3700/3700 3705/3705 3704/3704
f 3705/3705 3700/3700 3697/3697
f 3706/3706 3705/3705 3697/3697
f 3709/3709 3708/3708 3707/3707
f 3710/3710 3709/3709 3707/3707
f 3713/3713 3712/3712 3711/3711
f 3712/3712 3714/3714 3711/3711
f 3712/3712 3715/3715 3714/3714
f 3711/3711 3714/3714 3716/3716
f 3717/3717 3711/3711 3716/3716
f 3715/3715 3718/3718 3714/3714
f 3716/3716 3714/3714 3718/3718
f 3715/3715 3719/3719 3718/3718
f 3719/3719 3720/3720 3718/3718
f 3721/3721 3718/3718 3720/3720
f 3721/3721 3716/3716 3718/3718
f 3722/3722 3721/3721 3720/3720
f 3722/3722 3723/3723 3721/3721
f 3723/3723 3724/3724 3721/3721
f 3721/3721 3724/3724 3716/3716
f 3723/3723 3725/3725 3724/3724
f 3716/3716 3726/3726 3717/3717
f 3724/3724 3726/3726 3716/3716
f 3726/3726 3727/3727 3717/3717
f 3725/3725 3728/3728 3724/3724
f 3724/3724 3728/3728 3726/3726
f 3726/3726 3729/3729 3727/3727
f 3728/3728 3729/3729 3726/3726
f 3729/3729 3730/3730 3727/3727
f 3730/3730 3729/3729 3731/3731
f 3731/3731 3729/3729 3728/3728
f 3732/3732 3730/3730 3731/3731
f 3733/3733 3731/3731 3728/3728
f 3733/3733 3728/3728 3725/3725
f 3734/3734 3733/3733 3725/3725
f 3737/3737 3736/3736 3735/3735
f 3738/3738 3737/3737 3735/3735
f 3738/3738 3739/3739 3737/3737
f 3739/3739 3740/3740 3737/3737
f 3739/3739 3741/3741 3740/3740
f 3741/3741 3742/3742 3740/3740
f 3743/3743 3742/3742 3741/3741
f 3744/3744 3743/3743 3741/3741
f 3747/3747 3746/3746 3745/3745
f 3748/3748 3747/3747 3745/3745
f 3751/3751 3750/3750 3749/3749
f 3749/3749 3753/3753 3752/3752
f 3754/3754 3749/3749 3752/3752
f 3757/3757 3756/3756 3755/3755
f 3760/3760 3759/3759 3758/3758
f 3763/3763 3762/3762 3761/3761
f 3766/3766 3765/3765 3764/3764
f 3767/3767 3766/3766 3764/3764
f 3770/3770 3769/3769 3768/3768
f 3771/3771 3770/3770 3768/3768
f 3774/3774 3773/3773 3772/3772
f 3775/3775 3774/3774 3772/3772
f 3778/3778 3777/3777 3776/3776
f 3779/3779 3778/3778 3776/3776
f 3782/3782 3781/3781 3780/3780
f 3783/3783 3782/3782 3780/3780
f 3786/3786 3785/3785 3784/3784
f 3787/3787 3786/3786 3784/3784
f 3790/3790 3789/3789 3788/3788
f 3791/3791 3790/3790 3788/3788
f 3794/3794 3793/3793 3792/3792
f 3795/3795 3794/3794 3792/3792
f 3798/3798 3797/3797 3796/3796
f 3799/3799 3798/3798 3796/3796
f 3802/3802 3801/3801 3800/3800
f 3803/3803 3802/3802 3800/3800
f 3806/3806 3805/3805 3804/3804
f 3807/3807 3806/3806 3804/3804
f 3810/3810 3809/3809 3808/3808
f 3811/3811 3809/3809 3810/3810
f 3812/3812 3811/3811 3810/3810
f 3813/3813 3811/3811 3812/3812
f 3816/3816 3815/3815 3814/3814
f 3817/3817 3815/3815 3816/3816
f 3818/3818 3817/3817 3816/3816
f 3819/3819 3817/3817 3818/3818
f 3822/3822 3821/3821 3820/3820
f 3823/3823 3822/3822 3820/3820
f 3826/3826 3825/3825 3824/3824
f 3827/3827 3826/3826 3824/3824
f 3830/3830 3829/3829 3828/3828
f 3831/3831 3830/3830 3828/3828
f 3834/3834 3833/3833 3832/3832
f 3835/3835 3834/3834 3832/3832
f 3838/3838 3837/3837 3836/3836
f 3839/3839 3838/3838 3836/3836
f 3842/3842 3841/3841 3840/3840
f 3843/3843 3842/3842 3840/3840
f 3846/3846 3845/3845 3844/3844
f 3847/3847 3846/3846 3844/3844
f 3850/3850 3849/3849 3848/3848
f 3851/3851 3850/3850 3848/3848
f 3854/3854 3853/3853 3852/3852
f 3855/3855 3854/3854 3852/3852
f 3858/3858 3857/3857 3856/3856
f 3859/3859 3858/3858 3856/3856
f 3862/3862 3861/3861 3860/3860
f 3863/3863 3862/3862 3860/3860
f 3866/3866 3865/3865 3864/3864
f 3867/3867 3865/3865 3866/3866
f 3868/3868 3867/3867 3866/3866
f 3869/3869 3867/3867 3868/3868
f 3872/3872 3871/3871 3870/3870
f 3873/3873 3871/3871 3872/3872
f 3874/3874 3873/3873 3872/3872
f 3875/3875 3873/3873 3874/3874
f 3878/3878 3877/3877 3876/3876
f 3879/3879 3878/3878 3876/3876
f 3882/3882 3881/3881 3880/3880
f 3883/3883 3882/3882 3880/3880
f 3886/3886 3885/3885 3884/3884
f 3887/3887 3886/3886 3884/3884
f 3890/3890 3889/3889 3888/3888
f 3891/3891 3890/3890 3888/3888
f 3894/3894 3893/3893 3892/3892
f 3895/3895 3894/3894 3892/3892
f 3898/3898 3897/3897 3896/3896
f 3899/3899 3898/3898 3896/3896
f 3902/3902 3901/3901 3900/3900
f 3903/3903 3902/3902 3900/3900
f 3906/3906 3905/3905 3904/3904
f 3907/3907 3906/3906 3904/3904
f 3910/3910 3909/3909 3908/3908
f 3911/3911 3910/3910 3908/3908
f 3914/3914 3913/3913 3912/3912
f 3915/3915 3914/3914 3912/3912
f 3918/3918 3917/3917 3916/3916
f 3919/3919 3918/3918 3916/3916
f 3922/3922 3921/3921 3920/3920
f 3923/3923 3921/3921 3922/3922
f 3924/3924 3923/3923 3922/3922
f 3925/3925 3923/3923 3924/3924
f 3928/3928 3927/3927 3926/3926
f 3929/3929 3927/3927 3928/3928
f 3930/3930 3929/3929 3928/3928
f 3931/3931 3929/3929 3930/3930
f 3934/3934 3933/3933 3932/3932
f 3933/3933 3935/3935 3932/3932
f 3932/3932 3935/3935 3936/3936
f 3937/3937 3932/3932 3936/3936
f 3938/3938 3936/3936 3935/3935
f 3935/3935 3933/3933 3939/3939
f 3939/3939 3938/3938 3935/3935
f 3933/3933 3940/3940 3939/3939
f 3940/3940 3941/3941 3939/3939
f 3941/3941 3942/3942 3939/3939
f 3938/3938 3939/3939 3942/3942
f 3943/3943 3938/3938 3942/3942
f 3946/3946 3945/3945 3944/3944
f 3945/3945 3947/3947 3944/3944
f 3944/3944 3947/3947 3948/3948
f 3949/3949 3944/3944 3948/3948
f 3948/3948 3947/3947 3950/3950
f 3947/3947 3945/3945 3951/3951
f 3947/3947 3951/3951 3950/3950
f 3945/3945 3952/3952 3951/3951
f 3952/3952 3953/3953 3951/3951
f 3953/3953 3954/3954 3951/3951
f 3950/3950 3951/3951 3954/3954
f 3955/3955 3950/3950 3954/3954
f 3958/3958 3957/3957 3956/3956
f 3957/3957 3959/3959 3956/3956
f 3957/3957 3960/3960 3959/3959
f 3956/3956 3959/3959 3961/3961
f 3962/3962 3956/3956 3961/3961
f 3963/3963 3961/3961 3959/3959
f 3960/3960 3964/3964 3959/3959
f 3964/3964 3963/3963 3959/3959
f 3960/3960 3965/3965 3964/3964
f 3965/3965 3966/3966 3964/3964
f 3963/3963 3964/3964 3966/3966
f 3967/3967 3963/3963 3966/3966
f 3970/3970 3969/3969 3968/3968
f 3969/3969 3971/3971 3968/3968
f 3968/3968 3971/3971 3972/3972
f 3973/3973 3968/3968 3972/3972
f 3972/3972 3971/3971 3974/3974
f 3975/3975 3971/3971 3969/3969
f 3971/3971 3975/3975 3974/3974
f 3976/3976 3975/3975 3969/3969
f 3976/3976 3977/3977 3975/3975
f 3977/3977 3978/3978 3975/3975
f 3974/3974 3975/3975 3978/3978
f 3979/3979 3974/3974 3978/3978
f 3982/3982 3981/3981 3980/3980
f 3981/3981 3983/3983 3980/3980
f 3984/3984 3980/3980 3983/3983
f 3985/3985 3983/3983 3981/3981
f 3986/3986 3985/3985 3981/3981
f 3987/3987 3985/3985 3986/3986
f 3988/3988 3987/3987 3986/3986
f 3989/3989 3985/3985 3987/3987
f 3985/3985 3989/3989 3983/3983
f 3990/3990 3989/3989 3987/3987
f 3991/3991 3984/3984 3983/3983
f 3989/3989 3991/3991 3983/3983
f 3992/3992 3989/3989 3990/3990
f 3989/3989 3992/3992 3991/3991
f 3993/3993 3992/3992 3990/3990
f 3992/3992 3994/3994 3991/3991
f 3984/3984 3991/3991 3994/3994
f 3995/3995 3984/3984 3994/3994
f 3998/3998 3997/3997 3996/3996
f 3999/3999 3998/3998 3996/3996
f 4000/4000 3999/3999 3996/3996
f 4001/4001 4000/4000 3996/3996
f 4001/4001 4002/4002 4000/4000
f 4002/4002 4003/4003 4000/4000
f 4002/4002 4004/4004 4003/4003
f 4004/4004 4005/4005 4003/4003
f 4005/4005 4004/4004 4006/4006
f 4007/4007 4005/4005 4006/4006
f 4010/4010 4009/4009 4008/4008
f 4009/4009 4011/4011 4008/4008
f 4012/4012 4011/4011 4009/4009
f 4013/4013 4012/4012 4009/4009
f 4013/4013 4014/4014 4012/4012
f 4014/4014 4015/4015 4012/4012
f 4014/4014 4016/4016 4015/4015
f 4016/4016 4017/4017 4015/4015
f 4016/4016 4018/4018 4017/4017
f 4018/4018 4019/4019 4017/4017
f 4018/4018 4020/4020 4019/4019
f 4020/4020 4021/4021 4019/4019
f 4020/4020 4022/4022 4021/4021
f 4022/4022 4023/4023 4021/4021
f 4023/4023 4022/4022 4024/4024
f 4025/4025 4023/4023 4024/4024
f 4025/4025 4024/4024 4026/4026
f 4027/4027 4025/4025 4026/4026
f 4027/4027 4026/4026 4028/4028
f 4029/4029 4027/4027 4028/4028
f 4029/4029 4028/4028 4030/4030
f 4031/4031 4029/4029 4030/4030
f 4031/4031 4030/4030 4032/4032
f 4033/4033 4031/4031 4032/4032
f 4033/4033 4032/4032 4034/4034
f 4035/4035 4033/4033 4034/4034
f 4035/4035 4034/4034 4036/4036
f 4034/4034 4037/4037 4036/4036
f 4040/4040 4039/4039 4038/4038
f 4041/4041 4040/4040 4038/4038
f 4041/4041 4038/4038 4042/4042
f 4038/4038 4043/4043 4042/4042
f 4042/4042 4043/4043 4044/4044
f 4043/4043 4045/4045 4044/4044
f 4044/4044 4045/4045 4046/4046
f 4045/4045 4047/4047 4046/4046
f 4046/4046 4047/4047 4048/4048
f 4047/4047 4049/4049 4048/4048
f 4048/4048 4049/4049 4050/4050
f 4049/4049 4051/4051 4050/4050
f 4050/4050 4051/4051 4052/4052
f 4051/4051 4053/4053 4052/4052
f 4052/4052 4053/4053 4054/4054
f 4055/4055 4052/4052 4054/4054
f 4055/4055 4054/4054 4056/4056
f 4057/4057 4055/4055 4056/4056
f 4057/4057 4056/4056 4058/4058
f 4059/4059 4057/4057 4058/4058
f 4059/4059 4058/4058 4060/4060
f 4061/4061 4059/4059 4060/4060
f 4061/4061 4060/4060 4062/4062
f 4063/4063 4061/4061 4062/4062
f 4063/4063 4062/4062 4064/4064
f 4065/4065 4063/4063 4064/4064
f 4066/4066 4065/4065 4064/4064
f 4067/4067 4066/4066 4064/4064
f 4070/4070 4069/4069 4068/4068
f 4069/4069 4071/4071 4068/4068
f 4068/4068 4071/4071 4072/4072
f 4073/4073 4068/4068 4072/4072
f 4073/4073 4072/4072 4074/4074
f 4075/4075 4073/4073 4074/4074
f 4075/4075 4074/4074 4076/4076
f 4074/4074 4077/4077 4076/4076
f 4076/4076 4077/4077 4078/4078
f 4077/4077 4079/4079 4078/4078
f 3750/3750 3753/3753 3749/3749
f 4080/4080 3753/3753 3750/3750
f 3753/3753 4080/4080 4081/4081
f 3752/3752 3753/3753 4081/4081
f 4081/4081 4080/4080 4082/4082
f 4083/4083 4080/4080 3750/3750
f 4083/4083 3750/3750 4084/4084
f 4085/4085 4083/4083 4084/4084
f 4086/4086 4084/4084 3750/3750
f 3751/3751 4086/4086 3750/3750
f 4084/4084 4086/4086 4087/4087
f 4088/4088 4084/4084 4087/4087
f 4085/4085 4084/4084 4088/4088
f 4089/4089 4085/4085 4088/4088
f 4090/4090 4085/4085 4089/4089
f 4091/4091 4090/4090 4089/4089
f 4094/4094 4093/4093 4092/4092
f 4095/4095 4092/4092 4093/4093
f 4092/4092 4095/4095 4096/4096
f 4097/4097 4092/4092 4096/4096
f 4096/4096 4095/4095 4098/4098
f 4095/4095 4099/4099 4098/4098
f 4100/4100 4095/4095 4093/4093
f 4095/4095 4100/4100 4099/4099
f 4100/4100 4093/4093 4101/4101
f 4100/4100 4102/4102 4099/4099
f 4103/4103 4100/4100 4101/4101
f 4100/4100 4103/4103 4102/4102
f 4103/4103 4101/4101 4104/4104
f 4103/4103 4105/4105 4102/4102
f 4106/4106 4103/4103 4104/4104
f 4105/4105 4103/4103 4106/4106
f 4107/4107 4105/4105 4106/4106
f 4110/4110 4109/4109 4108/4108
f 4109/4109 4111/4111 4108/4108
f 4108/4108 4111/4111 4112/4112
f 4113/4113 4108/4108 4112/4112
f 4113/4113 4112/4112 4114/4114
f 4115/4115 4113/4113 4114/4114
f 4115/4115 4114/4114 4116/4116
f 4117/4117 4115/4115 4116/4116
f 4117/4117 4116/4116 4118/4118
f 4119/4119 4117/4117 4118/4118
f 4119/4119 4118/4118 4120/4120
f 4121/4121 4119/4119 4120/4120
f 4121/4121 4120/4120 4122/4122
f 4123/4123 4121/4121 4122/4122
f 4123/4123 4122/4122 4124/4124
f 4125/4125 4123/4123 4124/4124
f 4125/4125 4124/4124 4126/4126
f 4127/4127 4125/4125 4126/4126
f 4127/4127 4126/4126 4128/4128
f 4129/4129 4127/4127 4128/4128
f 4129/4129 4128/4128 4130/4130
f 4131/4131 4129/4129 4130/4130
f 4131/4131 4130/4130 4132/4132
f 4133/4133 4131/4131 4132/4132
f 4133/4133 4132/4132 4134/4134
f 4135/4135 4133/4133 4134/4134
f 4134/4134 4136/4136 4135/4135
f 4136/4136 4137/4137 4135/4135
f 4140/4140 4139/4139 4138/4138
f 4141/4141 4140/4140 4138/4138
f 4141/4141 3755/3755 4140/4140
f 3755/3755 4142/4142 4140/4140
f 3756/3756 4142/4142 3755/3755
f 4145/4145 4144/4144 4143/4143
f 4146/4146 4145/4145 4143/4143
f 4146/4146 4147/4147 4145/4145
f 4147/4147 4148/4148 4145/4145
f 4149/4149 4148/4148 4147/4147
f 4150/4150 4149/4149 4147/4147
f 4151/4151 4149/4149 4150/4150
f 4152/4152 4151/4151 4150/4150
f 4153/4153 4151/4151 4152/4152
f 4154/4154 4153/4153 4152/4152
f 4155/4155 4153/4153 4154/4154
f 4156/4156 4155/4155 4154/4154
f 4157/4157 4155/4155 4156/4156
f 4158/4158 4157/4157 4156/4156
f 4158/4158 4159/4159 4157/4157
f 4159/4159 4160/4160 4157/4157
f 4161/4161 4160/4160 4159/4159
f 4162/4162 4161/4161 4159/4159
f 4163/4163 4161/4161 4162/4162
f 4164/4164 4163/4163 4162/4162
f 4165/4165 4163/4163 4164/4164
f 4166/4166 4165/4165 4164/4164
f 4167/4167 4165/4165 4166/4166
f 4168/4168 4167/4167 4166/4166
f 4169/4169 4167/4167 4168/4168
f 4170/4170 4169/4169 4168/4168
f 4169/4169 4170/4170 4171/4171
f 4172/4172 4169/4169 4171/4171
f 4175/4175 4174/4174 4173/4173
f 4174/4174 4176/4176 4173/4173
f 4176/4176 4174/4174 4177/4177
f 4178/4178 4176/4176 4177/4177
f 4177/4177 4179/4179 4178/4178
f 4179/4179 4180/4180 4178/4178
f 4183/4183 4182/4182 4181/4181
f 4182/4182 4184/4184 4181/4181
f 4181/4181 4184/4184 4185/4185
f 4184/4184 4182/4182 4186/4186
f 4184/4184 4187/4187 4185/4185
f 4185/4185 4187/4187 4188/4188
f 4189/4189 4184/4184 4186/4186
f 4184/4184 4189/4189 4187/4187
f 4187/4187 4190/4190 4188/4188
f 4188/4188 4190/4190 4191/4191
f 4189/4189 4186/4186 4192/4192
f 4186/4186 4193/4193 4192/4192
f 4192/4192 4193/4193 4194/4194
f 4195/4195 4192/4192 4194/4194
f 4189/4189 4196/4196 4187/4187
f 4189/4189 4192/4192 4196/4196
f 4187/4187 4196/4196 4190/4190
f 4197/4197 4192/4192 4195/4195
f 4192/4192 4197/4197 4196/4196
f 4198/4198 4197/4197 4195/4195
f 4190/4190 4199/4199 4191/4191
f 4191/4191 4199/4199 4200/4200
f 4196/4196 4201/4201 4190/4190
f 4196/4196 4197/4197 4201/4201
f 4190/4190 4201/4201 4199/4199
f 4202/4202 4197/4197 4198/4198
f 4197/4197 4202/4202 4201/4201
f 4203/4203 4202/4202 4198/4198
f 4199/4199 4204/4204 4200/4200
f 4200/4200 4204/4204 4205/4205
f 4201/4201 4206/4206 4199/4199
f 4201/4201 4202/4202 4206/4206
f 4199/4199 4206/4206 4204/4204
f 4207/4207 4202/4202 4203/4203
f 4202/4202 4207/4207 4206/4206
f 4208/4208 4207/4207 4203/4203
f 4204/4204 4209/4209 4205/4205
f 4205/4205 4209/4209 4210/4210
f 4206/4206 4211/4211 4204/4204
f 4206/4206 4207/4207 4211/4211
f 4204/4204 4211/4211 4209/4209
f 4212/4212 4207/4207 4208/4208
f 4207/4207 4212/4212 4211/4211
f 4213/4213 4212/4212 4208/4208
f 4209/4209 4214/4214 4210/4210
f 4210/4210 4214/4214 4215/4215
f 4211/4211 4216/4216 4209/4209
f 4211/4211 4212/4212 4216/4216
f 4209/4209 4216/4216 4214/4214
f 4217/4217 4212/4212 4213/4213
f 4212/4212 4217/4217 4216/4216
f 4218/4218 4217/4217 4213/4213
f 4214/4214 4219/4219 4215/4215
f 4215/4215 4219/4219 4220/4220
f 4216/4216 4221/4221 4214/4214
f 4216/4216 4217/4217 4221/4221
f 4214/4214 4221/4221 4219/4219
f 4222/4222 4217/4217 4218/4218
f 4217/4217 4222/4222 4221/4221
f 4223/4223 4222/4222 4218/4218
f 4219/4219 4224/4224 4220/4220
f 4220/4220 4224/4224 4225/4225
f 4221/4221 4226/4226 4219/4219
f 4221/4221 4222/4222 4226/4226
f 4219/4219 4226/4226 4224/4224
f 4227/4227 4222/4222 4223/4223
f 4222/4222 4227/4227 4226/4226
f 4228/4228 4227/4227 4223/4223
f 4224/4224 4229/4229 4225/4225
f 4225/4225 4229/4229 4230/4230
f 4226/4226 4231/4231 4224/4224
f 4226/4226 4227/4227 4231/4231
f 4224/4224 4231/4231 4229/4229
f 4232/4232 4227/4227 4228/4228
f 4227/4227 4232/4232 4231/4231
f 4233/4233 4232/4232 4228/4228
f 4229/4229 4234/4234 4230/4230
f 4230/4230 4234/4234 4235/4235
f 4231/4231 4236/4236 4229/4229
f 4231/4231 4232/4232 4236/4236
f 4229/4229 4236/4236 4234/4234
f 4237/4237 4232/4232 4233/4233
f 4232/4232 4237/4237 4236/4236
f 4238/4238 4237/4237 4233/4233
f 4234/4234 4239/4239 4235/4235
f 4235/4235 4239/4239 4240/4240
f 4236/4236 4241/4241 4234/4234
f 4236/4236 4237/4237 4241/4241
f 4234/4234 4241/4241 4239/4239
f 4242/4242 4237/4237 4238/4238
f 4237/4237 4242/4242 4241/4241
f 4243/4243 4242/4242 4238/4238
f 4239/4239 4244/4244 4240/4240
f 4240/4240 4244/4244 4245/4245
f 4244/4244 4246/4246 4245/4245
f 4241/4241 4247/4247 4239/4239
f 4241/4241 4242/4242 4247/4247
f 4239/4239 4247/4247 4244/4244
f 4248/4248 4242/4242 4243/4243
f 4242/4242 4248/4248 4247/4247
f 4249/4249 4248/4248 4243/4243
f 4246/4246 4244/4244 4250/4250
f 4247/4247 4250/4250 4244/4244
f 4247/4247 4248/4248 4250/4250
f 4251/4251 4246/4246 4250/4250
f 4252/4252 4248/4248 4249/4249
f 4248/4248 4252/4252 4250/4250
f 4251/4251 4250/4250 4252/4252
f 3758/3758 4252/4252 4249/4249
f 3759/3759 4251/4251 4252/4252
f 3759/3759 4252/4252 3758/3758
f 4080/4080 4253/4253 4082/4082
f 4254/4254 4253/4253 4080/4080
f 4083/4083 4254/4254 4080/4080
f 4083/4083 4085/4085 4254/4254
f 4085/4085 4090/4090 4254/4254
f 4257/4257 4256/4256 4255/4255
f 4256/4256 4258/4258 4255/4255
f 4255/4255 4258/4258 4259/4259
f 4260/4260 4258/4258 4256/4256
f 4261/4261 4260/4260 4256/4256
f 4258/4258 4262/4262 4259/4259
f 4262/4262 4258/4258 4260/4260
f 4259/4259 4262/4262 4263/4263
f 4264/4264 4260/4260 4261/4261
f 4265/4265 4264/4264 4261/4261
f 4264/4264 4265/4265 4266/4266
f 4267/4267 4264/4264 4266/4266
f 4268/4268 4260/4260 4264/4264
f 4268/4268 4262/4262 4260/4260
f 4269/4269 4264/4264 4267/4267
f 4269/4269 4268/4268 4264/4264
f 4270/4270 4269/4269 4267/4267
f 4262/4262 4271/4271 4263/4263
f 4263/4263 4271/4271 4272/4272
f 4268/4268 4273/4273 4262/4262
f 4268/4268 4269/4269 4273/4273
f 4273/4273 4271/4271 4262/4262
f 4274/4274 4269/4269 4270/4270
f 4269/4269 4274/4274 4273/4273
f 4275/4275 4274/4274 4270/4270
f 4271/4271 4276/4276 4272/4272
f 4272/4272 4276/4276 4277/4277
f 4273/4273 4278/4278 4271/4271
f 4273/4273 4274/4274 4278/4278
f 4278/4278 4276/4276 4271/4271
f 4279/4279 4274/4274 4275/4275
f 4274/4274 4279/4279 4278/4278
f 4280/4280 4279/4279 4275/4275
f 4276/4276 4281/4281 4277/4277
f 4277/4277 4281/4281 4282/4282
f 4278/4278 4283/4283 4276/4276
f 4278/4278 4279/4279 4283/4283
f 4283/4283 4281/4281 4276/4276
f 4284/4284 4279/4279 4280/4280
f 4279/4279 4284/4284 4283/4283
f 4285/4285 4284/4284 4280/4280
f 4281/4281 4286/4286 4282/4282
f 4282/4282 4286/4286 4287/4287
f 4283/4283 4288/4288 4281/4281
f 4283/4283 4284/4284 4288/4288
f 4288/4288 4286/4286 4281/4281
f 4289/4289 4284/4284 4285/4285
f 4284/4284 4289/4289 4288/4288
f 4290/4290 4289/4289 4285/4285
f 4286/4286 4291/4291 4287/4287
f 4287/4287 4291/4291 4292/4292
f 4288/4288 4293/4293 4286/4286
f 4288/4288 4289/4289 4293/4293
f 4293/4293 4291/4291 4286/4286
f 4294/4294 4289/4289 4290/4290
f 4289/4289 4294/4294 4293/4293
f 4295/4295 4294/4294 4290/4290
f 4291/4291 4296/4296 4292/4292
f 4296/4296 4291/4291 4293/4293
f 4292/4292 4296/4296 4297/4297
f 4298/4298 4294/4294 4295/4295
f 4299/4299 4298/4298 4295/4295
f 4300/4300 4293/4293 4294/4294
f 4300/4300 4296/4296 4293/4293
f 4298/4298 4300/4300 4294/4294
f 4296/4296 4301/4301 4297/4297
f 4297/4297 4301/4301 4302/4302
f 4300/4300 4303/4303 4296/4296
f 4300/4300 4298/4298 4303/4303
f 4303/4303 4301/4301 4296/4296
f 4304/4304 4298/4298 4299/4299
f 4298/4298 4304/4304 4303/4303
f 4305/4305 4304/4304 4299/4299
f 4301/4301 4306/4306 4302/4302
f 4302/4302 4306/4306 4307/4307
f 4303/4303 4308/4308 4301/4301
f 4303/4303 4304/4304 4308/4308
f 4308/4308 4306/4306 4301/4301
f 4309/4309 4304/4304 4305/4305
f 4304/4304 4309/4309 4308/4308
f 4310/4310 4309/4309 4305/4305
f 4306/4306 4311/4311 4307/4307
f 4307/4307 4311/4311 4312/4312
f 4308/4308 4313/4313 4306/4306
f 4308/4308 4309/4309 4313/4313
f 4313/4313 4311/4311 4306/4306
f 4314/4314 4309/4309 4310/4310
f 4309/4309 4314/4314 4313/4313
f 4315/4315 4314/4314 4310/4310
f 4311/4311 4316/4316 4312/4312
f 4312/4312 4316/4316 4317/4317
f 4313/4313 4318/4318 4311/4311
f 4313/4313 4314/4314 4318/4318
f 4318/4318 4316/4316 4311/4311
f 4319/4319 4314/4314 4315/4315
f 4314/4314 4319/4319 4318/4318
f 4320/4320 4319/4319 4315/4315
f 4316/4316 4321/4321 4317/4317
f 4317/4317 4321/4321 4322/4322
f 4321/4321 4323/4323 4322/4322
f 4318/4318 4324/4324 4316/4316
f 4324/4324 4321/4321 4316/4316
f 4321/4321 4324/4324 4323/4323
f 4318/4318 4319/4319 4324/4324
f 4324/4324 4325/4325 4323/4323
f 4326/4326 4319/4319 4320/4320
f 4319/4319 4326/4326 4324/4324
f 4324/4324 4326/4326 4325/4325
f 4327/4327 4326/4326 4320/4320
f 4326/4326 4328/4328 4325/4325
f 4328/4328 4326/4326 4327/4327
f 4329/4329 4328/4328 4327/4327
f 4331/4331 4330/4330 4097/4097
f 4330/4330 4092/4092 4097/4097
f 4330/4330 4094/4094 4092/4092
f 4094/4094 4332/4332 4093/4093
f 4332/4332 4101/4101 4093/4093
f 4101/4101 4332/4332 4333/4333
f 4104/4104 4101/4101 4333/4333
f 4336/4336 4335/4335 4334/4334
f 4337/4337 4336/4336 4334/4334
f 4337/4337 4334/4334 4338/4338
f 4339/4339 4337/4337 4338/4338
f 4336/4336 4337/4337 4340/4340
f 4340/4340 4337/4337 4339/4339
f 4341/4341 4340/4340 4339/4339
f 4342/4342 4336/4336 4340/4340
f 4341/4341 4343/4343 4340/4340
f 4343/4343 4344/4344 4340/4340
f 4342/4342 4340/4340 4344/4344
f 4344/4344 4343/4343 4345/4345
f 4343/4343 4346/4346 4345/4345
f 4347/4347 4345/4345 4346/4346
f 4348/4348 4347/4347 4346/4346
f 4349/4349 4345/4345 4347/4347
f 4345/4345 4349/4349 4344/4344
f 4350/4350 4349/4349 4347/4347
f 4351/4351 4342/4342 4344/4344
f 4349/4349 4351/4351 4344/4344
f 4352/4352 4349/4349 4350/4350
f 4351/4351 4349/4349 4352/4352
f 4353/4353 4352/4352 4350/4350
f 4354/4354 4351/4351 4352/4352
f 4342/4342 4351/4351 4354/4354
f 4355/4355 4342/4342 4354/4354
f 4358/4358 4357/4357 4356/4356
f 4357/4357 4359/4359 4356/4356
f 4360/4360 4356/4356 4359/4359
f 4361/4361 4359/4359 4357/4357
f 4362/4362 4361/4361 4357/4357
f 4363/4363 4360/4360 4359/4359
f 4363/4363 4359/4359 4361/4361
f 4364/4364 4361/4361 4362/4362
f 4365/4365 4364/4364 4362/4362
f 4361/4361 4364/4364 4366/4366
f 4366/4366 4363/4363 4361/4361
f 4364/4364 4367/4367 4366/4366
f 4368/4368 4366/4366 4367/4367
f 4366/4366 4368/4368 4363/4363
f 4369/4369 4368/4368 4367/4367
f 4368/4368 4370/4370 4363/4363
f 4360/4360 4363/4363 4370/4370
f 4371/4371 4360/4360 4370/4370
f 4374/4374 4373/4373 4372/4372
f 4373/4373 4375/4375 4372/4372
f 4376/4376 4372/4372 4375/4375
f 4377/4377 4375/4375 4373/4373
f 4378/4378 4377/4377 4373/4373
f 4379/4379 4377/4377 4378/4378
f 4380/4380 4379/4379 4378/4378
f 4381/4381 4377/4377 4379/4379
f 4377/4377 4381/4381 4375/4375
f 4382/4382 4381/4381 4379/4379
f 4383/4383 4376/4376 4375/4375
f 4381/4381 4383/4383 4375/4375
f 4384/4384 4381/4381 4382/4382
f 4381/4381 4384/4384 4383/4383
f 4385/4385 4384/4384 4382/4382
f 4384/4384 4386/4386 4383/4383
f 4376/4376 4383/4383 4386/4386
f 4387/4387 4376/4376 4386/4386
f 4390/4390 4389/4389 4388/4388
f 4389/4389 4391/4391 4388/4388
f 4392/4392 4388/4388 4391/4391
f 4393/4393 4391/4391 4389/4389
f 4394/4394 4393/4393 4389/4389
f 4395/4395 4393/4393 4394/4394
f 4396/4396 4395/4395 4394/4394
f 4397/4397 4393/4393 4395/4395
f 4393/4393 4397/4397 4391/4391
f 4398/4398 4397/4397 4395/4395
f 4399/4399 4392/4392 4391/4391
f 4397/4397 4399/4399 4391/4391
f 4400/4400 4397/4397 4398/4398
f 4399/4399 4397/4397 4400/4400
f 4401/4401 4400/4400 4398/4398
f 4402/4402 4399/4399 4400/4400
f 4392/4392 4399/4399 4402/4402
f 4403/4403 4392/4392 4402/4402
f 4406/4406 4405/4405 4404/4404
f 4405/4405 4407/4407 4404/4404
f 4408/4408 4404/4404 4407/4407
f 4409/4409 4407/4407 4405/4405
f 4410/4410 4409/4409 4405/4405
f 4411/4411 4409/4409 4410/4410
f 4412/4412 4411/4411 4410/4410
f 4413/4413 4409/4409 4411/4411
f 4409/4409 4413/4413 4407/4407
f 4414/4414 4413/4413 4411/4411
f 4415/4415 4408/4408 4407/4407
f 4413/4413 4415/4415 4407/4407
f 4416/4416 4413/4413 4414/4414
f 4413/4413 4416/4416 4415/4415
f 4417/4417 4416/4416 4414/4414
f 4416/4416 4418/4418 4415/4415
f 4408/4408 4415/4415 4418/4418
f 4419/4419 4408/4408 4418/4418
f 4422/4422 4421/4421 4420/4420
f 4421/4421 4423/4423 4420/4420
f 4424/4424 4420/4420 4423/4423
f 4425/4425 4424/4424 4423/4423
f 4424/4424 4425/4425 4426/4426
f 4427/4427 4424/4424 4426/4426
f 4428/4428 4426/4426 4425/4425
f 4429/4429 4428/4428 4425/4425
f 4428/4428 4429/4429 4430/4430
f 4431/4431 4428/4428 4430/4430
f 4434/4434 4433/4433 4432/4432
f 4435/4435 4434/4434 4432/4432
f 4438/4438 4437/4437 4436/4436
f 4439/4439 4438/4438 4436/4436
f 4439/4439 4436/4436 4440/4440
f 4441/4441 4439/4439 4440/4440
f 4442/4442 4439/4439 4441/4441
f 4438/4438 4439/4439 4442/4442
f 4443/4443 4442/4442 4441/4441
f 4443/4443 4444/4444 4442/4442
f 4445/4445 4438/4438 4442/4442
f 4446/4446 4438/4438 4445/4445
f 4447/4447 4446/4446 4445/4445
f 4447/4447 4445/4445 4448/4448
f 4444/4444 4449/4449 4442/4442
f 4445/4445 4442/4442 4449/4449
f 4445/4445 4450/4450 4448/4448
f 4450/4450 4445/4445 4449/4449
f 4448/4448 4450/4450 4451/4451
f 4449/4449 4444/4444 4452/4452
f 4444/4444 4453/4453 4452/4452
f 4454/4454 4450/4450 4449/4449
f 4450/4450 4454/4454 4451/4451
f 4452/4452 4454/4454 4449/4449
f 4455/4455 4452/4452 4453/4453
f 4454/4454 4452/4452 4455/4455
f 4456/4456 4455/4455 4453/4453
f 4457/4457 4454/4454 4455/4455
f 4451/4451 4454/4454 4457/4457
f 4458/4458 4451/4451 4457/4457
f 4461/4461 4460/4460 4459/4459
f 4460/4460 4462/4462 4459/4459
f 4463/4463 4459/4459 4462/4462
f 4464/4464 4462/4462 4460/4460
f 4465/4465 4464/4464 4460/4460
f 4466/4466 4463/4463 4462/4462
f 4466/4466 4462/4462 4464/4464
f 4467/4467 4464/4464 4465/4465
f 4468/4468 4467/4467 4465/4465
f 4464/4464 4467/4467 4469/4469
f 4469/4469 4466/4466 4464/4464
f 4467/4467 4470/4470 4469/4469
f 4471/4471 4469/4469 4470/4470
f 4469/4469 4471/4471 4466/4466
f 4472/4472 4471/4471 4470/4470
f 4471/4471 4473/4473 4466/4466
f 4463/4463 4466/4466 4473/4473
f 4474/4474 4463/4463 4473/4473
f 4477/4477 4476/4476 4475/4475
f 4476/4476 4478/4478 4475/4475
f 4479/4479 4475/4475 4478/4478
f 4480/4480 4478/4478 4476/4476
f 4481/4481 4480/4480 4476/4476
f 4482/4482 4480/4480 4481/4481
f 4483/4483 4482/4482 4481/4481
f 4484/4484 4480/4480 4482/4482
f 4480/4480 4484/4484 4478/4478
f 4485/4485 4484/4484 4482/4482
f 4486/4486 4479/4479 4478/4478
f 4484/4484 4486/4486 4478/4478
f 4487/4487 4484/4484 4485/4485
f 4484/4484 4487/4487 4486/4486
f 4488/4488 4487/4487 4485/4485
f 4487/4487 4489/4489 4486/4486
f 4479/4479 4486/4486 4489/4489
f 4490/4490 4479/4479 4489/4489
f 4493/4493 4492/4492 4491/4491
f 4492/4492 4494/4494 4491/4491
f 4495/4495 4491/4491 4494/4494
f 4496/4496 4494/4494 4492/4492
f 4497/4497 4496/4496 4492/4492
f 4498/4498 4496/4496 4497/4497
f 4499/4499 4498/4498 4497/4497
f 4500/4500 4496/4496 4498/4498
f 4496/4496 4500/4500 4494/4494
f 4501/4501 4500/4500 4498/4498
f 4502/4502 4495/4495 4494/4494
f 4500/4500 4502/4502 4494/4494
f 4503/4503 4500/4500 4501/4501
f 4502/4502 4500/4500 4503/4503
f 4504/4504 4503/4503 4501/4501
f 4505/4505 4502/4502 4503/4503
f 4495/4495 4502/4502 4505/4505
f 4506/4506 4495/4495 4505/4505
f 4509/4509 4508/4508 4507/4507
f 4508/4508 4510/4510 4507/4507
f 4511/4511 4507/4507 4510/4510
f 4512/4512 4510/4510 4508/4508
f 4513/4513 4512/4512 4508/4508
f 4514/4514 4512/4512 4513/4513
f 4515/4515 4514/4514 4513/4513
f 4516/4516 4512/4512 4514/4514
f 4512/4512 4516/4516 4510/4510
f 4517/4517 4516/4516 4514/4514
f 4518/4518 4511/4511 4510/4510
f 4516/4516 4518/4518 4510/4510
f 4519/4519 4516/4516 4517/4517
f 4516/4516 4519/4519 4518/4518
f 4520/4520 4519/4519 4517/4517
f 4519/4519 4521/4521 4518/4518
f 4511/4511 4518/4518 4521/4521
f 4522/4522 4511/4511 4521/4521
f 4525/4525 4524/4524 4523/4523
f 4524/4524 4526/4526 4523/4523
f 4527/4527 4523/4523 4526/4526
f 4432/4432 4527/4527 4526/4526
f 4527/4527 4432/4432 4433/4433
f 4528/4528 4527/4527 4433/4433
f 4531/4531 4530/4530 4529/4529
f 4532/4532 4531/4531 4529/4529
f 4535/4535 4534/4534 4533/4533
f 4536/4536 4535/4535 4533/4533
f 4536/4536 4533/4533 4537/4537
f 4538/4538 4536/4536 4537/4537
f 4539/4539 4536/4536 4538/4538
f 4535/4535 4536/4536 4539/4539
f 4540/4540 4539/4539 4538/4538
f 4540/4540 4541/4541 4539/4539
f 4542/4542 4535/4535 4539/4539
f 4543/4543 4535/4535 4542/4542
f 4544/4544 4543/4543 4542/4542
f 4544/4544 4542/4542 4545/4545
f 4541/4541 4546/4546 4539/4539
f 4542/4542 4539/4539 4546/4546
f 4542/4542 4547/4547 4545/4545
f 4547/4547 4542/4542 4546/4546
f 4545/4545 4547/4547 4548/4548
f 4546/4546 4541/4541 4549/4549
f 4541/4541 4550/4550 4549/4549
f 4551/4551 4547/4547 4546/4546
f 4547/4547 4551/4551 4548/4548
f 4549/4549 4551/4551 4546/4546
f 4552/4552 4549/4549 4550/4550
f 4551/4551 4549/4549 4552/4552
f 4553/4553 4552/4552 4550/4550
f 4554/4554 4551/4551 4552/4552
f 4548/4548 4551/4551 4554/4554
f 4555/4555 4548/4548 4554/4554
f 4558/4558 4557/4557 4556/4556
f 4557/4557 4559/4559 4556/4556
f 4560/4560 4556/4556 4559/4559
f 4561/4561 4559/4559 4557/4557
f 4562/4562 4561/4561 4557/4557
f 4563/4563 4560/4560 4559/4559
f 4563/4563 4559/4559 4561/4561
f 4564/4564 4561/4561 4562/4562
f 4565/4565 4564/4564 4562/4562
f 4561/4561 4564/4564 4566/4566
f 4566/4566 4563/4563 4561/4561
f 4564/4564 4567/4567 4566/4566
f 4568/4568 4566/4566 4567/4567
f 4566/4566 4568/4568 4563/4563
f 4569/4569 4568/4568 4567/4567
f 4568/4568 4570/4570 4563/4563
f 4560/4560 4563/4563 4570/4570
f 4571/4571 4560/4560 4570/4570
f 4574/4574 4573/4573 4572/4572
f 4573/4573 4575/4575 4572/4572
f 4576/4576 4572/4572 4575/4575
f 4577/4577 4575/4575 4573/4573
f 4578/4578 4577/4577 4573/4573
f 4579/4579 4577/4577 4578/4578
f 4580/4580 4579/4579 4578/4578
f 4581/4581 4577/4577 4579/4579
f 4577/4577 4581/4581 4575/4575
f 4582/4582 4581/4581 4579/4579
f 4583/4583 4576/4576 4575/4575
f 4581/4581 4583/4583 4575/4575
f 4584/4584 4581/4581 4582/4582
f 4581/4581 4584/4584 4583/4583
f 4585/4585 4584/4584 4582/4582
f 4584/4584 4586/4586 4583/4583
f 4576/4576 4583/4583 4586/4586
f 4587/4587 4576/4576 4586/4586
f 4590/4590 4589/4589 4588/4588
f 4589/4589 4591/4591 4588/4588
f 4592/4592 4588/4588 4591/4591
f 4593/4593 4591/4591 4589/4589
f 4594/4594 4593/4593 4589/4589
f 4595/4595 4593/4593 4594/4594
f 4596/4596 4595/4595 4594/4594
f 4597/4597 4593/4593 4595/4595
f 4593/4593 4597/4597 4591/4591
f 4598/4598 4597/4597 4595/4595
f 4599/4599 4592/4592 4591/4591
f 4597/4597 4599/4599 4591/4591
f 4600/4600 4597/4597 4598/4598
f 4599/4599 4597/4597 4600/4600
f 4601/4601 4600/4600 4598/4598
f 4602/4602 4599/4599 4600/4600
f 4592/4592 4599/4599 4602/4602
f 4603/4603 4592/4592 4602/4602
f 4606/4606 4605/4605 4604/4604
f 4605/4605 4607/4607 4604/4604
f 4608/4608 4604/4604 4607/4607
f 4609/4609 4607/4607 4605/4605
f 4610/4610 4609/4609 4605/4605
f 4611/4611 4609/4609 4610/4610
f 4612/4612 4611/4611 4610/4610
f 4613/4613 4609/4609 4611/4611
f 4609/4609 4613/4613 4607/4607
f 4614/4614 4613/4613 4611/4611
f 4615/4615 4608/4608 4607/4607
f 4613/4613 4615/4615 4607/4607
f 4616/4616 4613/4613 4614/4614
f 4613/4613 4616/4616 4615/4615
f 4617/4617 4616/4616 4614/4614
f 4616/4616 4618/4618 4615/4615
f 4608/4608 4615/4615 4618/4618
f 4619/4619 4608/4608 4618/4618
f 4622/4622 4621/4621 4620/4620
f 4621/4621 4623/4623 4620/4620
f 4624/4624 4620/4620 4623/4623
f 4529/4529 4624/4624 4623/4623
f 4624/4624 4529/4529 4530/4530
f 4625/4625 4624/4624 4530/4530
f 4628/4628 4627/4627 4626/4626
f 4629/4629 4628/4628 4626/4626
f 4629/4629 4626/4626 4630/4630
f 4631/4631 4629/4629 4630/4630
f 4628/4628 4629/4629 4632/4632
f 4632/4632 4629/4629 4631/4631
f 4633/4633 4632/4632 4631/4631
f 4634/4634 4628/4628 4632/4632
f 4633/4633 4635/4635 4632/4632
f 4635/4635 4636/4636 4632/4632
f 4634/4634 4632/4632 4636/4636
f 4636/4636 4635/4635 4637/4637
f 4635/4635 4638/4638 4637/4637
f 4639/4639 4637/4637 4638/4638
f 4640/4640 4639/4639 4638/4638
f 4641/4641 4637/4637 4639/4639
f 4637/4637 4641/4641 4636/4636
f 4642/4642 4641/4641 4639/4639
f 4643/4643 4634/4634 4636/4636
f 4641/4641 4643/4643 4636/4636
f 4644/4644 4641/4641 4642/4642
f 4643/4643 4641/4641 4644/4644
f 4645/4645 4644/4644 4642/4642
f 4646/4646 4643/4643 4644/4644
f 4634/4634 4643/4643 4646/4646
f 4647/4647 4634/4634 4646/4646
f 4650/4650 4649/4649 4648/4648
f 4649/4649 4651/4651 4648/4648
f 4652/4652 4648/4648 4651/4651
f 4653/4653 4651/4651 4649/4649
f 4654/4654 4653/4653 4649/4649
f 4655/4655 4652/4652 4651/4651
f 4655/4655 4651/4651 4653/4653
f 4656/4656 4653/4653 4654/4654
f 4657/4657 4656/4656 4654/4654
f 4653/4653 4656/4656 4658/4658
f 4658/4658 4655/4655 4653/4653
f 4656/4656 4659/4659 4658/4658
f 4660/4660 4658/4658 4659/4659
f 4658/4658 4660/4660 4655/4655
f 4661/4661 4660/4660 4659/4659
f 4660/4660 4662/4662 4655/4655
f 4652/4652 4655/4655 4662/4662
f 4663/4663 4652/4652 4662/4662
f 4666/4666 4665/4665 4664/4664
f 4665/4665 4667/4667 4664/4664
f 4668/4668 4664/4664 4667/4667
f 4669/4669 4667/4667 4665/4665
f 4670/4670 4669/4669 4665/4665
f 4671/4671 4669/4669 4670/4670
f 4672/4672 4671/4671 4670/4670
f 4673/4673 4669/4669 4671/4671
f 4669/4669 4673/4673 4667/4667
f 4674/4674 4673/4673 4671/4671
f 4675/4675 4668/4668 4667/4667
f 4673/4673 4675/4675 4667/4667
f 4676/4676 4673/4673 4674/4674
f 4673/4673 4676/4676 4675/4675
f 4677/4677 4676/4676 4674/4674
f 4676/4676 4678/4678 4675/4675
f 4668/4668 4675/4675 4678/4678
f 4679/4679 4668/4668 4678/4678
f 4682/4682 4681/4681 4680/4680
f 4681/4681 4683/4683 4680/4680
f 4684/4684 4680/4680 4683/4683
f 4685/4685 4683/4683 4681/4681
f 4686/4686 4685/4685 4681/4681
f 4687/4687 4685/4685 4686/4686
f 4688/4688 4687/4687 4686/4686
f 4689/4689 4685/4685 4687/4687
f 4685/4685 4689/4689 4683/4683
f 4690/4690 4689/4689 4687/4687
f 4691/4691 4684/4684 4683/4683
f 4689/4689 4691/4691 4683/4683
f 4692/4692 4689/4689 4690/4690
f 4691/4691 4689/4689 4692/4692
f 4693/4693 4692/4692 4690/4690
f 4694/4694 4691/4691 4692/4692
f 4684/4684 4691/4691 4694/4694
f 4695/4695 4684/4684 4694/4694
f 4698/4698 4697/4697 4696/4696
f 4697/4697 4699/4699 4696/4696
f 4700/4700 4696/4696 4699/4699
f 4701/4701 4699/4699 4697/4697
f 4702/4702 4701/4701 4697/4697
f 4703/4703 4701/4701 4702/4702
f 4704/4704 4703/4703 4702/4702
f 4705/4705 4701/4701 4703/4703
f 4701/4701 4705/4705 4699/4699
f 4706/4706 4705/4705 4703/4703
f 4707/4707 4700/4700 4699/4699
f 4705/4705 4707/4707 4699/4699
f 4708/4708 4705/4705 4706/4706
f 4705/4705 4708/4708 4707/4707
f 4709/4709 4708/4708 4706/4706
f 4708/4708 4710/4710 4707/4707
f 4700/4700 4707/4707 4710/4710
f 4711/4711 4700/4700 4710/4710
f 4714/4714 4713/4713 4712/4712
f 4713/4713 4715/4715 4712/4712
f 4716/4716 4712/4712 4715/4715
f 4717/4717 4716/4716 4715/4715
f 4716/4716 4717/4717 4718/4718
f 4719/4719 4716/4716 4718/4718
f 4720/4720 4718/4718 4717/4717
f 4721/4721 4720/4720 4717/4717
f 4720/4720 4721/4721 4722/4722
f 4723/4723 4720/4720 4722/4722
f 4726/4726 4725/4725 4724/4724
f 4727/4727 4726/4726 4724/4724
f 4728/4728 4727/4727 4724/4724
f 4729/4729 4728/4728 4724/4724
f 4732/4732 4731/4731 4730/4730
f 4733/4733 4732/4732 4730/4730
f 4734/4734 4733/4733 4730/4730
f 4735/4735 4734/4734 4730/4730
f 4738/4738 4737/4737 4736/4736
f 4736/4736 4737/4737 4739/4739
f 4740/4740 4736/4736 4739/4739
f 4740/4740 4739/4739 4741/4741
f 4742/4742 4740/4740 4741/4741
f 4740/4740 4742/4742 4743/4743
f 4744/4744 4740/4740 4743/4743
f 4736/4736 4740/4740 4744/4744
f 4745/4745 4736/4736 4744/4744
f 4745/4745 4746/4746 4736/4736
f 4749/4749 4748/4748 4747/4747
f 4749/4749 4750/4750 4748/4748
f 4750/4750 4751/4751 4748/4748
f 4754/4754 4753/4753 4752/4752
f 4753/4753 4755/4755 4752/4752
f 4753/4753 4756/4756 4755/4755
f 4756/4756 4757/4757 4755/4755
f 4756/4756 4758/4758 4757/4757
f 4758/4758 4759/4759 4757/4757
f 4759/4759 4758/4758 4760/4760
f 4758/4758 4761/4761 4760/4760
f 4760/4760 4761/4761 4762/4762
f 4761/4761 4763/4763 4762/4762
f 4762/4762 4763/4763 4764/4764
f 4763/4763 4765/4765 4764/4764
f 4768/4768 4767/4767 4766/4766
f 4769/4769 4768/4768 4766/4766
f 4769/4769 4766/4766 4731/4731
f 4770/4770 4768/4768 4769/4769
f 4732/4732 4769/4769 4731/4731
f 4771/4771 4770/4770 4769/4769
f 4772/4772 4770/4770 4771/4771
f 4732/4732 4773/4773 4769/4769
f 4773/4773 4771/4771 4769/4769
f 4774/4774 4772/4772 4771/4771
f 4772/4772 4774/4774 4775/4775
f 4774/4774 4776/4776 4775/4775
f 4777/4777 4774/4774 4771/4771
f 4776/4776 4774/4774 4777/4777
f 4773/4773 4777/4777 4771/4771
f 4778/4778 4777/4777 4773/4773
f 4779/4779 4776/4776 4777/4777
f 4779/4779 4777/4777 4778/4778
f 4780/4780 4779/4779 4778/4778
f 4781/4781 4780/4780 4778/4778
f 4782/4782 4781/4781 4778/4778
f 4782/4782 4778/4778 4783/4783
f 4784/4784 4773/4773 4732/4732
f 4784/4784 4778/4778 4773/4773
f 4778/4778 4784/4784 4783/4783
f 4733/4733 4784/4784 4732/4732
f 4783/4783 4784/4784 4734/4734
f 4784/4784 4733/4733 4734/4734
f 4787/4787 4786/4786 4785/4785
f 4788/4788 4787/4787 4785/4785
f 4787/4787 4788/4788 4789/4789
f 4785/4785 4790/4790 4788/4788
f 4788/4788 4791/4791 4789/4789
f 4789/4789 4791/4791 4792/4792
f 4791/4791 4793/4793 4792/4792
f 4792/4792 4793/4793 4794/4794
f 4793/4793 4795/4795 4794/4794
f 4793/4793 4796/4796 4795/4795
f 4793/4793 4791/4791 4796/4796
f 4796/4796 4797/4797 4795/4795
f 4797/4797 4796/4796 4798/4798
f 4796/4796 4799/4799 4798/4798
f 4791/4791 4800/4800 4796/4796
f 4796/4796 4800/4800 4799/4799
f 4791/4791 4788/4788 4800/4800
f 4800/4800 4801/4801 4799/4799
f 4788/4788 4802/4802 4800/4800
f 4800/4800 4802/4802 4801/4801
f 4790/4790 4802/4802 4788/4788
f 4802/4802 4803/4803 4801/4801
f 4802/4802 4790/4790 4803/4803
f 4790/4790 4804/4804 4803/4803
f 4807/4807 4806/4806 4805/4805
f 4808/4808 4806/4806 4807/4807
f 4809/4809 4808/4808 4807/4807
f 4810/4810 4734/4734 4735/4735
f 4811/4811 4810/4810 4735/4735
f 4814/4814 4813/4813 4812/4812
f 4815/4815 4814/4814 4812/4812
f 4814/4814 4815/4815 4816/4816
f 4815/4815 4812/4812 4817/4817
f 4812/4812 4818/4818 4817/4817
f 4815/4815 4819/4819 4816/4816
f 4819/4819 4815/4815 4817/4817
f 4816/4816 4819/4819 4820/4820
f 4817/4817 4818/4818 4821/4821
f 4818/4818 4822/4822 4821/4821
f 4819/4819 4823/4823 4820/4820
f 4824/4824 4820/4820 4823/4823
f 4825/4825 4824/4824 4823/4823
f 4825/4825 4823/4823 4826/4826
f 4827/4827 4819/4819 4817/4817
f 4827/4827 4817/4817 4821/4821
f 4823/4823 4819/4819 4827/4827
f 4823/4823 4828/4828 4826/4826
f 4828/4828 4823/4823 4827/4827
f 4826/4826 4828/4828 4829/4829
f 4830/4830 4827/4827 4821/4821
f 4828/4828 4827/4827 4830/4830
f 4830/4830 4821/4821 4831/4831
f 4832/4832 4830/4830 4831/4831
f 4833/4833 4828/4828 4830/4830
f 4833/4833 4830/4830 4832/4832
f 4828/4828 4833/4833 4829/4829
f 4834/4834 4833/4833 4832/4832
f 4829/4829 4833/4833 4834/4834
f 4835/4835 4829/4829 4834/4834
f 4838/4838 4837/4837 4836/4836
f 4839/4839 4838/4838 4836/4836
f 4839/4839 4840/4840 4838/4838
f 4840/4840 4841/4841 4838/4838
f 4844/4844 4843/4843 4842/4842
f 4843/4843 4845/4845 4842/4842
f 4845/4845 4846/4846 4842/4842
f 4846/4846 4847/4847 4842/4842
f 4848/4848 4841/4841 4840/4840
f 4849/4849 4848/4848 4840/4840
f 4846/4846 4851/4851 4850/4850
f 4847/4847 4846/4846 4850/4850
f 4854/4854 4853/4853 4852/4852
f 4855/4855 4854/4854 4852/4852
f 4858/4858 4857/4857 4856/4856
f 4859/4859 4858/4858 4856/4856
f 4862/4862 4861/4861 4860/4860
f 4863/4863 4862/4862 4860/4860
f 4866/4866 4865/4865 4864/4864
f 4867/4867 4866/4866 4864/4864
f 4868/4868 4867/4867 4864/4864
f 4869/4869 4868/4868 4864/4864
f 4872/4872 4871/4871 4870/4870
f 4873/4873 4872/4872 4870/4870
f 4873/4873 4870/4870 4862/4862
f 4870/4870 4861/4861 4862/4862
f 4868/4868 4869/4869 4874/4874
f 4875/4875 4868/4868 4874/4874
f 4878/4878 4877/4877 4876/4876
f 4879/4879 4878/4878 4876/4876
f 4882/4882 4881/4881 4880/4880
f 4883/4883 4882/4882 4880/4880
f 4886/4886 4885/4885 4884/4884
f 4887/4887 4886/4886 4884/4884
f 4890/4890 4889/4889 4888/4888
f 4889/4889 4891/4891 4888/4888
f 4888/4888 4891/4891 4892/4892
f 4891/4891 4893/4893 4892/4892
f 4896/4896 4895/4895 4894/4894
f 4897/4897 4896/4896 4894/4894
f 4893/4893 4899/4899 4898/4898
f 4892/4892 4893/4893 4898/4898
f 4902/4902 4901/4901 4900/4900
f 4903/4903 4902/4902 4900/4900
f 4906/4906 4905/4905 4904/4904
f 4907/4907 4906/4906 4904/4904
f 4910/4910 4909/4909 4908/4908
f 4911/4911 4910/4910 4908/4908
f 4914/4914 4913/4913 4912/4912
f 4915/4915 4914/4914 4912/4912
f 4913/4913 4917/4917 4916/4916
f 4912/4912 4913/4913 4916/4916
f 4917/4917 4919/4919 4918/4918
f 4916/4916 4917/4917 4918/4918
f 4922/4922 4921/4921 4920/4920
f 4923/4923 4922/4922 4920/4920
f 4926/4926 4925/4925 4924/4924
f 4927/4927 4926/4926 4924/4924
f 4930/4930 4929/4929 4928/4928
f 4931/4931 4930/4930 4928/4928
f 4934/4934 4933/4933 4932/4932
f 4935/4935 4934/4934 4932/4932
f 4938/4938 4937/4937 4936/4936
f 4939/4939 4938/4938 4936/4936
f 4942/4942 4941/4941 4940/4940
f 4943/4943 4942/4942 4940/4940
f 4943/4943 4944/4944 4942/4942
f 4944/4944 4945/4945 4942/4942
f 4948/4948 4947/4947 4946/4946
f 4949/4949 4948/4948 4946/4946
f 4950/4950 4945/4945 4944/4944
f 4951/4951 4950/4950 4944/4944
f 4954/4954 4953/4953 4952/4952
f 4955/4955 4954/4954 4952/4952
f 4958/4958 4957/4957 4956/4956
f 4959/4959 4958/4958 4956/4956
f 4962/4962 4961/4961 4960/4960
f 4963/4963 4962/4962 4960/4960
f 4954/4954 4955/4955 4946/4946
f 4947/4947 4954/4954 4946/4946
f 4966/4966 4965/4965 4964/4964
f 4967/4967 4966/4966 4964/4964
f 4970/4970 4969/4969 4968/4968
f 4971/4971 4970/4970 4968/4968
f 4972/4972 4971/4971 4968/4968
f 4973/4973 4972/4972 4968/4968
f 4976/4976 4975/4975 4974/4974
f 4977/4977 4976/4976 4974/4974
f 4980/4980 4979/4979 4978/4978
f 4981/4981 4980/4980 4978/4978
f 4981/4981 4978/4978 4982/4982
f 4983/4983 4981/4981 4982/4982
f 4984/4984 4967/4967 4964/4964
f 4985/4985 4984/4984 4964/4964
f 4974/4974 4987/4987 4986/4986
f 4977/4977 4974/4974 4986/4986
f 4990/4990 4989/4989 4988/4988
f 4991/4991 4990/4990 4988/4988
f 4994/4994 4993/4993 4992/4992
f 4993/4993 4995/4995 4992/4992
f 4992/4992 4995/4995 4996/4996
f 4995/4995 4997/4997 4996/4996
f 4996/4996 4997/4997 4998/4998
f 4997/4997 4999/4999 4998/4998
f 5002/5002 5001/5001 5000/5000
f 5003/5003 5002/5002 5000/5000
f 5006/5006 5005/5005 5004/5004
f 5007/5007 5006/5006 5004/5004
f 5010/5010 5009/5009 5008/5008
f 5011/5011 5010/5010 5008/5008
f 5014/5014 5013/5013 5012/5012
f 5015/5015 5014/5014 5012/5012
f 5018/5018 5017/5017 5016/5016
f 5017/5017 5019/5019 5016/5016
f 5016/5016 5019/5019 5020/5020
f 5019/5019 5021/5021 5020/5020
f 5021/5021 5023/5023 5022/5022
f 5020/5020 5021/5021 5022/5022
f 5026/5026 5025/5025 5024/5024
f 5027/5027 5026/5026 5024/5024
f 5030/5030 5029/5029 5028/5028
f 5031/5031 5030/5030 5028/5028
f 5034/5034 5033/5033 5032/5032
f 5035/5035 5034/5034 5032/5032
f 5038/5038 5037/5037 5036/5036
f 5039/5039 5038/5038 5036/5036
f 5042/5042 5041/5041 5040/5040
f 5043/5043 5042/5042 5040/5040
f 5046/5046 5045/5045 5044/5044
f 5045/5045 5047/5047 5044/5044
f 5045/5045 5048/5048 5047/5047
f 5048/5048 5049/5049 5047/5047
f 5050/5050 5044/5044 5047/5047
f 5051/5051 5050/5050 5047/5047
f 5050/5050 5052/5052 5044/5044
f 5053/5053 5051/5051 5047/5047
f 5049/5049 5053/5053 5047/5047
f 5052/5052 5054/5054 5044/5044
f 5055/5055 5053/5053 5049/5049
f 5052/5052 5056/5056 5054/5054
f 5057/5057 5055/5055 5049/5049
f 5056/5056 5058/5058 5054/5054
f 5059/5059 5055/5055 5057/5057
f 5056/5056 5060/5060 5058/5058
f 5061/5061 5059/5059 5057/5057
f 5060/5060 5062/5062 5058/5058
f 5063/5063 5059/5059 5061/5061
f 5060/5060 5064/5064 5062/5062
f 5065/5065 5063/5063 5061/5061
f 5064/5064 5066/5066 5062/5062
f 5067/5067 5063/5063 5065/5065
f 5068/5068 5067/5067 5065/5065
f 5064/5064 5069/5069 5066/5066
f 5069/5069 5067/5067 5068/5068
f 5069/5069 5070/5070 5066/5066
f 5070/5070 5069/5069 5068/5068
f 5072/5072 5071/5071 4835/4835
f 5071/5071 4829/4829 4835/4835
f 5071/5071 5073/5073 4829/4829
f 5073/5073 4826/4826 4829/4829
f 5073/5073 5074/5074 4826/4826
f 5074/5074 4825/4825 4826/4826
f 5074/5074 5075/5075 4825/4825
f 5075/5075 4824/4824 4825/4825
f 5078/5078 5077/5077 5076/5076
f 5079/5079 5077/5077 5078/5078
f 5080/5080 5078/5078 5076/5076
f 5080/5080 5076/5076 5081/5081
f 5082/5082 5079/5079 5078/5078
f 5083/5083 5078/5078 5080/5080
f 5082/5082 5078/5078 5083/5083
f 5084/5084 5083/5083 5080/5080
f 5085/5085 5082/5082 5083/5083
f 5084/5084 5080/5080 5086/5086
f 5085/5085 5087/5087 5082/5082
f 5082/5082 5088/5088 5079/5079
f 5087/5087 5088/5088 5082/5082
f 5088/5088 5089/5089 5079/5079
f 5087/5087 5090/5090 5088/5088
f 5080/5080 5091/5091 5086/5086
f 5091/5091 5080/5080 5081/5081
f 5092/5092 5086/5086 5091/5091
f 5088/5088 5093/5093 5089/5089
f 5090/5090 5093/5093 5088/5088
f 5093/5093 5094/5094 5089/5089
f 5090/5090 5095/5095 5093/5093
f 5096/5096 5091/5091 5081/5081
f 5096/5096 5092/5092 5091/5091
f 5097/5097 5096/5096 5081/5081
f 5097/5097 5098/5098 5096/5096
f 5093/5093 5099/5099 5094/5094
f 5095/5095 5099/5099 5093/5093
f 5099/5099 5100/5100 5094/5094
f 5095/5095 5101/5101 5099/5099
f 5096/5096 5102/5102 5092/5092
f 5098/5098 5102/5102 5096/5096
f 5102/5102 5103/5103 5092/5092
f 5098/5098 5104/5104 5102/5102
f 5099/5099 5105/5105 5100/5100
f 5101/5101 5105/5105 5099/5099
f 5105/5105 5106/5106 5100/5100
f 5101/5101 5107/5107 5105/5105
f 5102/5102 5108/5108 5103/5103
f 5104/5104 5108/5108 5102/5102
f 5108/5108 5109/5109 5103/5103
f 5108/5108 5104/5104 5110/5110
f 5105/5105 5111/5111 5106/5106
f 5107/5107 5111/5111 5105/5105
f 5111/5111 5112/5112 5106/5106
f 5111/5111 5107/5107 5113/5113
f 5109/5109 5108/5108 5114/5114
f 5114/5114 5108/5108 5110/5110
f 5115/5115 5109/5109 5114/5114
f 5115/5115 5114/5114 5116/5116
f 5114/5114 5110/5110 5117/5117
f 5112/5112 5111/5111 5118/5118
f 5118/5118 5111/5111 5113/5113
f 5119/5119 5112/5112 5118/5118
f 5118/5118 5113/5113 5120/5120
f 5114/5114 5121/5121 5116/5116
f 5121/5121 5114/5114 5117/5117
f 5116/5116 5121/5121 5122/5122
f 5119/5119 5118/5118 5123/5123
f 5123/5123 5118/5118 5120/5120
f 5124/5124 5119/5119 5123/5123
f 5123/5123 5120/5120 5125/5125
f 5121/5121 5117/5117 5126/5126
f 5121/5121 5126/5126 5122/5122
f 5117/5117 5127/5127 5126/5126
f 5122/5122 5126/5126 5128/5128
f 5124/5124 5123/5123 5129/5129
f 5129/5129 5123/5123 5125/5125
f 5130/5130 5124/5124 5129/5129
f 5129/5129 5125/5125 5131/5131
f 5126/5126 5127/5127 5132/5132
f 5126/5126 5132/5132 5128/5128
f 5127/5127 5133/5133 5132/5132
f 5128/5128 5132/5132 5134/5134
f 5130/5130 5129/5129 5135/5135
f 5135/5135 5129/5129 5131/5131
f 5136/5136 5130/5130 5135/5135
f 5135/5135 5131/5131 5137/5137
f 5132/5132 5133/5133 5138/5138
f 5132/5132 5138/5138 5134/5134
f 5133/5133 5139/5139 5138/5138
f 5134/5134 5138/5138 5140/5140
f 5136/5136 5135/5135 5141/5141
f 5141/5141 5135/5135 5137/5137
f 5142/5142 5136/5136 5141/5141
f 5141/5141 5137/5137 5143/5143
f 5138/5138 5139/5139 5144/5144
f 5138/5138 5144/5144 5140/5140
f 5139/5139 5145/5145 5144/5144
f 5140/5140 5144/5144 5146/5146
f 5142/5142 5141/5141 5147/5147
f 5147/5147 5141/5141 5143/5143
f 5148/5148 5142/5142 5147/5147
f 5148/5148 5147/5147 5149/5149
f 5144/5144 5145/5145 5150/5150
f 5144/5144 5150/5150 5146/5146
f 5145/5145 5151/5151 5150/5150
f 5146/5146 5150/5150 5152/5152
f 5147/5147 5143/5143 5153/5153
f 5147/5147 5153/5153 5149/5149
f 5143/5143 5154/5154 5153/5153
f 5153/5153 5154/5154 5155/5155
f 5149/5149 5153/5153 5156/5156
f 5150/5150 5151/5151 5157/5157
f 5150/5150 5157/5157 5152/5152
f 5151/5151 5158/5158 5157/5157
f 5157/5157 5158/5158 5159/5159
f 5160/5160 5153/5153 5155/5155
f 5153/5153 5160/5160 5156/5156
f 5160/5160 5155/5155 5161/5161
f 5152/5152 5157/5157 5162/5162
f 5162/5162 5157/5157 5159/5159
f 5163/5163 5152/5152 5162/5162
f 5162/5162 5159/5159 5164/5164
f 5156/5156 5160/5160 5165/5165
f 5165/5165 5160/5160 5161/5161
f 5166/5166 5156/5156 5165/5165
f 5165/5165 5161/5161 5167/5167
f 5163/5163 5162/5162 5168/5168
f 5168/5168 5162/5162 5164/5164
f 5169/5169 5163/5163 5168/5168
f 5168/5168 5164/5164 5170/5170
f 5166/5166 5165/5165 5171/5171
f 5171/5171 5165/5165 5167/5167
f 5172/5172 5166/5166 5171/5171
f 5172/5172 5171/5171 5173/5173
f 5169/5169 5168/5168 5174/5174
f 5174/5174 5168/5168 5170/5170
f 5175/5175 5169/5169 5174/5174
f 5174/5174 5170/5170 5176/5176
f 5171/5171 5167/5167 5177/5177
f 5171/5171 5177/5177 5173/5173
f 5167/5167 5178/5178 5177/5177
f 5173/5173 5177/5177 5179/5179
f 5175/5175 5174/5174 5180/5180
f 5180/5180 5174/5174 5176/5176
f 5181/5181 5175/5175 5180/5180
f 5180/5180 5176/5176 5182/5182
f 5177/5177 5178/5178 5183/5183
f 5177/5177 5183/5183 5179/5179
f 5178/5178 5184/5184 5183/5183
f 5183/5183 5184/5184 5185/5185
f 5179/5179 5183/5183 5186/5186
f 5181/5181 5180/5180 5187/5187
f 5187/5187 5180/5180 5182/5182
f 5187/5187 5182/5182 5186/5186
f 5188/5188 5181/5181 5187/5187
f 5189/5189 5183/5183 5185/5185
f 5183/5183 5189/5189 5186/5186
f 5189/5189 5187/5187 5186/5186
f 5188/5188 5187/5187 5189/5189
f 5185/5185 5188/5188 5189/5189
f 5192/5192 5191/5191 5190/5190
f 5191/5191 5192/5192 3763/3763
f 5191/5191 5193/5193 5190/5190
f 5190/5190 5193/5193 5194/5194
f 5193/5193 5195/5195 5194/5194
f 5196/5196 5194/5194 5195/5195
f 5197/5197 5196/5196 5195/5195
f 5198/5198 5197/5197 5195/5195
f 5199/5199 5198/5198 5195/5195
f 5200/5200 5199/5199 5195/5195
f 5193/5193 5200/5200 5195/5195
f 5193/5193 5191/5191 5200/5200
f 5191/5191 5201/5201 5200/5200
f 5202/5202 5191/5191 3763/3763
f 5191/5191 5202/5202 5201/5201
f 5202/5202 3763/3763 3761/3761
f 5202/5202 5203/5203 5201/5201
f 5202/5202 3761/3761 5204/5204
f 5203/5203 5202/5202 5204/5204
f 5207/5207 5206/5206 5205/5205
f 5206/5206 5207/5207 5208/5208
f 5209/5209 5207/5207 5205/5205
f 5209/5209 5205/5205 5210/5210
f 5205/5205 5211/5211 5210/5210
f 5210/5210 5211/5211 5212/5212
f 5213/5213 5210/5210 5212/5212
f 5213/5213 5212/5212 5214/5214
f 5215/5215 5209/5209 5210/5210
f 5216/5216 5215/5215 5210/5210
f 5216/5216 5210/5210 5213/5213
f 5215/5215 5217/5217 5209/5209
f 5217/5217 5207/5207 5209/5209
f 5218/5218 5216/5216 5213/5213
f 5217/5217 5219/5219 5207/5207
f 5218/5218 5213/5213 5220/5220
f 5220/5220 5213/5213 5214/5214
f 5221/5221 5218/5218 5220/5220
f 5219/5219 5222/5222 5207/5207
f 5207/5207 5222/5222 5208/5208
f 5222/5222 5219/5219 5223/5223
f 5220/5220 5214/5214 5224/5224
f 5221/5221 5220/5220 5224/5224
f 5214/5214 5225/5225 5224/5224
f 5226/5226 5221/5221 5224/5224
f 5224/5224 5225/5225 5227/5227
f 5208/5208 5222/5222 5228/5228
f 5228/5228 5222/5222 5223/5223
f 5229/5229 5208/5208 5228/5228
f 5228/5228 5223/5223 5230/5230
f 5229/5229 5228/5228 5231/5231
f 5224/5224 5232/5232 5226/5226
f 5232/5232 5224/5224 5227/5227
f 5232/5232 5233/5233 5226/5226
f 5234/5234 5228/5228 5230/5230
f 5228/5228 5234/5234 5231/5231
f 5234/5234 5230/5230 5235/5235
f 5231/5231 5234/5234 5236/5236
f 5237/5237 5232/5232 5227/5227
f 5232/5232 5237/5237 5233/5233
f 5238/5238 5237/5237 5227/5227
f 5238/5238 5236/5236 5237/5237
f 5237/5237 5239/5239 5233/5233
f 5240/5240 5235/5235 5239/5239
f 5240/5240 5234/5234 5235/5235
f 5234/5234 5240/5240 5236/5236
f 5236/5236 5240/5240 5237/5237
f 5237/5237 5240/5240 5239/5239
f 5243/5243 5242/5242 5241/5241
f 5244/5244 5243/5243 5241/5241
f 5241/5241 5242/5242 5245/5245
f 5246/5246 5243/5243 5244/5244
f 5242/5242 5247/5247 5245/5245
f 5248/5248 5246/5246 5244/5244
f 5245/5245 5247/5247 5249/5249
f 5250/5250 5246/5246 5248/5248
f 5247/5247 5251/5251 5249/5249
f 5252/5252 5250/5250 5248/5248
f 5249/5249 5251/5251 5253/5253
f 5254/5254 5250/5250 5252/5252
f 5251/5251 5255/5255 5253/5253
f 5256/5256 5254/5254 5252/5252
f 5253/5253 5255/5255 5256/5256
f 5255/5255 5254/5254 5256/5256
f 5259/5259 5258/5258 5257/5257
f 5260/5260 5259/5259 5257/5257
f 5257/5257 5258/5258 5261/5261
f 5262/5262 5259/5259 5260/5260
f 5258/5258 5263/5263 5261/5261
f 5264/5264 5262/5262 5260/5260
f 5261/5261 5263/5263 5265/5265
f 5266/5266 5262/5262 5264/5264
f 5263/5263 5267/5267 5265/5265
f 5268/5268 5266/5266 5264/5264
f 5265/5265 5267/5267 5269/5269
f 5270/5270 5266/5266 5268/5268
f 5267/5267 5271/5271 5269/5269
f 5272/5272 5270/5270 5268/5268
f 5269/5269 5271/5271 5272/5272
f 5271/5271 5270/5270 5272/5272
f 5275/5275 5274/5274 5273/5273
f 5276/5276 5275/5275 5273/5273
f 5273/5273 5274/5274 5277/5277
f 5278/5278 5275/5275 5276/5276
f 5274/5274 5279/5279 5277/5277
f 5280/5280 5278/5278 5276/5276
f 5277/5277 5279/5279 5281/5281
f 5282/5282 5278/5278 5280/5280
f 5279/5279 5283/5283 5281/5281
f 5284/5284 5282/5282 5280/5280
f 5281/5281 5283/5283 5285/5285
f 5286/5286 5282/5282 5284/5284
f 5283/5283 5287/5287 5285/5285
f 5288/5288 5286/5286 5284/5284
f 5285/5285 5287/5287 5288/5288
f 5287/5287 5286/5286 5288/5288
f 5291/5291 5290/5290 5289/5289
f 5292/5292 5291/5291 5289/5289
f 5289/5289 5290/5290 5293/5293
f 5294/5294 5291/5291 5292/5292
f 5290/5290 5295/5295 5293/5293
f 5296/5296 5294/5294 5292/5292
f 5293/5293 5295/5295 5297/5297
f 5298/5298 5294/5294 5296/5296
f 5295/5295 5299/5299 5297/5297
f 5300/5300 5298/5298 5296/5296
f 5297/5297 5299/5299 5301/5301
f 5302/5302 5298/5298 5300/5300
f 5299/5299 5303/5303 5301/5301
f 5304/5304 5302/5302 5300/5300
f 5301/5301 5303/5303 5304/5304
f 5303/5303 5302/5302 5304/5304
f 5307/5307 5306/5306 5305/5305
f 5308/5308 5307/5307 5305/5305
f 5311/5311 5310/5310 5309/5309
f 5314/5314 5313/5313 5312/5312
f 5317/5317 5316/5316 5315/5315
f 5316/5316 5318/5318 5315/5315
f 5319/5319 5315/5315 5318/5318
f 5320/5320 5318/5318 5316/5316
f 5321/5321 5320/5320 5316/5316
f 5322/5322 5319/5319 5318/5318
f 5322/5322 5318/5318 5320/5320
f 5323/5323 5320/5320 5321/5321
f 5324/5324 5323/5323 5321/5321
f 5325/5325 5320/5320 5323/5323
f 5325/5325 5322/5322 5320/5320
f 5326/5326 5325/5325 5323/5323
f 5326/5326 5327/5327 5325/5325
f 5327/5327 5328/5328 5325/5325
f 5325/5325 5328/5328 5322/5322
f 5327/5327 5329/5329 5328/5328
f 5322/5322 5330/5330 5319/5319
f 5328/5328 5330/5330 5322/5322
f 5330/5330 5331/5331 5319/5319
f 5329/5329 5332/5332 5328/5328
f 5328/5328 5332/5332 5330/5330
f 5330/5330 5333/5333 5331/5331
f 5332/5332 5333/5333 5330/5330
f 5333/5333 5334/5334 5331/5331
f 5335/5335 5332/5332 5329/5329
f 5332/5332 5335/5335 5333/5333
f 5336/5336 5335/5335 5329/5329
f 5335/5335 5337/5337 5333/5333
f 5334/5334 5333/5333 5337/5337
f 5338/5338 5334/5334 5337/5337
f 5341/5341 5340/5340 5339/5339
f 5340/5340 5342/5342 5339/5339
f 5343/5343 5339/5339 5342/5342
f 5344/5344 5342/5342 5340/5340
f 5345/5345 5344/5344 5340/5340
f 5345/5345 5346/5346 5344/5344
f 5346/5346 5347/5347 5344/5344
f 5346/5346 5348/5348 5347/5347
f 5348/5348 5349/5349 5347/5347
f 5348/5348 5350/5350 5349/5349
f 5350/5350 5351/5351 5349/5349
f 5350/5350 5352/5352 5351/5351
f 5352/5352 5353/5353 5351/5351
f 5352/5352 5354/5354 5353/5353
f 5354/5354 5355/5355 5353/5353
f 5355/5355 5354/5354 5356/5356
f 5357/5357 5355/5355 5356/5356
f 5357/5357 5356/5356 5358/5358
f 5359/5359 5357/5357 5358/5358
f 5359/5359 5358/5358 5360/5360
f 5361/5361 5359/5359 5360/5360
f 5361/5361 5360/5360 5362/5362
f 5363/5363 5361/5361 5362/5362
f 5363/5363 5362/5362 5364/5364
f 5365/5365 5363/5363 5364/5364
f 5365/5365 5364/5364 5366/5366
f 5351/5351 5353/5353 5367/5367
f 5353/5353 5355/5355 5368/5368
f 5367/5367 5353/5353 5368/5368
f 5355/5355 5357/5357 5369/5369
f 5368/5368 5355/5355 5369/5369
f 5357/5357 5359/5359 5370/5370
f 5369/5369 5357/5357 5370/5370
f 5359/5359 5361/5361 5371/5371
f 5370/5370 5359/5359 5371/5371
f 5361/5361 5363/5363 5372/5372
f 5371/5371 5361/5361 5372/5372
f 5363/5363 5365/5365 5373/5373
f 5372/5372 5363/5363 5373/5373
f 5374/5374 5351/5351 5367/5367
f 5349/5349 5351/5351 5374/5374
f 5375/5375 5349/5349 5374/5374
f 5347/5347 5349/5349 5375/5375
f 5376/5376 5347/5347 5375/5375
f 5344/5344 5347/5347 5376/5376
f 5377/5377 5344/5344 5376/5376
f 5342/5342 5344/5344 5377/5377
f 5378/5378 5342/5342 5377/5377
f 5378/5378 5343/5343 5342/5342
f 5343/5343 5378/5378 5379/5379
f 5379/5379 5378/5378 5377/5377
f 5380/5380 5343/5343 5379/5379
f 5381/5381 5379/5379 5377/5377
f 5381/5381 5377/5377 5376/5376
f 5382/5382 5381/5381 5376/5376
f 5382/5382 5376/5376 5375/5375
f 5383/5383 5382/5382 5375/5375
f 5383/5383 5375/5375 5374/5374
f 5384/5384 5383/5383 5374/5374
f 5384/5384 5374/5374 5367/5367
f 5385/5385 5384/5384 5367/5367
f 5385/5385 5367/5367 5368/5368
f 5386/5386 5385/5385 5368/5368
f 5386/5386 5368/5368 5369/5369
f 5387/5387 5386/5386 5369/5369
f 5387/5387 5369/5369 5370/5370
f 5388/5388 5387/5387 5370/5370
f 5388/5388 5370/5370 5371/5371
f 5389/5389 5388/5388 5371/5371
f 5389/5389 5371/5371 5372/5372
f 5390/5390 5389/5389 5372/5372
f 5390/5390 5372/5372 5373/5373
f 5391/5391 5390/5390 5373/5373
f 5391/5391 5373/5373 5392/5392
f 5373/5373 5365/5365 5392/5392
f 5393/5393 5391/5391 5392/5392
f 5365/5365 5394/5394 5392/5392
f 5394/5394 5365/5365 5366/5366
f 5392/5392 5395/5395 5393/5393
f 5395/5395 5392/5392 5394/5394
f 5395/5395 5396/5396 5393/5393
f 5397/5397 5395/5395 5394/5394
f 5394/5394 5366/5366 5397/5397
f 5366/5366 5398/5398 5397/5397
f 5401/5401 5400/5400 5399/5399
f 5400/5400 5402/5402 5399/5399
f 5403/5403 5399/5399 5402/5402
f 5404/5404 5402/5402 5400/5400
f 5405/5405 5404/5404 5400/5400
f 5406/5406 5403/5403 5402/5402
f 5406/5406 5402/5402 5404/5404
f 5407/5407 5404/5404 5405/5405
f 5408/5408 5407/5407 5405/5405
f 5404/5404 5407/5407 5409/5409
f 5410/5410 5404/5404 5409/5409
f 5410/5410 5406/5406 5404/5404
f 5410/5410 5409/5409 5411/5411
f 5412/5412 5410/5410 5411/5411
f 5410/5410 5412/5412 5406/5406
f 5412/5412 5411/5411 5413/5413
f 5406/5406 5414/5414 5403/5403
f 5412/5412 5414/5414 5406/5406
f 5414/5414 5415/5415 5403/5403
f 5416/5416 5412/5412 5413/5413
f 5412/5412 5416/5416 5414/5414
f 5416/5416 5413/5413 5417/5417
f 5414/5414 5418/5418 5415/5415
f 5416/5416 5418/5418 5414/5414
f 5418/5418 5419/5419 5415/5415
f 5420/5420 5416/5416 5417/5417
f 5416/5416 5420/5420 5418/5418
f 5420/5420 5417/5417 5421/5421
f 5418/5418 5422/5422 5419/5419
f 5420/5420 5422/5422 5418/5418
f 5422/5422 5423/5423 5419/5419
f 5424/5424 5420/5420 5421/5421
f 5420/5420 5424/5424 5422/5422
f 5424/5424 5421/5421 5425/5425
f 5422/5422 5426/5426 5423/5423
f 5424/5424 5426/5426 5422/5422
f 5426/5426 5427/5427 5423/5423
f 5428/5428 5424/5424 5425/5425
f 5424/5424 5428/5428 5426/5426
f 5428/5428 5425/5425 5429/5429
f 5426/5426 5430/5430 5427/5427
f 5428/5428 5430/5430 5426/5426
f 5430/5430 5431/5431 5427/5427
f 5432/5432 5431/5431 5430/5430
f 5433/5433 5428/5428 5429/5429
f 5433/5433 5429/5429 5434/5434
f 5435/5435 5430/5430 5428/5428
f 5435/5435 5432/5432 5430/5430
f 5433/5433 5435/5435 5428/5428
f 5436/5436 5433/5433 5434/5434
f 5433/5433 5436/5436 5435/5435
f 5436/5436 5434/5434 5437/5437
f 5435/5435 5438/5438 5432/5432
f 5436/5436 5438/5438 5435/5435
f 5438/5438 5439/5439 5432/5432
f 5440/5440 5436/5436 5437/5437
f 5436/5436 5440/5440 5438/5438
f 5440/5440 5437/5437 5441/5441
f 5438/5438 5442/5442 5439/5439
f 5440/5440 5442/5442 5438/5438
f 5442/5442 5443/5443 5439/5439
f 5444/5444 5440/5440 5441/5441
f 5440/5440 5444/5444 5442/5442
f 5444/5444 5441/5441 5445/5445
f 5442/5442 5446/5446 5443/5443
f 5444/5444 5446/5446 5442/5442
f 5446/5446 5447/5447 5443/5443
f 5448/5448 5444/5444 5445/5445
f 5444/5444 5448/5448 5446/5446
f 5448/5448 5445/5445 5449/5449
f 5446/5446 5450/5450 5447/5447
f 5448/5448 5450/5450 5446/5446
f 5450/5450 5451/5451 5447/5447
f 5452/5452 5448/5448 5449/5449
f 5448/5448 5452/5452 5450/5450
f 5450/5450 5453/5453 5451/5451
f 5452/5452 5453/5453 5450/5450
f 5453/5453 5454/5454 5451/5451
f 5453/5453 5455/5455 5454/5454
f 5453/5453 5452/5452 5455/5455
f 5455/5455 5456/5456 5454/5454
f 5452/5452 5457/5457 5455/5455
f 5452/5452 5449/5449 5457/5457
f 5449/5449 5458/5458 5457/5457
f 5461/5461 5460/5460 5459/5459
f 5460/5460 5462/5462 5459/5459
f 5459/5459 5462/5462 5463/5463
f 5462/5462 5460/5460 5464/5464
f 5462/5462 5465/5465 5463/5463
f 5463/5463 5465/5465 5466/5466
f 5467/5467 5462/5462 5464/5464
f 5462/5462 5467/5467 5465/5465
f 5467/5467 5464/5464 5468/5468
f 5465/5465 5469/5469 5466/5466
f 5466/5466 5469/5469 5470/5470
f 5469/5469 5471/5471 5470/5470
f 5470/5470 5471/5471 5472/5472
f 5473/5473 5469/5469 5465/5465
f 5471/5471 5469/5469 5473/5473
f 5474/5474 5473/5473 5465/5465
f 5467/5467 5474/5474 5465/5465
f 5475/5475 5471/5471 5473/5473
f 5471/5471 5476/5476 5472/5472
f 5476/5476 5471/5471 5475/5475
f 5472/5472 5476/5476 5477/5477
f 5478/5478 5476/5476 5475/5475
f 5467/5467 5479/5479 5474/5474
f 5479/5479 5467/5467 5468/5468
f 5479/5479 5480/5480 5474/5474
f 5476/5476 5481/5481 5477/5477
f 5481/5481 5476/5476 5478/5478
f 5477/5477 5481/5481 5482/5482
f 5483/5483 5481/5481 5478/5478
f 5479/5479 5468/5468 5484/5484
f 5479/5479 5484/5484 5480/5480
f 5468/5468 5485/5485 5484/5484
f 5481/5481 5486/5486 5482/5482
f 5481/5481 5483/5483 5486/5486
f 5484/5484 5487/5487 5480/5480
f 5480/5480 5487/5487 5488/5488
f 5489/5489 5484/5484 5485/5485
f 5487/5487 5484/5484 5489/5489
f 5490/5490 5489/5489 5485/5485
f 5491/5491 5487/5487 5489/5489
f 5491/5491 5492/5492 5487/5487
f 5487/5487 5493/5493 5488/5488
f 5492/5492 5493/5493 5487/5487
f 5494/5494 5488/5488 5493/5493
f 5492/5492 5495/5495 5493/5493
f 5496/5496 5494/5494 5493/5493
f 5495/5495 5496/5496 5493/5493
f 5497/5497 5494/5494 5496/5496
f 5495/5495 5498/5498 5496/5496
f 5499/5499 5497/5497 5496/5496
f 5498/5498 5499/5499 5496/5496
f 5498/5498 5500/5500 5499/5499
f 5501/5501 5497/5497 5499/5499
f 5500/5500 5502/5502 5499/5499
f 5502/5502 5501/5501 5499/5499
f 5500/5500 5503/5503 5502/5502
f 5503/5503 5504/5504 5502/5502
f 5504/5504 5503/5503 5505/5505
f 5501/5501 5502/5502 5506/5506
f 5502/5502 5504/5504 5506/5506
f 5507/5507 5504/5504 5505/5505
f 5507/5507 5505/5505 5508/5508
f 5501/5501 5506/5506 5509/5509
f 5483/5483 5501/5501 5509/5509
f 5483/5483 5509/5509 5486/5486
f 5506/5506 5504/5504 5510/5510
f 5504/5504 5507/5507 5510/5510
f 5511/5511 5507/5507 5508/5508
f 5511/5511 5508/5508 5512/5512
f 5486/5486 5509/5509 5513/5513
f 5482/5482 5486/5486 5513/5513
f 5514/5514 5482/5482 5513/5513
f 5509/5509 5506/5506 5515/5515
f 5509/5509 5515/5515 5513/5513
f 5506/5506 5510/5510 5515/5515
f 5514/5514 5513/5513 5516/5516
f 5513/5513 5515/5515 5516/5516
f 5517/5517 5514/5514 5516/5516
f 5510/5510 5507/5507 5518/5518
f 5507/5507 5511/5511 5518/5518
f 5515/5515 5510/5510 5519/5519
f 5515/5515 5519/5519 5516/5516
f 5510/5510 5518/5518 5519/5519
f 5517/5517 5516/5516 5520/5520
f 5516/5516 5519/5519 5520/5520
f 5521/5521 5517/5517 5520/5520
f 5519/5519 5518/5518 5522/5522
f 5519/5519 5522/5522 5520/5520
f 5521/5521 5520/5520 5523/5523
f 5520/5520 5522/5522 5523/5523
f 5524/5524 5521/5521 5523/5523
f 5518/5518 5511/5511 5525/5525
f 5518/5518 5525/5525 5522/5522
f 5524/5524 5523/5523 5526/5526
f 5313/5313 5524/5524 5526/5526
f 5313/5313 5526/5526 5312/5312
f 5522/5522 5527/5527 5523/5523
f 5523/5523 5527/5527 5526/5526
f 5522/5522 5525/5525 5527/5527
f 5511/5511 5528/5528 5525/5525
f 5528/5528 5511/5511 5512/5512
f 5528/5528 5512/5512 5529/5529
f 5527/5527 5530/5530 5526/5526
f 5526/5526 5530/5530 5312/5312
f 5525/5525 5531/5531 5527/5527
f 5525/5525 5528/5528 5531/5531
f 5527/5527 5531/5531 5530/5530
f 5532/5532 5528/5528 5529/5529
f 5528/5528 5532/5532 5531/5531
f 5532/5532 5529/5529 5533/5533
f 5531/5531 5534/5534 5530/5530
f 5531/5531 5532/5532 5534/5534
f 5535/5535 5532/5532 5533/5533
f 5532/5532 5535/5535 5534/5534
f 5535/5535 5533/5533 5536/5536
f 5530/5530 5534/5534 5537/5537
f 5530/5530 5537/5537 5312/5312
f 5534/5534 5535/5535 5538/5538
f 5534/5534 5538/5538 5537/5537
f 5539/5539 5535/5535 5536/5536
f 5535/5535 5539/5539 5538/5538
f 5539/5539 5536/5536 5540/5540
f 5536/5536 5541/5541 5540/5540
f 5539/5539 5540/5540 5542/5542
f 5538/5538 5539/5539 5542/5542
f 5538/5538 5542/5542 5543/5543
f 5537/5537 5538/5538 5543/5543
f 5537/5537 5543/5543 5312/5312
f 5543/5543 5544/5544 5312/5312
f 5312/5312 5544/5544 5314/5314
f 5544/5544 5545/5545 5314/5314
f 5548/5548 5547/5547 5546/5546
f 5549/5549 5548/5548 5546/5546
f 5549/5549 5546/5546 5550/5550
f 5549/5549 5551/5551 5548/5548
f 5551/5551 5552/5552 5548/5548
f 5553/5553 5549/5549 5550/5550
f 5551/5551 5549/5549 5553/5553
f 5553/5553 5550/5550 5554/5554
f 5551/5551 5555/5555 5552/5552
f 5555/5555 5556/5556 5552/5552
f 5555/5555 5551/5551 5557/5557
f 5557/5557 5551/5551 5553/5553
f 5558/5558 5555/5555 5557/5557
f 5559/5559 5553/5553 5554/5554
f 5557/5557 5553/5553 5559/5559
f 5558/5558 5557/5557 5560/5560
f 5560/5560 5557/5557 5559/5559
f 5561/5561 5558/5558 5560/5560
f 5561/5561 5560/5560 5562/5562
f 5559/5559 5554/5554 5309/5309
f 5554/5554 5563/5563 5309/5309
f 5309/5309 5563/5563 5311/5311
f 5563/5563 5564/5564 5311/5311
f 5560/5560 5559/5559 5565/5565
f 5559/5559 5309/5309 5565/5565
f 5560/5560 5565/5565 5562/5562
f 5310/5310 5565/5565 5309/5309
f 5565/5565 5310/5310 5562/5562
f 5310/5310 5566/5566 5562/5562
f 5569/5569 5568/5568 5567/5567
f 5570/5570 5568/5568 5569/5569
f 5571/5571 5569/5569 5567/5567
f 5572/5572 5570/5570 5569/5569
f 5571/5571 5567/5567 5573/5573
f 5572/5572 5574/5574 5570/5570
f 5567/5567 5575/5575 5573/5573
f 5574/5574 5576/5576 5570/5570
f 5577/5577 5573/5573 5575/5575
f 5578/5578 5577/5577 5575/5575
f 5578/5578 5579/5579 5577/5577
f 5579/5579 5580/5580 5577/5577
f 5579/5579 5581/5581 5580/5580
f 5581/5581 5582/5582 5580/5580
f 5581/5581 5583/5583 5582/5582
f 5583/5583 5584/5584 5582/5582
f 5583/5583 5585/5585 5584/5584
f 5585/5585 5586/5586 5584/5584
f 5585/5585 5587/5587 5586/5586
f 5587/5587 5588/5588 5586/5586
f 5588/5588 5587/5587 5589/5589
f 5590/5590 5588/5588 5589/5589
f 5590/5590 5589/5589 5591/5591
f 5592/5592 5590/5590 5591/5591
f 5592/5592 5591/5591 5593/5593
f 5594/5594 5592/5592 5593/5593
f 5594/5594 5593/5593 5595/5595
f 5596/5596 5594/5594 5595/5595
f 5596/5596 5595/5595 5597/5597
f 5598/5598 5596/5596 5597/5597
f 5598/5598 5597/5597 5599/5599
f 5600/5600 5598/5598 5599/5599
f 5599/5599 5601/5601 5600/5600
f 5601/5601 5602/5602 5600/5600
f 5603/5603 5602/5602 5601/5601
f 5604/5604 5603/5603 5601/5601
f 5603/5603 5604/5604 5605/5605
f 5606/5606 5603/5603 5605/5605
f 5606/5606 5605/5605 5607/5607
f 5608/5608 5606/5606 5607/5607
f 5608/5608 5607/5607 5609/5609
f 5607/5607 5610/5610 5609/5609
f 5610/5610 5611/5611 5609/5609
f 5611/5611 5612/5612 5609/5609
f 5613/5613 5612/5612 5611/5611
f 5614/5614 5613/5613 5611/5611
f 5614/5614 5615/5615 5613/5613
f 5615/5615 5616/5616 5613/5613
f 5615/5615 5617/5617 5616/5616
f 5617/5617 5618/5618 5616/5616
f 5617/5617 5619/5619 5618/5618
f 5619/5619 5620/5620 5618/5618
f 5619/5619 5621/5621 5620/5620
f 5621/5621 5622/5622 5620/5620
f 5621/5621 5623/5623 5622/5622
f 5623/5623 5624/5624 5622/5622
f 5623/5623 5625/5625 5624/5624
f 5625/5625 5626/5626 5624/5624
f 5627/5627 5626/5626 5625/5625
f 5628/5628 5627/5627 5625/5625
f 5629/5629 5627/5627 5628/5628
f 5630/5630 5629/5629 5628/5628
f 5631/5631 5629/5629 5630/5630
f 5632/5632 5631/5631 5630/5630
f 5633/5633 5631/5631 5632/5632
f 5634/5634 5633/5633 5632/5632
f 5635/5635 5633/5633 5634/5634
f 5636/5636 5635/5635 5634/5634
f 5637/5637 5635/5635 5636/5636
f 5638/5638 5637/5637 5636/5636
f 5637/5637 5638/5638 5639/5639
f 5640/5640 5637/5637 5639/5639
f 5640/5640 5639/5639 5641/5641
f 5639/5639 5642/5642 5641/5641
f 5641/5641 5642/5642 5576/5576
f 5574/5574 5641/5641 5576/5576
f 5645/5645 5644/5644 5643/5643
f 5648/5648 5647/5647 5646/5646
f 5651/5651 5650/5650 5649/5649
f 5650/5650 5652/5652 5649/5649
f 5650/5650 5653/5653 5652/5652
f 5653/5653 5654/5654 5652/5652
f 5652/5652 5654/5654 5655/5655
f 5656/5656 5652/5652 5655/5655
f 5649/5649 5652/5652 5656/5656
f 5656/5656 5655/5655 5657/5657
f 5655/5655 5658/5658 5657/5657
f 5657/5657 5658/5658 5659/5659
f 5660/5660 5649/5649 5656/5656
f 5660/5660 5661/5661 5649/5649
f 5661/5661 5662/5662 5649/5649
f 5660/5660 5656/5656 5663/5663
f 5656/5656 5657/5657 5663/5663
f 5664/5664 5657/5657 5659/5659
f 5663/5663 5657/5657 5664/5664
f 5664/5664 5659/5659 5665/5665
f 5659/5659 5666/5666 5665/5665
f 5666/5666 5667/5667 5665/5665
f 5668/5668 5663/5663 5664/5664
f 5668/5668 5669/5669 5663/5663
f 5669/5669 5670/5670 5663/5663
f 5668/5668 5664/5664 5671/5671
f 5664/5664 5665/5665 5671/5671
f 5667/5667 5672/5672 5665/5665
f 5665/5665 5672/5672 5671/5671
f 5673/5673 5672/5672 5667/5667
f 5674/5674 5673/5673 5667/5667
f 5673/5673 5675/5675 5672/5672
f 5675/5675 5676/5676 5672/5672
f 5672/5672 5676/5676 5671/5671
f 5676/5676 5677/5677 5671/5671
f 5677/5677 5678/5678 5671/5671
f 5681/5681 5680/5680 5679/5679
f 5680/5680 5682/5682 5679/5679
f 5680/5680 5683/5683 5682/5682
f 5683/5683 5684/5684 5682/5682
f 5682/5682 5684/5684 5685/5685
f 5679/5679 5682/5682 5686/5686
f 5686/5686 5682/5682 5685/5685
f 5687/5687 5679/5679 5686/5686
f 5687/5687 5686/5686 5688/5688
f 5686/5686 5685/5685 5689/5689
f 5686/5686 5689/5689 5688/5688
f 5685/5685 5690/5690 5689/5689
f 5689/5689 5690/5690 5691/5691
f 5688/5688 5689/5689 5692/5692
f 5692/5692 5689/5689 5691/5691
f 5693/5693 5688/5688 5692/5692
f 5693/5693 5692/5692 5694/5694
f 5692/5692 5691/5691 5695/5695
f 5692/5692 5695/5695 5694/5694
f 5691/5691 5696/5696 5695/5695
f 5696/5696 5697/5697 5695/5695
f 5695/5695 5698/5698 5694/5694
f 5697/5697 5698/5698 5695/5695
f 5698/5698 5699/5699 5694/5694
f 5700/5700 5699/5699 5698/5698
f 5701/5701 5700/5700 5698/5698
f 5701/5701 5698/5698 5697/5697
f 5702/5702 5701/5701 5697/5697
f 5705/5705 5704/5704 5703/5703
f 5704/5704 5706/5706 5703/5703
f 5704/5704 5707/5707 5706/5706
f 5707/5707 5708/5708 5706/5706
f 5703/5703 5706/5706 5709/5709
f 5710/5710 5703/5703 5709/5709
f 5710/5710 5709/5709 5711/5711
f 5706/5706 5708/5708 5712/5712
f 5709/5709 5706/5706 5712/5712
f 5708/5708 5713/5713 5712/5712
f 5713/5713 5714/5714 5712/5712
f 5709/5709 5712/5712 5715/5715
f 5709/5709 5715/5715 5711/5711
f 5712/5712 5716/5716 5715/5715
f 5711/5711 5715/5715 5717/5717
f 5718/5718 5711/5711 5717/5717
f 5718/5718 5717/5717 5719/5719
f 5715/5715 5716/5716 5720/5720
f 5717/5717 5715/5715 5720/5720
f 5716/5716 5721/5721 5720/5720
f 5721/5721 5722/5722 5720/5720
f 5717/5717 5720/5720 5723/5723
f 5717/5717 5723/5723 5719/5719
f 5720/5720 5724/5724 5723/5723
f 5723/5723 5725/5725 5719/5719
f 5725/5725 5726/5726 5719/5719
f 5727/5727 5726/5726 5725/5725
f 5728/5728 5727/5727 5725/5725
f 5724/5724 5729/5729 5723/5723
f 5729/5729 5725/5725 5723/5723
f 5728/5728 5725/5725 5729/5729
f 5730/5730 5728/5728 5729/5729
f 5724/5724 5731/5731 5729/5729
f 5731/5731 5732/5732 5729/5729
f 5735/5735 5734/5734 5733/5733
f 5734/5734 5736/5736 5733/5733
f 5734/5734 5737/5737 5736/5736
f 5737/5737 5738/5738 5736/5736
f 5741/5741 5740/5740 5739/5739
f 5740/5740 5742/5742 5739/5739
f 5740/5740 5743/5743 5742/5742
f 5743/5743 5744/5744 5742/5742
f 5747/5747 5746/5746 5745/5745
f 5746/5746 5748/5748 5745/5745
f 5748/5748 5746/5746 5749/5749
f 5750/5750 5748/5748 5749/5749
f 5749/5749 5751/5751 5750/5750
f 5751/5751 5752/5752 5750/5750
f 5750/5750 5752/5752 5753/5753
f 5752/5752 5754/5754 5753/5753
f 5753/5753 5755/5755 5750/5750
f 5755/5755 5748/5748 5750/5750
f 5748/5748 5755/5755 5756/5756
f 5745/5745 5748/5748 5756/5756
f 5745/5745 5756/5756 5757/5757
f 5758/5758 5745/5745 5757/5757
f 5747/5747 5745/5745 5758/5758
f 5759/5759 5747/5747 5758/5758
f 5762/5762 5761/5761 5760/5760
f 5763/5763 5762/5762 5760/5760
f 5763/5763 5760/5760 5764/5764
f 5765/5765 5763/5763 5764/5764
f 5766/5766 5763/5763 5765/5765
f 5767/5767 5766/5766 5765/5765
f 5766/5766 5768/5768 5763/5763
f 5768/5768 5762/5762 5763/5763
f 5768/5768 5769/5769 5762/5762
f 5769/5769 5770/5770 5762/5762
f 5762/5762 5770/5770 5761/5761
f 5769/5769 5771/5771 5770/5770
f 5770/5770 5772/5772 5761/5761
f 5771/5771 5773/5773 5770/5770
f 5770/5770 5773/5773 5772/5772
f 5773/5773 5771/5771 5774/5774
f 5773/5773 5775/5775 5772/5772
f 5776/5776 5773/5773 5774/5774
f 5775/5775 5773/5773 5776/5776
f 5774/5774 5777/5777 5776/5776
f 5778/5778 5775/5775 5776/5776
f 5777/5777 5779/5779 5776/5776
f 5776/5776 5779/5779 5778/5778
f 5779/5779 5780/5780 5778/5778
f 5783/5783 5782/5782 5781/5781
f 5784/5784 5783/5783 5781/5781
f 5785/5785 5783/5783 5784/5784
f 5784/5784 5781/5781 5786/5786
f 5787/5787 5785/5785 5784/5784
f 5788/5788 5784/5784 5786/5786
f 5787/5787 5784/5784 5788/5788
f 5788/5788 5786/5786 5789/5789
f 5790/5790 5787/5787 5788/5788
f 5791/5791 5788/5788 5789/5789
f 5790/5790 5788/5788 5791/5791
f 5791/5791 5789/5789 5792/5792
f 5793/5793 5790/5790 5791/5791
f 5794/5794 5791/5791 5792/5792
f 5793/5793 5791/5791 5794/5794
f 5794/5794 5792/5792 5795/5795
f 5796/5796 5793/5793 5794/5794
f 5797/5797 5794/5794 5795/5795
f 5796/5796 5794/5794 5798/5798
f 5794/5794 5797/5797 5798/5798
f 5801/5801 5800/5800 5799/5799
f 5802/5802 5801/5801 5799/5799
f 5803/5803 5801/5801 5802/5802
f 5804/5804 5803/5803 5802/5802
f 5802/5802 5799/5799 5805/5805
f 5804/5804 5802/5802 5806/5806
f 5806/5806 5802/5802 5805/5805
f 5807/5807 5804/5804 5806/5806
f 5806/5806 5805/5805 5808/5808
f 5807/5807 5806/5806 5808/5808
f 5805/5805 5809/5809 5808/5808
f 5810/5810 5807/5807 5808/5808
f 5813/5813 5812/5812 5811/5811
f 5813/5813 5811/5811 5814/5814
f 5811/5811 5815/5815 5814/5814
f 5818/5818 5817/5817 5816/5816
f 5817/5817 5819/5819 5816/5816
f 5816/5816 5819/5819 5820/5820
f 5817/5817 5821/5821 5819/5819
f 5819/5819 5822/5822 5820/5820
f 5821/5821 5823/5823 5819/5819
f 5819/5819 5823/5823 5822/5822
f 5821/5821 5824/5824 5823/5823
f 5823/5823 5825/5825 5822/5822
f 5824/5824 5826/5826 5823/5823
f 5823/5823 5826/5826 5825/5825
f 5824/5824 5827/5827 5826/5826
f 5826/5826 5828/5828 5825/5825
f 5827/5827 5829/5829 5826/5826
f 5826/5826 5829/5829 5828/5828
f 5827/5827 5830/5830 5829/5829
f 5829/5829 5831/5831 5828/5828
f 5830/5830 5832/5832 5829/5829
f 5829/5829 5832/5832 5831/5831
f 5830/5830 5833/5833 5832/5832
f 5832/5832 5834/5834 5831/5831
f 5833/5833 5835/5835 5832/5832
f 5832/5832 5835/5835 5834/5834
f 5833/5833 5836/5836 5835/5835
f 5835/5835 5837/5837 5834/5834
f 5836/5836 5838/5838 5835/5835
f 5835/5835 5838/5838 5837/5837
f 5838/5838 5836/5836 5839/5839
f 5838/5838 5840/5840 5837/5837
f 5841/5841 5838/5838 5839/5839
f 5840/5840 5838/5838 5841/5841
f 5839/5839 5842/5842 5841/5841
f 5843/5843 5840/5840 5841/5841
f 5842/5842 5844/5844 5841/5841
f 5843/5843 5841/5841 5844/5844
f 5845/5845 5843/5843 5844/5844
f 5847/5847 5846/5846 5815/5815
f 5811/5811 5847/5847 5815/5815
f 5811/5811 5848/5848 5847/5847
f 5812/5812 5848/5848 5811/5811
f 5848/5848 5849/5849 5847/5847
f 5812/5812 5850/5850 5848/5848
f 5848/5848 5851/5851 5849/5849
f 5850/5850 5851/5851 5848/5848
f 5851/5851 5852/5852 5849/5849
f 5850/5850 5853/5853 5851/5851
f 5851/5851 5854/5854 5852/5852
f 5853/5853 5854/5854 5851/5851
f 5854/5854 5855/5855 5852/5852
f 5853/5853 5856/5856 5854/5854
f 5854/5854 5857/5857 5855/5855
f 5856/5856 5857/5857 5854/5854
f 5857/5857 5643/5643 5855/5855
f 5856/5856 5858/5858 5857/5857
f 5857/5857 5645/5645 5643/5643
f 5858/5858 5645/5645 5857/5857
f 5858/5858 5859/5859 5645/5645
f 5859/5859 5860/5860 5645/5645
f 5645/5645 5860/5860 5644/5644
f 5860/5860 5859/5859 5861/5861
f 5860/5860 5862/5862 5644/5644
f 5863/5863 5860/5860 5861/5861
f 5862/5862 5860/5860 5863/5863
f 5863/5863 5861/5861 5864/5864
f 5865/5865 5862/5862 5863/5863
f 5866/5866 5863/5863 5864/5864
f 5865/5865 5863/5863 5866/5866
f 5867/5867 5865/5865 5866/5866
f 5870/5870 5869/5869 5868/5868
f 5869/5869 5871/5871 5868/5868
f 5868/5868 5871/5871 5872/5872
f 5871/5871 5869/5869 5873/5873
f 5871/5871 5874/5874 5872/5872
f 5875/5875 5871/5871 5873/5873
f 5874/5874 5871/5871 5875/5875
f 5873/5873 5876/5876 5875/5875
f 5877/5877 5874/5874 5875/5875
f 5876/5876 5878/5878 5875/5875
f 5875/5875 5878/5878 5877/5877
f 5878/5878 5879/5879 5877/5877
f 5881/5881 5870/5870 5880/5880
f 5870/5870 5868/5868 5880/5880
f 5880/5880 5868/5868 5882/5882
f 5868/5868 5872/5872 5882/5882
f 5885/5885 5884/5884 5883/5883
f 5884/5884 5885/5885 5886/5886
f 5887/5887 5884/5884 5886/5886
f 5887/5887 5886/5886 5888/5888
f 5889/5889 5887/5887 5888/5888
f 5888/5888 5886/5886 5890/5890
f 5886/5886 5891/5891 5890/5890
f 5886/5886 5885/5885 5891/5891
f 5885/5885 5892/5892 5891/5891
f 5892/5892 5885/5885 5893/5893
f 5894/5894 5892/5892 5893/5893
f 5894/5894 5893/5893 5895/5895
f 5896/5896 5894/5894 5895/5895
f 5896/5896 5895/5895 5897/5897
f 5898/5898 5896/5896 5897/5897
f 5898/5898 5897/5897 5899/5899
f 5900/5900 5898/5898 5899/5899
f 5899/5899 5897/5897 5901/5901
f 5897/5897 5902/5902 5901/5901
f 5899/5899 5901/5901 5903/5903
f 5900/5900 5899/5899 5904/5904
f 5904/5904 5899/5899 5903/5903
f 5905/5905 5900/5900 5904/5904
f 5904/5904 5903/5903 5906/5906
f 5905/5905 5904/5904 5907/5907
f 5907/5907 5904/5904 5906/5906
f 5908/5908 5905/5905 5907/5907
f 5908/5908 5907/5907 5909/5909
f 5907/5907 5910/5910 5909/5909
f 5907/5907 5906/5906 5910/5910
f 5906/5906 5911/5911 5910/5910
f 5893/5893 5885/5885 5883/5883
f 5893/5893 5883/5883 5912/5912
f 5895/5895 5893/5893 5912/5912
f 5895/5895 5912/5912 5902/5902
f 5897/5897 5895/5895 5902/5902
f 5915/5915 5914/5914 5913/5913
f 5916/5916 5915/5915 5913/5913
f 5917/5917 5915/5915 5916/5916
f 5916/5916 5913/5913 5918/5918
f 5919/5919 5917/5917 5916/5916
f 5920/5920 5916/5916 5918/5918
f 5919/5919 5916/5916 5920/5920
f 5920/5920 5918/5918 5921/5921
f 5922/5922 5919/5919 5920/5920
f 5923/5923 5920/5920 5921/5921
f 5922/5922 5920/5920 5923/5923
f 5924/5924 5922/5922 5923/5923
f 5923/5923 5921/5921 5925/5925
f 5926/5926 5923/5923 5925/5925
f 5926/5926 5925/5925 5927/5927
f 5928/5928 5926/5926 5927/5927
f 5926/5926 5928/5928 5929/5929
f 5930/5930 5926/5926 5929/5929
f 5646/5646 5932/5932 5931/5931
f 5933/5933 5646/5646 5931/5931
f 5933/5933 5931/5931 5934/5934
f 5648/5648 5646/5646 5933/5933
f 5935/5935 5933/5933 5934/5934
f 5936/5936 5648/5648 5933/5933
f 5936/5936 5933/5933 5935/5935
f 5937/5937 5936/5936 5935/5935
f 5940/5940 5939/5939 5938/5938
f 5941/5941 5940/5940 5938/5938
f 5944/5944 5943/5943 5942/5942
f 5945/5945 5944/5944 5942/5942
f 5945/5945 5942/5942 5946/5946
f 5947/5947 5945/5945 5946/5946
f 5950/5950 5949/5949 5948/5948
f 5949/5949 5951/5951 5948/5948
f 5949/5949 5952/5952 5951/5951
f 5952/5952 5953/5953 5951/5951
f 5956/5956 5955/5955 5954/5954
f 5957/5957 5956/5956 5954/5954
f 5958/5958 5956/5956 5957/5957
f 5959/5959 5958/5958 5957/5957
f 5957/5957 5954/5954 5960/5960
f 5959/5959 5957/5957 5961/5961
f 5961/5961 5957/5957 5960/5960
f 5962/5962 5959/5959 5961/5961
f 5961/5961 5960/5960 5963/5963
f 5962/5962 5961/5961 5963/5963
f 5960/5960 5964/5964 5963/5963
f 5965/5965 5962/5962 5963/5963
f 5968/5968 5967/5967 5966/5966
f 5967/5967 5969/5969 5966/5966
f 5966/5966 5969/5969 5970/5970
f 5967/5967 5971/5971 5969/5969
f 5969/5969 5972/5972 5970/5970
f 5971/5971 5973/5973 5969/5969
f 5969/5969 5973/5973 5972/5972
f 5971/5971 5974/5974 5973/5973
f 5973/5973 5975/5975 5972/5972
f 5974/5974 5976/5976 5973/5973
f 5973/5973 5976/5976 5975/5975
f 5974/5974 5977/5977 5976/5976
f 5976/5976 5978/5978 5975/5975
f 5977/5977 5979/5979 5976/5976
f 5976/5976 5979/5979 5978/5978
f 5977/5977 5980/5980 5979/5979
f 5979/5979 5981/5981 5978/5978
f 5980/5980 5982/5982 5979/5979
f 5979/5979 5982/5982 5981/5981
f 5980/5980 5983/5983 5982/5982
f 5982/5982 5984/5984 5981/5981
f 5983/5983 5985/5985 5982/5982
f 5982/5982 5985/5985 5984/5984
f 5983/5983 5986/5986 5985/5985
f 5985/5985 5987/5987 5984/5984
f 5986/5986 5988/5988 5985/5985
f 5985/5985 5988/5988 5987/5987
f 5988/5988 5986/5986 5989/5989
f 5988/5988 5990/5990 5987/5987
f 5991/5991 5988/5988 5989/5989
f 5990/5990 5988/5988 5991/5991
f 5991/5991 5989/5989 5992/5992
f 5993/5993 5990/5990 5991/5991
f 5994/5994 5991/5991 5992/5992
f 5993/5993 5991/5991 5994/5994
f 5995/5995 5993/5993 5994/5994
f 5998/5998 5997/5997 5996/5996
f 5999/5999 5998/5998 5996/5996
f 6000/6000 5998/5998 5999/5999
f 5996/5996 6001/6001 5999/5999
f 6002/6002 6000/6000 5999/5999
f 6001/6001 6003/6003 5999/5999
f 5999/5999 6003/6003 6002/6002
f 6003/6003 6001/6001 6004/6004
f 6003/6003 6005/6005 6002/6002
f 6006/6006 6003/6003 6004/6004
f 6005/6005 6003/6003 6006/6006
f 6006/6006 6004/6004 5932/5932
f 5647/5647 6005/6005 6006/6006
f 5646/5646 6006/6006 5932/5932
f 5647/5647 6006/6006 5646/5646
f 6009/6009 6008/6008 6007/6007
f 6010/6010 6009/6009 6007/6007
f 6011/6011 6009/6009 6010/6010
f 6012/6012 6011/6011 6010/6010
f 6015/6015 6014/6014 6013/6013
f 6016/6016 6015/6015 6013/6013
f 6017/6017 6015/6015 6016/6016
f 6018/6018 6017/6017 6016/6016
f 6021/6021 6020/6020 6019/6019
f 6022/6022 6021/6021 6019/6019
f 6023/6023 6021/6021 6022/6022
f 6024/6024 6023/6023 6022/6022
f 6027/6027 6026/6026 6025/6025
f 6028/6028 6027/6027 6025/6025
f 6029/6029 6027/6027 6028/6028
f 6030/6030 6029/6029 6028/6028
f 6033/6033 6032/6032 6031/6031
f 6032/6032 6034/6034 6031/6031
f 6031/6031 6034/6034 6035/6035
f 6034/6034 6036/6036 6035/6035
f 6039/6039 6038/6038 6037/6037
f 6040/6040 6039/6039 6037/6037
f 6041/6041 6039/6039 6040/6040
f 6042/6042 6041/6041 6040/6040
f 6045/6045 6044/6044 6043/6043
f 6046/6046 6045/6045 6043/6043
f 6043/6043 6044/6044 6047/6047
f 6048/6048 6045/6045 6046/6046
f 6044/6044 6049/6049 6047/6047
f 6050/6050 6048/6048 6046/6046
f 6047/6047 6049/6049 6051/6051
f 6052/6052 6048/6048 6050/6050
f 6049/6049 6053/6053 6051/6051
f 6054/6054 6052/6052 6050/6050
f 6051/6051 6053/6053 6055/6055
f 6056/6056 6052/6052 6054/6054
f 6053/6053 6057/6057 6055/6055
f 6058/6058 6056/6056 6054/6054
f 6055/6055 6057/6057 6058/6058
f 6057/6057 6056/6056 6058/6058
f 6061/6061 6060/6060 6059/6059
f 6062/6062 6061/6061 6059/6059
f 6059/6059 6060/6060 6063/6063
f 6064/6064 6061/6061 6062/6062
f 6060/6060 6065/6065 6063/6063
f 6066/6066 6064/6064 6062/6062
f 6063/6063 6065/6065 6067/6067
f 6068/6068 6064/6064 6066/6066
f 6065/6065 6069/6069 6067/6067
f 6070/6070 6068/6068 6066/6066
f 6067/6067 6069/6069 6071/6071
f 6072/6072 6068/6068 6070/6070
f 6069/6069 6073/6073 6071/6071
f 6074/6074 6072/6072 6070/6070
f 6071/6071 6073/6073 6074/6074
f 6073/6073 6072/6072 6074/6074
f 6077/6077 6076/6076 6075/6075
f 6078/6078 6077/6077 6075/6075
f 6081/6081 6080/6080 6079/6079
f 6082/6082 6081/6081 6079/6079
f 6085/6085 6084/6084 6083/6083
f 6086/6086 6085/6085 6083/6083
f 6089/6089 6088/6088 6087/6087
f 6090/6090 6089/6089 6087/6087
f 6093/6093 6092/6092 6091/6091
f 6094/6094 6093/6093 6091/6091
f 6097/6097 6096/6096 6095/6095
f 6098/6098 6097/6097 6095/6095
f 6101/6101 6100/6100 6099/6099
f 6102/6102 6101/6101 6099/6099
f 6105/6105 6104/6104 6103/6103
f 6106/6106 6105/6105 6103/6103
f 6109/6109 6108/6108 6107/6107
f 6110/6110 6109/6109 6107/6107
f 6113/6113 6112/6112 6111/6111
f 6114/6114 6113/6113 6111/6111
f 6117/6117 6116/6116 6115/6115
f 6118/6118 6117/6117 6115/6115
f 6121/6121 6120/6120 6119/6119
f 6122/6122 6121/6121 6119/6119
f 6125/6125 6124/6124 6123/6123
f 6127/6127 6125/6125 6126/6126
f 6130/6130 6129/6129 6128/6128
f 6133/6133 6132/6132 6131/6131
f 6136/6136 6135/6135 6134/6134
f 6139/6139 6138/6138 6137/6137
f 6142/6142 6141/6141 6140/6140
f 6145/6145 6144/6144 6143/6143
f 6148/6148 6147/6147 6146/6146
f 6151/6151 6150/6150 6149/6149
f 6154/6154 6153/6153 6152/6152
f 6157/6157 6156/6156 6155/6155
f 6159/6159 6158/6158 6155/6155
f 6158/6158 6160/6160 6155/6155
f 6161/6161 6151/6151 6160/6160
f 6164/6164 6163/6163 6162/6162
f 6167/6167 6166/6166 6165/6165
f 6170/6170 6169/6169 6168/6168
f 6171/6171 6170/6170 6168/6168
f 6126/6126 6125/6125 6123/6123
f 6126/6126 6123/6123 6172/6172
f 6172/6172 6123/6123 6173/6173
f 6174/6174 6172/6172 6173/6173
f 6174/6174 6175/6175 6172/6172
f 6176/6176 6172/6172 6175/6175
f 6176/6176 6126/6126 6172/6172
f 6177/6177 6176/6176 6175/6175
f 6178/6178 6176/6176 6177/6177
f 6176/6176 6178/6178 6126/6126
f 6179/6179 6178/6178 6177/6177
f 6178/6178 6180/6180 6126/6126
f 6180/6180 6127/6127 6126/6126
f 6127/6127 6180/6180 6181/6181
f 6178/6178 6179/6179 6182/6182
f 6178/6178 6182/6182 6180/6180
f 6179/6179 6183/6183 6182/6182
f 6180/6180 6184/6184 6181/6181
f 6182/6182 6184/6184 6180/6180
f 6181/6181 6184/6184 6185/6185
f 6182/6182 6183/6183 6186/6186
f 6182/6182 6186/6186 6184/6184
f 6183/6183 6187/6187 6186/6186
f 6184/6184 6188/6188 6185/6185
f 6186/6186 6188/6188 6184/6184
f 6189/6189 6185/6185 6188/6188
f 6190/6190 6189/6189 6188/6188
f 6188/6188 6186/6186 6190/6190
f 6191/6191 6189/6189 6190/6190
f 6192/6192 6186/6186 6187/6187
f 6186/6186 6192/6192 6190/6190
f 6193/6193 6192/6192 6187/6187
f 6194/6194 6191/6191 6190/6190
f 6190/6190 6192/6192 6194/6194
f 6191/6191 6194/6194 6195/6195
f 6196/6196 6192/6192 6193/6193
f 6192/6192 6196/6196 6194/6194
f 6197/6197 6196/6196 6193/6193
f 6194/6194 6198/6198 6195/6195
f 6194/6194 6196/6196 6198/6198
f 6195/6195 6198/6198 6199/6199
f 6198/6198 6200/6200 6199/6199
f 6196/6196 6197/6197 6201/6201
f 6196/6196 6201/6201 6198/6198
f 6197/6197 6202/6202 6201/6201
f 6198/6198 6201/6201 6142/6142
f 6201/6201 6202/6202 6142/6142
f 6200/6200 6198/6198 6142/6142
f 6202/6202 6141/6141 6142/6142
f 6142/6142 6140/6140 6200/6200
f 6140/6140 6203/6203 6200/6200
f 6206/6206 6205/6205 6204/6204
f 6207/6207 6206/6206 6204/6204
f 6206/6206 6207/6207 6208/6208
f 6209/6209 6208/6208 6207/6207
f 6210/6210 6209/6209 6207/6207
f 6211/6211 6209/6209 6210/6210
f 6212/6212 6211/6211 6210/6210
f 6211/6211 6212/6212 6213/6213
f 6212/6212 6214/6214 6213/6213
f 6213/6213 6214/6214 6215/6215
f 6214/6214 6216/6216 6215/6215
f 6217/6217 6215/6215 6216/6216
f 6218/6218 6217/6217 6216/6216
f 6219/6219 6217/6217 6218/6218
f 6220/6220 6219/6219 6218/6218
f 6219/6219 6220/6220 6221/6221
f 6220/6220 6222/6222 6221/6221
f 6221/6221 6222/6222 6223/6223
f 6222/6222 6224/6224 6223/6223
f 6223/6223 6224/6224 6225/6225
f 6225/6225 6224/6224 6226/6226
f 6229/6229 6228/6228 6227/6227
f 6230/6230 6229/6229 6227/6227
f 6231/6231 6230/6230 6227/6227
f 6232/6232 6231/6231 6227/6227
f 6232/6232 6233/6233 6231/6231
f 6233/6233 6234/6234 6231/6231
f 6233/6233 6235/6235 6234/6234
f 6235/6235 6236/6236 6234/6234
f 6235/6235 6237/6237 6236/6236
f 6237/6237 6238/6238 6236/6236
f 6238/6238 6237/6237 6239/6239
f 6237/6237 6240/6240 6239/6239
f 6239/6239 6240/6240 6241/6241
f 6240/6240 6242/6242 6241/6241
f 6241/6241 6242/6242 6243/6243
f 6242/6242 6244/6244 6243/6243
f 6243/6243 6244/6244 6245/6245
f 6246/6246 6243/6243 6245/6245
f 6246/6246 6245/6245 6247/6247
f 6248/6248 6246/6246 6247/6247
f 6251/6251 6250/6250 6249/6249
f 6252/6252 6251/6251 6249/6249
f 6224/6224 6253/6253 6226/6226
f 6224/6224 6222/6222 6253/6253
f 6222/6222 6254/6254 6253/6253
f 6222/6222 6220/6220 6254/6254
f 6254/6254 6255/6255 6253/6253
f 6255/6255 6256/6256 6253/6253
f 6257/6257 6255/6255 6254/6254
f 6220/6220 6258/6258 6254/6254
f 6258/6258 6257/6257 6254/6254
f 6220/6220 6218/6218 6258/6258
f 6257/6257 6258/6258 6259/6259
f 6218/6218 6260/6260 6258/6258
f 6258/6258 6260/6260 6259/6259
f 6259/6259 6260/6260 6261/6261
f 6218/6218 6216/6216 6260/6260
f 6260/6260 6262/6262 6261/6261
f 6216/6216 6262/6262 6260/6260
f 6263/6263 6261/6261 6262/6262
f 6262/6262 6216/6216 6264/6264
f 6264/6264 6263/6263 6262/6262
f 6216/6216 6214/6214 6264/6264
f 6265/6265 6263/6263 6264/6264
f 6264/6264 6214/6214 6266/6266
f 6266/6266 6265/6265 6264/6264
f 6214/6214 6212/6212 6266/6266
f 6265/6265 6266/6266 6267/6267
f 6266/6266 6212/6212 6268/6268
f 6266/6266 6268/6268 6267/6267
f 6267/6267 6268/6268 6269/6269
f 6212/6212 6210/6210 6268/6268
f 6268/6268 6204/6204 6269/6269
f 6268/6268 6210/6210 6204/6204
f 6210/6210 6207/6207 6204/6204
f 6272/6272 6271/6271 6270/6270
f 6273/6273 6272/6272 6270/6270
f 6273/6273 6274/6274 6272/6272
f 6274/6274 6275/6275 6272/6272
f 6274/6274 6276/6276 6275/6275
f 6276/6276 6277/6277 6275/6275
f 6276/6276 6278/6278 6277/6277
f 6278/6278 6279/6279 6277/6277
f 6279/6279 6278/6278 6280/6280
f 6278/6278 6281/6281 6280/6280
f 6280/6280 6281/6281 6282/6282
f 6281/6281 6283/6283 6282/6282
f 6282/6282 6283/6283 6284/6284
f 6283/6283 6285/6285 6284/6284
f 6284/6284 6285/6285 6286/6286
f 6287/6287 6284/6284 6286/6286
f 6290/6290 6289/6289 6288/6288
f 6291/6291 6290/6290 6288/6288
f 6294/6294 6293/6293 6292/6292
f 6295/6295 6294/6294 6292/6292
f 6298/6298 6297/6297 6296/6296
f 6299/6299 6298/6298 6296/6296
f 6298/6298 6299/6299 6300/6300
f 6301/6301 6145/6145 6143/6143
f 6301/6301 6302/6302 6145/6145
f 6305/6305 6304/6304 6303/6303
f 6306/6306 6305/6305 6303/6303
f 6309/6309 6308/6308 6307/6307
f 6310/6310 6309/6309 6307/6307
f 6310/6310 6311/6311 6309/6309
f 6314/6314 6313/6313 6312/6312
f 6315/6315 6314/6314 6312/6312
f 6302/6302 6317/6317 6316/6316
f 6145/6145 6302/6302 6316/6316
f 6299/6299 6319/6319 6318/6318
f 6300/6300 6299/6299 6318/6318
f 6322/6322 6321/6321 6320/6320
f 6314/6314 6322/6322 6320/6320
f 6322/6322 6314/6314 6315/6315
f 6310/6310 6324/6324 6323/6323
f 6311/6311 6310/6310 6323/6323
f 6327/6327 6326/6326 6325/6325
f 6328/6328 6327/6327 6325/6325
f 6329/6329 6328/6328 6325/6325
f 6330/6330 6329/6329 6325/6325
f 6333/6333 6332/6332 6331/6331
f 6334/6334 6333/6333 6331/6331
f 6335/6335 6334/6334 6331/6331
f 6336/6336 6335/6335 6331/6331
f 6335/6335 6336/6336 6337/6337
f 6149/6149 6335/6335 6337/6337
f 6335/6335 6149/6149 6338/6338
f 6149/6149 6150/6150 6338/6338
f 6339/6339 6149/6149 6337/6337
f 6340/6340 6339/6339 6337/6337
f 6339/6339 6151/6151 6149/6149
f 6158/6158 6159/6159 6341/6341
f 6342/6342 6158/6158 6341/6341
f 6345/6345 6344/6344 6343/6343
f 6346/6346 6345/6345 6343/6343
f 6349/6349 6348/6348 6347/6347
f 6350/6350 6349/6349 6347/6347
f 6350/6350 6351/6351 6349/6349
f 6354/6354 6353/6353 6352/6352
f 6355/6355 6354/6354 6352/6352
f 6358/6358 6357/6357 6356/6356
f 6359/6359 6358/6358 6356/6356
f 6360/6360 6358/6358 6359/6359
f 6165/6165 6362/6362 6361/6361
f 6167/6167 6165/6165 6361/6361
f 6363/6363 6360/6360 6359/6359
f 6364/6364 6363/6363 6359/6359
f 6147/6147 6354/6354 6146/6146
f 6354/6354 6355/6355 6146/6146
f 6350/6350 6366/6366 6365/6365
f 6351/6351 6350/6350 6365/6365
f 6166/6166 6368/6368 6367/6367
f 6165/6165 6166/6166 6367/6367
f 6371/6371 6370/6370 6369/6369
f 6372/6372 6371/6371 6369/6369
f 6369/6369 6373/6373 6372/6372
f 6373/6373 6374/6374 6372/6372
f 6377/6377 6376/6376 6375/6375
f 6378/6378 6377/6377 6375/6375
f 6381/6381 6380/6380 6379/6379
f 6382/6382 6381/6381 6379/6379
f 6385/6385 6384/6384 6383/6383
f 6386/6386 6385/6385 6383/6383
f 6389/6389 6388/6388 6387/6387
f 6390/6390 6389/6389 6387/6387
f 6393/6393 6392/6392 6391/6391
f 6394/6394 6393/6393 6391/6391
f 6397/6397 6396/6396 6395/6395
f 6398/6398 6397/6397 6395/6395
f 6401/6401 6400/6400 6399/6399
f 6400/6400 6152/6152 6399/6399
f 6400/6400 6402/6402 6152/6152
f 6400/6400 6403/6403 6402/6402
f 6403/6403 6404/6404 6402/6402
f 6402/6402 6405/6405 6152/6152
f 6405/6405 6154/6154 6152/6152
f 6402/6402 6406/6406 6405/6405
f 6406/6406 6407/6407 6405/6405
f 6406/6406 6162/6162 6407/6407
f 6406/6406 6164/6164 6162/6162
f 6162/6162 6408/6408 6407/6407
f 6162/6162 6409/6409 6408/6408
f 6409/6409 6410/6410 6408/6408
f 6408/6408 6411/6411 6407/6407
f 6411/6411 6412/6412 6407/6407
f 6336/6336 6413/6413 6337/6337
f 6413/6413 6414/6414 6337/6337
f 6340/6340 6337/6337 6414/6414
f 6157/6157 6340/6340 6414/6414
f 6340/6340 6157/6157 6155/6155
f 6339/6339 6340/6340 6155/6155
f 6160/6160 6339/6339 6155/6155
f 6151/6151 6339/6339 6160/6160
f 6417/6417 6416/6416 6415/6415
f 6418/6418 6417/6417 6415/6415
f 6421/6421 6420/6420 6419/6419
f 6422/6422 6421/6421 6419/6419
f 6425/6425 6424/6424 6423/6423
f 6426/6426 6425/6425 6423/6423
f 6429/6429 6428/6428 6427/6427
f 6430/6430 6429/6429 6427/6427
f 6433/6433 6432/6432 6431/6431
f 6434/6434 6433/6433 6431/6431
f 6437/6437 6436/6436 6435/6435
f 6438/6438 6437/6437 6435/6435
f 6441/6441 6440/6440 6439/6439
f 6442/6442 6441/6441 6439/6439
f 6445/6445 6444/6444 6443/6443
f 6446/6446 6445/6445 6443/6443
f 6449/6449 6448/6448 6447/6447
f 6450/6450 6449/6449 6447/6447
f 6453/6453 6452/6452 6451/6451
f 6454/6454 6453/6453 6451/6451
f 6457/6457 6456/6456 6455/6455
f 6458/6458 6457/6457 6455/6455
f 6461/6461 6460/6460 6459/6459
f 6462/6462 6461/6461 6459/6459
f 6465/6465 6464/6464 6463/6463
f 6466/6466 6465/6465 6463/6463
f 6469/6469 6468/6468 6467/6467
f 6472/6472 6471/6471 6470/6470
f 6475/6475 6474/6474 6473/6473
f 6478/6478 6477/6477 6476/6476
f 6481/6481 6480/6480 6479/6479
f 6484/6484 6483/6483 6482/6482
f 6487/6487 6486/6486 6485/6485
f 6488/6488 6487/6487 6485/6485
f 6491/6491 6490/6490 6489/6489
f 6492/6492 6491/6491 6489/6489
f 6495/6495 6494/6494 6493/6493
f 6496/6496 6495/6495 6493/6493
f 6499/6499 6498/6498 6497/6497
f 6500/6500 6499/6499 6497/6497
f 6503/6503 6502/6502 6501/6501
f 6504/6504 6503/6503 6501/6501
f 6507/6507 6506/6506 6505/6505
f 6506/6506 6491/6491 6505/6505
f 6506/6506 6490/6490 6491/6491
f 6509/6509 6486/6486 6508/6508
f 6486/6486 6510/6510 6508/6508
f 6486/6486 6487/6487 6510/6510
f 6513/6513 6512/6512 6511/6511
f 6512/6512 6503/6503 6511/6511
f 6503/6503 6512/6512 6502/6502
f 6515/6515 6498/6498 6514/6514
f 6498/6498 6516/6516 6514/6514
f 6516/6516 6498/6498 6499/6499
f 6471/6471 6517/6517 6470/6470
f 6517/6517 6518/6518 6470/6470
f 6518/6518 6519/6519 6470/6470
f 6522/6522 6521/6521 6520/6520
f 6523/6523 6522/6522 6520/6520
f 6526/6526 6525/6525 6524/6524
f 6527/6527 6526/6526 6524/6524
f 6526/6526 6527/6527 6528/6528
f 6529/6529 6526/6526 6528/6528
f 6530/6530 6529/6529 6528/6528
f 6530/6530 6531/6531 6529/6529
f 6531/6531 6532/6532 6529/6529
f 6469/6469 6530/6530 6528/6528
f 6468/6468 6469/6469 6528/6528
f 6533/6533 6468/6468 6528/6528
f 6530/6530 6469/6469 6534/6534
f 6534/6534 6469/6469 6467/6467
f 6467/6467 6535/6535 6534/6534
f 6535/6535 6536/6536 6534/6534
f 6537/6537 6530/6530 6534/6534
f 6536/6536 6538/6538 6534/6534
f 6538/6538 6537/6537 6534/6534
f 6538/6538 6536/6536 6520/6520
f 6521/6521 6538/6538 6520/6520
f 6537/6537 6538/6538 6539/6539
f 6540/6540 6537/6537 6539/6539
f 6543/6543 6542/6542 6541/6541
f 6544/6544 6543/6543 6541/6541
f 6547/6547 6546/6546 6545/6545
f 6546/6546 6548/6548 6545/6545
f 6549/6549 6548/6548 6546/6546
f 6552/6552 6551/6551 6550/6550
f 6553/6553 6552/6552 6550/6550
f 6556/6556 6555/6555 6554/6554
f 6557/6557 6556/6556 6554/6554
f 6560/6560 6559/6559 6558/6558
f 6561/6561 6560/6560 6558/6558
f 6563/6563 6562/6562 6555/6555
f 6564/6564 6563/6563 6555/6555
f 6556/6556 6564/6564 6555/6555
f 6567/6567 6566/6566 6565/6565
f 6552/6552 6567/6567 6565/6565
f 6551/6551 6552/6552 6565/6565
f 6548/6548 6549/6549 6568/6568
f 6569/6569 6548/6548 6568/6568
f 6531/6531 6530/6530 6537/6537
f 6540/6540 6531/6531 6537/6537
f 6572/6572 6571/6571 6570/6570
f 6571/6571 6560/6560 6570/6570
f 6571/6571 6559/6559 6560/6560
f 6575/6575 6574/6574 6573/6573
f 6574/6574 6576/6576 6573/6573
f 6577/6577 6573/6573 6576/6576
f 6578/6578 6577/6577 6576/6576
f 6581/6581 6580/6580 6579/6579
f 6582/6582 6581/6581 6579/6579
f 6585/6585 6584/6584 6583/6583
f 6586/6586 6585/6585 6583/6583
f 6589/6589 6588/6588 6587/6587
f 6590/6590 6589/6589 6587/6587
f 6593/6593 6592/6592 6591/6591
f 6594/6594 6593/6593 6591/6591
f 6597/6597 6596/6596 6595/6595
f 6598/6598 6597/6597 6595/6595
f 6601/6601 6600/6600 6599/6599
f 6602/6602 6601/6601 6599/6599
f 6605/6605 6604/6604 6603/6603
f 6606/6606 6605/6605 6603/6603
f 6607/6607 6605/6605 6606/6606
f 6608/6608 6605/6605 6607/6607
f 6609/6609 6608/6608 6607/6607
f 6610/6610 6607/6607 6606/6606
f 6611/6611 6607/6607 6610/6610
f 6612/6612 6610/6610 6606/6606
f 6613/6613 6612/6612 6606/6606
f 6614/6614 6611/6611 6610/6610
f 6615/6615 6611/6611 6614/6614
f 6616/6616 6611/6611 6615/6615
f 6617/6617 6616/6616 6615/6615
f 6618/6618 6615/6615 6614/6614
f 6619/6619 6615/6615 6618/6618
f 6620/6620 6619/6619 6618/6618
f 6621/6621 6618/6618 6614/6614
f 6622/6622 6621/6621 6614/6614
f 6625/6625 6624/6624 6623/6623
f 6626/6626 6625/6625 6623/6623
f 6629/6629 6628/6628 6627/6627
f 6628/6628 6630/6630 6627/6627
f 6628/6628 6631/6631 6630/6630
f 6631/6631 6632/6632 6630/6630
f 6632/6632 6631/6631 6633/6633
f 6634/6634 6632/6632 6633/6633
f 6634/6634 6633/6633 6635/6635
f 6636/6636 6634/6634 6635/6635
f 6635/6635 6637/6637 6636/6636
f 6637/6637 6638/6638 6636/6636
f 6637/6637 6639/6639 6638/6638
f 6639/6639 6640/6640 6638/6638
f 6640/6640 6639/6639 6641/6641
f 6642/6642 6640/6640 6641/6641
f 6642/6642 6641/6641 6643/6643
f 6644/6644 6642/6642 6643/6643
f 6647/6647 6646/6646 6645/6645
f 6646/6646 6648/6648 6645/6645
f 6648/6648 6646/6646 6649/6649
f 6652/6652 6651/6651 6650/6650
f 6651/6651 6653/6653 6650/6650
f 6653/6653 6654/6654 6650/6650
f 6654/6654 6655/6655 6650/6650
f 6656/6656 6655/6655 6654/6654
f 6657/6657 6656/6656 6654/6654
f 6658/6658 6656/6656 6657/6657
f 6659/6659 6658/6658 6657/6657
f 6660/6660 6658/6658 6659/6659
f 6661/6661 6660/6660 6659/6659
f 6660/6660 6661/6661 6662/6662
f 6663/6663 6660/6660 6662/6662
f 6663/6663 6662/6662 6664/6664
f 6665/6665 6663/6663 6664/6664
f 6665/6665 6664/6664 6666/6666
f 6667/6667 6665/6665 6666/6666
f 6667/6667 6666/6666 6668/6668
f 6666/6666 6669/6669 6668/6668
f 6668/6668 6669/6669 6670/6670
f 6669/6669 6671/6671 6670/6670
f 6649/6649 6672/6672 6648/6648
f 6672/6672 6673/6673 6648/6648
f 6648/6648 6673/6673 6645/6645
f 6672/6672 6674/6674 6673/6673
f 6673/6673 6675/6675 6645/6645
f 6645/6645 6675/6675 6676/6676
f 6675/6675 6677/6677 6676/6676
f 6674/6674 6678/6678 6673/6673
f 6673/6673 6678/6678 6675/6675
f 6678/6678 6674/6674 6679/6679
f 6675/6675 6680/6680 6677/6677
f 6678/6678 6680/6680 6675/6675
f 6680/6680 6681/6681 6677/6677
f 6682/6682 6678/6678 6679/6679
f 6678/6678 6682/6682 6680/6680
f 6682/6682 6679/6679 6683/6683
f 6681/6681 6680/6680 6684/6684
f 6682/6682 6684/6684 6680/6680
f 6685/6685 6681/6681 6684/6684
f 6686/6686 6682/6682 6683/6683
f 6682/6682 6686/6686 6684/6684
f 6683/6683 6687/6687 6686/6686
f 6685/6685 6684/6684 6688/6688
f 6686/6686 6688/6688 6684/6684
f 6689/6689 6685/6685 6688/6688
f 6688/6688 6690/6690 6689/6689
f 6688/6688 6686/6686 6690/6690
f 6690/6690 6691/6691 6689/6689
f 6687/6687 6692/6692 6686/6686
f 6686/6686 6692/6692 6690/6690
f 6687/6687 6693/6693 6692/6692
f 6690/6690 6694/6694 6691/6691
f 6690/6690 6692/6692 6694/6694
f 6694/6694 6695/6695 6691/6691
f 6693/6693 6696/6696 6692/6692
f 6692/6692 6696/6696 6694/6694
f 6696/6696 6693/6693 6697/6697
f 6695/6695 6694/6694 6698/6698
f 6694/6694 6696/6696 6698/6698
f 6699/6699 6695/6695 6698/6698
f 6700/6700 6696/6696 6697/6697
f 6696/6696 6700/6700 6698/6698
f 6700/6700 6697/6697 6701/6701
f 6699/6699 6698/6698 6702/6702
f 6698/6698 6700/6700 6702/6702
f 6703/6703 6699/6699 6702/6702
f 6700/6700 6704/6704 6702/6702
f 6702/6702 6704/6704 6705/6705
f 6707/6707 6706/6706 6644/6644
f 6706/6706 6708/6708 6644/6644
f 6709/6709 6708/6708 6706/6706
f 6709/6709 6710/6710 6708/6708
f 6642/6642 6644/6644 6708/6708
f 6710/6710 6711/6711 6708/6708
f 6711/6711 6642/6642 6708/6708
f 6710/6710 6712/6712 6711/6711
f 6711/6711 6713/6713 6642/6642
f 6712/6712 6713/6713 6711/6711
f 6713/6713 6640/6640 6642/6642
f 6713/6713 6712/6712 6714/6714
f 6713/6713 6715/6715 6640/6640
f 6715/6715 6713/6713 6714/6714
f 6715/6715 6638/6638 6640/6640
f 6715/6715 6714/6714 6716/6716
f 6715/6715 6717/6717 6638/6638
f 6717/6717 6715/6715 6716/6716
f 6717/6717 6636/6636 6638/6638
f 6716/6716 6718/6718 6717/6717
f 6636/6636 6717/6717 6634/6634
f 6718/6718 6719/6719 6717/6717
f 6717/6717 6719/6719 6634/6634
f 6718/6718 6720/6720 6719/6719
f 6634/6634 6719/6719 6632/6632
f 6720/6720 6721/6721 6719/6719
f 6719/6719 6721/6721 6632/6632
f 6721/6721 6720/6720 6722/6722
f 6632/6632 6721/6721 6630/6630
f 6723/6723 6721/6721 6722/6722
f 6721/6721 6723/6723 6630/6630
f 6723/6723 6722/6722 6724/6724
f 6630/6630 6723/6723 6725/6725
f 6725/6725 6723/6723 6724/6724
f 6627/6627 6630/6630 6725/6725
f 6724/6724 6726/6726 6725/6725
f 6627/6627 6725/6725 6727/6727
f 6725/6725 6726/6726 6727/6727
f 6730/6730 6729/6729 6728/6728
f 6731/6731 6730/6730 6728/6728
f 6704/6704 6732/6732 6705/6705
f 6704/6704 6701/6701 6732/6732
f 6704/6704 6700/6700 6701/6701
f 6735/6735 6734/6734 6733/6733
f 6734/6734 6736/6736 6733/6733
f 6737/6737 6736/6736 6734/6734
f 6738/6738 6737/6737 6734/6734
f 6739/6739 6737/6737 6738/6738
f 6740/6740 6739/6739 6738/6738
f 6741/6741 6739/6739 6740/6740
f 6742/6742 6741/6741 6740/6740
f 6741/6741 6742/6742 6743/6743
f 6744/6744 6741/6741 6743/6743
f 6744/6744 6743/6743 6745/6745
f 6746/6746 6744/6744 6745/6745
f 6746/6746 6745/6745 6747/6747
f 6748/6748 6746/6746 6747/6747
f 6748/6748 6747/6747 6749/6749
f 6747/6747 6750/6750 6749/6749
f 6753/6753 6752/6752 6751/6751
f 6754/6754 6753/6753 6751/6751
f 6757/6757 6756/6756 6755/6755
f 6758/6758 6757/6757 6755/6755
f 6761/6761 6760/6760 6759/6759
f 6762/6762 6761/6761 6759/6759