mtllib Boot_1.mtl
g Boots_Group63270.001
v -0.004892871 0.006947856 -0.002835666
v -0.005206035 0.005496121 -0.003464993
v -0.005448382 0.008995569 -0.003442538
v -0.002485533 0.001236403 0.0002830318
v -0.002532809 0.001400797 0.0008539894
v -0.003142368 0.002124243 0.0007264769
v -0.002532809 0.001400797 0.0008539894
v -0.003714815 0.002010727 0.001584786
v -0.003142368 0.002124243 0.0007264769
v -0.004433649 0.003803756 -0.001059082
v -0.004093278 0.003165437 -4.471391E-05
v -0.005499789 0.001802056 0.0002570912
v -0.004922587 0.004045655 -0.002027512
v -0.004433649 0.003803756 -0.001059082
v -0.005499789 0.001802056 0.0002570912
v -0.00283229 0.0002927852 -0.000640358
v -0.002334814 0.0003811192 0.0005457482
v -0.002632411 0.001859803 -0.0005088842
v -0.003975101 0.004661088 -0.003643734
v -0.005189973 0.009024079 -0.003527267
v -0.005200326 0.007941421 -0.004086492
v -0.005888568 0.01261289 -0.004003085
v -0.005200326 0.007941421 -0.004086492
v -0.005594731 0.01114195 -0.003901666
v -0.003975101 0.004661088 -0.003643734
v -0.002872909 0.006817751 -0.0031595
v -0.002801428 0.009628559 -0.003011309
v 0.004892871 0.006947856 -0.002835666
v 0.005448382 0.008995569 -0.003442538
v 0.005206035 0.005496121 -0.003464993
v 0.002485533 0.001236403 0.0002830318
v 0.003142368 0.002124243 0.0007264769
v 0.002532809 0.001400797 0.0008539894
v 0.002532809 0.001400797 0.0008539894
v 0.003142368 0.002124243 0.0007264769
v 0.003714815 0.002010727 0.001584786
v 0.004433649 0.003803756 -0.001059082
v 0.005499789 0.001802056 0.0002570912
v 0.004093278 0.003165437 -4.471391E-05
v 0.004922587 0.004045655 -0.002027512
v 0.005499789 0.001802056 0.0002570912
v 0.004433649 0.003803756 -0.001059082
v 0.00283229 0.0002927852 -0.000640358
v 0.002632411 0.001859803 -0.0005088842
v 0.002334814 0.0003811192 0.0005457482
v 0.003975101 0.004661088 -0.003643734
v 0.005200326 0.007941421 -0.004086492
v 0.005189973 0.009024079 -0.003527267
v 0.005888568 0.01261289 -0.004003085
v 0.005594731 0.01114195 -0.003901666
v 0.005200326 0.007941421 -0.004086492
v 0.003975101 0.004661088 -0.003643734
v 0.002801428 0.009628559 -0.003011309
v 0.002872909 0.006817751 -0.0031595
v -0.002311568 0.0003646731 0.0005435094
v -0.002449397 0.0003241658 0.001785184
v -0.002839294 0.000373528 -0.0008626744
v -0.005876389 0.0002987599 -0.0006877984
v -0.005678709 0.001032021 -0.00199263
v -0.002996075 0.001204188 -0.002275344
v -0.005769768 0.001372931 -0.003034457
v -0.002832631 0.001449168 -0.003125788
v -0.005849354 0.00137831 -0.003889364
v -0.002665483 0.0013957 -0.00390236
v -0.005952908 0.0002335572 0.001780934
v -0.005633519 0.001324654 -0.005288491
v -0.003946393 0.0005406737 0.004041247
v -0.004777499 0.0005043221 0.003637079
v -0.003264381 0.0004755783 0.003610144
v -0.004733793 0.001354358 -0.006044347
v -0.005287155 0.001329188 -0.005774513
v -0.004024162 0.001375349 -0.00610182
v -0.003166798 0.001362569 -0.005791832
v -0.002738221 0.001333721 -0.005123056
v -0.005737982 0.001099157 -0.003167887
v -0.00300548 0.0010168 -0.002386425
v -0.002883716 0.001169398 -0.003148452
v -0.005683201 0.0009390592 -0.002242485
v -0.00283048 0.0001222873 -0.0008332559
v -0.005873993 9.229899E-05 -0.0006794446
v -0.006124246 -4.737377E-06 0.0007138803
v -0.002383537 0.0001016259 0.001694055
v -0.002362744 0.0001451611 0.0002927056
v -0.005717303 9.293556E-05 0.002214846
v -0.004555142 0.0002965331 0.003868896
v -0.003211267 0.0002505779 0.003571601
v -0.003746871 0.0002769303 0.004024056
v -0.005737982 0.001099157 -0.003167887
v -0.002883716 0.001169398 -0.003148452
v -0.005641167 4.940033E-06 -0.00332742
v -0.002757552 6.234646E-05 -0.003342084
v -0.004424709 1.091719E-05 -0.005917718
v -0.004024162 0.001375349 -0.00610182
v -0.004733793 0.001354358 -0.006044347
v -0.003652039 2.539635E-05 -0.005844649
v -0.003166798 0.001362569 -0.005791832
v -0.002984393 9.938717E-05 -0.005320062
v -0.002738221 0.001333721 -0.005123056
v -0.002984393 9.938717E-05 -0.005320062
v -0.003652039 2.539635E-05 -0.005844649
v -0.002757552 6.234646E-05 -0.003342084
v -0.004424709 1.091719E-05 -0.005917718
v -0.005641167 4.940033E-06 -0.00332742
v -0.005264825 2.044439E-05 -0.005576373
v -0.005673749 5.714178E-05 -0.004049478
v -0.005717303 9.293556E-05 0.002214846
v -0.006124246 -4.737377E-06 0.0007138803
v -0.005952908 0.0002335572 0.001780934
v -0.005876389 0.0002987599 -0.0006877984
v -0.005873993 9.229899E-05 -0.0006794446
v -0.005683201 0.0009390592 -0.002242485
v -0.005678709 0.001032021 -0.00199263
v -0.005769768 0.001372931 -0.003034457
v -0.005737982 0.001099157 -0.003167887
v -0.005849354 0.00137831 -0.003889364
v -0.005641167 4.940033E-06 -0.00332742
v -0.005673749 5.714178E-05 -0.004049478
v -0.005633519 0.001324654 -0.005288491
v -0.005264825 2.044439E-05 -0.005576373
v -0.005287155 0.001329188 -0.005774513
v -0.004733793 0.001354358 -0.006044347
v -0.004424709 1.091719E-05 -0.005917718
v -0.002362744 0.0001451611 0.0002927056
v -0.002311568 0.0003646731 0.0005435094
v -0.002839294 0.000373528 -0.0008626744
v -0.00283048 0.0001222873 -0.0008332559
v -0.002311568 0.0003646731 0.0005435094
v -0.002362744 0.0001451611 0.0002927056
v -0.002383537 0.0001016259 0.001694055
v -0.002449397 0.0003241658 0.001785184
v -0.003211267 0.0002505779 0.003571601
v -0.003264381 0.0004755783 0.003610144
v -0.003746871 0.0002769303 0.004024056
v -0.003946393 0.0005406737 0.004041247
v -0.004845439 0.01028852 -0.005418955
v -0.004326725 0.007411336 -0.005313642
v -0.004519379 0.01492023 -0.006080662
v -0.003517858 0.01501512 -0.006074278
v -0.004295531 0.01987967 -0.006126982
v -0.005098202 0.02017639 -0.005884483
v -0.004827331 0.02422758 -0.00551743
v -0.002988295 0.02410217 -0.005770619
v -0.002889102 0.01879781 -0.005994814
v -0.002273572 0.01523202 -0.005474869
v -0.00167069 0.02406648 -0.004609566
v -0.003731865 0.007301008 -0.005154493
v -0.00433818 0.005179667 -0.005515593
v -0.002032855 0.01801176 -0.005364814
v -0.001428186 0.0179373 -0.004246196
v -0.001598532 0.01516062 -0.00436609
v -0.002039552 0.01233409 -0.00411884
v -0.002600546 0.00915523 -0.004221137
v -0.003193163 0.006415176 -0.004682991
v -0.002617703 0.0068332 -0.003600242
v -0.002736506 0.005761494 -0.003992847
v -0.002814124 0.004637741 -0.004592584
v -0.003770286 0.005236873 -0.005301113
v -0.004002235 0.002924538 -0.006210432
v -0.004695372 0.003845669 -0.005805591
v -0.00506271 0.002988983 -0.006074582
v -0.004826707 0.001397789 -0.0060516
v -0.003159028 0.003834632 -0.005615165
v -0.002603434 0.003112849 -0.005105675
v -0.002926156 0.002396637 -0.005728971
v -0.002500684 0.002023938 -0.00471586
v -0.002816135 0.001374783 -0.00528422
v -0.003753799 0.001448638 -0.006085079
v -0.004069425 0.001156731 -0.00595844
v -0.004826707 0.001397789 -0.0060516
v -0.00506271 0.002988983 -0.006074582
v -0.005462085 0.001304553 -0.005511582
v -0.005758122 0.002269006 -0.005102347
v -0.005420453 0.004349592 -0.004886257
v -0.004695372 0.003845669 -0.005805591
v -0.00433818 0.005179667 -0.005515593
v -0.005696158 0.001531365 -0.003725416
v -0.005501026 0.001307173 -0.00353775
v -0.004953944 0.005911171 -0.005117089
v -0.004326725 0.007411336 -0.005313642
v -0.005650601 0.003436198 -0.004186132
v -0.005360437 0.003969689 -0.00362576
v -0.005770111 0.00164664 -0.003306195
v -0.005645765 0.001060188 -0.002107016
v -0.005496388 0.00319293 -0.003688059
v -0.005723281 0.001544695 -0.0007987362
v -0.00581242 0.0002982163 -0.0005465904
v -0.006082133 0.0003591275 0.0004408091
v -0.005568709 0.0026605 -0.001837891
v -0.005499789 0.001802056 0.0002570912
v -0.004922587 0.004045655 -0.002027512
v -0.004797602 0.004719236 -0.002152378
v -0.005835617 0.0006185937 0.001723142
v -0.006000532 0.0002034354 0.001158401
v -0.005120322 0.001521995 0.001651189
v -0.004882763 0.001194291 0.003466059
v -0.005206035 0.005496121 -0.003464993
v -0.004892871 0.006947856 -0.002835666
v -0.005354159 0.005707202 -0.004061169
v -0.005491296 0.007903156 -0.004065366
v -0.005448382 0.008995569 -0.003442538
v -0.005049544 0.007861762 -0.004931201
v -0.004845439 0.01028852 -0.005418955
v -0.005696771 0.01455083 -0.005525338
v -0.004519379 0.01492023 -0.006080662
v -0.005098202 0.02017639 -0.005884483
v -0.006178948 0.01255494 -0.003977932
v -0.005868502 0.01149744 -0.003233031
v -0.005416738 0.009144113 -0.003107611
v -0.004892871 0.006947856 -0.002835666
v -0.005853361 0.01940747 -0.005310353
v -0.004827331 0.02422758 -0.00551743
v -0.00595552 0.0243279 -0.004364904
v -0.006277457 0.01499361 -0.004650084
v -0.006354892 0.01886141 -0.004402972
v -0.006180762 0.02436124 -0.003390999
v -0.006399744 0.017793 -0.003248314
v -0.006322116 0.0145695 -0.003486031
v -0.006081603 0.01287062 -0.003324742
v -0.005984903 0.01640288 -0.002531793
v -0.006239246 0.02242621 -0.003136412
v -0.005991855 0.02438731 -0.002130867
v -0.00303163 0.004373936 -0.002105679
v -0.003548069 0.003436876 -0.000371944
v -0.003553261 0.003864527 -0.001092838
v -0.004433649 0.003803756 -0.001059082
v -0.004093278 0.003165437 -4.471391E-05
v -0.003142368 0.002124243 0.0007264769
v -0.003904423 0.002417238 0.0008676156
v -0.003714815 0.002010727 0.001584786
v -0.004398366 0.002018509 0.001445967
v -0.005499789 0.001802056 0.0002570912
v -0.005120322 0.001521995 0.001651189
v -0.004554857 0.001389101 0.003714844
v -0.004882763 0.001194291 0.003466059
v -0.003833485 0.001649642 0.003152229
v -0.004069924 0.001320136 0.003967998
v -0.003187033 0.001254647 0.003299909
v -0.002532809 0.001400797 0.0008539894
v -0.003519766 0.001182661 0.00379432
v -0.004826707 0.001397789 -0.0060516
v -0.005462085 0.001304553 -0.005511582
v -0.004069425 0.001156731 -0.00595844
v -0.005501026 0.001307173 -0.00353775
v -0.003002461 0.001315582 -0.003088145
v -0.002816135 0.001374783 -0.00528422
v -0.003753799 0.001448638 -0.006085079
v -0.002703008 0.001497705 -0.003639872
v -0.003092715 0.0009461522 -0.001910791
v -0.005645765 0.001060188 -0.002107016
v -0.005027861 0.0001694131 -0.0006777245
v -0.00581242 0.0002982163 -0.0005465904
v -0.00283229 0.0002927852 -0.000640358
v -0.006000532 0.0002034354 0.001158401
v -0.006082133 0.0003591275 0.0004408091
v -0.002502087 0.0002756763 0.001757941
v -0.002334814 0.0003811192 0.0005457482
v -0.003903337 0.0004484725 0.003992414
v -0.004731996 0.0005083442 0.003666487
v -0.003365548 0.0005159545 0.00371986
v -0.004555142 0.0002965331 0.003868896
v -0.003946393 0.0005406737 0.004041247
v -0.003746871 0.0002769303 0.004024056
v -0.004777499 0.0005043221 0.003637079
v -0.005717303 9.293556E-05 0.002214846
v -0.005952908 0.0002335572 0.001780934
v -0.002839294 0.000373528 -0.0008626744
v -0.002996075 0.001204188 -0.002275344
v -0.00283048 0.0001222873 -0.0008332559
v -0.00300548 0.0010168 -0.002386425
v -0.002883716 0.001169398 -0.003148452
v -0.002832631 0.001449168 -0.003125788
v -0.002665483 0.0013957 -0.00390236
v -0.002740674 0.0005909371 -0.003966713
v -0.002738221 0.001333721 -0.005123056
v -0.002757552 6.234646E-05 -0.003342084
v -0.002984393 9.938717E-05 -0.005320062
v -0.002811316 0.02109154 -0.001439925
v -0.003524603 0.02430281 -0.0004917682
v -0.00209166 0.02421324 -0.001496337
v -0.001938549 0.02113308 -0.002260093
v -0.00248118 0.01615034 -0.002262273
v -0.003950438 0.01727159 -0.0015216
v -0.003542513 0.01384965 -0.001785884
v -0.001505432 0.02141116 -0.003169667
v -0.001486136 0.02412607 -0.003022181
v -0.00158229 0.01737068 -0.003140207
v -0.001506314 0.02049041 -0.003725745
v -0.00167069 0.02406648 -0.004609566
v -0.001428186 0.0179373 -0.004246196
v -0.001613006 0.01528492 -0.003855472
v -0.001598532 0.01516062 -0.00436609
v -0.002039552 0.01233409 -0.00411884
v -0.002182914 0.01327374 -0.002669417
v -0.002022359 0.01212886 -0.003496907
v -0.00285825 0.009651016 -0.002504825
v -0.003412658 0.009501373 -0.002207102
v -0.003464025 0.007567356 -0.002199469
v -0.00256411 0.009620496 -0.002871869
v -0.002926727 0.005244485 -0.002542598
v -0.00379977 0.006020698 -0.002099485
v -0.003832303 0.005279491 -0.001845114
v -0.003657599 0.004758097 -0.001578335
v -0.002399257 0.009653963 -0.003556256
v -0.002600546 0.00915523 -0.004221137
v -0.002617703 0.0068332 -0.003600242
v -0.002605107 0.006821501 -0.003088901
v -0.002624001 0.004108972 -0.002883212
v -0.00303163 0.004373936 -0.002105679
v -0.003553261 0.003864527 -0.001092838
v -0.002630637 0.00456578 -0.003674899
v -0.002736506 0.005761494 -0.003992847
v -0.002814124 0.004637741 -0.004592584
v -0.002603434 0.003112849 -0.005105675
v -0.002465625 0.003004846 -0.003514883
v -0.002500684 0.002023938 -0.00471586
v -0.002703008 0.001497705 -0.003639872
v -0.002816135 0.001374783 -0.00528422
v -0.002629732 0.002567341 -0.001751882
v -0.003092715 0.0009461522 -0.001910791
v -0.002688793 0.001961851 0.000230335
v -0.002632411 0.001859803 -0.0005088842
v -0.00283229 0.0002927852 -0.000640358
v -0.003142368 0.002124243 0.0007264769
v -0.003548069 0.003436876 -0.000371944
v -0.002485533 0.001236403 0.0002830318
v -0.002334814 0.0003811192 0.0005457482
v -0.002532809 0.001400797 0.0008539894
v -0.002518132 0.0009882712 0.001644706
v -0.002502087 0.0002756763 0.001757941
v -0.003187033 0.001254647 0.003299909
v -0.003365548 0.0005159545 0.00371986
v -0.003519766 0.001182661 0.00379432
v -0.003903337 0.0004484725 0.003992414
v -0.005984903 0.01640288 -0.002531793
v -0.006399744 0.017793 -0.003248314
v -0.005991855 0.02438731 -0.002130867
v -0.00524391 0.02100307 -0.001415019
v -0.004694018 0.02435255 -0.0006378136
v -0.00419316 0.0209585 -0.001049224
v -0.003524603 0.02430281 -0.0004917682
v -0.002811316 0.02109154 -0.001439925
v -0.003950438 0.01727159 -0.0015216
v -0.005305621 0.01661254 -0.001952848
v -0.005145875 0.01161843 -0.002277761
v -0.005868502 0.01149744 -0.003233031
v -0.005416738 0.009144113 -0.003107611
v -0.004376825 0.01221377 -0.001827438
v -0.003542513 0.01384965 -0.001785884
v -0.003412658 0.009501373 -0.002207102
v -0.004390526 0.009063098 -0.002224772
v -0.003464025 0.007567356 -0.002199469
v -0.004892871 0.006947856 -0.002835666
v -0.004220394 0.006976877 -0.002318302
v -0.00379977 0.006020698 -0.002099485
v -0.004408098 0.005053453 -0.001993833
v -0.004797602 0.004719236 -0.002152378
v -0.003832303 0.005279491 -0.001845114
v -0.004208641 0.004371943 -0.00131181
v -0.004922587 0.004045655 -0.002027512
v -0.003657599 0.004758097 -0.001578335
v -0.004433649 0.003803756 -0.001059082
v -0.003553261 0.003864527 -0.001092838
v -0.003903337 0.0004484725 0.003992414
v -0.004069924 0.001320136 0.003967998
v -0.003519766 0.001182661 0.00379432
v -0.004554857 0.001389101 0.003714844
v -0.004731996 0.0005083442 0.003666487
v -0.004882763 0.001194291 0.003466059
v -0.005835617 0.0006185937 0.001723142
v -0.006000532 0.0002034354 0.001158401
v -0.004737454 0.010347 -0.00516511
v -0.004463053 0.01494601 -0.005812279
v -0.004285411 0.00744312 -0.005029879
v -0.003580416 0.0150472 -0.005807756
v -0.004269143 0.01984919 -0.005857288
v -0.004969774 0.02014187 -0.005644176
v -0.004704312 0.02416549 -0.005267925
v -0.00307108 0.02404832 -0.005485539
v -0.0029986 0.01877671 -0.005739576
v -0.002472531 0.01527441 -0.005286813
v -0.001927151 0.02404516 -0.004473466
v -0.003878483 0.007337466 -0.004921146
v -0.003975101 0.004661088 -0.003643734
v -0.002244662 0.01800434 -0.00518611
v -0.001712709 0.01794661 -0.004218743
v -0.001869252 0.01520716 -0.004314487
v -0.002304015 0.01239886 -0.004054031
v -0.002841667 0.009205577 -0.004089095
v -0.003415575 0.006423503 -0.004523442
v -0.00299127 0.005751207 -0.003901502
v -0.002884127 0.006849836 -0.003526089
v -0.0035545 0.007541745 -0.00246755
v -0.003975101 0.004661088 -0.003643734
v -0.002801428 0.009628559 -0.003011309
v -0.003032976 0.009663782 -0.002703043
v -0.003469854 0.009505964 -0.00246805
v -0.003621448 0.01389351 -0.002029877
v -0.002403732 0.01332089 -0.002830001
v -0.002650008 0.01619196 -0.002478644
v -0.003957062 0.01730772 -0.001800128
v -0.002942667 0.02113953 -0.001681753
v -0.002157869 0.02116941 -0.002426514
v -0.001848507 0.01739534 -0.003236788
v -0.002310737 0.02424963 -0.001665602
v -0.003590595 0.02436808 -0.0007625587
v -0.001773387 0.02141981 -0.003236402
v -0.001762105 0.02412996 -0.003057902
v -0.001777035 0.02049637 -0.00374528
v -0.001927151 0.02404516 -0.004473466
v -0.001712709 0.01794661 -0.004218743
v -0.001882158 0.01532299 -0.003891857
v -0.001869252 0.01520716 -0.004314487
v -0.002304015 0.01239886 -0.004054031
v -0.00229156 0.01218155 -0.003520229
v -0.002673352 0.009689106 -0.003555781
v -0.002841667 0.009205577 -0.004089095
v -0.002872909 0.006817751 -0.0031595
v -0.002884127 0.006849836 -0.003526089
v -0.003975101 0.004661088 -0.003643734
v -0.00299127 0.005751207 -0.003901502
v -0.004658606 0.006935248 -0.002989796
v -0.005189973 0.009024079 -0.003527267
v -0.003975101 0.004661088 -0.003643734
v -0.005173973 0.009179875 -0.003251121
v -0.005612187 0.0115516 -0.003333754
v -0.005594731 0.01114195 -0.003901666
v -0.005200326 0.007941421 -0.004086492
v -0.005819549 0.01293144 -0.003372635
v -0.005888568 0.01261289 -0.004003085
v -0.006050625 0.01460687 -0.003541587
v -0.006014014 0.01502048 -0.004571778
v -0.006127897 0.01780564 -0.003314693
v -0.005505382 0.01458642 -0.0053186
v -0.004852302 0.007896751 -0.004732987
v -0.005200326 0.007941421 -0.004086492
v -0.003975101 0.004661088 -0.003643734
v -0.004285411 0.00744312 -0.005029879
v -0.004737454 0.010347 -0.00516511
v -0.004463053 0.01494601 -0.005812279
v -0.004969774 0.02014187 -0.005644176
v -0.005643558 0.01938383 -0.00513642
v -0.004704312 0.02416549 -0.005267925
v -0.005714034 0.02428502 -0.00421409
v -0.006086912 0.01885067 -0.004340009
v -0.005907014 0.02434125 -0.003373632
v -0.005737878 0.02439404 -0.002249383
v -0.005612187 0.0115516 -0.003333754
v -0.006050625 0.01460687 -0.003541587
v -0.005819549 0.01293144 -0.003372635
v -0.005757173 0.01643804 -0.002691709
v -0.006127897 0.01780564 -0.003314693
v -0.005737878 0.02439404 -0.002249383
v -0.004971086 0.01166754 -0.002479424
v -0.005173973 0.009179875 -0.003251121
v -0.005098806 0.02103914 -0.001652876
v -0.004558026 0.02440142 -0.0008849274
v -0.004282798 0.009077881 -0.002482533
v -0.004658606 0.006935248 -0.002989796
v -0.005164654 0.01665974 -0.002178454
v -0.004189246 0.02101067 -0.001328114
v -0.003590595 0.02436808 -0.0007625587
v -0.002942667 0.02113953 -0.001681753
v -0.003957062 0.01730772 -0.001800128
v -0.004319554 0.01225431 -0.002081603
v -0.003621448 0.01389351 -0.002029877
v -0.003469854 0.009505964 -0.00246805
v -0.0035545 0.007541745 -0.00246755
v -0.004108524 0.006932657 -0.002570443
v -0.003975101 0.004661088 -0.003643734
v 0.002311568 0.0003646731 0.0005435094
v 0.002839294 0.000373528 -0.0008626744
v 0.002449397 0.0003241658 0.001785184
v 0.005876389 0.0002987599 -0.0006877984
v 0.005678709 0.001032021 -0.00199263
v 0.002996075 0.001204188 -0.002275344
v 0.005769768 0.001372931 -0.003034457
v 0.002832631 0.001449168 -0.003125788
v 0.005849354 0.00137831 -0.003889364
v 0.002665483 0.0013957 -0.00390236
v 0.005952908 0.0002335572 0.001780934
v 0.005633519 0.001324654 -0.005288491
v 0.003946393 0.0005406737 0.004041247
v 0.004777499 0.0005043221 0.003637079
v 0.003264381 0.0004755783 0.003610144
v 0.004733793 0.001354358 -0.006044347
v 0.005287155 0.001329188 -0.005774513
v 0.004024162 0.001375349 -0.00610182
v 0.003166798 0.001362569 -0.005791832
v 0.002738221 0.001333721 -0.005123056
v 0.005737982 0.001099157 -0.003167887
v 0.002883716 0.001169398 -0.003148452
v 0.00300548 0.0010168 -0.002386425
v 0.005683201 0.0009390592 -0.002242485
v 0.00283048 0.0001222873 -0.0008332559
v 0.005873993 9.229899E-05 -0.0006794446
v 0.006124246 -4.737377E-06 0.0007138803
v 0.002383537 0.0001016259 0.001694055
v 0.002362744 0.0001451611 0.0002927056
v 0.005717303 9.293556E-05 0.002214846
v 0.004555142 0.0002965331 0.003868896
v 0.003211267 0.0002505779 0.003571601
v 0.003746871 0.0002769303 0.004024056
v 0.005737982 0.001099157 -0.003167887
v 0.005641167 4.940033E-06 -0.00332742
v 0.002883716 0.001169398 -0.003148452
v 0.002757552 6.234646E-05 -0.003342084
v 0.004424709 1.091719E-05 -0.005917718
v 0.004733793 0.001354358 -0.006044347
v 0.004024162 0.001375349 -0.00610182
v 0.003652039 2.539635E-05 -0.005844649
v 0.003166798 0.001362569 -0.005791832
v 0.002984393 9.938717E-05 -0.005320062
v 0.002738221 0.001333721 -0.005123056
v 0.002984393 9.938717E-05 -0.005320062
v 0.002757552 6.234646E-05 -0.003342084
v 0.003652039 2.539635E-05 -0.005844649
v 0.004424709 1.091719E-05 -0.005917718
v 0.005641167 4.940033E-06 -0.00332742
v 0.005264825 2.044439E-05 -0.005576373
v 0.005673749 5.714178E-05 -0.004049478
v 0.005717303 9.293556E-05 0.002214846
v 0.005952908 0.0002335572 0.001780934
v 0.006124246 -4.737377E-06 0.0007138803
v 0.005876389 0.0002987599 -0.0006877984
v 0.005873993 9.229899E-05 -0.0006794446
v 0.005683201 0.0009390592 -0.002242485
v 0.005678709 0.001032021 -0.00199263
v 0.005769768 0.001372931 -0.003034457
v 0.005737982 0.001099157 -0.003167887
v 0.005849354 0.00137831 -0.003889364
v 0.005641167 4.940033E-06 -0.00332742
v 0.005673749 5.714178E-05 -0.004049478
v 0.005633519 0.001324654 -0.005288491
v 0.005264825 2.044439E-05 -0.005576373
v 0.005287155 0.001329188 -0.005774513
v 0.004733793 0.001354358 -0.006044347
v 0.004424709 1.091719E-05 -0.005917718
v 0.002362744 0.0001451611 0.0002927056
v 0.002839294 0.000373528 -0.0008626744
v 0.002311568 0.0003646731 0.0005435094
v 0.00283048 0.0001222873 -0.0008332559
v 0.002311568 0.0003646731 0.0005435094
v 0.002383537 0.0001016259 0.001694055
v 0.002362744 0.0001451611 0.0002927056
v 0.002449397 0.0003241658 0.001785184
v 0.003211267 0.0002505779 0.003571601
v 0.003264381 0.0004755783 0.003610144
v 0.003746871 0.0002769303 0.004024056
v 0.003946393 0.0005406737 0.004041247
v 0.004845439 0.01028852 -0.005418955
v 0.004519379 0.01492023 -0.006080662
v 0.004326725 0.007411336 -0.005313642
v 0.003517858 0.01501512 -0.006074278
v 0.004295531 0.01987967 -0.006126982
v 0.005098202 0.02017639 -0.005884483
v 0.004827331 0.02422758 -0.00551743
v 0.002988295 0.02410217 -0.005770619
v 0.002889102 0.01879781 -0.005994814
v 0.002273572 0.01523202 -0.005474869
v 0.00167069 0.02406648 -0.004609566
v 0.003731865 0.007301008 -0.005154493
v 0.00433818 0.005179667 -0.005515593
v 0.002032855 0.01801176 -0.005364814
v 0.001428186 0.0179373 -0.004246196
v 0.001598532 0.01516062 -0.00436609
v 0.002039552 0.01233409 -0.00411884
v 0.002600546 0.00915523 -0.004221137
v 0.003193163 0.006415176 -0.004682991
v 0.002617703 0.0068332 -0.003600242
v 0.002736506 0.005761494 -0.003992847
v 0.002814124 0.004637741 -0.004592584
v 0.003770286 0.005236873 -0.005301113
v 0.004002235 0.002924538 -0.006210432
v 0.004695372 0.003845669 -0.005805591
v 0.00506271 0.002988983 -0.006074582
v 0.004826707 0.001397789 -0.0060516
v 0.003159028 0.003834632 -0.005615165
v 0.002603434 0.003112849 -0.005105675
v 0.002926156 0.002396637 -0.005728971
v 0.002500684 0.002023938 -0.00471586
v 0.002816135 0.001374783 -0.00528422
v 0.003753799 0.001448638 -0.006085079
v 0.004069425 0.001156731 -0.00595844
v 0.004826707 0.001397789 -0.0060516
v 0.005462085 0.001304553 -0.005511582
v 0.00506271 0.002988983 -0.006074582
v 0.005758122 0.002269006 -0.005102347
v 0.005420453 0.004349592 -0.004886257
v 0.004695372 0.003845669 -0.005805591
v 0.00433818 0.005179667 -0.005515593
v 0.005696158 0.001531365 -0.003725416
v 0.005501026 0.001307173 -0.00353775
v 0.004953944 0.005911171 -0.005117089
v 0.004326725 0.007411336 -0.005313642
v 0.005650601 0.003436198 -0.004186132
v 0.005360437 0.003969689 -0.00362576
v 0.005770111 0.00164664 -0.003306195
v 0.005645765 0.001060188 -0.002107016
v 0.005496388 0.00319293 -0.003688059
v 0.005723281 0.001544695 -0.0007987362
v 0.00581242 0.0002982163 -0.0005465904
v 0.006082133 0.0003591275 0.0004408091
v 0.005568709 0.0026605 -0.001837891
v 0.005499789 0.001802056 0.0002570912
v 0.004922587 0.004045655 -0.002027512
v 0.004797602 0.004719236 -0.002152378
v 0.005835617 0.0006185937 0.001723142
v 0.006000532 0.0002034354 0.001158401
v 0.005120322 0.001521995 0.001651189
v 0.004882763 0.001194291 0.003466059
v 0.005206035 0.005496121 -0.003464993
v 0.004892871 0.006947856 -0.002835666
v 0.005354159 0.005707202 -0.004061169
v 0.005491296 0.007903156 -0.004065366
v 0.005448382 0.008995569 -0.003442538
v 0.005049544 0.007861762 -0.004931201
v 0.004845439 0.01028852 -0.005418955
v 0.005696771 0.01455083 -0.005525338
v 0.004519379 0.01492023 -0.006080662
v 0.005098202 0.02017639 -0.005884483
v 0.006178948 0.01255494 -0.003977932
v 0.005868502 0.01149744 -0.003233031
v 0.005416738 0.009144113 -0.003107611
v 0.004892871 0.006947856 -0.002835666
v 0.005853361 0.01940747 -0.005310353
v 0.004827331 0.02422758 -0.00551743
v 0.00595552 0.0243279 -0.004364904
v 0.006277457 0.01499361 -0.004650084
v 0.006354892 0.01886141 -0.004402972
v 0.006180762 0.02436124 -0.003390999
v 0.006399744 0.017793 -0.003248314
v 0.006322116 0.0145695 -0.003486031
v 0.006081603 0.01287062 -0.003324742
v 0.005984903 0.01640288 -0.002531793
v 0.006239246 0.02242621 -0.003136412
v 0.005991855 0.02438731 -0.002130867
v 0.00303163 0.004373936 -0.002105679
v 0.003553261 0.003864527 -0.001092838
v 0.003548069 0.003436876 -0.000371944
v 0.004433649 0.003803756 -0.001059082
v 0.004093278 0.003165437 -4.471391E-05
v 0.003142368 0.002124243 0.0007264769
v 0.003904423 0.002417238 0.0008676156
v 0.003714815 0.002010727 0.001584786
v 0.004398366 0.002018509 0.001445967
v 0.005499789 0.001802056 0.0002570912
v 0.005120322 0.001521995 0.001651189
v 0.004554857 0.001389101 0.003714844
v 0.004882763 0.001194291 0.003466059
v 0.003833485 0.001649642 0.003152229
v 0.004069924 0.001320136 0.003967998
v 0.003187033 0.001254647 0.003299909
v 0.002532809 0.001400797 0.0008539894
v 0.003519766 0.001182661 0.00379432
v 0.004826707 0.001397789 -0.0060516
v 0.004069425 0.001156731 -0.00595844
v 0.005462085 0.001304553 -0.005511582
v 0.005501026 0.001307173 -0.00353775
v 0.003002461 0.001315582 -0.003088145
v 0.002816135 0.001374783 -0.00528422
v 0.003753799 0.001448638 -0.006085079
v 0.002703008 0.001497705 -0.003639872
v 0.003092715 0.0009461522 -0.001910791
v 0.005645765 0.001060188 -0.002107016
v 0.005027861 0.0001694131 -0.0006777245
v 0.00581242 0.0002982163 -0.0005465904
v 0.00283229 0.0002927852 -0.000640358
v 0.006000532 0.0002034354 0.001158401
v 0.006082133 0.0003591275 0.0004408091
v 0.002502087 0.0002756763 0.001757941
v 0.002334814 0.0003811192 0.0005457482
v 0.003903337 0.0004484725 0.003992414
v 0.004731996 0.0005083442 0.003666487
v 0.003365548 0.0005159545 0.00371986
v 0.004555142 0.0002965331 0.003868896
v 0.003746871 0.0002769303 0.004024056
v 0.003946393 0.0005406737 0.004041247
v 0.004777499 0.0005043221 0.003637079
v 0.005717303 9.293556E-05 0.002214846
v 0.005952908 0.0002335572 0.001780934
v 0.002839294 0.000373528 -0.0008626744
v 0.00283048 0.0001222873 -0.0008332559
v 0.002996075 0.001204188 -0.002275344
v 0.00300548 0.0010168 -0.002386425
v 0.002883716 0.001169398 -0.003148452
v 0.002832631 0.001449168 -0.003125788
v 0.002665483 0.0013957 -0.00390236
v 0.002740674 0.0005909371 -0.003966713
v 0.002738221 0.001333721 -0.005123056
v 0.002757552 6.234646E-05 -0.003342084
v 0.002984393 9.938717E-05 -0.005320062
v 0.002811316 0.02109154 -0.001439925
v 0.00209166 0.02421324 -0.001496337
v 0.003524603 0.02430281 -0.0004917682
v 0.001938549 0.02113308 -0.002260093
v 0.00248118 0.01615034 -0.002262273
v 0.003950438 0.01727159 -0.0015216
v 0.003542513 0.01384965 -0.001785884
v 0.001505432 0.02141116 -0.003169667
v 0.001486136 0.02412607 -0.003022181
v 0.00158229 0.01737068 -0.003140207
v 0.001506314 0.02049041 -0.003725745
v 0.00167069 0.02406648 -0.004609566
v 0.001428186 0.0179373 -0.004246196
v 0.001613006 0.01528492 -0.003855472
v 0.001598532 0.01516062 -0.00436609
v 0.002039552 0.01233409 -0.00411884
v 0.002182914 0.01327374 -0.002669417
v 0.002022359 0.01212886 -0.003496907
v 0.00285825 0.009651016 -0.002504825
v 0.003412658 0.009501373 -0.002207102
v 0.003464025 0.007567356 -0.002199469
v 0.00256411 0.009620496 -0.002871869
v 0.002926727 0.005244485 -0.002542598
v 0.00379977 0.006020698 -0.002099485
v 0.003832303 0.005279491 -0.001845114
v 0.003657599 0.004758097 -0.001578335
v 0.002399257 0.009653963 -0.003556256
v 0.002600546 0.00915523 -0.004221137
v 0.002617703 0.0068332 -0.003600242
v 0.002605107 0.006821501 -0.003088901
v 0.002624001 0.004108972 -0.002883212
v 0.00303163 0.004373936 -0.002105679
v 0.003553261 0.003864527 -0.001092838
v 0.002630637 0.00456578 -0.003674899
v 0.002736506 0.005761494 -0.003992847
v 0.002814124 0.004637741 -0.004592584
v 0.002603434 0.003112849 -0.005105675
v 0.002465625 0.003004846 -0.003514883
v 0.002500684 0.002023938 -0.00471586
v 0.002703008 0.001497705 -0.003639872
v 0.002816135 0.001374783 -0.00528422
v 0.002629732 0.002567341 -0.001751882
v 0.003092715 0.0009461522 -0.001910791
v 0.002688793 0.001961851 0.000230335
v 0.002632411 0.001859803 -0.0005088842
v 0.00283229 0.0002927852 -0.000640358
v 0.003142368 0.002124243 0.0007264769
v 0.003548069 0.003436876 -0.000371944
v 0.002485533 0.001236403 0.0002830318
v 0.002334814 0.0003811192 0.0005457482
v 0.002532809 0.001400797 0.0008539894
v 0.002518132 0.0009882712 0.001644706
v 0.002502087 0.0002756763 0.001757941
v 0.003187033 0.001254647 0.003299909
v 0.003365548 0.0005159545 0.00371986
v 0.003519766 0.001182661 0.00379432
v 0.003903337 0.0004484725 0.003992414
v 0.005984903 0.01640288 -0.002531793
v 0.005991855 0.02438731 -0.002130867
v 0.006399744 0.017793 -0.003248314
v 0.00524391 0.02100307 -0.001415019
v 0.004694018 0.02435255 -0.0006378136
v 0.00419316 0.0209585 -0.001049224
v 0.003524603 0.02430281 -0.0004917682
v 0.002811316 0.02109154 -0.001439925
v 0.003950438 0.01727159 -0.0015216
v 0.005305621 0.01661254 -0.001952848
v 0.005145875 0.01161843 -0.002277761
v 0.005868502 0.01149744 -0.003233031
v 0.005416738 0.009144113 -0.003107611
v 0.004376825 0.01221377 -0.001827438
v 0.003542513 0.01384965 -0.001785884
v 0.003412658 0.009501373 -0.002207102
v 0.004390526 0.009063098 -0.002224772
v 0.003464025 0.007567356 -0.002199469
v 0.004892871 0.006947856 -0.002835666
v 0.004220394 0.006976877 -0.002318302
v 0.00379977 0.006020698 -0.002099485
v 0.004408098 0.005053453 -0.001993833
v 0.004797602 0.004719236 -0.002152378
v 0.003832303 0.005279491 -0.001845114
v 0.004208641 0.004371943 -0.00131181
v 0.004922587 0.004045655 -0.002027512
v 0.003657599 0.004758097 -0.001578335
v 0.004433649 0.003803756 -0.001059082
v 0.003553261 0.003864527 -0.001092838
v 0.003903337 0.0004484725 0.003992414
v 0.003519766 0.001182661 0.00379432
v 0.004069924 0.001320136 0.003967998
v 0.004554857 0.001389101 0.003714844
v 0.004731996 0.0005083442 0.003666487
v 0.004882763 0.001194291 0.003466059
v 0.005835617 0.0006185937 0.001723142
v 0.006000532 0.0002034354 0.001158401
v 0.004737454 0.010347 -0.00516511
v 0.004285411 0.00744312 -0.005029879
v 0.004463053 0.01494601 -0.005812279
v 0.003580416 0.0150472 -0.005807756
v 0.004269143 0.01984919 -0.005857288
v 0.004969774 0.02014187 -0.005644176
v 0.004704312 0.02416549 -0.005267925
v 0.00307108 0.02404832 -0.005485539
v 0.0029986 0.01877671 -0.005739576
v 0.002472531 0.01527441 -0.005286813
v 0.001927151 0.02404516 -0.004473466
v 0.003878483 0.007337466 -0.004921146
v 0.003975101 0.004661088 -0.003643734
v 0.002244662 0.01800434 -0.00518611
v 0.001712709 0.01794661 -0.004218743
v 0.001869252 0.01520716 -0.004314487
v 0.002304015 0.01239886 -0.004054031
v 0.002841667 0.009205577 -0.004089095
v 0.003415575 0.006423503 -0.004523442
v 0.00299127 0.005751207 -0.003901502
v 0.002884127 0.006849836 -0.003526089
v 0.0035545 0.007541745 -0.00246755
v 0.002801428 0.009628559 -0.003011309
v 0.003975101 0.004661088 -0.003643734
v 0.003032976 0.009663782 -0.002703043
v 0.003469854 0.009505964 -0.00246805
v 0.003621448 0.01389351 -0.002029877
v 0.002403732 0.01332089 -0.002830001
v 0.002650008 0.01619196 -0.002478644
v 0.003957062 0.01730772 -0.001800128
v 0.002942667 0.02113953 -0.001681753
v 0.002157869 0.02116941 -0.002426514
v 0.001848507 0.01739534 -0.003236788
v 0.002310737 0.02424963 -0.001665602
v 0.003590595 0.02436808 -0.0007625587
v 0.001773387 0.02141981 -0.003236402
v 0.001762105 0.02412996 -0.003057902
v 0.001777035 0.02049637 -0.00374528
v 0.001927151 0.02404516 -0.004473466
v 0.001712709 0.01794661 -0.004218743
v 0.001882158 0.01532299 -0.003891857
v 0.001869252 0.01520716 -0.004314487
v 0.002304015 0.01239886 -0.004054031
v 0.00229156 0.01218155 -0.003520229
v 0.002673352 0.009689106 -0.003555781
v 0.002841667 0.009205577 -0.004089095
v 0.002872909 0.006817751 -0.0031595
v 0.002884127 0.006849836 -0.003526089
v 0.003975101 0.004661088 -0.003643734
v 0.00299127 0.005751207 -0.003901502
v 0.004658606 0.006935248 -0.002989796
v 0.003975101 0.004661088 -0.003643734
v 0.005189973 0.009024079 -0.003527267
v 0.005173973 0.009179875 -0.003251121
v 0.005612187 0.0115516 -0.003333754
v 0.005594731 0.01114195 -0.003901666
v 0.005200326 0.007941421 -0.004086492
v 0.005819549 0.01293144 -0.003372635
v 0.005888568 0.01261289 -0.004003085
v 0.006050625 0.01460687 -0.003541587
v 0.006014014 0.01502048 -0.004571778
v 0.006127897 0.01780564 -0.003314693
v 0.005505382 0.01458642 -0.0053186
v 0.004852302 0.007896751 -0.004732987
v 0.005200326 0.007941421 -0.004086492
v 0.003975101 0.004661088 -0.003643734
v 0.004285411 0.00744312 -0.005029879
v 0.004737454 0.010347 -0.00516511
v 0.004463053 0.01494601 -0.005812279
v 0.004969774 0.02014187 -0.005644176
v 0.005643558 0.01938383 -0.00513642
v 0.004704312 0.02416549 -0.005267925
v 0.005714034 0.02428502 -0.00421409
v 0.006086912 0.01885067 -0.004340009
v 0.005907014 0.02434125 -0.003373632
v 0.005737878 0.02439404 -0.002249383
v 0.005612187 0.0115516 -0.003333754
v 0.005819549 0.01293144 -0.003372635
v 0.006050625 0.01460687 -0.003541587
v 0.005757173 0.01643804 -0.002691709
v 0.006127897 0.01780564 -0.003314693
v 0.005737878 0.02439404 -0.002249383
v 0.004971086 0.01166754 -0.002479424
v 0.005173973 0.009179875 -0.003251121
v 0.005098806 0.02103914 -0.001652876
v 0.004558026 0.02440142 -0.0008849274
v 0.004282798 0.009077881 -0.002482533
v 0.004658606 0.006935248 -0.002989796
v 0.005164654 0.01665974 -0.002178454
v 0.004189246 0.02101067 -0.001328114
v 0.003590595 0.02436808 -0.0007625587
v 0.002942667 0.02113953 -0.001681753
v 0.003957062 0.01730772 -0.001800128
v 0.004319554 0.01225431 -0.002081603
v 0.003621448 0.01389351 -0.002029877
v 0.003469854 0.009505964 -0.00246805
v 0.0035545 0.007541745 -0.00246755
v 0.004108524 0.006932657 -0.002570443
v 0.003975101 0.004661088 -0.003643734
v -0.005991855 0.02438731 -0.002130867
v -0.006180762 0.02436124 -0.003390999
v -0.005907014 0.02434125 -0.003373632
v -0.005737878 0.02439404 -0.002249383
v -0.005714034 0.02428502 -0.00421409
v -0.004694018 0.02435255 -0.0006378136
v -0.00595552 0.0243279 -0.004364904
v -0.004558026 0.02440142 -0.0008849274
v -0.004704312 0.02416549 -0.005267925
v -0.003524603 0.02430281 -0.0004917682
v -0.004827331 0.02422758 -0.00551743
v -0.003590595 0.02436808 -0.0007625587
v -0.00307108 0.02404832 -0.005485539
v -0.00209166 0.02421324 -0.001496337
v -0.002988295 0.02410217 -0.005770619
v -0.002310737 0.02424963 -0.001665602
v -0.001927151 0.02404516 -0.004473466
v -0.001486136 0.02412607 -0.003022181
v -0.00167069 0.02406648 -0.004609566
v -0.001762105 0.02412996 -0.003057902
v 0.005991855 0.02438731 -0.002130867
v 0.005737878 0.02439404 -0.002249383
v 0.005907014 0.02434125 -0.003373632
v 0.006180762 0.02436124 -0.003390999
v 0.004694018 0.02435255 -0.0006378136
v 0.005714034 0.02428502 -0.00421409
v 0.004558026 0.02440142 -0.0008849274
v 0.00595552 0.0243279 -0.004364904
v 0.003524603 0.02430281 -0.0004917682
v 0.004704312 0.02416549 -0.005267925
v 0.003590595 0.02436808 -0.0007625587
v 0.004827331 0.02422758 -0.00551743
v 0.00209166 0.02421324 -0.001496337
v 0.00307108 0.02404832 -0.005485539
v 0.002310737 0.02424963 -0.001665602
v 0.002988295 0.02410217 -0.005770619
v 0.001486136 0.02412607 -0.003022181
v 0.001927151 0.02404516 -0.004473466
v 0.001762105 0.02412996 -0.003057902
v 0.00167069 0.02406648 -0.004609566
vn -0.7592844 0.0006106651 0.6507586
vn -0.9511917 0.03012376 0.3071268
vn -0.9592355 -0.1625238 0.2311993
vn 0.9645798 0.2625114 0.02595249
vn 0.8597649 0.5005571 0.1012259
vn 0.5930096 0.6488717 0.4767652
vn 0.8597649 0.5005571 0.1012259
vn 0.2651398 0.9000939 0.3457336
vn 0.5930096 0.6488717 0.4767652
vn -0.4229955 0.6617959 0.6189515
vn -0.1881722 0.7537757 0.6296137
vn -0.7915065 0.5473282 0.2719362
vn -0.8401914 0.3933879 0.3732618
vn -0.4229955 0.6617959 0.6189515
vn -0.7915065 0.5473282 0.2719362
vn 0.5800223 -0.7460379 -0.3271111
vn 0.8604001 -0.5030521 -0.08154872
vn 0.9965181 0.01349523 -0.08227713
vn 0.1071774 0.9920888 -0.06536713
vn 0.9584747 0.1772975 -0.2233651
vn 0.9653494 0.2606654 0.0124149
vn 0.9809524 0.1468997 0.1270937
vn 0.9653494 0.2606654 0.0124149
vn 0.9378039 0.1533373 -0.3114667
vn 0.1071774 0.9920888 -0.06536713
vn -0.600864 0.2659706 -0.7538051
vn -0.8903832 0.1160397 -0.4401734
vn 0.7592844 0.0006106645 0.6507586
vn 0.9592355 -0.1625238 0.2311993
vn 0.9511917 0.03012376 0.3071268
vn -0.9645798 0.2625114 0.02595249
vn -0.5930096 0.6488717 0.4767652
vn -0.8597649 0.5005572 0.1012259
vn -0.8597649 0.5005572 0.1012259
vn -0.5930096 0.6488717 0.4767652
vn -0.2651398 0.9000939 0.3457336
vn 0.4229955 0.6617959 0.6189515
vn 0.7915065 0.5473281 0.2719363
vn 0.1881722 0.7537757 0.6296138
vn 0.8401914 0.3933879 0.3732618
vn 0.7915065 0.5473281 0.2719363
vn 0.4229955 0.6617959 0.6189515
vn -0.5800223 -0.7460379 -0.3271111
vn -0.9965181 0.01349523 -0.08227713
vn -0.8604001 -0.5030522 -0.08154872
vn -0.1071773 0.9920888 -0.06536715
vn -0.9653494 0.2606654 0.01241491
vn -0.9584747 0.1772975 -0.2233651
vn -0.9809524 0.1468997 0.1270937
vn -0.9378039 0.1533373 -0.3114667
vn -0.9653494 0.2606654 0.01241491
vn -0.1071773 0.9920888 -0.06536715
vn 0.8903832 0.1160397 -0.4401734
vn 0.600864 0.2659706 -0.7538051
vn 0.77147 0.6350889 -0.0386812
vn 0.6561495 0.7295364 0.1929884
vn 0.7302785 0.6830642 0.01080412
vn -0.7727202 0.6331199 0.04541829
vn -0.6286978 0.7249411 0.281424
vn 0.6586112 0.6870506 0.3069085
vn -0.7221682 0.6724725 0.1620299
vn 0.705363 0.6794507 0.2020144
vn -0.7709715 0.6360692 -0.03192247
vn 0.771643 0.6340213 0.05083556
vn -0.8603173 0.4464375 0.2460641
vn -0.7508906 0.5871567 -0.3023416
vn -5.837897E-05 0.6609774 0.7504059
vn -0.5938078 0.6813015 0.4280428
vn 0.5879002 0.6823868 0.4344209
vn -0.2305794 0.6154407 -0.7537014
vn -0.5279104 0.5793253 -0.6210417
vn 0.08783196 0.62634 -0.7745862
vn 0.5080571 0.5852587 -0.6319418
vn 0.8046861 0.5353629 -0.2566453
vn -0.8539806 -0.426285 0.2983256
vn 0.699267 -0.6823532 -0.2131191
vn 0.8268763 -0.4039539 0.3912759
vn -0.7141348 -0.6666137 -0.2136299
vn 0.5771334 -0.7383336 -0.3489706
vn -0.6291763 -0.7218327 -0.2882616
vn -0.8849096 -0.4657449 -0.004084492
vn 0.7746596 -0.603107 0.1901695
vn 0.7800276 -0.5869578 -0.2168814
vn -0.6376627 -0.6405936 0.4278156
vn -0.4252183 -0.4789284 0.7679955
vn 0.6319555 -0.6102554 0.4777244
vn 0.2802511 -0.5470833 0.7887706
vn -0.8539806 -0.426285 0.2983256
vn 0.8268763 -0.4039539 0.3912759
vn -0.5288784 -0.6531467 0.5419289
vn 0.6161345 -0.5974482 0.5132582
vn -0.09282327 -0.7196754 -0.6880779
vn 0.08783196 0.62634 -0.7745862
vn -0.2305794 0.6154407 -0.7537014
vn 0.2766206 -0.7090627 -0.6486225
vn 0.5080571 0.5852587 -0.6319418
vn 0.6790869 -0.6433066 -0.3535501
vn 0.8046861 0.5353629 -0.2566453
vn 0.6790869 -0.6433066 -0.3535501
vn 0.2766206 -0.7090627 -0.6486225
vn 0.6161345 -0.5974482 0.5132582
vn -0.09282327 -0.7196754 -0.6880779
vn -0.5288784 -0.6531467 0.5419289
vn -0.5441689 -0.6821543 -0.4884115
vn -0.7820165 -0.6172007 -0.08668077
vn -0.6376627 -0.6405936 0.4278156
vn -0.8849096 -0.4657449 -0.004084492
vn -0.8603173 0.4464375 0.2460641
vn -0.7727202 0.6331199 0.04541829
vn -0.6291763 -0.7218327 -0.2882616
vn -0.7141348 -0.6666137 -0.2136299
vn -0.6286978 0.7249411 0.281424
vn -0.7221682 0.6724725 0.1620299
vn -0.8539806 -0.426285 0.2983256
vn -0.7709715 0.6360692 -0.03192247
vn -0.5288784 -0.6531467 0.5419289
vn -0.7820165 -0.6172007 -0.08668077
vn -0.7508906 0.5871567 -0.3023416
vn -0.5441689 -0.6821543 -0.4884115
vn -0.5279104 0.5793253 -0.6210417
vn -0.2305794 0.6154407 -0.7537014
vn -0.09282327 -0.7196754 -0.6880779
vn 0.7800276 -0.5869578 -0.2168814
vn 0.77147 0.6350889 -0.0386812
vn 0.7302785 0.6830642 0.01080412
vn 0.5771334 -0.7383336 -0.3489706
vn 0.77147 0.6350889 -0.0386812
vn 0.7800276 -0.5869578 -0.2168814
vn 0.7746596 -0.603107 0.1901695
vn 0.6561495 0.7295364 0.1929884
vn 0.6319555 -0.6102554 0.4777244
vn 0.5879002 0.6823868 0.4344209
vn 0.2802511 -0.5470833 0.7887706
vn -5.837897E-05 0.6609774 0.7504059
vn -0.4569125 -0.1146864 -0.8820873
vn -0.1178866 -0.01427775 -0.9929245
vn -0.2053008 -0.0544932 -0.9771806
vn 0.2298915 -0.07081903 -0.9706362
vn -0.08865355 0.04209488 -0.9951727
vn -0.4725822 0.07531401 -0.8780626
vn -0.4521683 0.1257945 -0.8830173
vn 0.3038172 0.08366808 -0.9490494
vn 0.37973 0.02368076 -0.9247943
vn 0.6803353 -0.09407224 -0.7268385
vn 0.890435 0.03290264 -0.4539194
vn 0.488312 -0.02242277 -0.872381
vn -0.12969 0.1923065 -0.9727275
vn 0.7536732 -0.009213792 -0.6571847
vn 0.992617 -0.02480529 -0.1187275
vn 0.9606731 -0.112877 -0.2537044
vn 0.9525757 -0.1474377 -0.2661982
vn 0.8911695 -0.1265272 -0.4356692
vn 0.776346 0.03635143 -0.6292579
vn 0.9729674 -0.04544951 -0.2264259
vn 0.9282512 0.07086039 -0.3651418
vn 0.8828028 0.2135428 -0.4184
vn 0.4956981 0.2009618 -0.8449246
vn 0.1421227 0.1292984 -0.981368
vn -0.3914315 0.3555261 -0.8487535
vn -0.5152044 0.1741329 -0.8391914
vn -0.3209377 -0.4707533 -0.8218214
vn 0.5921817 0.2986489 -0.7484182
vn 0.9251542 0.12262 -0.3592409
vn 0.7006661 -0.02256608 -0.7131325
vn 0.9756067 -0.1652202 -0.1445471
vn 0.6738014 -0.6556178 -0.3408182
vn 0.3146226 -0.3682376 -0.8748792
vn 0.06580584 -0.8519083 -0.51954
vn -0.3209377 -0.4707533 -0.8218214
vn -0.5152044 0.1741329 -0.8391914
vn -0.6589505 -0.6488017 -0.3805792
vn -0.9637552 -0.005908386 -0.2667226
vn -0.904871 0.2199896 -0.3644351
vn -0.3914315 0.3555261 -0.8487535
vn -0.12969 0.1923065 -0.9727275
vn -0.9342964 -0.3555447 -0.02604453
vn -0.4496971 -0.8902488 -0.07231526
vn -0.7219425 0.07059511 -0.6883424
vn -0.1178866 -0.01427775 -0.9929245
vn -0.9750271 0.1786109 0.1319853
vn -0.9643284 0.187047 0.1873078
vn -0.9824079 -0.1615413 -0.09369684
vn -0.6929625 -0.6828024 -0.2314819
vn -0.9738048 0.1446778 0.1754205
vn -0.9843867 0.1745765 0.02249048
vn -0.7011276 -0.6566312 -0.2779489
vn -0.9641958 -0.2608455 -0.04781203
vn -0.9463044 0.3012758 0.1172217
vn -0.7915065 0.5473282 0.2719362
vn -0.8401914 0.3933879 0.3732618
vn -0.8162653 0.2348766 0.5277726
vn -0.9206091 0.166201 0.3533499
vn -0.7450705 -0.6450602 0.1696093
vn -0.6311877 0.7312308 0.258657
vn -0.7827945 0.378961 0.4935801
vn -0.9511917 0.03012376 0.3071268
vn -0.7592844 0.0006106651 0.6507586
vn -0.999215 0.02848843 -0.02752983
vn -0.9884023 -0.08346492 -0.1268639
vn -0.9592355 -0.1625238 0.2311993
vn -0.7309182 -0.06482175 -0.6793797
vn -0.4569125 -0.1146864 -0.8820873
vn -0.6695641 -0.08490248 -0.7378858
vn -0.2053008 -0.0544932 -0.9771806
vn -0.4725822 0.07531401 -0.8780626
vn -0.984484 -0.1345441 -0.1126462
vn -0.8932725 -0.1355761 0.4285829
vn -0.8680739 -0.1644479 0.4684064
vn -0.7592844 0.0006106651 0.6507586
vn -0.7708965 0.04733175 -0.6351994
vn -0.4521683 0.1257945 -0.8830173
vn -0.8820484 0.09598474 -0.4612781
vn -0.9463443 -0.05381515 -0.3186476
vn -0.9673162 0.02743896 -0.2520843
vn -0.9978181 0.05872098 -0.03018285
vn -0.9771429 -0.01588374 0.2119888
vn -0.9730195 -0.0668725 0.2208192
vn -0.9292138 -0.1075671 0.3535407
vn -0.7900746 -0.06514543 0.6095393
vn -0.9937191 0.03364632 0.106725
vn -0.8977968 0.004030178 0.4403916
vn 0.80079 0.341951 0.4917366
vn 0.2662148 0.7571493 0.5965356
vn 0.1595166 0.7471498 0.6452299
vn -0.4229955 0.6617959 0.6189515
vn -0.1881722 0.7537757 0.6296137
vn 0.5930096 0.6488717 0.4767652
vn 0.2209986 0.8116968 0.5406551
vn 0.2651398 0.9000939 0.3457336
vn -0.314138 0.8743813 0.3698305
vn -0.7915065 0.5473282 0.2719362
vn -0.6311877 0.7312308 0.258657
vn -0.4546143 0.6076716 0.6511998
vn -0.7827945 0.378961 0.4935801
vn 0.1614369 0.9404708 0.2990867
vn -0.03663713 0.5063595 0.8615438
vn 0.7546962 0.5040255 0.4199905
vn 0.8597649 0.5005571 0.1012259
vn 0.5385096 0.4686657 0.7002571
vn -0.3209377 -0.4707533 -0.8218214
vn -0.6589505 -0.6488017 -0.3805792
vn 0.06580584 -0.8519083 -0.51954
vn -0.4496971 -0.8902488 -0.07231526
vn 0.08388563 -0.9764325 -0.1988535
vn 0.6738014 -0.6556178 -0.3408182
vn 0.3146226 -0.3682376 -0.8748792
vn 0.8372207 -0.5452328 0.04222184
vn 0.5993141 -0.7441245 -0.2951296
vn -0.6929625 -0.6828024 -0.2314819
vn -0.05667935 -0.9617466 -0.268013
vn -0.7011276 -0.6566312 -0.2779489
vn 0.5800223 -0.7460379 -0.3271111
vn -0.7450705 -0.6450602 0.1696093
vn -0.9641958 -0.2608455 -0.04781203
vn 0.7204651 -0.6576955 0.2199245
vn 0.8604001 -0.5030521 -0.08154872
vn 0.04400768 -0.5939811 0.8032744
vn -0.5389549 -0.5358787 0.6498938
vn 0.6357456 -0.4873664 0.5985827
vn -0.4252183 -0.4789284 0.7679955
vn -5.837897E-05 0.6609774 0.7504059
vn 0.2802511 -0.5470833 0.7887706
vn -0.5938078 0.6813015 0.4280428
vn -0.6376627 -0.6405936 0.4278156
vn -0.8603173 0.4464375 0.2460641
vn 0.7302785 0.6830642 0.01080412
vn 0.6586112 0.6870506 0.3069085
vn 0.5771334 -0.7383336 -0.3489706
vn 0.699267 -0.6823532 -0.2131191
vn 0.8268763 -0.4039539 0.3912759
vn 0.705363 0.6794507 0.2020144
vn 0.771643 0.6340213 0.05083556
vn 0.9955626 -0.09387636 -0.006520011
vn 0.8046861 0.5353629 -0.2566453
vn 0.6161345 -0.5974482 0.5132582
vn 0.6790869 -0.6433066 -0.3535501
vn 0.5020371 -0.1356335 0.8541442
vn 0.2151954 -0.1481075 0.9652746
vn 0.7560326 -0.08881752 0.6484798
vn 0.8120987 -0.07238918 0.5790126
vn 0.5884318 -0.05000275 0.8069992
vn 0.06166733 -0.09700497 0.9933716
vn 0.3113423 -0.06435956 0.9481159
vn 0.9765945 -0.02219733 0.2139402
vn 0.9883868 -0.007494826 0.1517737
vn 0.9328778 -0.05091752 0.3565758
vn 0.9999645 0.008162869 -0.002092541
vn 0.890435 0.03290264 -0.4539194
vn 0.992617 -0.02480529 -0.1187275
vn 0.9835613 -0.09816106 0.1515645
vn 0.9606731 -0.112877 -0.2537044
vn 0.9525757 -0.1474377 -0.2661982
vn 0.7850975 -0.08211503 0.6139047
vn 0.9821829 -0.1302109 0.1355065
vn 0.6465008 -0.08923166 0.7576771
vn 0.2665638 -0.05629678 0.9621718
vn 0.2542381 -0.003213694 0.9671363
vn 0.8837674 -0.0984166 0.4574596
vn 0.7423562 0.121246 0.6589437
vn 0.1560773 0.1366151 0.9782516
vn 0.1083728 0.4637589 0.8793083
vn 0.4122215 0.4613943 0.7856137
vn 0.9926838 -0.1197598 0.01537389
vn 0.8911695 -0.1265272 -0.4356692
vn 0.9729674 -0.04544951 -0.2264259
vn 0.9778465 -0.03877436 0.2057005
vn 0.9733983 0.1289599 0.1893813
vn 0.80079 0.341951 0.4917366
vn 0.1595166 0.7471498 0.6452299
vn 0.9944332 0.06323069 -0.08428707
vn 0.9282512 0.07086039 -0.3651418
vn 0.8828028 0.2135428 -0.4184
vn 0.9251542 0.12262 -0.3592409
vn 0.9996523 -0.000486171 0.02636568
vn 0.9756067 -0.1652202 -0.1445471
vn 0.8372207 -0.5452328 0.04222184
vn 0.6738014 -0.6556178 -0.3408182
vn 0.9955025 -0.09047724 0.02808228
vn 0.5993141 -0.7441245 -0.2951296
vn 0.8630367 0.3461488 0.3678977
vn 0.9965181 0.01349523 -0.08227713
vn 0.5800223 -0.7460379 -0.3271111
vn 0.5930096 0.6488717 0.4767652
vn 0.2662148 0.7571493 0.5965356
vn 0.9645798 0.2625114 0.02595249
vn 0.8604001 -0.5030521 -0.08154872
vn 0.8597649 0.5005571 0.1012259
vn 0.9361531 0.2611312 0.2354318
vn 0.7204651 -0.6576955 0.2199245
vn 0.7546962 0.5040255 0.4199905
vn 0.6357456 -0.4873664 0.5985827
vn 0.5385096 0.4686657 0.7002571
vn 0.04400768 -0.5939811 0.8032744
vn -0.7900746 -0.06514543 0.6095393
vn -0.9771429 -0.01588374 0.2119888
vn -0.8977968 0.004030178 0.4403916
vn -0.5712161 -0.09148445 0.8156856
vn -0.4478132 -0.09893379 0.8886369
vn -0.03959854 -0.1589579 0.986491
vn 0.2151954 -0.1481075 0.9652746
vn 0.5020371 -0.1356335 0.8541442
vn 0.06166733 -0.09700497 0.9933716
vn -0.4723147 -0.07359563 0.8783522
vn -0.6275209 -0.1116066 0.7705592
vn -0.8932725 -0.1355761 0.4285829
vn -0.8680739 -0.1644479 0.4684064
vn -0.1750025 -0.08955175 0.9804869
vn 0.3113423 -0.06435956 0.9481159
vn 0.2665638 -0.05629678 0.9621718
vn -0.349827 -0.09033143 0.9324492
vn 0.2542381 -0.003213694 0.9671363
vn -0.7592844 0.0006106651 0.6507586
vn -0.4027187 0.0652102 0.912998
vn 0.1560773 0.1366151 0.9782516
vn -0.4947782 0.3737737 0.7845303
vn -0.8162653 0.2348766 0.5277726
vn 0.1083728 0.4637589 0.8793083
vn -0.3238943 0.4960041 0.8056504
vn -0.8401914 0.3933879 0.3732618
vn 0.4122215 0.4613943 0.7856137
vn -0.4229955 0.6617959 0.6189515
vn 0.1595166 0.7471498 0.6452299
vn 0.04400768 -0.5939811 0.8032744
vn -0.03663713 0.5063595 0.8615438
vn 0.5385096 0.4686657 0.7002571
vn -0.4546143 0.6076716 0.6511998
vn -0.5389549 -0.5358787 0.6498938
vn -0.7827945 0.378961 0.4935801
vn -0.9206091 0.166201 0.3533499
vn -0.7450705 -0.6450602 0.1696093
vn 0.4601297 0.1147075 0.8804106
vn 0.2055096 0.05530524 0.9770911
vn 0.2376094 0.3020775 0.9231961
vn -0.2268104 0.07100771 0.971347
vn 0.08623453 -0.04298187 0.9953473
vn 0.473821 -0.07769565 0.877187
vn 0.3845106 0.6600055 0.6454026
vn -0.1762163 0.7138536 0.6777616
vn -0.3796823 -0.02455891 0.9247909
vn -0.674208 0.09346921 0.7326029
vn -0.5883948 0.7515444 0.2982828
vn -0.3758132 0.2190128 0.9004432
vn 0.1071774 0.9920888 -0.06536713
vn -0.7510357 0.008739983 0.6602039
vn -0.992378 0.02417324 0.120837
vn -0.9602547 0.112614 0.2553999
vn -0.9512352 0.1484323 0.2704057
vn -0.8938735 0.1260121 0.4302455
vn -0.4693273 0.277404 0.8383191
vn -0.8780372 0.4718924 0.07980238
vn -0.9677544 0.1827859 0.1733227
vn -0.5088156 0.2102111 -0.8348161
vn 0.1071774 0.9920888 -0.06536713
vn -0.8903832 0.1160397 -0.4401734
vn -0.6576901 0.08949019 -0.747954
vn -0.2741015 0.06109768 -0.959758
vn -0.308024 0.06019738 -0.9494722
vn -0.7872024 0.0808425 -0.6113729
vn -0.5881785 0.04709191 -0.8073589
vn -0.06811002 0.09621011 -0.993028
vn -0.5043336 0.1352389 -0.8528529
vn -0.8138546 0.0724143 -0.5765387
vn -0.9321037 0.05048015 -0.3586564
vn -0.3763236 0.8455835 -0.3786411
vn -0.05679888 0.8964232 -0.4395445
vn -0.9778211 0.02131504 -0.2083546
vn -0.6210144 0.772903 -0.130239
vn -0.9999422 -0.00683372 0.008300857
vn -0.5883948 0.7515444 0.2982828
vn -0.992378 0.02417324 0.120837
vn -0.9835828 0.09467552 -0.153628
vn -0.9602547 0.112614 0.2553999
vn -0.9512352 0.1484323 0.2704057
vn -0.9822986 0.13165 -0.1332587
vn -0.9924681 0.1216924 -0.01407431
vn -0.8938735 0.1260121 0.4302455
vn -0.600864 0.2659706 -0.7538051
vn -0.9677544 0.1827859 0.1733227
vn 0.1071774 0.9920888 -0.06536713
vn -0.8780372 0.4718924 0.07980238
vn 0.8600553 0.266836 -0.4348603
vn 0.9584747 0.1772975 -0.2233651
vn 0.1071774 0.9920888 -0.06536713
vn 0.8726925 0.1631982 -0.4601893
vn 0.9236977 0.1384566 -0.3572286
vn 0.9378039 0.1533373 -0.3114667
vn 0.9653494 0.2606654 0.0124149
vn 0.009207895 -0.0395589 -0.9991748
vn 0.9809524 0.1468997 0.1270937
vn 0.9724601 0.07123201 -0.2219173
vn 0.9455425 0.05172535 0.3213627
vn 0.9765511 0.01551531 -0.2147262
vn 0.6656162 0.08593597 0.74133
vn 0.7351481 0.2299659 0.6377092
vn 0.9653494 0.2606654 0.0124149
vn 0.1071774 0.9920888 -0.06536713
vn 0.2376094 0.3020775 0.9231961
vn 0.4601297 0.1147075 0.8804106
vn 0.2055096 0.05530524 0.9770911
vn 0.473821 -0.07769565 0.877187
vn 0.7702972 -0.04715044 0.6359395
vn 0.3845106 0.6600055 0.6454026
vn 0.669443 0.6768493 0.3061389
vn 0.9672536 -0.02808953 0.2522529
vn 0.7065219 0.7076664 -0.005917312
vn 0.5509504 0.7911413 -0.2656109
vn 0.9236977 0.1384566 -0.3572286
vn 0.9724601 0.07123201 -0.2219173
vn 0.009207895 -0.0395589 -0.9991748
vn 0.7908444 0.06447969 -0.6086112
vn 0.9765511 0.01551531 -0.2147262
vn 0.5509504 0.7911413 -0.2656109
vn 0.6301618 0.1138446 -0.7680725
vn 0.8726925 0.1631982 -0.4601893
vn 0.5769421 0.09046173 -0.8117601
vn 0.2439505 0.873775 -0.42072
vn 0.3503405 0.08820397 -0.93246
vn 0.8600553 0.266836 -0.4348603
vn 0.4717913 0.07182392 -0.87878
vn 0.04151323 0.1575421 -0.9866393
vn -0.05679888 0.8964232 -0.4395445
vn -0.5043336 0.1352389 -0.8528529
vn -0.06811002 0.09621011 -0.993028
vn 0.173286 0.09054764 -0.9807003
vn -0.308024 0.06019738 -0.9494722
vn -0.2741015 0.06109768 -0.959758
vn -0.5088156 0.2102111 -0.8348161
vn 0.212777 0.2957934 -0.931253
vn 0.1071774 0.9920888 -0.06536713
vn -0.7714699 0.6350889 -0.03868121
vn -0.7302784 0.6830642 0.01080412
vn -0.6561494 0.7295364 0.1929884
vn 0.7727202 0.6331198 0.04541828
vn 0.6286978 0.7249411 0.281424
vn -0.6586112 0.6870506 0.3069085
vn 0.7221684 0.6724725 0.1620299
vn -0.7054005 0.6793985 0.2020589
vn 0.7709715 0.6360692 -0.03192247
vn -0.7716429 0.6340213 0.05083556
vn 0.8603173 0.4464375 0.2460641
vn 0.7508906 0.5871567 -0.3023416
vn 5.838563E-05 0.6609774 0.7504059
vn 0.5938077 0.6813015 0.4280428
vn -0.5879002 0.6823869 0.4344208
vn 0.2305794 0.6154408 -0.7537014
vn 0.5279104 0.5793253 -0.6210417
vn -0.08783194 0.62634 -0.774586
vn -0.5080571 0.5852585 -0.6319418
vn -0.8046862 0.5353628 -0.2566453
vn 0.8539806 -0.4262851 0.2983256
vn -0.8268762 -0.4039539 0.3912759
vn -0.699267 -0.6823531 -0.2131191
vn 0.7141348 -0.6666137 -0.2136299
vn -0.5771335 -0.7383336 -0.3489706
vn 0.6291763 -0.7218327 -0.2882617
vn 0.8849096 -0.4657449 -0.004084491
vn -0.7746596 -0.603107 0.1901695
vn -0.7800277 -0.5869577 -0.2168814
vn 0.6379408 -0.6404922 0.4275526
vn 0.4252183 -0.4789284 0.7679955
vn -0.6319555 -0.6102554 0.4777244
vn -0.2802511 -0.5470833 0.7887706
vn 0.8539806 -0.4262851 0.2983256
vn 0.5288783 -0.6531467 0.5419289
vn -0.8268762 -0.4039539 0.3912759
vn -0.6161345 -0.5974481 0.5132582
vn 0.09282326 -0.7196753 -0.6880779
vn 0.2305794 0.6154408 -0.7537014
vn -0.08783194 0.62634 -0.774586
vn -0.2766207 -0.7090627 -0.6486225
vn -0.5080571 0.5852585 -0.6319418
vn -0.6790868 -0.6433066 -0.3535501
vn -0.8046862 0.5353628 -0.2566453
vn -0.6790868 -0.6433066 -0.3535501
vn -0.6161345 -0.5974481 0.5132582
vn -0.2766207 -0.7090627 -0.6486225
vn 0.09282326 -0.7196753 -0.6880779
vn 0.5288783 -0.6531467 0.5419289
vn 0.5441688 -0.6821544 -0.4884115
vn 0.7820165 -0.6172007 -0.08668076
vn 0.6379408 -0.6404922 0.4275526
vn 0.8603173 0.4464375 0.2460641
vn 0.8849096 -0.4657449 -0.004084491
vn 0.7727202 0.6331198 0.04541828
vn 0.6291763 -0.7218327 -0.2882617
vn 0.7141348 -0.6666137 -0.2136299
vn 0.6286978 0.7249411 0.281424
vn 0.7221684 0.6724725 0.1620299
vn 0.8539806 -0.4262851 0.2983256
vn 0.7709715 0.6360692 -0.03192247
vn 0.5288783 -0.6531467 0.5419289
vn 0.7820165 -0.6172007 -0.08668076
vn 0.7508906 0.5871567 -0.3023416
vn 0.5441688 -0.6821544 -0.4884115
vn 0.5279104 0.5793253 -0.6210417
vn 0.2305794 0.6154408 -0.7537014
vn 0.09282326 -0.7196753 -0.6880779
vn -0.7800277 -0.5869577 -0.2168814
vn -0.7302784 0.6830642 0.01080412
vn -0.7714699 0.6350889 -0.03868121
vn -0.5771335 -0.7383336 -0.3489706
vn -0.7714699 0.6350889 -0.03868121
vn -0.7746596 -0.603107 0.1901695
vn -0.7800277 -0.5869577 -0.2168814
vn -0.6561494 0.7295364 0.1929884
vn -0.6319555 -0.6102554 0.4777244
vn -0.5879002 0.6823869 0.4344208
vn -0.2802511 -0.5470833 0.7887706
vn 5.838563E-05 0.6609774 0.7504059
vn 0.4569125 -0.1146864 -0.8820873
vn 0.2053008 -0.05449319 -0.9771806
vn 0.1178866 -0.01427775 -0.9929245
vn -0.2298915 -0.07081902 -0.9706362
vn 0.08865355 0.04209488 -0.9951727
vn 0.4725822 0.07531401 -0.8780626
vn 0.4521683 0.1257945 -0.8830173
vn -0.3038172 0.08366808 -0.9490494
vn -0.37973 0.02368076 -0.9247943
vn -0.6803353 -0.09407223 -0.7268385
vn -0.890435 0.03290264 -0.4539194
vn -0.488312 -0.02242277 -0.872381
vn 0.12969 0.1923065 -0.9727275
vn -0.7536732 -0.009213792 -0.6571847
vn -0.992617 -0.02480529 -0.1187275
vn -0.9606731 -0.112877 -0.2537045
vn -0.9525757 -0.1474377 -0.2661982
vn -0.8911695 -0.1265272 -0.4356692
vn -0.776346 0.03635143 -0.6292579
vn -0.9729674 -0.04544951 -0.2264259
vn -0.9282512 0.0708604 -0.3651418
vn -0.8828028 0.2135429 -0.4184
vn -0.4956981 0.2009618 -0.8449246
vn -0.1421227 0.1292984 -0.981368
vn 0.3914315 0.3555261 -0.8487535
vn 0.5152044 0.1741329 -0.8391914
vn 0.3209377 -0.4707533 -0.8218214
vn -0.5921817 0.2986489 -0.7484182
vn -0.9251542 0.1226199 -0.3592409
vn -0.7006661 -0.02256608 -0.7131325
vn -0.9756067 -0.1652202 -0.1445471
vn -0.6738014 -0.6556178 -0.3408182
vn -0.3146226 -0.3682376 -0.8748792
vn -0.06580584 -0.8519083 -0.5195401
vn 0.3209377 -0.4707533 -0.8218214
vn 0.6589505 -0.6488016 -0.3805792
vn 0.5152044 0.1741329 -0.8391914
vn 0.9637552 -0.005908391 -0.2667226
vn 0.904871 0.2199897 -0.3644352
vn 0.3914315 0.3555261 -0.8487535
vn 0.12969 0.1923065 -0.9727275
vn 0.934282 -0.3555814 -0.02605841
vn 0.4496971 -0.8902488 -0.07231526
vn 0.7219425 0.07059511 -0.6883424
vn 0.1178866 -0.01427775 -0.9929245
vn 0.9750271 0.1786109 0.1319853
vn 0.9643284 0.187047 0.1873078
vn 0.9824079 -0.1615413 -0.09369684
vn 0.6929625 -0.6828024 -0.2314819
vn 0.9738048 0.1446778 0.1754205
vn 0.9843867 0.1745765 0.02249048
vn 0.7011276 -0.6566312 -0.2779489
vn 0.9641958 -0.2608455 -0.04781202
vn 0.9463044 0.3012758 0.1172217
vn 0.7915065 0.5473281 0.2719363
vn 0.8401914 0.3933879 0.3732618
vn 0.8162653 0.2348766 0.5277726
vn 0.9206091 0.166201 0.3533499
vn 0.7450705 -0.6450602 0.1696093
vn 0.6311877 0.7312308 0.258657
vn 0.7827874 0.3789622 0.4935903
vn 0.9511917 0.03012376 0.3071268
vn 0.7592844 0.0006106645 0.6507586
vn 0.999215 0.02848843 -0.02752983
vn 0.9884023 -0.08346493 -0.1268639
vn 0.9592355 -0.1625238 0.2311993
vn 0.7309183 -0.06482174 -0.6793796
vn 0.4569125 -0.1146864 -0.8820873
vn 0.6695641 -0.08490247 -0.7378858
vn 0.2053008 -0.05449319 -0.9771806
vn 0.4725822 0.07531401 -0.8780626
vn 0.984484 -0.134544 -0.1126461
vn 0.8932725 -0.1355761 0.4285829
vn 0.8680739 -0.1644479 0.4684064
vn 0.7592844 0.0006106645 0.6507586
vn 0.7708965 0.04733174 -0.6351994
vn 0.4521683 0.1257945 -0.8830173
vn 0.8820484 0.09598474 -0.4612781
vn 0.9463443 -0.05381514 -0.3186476
vn 0.9673162 0.02743896 -0.2520843
vn 0.9978181 0.05872098 -0.03018285
vn 0.9771429 -0.01588374 0.2119888
vn 0.9730195 -0.06687249 0.2208192
vn 0.9292138 -0.1075671 0.3535407
vn 0.7900746 -0.06514543 0.6095393
vn 0.9937191 0.03364632 0.106725
vn 0.8977968 0.004030176 0.4403916
vn -0.80079 0.341951 0.4917366
vn -0.1595166 0.7471499 0.6452298
vn -0.2662148 0.7571493 0.5965356
vn 0.4229955 0.6617959 0.6189515
vn 0.1881722 0.7537757 0.6296138
vn -0.5930096 0.6488717 0.4767652
vn -0.2209986 0.8116969 0.5406551
vn -0.2651398 0.9000939 0.3457336
vn 0.314138 0.8743813 0.3698306
vn 0.7915065 0.5473281 0.2719363
vn 0.6311877 0.7312308 0.258657
vn 0.4546143 0.6076716 0.6511998
vn 0.7827874 0.3789622 0.4935903
vn -0.1614369 0.9404708 0.2990867
vn 0.03663712 0.5063595 0.8615438
vn -0.7546962 0.5040254 0.4199905
vn -0.8597649 0.5005572 0.1012259
vn -0.5385095 0.4686657 0.7002571
vn 0.3209377 -0.4707533 -0.8218214
vn -0.06580584 -0.8519083 -0.5195401
vn 0.6589505 -0.6488016 -0.3805792
vn 0.4496971 -0.8902488 -0.07231526
vn -0.08388563 -0.9764325 -0.1988535
vn -0.6738014 -0.6556178 -0.3408182
vn -0.3146226 -0.3682376 -0.8748792
vn -0.8372207 -0.5452328 0.04222184
vn -0.5993141 -0.7441245 -0.2951296
vn 0.6929625 -0.6828024 -0.2314819
vn 0.05667935 -0.9617466 -0.268013
vn 0.7011276 -0.6566312 -0.2779489
vn -0.5800223 -0.7460379 -0.3271111
vn 0.7450705 -0.6450602 0.1696093
vn 0.9641958 -0.2608455 -0.04781202
vn -0.7204651 -0.6576955 0.2199246
vn -0.8604001 -0.5030522 -0.08154872
vn -0.04400767 -0.593981 0.8032745
vn 0.5389548 -0.5358787 0.6498938
vn -0.6357458 -0.4873664 0.5985828
vn 0.4252183 -0.4789284 0.7679955
vn -0.2802511 -0.5470833 0.7887706
vn 5.838563E-05 0.6609774 0.7504059
vn 0.5938077 0.6813015 0.4280428
vn 0.6379408 -0.6404922 0.4275526
vn 0.8603173 0.4464375 0.2460641
vn -0.7302784 0.6830642 0.01080412
vn -0.5771335 -0.7383336 -0.3489706
vn -0.6586112 0.6870506 0.3069085
vn -0.699267 -0.6823531 -0.2131191
vn -0.8268762 -0.4039539 0.3912759
vn -0.7054005 0.6793985 0.2020589
vn -0.7716429 0.6340213 0.05083556
vn -0.9955626 -0.09387637 -0.006520008
vn -0.8046862 0.5353628 -0.2566453
vn -0.6161345 -0.5974481 0.5132582
vn -0.6790868 -0.6433066 -0.3535501
vn -0.5020371 -0.1356335 0.8541442
vn -0.7560327 -0.08881751 0.6484798
vn -0.2151954 -0.1481075 0.9652746
vn -0.8120986 -0.07238919 0.5790126
vn -0.5884318 -0.05000275 0.8069992
vn -0.06166731 -0.09700497 0.9933716
vn -0.3113423 -0.06435957 0.9481159
vn -0.9765945 -0.02219734 0.2139402
vn -0.9883868 -0.007494826 0.1517737
vn -0.9328779 -0.05091752 0.3565758
vn -0.9999645 0.00816287 -0.002092541
vn -0.890435 0.03290264 -0.4539194
vn -0.992617 -0.02480529 -0.1187275
vn -0.9835565 -0.0981777 0.1515842
vn -0.9606731 -0.112877 -0.2537045
vn -0.9525757 -0.1474377 -0.2661982
vn -0.7850974 -0.08211503 0.6139048
vn -0.9821828 -0.1302109 0.1355065
vn -0.6465008 -0.08923166 0.7576771
vn -0.2665638 -0.05629678 0.9621718
vn -0.2542381 -0.003213693 0.9671363
vn -0.8837674 -0.09841659 0.4574596
vn -0.7423561 0.121246 0.6589437
vn -0.1560773 0.1366151 0.9782516
vn -0.1083727 0.4637588 0.8793083
vn -0.4122215 0.4613944 0.7856137
vn -0.9926838 -0.1197598 0.01537389
vn -0.8911695 -0.1265272 -0.4356692
vn -0.9729674 -0.04544951 -0.2264259
vn -0.9778465 -0.03877435 0.2057005
vn -0.9733983 0.1289598 0.1893813
vn -0.80079 0.341951 0.4917366
vn -0.1595166 0.7471499 0.6452298
vn -0.9944332 0.06323069 -0.08428708
vn -0.9282512 0.0708604 -0.3651418
vn -0.8828028 0.2135429 -0.4184
vn -0.9251542 0.1226199 -0.3592409
vn -0.9996523 -0.0004861637 0.02636568
vn -0.9756067 -0.1652202 -0.1445471
vn -0.8372207 -0.5452328 0.04222184
vn -0.6738014 -0.6556178 -0.3408182
vn -0.9955025 -0.09047726 0.02808228
vn -0.5993141 -0.7441245 -0.2951296
vn -0.8630367 0.3461488 0.3678977
vn -0.9965181 0.01349523 -0.08227713
vn -0.5800223 -0.7460379 -0.3271111
vn -0.5930096 0.6488717 0.4767652
vn -0.2662148 0.7571493 0.5965356
vn -0.9645798 0.2625114 0.02595249
vn -0.8604001 -0.5030522 -0.08154872
vn -0.8597649 0.5005572 0.1012259
vn -0.9361531 0.2611311 0.2354319
vn -0.7204651 -0.6576955 0.2199246
vn -0.7546962 0.5040254 0.4199905
vn -0.6357458 -0.4873664 0.5985828
vn -0.5385095 0.4686657 0.7002571
vn -0.04400767 -0.593981 0.8032745
vn 0.7900746 -0.06514543 0.6095393
vn 0.8977968 0.004030176 0.4403916
vn 0.9771429 -0.01588374 0.2119888
vn 0.5712161 -0.09148446 0.8156855
vn 0.4478132 -0.09893379 0.8886369
vn 0.03959854 -0.1589579 0.986491
vn -0.2151954 -0.1481075 0.9652746
vn -0.5020371 -0.1356335 0.8541442
vn -0.06166731 -0.09700497 0.9933716
vn 0.4723147 -0.07359563 0.8783521
vn 0.6275209 -0.1116066 0.7705592
vn 0.8932725 -0.1355761 0.4285829
vn 0.8680739 -0.1644479 0.4684064
vn 0.1750025 -0.08955176 0.9804869
vn -0.3113423 -0.06435957 0.9481159
vn -0.2665638 -0.05629678 0.9621718
vn 0.349827 -0.09033143 0.9324492
vn -0.2542381 -0.003213693 0.9671363
vn 0.7592844 0.0006106645 0.6507586
vn 0.4027186 0.0652102 0.912998
vn -0.1560773 0.1366151 0.9782516
vn 0.4947782 0.3737737 0.7845303
vn 0.8162653 0.2348766 0.5277726
vn -0.1083727 0.4637588 0.8793083
vn 0.3238943 0.4960041 0.8056504
vn 0.8401914 0.3933879 0.3732618
vn -0.4122215 0.4613944 0.7856137
vn 0.4229955 0.6617959 0.6189515
vn -0.1595166 0.7471499 0.6452298
vn -0.04400767 -0.593981 0.8032745
vn -0.5385095 0.4686657 0.7002571
vn 0.03663712 0.5063595 0.8615438
vn 0.4546143 0.6076716 0.6511998
vn 0.5389548 -0.5358787 0.6498938
vn 0.7827874 0.3789622 0.4935903
vn 0.9206091 0.166201 0.3533499
vn 0.7450705 -0.6450602 0.1696093
vn -0.4601297 0.1147075 0.8804106
vn -0.2376094 0.3020774 0.9231961
vn -0.2055096 0.05530524 0.9770911
vn 0.2268104 0.07100771 0.971347
vn -0.08623452 -0.04298187 0.9953473
vn -0.473821 -0.07769564 0.877187
vn -0.3845104 0.6600051 0.645403
vn 0.1762163 0.7138532 0.677762
vn 0.3796823 -0.02455891 0.9247909
vn 0.674208 0.09346921 0.7326029
vn 0.5883946 0.7515443 0.2982835
vn 0.3758132 0.2190128 0.9004432
vn -0.1071773 0.9920888 -0.06536715
vn 0.7510357 0.008739981 0.6602038
vn 0.992378 0.02417323 0.1208369
vn 0.9602547 0.112614 0.2553998
vn 0.9512352 0.1484323 0.2704056
vn 0.8938735 0.1260121 0.4302455
vn 0.4693273 0.277404 0.8383191
vn 0.8780372 0.4718924 0.07980238
vn 0.9677544 0.1827859 0.1733227
vn 0.5088156 0.2102111 -0.8348161
vn 0.8903832 0.1160397 -0.4401734
vn -0.1071773 0.9920888 -0.06536715
vn 0.6576903 0.08949019 -0.747954
vn 0.2741015 0.0610977 -0.959758
vn 0.308024 0.06019738 -0.9494722
vn 0.7872025 0.08084252 -0.6113729
vn 0.5881785 0.0470919 -0.8073589
vn 0.06811003 0.09621011 -0.993028
vn 0.5043337 0.1352389 -0.8528529
vn 0.8138546 0.07241432 -0.5765387
vn 0.9321037 0.05048015 -0.3586564
vn 0.3763236 0.8455836 -0.3786409
vn 0.05679887 0.8964233 -0.4395443
vn 0.9778211 0.02131504 -0.2083546
vn 0.6210144 0.772903 -0.1302386
vn 0.9999422 -0.00683372 0.008300858
vn 0.5883946 0.7515443 0.2982835
vn 0.992378 0.02417323 0.1208369
vn 0.9835784 0.09469032 -0.1536466
vn 0.9602547 0.112614 0.2553998
vn 0.9512352 0.1484323 0.2704056
vn 0.9822986 0.13165 -0.1332587
vn 0.9924681 0.1216924 -0.01407432
vn 0.8938735 0.1260121 0.4302455
vn 0.600864 0.2659706 -0.7538051
vn 0.9677544 0.1827859 0.1733227
vn -0.1071773 0.9920888 -0.06536715
vn 0.8780372 0.4718924 0.07980238
vn -0.8600552 0.266836 -0.4348603
vn -0.1071773 0.9920888 -0.06536715
vn -0.9584747 0.1772975 -0.2233651
vn -0.8726925 0.1631982 -0.4601894
vn -0.9236977 0.1384566 -0.3572286
vn -0.9378039 0.1533373 -0.3114667
vn -0.9653494 0.2606654 0.01241491
vn -0.009207893 -0.03955888 -0.9991748
vn -0.9809524 0.1468997 0.1270937
vn -0.9724601 0.07123201 -0.2219173
vn -0.9455425 0.05172536 0.3213627
vn -0.9765511 0.01551531 -0.2147262
vn -0.6656162 0.08593598 0.74133
vn -0.735148 0.229966 0.6377092
vn -0.9653494 0.2606654 0.01241491
vn -0.1071773 0.9920888 -0.06536715
vn -0.2376094 0.3020774 0.9231961
vn -0.4601297 0.1147075 0.8804106
vn -0.2055096 0.05530524 0.9770911
vn -0.473821 -0.07769564 0.877187
vn -0.7702972 -0.04715044 0.6359395
vn -0.3845104 0.6600051 0.645403
vn -0.669443 0.6768493 0.3061392
vn -0.9672536 -0.02808953 0.252253
vn -0.7065219 0.7076664 -0.005917732
vn -0.5509503 0.7911411 -0.2656118
vn -0.9236977 0.1384566 -0.3572286
vn -0.009207893 -0.03955888 -0.9991748
vn -0.9724601 0.07123201 -0.2219173
vn -0.7908444 0.06447969 -0.6086112
vn -0.9765511 0.01551531 -0.2147262
vn -0.5509503 0.7911411 -0.2656118
vn -0.6301618 0.1138446 -0.7680725
vn -0.8726925 0.1631982 -0.4601894
vn -0.5769421 0.09046172 -0.81176
vn -0.2439505 0.8737748 -0.4207206
vn -0.3503405 0.08820396 -0.93246
vn -0.8600552 0.266836 -0.4348603
vn -0.4717914 0.07182392 -0.8787799
vn -0.04151323 0.1575421 -0.9866393
vn 0.05679887 0.8964233 -0.4395443
vn 0.5043337 0.1352389 -0.8528529
vn 0.06811003 0.09621011 -0.993028
vn -0.173286 0.09054762 -0.9807003
vn 0.308024 0.06019738 -0.9494722
vn 0.2741015 0.0610977 -0.959758
vn 0.5088156 0.2102111 -0.8348161
vn -0.212777 0.2957934 -0.931253
vn -0.1071773 0.9920888 -0.06536715
vn -0.02773912 0.9994369 0.01887487
vn 0.07382196 0.9968895 -0.02759837
vn 0.7065219 0.7076664 -0.005917312
vn 0.5509504 0.7911413 -0.2656109
vn 0.669443 0.6768493 0.3061389
vn -0.03163812 0.9889407 0.1448979
vn 0.1593519 0.9866089 0.03478164
vn 0.2439505 0.873775 -0.42072
vn 0.3845106 0.6600055 0.6454026
vn 0.0866073 0.9816804 0.1697137
vn 0.142713 0.979134 0.1446709
vn -0.05679888 0.8964232 -0.4395445
vn -0.1762163 0.7138536 0.6777616
vn 0.1277877 0.9908444 0.04356228
vn 0.008328967 0.9872479 0.1589724
vn -0.3763236 0.8455835 -0.3786411
vn -0.5883948 0.7515444 0.2982828
vn 0.0268271 0.9989076 -0.0382635
vn -0.06174207 0.9975078 0.03414632
vn -0.6210144 0.772903 -0.130239
vn 0.02773914 0.999437 0.01887358
vn -0.5509503 0.7911411 -0.2656118
vn -0.7065219 0.7076664 -0.005917732
vn -0.07382196 0.9968894 -0.02759892
vn 0.03163813 0.9889408 0.1448972
vn -0.669443 0.6768493 0.3061392
vn -0.2439505 0.8737748 -0.4207206
vn -0.1593518 0.9866089 0.03478207
vn -0.0866073 0.9816804 0.1697139
vn -0.3845104 0.6600051 0.645403
vn 0.05679887 0.8964233 -0.4395443
vn -0.142713 0.9791338 0.1446719
vn -0.1277878 0.9908444 0.04356249
vn 0.1762163 0.7138532 0.677762
vn 0.3763236 0.8455836 -0.3786409
vn -0.00832898 0.9872477 0.1589734
vn -0.0268271 0.9989076 -0.03826304
vn 0.5883946 0.7515443 0.2982835
vn 0.6210144 0.772903 -0.1302386
vn 0.06174207 0.9975078 0.03414718
vt 0.3800656 0.7978902
vt 0.3990656 0.7573583
vt 0.3990656 0.8571675
vt 0.5079049 0.7798219
vt 0.4938405 0.7721139
vt 0.5079049 0.7573583
vt 0.4938405 0.7573583
vt 0.4938405 0.7944711
vt 0.4768527 0.7699731
vt 0.4470752 0.8083134
vt 0.4186874 0.8083134
vt 0.4197146 0.7573583
vt 0.4186874 0.8345311
vt 0.3990656 0.8080428
vt 0.4186874 0.7573583
vt 0.4768527 0.8014375
vt 0.4470752 0.8014375
vt 0.4642504 0.7573583
vt 0.8866013 0.5017971
vt 0.8866013 0.6315114
vt 0.8715699 0.6048068
vt 0.7661741 0.5174967
vt 0.766174 0.6377154
vt 0.7628197 0.5538755
vt 0.2594952 0.7722088
vt 0.2420003 0.7042978
vt 0.2594953 0.6294775
vt 0.3800656 0.7978902
vt 0.3990656 0.8571675
vt 0.3990656 0.7573583
vt 0.5079049 0.7798219
vt 0.5079049 0.7573583
vt 0.4938405 0.7721139
vt 0.4938405 0.7573583
vt 0.4768527 0.7699731
vt 0.4938405 0.7944711
vt 0.4470752 0.8083134
vt 0.4197146 0.7573583
vt 0.4186874 0.8083134
vt 0.4186874 0.8345311
vt 0.4186874 0.7573583
vt 0.3990656 0.8080428
vt 0.4768527 0.8014375
vt 0.4642504 0.7573583
vt 0.4470752 0.8014375
vt 0.8866013 0.5017971
vt 0.8715699 0.6048068
vt 0.8866013 0.6315114
vt 0.7661741 0.5174967
vt 0.7628197 0.5538755
vt 0.766174 0.6377154
vt 0.2594952 0.7722088
vt 0.2594953 0.6294775
vt 0.2420003 0.7042978
vt 0.5340468 0.6963772
vt 0.5378914 0.6607299
vt 0.5499408 0.7362885
vt 0.6400251 0.7296613
vt 0.6358026 0.7702039
vt 0.5564628 0.7801849
vt 0.6393366 0.8013842
vt 0.5522143 0.8055922
vt 0.6418297 0.8257527
vt 0.5472459 0.8275726
vt 0.6418297 0.6589397
vt 0.6354994 0.8655064
vt 0.5825059 0.5967085
vt 0.6071877 0.6077148
vt 0.5621657 0.6090077
vt 0.608924 0.8875802
vt 0.6252816 0.8795354
vt 0.5878847 0.889618
vt 0.5623367 0.8810911
vt 0.5494504 0.8620769
vt 0.2784327 0.8237373
vt 0.3601224 0.8022247
vt 0.363474 0.8244774
vt 0.2804095 0.7968385
vt 0.3656111 0.7561085
vt 0.2750328 0.7503623
vt 0.26817 0.709955
vt 0.3800656 0.683439
vt 0.3800656 0.7238962
vt 0.2810216 0.6670321
vt 0.3164841 0.6201824
vt 0.356346 0.6292339
vt 0.3406154 0.6160163
vt 0.2341644 0.746352
vt 0.2341644 0.8216643
vt 0.2013961 0.7466297
vt 0.2009657 0.8223039
vt 0.1942779 0.7229418
vt 0.1540947 0.7308798
vt 0.1542079 0.7135262
vt 0.1942779 0.7436594
vt 0.1547406 0.7569419
vt 0.1920192 0.7677729
vt 0.1552548 0.7768744
vt 0.1420364 0.7072971
vt 0.1264337 0.6880729
vt 0.2009657 0.7135262
vt 0.1241423 0.6657797
vt 0.2009657 0.6302826
vt 0.1341238 0.6414897
vt 0.1793992 0.6294775
vt 0.08841871 0.8638953
vt 0.08415338 0.8267406
vt 0.09199688 0.8542909
vt 0.09301805 0.786212
vt 0.0868875 0.7863827
vt 0.1117341 0.742078
vt 0.1146124 0.74887
vt 0.1241423 0.7213516
vt 0.1160021 0.7173656
vt 0.1237965 0.6987699
vt 0.08357341 0.7119182
vt 0.08475968 0.6925283
vt 0.1219869 0.6585515
vt 0.08374208 0.6470122
vt 0.1225283 0.6420352
vt 0.1241423 0.6294775
vt 0.08480208 0.6298034
vt 0.2603327 0.6343218
vt 0.266963 0.6294775
vt 0.266963 0.6618658
vt 0.2594953 0.6614308
vt 0.6514902 0.7082194
vt 0.6451249 0.7145434
vt 0.6425267 0.6773198
vt 0.648981 0.6738643
vt 0.6442097 0.6179654
vt 0.6508011 0.6160434
vt 0.6439104 0.5998026
vt 0.6514902 0.5967085
vt 0.6454319 0.3373088
vt 0.6271306 0.4145468
vt 0.6454396 0.2268796
vt 0.6190853 0.2258149
vt 0.6341981 0.1115941
vt 0.6514902 0.1044376
vt 0.6327199 0
vt 0.5879884 0.004502361
vt 0.5967938 0.1389305
vt 0.5776488 0.2216019
vt 0.5377942 0.00631927
vt 0.6091344 0.4179138
vt 0.6266186 0.4797164
vt 0.5665199 0.1577458
vt 0.5340468 0.1606301
vt 0.5427452 0.2242287
vt 0.5533522 0.2894161
vt 0.5684618 0.3673066
vt 0.5867477 0.4436301
vt 0.5568004 0.4310381
vt 0.5638596 0.4623213
vt 0.5728948 0.4953744
vt 0.608795 0.4781281
vt 0.6254128 0.5459826
vt 0.6385681 0.5185884
vt 0.6514903 0.5434862
vt 0.6448268 0.5894834
vt 0.595481 0.5194463
vt 0.5732708 0.5401294
vt 0.5902811 0.5612728
vt 0.5650041 0.5712374
vt 0.5811825 0.5903633
vt 0.6170099 0.5885648
vt 0.6235647 0.5967086
vt 0.26817 0.04319896
vt 0.2641938 0.0885087
vt 0.2470138 0.038673
vt 0.23113 0.0654211
vt 0.2272056 0.1261043
vt 0.2597347 0.1138767
vt 0.2558134 0.1532485
vt 0.1941227 0.04313024
vt 0.1910661 0.0369378
vt 0.2397709 0.1728568
vt 0.2538704 0.2183813
vt 0.2051301 0.09850197
vt 0.1919775 0.1140482
vt 0.1814286 0.04592011
vt 0.1497861 0.02826877
vt 0.1926656 0.09136356
vt 0.1114459 0.04089523
vt 0.1054563 0.004623949
vt 0.07497241 0.004930379
vt 0.1404248 0.07423726
vt 0.0834609 0.0478578
vt 0.1506754 0.1156949
vt 0.1555184 0.135519
vt 0.04082827 0.01180511
vt 0.05579874 0
vt 0.04829713 0.03940076
vt 0 0.02889881
vt 0.1900043 0.1584793
vt 0.1770945 0.200575
vt 0.2059166 0.1649352
vt 0.2086497 0.2283737
vt 0.1923382 0.2574681
vt 0.2372171 0.2292125
vt 0.2538924 0.2946599
vt 0.2425461 0.3947811
vt 0.26817 0.4067985
vt 0.2370199 0.5261567
vt 0.1991166 0.3448578
vt 0.1819351 0.3191318
vt 0.1830636 0.2610117
vt 0.1770945 0.200575
vt 0.2171543 0.5054982
vt 0.2101202 0.6294776
vt 0.1662062 0.627387
vt 0.2113829 0.4023701
vt 0.1893449 0.4897017
vt 0.1374386 0.6258935
vt 0.1561402 0.4622751
vt 0.1776219 0.3901221
vt 0.1807035 0.3513127
vt 0.1397727 0.4298548
vt 0.1382593 0.5730904
vt 0.104316 0.6243624
vt 0.000285286 0.8090085
vt 0.02464293 0.7580019
vt 0.02100646 0.780422
vt 0.04683195 0.7839924
vt 0.04217956 0.7505094
vt 0.01781103 0.7188957
vt 0.04118603 0.720448
vt 0.03939368 0.6974528
vt 0.05855185 0.7050584
vt 0.08357339 0.7432125
vt 0.08030403 0.7008674
vt 0.07564926 0.6394973
vt 0.08357341 0.6472996
vt 0.05159064 0.652566
vt 0.06289047 0.6294775
vt 0.03316269 0.6430807
vt 0 0.7086191
vt 0.04567526 0.6307139
vt 0.7456639 0.5217773
vt 0.7628196 0.5393227
vt 0.7230214 0.5225573
vt 0.7577782 0.5959994
vt 0.6823589 0.6013299
vt 0.6837118 0.5377383
vt 0.7139734 0.5174967
vt 0.6751602 0.5843167
vt 0.68146 0.6359474
vt 0.7576574 0.6378415
vt 0.7351659 0.6783972
vt 0.7579497 0.6843113
vt 0.6699765 0.67264
vt 0.7582025 0.7338938
vt 0.7628196 0.7133208
vt 0.6526757 0.7403988
vt 0.6514902 0.7049836
vt 0.6871105 0.8083763
vt 0.7126577 0.8014388
vt 0.6720145 0.7988323
vt 0.5312842 0.6389766
vt 0.5256897 0.6204005
vt 0.5340468 0.6160163
vt 0.5245012 0.6470597
vt 0.5340468 0.6895953
vt 0.529201 0.7005945
vt 0.2345143 0.7459391
vt 0.2090198 0.7112679
vt 0.2420003 0.746352
vt 0.2145315 0.7082431
vt 0.2093342 0.6868523
vt 0.2009657 0.6871558
vt 0.2018382 0.6646413
vt 0.2258284 0.6629635
vt 0.2029392 0.6331415
vt 0.2420003 0.6791185
vt 0.239819 0.6294775
vt 0.3783356 0.5329041
vt 0.4234469 0.6160163
vt 0.3784584 0.6158496
vt 0.3458547 0.5356013
vt 0.3511431 0.4185093
vt 0.3899056 0.4424728
vt 0.3658774 0.3657978
vt 0.3168032 0.5436994
vt 0.3288962 0.615815
vt 0.3131383 0.4476313
vt 0.2989188 0.5219889
vt 0.2879613 0.6160163
vt 0.2778888 0.4621638
vt 0.2880069 0.4008849
vt 0.2708261 0.3986168
vt 0.2772499 0.3327724
vt 0.3229571 0.3535289
vt 0.2948627 0.3275054
vt 0.3340305 0.2659884
vt 0.3489739 0.2617838
vt 0.3531801 0.2096153
vt 0.319982 0.2655566
vt 0.3429059 0.1430075
vt 0.3636376 0.1646698
vt 0.372674 0.1432031
vt 0.3789335 0.1282825
vt 0.2983135 0.2667755
vt 0.2823046 0.2541579
vt 0.3055204 0.1895611
vt 0.319921 0.1890704
vt 0.331447 0.1104252
vt 0.3575609 0.1177283
vt 0.3919207 0.1025927
vt 0.3089556 0.1236906
vt 0.2988094 0.1583848
vt 0.2855627 0.1257008
vt 0.2708129 0.08161351
vt 0.3127622 0.07862862
vt 0.2801228 0.05025148
vt 0.3117407 0.03493562
vt 0.26817 0.03124938
vt 0.3627299 0.06590935
vt 0.3634109 0.01875532
vt 0.41735 0.04845001
vt 0.3964696 0.04553045
vt 0.3947789 0.0001547106
vt 0.4363506 0.05277934
vt 0.4116139 0.09028385
vt 0.4161399 0.02768799
vt 0.4212485 0.003143454
vt 0.4323385 0.03240875
vt 0.4536178 0.02054218
vt 0.4562964 0
vt 0.506854 0.0277293
vt 0.5202161 0.006284428
vt 0.5242938 0.0253954
vt 0.5340468 0.00390663
vt 0.6735744 0.1968457
vt 0.6514902 0.1654172
vt 0.6768318 0
vt 0.7045409 0.0886462
vt 0.7304105 0.0002717381
vt 0.7375892 0.0895729
vt 0.7639785 0.001068304
vt 0.7704583 0.08600228
vt 0.7423899 0.176096
vt 0.7004613 0.1912868
vt 0.6974923 0.3066049
vt 0.6657551 0.3107121
vt 0.6830038 0.36918
vt 0.7238535 0.2917034
vt 0.7481105 0.2536898
vt 0.7491255 0.3583289
vt 0.7224681 0.3698365
vt 0.7515261 0.4102428
vt 0.7057267 0.4294679
vt 0.7306042 0.4277251
vt 0.7471756 0.4547299
vt 0.7339382 0.4827505
vt 0.7220074 0.4927765
vt 0.751064 0.4757483
vt 0.7491354 0.5013639
vt 0.7213803 0.5120704
vt 0.7601733 0.4903007
vt 0.7470163 0.5174967
vt 0.7704583 0.5153091
vt 0.1540947 0.7232706
vt 0.1277508 0.7254474
vt 0.1334698 0.7135262
vt 0.1241423 0.7409419
vt 0.1496759 0.7486414
vt 0.1288333 0.753027
vt 0.1424624 0.8003216
vt 0.1540947 0.8125342
vt 0.8925546 0.8328141
vt 0.8943094 0.7234405
vt 0.9081019 0.9106803
vt 0.9182494 0.7223709
vt 0.9060317 0.6097609
vt 0.8901675 0.6025739
vt 0.9093196 0.499109
vt 0.9506208 0.5036516
vt 0.9402189 0.637062
vt 0.9551438 0.7183188
vt 0.9935883 0.505043
vt 0.9205416 0.9139982
vt 0.9362522 0.9910212
vt 0.9662683 0.6557717
vt 0.9935883 0.6585706
vt 0.9849957 0.7211531
vt 0.9730225 0.7856786
vt 0.9577918 0.8636015
vt 0.9390454 0.9407809
vt 0.959014 0.9603362
vt 0.9656387 0.9283852
vt 0.8901675 0.4152118
vt 0.8823354 0.5017972
vt 0.8537091 0.3632113
vt 0.8648141 0.3608549
vt 0.8765326 0.3636541
vt 0.8756451 0.2573478
vt 0.8412935 0.2747055
vt 0.8562198 0.2063947
vt 0.8845091 0.178232
vt 0.8620977 0.08924996
vt 0.8338061 0.09127592
vt 0.8192559 0.1831543
vt 0.8523092 0.006561487
vt 0.8901675 0
vt 0.807191 0.08809974
vt 0.8079095 0.01498028
vt 0.7942354 0.1126978
vt 0.7704583 0.022456
vt 0.7852358 0.1748918
vt 0.8034707 0.2332331
vt 0.7892249 0.237922
vt 0.8058422 0.3016946
vt 0.82219 0.3043827
vt 0.8361883 0.3643025
vt 0.8250626 0.3788657
vt 0.8693612 0.4385744
vt 0.8586264 0.439415
vt 0.8823354 0.5017972
vt 0.8575329 0.4721291
vt 0.9999999 0.06727128
vt 0.9784179 0.1232175
vt 0.9882977 0
vt 0.9851094 0.1281231
vt 0.9782432 0.1868087
vt 0.9637179 0.1753675
vt 0.9691913 0.09258532
vt 0.9758334 0.2193155
vt 0.9599372 0.2103015
vt 0.9727558 0.2578351
vt 0.9421135 0.2648626
vt 0.9809555 0.331879
vt 0.9162232 0.2524077
vt 0.9478259 0.08919296
vt 0.9691913 0.09258532
vt 0.9882977 0
vt 0.9361959 0.07532057
vt 0.9226113 0.1516931
vt 0.8901675 0.2588507
vt 0.8992929 0.3805699
vt 0.9208817 0.3641969
vt 0.9069218 0.4856494
vt 0.9474079 0.4918956
vt 0.9477785 0.3535843
vt 0.971952 0.4954123
vt 1 0.499109
vt 0.7910162 0.6851173
vt 0.7714488 0.7552611
vt 0.7818958 0.7172024
vt 0.792685 0.7990176
vt 0.7704583 0.8285816
vt 0.7867639 0.9953063
vt 0.8198895 0.6907368
vt 0.8108343 0.627219
vt 0.8151857 0.9088208
vt 0.8366958 0.9990095
vt 0.8458343 0.6277242
vt 0.8373294 0.5669858
vt 0.8163291 0.8060215
vt 0.843639 0.9098127
vt 0.8639237 1
vt 0.8715699 0.914506
vt 0.8524723 0.8231343
vt 0.8416203 0.7066418
vt 0.8597741 0.7456301
vt 0.8666149 0.6400296
vt 0.8715699 0.5874292
vt 0.8579075 0.5687888
vt 0.8559084 0.5017971
vt 0.5340468 0.6963772
vt 0.5499408 0.7362885
vt 0.5378914 0.6607299
vt 0.6400251 0.7296613
vt 0.6358026 0.7702039
vt 0.5564628 0.7801849
vt 0.6393366 0.8013842
vt 0.5522143 0.8055922
vt 0.6418297 0.8257527
vt 0.5472459 0.8275726
vt 0.6418297 0.6589397
vt 0.6354994 0.8655064
vt 0.5825059 0.5967085
vt 0.6071877 0.6077148
vt 0.5621657 0.6090077
vt 0.608924 0.8875802
vt 0.6252816 0.8795354
vt 0.5878847 0.889618
vt 0.5623367 0.8810911
vt 0.5494504 0.8620769
vt 0.2784327 0.8237373
vt 0.363474 0.8244774
vt 0.3601224 0.8022247
vt 0.2804095 0.7968385
vt 0.3656111 0.7561085
vt 0.2750328 0.7503623
vt 0.26817 0.709955
vt 0.3800656 0.683439
vt 0.3800656 0.7238962
vt 0.2810216 0.6670321
vt 0.3164841 0.6201824
vt 0.356346 0.6292339
vt 0.3406154 0.6160163
vt 0.2341644 0.746352
vt 0.2013961 0.7466297
vt 0.2341644 0.8216643
vt 0.2009657 0.8223039
vt 0.1942779 0.7229418
vt 0.1542079 0.7135262
vt 0.1540947 0.7308798
vt 0.1942779 0.7436594
vt 0.1547406 0.7569419
vt 0.1920192 0.7677729
vt 0.1552548 0.7768744
vt 0.1420364 0.7072971
vt 0.2009657 0.7135262
vt 0.1264337 0.6880729
vt 0.1241423 0.6657797
vt 0.2009657 0.6302826
vt 0.1341238 0.6414897
vt 0.1793992 0.6294775
vt 0.08841871 0.8638953
vt 0.09199688 0.8542909
vt 0.08415338 0.8267406
vt 0.09301805 0.786212
vt 0.0868875 0.7863827
vt 0.1117341 0.742078
vt 0.1146124 0.74887
vt 0.1241423 0.7213516
vt 0.1160021 0.7173656
vt 0.1237965 0.6987699
vt 0.08357341 0.7119182
vt 0.08475968 0.6925283
vt 0.1219869 0.6585515
vt 0.08374208 0.6470122
vt 0.1225283 0.6420352
vt 0.1241423 0.6294775
vt 0.08480208 0.6298034
vt 0.2603327 0.6343218
vt 0.266963 0.6618658
vt 0.266963 0.6294775
vt 0.2594953 0.6614308
vt 0.6514902 0.7082194
vt 0.6425267 0.6773198
vt 0.6451249 0.7145434
vt 0.648981 0.6738643
vt 0.6442097 0.6179654
vt 0.6508011 0.6160434
vt 0.6439104 0.5998026
vt 0.6514902 0.5967085
vt 0.6454319 0.3373088
vt 0.6454396 0.2268796
vt 0.6271306 0.4145468
vt 0.6190853 0.2258149
vt 0.6341981 0.1115941
vt 0.6514902 0.1044376
vt 0.6327199 0
vt 0.5879884 0.004502361
vt 0.5967938 0.1389305
vt 0.5776488 0.2216019
vt 0.5377942 0.00631927
vt 0.6091344 0.4179138
vt 0.6266186 0.4797164
vt 0.5665199 0.1577458
vt 0.5340468 0.1606301
vt 0.5427452 0.2242287
vt 0.5533522 0.2894161
vt 0.5684618 0.3673066
vt 0.5867477 0.4436301
vt 0.5568004 0.4310381
vt 0.5638596 0.4623213
vt 0.5728948 0.4953744
vt 0.608795 0.4781281
vt 0.6254128 0.5459826
vt 0.6385681 0.5185884
vt 0.6514903 0.5434862
vt 0.6448268 0.5894834
vt 0.595481 0.5194463
vt 0.5732708 0.5401294
vt 0.5902811 0.5612728
vt 0.5650041 0.5712374
vt 0.5811825 0.5903633
vt 0.6170099 0.5885648
vt 0.6235647 0.5967086
vt 0.26817 0.04319896
vt 0.2470138 0.038673
vt 0.2641938 0.0885087
vt 0.23113 0.0654211
vt 0.2272056 0.1261043
vt 0.2597347 0.1138767
vt 0.2558134 0.1532485
vt 0.1941227 0.04313024
vt 0.1910661 0.0369378
vt 0.2397709 0.1728568
vt 0.2538704 0.2183813
vt 0.2051301 0.09850197
vt 0.1919775 0.1140482
vt 0.1814286 0.04592011
vt 0.1497861 0.02826877
vt 0.1926656 0.09136356
vt 0.1114459 0.04089523
vt 0.1054563 0.004623949
vt 0.07497241 0.004930379
vt 0.1404248 0.07423726
vt 0.0834609 0.0478578
vt 0.1506754 0.1156949
vt 0.1555184 0.135519
vt 0.04082827 0.01180511
vt 0.05579874 0
vt 0.04829713 0.03940076
vt 0 0.02889881
vt 0.1900043 0.1584793
vt 0.1770945 0.200575
vt 0.2059166 0.1649352
vt 0.2086497 0.2283737
vt 0.1923382 0.2574681
vt 0.2372171 0.2292125
vt 0.2538924 0.2946599
vt 0.2425461 0.3947811
vt 0.26817 0.4067985
vt 0.2370199 0.5261567
vt 0.1991166 0.3448578
vt 0.1819351 0.3191318
vt 0.1830636 0.2610117
vt 0.1770945 0.200575
vt 0.2171543 0.5054982
vt 0.2101202 0.6294776
vt 0.1662062 0.627387
vt 0.2113829 0.4023701
vt 0.1893449 0.4897017
vt 0.1374386 0.6258935
vt 0.1561402 0.4622751
vt 0.1776219 0.3901221
vt 0.1807035 0.3513127
vt 0.1397727 0.4298548
vt 0.1382593 0.5730904
vt 0.104316 0.6243624
vt 0.000285286 0.8090085
vt 0.02100646 0.780422
vt 0.02464293 0.7580019
vt 0.04683195 0.7839924
vt 0.04217956 0.7505094
vt 0.01781103 0.7188957
vt 0.04118603 0.720448
vt 0.03939368 0.6974528
vt 0.05855185 0.7050584
vt 0.08357339 0.7432125
vt 0.08030403 0.7008674
vt 0.07564926 0.6394973
vt 0.08357341 0.6472996
vt 0.05159064 0.652566
vt 0.06289047 0.6294775
vt 0.03316269 0.6430807
vt 0 0.7086191
vt 0.04567526 0.6307139
vt 0.7456639 0.5217773
vt 0.7230214 0.5225573
vt 0.7628196 0.5393227
vt 0.7577782 0.5959994
vt 0.6823589 0.6013299
vt 0.6837118 0.5377383
vt 0.7139734 0.5174967
vt 0.6751602 0.5843167
vt 0.68146 0.6359474
vt 0.7576574 0.6378415
vt 0.7351659 0.6783972
vt 0.7579497 0.6843113
vt 0.6699765 0.67264
vt 0.7582025 0.7338938
vt 0.7628196 0.7133208
vt 0.6526757 0.7403988
vt 0.6514902 0.7049836
vt 0.6871105 0.8083763
vt 0.7126577 0.8014388
vt 0.6720145 0.7988323
vt 0.5312842 0.6389766
vt 0.5340468 0.6160163
vt 0.5256897 0.6204005
vt 0.5245012 0.6470597
vt 0.5340468 0.6895953
vt 0.529201 0.7005945
vt 0.2345143 0.7459391
vt 0.2420003 0.746352
vt 0.2090198 0.7112679
vt 0.2145315 0.7082431
vt 0.2093342 0.6868523
vt 0.2009657 0.6871558
vt 0.2018382 0.6646413
vt 0.2258284 0.6629635
vt 0.2029392 0.6331415
vt 0.2420003 0.6791185
vt 0.239819 0.6294775
vt 0.3783356 0.5329041
vt 0.3784584 0.6158496
vt 0.4234469 0.6160163
vt 0.3458547 0.5356013
vt 0.3511431 0.4185093
vt 0.3899056 0.4424728
vt 0.3658774 0.3657978
vt 0.3168032 0.5436994
vt 0.3288962 0.615815
vt 0.3131383 0.4476313
vt 0.2989188 0.5219889
vt 0.2879613 0.6160163
vt 0.2778888 0.4621638
vt 0.2880069 0.4008849
vt 0.2708261 0.3986168
vt 0.2772499 0.3327724
vt 0.3229571 0.3535289
vt 0.2948627 0.3275054
vt 0.3340305 0.2659884
vt 0.3489739 0.2617838
vt 0.3531801 0.2096153
vt 0.319982 0.2655566
vt 0.3429059 0.1430075
vt 0.3636376 0.1646698
vt 0.372674 0.1432031
vt 0.3789335 0.1282825
vt 0.2983135 0.2667755
vt 0.2823046 0.2541579
vt 0.3055204 0.1895611
vt 0.319921 0.1890704
vt 0.331447 0.1104252
vt 0.3575609 0.1177283
vt 0.3919207 0.1025927
vt 0.3089556 0.1236906
vt 0.2988094 0.1583848
vt 0.2855627 0.1257008
vt 0.2708129 0.08161351
vt 0.3127622 0.07862862
vt 0.2801228 0.05025148
vt 0.3117407 0.03493562
vt 0.26817 0.03124938
vt 0.3627299 0.06590935
vt 0.3634109 0.01875532
vt 0.41735 0.04845001
vt 0.3964696 0.04553045
vt 0.3947789 0.0001547106
vt 0.4363506 0.05277934
vt 0.4116139 0.09028385
vt 0.4161399 0.02768799
vt 0.4212485 0.003143454
vt 0.4323385 0.03240875
vt 0.4536178 0.02054218
vt 0.4562964 0
vt 0.506854 0.0277293
vt 0.5202161 0.006284428
vt 0.5242938 0.0253954
vt 0.5340468 0.00390663
vt 0.6735744 0.1968457
vt 0.6768318 0
vt 0.6514902 0.1654172
vt 0.7045409 0.0886462
vt 0.7304105 0.0002717381
vt 0.7375892 0.0895729
vt 0.7639785 0.001068304
vt 0.7704583 0.08600228
vt 0.7423899 0.176096
vt 0.7004613 0.1912868
vt 0.6974923 0.3066049
vt 0.6657551 0.3107121
vt 0.6830038 0.36918
vt 0.7238535 0.2917034
vt 0.7481105 0.2536898
vt 0.7491255 0.3583289
vt 0.7224681 0.3698365
vt 0.7515261 0.4102428
vt 0.7057267 0.4294679
vt 0.7306042 0.4277251
vt 0.7471756 0.4547299
vt 0.7339382 0.4827505
vt 0.7220074 0.4927765
vt 0.751064 0.4757483
vt 0.7491354 0.5013639
vt 0.7213803 0.5120704
vt 0.7601733 0.4903007
vt 0.7470163 0.5174967
vt 0.7704583 0.5153091
vt 0.1540947 0.7232706
vt 0.1334698 0.7135262
vt 0.1277508 0.7254474
vt 0.1241423 0.7409419
vt 0.1496759 0.7486414
vt 0.1288333 0.753027
vt 0.1424624 0.8003216
vt 0.1540947 0.8125342
vt 0.8925546 0.8328141
vt 0.9081019 0.9106803
vt 0.8943094 0.7234405
vt 0.9182494 0.7223709
vt 0.9060317 0.6097609
vt 0.8901675 0.6025739
vt 0.9093196 0.499109
vt 0.9506208 0.5036516
vt 0.9402189 0.637062
vt 0.9551438 0.7183188
vt 0.9935883 0.505043
vt 0.9205416 0.9139982
vt 0.9362522 0.9910212
vt 0.9662683 0.6557717
vt 0.9935883 0.6585706
vt 0.9849957 0.7211531
vt 0.9730225 0.7856786
vt 0.9577918 0.8636015
vt 0.9390454 0.9407809
vt 0.959014 0.9603362
vt 0.9656387 0.9283852
vt 0.8901675 0.4152118
vt 0.8537091 0.3632113
vt 0.8823354 0.5017972
vt 0.8648141 0.3608549
vt 0.8765326 0.3636541
vt 0.8756451 0.2573478
vt 0.8412935 0.2747055
vt 0.8562198 0.2063947
vt 0.8845091 0.178232
vt 0.8620977 0.08924996
vt 0.8338061 0.09127592
vt 0.8192559 0.1831543
vt 0.8523092 0.006561487
vt 0.8901675 0
vt 0.807191 0.08809974
vt 0.8079095 0.01498028
vt 0.7942354 0.1126978
vt 0.7704583 0.022456
vt 0.7852358 0.1748918
vt 0.8034707 0.2332331
vt 0.7892249 0.237922
vt 0.8058422 0.3016946
vt 0.82219 0.3043827
vt 0.8361883 0.3643025
vt 0.8250626 0.3788657
vt 0.8693612 0.4385744
vt 0.8586264 0.439415
vt 0.8823354 0.5017972
vt 0.8575329 0.4721291
vt 0.9999999 0.06727128
vt 0.9882977 0
vt 0.9784179 0.1232175
vt 0.9851094 0.1281231
vt 0.9782432 0.1868087
vt 0.9637179 0.1753675
vt 0.9691913 0.09258532
vt 0.9758334 0.2193155
vt 0.9599372 0.2103015
vt 0.9727558 0.2578351
vt 0.9421135 0.2648626
vt 0.9809555 0.331879
vt 0.9162232 0.2524077
vt 0.9478259 0.08919296
vt 0.9691913 0.09258532
vt 0.9882977 0
vt 0.9361959 0.07532057
vt 0.9226113 0.1516931
vt 0.8901675 0.2588507
vt 0.8992929 0.3805699
vt 0.9208817 0.3641969
vt 0.9069218 0.4856494
vt 0.9474079 0.4918956
vt 0.9477785 0.3535843
vt 0.971952 0.4954123
vt 1 0.499109
vt 0.7910162 0.6851173
vt 0.7818958 0.7172024
vt 0.7714488 0.7552611
vt 0.792685 0.7990176
vt 0.7704583 0.8285816
vt 0.7867639 0.9953063
vt 0.8198895 0.6907368
vt 0.8108343 0.627219
vt 0.8151857 0.9088208
vt 0.8366958 0.9990095
vt 0.8458343 0.6277242
vt 0.8373294 0.5669858
vt 0.8163291 0.8060215
vt 0.843639 0.9098127
vt 0.8639237 1
vt 0.8715699 0.914506
vt 0.8524723 0.8231343
vt 0.8416203 0.7066418
vt 0.8597741 0.7456301
vt 0.8666149 0.6400296
vt 0.8715699 0.5874292
vt 0.8579075 0.5687888
vt 0.8559084 0.5017971
vt 0.4315955 0.7573583
vt 0.4003489 0.7380053
vt 0.4060071 0.7322765
vt 0.4338073 0.7495291
vt 0.3916588 0.7125616
vt 0.4902454 0.7573583
vt 0.3838187 0.7152616
vt 0.4871757 0.7496712
vt 0.3882161 0.6706822
vt 0.5164123 0.7346705
vt 0.3800656 0.6686312
vt 0.5088561 0.7309504
vt 0.4150891 0.630663
vt 0.5218931 0.6842331
vt 0.4103602 0.6236114
vt 0.5136724 0.6857361
vt 0.4589883 0.6241302
vt 0.4994817 0.6418121
vt 0.4609327 0.6160163
vt 0.4933118 0.6471508
vt 0.4315955 0.7573583
vt 0.4338073 0.7495291
vt 0.4060071 0.7322765
vt 0.4003489 0.7380053
vt 0.4902454 0.7573583
vt 0.3916588 0.7125616
vt 0.4871757 0.7496712
vt 0.3838187 0.7152616
vt 0.5164123 0.7346705
vt 0.3882161 0.6706822
vt 0.5088561 0.7309504
vt 0.3800656 0.6686312
vt 0.5218931 0.6842331
vt 0.4150891 0.630663
vt 0.5136724 0.6857361
vt 0.4103602 0.6236114
vt 0.4994817 0.6418121
vt 0.4589883 0.6241302
vt 0.4933118 0.6471508
vt 0.4609327 0.6160163
usemtl Boots_Boots_AlbedoTransparency
f 3/3/3 2/2/2 1/1/1
f 6/6/6 5/5/5 4/4/4
f 9/9/9 8/8/8 7/7/7
f 12/12/12 11/11/11 10/10/10
f 15/15/15 14/14/14 13/13/13
f 18/18/18 17/17/17 16/16/16
f 21/21/21 20/20/20 19/19/19
f 24/24/24 23/23/23 22/22/22
f 27/27/27 26/26/26 25/25/25
f 30/30/30 29/29/29 28/28/28
f 33/33/33 32/32/32 31/31/31
f 36/36/36 35/35/35 34/34/34
f 39/39/39 38/38/38 37/37/37
f 42/42/42 41/41/41 40/40/40
f 45/45/45 44/44/44 43/43/43
f 48/48/48 47/47/47 46/46/46
f 51/51/51 50/50/50 49/49/49
f 54/54/54 53/53/53 52/52/52
f 57/57/57 56/56/56 55/55/55
f 57/57/57 58/58/58 56/56/56
f 57/57/57 59/59/59 58/58/58
f 59/59/59 57/57/57 60/60/60
f 60/60/60 61/61/61 59/59/59
f 61/61/61 60/60/60 62/62/62
f 63/63/63 61/61/61 62/62/62
f 64/64/64 63/63/63 62/62/62
f 58/58/58 65/65/65 56/56/56
f 63/63/63 64/64/64 66/66/66
f 67/67/67 56/56/56 65/65/65
f 68/68/68 67/67/67 65/65/65
f 67/67/67 69/69/69 56/56/56
f 66/66/66 64/64/64 70/70/70
f 70/70/70 71/71/71 66/66/66
f 64/64/64 72/72/72 70/70/70
f 73/73/73 72/72/72 64/64/64
f 73/73/73 64/64/64 74/74/74
f 77/77/77 76/76/76 75/75/75
f 78/78/78 75/75/75 76/76/76
f 79/79/79 78/78/78 76/76/76
f 80/80/80 78/78/78 79/79/79
f 79/79/79 81/81/81 80/80/80
f 81/81/81 79/79/79 82/82/82
f 82/82/82 79/79/79 83/83/83
f 81/81/81 82/82/82 84/84/84
f 84/84/84 82/82/82 85/85/85
f 85/85/85 82/82/82 86/86/86
f 85/85/85 86/86/86 87/87/87
f 90/90/90 89/89/89 88/88/88
f 91/91/91 89/89/89 90/90/90
f 94/94/94 93/93/93 92/92/92
f 95/95/95 92/92/92 93/93/93
f 93/93/93 96/96/96 95/95/95
f 96/96/96 97/97/97 95/95/95
f 97/97/97 96/96/96 98/98/98
f 101/101/101 100/100/100 99/99/99
f 100/100/100 101/101/101 102/102/102
f 102/102/102 101/101/101 103/103/103
f 104/104/104 102/102/102 103/103/103
f 103/103/103 105/105/105 104/104/104
f 108/108/108 107/107/107 106/106/106
f 109/109/109 107/107/107 108/108/108
f 107/107/107 109/109/109 110/110/110
f 110/110/110 109/109/109 111/111/111
f 109/109/109 112/112/112 111/111/111
f 112/112/112 113/113/113 111/111/111
f 114/114/114 111/111/111 113/113/113
f 115/115/115 114/114/114 113/113/113
f 116/116/116 114/114/114 115/115/115
f 117/117/117 116/116/116 115/115/115
f 117/117/117 115/115/115 118/118/118
f 118/118/118 119/119/119 117/117/117
f 118/118/118 120/120/120 119/119/119
f 119/119/119 120/120/120 121/121/121
f 121/121/121 122/122/122 119/119/119
f 125/125/125 124/124/124 123/123/123
f 123/123/123 126/126/126 125/125/125
f 129/129/129 128/128/128 127/127/127
f 129/129/129 127/127/127 130/130/130
f 129/129/129 130/130/130 131/131/131
f 130/130/130 132/132/132 131/131/131
f 131/131/131 132/132/132 133/133/133
f 134/134/134 133/133/133 132/132/132
f 137/137/137 136/136/136 135/135/135
f 138/138/138 136/136/136 137/137/137
f 137/137/137 139/139/139 138/138/138
f 137/137/137 140/140/140 139/139/139
f 140/140/140 141/141/141 139/139/139
f 141/141/141 142/142/142 139/139/139
f 139/139/139 142/142/142 143/143/143
f 139/139/139 143/143/143 138/138/138
f 144/144/144 138/138/138 143/143/143
f 142/142/142 145/145/145 143/143/143
f 146/146/146 136/136/136 138/138/138
f 144/144/144 146/146/146 138/138/138
f 146/146/146 147/147/147 136/136/136
f 145/145/145 148/148/148 143/143/143
f 148/148/148 144/144/144 143/143/143
f 148/148/148 145/145/145 149/149/149
f 148/148/148 149/149/149 144/144/144
f 144/144/144 149/149/149 150/150/150
f 150/150/150 151/151/151 144/144/144
f 144/144/144 151/151/151 152/152/152
f 146/146/146 144/144/144 152/152/152
f 153/153/153 146/146/146 152/152/152
f 154/154/154 153/153/153 152/152/152
f 153/153/153 154/154/154 155/155/155
f 156/156/156 153/153/153 155/155/155
f 157/157/157 146/146/146 153/153/153
f 147/147/147 146/146/146 157/157/157
f 153/153/153 156/156/156 157/157/157
f 147/147/147 157/157/157 158/158/158
f 158/158/158 159/159/159 147/147/147
f 160/160/160 159/159/159 158/158/158
f 158/158/158 161/161/161 160/160/160
f 156/156/156 162/162/162 157/157/157
f 162/162/162 158/158/158 157/157/157
f 162/162/162 156/156/156 163/163/163
f 164/164/164 162/162/162 163/163/163
f 164/164/164 158/158/158 162/162/162
f 164/164/164 163/163/163 165/165/165
f 165/165/165 166/166/166 164/164/164
f 166/166/166 167/167/167 164/164/164
f 158/158/158 164/164/164 167/167/167
f 167/167/167 161/161/161 158/158/158
f 168/168/168 161/161/161 167/167/167
f 171/171/171 170/170/170 169/169/169
f 170/170/170 171/171/171 172/172/172
f 172/172/172 173/173/173 170/170/170
f 174/174/174 170/170/170 173/173/173
f 174/174/174 173/173/173 175/175/175
f 172/172/172 171/171/171 176/176/176
f 176/176/176 171/171/171 177/177/177
f 178/178/178 175/175/175 173/173/173
f 179/179/179 175/175/175 178/178/178
f 180/180/180 173/173/173 172/172/172
f 176/176/176 180/180/180 172/172/172
f 180/180/180 181/181/181 173/173/173
f 182/182/182 176/176/176 177/177/177
f 183/183/183 182/182/182 177/177/177
f 180/180/180 176/176/176 184/184/184
f 180/180/180 184/184/184 181/181/181
f 176/176/176 182/182/182 184/184/184
f 183/183/183 185/185/185 182/182/182
f 186/186/186 185/185/185 183/183/183
f 185/185/185 186/186/186 187/187/187
f 188/188/188 184/184/184 182/182/182
f 185/185/185 188/188/188 182/182/182
f 188/188/188 181/181/181 184/184/184
f 187/187/187 189/189/189 185/185/185
f 185/185/185 189/189/189 188/188/188
f 190/190/190 188/188/188 189/189/189
f 188/188/188 190/190/190 181/181/181
f 191/191/191 181/181/181 190/190/190
f 189/189/189 187/187/187 192/192/192
f 193/193/193 192/192/192 187/187/187
f 192/192/192 194/194/194 189/189/189
f 194/194/194 192/192/192 195/195/195
f 181/181/181 191/191/191 196/196/196
f 191/191/191 197/197/197 196/196/196
f 198/198/198 181/181/181 196/196/196
f 181/181/181 198/198/198 173/173/173
f 178/178/178 173/173/173 198/198/198
f 198/198/198 196/196/196 199/199/199
f 198/198/198 199/199/199 178/178/178
f 200/200/200 199/199/199 196/196/196
f 199/199/199 201/201/201 178/178/178
f 178/178/178 201/201/201 179/179/179
f 201/201/201 202/202/202 179/179/179
f 203/203/203 202/202/202 201/201/201
f 204/204/204 202/202/202 203/203/203
f 204/204/204 203/203/203 205/205/205
f 199/199/199 206/206/206 201/201/201
f 201/201/201 206/206/206 203/203/203
f 200/200/200 207/207/207 199/199/199
f 207/207/207 206/206/206 199/199/199
f 200/200/200 208/208/208 207/207/207
f 200/200/200 209/209/209 208/208/208
f 203/203/203 210/210/210 205/205/205
f 211/211/211 205/205/205 210/210/210
f 212/212/212 211/211/211 210/210/210
f 203/203/203 213/213/213 210/210/210
f 206/206/206 213/213/213 203/203/203
f 212/212/212 210/210/210 214/214/214
f 214/214/214 210/210/210 213/213/213
f 214/214/214 215/215/215 212/212/212
f 213/213/213 216/216/216 214/214/214
f 214/214/214 216/216/216 215/215/215
f 206/206/206 217/217/217 213/213/213
f 217/217/217 216/216/216 213/213/213
f 206/206/206 207/207/207 218/218/218
f 218/218/218 217/217/217 206/206/206
f 218/218/218 207/207/207 217/217/217
f 207/207/207 219/219/219 217/217/217
f 219/219/219 216/216/216 217/217/217
f 220/220/220 215/215/215 216/216/216
f 220/220/220 216/216/216 221/221/221
f 220/220/220 221/221/221 215/215/215
f 224/224/224 223/223/223 222/222/222
f 225/225/225 223/223/223 224/224/224
f 225/225/225 226/226/226 223/223/223
f 227/227/227 223/223/223 226/226/226
f 228/228/228 227/227/227 226/226/226
f 229/229/229 227/227/227 228/228/228
f 226/226/226 230/230/230 228/228/228
f 230/230/230 229/229/229 228/228/228
f 231/231/231 230/230/230 226/226/226
f 231/231/231 232/232/232 230/230/230
f 232/232/232 233/233/233 230/230/230
f 230/230/230 233/233/233 229/229/229
f 233/233/233 232/232/232 234/234/234
f 233/233/233 235/235/235 229/229/229
f 235/235/235 233/233/233 236/236/236
f 235/235/235 237/237/237 229/229/229
f 235/235/235 236/236/236 237/237/237
f 237/237/237 238/238/238 229/229/229
f 237/237/237 236/236/236 239/239/239
f 242/242/242 241/241/241 240/240/240
f 241/241/241 242/242/242 243/243/243
f 244/244/244 243/243/243 242/242/242
f 245/245/245 244/244/244 242/242/242
f 245/245/245 242/242/242 246/246/246
f 245/245/245 247/247/247 244/244/244
f 248/248/248 244/244/244 247/247/247
f 248/248/248 243/243/243 244/244/244
f 249/249/249 243/243/243 248/248/248
f 248/248/248 250/250/250 249/249/249
f 250/250/250 251/251/251 249/249/249
f 252/252/252 250/250/250 248/248/248
f 250/250/250 253/253/253 251/251/251
f 254/254/254 251/251/251 253/253/253
f 252/252/252 255/255/255 250/250/250
f 255/255/255 253/253/253 250/250/250
f 255/255/255 252/252/252 256/256/256
f 255/255/255 257/257/257 253/253/253
f 258/258/258 253/253/253 257/257/257
f 257/257/257 255/255/255 259/259/259
f 262/262/262 261/261/261 260/260/260
f 263/263/263 260/260/260 261/261/261
f 263/263/263 264/264/264 260/260/260
f 264/264/264 263/263/263 265/265/265
f 268/268/268 267/267/267 266/266/266
f 267/267/267 268/268/268 269/269/269
f 267/267/267 269/269/269 270/270/270
f 271/271/271 267/267/267 270/270/270
f 271/271/271 270/270/270 272/272/272
f 270/270/270 273/273/273 272/272/272
f 274/274/274 272/272/272 273/273/273
f 273/273/273 270/270/270 275/275/275
f 276/276/276 274/274/274 273/273/273
f 276/276/276 273/273/273 275/275/275
f 279/279/279 278/278/278 277/277/277
f 280/280/280 279/279/279 277/277/277
f 277/277/277 281/281/281 280/280/280
f 282/282/282 281/281/281 277/277/277
f 282/282/282 283/283/283 281/281/281
f 279/279/279 280/280/280 284/284/284
f 285/285/285 279/279/279 284/284/284
f 280/280/280 281/281/281 286/286/286
f 284/284/284 280/280/280 286/286/286
f 287/287/287 285/285/285 284/284/284
f 287/287/287 284/284/284 286/286/286
f 288/288/288 285/285/285 287/287/287
f 288/288/288 287/287/287 289/289/289
f 287/287/287 290/290/290 289/289/289
f 287/287/287 286/286/286 290/290/290
f 290/290/290 291/291/291 289/289/289
f 291/291/291 290/290/290 292/292/292
f 281/281/281 293/293/293 286/286/286
f 281/281/281 283/283/283 293/293/293
f 293/293/293 290/290/290 286/286/286
f 290/290/290 294/294/294 292/292/292
f 290/290/290 293/293/293 294/294/294
f 295/295/295 293/293/293 283/283/283
f 283/283/283 296/296/296 295/295/295
f 296/296/296 297/297/297 295/295/295
f 293/293/293 295/295/295 298/298/298
f 293/293/293 298/298/298 294/294/294
f 297/297/297 298/298/298 295/295/295
f 299/299/299 298/298/298 297/297/297
f 297/297/297 300/300/300 299/299/299
f 300/300/300 301/301/301 299/299/299
f 299/299/299 301/301/301 302/302/302
f 292/292/292 294/294/294 303/303/303
f 298/298/298 303/303/303 294/294/294
f 292/292/292 303/303/303 304/304/304
f 303/303/303 305/305/305 304/304/304
f 306/306/306 303/303/303 298/298/298
f 306/306/306 298/298/298 299/299/299
f 306/306/306 305/305/305 303/303/303
f 307/307/307 306/306/306 299/299/299
f 305/305/305 306/306/306 307/307/307
f 302/302/302 308/308/308 299/299/299
f 307/307/307 299/299/299 308/308/308
f 308/308/308 302/302/302 309/309/309
f 305/305/305 307/307/307 310/310/310
f 310/310/310 311/311/311 305/305/305
f 311/311/311 310/310/310 312/312/312
f 313/313/313 312/312/312 310/310/310
f 313/313/313 310/310/310 314/314/314
f 307/307/307 314/314/314 310/310/310
f 315/315/315 313/313/313 314/314/314
f 315/315/315 314/314/314 316/316/316
f 315/315/315 316/316/316 317/317/317
f 314/314/314 318/318/318 316/316/316
f 318/318/318 314/314/314 307/307/307
f 318/318/318 319/319/319 316/316/316
f 307/307/307 308/308/308 320/320/320
f 320/320/320 318/318/318 307/307/307
f 318/318/318 321/321/321 319/319/319
f 321/321/321 318/318/318 320/320/320
f 322/322/322 319/319/319 321/321/321
f 320/320/320 308/308/308 323/323/323
f 324/324/324 323/323/323 308/308/308
f 323/323/323 325/325/325 320/320/320
f 321/321/321 320/320/320 325/325/325
f 325/325/325 326/326/326 321/321/321
f 325/325/325 327/327/327 326/326/326
f 327/327/327 328/328/328 326/326/326
f 329/329/329 326/326/326 328/328/328
f 328/328/328 327/327/327 330/330/330
f 330/330/330 329/329/329 328/328/328
f 329/329/329 330/330/330 331/331/331
f 332/332/332 331/331/331 330/330/330
f 331/331/331 332/332/332 333/333/333
f 336/336/336 335/335/335 334/334/334
f 334/334/334 337/337/337 336/336/336
f 338/338/338 336/336/336 337/337/337
f 337/337/337 339/339/339 338/338/338
f 340/340/340 338/338/338 339/339/339
f 341/341/341 340/340/340 339/339/339
f 339/339/339 342/342/342 341/341/341
f 337/337/337 342/342/342 339/339/339
f 337/337/337 334/334/334 343/343/343
f 343/343/343 342/342/342 337/337/337
f 334/334/334 344/344/344 343/343/343
f 334/334/334 345/345/345 344/344/344
f 344/344/344 345/345/345 346/346/346
f 347/347/347 342/342/342 343/343/343
f 343/343/343 344/344/344 347/347/347
f 342/342/342 347/347/347 348/348/348
f 347/347/347 349/349/349 348/348/348
f 350/350/350 344/344/344 346/346/346
f 350/350/350 347/347/347 344/344/344
f 350/350/350 349/349/349 347/347/347
f 351/351/351 349/349/349 350/350/350
f 346/346/346 352/352/352 350/350/350
f 353/353/353 351/351/351 350/350/350
f 353/353/353 350/350/350 352/352/352
f 354/354/354 351/351/351 353/353/353
f 355/355/355 353/353/353 352/352/352
f 354/354/354 353/353/353 355/355/355
f 356/356/356 355/355/355 352/352/352
f 357/357/357 354/354/354 355/355/355
f 356/356/356 358/358/358 355/355/355
f 355/355/355 358/358/358 357/357/357
f 356/356/356 359/359/359 358/358/358
f 358/358/358 360/360/360 357/357/357
f 361/361/361 358/358/358 359/359/359
f 360/360/360 358/358/358 362/362/362
f 362/362/362 358/358/358 361/361/361
f 365/365/365 364/364/364 363/363/363
f 364/364/364 366/366/366 363/363/363
f 366/366/366 367/367/367 363/363/363
f 367/367/367 366/366/366 368/368/368
f 368/368/368 369/369/369 367/367/367
f 370/370/370 367/367/367 369/369/369
f 373/373/373 372/372/372 371/371/371
f 373/373/373 374/374/374 372/372/372
f 375/375/375 372/372/372 374/374/374
f 376/376/376 372/372/372 375/375/375
f 377/377/377 376/376/376 375/375/375
f 378/378/378 377/377/377 375/375/375
f 378/378/378 375/375/375 379/379/379
f 379/379/379 375/375/375 374/374/374
f 374/374/374 380/380/380 379/379/379
f 381/381/381 378/378/378 379/379/379
f 373/373/373 382/382/382 374/374/374
f 382/382/382 380/380/380 374/374/374
f 383/383/383 382/382/382 373/373/373
f 384/384/384 381/381/381 379/379/379
f 380/380/380 384/384/384 379/379/379
f 381/381/381 384/384/384 385/385/385
f 385/385/385 384/384/384 380/380/380
f 385/385/385 380/380/380 386/386/386
f 387/387/387 386/386/386 380/380/380
f 387/387/387 380/380/380 388/388/388
f 380/380/380 382/382/382 388/388/388
f 382/382/382 383/383/383 389/389/389
f 382/382/382 389/389/389 388/388/388
f 389/389/389 383/383/383 390/390/390
f 389/389/389 391/391/391 388/388/388
f 391/391/391 389/389/389 390/390/390
f 394/394/394 393/393/393 392/392/392
f 394/394/394 392/392/392 395/395/395
f 392/392/392 396/396/396 395/395/395
f 396/396/396 397/397/397 395/395/395
f 398/398/398 395/395/395 397/397/397
f 395/395/395 398/398/398 394/394/394
f 397/397/397 399/399/399 398/398/398
f 397/397/397 400/400/400 399/399/399
f 399/399/399 400/400/400 401/401/401
f 399/399/399 401/401/401 402/402/402
f 398/398/398 399/399/399 403/403/403
f 399/399/399 402/402/402 403/403/403
f 404/404/404 402/402/402 401/401/401
f 405/405/405 404/404/404 401/401/401
f 402/402/402 404/404/404 406/406/406
f 402/402/402 406/406/406 403/403/403
f 404/404/404 407/407/407 406/406/406
f 407/407/407 408/408/408 406/406/406
f 406/406/406 408/408/408 403/403/403
f 407/407/407 409/409/409 408/408/408
f 408/408/408 409/409/409 410/410/410
f 403/403/403 408/408/408 411/411/411
f 411/411/411 408/408/408 410/410/410
f 411/411/411 398/398/398 403/403/403
f 412/412/412 411/411/411 410/410/410
f 411/411/411 412/412/412 413/413/413
f 398/398/398 411/411/411 414/414/414
f 414/414/414 411/411/411 413/413/413
f 394/394/394 398/398/398 414/414/414
f 414/414/414 413/413/413 415/415/415
f 415/415/415 394/394/394 414/414/414
f 415/415/415 413/413/413 416/416/416
f 415/415/415 417/417/417 394/394/394
f 418/418/418 415/415/415 416/416/416
f 418/418/418 417/417/417 415/415/415
f 417/417/417 418/418/418 419/419/419
f 420/420/420 419/419/419 418/418/418
f 423/423/423 422/422/422 421/421/421
f 421/421/421 422/422/422 424/424/424
f 424/424/424 422/422/422 425/425/425
f 426/426/426 425/425/425 422/422/422
f 426/426/426 422/422/422 427/427/427
f 428/428/428 425/425/425 426/426/426
f 426/426/426 429/429/429 428/428/428
f 430/430/430 428/428/428 429/429/429
f 430/430/430 429/429/429 431/431/431
f 432/432/432 430/430/430 431/431/431
f 431/431/431 429/429/429 433/433/433
f 429/429/429 434/434/434 433/433/433
f 429/429/429 435/435/435 434/434/434
f 434/434/434 435/435/435 436/436/436
f 434/434/434 436/436/436 437/437/437
f 438/438/438 434/434/434 437/437/437
f 438/438/438 433/433/433 434/434/434
f 438/438/438 439/439/439 433/433/433
f 433/433/433 439/439/439 440/440/440
f 441/441/441 433/433/433 440/440/440
f 431/431/431 433/433/433 441/441/441
f 440/440/440 442/442/442 441/441/441
f 442/442/442 443/443/443 441/441/441
f 441/441/441 444/444/444 431/431/431
f 441/441/441 443/443/443 444/444/444
f 432/432/432 431/431/431 444/444/444
f 445/445/445 444/444/444 443/443/443
f 432/432/432 444/444/444 445/445/445
f 432/432/432 445/445/445 446/446/446
f 449/449/449 448/448/448 447/447/447
f 448/448/448 450/450/450 447/447/447
f 451/451/451 450/450/450 448/448/448
f 451/451/451 452/452/452 450/450/450
f 447/447/447 450/450/450 453/453/453
f 447/447/447 453/453/453 454/454/454
f 455/455/455 450/450/450 452/452/452
f 452/452/452 456/456/456 455/455/455
f 453/453/453 457/457/457 454/454/454
f 458/458/458 454/454/454 457/457/457
f 453/453/453 450/450/450 459/459/459
f 450/450/450 455/455/455 459/459/459
f 460/460/460 455/455/455 456/456/456
f 456/456/456 461/461/461 460/460/460
f 461/461/461 462/462/462 460/460/460
f 463/463/463 460/460/460 462/462/462
f 463/463/463 455/455/455 460/460/460
f 463/463/463 459/459/459 455/455/455
f 453/453/453 459/459/459 464/464/464
f 463/463/463 464/464/464 459/459/459
f 464/464/464 457/457/457 453/453/453
f 464/464/464 463/463/463 465/465/465
f 466/466/466 464/464/464 465/465/465
f 466/466/466 457/457/457 464/464/464
f 466/466/466 467/467/467 457/457/457
f 457/457/457 468/468/468 458/458/458
f 467/467/467 468/468/468 457/457/457
f 468/468/468 469/469/469 458/458/458
f 467/467/467 469/469/469 468/468/468
f 472/472/472 471/471/471 470/470/470
f 473/473/473 471/471/471 472/472/472
f 474/474/474 471/471/471 473/473/473
f 471/471/471 474/474/474 475/475/475
f 476/476/476 475/475/475 474/474/474
f 475/475/475 476/476/476 477/477/477
f 476/476/476 478/478/478 477/477/477
f 478/478/478 479/479/479 477/477/477
f 480/480/480 473/473/473 472/472/472
f 479/479/479 478/478/478 481/481/481
f 472/472/472 482/482/482 480/480/480
f 482/482/482 483/483/483 480/480/480
f 484/484/484 482/482/482 472/472/472
f 479/479/479 481/481/481 485/485/485
f 486/486/486 485/485/485 481/481/481
f 487/487/487 479/479/479 485/485/485
f 487/487/487 488/488/488 479/479/479
f 479/479/479 488/488/488 489/489/489
f 492/492/492 491/491/491 490/490/490
f 490/490/490 493/493/493 492/492/492
f 493/493/493 494/494/494 492/492/492
f 493/493/493 495/495/495 494/494/494
f 496/496/496 494/494/494 495/495/495
f 494/494/494 496/496/496 497/497/497
f 494/494/494 497/497/497 498/498/498
f 497/497/497 496/496/496 499/499/499
f 497/497/497 499/499/499 500/500/500
f 497/497/497 500/500/500 501/501/501
f 501/501/501 500/500/500 502/502/502
f 505/505/505 504/504/504 503/503/503
f 505/505/505 506/506/506 504/504/504
f 509/509/509 508/508/508 507/507/507
f 507/507/507 510/510/510 509/509/509
f 511/511/511 509/509/509 510/510/510
f 512/512/512 511/511/511 510/510/510
f 511/511/511 512/512/512 513/513/513
f 516/516/516 515/515/515 514/514/514
f 515/515/515 516/516/516 517/517/517
f 515/515/515 517/517/517 518/518/518
f 517/517/517 519/519/519 518/518/518
f 520/520/520 518/518/518 519/519/519
f 523/523/523 522/522/522 521/521/521
f 523/523/523 524/524/524 522/522/522
f 524/524/524 523/523/523 525/525/525
f 524/524/524 525/525/525 526/526/526
f 527/527/527 524/524/524 526/526/526
f 528/528/528 527/527/527 526/526/526
f 526/526/526 529/529/529 528/528/528
f 529/529/529 530/530/530 528/528/528
f 529/529/529 531/531/531 530/530/530
f 531/531/531 532/532/532 530/530/530
f 530/530/530 532/532/532 533/533/533
f 534/534/534 533/533/533 532/532/532
f 535/535/535 533/533/533 534/534/534
f 535/535/535 534/534/534 536/536/536
f 537/537/537 536/536/536 534/534/534
f 540/540/540 539/539/539 538/538/538
f 541/541/541 538/538/538 539/539/539
f 544/544/544 543/543/543 542/542/542
f 542/542/542 543/543/543 545/545/545
f 545/545/545 543/543/543 546/546/546
f 547/547/547 545/545/545 546/546/546
f 547/547/547 546/546/546 548/548/548
f 548/548/548 549/549/549 547/547/547
f 552/552/552 551/551/551 550/550/550
f 552/552/552 553/553/553 551/551/551
f 554/554/554 551/551/551 553/553/553
f 555/555/555 551/551/551 554/554/554
f 556/556/556 555/555/555 554/554/554
f 557/557/557 556/556/556 554/554/554
f 557/557/557 554/554/554 558/558/558
f 558/558/558 554/554/554 553/553/553
f 553/553/553 559/559/559 558/558/558
f 560/560/560 557/557/557 558/558/558
f 552/552/552 561/561/561 553/553/553
f 561/561/561 559/559/559 553/553/553
f 562/562/562 561/561/561 552/552/552
f 563/563/563 560/560/560 558/558/558
f 559/559/559 563/563/563 558/558/558
f 560/560/560 563/563/563 564/564/564
f 564/564/564 563/563/563 559/559/559
f 564/564/564 559/559/559 565/565/565
f 566/566/566 565/565/565 559/559/559
f 566/566/566 559/559/559 567/567/567
f 559/559/559 561/561/561 567/567/567
f 561/561/561 568/568/568 567/567/567
f 568/568/568 569/569/569 567/567/567
f 569/569/569 568/568/568 570/570/570
f 568/568/568 571/571/571 570/570/570
f 561/561/561 572/572/572 568/568/568
f 561/561/561 562/562/562 572/572/572
f 571/571/571 568/568/568 572/572/572
f 572/572/572 562/562/562 573/573/573
f 574/574/574 573/573/573 562/562/562
f 574/574/574 575/575/575 573/573/573
f 576/576/576 573/573/573 575/575/575
f 577/577/577 571/571/571 572/572/572
f 573/573/573 577/577/577 572/572/572
f 571/571/571 577/577/577 578/578/578
f 577/577/577 579/579/579 578/578/578
f 573/573/573 579/579/579 577/577/577
f 578/578/578 579/579/579 580/580/580
f 581/581/581 580/580/580 579/579/579
f 582/582/582 581/581/581 579/579/579
f 579/579/579 573/573/573 582/582/582
f 576/576/576 582/582/582 573/573/573
f 576/576/576 583/583/583 582/582/582
f 586/586/586 585/585/585 584/584/584
f 585/585/585 586/586/586 587/587/587
f 588/588/588 587/587/587 586/586/586
f 586/586/586 589/589/589 588/588/588
f 588/588/588 589/589/589 590/590/590
f 585/585/585 587/587/587 591/591/591
f 585/585/585 591/591/591 592/592/592
f 590/590/590 593/593/593 588/588/588
f 590/590/590 594/594/594 593/593/593
f 588/588/588 595/595/595 587/587/587
f 595/595/595 591/591/591 587/587/587
f 596/596/596 595/595/595 588/588/588
f 591/591/591 597/597/597 592/592/592
f 597/597/597 598/598/598 592/592/592
f 591/591/591 595/595/595 599/599/599
f 599/599/599 595/595/595 596/596/596
f 597/597/597 591/591/591 599/599/599
f 600/600/600 598/598/598 597/597/597
f 600/600/600 601/601/601 598/598/598
f 601/601/601 600/600/600 602/602/602
f 599/599/599 603/603/603 597/597/597
f 603/603/603 600/600/600 597/597/597
f 596/596/596 603/603/603 599/599/599
f 604/604/604 602/602/602 600/600/600
f 604/604/604 600/600/600 603/603/603
f 603/603/603 605/605/605 604/604/604
f 605/605/605 603/603/603 596/596/596
f 596/596/596 606/606/606 605/605/605
f 602/602/602 604/604/604 607/607/607
f 607/607/607 608/608/608 602/602/602
f 609/609/609 607/607/607 604/604/604
f 607/607/607 609/609/609 610/610/610
f 606/606/606 596/596/596 611/611/611
f 612/612/612 606/606/606 611/611/611
f 596/596/596 613/613/613 611/611/611
f 613/613/613 596/596/596 588/588/588
f 588/588/588 593/593/593 613/613/613
f 611/611/611 613/613/613 614/614/614
f 614/614/614 613/613/613 593/593/593
f 614/614/614 615/615/615 611/611/611
f 616/616/616 614/614/614 593/593/593
f 616/616/616 593/593/593 594/594/594
f 617/617/617 616/616/616 594/594/594
f 617/617/617 618/618/618 616/616/616
f 617/617/617 619/619/619 618/618/618
f 618/618/618 619/619/619 620/620/620
f 621/621/621 614/614/614 616/616/616
f 621/621/621 616/616/616 618/618/618
f 622/622/622 615/615/615 614/614/614
f 621/621/621 622/622/622 614/614/614
f 623/623/623 615/615/615 622/622/622
f 624/624/624 615/615/615 623/623/623
f 625/625/625 618/618/618 620/620/620
f 620/620/620 626/626/626 625/625/625
f 626/626/626 627/627/627 625/625/625
f 628/628/628 618/618/618 625/625/625
f 628/628/628 621/621/621 618/618/618
f 625/625/625 627/627/627 629/629/629
f 625/625/625 629/629/629 628/628/628
f 630/630/630 629/629/629 627/627/627
f 631/631/631 628/628/628 629/629/629
f 631/631/631 629/629/629 630/630/630
f 632/632/632 621/621/621 628/628/628
f 631/631/631 632/632/632 628/628/628
f 622/622/622 621/621/621 633/633/633
f 632/632/632 633/633/633 621/621/621
f 622/622/622 633/633/633 632/632/632
f 634/634/634 622/622/622 632/632/632
f 631/631/631 634/634/634 632/632/632
f 630/630/630 635/635/635 631/631/631
f 631/631/631 635/635/635 636/636/636
f 636/636/636 635/635/635 630/630/630
f 639/639/639 638/638/638 637/637/637
f 639/639/639 640/640/640 638/638/638
f 641/641/641 640/640/640 639/639/639
f 639/639/639 642/642/642 641/641/641
f 642/642/642 643/643/643 641/641/641
f 642/642/642 644/644/644 643/643/643
f 645/645/645 641/641/641 643/643/643
f 644/644/644 645/645/645 643/643/643
f 645/645/645 646/646/646 641/641/641
f 647/647/647 646/646/646 645/645/645
f 648/648/648 647/647/647 645/645/645
f 648/648/648 645/645/645 644/644/644
f 647/647/647 648/648/648 649/649/649
f 650/650/650 648/648/648 644/644/644
f 648/648/648 650/650/650 651/651/651
f 652/652/652 650/650/650 644/644/644
f 651/651/651 650/650/650 652/652/652
f 653/653/653 652/652/652 644/644/644
f 651/651/651 652/652/652 654/654/654
f 657/657/657 656/656/656 655/655/655
f 656/656/656 657/657/657 658/658/658
f 658/658/658 659/659/659 656/656/656
f 659/659/659 660/660/660 656/656/656
f 656/656/656 660/660/660 661/661/661
f 662/662/662 660/660/660 659/659/659
f 659/659/659 663/663/663 662/662/662
f 658/658/658 663/663/663 659/659/659
f 658/658/658 664/664/664 663/663/663
f 665/665/665 663/663/663 664/664/664
f 666/666/666 665/665/665 664/664/664
f 665/665/665 667/667/667 663/663/663
f 668/668/668 665/665/665 666/666/666
f 666/666/666 669/669/669 668/668/668
f 670/670/670 667/667/667 665/665/665
f 668/668/668 670/670/670 665/665/665
f 667/667/667 670/670/670 671/671/671
f 672/672/672 670/670/670 668/668/668
f 668/668/668 673/673/673 672/672/672
f 670/670/670 672/672/672 674/674/674
f 677/677/677 676/676/676 675/675/675
f 675/675/675 678/678/678 677/677/677
f 679/679/679 678/678/678 675/675/675
f 678/678/678 679/679/679 680/680/680
f 683/683/683 682/682/682 681/681/681
f 682/682/682 683/683/683 684/684/684
f 684/684/684 683/683/683 685/685/685
f 683/683/683 686/686/686 685/685/685
f 685/685/685 686/686/686 687/687/687
f 688/688/688 685/685/685 687/687/687
f 687/687/687 689/689/689 688/688/688
f 685/685/685 688/688/688 690/690/690
f 689/689/689 691/691/691 688/688/688
f 688/688/688 691/691/691 690/690/690
f 694/694/694 693/693/693 692/692/692
f 693/693/693 695/695/695 692/692/692
f 696/696/696 692/692/692 695/695/695
f 696/696/696 697/697/697 692/692/692
f 698/698/698 697/697/697 696/696/696
f 695/695/695 693/693/693 699/699/699
f 693/693/693 700/700/700 699/699/699
f 696/696/696 695/695/695 701/701/701
f 695/695/695 699/699/699 701/701/701
f 700/700/700 702/702/702 699/699/699
f 699/699/699 702/702/702 701/701/701
f 700/700/700 703/703/703 702/702/702
f 702/702/702 703/703/703 704/704/704
f 705/705/705 702/702/702 704/704/704
f 701/701/701 702/702/702 705/705/705
f 706/706/706 705/705/705 704/704/704
f 705/705/705 706/706/706 707/707/707
f 708/708/708 696/696/696 701/701/701
f 698/698/698 696/696/696 708/708/708
f 705/705/705 708/708/708 701/701/701
f 709/709/709 705/705/705 707/707/707
f 708/708/708 705/705/705 709/709/709
f 708/708/708 710/710/710 698/698/698
f 711/711/711 698/698/698 710/710/710
f 712/712/712 711/711/711 710/710/710
f 710/710/710 708/708/708 713/713/713
f 713/713/713 708/708/708 709/709/709
f 713/713/713 712/712/712 710/710/710
f 713/713/713 714/714/714 712/712/712
f 715/715/715 712/712/712 714/714/714
f 716/716/716 715/715/715 714/714/714
f 716/716/716 714/714/714 717/717/717
f 709/709/709 707/707/707 718/718/718
f 718/718/718 713/713/713 709/709/709
f 718/718/718 707/707/707 719/719/719
f 720/720/720 718/718/718 719/719/719
f 718/718/718 721/721/721 713/713/713
f 713/713/713 721/721/721 714/714/714
f 720/720/720 721/721/721 718/718/718
f 721/721/721 722/722/722 714/714/714
f 721/721/721 720/720/720 722/722/722
f 723/723/723 717/717/717 714/714/714
f 714/714/714 722/722/722 723/723/723
f 717/717/717 723/723/723 724/724/724
f 722/722/722 720/720/720 725/725/725
f 726/726/726 725/725/725 720/720/720
f 725/725/725 726/726/726 727/727/727
f 727/727/727 728/728/728 725/725/725
f 725/725/725 728/728/728 729/729/729
f 729/729/729 722/722/722 725/725/725
f 728/728/728 730/730/730 729/729/729
f 729/729/729 730/730/730 731/731/731
f 731/731/731 730/730/730 732/732/732
f 733/733/733 729/729/729 731/731/731
f 729/729/729 733/733/733 722/722/722
f 734/734/734 733/733/733 731/731/731
f 723/723/723 722/722/722 735/735/735
f 733/733/733 735/735/735 722/722/722
f 736/736/736 733/733/733 734/734/734
f 733/733/733 736/736/736 735/735/735
f 734/734/734 737/737/737 736/736/736
f 723/723/723 735/735/735 738/738/738
f 738/738/738 739/739/739 723/723/723
f 740/740/740 738/738/738 735/735/735
f 735/735/735 736/736/736 740/740/740
f 741/741/741 740/740/740 736/736/736
f 742/742/742 740/740/740 741/741/741
f 743/743/743 742/742/742 741/741/741
f 741/741/741 744/744/744 743/743/743
f 742/742/742 743/743/743 745/745/745
f 744/744/744 745/745/745 743/743/743
f 745/745/745 744/744/744 746/746/746
f 746/746/746 747/747/747 745/745/745
f 747/747/747 746/746/746 748/748/748
f 751/751/751 750/750/750 749/749/749
f 752/752/752 749/749/749 750/750/750
f 750/750/750 753/753/753 752/752/752
f 754/754/754 752/752/752 753/753/753
f 753/753/753 755/755/755 754/754/754
f 755/755/755 756/756/756 754/754/754
f 757/757/757 754/754/754 756/756/756
f 757/757/757 752/752/752 754/754/754
f 749/749/749 752/752/752 758/758/758
f 757/757/757 758/758/758 752/752/752
f 759/759/759 749/749/749 758/758/758
f 760/760/760 749/749/749 759/759/759
f 760/760/760 759/759/759 761/761/761
f 757/757/757 762/762/762 758/758/758
f 759/759/759 758/758/758 762/762/762
f 762/762/762 757/757/757 763/763/763
f 764/764/764 762/762/762 763/763/763
f 759/759/759 765/765/765 761/761/761
f 762/762/762 765/765/765 759/759/759
f 764/764/764 765/765/765 762/762/762
f 764/764/764 766/766/766 765/765/765
f 767/767/767 761/761/761 765/765/765
f 766/766/766 768/768/768 765/765/765
f 765/765/765 768/768/768 767/767/767
f 766/766/766 769/769/769 768/768/768
f 768/768/768 770/770/770 767/767/767
f 768/768/768 769/769/769 770/770/770
f 770/770/770 771/771/771 767/767/767
f 769/769/769 772/772/772 770/770/770
f 773/773/773 771/771/771 770/770/770
f 773/773/773 770/770/770 772/772/772
f 774/774/774 771/771/771 773/773/773
f 775/775/775 773/773/773 772/772/772
f 773/773/773 776/776/776 774/774/774
f 773/773/773 775/775/775 777/777/777
f 773/773/773 777/777/777 776/776/776
f 780/780/780 779/779/779 778/778/778
f 781/781/781 780/780/780 778/778/778
f 782/782/782 781/781/781 778/778/778
f 781/781/781 782/782/782 783/783/783
f 784/784/784 783/783/783 782/782/782
f 782/782/782 785/785/785 784/784/784
f 788/788/788 787/787/787 786/786/786
f 789/789/789 787/787/787 788/788/788
f 788/788/788 790/790/790 789/789/789
f 788/788/788 791/791/791 790/790/790
f 791/791/791 792/792/792 790/790/790
f 792/792/792 793/793/793 790/790/790
f 790/790/790 793/793/793 794/794/794
f 790/790/790 794/794/794 789/789/789
f 795/795/795 789/789/789 794/794/794
f 793/793/793 796/796/796 794/794/794
f 797/797/797 787/787/787 789/789/789
f 795/795/795 797/797/797 789/789/789
f 797/797/797 798/798/798 787/787/787
f 796/796/796 799/799/799 794/794/794
f 799/799/799 795/795/795 794/794/794
f 799/799/799 796/796/796 800/800/800
f 799/799/799 800/800/800 795/795/795
f 795/795/795 800/800/800 801/801/801
f 801/801/801 802/802/802 795/795/795
f 795/795/795 802/802/802 803/803/803
f 797/797/797 795/795/795 803/803/803
f 798/798/798 797/797/797 804/804/804
f 804/804/804 797/797/797 803/803/803
f 798/798/798 804/804/804 805/805/805
f 806/806/806 804/804/804 803/803/803
f 804/804/804 806/806/806 805/805/805
f 809/809/809 808/808/808 807/807/807
f 807/807/807 808/808/808 810/810/810
f 811/811/811 807/807/807 810/810/810
f 812/812/812 811/811/811 810/810/810
f 810/810/810 813/813/813 812/812/812
f 813/813/813 810/810/810 808/808/808
f 814/814/814 812/812/812 813/813/813
f 815/815/815 812/812/812 814/814/814
f 815/815/815 814/814/814 816/816/816
f 816/816/816 814/814/814 817/817/817
f 814/814/814 813/813/813 818/818/818
f 817/817/817 814/814/814 818/818/818
f 817/817/817 819/819/819 816/816/816
f 819/819/819 820/820/820 816/816/816
f 819/819/819 817/817/817 821/821/821
f 821/821/821 817/817/817 818/818/818
f 822/822/822 819/819/819 821/821/821
f 823/823/823 822/822/822 821/821/821
f 823/823/823 821/821/821 818/818/818
f 824/824/824 822/822/822 823/823/823
f 824/824/824 823/823/823 825/825/825
f 823/823/823 818/818/818 826/826/826
f 823/823/823 826/826/826 825/825/825
f 813/813/813 826/826/826 818/818/818
f 826/826/826 827/827/827 825/825/825
f 827/827/827 826/826/826 828/828/828
f 826/826/826 813/813/813 829/829/829
f 826/826/826 829/829/829 828/828/828
f 813/813/813 808/808/808 829/829/829
f 828/828/828 829/829/829 830/830/830
f 808/808/808 830/830/830 829/829/829
f 828/828/828 830/830/830 831/831/831
f 832/832/832 830/830/830 808/808/808
f 830/830/830 833/833/833 831/831/831
f 832/832/832 833/833/833 830/830/830
f 833/833/833 832/832/832 834/834/834
f 834/834/834 835/835/835 833/833/833
f 838/838/838 837/837/837 836/836/836
f 838/838/838 836/836/836 839/839/839
f 838/838/838 839/839/839 840/840/840
f 840/840/840 841/841/841 838/838/838
f 838/838/838 841/841/841 842/842/842
f 840/840/840 843/843/843 841/841/841
f 844/844/844 841/841/841 843/843/843
f 843/843/843 845/845/845 844/844/844
f 844/844/844 845/845/845 846/846/846
f 845/845/845 847/847/847 846/846/846
f 844/844/844 846/846/846 848/848/848
f 849/849/849 844/844/844 848/848/848
f 850/850/850 844/844/844 849/849/849
f 850/850/850 849/849/849 851/851/851
f 851/851/851 849/849/849 852/852/852
f 849/849/849 853/853/853 852/852/852
f 848/848/848 853/853/853 849/849/849
f 854/854/854 853/853/853 848/848/848
f 854/854/854 848/848/848 855/855/855
f 848/848/848 856/856/856 855/855/855
f 848/848/848 846/846/846 856/856/856
f 857/857/857 855/855/855 856/856/856
f 858/858/858 857/857/857 856/856/856
f 859/859/859 856/856/856 846/846/846
f 858/858/858 856/856/856 859/859/859
f 846/846/846 847/847/847 859/859/859
f 859/859/859 860/860/860 858/858/858
f 859/859/859 847/847/847 860/860/860
f 860/860/860 847/847/847 861/861/861
f 864/864/864 863/863/863 862/862/862
f 865/865/865 864/864/864 862/862/862
f 865/865/865 866/866/866 864/864/864
f 867/867/867 866/866/866 865/865/865
f 865/865/865 862/862/862 868/868/868
f 868/868/868 862/862/862 869/869/869
f 865/865/865 870/870/870 867/867/867
f 871/871/871 867/867/867 870/870/870
f 872/872/872 868/868/868 869/869/869
f 869/869/869 873/873/873 872/872/872
f 865/865/865 868/868/868 874/874/874
f 870/870/870 865/865/865 874/874/874
f 870/870/870 875/875/875 871/871/871
f 876/876/876 871/871/871 875/875/875
f 877/877/877 876/876/876 875/875/875
f 875/875/875 878/878/878 877/877/877
f 870/870/870 878/878/878 875/875/875
f 874/874/874 878/878/878 870/870/870
f 874/874/874 868/868/868 879/879/879
f 879/879/879 878/878/878 874/874/874
f 872/872/872 879/879/879 868/868/868
f 878/878/878 879/879/879 880/880/880
f 879/879/879 881/881/881 880/880/880
f 872/872/872 881/881/881 879/879/879
f 882/882/882 881/881/881 872/872/872
f 883/883/883 872/872/872 873/873/873
f 883/883/883 882/882/882 872/872/872
f 884/884/884 883/883/883 873/873/873
f 884/884/884 882/882/882 883/883/883
f 887/887/887 886/886/886 885/885/885
f 888/888/888 887/887/887 885/885/885
f 887/887/887 889/889/889 886/886/886
f 888/888/888 885/885/885 890/890/890
f 889/889/889 891/891/891 886/886/886
f 892/892/892 888/888/888 890/890/890
f 889/889/889 893/893/893 891/891/891
f 892/892/892 890/890/890 894/894/894
f 893/893/893 895/895/895 891/891/891
f 896/896/896 892/892/892 894/894/894
f 893/893/893 897/897/897 895/895/895
f 896/896/896 894/894/894 898/898/898
f 897/897/897 899/899/899 895/895/895
f 900/900/900 896/896/896 898/898/898
f 897/897/897 901/901/901 899/899/899
f 900/900/900 898/898/898 902/902/902
f 901/901/901 903/903/903 899/899/899
f 904/904/904 900/900/900 902/902/902
f 904/904/904 902/902/902 903/903/903
f 901/901/901 904/904/904 903/903/903
f 907/907/907 906/906/906 905/905/905
f 908/908/908 907/907/907 905/905/905
f 905/905/905 906/906/906 909/909/909
f 910/910/910 907/907/907 908/908/908
f 906/906/906 911/911/911 909/909/909
f 912/912/912 910/910/910 908/908/908
f 909/909/909 911/911/911 913/913/913
f 914/914/914 910/910/910 912/912/912
f 911/911/911 915/915/915 913/913/913
f 916/916/916 914/914/914 912/912/912
f 913/913/913 915/915/915 917/917/917
f 918/918/918 914/914/914 916/916/916
f 915/915/915 919/919/919 917/917/917
f 920/920/920 918/918/918 916/916/916
f 917/917/917 919/919/919 921/921/921
f 922/922/922 918/918/918 920/920/920
f 919/919/919 923/923/923 921/921/921
f 924/924/924 922/922/922 920/920/920
f 921/921/921 923/923/923 924/924/924
f 923/923/923 922/922/922 924/924/924
